ISO-10303-21;
HEADER;
FILE_DESCRIPTION (( 'STEP AP214' ),
    '1' );
FILE_NAME ('Part6.STEP',
    '2026-07-31T02:01:46',
    ( '' ),
    ( '' ),
    'SwSTEP 2.0',
    'SolidWorks 2026',
    '' );
FILE_SCHEMA (( 'AUTOMOTIVE_DESIGN' ));
ENDSEC;

DATA;
#1 = VECTOR ( 'NONE', #567, 1000.000000000000000 ) ;
#2 = ORIENTED_EDGE ( 'NONE', *, *, #209, .T. ) ;
#3 = DIRECTION ( 'NONE',  ( 0.7638856255460445555, 0.000000000000000000, -0.6453516491682098621 ) ) ;
#4 = CARTESIAN_POINT ( 'NONE',  ( 42.03118399314863041, 40.09999999999983800, -24.50000000000000000 ) ) ;
#5 = AXIS2_PLACEMENT_3D ( 'NONE', #2384, #1825, #1348 ) ;
#6 = EDGE_CURVE ( 'NONE', #1699, #975, #154, .T. ) ;
#7 = ORIENTED_EDGE ( 'NONE', *, *, #2092, .F. ) ;
#8 = DIRECTION ( 'NONE',  ( 0.000000000000000000, 0.000000000000000000, 1.000000000000000000 ) ) ;
#9 = DIRECTION ( 'NONE',  ( 0.000000000000000000, 0.000000000000000000, 1.000000000000000000 ) ) ;
#10 = ORIENTED_EDGE ( 'NONE', *, *, #1582, .T. ) ;
#11 = ADVANCED_FACE ( 'NONE', ( #1239 ), #495, .F. ) ;
#12 = DIRECTION ( 'NONE',  ( -0.000000000000000000, -1.000000000000000000, 0.000000000000000000 ) ) ;
#13 = LINE ( 'NONE', #2225, #164 ) ;
#14 = CARTESIAN_POINT ( 'NONE',  ( 53.03118399314863041, 43.09999999999983800, 15.49999999999035794 ) ) ;
#15 = PLANE ( 'NONE',  #2016 ) ;
#16 = ORIENTED_EDGE ( 'NONE', *, *, #1327, .T. ) ;
#17 = CARTESIAN_POINT ( 'NONE',  ( -15.96881600685137670, 40.09999999999983800, 27.50000000000000000 ) ) ;
#18 = DIRECTION ( 'NONE',  ( -0.000000000000000000, -1.000000000000000000, -0.000000000000000000 ) ) ;
#19 = EDGE_CURVE ( 'NONE', #975, #1966, #1230, .T. ) ;
#20 = EDGE_LOOP ( 'NONE', ( #454, #2267 ) ) ;
#21 = CARTESIAN_POINT ( 'NONE',  ( -26.96881600685137315, 43.09999999999983800, -11.74999999999035438 ) ) ;
#22 = ADVANCED_FACE ( 'NONE', ( #2132 ), #483, .F. ) ;
#23 = FACE_OUTER_BOUND ( 'NONE', #1839, .T. ) ;
#24 = CARTESIAN_POINT ( 'NONE',  ( -15.96881600685137670, 40.09999999999983800, -22.75000000000000000 ) ) ;
#25 = DIRECTION ( 'NONE',  ( 0.000000000000000000, -1.000000000000000000, 0.000000000000000000 ) ) ;
#26 = ORIENTED_EDGE ( 'NONE', *, *, #2370, .F. ) ;
#27 = CARTESIAN_POINT ( 'NONE',  ( -2.710505431211669618E-16, 40.09999999999983800, -12.49999999999035438 ) ) ;
#28 = ORIENTED_EDGE ( 'NONE', *, *, #2075, .F. ) ;
#29 = CLOSED_SHELL ( 'NONE', ( #1929, #1872, #1553, #1137, #1843, #2051, #22, #525, #311, #711, #880, #119, #1812, #1033, #2046, #2223, #835, #1326, #2210, #1905, #1737, #591, #523, #1794, #1218, #1359, #1212, #286, #1757, #1934, #1841, #11, #953, #1115, #727, #898, #1772, #883, #945, #187, #794, #107, #2150, #1828, #710, #1437, #2224, #2176, #1710, #1195, #416, #893, #1801, #1728, #770, #160, #619, #2343, #1501, #2307, #689, #505, #2238, #442, #1530, #460, #1182, #648, #1229, #1648 ) ) ;
#30 = CARTESIAN_POINT ( 'NONE',  ( 53.03118399314863041, 43.09999999999983800, 19.24999999999036504 ) ) ;
#31 = VECTOR ( 'NONE', #1731, 1000.000000000000114 ) ;
#32 = EDGE_CURVE ( 'NONE', #1798, #1020, #1154, .T. ) ;
#33 = AXIS2_PLACEMENT_3D ( 'NONE', #1617, #173, #1447 ) ;
#34 = DIRECTION ( 'NONE',  ( 0.000000000000000000, 1.000000000000000000, -0.000000000000000000 ) ) ;
#35 = CIRCLE ( 'NONE', #622, 3.000000000000002665 ) ;
#36 = CIRCLE ( 'NONE', #2048, 1.750000000000001554 ) ;
#37 = CARTESIAN_POINT ( 'NONE',  ( -15.96881600685137670, 40.09999999999983800, 24.50000000000000000 ) ) ;
#38 = FACE_BOUND ( 'NONE', #1075, .T. ) ;
#39 = CIRCLE ( 'NONE', #2288, 2.999999999999999112 ) ;
#40 = ORIENTED_EDGE ( 'NONE', *, *, #1623, .T. ) ;
#41 = CARTESIAN_POINT ( 'NONE',  ( 53.03118399314863041, 40.09999999999983800, 15.49999999999035794 ) ) ;
#42 = DIRECTION ( 'NONE',  ( -0.6453516491682099732, 0.000000000000000000, -0.7638856255460445555 ) ) ;
#43 = AXIS2_PLACEMENT_3D ( 'NONE', #1528, #782, #1724 ) ;
#44 = EDGE_LOOP ( 'NONE', ( #1478, #1525, #2320, #161 ) ) ;
#45 = LINE ( 'NONE', #1524, #2233 ) ;
#46 = ORIENTED_EDGE ( 'NONE', *, *, #2234, .T. ) ;
#47 = CARTESIAN_POINT ( 'NONE',  ( 31.58797565176453404, 40.09999999999983800, 11.74999999999035083 ) ) ;
#48 = EDGE_CURVE ( 'NONE', #1836, #1751, #1428, .T. ) ;
#49 = DIRECTION ( 'NONE',  ( 0.000000000000000000, 1.000000000000000000, -0.000000000000000000 ) ) ;
#50 = DIRECTION ( 'NONE',  ( 1.000000000000000000, 0.000000000000000000, -4.336808689942017736E-17 ) ) ;
#51 = EDGE_CURVE ( 'NONE', #2007, #1725, #1645, .T. ) ;
#52 = ORIENTED_EDGE ( 'NONE', *, *, #351, .T. ) ;
#53 = DIRECTION ( 'NONE',  ( -0.000000000000000000, 1.000000000000000000, -0.000000000000000000 ) ) ;
#54 = PLANE ( 'NONE',  #436 ) ;
#55 = VERTEX_POINT ( 'NONE', #2379 ) ;
#56 = DIRECTION ( 'NONE',  ( -0.000000000000000000, -1.000000000000000000, -0.000000000000000000 ) ) ;
#57 = VERTEX_POINT ( 'NONE', #1831 ) ;
#58 = VERTEX_POINT ( 'NONE', #2042 ) ;
#59 = DIRECTION ( 'NONE',  ( -0.000000000000000000, -1.000000000000000000, 0.000000000000000000 ) ) ;
#60 = ORIENTED_EDGE ( 'NONE', *, *, #1266, .T. ) ;
#61 = ORIENTED_EDGE ( 'NONE', *, *, #1452, .T. ) ;
#62 = EDGE_CURVE ( 'NONE', #1809, #1011, #1491, .T. ) ;
#63 = DIRECTION ( 'NONE',  ( 1.000000000000000000, 0.000000000000000000, -4.336808689942017736E-17 ) ) ;
#64 = DIRECTION ( 'NONE',  ( 0.000000000000000000, 0.000000000000000000, -1.000000000000000000 ) ) ;
#65 = ORIENTED_EDGE ( 'NONE', *, *, #1816, .T. ) ;
#66 = EDGE_CURVE ( 'NONE', #762, #210, #2387, .T. ) ;
#67 = ORIENTED_EDGE ( 'NONE', *, *, #1255, .F. ) ;
#68 = CARTESIAN_POINT ( 'NONE',  ( -15.96881600685137670, 46.09999999999984510, -24.50000000000000000 ) ) ;
#69 = DIRECTION ( 'NONE',  ( 0.000000000000000000, 1.000000000000000000, -0.000000000000000000 ) ) ;
#70 = VERTEX_POINT ( 'NONE', #1851 ) ;
#71 = CARTESIAN_POINT ( 'NONE',  ( 53.03118399314863041, 43.09999999999983800, 17.24999999999036149 ) ) ;
#72 = EDGE_LOOP ( 'NONE', ( #641, #1315, #1155, #2077 ) ) ;
#73 = ORIENTED_EDGE ( 'NONE', *, *, #32, .T. ) ;
#74 = VECTOR ( 'NONE', #103, 1000.000000000000000 ) ;
#75 = CARTESIAN_POINT ( 'NONE',  ( 42.03118399314863041, 46.09999999999984510, -22.75000000000000355 ) ) ;
#76 = EDGE_LOOP ( 'NONE', ( #1344, #487, #962 ) ) ;
#77 = VECTOR ( 'NONE', #502, 1000.000000000000000 ) ;
#78 = ORIENTED_EDGE ( 'NONE', *, *, #2162, .T. ) ;
#79 = FACE_BOUND ( 'NONE', #267, .T. ) ;
#80 = DIRECTION ( 'NONE',  ( 0.000000000000000000, 0.000000000000000000, -1.000000000000000000 ) ) ;
#81 = AXIS2_PLACEMENT_3D ( 'NONE', #1527, #1517, #2226 ) ;
#82 = AXIS2_PLACEMENT_3D ( 'NONE', #1915, #1734, #2133 ) ;
#83 = ORIENTED_EDGE ( 'NONE', *, *, #560, .F. ) ;
#84 = ORIENTED_EDGE ( 'NONE', *, *, #1392, .T. ) ;
#85 = CARTESIAN_POINT ( 'NONE',  ( 31.16826988553031086, 40.09999999999983800, 19.24999999999036149 ) ) ;
#86 = CARTESIAN_POINT ( 'NONE',  ( -14.03276105934675044, 43.09999999999983800, 26.79165687663813245 ) ) ;
#87 = ORIENTED_EDGE ( 'NONE', *, *, #279, .F. ) ;
#88 = VECTOR ( 'NONE', #1176, 1000.000000000000000 ) ;
#89 = EDGE_CURVE ( 'NONE', #128, #954, #392, .T. ) ;
#90 = VECTOR ( 'NONE', #1803, 1000.000000000000000 ) ;
#91 = DIRECTION ( 'NONE',  ( 0.000000000000000000, -1.000000000000000000, 0.000000000000000000 ) ) ;
#92 = ORIENTED_EDGE ( 'NONE', *, *, #269, .T. ) ;
#93 = EDGE_CURVE ( 'NONE', #101, #1022, #933, .T. ) ;
#94 = AXIS2_PLACEMENT_3D ( 'NONE', #2082, #1684, #1505 ) ;
#95 = ORIENTED_EDGE ( 'NONE', *, *, #753, .F. ) ;
#96 = CARTESIAN_POINT ( 'NONE',  ( 53.03118399314863041, 33.09999999999983800, -15.49999999999035794 ) ) ;
#97 = ORIENTED_EDGE ( 'NONE', *, *, #924, .F. ) ;
#98 = CARTESIAN_POINT ( 'NONE',  ( 7.363266182118652026, 43.09999999999983800, -8.715702827813911924 ) ) ;
#99 = FACE_BOUND ( 'NONE', #2088, .T. ) ;
#100 = ORIENTED_EDGE ( 'NONE', *, *, #1327, .F. ) ;
#101 = VERTEX_POINT ( 'NONE', #2222 ) ;
#102 = LINE ( 'NONE', #2136, #2353 ) ;
#103 = DIRECTION ( 'NONE',  ( -0.000000000000000000, -1.000000000000000000, -0.000000000000000000 ) ) ;
#104 = EDGE_CURVE ( 'NONE', #474, #1070, #347, .T. ) ;
#105 = ORIENTED_EDGE ( 'NONE', *, *, #1566, .F. ) ;
#106 = VERTEX_POINT ( 'NONE', #1467 ) ;
#107 = ADVANCED_FACE ( 'NONE', ( #897 ), #2031, .T. ) ;
#108 = DIRECTION ( 'NONE',  ( 0.7638856255460445555, 0.000000000000000000, -0.6453516491682098621 ) ) ;
#109 = ORIENTED_EDGE ( 'NONE', *, *, #1636, .F. ) ;
#110 = DIRECTION ( 'NONE',  ( 0.000000000000000000, -1.000000000000000000, 0.000000000000000000 ) ) ;
#111 = EDGE_LOOP ( 'NONE', ( #1351, #421, #1068, #1760 ) ) ;
#112 = ORIENTED_EDGE ( 'NONE', *, *, #2106, .T. ) ;
#113 = DIRECTION ( 'NONE',  ( 0.000000000000000000, 0.000000000000000000, 1.000000000000000000 ) ) ;
#114 = DIRECTION ( 'NONE',  ( 0.000000000000000000, 1.000000000000000000, 0.000000000000000000 ) ) ;
#115 = CARTESIAN_POINT ( 'NONE',  ( -15.96881600685137670, 46.09999999999984510, 24.50000000000000000 ) ) ;
#116 = VERTEX_POINT ( 'NONE', #551 ) ;
#117 = CARTESIAN_POINT ( 'NONE',  ( 53.03118399314863041, 40.09999999999983800, 15.49999999999035794 ) ) ;
#118 = LINE ( 'NONE', #263, #550 ) ;
#119 = ADVANCED_FACE ( 'NONE', ( #1076 ), #1481, .T. ) ;
#120 = ORIENTED_EDGE ( 'NONE', *, *, #573, .T. ) ;
#121 = VECTOR ( 'NONE', #1671, 1000.000000000000000 ) ;
#122 = PLANE ( 'NONE',  #1049 ) ;
#123 = CIRCLE ( 'NONE', #1240, 3.000000000000002665 ) ;
#124 = EDGE_LOOP ( 'NONE', ( #1166, #1598, #415, #1644 ) ) ;
#125 = EDGE_LOOP ( 'NONE', ( #1189, #1177, #196, #1902 ) ) ;
#126 = CIRCLE ( 'NONE', #197, 1.749999999999998002 ) ;
#127 = FACE_OUTER_BOUND ( 'NONE', #327, .T. ) ;
#128 = VERTEX_POINT ( 'NONE', #908 ) ;
#129 = AXIS2_PLACEMENT_3D ( 'NONE', #1984, #1243, #1970 ) ;
#130 = PLANE ( 'NONE',  #2194 ) ;
#131 = AXIS2_PLACEMENT_3D ( 'NONE', #808, #1168, #1903 ) ;
#132 = VECTOR ( 'NONE', #1445, 1000.000000000000000 ) ;
#133 = VERTEX_POINT ( 'NONE', #539 ) ;
#134 = CARTESIAN_POINT ( 'NONE',  ( -7.480994990145797660E-16, 43.09999999999983800, 17.24999999999035794 ) ) ;
#135 = DIRECTION ( 'NONE',  ( 0.000000000000000000, 1.000000000000000000, 0.000000000000000000 ) ) ;
#136 = EDGE_CURVE ( 'NONE', #133, #449, #2368, .T. ) ;
#137 = DIRECTION ( 'NONE',  ( 0.000000000000000000, 1.000000000000000000, -0.000000000000000000 ) ) ;
#138 = DIRECTION ( 'NONE',  ( 0.000000000000000000, 1.000000000000000000, 0.000000000000000000 ) ) ;
#139 = EDGE_CURVE ( 'NONE', #1966, #1460, #1736, .T. ) ;
#140 = DIRECTION ( 'NONE',  ( -0.000000000000000000, 1.000000000000000000, -0.000000000000000000 ) ) ;
#141 = DIRECTION ( 'NONE',  ( 0.6453516491682099732, 0.000000000000000000, -0.7638856255460445555 ) ) ;
#142 = ORIENTED_EDGE ( 'NONE', *, *, #2020, .T. ) ;
#143 = EDGE_LOOP ( 'NONE', ( #1086, #1940, #1292, #328, #2301, #922 ) ) ;
#144 = CARTESIAN_POINT ( 'NONE',  ( -26.96881600685137315, 43.09999999999983800, 19.24999999999035438 ) ) ;
#145 = EDGE_CURVE ( 'NONE', #2355, #406, #359, .T. ) ;
#146 = ORIENTED_EDGE ( 'NONE', *, *, #909, .T. ) ;
#147 = CARTESIAN_POINT ( 'NONE',  ( 3.491156287109394629, 43.09999999999983800, -4.132389074537651474 ) ) ;
#148 = CARTESIAN_POINT ( 'NONE',  ( -2.710505431211669618E-16, 43.09999999999983800, -12.49999999999035438 ) ) ;
#149 = EDGE_CURVE ( 'NONE', #1416, #1836, #543, .T. ) ;
#150 = CARTESIAN_POINT ( 'NONE',  ( 5.095750210677686919E-16, 40.09999999999983800, 11.74999999999035261 ) ) ;
#151 = ORIENTED_EDGE ( 'NONE', *, *, #679, .F. ) ;
#152 = ORIENTED_EDGE ( 'NONE', *, *, #1411, .T. ) ;
#153 = DIRECTION ( 'NONE',  ( 0.000000000000000000, -1.000000000000000000, 0.000000000000000000 ) ) ;
#154 = CIRCLE ( 'NONE', #1693, 1.749999999999999778 ) ;
#155 = FACE_OUTER_BOUND ( 'NONE', #1318, .T. ) ;
#156 = CARTESIAN_POINT ( 'NONE',  ( 3.771649121175110420, 43.09999999999983800, -11.74999999999035261 ) ) ;
#157 = AXIS2_PLACEMENT_3D ( 'NONE', #1814, #2354, #1259 ) ;
#158 = CIRCLE ( 'NONE', #763, 3.000000000000002665 ) ;
#159 = LINE ( 'NONE', #150, #2281 ) ;
#160 = ADVANCED_FACE ( 'NONE', ( #917 ), #2022, .T. ) ;
#161 = ORIENTED_EDGE ( 'NONE', *, *, #2372, .F. ) ;
#162 = VECTOR ( 'NONE', #958, 1000.000000000000000 ) ;
#163 = ORIENTED_EDGE ( 'NONE', *, *, #51, .F. ) ;
#164 = VECTOR ( 'NONE', #1515, 1000.000000000000000 ) ;
#165 = DIRECTION ( 'NONE',  ( -0.000000000000000000, -1.000000000000000000, -0.000000000000000000 ) ) ;
#166 = EDGE_CURVE ( 'NONE', #1730, #2243, #690, .T. ) ;
#167 = VECTOR ( 'NONE', #1678, 1000.000000000000000 ) ;
#168 = AXIS2_PLACEMENT_3D ( 'NONE', #527, #925, #2351 ) ;
#169 = CARTESIAN_POINT ( 'NONE',  ( 3.491156287109394629, 40.09999999999983800, -4.132389074537651474 ) ) ;
#170 = DIRECTION ( 'NONE',  ( 1.000000000000000000, 0.000000000000000000, 4.336808689942017736E-17 ) ) ;
#171 = DIRECTION ( 'NONE',  ( 0.000000000000000000, -1.000000000000000000, 0.000000000000000000 ) ) ;
#172 = EDGE_LOOP ( 'NONE', ( #841, #1813 ) ) ;
#173 = DIRECTION ( 'NONE',  ( 4.336808689942017120E-17, 0.000000000000000000, 1.000000000000000000 ) ) ;
#174 = DIRECTION ( 'NONE',  ( -0.000000000000000000, -1.000000000000000000, -0.000000000000000000 ) ) ;
#175 = ORIENTED_EDGE ( 'NONE', *, *, #1018, .T. ) ;
#176 = DIRECTION ( 'NONE',  ( -0.7638856255460443334, 0.000000000000000000, -0.6453516491682100842 ) ) ;
#177 = EDGE_CURVE ( 'NONE', #988, #2386, #198, .T. ) ;
#178 = FACE_OUTER_BOUND ( 'NONE', #1466, .T. ) ;
#179 = CARTESIAN_POINT ( 'NONE',  ( 3.491156287109394629, 40.09999999999983800, 4.132389074537651474 ) ) ;
#180 = LINE ( 'NONE', #156, #132 ) ;
#181 = EDGE_LOOP ( 'NONE', ( #1397, #857, #1042, #832 ) ) ;
#182 = DIRECTION ( 'NONE',  ( 0.000000000000000000, 1.000000000000000000, -0.000000000000000000 ) ) ;
#183 = CARTESIAN_POINT ( 'NONE',  ( 53.03118399314863041, 40.09999999999983800, 17.24999999999036149 ) ) ;
#184 = VERTEX_POINT ( 'NONE', #1999 ) ;
#185 = DIRECTION ( 'NONE',  ( 0.7638856255460445555, 0.000000000000000000, -0.6453516491682098621 ) ) ;
#186 = CARTESIAN_POINT ( 'NONE',  ( -14.03276105934674867, 40.09999999999983800, 26.79165687663813245 ) ) ;
#187 = ADVANCED_FACE ( 'NONE', ( #1818 ), #616, .F. ) ;
#188 = ORIENTED_EDGE ( 'NONE', *, *, #1993, .T. ) ;
#189 = DIRECTION ( 'NONE',  ( 1.000000000000000000, 0.000000000000000000, -4.336808689942017736E-17 ) ) ;
#190 = LINE ( 'NONE', #737, #520 ) ;
#191 = EDGE_CURVE ( 'NONE', #778, #70, #2057, .T. ) ;
#192 = ORIENTED_EDGE ( 'NONE', *, *, #1816, .F. ) ;
#193 = VECTOR ( 'NONE', #2338, 1000.000000000000000 ) ;
#194 = DIRECTION ( 'NONE',  ( 0.000000000000000000, 0.000000000000000000, 1.000000000000000000 ) ) ;
#195 = CARTESIAN_POINT ( 'NONE',  ( 0.000000000000000000, 33.09999999999983800, 0.000000000000000000 ) ) ;
#196 = ORIENTED_EDGE ( 'NONE', *, *, #218, .F. ) ;
#197 = AXIS2_PLACEMENT_3D ( 'NONE', #1464, #182, #1146 ) ;
#198 = LINE ( 'NONE', #1449, #2119 ) ;
#199 = CIRCLE ( 'NONE', #927, 3.000000000000002665 ) ;
#200 = VECTOR ( 'NONE', #227, 1000.000000000000000 ) ;
#201 = DIRECTION ( 'NONE',  ( 0.7638856255460445555, 0.000000000000000000, -0.6453516491682098621 ) ) ;
#202 = VECTOR ( 'NONE', #201, 1000.000000000000114 ) ;
#203 = EDGE_CURVE ( 'NONE', #2386, #816, #1807, .T. ) ;
#204 = ORIENTED_EDGE ( 'NONE', *, *, #166, .F. ) ;
#205 = DIRECTION ( 'NONE',  ( 0.000000000000000000, 0.000000000000000000, 1.000000000000000000 ) ) ;
#206 = CARTESIAN_POINT ( 'NONE',  ( 7.363266182118652026, 40.09999999999983800, -8.715702827813911924 ) ) ;
#207 =( GEOMETRIC_REPRESENTATION_CONTEXT ( 3 ) GLOBAL_UNCERTAINTY_ASSIGNED_CONTEXT ( ( #2097 ) ) GLOBAL_UNIT_ASSIGNED_CONTEXT ( ( #2296, #1606, #1048 ) ) REPRESENTATION_CONTEXT ( 'NONE', 'WORKASPACE' ) );
#208 = ORIENTED_EDGE ( 'NONE', *, *, #1045, .T. ) ;
#209 = EDGE_CURVE ( 'NONE', #1798, #243, #1321, .T. ) ;
#210 = VERTEX_POINT ( 'NONE', #417 ) ;
#211 = CARTESIAN_POINT ( 'NONE',  ( 0.000000000000000000, 40.09999999999983800, 0.000000000000000000 ) ) ;
#212 = PLANE ( 'NONE',  #1361 ) ;
#213 = ORIENTED_EDGE ( 'NONE', *, *, #633, .T. ) ;
#214 = CARTESIAN_POINT ( 'NONE',  ( 53.03118399314863041, 33.09999999999983800, 17.24999999999036149 ) ) ;
#215 = PLANE ( 'NONE',  #473 ) ;
#216 = DIRECTION ( 'NONE',  ( 0.000000000000000000, 1.000000000000000000, 0.000000000000000000 ) ) ;
#217 = CARTESIAN_POINT ( 'NONE',  ( 17.67981238646981623, 40.09999999999983800, 4.336808689942017736E-15 ) ) ;
#218 = EDGE_CURVE ( 'NONE', #232, #1920, #407, .T. ) ;
#219 = ORIENTED_EDGE ( 'NONE', *, *, #2346, .F. ) ;
#220 = ORIENTED_EDGE ( 'NONE', *, *, #2253, .F. ) ;
#221 = DIRECTION ( 'NONE',  ( 4.336808689942017736E-17, 0.000000000000000000, -1.000000000000000000 ) ) ;
#222 = CYLINDRICAL_SURFACE ( 'NONE', #360, 1.750000000000001554 ) ;
#223 = ORIENTED_EDGE ( 'NONE', *, *, #1061, .T. ) ;
#224 = EDGE_CURVE ( 'NONE', #1753, #748, #725, .T. ) ;
#225 = CARTESIAN_POINT ( 'NONE',  ( -8.023096076388550863E-16, 40.09999999999983800, -18.49999999999035794 ) ) ;
#226 = CARTESIAN_POINT ( 'NONE',  ( 53.03118399314863041, 43.09999999999983800, 11.74999999999035083 ) ) ;
#227 = DIRECTION ( 'NONE',  ( 0.000000000000000000, 1.000000000000000000, 0.000000000000000000 ) ) ;
#228 = DIRECTION ( 'NONE',  ( -1.000000000000000000, 0.000000000000000000, 1.301042606982605321E-16 ) ) ;
#229 = ORIENTED_EDGE ( 'NONE', *, *, #1579, .F. ) ;
#230 = ORIENTED_EDGE ( 'NONE', *, *, #1600, .F. ) ;
#231 = LINE ( 'NONE', #1896, #167 ) ;
#232 = VERTEX_POINT ( 'NONE', #233 ) ;
#233 = CARTESIAN_POINT ( 'NONE',  ( -26.96881600685137315, 40.09999999999983800, -18.49999999999035794 ) ) ;
#234 = EDGE_CURVE ( 'NONE', #1460, #1699, #2067, .T. ) ;
#235 = AXIS2_PLACEMENT_3D ( 'NONE', #2219, #1280, #194 ) ;
#236 = VECTOR ( 'NONE', #1994, 1000.000000000000000 ) ;
#237 = CARTESIAN_POINT ( 'NONE',  ( 42.03118399314863041, 40.09999999999983800, -21.50000000000000000 ) ) ;
#238 = VECTOR ( 'NONE', #2117, 1000.000000000000000 ) ;
#239 = CIRCLE ( 'NONE', #2239, 3.000000000000002665 ) ;
#240 = DIRECTION ( 'NONE',  ( -0.000000000000000000, 1.000000000000000000, -0.000000000000000000 ) ) ;
#241 = CARTESIAN_POINT ( 'NONE',  ( -14.40315868587544657, 43.09999999999983800, 19.24999999999035794 ) ) ;
#242 = CIRCLE ( 'NONE', #1513, 2.999999999999999112 ) ;
#243 = VERTEX_POINT ( 'NONE', #214 ) ;
#244 = ORIENTED_EDGE ( 'NONE', *, *, #89, .T. ) ;
#245 = FACE_BOUND ( 'NONE', #2017, .T. ) ;
#246 = DIRECTION ( 'NONE',  ( 0.7638856255460445555, 0.000000000000000000, -0.6453516491682098621 ) ) ;
#247 = VERTEX_POINT ( 'NONE', #1514 ) ;
#248 = DIRECTION ( 'NONE',  ( 0.000000000000000000, 1.000000000000000000, 0.000000000000000000 ) ) ;
#249 = ORIENTED_EDGE ( 'NONE', *, *, #62, .F. ) ;
#250 = ORIENTED_EDGE ( 'NONE', *, *, #2186, .F. ) ;
#251 = DIRECTION ( 'NONE',  ( 0.000000000000000000, 0.000000000000000000, -1.000000000000000000 ) ) ;
#252 = EDGE_CURVE ( 'NONE', #1966, #1388, #787, .T. ) ;
#253 = EDGE_LOOP ( 'NONE', ( #2056, #1362, #10, #2120 ) ) ;
#254 = DIRECTION ( 'NONE',  ( 0.000000000000000000, 0.000000000000000000, 1.000000000000000000 ) ) ;
#255 = CARTESIAN_POINT ( 'NONE',  ( -8.023096076388550863E-16, 40.09999999999983800, 18.49999999999035794 ) ) ;
#256 = EDGE_LOOP ( 'NONE', ( #2278, #604, #1385, #836 ) ) ;
#257 = VERTEX_POINT ( 'NONE', #30 ) ;
#258 = CARTESIAN_POINT ( 'NONE',  ( 42.03118399314863041, 43.09999999999983800, 24.50000000000000000 ) ) ;
#259 = DIRECTION ( 'NONE',  ( -0.7638856255460444444, 0.000000000000000000, 0.6453516491682098621 ) ) ;
#260 = DIRECTION ( 'NONE',  ( 0.000000000000000000, 1.000000000000000000, 0.000000000000000000 ) ) ;
#261 = VERTEX_POINT ( 'NONE', #2232 ) ;
#262 = ORIENTED_EDGE ( 'NONE', *, *, #1104, .T. ) ;
#263 = CARTESIAN_POINT ( 'NONE',  ( -14.40315868587544301, 43.09999999999983800, -19.24999999999035794 ) ) ;
#264 = CARTESIAN_POINT ( 'NONE',  ( 22.29071886512214107, 43.09999999999983800, -11.74999999999035261 ) ) ;
#265 = EDGE_CURVE ( 'NONE', #877, #2243, #45, .T. ) ;
#266 = ORIENTED_EDGE ( 'NONE', *, *, #1759, .T. ) ;
#267 = EDGE_LOOP ( 'NONE', ( #1038, #455 ) ) ;
#268 = DIRECTION ( 'NONE',  ( 0.000000000000000000, 1.000000000000000000, -0.000000000000000000 ) ) ;
#269 = EDGE_CURVE ( 'NONE', #656, #261, #2260, .T. ) ;
#270 = LINE ( 'NONE', #750, #285 ) ;
#271 = DIRECTION ( 'NONE',  ( 0.000000000000000000, 1.000000000000000000, 0.000000000000000000 ) ) ;
#272 = EDGE_LOOP ( 'NONE', ( #1961, #1602, #482, #2141, #2286, #2248 ) ) ;
#273 = ORIENTED_EDGE ( 'NONE', *, *, #1657, .T. ) ;
#274 = CIRCLE ( 'NONE', #1237, 1.749999999999998002 ) ;
#275 = LINE ( 'NONE', #1023, #1085 ) ;
#276 = CIRCLE ( 'NONE', #1787, 1.749999999999999778 ) ;
#277 = ORIENTED_EDGE ( 'NONE', *, *, #279, .T. ) ;
#278 = FACE_OUTER_BOUND ( 'NONE', #2390, .T. ) ;
#279 = EDGE_CURVE ( 'NONE', #742, #1604, #2076, .T. ) ;
#280 = VECTOR ( 'NONE', #1377, 1000.000000000000000 ) ;
#281 = ORIENTED_EDGE ( 'NONE', *, *, #1064, .F. ) ;
#282 = ORIENTED_EDGE ( 'NONE', *, *, #1919, .F. ) ;
#283 = CARTESIAN_POINT ( 'NONE',  ( -26.96881600685137315, 43.09999999999983800, -15.49999999999035438 ) ) ;
#284 = CARTESIAN_POINT ( 'NONE',  ( -26.96881600685137315, 40.09999999999983800, -18.49999999999035794 ) ) ;
#285 = VECTOR ( 'NONE', #2230, 1000.000000000000000 ) ;
#286 = ADVANCED_FACE ( 'NONE', ( #1535 ), #1681, .T. ) ;
#287 = LINE ( 'NONE', #2139, #193 ) ;
#288 = ORIENTED_EDGE ( 'NONE', *, *, #299, .F. ) ;
#289 = ORIENTED_EDGE ( 'NONE', *, *, #1242, .F. ) ;
#290 = CARTESIAN_POINT ( 'NONE',  ( 13.03118399314862508, 43.09999999999983800, 3.927289504702387912 ) ) ;
#291 = EDGE_LOOP ( 'NONE', ( #1109, #1779, #739, #568 ) ) ;
#292 = ORIENTED_EDGE ( 'NONE', *, *, #1657, .F. ) ;
#293 = CARTESIAN_POINT ( 'NONE',  ( 22.29071886512213752, 43.09999999999983800, 11.74999999999035261 ) ) ;
#294 = DIRECTION ( 'NONE',  ( 0.000000000000000000, 0.000000000000000000, 1.000000000000000000 ) ) ;
#295 = ORIENTED_EDGE ( 'NONE', *, *, #1744, .F. ) ;
#296 = EDGE_LOOP ( 'NONE', ( #1008, #1367 ) ) ;
#297 = CARTESIAN_POINT ( 'NONE',  ( -15.96881600685137670, 40.09999999999983800, 27.50000000000000000 ) ) ;
#298 = LINE ( 'NONE', #653, #397 ) ;
#299 = EDGE_CURVE ( 'NONE', #1376, #748, #2249, .T. ) ;
#300 = DIRECTION ( 'NONE',  ( 0.7638856255460445555, 0.000000000000000000, 0.6453516491682098621 ) ) ;
#301 = EDGE_CURVE ( 'NONE', #1856, #980, #123, .T. ) ;
#302 = VERTEX_POINT ( 'NONE', #632 ) ;
#303 = DIRECTION ( 'NONE',  ( 0.000000000000000000, 0.000000000000000000, 1.000000000000000000 ) ) ;
#304 = CARTESIAN_POINT ( 'NONE',  ( -15.96881600685137670, 40.09999999999983800, 24.50000000000000000 ) ) ;
#305 = LINE ( 'NONE', #1026, #631 ) ;
#306 = ORIENTED_EDGE ( 'NONE', *, *, #1596, .T. ) ;
#307 = ORIENTED_EDGE ( 'NONE', *, *, #2165, .T. ) ;
#308 = CYLINDRICAL_SURFACE ( 'NONE', #1273, 3.000000000000002665 ) ;
#309 = LINE ( 'NONE', #1227, #2242 ) ;
#310 = DIRECTION ( 'NONE',  ( 1.000000000000000000, 0.000000000000000000, 1.301042606982605321E-16 ) ) ;
#311 = ADVANCED_FACE ( 'NONE', ( #1161 ), #1690, .F. ) ;
#312 = DIRECTION ( 'NONE',  ( 1.000000000000000000, 0.000000000000000000, -4.336808689942017736E-17 ) ) ;
#313 = FACE_OUTER_BOUND ( 'NONE', #984, .T. ) ;
#314 = EDGE_CURVE ( 'NONE', #2072, #1443, #1912, .T. ) ;
#315 = VECTOR ( 'NONE', #165, 1000.000000000000000 ) ;
#316 = LINE ( 'NONE', #169, #1659 ) ;
#317 = DIRECTION ( 'NONE',  ( -1.000000000000000000, 0.000000000000000000, -1.301042606982605321E-16 ) ) ;
#318 = AXIS2_PLACEMENT_3D ( 'NONE', #115, #1938, #2313 ) ;
#319 = VERTEX_POINT ( 'NONE', #802 ) ;
#320 = ORIENTED_EDGE ( 'NONE', *, *, #1691, .T. ) ;
#321 = AXIS2_PLACEMENT_3D ( 'NONE', #211, #1497, #2229 ) ;
#322 = CARTESIAN_POINT ( 'NONE',  ( 40.46552667217268606, 43.09999999999983800, 19.24999999999036859 ) ) ;
#323 = CARTESIAN_POINT ( 'NONE',  ( -8.023096076388550863E-16, 43.09999999999983800, 18.49999999999035794 ) ) ;
#324 = VECTOR ( 'NONE', #135, 1000.000000000000000 ) ;
#325 = PLANE ( 'NONE',  #801 ) ;
#326 = CIRCLE ( 'NONE', #2287, 3.750000000000000000 ) ;
#327 = EDGE_LOOP ( 'NONE', ( #636, #1378, #903, #1749 ) ) ;
#328 = ORIENTED_EDGE ( 'NONE', *, *, #588, .F. ) ;
#329 = VECTOR ( 'NONE', #1871, 1000.000000000000000 ) ;
#330 = DIRECTION ( 'NONE',  ( 0.000000000000000000, 1.000000000000000000, -0.000000000000000000 ) ) ;
#331 = EDGE_CURVE ( 'NONE', #989, #548, #350, .T. ) ;
#332 = VERTEX_POINT ( 'NONE', #21 ) ;
#333 = FACE_OUTER_BOUND ( 'NONE', #1531, .T. ) ;
#334 = CARTESIAN_POINT ( 'NONE',  ( 42.03118399314863041, 46.09999999999984510, 27.50000000000000355 ) ) ;
#335 = CARTESIAN_POINT ( 'NONE',  ( -15.96881600685137670, 40.09999999999983800, -22.75000000000000000 ) ) ;
#336 = ORIENTED_EDGE ( 'NONE', *, *, #2253, .T. ) ;
#337 = EDGE_LOOP ( 'NONE', ( #2025, #671, #712, #803 ) ) ;
#338 = PLANE ( 'NONE',  #516 ) ;
#339 = EDGE_CURVE ( 'NONE', #466, #1350, #1565, .T. ) ;
#340 = EDGE_LOOP ( 'NONE', ( #1885, #807, #1716, #645 ) ) ;
#341 = CARTESIAN_POINT ( 'NONE',  ( -2.504507018440260954E-15, 43.09999999999983800, 19.24999999999035794 ) ) ;
#342 = DIRECTION ( 'NONE',  ( 0.000000000000000000, 1.000000000000000000, 0.000000000000000000 ) ) ;
#343 = EDGE_LOOP ( 'NONE', ( #874, #830, #1419, #282, #571, #789 ) ) ;
#344 = EDGE_CURVE ( 'NONE', #788, #791, #2325, .T. ) ;
#345 = CARTESIAN_POINT ( 'NONE',  ( -2.710505431211669618E-16, 40.09999999999983800, -12.49999999999035438 ) ) ;
#346 = ORIENTED_EDGE ( 'NONE', *, *, #1549, .T. ) ;
#347 = LINE ( 'NONE', #2358, #1540 ) ;
#348 = CARTESIAN_POINT ( 'NONE',  ( -15.96881600685137670, 46.09999999999984510, 22.75000000000000000 ) ) ;
#349 = CARTESIAN_POINT ( 'NONE',  ( 42.03118399314863041, 46.09999999999984510, -24.50000000000000000 ) ) ;
#350 = CIRCLE ( 'NONE', #926, 1.750000000000001554 ) ;
#351 = EDGE_CURVE ( 'NONE', #975, #1037, #481, .T. ) ;
#352 = AXIS2_PLACEMENT_3D ( 'NONE', #147, #1810, #2014 ) ;
#353 = DIRECTION ( 'NONE',  ( 0.000000000000000000, 0.000000000000000000, 1.000000000000000000 ) ) ;
#354 = FACE_OUTER_BOUND ( 'NONE', #467, .T. ) ;
#355 = ORIENTED_EDGE ( 'NONE', *, *, #2020, .F. ) ;
#356 = CIRCLE ( 'NONE', #2356, 1.750000000000001554 ) ;
#357 = EDGE_CURVE ( 'NONE', #2030, #1417, #1435, .T. ) ;
#358 = AXIS2_PLACEMENT_3D ( 'NONE', #1709, #586, #1503 ) ;
#359 = LINE ( 'NONE', #1091, #618 ) ;
#360 = AXIS2_PLACEMENT_3D ( 'NONE', #2055, #18, #798 ) ;
#361 = AXIS2_PLACEMENT_3D ( 'NONE', #1144, #1135, #1328 ) ;
#362 = CARTESIAN_POINT ( 'NONE',  ( 42.03118399314863041, 46.09999999999984510, -24.50000000000000000 ) ) ;
#363 = ORIENTED_EDGE ( 'NONE', *, *, #475, .F. ) ;
#364 = CARTESIAN_POINT ( 'NONE',  ( 0.000000000000000000, 40.09999999999983800, 0.000000000000000000 ) ) ;
#365 = LINE ( 'NONE', #714, #896 ) ;
#366 = DIRECTION ( 'NONE',  ( -0.000000000000000000, 1.000000000000000000, -0.000000000000000000 ) ) ;
#367 = FACE_BOUND ( 'NONE', #1926, .T. ) ;
#368 = ORIENTED_EDGE ( 'NONE', *, *, #1995, .F. ) ;
#369 = CARTESIAN_POINT ( 'NONE',  ( 42.03118399314863041, 40.09999999999983800, -27.50000000000000355 ) ) ;
#370 = EDGE_CURVE ( 'NONE', #1567, #1350, #846, .T. ) ;
#371 = CARTESIAN_POINT ( 'NONE',  ( 43.96723894065326022, 43.09999999999983800, -22.20834312336186755 ) ) ;
#372 = VERTEX_POINT ( 'NONE', #1386 ) ;
#373 = CARTESIAN_POINT ( 'NONE',  ( -26.96881600685137315, 43.09999999999983800, 12.49999999999035438 ) ) ;
#374 = CARTESIAN_POINT ( 'NONE',  ( 8.382555599827430370, 43.09999999999983800, -8.673617379884035472E-16 ) ) ;
#375 = EDGE_LOOP ( 'NONE', ( #2214, #1198, #452, #1179 ) ) ;
#376 = CARTESIAN_POINT ( 'NONE',  ( -26.96881600685137315, 43.09999999999983800, -15.49999999999035438 ) ) ;
#377 = CARTESIAN_POINT ( 'NONE',  ( 42.03118399314863041, 43.09999999999983800, -21.50000000000000000 ) ) ;
#378 = ORIENTED_EDGE ( 'NONE', *, *, #601, .T. ) ;
#379 = CARTESIAN_POINT ( 'NONE',  ( -5.421010862423340221E-16, 40.09999999999983800, 12.49999999999035616 ) ) ;
#380 = EDGE_CURVE ( 'NONE', #581, #501, #2344, .T. ) ;
#381 = LINE ( 'NONE', #2045, #2326 ) ;
#382 = EDGE_CURVE ( 'NONE', #1766, #717, #655, .T. ) ;
#383 = VERTEX_POINT ( 'NONE', #644 ) ;
#384 = CARTESIAN_POINT ( 'NONE',  ( -2.504507018440260954E-15, 40.09999999999983800, -19.24999999999035794 ) ) ;
#385 = CARTESIAN_POINT ( 'NONE',  ( -15.96881600685137670, 40.09999999999983800, 24.50000000000000000 ) ) ;
#386 = ORIENTED_EDGE ( 'NONE', *, *, #909, .F. ) ;
#387 = VECTOR ( 'NONE', #1705, 1000.000000000000000 ) ;
#388 = CARTESIAN_POINT ( 'NONE',  ( 53.03118399314863041, 40.09999999999983800, 12.49999999999035616 ) ) ;
#389 = DIRECTION ( 'NONE',  ( -0.000000000000000000, -1.000000000000000000, 0.000000000000000000 ) ) ;
#390 = VERTEX_POINT ( 'NONE', #1004 ) ;
#391 = AXIS2_PLACEMENT_3D ( 'NONE', #2365, #2191, #546 ) ;
#392 = LINE ( 'NONE', #2184, #315 ) ;
#393 = VECTOR ( 'NONE', #471, 1000.000000000000000 ) ;
#394 = VECTOR ( 'NONE', #937, 1000.000000000000114 ) ;
#395 = FACE_OUTER_BOUND ( 'NONE', #1641, .T. ) ;
#396 = EDGE_CURVE ( 'NONE', #1499, #1730, #465, .T. ) ;
#397 = VECTOR ( 'NONE', #1768, 1000.000000000000000 ) ;
#398 = AXIS2_PLACEMENT_3D ( 'NONE', #997, #640, #447 ) ;
#399 = CARTESIAN_POINT ( 'NONE',  ( 7.363266182118654690, 43.09999999999983800, 8.715702827813919029 ) ) ;
#400 = EDGE_CURVE ( 'NONE', #1037, #1388, #1589, .T. ) ;
#401 = CARTESIAN_POINT ( 'NONE',  ( 3.491156287109394629, 43.09999999999983800, 4.132389074537651474 ) ) ;
#402 = AXIS2_PLACEMENT_3D ( 'NONE', #1560, #137, #294 ) ;
#403 = ORIENTED_EDGE ( 'NONE', *, *, #2177, .F. ) ;
#404 = DIRECTION ( 'NONE',  ( 0.7638856255460445555, 0.000000000000000000, -0.6453516491682098621 ) ) ;
#405 = PLANE ( 'NONE',  #552 ) ;
#406 = VERTEX_POINT ( 'NONE', #1770 ) ;
#407 = LINE ( 'NONE', #225, #1889 ) ;
#408 = CARTESIAN_POINT ( 'NONE',  ( -15.96881600685137670, 40.09999999999983800, 24.50000000000000000 ) ) ;
#409 = DIRECTION ( 'NONE',  ( 0.000000000000000000, 0.000000000000000000, -1.000000000000000000 ) ) ;
#410 = CYLINDRICAL_SURFACE ( 'NONE', #1446, 1.750000000000001554 ) ;
#411 = EDGE_CURVE ( 'NONE', #1640, #464, #274, .T. ) ;
#412 = EDGE_LOOP ( 'NONE', ( #1826, #2066, #1301, #1574, #1990, #944 ) ) ;
#413 = PLANE ( 'NONE',  #321 ) ;
#414 = FACE_OUTER_BOUND ( 'NONE', #181, .T. ) ;
#415 = ORIENTED_EDGE ( 'NONE', *, *, #507, .F. ) ;
#416 = ADVANCED_FACE ( 'NONE', ( #2302 ), #1603, .T. ) ;
#417 = CARTESIAN_POINT ( 'NONE',  ( 53.03118399314863041, 33.09999999999983800, 19.24999999999036504 ) ) ;
#418 = CARTESIAN_POINT ( 'NONE',  ( 7.363266182118652026, 40.09999999999983800, -8.715702827813911924 ) ) ;
#419 = CARTESIAN_POINT ( 'NONE',  ( 22.29071886512213752, 40.09999999999983800, -11.74999999999035261 ) ) ;
#420 = LINE ( 'NONE', #206, #1706 ) ;
#421 = ORIENTED_EDGE ( 'NONE', *, *, #380, .F. ) ;
#422 = DIRECTION ( 'NONE',  ( 0.000000000000000000, 1.000000000000000000, 0.000000000000000000 ) ) ;
#423 = FACE_OUTER_BOUND ( 'NONE', #1958, .T. ) ;
#424 = ORIENTED_EDGE ( 'NONE', *, *, #191, .T. ) ;
#425 = DIRECTION ( 'NONE',  ( 0.000000000000000000, 1.000000000000000000, -0.000000000000000000 ) ) ;
#426 = EDGE_CURVE ( 'NONE', #887, #635, #287, .T. ) ;
#427 = EDGE_LOOP ( 'NONE', ( #2378, #1726, #654, #1250 ) ) ;
#428 = VECTOR ( 'NONE', #1745, 1000.000000000000000 ) ;
#429 = AXIS2_PLACEMENT_3D ( 'NONE', #1288, #2155, #703 ) ;
#430 = ORIENTED_EDGE ( 'NONE', *, *, #1877, .T. ) ;
#431 = DIRECTION ( 'NONE',  ( 0.000000000000000000, -1.000000000000000000, 0.000000000000000000 ) ) ;
#432 = VECTOR ( 'NONE', #170, 1000.000000000000000 ) ;
#433 = VECTOR ( 'NONE', #2389, 1000.000000000000000 ) ;
#434 = CARTESIAN_POINT ( 'NONE',  ( 3.491156287109394629, 40.09999999999983800, -4.132389074537651474 ) ) ;
#435 = CARTESIAN_POINT ( 'NONE',  ( 5.095750210677686919E-16, 40.09999999999983800, -11.74999999999035261 ) ) ;
#436 = AXIS2_PLACEMENT_3D ( 'NONE', #1911, #42, #259 ) ;
#437 = EDGE_LOOP ( 'NONE', ( #1217, #1775, #1611, #83 ) ) ;
#438 = DIRECTION ( 'NONE',  ( 0.000000000000000000, 1.000000000000000000, -0.000000000000000000 ) ) ;
#439 = VERTEX_POINT ( 'NONE', #1236 ) ;
#440 = CARTESIAN_POINT ( 'NONE',  ( -15.96881600685137670, 40.09999999999983800, -27.50000000000000000 ) ) ;
#441 = ORIENTED_EDGE ( 'NONE', *, *, #104, .T. ) ;
#442 = ADVANCED_FACE ( 'NONE', ( #1577, #873 ), #130, .F. ) ;
#443 = ORIENTED_EDGE ( 'NONE', *, *, #1516, .T. ) ;
#444 = DIRECTION ( 'NONE',  ( 0.000000000000000000, 1.000000000000000000, 0.000000000000000000 ) ) ;
#445 = EDGE_CURVE ( 'NONE', #58, #210, #492, .T. ) ;
#446 = DIRECTION ( 'NONE',  ( 0.000000000000000000, 1.000000000000000000, 0.000000000000000000 ) ) ;
#447 = DIRECTION ( 'NONE',  ( 1.000000000000000000, 0.000000000000000000, 0.000000000000000000 ) ) ;
#448 = ORIENTED_EDGE ( 'NONE', *, *, #743, .T. ) ;
#449 = VERTEX_POINT ( 'NONE', #1041 ) ;
#450 = DIRECTION ( 'NONE',  ( 0.6453516491682099732, 0.000000000000000000, -0.7638856255460445555 ) ) ;
#451 = CARTESIAN_POINT ( 'NONE',  ( 42.03118399314863041, 40.09999999999983800, -27.50000000000000355 ) ) ;
#452 = ORIENTED_EDGE ( 'NONE', *, *, #218, .T. ) ;
#453 = CARTESIAN_POINT ( 'NONE',  ( 53.03118399314863041, 43.09999999999983800, -15.49999999999035794 ) ) ;
#454 = ORIENTED_EDGE ( 'NONE', *, *, #411, .F. ) ;
#455 = ORIENTED_EDGE ( 'NONE', *, *, #1050, .T. ) ;
#456 = CARTESIAN_POINT ( 'NONE',  ( 13.03118399314861975, 43.09999999999983800, -3.927289504702384360 ) ) ;
#457 = EDGE_CURVE ( 'NONE', #466, #2074, #1785, .T. ) ;
#458 = CARTESIAN_POINT ( 'NONE',  ( 42.03118399314863041, 40.09999999999983800, 24.50000000000000000 ) ) ;
#459 = APPLICATION_PROTOCOL_DEFINITION ( 'draft international standard', 'automotive_design', 1998, #918 ) ;
#460 = ADVANCED_FACE ( 'NONE', ( #504 ), #325, .F. ) ;
#461 = VERTEX_POINT ( 'NONE', #2159 ) ;
#462 = CARTESIAN_POINT ( 'NONE',  ( 42.03118399314863041, 40.09999999999983800, -22.75000000000000355 ) ) ;
#463 = CARTESIAN_POINT ( 'NONE',  ( 22.29071886512214107, 43.09999999999983800, -11.74999999999035261 ) ) ;
#464 = VERTEX_POINT ( 'NONE', #517 ) ;
#465 = LINE ( 'NONE', #1031, #1655 ) ;
#466 = VERTEX_POINT ( 'NONE', #1924 ) ;
#467 = EDGE_LOOP ( 'NONE', ( #1747, #1260, #1027, #2085 ) ) ;
#468 = VECTOR ( 'NONE', #2005, 1000.000000000000000 ) ;
#469 = CARTESIAN_POINT ( 'NONE',  ( -2.504507018440260954E-15, 40.09999999999983800, 19.24999999999035794 ) ) ;
#470 = VECTOR ( 'NONE', #2322, 1000.000000000000000 ) ;
#471 = DIRECTION ( 'NONE',  ( 0.000000000000000000, 1.000000000000000000, 0.000000000000000000 ) ) ;
#472 = VECTOR ( 'NONE', #63, 1000.000000000000000 ) ;
#473 = AXIS2_PLACEMENT_3D ( 'NONE', #574, #2024, #1296 ) ;
#474 = VERTEX_POINT ( 'NONE', #528 ) ;
#475 = EDGE_CURVE ( 'NONE', #2221, #372, #2157, .T. ) ;
#476 = VERTEX_POINT ( 'NONE', #914 ) ;
#477 = EDGE_CURVE ( 'NONE', #825, #184, #1848, .T. ) ;
#478 = FACE_OUTER_BOUND ( 'NONE', #2160, .T. ) ;
#479 = DIRECTION ( 'NONE',  ( 0.000000000000000000, -1.000000000000000000, 0.000000000000000000 ) ) ;
#480 = VECTOR ( 'NONE', #2125, 1000.000000000000000 ) ;
#481 = LINE ( 'NONE', #1953, #74 ) ;
#482 = ORIENTED_EDGE ( 'NONE', *, *, #62, .T. ) ;
#483 = CYLINDRICAL_SURFACE ( 'NONE', #2004, 1.750000000000001554 ) ;
#484 = CARTESIAN_POINT ( 'NONE',  ( -5.525607665467274998, 43.09999999999983800, -11.74999999999035261 ) ) ;
#485 = DIRECTION ( 'NONE',  ( 0.000000000000000000, 1.000000000000000000, 0.000000000000000000 ) ) ;
#486 = PLANE ( 'NONE',  #1558 ) ;
#487 = ORIENTED_EDGE ( 'NONE', *, *, #1073, .T. ) ;
#488 = ORIENTED_EDGE ( 'NONE', *, *, #1283, .T. ) ;
#489 = FACE_OUTER_BOUND ( 'NONE', #1876, .T. ) ;
#490 = DIRECTION ( 'NONE',  ( 0.000000000000000000, -1.000000000000000000, 0.000000000000000000 ) ) ;
#491 = EDGE_CURVE ( 'NONE', #128, #133, #1620, .T. ) ;
#492 = LINE ( 'NONE', #685, #1003 ) ;
#493 = ORIENTED_EDGE ( 'NONE', *, *, #1283, .F. ) ;
#494 = EDGE_CURVE ( 'NONE', #717, #243, #1271, .T. ) ;
#495 = PLANE ( 'NONE',  #1972 ) ;
#496 = LINE ( 'NONE', #1667, #1668 ) ;
#497 = ORIENTED_EDGE ( 'NONE', *, *, #662, .F. ) ;
#498 = CYLINDRICAL_SURFACE ( 'NONE', #2237, 1.749999999999999778 ) ;
#499 = FACE_OUTER_BOUND ( 'NONE', #1225, .T. ) ;
#500 = ORIENTED_EDGE ( 'NONE', *, *, #1995, .T. ) ;
#501 = VERTEX_POINT ( 'NONE', #1631 ) ;
#502 = DIRECTION ( 'NONE',  ( 1.000000000000000000, 0.000000000000000000, 4.336808689942017736E-17 ) ) ;
#503 = CARTESIAN_POINT ( 'NONE',  ( 53.03118399314863041, 40.09999999999983800, -17.24999999999036149 ) ) ;
#504 = FACE_OUTER_BOUND ( 'NONE', #1783, .T. ) ;
#505 = ADVANCED_FACE ( 'NONE', ( #1290 ), #1267, .T. ) ;
#506 = ORIENTED_EDGE ( 'NONE', *, *, #637, .F. ) ;
#507 = EDGE_CURVE ( 'NONE', #1052, #2217, #1110, .T. ) ;
#508 = AXIS2_PLACEMENT_3D ( 'NONE', #732, #1635, #176 ) ;
#509 = VECTOR ( 'NONE', #1228, 1000.000000000000000 ) ;
#510 = DIRECTION ( 'NONE',  ( 0.000000000000000000, 0.000000000000000000, -1.000000000000000000 ) ) ;
#511 = AXIS2_PLACEMENT_3D ( 'NONE', #1666, #2376, #8 ) ;
#512 = EDGE_LOOP ( 'NONE', ( #46, #2140, #230, #1973, #2270 ) ) ;
#513 = VECTOR ( 'NONE', #240, 1000.000000000000000 ) ;
#514 = PLANE ( 'NONE',  #1082 ) ;
#515 = LINE ( 'NONE', #323, #480 ) ;
#516 = AXIS2_PLACEMENT_3D ( 'NONE', #1992, #702, #1069 ) ;
#517 = CARTESIAN_POINT ( 'NONE',  ( 42.03118399314863041, 46.09999999999984510, -26.25000000000000000 ) ) ;
#518 = VECTOR ( 'NONE', #1821, 1000.000000000000000 ) ;
#519 = EDGE_LOOP ( 'NONE', ( #92, #738, #838, #1786 ) ) ;
#520 = VECTOR ( 'NONE', #171, 1000.000000000000000 ) ;
#521 = ORIENTED_EDGE ( 'NONE', *, *, #2124, .T. ) ;
#522 = VECTOR ( 'NONE', #1846, 1000.000000000000000 ) ;
#523 = ADVANCED_FACE ( 'NONE', ( #1997 ), #2028, .F. ) ;
#524 = CARTESIAN_POINT ( 'NONE',  ( -15.96881600685137670, 46.09999999999984510, 24.50000000000000000 ) ) ;
#525 = ADVANCED_FACE ( 'NONE', ( #740 ), #1074, .T. ) ;
#526 = FACE_BOUND ( 'NONE', #848, .T. ) ;
#527 = CARTESIAN_POINT ( 'NONE',  ( 7.363266182118654690, 43.09999999999983800, 8.715702827813919029 ) ) ;
#528 = CARTESIAN_POINT ( 'NONE',  ( -17.90487095435600651, 43.09999999999983800, -22.20834312336186755 ) ) ;
#529 = ORIENTED_EDGE ( 'NONE', *, *, #477, .T. ) ;
#530 = CARTESIAN_POINT ( 'NONE',  ( 7.363266182118654690, 43.09999999999983800, 8.715702827813919029 ) ) ;
#531 = DIRECTION ( 'NONE',  ( 0.6453516491682099732, 0.000000000000000000, -0.7638856255460445555 ) ) ;
#532 = EDGE_CURVE ( 'NONE', #1101, #2062, #1784, .T. ) ;
#533 = CYLINDRICAL_SURFACE ( 'NONE', #660, 1.750000000000005107 ) ;
#534 = EDGE_CURVE ( 'NONE', #1834, #1416, #705, .T. ) ;
#535 = CARTESIAN_POINT ( 'NONE',  ( -15.96881600685137670, 43.09999999999983800, -21.50000000000000000 ) ) ;
#536 = DIRECTION ( 'NONE',  ( 0.000000000000000000, 1.000000000000000000, -0.000000000000000000 ) ) ;
#537 = CARTESIAN_POINT ( 'NONE',  ( -26.96881600685137315, 33.09999999999983800, 17.24999999999035794 ) ) ;
#538 = ORIENTED_EDGE ( 'NONE', *, *, #532, .T. ) ;
#539 = CARTESIAN_POINT ( 'NONE',  ( 53.03118399314863041, 43.09999999999983800, -19.24999999999036504 ) ) ;
#540 = DIRECTION ( 'NONE',  ( 0.000000000000000000, 0.000000000000000000, 1.000000000000000000 ) ) ;
#541 = DIRECTION ( 'NONE',  ( 0.000000000000000000, 1.000000000000000000, -0.000000000000000000 ) ) ;
#542 = CARTESIAN_POINT ( 'NONE',  ( -2.504507018440260954E-15, 43.09999999999983800, 19.24999999999035794 ) ) ;
#543 = CIRCLE ( 'NONE', #849, 3.000000000000002665 ) ;
#544 = EDGE_CURVE ( 'NONE', #2217, #1856, #558, .T. ) ;
#545 = AXIS2_PLACEMENT_3D ( 'NONE', #349, #2363, #1430 ) ;
#546 = DIRECTION ( 'NONE',  ( 0.000000000000000000, 0.000000000000000000, 1.000000000000000000 ) ) ;
#547 = LINE ( 'NONE', #1281, #2327 ) ;
#548 = VERTEX_POINT ( 'NONE', #695 ) ;
#549 = AXIS2_PLACEMENT_3D ( 'NONE', #1906, #736, #409 ) ;
#550 = VECTOR ( 'NONE', #431, 1000.000000000000000 ) ;
#551 = CARTESIAN_POINT ( 'NONE',  ( -15.96881600685137670, 40.09999999999983800, 22.75000000000000000 ) ) ;
#552 = AXIS2_PLACEMENT_3D ( 'NONE', #1510, #2246, #991 ) ;
#553 = DIRECTION ( 'NONE',  ( -0.000000000000000000, 1.000000000000000000, -0.000000000000000000 ) ) ;
#554 = ORIENTED_EDGE ( 'NONE', *, *, #1425, .T. ) ;
#555 = FACE_OUTER_BOUND ( 'NONE', #1287, .T. ) ;
#556 = DIRECTION ( 'NONE',  ( 0.000000000000000000, 0.000000000000000000, -1.000000000000000000 ) ) ;
#557 = ORIENTED_EDGE ( 'NONE', *, *, #1295, .T. ) ;
#558 = LINE ( 'NONE', #1455, #1853 ) ;
#559 = CARTESIAN_POINT ( 'NONE',  ( 42.03118399314863041, 46.09999999999984510, 22.75000000000000355 ) ) ;
#560 = EDGE_CURVE ( 'NONE', #989, #1713, #1251, .T. ) ;
#561 = ORIENTED_EDGE ( 'NONE', *, *, #823, .T. ) ;
#562 = DIRECTION ( 'NONE',  ( 0.000000000000000000, 0.000000000000000000, -1.000000000000000000 ) ) ;
#563 = EDGE_CURVE ( 'NONE', #2062, #1101, #158, .T. ) ;
#564 = DIRECTION ( 'NONE',  ( 0.7638856255460443334, 0.000000000000000000, 0.6453516491682100842 ) ) ;
#565 = ORIENTED_EDGE ( 'NONE', *, *, #781, .F. ) ;
#566 = CARTESIAN_POINT ( 'NONE',  ( 31.16826988553031441, 43.09999999999983800, -19.24999999999036504 ) ) ;
#567 = DIRECTION ( 'NONE',  ( 0.000000000000000000, -1.000000000000000000, 0.000000000000000000 ) ) ;
#568 = ORIENTED_EDGE ( 'NONE', *, *, #2003, .F. ) ;
#569 = FACE_OUTER_BOUND ( 'NONE', #617, .T. ) ;
#570 = CARTESIAN_POINT ( 'NONE',  ( 7.363266182118652026, 43.09999999999983800, -8.715702827813911924 ) ) ;
#571 = ORIENTED_EDGE ( 'NONE', *, *, #1982, .T. ) ;
#572 = CARTESIAN_POINT ( 'NONE',  ( 0.000000000000000000, 43.09999999999983800, -13.74999999999035438 ) ) ;
#573 = EDGE_CURVE ( 'NONE', #2074, #656, #159, .T. ) ;
#574 = CARTESIAN_POINT ( 'NONE',  ( 5.095750210677686919E-16, 43.09999999999983800, 11.74999999999035261 ) ) ;
#575 = DIRECTION ( 'NONE',  ( -1.000000000000000000, 0.000000000000000000, 4.336808689942017736E-17 ) ) ;
#576 = DIRECTION ( 'NONE',  ( -0.7638856255460444444, 0.000000000000000000, 0.6453516491682098621 ) ) ;
#577 = ORIENTED_EDGE ( 'NONE', *, *, #2304, .F. ) ;
#578 = AXIS2_PLACEMENT_3D ( 'NONE', #2388, #536, #2207 ) ;
#579 = CARTESIAN_POINT ( 'NONE',  ( 42.03118399314863041, 40.09999999999983800, 24.50000000000000000 ) ) ;
#580 = DIRECTION ( 'NONE',  ( 1.000000000000000000, 0.000000000000000000, 4.336808689942017736E-17 ) ) ;
#581 = VERTEX_POINT ( 'NONE', #1087 ) ;
#582 = AXIS2_PLACEMENT_3D ( 'NONE', #892, #2181, #2172 ) ;
#583 = CARTESIAN_POINT ( 'NONE',  ( 53.03118399314863041, 43.09999999999983800, -17.24999999999036149 ) ) ;
#584 = AXIS2_PLACEMENT_3D ( 'NONE', #2134, #485, #254 ) ;
#585 = AXIS2_PLACEMENT_3D ( 'NONE', #1613, #34, #1142 ) ;
#586 = DIRECTION ( 'NONE',  ( 0.6453516491682100842, 0.000000000000000000, -0.7638856255460443334 ) ) ;
#587 = AXIS2_PLACEMENT_3D ( 'NONE', #195, #929, #9 ) ;
#588 = EDGE_CURVE ( 'NONE', #1721, #2386, #1978, .T. ) ;
#589 = DIRECTION ( 'NONE',  ( -1.000000000000000000, 0.000000000000000000, -4.336808689942017736E-17 ) ) ;
#590 = CARTESIAN_POINT ( 'NONE',  ( 53.03118399314863041, 40.09999999999983800, -12.49999999999035616 ) ) ;
#591 = ADVANCED_FACE ( 'NONE', ( #1827 ), #881, .T. ) ;
#592 = ORIENTED_EDGE ( 'NONE', *, *, #766, .F. ) ;
#593 = CYLINDRICAL_SURFACE ( 'NONE', #1241, 3.000000000000002665 ) ;
#594 = CARTESIAN_POINT ( 'NONE',  ( 31.58797565176453404, 43.09999999999983800, -11.74999999999035438 ) ) ;
#595 = ORIENTED_EDGE ( 'NONE', *, *, #1089, .F. ) ;
#596 = CARTESIAN_POINT ( 'NONE',  ( -15.96881600685137670, 46.09999999999984510, -24.50000000000000000 ) ) ;
#597 = DIRECTION ( 'NONE',  ( 0.000000000000000000, 1.000000000000000000, -0.000000000000000000 ) ) ;
#598 = CARTESIAN_POINT ( 'NONE',  ( -26.96881600685137315, 40.09999999999983800, 13.74999999999035438 ) ) ;
#599 = CARTESIAN_POINT ( 'NONE',  ( 0.000000000000000000, 43.09999999999983800, 13.74999999999035438 ) ) ;
#600 = VERTEX_POINT ( 'NONE', #715 ) ;
#601 = EDGE_CURVE ( 'NONE', #1815, #817, #126, .T. ) ;
#602 = DIRECTION ( 'NONE',  ( 0.000000000000000000, -1.000000000000000000, 0.000000000000000000 ) ) ;
#603 = CARTESIAN_POINT ( 'NONE',  ( 3.491156287109394629, 43.09999999999983800, 4.132389074537651474 ) ) ;
#604 = ORIENTED_EDGE ( 'NONE', *, *, #1452, .F. ) ;
#605 = DIRECTION ( 'NONE',  ( 0.7638856255460445555, 0.000000000000000000, -0.6453516491682098621 ) ) ;
#606 = VERTEX_POINT ( 'NONE', #17 ) ;
#607 = DIRECTION ( 'NONE',  ( 0.000000000000000000, 0.000000000000000000, -1.000000000000000000 ) ) ;
#608 = LINE ( 'NONE', #1347, #2393 ) ;
#609 = PLANE ( 'NONE',  #1409 ) ;
#610 = ORIENTED_EDGE ( 'NONE', *, *, #940, .F. ) ;
#611 = ORIENTED_EDGE ( 'NONE', *, *, #252, .F. ) ;
#612 = FACE_OUTER_BOUND ( 'NONE', #1925, .T. ) ;
#613 = CARTESIAN_POINT ( 'NONE',  ( 53.03118399314863041, 40.09999999999983800, -15.49999999999035794 ) ) ;
#614 = ORIENTED_EDGE ( 'NONE', *, *, #753, .T. ) ;
#615 = EDGE_CURVE ( 'NONE', #1067, #907, #1175, .T. ) ;
#616 = PLANE ( 'NONE',  #1398 ) ;
#617 = EDGE_LOOP ( 'NONE', ( #1619, #1274, #1329, #856, #1578, #1894 ) ) ;
#618 = VECTOR ( 'NONE', #2174, 1000.000000000000114 ) ;
#619 = ADVANCED_FACE ( 'NONE', ( #2086 ), #1910, .F. ) ;
#620 = VERTEX_POINT ( 'NONE', #1883 ) ;
#621 = CARTESIAN_POINT ( 'NONE',  ( 53.03118399314863041, 40.09999999999983800, 12.49999999999035616 ) ) ;
#622 = AXIS2_PLACEMENT_3D ( 'NONE', #14, #1504, #2036 ) ;
#623 = CIRCLE ( 'NONE', #1278, 3.000000000000002665 ) ;
#624 = FACE_BOUND ( 'NONE', #296, .T. ) ;
#625 = DIRECTION ( 'NONE',  ( 1.000000000000000000, 0.000000000000000000, 4.336808689942017736E-17 ) ) ;
#626 = AXIS2_PLACEMENT_3D ( 'NONE', #1498, #1139, #1522 ) ;
#627 = ORIENTED_EDGE ( 'NONE', *, *, #2063, .F. ) ;
#628 = ORIENTED_EDGE ( 'NONE', *, *, #445, .T. ) ;
#629 = CARTESIAN_POINT ( 'NONE',  ( 53.03118399314863041, 43.09999999999983800, 11.74999999999035083 ) ) ;
#630 = PLANE ( 'NONE',  #1983 ) ;
#631 = VECTOR ( 'NONE', #1764, 1000.000000000000000 ) ;
#632 = CARTESIAN_POINT ( 'NONE',  ( -26.96881600685137315, 33.09999999999983800, -11.74999999999035438 ) ) ;
#633 = EDGE_CURVE ( 'NONE', #247, #2274, #1819, .T. ) ;
#634 = ORIENTED_EDGE ( 'NONE', *, *, #1634, .T. ) ;
#635 = VERTEX_POINT ( 'NONE', #388 ) ;
#636 = ORIENTED_EDGE ( 'NONE', *, *, #2118, .F. ) ;
#637 = EDGE_CURVE ( 'NONE', #2310, #2053, #1353, .T. ) ;
#638 = DIRECTION ( 'NONE',  ( 0.000000000000000000, -1.000000000000000000, 0.000000000000000000 ) ) ;
#639 = DIRECTION ( 'NONE',  ( 0.000000000000000000, -1.000000000000000000, 0.000000000000000000 ) ) ;
#640 = DIRECTION ( 'NONE',  ( 0.000000000000000000, 0.000000000000000000, 1.000000000000000000 ) ) ;
#641 = ORIENTED_EDGE ( 'NONE', *, *, #2290, .F. ) ;
#642 = DIRECTION ( 'NONE',  ( 0.000000000000000000, 1.000000000000000000, 0.000000000000000000 ) ) ;
#643 = SURFACE_SIDE_STYLE ('',( #819 ) ) ;
#644 = CARTESIAN_POINT ( 'NONE',  ( -26.96881600685137315, 40.09999999999983800, 17.24999999999035794 ) ) ;
#645 = ORIENTED_EDGE ( 'NONE', *, *, #2318, .T. ) ;
#646 = ORIENTED_EDGE ( 'NONE', *, *, #1021, .T. ) ;
#647 = CARTESIAN_POINT ( 'NONE',  ( 53.03118399314863041, 43.09999999999983800, 18.49999999999036149 ) ) ;
#648 = ADVANCED_FACE ( 'NONE', ( #569 ), #593, .T. ) ;
#649 = CARTESIAN_POINT ( 'NONE',  ( 0.000000000000000000, 40.09999999999983800, 13.74999999999035438 ) ) ;
#650 = ORIENTED_EDGE ( 'NONE', *, *, #2003, .T. ) ;
#651 = ORIENTED_EDGE ( 'NONE', *, *, #1462, .T. ) ;
#652 = PLANE ( 'NONE',  #851 ) ;
#653 = CARTESIAN_POINT ( 'NONE',  ( 7.363266182118652026, 43.09999999999983800, -8.715702827813911924 ) ) ;
#654 = ORIENTED_EDGE ( 'NONE', *, *, #2290, .T. ) ;
#655 = LINE ( 'NONE', #1797, #509 ) ;
#656 = VERTEX_POINT ( 'NONE', #990 ) ;
#657 = ORIENTED_EDGE ( 'NONE', *, *, #339, .F. ) ;
#658 = VECTOR ( 'NONE', #91, 1000.000000000000000 ) ;
#659 = CARTESIAN_POINT ( 'NONE',  ( -15.96881600685137670, 43.09999999999983800, 24.50000000000000000 ) ) ;
#660 = AXIS2_PLACEMENT_3D ( 'NONE', #889, #2341, #1615 ) ;
#661 = LINE ( 'NONE', #691, #2198 ) ;
#662 = EDGE_CURVE ( 'NONE', #748, #1753, #1356, .T. ) ;
#663 = AXIS2_PLACEMENT_3D ( 'NONE', #98, #2295, #2279 ) ;
#664 = CIRCLE ( 'NONE', #2012, 1.749999999999998002 ) ;
#665 = ORIENTED_EDGE ( 'NONE', *, *, #2383, .T. ) ;
#666 = EDGE_LOOP ( 'NONE', ( #2041, #500, #61, #1689 ) ) ;
#667 = LINE ( 'NONE', #341, #236 ) ;
#668 = EDGE_CURVE ( 'NONE', #2074, #1719, #1330, .T. ) ;
#669 = CARTESIAN_POINT ( 'NONE',  ( 42.03118399314863041, 40.09999999999983800, 24.50000000000000000 ) ) ;
#670 = DIRECTION ( 'NONE',  ( 0.000000000000000000, 1.000000000000000000, -0.000000000000000000 ) ) ;
#671 = ORIENTED_EDGE ( 'NONE', *, *, #1149, .F. ) ;
#672 = CYLINDRICAL_SURFACE ( 'NONE', #1939, 3.000000000000000888 ) ;
#673 = ORIENTED_EDGE ( 'NONE', *, *, #177, .T. ) ;
#674 = DIRECTION ( 'NONE',  ( 0.000000000000000000, -1.000000000000000000, 0.000000000000000000 ) ) ;
#675 = LINE ( 'NONE', #1971, #1944 ) ;
#676 = ORIENTED_EDGE ( 'NONE', *, *, #722, .T. ) ;
#677 = DIRECTION ( 'NONE',  ( 0.000000000000000000, 1.000000000000000000, -0.000000000000000000 ) ) ;
#678 = CARTESIAN_POINT ( 'NONE',  ( -15.96881600685137670, 46.09999999999984510, -24.50000000000000000 ) ) ;
#679 = EDGE_CURVE ( 'NONE', #1850, #2053, #749, .T. ) ;
#680 = DIRECTION ( 'NONE',  ( 0.000000000000000000, -1.000000000000000000, 0.000000000000000000 ) ) ;
#681 = DIRECTION ( 'NONE',  ( 0.000000000000000000, 0.000000000000000000, 1.000000000000000000 ) ) ;
#682 = CARTESIAN_POINT ( 'NONE',  ( -15.96881600685137670, 43.09999999999983800, 21.50000000000000000 ) ) ;
#683 = CYLINDRICAL_SURFACE ( 'NONE', #1892, 3.750000000000000000 ) ;
#684 = FACE_OUTER_BOUND ( 'NONE', #811, .T. ) ;
#685 = CARTESIAN_POINT ( 'NONE',  ( -2.504507018440260954E-15, 33.09999999999983800, 19.24999999999035794 ) ) ;
#686 = EDGE_CURVE ( 'NONE', #869, #1282, #2257, .T. ) ;
#687 = ORIENTED_EDGE ( 'NONE', *, *, #93, .T. ) ;
#688 = ORIENTED_EDGE ( 'NONE', *, *, #637, .T. ) ;
#689 = ADVANCED_FACE ( 'NONE', ( #1339, #245 ), #1677, .T. ) ;
#690 = CIRCLE ( 'NONE', #1852, 1.749999999999998002 ) ;
#691 = CARTESIAN_POINT ( 'NONE',  ( -26.96881600685137315, 43.09999999999983800, 13.74999999999035438 ) ) ;
#692 = CIRCLE ( 'NONE', #549, 1.750000000000001554 ) ;
#693 = CARTESIAN_POINT ( 'NONE',  ( -26.96881600685137315, 40.09999999999983800, 12.49999999999035438 ) ) ;
#694 = AXIS2_PLACEMENT_3D ( 'NONE', #2361, #531, #2000 ) ;
#695 = CARTESIAN_POINT ( 'NONE',  ( -15.96881600685137670, 40.09999999999983800, -26.25000000000000355 ) ) ;
#696 = VECTOR ( 'NONE', #902, 1000.000000000000000 ) ;
#697 = EDGE_LOOP ( 'NONE', ( #1486, #2335, #2314, #773, #1949, #2171 ) ) ;
#698 = VECTOR ( 'NONE', #317, 1000.000000000000000 ) ;
#699 = EDGE_CURVE ( 'NONE', #2274, #1164, #199, .T. ) ;
#700 = CARTESIAN_POINT ( 'NONE',  ( 42.03118399314863041, 46.09999999999984510, 24.50000000000000000 ) ) ;
#701 = EDGE_CURVE ( 'NONE', #1499, #877, #1401, .T. ) ;
#702 = DIRECTION ( 'NONE',  ( 0.000000000000000000, 1.000000000000000000, -0.000000000000000000 ) ) ;
#703 = DIRECTION ( 'NONE',  ( 0.000000000000000000, 0.000000000000000000, 1.000000000000000000 ) ) ;
#704 = LINE ( 'NONE', #542, #522 ) ;
#705 = LINE ( 'NONE', #1475, #805 ) ;
#706 = CARTESIAN_POINT ( 'NONE',  ( -26.96881600685137315, 40.09999999999983800, -15.49999999999035438 ) ) ;
#707 = VERTEX_POINT ( 'NONE', #2268 ) ;
#708 = CARTESIAN_POINT ( 'NONE',  ( 53.03118399314863041, 33.09999999999983800, 15.49999999999035794 ) ) ;
#709 = FACE_BOUND ( 'NONE', #1921, .T. ) ;
#710 = ADVANCED_FACE ( 'NONE', ( #612 ), #413, .T. ) ;
#711 = ADVANCED_FACE ( 'NONE', ( #1316 ), #2054, .F. ) ;
#712 = ORIENTED_EDGE ( 'NONE', *, *, #145, .F. ) ;
#713 = CARTESIAN_POINT ( 'NONE',  ( 53.03118399314863041, 33.09999999999983800, -11.74999999999035083 ) ) ;
#714 = CARTESIAN_POINT ( 'NONE',  ( 31.16826988553031086, 43.09999999999983800, 19.24999999999036149 ) ) ;
#715 = CARTESIAN_POINT ( 'NONE',  ( 42.03118399314863041, 40.09999999999983800, 27.50000000000000355 ) ) ;
#716 = DIRECTION ( 'NONE',  ( 0.6453516491682100842, 0.000000000000000000, -0.7638856255460443334 ) ) ;
#717 = VERTEX_POINT ( 'NONE', #1053 ) ;
#718 = DIRECTION ( 'NONE',  ( 0.000000000000000000, -1.000000000000000000, 0.000000000000000000 ) ) ;
#719 = ORIENTED_EDGE ( 'NONE', *, *, #1294, .F. ) ;
#720 = CARTESIAN_POINT ( 'NONE',  ( 53.03118399314863041, 33.09999999999983800, -17.24999999999036149 ) ) ;
#721 = VECTOR ( 'NONE', #718, 1000.000000000000000 ) ;
#722 = EDGE_CURVE ( 'NONE', #1945, #1751, #2235, .T. ) ;
#723 = CARTESIAN_POINT ( 'NONE',  ( -26.96881600685137315, 43.09999999999983800, 15.49999999999035438 ) ) ;
#724 = CARTESIAN_POINT ( 'NONE',  ( 40.46552667217270738, 43.09999999999983800, -19.24999999999036504 ) ) ;
#725 = CIRCLE ( 'NONE', #2080, 2.999999999999999112 ) ;
#726 = CIRCLE ( 'NONE', #765, 2.999999999999999112 ) ;
#727 = ADVANCED_FACE ( 'NONE', ( #127 ), #1974, .F. ) ;
#728 = CARTESIAN_POINT ( 'NONE',  ( 53.03118399314863041, 40.09999999999983800, -15.49999999999035794 ) ) ;
#729 = FACE_OUTER_BOUND ( 'NONE', #125, .T. ) ;
#730 = ORIENTED_EDGE ( 'NONE', *, *, #314, .F. ) ;
#731 = CIRCLE ( 'NONE', #1507, 2.999999999999999112 ) ;
#732 = CARTESIAN_POINT ( 'NONE',  ( 7.363266182118652026, 43.09999999999983800, -8.715702827813911924 ) ) ;
#733 = VECTOR ( 'NONE', #2002, 1000.000000000000000 ) ;
#734 = LINE ( 'NONE', #237, #810 ) ;
#735 = ORIENTED_EDGE ( 'NONE', *, *, #2152, .F. ) ;
#736 = DIRECTION ( 'NONE',  ( 0.000000000000000000, 1.000000000000000000, -0.000000000000000000 ) ) ;
#737 = CARTESIAN_POINT ( 'NONE',  ( -17.90487095435600651, 43.09999999999983800, -22.20834312336186755 ) ) ;
#738 = ORIENTED_EDGE ( 'NONE', *, *, #1609, .F. ) ;
#739 = ORIENTED_EDGE ( 'NONE', *, *, #2334, .T. ) ;
#740 = FACE_OUTER_BOUND ( 'NONE', #697, .T. ) ;
#741 = CARTESIAN_POINT ( 'NONE',  ( -8.023096076388550863E-16, 40.09999999999983800, 18.49999999999035794 ) ) ;
#742 = VERTEX_POINT ( 'NONE', #322 ) ;
#743 = EDGE_CURVE ( 'NONE', #332, #1567, #2147, .T. ) ;
#744 = DIRECTION ( 'NONE',  ( 0.7638856255460445555, 0.000000000000000000, -0.6453516491682098621 ) ) ;
#745 = DIRECTION ( 'NONE',  ( 0.000000000000000000, 0.000000000000000000, 1.000000000000000000 ) ) ;
#746 = CARTESIAN_POINT ( 'NONE',  ( 53.03118399314863041, 40.09999999999983800, 13.74999999999035438 ) ) ;
#747 = CARTESIAN_POINT ( 'NONE',  ( -2.504507018440260954E-15, 43.09999999999983800, -19.24999999999035794 ) ) ;
#748 = VERTEX_POINT ( 'NONE', #1962 ) ;
#749 = LINE ( 'NONE', #2245, #2158 ) ;
#750 = CARTESIAN_POINT ( 'NONE',  ( 42.03118399314863041, 40.09999999999983800, 27.50000000000000355 ) ) ;
#751 = ORIENTED_EDGE ( 'NONE', *, *, #534, .F. ) ;
#752 = DIRECTION ( 'NONE',  ( 1.000000000000000000, -0.000000000000000000, 0.000000000000000000 ) ) ;
#753 = EDGE_CURVE ( 'NONE', #257, #210, #1234, .T. ) ;
#754 = EDGE_CURVE ( 'NONE', #1567, #758, #102, .T. ) ;
#755 = PLANE ( 'NONE',  #358 ) ;
#756 = DIRECTION ( 'NONE',  ( 0.000000000000000000, 0.000000000000000000, -1.000000000000000000 ) ) ;
#757 = CARTESIAN_POINT ( 'NONE',  ( -5.105901899233058927, 43.09999999999983800, -19.24999999999035794 ) ) ;
#758 = VERTEX_POINT ( 'NONE', #1795 ) ;
#759 = AXIS2_PLACEMENT_3D ( 'NONE', #1899, #979, #2272 ) ;
#760 = DIRECTION ( 'NONE',  ( 0.000000000000000000, 0.000000000000000000, -1.000000000000000000 ) ) ;
#761 = DIRECTION ( 'NONE',  ( 1.000000000000000000, 0.000000000000000000, -2.168404344971008560E-17 ) ) ;
#762 = VERTEX_POINT ( 'NONE', #1015 ) ;
#763 = AXIS2_PLACEMENT_3D ( 'NONE', #1805, #2018, #353 ) ;
#764 = DIRECTION ( 'NONE',  ( 0.000000000000000000, 0.000000000000000000, 1.000000000000000000 ) ) ;
#765 = AXIS2_PLACEMENT_3D ( 'NONE', #1453, #2026, #1638 ) ;
#766 = EDGE_CURVE ( 'NONE', #606, #2030, #1755, .T. ) ;
#767 = VECTOR ( 'NONE', #1404, 1000.000000000000000 ) ;
#768 = FACE_OUTER_BOUND ( 'NONE', #1562, .T. ) ;
#769 = AXIS2_PLACEMENT_3D ( 'NONE', #2073, #961, #952 ) ;
#770 = ADVANCED_FACE ( 'NONE', ( #489 ), #308, .F. ) ;
#771 = LINE ( 'NONE', #1335, #1820 ) ;
#772 = FACE_OUTER_BOUND ( 'NONE', #1400, .T. ) ;
#773 = ORIENTED_EDGE ( 'NONE', *, *, #2095, .F. ) ;
#774 = DIRECTION ( 'NONE',  ( 0.000000000000000000, 0.000000000000000000, 1.000000000000000000 ) ) ;
#775 = LINE ( 'NONE', #2258, #1249 ) ;
#776 = ORIENTED_EDGE ( 'NONE', *, *, #686, .F. ) ;
#777 = DIRECTION ( 'NONE',  ( 1.000000000000000000, 0.000000000000000000, -4.336808689942017736E-17 ) ) ;
#778 = VERTEX_POINT ( 'NONE', #1383 ) ;
#779 = CARTESIAN_POINT ( 'NONE',  ( 7.363266182118654690, 40.09999999999983800, 8.715702827813919029 ) ) ;
#780 = LINE ( 'NONE', #384, #1163 ) ;
#781 = EDGE_CURVE ( 'NONE', #581, #1863, #2123, .T. ) ;
#782 = DIRECTION ( 'NONE',  ( 0.000000000000000000, 1.000000000000000000, -0.000000000000000000 ) ) ;
#783 = ORIENTED_EDGE ( 'NONE', *, *, #234, .T. ) ;
#784 = DIRECTION ( 'NONE',  ( 0.000000000000000000, 0.000000000000000000, 1.000000000000000000 ) ) ;
#785 = DIRECTION ( 'NONE',  ( 1.000000000000000000, 0.000000000000000000, -1.301042606982605321E-16 ) ) ;
#786 = ORIENTED_EDGE ( 'NONE', *, *, #1390, .F. ) ;
#787 = LINE ( 'NONE', #583, #387 ) ;
#788 = VERTEX_POINT ( 'NONE', #1226 ) ;
#789 = ORIENTED_EDGE ( 'NONE', *, *, #1308, .F. ) ;
#790 = CARTESIAN_POINT ( 'NONE',  ( 42.03118399314863041, 43.09999999999983800, -24.50000000000000000 ) ) ;
#791 = VERTEX_POINT ( 'NONE', #629 ) ;
#792 = CARTESIAN_POINT ( 'NONE',  ( 0.000000000000000000, 40.09999999999983800, 0.000000000000000000 ) ) ;
#793 = DIRECTION ( 'NONE',  ( -0.000000000000000000, -1.000000000000000000, -0.000000000000000000 ) ) ;
#794 = ADVANCED_FACE ( 'NONE', ( #1369 ), #652, .F. ) ;
#795 = EDGE_LOOP ( 'NONE', ( #289, #60, #1253, #1914 ) ) ;
#796 = ORIENTED_EDGE ( 'NONE', *, *, #139, .T. ) ;
#797 = CARTESIAN_POINT ( 'NONE',  ( 0.000000000000000000, 40.09999999999983800, 0.000000000000000000 ) ) ;
#798 = DIRECTION ( 'NONE',  ( 0.000000000000000000, 0.000000000000000000, -1.000000000000000000 ) ) ;
#799 = ORIENTED_EDGE ( 'NONE', *, *, #396, .F. ) ;
#800 = EDGE_CURVE ( 'NONE', #954, #449, #2044, .T. ) ;
#801 = AXIS2_PLACEMENT_3D ( 'NONE', #1057, #141, #1433 ) ;
#802 = CARTESIAN_POINT ( 'NONE',  ( 3.771649121175110420, 43.09999999999983800, -11.74999999999035261 ) ) ;
#803 = ORIENTED_EDGE ( 'NONE', *, *, #1609, .T. ) ;
#804 = ORIENTED_EDGE ( 'NONE', *, *, #1238, .F. ) ;
#805 = VECTOR ( 'NONE', #1099, 1000.000000000000114 ) ;
#806 = VECTOR ( 'NONE', #674, 1000.000000000000000 ) ;
#807 = ORIENTED_EDGE ( 'NONE', *, *, #956, .F. ) ;
#808 = CARTESIAN_POINT ( 'NONE',  ( -15.96881600685137670, 46.09999999999984510, -24.50000000000000000 ) ) ;
#809 = ORIENTED_EDGE ( 'NONE', *, *, #662, .T. ) ;
#810 = VECTOR ( 'NONE', #2033, 1000.000000000000000 ) ;
#811 = EDGE_LOOP ( 'NONE', ( #863, #2112, #1806, #1373 ) ) ;
#812 = AXIS2_PLACEMENT_3D ( 'NONE', #96, #826, #2306 ) ;
#813 = FACE_OUTER_BOUND ( 'NONE', #111, .T. ) ;
#814 = DIRECTION ( 'NONE',  ( 1.000000000000000000, 0.000000000000000000, -1.301042606982605321E-16 ) ) ;
#815 = AXIS2_PLACEMENT_3D ( 'NONE', #1111, #1838, #1849 ) ;
#816 = VERTEX_POINT ( 'NONE', #2311 ) ;
#817 = VERTEX_POINT ( 'NONE', #462 ) ;
#818 = DIRECTION ( 'NONE',  ( 0.000000000000000000, 0.000000000000000000, 1.000000000000000000 ) ) ;
#819 = SURFACE_STYLE_FILL_AREA ( #1988 ) ;
#820 = VECTOR ( 'NONE', #50, 1000.000000000000000 ) ;
#821 = ORIENTED_EDGE ( 'NONE', *, *, #344, .T. ) ;
#822 = DIRECTION ( 'NONE',  ( 1.000000000000000000, 0.000000000000000000, -4.336808689942017736E-17 ) ) ;
#823 = EDGE_CURVE ( 'NONE', #834, #247, #1395, .T. ) ;
#824 = EDGE_LOOP ( 'NONE', ( #67, #1908, #650, #2362 ) ) ;
#825 = VERTEX_POINT ( 'NONE', #85 ) ;
#826 = DIRECTION ( 'NONE',  ( 0.000000000000000000, 1.000000000000000000, -0.000000000000000000 ) ) ;
#827 = LINE ( 'NONE', #1571, #1275 ) ;
#828 = CARTESIAN_POINT ( 'NONE',  ( 42.03118399314863041, 40.09999999999983800, -22.75000000000000355 ) ) ;
#829 = ORIENTED_EDGE ( 'NONE', *, *, #1901, .F. ) ;
#830 = ORIENTED_EDGE ( 'NONE', *, *, #1121, .T. ) ;
#831 = DIRECTION ( 'NONE',  ( 0.000000000000000000, -1.000000000000000000, 0.000000000000000000 ) ) ;
#832 = ORIENTED_EDGE ( 'NONE', *, *, #1968, .T. ) ;
#833 = CARTESIAN_POINT ( 'NONE',  ( 42.03118399314863041, 46.09999999999984510, -24.50000000000000000 ) ) ;
#834 = VERTEX_POINT ( 'NONE', #1199 ) ;
#835 = ADVANCED_FACE ( 'NONE', ( #478 ), #1936, .T. ) ;
#836 = ORIENTED_EDGE ( 'NONE', *, *, #494, .F. ) ;
#837 = DIRECTION ( 'NONE',  ( 0.000000000000000000, 0.000000000000000000, 1.000000000000000000 ) ) ;
#838 = ORIENTED_EDGE ( 'NONE', *, *, #1073, .F. ) ;
#839 = EDGE_CURVE ( 'NONE', #1037, #778, #276, .T. ) ;
#840 = CARTESIAN_POINT ( 'NONE',  ( 17.67981238646981623, 43.09999999999983800, 4.336808689942017736E-15 ) ) ;
#841 = ORIENTED_EDGE ( 'NONE', *, *, #987, .F. ) ;
#842 = ORIENTED_EDGE ( 'NONE', *, *, #2032, .T. ) ;
#843 = LINE ( 'NONE', #1587, #470 ) ;
#844 = CARTESIAN_POINT ( 'NONE',  ( -15.96881600685137670, 43.09999999999983800, -24.50000000000000000 ) ) ;
#845 = APPLICATION_CONTEXT ( 'automotive_design' ) ;
#846 = LINE ( 'NONE', #1202, #1932 ) ;
#847 = VECTOR ( 'NONE', #744, 1000.000000000000114 ) ;
#848 = EDGE_LOOP ( 'NONE', ( #152, #378 ) ) ;
#849 = AXIS2_PLACEMENT_3D ( 'NONE', #1285, #1102, #562 ) ;
#850 = DIRECTION ( 'NONE',  ( 0.000000000000000000, -1.000000000000000000, 0.000000000000000000 ) ) ;
#851 = AXIS2_PLACEMENT_3D ( 'NONE', #1780, #450, #1187 ) ;
#852 = DIRECTION ( 'NONE',  ( 0.000000000000000000, -0.000000000000000000, -1.000000000000000000 ) ) ;
#853 = AXIS2_PLACEMENT_3D ( 'NONE', #792, #639, #1763 ) ;
#854 = EDGE_CURVE ( 'NONE', #548, #1387, #843, .T. ) ;
#855 = CIRCLE ( 'NONE', #1245, 3.000000000000002665 ) ;
#856 = ORIENTED_EDGE ( 'NONE', *, *, #1600, .T. ) ;
#857 = ORIENTED_EDGE ( 'NONE', *, *, #1623, .F. ) ;
#858 = CARTESIAN_POINT ( 'NONE',  ( 53.03118399314863041, 43.09999999999983800, 19.24999999999036504 ) ) ;
#859 = FACE_OUTER_BOUND ( 'NONE', #1928, .T. ) ;
#860 = AXIS2_PLACEMENT_3D ( 'NONE', #4, #342, #1072 ) ;
#861 = VECTOR ( 'NONE', #25, 1000.000000000000000 ) ;
#862 = CARTESIAN_POINT ( 'NONE',  ( -5.525607665467276775, 43.09999999999983800, 11.74999999999035438 ) ) ;
#863 = ORIENTED_EDGE ( 'NONE', *, *, #701, .F. ) ;
#864 = DIRECTION ( 'NONE',  ( 1.000000000000000000, 0.000000000000000000, 4.336808689942017120E-17 ) ) ;
#865 = PRODUCT_DEFINITION_CONTEXT ( 'detailed design', #918, 'design' ) ;
#866 = LINE ( 'NONE', #1605, #966 ) ;
#867 = CARTESIAN_POINT ( 'NONE',  ( 40.09512904564400060, 43.09999999999983800, -26.79165687663813600 ) ) ;
#868 = EDGE_CURVE ( 'NONE', #1725, #834, #667, .T. ) ;
#869 = VERTEX_POINT ( 'NONE', #373 ) ;
#870 = CARTESIAN_POINT ( 'NONE',  ( -26.96881600685137315, 40.09999999999983800, 15.49999999999035438 ) ) ;
#871 = LINE ( 'NONE', #1963, #2201 ) ;
#872 = EDGE_CURVE ( 'NONE', #1011, #57, #2203, .T. ) ;
#873 = FACE_BOUND ( 'NONE', #2385, .T. ) ;
#874 = ORIENTED_EDGE ( 'NONE', *, *, #699, .F. ) ;
#875 = ORIENTED_EDGE ( 'NONE', *, *, #1492, .T. ) ;
#876 = DIRECTION ( 'NONE',  ( 0.000000000000000000, -1.000000000000000000, 0.000000000000000000 ) ) ;
#877 = VERTEX_POINT ( 'NONE', #1471 ) ;
#878 = DIRECTION ( 'NONE',  ( -0.7638856255460444444, 0.000000000000000000, 0.6453516491682098621 ) ) ;
#879 = DIRECTION ( 'NONE',  ( 1.000000000000000000, 0.000000000000000000, -4.336808689942017736E-17 ) ) ;
#880 = ADVANCED_FACE ( 'NONE', ( #1071 ), #533, .F. ) ;
#881 = PLANE ( 'NONE',  #33 ) ;
#882 = ORIENTED_EDGE ( 'NONE', *, *, #668, .F. ) ;
#883 = ADVANCED_FACE ( 'NONE', ( #155 ), #2350, .F. ) ;
#884 = DIRECTION ( 'NONE',  ( 0.000000000000000000, 0.000000000000000000, 1.000000000000000000 ) ) ;
#885 = FACE_OUTER_BOUND ( 'NONE', #1708, .T. ) ;
#886 = AXIS2_PLACEMENT_3D ( 'NONE', #68, #2039, #1547 ) ;
#887 = VERTEX_POINT ( 'NONE', #693 ) ;
#888 = AXIS2_PLACEMENT_3D ( 'NONE', #364, #1256, #1095 ) ;
#889 = CARTESIAN_POINT ( 'NONE',  ( 53.03118399314863041, 43.09999999999983800, -15.49999999999035794 ) ) ;
#890 = CARTESIAN_POINT ( 'NONE',  ( 42.03118399314863041, 40.09999999999983800, -26.25000000000000000 ) ) ;
#891 = AXIS2_PLACEMENT_3D ( 'NONE', #1808, #153, #1459 ) ;
#892 = CARTESIAN_POINT ( 'NONE',  ( 42.03118399314863041, 43.09999999999983800, -24.50000000000000000 ) ) ;
#893 = ADVANCED_FACE ( 'NONE', ( #555 ), #683, .T. ) ;
#894 = AXIS2_PLACEMENT_3D ( 'NONE', #1488, #438, #1533 ) ;
#895 = ORIENTED_EDGE ( 'NONE', *, *, #314, .T. ) ;
#896 = VECTOR ( 'NONE', #1108, 1000.000000000000000 ) ;
#897 = FACE_OUTER_BOUND ( 'NONE', #340, .T. ) ;
#898 = ADVANCED_FACE ( 'NONE', ( #1628, #1276 ), #2179, .F. ) ;
#899 = LINE ( 'NONE', #2199, #1165 ) ;
#900 = ORIENTED_EDGE ( 'NONE', *, *, #956, .T. ) ;
#901 = DIRECTION ( 'NONE',  ( 0.7638856255460445555, 0.000000000000000000, -0.6453516491682098621 ) ) ;
#902 = DIRECTION ( 'NONE',  ( 0.000000000000000000, 1.000000000000000000, 0.000000000000000000 ) ) ;
#903 = ORIENTED_EDGE ( 'NONE', *, *, #2372, .T. ) ;
#904 = PRODUCT ( 'Part6', 'Part6', '', ( #1196 ) ) ;
#905 = DIRECTION ( 'NONE',  ( 0.000000000000000000, 1.000000000000000000, -0.000000000000000000 ) ) ;
#906 = CARTESIAN_POINT ( 'NONE',  ( -5.105901899233054486, 43.09999999999983800, 19.24999999999035794 ) ) ;
#907 = VERTEX_POINT ( 'NONE', #1444 ) ;
#908 = CARTESIAN_POINT ( 'NONE',  ( 53.03118399314863041, 43.09999999999983800, -11.74999999999035083 ) ) ;
#909 = EDGE_CURVE ( 'NONE', #887, #1059, #1159, .T. ) ;
#910 = DIRECTION ( 'NONE',  ( -0.000000000000000000, -1.000000000000000000, -0.000000000000000000 ) ) ;
#911 = EDGE_CURVE ( 'NONE', #501, #1376, #726, .T. ) ;
#912 = CARTESIAN_POINT ( 'NONE',  ( -26.96881600685137315, 40.09999999999983800, -17.24999999999035794 ) ) ;
#913 = CARTESIAN_POINT ( 'NONE',  ( 53.03118399314863041, 43.09999999999983800, -15.49999999999035794 ) ) ;
#914 = CARTESIAN_POINT ( 'NONE',  ( -17.90487095435600651, 40.09999999999983800, -22.20834312336186755 ) ) ;
#915 = PLANE ( 'NONE',  #587 ) ;
#916 = ORIENTED_EDGE ( 'NONE', *, *, #800, .T. ) ;
#917 = FACE_OUTER_BOUND ( 'NONE', #1675, .T. ) ;
#918 = APPLICATION_CONTEXT ( 'automotive_design' ) ;
#919 = VECTOR ( 'NONE', #2392, 1000.000000000000114 ) ;
#920 = LINE ( 'NONE', #1854, #394 ) ;
#921 = PRODUCT_DEFINITION ( 'UNKNOWN', '', #936, #865 ) ;
#922 = ORIENTED_EDGE ( 'NONE', *, *, #1877, .F. ) ;
#923 = CARTESIAN_POINT ( 'NONE',  ( -26.96881600685137315, 43.09999999999983800, -19.24999999999035438 ) ) ;
#924 = EDGE_CURVE ( 'NONE', #1836, #816, #1470, .T. ) ;
#925 = DIRECTION ( 'NONE',  ( -0.6453516491682099732, 0.000000000000000000, -0.7638856255460445555 ) ) ;
#926 = AXIS2_PLACEMENT_3D ( 'NONE', #2289, #2102, #1190 ) ;
#927 = AXIS2_PLACEMENT_3D ( 'NONE', #976, #1124, #1865 ) ;
#928 = DIRECTION ( 'NONE',  ( 0.000000000000000000, 0.000000000000000000, 1.000000000000000000 ) ) ;
#929 = DIRECTION ( 'NONE',  ( 0.000000000000000000, 1.000000000000000000, -0.000000000000000000 ) ) ;
#930 = ORIENTED_EDGE ( 'NONE', *, *, #1342, .T. ) ;
#931 = CIRCLE ( 'NONE', #1244, 1.750000000000001554 ) ;
#932 = VECTOR ( 'NONE', #1345, 1000.000000000000114 ) ;
#933 = LINE ( 'NONE', #1458, #919 ) ;
#934 = EDGE_LOOP ( 'NONE', ( #73, #842, #1964, #1633 ) ) ;
#935 = AXIS2_PLACEMENT_3D ( 'NONE', #613, #1188, #1923 ) ;
#936 = PRODUCT_DEFINITION_FORMATION_WITH_SPECIFIED_SOURCE ( 'ANY', '', #904, .NOT_KNOWN. ) ;
#937 = DIRECTION ( 'NONE',  ( 0.7638856255460445555, 0.000000000000000000, 0.6453516491682098621 ) ) ;
#938 = FACE_OUTER_BOUND ( 'NONE', #143, .T. ) ;
#939 = CARTESIAN_POINT ( 'NONE',  ( -26.96881600685137315, 40.09999999999983800, -12.49999999999035438 ) ) ;
#940 = EDGE_CURVE ( 'NONE', #319, #1140, #1063, .T. ) ;
#941 = ORIENTED_EDGE ( 'NONE', *, *, #1167, .F. ) ;
#942 = CARTESIAN_POINT ( 'NONE',  ( 3.491156287109394629, 40.09999999999983800, 4.132389074537651474 ) ) ;
#943 = FACE_OUTER_BOUND ( 'NONE', #253, .T. ) ;
#944 = ORIENTED_EDGE ( 'NONE', *, *, #1133, .T. ) ;
#945 = ADVANCED_FACE ( 'NONE', ( #1607 ), #514, .T. ) ;
#946 = DIRECTION ( 'NONE',  ( 0.000000000000000000, 0.000000000000000000, 1.000000000000000000 ) ) ;
#947 = DIRECTION ( 'NONE',  ( 1.000000000000000000, 0.000000000000000000, -1.301042606982605321E-16 ) ) ;
#948 = CARTESIAN_POINT ( 'NONE',  ( 31.16826988553030731, 43.09999999999983800, -19.24999999999036149 ) ) ;
#949 = PLANE ( 'NONE',  #1365 ) ;
#950 = ORIENTED_EDGE ( 'NONE', *, *, #668, .T. ) ;
#951 = DIRECTION ( 'NONE',  ( 1.000000000000000000, 0.000000000000000000, 4.336808689942017736E-17 ) ) ;
#952 = DIRECTION ( 'NONE',  ( 0.000000000000000000, 0.000000000000000000, 1.000000000000000000 ) ) ;
#953 = ADVANCED_FACE ( 'NONE', ( #333, #526 ), #1247, .T. ) ;
#954 = VERTEX_POINT ( 'NONE', #713 ) ;
#955 = CARTESIAN_POINT ( 'NONE',  ( 0.000000000000000000, 40.09999999999983800, -13.74999999999035438 ) ) ;
#956 = EDGE_CURVE ( 'NONE', #1173, #2310, #1461, .T. ) ;
#957 = LINE ( 'NONE', #779, #202 ) ;
#958 = DIRECTION ( 'NONE',  ( 1.000000000000000000, 0.000000000000000000, 4.336808689942017736E-17 ) ) ;
#959 = DIRECTION ( 'NONE',  ( 0.000000000000000000, 0.000000000000000000, 1.000000000000000000 ) ) ;
#960 = ORIENTED_EDGE ( 'NONE', *, *, #1569, .T. ) ;
#961 = DIRECTION ( 'NONE',  ( 0.000000000000000000, 1.000000000000000000, 0.000000000000000000 ) ) ;
#962 = ORIENTED_EDGE ( 'NONE', *, *, #145, .T. ) ;
#963 = VECTOR ( 'NONE', #951, 1000.000000000000000 ) ;
#964 = DIRECTION ( 'NONE',  ( -0.7638856255460444444, 0.000000000000000000, 0.6453516491682098621 ) ) ;
#965 = CIRCLE ( 'NONE', #1007, 3.000000000000002665 ) ;
#966 = VECTOR ( 'NONE', #1060, 1000.000000000000000 ) ;
#967 = EDGE_CURVE ( 'NONE', #1098, #762, #1802, .T. ) ;
#968 = EDGE_LOOP ( 'NONE', ( #2218, #538 ) ) ;
#969 = DIRECTION ( 'NONE',  ( 1.000000000000000000, 0.000000000000000000, 4.336808689942017736E-17 ) ) ;
#970 = VECTOR ( 'NONE', #246, 1000.000000000000114 ) ;
#971 = VECTOR ( 'NONE', #793, 1000.000000000000000 ) ;
#972 = CARTESIAN_POINT ( 'NONE',  ( -7.480994990145797660E-16, 43.09999999999983800, -17.24999999999035794 ) ) ;
#973 = CARTESIAN_POINT ( 'NONE',  ( 53.03118399314863041, 43.09999999999983800, -13.74999999999035438 ) ) ;
#974 = ORIENTED_EDGE ( 'NONE', *, *, #872, .F. ) ;
#975 = VERTEX_POINT ( 'NONE', #912 ) ;
#976 = CARTESIAN_POINT ( 'NONE',  ( 42.03118399314863041, 43.09999999999983800, 24.50000000000000000 ) ) ;
#977 = FACE_OUTER_BOUND ( 'NONE', #124, .T. ) ;
#978 = ORIENTED_EDGE ( 'NONE', *, *, #1337, .F. ) ;
#979 = DIRECTION ( 'NONE',  ( 1.301042606982605321E-16, 0.000000000000000000, -1.000000000000000000 ) ) ;
#980 = VERTEX_POINT ( 'NONE', #1649 ) ;
#981 = ORIENTED_EDGE ( 'NONE', *, *, #1489, .F. ) ;
#982 = CARTESIAN_POINT ( 'NONE',  ( 42.03118399314863041, 40.09999999999983800, 24.50000000000000000 ) ) ;
#983 = EDGE_CURVE ( 'NONE', #302, #954, #2382, .T. ) ;
#984 = EDGE_LOOP ( 'NONE', ( #368, #2143, #2, #295 ) ) ;
#985 = CARTESIAN_POINT ( 'NONE',  ( 0.000000000000000000, 40.09999999999983800, 0.000000000000000000 ) ) ;
#986 = DIRECTION ( 'NONE',  ( 0.000000000000000000, 0.000000000000000000, 1.000000000000000000 ) ) ;
#987 = EDGE_CURVE ( 'NONE', #1713, #1387, #356, .T. ) ;
#988 = VERTEX_POINT ( 'NONE', #948 ) ;
#989 = VERTEX_POINT ( 'NONE', #24 ) ;
#990 = CARTESIAN_POINT ( 'NONE',  ( 3.771649121175118857, 40.09999999999983800, 11.74999999999035261 ) ) ;
#991 = DIRECTION ( 'NONE',  ( -0.7638856255460444444, 0.000000000000000000, 0.6453516491682098621 ) ) ;
#992 = CARTESIAN_POINT ( 'NONE',  ( 7.363266182118654690, 43.09999999999983800, 8.715702827813919029 ) ) ;
#993 = ORIENTED_EDGE ( 'NONE', *, *, #1832, .T. ) ;
#994 = LINE ( 'NONE', #1720, #1822 ) ;
#995 = ORIENTED_EDGE ( 'NONE', *, *, #491, .T. ) ;
#996 = DIRECTION ( 'NONE',  ( -0.000000000000000000, -1.000000000000000000, -0.000000000000000000 ) ) ;
#997 = CARTESIAN_POINT ( 'NONE',  ( 0.000000000000000000, 0.000000000000000000, 0.000000000000000000 ) ) ;
#998 = ORIENTED_EDGE ( 'NONE', *, *, #1692, .T. ) ;
#999 = EDGE_CURVE ( 'NONE', #332, #302, #771, .T. ) ;
#1000 = ORIENTED_EDGE ( 'NONE', *, *, #370, .T. ) ;
#1001 = DIRECTION ( 'NONE',  ( 0.000000000000000000, 0.000000000000000000, 1.000000000000000000 ) ) ;
#1002 = PLANE ( 'NONE',  #1791 ) ;
#1003 = VECTOR ( 'NONE', #310, 1000.000000000000000 ) ;
#1004 = CARTESIAN_POINT ( 'NONE',  ( 43.96723894065325311, 40.09999999999983800, 22.20834312336186045 ) ) ;
#1005 = VERTEX_POINT ( 'NONE', #1683 ) ;
#1006 = VECTOR ( 'NONE', #1039, 1000.000000000000000 ) ;
#1007 = AXIS2_PLACEMENT_3D ( 'NONE', #1777, #1420, #1959 ) ;
#1008 = ORIENTED_EDGE ( 'NONE', *, *, #1167, .T. ) ;
#1009 = PLANE ( 'NONE',  #82 ) ;
#1010 = AXIS2_PLACEMENT_3D ( 'NONE', #2029, #389, #1100 ) ;
#1011 = VERTEX_POINT ( 'NONE', #2069 ) ;
#1012 = DIRECTION ( 'NONE',  ( 0.000000000000000000, 0.000000000000000000, 1.000000000000000000 ) ) ;
#1013 = ORIENTED_EDGE ( 'NONE', *, *, #2095, .T. ) ;
#1014 = EDGE_LOOP ( 'NONE', ( #288, #1685, #1028, #978, #1013, #497 ) ) ;
#1015 = CARTESIAN_POINT ( 'NONE',  ( 53.03118399314863041, 33.09999999999983800, 11.74999999999035083 ) ) ;
#1016 = DIRECTION ( 'NONE',  ( 0.000000000000000000, 1.000000000000000000, 0.000000000000000000 ) ) ;
#1017 = VERTEX_POINT ( 'NONE', #598 ) ;
#1018 = EDGE_CURVE ( 'NONE', #606, #1544, #731, .T. ) ;
#1019 = DIRECTION ( 'NONE',  ( 0.7638856255460445555, 0.000000000000000000, -0.6453516491682098621 ) ) ;
#1020 = VERTEX_POINT ( 'NONE', #746 ) ;
#1021 = EDGE_CURVE ( 'NONE', #1059, #2303, #1711, .T. ) ;
#1022 = VERTEX_POINT ( 'NONE', #419 ) ;
#1023 = CARTESIAN_POINT ( 'NONE',  ( -26.96881600685137315, 43.09999999999983800, 11.74999999999035438 ) ) ;
#1024 = EDGE_LOOP ( 'NONE', ( #799, #941, #2104, #336 ) ) ;
#1025 = FACE_OUTER_BOUND ( 'NONE', #666, .T. ) ;
#1026 = CARTESIAN_POINT ( 'NONE',  ( 5.095750210677686919E-16, 40.09999999999983800, 11.74999999999035261 ) ) ;
#1027 = ORIENTED_EDGE ( 'NONE', *, *, #560, .T. ) ;
#1028 = ORIENTED_EDGE ( 'NONE', *, *, #2059, .F. ) ;
#1029 = CARTESIAN_POINT ( 'NONE',  ( -26.96881600685137315, 33.09999999999983800, -15.49999999999035438 ) ) ;
#1030 = LINE ( 'NONE', #1054, #1748 ) ;
#1031 = CARTESIAN_POINT ( 'NONE',  ( 42.03118399314863041, 40.09999999999983800, 22.75000000000000355 ) ) ;
#1032 = DIRECTION ( 'NONE',  ( 0.000000000000000000, 1.000000000000000000, 0.000000000000000000 ) ) ;
#1033 = ADVANCED_FACE ( 'NONE', ( #1134 ), #1890, .F. ) ;
#1034 = DIRECTION ( 'NONE',  ( -0.000000000000000000, -1.000000000000000000, -0.000000000000000000 ) ) ;
#1035 = CARTESIAN_POINT ( 'NONE',  ( -15.96881600685137670, 40.09999999999983800, 22.75000000000000000 ) ) ;
#1036 = LINE ( 'NONE', #828, #1170 ) ;
#1037 = VERTEX_POINT ( 'NONE', #1696 ) ;
#1038 = ORIENTED_EDGE ( 'NONE', *, *, #331, .T. ) ;
#1039 = DIRECTION ( 'NONE',  ( 0.7638856255460443334, 0.000000000000000000, 0.6453516491682100842 ) ) ;
#1040 = CARTESIAN_POINT ( 'NONE',  ( -15.96881600685137670, 46.09999999999984510, 27.50000000000000000 ) ) ;
#1041 = CARTESIAN_POINT ( 'NONE',  ( 53.03118399314863041, 33.09999999999983800, -19.24999999999036504 ) ) ;
#1042 = ORIENTED_EDGE ( 'NONE', *, *, #1901, .T. ) ;
#1043 = VECTOR ( 'NONE', #1141, 1000.000000000000000 ) ;
#1044 = DIRECTION ( 'NONE',  ( -1.000000000000000000, 0.000000000000000000, -4.336808689942017736E-17 ) ) ;
#1045 = EDGE_CURVE ( 'NONE', #1585, #1282, #35, .T. ) ;
#1046 = VECTOR ( 'NONE', #1066, 1000.000000000000000 ) ;
#1047 = CARTESIAN_POINT ( 'NONE',  ( -26.96881600685137315, 43.09999999999983800, 15.49999999999035438 ) ) ;
#1048 =( NAMED_UNIT ( * ) SI_UNIT ( $, .STERADIAN. ) SOLID_ANGLE_UNIT ( ) );
#1049 = AXIS2_PLACEMENT_3D ( 'NONE', #985, #1232, #852 ) ;
#1050 = EDGE_CURVE ( 'NONE', #548, #989, #1313, .T. ) ;
#1051 = CIRCLE ( 'NONE', #1127, 2.999999999999999112 ) ;
#1052 = VERTEX_POINT ( 'NONE', #2049 ) ;
#1053 = CARTESIAN_POINT ( 'NONE',  ( 53.03118399314863041, 33.09999999999983800, 13.74999999999035438 ) ) ;
#1054 = CARTESIAN_POINT ( 'NONE',  ( -26.96881600685137315, 43.09999999999983800, 17.24999999999035794 ) ) ;
#1055 = CIRCLE ( 'NONE', #1128, 3.000000000000002665 ) ;
#1056 = VECTOR ( 'NONE', #1463, 1000.000000000000000 ) ;
#1057 = CARTESIAN_POINT ( 'NONE',  ( 3.491156287109394629, 43.09999999999983800, -4.132389074537651474 ) ) ;
#1058 = ORIENTED_EDGE ( 'NONE', *, *, #224, .T. ) ;
#1059 = VERTEX_POINT ( 'NONE', #2252 ) ;
#1060 = DIRECTION ( 'NONE',  ( 0.000000000000000000, -1.000000000000000000, 0.000000000000000000 ) ) ;
#1061 = EDGE_CURVE ( 'NONE', #1861, #461, #780, .T. ) ;
#1062 = ORIENTED_EDGE ( 'NONE', *, *, #2271, .T. ) ;
#1063 = LINE ( 'NONE', #1824, #432 ) ;
#1064 = EDGE_CURVE ( 'NONE', #707, #758, #608, .T. ) ;
#1065 = DIRECTION ( 'NONE',  ( 0.000000000000000000, 1.000000000000000000, 0.000000000000000000 ) ) ;
#1066 = DIRECTION ( 'NONE',  ( 0.000000000000000000, 1.000000000000000000, 0.000000000000000000 ) ) ;
#1067 = VERTEX_POINT ( 'NONE', #923 ) ;
#1068 = ORIENTED_EDGE ( 'NONE', *, *, #781, .T. ) ;
#1069 = DIRECTION ( 'NONE',  ( 0.000000000000000000, 0.000000000000000000, 1.000000000000000000 ) ) ;
#1070 = VERTEX_POINT ( 'NONE', #1310 ) ;
#1071 = FACE_OUTER_BOUND ( 'NONE', #72, .T. ) ;
#1072 = DIRECTION ( 'NONE',  ( 0.000000000000000000, 0.000000000000000000, 1.000000000000000000 ) ) ;
#1073 = EDGE_CURVE ( 'NONE', #1436, #2355, #2081, .T. ) ;
#1074 = CYLINDRICAL_SURFACE ( 'NONE', #391, 2.999999999999999112 ) ;
#1075 = EDGE_LOOP ( 'NONE', ( #320, #2183, #2305, #424 ) ) ;
#1076 = FACE_OUTER_BOUND ( 'NONE', #427, .T. ) ;
#1077 = ORIENTED_EDGE ( 'NONE', *, *, #1646, .F. ) ;
#1078 = AXIS2_PLACEMENT_3D ( 'NONE', #2009, #1129, #1261 ) ;
#1079 = LINE ( 'NONE', #2153, #518 ) ;
#1080 = VECTOR ( 'NONE', #1521, 1000.000000000000114 ) ;
#1081 = ORIENTED_EDGE ( 'NONE', *, *, #19, .T. ) ;
#1082 = AXIS2_PLACEMENT_3D ( 'NONE', #1987, #2373, #878 ) ;
#1083 = DIRECTION ( 'NONE',  ( 0.000000000000000000, 0.000000000000000000, -1.000000000000000000 ) ) ;
#1084 = CARTESIAN_POINT ( 'NONE',  ( -26.96881600685137315, 40.09999999999983800, 12.49999999999035438 ) ) ;
#1085 = VECTOR ( 'NONE', #1034, 1000.000000000000000 ) ;
#1086 = ORIENTED_EDGE ( 'NONE', *, *, #48, .F. ) ;
#1087 = CARTESIAN_POINT ( 'NONE',  ( -14.03276105934674511, 43.09999999999983800, -26.79165687663813245 ) ) ;
#1088 = DIRECTION ( 'NONE',  ( 0.000000000000000000, 1.000000000000000000, 0.000000000000000000 ) ) ;
#1089 = EDGE_CURVE ( 'NONE', #476, #1861, #1325, .T. ) ;
#1090 = ORIENTED_EDGE ( 'NONE', *, *, #615, .F. ) ;
#1091 = CARTESIAN_POINT ( 'NONE',  ( 3.491156287109394629, 43.09999999999983800, -4.132389074537651474 ) ) ;
#1092 = EDGE_CURVE ( 'NONE', #116, #1005, #692, .T. ) ;
#1093 = DIRECTION ( 'NONE',  ( 0.000000000000000000, 0.000000000000000000, -1.000000000000000000 ) ) ;
#1094 = ORIENTED_EDGE ( 'NONE', *, *, #1519, .F. ) ;
#1095 = DIRECTION ( 'NONE',  ( 0.000000000000000000, -0.000000000000000000, -1.000000000000000000 ) ) ;
#1096 = ADVANCED_BREP_SHAPE_REPRESENTATION ( 'Part6', ( #2034, #398 ), #207 ) ;
#1097 = DIRECTION ( 'NONE',  ( -0.000000000000000000, 1.000000000000000000, -0.000000000000000000 ) ) ;
#1098 = VERTEX_POINT ( 'NONE', #1484 ) ;
#1099 = DIRECTION ( 'NONE',  ( 0.7638856255460445555, 0.000000000000000000, -0.6453516491682098621 ) ) ;
#1100 = DIRECTION ( 'NONE',  ( 0.000000000000000000, 0.000000000000000000, 1.000000000000000000 ) ) ;
#1101 = VERTEX_POINT ( 'NONE', #2215 ) ;
#1102 = DIRECTION ( 'NONE',  ( 0.000000000000000000, 1.000000000000000000, -0.000000000000000000 ) ) ;
#1103 = ORIENTED_EDGE ( 'NONE', *, *, #940, .T. ) ;
#1104 = EDGE_CURVE ( 'NONE', #988, #1718, #1880, .T. ) ;
#1105 = DIRECTION ( 'NONE',  ( -0.7638856255460444444, 0.000000000000000000, 0.6453516491682098621 ) ) ;
#1106 = ORIENTED_EDGE ( 'NONE', *, *, #1516, .F. ) ;
#1107 = DIRECTION ( 'NONE',  ( 0.000000000000000000, -1.000000000000000000, 0.000000000000000000 ) ) ;
#1108 = DIRECTION ( 'NONE',  ( 0.000000000000000000, -1.000000000000000000, 0.000000000000000000 ) ) ;
#1109 = ORIENTED_EDGE ( 'NONE', *, *, #1092, .F. ) ;
#1110 = LINE ( 'NONE', #345, #468 ) ;
#1111 = CARTESIAN_POINT ( 'NONE',  ( 0.000000000000000000, 40.09999999999983800, 0.000000000000000000 ) ) ;
#1112 = EDGE_LOOP ( 'NONE', ( #1679, #610, #2103, #1799, #1346, #1338, #1761, #1394, #1422, #1117, #2256, #1185 ) ) ;
#1113 = DIRECTION ( 'NONE',  ( 0.000000000000000000, 1.000000000000000000, 0.000000000000000000 ) ) ;
#1114 = PLANE ( 'NONE',  #2129 ) ;
#1115 = ADVANCED_FACE ( 'NONE', ( #938 ), #1118, .T. ) ;
#1116 = VECTOR ( 'NONE', #260, 1000.000000000000000 ) ;
#1117 = ORIENTED_EDGE ( 'NONE', *, *, #1832, .F. ) ;
#1118 = CYLINDRICAL_SURFACE ( 'NONE', #1979, 3.000000000000002665 ) ;
#1119 = CARTESIAN_POINT ( 'NONE',  ( 42.03118399314863041, 46.09999999999984510, 26.25000000000000000 ) ) ;
#1120 = AXIS2_PLACEMENT_3D ( 'NONE', #579, #2064, #1532 ) ;
#1121 = EDGE_CURVE ( 'NONE', #2274, #1101, #1673, .T. ) ;
#1122 = AXIS2_PLACEMENT_3D ( 'NONE', #1047, #2011, #540 ) ;
#1123 = ORIENTED_EDGE ( 'NONE', *, *, #839, .F. ) ;
#1124 = DIRECTION ( 'NONE',  ( 0.000000000000000000, -1.000000000000000000, 0.000000000000000000 ) ) ;
#1125 = DIRECTION ( 'NONE',  ( 1.000000000000000000, 0.000000000000000000, 4.336808689942017736E-17 ) ) ;
#1126 = ORIENTED_EDGE ( 'NONE', *, *, #1993, .F. ) ;
#1127 = AXIS2_PLACEMENT_3D ( 'NONE', #659, #850, #2276 ) ;
#1128 = AXIS2_PLACEMENT_3D ( 'NONE', #669, #1235, #1414 ) ;
#1129 = DIRECTION ( 'NONE',  ( -0.000000000000000000, -1.000000000000000000, 0.000000000000000000 ) ) ;
#1130 = CIRCLE ( 'NONE', #935, 3.000000000000002665 ) ;
#1131 = AXIS2_PLACEMENT_3D ( 'NONE', #2265, #2254, #986 ) ;
#1132 = CARTESIAN_POINT ( 'NONE',  ( 7.363266182118654690, 43.09999999999983800, 8.715702827813919029 ) ) ;
#1133 = EDGE_CURVE ( 'NONE', #1443, #1416, #1917, .T. ) ;
#1134 = FACE_OUTER_BOUND ( 'NONE', #1702, .T. ) ;
#1135 = DIRECTION ( 'NONE',  ( 0.000000000000000000, 1.000000000000000000, 0.000000000000000000 ) ) ;
#1136 = ORIENTED_EDGE ( 'NONE', *, *, #983, .F. ) ;
#1137 = ADVANCED_FACE ( 'NONE', ( #1380 ), #1183, .T. ) ;
#1138 = CARTESIAN_POINT ( 'NONE',  ( 5.095750210677686919E-16, 43.09999999999983800, -11.74999999999035261 ) ) ;
#1139 = DIRECTION ( 'NONE',  ( 0.000000000000000000, 1.000000000000000000, 0.000000000000000000 ) ) ;
#1140 = VERTEX_POINT ( 'NONE', #264 ) ;
#1141 = DIRECTION ( 'NONE',  ( 0.000000000000000000, -1.000000000000000000, 0.000000000000000000 ) ) ;
#1142 = DIRECTION ( 'NONE',  ( 0.000000000000000000, 0.000000000000000000, -1.000000000000000000 ) ) ;
#1143 = CARTESIAN_POINT ( 'NONE',  ( 42.03118399314863041, 40.09999999999983800, -24.50000000000000000 ) ) ;
#1144 = CARTESIAN_POINT ( 'NONE',  ( 42.03118399314863041, 46.09999999999984510, 24.50000000000000000 ) ) ;
#1145 = ORIENTED_EDGE ( 'NONE', *, *, #911, .F. ) ;
#1146 = DIRECTION ( 'NONE',  ( 0.000000000000000000, 0.000000000000000000, -1.000000000000000000 ) ) ;
#1147 = CARTESIAN_POINT ( 'NONE',  ( 40.46552667217270738, 40.09999999999983800, -19.24999999999036504 ) ) ;
#1148 = ORIENTED_EDGE ( 'NONE', *, *, #136, .F. ) ;
#1149 = EDGE_CURVE ( 'NONE', #406, #55, #1583, .T. ) ;
#1150 = CARTESIAN_POINT ( 'NONE',  ( 7.363266182118654690, 40.09999999999983800, 8.715702827813919029 ) ) ;
#1151 = CARTESIAN_POINT ( 'NONE',  ( -26.96881600685137315, 33.09999999999983800, 15.49999999999035438 ) ) ;
#1152 = CARTESIAN_POINT ( 'NONE',  ( -26.96881600685137315, 40.09999999999983800, 18.49999999999035794 ) ) ;
#1153 = DIRECTION ( 'NONE',  ( 0.000000000000000000, 1.000000000000000000, 0.000000000000000000 ) ) ;
#1154 = CIRCLE ( 'NONE', #1782, 1.750000000000001554 ) ;
#1155 = ORIENTED_EDGE ( 'NONE', *, *, #252, .T. ) ;
#1156 = DIRECTION ( 'NONE',  ( 0.000000000000000000, -1.000000000000000000, 0.000000000000000000 ) ) ;
#1157 = FACE_OUTER_BOUND ( 'NONE', #1457, .T. ) ;
#1158 = ORIENTED_EDGE ( 'NONE', *, *, #1104, .F. ) ;
#1159 = CIRCLE ( 'NONE', #429, 3.000000000000002665 ) ;
#1160 = ORIENTED_EDGE ( 'NONE', *, *, #699, .T. ) ;
#1161 = FACE_OUTER_BOUND ( 'NONE', #1537, .T. ) ;
#1162 = EDGE_CURVE ( 'NONE', #869, #2303, #965, .T. ) ;
#1163 = VECTOR ( 'NONE', #2264, 1000.000000000000000 ) ;
#1164 = VERTEX_POINT ( 'NONE', #2144 ) ;
#1165 = VECTOR ( 'NONE', #553, 1000.000000000000000 ) ;
#1166 = ORIENTED_EDGE ( 'NONE', *, *, #2075, .T. ) ;
#1167 = EDGE_CURVE ( 'NONE', #877, #1499, #2324, .T. ) ;
#1168 = DIRECTION ( 'NONE',  ( 0.000000000000000000, 1.000000000000000000, 0.000000000000000000 ) ) ;
#1169 =( GEOMETRIC_REPRESENTATION_CONTEXT ( 3 ) GLOBAL_UNCERTAINTY_ASSIGNED_CONTEXT ( ( #2263 ) ) GLOBAL_UNIT_ASSIGNED_CONTEXT ( ( #1756, #1576, #2027 ) ) REPRESENTATION_CONTEXT ( 'NONE', 'WORKASPACE' ) );
#1170 = VECTOR ( 'NONE', #1918, 1000.000000000000000 ) ;
#1171 = DIRECTION ( 'NONE',  ( -4.336808689942017736E-17, 0.000000000000000000, -1.000000000000000000 ) ) ;
#1172 = CARTESIAN_POINT ( 'NONE',  ( 5.095750210677686919E-16, 43.09999999999983800, 11.74999999999035261 ) ) ;
#1173 = VERTEX_POINT ( 'NONE', #840 ) ;
#1174 = ORIENTED_EDGE ( 'NONE', *, *, #1569, .F. ) ;
#1175 = LINE ( 'NONE', #1727, #1546 ) ;
#1176 = DIRECTION ( 'NONE',  ( 1.000000000000000000, 0.000000000000000000, -1.301042606982605321E-16 ) ) ;
#1177 = ORIENTED_EDGE ( 'NONE', *, *, #1916, .T. ) ;
#1178 = DIRECTION ( 'NONE',  ( -0.6453516491682099732, 0.000000000000000000, -0.7638856255460445555 ) ) ;
#1179 = ORIENTED_EDGE ( 'NONE', *, *, #1390, .T. ) ;
#1180 = ORIENTED_EDGE ( 'NONE', *, *, #1238, .T. ) ;
#1181 = DIRECTION ( 'NONE',  ( 0.000000000000000000, 0.000000000000000000, 1.000000000000000000 ) ) ;
#1182 = ADVANCED_FACE ( 'NONE', ( #1222, #624 ), #122, .T. ) ;
#1183 = CYLINDRICAL_SURFACE ( 'NONE', #2047, 2.999999999999999112 ) ;
#1184 = DIRECTION ( 'NONE',  ( 0.000000000000000000, -1.000000000000000000, 0.000000000000000000 ) ) ;
#1185 = ORIENTED_EDGE ( 'NONE', *, *, #2251, .T. ) ;
#1186 = ORIENTED_EDGE ( 'NONE', *, *, #344, .F. ) ;
#1187 = DIRECTION ( 'NONE',  ( -0.7638856255460444444, 0.000000000000000000, -0.6453516491682098621 ) ) ;
#1188 = DIRECTION ( 'NONE',  ( 0.000000000000000000, 1.000000000000000000, -0.000000000000000000 ) ) ;
#1189 = ORIENTED_EDGE ( 'NONE', *, *, #507, .T. ) ;
#1190 = DIRECTION ( 'NONE',  ( 0.000000000000000000, 0.000000000000000000, 1.000000000000000000 ) ) ;
#1191 = ORIENTED_EDGE ( 'NONE', *, *, #2023, .F. ) ;
#1192 = ORIENTED_EDGE ( 'NONE', *, *, #1021, .F. ) ;
#1193 = LINE ( 'NONE', #1957, #1746 ) ;
#1194 = DIRECTION ( 'NONE',  ( 0.000000000000000000, 1.000000000000000000, 0.000000000000000000 ) ) ;
#1195 = ADVANCED_FACE ( 'NONE', ( #1025 ), #498, .F. ) ;
#1196 = PRODUCT_CONTEXT ( 'NONE', #845, 'mechanical' ) ;
#1197 = ORIENTED_EDGE ( 'NONE', *, *, #1089, .T. ) ;
#1198 = ORIENTED_EDGE ( 'NONE', *, *, #1952, .F. ) ;
#1199 = CARTESIAN_POINT ( 'NONE',  ( 31.16826988553031086, 43.09999999999983800, 19.24999999999036149 ) ) ;
#1200 = EDGE_CURVE ( 'NONE', #106, #466, #1595, .T. ) ;
#1201 = AXIS2_PLACEMENT_3D ( 'NONE', #1426, #2113, #1758 ) ;
#1202 = CARTESIAN_POINT ( 'NONE',  ( 3.491156287109394629, 43.09999999999983800, -4.132389074537651474 ) ) ;
#1203 = ORIENTED_EDGE ( 'NONE', *, *, #426, .F. ) ;
#1204 = VECTOR ( 'NONE', #138, 1000.000000000000000 ) ;
#1205 = VECTOR ( 'NONE', #1107, 1000.000000000000000 ) ;
#1206 = ORIENTED_EDGE ( 'NONE', *, *, #2346, .T. ) ;
#1207 = DIRECTION ( 'NONE',  ( -1.000000000000000000, 0.000000000000000000, -1.301042606982605321E-16 ) ) ;
#1208 = VECTOR ( 'NONE', #1334, 1000.000000000000000 ) ;
#1209 = ORIENTED_EDGE ( 'NONE', *, *, #868, .F. ) ;
#1210 = AXIS2_PLACEMENT_3D ( 'NONE', #570, #716, #2192 ) ;
#1211 = DIRECTION ( 'NONE',  ( 0.000000000000000000, 0.000000000000000000, -1.000000000000000000 ) ) ;
#1212 = ADVANCED_FACE ( 'NONE', ( #278, #79 ), #2317, .T. ) ;
#1213 = ORIENTED_EDGE ( 'NONE', *, *, #269, .F. ) ;
#1214 = ORIENTED_EDGE ( 'NONE', *, *, #2266, .T. ) ;
#1215 = DIRECTION ( 'NONE',  ( -0.000000000000000000, -1.000000000000000000, -0.000000000000000000 ) ) ;
#1216 = DIRECTION ( 'NONE',  ( 0.000000000000000000, -0.000000000000000000, 1.000000000000000000 ) ) ;
#1217 = ORIENTED_EDGE ( 'NONE', *, *, #1050, .F. ) ;
#1218 = ADVANCED_FACE ( 'NONE', ( #813 ), #1559, .T. ) ;
#1219 = CARTESIAN_POINT ( 'NONE',  ( 5.095750210677686919E-16, 43.09999999999983800, 11.74999999999035261 ) ) ;
#1220 = CARTESIAN_POINT ( 'NONE',  ( -15.96881600685137670, 40.09999999999983800, -24.50000000000000000 ) ) ;
#1221 = LINE ( 'NONE', #1570, #1898 ) ;
#1222 = FACE_OUTER_BOUND ( 'NONE', #512, .T. ) ;
#1223 = APPLICATION_PROTOCOL_DEFINITION ( 'draft international standard', 'automotive_design', 1998, #845 ) ;
#1224 = ORIENTED_EDGE ( 'NONE', *, *, #1707, .T. ) ;
#1225 = EDGE_LOOP ( 'NONE', ( #1062, #1300, #1203, #146 ) ) ;
#1226 = CARTESIAN_POINT ( 'NONE',  ( 31.58797565176450917, 43.09999999999983800, 11.74999999999035083 ) ) ;
#1227 = CARTESIAN_POINT ( 'NONE',  ( -14.03276105934675044, 43.09999999999983800, 26.79165687663813245 ) ) ;
#1228 = DIRECTION ( 'NONE',  ( 1.000000000000000000, -0.000000000000000000, 0.000000000000000000 ) ) ;
#1229 = ADVANCED_FACE ( 'NONE', ( #1541 ), #2107, .F. ) ;
#1230 = LINE ( 'NONE', #1942, #1502 ) ;
#1231 = DIRECTION ( 'NONE',  ( -4.336808689942017120E-17, 0.000000000000000000, 1.000000000000000000 ) ) ;
#1232 = DIRECTION ( 'NONE',  ( 0.000000000000000000, -1.000000000000000000, 0.000000000000000000 ) ) ;
#1233 = VERTEX_POINT ( 'NONE', #1752 ) ;
#1234 = LINE ( 'NONE', #858, #1740 ) ;
#1235 = DIRECTION ( 'NONE',  ( 0.000000000000000000, 1.000000000000000000, 0.000000000000000000 ) ) ;
#1236 = CARTESIAN_POINT ( 'NONE',  ( 53.03118399314863041, 40.09999999999983800, 18.49999999999036149 ) ) ;
#1237 = AXIS2_PLACEMENT_3D ( 'NONE', #833, #670, #1415 ) ;
#1238 = EDGE_CURVE ( 'NONE', #1725, #1954, #827, .T. ) ;
#1239 = FACE_OUTER_BOUND ( 'NONE', #1304, .T. ) ;
#1240 = AXIS2_PLACEMENT_3D ( 'NONE', #453, #425, #764 ) ;
#1241 = AXIS2_PLACEMENT_3D ( 'NONE', #1302, #422, #774 ) ;
#1242 = EDGE_CURVE ( 'NONE', #1017, #1020, #2308, .T. ) ;
#1243 = DIRECTION ( 'NONE',  ( 0.000000000000000000, 1.000000000000000000, -0.000000000000000000 ) ) ;
#1244 = AXIS2_PLACEMENT_3D ( 'NONE', #524, #2340, #510 ) ;
#1245 = AXIS2_PLACEMENT_3D ( 'NONE', #790, #638, #607 ) ;
#1246 = ORIENTED_EDGE ( 'NONE', *, *, #1582, .F. ) ;
#1247 = PLANE ( 'NONE',  #888 ) ;
#1248 = FILL_AREA_STYLE_COLOUR ( '', #2090 ) ;
#1249 = VECTOR ( 'NONE', #785, 1000.000000000000000 ) ;
#1250 = ORIENTED_EDGE ( 'NONE', *, *, #191, .F. ) ;
#1251 = LINE ( 'NONE', #335, #1046 ) ;
#1252 = ORIENTED_EDGE ( 'NONE', *, *, #1887, .T. ) ;
#1253 = ORIENTED_EDGE ( 'NONE', *, *, #382, .T. ) ;
#1254 = CARTESIAN_POINT ( 'NONE',  ( 43.96723894065324600, 43.09999999999983800, 22.20834312336187466 ) ) ;
#1255 = EDGE_CURVE ( 'NONE', #116, #1368, #1391, .T. ) ;
#1256 = DIRECTION ( 'NONE',  ( 0.000000000000000000, -1.000000000000000000, 0.000000000000000000 ) ) ;
#1257 = LINE ( 'NONE', #2364, #1056 ) ;
#1258 = ORIENTED_EDGE ( 'NONE', *, *, #2251, .F. ) ;
#1259 = DIRECTION ( 'NONE',  ( 0.000000000000000000, 0.000000000000000000, 1.000000000000000000 ) ) ;
#1260 = ORIENTED_EDGE ( 'NONE', *, *, #331, .F. ) ;
#1261 = DIRECTION ( 'NONE',  ( 0.000000000000000000, 0.000000000000000000, 1.000000000000000000 ) ) ;
#1262 = LINE ( 'NONE', #1254, #1551 ) ;
#1263 = EDGE_CURVE ( 'NONE', #1005, #116, #1937, .T. ) ;
#1264 = ORIENTED_EDGE ( 'NONE', *, *, #1162, .T. ) ;
#1265 = DIRECTION ( 'NONE',  ( -0.000000000000000000, -1.000000000000000000, -0.000000000000000000 ) ) ;
#1266 = EDGE_CURVE ( 'NONE', #1017, #1766, #661, .T. ) ;
#1267 = CYLINDRICAL_SURFACE ( 'NONE', #235, 2.999999999999999112 ) ;
#1268 = LINE ( 'NONE', #2040, #2164 ) ;
#1269 = ORIENTED_EDGE ( 'NONE', *, *, #1133, .F. ) ;
#1270 = DIRECTION ( 'NONE',  ( 0.000000000000000000, 0.000000000000000000, -1.000000000000000000 ) ) ;
#1271 = CIRCLE ( 'NONE', #157, 1.750000000000005107 ) ;
#1272 = CARTESIAN_POINT ( 'NONE',  ( -2.504507018440260954E-15, 43.09999999999983800, -19.24999999999035794 ) ) ;
#1273 = AXIS2_PLACEMENT_3D ( 'NONE', #870, #1575, #2100 ) ;
#1274 = ORIENTED_EDGE ( 'NONE', *, *, #633, .F. ) ;
#1275 = VECTOR ( 'NONE', #110, 1000.000000000000000 ) ;
#1276 = FACE_BOUND ( 'NONE', #20, .T. ) ;
#1277 = LINE ( 'NONE', #1084, #1480 ) ;
#1278 = AXIS2_PLACEMENT_3D ( 'NONE', #982, #444, #1181 ) ;
#1279 = ORIENTED_EDGE ( 'NONE', *, *, #1462, .F. ) ;
#1280 = DIRECTION ( 'NONE',  ( 0.000000000000000000, 1.000000000000000000, 0.000000000000000000 ) ) ;
#1281 = CARTESIAN_POINT ( 'NONE',  ( 53.03118399314863041, 40.09999999999983800, 18.49999999999036149 ) ) ;
#1282 = VERTEX_POINT ( 'NONE', #1800 ) ;
#1283 = EDGE_CURVE ( 'NONE', #907, #302, #2161, .T. ) ;
#1284 = AXIS2_PLACEMENT_3D ( 'NONE', #1584, #1931, #80 ) ;
#1285 = CARTESIAN_POINT ( 'NONE',  ( 42.03118399314863041, 40.09999999999983800, -24.50000000000000000 ) ) ;
#1286 = DIRECTION ( 'NONE',  ( 0.000000000000000000, 0.000000000000000000, 1.000000000000000000 ) ) ;
#1287 = EDGE_LOOP ( 'NONE', ( #1246, #1732, #16, #2298 ) ) ;
#1288 = CARTESIAN_POINT ( 'NONE',  ( -26.96881600685137315, 40.09999999999983800, 15.49999999999035438 ) ) ;
#1289 = LINE ( 'NONE', #148, #733 ) ;
#1290 = FACE_OUTER_BOUND ( 'NONE', #272, .T. ) ;
#1291 = CYLINDRICAL_SURFACE ( 'NONE', #1477, 1.750000000000001554 ) ;
#1292 = ORIENTED_EDGE ( 'NONE', *, *, #203, .F. ) ;
#1293 = DIRECTION ( 'NONE',  ( -0.000000000000000000, -1.000000000000000000, -0.000000000000000000 ) ) ;
#1294 = EDGE_CURVE ( 'NONE', #1067, #1070, #1469, .T. ) ;
#1295 = EDGE_CURVE ( 'NONE', #1360, #1417, #1637, .T. ) ;
#1296 = DIRECTION ( 'NONE',  ( -1.000000000000000000, 0.000000000000000000, 4.336808689942017736E-17 ) ) ;
#1297 = EDGE_LOOP ( 'NONE', ( #28, #363, #521, #1765 ) ) ;
#1298 = DIRECTION ( 'NONE',  ( 0.000000000000000000, -1.000000000000000000, 0.000000000000000000 ) ) ;
#1299 = LINE ( 'NONE', #2170, #1364 ) ;
#1300 = ORIENTED_EDGE ( 'NONE', *, *, #1450, .T. ) ;
#1301 = ORIENTED_EDGE ( 'NONE', *, *, #722, .F. ) ;
#1302 = CARTESIAN_POINT ( 'NONE',  ( 42.03118399314863041, 40.09999999999983800, 24.50000000000000000 ) ) ;
#1303 = PLANE ( 'NONE',  #815 ) ;
#1304 = EDGE_LOOP ( 'NONE', ( #2114, #1269, #730, #84 ) ) ;
#1305 = CARTESIAN_POINT ( 'NONE',  ( -17.90487095435601006, 43.09999999999983800, 22.20834312336186755 ) ) ;
#1306 = EDGE_CURVE ( 'NONE', #261, #55, #316, .T. ) ;
#1307 = CARTESIAN_POINT ( 'NONE',  ( -7.480994990145797660E-16, 40.09999999999983800, 17.24999999999035794 ) ) ;
#1308 = EDGE_CURVE ( 'NONE', #1164, #390, #1262, .T. ) ;
#1309 = VECTOR ( 'NONE', #1989, 1000.000000000000114 ) ;
#1310 = CARTESIAN_POINT ( 'NONE',  ( -14.40315868587544301, 43.09999999999983800, -19.24999999999035438 ) ) ;
#1311 = FACE_OUTER_BOUND ( 'NONE', #795, .T. ) ;
#1312 = AXIS2_PLACEMENT_3D ( 'NONE', #1922, #268, #1001 ) ;
#1313 = CIRCLE ( 'NONE', #81, 1.750000000000001554 ) ;
#1314 = ORIENTED_EDGE ( 'NONE', *, *, #1804, .F. ) ;
#1315 = ORIENTED_EDGE ( 'NONE', *, *, #139, .F. ) ;
#1316 = FACE_OUTER_BOUND ( 'NONE', #1112, .T. ) ;
#1317 = CARTESIAN_POINT ( 'NONE',  ( 53.03118399314863041, 43.09999999999983800, -12.49999999999035616 ) ) ;
#1318 = EDGE_LOOP ( 'NONE', ( #346, #7, #1410, #1434 ) ) ;
#1319 = AXIS2_PLACEMENT_3D ( 'NONE', #741, #1231, #864 ) ;
#1320 = CIRCLE ( 'NONE', #2166, 3.000000000000002665 ) ;
#1321 = LINE ( 'NONE', #71, #2319 ) ;
#1322 = VECTOR ( 'NONE', #1674, 1000.000000000000000 ) ;
#1323 = DIRECTION ( 'NONE',  ( -0.000000000000000000, -1.000000000000000000, 0.000000000000000000 ) ) ;
#1324 = EDGE_CURVE ( 'NONE', #1233, #1368, #931, .T. ) ;
#1325 = LINE ( 'NONE', #434, #1590 ) ;
#1326 = ADVANCED_FACE ( 'NONE', ( #2371, #178, #1833, #709, #1451 ), #338, .T. ) ;
#1327 = EDGE_CURVE ( 'NONE', #1393, #106, #1857, .T. ) ;
#1328 = DIRECTION ( 'NONE',  ( 0.000000000000000000, 0.000000000000000000, 1.000000000000000000 ) ) ;
#1329 = ORIENTED_EDGE ( 'NONE', *, *, #1566, .T. ) ;
#1330 = LINE ( 'NONE', #942, #1080 ) ;
#1331 = CYLINDRICAL_SURFACE ( 'NONE', #626, 1.749999999999998002 ) ;
#1332 = ORIENTED_EDGE ( 'NONE', *, *, #1162, .F. ) ;
#1333 = CARTESIAN_POINT ( 'NONE',  ( 0.000000000000000000, 33.09999999999983800, -13.74999999999035438 ) ) ;
#1334 = DIRECTION ( 'NONE',  ( -0.000000000000000000, -1.000000000000000000, -0.000000000000000000 ) ) ;
#1335 = CARTESIAN_POINT ( 'NONE',  ( -26.96881600685137315, 43.09999999999983800, -11.74999999999035438 ) ) ;
#1336 = PLANE ( 'NONE',  #1131 ) ;
#1337 = EDGE_CURVE ( 'NONE', #2109, #474, #1439, .T. ) ;
#1338 = ORIENTED_EDGE ( 'NONE', *, *, #743, .F. ) ;
#1339 = FACE_OUTER_BOUND ( 'NONE', #2038, .T. ) ;
#1340 = CYLINDRICAL_SURFACE ( 'NONE', #769, 3.000000000000002665 ) ;
#1341 = ORIENTED_EDGE ( 'NONE', *, *, #1200, .T. ) ;
#1342 = EDGE_CURVE ( 'NONE', #1699, #778, #1792, .T. ) ;
#1343 = DIRECTION ( 'NONE',  ( 0.000000000000000000, -1.000000000000000000, 0.000000000000000000 ) ) ;
#1344 = ORIENTED_EDGE ( 'NONE', *, *, #2266, .F. ) ;
#1345 = DIRECTION ( 'NONE',  ( 0.7638856255460445555, 0.000000000000000000, -0.6453516491682098621 ) ) ;
#1346 = ORIENTED_EDGE ( 'NONE', *, *, #754, .F. ) ;
#1347 = CARTESIAN_POINT ( 'NONE',  ( 5.095750210677686919E-16, 40.09999999999983800, -11.74999999999035261 ) ) ;
#1348 = DIRECTION ( 'NONE',  ( 0.000000000000000000, 0.000000000000000000, -1.000000000000000000 ) ) ;
#1349 = AXIS2_PLACEMENT_3D ( 'NONE', #708, #12, #884 ) ;
#1350 = VERTEX_POINT ( 'NONE', #2185 ) ;
#1351 = ORIENTED_EDGE ( 'NONE', *, *, #1723, .F. ) ;
#1352 = VECTOR ( 'NONE', #1293, 1000.000000000000000 ) ;
#1353 = LINE ( 'NONE', #1700, #2010 ) ;
#1354 = LINE ( 'NONE', #2087, #1941 ) ;
#1355 = ORIENTED_EDGE ( 'NONE', *, *, #800, .F. ) ;
#1356 = CIRCLE ( 'NONE', #886, 2.999999999999999112 ) ;
#1357 = DIRECTION ( 'NONE',  ( 0.000000000000000000, 1.000000000000000000, 0.000000000000000000 ) ) ;
#1358 = VECTOR ( 'NONE', #1440, 1000.000000000000000 ) ;
#1359 = ADVANCED_FACE ( 'NONE', ( #885 ), #1625, .F. ) ;
#1360 = VERTEX_POINT ( 'NONE', #682 ) ;
#1361 = AXIS2_PLACEMENT_3D ( 'NONE', #134, #2182, #1044 ) ;
#1362 = ORIENTED_EDGE ( 'NONE', *, *, #445, .F. ) ;
#1363 = LINE ( 'NONE', #2105, #932 ) ;
#1364 = VECTOR ( 'NONE', #1065, 1000.000000000000000 ) ;
#1365 = AXIS2_PLACEMENT_3D ( 'NONE', #747, #2061, #228 ) ;
#1366 = DIRECTION ( 'NONE',  ( 0.000000000000000000, -1.000000000000000000, 0.000000000000000000 ) ) ;
#1367 = ORIENTED_EDGE ( 'NONE', *, *, #701, .T. ) ;
#1368 = VERTEX_POINT ( 'NONE', #348 ) ;
#1369 = FACE_OUTER_BOUND ( 'NONE', #337, .T. ) ;
#1370 = CARTESIAN_POINT ( 'NONE',  ( -14.40315868587544301, 40.09999999999983800, -19.24999999999035794 ) ) ;
#1371 = ORIENTED_EDGE ( 'NONE', *, *, #2023, .T. ) ;
#1372 = DIRECTION ( 'NONE',  ( 0.000000000000000000, 1.000000000000000000, 0.000000000000000000 ) ) ;
#1373 = ORIENTED_EDGE ( 'NONE', *, *, #265, .F. ) ;
#1374 = ORIENTED_EDGE ( 'NONE', *, *, #19, .F. ) ;
#1375 = EDGE_CURVE ( 'NONE', #464, #1640, #664, .T. ) ;
#1376 = VERTEX_POINT ( 'NONE', #1429 ) ;
#1377 = DIRECTION ( 'NONE',  ( 0.000000000000000000, -1.000000000000000000, 0.000000000000000000 ) ) ;
#1378 = ORIENTED_EDGE ( 'NONE', *, *, #1411, .F. ) ;
#1379 = EDGE_CURVE ( 'NONE', #2231, #57, #1079, .T. ) ;
#1380 = FACE_OUTER_BOUND ( 'NONE', #1529, .T. ) ;
#1381 = EDGE_LOOP ( 'NONE', ( #882, #1789, #1663, #1909 ) ) ;
#1382 = ORIENTED_EDGE ( 'NONE', *, *, #1392, .F. ) ;
#1383 = CARTESIAN_POINT ( 'NONE',  ( -26.96881600685137315, 33.09999999999983800, -13.74999999999035438 ) ) ;
#1384 = PRESENTATION_STYLE_ASSIGNMENT (( #2312 ) ) ;
#1385 = ORIENTED_EDGE ( 'NONE', *, *, #1744, .T. ) ;
#1386 = CARTESIAN_POINT ( 'NONE',  ( -26.96881600685137315, 43.09999999999983800, -12.49999999999035438 ) ) ;
#1387 = VERTEX_POINT ( 'NONE', #1647 ) ;
#1388 = VERTEX_POINT ( 'NONE', #720 ) ;
#1389 = DIRECTION ( 'NONE',  ( 0.000000000000000000, 1.000000000000000000, -0.000000000000000000 ) ) ;
#1390 = EDGE_CURVE ( 'NONE', #1920, #980, #899, .T. ) ;
#1391 = LINE ( 'NONE', #1035, #393 ) ;
#1392 = EDGE_CURVE ( 'NONE', #2072, #1834, #866, .T. ) ;
#1393 = VERTEX_POINT ( 'NONE', #144 ) ;
#1394 = ORIENTED_EDGE ( 'NONE', *, *, #983, .T. ) ;
#1395 = LINE ( 'NONE', #1741, #2196 ) ;
#1396 = DIRECTION ( 'NONE',  ( 0.000000000000000000, 0.000000000000000000, 1.000000000000000000 ) ) ;
#1397 = ORIENTED_EDGE ( 'NONE', *, *, #93, .F. ) ;
#1398 = AXIS2_PLACEMENT_3D ( 'NONE', #1886, #1178, #964 ) ;
#1399 = CARTESIAN_POINT ( 'NONE',  ( -7.480994990145797660E-16, 33.09999999999983800, -17.24999999999035794 ) ) ;
#1400 = EDGE_LOOP ( 'NONE', ( #1382, #1206, #2035, #1873, #1090, #1948, #273, #223, #250, #875, #262, #65 ) ) ;
#1401 = CIRCLE ( 'NONE', #1120, 1.749999999999998002 ) ;
#1402 = VECTOR ( 'NONE', #189, 1000.000000000000000 ) ;
#1403 = CARTESIAN_POINT ( 'NONE',  ( 7.363266182118654690, 43.09999999999983800, 8.715702827813919029 ) ) ;
#1404 = DIRECTION ( 'NONE',  ( -0.000000000000000000, 1.000000000000000000, -0.000000000000000000 ) ) ;
#1405 = VECTOR ( 'NONE', #564, 1000.000000000000000 ) ;
#1406 = VECTOR ( 'NONE', #2342, 1000.000000000000000 ) ;
#1407 = DIRECTION ( 'NONE',  ( 0.000000000000000000, 1.000000000000000000, -0.000000000000000000 ) ) ;
#1408 = DIRECTION ( 'NONE',  ( 0.000000000000000000, 1.000000000000000000, -0.000000000000000000 ) ) ;
#1409 = AXIS2_PLACEMENT_3D ( 'NONE', #599, #64, #2070 ) ;
#1410 = ORIENTED_EDGE ( 'NONE', *, *, #370, .F. ) ;
#1411 = EDGE_CURVE ( 'NONE', #817, #1815, #1703, .T. ) ;
#1412 = ORIENTED_EDGE ( 'NONE', *, *, #1479, .F. ) ;
#1413 = DIRECTION ( 'NONE',  ( 0.7638856255460445555, 0.000000000000000000, 0.6453516491682098621 ) ) ;
#1414 = DIRECTION ( 'NONE',  ( 0.000000000000000000, 0.000000000000000000, 1.000000000000000000 ) ) ;
#1415 = DIRECTION ( 'NONE',  ( 0.000000000000000000, 0.000000000000000000, -1.000000000000000000 ) ) ;
#1416 = VERTEX_POINT ( 'NONE', #1493 ) ;
#1417 = VERTEX_POINT ( 'NONE', #2394 ) ;
#1418 = DIRECTION ( 'NONE',  ( 0.000000000000000000, 0.000000000000000000, 1.000000000000000000 ) ) ;
#1419 = ORIENTED_EDGE ( 'NONE', *, *, #563, .F. ) ;
#1420 = DIRECTION ( 'NONE',  ( 0.000000000000000000, 1.000000000000000000, -0.000000000000000000 ) ) ;
#1421 = SHAPE_DEFINITION_REPRESENTATION ( #2369, #1096 ) ;
#1422 = ORIENTED_EDGE ( 'NONE', *, *, #89, .F. ) ;
#1423 = DIRECTION ( 'NONE',  ( -1.000000000000000000, 0.000000000000000000, -4.336808689942017736E-17 ) ) ;
#1424 = LINE ( 'NONE', #463, #1704 ) ;
#1425 = EDGE_CURVE ( 'NONE', #1544, #1954, #957, .T. ) ;
#1426 = CARTESIAN_POINT ( 'NONE',  ( 53.03118399314863041, 43.09999999999983800, 15.49999999999035794 ) ) ;
#1427 = EDGE_CURVE ( 'NONE', #1436, #656, #13, .T. ) ;
#1428 = LINE ( 'NONE', #369, #121 ) ;
#1429 = CARTESIAN_POINT ( 'NONE',  ( -15.96881600685137670, 40.09999999999983800, -27.50000000000000000 ) ) ;
#1430 = DIRECTION ( 'NONE',  ( 0.000000000000000000, -0.000000000000000000, -1.000000000000000000 ) ) ;
#1431 = DIRECTION ( 'NONE',  ( 0.000000000000000000, 1.000000000000000000, 0.000000000000000000 ) ) ;
#1432 = VERTEX_POINT ( 'NONE', #47 ) ;
#1433 = DIRECTION ( 'NONE',  ( -0.7638856255460444444, 0.000000000000000000, -0.6453516491682098621 ) ) ;
#1434 = ORIENTED_EDGE ( 'NONE', *, *, #754, .T. ) ;
#1435 = CIRCLE ( 'NONE', #318, 2.999999999999999112 ) ;
#1436 = VERTEX_POINT ( 'NONE', #1694 ) ;
#1437 = ADVANCED_FACE ( 'NONE', ( #768 ), #215, .T. ) ;
#1438 = AXIS2_PLACEMENT_3D ( 'NONE', #258, #602, #760 ) ;
#1439 = CIRCLE ( 'NONE', #891, 2.999999999999999112 ) ;
#1440 = DIRECTION ( 'NONE',  ( 1.000000000000000000, 0.000000000000000000, -1.301042606982605321E-16 ) ) ;
#1441 = CIRCLE ( 'NONE', #812, 1.750000000000003331 ) ;
#1442 = AXIS2_PLACEMENT_3D ( 'NONE', #913, #2015, #556 ) ;
#1443 = VERTEX_POINT ( 'NONE', #371 ) ;
#1444 = CARTESIAN_POINT ( 'NONE',  ( -26.96881600685137315, 33.09999999999983800, -19.24999999999035438 ) ) ;
#1445 = DIRECTION ( 'NONE',  ( 0.000000000000000000, -1.000000000000000000, 0.000000000000000000 ) ) ;
#1446 = AXIS2_PLACEMENT_3D ( 'NONE', #385, #1153, #959 ) ;
#1447 = DIRECTION ( 'NONE',  ( 1.000000000000000000, 0.000000000000000000, -4.336808689942017120E-17 ) ) ;
#1448 = ORIENTED_EDGE ( 'NONE', *, *, #1149, .T. ) ;
#1449 = CARTESIAN_POINT ( 'NONE',  ( 3.491156287109394629, 43.09999999999983800, 4.132389074537651474 ) ) ;
#1450 = EDGE_CURVE ( 'NONE', #439, #635, #239, .T. ) ;
#1451 = FACE_BOUND ( 'NONE', #2273, .T. ) ;
#1452 = EDGE_CURVE ( 'NONE', #1738, #1766, #36, .T. ) ;
#1453 = CARTESIAN_POINT ( 'NONE',  ( -15.96881600685137670, 40.09999999999983800, -24.50000000000000000 ) ) ;
#1454 = CARTESIAN_POINT ( 'NONE',  ( 7.363266182118652026, 43.09999999999983800, -8.715702827813911924 ) ) ;
#1455 = CARTESIAN_POINT ( 'NONE',  ( 53.03118399314863041, 40.09999999999983800, -12.49999999999035616 ) ) ;
#1456 = DIRECTION ( 'NONE',  ( -0.000000000000000000, 1.000000000000000000, -0.000000000000000000 ) ) ;
#1457 = EDGE_LOOP ( 'NONE', ( #229, #1158, #673, #2328 ) ) ;
#1458 = CARTESIAN_POINT ( 'NONE',  ( 3.491156287109394629, 40.09999999999983800, 4.132389074537651474 ) ) ;
#1459 = DIRECTION ( 'NONE',  ( 0.000000000000000000, 0.000000000000000000, -1.000000000000000000 ) ) ;
#1460 = VERTEX_POINT ( 'NONE', #1879 ) ;
#1461 = LINE ( 'NONE', #2188, #1205 ) ;
#1462 = EDGE_CURVE ( 'NONE', #791, #762, #1526, .T. ) ;
#1463 = DIRECTION ( 'NONE',  ( 1.000000000000000000, 0.000000000000000000, 1.301042606982605321E-16 ) ) ;
#1464 = CARTESIAN_POINT ( 'NONE',  ( 42.03118399314863041, 40.09999999999983800, -24.50000000000000000 ) ) ;
#1465 = CARTESIAN_POINT ( 'NONE',  ( 7.363266182118652026, 40.09999999999983800, -8.715702827813911924 ) ) ;
#1466 = EDGE_LOOP ( 'NONE', ( #448, #1000, #657, #2375, #100, #78, #109, #2291, #142, #2151, #1665, #561, #213, #1160, #981, #1933, #2202, #1186, #2206, #960, #993, #995, #219, #895, #306, #1483, #1669, #1904, #565, #2209, #1508, #441, #719, #1552 ) ) ;
#1467 = CARTESIAN_POINT ( 'NONE',  ( -26.96881600685137315, 43.09999999999983800, 11.74999999999035438 ) ) ;
#1468 = AXIS2_PLACEMENT_3D ( 'NONE', #728, #366, #928 ) ;
#1469 = LINE ( 'NONE', #1272, #1358 ) ;
#1470 = CIRCLE ( 'NONE', #1743, 3.000000000000002665 ) ;
#1471 = CARTESIAN_POINT ( 'NONE',  ( 42.03118399314863041, 40.09999999999983800, 26.25000000000000000 ) ) ;
#1472 = CARTESIAN_POINT ( 'NONE',  ( 31.58797565176453404, 40.09999999999983800, -11.74999999999035438 ) ) ;
#1473 = CIRCLE ( 'NONE', #1862, 2.999999999999999112 ) ;
#1474 = EDGE_CURVE ( 'NONE', #1721, #1945, #734, .T. ) ;
#1475 = CARTESIAN_POINT ( 'NONE',  ( 7.363266182118654690, 40.09999999999983800, 8.715702827813919029 ) ) ;
#1476 = DIRECTION ( 'NONE',  ( 0.000000000000000000, 0.000000000000000000, 1.000000000000000000 ) ) ;
#1477 = AXIS2_PLACEMENT_3D ( 'NONE', #2220, #1088, #1476 ) ;
#1478 = ORIENTED_EDGE ( 'NONE', *, *, #601, .F. ) ;
#1479 = EDGE_CURVE ( 'NONE', #383, #1798, #2262, .T. ) ;
#1480 = VECTOR ( 'NONE', #1097, 1000.000000000000000 ) ;
#1481 = PLANE ( 'NONE',  #2154 ) ;
#1482 = DIRECTION ( 'NONE',  ( -0.6453516491682099732, 0.000000000000000000, -0.7638856255460445555 ) ) ;
#1483 = ORIENTED_EDGE ( 'NONE', *, *, #588, .T. ) ;
#1484 = CARTESIAN_POINT ( 'NONE',  ( -26.96881600685137315, 33.09999999999983800, 11.74999999999035438 ) ) ;
#1485 = FACE_OUTER_BOUND ( 'NONE', #2259, .T. ) ;
#1486 = ORIENTED_EDGE ( 'NONE', *, *, #911, .T. ) ;
#1487 = DIRECTION ( 'NONE',  ( -0.000000000000000000, 1.000000000000000000, -0.000000000000000000 ) ) ;
#1488 = CARTESIAN_POINT ( 'NONE',  ( -15.96881600685137670, 40.09999999999983800, 24.50000000000000000 ) ) ;
#1489 = EDGE_CURVE ( 'NONE', #742, #1164, #1869, .T. ) ;
#1490 = ORIENTED_EDGE ( 'NONE', *, *, #2271, .F. ) ;
#1491 = LINE ( 'NONE', #1305, #721 ) ;
#1492 = EDGE_CURVE ( 'NONE', #1863, #988, #381, .T. ) ;
#1493 = CARTESIAN_POINT ( 'NONE',  ( 43.96723894065326022, 40.09999999999983800, -22.20834312336186755 ) ) ;
#1494 = CARTESIAN_POINT ( 'NONE',  ( 42.03118399314863041, 40.09999999999983800, 21.50000000000000000 ) ) ;
#1495 = FACE_OUTER_BOUND ( 'NONE', #1882, .T. ) ;
#1496 = ORIENTED_EDGE ( 'NONE', *, *, #1045, .F. ) ;
#1497 = DIRECTION ( 'NONE',  ( 0.000000000000000000, -1.000000000000000000, 0.000000000000000000 ) ) ;
#1498 = CARTESIAN_POINT ( 'NONE',  ( 42.03118399314863041, 40.09999999999983800, -24.50000000000000000 ) ) ;
#1499 = VERTEX_POINT ( 'NONE', #2058 ) ;
#1500 = DIRECTION ( 'NONE',  ( -1.000000000000000000, 0.000000000000000000, 0.000000000000000000 ) ) ;
#1501 = ADVANCED_FACE ( 'NONE', ( #395 ), #1114, .F. ) ;
#1502 = VECTOR ( 'NONE', #312, 1000.000000000000000 ) ;
#1503 = DIRECTION ( 'NONE',  ( -0.7638856255460443334, 0.000000000000000000, -0.6453516491682100842 ) ) ;
#1504 = DIRECTION ( 'NONE',  ( 0.000000000000000000, 1.000000000000000000, -0.000000000000000000 ) ) ;
#1505 = DIRECTION ( 'NONE',  ( 0.000000000000000000, 0.000000000000000000, 1.000000000000000000 ) ) ;
#1506 = AXIS2_PLACEMENT_3D ( 'NONE', #1563, #642, #818 ) ;
#1507 = AXIS2_PLACEMENT_3D ( 'NONE', #37, #49, #756 ) ;
#1508 = ORIENTED_EDGE ( 'NONE', *, *, #1337, .T. ) ;
#1509 = ORIENTED_EDGE ( 'NONE', *, *, #1636, .T. ) ;
#1510 = CARTESIAN_POINT ( 'NONE',  ( 3.491156287109394629, 43.09999999999983800, 4.132389074537651474 ) ) ;
#1511 = ORIENTED_EDGE ( 'NONE', *, *, #2165, .F. ) ;
#1512 = VECTOR ( 'NONE', #1682, 1000.000000000000000 ) ;
#1513 = AXIS2_PLACEMENT_3D ( 'NONE', #844, #479, #1975 ) ;
#1514 = CARTESIAN_POINT ( 'NONE',  ( 40.09512904564400060, 43.09999999999983800, 26.79165687663813600 ) ) ;
#1515 = DIRECTION ( 'NONE',  ( 0.000000000000000000, -1.000000000000000000, 0.000000000000000000 ) ) ;
#1516 = EDGE_CURVE ( 'NONE', #707, #101, #2213, .T. ) ;
#1517 = DIRECTION ( 'NONE',  ( 0.000000000000000000, 1.000000000000000000, 0.000000000000000000 ) ) ;
#1518 = CARTESIAN_POINT ( 'NONE',  ( -26.96881600685137315, 43.09999999999983800, -18.49999999999035794 ) ) ;
#1519 = EDGE_CURVE ( 'NONE', #1017, #383, #2395, .T. ) ;
#1520 = ORIENTED_EDGE ( 'NONE', *, *, #1450, .F. ) ;
#1521 = DIRECTION ( 'NONE',  ( 0.7638856255460445555, 0.000000000000000000, -0.6453516491682098621 ) ) ;
#1522 = DIRECTION ( 'NONE',  ( 0.000000000000000000, 0.000000000000000000, 1.000000000000000000 ) ) ;
#1523 = ORIENTED_EDGE ( 'NONE', *, *, #1776, .F. ) ;
#1524 = CARTESIAN_POINT ( 'NONE',  ( 42.03118399314863041, 40.09999999999983800, 26.25000000000000000 ) ) ;
#1525 = ORIENTED_EDGE ( 'NONE', *, *, #2118, .T. ) ;
#1526 = LINE ( 'NONE', #226, #1208 ) ;
#1527 = CARTESIAN_POINT ( 'NONE',  ( -15.96881600685137670, 40.09999999999983800, -24.50000000000000000 ) ) ;
#1528 = CARTESIAN_POINT ( 'NONE',  ( -26.96881600685137315, 40.09999999999983800, -15.49999999999035438 ) ) ;
#1529 = EDGE_LOOP ( 'NONE', ( #355, #557, #2093, #592, #175, #1191 ) ) ;
#1530 = ADVANCED_FACE ( 'NONE', ( #23 ), #755, .T. ) ;
#1531 = EDGE_LOOP ( 'NONE', ( #2197, #97, #1545, #751, #192 ) ) ;
#1532 = DIRECTION ( 'NONE',  ( 0.000000000000000000, 0.000000000000000000, 1.000000000000000000 ) ) ;
#1533 = DIRECTION ( 'NONE',  ( 0.000000000000000000, 0.000000000000000000, -1.000000000000000000 ) ) ;
#1534 = ORIENTED_EDGE ( 'NONE', *, *, #351, .F. ) ;
#1535 = FACE_OUTER_BOUND ( 'NONE', #1014, .T. ) ;
#1536 = ORIENTED_EDGE ( 'NONE', *, *, #2138, .T. ) ;
#1537 = EDGE_LOOP ( 'NONE', ( #1653, #1209, #1180, #998, #1568, #2297, #266, #628, #95, #735, #277, #665 ) ) ;
#1538 = LINE ( 'NONE', #290, #1554 ) ;
#1539 = ORIENTED_EDGE ( 'NONE', *, *, #426, .T. ) ;
#1540 = VECTOR ( 'NONE', #1868, 1000.000000000000114 ) ;
#1541 = FACE_OUTER_BOUND ( 'NONE', #1024, .T. ) ;
#1542 = LINE ( 'NONE', #939, #1322 ) ;
#1543 = VECTOR ( 'NONE', #680, 1000.000000000000000 ) ;
#1544 = VERTEX_POINT ( 'NONE', #186 ) ;
#1545 = ORIENTED_EDGE ( 'NONE', *, *, #149, .F. ) ;
#1546 = VECTOR ( 'NONE', #1874, 1000.000000000000000 ) ;
#1547 = DIRECTION ( 'NONE',  ( 0.000000000000000000, 0.000000000000000000, 1.000000000000000000 ) ) ;
#1548 = CARTESIAN_POINT ( 'NONE',  ( -2.504507018440260954E-15, 40.09999999999983800, -19.24999999999035794 ) ) ;
#1549 = EDGE_CURVE ( 'NONE', #758, #1719, #920, .T. ) ;
#1550 = CARTESIAN_POINT ( 'NONE',  ( 40.46552667217268606, 43.09999999999983800, 19.24999999999036859 ) ) ;
#1551 = VECTOR ( 'NONE', #876, 1000.000000000000000 ) ;
#1552 = ORIENTED_EDGE ( 'NONE', *, *, #2359, .T. ) ;
#1553 = ADVANCED_FACE ( 'NONE', ( #1672 ), #2236, .F. ) ;
#1554 = VECTOR ( 'NONE', #2079, 1000.000000000000000 ) ;
#1555 = ORIENTED_EDGE ( 'NONE', *, *, #823, .F. ) ;
#1556 = LINE ( 'NONE', #456, #280 ) ;
#1557 = AXIS2_PLACEMENT_3D ( 'NONE', #1588, #1016, #1396 ) ;
#1558 = AXIS2_PLACEMENT_3D ( 'NONE', #1947, #1408, #1778 ) ;
#1559 = PLANE ( 'NONE',  #663 ) ;
#1560 = CARTESIAN_POINT ( 'NONE',  ( -26.96881600685137315, 43.09999999999983800, -15.49999999999035438 ) ) ;
#1561 = EDGE_LOOP ( 'NONE', ( #916, #1148, #2187, #244 ) ) ;
#1562 = EDGE_LOOP ( 'NONE', ( #1998, #1214, #1448, #1864, #1612, #821, #651, #1900, #1077, #1341, #1586, #120 ) ) ;
#1563 = CARTESIAN_POINT ( 'NONE',  ( 42.03118399314863041, 40.09999999999983800, -24.50000000000000000 ) ) ;
#1564 = CARTESIAN_POINT ( 'NONE',  ( 53.03118399314863041, 43.09999999999983800, 13.74999999999035438 ) ) ;
#1565 = LINE ( 'NONE', #2128, #2391 ) ;
#1566 = EDGE_CURVE ( 'NONE', #247, #184, #1193, .T. ) ;
#1567 = VERTEX_POINT ( 'NONE', #484 ) ;
#1568 = ORIENTED_EDGE ( 'NONE', *, *, #1379, .F. ) ;
#1569 = EDGE_CURVE ( 'NONE', #1173, #1850, #1221, .T. ) ;
#1570 = CARTESIAN_POINT ( 'NONE',  ( 7.363266182118654690, 43.09999999999983800, 8.715702827813919029 ) ) ;
#1571 = CARTESIAN_POINT ( 'NONE',  ( -5.105901899233054486, 43.09999999999983800, 19.24999999999035794 ) ) ;
#1572 = CARTESIAN_POINT ( 'NONE',  ( 13.03118399314862508, 43.09999999999983800, 3.927289504702387912 ) ) ;
#1573 = ORIENTED_EDGE ( 'NONE', *, *, #544, .T. ) ;
#1574 = ORIENTED_EDGE ( 'NONE', *, *, #1474, .F. ) ;
#1575 = DIRECTION ( 'NONE',  ( -0.000000000000000000, 1.000000000000000000, -0.000000000000000000 ) ) ;
#1576 =( NAMED_UNIT ( * ) PLANE_ANGLE_UNIT ( ) SI_UNIT ( $, .RADIAN. ) );
#1577 = FACE_OUTER_BOUND ( 'NONE', #2178, .T. ) ;
#1578 = ORIENTED_EDGE ( 'NONE', *, *, #1919, .T. ) ;
#1579 = EDGE_CURVE ( 'NONE', #1718, #816, #994, .T. ) ;
#1580 = ORIENTED_EDGE ( 'NONE', *, *, #1308, .T. ) ;
#1581 = CARTESIAN_POINT ( 'NONE',  ( -26.96881600685137315, 33.09999999999983800, 15.49999999999035438 ) ) ;
#1582 = EDGE_CURVE ( 'NONE', #58, #1098, #326, .T. ) ;
#1583 = LINE ( 'NONE', #293, #2282 ) ;
#1584 = CARTESIAN_POINT ( 'NONE',  ( -15.96881600685137670, 46.09999999999984510, 24.50000000000000000 ) ) ;
#1585 = VERTEX_POINT ( 'NONE', #647 ) ;
#1586 = ORIENTED_EDGE ( 'NONE', *, *, #457, .T. ) ;
#1587 = CARTESIAN_POINT ( 'NONE',  ( -15.96881600685137670, 40.09999999999983800, -26.25000000000000355 ) ) ;
#1588 = CARTESIAN_POINT ( 'NONE',  ( 42.03118399314863041, 40.09999999999983800, 24.50000000000000000 ) ) ;
#1589 = LINE ( 'NONE', #1399, #2277 ) ;
#1590 = VECTOR ( 'NONE', #2060, 1000.000000000000114 ) ;
#1591 = ORIENTED_EDGE ( 'NONE', *, *, #1489, .T. ) ;
#1592 = DIRECTION ( 'NONE',  ( 0.000000000000000000, 1.000000000000000000, 0.000000000000000000 ) ) ;
#1593 = VECTOR ( 'NONE', #969, 1000.000000000000000 ) ;
#1594 = MECHANICAL_DESIGN_GEOMETRIC_PRESENTATION_REPRESENTATION (  '', ( #1627 ), #1169 ) ;
#1595 = LINE ( 'NONE', #1722, #472 ) ;
#1596 = EDGE_CURVE ( 'NONE', #1443, #1721, #855, .T. ) ;
#1597 = CARTESIAN_POINT ( 'NONE',  ( 31.58797565176450917, 43.09999999999983800, 11.74999999999035083 ) ) ;
#1598 = ORIENTED_EDGE ( 'NONE', *, *, #544, .F. ) ;
#1599 = DIRECTION ( 'NONE',  ( -0.000000000000000000, -1.000000000000000000, -0.000000000000000000 ) ) ;
#1600 = EDGE_CURVE ( 'NONE', #184, #600, #623, .T. ) ;
#1601 = DIRECTION ( 'NONE',  ( -0.000000000000000000, -1.000000000000000000, -0.000000000000000000 ) ) ;
#1602 = ORIENTED_EDGE ( 'NONE', *, *, #1618, .F. ) ;
#1603 = CYLINDRICAL_SURFACE ( 'NONE', #1201, 3.750000000000006661 ) ;
#1604 = VERTEX_POINT ( 'NONE', #2316 ) ;
#1605 = CARTESIAN_POINT ( 'NONE',  ( 40.46552667217272159, 43.09999999999983800, -19.24999999999036859 ) ) ;
#1606 =( NAMED_UNIT ( * ) PLANE_ANGLE_UNIT ( ) SI_UNIT ( $, .RADIAN. ) );
#1607 = FACE_OUTER_BOUND ( 'NONE', #1381, .T. ) ;
#1608 = DIRECTION ( 'NONE',  ( 0.000000000000000000, -1.000000000000000000, 0.000000000000000000 ) ) ;
#1609 = EDGE_CURVE ( 'NONE', #2355, #261, #1538, .T. ) ;
#1610 = DIRECTION ( 'NONE',  ( 0.000000000000000000, -1.000000000000000000, 0.000000000000000000 ) ) ;
#1611 = ORIENTED_EDGE ( 'NONE', *, *, #1664, .T. ) ;
#1612 = ORIENTED_EDGE ( 'NONE', *, *, #2318, .F. ) ;
#1613 = CARTESIAN_POINT ( 'NONE',  ( 42.03118399314863041, 40.09999999999983800, -24.50000000000000000 ) ) ;
#1614 = ORIENTED_EDGE ( 'NONE', *, *, #475, .T. ) ;
#1615 = DIRECTION ( 'NONE',  ( 0.000000000000000000, 0.000000000000000000, -1.000000000000000000 ) ) ;
#1616 = PLANE ( 'NONE',  #168 ) ;
#1617 = CARTESIAN_POINT ( 'NONE',  ( -8.023096076388550863E-16, 40.09999999999983800, -18.49999999999035794 ) ) ;
#1618 = EDGE_CURVE ( 'NONE', #1809, #1360, #1051, .T. ) ;
#1619 = ORIENTED_EDGE ( 'NONE', *, *, #1121, .F. ) ;
#1620 = CIRCLE ( 'NONE', #578, 3.750000000000006661 ) ;
#1621 = DIRECTION ( 'NONE',  ( 1.000000000000000000, 0.000000000000000000, 4.336808689942017120E-17 ) ) ;
#1622 = AXIS2_PLACEMENT_3D ( 'NONE', #1138, #221, #1423 ) ;
#1623 = EDGE_CURVE ( 'NONE', #620, #101, #1556, .T. ) ;
#1624 = AXIS2_PLACEMENT_3D ( 'NONE', #458, #1194, #1012 ) ;
#1625 = PLANE ( 'NONE',  #694 ) ;
#1626 = CIRCLE ( 'NONE', #1010, 3.750000000000006661 ) ;
#1627 = STYLED_ITEM ( 'NONE', ( #1384 ), #2034 ) ;
#1628 = FACE_OUTER_BOUND ( 'NONE', #1754, .T. ) ;
#1629 = CARTESIAN_POINT ( 'NONE',  ( -8.023096076388550863E-16, 43.09999999999983800, -18.49999999999035794 ) ) ;
#1630 = CIRCLE ( 'NONE', #43, 3.000000000000000888 ) ;
#1631 = CARTESIAN_POINT ( 'NONE',  ( -14.03276105934674689, 40.09999999999983800, -26.79165687663813245 ) ) ;
#1632 = FACE_OUTER_BOUND ( 'NONE', #2145, .T. ) ;
#1633 = ORIENTED_EDGE ( 'NONE', *, *, #209, .F. ) ;
#1634 = EDGE_CURVE ( 'NONE', #635, #1282, #1774, .T. ) ;
#1635 = DIRECTION ( 'NONE',  ( 0.6453516491682100842, 0.000000000000000000, -0.7638856255460443334 ) ) ;
#1636 = EDGE_CURVE ( 'NONE', #1809, #2231, #1363, .T. ) ;
#1637 = LINE ( 'NONE', #2167, #324 ) ;
#1638 = DIRECTION ( 'NONE',  ( 0.000000000000000000, 0.000000000000000000, 1.000000000000000000 ) ) ;
#1639 = LINE ( 'NONE', #1454, #90 ) ;
#1640 = VERTEX_POINT ( 'NONE', #75 ) ;
#1641 = EDGE_LOOP ( 'NONE', ( #554, #804, #163, #1371 ) ) ;
#1642 = DIRECTION ( 'NONE',  ( 0.000000000000000000, 0.000000000000000000, 1.000000000000000000 ) ) ;
#1643 = FACE_OUTER_BOUND ( 'NONE', #2212, .T. ) ;
#1644 = ORIENTED_EDGE ( 'NONE', *, *, #2304, .T. ) ;
#1645 = LINE ( 'NONE', #530, #847 ) ;
#1646 = EDGE_CURVE ( 'NONE', #106, #1098, #275, .T. ) ;
#1647 = CARTESIAN_POINT ( 'NONE',  ( -15.96881600685137670, 46.09999999999984510, -26.25000000000000355 ) ) ;
#1648 = ADVANCED_FACE ( 'NONE', ( #2096, #1762 ), #1009, .T. ) ;
#1649 = CARTESIAN_POINT ( 'NONE',  ( 53.03118399314863041, 43.09999999999983800, -18.49999999999036149 ) ) ;
#1650 = CYLINDRICAL_SURFACE ( 'NONE', #5, 1.750000000000003331 ) ;
#1651 = CARTESIAN_POINT ( 'NONE',  ( 3.491156287109394629, 40.09999999999983800, -4.132389074537651474 ) ) ;
#1652 = CARTESIAN_POINT ( 'NONE',  ( 8.382555599827430370, 40.09999999999983800, -8.673617379884035472E-16 ) ) ;
#1653 = ORIENTED_EDGE ( 'NONE', *, *, #2138, .F. ) ;
#1654 = DIRECTION ( 'NONE',  ( -4.336808689942017120E-17, 0.000000000000000000, 1.000000000000000000 ) ) ;
#1655 = VECTOR ( 'NONE', #271, 1000.000000000000000 ) ;
#1656 = CARTESIAN_POINT ( 'NONE',  ( 7.363266182118652026, 43.09999999999983800, -8.715702827813911924 ) ) ;
#1657 = EDGE_CURVE ( 'NONE', #1070, #1861, #118, .T. ) ;
#1658 = ORIENTED_EDGE ( 'NONE', *, *, #1306, .F. ) ;
#1659 = VECTOR ( 'NONE', #2380, 1000.000000000000114 ) ;
#1660 = DIRECTION ( 'NONE',  ( 0.000000000000000000, 0.000000000000000000, 1.000000000000000000 ) ) ;
#1661 = FACE_OUTER_BOUND ( 'NONE', #934, .T. ) ;
#1662 = VECTOR ( 'NONE', #1207, 1000.000000000000000 ) ;
#1663 = ORIENTED_EDGE ( 'NONE', *, *, #339, .T. ) ;
#1664 = EDGE_CURVE ( 'NONE', #1387, #1713, #2200, .T. ) ;
#1665 = ORIENTED_EDGE ( 'NONE', *, *, #868, .T. ) ;
#1666 = CARTESIAN_POINT ( 'NONE',  ( 42.03118399314863041, 46.09999999999984510, 24.50000000000000000 ) ) ;
#1667 = CARTESIAN_POINT ( 'NONE',  ( -26.96881600685137315, 43.09999999999983800, 19.24999999999035438 ) ) ;
#1668 = VECTOR ( 'NONE', #174, 1000.000000000000000 ) ;
#1669 = ORIENTED_EDGE ( 'NONE', *, *, #177, .F. ) ;
#1670 = VECTOR ( 'NONE', #625, 1000.000000000000000 ) ;
#1671 = DIRECTION ( 'NONE',  ( 0.000000000000000000, 1.000000000000000000, 0.000000000000000000 ) ) ;
#1672 = FACE_OUTER_BOUND ( 'NONE', #291, .T. ) ;
#1673 = LINE ( 'NONE', #1494, #200 ) ;
#1674 = DIRECTION ( 'NONE',  ( -0.000000000000000000, 1.000000000000000000, -0.000000000000000000 ) ) ;
#1675 = EDGE_LOOP ( 'NONE', ( #776, #1511, #1539, #634 ) ) ;
#1676 = ORIENTED_EDGE ( 'NONE', *, *, #1549, .F. ) ;
#1677 = PLANE ( 'NONE',  #2083 ) ;
#1678 = DIRECTION ( 'NONE',  ( 0.7638856255460443334, 0.000000000000000000, 0.6453516491682100842 ) ) ;
#1679 = ORIENTED_EDGE ( 'NONE', *, *, #1968, .F. ) ;
#1680 = EDGE_CURVE ( 'NONE', #1417, #2030, #1473, .T. ) ;
#1681 = CYLINDRICAL_SURFACE ( 'NONE', #2043, 2.999999999999999112 ) ;
#1682 = DIRECTION ( 'NONE',  ( 0.7638856255460443334, 0.000000000000000000, 0.6453516491682100842 ) ) ;
#1683 = CARTESIAN_POINT ( 'NONE',  ( -15.96881600685137670, 40.09999999999983800, 26.25000000000000355 ) ) ;
#1684 = DIRECTION ( 'NONE',  ( 0.000000000000000000, 1.000000000000000000, 0.000000000000000000 ) ) ;
#1685 = ORIENTED_EDGE ( 'NONE', *, *, #2190, .T. ) ;
#1686 = ORIENTED_EDGE ( 'NONE', *, *, #301, .T. ) ;
#1687 = CARTESIAN_POINT ( 'NONE',  ( -5.421010862423340221E-16, 43.09999999999983800, 12.49999999999035616 ) ) ;
#1688 = LINE ( 'NONE', #603, #970 ) ;
#1689 = ORIENTED_EDGE ( 'NONE', *, *, #1266, .F. ) ;
#1690 = PLANE ( 'NONE',  #759 ) ;
#1691 = EDGE_CURVE ( 'NONE', #70, #1388, #1441, .T. ) ;
#1692 = EDGE_CURVE ( 'NONE', #1954, #57, #2116, .T. ) ;
#1693 = AXIS2_PLACEMENT_3D ( 'NONE', #2347, #2315, #2115 ) ;
#1694 = CARTESIAN_POINT ( 'NONE',  ( 3.771649121175115305, 43.09999999999983800, 11.74999999999035438 ) ) ;
#1695 = VECTOR ( 'NONE', #605, 1000.000000000000114 ) ;
#1696 = CARTESIAN_POINT ( 'NONE',  ( -26.96881600685137315, 33.09999999999983800, -17.24999999999035794 ) ) ;
#1697 = LINE ( 'NONE', #757, #861 ) ;
#1698 = AXIS2_PLACEMENT_3D ( 'NONE', #283, #1215, #1950 ) ;
#1699 = VERTEX_POINT ( 'NONE', #1943 ) ;
#1700 = CARTESIAN_POINT ( 'NONE',  ( 7.363266182118654690, 40.09999999999983800, 8.715702827813919029 ) ) ;
#1701 = CARTESIAN_POINT ( 'NONE',  ( 42.03118399314863041, 46.09999999999984510, -24.50000000000000000 ) ) ;
#1702 = EDGE_LOOP ( 'NONE', ( #1374, #52, #2130, #611 ) ) ;
#1703 = CIRCLE ( 'NONE', #585, 1.749999999999998002 ) ;
#1704 = VECTOR ( 'NONE', #2337, 1000.000000000000000 ) ;
#1705 = DIRECTION ( 'NONE',  ( -0.000000000000000000, -1.000000000000000000, -0.000000000000000000 ) ) ;
#1706 = VECTOR ( 'NONE', #1712, 1000.000000000000000 ) ;
#1707 = EDGE_CURVE ( 'NONE', #791, #257, #1626, .T. ) ;
#1708 = EDGE_LOOP ( 'NONE', ( #1197, #292, #1967, #1960 ) ) ;
#1709 = CARTESIAN_POINT ( 'NONE',  ( 7.363266182118652026, 43.09999999999983800, -8.715702827813911924 ) ) ;
#1710 = ADVANCED_FACE ( 'NONE', ( #313 ), #212, .T. ) ;
#1711 = LINE ( 'NONE', #1152, #513 ) ;
#1712 = DIRECTION ( 'NONE',  ( 0.7638856255460443334, 0.000000000000000000, 0.6453516491682100842 ) ) ;
#1713 = VERTEX_POINT ( 'NONE', #2329 ) ;
#1714 = DIRECTION ( 'NONE',  ( 0.000000000000000000, -1.000000000000000000, 0.000000000000000000 ) ) ;
#1715 = CARTESIAN_POINT ( 'NONE',  ( 42.03118399314863041, 40.09999999999983800, -26.25000000000000000 ) ) ;
#1716 = ORIENTED_EDGE ( 'NONE', *, *, #1955, .T. ) ;
#1717 = CARTESIAN_POINT ( 'NONE',  ( 40.09512904564400060, 43.09999999999983800, -26.79165687663813600 ) ) ;
#1718 = VERTEX_POINT ( 'NONE', #2366 ) ;
#1719 = VERTEX_POINT ( 'NONE', #1652 ) ;
#1720 = CARTESIAN_POINT ( 'NONE',  ( 3.491156287109394629, 40.09999999999983800, 4.132389074537651474 ) ) ;
#1721 = VERTEX_POINT ( 'NONE', #377 ) ;
#1722 = CARTESIAN_POINT ( 'NONE',  ( 5.095750210677686919E-16, 43.09999999999983800, 11.74999999999035261 ) ) ;
#1723 = EDGE_CURVE ( 'NONE', #501, #461, #1829, .T. ) ;
#1724 = DIRECTION ( 'NONE',  ( 0.000000000000000000, 0.000000000000000000, 1.000000000000000000 ) ) ;
#1725 = VERTEX_POINT ( 'NONE', #906 ) ;
#1726 = ORIENTED_EDGE ( 'NONE', *, *, #234, .F. ) ;
#1727 = CARTESIAN_POINT ( 'NONE',  ( -26.96881600685137315, 43.09999999999983800, -19.24999999999035438 ) ) ;
#1728 = ADVANCED_FACE ( 'NONE', ( #1790 ), #2377, .F. ) ;
#1729 = CARTESIAN_POINT ( 'NONE',  ( -5.105901899233058927, 43.09999999999983800, -19.24999999999035794 ) ) ;
#1730 = VERTEX_POINT ( 'NONE', #559 ) ;
#1731 = DIRECTION ( 'NONE',  ( 0.7638856255460445555, 0.000000000000000000, -0.6453516491682098621 ) ) ;
#1732 = ORIENTED_EDGE ( 'NONE', *, *, #1759, .F. ) ;
#1733 = EDGE_LOOP ( 'NONE', ( #1686, #786, #2255, #1573 ) ) ;
#1734 = DIRECTION ( 'NONE',  ( 0.000000000000000000, 1.000000000000000000, 0.000000000000000000 ) ) ;
#1735 = DIRECTION ( 'NONE',  ( 0.000000000000000000, 0.000000000000000000, -1.000000000000000000 ) ) ;
#1736 = CIRCLE ( 'NONE', #1078, 1.750000000000003331 ) ;
#1737 = ADVANCED_FACE ( 'NONE', ( #1632 ), #672, .F. ) ;
#1738 = VERTEX_POINT ( 'NONE', #537 ) ;
#1739 = ORIENTED_EDGE ( 'NONE', *, *, #1859, .T. ) ;
#1740 = VECTOR ( 'NONE', #1599, 1000.000000000000000 ) ;
#1741 = CARTESIAN_POINT ( 'NONE',  ( 3.491156287109394629, 43.09999999999983800, -4.132389074537651474 ) ) ;
#1742 = FACE_BOUND ( 'NONE', #172, .T. ) ;
#1743 = AXIS2_PLACEMENT_3D ( 'NONE', #2169, #541, #1083 ) ;
#1744 = EDGE_CURVE ( 'NONE', #1738, #243, #1268, .T. ) ;
#1745 = DIRECTION ( 'NONE',  ( 1.000000000000000000, 0.000000000000000000, -4.336808689942017736E-17 ) ) ;
#1746 = VECTOR ( 'NONE', #1927, 1000.000000000000000 ) ;
#1747 = ORIENTED_EDGE ( 'NONE', *, *, #854, .F. ) ;
#1748 = VECTOR ( 'NONE', #1601, 1000.000000000000000 ) ;
#1749 = ORIENTED_EDGE ( 'NONE', *, *, #411, .T. ) ;
#1750 = CARTESIAN_POINT ( 'NONE',  ( -15.96881600685137670, 46.09999999999984510, 24.50000000000000000 ) ) ;
#1751 = VERTEX_POINT ( 'NONE', #2142 ) ;
#1752 = CARTESIAN_POINT ( 'NONE',  ( -15.96881600685137670, 46.09999999999984510, 26.25000000000000355 ) ) ;
#1753 = VERTEX_POINT ( 'NONE', #2006 ) ;
#1754 = EDGE_LOOP ( 'NONE', ( #676, #430 ) ) ;
#1755 = LINE ( 'NONE', #297, #1204 ) ;
#1756 =( LENGTH_UNIT ( ) NAMED_UNIT ( * ) SI_UNIT ( .MILLI., .METRE. ) );
#1757 = ADVANCED_FACE ( 'NONE', ( #354 ), #1291, .F. ) ;
#1758 = DIRECTION ( 'NONE',  ( 0.000000000000000000, 0.000000000000000000, -1.000000000000000000 ) ) ;
#1759 = EDGE_CURVE ( 'NONE', #1393, #58, #496, .T. ) ;
#1760 = ORIENTED_EDGE ( 'NONE', *, *, #2186, .T. ) ;
#1761 = ORIENTED_EDGE ( 'NONE', *, *, #999, .T. ) ;
#1762 = FACE_BOUND ( 'NONE', #2349, .T. ) ;
#1763 = DIRECTION ( 'NONE',  ( 0.000000000000000000, -0.000000000000000000, -1.000000000000000000 ) ) ;
#1764 = DIRECTION ( 'NONE',  ( 1.000000000000000000, 0.000000000000000000, -4.336808689942017736E-17 ) ) ;
#1765 = ORIENTED_EDGE ( 'NONE', *, *, #301, .F. ) ;
#1766 = VERTEX_POINT ( 'NONE', #1969 ) ;
#1767 = DIRECTION ( 'NONE',  ( 0.000000000000000000, 1.000000000000000000, -0.000000000000000000 ) ) ;
#1768 = DIRECTION ( 'NONE',  ( 0.7638856255460443334, 0.000000000000000000, 0.6453516491682100842 ) ) ;
#1769 = ORIENTED_EDGE ( 'NONE', *, *, #1680, .T. ) ;
#1770 = CARTESIAN_POINT ( 'NONE',  ( 22.29071886512213752, 43.09999999999983800, 11.74999999999035261 ) ) ;
#1771 = ORIENTED_EDGE ( 'NONE', *, *, #1242, .T. ) ;
#1772 = ADVANCED_FACE ( 'NONE', ( #1643 ), #2208, .T. ) ;
#1773 = DIRECTION ( 'NONE',  ( 0.000000000000000000, 0.000000000000000000, 1.000000000000000000 ) ) ;
#1774 = LINE ( 'NONE', #621, #767 ) ;
#1775 = ORIENTED_EDGE ( 'NONE', *, *, #854, .T. ) ;
#1776 = EDGE_CURVE ( 'NONE', #439, #1585, #547, .T. ) ;
#1777 = CARTESIAN_POINT ( 'NONE',  ( -26.96881600685137315, 43.09999999999983800, 15.49999999999035438 ) ) ;
#1778 = DIRECTION ( 'NONE',  ( 0.000000000000000000, 0.000000000000000000, 1.000000000000000000 ) ) ;
#1779 = ORIENTED_EDGE ( 'NONE', *, *, #1255, .T. ) ;
#1780 = CARTESIAN_POINT ( 'NONE',  ( 3.491156287109394629, 43.09999999999983800, -4.132389074537651474 ) ) ;
#1781 = LINE ( 'NONE', #1564, #1406 ) ;
#1782 = AXIS2_PLACEMENT_3D ( 'NONE', #117, #2339, #681 ) ;
#1783 = EDGE_LOOP ( 'NONE', ( #529, #105, #1555, #1536 ) ) ;
#1784 = CIRCLE ( 'NONE', #511, 3.000000000000002665 ) ;
#1785 = LINE ( 'NONE', #862, #1543 ) ;
#1786 = ORIENTED_EDGE ( 'NONE', *, *, #1427, .T. ) ;
#1787 = AXIS2_PLACEMENT_3D ( 'NONE', #1029, #1767, #113 ) ;
#1788 = VECTOR ( 'NONE', #3, 1000.000000000000114 ) ;
#1789 = ORIENTED_EDGE ( 'NONE', *, *, #457, .F. ) ;
#1790 = FACE_OUTER_BOUND ( 'NONE', #2078, .T. ) ;
#1791 = AXIS2_PLACEMENT_3D ( 'NONE', #678, #1431, #1216 ) ;
#1792 = LINE ( 'NONE', #2175, #1981 ) ;
#1793 = LINE ( 'NONE', #1597, #2205 ) ;
#1794 = ADVANCED_FACE ( 'NONE', ( #729, #367 ), #1303, .T. ) ;
#1795 = CARTESIAN_POINT ( 'NONE',  ( -5.525607665467276775, 40.09999999999983800, -11.74999999999035261 ) ) ;
#1796 = DIRECTION ( 'NONE',  ( 0.000000000000000000, 0.000000000000000000, -1.000000000000000000 ) ) ;
#1797 = CARTESIAN_POINT ( 'NONE',  ( 0.000000000000000000, 33.09999999999983800, 13.74999999999035438 ) ) ;
#1798 = VERTEX_POINT ( 'NONE', #183 ) ;
#1799 = ORIENTED_EDGE ( 'NONE', *, *, #1064, .T. ) ;
#1800 = CARTESIAN_POINT ( 'NONE',  ( 53.03118399314863041, 43.09999999999983800, 12.49999999999035616 ) ) ;
#1801 = ADVANCED_FACE ( 'NONE', ( #943, #1866 ), #915, .F. ) ;
#1802 = LINE ( 'NONE', #1835, #1402 ) ;
#1803 = DIRECTION ( 'NONE',  ( 0.7638856255460443334, 0.000000000000000000, 0.6453516491682100842 ) ) ;
#1804 = EDGE_CURVE ( 'NONE', #1011, #606, #2013, .T. ) ;
#1805 = CARTESIAN_POINT ( 'NONE',  ( 42.03118399314863041, 46.09999999999984510, 24.50000000000000000 ) ) ;
#1806 = ORIENTED_EDGE ( 'NONE', *, *, #166, .T. ) ;
#1807 = LINE ( 'NONE', #1717, #1043 ) ;
#1808 = CARTESIAN_POINT ( 'NONE',  ( -15.96881600685137670, 43.09999999999983800, -24.50000000000000000 ) ) ;
#1809 = VERTEX_POINT ( 'NONE', #2101 ) ;
#1810 = DIRECTION ( 'NONE',  ( 0.6453516491682099732, 0.000000000000000000, -0.7638856255460445555 ) ) ;
#1811 = CARTESIAN_POINT ( 'NONE',  ( -5.525607665467276775, 40.09999999999983800, 11.74999999999035438 ) ) ;
#1812 = ADVANCED_FACE ( 'NONE', ( #423 ), #222, .F. ) ;
#1813 = ORIENTED_EDGE ( 'NONE', *, *, #1664, .F. ) ;
#1814 = CARTESIAN_POINT ( 'NONE',  ( 53.03118399314863041, 33.09999999999983800, 15.49999999999035794 ) ) ;
#1815 = VERTEX_POINT ( 'NONE', #1715 ) ;
#1816 = EDGE_CURVE ( 'NONE', #1718, #1834, #2065, .T. ) ;
#1817 = AXIS2_PLACEMENT_3D ( 'NONE', #379, #1654, #1621 ) ;
#1818 = FACE_OUTER_BOUND ( 'NONE', #519, .T. ) ;
#1819 = CIRCLE ( 'NONE', #1438, 3.000000000000002665 ) ;
#1820 = VECTOR ( 'NONE', #1870, 1000.000000000000000 ) ;
#1821 = DIRECTION ( 'NONE',  ( 0.000000000000000000, -1.000000000000000000, 0.000000000000000000 ) ) ;
#1822 = VECTOR ( 'NONE', #108, 1000.000000000000114 ) ;
#1823 = VECTOR ( 'NONE', #140, 1000.000000000000000 ) ;
#1824 = CARTESIAN_POINT ( 'NONE',  ( 5.095750210677686919E-16, 43.09999999999983800, -11.74999999999035261 ) ) ;
#1825 = DIRECTION ( 'NONE',  ( -0.000000000000000000, -1.000000000000000000, -0.000000000000000000 ) ) ;
#1826 = ORIENTED_EDGE ( 'NONE', *, *, #149, .T. ) ;
#1827 = FACE_OUTER_BOUND ( 'NONE', #375, .T. ) ;
#1828 = ADVANCED_FACE ( 'NONE', ( #414 ), #405, .T. ) ;
#1829 = LINE ( 'NONE', #1465, #433 ) ;
#1830 = ORIENTED_EDGE ( 'NONE', *, *, #2234, .F. ) ;
#1831 = CARTESIAN_POINT ( 'NONE',  ( -14.40315868587544301, 40.09999999999983800, 19.24999999999035794 ) ) ;
#1832 = EDGE_CURVE ( 'NONE', #1850, #128, #1354, .T. ) ;
#1833 = FACE_BOUND ( 'NONE', #1297, .T. ) ;
#1834 = VERTEX_POINT ( 'NONE', #1147 ) ;
#1835 = CARTESIAN_POINT ( 'NONE',  ( 5.095750210677686919E-16, 33.09999999999983800, 11.74999999999035261 ) ) ;
#1836 = VERTEX_POINT ( 'NONE', #451 ) ;
#1837 = DIRECTION ( 'NONE',  ( 1.000000000000000000, 0.000000000000000000, -4.336808689942017736E-17 ) ) ;
#1838 = DIRECTION ( 'NONE',  ( 0.000000000000000000, 1.000000000000000000, -0.000000000000000000 ) ) ;
#1839 = EDGE_LOOP ( 'NONE', ( #1830, #87, #1591, #1580 ) ) ;
#1840 = DIRECTION ( 'NONE',  ( 0.000000000000000000, 0.000000000000000000, 1.000000000000000000 ) ) ;
#1841 = ADVANCED_FACE ( 'NONE', ( #1157 ), #54, .T. ) ;
#1842 = DIRECTION ( 'NONE',  ( 0.000000000000000000, 0.000000000000000000, 1.000000000000000000 ) ) ;
#1843 = ADVANCED_FACE ( 'NONE', ( #1884 ), #1331, .F. ) ;
#1844 = ORIENTED_EDGE ( 'NONE', *, *, #32, .F. ) ;
#1845 = CARTESIAN_POINT ( 'NONE',  ( 5.095750210677686919E-16, 33.09999999999983800, -11.74999999999035261 ) ) ;
#1846 = DIRECTION ( 'NONE',  ( 1.000000000000000000, 0.000000000000000000, 1.301042606982605321E-16 ) ) ;
#1847 = ORIENTED_EDGE ( 'NONE', *, *, #1723, .T. ) ;
#1848 = LINE ( 'NONE', #1651, #1309 ) ;
#1849 = DIRECTION ( 'NONE',  ( 0.000000000000000000, 0.000000000000000000, 1.000000000000000000 ) ) ;
#1850 = VERTEX_POINT ( 'NONE', #594 ) ;
#1851 = CARTESIAN_POINT ( 'NONE',  ( 53.03118399314863041, 33.09999999999983800, -13.74999999999035438 ) ) ;
#1852 = AXIS2_PLACEMENT_3D ( 'NONE', #700, #1113, #1840 ) ;
#1853 = VECTOR ( 'NONE', #1487, 1000.000000000000000 ) ;
#1854 = CARTESIAN_POINT ( 'NONE',  ( 3.491156287109394629, 40.09999999999983800, -4.132389074537651474 ) ) ;
#1855 = AXIS2_PLACEMENT_3D ( 'NONE', #972, #1171, #575 ) ;
#1856 = VERTEX_POINT ( 'NONE', #1317 ) ;
#1857 = CIRCLE ( 'NONE', #1122, 3.750000000000000000 ) ;
#1858 = DIRECTION ( 'NONE',  ( 0.000000000000000000, 1.000000000000000000, 0.000000000000000000 ) ) ;
#1859 = EDGE_CURVE ( 'NONE', #2310, #1432, #231, .T. ) ;
#1860 = LINE ( 'NONE', #1172, #820 ) ;
#1861 = VERTEX_POINT ( 'NONE', #1370 ) ;
#1862 = AXIS2_PLACEMENT_3D ( 'NONE', #1750, #1389, #251 ) ;
#1863 = VERTEX_POINT ( 'NONE', #1729 ) ;
#1864 = ORIENTED_EDGE ( 'NONE', *, *, #2370, .T. ) ;
#1865 = DIRECTION ( 'NONE',  ( 0.000000000000000000, 0.000000000000000000, -1.000000000000000000 ) ) ;
#1866 = FACE_BOUND ( 'NONE', #256, .T. ) ;
#1867 = ORIENTED_EDGE ( 'NONE', *, *, #6, .F. ) ;
#1868 = DIRECTION ( 'NONE',  ( 0.7638856255460445555, 0.000000000000000000, 0.6453516491682098621 ) ) ;
#1869 = LINE ( 'NONE', #1656, #1512 ) ;
#1870 = DIRECTION ( 'NONE',  ( -0.000000000000000000, -1.000000000000000000, -0.000000000000000000 ) ) ;
#1871 = DIRECTION ( 'NONE',  ( -1.000000000000000000, 0.000000000000000000, -4.336808689942017736E-17 ) ) ;
#1872 = ADVANCED_FACE ( 'NONE', ( #1875 ), #1340, .T. ) ;
#1873 = ORIENTED_EDGE ( 'NONE', *, *, #1887, .F. ) ;
#1874 = DIRECTION ( 'NONE',  ( -0.000000000000000000, -1.000000000000000000, -0.000000000000000000 ) ) ;
#1875 = FACE_OUTER_BOUND ( 'NONE', #343, .T. ) ;
#1876 = EDGE_LOOP ( 'NONE', ( #1264, #1192, #386, #307 ) ) ;
#1877 = EDGE_CURVE ( 'NONE', #1751, #1945, #1320, .T. ) ;
#1878 = CARTESIAN_POINT ( 'NONE',  ( -15.96881600685137670, 40.09999999999983800, -24.50000000000000000 ) ) ;
#1879 = CARTESIAN_POINT ( 'NONE',  ( 53.03118399314863041, 40.09999999999983800, -13.74999999999035438 ) ) ;
#1880 = LINE ( 'NONE', #566, #2127 ) ;
#1881 = CARTESIAN_POINT ( 'NONE',  ( 42.03118399314863041, 43.09999999999983800, 21.50000000000000000 ) ) ;
#1882 = EDGE_LOOP ( 'NONE', ( #974, #249, #1509, #2228 ) ) ;
#1883 = CARTESIAN_POINT ( 'NONE',  ( 13.03118399314861975, 43.09999999999983800, -3.927289504702384360 ) ) ;
#1884 = FACE_OUTER_BOUND ( 'NONE', #44, .T. ) ;
#1885 = ORIENTED_EDGE ( 'NONE', *, *, #1859, .F. ) ;
#1886 = CARTESIAN_POINT ( 'NONE',  ( 7.363266182118654690, 43.09999999999983800, 8.715702827813919029 ) ) ;
#1887 = EDGE_CURVE ( 'NONE', #907, #449, #775, .T. ) ;
#1888 = DIRECTION ( 'NONE',  ( 0.000000000000000000, 1.000000000000000000, -0.000000000000000000 ) ) ;
#1889 = VECTOR ( 'NONE', #777, 1000.000000000000000 ) ;
#1890 = PLANE ( 'NONE',  #1855 ) ;
#1891 = LINE ( 'NONE', #973, #971 ) ;
#1892 = AXIS2_PLACEMENT_3D ( 'NONE', #723, #1265, #2001 ) ;
#1893 = AXIS2_PLACEMENT_3D ( 'NONE', #304, #1407, #1211 ) ;
#1894 = ORIENTED_EDGE ( 'NONE', *, *, #532, .F. ) ;
#1895 = DIRECTION ( 'NONE',  ( 0.000000000000000000, -0.000000000000000000, -1.000000000000000000 ) ) ;
#1896 = CARTESIAN_POINT ( 'NONE',  ( 7.363266182118652026, 40.09999999999983800, -8.715702827813911924 ) ) ;
#1897 = ORIENTED_EDGE ( 'NONE', *, *, #573, .F. ) ;
#1898 = VECTOR ( 'NONE', #2294, 1000.000000000000114 ) ;
#1899 = CARTESIAN_POINT ( 'NONE',  ( -2.504507018440260954E-15, 43.09999999999983800, 19.24999999999035794 ) ) ;
#1900 = ORIENTED_EDGE ( 'NONE', *, *, #967, .F. ) ;
#1901 = EDGE_CURVE ( 'NONE', #620, #1140, #1688, .T. ) ;
#1902 = ORIENTED_EDGE ( 'NONE', *, *, #2177, .T. ) ;
#1903 = DIRECTION ( 'NONE',  ( 0.000000000000000000, 0.000000000000000000, 1.000000000000000000 ) ) ;
#1904 = ORIENTED_EDGE ( 'NONE', *, *, #1492, .F. ) ;
#1905 = ADVANCED_FACE ( 'NONE', ( #977 ), #630, .F. ) ;
#1906 = CARTESIAN_POINT ( 'NONE',  ( -15.96881600685137670, 40.09999999999983800, 24.50000000000000000 ) ) ;
#1907 = LINE ( 'NONE', #255, #1670 ) ;
#1908 = ORIENTED_EDGE ( 'NONE', *, *, #1263, .F. ) ;
#1909 = ORIENTED_EDGE ( 'NONE', *, *, #2092, .T. ) ;
#1910 = CYLINDRICAL_SURFACE ( 'NONE', #1935, 3.000000000000002665 ) ;
#1911 = CARTESIAN_POINT ( 'NONE',  ( 3.491156287109394629, 43.09999999999983800, 4.132389074537651474 ) ) ;
#1912 = LINE ( 'NONE', #992, #31 ) ;
#1913 = ORIENTED_EDGE ( 'NONE', *, *, #1324, .F. ) ;
#1914 = ORIENTED_EDGE ( 'NONE', *, *, #2032, .F. ) ;
#1915 = CARTESIAN_POINT ( 'NONE',  ( 42.03118399314863041, 46.09999999999984510, 24.50000000000000000 ) ) ;
#1916 = EDGE_CURVE ( 'NONE', #2217, #1920, #1130, .T. ) ;
#1917 = LINE ( 'NONE', #2098, #806 ) ;
#1918 = DIRECTION ( 'NONE',  ( 0.000000000000000000, 1.000000000000000000, 0.000000000000000000 ) ) ;
#1919 = EDGE_CURVE ( 'NONE', #600, #2062, #270, .T. ) ;
#1920 = VERTEX_POINT ( 'NONE', #2148 ) ;
#1921 = EDGE_LOOP ( 'NONE', ( #2292, #1103, #829 ) ) ;
#1922 = CARTESIAN_POINT ( 'NONE',  ( 53.03118399314863041, 33.09999999999983800, -15.49999999999035794 ) ) ;
#1923 = DIRECTION ( 'NONE',  ( 0.000000000000000000, 0.000000000000000000, 1.000000000000000000 ) ) ;
#1924 = CARTESIAN_POINT ( 'NONE',  ( -5.525607665467276775, 43.09999999999983800, 11.74999999999035438 ) ) ;
#1925 = EDGE_LOOP ( 'NONE', ( #443, #687, #1258, #506, #1739, #26, #1658, #1213, #1897, #950, #1676, #281 ) ) ;
#1926 = EDGE_LOOP ( 'NONE', ( #796, #783, #2293, #1081 ) ) ;
#1927 = DIRECTION ( 'NONE',  ( 0.000000000000000000, -1.000000000000000000, 0.000000000000000000 ) ) ;
#1928 = EDGE_LOOP ( 'NONE', ( #1058, #809 ) ) ;
#1929 = ADVANCED_FACE ( 'NONE', ( #684 ), #2111, .F. ) ;
#1930 = DIRECTION ( 'NONE',  ( 0.000000000000000000, 0.000000000000000000, 1.000000000000000000 ) ) ;
#1931 = DIRECTION ( 'NONE',  ( 0.000000000000000000, 1.000000000000000000, -0.000000000000000000 ) ) ;
#1932 = VECTOR ( 'NONE', #300, 1000.000000000000114 ) ;
#1933 = ORIENTED_EDGE ( 'NONE', *, *, #2152, .T. ) ;
#1934 = ADVANCED_FACE ( 'NONE', ( #859, #1742 ), #1002, .T. ) ;
#1935 = AXIS2_PLACEMENT_3D ( 'NONE', #41, #53, #784 ) ;
#1936 = CYLINDRICAL_SURFACE ( 'NONE', #1698, 3.750000000000000000 ) ;
#1937 = CIRCLE ( 'NONE', #1893, 1.750000000000001554 ) ;
#1938 = DIRECTION ( 'NONE',  ( 0.000000000000000000, 1.000000000000000000, -0.000000000000000000 ) ) ;
#1939 = AXIS2_PLACEMENT_3D ( 'NONE', #706, #1456, #1418 ) ;
#1940 = ORIENTED_EDGE ( 'NONE', *, *, #924, .T. ) ;
#1941 = VECTOR ( 'NONE', #580, 1000.000000000000000 ) ;
#1942 = CARTESIAN_POINT ( 'NONE',  ( -7.480994990145797660E-16, 40.09999999999983800, -17.24999999999035794 ) ) ;
#1943 = CARTESIAN_POINT ( 'NONE',  ( -26.96881600685137315, 40.09999999999983800, -13.74999999999035438 ) ) ;
#1944 = VECTOR ( 'NONE', #814, 1000.000000000000000 ) ;
#1945 = VERTEX_POINT ( 'NONE', #2323 ) ;
#1946 = CARTESIAN_POINT ( 'NONE',  ( -15.96881600685137670, 40.09999999999983800, 24.50000000000000000 ) ) ;
#1947 = CARTESIAN_POINT ( 'NONE',  ( 0.000000000000000000, 40.09999999999983800, 0.000000000000000000 ) ) ;
#1948 = ORIENTED_EDGE ( 'NONE', *, *, #1294, .T. ) ;
#1949 = ORIENTED_EDGE ( 'NONE', *, *, #1985, .F. ) ;
#1950 = DIRECTION ( 'NONE',  ( 0.000000000000000000, 0.000000000000000000, -1.000000000000000000 ) ) ;
#1951 = LINE ( 'NONE', #284, #1823 ) ;
#1952 = EDGE_CURVE ( 'NONE', #232, #2221, #1951, .T. ) ;
#1953 = CARTESIAN_POINT ( 'NONE',  ( -26.96881600685137315, 43.09999999999983800, -17.24999999999035794 ) ) ;
#1954 = VERTEX_POINT ( 'NONE', #2300 ) ;
#1955 = EDGE_CURVE ( 'NONE', #1173, #788, #298, .T. ) ;
#1956 = DIRECTION ( 'NONE',  ( -0.6453516491682099732, 0.000000000000000000, -0.7638856255460445555 ) ) ;
#1957 = CARTESIAN_POINT ( 'NONE',  ( 40.09512904564400060, 43.09999999999983800, 26.79165687663813600 ) ) ;
#1958 = EDGE_LOOP ( 'NONE', ( #1534, #1867, #930, #1123 ) ) ;
#1959 = DIRECTION ( 'NONE',  ( 0.000000000000000000, 0.000000000000000000, 1.000000000000000000 ) ) ;
#1960 = ORIENTED_EDGE ( 'NONE', *, *, #2059, .T. ) ;
#1961 = ORIENTED_EDGE ( 'NONE', *, *, #1295, .F. ) ;
#1962 = CARTESIAN_POINT ( 'NONE',  ( -15.96881600685137670, 46.09999999999984510, -27.50000000000000000 ) ) ;
#1963 = CARTESIAN_POINT ( 'NONE',  ( -15.96881600685137670, 40.09999999999983800, 26.25000000000000355 ) ) ;
#1964 = ORIENTED_EDGE ( 'NONE', *, *, #494, .T. ) ;
#1965 = CARTESIAN_POINT ( 'NONE',  ( -15.96881600685137670, 46.09999999999984510, 24.50000000000000000 ) ) ;
#1966 = VERTEX_POINT ( 'NONE', #503 ) ;
#1967 = ORIENTED_EDGE ( 'NONE', *, *, #104, .F. ) ;
#1968 = EDGE_CURVE ( 'NONE', #1140, #1022, #1424, .T. ) ;
#1969 = CARTESIAN_POINT ( 'NONE',  ( -26.96881600685137315, 33.09999999999983800, 13.74999999999035438 ) ) ;
#1970 = DIRECTION ( 'NONE',  ( 0.000000000000000000, 0.000000000000000000, 1.000000000000000000 ) ) ;
#1971 = CARTESIAN_POINT ( 'NONE',  ( -2.504507018440260954E-15, 43.09999999999983800, -19.24999999999035794 ) ) ;
#1972 = AXIS2_PLACEMENT_3D ( 'NONE', #1403, #1956, #1980 ) ;
#1973 = ORIENTED_EDGE ( 'NONE', *, *, #477, .F. ) ;
#1974 = CYLINDRICAL_SURFACE ( 'NONE', #1506, 1.749999999999998002 ) ;
#1975 = DIRECTION ( 'NONE',  ( 0.000000000000000000, 0.000000000000000000, -1.000000000000000000 ) ) ;
#1976 = VECTOR ( 'NONE', #1500, 1000.000000000000000 ) ;
#1977 = DIRECTION ( 'NONE',  ( 0.000000000000000000, -0.000000000000000000, -1.000000000000000000 ) ) ;
#1978 = CIRCLE ( 'NONE', #582, 3.000000000000002665 ) ;
#1979 = AXIS2_PLACEMENT_3D ( 'NONE', #1143, #1858, #205 ) ;
#1980 = DIRECTION ( 'NONE',  ( -0.7638856255460444444, 0.000000000000000000, 0.6453516491682098621 ) ) ;
#1981 = VECTOR ( 'NONE', #910, 1000.000000000000000 ) ;
#1982 = EDGE_CURVE ( 'NONE', #600, #390, #1055, .T. ) ;
#1983 = AXIS2_PLACEMENT_3D ( 'NONE', #27, #2269, #761 ) ;
#1984 = CARTESIAN_POINT ( 'NONE',  ( -26.96881600685137315, 33.09999999999983800, -15.49999999999035438 ) ) ;
#1985 = EDGE_CURVE ( 'NONE', #581, #2109, #242, .T. ) ;
#1986 = ORIENTED_EDGE ( 'NONE', *, *, #686, .T. ) ;
#1987 = CARTESIAN_POINT ( 'NONE',  ( 3.491156287109394629, 43.09999999999983800, 4.132389074537651474 ) ) ;
#1988 = FILL_AREA_STYLE ('',( #1248 ) ) ;
#1989 = DIRECTION ( 'NONE',  ( 0.7638856255460445555, 0.000000000000000000, 0.6453516491682098621 ) ) ;
#1990 = ORIENTED_EDGE ( 'NONE', *, *, #1596, .F. ) ;
#1991 = ORIENTED_EDGE ( 'NONE', *, *, #1092, .T. ) ;
#1992 = CARTESIAN_POINT ( 'NONE',  ( 0.000000000000000000, 43.09999999999983800, 0.000000000000000000 ) ) ;
#1993 = EDGE_CURVE ( 'NONE', #2303, #1585, #515, .T. ) ;
#1994 = DIRECTION ( 'NONE',  ( 1.000000000000000000, 0.000000000000000000, 1.301042606982605321E-16 ) ) ;
#1995 = EDGE_CURVE ( 'NONE', #383, #1738, #1030, .T. ) ;
#1996 = FACE_OUTER_BOUND ( 'NONE', #412, .T. ) ;
#1997 = FACE_OUTER_BOUND ( 'NONE', #1733, .T. ) ;
#1998 = ORIENTED_EDGE ( 'NONE', *, *, #1427, .F. ) ;
#1999 = CARTESIAN_POINT ( 'NONE',  ( 40.09512904564400060, 40.09999999999983800, 26.79165687663813600 ) ) ;
#2000 = DIRECTION ( 'NONE',  ( -0.7638856255460444444, 0.000000000000000000, -0.6453516491682098621 ) ) ;
#2001 = DIRECTION ( 'NONE',  ( 0.000000000000000000, 0.000000000000000000, -1.000000000000000000 ) ) ;
#2002 = DIRECTION ( 'NONE',  ( 1.000000000000000000, 0.000000000000000000, -2.168404344971008868E-17 ) ) ;
#2003 = EDGE_CURVE ( 'NONE', #1005, #1233, #871, .T. ) ;
#2004 = AXIS2_PLACEMENT_3D ( 'NONE', #1220, #1032, #1773 ) ;
#2005 = DIRECTION ( 'NONE',  ( 1.000000000000000000, 0.000000000000000000, -2.168404344971008868E-17 ) ) ;
#2006 = CARTESIAN_POINT ( 'NONE',  ( -15.96881600685137670, 46.09999999999984510, -21.50000000000000000 ) ) ;
#2007 = VERTEX_POINT ( 'NONE', #86 ) ;
#2008 = VECTOR ( 'NONE', #752, 1000.000000000000000 ) ;
#2009 = CARTESIAN_POINT ( 'NONE',  ( 53.03118399314863041, 40.09999999999983800, -15.49999999999035794 ) ) ;
#2010 = VECTOR ( 'NONE', #404, 1000.000000000000114 ) ;
#2011 = DIRECTION ( 'NONE',  ( -0.000000000000000000, -1.000000000000000000, 0.000000000000000000 ) ) ;
#2012 = AXIS2_PLACEMENT_3D ( 'NONE', #362, #330, #1093 ) ;
#2013 = CIRCLE ( 'NONE', #894, 2.999999999999999112 ) ;
#2014 = DIRECTION ( 'NONE',  ( -0.7638856255460444444, 0.000000000000000000, -0.6453516491682098621 ) ) ;
#2015 = DIRECTION ( 'NONE',  ( -0.000000000000000000, -1.000000000000000000, -0.000000000000000000 ) ) ;
#2016 = AXIS2_PLACEMENT_3D ( 'NONE', #401, #2227, #576 ) ;
#2017 = EDGE_LOOP ( 'NONE', ( #2367, #1991 ) ) ;
#2018 = DIRECTION ( 'NONE',  ( 0.000000000000000000, 1.000000000000000000, 0.000000000000000000 ) ) ;
#2019 = DIRECTION ( 'NONE',  ( -0.000000000000000000, 1.000000000000000000, -0.000000000000000000 ) ) ;
#2020 = EDGE_CURVE ( 'NONE', #1360, #2007, #39, .T. ) ;
#2021 = ORIENTED_EDGE ( 'NONE', *, *, #2359, .F. ) ;
#2022 = PLANE ( 'NONE',  #1817 ) ;
#2023 = EDGE_CURVE ( 'NONE', #2007, #1544, #309, .T. ) ;
#2024 = DIRECTION ( 'NONE',  ( -4.336808689942017736E-17, 0.000000000000000000, -1.000000000000000000 ) ) ;
#2025 = ORIENTED_EDGE ( 'NONE', *, *, #1306, .T. ) ;
#2026 = DIRECTION ( 'NONE',  ( 0.000000000000000000, 1.000000000000000000, 0.000000000000000000 ) ) ;
#2027 =( NAMED_UNIT ( * ) SI_UNIT ( $, .STERADIAN. ) SOLID_ANGLE_UNIT ( ) );
#2028 = CYLINDRICAL_SURFACE ( 'NONE', #1468, 3.000000000000002665 ) ;
#2029 = CARTESIAN_POINT ( 'NONE',  ( 53.03118399314863041, 43.09999999999983800, 15.49999999999035794 ) ) ;
#2030 = VERTEX_POINT ( 'NONE', #1040 ) ;
#2031 = PLANE ( 'NONE',  #508 ) ;
#2032 = EDGE_CURVE ( 'NONE', #1020, #717, #1781, .T. ) ;
#2033 = DIRECTION ( 'NONE',  ( 0.000000000000000000, 1.000000000000000000, 0.000000000000000000 ) ) ;
#2034 = MANIFOLD_SOLID_BREP ( 'Boss-Extrude3', #29 ) ;
#2035 = ORIENTED_EDGE ( 'NONE', *, *, #136, .T. ) ;
#2036 = DIRECTION ( 'NONE',  ( 0.000000000000000000, 0.000000000000000000, 1.000000000000000000 ) ) ;
#2037 = FACE_OUTER_BOUND ( 'NONE', #824, .T. ) ;
#2038 = EDGE_LOOP ( 'NONE', ( #2094, #2163, #1314, #2108, #2173 ) ) ;
#2039 = DIRECTION ( 'NONE',  ( 0.000000000000000000, 1.000000000000000000, 0.000000000000000000 ) ) ;
#2040 = CARTESIAN_POINT ( 'NONE',  ( -7.480994990145797660E-16, 33.09999999999983800, 17.24999999999035794 ) ) ;
#2041 = ORIENTED_EDGE ( 'NONE', *, *, #1519, .T. ) ;
#2042 = CARTESIAN_POINT ( 'NONE',  ( -26.96881600685137315, 33.09999999999983800, 19.24999999999035438 ) ) ;
#2043 = AXIS2_PLACEMENT_3D ( 'NONE', #1878, #1372, #946 ) ;
#2044 = CIRCLE ( 'NONE', #1312, 3.750000000000006661 ) ;
#2045 = CARTESIAN_POINT ( 'NONE',  ( -2.504507018440260954E-15, 43.09999999999983800, -19.24999999999035794 ) ) ;
#2046 = ADVANCED_FACE ( 'NONE', ( #2204 ), #2156, .T. ) ;
#2047 = AXIS2_PLACEMENT_3D ( 'NONE', #1946, #446, #1930 ) ;
#2048 = AXIS2_PLACEMENT_3D ( 'NONE', #1151, #1323, #745 ) ;
#2049 = CARTESIAN_POINT ( 'NONE',  ( -26.96881600685137315, 40.09999999999983800, -12.49999999999035438 ) ) ;
#2050 = CARTESIAN_POINT ( 'NONE',  ( -26.96881600685137315, 43.09999999999983800, 18.49999999999035794 ) ) ;
#2051 = ADVANCED_FACE ( 'NONE', ( #1996 ), #2216, .T. ) ;
#2052 = VECTOR ( 'NONE', #879, 1000.000000000000000 ) ;
#2053 = VERTEX_POINT ( 'NONE', #1472 ) ;
#2054 = PLANE ( 'NONE',  #1622 ) ;
#2055 = CARTESIAN_POINT ( 'NONE',  ( -26.96881600685137315, 43.09999999999983800, -15.49999999999035438 ) ) ;
#2056 = ORIENTED_EDGE ( 'NONE', *, *, #66, .T. ) ;
#2057 = LINE ( 'NONE', #1333, #2008 ) ;
#2058 = CARTESIAN_POINT ( 'NONE',  ( 42.03118399314863041, 40.09999999999983800, 22.75000000000000355 ) ) ;
#2059 = EDGE_CURVE ( 'NONE', #474, #476, #190, .T. ) ;
#2060 = DIRECTION ( 'NONE',  ( 0.7638856255460445555, 0.000000000000000000, 0.6453516491682098621 ) ) ;
#2061 = DIRECTION ( 'NONE',  ( -1.301042606982605321E-16, 0.000000000000000000, -1.000000000000000000 ) ) ;
#2062 = VERTEX_POINT ( 'NONE', #334 ) ;
#2063 = EDGE_CURVE ( 'NONE', #319, #707, #180, .T. ) ;
#2064 = DIRECTION ( 'NONE',  ( 0.000000000000000000, 1.000000000000000000, 0.000000000000000000 ) ) ;
#2065 = LINE ( 'NONE', #1548, #88 ) ;
#2066 = ORIENTED_EDGE ( 'NONE', *, *, #48, .T. ) ;
#2067 = LINE ( 'NONE', #955, #1976 ) ;
#2068 = CARTESIAN_POINT ( 'NONE',  ( -26.96881600685137315, 40.09999999999983800, 15.49999999999035438 ) ) ;
#2069 = CARTESIAN_POINT ( 'NONE',  ( -17.90487095435600651, 40.09999999999983800, 22.20834312336186755 ) ) ;
#2070 = DIRECTION ( 'NONE',  ( -1.000000000000000000, 0.000000000000000000, -0.000000000000000000 ) ) ;
#2071 = PRODUCT_RELATED_PRODUCT_CATEGORY ( 'part', '', ( #904 ) ) ;
#2072 = VERTEX_POINT ( 'NONE', #724 ) ;
#2073 = CARTESIAN_POINT ( 'NONE',  ( 42.03118399314863041, 40.09999999999983800, 24.50000000000000000 ) ) ;
#2074 = VERTEX_POINT ( 'NONE', #1811 ) ;
#2075 = EDGE_CURVE ( 'NONE', #372, #1856, #1289, .T. ) ;
#2076 = LINE ( 'NONE', #1550, #2275 ) ;
#2077 = ORIENTED_EDGE ( 'NONE', *, *, #1691, .F. ) ;
#2078 = EDGE_LOOP ( 'NONE', ( #188, #1523, #1490, #646 ) ) ;
#2079 = DIRECTION ( 'NONE',  ( 0.000000000000000000, -1.000000000000000000, 0.000000000000000000 ) ) ;
#2080 = AXIS2_PLACEMENT_3D ( 'NONE', #596, #1357, #2091 ) ;
#2081 = LINE ( 'NONE', #399, #1788 ) ;
#2082 = CARTESIAN_POINT ( 'NONE',  ( -15.96881600685137670, 40.09999999999983800, -24.50000000000000000 ) ) ;
#2083 = AXIS2_PLACEMENT_3D ( 'NONE', #797, #1156, #1895 ) ;
#2084 = ORIENTED_EDGE ( 'NONE', *, *, #999, .F. ) ;
#2085 = ORIENTED_EDGE ( 'NONE', *, *, #987, .T. ) ;
#2086 = FACE_OUTER_BOUND ( 'NONE', #2261, .T. ) ;
#2087 = CARTESIAN_POINT ( 'NONE',  ( 5.095750210677686919E-16, 43.09999999999983800, -11.74999999999035261 ) ) ;
#2088 = EDGE_LOOP ( 'NONE', ( #1844, #1412, #1094, #1771 ) ) ;
#2089 = AXIS2_PLACEMENT_3D ( 'NONE', #408, #1592, #837 ) ;
#2090 = COLOUR_RGB ( '',0.7921568627450980005, 0.8196078431372548767, 0.9333333333333333481 ) ;
#2091 = DIRECTION ( 'NONE',  ( 0.000000000000000000, 0.000000000000000000, 1.000000000000000000 ) ) ;
#2092 = EDGE_CURVE ( 'NONE', #1350, #1719, #2180, .T. ) ;
#2093 = ORIENTED_EDGE ( 'NONE', *, *, #357, .F. ) ;
#2094 = ORIENTED_EDGE ( 'NONE', *, *, #1425, .F. ) ;
#2095 = EDGE_CURVE ( 'NONE', #2109, #1753, #1299, .T. ) ;
#2096 = FACE_OUTER_BOUND ( 'NONE', #968, .T. ) ;
#2097 = UNCERTAINTY_MEASURE_WITH_UNIT (LENGTH_MEASURE( 1.000000000000000082E-05 ), #2296, 'distance_accuracy_value', 'NONE');
#2098 = CARTESIAN_POINT ( 'NONE',  ( 43.96723894065326022, 43.09999999999983800, -22.20834312336186755 ) ) ;
#2099 = ORIENTED_EDGE ( 'NONE', *, *, #1952, .T. ) ;
#2100 = DIRECTION ( 'NONE',  ( 0.000000000000000000, 0.000000000000000000, 1.000000000000000000 ) ) ;
#2101 = CARTESIAN_POINT ( 'NONE',  ( -17.90487095435600651, 43.09999999999983800, 22.20834312336186755 ) ) ;
#2102 = DIRECTION ( 'NONE',  ( 0.000000000000000000, 1.000000000000000000, 0.000000000000000000 ) ) ;
#2103 = ORIENTED_EDGE ( 'NONE', *, *, #2063, .T. ) ;
#2104 = ORIENTED_EDGE ( 'NONE', *, *, #265, .T. ) ;
#2105 = CARTESIAN_POINT ( 'NONE',  ( 3.491156287109394629, 43.09999999999983800, 4.132389074537651474 ) ) ;
#2106 = EDGE_CURVE ( 'NONE', #319, #620, #1639, .T. ) ;
#2107 = CYLINDRICAL_SURFACE ( 'NONE', #1624, 1.749999999999998002 ) ;
#2108 = ORIENTED_EDGE ( 'NONE', *, *, #872, .T. ) ;
#2109 = VERTEX_POINT ( 'NONE', #535 ) ;
#2110 = CARTESIAN_POINT ( 'NONE',  ( 42.03118399314863041, 46.09999999999984510, -24.50000000000000000 ) ) ;
#2111 = CYLINDRICAL_SURFACE ( 'NONE', #1557, 1.749999999999998002 ) ;
#2112 = ORIENTED_EDGE ( 'NONE', *, *, #396, .T. ) ;
#2113 = DIRECTION ( 'NONE',  ( -0.000000000000000000, -1.000000000000000000, -0.000000000000000000 ) ) ;
#2114 = ORIENTED_EDGE ( 'NONE', *, *, #534, .T. ) ;
#2115 = DIRECTION ( 'NONE',  ( 0.000000000000000000, 0.000000000000000000, 1.000000000000000000 ) ) ;
#2116 = LINE ( 'NONE', #469, #1662 ) ;
#2117 = DIRECTION ( 'NONE',  ( 1.000000000000000000, -0.000000000000000000, 0.000000000000000000 ) ) ;
#2118 = EDGE_CURVE ( 'NONE', #1815, #464, #2189, .T. ) ;
#2119 = VECTOR ( 'NONE', #185, 1000.000000000000114 ) ;
#2120 = ORIENTED_EDGE ( 'NONE', *, *, #967, .T. ) ;
#2121 = ORIENTED_EDGE ( 'NONE', *, *, #2190, .F. ) ;
#2122 = VECTOR ( 'NONE', #901, 1000.000000000000114 ) ;
#2123 = LINE ( 'NONE', #2336, #1006 ) ;
#2124 = EDGE_CURVE ( 'NONE', #2221, #980, #2374, .T. ) ;
#2125 = DIRECTION ( 'NONE',  ( 1.000000000000000000, 0.000000000000000000, 4.336808689942017736E-17 ) ) ;
#2126 = ORIENTED_EDGE ( 'NONE', *, *, #357, .T. ) ;
#2127 = VECTOR ( 'NONE', #1298, 1000.000000000000000 ) ;
#2128 = CARTESIAN_POINT ( 'NONE',  ( 3.491156287109394629, 43.09999999999983800, 4.132389074537651474 ) ) ;
#2129 = AXIS2_PLACEMENT_3D ( 'NONE', #1132, #1482, #1105 ) ;
#2130 = ORIENTED_EDGE ( 'NONE', *, *, #400, .T. ) ;
#2131 = PRESENTATION_LAYER_ASSIGNMENT (  '', '', ( #1627 ) ) ;
#2132 = FACE_OUTER_BOUND ( 'NONE', #437, .T. ) ;
#2133 = DIRECTION ( 'NONE',  ( 0.000000000000000000, -0.000000000000000000, 1.000000000000000000 ) ) ;
#2134 = CARTESIAN_POINT ( 'NONE',  ( 42.03118399314863041, 40.09999999999983800, 24.50000000000000000 ) ) ;
#2135 = ORIENTED_EDGE ( 'NONE', *, *, #2334, .F. ) ;
#2136 = CARTESIAN_POINT ( 'NONE',  ( -5.525607665467274998, 43.09999999999983800, -11.74999999999035261 ) ) ;
#2137 = CARTESIAN_POINT ( 'NONE',  ( -15.96881600685137670, 43.09999999999983800, 24.50000000000000000 ) ) ;
#2138 = EDGE_CURVE ( 'NONE', #834, #825, #365, .T. ) ;
#2139 = CARTESIAN_POINT ( 'NONE',  ( -5.421010862423340221E-16, 40.09999999999983800, 12.49999999999035616 ) ) ;
#2140 = ORIENTED_EDGE ( 'NONE', *, *, #1982, .F. ) ;
#2141 = ORIENTED_EDGE ( 'NONE', *, *, #1804, .T. ) ;
#2142 = CARTESIAN_POINT ( 'NONE',  ( 42.03118399314863041, 46.09999999999984510, -27.50000000000000355 ) ) ;
#2143 = ORIENTED_EDGE ( 'NONE', *, *, #1479, .T. ) ;
#2144 = CARTESIAN_POINT ( 'NONE',  ( 43.96723894065324600, 43.09999999999983800, 22.20834312336187466 ) ) ;
#2145 = EDGE_LOOP ( 'NONE', ( #1614, #577, #403, #2099 ) ) ;
#2146 = ORIENTED_EDGE ( 'NONE', *, *, #66, .F. ) ;
#2147 = LINE ( 'NONE', #2299, #77 ) ;
#2148 = CARTESIAN_POINT ( 'NONE',  ( 53.03118399314863041, 40.09999999999983800, -18.49999999999036149 ) ) ;
#2149 = CARTESIAN_POINT ( 'NONE',  ( -14.03276105934674511, 43.09999999999983800, -26.79165687663813245 ) ) ;
#2150 = ADVANCED_FACE ( 'NONE', ( #1485 ), #1616, .F. ) ;
#2151 = ORIENTED_EDGE ( 'NONE', *, *, #51, .T. ) ;
#2152 = EDGE_CURVE ( 'NONE', #742, #257, #1257, .T. ) ;
#2153 = CARTESIAN_POINT ( 'NONE',  ( -14.40315868587544657, 43.09999999999983800, 19.24999999999035794 ) ) ;
#2154 = AXIS2_PLACEMENT_3D ( 'NONE', #572, #1270, #2211 ) ;
#2155 = DIRECTION ( 'NONE',  ( 0.000000000000000000, 1.000000000000000000, -0.000000000000000000 ) ) ;
#2156 = CYLINDRICAL_SURFACE ( 'NONE', #1442, 3.750000000000006661 ) ;
#2157 = CIRCLE ( 'NONE', #2352, 3.000000000000000888 ) ;
#2158 = VECTOR ( 'NONE', #1714, 1000.000000000000000 ) ;
#2159 = CARTESIAN_POINT ( 'NONE',  ( -5.105901899233058927, 40.09999999999983800, -19.24999999999035794 ) ) ;
#2160 = EDGE_LOOP ( 'NONE', ( #488, #2084, #2021, #2244 ) ) ;
#2161 = CIRCLE ( 'NONE', #129, 3.750000000000000000 ) ;
#2162 = EDGE_CURVE ( 'NONE', #1393, #2231, #704, .T. ) ;
#2163 = ORIENTED_EDGE ( 'NONE', *, *, #1018, .F. ) ;
#2164 = VECTOR ( 'NONE', #1125, 1000.000000000000000 ) ;
#2165 = EDGE_CURVE ( 'NONE', #887, #869, #1277, .T. ) ;
#2166 = AXIS2_PLACEMENT_3D ( 'NONE', #1701, #69, #2285 ) ;
#2167 = CARTESIAN_POINT ( 'NONE',  ( -15.96881600685137670, 40.09999999999983800, 21.50000000000000000 ) ) ;
#2168 = CIRCLE ( 'NONE', #94, 2.999999999999999112 ) ;
#2169 = CARTESIAN_POINT ( 'NONE',  ( 42.03118399314863041, 40.09999999999983800, -24.50000000000000000 ) ) ;
#2170 = CARTESIAN_POINT ( 'NONE',  ( -15.96881600685137670, 40.09999999999983800, -21.50000000000000000 ) ) ;
#2171 = ORIENTED_EDGE ( 'NONE', *, *, #380, .T. ) ;
#2172 = DIRECTION ( 'NONE',  ( 0.000000000000000000, 0.000000000000000000, -1.000000000000000000 ) ) ;
#2173 = ORIENTED_EDGE ( 'NONE', *, *, #1692, .F. ) ;
#2174 = DIRECTION ( 'NONE',  ( 0.7638856255460445555, 0.000000000000000000, 0.6453516491682098621 ) ) ;
#2175 = CARTESIAN_POINT ( 'NONE',  ( -26.96881600685137315, 43.09999999999983800, -13.74999999999035438 ) ) ;
#2176 = ADVANCED_FACE ( 'NONE', ( #1661 ), #1650, .F. ) ;
#2177 = EDGE_CURVE ( 'NONE', #232, #1052, #1630, .T. ) ;
#2178 = EDGE_LOOP ( 'NONE', ( #2126, #1769 ) ) ;
#2179 = PLANE ( 'NONE',  #545 ) ;
#2180 = LINE ( 'NONE', #374, #1 ) ;
#2181 = DIRECTION ( 'NONE',  ( 0.000000000000000000, -1.000000000000000000, 0.000000000000000000 ) ) ;
#2182 = DIRECTION ( 'NONE',  ( 4.336808689942017736E-17, 0.000000000000000000, -1.000000000000000000 ) ) ;
#2183 = ORIENTED_EDGE ( 'NONE', *, *, #400, .F. ) ;
#2184 = CARTESIAN_POINT ( 'NONE',  ( 53.03118399314863041, 43.09999999999983800, -11.74999999999035083 ) ) ;
#2185 = CARTESIAN_POINT ( 'NONE',  ( 8.382555599827430370, 43.09999999999983800, -8.673617379884035472E-16 ) ) ;
#2186 = EDGE_CURVE ( 'NONE', #1863, #461, #1697, .T. ) ;
#2187 = ORIENTED_EDGE ( 'NONE', *, *, #491, .F. ) ;
#2188 = CARTESIAN_POINT ( 'NONE',  ( 17.67981238646981623, 43.09999999999983800, 4.336808689942017736E-15 ) ) ;
#2189 = LINE ( 'NONE', #890, #696 ) ;
#2190 = EDGE_CURVE ( 'NONE', #1376, #476, #2168, .T. ) ;
#2191 = DIRECTION ( 'NONE',  ( 0.000000000000000000, 1.000000000000000000, 0.000000000000000000 ) ) ;
#2192 = DIRECTION ( 'NONE',  ( -0.7638856255460443334, 0.000000000000000000, -0.6453516491682100842 ) ) ;
#2193 = ORIENTED_EDGE ( 'NONE', *, *, #1061, .F. ) ;
#2194 = AXIS2_PLACEMENT_3D ( 'NONE', #1965, #1610, #1977 ) ;
#2195 = CARTESIAN_POINT ( 'NONE',  ( 53.03118399314863041, 43.09999999999983800, -19.24999999999036504 ) ) ;
#2196 = VECTOR ( 'NONE', #1413, 1000.000000000000114 ) ;
#2197 = ORIENTED_EDGE ( 'NONE', *, *, #1579, .T. ) ;
#2198 = VECTOR ( 'NONE', #2348, 1000.000000000000000 ) ;
#2199 = CARTESIAN_POINT ( 'NONE',  ( 53.03118399314863041, 40.09999999999983800, -18.49999999999036149 ) ) ;
#2200 = CIRCLE ( 'NONE', #131, 1.750000000000001554 ) ;
#2201 = VECTOR ( 'NONE', #114, 1000.000000000000000 ) ;
#2202 = ORIENTED_EDGE ( 'NONE', *, *, #1707, .F. ) ;
#2203 = LINE ( 'NONE', #179, #2122 ) ;
#2204 = FACE_OUTER_BOUND ( 'NONE', #1561, .T. ) ;
#2205 = VECTOR ( 'NONE', #1184, 1000.000000000000000 ) ;
#2206 = ORIENTED_EDGE ( 'NONE', *, *, #1955, .F. ) ;
#2207 = DIRECTION ( 'NONE',  ( 0.000000000000000000, 0.000000000000000000, 1.000000000000000000 ) ) ;
#2208 = PLANE ( 'NONE',  #1210 ) ;
#2209 = ORIENTED_EDGE ( 'NONE', *, *, #1985, .T. ) ;
#2210 = ADVANCED_FACE ( 'NONE', ( #2241, #38 ), #1336, .F. ) ;
#2211 = DIRECTION ( 'NONE',  ( -1.000000000000000000, 0.000000000000000000, -0.000000000000000000 ) ) ;
#2212 = EDGE_LOOP ( 'NONE', ( #1106, #627, #112, #40 ) ) ;
#2213 = LINE ( 'NONE', #418, #1405 ) ;
#2214 = ORIENTED_EDGE ( 'NONE', *, *, #2124, .F. ) ;
#2215 = CARTESIAN_POINT ( 'NONE',  ( 42.03118399314863041, 46.09999999999984510, 21.50000000000000000 ) ) ;
#2216 = CYLINDRICAL_SURFACE ( 'NONE', #860, 3.000000000000002665 ) ;
#2217 = VERTEX_POINT ( 'NONE', #590 ) ;
#2218 = ORIENTED_EDGE ( 'NONE', *, *, #563, .T. ) ;
#2219 = CARTESIAN_POINT ( 'NONE',  ( -15.96881600685137670, 40.09999999999983800, 24.50000000000000000 ) ) ;
#2220 = CARTESIAN_POINT ( 'NONE',  ( -15.96881600685137670, 40.09999999999983800, -24.50000000000000000 ) ) ;
#2221 = VERTEX_POINT ( 'NONE', #1518 ) ;
#2222 = CARTESIAN_POINT ( 'NONE',  ( 13.03118399314861975, 40.09999999999983800, -3.927289504702384360 ) ) ;
#2223 = ADVANCED_FACE ( 'NONE', ( #772 ), #949, .T. ) ;
#2224 = ADVANCED_FACE ( 'NONE', ( #1311 ), #609, .F. ) ;
#2225 = CARTESIAN_POINT ( 'NONE',  ( 3.771649121175115305, 43.09999999999983800, 11.74999999999035438 ) ) ;
#2226 = DIRECTION ( 'NONE',  ( 0.000000000000000000, 0.000000000000000000, 1.000000000000000000 ) ) ;
#2227 = DIRECTION ( 'NONE',  ( -0.6453516491682099732, 0.000000000000000000, -0.7638856255460445555 ) ) ;
#2228 = ORIENTED_EDGE ( 'NONE', *, *, #1379, .T. ) ;
#2229 = DIRECTION ( 'NONE',  ( 0.000000000000000000, -0.000000000000000000, -1.000000000000000000 ) ) ;
#2230 = DIRECTION ( 'NONE',  ( 0.000000000000000000, 1.000000000000000000, 0.000000000000000000 ) ) ;
#2231 = VERTEX_POINT ( 'NONE', #241 ) ;
#2232 = CARTESIAN_POINT ( 'NONE',  ( 13.03118399314862508, 40.09999999999983800, 3.927289504702387912 ) ) ;
#2233 = VECTOR ( 'NONE', #248, 1000.000000000000000 ) ;
#2234 = EDGE_CURVE ( 'NONE', #1604, #390, #420, .T. ) ;
#2235 = CIRCLE ( 'NONE', #2321, 3.000000000000002665 ) ;
#2236 = CYLINDRICAL_SURFACE ( 'NONE', #2089, 1.750000000000001554 ) ;
#2237 = AXIS2_PLACEMENT_3D ( 'NONE', #2331, #996, #1735 ) ;
#2238 = ADVANCED_FACE ( 'NONE', ( #2037 ), #410, .F. ) ;
#2239 = AXIS2_PLACEMENT_3D ( 'NONE', #2250, #597, #1286 ) ;
#2240 = CARTESIAN_POINT ( 'NONE',  ( -15.96881600685137670, 46.09999999999984510, -24.50000000000000000 ) ) ;
#2241 = FACE_OUTER_BOUND ( 'NONE', #2333, .T. ) ;
#2242 = VECTOR ( 'NONE', #1608, 1000.000000000000000 ) ;
#2243 = VERTEX_POINT ( 'NONE', #1119 ) ;
#2244 = ORIENTED_EDGE ( 'NONE', *, *, #615, .T. ) ;
#2245 = CARTESIAN_POINT ( 'NONE',  ( 31.58797565176453404, 43.09999999999983800, -11.74999999999035438 ) ) ;
#2246 = DIRECTION ( 'NONE',  ( -0.6453516491682099732, 0.000000000000000000, -0.7638856255460445555 ) ) ;
#2247 = CIRCLE ( 'NONE', #402, 3.750000000000000000 ) ;
#2248 = ORIENTED_EDGE ( 'NONE', *, *, #1680, .F. ) ;
#2249 = LINE ( 'NONE', #440, #1116 ) ;
#2250 = CARTESIAN_POINT ( 'NONE',  ( 53.03118399314863041, 40.09999999999983800, 15.49999999999035794 ) ) ;
#2251 = EDGE_CURVE ( 'NONE', #2053, #1022, #2280, .T. ) ;
#2252 = CARTESIAN_POINT ( 'NONE',  ( -26.96881600685137315, 40.09999999999983800, 18.49999999999035794 ) ) ;
#2253 = EDGE_CURVE ( 'NONE', #2243, #1730, #2360, .T. ) ;
#2254 = DIRECTION ( 'NONE',  ( 0.000000000000000000, 1.000000000000000000, -0.000000000000000000 ) ) ;
#2255 = ORIENTED_EDGE ( 'NONE', *, *, #1916, .F. ) ;
#2256 = ORIENTED_EDGE ( 'NONE', *, *, #679, .T. ) ;
#2257 = LINE ( 'NONE', #1687, #963 ) ;
#2258 = CARTESIAN_POINT ( 'NONE',  ( -2.504507018440260954E-15, 33.09999999999983800, -19.24999999999035794 ) ) ;
#2259 = EDGE_LOOP ( 'NONE', ( #688, #151, #1174, #900 ) ) ;
#2260 = LINE ( 'NONE', #1150, #1695 ) ;
#2261 = EDGE_LOOP ( 'NONE', ( #208, #2381, #1520, #2283 ) ) ;
#2262 = LINE ( 'NONE', #1307, #1593 ) ;
#2263 = UNCERTAINTY_MEASURE_WITH_UNIT (LENGTH_MEASURE( 1.000000000000000082E-05 ), #1756, 'distance_accuracy_value', 'NONE');
#2264 = DIRECTION ( 'NONE',  ( 1.000000000000000000, 0.000000000000000000, -1.301042606982605321E-16 ) ) ;
#2265 = CARTESIAN_POINT ( 'NONE',  ( 0.000000000000000000, 33.09999999999983800, 0.000000000000000000 ) ) ;
#2266 = EDGE_CURVE ( 'NONE', #1436, #406, #1860, .T. ) ;
#2267 = ORIENTED_EDGE ( 'NONE', *, *, #1375, .F. ) ;
#2268 = CARTESIAN_POINT ( 'NONE',  ( 3.771649121175110420, 40.09999999999983800, -11.74999999999035261 ) ) ;
#2269 = DIRECTION ( 'NONE',  ( 2.168404344971008560E-17, 0.000000000000000000, 1.000000000000000000 ) ) ;
#2270 = ORIENTED_EDGE ( 'NONE', *, *, #2383, .F. ) ;
#2271 = EDGE_CURVE ( 'NONE', #1059, #439, #1907, .T. ) ;
#2272 = DIRECTION ( 'NONE',  ( -1.000000000000000000, 0.000000000000000000, -1.301042606982605321E-16 ) ) ;
#2273 = EDGE_LOOP ( 'NONE', ( #1126, #1332, #1986, #1496 ) ) ;
#2274 = VERTEX_POINT ( 'NONE', #1881 ) ;
#2275 = VECTOR ( 'NONE', #1343, 1000.000000000000000 ) ;
#2276 = DIRECTION ( 'NONE',  ( 0.000000000000000000, 0.000000000000000000, -1.000000000000000000 ) ) ;
#2277 = VECTOR ( 'NONE', #822, 1000.000000000000000 ) ;
#2278 = ORIENTED_EDGE ( 'NONE', *, *, #382, .F. ) ;
#2279 = DIRECTION ( 'NONE',  ( -0.7638856255460443334, 0.000000000000000000, -0.6453516491682100842 ) ) ;
#2280 = LINE ( 'NONE', #435, #329 ) ;
#2281 = VECTOR ( 'NONE', #1837, 1000.000000000000000 ) ;
#2282 = VECTOR ( 'NONE', #1366, 1000.000000000000000 ) ;
#2283 = ORIENTED_EDGE ( 'NONE', *, *, #1776, .T. ) ;
#2284 = DIRECTION ( 'NONE',  ( 0.000000000000000000, 0.000000000000000000, -1.000000000000000000 ) ) ;
#2285 = DIRECTION ( 'NONE',  ( 0.000000000000000000, 0.000000000000000000, -1.000000000000000000 ) ) ;
#2286 = ORIENTED_EDGE ( 'NONE', *, *, #766, .T. ) ;
#2287 = AXIS2_PLACEMENT_3D ( 'NONE', #1581, #59, #303 ) ;
#2288 = AXIS2_PLACEMENT_3D ( 'NONE', #2137, #490, #1796 ) ;
#2289 = CARTESIAN_POINT ( 'NONE',  ( -15.96881600685137670, 40.09999999999983800, -24.50000000000000000 ) ) ;
#2290 = EDGE_CURVE ( 'NONE', #1460, #70, #1891, .T. ) ;
#2291 = ORIENTED_EDGE ( 'NONE', *, *, #1618, .T. ) ;
#2292 = ORIENTED_EDGE ( 'NONE', *, *, #2106, .F. ) ;
#2293 = ORIENTED_EDGE ( 'NONE', *, *, #6, .T. ) ;
#2294 = DIRECTION ( 'NONE',  ( 0.7638856255460445555, 0.000000000000000000, -0.6453516491682098621 ) ) ;
#2295 = DIRECTION ( 'NONE',  ( 0.6453516491682100842, 0.000000000000000000, -0.7638856255460443334 ) ) ;
#2296 =( LENGTH_UNIT ( ) NAMED_UNIT ( * ) SI_UNIT ( .MILLI., .METRE. ) );
#2297 = ORIENTED_EDGE ( 'NONE', *, *, #2162, .F. ) ;
#2298 = ORIENTED_EDGE ( 'NONE', *, *, #1646, .T. ) ;
#2299 = CARTESIAN_POINT ( 'NONE',  ( 5.095750210677686919E-16, 43.09999999999983800, -11.74999999999035261 ) ) ;
#2300 = CARTESIAN_POINT ( 'NONE',  ( -5.105901899233054486, 40.09999999999983800, 19.24999999999035794 ) ) ;
#2301 = ORIENTED_EDGE ( 'NONE', *, *, #1474, .T. ) ;
#2302 = FACE_OUTER_BOUND ( 'NONE', #2345, .T. ) ;
#2303 = VERTEX_POINT ( 'NONE', #2050 ) ;
#2304 = EDGE_CURVE ( 'NONE', #1052, #372, #1542, .T. ) ;
#2305 = ORIENTED_EDGE ( 'NONE', *, *, #839, .T. ) ;
#2306 = DIRECTION ( 'NONE',  ( 0.000000000000000000, 0.000000000000000000, 1.000000000000000000 ) ) ;
#2307 = ADVANCED_FACE ( 'NONE', ( #1495 ), #15, .T. ) ;
#2308 = LINE ( 'NONE', #649, #238 ) ;
#2309 = CARTESIAN_POINT ( 'NONE',  ( -2.504507018440260954E-15, 40.09999999999983800, 19.24999999999035794 ) ) ;
#2310 = VERTEX_POINT ( 'NONE', #217 ) ;
#2311 = CARTESIAN_POINT ( 'NONE',  ( 40.09512904564400060, 40.09999999999983800, -26.79165687663813600 ) ) ;
#2312 = SURFACE_STYLE_USAGE ( .BOTH. , #643 ) ;
#2313 = DIRECTION ( 'NONE',  ( 0.000000000000000000, 0.000000000000000000, -1.000000000000000000 ) ) ;
#2314 = ORIENTED_EDGE ( 'NONE', *, *, #224, .F. ) ;
#2315 = DIRECTION ( 'NONE',  ( -0.000000000000000000, -1.000000000000000000, 0.000000000000000000 ) ) ;
#2316 = CARTESIAN_POINT ( 'NONE',  ( 40.46552667217268606, 40.09999999999983800, 19.24999999999036859 ) ) ;
#2317 = PLANE ( 'NONE',  #853 ) ;
#2318 = EDGE_CURVE ( 'NONE', #788, #1432, #1793, .T. ) ;
#2319 = VECTOR ( 'NONE', #56, 1000.000000000000000 ) ;
#2320 = ORIENTED_EDGE ( 'NONE', *, *, #1375, .T. ) ;
#2321 = AXIS2_PLACEMENT_3D ( 'NONE', #2110, #677, #2284 ) ;
#2322 = DIRECTION ( 'NONE',  ( 0.000000000000000000, 1.000000000000000000, 0.000000000000000000 ) ) ;
#2323 = CARTESIAN_POINT ( 'NONE',  ( 42.03118399314863041, 46.09999999999984510, -21.50000000000000000 ) ) ;
#2324 = CIRCLE ( 'NONE', #584, 1.749999999999998002 ) ;
#2325 = LINE ( 'NONE', #1219, #428 ) ;
#2326 = VECTOR ( 'NONE', #947, 1000.000000000000000 ) ;
#2327 = VECTOR ( 'NONE', #2019, 1000.000000000000000 ) ;
#2328 = ORIENTED_EDGE ( 'NONE', *, *, #203, .T. ) ;
#2329 = CARTESIAN_POINT ( 'NONE',  ( -15.96881600685137670, 46.09999999999984510, -22.75000000000000000 ) ) ;
#2330 = CIRCLE ( 'NONE', #1284, 1.750000000000001554 ) ;
#2331 = CARTESIAN_POINT ( 'NONE',  ( -26.96881600685137315, 43.09999999999983800, 15.49999999999035438 ) ) ;
#2332 = LINE ( 'NONE', #2309, #698 ) ;
#2333 = EDGE_LOOP ( 'NONE', ( #1136, #493, #1252, #1355 ) ) ;
#2334 = EDGE_CURVE ( 'NONE', #1368, #1233, #2330, .T. ) ;
#2335 = ORIENTED_EDGE ( 'NONE', *, *, #299, .T. ) ;
#2336 = CARTESIAN_POINT ( 'NONE',  ( 7.363266182118652026, 43.09999999999983800, -8.715702827813911924 ) ) ;
#2337 = DIRECTION ( 'NONE',  ( 0.000000000000000000, -1.000000000000000000, 0.000000000000000000 ) ) ;
#2338 = DIRECTION ( 'NONE',  ( 1.000000000000000000, 0.000000000000000000, 4.336808689942017736E-17 ) ) ;
#2339 = DIRECTION ( 'NONE',  ( 0.000000000000000000, 1.000000000000000000, -0.000000000000000000 ) ) ;
#2340 = DIRECTION ( 'NONE',  ( 0.000000000000000000, 1.000000000000000000, -0.000000000000000000 ) ) ;
#2341 = DIRECTION ( 'NONE',  ( -0.000000000000000000, -1.000000000000000000, -0.000000000000000000 ) ) ;
#2342 = DIRECTION ( 'NONE',  ( -0.000000000000000000, -1.000000000000000000, -0.000000000000000000 ) ) ;
#2343 = ADVANCED_FACE ( 'NONE', ( #499, #99 ), #486, .T. ) ;
#2344 = LINE ( 'NONE', #2149, #658 ) ;
#2345 = EDGE_LOOP ( 'NONE', ( #2146, #1279, #1224, #614 ) ) ;
#2346 = EDGE_CURVE ( 'NONE', #2072, #133, #675, .T. ) ;
#2347 = CARTESIAN_POINT ( 'NONE',  ( -26.96881600685137315, 40.09999999999983800, -15.49999999999035438 ) ) ;
#2348 = DIRECTION ( 'NONE',  ( -0.000000000000000000, -1.000000000000000000, -0.000000000000000000 ) ) ;
#2349 = EDGE_LOOP ( 'NONE', ( #220, #204 ) ) ;
#2350 = PLANE ( 'NONE',  #352 ) ;
#2351 = DIRECTION ( 'NONE',  ( -0.7638856255460444444, 0.000000000000000000, 0.6453516491682098621 ) ) ;
#2352 = AXIS2_PLACEMENT_3D ( 'NONE', #376, #905, #1642 ) ;
#2353 = VECTOR ( 'NONE', #831, 1000.000000000000000 ) ;
#2354 = DIRECTION ( 'NONE',  ( -0.000000000000000000, -1.000000000000000000, 0.000000000000000000 ) ) ;
#2355 = VERTEX_POINT ( 'NONE', #1572 ) ;
#2356 = AXIS2_PLACEMENT_3D ( 'NONE', #2240, #216, #1660 ) ;
#2357 = AXIS2_PLACEMENT_3D ( 'NONE', #2068, #1888, #1842 ) ;
#2358 = CARTESIAN_POINT ( 'NONE',  ( 3.491156287109394629, 43.09999999999983800, -4.132389074537651474 ) ) ;
#2359 = EDGE_CURVE ( 'NONE', #1067, #332, #2247, .T. ) ;
#2360 = CIRCLE ( 'NONE', #361, 1.749999999999998002 ) ;
#2361 = CARTESIAN_POINT ( 'NONE',  ( 3.491156287109394629, 43.09999999999983800, -4.132389074537651474 ) ) ;
#2362 = ORIENTED_EDGE ( 'NONE', *, *, #1324, .T. ) ;
#2363 = DIRECTION ( 'NONE',  ( 0.000000000000000000, -1.000000000000000000, 0.000000000000000000 ) ) ;
#2364 = CARTESIAN_POINT ( 'NONE',  ( -2.504507018440260954E-15, 43.09999999999983800, 19.24999999999035794 ) ) ;
#2365 = CARTESIAN_POINT ( 'NONE',  ( -15.96881600685137670, 40.09999999999983800, -24.50000000000000000 ) ) ;
#2366 = CARTESIAN_POINT ( 'NONE',  ( 31.16826988553031441, 40.09999999999983800, -19.24999999999036504 ) ) ;
#2367 = ORIENTED_EDGE ( 'NONE', *, *, #1263, .T. ) ;
#2368 = LINE ( 'NONE', #2195, #1352 ) ;
#2369 = PRODUCT_DEFINITION_SHAPE ( 'NONE', 'NONE',  #921 ) ;
#2370 = EDGE_CURVE ( 'NONE', #55, #1432, #305, .T. ) ;
#2371 = FACE_BOUND ( 'NONE', #76, .T. ) ;
#2372 = EDGE_CURVE ( 'NONE', #817, #1640, #1036, .T. ) ;
#2373 = DIRECTION ( 'NONE',  ( -0.6453516491682099732, 0.000000000000000000, -0.7638856255460445555 ) ) ;
#2374 = LINE ( 'NONE', #1629, #2052 ) ;
#2375 = ORIENTED_EDGE ( 'NONE', *, *, #1200, .F. ) ;
#2376 = DIRECTION ( 'NONE',  ( 0.000000000000000000, 1.000000000000000000, 0.000000000000000000 ) ) ;
#2377 = PLANE ( 'NONE',  #1319 ) ;
#2378 = ORIENTED_EDGE ( 'NONE', *, *, #1342, .F. ) ;
#2379 = CARTESIAN_POINT ( 'NONE',  ( 22.29071886512213752, 40.09999999999983800, 11.74999999999035261 ) ) ;
#2380 = DIRECTION ( 'NONE',  ( 0.7638856255460445555, 0.000000000000000000, 0.6453516491682098621 ) ) ;
#2381 = ORIENTED_EDGE ( 'NONE', *, *, #1634, .F. ) ;
#2382 = LINE ( 'NONE', #1845, #162 ) ;
#2383 = EDGE_CURVE ( 'NONE', #1604, #825, #2332, .T. ) ;
#2384 = CARTESIAN_POINT ( 'NONE',  ( 53.03118399314863041, 43.09999999999983800, 15.49999999999035794 ) ) ;
#2385 = EDGE_LOOP ( 'NONE', ( #1913, #2135 ) ) ;
#2386 = VERTEX_POINT ( 'NONE', #867 ) ;
#2387 = CIRCLE ( 'NONE', #1349, 3.750000000000006661 ) ;
#2388 = CARTESIAN_POINT ( 'NONE',  ( 53.03118399314863041, 43.09999999999983800, -15.49999999999035794 ) ) ;
#2389 = DIRECTION ( 'NONE',  ( 0.7638856255460443334, 0.000000000000000000, 0.6453516491682100842 ) ) ;
#2390 = EDGE_LOOP ( 'NONE', ( #2193, #595, #2121, #1145, #1847 ) ) ;
#2391 = VECTOR ( 'NONE', #1019, 1000.000000000000114 ) ;
#2392 = DIRECTION ( 'NONE',  ( 0.7638856255460445555, 0.000000000000000000, -0.6453516491682098621 ) ) ;
#2393 = VECTOR ( 'NONE', #589, 1000.000000000000000 ) ;
#2394 = CARTESIAN_POINT ( 'NONE',  ( -15.96881600685137670, 46.09999999999984510, 21.50000000000000000 ) ) ;
#2395 = CIRCLE ( 'NONE', #2357, 1.750000000000001554 ) ;
ENDSEC;
END-ISO-10303-21;
