ISO-10303-21;
HEADER;
FILE_DESCRIPTION (( 'STEP AP203' ),
    '1' );
FILE_NAME ('Part1.STEP',
    '2026-06-19T23:37:39',
    ( '' ),
    ( '' ),
    'SwSTEP 2.0',
    'SolidWorks 2026',
    '' );
FILE_SCHEMA (( 'CONFIG_CONTROL_DESIGN' ));
ENDSEC;

DATA;
#1 = EDGE_CURVE ( 'NONE', #181, #169, #2616, .T. ) ;
#2 = CARTESIAN_POINT ( 'NONE',  ( -24.20786437626921739, -19.96522368914778411, 2.000000000000000000 ) ) ;
#3 = AXIS2_PLACEMENT_3D ( 'NONE', #43, #1153, #2259 ) ;
#4 = VECTOR ( 'NONE', #620, 1000.000000000000000 ) ;
#5 = ORIENTED_EDGE ( 'NONE', *, *, #3560, .T. ) ;
#6 = CARTESIAN_POINT ( 'NONE',  ( 18.72966488052463774, -23.06897064995830604, 2.047360408114722308 ) ) ;
#7 = CIRCLE ( 'NONE', #2045, 19.99999999999999645 ) ;
#8 = AXIS2_PLACEMENT_3D ( 'NONE', #1838, #685, #505 ) ;
#9 = EDGE_LOOP ( 'NONE', ( #927, #1038, #173, #3362 ) ) ;
#10 = UNCERTAINTY_MEASURE_WITH_UNIT (LENGTH_MEASURE( 1.000000000000000082E-05 ), #163, 'distance_accuracy_value', 'NONE');
#11 = CARTESIAN_POINT ( 'NONE',  ( -20.44411237513041613, 13.64999999999999680, 21.82280828415804663 ) ) ;
#12 = DIRECTION ( 'NONE',  ( 1.638611685377993016E-16, -1.000000000000000000, 0.000000000000000000 ) ) ;
#13 = VERTEX_POINT ( 'NONE', #1765 ) ;
#14 = CARTESIAN_POINT ( 'NONE',  ( 18.35000000000016485, 16.98507861423216170, 3.955511802618454364 ) ) ;
#15 = ORIENTED_EDGE ( 'NONE', *, *, #1341, .F. ) ;
#16 = APPROVAL_STATUS ( 'not_yet_approved' ) ;
#17 = CARTESIAN_POINT ( 'NONE',  ( -21.94218996054865656, -23.69218996054651072, 2.000000000000000000 ) ) ;
#18 = AXIS2_PLACEMENT_3D ( 'NONE', #3149, #1145, #1423 ) ;
#19 = CARTESIAN_POINT ( 'NONE',  ( 23.69218996054882354, 23.69218996054634374, 2.000000000000000000 ) ) ;
#20 = ADVANCED_FACE ( 'NONE', ( #910 ), #2579, .F. ) ;
#21 = DIRECTION ( 'NONE',  ( 0.000000000000000000, -0.000000000000000000, -1.000000000000000000 ) ) ;
#22 = DIRECTION ( 'NONE',  ( 1.000000000000000000, 0.000000000000000000, 0.000000000000000000 ) ) ;
#23 = CARTESIAN_POINT ( 'NONE',  ( 12.35000000000011511, 15.34999999999999964, 0.000000000000000000 ) ) ;
#24 = AXIS2_PLACEMENT_3D ( 'NONE', #258, #3019, #2981 ) ;
#25 = EDGE_CURVE ( 'NONE', #2888, #2251, #70, .T. ) ;
#26 = AXIS2_PLACEMENT_3D ( 'NONE', #2806, #1457, #332 ) ;
#27 = VERTEX_POINT ( 'NONE', #649 ) ;
#28 = FACE_OUTER_BOUND ( 'NONE', #2121, .T. ) ;
#29 = AXIS2_PLACEMENT_3D ( 'NONE', #2657, #1268, #2374 ) ;
#30 = APPROVAL ( #16, 'UNSPECIFIED' ) ;
#31 = CARTESIAN_POINT ( 'NONE',  ( -15.35000000000005294, 15.35000000000006004, 3.000000000000000000 ) ) ;
#32 = DIRECTION ( 'NONE',  ( 1.000000000000000000, 0.000000000000000000, 0.000000000000000000 ) ) ;
#33 = ORIENTED_EDGE ( 'NONE', *, *, #3106, .T. ) ;
#34 = ADVANCED_FACE ( 'NONE', ( #3439 ), #2363, .F. ) ;
#35 = DIRECTION ( 'NONE',  ( 0.000000000000000000, 0.000000000000000000, -1.000000000000000000 ) ) ;
#36 = VERTEX_POINT ( 'NONE', #2316 ) ;
#37 = APPROVAL_STATUS ( 'not_yet_approved' ) ;
#38 = CARTESIAN_POINT ( 'NONE',  ( 2.053153435407434557, 19.94999999999999929, 37.35832022167644340 ) ) ;
#39 = CARTESIAN_POINT ( 'NONE',  ( 0.000000000000000000, 0.000000000000000000, 47.00000000000000000 ) ) ;
#40 = CARTESIAN_POINT ( 'NONE',  ( 24.20786437626935239, 13.65000000000000213, -5.047477198250068074E-31 ) ) ;
#41 = CARTESIAN_POINT ( 'NONE',  ( 5.823088065416383685, -38.35000000000017906, 4.000000000000000000 ) ) ;
#42 = CARTESIAN_POINT ( 'NONE',  ( -24.20786437626903265, 19.94999999999999574, -5.047477198250068074E-31 ) ) ;
#43 = CARTESIAN_POINT ( 'NONE',  ( 0.000000000000000000, 0.000000000000000000, 3.999999999999999112 ) ) ;
#44 = ADVANCED_FACE ( 'NONE', ( #1158 ), #2299, .F. ) ;
#45 = EDGE_LOOP ( 'NONE', ( #2907, #1416, #780, #2815 ) ) ;
#46 = CARTESIAN_POINT ( 'NONE',  ( -2.053153435407442551, 9.499202836393507710, 37.35832022167644340 ) ) ;
#47 = EDGE_CURVE ( 'NONE', #3530, #2524, #2019, .T. ) ;
#48 = CARTESIAN_POINT ( 'NONE',  ( 15.35000000000011333, 15.34999999999999964, 3.000000000000000000 ) ) ;
#49 = VERTEX_POINT ( 'NONE', #598 ) ;
#50 = CARTESIAN_POINT ( 'NONE',  ( 24.19265705746597206, 19.94999999999999929, 2.000000000000000000 ) ) ;
#51 = CARTESIAN_POINT ( 'NONE',  ( -10.85000000000012399, 13.85000000000013465, 2.000000000000000000 ) ) ;
#52 = ORIENTED_EDGE ( 'NONE', *, *, #2871, .T. ) ;
#53 = LOCAL_TIME ( 19, 37, 39.00000000000000000, #510 ) ;
#54 = DIRECTION ( 'NONE',  ( -0.000000000000000000, 0.000000000000000000, 1.000000000000000000 ) ) ;
#55 = CARTESIAN_POINT ( 'NONE',  ( -12.35000000000005116, 15.35000000000006004, 0.000000000000000000 ) ) ;
#56 = FACE_BOUND ( 'NONE', #2402, .T. ) ;
#57 = CARTESIAN_POINT ( 'NONE',  ( -17.94039465755661311, 22.43813219463539355, 2.457650197356296307 ) ) ;
#58 = CIRCLE ( 'NONE', #230, 1.750000000000001554 ) ;
#59 = LINE ( 'NONE', #389, #2683 ) ;
#60 = CARTESIAN_POINT ( 'NONE',  ( -3.093766918035982413E-15, 19.94999999999999929, 2.000000000000000000 ) ) ;
#61 = CARTESIAN_POINT ( 'NONE',  ( 19.74495787796271884, 13.65000000000000213, 3.999999999999999112 ) ) ;
#62 = AXIS2_PLACEMENT_3D ( 'NONE', #3292, #2154, #2651 ) ;
#63 = CIRCLE ( 'NONE', #1222, 1.750000000000001554 ) ;
#64 = VECTOR ( 'NONE', #1625, 1000.000000000000000 ) ;
#65 = EDGE_LOOP ( 'NONE', ( #1462, #2640, #295, #2237 ) ) ;
#66 = CARTESIAN_POINT ( 'NONE',  ( -17.10000000000014353, 15.34999999999999964, 4.000000000000000000 ) ) ;
#67 = CIRCLE ( 'NONE', #1226, 1.750000000000001554 ) ;
#68 = EDGE_CURVE ( 'NONE', #546, #333, #2543, .T. ) ;
#69 = ORIENTED_EDGE ( 'NONE', *, *, #2587, .F. ) ;
#70 = LINE ( 'NONE', #1475, #1046 ) ;
#71 = LINE ( 'NONE', #2856, #3550 ) ;
#72 = ORIENTED_EDGE ( 'NONE', *, *, #1966, .T. ) ;
#73 = EDGE_CURVE ( 'NONE', #801, #746, #395, .T. ) ;
#74 = DIRECTION ( 'NONE',  ( 0.7071067811865513475, 0.7071067811865436870, 0.000000000000000000 ) ) ;
#75 = CARTESIAN_POINT ( 'NONE',  ( -2.558426425360543099, 19.94999999999999929, 27.51760025597648252 ) ) ;
#76 = VERTEX_POINT ( 'NONE', #2834 ) ;
#77 = DIRECTION ( 'NONE',  ( -0.000000000000000000, -0.000000000000000000, -1.000000000000000000 ) ) ;
#78 = CARTESIAN_POINT ( 'NONE',  ( 18.35000000000011511, 2.073757380076524710E-15, 2.000000000000000000 ) ) ;
#79 = CARTESIAN_POINT ( 'NONE',  ( -24.14368565248690857, 13.62051889931429827, 3.084161056062583395 ) ) ;
#80 = EDGE_CURVE ( 'NONE', #2001, #3345, #629, .T. ) ;
#81 = CARTESIAN_POINT ( 'NONE',  ( -17.94030054395272700, -22.43806147945063856, 2.457730287619833476 ) ) ;
#82 = ORIENTED_EDGE ( 'NONE', *, *, #604, .T. ) ;
#83 = ORIENTED_EDGE ( 'NONE', *, *, #3564, .F. ) ;
#84 = AXIS2_PLACEMENT_3D ( 'NONE', #2868, #2634, #135 ) ;
#85 = VECTOR ( 'NONE', #1429, 1000.000000000000000 ) ;
#86 = DIRECTION ( 'NONE',  ( 0.000000000000000000, -0.000000000000000000, -1.000000000000000000 ) ) ;
#87 = VERTEX_POINT ( 'NONE', #1744 ) ;
#88 = DIRECTION ( 'NONE',  ( -1.000000000000000000, 7.994117400814688849E-17, 0.000000000000000000 ) ) ;
#89 = DIRECTION ( 'NONE',  ( -0.000000000000000000, -0.000000000000000000, -1.000000000000000000 ) ) ;
#90 = EDGE_LOOP ( 'NONE', ( #330, #579, #2586 ) ) ;
#91 = LINE ( 'NONE', #3078, #829 ) ;
#92 = DIRECTION ( 'NONE',  ( 1.000000000000000000, 0.000000000000000000, 0.000000000000000000 ) ) ;
#93 = EDGE_CURVE ( 'NONE', #3568, #400, #3200, .T. ) ;
#94 = ORIENTED_EDGE ( 'NONE', *, *, #854, .F. ) ;
#95 = CARTESIAN_POINT ( 'NONE',  ( 18.35000000000011511, 2.073757380076524710E-15, 0.000000000000000000 ) ) ;
#96 = DIRECTION ( 'NONE',  ( -0.000000000000000000, 0.000000000000000000, 1.000000000000000000 ) ) ;
#97 = EDGE_CURVE ( 'NONE', #2888, #1747, #307, .T. ) ;
#98 = DIRECTION ( 'NONE',  ( 1.000000000000000000, 0.000000000000000000, 0.000000000000000000 ) ) ;
#99 = CARTESIAN_POINT ( 'NONE',  ( 23.27138791258758488, 19.95000000000000284, 21.41329613856198577 ) ) ;
#100 = AXIS2_PLACEMENT_3D ( 'NONE', #1879, #529, #1621 ) ;
#101 = DIRECTION ( 'NONE',  ( 1.000000000000000000, 0.000000000000000000, 0.000000000000000000 ) ) ;
#102 = VERTEX_POINT ( 'NONE', #1032 ) ;
#103 = CARTESIAN_POINT ( 'NONE',  ( 28.35000000000011866, 4.548202788755371095, 4.000000000000000000 ) ) ;
#104 = ORIENTED_EDGE ( 'NONE', *, *, #2784, .T. ) ;
#105 = CARTESIAN_POINT ( 'NONE',  ( 2.558426425360546208, 19.94999999999999929, 27.51760025597647896 ) ) ;
#106 = ORIENTED_EDGE ( 'NONE', *, *, #1966, .F. ) ;
#107 = PLANE ( 'NONE',  #127 ) ;
#108 = DIRECTION ( 'NONE',  ( -1.000000000000000000, 0.000000000000000000, 0.000000000000000000 ) ) ;
#109 = VERTEX_POINT ( 'NONE', #1284 ) ;
#110 = CARTESIAN_POINT ( 'NONE',  ( 2.121320343558596555, -2.121320343558601440, 0.000000000000000000 ) ) ;
#111 = VECTOR ( 'NONE', #1806, 1000.000000000000000 ) ;
#112 = ADVANCED_FACE ( 'NONE', ( #2139 ), #460, .F. ) ;
#113 = CARTESIAN_POINT ( 'NONE',  ( -10.85000000000012399, 10.85000000000013465, 2.000000000000000000 ) ) ;
#114 = CARTESIAN_POINT ( 'NONE',  ( -24.19265705746121498, 19.94999999999999929, 2.000000000000000000 ) ) ;
#115 = EDGE_CURVE ( 'NONE', #410, #1395, #156, .T. ) ;
#116 = CARTESIAN_POINT ( 'NONE',  ( -2.121320343558569466, 2.121320343558601884, 2.000000000000000000 ) ) ;
#117 = ORIENTED_EDGE ( 'NONE', *, *, #2073, .F. ) ;
#118 = VECTOR ( 'NONE', #1738, 1000.000000000000000 ) ;
#119 = VECTOR ( 'NONE', #3105, 1000.000000000000000 ) ;
#120 = AXIS2_PLACEMENT_3D ( 'NONE', #1164, #2584, #2287 ) ;
#121 = ORIENTED_EDGE ( 'NONE', *, *, #1411, .F. ) ;
#122 = FACE_OUTER_BOUND ( 'NONE', #3563, .T. ) ;
#123 = AXIS2_PLACEMENT_3D ( 'NONE', #1461, #3156, #602 ) ;
#124 = AXIS2_PLACEMENT_3D ( 'NONE', #1595, #798, #3016 ) ;
#125 = ORIENTED_EDGE ( 'NONE', *, *, #1970, .T. ) ;
#126 = EDGE_CURVE ( 'NONE', #2393, #859, #2102, .T. ) ;
#127 = AXIS2_PLACEMENT_3D ( 'NONE', #3098, #334, #1213 ) ;
#128 = FACE_OUTER_BOUND ( 'NONE', #833, .T. ) ;
#129 = DIRECTION ( 'NONE',  ( 0.000000000000000000, -0.000000000000000000, -1.000000000000000000 ) ) ;
#130 = ORIENTED_EDGE ( 'NONE', *, *, #1644, .T. ) ;
#131 = DIRECTION ( 'NONE',  ( 1.000000000000000000, 0.000000000000000000, 0.000000000000000000 ) ) ;
#132 = CARTESIAN_POINT ( 'NONE',  ( -0.000000000000000000, -13.85000000000013110, 0.000000000000000000 ) ) ;
#133 = LINE ( 'NONE', #3413, #118 ) ;
#134 = ADVANCED_FACE ( 'NONE', ( #2639 ), #754, .T. ) ;
#135 = DIRECTION ( 'NONE',  ( -1.000000000000000000, 0.000000000000000000, 0.000000000000000000 ) ) ;
#136 = ORIENTED_EDGE ( 'NONE', *, *, #756, .F. ) ;
#137 = EDGE_CURVE ( 'NONE', #1472, #1826, #299, .T. ) ;
#138 = ORIENTED_EDGE ( 'NONE', *, *, #1750, .F. ) ;
#139 = CARTESIAN_POINT ( 'NONE',  ( 7.848799260885380792E-16, 19.94999999999999929, 17.85041585585165436 ) ) ;
#141 = VERTEX_POINT ( 'NONE', #3221 ) ;
#140 = EDGE_CURVE ( 'NONE', #548, #1710, #2736, .T. ) ;
#142 = AXIS2_PLACEMENT_3D ( 'NONE', #2766, #763, #1892 ) ;
#143 = CARTESIAN_POINT ( 'NONE',  ( 23.69218996054625492, -23.69218996054890525, 2.000000000000000000 ) ) ;
#144 = DIRECTION ( 'NONE',  ( -1.000000000000000000, 0.000000000000000000, 0.000000000000000000 ) ) ;
#145 = CARTESIAN_POINT ( 'NONE',  ( -26.69218996054866011, -23.69218996054651072, 0.000000000000000000 ) ) ;
#146 = ORIENTED_EDGE ( 'NONE', *, *, #584, .T. ) ;
#147 = DIRECTION ( 'NONE',  ( 1.000000000000000000, 0.000000000000000000, 0.000000000000000000 ) ) ;
#148 = CARTESIAN_POINT ( 'NONE',  ( 16.72306256513752842, 21.58005709283769846, 3.291948359959419701 ) ) ;
#149 = DIRECTION ( 'NONE',  ( 1.638611685377993016E-16, -1.000000000000000000, 0.000000000000000000 ) ) ;
#150 = CARTESIAN_POINT ( 'NONE',  ( -2.053153435407261362, 10.22634112968401787, 36.59672271694694956 ) ) ;
#151 = CARTESIAN_POINT ( 'NONE',  ( 2.121320343558629862, 2.121320343558579236, 2.000000000000000000 ) ) ;
#152 = ORIENTED_EDGE ( 'NONE', *, *, #3466, .F. ) ;
#153 = CARTESIAN_POINT ( 'NONE',  ( 18.35000000000016129, 19.21865351966259539, 3.582031702557761488 ) ) ;
#154 = EDGE_CURVE ( 'NONE', #3063, #1248, #1102, .T. ) ;
#155 = ORIENTED_EDGE ( 'NONE', *, *, #834, .F. ) ;
#156 = LINE ( 'NONE', #3185, #1988 ) ;
#157 = VERTEX_POINT ( 'NONE', #1598 ) ;
#158 = EDGE_CURVE ( 'NONE', #3597, #410, #697, .T. ) ;
#159 = FACE_OUTER_BOUND ( 'NONE', #364, .T. ) ;
#160 = CARTESIAN_POINT ( 'NONE',  ( -7.983801529043843992, 13.56189785327399022, 28.22374989449534510 ) ) ;
#161 = CYLINDRICAL_SURFACE ( 'NONE', #2090, 1.749999999999999778 ) ;
#162 = ORIENTED_EDGE ( 'NONE', *, *, #811, .T. ) ;
#163 =( LENGTH_UNIT ( ) NAMED_UNIT ( * ) SI_UNIT ( .MILLI., .METRE. ) );
#164 = B_SPLINE_CURVE_WITH_KNOTS ( 'NONE', 3,
 ( #3040, #1911, #1366, #1619 ),
 .UNSPECIFIED., .F., .F.,
 ( 4, 4 ),
 ( 0.009018423343708030157, 0.01009624625080732252 ),
 .UNSPECIFIED. ) ;
#165 = CARTESIAN_POINT ( 'NONE',  ( -5.823088065416653691, 38.35000000000014353, 4.000000000000000000 ) ) ;
#166 = CARTESIAN_POINT ( 'NONE',  ( -2.121320343560730848, -2.121320343560684663, 2.000000000000000000 ) ) ;
#167 = CC_DESIGN_SECURITY_CLASSIFICATION ( #3371, ( #517 ) ) ;
#168 = DIRECTION ( 'NONE',  ( 0.000000000000000000, -1.000000000000000000, 0.000000000000000000 ) ) ;
#169 = VERTEX_POINT ( 'NONE', #740 ) ;
#170 = CARTESIAN_POINT ( 'NONE',  ( -24.20786437626903265, 13.64999999999999503, 2.000000000000000000 ) ) ;
#171 = B_SPLINE_CURVE_WITH_KNOTS ( 'NONE', 3,
 ( #2877, #428, #14, #3252, #995, #153, #1866, #753 ),
 .UNSPECIFIED., .F., .F.,
 ( 4, 2, 2, 4 ),
 ( 0.008512347408455019776, 0.01076997251660009869, 0.01189878507067264508, 0.01302759762474518974 ),
 .UNSPECIFIED. ) ;
#172 = AXIS2_PLACEMENT_3D ( 'NONE', #3241, #3527, #1020 ) ;
#173 = ORIENTED_EDGE ( 'NONE', *, *, #3571, .T. ) ;
#174 = CARTESIAN_POINT ( 'NONE',  ( -19.74495787796272595, 13.64999999999999503, 4.000000000000000000 ) ) ;
#175 = VERTEX_POINT ( 'NONE', #174 ) ;
#176 = ADVANCED_FACE ( 'NONE', ( #1530 ), #3457, .T. ) ;
#177 = CARTESIAN_POINT ( 'NONE',  ( 22.36060591030553368, -17.83721627534354681, 2.545454545454626238 ) ) ;
#178 = VECTOR ( 'NONE', #1175, 1000.000000000000000 ) ;
#179 = CARTESIAN_POINT ( 'NONE',  ( -24.20786437626903265, 19.94999999999999574, 2.000000000000000000 ) ) ;
#180 = VECTOR ( 'NONE', #1570, 1000.000000000000000 ) ;
#181 = VERTEX_POINT ( 'NONE', #2928 ) ;
#182 = ADVANCED_FACE ( 'NONE', ( #122 ), #1247, .T. ) ;
#183 = DIRECTION ( 'NONE',  ( -0.000000000000000000, -0.000000000000000000, -1.000000000000000000 ) ) ;
#184 = ORIENTED_EDGE ( 'NONE', *, *, #3106, .F. ) ;
#185 = CARTESIAN_POINT ( 'NONE',  ( 23.37435933907269003, -19.08034521099819258, 2.000000000000000000 ) ) ;
#186 = DIRECTION ( 'NONE',  ( -0.000000000000000000, -0.000000000000000000, -1.000000000000000000 ) ) ;
#187 = CARTESIAN_POINT ( 'NONE',  ( -3.189218858967167503, 12.53165621206286140, 32.70193507372580655 ) ) ;
#188 = CARTESIAN_POINT ( 'NONE',  ( -9.635762480752369186, 13.64999999999999680, 27.44544215564843270 ) ) ;
#189 = ADVANCED_FACE ( 'NONE', ( #3202 ), #1263, .F. ) ;
#190 = VERTEX_POINT ( 'NONE', #430 ) ;
#191 = CARTESIAN_POINT ( 'NONE',  ( -18.35000000000013642, 19.94999999999999574, 4.000000000000000000 ) ) ;
#192 = DIRECTION ( 'NONE',  ( 1.000000000000000000, 0.000000000000000000, 0.000000000000000000 ) ) ;
#193 = DIRECTION ( 'NONE',  ( 6.059234519217240467E-48, -3.697785493223492838E-32, -1.000000000000000000 ) ) ;
#194 = ORIENTED_EDGE ( 'NONE', *, *, #443, .F. ) ;
#195 = EDGE_LOOP ( 'NONE', ( #855, #1028 ) ) ;
#196 = DIRECTION ( 'NONE',  ( 0.000000000000000000, 0.000000000000000000, -1.000000000000000000 ) ) ;
#197 = CARTESIAN_POINT ( 'NONE',  ( 1.107185260012845038E-15, 13.85000000000013287, 2.000000000000000000 ) ) ;
#198 = ORIENTED_EDGE ( 'NONE', *, *, #1769, .F. ) ;
#199 = CARTESIAN_POINT ( 'NONE',  ( -10.85000000000012399, -10.85000000000013465, 0.000000000000000000 ) ) ;
#200 = VERTEX_POINT ( 'NONE', #2370 ) ;
#201 = AXIS2_PLACEMENT_3D ( 'NONE', #679, #1506, #2332 ) ;
#202 = CYLINDRICAL_SURFACE ( 'NONE', #705, 1.749999999999998002 ) ;
#203 = DIRECTION ( 'NONE',  ( -0.000000000000000000, -0.000000000000000000, -1.000000000000000000 ) ) ;
#204 = LINE ( 'NONE', #475, #252 ) ;
#205 = EDGE_CURVE ( 'NONE', #13, #3340, #279, .T. ) ;
#206 = CARTESIAN_POINT ( 'NONE',  ( 23.69218996054625492, -23.69218996054890525, 2.000000000000000000 ) ) ;
#207 = EDGE_CURVE ( 'NONE', #1925, #1652, #924, .T. ) ;
#208 = PLANE ( 'NONE',  #1665 ) ;
#209 = EDGE_LOOP ( 'NONE', ( #3134, #681, #2250, #2283 ) ) ;
#210 = CARTESIAN_POINT ( 'NONE',  ( -17.83721627534331233, -22.36060591030572553, 2.545454545454624018 ) ) ;
#211 = VERTEX_POINT ( 'NONE', #1323 ) ;
#212 = CARTESIAN_POINT ( 'NONE',  ( -20.49461889612713961, 13.64999999999999503, 3.982293205623157029 ) ) ;
#213 = ORIENTED_EDGE ( 'NONE', *, *, #3266, .T. ) ;
#214 = CARTESIAN_POINT ( 'NONE',  ( -24.14405443587650524, 13.64017521635039287, 3.078916509666875356 ) ) ;
#215 = CARTESIAN_POINT ( 'NONE',  ( -19.86907298722654147, 13.64999999999999503, 4.000000000000000000 ) ) ;
#216 = ORIENTED_EDGE ( 'NONE', *, *, #923, .T. ) ;
#217 = DIRECTION ( 'NONE',  ( -0.000000000000000000, -0.000000000000000000, -1.000000000000000000 ) ) ;
#218 = EDGE_LOOP ( 'NONE', ( #3021, #1481, #2245, #2638 ) ) ;
#219 = LINE ( 'NONE', #473, #3272 ) ;
#220 = FACE_OUTER_BOUND ( 'NONE', #2946, .T. ) ;
#221 = CARTESIAN_POINT ( 'NONE',  ( -10.85000000000012399, -13.85000000000013110, 0.000000000000000000 ) ) ;
#222 = EDGE_CURVE ( 'NONE', #2487, #1180, #1656, .T. ) ;
#223 = DIRECTION ( 'NONE',  ( -0.7071067811865466846, 0.7071067811865484609, 0.000000000000000000 ) ) ;
#224 = ORIENTED_EDGE ( 'NONE', *, *, #2850, .T. ) ;
#225 = EDGE_CURVE ( 'NONE', #271, #2878, #2847, .T. ) ;
#226 = DIRECTION ( 'NONE',  ( -1.130113013665673862E-16, 1.000000000000000000, 0.000000000000000000 ) ) ;
#227 = ORIENTED_EDGE ( 'NONE', *, *, #670, .T. ) ;
#228 = CARTESIAN_POINT ( 'NONE',  ( -21.24799025509005901, 13.64999999999999325, 3.908116483829964682 ) ) ;
#229 = ORIENTED_EDGE ( 'NONE', *, *, #2386, .T. ) ;
#230 = AXIS2_PLACEMENT_3D ( 'NONE', #2643, #3496, #2933 ) ;
#231 = CIRCLE ( 'NONE', #1162, 2.999999999999999112 ) ;
#232 = FACE_BOUND ( 'NONE', #3057, .T. ) ;
#233 = CARTESIAN_POINT ( 'NONE',  ( -3.149113253075913242E-15, 19.94999999999999929, 0.000000000000000000 ) ) ;
#234 = EDGE_LOOP ( 'NONE', ( #2021, #930, #1599, #3297 ) ) ;
#235 = EDGE_CURVE ( 'NONE', #3528, #1581, #3577, .T. ) ;
#236 = FACE_OUTER_BOUND ( 'NONE', #3540, .T. ) ;
#237 = ORIENTED_EDGE ( 'NONE', *, *, #280, .T. ) ;
#238 = CALENDAR_DATE ( 2026, 19, 6 ) ;
#239 = CIRCLE ( 'NONE', #825, 19.99999999999999645 ) ;
#240 = CARTESIAN_POINT ( 'NONE',  ( -24.20786437626903265, 19.94999999999999574, 2.000000000000000000 ) ) ;
#241 = AXIS2_PLACEMENT_3D ( 'NONE', #3429, #938, #1721 ) ;
#242 = CARTESIAN_POINT ( 'NONE',  ( 0.000000000000000000, 0.000000000000000000, 2.000000000000000000 ) ) ;
#243 = VECTOR ( 'NONE', #3533, 1000.000000000000000 ) ;
#244 = CIRCLE ( 'NONE', #1055, 19.99999999999999645 ) ;
#245 = AXIS2_PLACEMENT_3D ( 'NONE', #436, #2715, #452 ) ;
#246 = VECTOR ( 'NONE', #1231, 1000.000000000000000 ) ;
#247 = CARTESIAN_POINT ( 'NONE',  ( -17.10000000000013642, -15.35000000000025722, 3.000000000000000000 ) ) ;
#248 = CARTESIAN_POINT ( 'NONE',  ( -22.03323634541367682, 19.94999999999999218, 2.046272121746080863 ) ) ;
#249 = ORIENTED_EDGE ( 'NONE', *, *, #488, .T. ) ;
#250 = CIRCLE ( 'NONE', #3557, 1.749999999999996447 ) ;
#251 = CARTESIAN_POINT ( 'NONE',  ( -2.121320343558569466, 2.121320343558601884, 0.000000000000000000 ) ) ;
#252 = VECTOR ( 'NONE', #2404, 1000.000000000000000 ) ;
#253 = EDGE_CURVE ( 'NONE', #1176, #820, #1107, .T. ) ;
#254 = ORIENTED_EDGE ( 'NONE', *, *, #1739, .F. ) ;
#255 = VERTEX_POINT ( 'NONE', #2213 ) ;
#256 = B_SPLINE_CURVE_WITH_KNOTS ( 'NONE', 2,
 ( #1718, #672, #75 ),
 .UNSPECIFIED., .F., .F.,
 ( 3, 3 ),
 ( 0.000000000000000000, 0.9355044557130977045 ),
 .UNSPECIFIED. ) ;
#257 = EDGE_CURVE ( 'NONE', #175, #1925, #742, .T. ) ;
#258 = CARTESIAN_POINT ( 'NONE',  ( 5.823088065421232251, 38.34999999999995879, 2.000000000000000000 ) ) ;
#259 = LINE ( 'NONE', #1946, #1823 ) ;
#260 = EDGE_CURVE ( 'NONE', #269, #2888, #1908, .T. ) ;
#261 = ORIENTED_EDGE ( 'NONE', *, *, #2700, .T. ) ;
#262 = DIRECTION ( 'NONE',  ( 0.000000000000000000, 0.000000000000000000, -1.000000000000000000 ) ) ;
#263 = ORIENTED_EDGE ( 'NONE', *, *, #3475, .T. ) ;
#264 = CARTESIAN_POINT ( 'NONE',  ( -23.27138791258760264, 19.94999999999999574, 21.41329613856198577 ) ) ;
#265 = FACE_OUTER_BOUND ( 'NONE', #861, .T. ) ;
#266 = CIRCLE ( 'NONE', #1778, 1.749999999999996447 ) ;
#267 = CARTESIAN_POINT ( 'NONE',  ( -2.053153435408421323, 19.94999999999999929, 47.00000000000000000 ) ) ;
#268 = CARTESIAN_POINT ( 'NONE',  ( -18.35000000000013642, 19.94999999999999574, 3.374142124937840936 ) ) ;
#269 = VERTEX_POINT ( 'NONE', #2429 ) ;
#270 = CARTESIAN_POINT ( 'NONE',  ( 22.04425932304784297, 12.33547716564090813, 3.927376849709329765 ) ) ;
#271 = VERTEX_POINT ( 'NONE', #3541 ) ;
#272 = DIRECTION ( 'NONE',  ( -0.000000000000000000, -0.000000000000000000, -1.000000000000000000 ) ) ;
#273 = EDGE_CURVE ( 'NONE', #1764, #2697, #1276, .T. ) ;
#274 = CARTESIAN_POINT ( 'NONE',  ( -5.823088065420964021, -38.35000000000000142, 2.000000000000000000 ) ) ;
#275 = CARTESIAN_POINT ( 'NONE',  ( 5.823088065416383685, -38.35000000000017906, 2.000000000000000000 ) ) ;
#276 = ORIENTED_EDGE ( 'NONE', *, *, #140, .F. ) ;
#277 = CARTESIAN_POINT ( 'NONE',  ( -4.329805364762033371, 13.65000000000000036, 26.99999999887853264 ) ) ;
#278 = ORIENTED_EDGE ( 'NONE', *, *, #1488, .F. ) ;
#279 = B_SPLINE_CURVE_WITH_KNOTS ( 'NONE', 3,
 ( #1563, #3487, #1000, #3507, #2945, #722 ),
 .UNSPECIFIED., .F., .F.,
 ( 4, 2, 4 ),
 ( 7.723416739312171150E-17, 0.002648625085471433254, 0.005297250170942789313 ),
 .UNSPECIFIED. ) ;
#280 = EDGE_CURVE ( 'NONE', #3088, #426, #595, .T. ) ;
#281 = ADVANCED_BREP_SHAPE_REPRESENTATION ( 'Part1', ( #3210, #1448 ), #3312 ) ;
#282 = DATE_AND_TIME ( #1898, #53 ) ;
#283 = DIRECTION ( 'NONE',  ( 0.000000000000000000, -0.000000000000000000, -1.000000000000000000 ) ) ;
#284 = DIRECTION ( 'NONE',  ( -1.000000000000000000, 0.000000000000000000, 0.000000000000000000 ) ) ;
#285 = DIRECTION ( 'NONE',  ( 0.000000000000000000, -0.000000000000000000, -1.000000000000000000 ) ) ;
#286 = LINE ( 'NONE', #1118, #1537 ) ;
#287 = ORIENTED_EDGE ( 'NONE', *, *, #2310, .T. ) ;
#288 = CARTESIAN_POINT ( 'NONE',  ( 25.81351030410592529, -21.57086961698928462, 2.000000000000000000 ) ) ;
#289 = ORIENTED_EDGE ( 'NONE', *, *, #1223, .F. ) ;
#290 = CARTESIAN_POINT ( 'NONE',  ( 19.96522368915213264, 24.20786437626896515, 2.000000000000000000 ) ) ;
#291 = PLANE ( 'NONE',  #2066 ) ;
#292 = ORIENTED_EDGE ( 'NONE', *, *, #3197, .T. ) ;
#293 = EDGE_CURVE ( 'NONE', #2052, #2056, #3112, .T. ) ;
#294 = CARTESIAN_POINT ( 'NONE',  ( 17.10000000000010800, -15.35000000000025722, 2.000000000000000000 ) ) ;
#295 = ORIENTED_EDGE ( 'NONE', *, *, #1010, .T. ) ;
#296 = PERSON_AND_ORGANIZATION ( #3448, #2840 ) ;
#297 = DIRECTION ( 'NONE',  ( -1.550760359917785817E-16, 1.000000000000000000, -2.039223408282720197E-30 ) ) ;
#298 = CARTESIAN_POINT ( 'NONE',  ( 2.558426425360546208, 19.94999999999999929, 27.51760025597647896 ) ) ;
#299 = CIRCLE ( 'NONE', #3376, 3.000000000000002665 ) ;
#300 = VECTOR ( 'NONE', #1159, 1000.000000000000000 ) ;
#301 = AXIS2_PLACEMENT_3D ( 'NONE', #3029, #21, #2241 ) ;
#302 = CARTESIAN_POINT ( 'NONE',  ( -24.20786437626903265, 13.64999999999999503, 2.000000000000000000 ) ) ;
#303 = AXIS2_PLACEMENT_3D ( 'NONE', #532, #2754, #348 ) ;
#304 = CARTESIAN_POINT ( 'NONE',  ( 21.57086961698659167, -25.81351030410852943, 2.000000000000000000 ) ) ;
#305 = VECTOR ( 'NONE', #1168, 1000.000000000000000 ) ;
#306 = EDGE_CURVE ( 'NONE', #1887, #1747, #1976, .T. ) ;
#307 = CIRCLE ( 'NONE', #1817, 2.999999999999999112 ) ;
#308 = ORIENTED_EDGE ( 'NONE', *, *, #3475, .F. ) ;
#309 = CARTESIAN_POINT ( 'NONE',  ( -2.121320343558626753, -2.121320343558603660, 2.000000000000000000 ) ) ;
#310 = AXIS2_PLACEMENT_3D ( 'NONE', #2170, #3288, #284 ) ;
#311 = CIRCLE ( 'NONE', #8, 1.750000000000001554 ) ;
#312 = EDGE_CURVE ( 'NONE', #3157, #3463, #2525, .T. ) ;
#313 = EDGE_LOOP ( 'NONE', ( #2024, #1669, #2267, #628 ) ) ;
#314 = ORIENTED_EDGE ( 'NONE', *, *, #3392, .F. ) ;
#315 = DIRECTION ( 'NONE',  ( -0.000000000000000000, -0.000000000000000000, -1.000000000000000000 ) ) ;
#316 = DIRECTION ( 'NONE',  ( -1.000000000000000000, 0.000000000000000000, 0.000000000000000000 ) ) ;
#317 = ORIENTED_EDGE ( 'NONE', *, *, #154, .T. ) ;
#318 = CARTESIAN_POINT ( 'NONE',  ( 7.983801529043829781, 19.94999999999999929, 28.22374989449534510 ) ) ;
#319 = VERTEX_POINT ( 'NONE', #66 ) ;
#320 = PLANE ( 'NONE',  #3209 ) ;
#321 = CARTESIAN_POINT ( 'NONE',  ( 5.558089211434665167, 13.39676500607363607, 29.75032480624114228 ) ) ;
#322 = EDGE_CURVE ( 'NONE', #561, #190, #3538, .T. ) ;
#323 = CARTESIAN_POINT ( 'NONE',  ( -19.86907298722773518, -13.46869705022498920, 4.000000000000000000 ) ) ;
#324 = DIRECTION ( 'NONE',  ( -0.000000000000000000, 0.000000000000000000, 1.000000000000000000 ) ) ;
#325 = DIRECTION ( 'NONE',  ( 0.000000000000000000, 0.000000000000000000, -1.000000000000000000 ) ) ;
#326 = B_SPLINE_CURVE_WITH_KNOTS ( 'NONE', 2,
 ( #1910, #1365, #2415 ),
 .UNSPECIFIED., .F., .F.,
 ( 3, 3 ),
 ( 0.02264820519146909517, 0.7420826150713235592 ),
 .UNSPECIFIED. ) ;
#327 = EDGE_CURVE ( 'NONE', #1593, #13, #822, .T. ) ;
#328 = ORIENTED_EDGE ( 'NONE', *, *, #2829, .F. ) ;
#329 = DIRECTION ( 'NONE',  ( -1.000000000000000000, 0.000000000000000000, 0.000000000000000000 ) ) ;
#330 = ORIENTED_EDGE ( 'NONE', *, *, #2426, .T. ) ;
#331 = CARTESIAN_POINT ( 'NONE',  ( 20.47486648393020303, 13.60321340792296851, 22.77600313762203754 ) ) ;
#332 = DIRECTION ( 'NONE',  ( 1.000000000000000000, 1.638611685377993016E-16, 0.000000000000000000 ) ) ;
#333 = VERTEX_POINT ( 'NONE', #46 ) ;
#334 = DIRECTION ( 'NONE',  ( -0.7071067811865552333, -0.7071067811865398012, 0.000000000000000000 ) ) ;
#335 = LINE ( 'NONE', #898, #704 ) ;
#336 = CARTESIAN_POINT ( 'NONE',  ( -24.19265705746121498, 19.94999999999999574, 0.000000000000000000 ) ) ;
#337 = CARTESIAN_POINT ( 'NONE',  ( -2.558426425360542211, 13.64106700588764021, 27.51760025597648252 ) ) ;
#338 = CARTESIAN_POINT ( 'NONE',  ( 10.85000000000012044, -10.85000000000013465, 4.000000000000000000 ) ) ;
#339 = CARTESIAN_POINT ( 'NONE',  ( 19.86907298722783111, 19.95000000000000284, 3.999999999999999112 ) ) ;
#340 = ADVANCED_FACE ( 'NONE', ( #2556 ), #1404, .T. ) ;
#341 = ADVANCED_FACE ( 'NONE', ( #28 ), #1155, .F. ) ;
#342 = EDGE_LOOP ( 'NONE', ( #477, #765, #1959, #3069 ) ) ;
#343 = DIRECTION ( 'NONE',  ( -1.000000000000000000, 0.000000000000000000, 0.000000000000000000 ) ) ;
#344 = EDGE_LOOP ( 'NONE', ( #612, #1781, #2793, #3421 ) ) ;
#345 = ORIENTED_EDGE ( 'NONE', *, *, #140, .T. ) ;
#346 = CARTESIAN_POINT ( 'NONE',  ( -15.35000000000000675, -15.35000000000010623, 0.000000000000000000 ) ) ;
#347 = ORIENTED_EDGE ( 'NONE', *, *, #3250, .F. ) ;
#348 = DIRECTION ( 'NONE',  ( -1.000000000000000000, 0.000000000000000000, 0.000000000000000000 ) ) ;
#349 = EDGE_CURVE ( 'NONE', #1932, #985, #63, .T. ) ;
#350 = CARTESIAN_POINT ( 'NONE',  ( -17.24452746642299061, 21.91527075257679158, 3.049830107223498121 ) ) ;
#351 = ORIENTED_EDGE ( 'NONE', *, *, #623, .F. ) ;
#352 = CARTESIAN_POINT ( 'NONE',  ( -20.60268317684725048, -15.08464557651052296, 3.896308385022889453 ) ) ;
#353 = AXIS2_PLACEMENT_3D ( 'NONE', #2908, #2654, #413 ) ;
#354 = FACE_OUTER_BOUND ( 'NONE', #2417, .T. ) ;
#355 = LINE ( 'NONE', #60, #838 ) ;
#356 = CARTESIAN_POINT ( 'NONE',  ( 22.73772700828951798, 13.65000000000000036, 3.622467267332429408 ) ) ;
#357 = AXIS2_PLACEMENT_3D ( 'NONE', #1380, #3592, #1101 ) ;
#358 = AXIS2_PLACEMENT_3D ( 'NONE', #422, #2081, #2407 ) ;
#359 = VECTOR ( 'NONE', #749, 1000.000000000000000 ) ;
#360 = VERTEX_POINT ( 'NONE', #302 ) ;
#361 = VECTOR ( 'NONE', #671, 1000.000000000000000 ) ;
#362 = EDGE_CURVE ( 'NONE', #801, #365, #2214, .T. ) ;
#363 = CARTESIAN_POINT ( 'NONE',  ( 13.85000000000011866, -10.85000000000013465, 2.000000000000000000 ) ) ;
#364 = EDGE_LOOP ( 'NONE', ( #3018, #2221, #2108, #287 ) ) ;
#365 = VERTEX_POINT ( 'NONE', #831 ) ;
#366 = CYLINDRICAL_SURFACE ( 'NONE', #2043, 1.750000000000008438 ) ;
#367 = EDGE_LOOP ( 'NONE', ( #745, #3066, #2619, #1597 ) ) ;
#368 = EDGE_CURVE ( 'NONE', #1851, #1018, #3289, .T. ) ;
#369 = DIRECTION ( 'NONE',  ( -0.000000000000000000, -0.000000000000000000, -1.000000000000000000 ) ) ;
#370 = CIRCLE ( 'NONE', #2925, 3.000000000000002665 ) ;
#371 = CARTESIAN_POINT ( 'NONE',  ( 15.35000000000011333, 15.34999999999999964, 3.000000000000000000 ) ) ;
#372 = ORIENTED_EDGE ( 'NONE', *, *, #1137, .T. ) ;
#373 = CARTESIAN_POINT ( 'NONE',  ( 19.08034521099812508, 23.37435933907275754, 2.000000000000000000 ) ) ;
#374 = CYLINDRICAL_SURFACE ( 'NONE', #1637, 2.999999999999999112 ) ;
#375 = DIRECTION ( 'NONE',  ( 0.000000000000000000, 0.000000000000000000, -1.000000000000000000 ) ) ;
#376 = DIRECTION ( 'NONE',  ( -1.000000000000000000, 0.000000000000000000, 0.000000000000000000 ) ) ;
#377 = LINE ( 'NONE', #392, #2471 ) ;
#378 = VERTEX_POINT ( 'NONE', #3324 ) ;
#379 = DIRECTION ( 'NONE',  ( 1.000000000000000000, 5.329070518200752183E-15, 0.000000000000000000 ) ) ;
#380 = VERTEX_POINT ( 'NONE', #1064 ) ;
#381 = CARTESIAN_POINT ( 'NONE',  ( -2.053153435407446104, 32.38973883980002455, 37.35832022167644340 ) ) ;
#382 = ORIENTED_EDGE ( 'NONE', *, *, #1881, .F. ) ;
#383 = EDGE_CURVE ( 'NONE', #1874, #1617, #729, .T. ) ;
#384 = DIRECTION ( 'NONE',  ( 1.000000000000000000, 4.915835056134979668E-16, -0.000000000000000000 ) ) ;
#385 = CARTESIAN_POINT ( 'NONE',  ( 38.34999999999993747, -5.823088065421366366, 4.000000000000000000 ) ) ;
#386 = ADVANCED_FACE ( 'NONE', ( #2172 ), #2096, .F. ) ;
#387 = ORIENTED_EDGE ( 'NONE', *, *, #712, .F. ) ;
#388 = FACE_OUTER_BOUND ( 'NONE', #3366, .T. ) ;
#389 = CARTESIAN_POINT ( 'NONE',  ( -2.053153435405800309, 19.94999999999999929, 30.25754087573240270 ) ) ;
#390 = DIRECTION ( 'NONE',  ( -1.000000000000000000, -1.550760359917785817E-16, 0.000000000000000000 ) ) ;
#391 = CARTESIAN_POINT ( 'NONE',  ( -5.823088065420885862, -18.35000000000000142, 2.000000000000000000 ) ) ;
#392 = CARTESIAN_POINT ( 'NONE',  ( 2.121320343560742838, -2.121320343560765043, 0.000000000000000000 ) ) ;
#393 = ORIENTED_EDGE ( 'NONE', *, *, #1411, .T. ) ;
#394 = ORIENTED_EDGE ( 'NONE', *, *, #2482, .T. ) ;
#395 = LINE ( 'NONE', #50, #1870 ) ;
#396 = ORIENTED_EDGE ( 'NONE', *, *, #3364, .T. ) ;
#397 = CARTESIAN_POINT ( 'NONE',  ( 15.35000000000011333, 15.34999999999999964, 3.000000000000000000 ) ) ;
#398 = CARTESIAN_POINT ( 'NONE',  ( -14.29549294280318428, 20.21112066159661680, 3.999999999999999112 ) ) ;
#399 = EDGE_CURVE ( 'NONE', #1510, #3379, #552, .T. ) ;
#400 = VERTEX_POINT ( 'NONE', #3082 ) ;
#401 = PLANE ( 'NONE',  #3091 ) ;
#402 = LOCAL_TIME ( 19, 37, 39.00000000000000000, #1128 ) ;
#403 = CARTESIAN_POINT ( 'NONE',  ( 22.43806147945044316, -17.94030054395295792, 2.457730287619838805 ) ) ;
#404 = CYLINDRICAL_SURFACE ( 'NONE', #540, 3.000000000000002665 ) ;
#405 = EDGE_CURVE ( 'NONE', #859, #1622, #2912, .T. ) ;
#406 = LINE ( 'NONE', #2632, #1926 ) ;
#407 = AXIS2_PLACEMENT_3D ( 'NONE', #466, #1877, #1825 ) ;
#408 = CARTESIAN_POINT ( 'NONE',  ( -4.329805364762033371, 13.65000000000000036, 26.99999999887853264 ) ) ;
#409 = EDGE_CURVE ( 'NONE', #87, #963, #533, .T. ) ;
#410 = VERTEX_POINT ( 'NONE', #1335 ) ;
#411 = AXIS2_PLACEMENT_3D ( 'NONE', #3590, #325, #1430 ) ;
#412 = VERTEX_POINT ( 'NONE', #247 ) ;
#413 = DIRECTION ( 'NONE',  ( 1.000000000000000000, -2.688821387764051391E-15, 0.000000000000000000 ) ) ;
#414 = AXIS2_PLACEMENT_3D ( 'NONE', #2863, #77, #2276 ) ;
#415 = ORIENTED_EDGE ( 'NONE', *, *, #2331, .F. ) ;
#416 = DIRECTION ( 'NONE',  ( -0.000000000000000000, -0.000000000000000000, -1.000000000000000000 ) ) ;
#417 = DIRECTION ( 'NONE',  ( 1.000000000000000000, -7.994117400814688849E-17, 0.000000000000000000 ) ) ;
#418 = VERTEX_POINT ( 'NONE', #1667 ) ;
#419 =( NAMED_UNIT ( * ) PLANE_ANGLE_UNIT ( ) SI_UNIT ( $, .RADIAN. ) );
#420 = CARTESIAN_POINT ( 'NONE',  ( 22.97161635325294426, -18.61086786975716123, 2.094899411271078815 ) ) ;
#421 = CARTESIAN_POINT ( 'NONE',  ( 15.35000000000011156, -15.35000000000025722, 4.000000000000000000 ) ) ;
#422 = CARTESIAN_POINT ( 'NONE',  ( -23.69218996054865656, -23.69218996054651072, 2.000000000000000000 ) ) ;
#423 = EDGE_CURVE ( 'NONE', #3582, #2133, #3573, .T. ) ;
#424 = DIRECTION ( 'NONE',  ( 0.000000000000000000, -0.000000000000000000, -1.000000000000000000 ) ) ;
#425 = B_SPLINE_CURVE_WITH_KNOTS ( 'NONE', 2,
 ( #240, #264, #2496 ),
 .UNSPECIFIED., .F., .F.,
 ( 3, 3 ),
 ( 0.000000000000000000, 0.8096095276292309961 ),
 .UNSPECIFIED. ) ;
#426 = VERTEX_POINT ( 'NONE', #2775 ) ;
#427 = EDGE_CURVE ( 'NONE', #2927, #1897, #2268, .T. ) ;
#428 = CARTESIAN_POINT ( 'NONE',  ( 18.35000000000016485, 16.23217165937154149, 4.000000000000003553 ) ) ;
#429 = ORIENTED_EDGE ( 'NONE', *, *, #788, .F. ) ;
#430 = CARTESIAN_POINT ( 'NONE',  ( 24.14368565248690146, 13.62051889931414550, 3.084161056062628248 ) ) ;
#431 = ORIENTED_EDGE ( 'NONE', *, *, #2761, .F. ) ;
#432 = VECTOR ( 'NONE', #3482, 1000.000000000000114 ) ;
#433 = DIRECTION ( 'NONE',  ( -0.000000000000000000, -0.000000000000000000, -1.000000000000000000 ) ) ;
#434 = CARTESIAN_POINT ( 'NONE',  ( -15.35000000000000675, -15.35000000000010623, 3.000000000000000000 ) ) ;
#435 = ORIENTED_EDGE ( 'NONE', *, *, #687, .F. ) ;
#436 = CARTESIAN_POINT ( 'NONE',  ( -15.35000000000013465, 15.34999999999999964, 4.000000000000000000 ) ) ;
#437 = CARTESIAN_POINT ( 'NONE',  ( 17.54088555505194336, 22.13794861346566734, 2.797630681172400990 ) ) ;
#438 = LINE ( 'NONE', #166, #243 ) ;
#439 = CARTESIAN_POINT ( 'NONE',  ( 2.121320343558596555, -2.121320343558601440, 2.000000000000000000 ) ) ;
#440 = ADVANCED_FACE ( 'NONE', ( #1393 ), #2796, .T. ) ;
#441 = ORIENTED_EDGE ( 'NONE', *, *, #3165, .T. ) ;
#442 = CARTESIAN_POINT ( 'NONE',  ( 13.85000000000011866, -10.85000000000013465, 4.000000000000000000 ) ) ;
#443 = EDGE_CURVE ( 'NONE', #1962, #2501, #1699, .T. ) ;
#444 = ORIENTED_EDGE ( 'NONE', *, *, #2774, .F. ) ;
#445 = CARTESIAN_POINT ( 'NONE',  ( -24.20786437626903265, 19.94999999999999574, -5.047477198250068074E-31 ) ) ;
#446 = ORIENTED_EDGE ( 'NONE', *, *, #1518, .T. ) ;
#447 = DIRECTION ( 'NONE',  ( -0.000000000000000000, 0.000000000000000000, 1.000000000000000000 ) ) ;
#448 = DIRECTION ( 'NONE',  ( 1.000000000000000000, 0.000000000000000000, 0.000000000000000000 ) ) ;
#449 = CC_DESIGN_PERSON_AND_ORGANIZATION_ASSIGNMENT ( #807, #2238, ( #517 ) ) ;
#450 = ORIENTED_EDGE ( 'NONE', *, *, #2987, .F. ) ;
#451 = ORIENTED_EDGE ( 'NONE', *, *, #2235, .F. ) ;
#452 = DIRECTION ( 'NONE',  ( 1.000000000000000000, 0.000000000000000000, 0.000000000000000000 ) ) ;
#453 = EDGE_CURVE ( 'NONE', #2934, #800, #1650, .T. ) ;
#454 = CARTESIAN_POINT ( 'NONE',  ( 23.27156002358517384, -18.96327580813397873, 2.011981368745203724 ) ) ;
#455 = DIRECTION ( 'NONE',  ( -1.000000000000000000, 0.000000000000000000, 0.000000000000000000 ) ) ;
#456 = CARTESIAN_POINT ( 'NONE',  ( 2.053153435408514582, -20.05000000000000071, 47.00000000000000000 ) ) ;
#457 = ORIENTED_EDGE ( 'NONE', *, *, #3216, .F. ) ;
#458 = CARTESIAN_POINT ( 'NONE',  ( -2.053153435408473282, -1.350000000000000533, 42.00000000000000000 ) ) ;
#459 = ORIENTED_EDGE ( 'NONE', *, *, #3501, .T. ) ;
#460 = PLANE ( 'NONE',  #2971 ) ;
#461 = ORIENTED_EDGE ( 'NONE', *, *, #362, .F. ) ;
#462 = VECTOR ( 'NONE', #2998, 999.9999999999998863 ) ;
#463 = ADVANCED_FACE ( 'NONE', ( #1683 ), #1374, .T. ) ;
#464 = CARTESIAN_POINT ( 'NONE',  ( -18.35000000000000497, -15.35000000000010623, 3.000000000000000000 ) ) ;
#465 = CIRCLE ( 'NONE', #881, 3.000000000000002665 ) ;
#466 = CARTESIAN_POINT ( 'NONE',  ( 0.000000000000000000, 0.000000000000000000, 5.000000000000000000 ) ) ;
#467 = VECTOR ( 'NONE', #1080, 1000.000000000000000 ) ;
#468 = ORIENTED_EDGE ( 'NONE', *, *, #1846, .T. ) ;
#469 = VECTOR ( 'NONE', #3600, 1000.000000000000000 ) ;
#470 = CARTESIAN_POINT ( 'NONE',  ( 18.35000000000016129, 19.95000000000000284, 4.000000000000000000 ) ) ;
#471 = ORIENTED_EDGE ( 'NONE', *, *, #2114, .T. ) ;
#472 = ADVANCED_FACE ( 'NONE', ( #3064, #2791 ), #3358, .T. ) ;
#473 = CARTESIAN_POINT ( 'NONE',  ( -13.60000000000013998, -15.35000000000025722, 2.000000000000000000 ) ) ;
#474 = CARTESIAN_POINT ( 'NONE',  ( 16.19582060737919704, 21.24882933228836279, 3.528713117099048890 ) ) ;
#475 = CARTESIAN_POINT ( 'NONE',  ( -24.20786437626903265, 19.94999999999999574, 2.000000000000000000 ) ) ;
#476 = CARTESIAN_POINT ( 'NONE',  ( 19.96522368915213264, 24.20786437626896515, 2.000000000000000000 ) ) ;
#477 = ORIENTED_EDGE ( 'NONE', *, *, #2601, .F. ) ;
#478 = CARTESIAN_POINT ( 'NONE',  ( -24.16905243079433419, 13.63228002428500751, 2.723625594527199656 ) ) ;
#479 = DIRECTION ( 'NONE',  ( 0.000000000000000000, -0.000000000000000000, -1.000000000000000000 ) ) ;
#480 = CIRCLE ( 'NONE', #1768, 2.999999999999999112 ) ;
#481 = ORIENTED_EDGE ( 'NONE', *, *, #235, .F. ) ;
#482 = CARTESIAN_POINT ( 'NONE',  ( -2.121320343558626753, -2.121320343558603660, 2.000000000000000000 ) ) ;
#483 = VERTEX_POINT ( 'NONE', #1706 ) ;
#484 = CIRCLE ( 'NONE', #2406, 3.000000000000002665 ) ;
#485 = CARTESIAN_POINT ( 'NONE',  ( -25.44218996054866011, -23.69218996054651072, 2.000000000000000000 ) ) ;
#486 = CARTESIAN_POINT ( 'NONE',  ( 2.558426425360547096, 13.64106700588764021, 27.51760025597647896 ) ) ;
#487 = ORIENTED_EDGE ( 'NONE', *, *, #1245, .T. ) ;
#488 = EDGE_CURVE ( 'NONE', #1195, #2251, #3268, .T. ) ;
#489 = CARTESIAN_POINT ( 'NONE',  ( -19.96522368914769885, 24.20786437626928844, 2.000000000000000000 ) ) ;
#490 = ORIENTED_EDGE ( 'NONE', *, *, #2342, .F. ) ;
#491 = VECTOR ( 'NONE', #3452, 1000.000000000000000 ) ;
#492 = CARTESIAN_POINT ( 'NONE',  ( -15.35000000000005294, 15.35000000000006004, 0.000000000000000000 ) ) ;
#493 = FACE_OUTER_BOUND ( 'NONE', #209, .T. ) ;
#494 = EDGE_CURVE ( 'NONE', #2101, #378, #3122, .T. ) ;
#495 = DIRECTION ( 'NONE',  ( 0.000000000000000000, 0.000000000000000000, -1.000000000000000000 ) ) ;
#496 = CIRCLE ( 'NONE', #29, 19.99999999999999645 ) ;
#497 = LINE ( 'NONE', #774, #3460 ) ;
#498 = EDGE_LOOP ( 'NONE', ( #1139, #52, #2107, #909 ) ) ;
#499 = CARTESIAN_POINT ( 'NONE',  ( 5.823088065421232251, 38.34999999999995879, 2.000000000000000000 ) ) ;
#500 = CARTESIAN_POINT ( 'NONE',  ( -12.35000000000000853, -15.35000000000010623, 0.000000000000000000 ) ) ;
#501 = EDGE_CURVE ( 'NONE', #1288, #3033, #1172, .T. ) ;
#502 = EDGE_LOOP ( 'NONE', ( #3479, #2691, #2889, #3254 ) ) ;
#503 = CARTESIAN_POINT ( 'NONE',  ( -22.73723546394565886, 13.64999999999999503, 3.622546507866264864 ) ) ;
#504 = ORIENTED_EDGE ( 'NONE', *, *, #3564, .T. ) ;
#505 = DIRECTION ( 'NONE',  ( -1.000000000000000000, 0.000000000000000000, 0.000000000000000000 ) ) ;
#506 = CARTESIAN_POINT ( 'NONE',  ( -19.81325157740448972, 19.94999999999999574, 2.890193066542726896 ) ) ;
#507 = ORIENTED_EDGE ( 'NONE', *, *, #3250, .T. ) ;
#508 = LINE ( 'NONE', #1913, #3240 ) ;
#509 = ORIENTED_EDGE ( 'NONE', *, *, #222, .T. ) ;
#510 = COORDINATED_UNIVERSAL_TIME_OFFSET ( 5, 0, .BEHIND. ) ;
#511 = DIRECTION ( 'NONE',  ( -1.638611685377993016E-16, 1.000000000000000000, -0.000000000000000000 ) ) ;
#512 = CARTESIAN_POINT ( 'NONE',  ( 2.138306416244688535, 10.85874488683833938, 35.77503933267610137 ) ) ;
#513 = EDGE_CURVE ( 'NONE', #775, #271, #2046, .T. ) ;
#514 = CARTESIAN_POINT ( 'NONE',  ( 18.35000000000015419, 19.95000000000000284, 3.374142124937836495 ) ) ;
#515 = CARTESIAN_POINT ( 'NONE',  ( -18.35000000000013642, 18.47779236078405418, 3.741495742518247791 ) ) ;
#516 = ORIENTED_EDGE ( 'NONE', *, *, #664, .T. ) ;
#517 = PRODUCT_DEFINITION_FORMATION_WITH_SPECIFIED_SOURCE ( 'ANY', '', #1260, .NOT_KNOWN. ) ;
#518 = DIRECTION ( 'NONE',  ( 0.7071067811865436870, -0.7071067811865513475, 0.000000000000000000 ) ) ;
#519 = CARTESIAN_POINT ( 'NONE',  ( 18.35000000000016129, -15.34999999999994991, 0.000000000000000000 ) ) ;
#520 = CC_DESIGN_PERSON_AND_ORGANIZATION_ASSIGNMENT ( #3341, #1425, ( #1260 ) ) ;
#521 = ORIENTED_EDGE ( 'NONE', *, *, #253, .T. ) ;
#522 = ORIENTED_EDGE ( 'NONE', *, *, #137, .F. ) ;
#523 = B_SPLINE_CURVE_WITH_KNOTS ( 'NONE', 3,
 ( #659, #1239, #356, #2011, #1777, #974, #2553, #61 ),
 .UNSPECIFIED., .F., .F.,
 ( 4, 2, 2, 4 ),
 ( 0.01274003122314812039, 0.01499663520641210390, 0.01612493719804409392, 0.01725323918967608741 ),
 .UNSPECIFIED. ) ;
#524 = ORIENTED_EDGE ( 'NONE', *, *, #1341, .T. ) ;
#525 = VECTOR ( 'NONE', #688, 1000.000000000000000 ) ;
#526 = CARTESIAN_POINT ( 'NONE',  ( 3.006852442668617730E-15, -18.35000000000000142, 0.000000000000000000 ) ) ;
#527 = CARTESIAN_POINT ( 'NONE',  ( -21.57086961698677641, 25.81351030410838021, 2.000000000000000000 ) ) ;
#528 = ORIENTED_EDGE ( 'NONE', *, *, #47, .F. ) ;
#529 = DIRECTION ( 'NONE',  ( -0.000000000000000000, 0.000000000000000000, 1.000000000000000000 ) ) ;
#530 = ORIENTED_EDGE ( 'NONE', *, *, #2008, .F. ) ;
#531 = CALENDAR_DATE ( 2026, 19, 6 ) ;
#532 = CARTESIAN_POINT ( 'NONE',  ( 15.35000000000015952, -15.34999999999994991, 0.000000000000000000 ) ) ;
#533 = CIRCLE ( 'NONE', #1864, 1.749999999999999778 ) ;
#534 = CARTESIAN_POINT ( 'NONE',  ( 25.44218996054625848, -23.69218996054890525, 2.000000000000000000 ) ) ;
#535 = CARTESIAN_POINT ( 'NONE',  ( -5.823088065420964021, -38.35000000000000142, 4.000000000000000000 ) ) ;
#536 = CARTESIAN_POINT ( 'NONE',  ( -20.67774010806267171, 19.94999999999999574, 2.454847215201941601 ) ) ;
#537 = EDGE_LOOP ( 'NONE', ( #3251, #1477, #593, #1783, #1424, #3521, #2077 ) ) ;
#538 = CARTESIAN_POINT ( 'NONE',  ( 21.10303032808219115, 11.43887986537866652, 3.999999999999999112 ) ) ;
#539 = EDGE_CURVE ( 'NONE', #1138, #3340, #3378, .T. ) ;
#540 = AXIS2_PLACEMENT_3D ( 'NONE', #3412, #2027, #1520 ) ;
#541 = ADVANCED_FACE ( 'NONE', ( #3179 ), #2864, .F. ) ;
#542 = EDGE_LOOP ( 'NONE', ( #1108, #2929 ) ) ;
#543 = AXIS2_PLACEMENT_3D ( 'NONE', #1095, #1938, #1972 ) ;
#544 = CARTESIAN_POINT ( 'NONE',  ( -24.14368565248690857, 13.62051889931429827, 3.084161056062583395 ) ) ;
#545 = DIRECTION ( 'NONE',  ( 1.000000000000000000, 1.638611685377993016E-16, -1.214306433183764808E-14 ) ) ;
#546 = VERTEX_POINT ( 'NONE', #1736 ) ;
#547 = CARTESIAN_POINT ( 'NONE',  ( -23.69218996054865656, -23.69218996054651072, 0.000000000000000000 ) ) ;
#548 = VERTEX_POINT ( 'NONE', #1190 ) ;
#549 = DATE_AND_TIME ( #2200, #402 ) ;
#550 = FACE_OUTER_BOUND ( 'NONE', #234, .T. ) ;
#551 = CARTESIAN_POINT ( 'NONE',  ( 2.053153435407436334, 9.499202836393509486, 37.35832022167644340 ) ) ;
#552 = LINE ( 'NONE', #2205, #882 ) ;
#553 = DIRECTION ( 'NONE',  ( -0.000000000000000000, -0.000000000000000000, -1.000000000000000000 ) ) ;
#554 = VERTEX_POINT ( 'NONE', #2551 ) ;
#555 = CARTESIAN_POINT ( 'NONE',  ( 28.35000000000011866, 4.548202788755371095, 0.000000000000000000 ) ) ;
#556 = EDGE_CURVE ( 'NONE', #801, #1264, #2841, .T. ) ;
#557 = EDGE_LOOP ( 'NONE', ( #1458, #3459 ) ) ;
#558 = CARTESIAN_POINT ( 'NONE',  ( -21.62654602570811235, 13.64999999999999680, 3.851227772783997860 ) ) ;
#559 = FACE_OUTER_BOUND ( 'NONE', #1743, .T. ) ;
#560 = CARTESIAN_POINT ( 'NONE',  ( 15.35000000000011333, 15.34999999999999964, 4.000000000000000000 ) ) ;
#561 = VERTEX_POINT ( 'NONE', #902 ) ;
#562 = DIRECTION ( 'NONE',  ( -1.000000000000000000, -1.550760359917785817E-16, -2.315311757914443257E-13 ) ) ;
#563 = VERTEX_POINT ( 'NONE', #2327 ) ;
#564 = DATE_TIME_ROLE ( 'creation_date' ) ;
#565 = CIRCLE ( 'NONE', #2596, 3.000000000000002665 ) ;
#566 = DIRECTION ( 'NONE',  ( 0.000000000000000000, -0.000000000000000000, -1.000000000000000000 ) ) ;
#567 = DIRECTION ( 'NONE',  ( -1.000000000000000000, 0.000000000000000000, 0.000000000000000000 ) ) ;
#568 = ADVANCED_FACE ( 'NONE', ( #354 ), #2571, .T. ) ;
#569 = DIRECTION ( 'NONE',  ( -0.000000000000000000, 0.000000000000000000, 1.000000000000000000 ) ) ;
#570 = CARTESIAN_POINT ( 'NONE',  ( 19.86907298722644910, -13.46869705022688990, 4.000000000000000000 ) ) ;
#571 = ORIENTED_EDGE ( 'NONE', *, *, #2171, .T. ) ;
#572 = CARTESIAN_POINT ( 'NONE',  ( 23.69218996054882354, 23.69218996054634374, 2.000000000000000000 ) ) ;
#573 = VERTEX_POINT ( 'NONE', #2257 ) ;
#574 = EDGE_LOOP ( 'NONE', ( #1235, #347 ) ) ;
#575 = CARTESIAN_POINT ( 'NONE',  ( -5.823088065416653691, 38.35000000000014353, 0.000000000000000000 ) ) ;
#576 = CARTESIAN_POINT ( 'NONE',  ( 12.35000000000015952, -15.34999999999994991, 3.000000000000000000 ) ) ;
#577 = ORIENTED_EDGE ( 'NONE', *, *, #488, .F. ) ;
#578 = DIRECTION ( 'NONE',  ( -0.000000000000000000, -0.000000000000000000, -1.000000000000000000 ) ) ;
#579 = ORIENTED_EDGE ( 'NONE', *, *, #1582, .T. ) ;
#580 = ADVANCED_FACE ( 'NONE', ( #657 ), #374, .F. ) ;
#581 = DATE_AND_TIME ( #238, #1686 ) ;
#582 = DIRECTION ( 'NONE',  ( -4.915835056134979668E-16, 1.000000000000000000, 0.000000000000000000 ) ) ;
#583 = CARTESIAN_POINT ( 'NONE',  ( 4.978843043986241668, 13.29319547805469703, 30.27143468958383110 ) ) ;
#584 = EDGE_CURVE ( 'NONE', #1826, #1398, #3447, .T. ) ;
#585 = VECTOR ( 'NONE', #2309, 1000.000000000000000 ) ;
#586 = AXIS2_PLACEMENT_3D ( 'NONE', #535, #1133, #1919 ) ;
#587 = CARTESIAN_POINT ( 'NONE',  ( -26.69218996054642545, 23.69218996054874182, 2.000000000000000000 ) ) ;
#588 = CARTESIAN_POINT ( 'NONE',  ( -15.35000000000013998, -15.35000000000025722, 3.000000000000000000 ) ) ;
#589 = CIRCLE ( 'NONE', #2272, 2.999999999999999112 ) ;
#590 = VECTOR ( 'NONE', #2324, 1000.000000000000000 ) ;
#591 = CARTESIAN_POINT ( 'NONE',  ( 18.26778688806111717, -22.69276224895441629, 2.244694863649751682 ) ) ;
#592 = VECTOR ( 'NONE', #2364, 1000.000000000000000 ) ;
#593 = ORIENTED_EDGE ( 'NONE', *, *, #1967, .F. ) ;
#594 = VERTEX_POINT ( 'NONE', #323 ) ;
#595 = LINE ( 'NONE', #1691, #1752 ) ;
#596 = VECTOR ( 'NONE', #873, 1000.000000000000000 ) ;
#597 = VERTEX_POINT ( 'NONE', #884 ) ;
#598 = CARTESIAN_POINT ( 'NONE',  ( 5.823088065416380132, -18.35000000000000142, 0.000000000000000000 ) ) ;
#599 = DIRECTION ( 'NONE',  ( -1.000000000000000000, 0.000000000000000000, 0.000000000000000000 ) ) ;
#600 = ORIENTED_EDGE ( 'NONE', *, *, #1610, .F. ) ;
#601 = DIRECTION ( 'NONE',  ( -0.000000000000000000, -0.000000000000000000, -1.000000000000000000 ) ) ;
#602 = DIRECTION ( 'NONE',  ( 1.000000000000000000, 0.000000000000000000, 0.000000000000000000 ) ) ;
#603 = ADVANCED_FACE ( 'NONE', ( #605, #675 ), #956, .T. ) ;
#604 = EDGE_CURVE ( 'NONE', #1981, #200, #2307, .T. ) ;
#605 = FACE_OUTER_BOUND ( 'NONE', #2014, .T. ) ;
#606 = CARTESIAN_POINT ( 'NONE',  ( -4.147514760152989466E-15, 18.34999999999999787, 4.000000000000000000 ) ) ;
#607 = CARTESIAN_POINT ( 'NONE',  ( -18.61086786975692320, -22.97161635325313256, 2.094899411271078815 ) ) ;
#608 = ORIENTED_EDGE ( 'NONE', *, *, #3121, .F. ) ;
#609 = ORIENTED_EDGE ( 'NONE', *, *, #3102, .F. ) ;
#610 = CARTESIAN_POINT ( 'NONE',  ( 13.85000000000011866, -1.107185260012842869E-15, 0.000000000000000000 ) ) ;
#611 = EDGE_CURVE ( 'NONE', #1395, #3166, #1466, .T. ) ;
#612 = ORIENTED_EDGE ( 'NONE', *, *, #2784, .F. ) ;
#613 = ORIENTED_EDGE ( 'NONE', *, *, #1313, .T. ) ;
#614 = CARTESIAN_POINT ( 'NONE',  ( -22.36060591030757294, -17.83721627534148979, 2.545454545454426398 ) ) ;
#615 = VERTEX_POINT ( 'NONE', #1774 ) ;
#616 = CARTESIAN_POINT ( 'NONE',  ( 20.44411237513039481, 13.65000000000000213, 21.82280828415803953 ) ) ;
#617 = DIRECTION ( 'NONE',  ( -0.000000000000000000, 0.000000000000000000, 1.000000000000000000 ) ) ;
#618 = CARTESIAN_POINT ( 'NONE',  ( 0.000000000000000000, 0.000000000000000000, 4.000000000000000000 ) ) ;
#619 = CARTESIAN_POINT ( 'NONE',  ( 18.26892428741539476, 22.69366862049798783, 2.244096623653335065 ) ) ;
#620 = DIRECTION ( 'NONE',  ( -0.000000000000000000, -0.000000000000000000, -1.000000000000000000 ) ) ;
#621 = CARTESIAN_POINT ( 'NONE',  ( -21.32957421903192952, 11.67713754148448047, 4.000000000000000000 ) ) ;
#622 = CARTESIAN_POINT ( 'NONE',  ( 38.35000000000016485, 5.823088065416518688, 0.000000000000000000 ) ) ;
#623 = EDGE_CURVE ( 'NONE', #1018, #2194, #943, .T. ) ;
#624 = VERTEX_POINT ( 'NONE', #337 ) ;
#625 = EDGE_LOOP ( 'NONE', ( #136, #2869, #2159, #2746 ) ) ;
#626 = EDGE_CURVE ( 'NONE', #800, #546, #59, .T. ) ;
#627 = EDGE_CURVE ( 'NONE', #1622, #2555, #1255, .T. ) ;
#628 = ORIENTED_EDGE ( 'NONE', *, *, #2829, .T. ) ;
#629 = LINE ( 'NONE', #1456, #1689 ) ;
#630 = CARTESIAN_POINT ( 'NONE',  ( 19.86907298722783111, 13.65000000000000213, 3.999999999999999112 ) ) ;
#631 = ORIENTED_EDGE ( 'NONE', *, *, #627, .T. ) ;
#632 = CARTESIAN_POINT ( 'NONE',  ( -15.35000000000005294, 15.35000000000006004, 3.000000000000000000 ) ) ;
#633 = FACE_OUTER_BOUND ( 'NONE', #2495, .T. ) ;
#634 = ORIENTED_EDGE ( 'NONE', *, *, #3094, .T. ) ;
#635 = PLANE ( 'NONE',  #3327 ) ;
#636 = FACE_OUTER_BOUND ( 'NONE', #727, .T. ) ;
#637 = CARTESIAN_POINT ( 'NONE',  ( -18.35000000000005471, 15.35000000000006004, 3.000000000000000000 ) ) ;
#638 = CARTESIAN_POINT ( 'NONE',  ( -13.85000000000012044, 0.000000000000000000, 4.000000000000000000 ) ) ;
#639 = DIRECTION ( 'NONE',  ( -0.000000000000000000, -0.000000000000000000, -1.000000000000000000 ) ) ;
#640 = VECTOR ( 'NONE', #315, 1000.000000000000000 ) ;
#641 = CARTESIAN_POINT ( 'NONE',  ( 12.35000000000011511, 15.34999999999999964, 3.000000000000000000 ) ) ;
#642 = AXIS2_PLACEMENT_3D ( 'NONE', #1356, #3012, #2444 ) ;
#643 = EDGE_CURVE ( 'NONE', #2986, #2896, #2044, .T. ) ;
#644 = VECTOR ( 'NONE', #2938, 1000.000000000000000 ) ;
#645 = ORIENTED_EDGE ( 'NONE', *, *, #3416, .T. ) ;
#646 = AXIS2_PLACEMENT_3D ( 'NONE', #3188, #3204, #1785 ) ;
#647 = ADVANCED_FACE ( 'NONE', ( #731 ), #2504, .T. ) ;
#648 = ORIENTED_EDGE ( 'NONE', *, *, #3028, .T. ) ;
#649 = CARTESIAN_POINT ( 'NONE',  ( -7.983801529043838663, 13.59999786607752448, 28.22374989449534510 ) ) ;
#650 = LINE ( 'NONE', #51, #300 ) ;
#651 = EDGE_LOOP ( 'NONE', ( #521, #2333, #1074, #3068 ) ) ;
#652 = FACE_OUTER_BOUND ( 'NONE', #9, .T. ) ;
#653 = DIRECTION ( 'NONE',  ( 1.000000000000000000, -7.994117400814688849E-17, 0.000000000000000000 ) ) ;
#654 = ORIENTED_EDGE ( 'NONE', *, *, #1026, .T. ) ;
#655 = DIRECTION ( 'NONE',  ( -1.000000000000000000, 0.000000000000000000, 0.000000000000000000 ) ) ;
#656 = CIRCLE ( 'NONE', #1298, 1.749999999999999778 ) ;
#657 = FACE_OUTER_BOUND ( 'NONE', #2208, .T. ) ;
#658 = DIRECTION ( 'NONE',  ( -0.000000000000000000, -0.000000000000000000, -1.000000000000000000 ) ) ;
#659 = CARTESIAN_POINT ( 'NONE',  ( 24.14423938417212412, 13.64999999999999858, 3.076281669879697755 ) ) ;
#660 = AXIS2_PLACEMENT_3D ( 'NONE', #2198, #2782, #1368 ) ;
#661 = CARTESIAN_POINT ( 'NONE',  ( -2.053153435408519023, -20.05000000000000071, 47.00000000000000000 ) ) ;
#662 = ORIENTED_EDGE ( 'NONE', *, *, #2335, .F. ) ;
#663 = VECTOR ( 'NONE', #857, 1000.000000000000000 ) ;
#664 = EDGE_CURVE ( 'NONE', #1593, #721, #865, .T. ) ;
#665 = CIRCLE ( 'NONE', #2472, 30.32842712474619162 ) ;
#666 = ORIENTED_EDGE ( 'NONE', *, *, #205, .T. ) ;
#667 = DIRECTION ( 'NONE',  ( -1.550760359917785817E-16, 1.000000000000000000, -3.697785493223492838E-32 ) ) ;
#668 = VECTOR ( 'NONE', #1660, 1000.000000000000000 ) ;
#669 = VERTEX_POINT ( 'NONE', #748 ) ;
#670 = EDGE_CURVE ( 'NONE', #2087, #548, #1281, .T. ) ;
#671 = DIRECTION ( 'NONE',  ( -1.000000000000000000, -1.550760359917785817E-16, 5.709809504093352769E-16 ) ) ;
#672 = CARTESIAN_POINT ( 'NONE',  ( -20.47486648393022435, 19.94999999999999574, 22.77600313762204109 ) ) ;
#673 = ORIENTED_EDGE ( 'NONE', *, *, #2671, .T. ) ;
#674 = CARTESIAN_POINT ( 'NONE',  ( 18.04880092475819708, 22.52118145247333558, 2.378936859680524041 ) ) ;
#675 = FACE_BOUND ( 'NONE', #1070, .T. ) ;
#676 = CARTESIAN_POINT ( 'NONE',  ( 23.69218996054882354, 23.69218996054634374, 2.000000000000000000 ) ) ;
#677 = EDGE_CURVE ( 'NONE', #2175, #916, #1272, .T. ) ;
#678 = CARTESIAN_POINT ( 'NONE',  ( 2.558426425360547096, 13.64106700588764021, 27.51760025597647896 ) ) ;
#679 = CARTESIAN_POINT ( 'NONE',  ( 23.69218996054882354, 23.69218996054634374, 2.000000000000000000 ) ) ;
#680 = B_SPLINE_CURVE_WITH_KNOTS ( 'NONE', 2,
 ( #3062, #1682, #298 ),
 .UNSPECIFIED., .F., .F.,
 ( 3, 3 ),
 ( 0.000000000000000000, 0.9355044557130972604 ),
 .UNSPECIFIED. ) ;
#681 = ORIENTED_EDGE ( 'NONE', *, *, #399, .F. ) ;
#682 = ORIENTED_EDGE ( 'NONE', *, *, #627, .F. ) ;
#683 = CARTESIAN_POINT ( 'NONE',  ( -18.35000000000013642, 19.94999999999999574, -5.047477198250068074E-31 ) ) ;
#684 = VERTEX_POINT ( 'NONE', #691 ) ;
#685 = DIRECTION ( 'NONE',  ( 0.000000000000000000, 0.000000000000000000, -1.000000000000000000 ) ) ;
#686 = DIRECTION ( 'NONE',  ( 0.000000000000000000, 0.000000000000000000, -1.000000000000000000 ) ) ;
#687 = EDGE_CURVE ( 'NONE', #963, #412, #1237, .T. ) ;
#688 = DIRECTION ( 'NONE',  ( -0.000000000000000000, -0.000000000000000000, -1.000000000000000000 ) ) ;
#689 = ORIENTED_EDGE ( 'NONE', *, *, #2053, .T. ) ;
#690 = CIRCLE ( 'NONE', #1800, 1.750000000000001554 ) ;
#691 = CARTESIAN_POINT ( 'NONE',  ( -13.60000000000012577, 15.34999999999999964, 4.000000000000000000 ) ) ;
#692 = EDGE_CURVE ( 'NONE', #563, #1821, #1843, .T. ) ;
#693 = CARTESIAN_POINT ( 'NONE',  ( -21.57086961698677641, 25.81351030410838021, 2.000000000000000000 ) ) ;
#694 = AXIS2_PLACEMENT_3D ( 'NONE', #1251, #183, #1514 ) ;
#695 = AXIS2_PLACEMENT_3D ( 'NONE', #982, #1308, #3492 ) ;
#696 = CARTESIAN_POINT ( 'NONE',  ( -2.121320343560743282, 2.121320343560738397, 0.000000000000000000 ) ) ;
#697 = CIRCLE ( 'NONE', #353, 9.999999999999998224 ) ;
#698 = ORIENTED_EDGE ( 'NONE', *, *, #3323, .T. ) ;
#699 = CIRCLE ( 'NONE', #358, 1.750000000000001554 ) ;
#700 = AXIS2_PLACEMENT_3D ( 'NONE', #1218, #1445, #2294 ) ;
#701 = VECTOR ( 'NONE', #369, 1000.000000000000000 ) ;
#702 = EDGE_LOOP ( 'NONE', ( #2578, #1350, #1676, #3367 ) ) ;
#703 = CARTESIAN_POINT ( 'NONE',  ( -13.85000000000012044, 0.000000000000000000, 2.000000000000000000 ) ) ;
#704 = VECTOR ( 'NONE', #2005, 1000.000000000000000 ) ;
#705 = AXIS2_PLACEMENT_3D ( 'NONE', #2698, #1023, #730 ) ;
#706 = EDGE_LOOP ( 'NONE', ( #1939, #2463 ) ) ;
#707 = DIRECTION ( 'NONE',  ( -0.000000000000000000, 0.000000000000000000, 1.000000000000000000 ) ) ;
#708 = CARTESIAN_POINT ( 'NONE',  ( -25.44218996054642901, 23.69218996054874182, 2.000000000000000000 ) ) ;
#709 = ORIENTED_EDGE ( 'NONE', *, *, #1548, .T. ) ;
#710 = CARTESIAN_POINT ( 'NONE',  ( -23.69218996054865656, -23.69218996054651072, 0.000000000000000000 ) ) ;
#711 = VECTOR ( 'NONE', #1844, 1000.000000000000000 ) ;
#712 = EDGE_CURVE ( 'NONE', #3340, #1615, #1053, .T. ) ;
#713 = FACE_OUTER_BOUND ( 'NONE', #3402, .T. ) ;
#714 = B_SPLINE_SURFACE_WITH_KNOTS ( 'NONE', 2, 1, ( 
 ( #1407, #2438 ),
 ( #1112, #2989 ),
 ( #2515, #3551 ) ),
 .UNSPECIFIED., .F., .F., .F.,
 ( 3, 3 ),
 ( 2, 2 ),
 ( 0.000000000000000000, 0.9355044557130977045 ),
 ( 0.000000000000000000, 1.000000000000000000 ),
 .UNSPECIFIED. ) ;
#715 = CYLINDRICAL_SURFACE ( 'NONE', #2162, 10.00000000000000000 ) ;
#716 = ADVANCED_FACE ( 'NONE', ( #713 ), #3516, .F. ) ;
#717 = DIRECTION ( 'NONE',  ( -0.7071067811865391350, 0.7071067811865560104, 0.000000000000000000 ) ) ;
#718 = VERTEX_POINT ( 'NONE', #2920 ) ;
#719 = LINE ( 'NONE', #3520, #1111 ) ;
#720 = EDGE_CURVE ( 'NONE', #1764, #3114, #1859, .T. ) ;
#721 = VERTEX_POINT ( 'NONE', #1554 ) ;
#722 = CARTESIAN_POINT ( 'NONE',  ( 13.46869705022478136, -19.86907298722787729, 4.000000000000000000 ) ) ;
#723 = VERTEX_POINT ( 'NONE', #2661 ) ;
#724 = ADVANCED_FACE ( 'NONE', ( #3500 ), #3229, .F. ) ;
#725 = LINE ( 'NONE', #464, #3332 ) ;
#726 = CARTESIAN_POINT ( 'NONE',  ( 2.053153435408514582, -20.05000000000000071, 42.00000000000000000 ) ) ;
#727 = EDGE_LOOP ( 'NONE', ( #1780, #1363, #2003, #3293 ) ) ;
#728 = VERTEX_POINT ( 'NONE', #846 ) ;
#729 = B_SPLINE_CURVE_WITH_KNOTS ( 'NONE', 3,
 ( #1937, #2189, #1412, #514 ),
 .UNSPECIFIED., .F., .F.,
 ( 4, 4 ),
 ( 0.01214915670386872842, 0.01445966049029427658 ),
 .UNSPECIFIED. ) ;
#730 = DIRECTION ( 'NONE',  ( -1.000000000000000000, 0.000000000000000000, 0.000000000000000000 ) ) ;
#731 = FACE_OUTER_BOUND ( 'NONE', #1567, .T. ) ;
#732 = CARTESIAN_POINT ( 'NONE',  ( -19.19715324994913885, 23.47941223623384133, 2.000000000000000000 ) ) ;
#733 = CARTESIAN_POINT ( 'NONE',  ( -7.021296836869320046, 13.56489912686844868, 28.65253528490723767 ) ) ;
#734 = DIRECTION ( 'NONE',  ( -0.000000000000000000, 0.000000000000000000, 1.000000000000000000 ) ) ;
#735 = ORIENTED_EDGE ( 'NONE', *, *, #1373, .F. ) ;
#736 = LINE ( 'NONE', #2687, #997 ) ;
#737 = EDGE_CURVE ( 'NONE', #2015, #875, #1332, .T. ) ;
#738 = EDGE_CURVE ( 'NONE', #380, #3425, #1523, .T. ) ;
#739 = ORIENTED_EDGE ( 'NONE', *, *, #1294, .F. ) ;
#740 = CARTESIAN_POINT ( 'NONE',  ( -23.47941223623377383, -19.19715324994922412, 2.000000000000000000 ) ) ;
#741 = ORIENTED_EDGE ( 'NONE', *, *, #68, .T. ) ;
#742 = B_SPLINE_CURVE_WITH_KNOTS ( 'NONE', 3,
 ( #779, #3334, #212, #228, #558, #503, #1343, #1672 ),
 .UNSPECIFIED., .F., .F.,
 ( 4, 2, 2, 4 ),
 ( 0.01858260678285034162, 0.01971952573560676117, 0.02085644468836318072, 0.02313028259387601981 ),
 .UNSPECIFIED. ) ;
#743 = CYLINDRICAL_SURFACE ( 'NONE', #3273, 19.99999999999999645 ) ;
#744 = DIRECTION ( 'NONE',  ( 2.260226027331329482E-16, -1.000000000000000000, 0.000000000000000000 ) ) ;
#745 = ORIENTED_EDGE ( 'NONE', *, *, #154, .F. ) ;
#746 = VERTEX_POINT ( 'NONE', #826 ) ;
#747 = LINE ( 'NONE', #3549, #3211 ) ;
#748 = CARTESIAN_POINT ( 'NONE',  ( -10.85000000000012399, 13.85000000000013465, 4.000000000000000000 ) ) ;
#749 = DIRECTION ( 'NONE',  ( 1.638611685377993016E-16, -1.000000000000000000, 0.000000000000000000 ) ) ;
#750 = CC_DESIGN_APPROVAL ( #30, ( #3371 ) ) ;
#751 = DIRECTION ( 'NONE',  ( 0.000000000000000000, 0.000000000000000000, -1.000000000000000000 ) ) ;
#752 = ORIENTED_EDGE ( 'NONE', *, *, #399, .T. ) ;
#753 = CARTESIAN_POINT ( 'NONE',  ( 18.35000000000015419, 19.95000000000000284, 3.374142124937836495 ) ) ;
#754 = TOROIDAL_SURFACE ( 'NONE', #2790, 24.00387180440943524, 8.000000000000000000 ) ;
#755 = DIRECTION ( 'NONE',  ( 1.638611685377993016E-16, -1.000000000000000000, 0.000000000000000000 ) ) ;
#756 = EDGE_CURVE ( 'NONE', #1797, #2487, #2322, .T. ) ;
#757 = ORIENTED_EDGE ( 'NONE', *, *, #1488, .T. ) ;
#758 = CARTESIAN_POINT ( 'NONE',  ( 0.000000000000000000, 0.000000000000000000, -4.000000000000000888 ) ) ;
#759 = ORIENTED_EDGE ( 'NONE', *, *, #2930, .T. ) ;
#760 = VECTOR ( 'NONE', #3035, 1000.000000000000000 ) ;
#761 = AXIS2_PLACEMENT_3D ( 'NONE', #3587, #1094, #1954 ) ;
#762 = ADVANCED_FACE ( 'NONE', ( #220 ), #714, .T. ) ;
#763 = DIRECTION ( 'NONE',  ( -0.000000000000000000, 0.000000000000000000, 1.000000000000000000 ) ) ;
#764 = CIRCLE ( 'NONE', #1406, 24.00387180440943524 ) ;
#765 = ORIENTED_EDGE ( 'NONE', *, *, #1661, .T. ) ;
#766 = DIRECTION ( 'NONE',  ( 1.000000000000000000, 0.000000000000000000, 0.000000000000000000 ) ) ;
#767 = ORIENTED_EDGE ( 'NONE', *, *, #2980, .T. ) ;
#768 = AXIS2_PLACEMENT_3D ( 'NONE', #934, #1987, #3154 ) ;
#769 = DIRECTION ( 'NONE',  ( -1.000000000000000000, 0.000000000000000000, 0.000000000000000000 ) ) ;
#770 = DIRECTION ( 'NONE',  ( -0.000000000000000000, 0.000000000000000000, 1.000000000000000000 ) ) ;
#771 = CARTESIAN_POINT ( 'NONE',  ( -13.85000000000012221, 10.85000000000013465, 4.000000000000000000 ) ) ;
#772 = CARTESIAN_POINT ( 'NONE',  ( -2.973515095840010947, 12.34399024330254946, 33.14110598598088586 ) ) ;
#773 = EDGE_CURVE ( 'NONE', #49, #2425, #3325, .T. ) ;
#774 = CARTESIAN_POINT ( 'NONE',  ( 18.35000000000011156, 15.34999999999999964, 3.000000000000000000 ) ) ;
#775 = VERTEX_POINT ( 'NONE', #1681 ) ;
#776 = DIRECTION ( 'NONE',  ( 1.638611685377993016E-16, -1.000000000000000000, 0.000000000000000000 ) ) ;
#777 = VECTOR ( 'NONE', #3138, 1000.000000000000000 ) ;
#778 = ORIENTED_EDGE ( 'NONE', *, *, #2447, .F. ) ;
#779 = CARTESIAN_POINT ( 'NONE',  ( -19.74495787796272595, 13.64999999999999503, 4.000000000000000000 ) ) ;
#780 = ORIENTED_EDGE ( 'NONE', *, *, #623, .T. ) ;
#781 = ADVANCED_FACE ( 'NONE', ( #493 ), #2169, .T. ) ;
#782 = DIRECTION ( 'NONE',  ( 1.000000000000000000, 0.000000000000000000, 0.000000000000000000 ) ) ;
#783 = CARTESIAN_POINT ( 'NONE',  ( 13.85000000000011866, -1.107185260012842869E-15, 4.000000000000000000 ) ) ;
#784 = ORIENTED_EDGE ( 'NONE', *, *, #2942, .T. ) ;
#785 = PLANE ( 'NONE',  #1596 ) ;
#786 = ORIENTED_EDGE ( 'NONE', *, *, #306, .T. ) ;
#787 = VECTOR ( 'NONE', #1041, 1000.000000000000000 ) ;
#788 = EDGE_CURVE ( 'NONE', #109, #1880, #425, .T. ) ;
#789 = PERSON_AND_ORGANIZATION ( #3448, #2840 ) ;
#790 = CARTESIAN_POINT ( 'NONE',  ( 2.558426425360547096, 13.64999999999999503, 27.51760025597647896 ) ) ;
#791 = CARTESIAN_POINT ( 'NONE',  ( 0.000000000000000000, 0.000000000000000000, 2.545454545454606698 ) ) ;
#792 = AXIS2_PLACEMENT_3D ( 'NONE', #3478, #969, #2089 ) ;
#793 = ADVANCED_FACE ( 'NONE', ( #550 ), #1371, .F. ) ;
#794 = CARTESIAN_POINT ( 'NONE',  ( 0.000000000000000000, 0.000000000000000000, 42.00000000000000000 ) ) ;
#795 = ORIENTED_EDGE ( 'NONE', *, *, #2871, .F. ) ;
#796 = B_SPLINE_CURVE_WITH_KNOTS ( 'NONE', 3,
 ( #79, #3396, #1776, #1238, #3160, #2607, #621, #921 ),
 .UNSPECIFIED., .F., .F.,
 ( 4, 2, 2, 4 ),
 ( 7.890355390542124511E-05, 0.002023793934458602371, 0.002996239124735186957, 0.003968684315011771976 ),
 .UNSPECIFIED. ) ;
#797 = CARTESIAN_POINT ( 'NONE',  ( -16.19582060737904783, -21.24882933228848358, 3.528713117099046670 ) ) ;
#798 = DIRECTION ( 'NONE',  ( -0.000000000000000000, -0.000000000000000000, -1.000000000000000000 ) ) ;
#799 = B_SPLINE_CURVE_WITH_KNOTS ( 'NONE', 2,
 ( #3118, #616, #3239 ),
 .UNSPECIFIED., .F., .F.,
 ( 3, 3 ),
 ( 0.000000000000000000, 0.8880120247605480799 ),
 .UNSPECIFIED. ) ;
#800 = VERTEX_POINT ( 'NONE', #1078 ) ;
#801 = VERTEX_POINT ( 'NONE', #1607 ) ;
#802 = FACE_BOUND ( 'NONE', #1527, .T. ) ;
#803 = DIRECTION ( 'NONE',  ( 1.638611685377993016E-16, -1.000000000000000000, 0.000000000000000000 ) ) ;
#804 = ORIENTED_EDGE ( 'NONE', *, *, #368, .F. ) ;
#805 = DIRECTION ( 'NONE',  ( 1.000000000000000000, 0.000000000000000000, 0.000000000000000000 ) ) ;
#806 = EDGE_LOOP ( 'NONE', ( #994, #69, #1422, #2594, #786, #936, #2371, #577 ) ) ;
#807 = PERSON_AND_ORGANIZATION ( #3448, #2840 ) ;
#808 = CARTESIAN_POINT ( 'NONE',  ( -2.121320343560743282, 2.121320343560738397, 2.000000000000000000 ) ) ;
#809 = CYLINDRICAL_SURFACE ( 'NONE', #2913, 3.000000000000000888 ) ;
#810 = ADVANCED_FACE ( 'NONE', ( #2786 ), #1952, .T. ) ;
#811 = EDGE_CURVE ( 'NONE', #2419, #3063, #3302, .T. ) ;
#812 = DIRECTION ( 'NONE',  ( 1.000000000000000000, 0.000000000000000000, 0.000000000000000000 ) ) ;
#813 = CARTESIAN_POINT ( 'NONE',  ( -10.43414161117064154, 13.64999999999999680, 26.99999999619808122 ) ) ;
#814 = ORIENTED_EDGE ( 'NONE', *, *, #3190, .F. ) ;
#815 = CARTESIAN_POINT ( 'NONE',  ( 19.86907298722783111, 19.95000000000000284, 3.999999999999999112 ) ) ;
#816 = ORIENTED_EDGE ( 'NONE', *, *, #3466, .T. ) ;
#817 = AXIS2_PLACEMENT_3D ( 'NONE', #703, #2669, #1820 ) ;
#818 = DIRECTION ( 'NONE',  ( 4.915835056134979668E-16, -1.000000000000000000, 0.000000000000000000 ) ) ;
#819 = DIRECTION ( 'NONE',  ( 0.7071067811865467956, 0.7071067811865483499, 0.000000000000000000 ) ) ;
#820 = VERTEX_POINT ( 'NONE', #17 ) ;
#822 = CIRCLE ( 'NONE', #3322, 28.60354840101803120 ) ;
#821 = DIRECTION ( 'NONE',  ( 1.638611685377993016E-16, -1.000000000000000000, 0.000000000000000000 ) ) ;
#823 = VERTEX_POINT ( 'NONE', #1130 ) ;
#824 = CALENDAR_DATE ( 2026, 19, 6 ) ;
#825 = AXIS2_PLACEMENT_3D ( 'NONE', #622, #2828, #3109 ) ;
#826 = CARTESIAN_POINT ( 'NONE',  ( 24.19265705746597561, 19.95000000000000284, 0.000000000000000000 ) ) ;
#827 = AXIS2_PLACEMENT_3D ( 'NONE', #2129, #770, #1024 ) ;
#828 = CARTESIAN_POINT ( 'NONE',  ( 3.184351706151618000, 12.52756237824877417, 32.71164103059492589 ) ) ;
#829 = VECTOR ( 'NONE', #1199, 1000.000000000000000 ) ;
#830 = EDGE_CURVE ( 'NONE', #1837, #157, #1624, .T. ) ;
#831 = CARTESIAN_POINT ( 'NONE',  ( 24.20786437626935239, 19.96522368914760648, 2.000000000000000000 ) ) ;
#832 = DIRECTION ( 'NONE',  ( -0.000000000000000000, -0.000000000000000000, -1.000000000000000000 ) ) ;
#833 = EDGE_LOOP ( 'NONE', ( #83, #2554, #2059, #2315 ) ) ;
#834 = EDGE_CURVE ( 'NONE', #365, #1643, #1916, .T. ) ;
#835 = CYLINDRICAL_SURFACE ( 'NONE', #1221, 1.750000000000001554 ) ;
#836 = AXIS2_PLACEMENT_3D ( 'NONE', #103, #86, #32 ) ;
#837 = EDGE_LOOP ( 'NONE', ( #1789, #2598, #795, #3512, #2085, #1729, #1841, #317, #3198, #2940, #3059, #1805, #1183, #2344, #2468, #3222, #2070, #2511, #571, #1198, #2143, #3203, #504, #3426, #2410, #229 ) ) ;
#838 = VECTOR ( 'NONE', #390, 1000.000000000000000 ) ;
#839 = CARTESIAN_POINT ( 'NONE',  ( 22.84318261234726677, 19.95000000000000284, 1.999999999998842481 ) ) ;
#840 = LINE ( 'NONE', #1086, #2705 ) ;
#841 = ORIENTED_EDGE ( 'NONE', *, *, #1209, .F. ) ;
#842 = EDGE_CURVE ( 'NONE', #2524, #1415, #2271, .T. ) ;
#843 = DIRECTION ( 'NONE',  ( -0.000000000000000000, 0.000000000000000000, 1.000000000000000000 ) ) ;
#844 = EDGE_LOOP ( 'NONE', ( #3050, #3277, #33, #3201 ) ) ;
#845 = PERSON_AND_ORGANIZATION ( #3448, #2840 ) ;
#846 = CARTESIAN_POINT ( 'NONE',  ( -19.96522368914769885, 24.20786437626928844, 0.000000000000000000 ) ) ;
#847 = DIRECTION ( 'NONE',  ( 1.000000000000000000, -4.440892098500626162E-15, 0.000000000000000000 ) ) ;
#848 = AXIS2_PLACEMENT_3D ( 'NONE', #3280, #3565, #782 ) ;
#849 = DIRECTION ( 'NONE',  ( 1.000000000000000000, 0.000000000000000000, 0.000000000000000000 ) ) ;
#850 = CARTESIAN_POINT ( 'NONE',  ( -18.35000000000013998, 18.10570832903662364, 3.805445735924405160 ) ) ;
#851 = CIRCLE ( 'NONE', #792, 2.999999999999999112 ) ;
#852 = VERTEX_POINT ( 'NONE', #2483 ) ;
#853 = DIRECTION ( 'NONE',  ( -0.000000000000000000, -0.000000000000000000, -1.000000000000000000 ) ) ;
#854 = EDGE_CURVE ( 'NONE', #3300, #1180, #1867, .T. ) ;
#855 = ORIENTED_EDGE ( 'NONE', *, *, #842, .T. ) ;
#856 = EDGE_CURVE ( 'NONE', #200, #916, #3270, .T. ) ;
#857 = DIRECTION ( 'NONE',  ( -0.000000000000000000, -0.000000000000000000, -1.000000000000000000 ) ) ;
#858 = DIRECTION ( 'NONE',  ( -1.214306433183764808E-14, 0.000000000000000000, -1.000000000000000000 ) ) ;
#859 = VERTEX_POINT ( 'NONE', #2837 ) ;
#860 = CARTESIAN_POINT ( 'NONE',  ( 2.053153435408412886, 19.94999999999999929, 42.00000000000000000 ) ) ;
#861 = EDGE_LOOP ( 'NONE', ( #1300, #2119, #509, #3506 ) ) ;
#862 = PERSON_AND_ORGANIZATION ( #3448, #2840 ) ;
#863 = LINE ( 'NONE', #1968, #2216 ) ;
#864 = CARTESIAN_POINT ( 'NONE',  ( 3.562904730893697636, 12.76942619958381719, 32.06894456476359068 ) ) ;
#865 = B_SPLINE_CURVE_WITH_KNOTS ( 'NONE', 3,
 ( #2403, #403, #1519, #2079, #2362, #420, #3246, #454, #185, #1008 ),
 .UNSPECIFIED., .F., .F.,
 ( 4, 2, 2, 2, 4 ),
 ( 0.001875779837475668836, 0.002340326972776952518, 0.002804874108078236200, 0.003269421243379520316, 0.003733968378680803998 ),
 .UNSPECIFIED. ) ;
#866 = DIRECTION ( 'NONE',  ( 0.000000000000000000, 0.000000000000000000, -1.000000000000000000 ) ) ;
#867 = CARTESIAN_POINT ( 'NONE',  ( -20.49781649662662275, 19.94999999999999574, 2.545454545454547635 ) ) ;
#868 = CARTESIAN_POINT ( 'NONE',  ( 23.87983683150915937, 13.49818728435185911, 3.236266565561986663 ) ) ;
#869 = ORIENTED_EDGE ( 'NONE', *, *, #2423, .F. ) ;
#870 = DIRECTION ( 'NONE',  ( 0.000000000000000000, -0.000000000000000000, -1.000000000000000000 ) ) ;
#871 = APPROVAL_PERSON_ORGANIZATION ( #862, #2460, #1965 ) ;
#872 = EDGE_CURVE ( 'NONE', #1835, #2878, #1460, .T. ) ;
#873 = DIRECTION ( 'NONE',  ( -0.000000000000000000, -0.000000000000000000, -1.000000000000000000 ) ) ;
#874 = ORIENTED_EDGE ( 'NONE', *, *, #2053, .F. ) ;
#875 = VERTEX_POINT ( 'NONE', #38 ) ;
#876 = CYLINDRICAL_SURFACE ( 'NONE', #2615, 19.99999999999999645 ) ;
#877 = ORIENTED_EDGE ( 'NONE', *, *, #3303, .F. ) ;
#878 = AXIS2_PLACEMENT_3D ( 'NONE', #2600, #1214, #953 ) ;
#879 = ADVANCED_FACE ( 'NONE', ( #3405 ), #1701, .T. ) ;
#880 = CARTESIAN_POINT ( 'NONE',  ( -16.57792587014792574, 21.46577168637606547, 3.414711654912392813 ) ) ;
#881 = AXIS2_PLACEMENT_3D ( 'NONE', #3139, #3124, #1447 ) ;
#882 = VECTOR ( 'NONE', #1902, 1000.000000000000000 ) ;
#883 = CIRCLE ( 'NONE', #310, 1.750000000000008438 ) ;
#884 = CARTESIAN_POINT ( 'NONE',  ( 2.053153435408467065, -1.350000000000000533, 42.00000000000000000 ) ) ;
#885 = DIRECTION ( 'NONE',  ( 1.000000000000000000, 0.000000000000000000, 0.000000000000000000 ) ) ;
#886 = AXIS2_PLACEMENT_3D ( 'NONE', #3406, #617, #1497 ) ;
#887 = CIRCLE ( 'NONE', #2918, 1.750000000000001554 ) ;
#888 = ADVANCED_FACE ( 'NONE', ( #914 ), #320, .T. ) ;
#889 = CARTESIAN_POINT ( 'NONE',  ( 17.83721627534346510, 22.36060591030560118, 2.545454545454624906 ) ) ;
#890 = ORIENTED_EDGE ( 'NONE', *, *, #2885, .T. ) ;
#891 = CARTESIAN_POINT ( 'NONE',  ( -23.69218996054865656, -23.69218996054651072, 0.000000000000000000 ) ) ;
#892 = AXIS2_PLACEMENT_3D ( 'NONE', #1142, #2872, #379 ) ;
#893 = EDGE_LOOP ( 'NONE', ( #1947, #2613, #2072, #3284 ) ) ;
#894 = ORIENTED_EDGE ( 'NONE', *, *, #3052, .T. ) ;
#895 = CARTESIAN_POINT ( 'NONE',  ( 21.57086961698659167, -25.81351030410852943, 2.000000000000000000 ) ) ;
#896 = ORIENTED_EDGE ( 'NONE', *, *, #1560, .T. ) ;
#897 = DIRECTION ( 'NONE',  ( -0.000000000000000000, -0.000000000000000000, -1.000000000000000000 ) ) ;
#898 = CARTESIAN_POINT ( 'NONE',  ( -5.823088065416649250, 18.34999999999999787, 2.000000000000000000 ) ) ;
#899 = ORIENTED_EDGE ( 'NONE', *, *, #3052, .F. ) ;
#900 = ADVANCED_FACE ( 'NONE', ( #1717 ), #3132, .F. ) ;
#901 = FACE_OUTER_BOUND ( 'NONE', #3092, .T. ) ;
#902 = CARTESIAN_POINT ( 'NONE',  ( 24.14423938417212412, 13.64999999999999858, 3.076281669879697755 ) ) ;
#903 = CIRCLE ( 'NONE', #1658, 3.000000000000000888 ) ;
#904 = CARTESIAN_POINT ( 'NONE',  ( 13.85000000000011866, 10.85000000000013465, 0.000000000000000000 ) ) ;
#905 = CARTESIAN_POINT ( 'NONE',  ( -18.96327580813373004, -23.27156002358537989, 2.011981368745203724 ) ) ;
#906 = AXIS2_PLACEMENT_3D ( 'NONE', #2939, #3534, #1258 ) ;
#907 = EDGE_LOOP ( 'NONE', ( #3474, #1655, #162, #1208, #634 ) ) ;
#908 = ORIENTED_EDGE ( 'NONE', *, *, #2476, .T. ) ;
#909 = ORIENTED_EDGE ( 'NONE', *, *, #3453, .F. ) ;
#910 = FACE_OUTER_BOUND ( 'NONE', #1309, .T. ) ;
#911 = DIRECTION ( 'NONE',  ( -2.547875105340935420E-15, 1.000000000000000000, -0.000000000000000000 ) ) ;
#912 = EDGE_LOOP ( 'NONE', ( #804, #2304, #979, #946 ) ) ;
#913 = B_SPLINE_CURVE_WITH_KNOTS ( 'NONE', 3,
 ( #3397, #81, #2608, #3469, #2330, #607, #3431, #905, #1470, #2574 ),
 .UNSPECIFIED., .F., .F.,
 ( 4, 2, 2, 2, 4 ),
 ( 0.001875779837475672522, 0.002340326972776953819, 0.002804874108078234899, 0.003269421243379515979, 0.003733968378680797492 ),
 .UNSPECIFIED. ) ;
#914 = FACE_OUTER_BOUND ( 'NONE', #2707, .T. ) ;
#915 = FACE_OUTER_BOUND ( 'NONE', #1369, .T. ) ;
#916 = VERTEX_POINT ( 'NONE', #2566 ) ;
#917 = FACE_BOUND ( 'NONE', #1586, .T. ) ;
#918 = LINE ( 'NONE', #110, #2273 ) ;
#919 = ADVANCED_FACE ( 'NONE', ( #1185 ), #2809, .F. ) ;
#920 = CARTESIAN_POINT ( 'NONE',  ( 21.57086961698920291, 25.81351030410601055, 2.000000000000000000 ) ) ;
#921 = CARTESIAN_POINT ( 'NONE',  ( -21.10303032808214496, 11.43887986537874824, 3.999999999999999112 ) ) ;
#922 = CARTESIAN_POINT ( 'NONE',  ( 3.153286868220780192, 13.64650263675939534, 27.36017006602420665 ) ) ;
#923 = EDGE_CURVE ( 'NONE', #269, #2558, #996, .T. ) ;
#924 = B_SPLINE_CURVE_WITH_KNOTS ( 'NONE', 2,
 ( #1017, #2120, #3237 ),
 .UNSPECIFIED., .F., .F.,
 ( 3, 3 ),
 ( 0.02264820519146920272, 0.7420826150713234481 ),
 .UNSPECIFIED. ) ;
#925 = LINE ( 'NONE', #2509, #3170 ) ;
#926 = ORIENTED_EDGE ( 'NONE', *, *, #1657, .T. ) ;
#927 = ORIENTED_EDGE ( 'NONE', *, *, #1201, .F. ) ;
#928 = B_SPLINE_CURVE_WITH_KNOTS ( 'NONE', 3,
 ( #3509, #1535, #951, #2105, #2692, #3223, #1565, #2074, #981, #177 ),
 .UNSPECIFIED., .F., .F.,
 ( 4, 2, 2, 2, 4 ),
 ( 0.000000000000000000, 0.002650621945284077283, 0.003313277431605092700, 0.003975932917926108985, 0.005301243890568135483 ),
 .UNSPECIFIED. ) ;
#929 = ORIENTED_EDGE ( 'NONE', *, *, #3310, .T. ) ;
#930 = ORIENTED_EDGE ( 'NONE', *, *, #2290, .F. ) ;
#931 = CARTESIAN_POINT ( 'NONE',  ( 22.84318261234726677, 19.95000000000000284, 1.999999999998842481 ) ) ;
#932 = ORIENTED_EDGE ( 'NONE', *, *, #856, .F. ) ;
#933 = AXIS2_PLACEMENT_3D ( 'NONE', #1039, #2147, #769 ) ;
#934 = CARTESIAN_POINT ( 'NONE',  ( 0.000000000000000000, 0.000000000000000000, 2.000000000000000000 ) ) ;
#935 = DIRECTION ( 'NONE',  ( -1.000000000000000000, 0.000000000000000000, 0.000000000000000000 ) ) ;
#936 = ORIENTED_EDGE ( 'NONE', *, *, #97, .F. ) ;
#937 = DIRECTION ( 'NONE',  ( 0.000000000000000000, 0.000000000000000000, -1.000000000000000000 ) ) ;
#938 = DIRECTION ( 'NONE',  ( -0.000000000000000000, 0.000000000000000000, 1.000000000000000000 ) ) ;
#939 = CYLINDRICAL_SURFACE ( 'NONE', #1935, 3.000000000000000888 ) ;
#940 = CARTESIAN_POINT ( 'NONE',  ( -24.20786437626903265, 19.94999999999999574, -5.047477198250068074E-31 ) ) ;
#941 = AXIS2_PLACEMENT_3D ( 'NONE', #1068, #1319, #3484 ) ;
#942 = EDGE_CURVE ( 'NONE', #2199, #3568, #91, .T. ) ;
#943 = CIRCLE ( 'NONE', #1170, 2.999999999999999112 ) ;
#944 = AXIS2_PLACEMENT_3D ( 'NONE', #3393, #1464, #2825 ) ;
#945 = LINE ( 'NONE', #116, #2760 ) ;
#946 = ORIENTED_EDGE ( 'NONE', *, *, #2188, .T. ) ;
#947 = CIRCLE ( 'NONE', #1229, 3.000000000000000888 ) ;
#948 = EDGE_LOOP ( 'NONE', ( #263, #3110 ) ) ;
#949 = EDGE_LOOP ( 'NONE', ( #1311, #3519, #3096, #3183, #530, #3511 ) ) ;
#950 = ORIENTED_EDGE ( 'NONE', *, *, #1088, .T. ) ;
#951 = CARTESIAN_POINT ( 'NONE',  ( 20.60115989248709667, -15.08151326099441469, 3.896639663274717780 ) ) ;
#952 = ADVANCED_FACE ( 'NONE', ( #2302, #3370 ), #3423, .T. ) ;
#953 = DIRECTION ( 'NONE',  ( -1.000000000000000000, 0.000000000000000000, 6.938893903907229364E-16 ) ) ;
#954 = ORIENTED_EDGE ( 'NONE', *, *, #1156, .T. ) ;
#955 = CYLINDRICAL_SURFACE ( 'NONE', #414, 2.999999999999999112 ) ;
#956 = PLANE ( 'NONE',  #1982 ) ;
#957 = CARTESIAN_POINT ( 'NONE',  ( -18.35000000000013642, 15.47460376237521551, 4.000000000000000000 ) ) ;
#958 = CARTESIAN_POINT ( 'NONE',  ( 23.27138791258758488, 13.56189785327399377, 21.41329613856198577 ) ) ;
#959 = CYLINDRICAL_SURFACE ( 'NONE', #2993, 2.999999999999997335 ) ;
#960 = ORIENTED_EDGE ( 'NONE', *, *, #1942, .F. ) ;
#961 = VECTOR ( 'NONE', #1816, 1000.000000000000000 ) ;
#962 = ADVANCED_FACE ( 'NONE', ( #652 ), #1770, .F. ) ;
#963 = VERTEX_POINT ( 'NONE', #1496 ) ;
#964 = DIRECTION ( 'NONE',  ( -0.7071067811865435759, 0.7071067811865513475, 0.000000000000000000 ) ) ;
#965 = CIRCLE ( 'NONE', #3178, 3.000000000000002665 ) ;
#966 = ORIENTED_EDGE ( 'NONE', *, *, #3155, .T. ) ;
#967 = ADVANCED_FACE ( 'NONE', ( #2599 ), #107, .T. ) ;
#968 = DIRECTION ( 'NONE',  ( 0.7071067811865497932, 0.7071067811865452413, -0.000000000000000000 ) ) ;
#969 = DIRECTION ( 'NONE',  ( 0.000000000000000000, 0.000000000000000000, -1.000000000000000000 ) ) ;
#970 = EDGE_LOOP ( 'NONE', ( #461, #1322, #3014, #155 ) ) ;
#971 = DIRECTION ( 'NONE',  ( -1.000000000000000000, 0.000000000000000000, -0.000000000000000000 ) ) ;
#972 = DIRECTION ( 'NONE',  ( 1.000000000000000000, 1.550760359917785817E-16, 0.000000000000000000 ) ) ;
#973 = DIRECTION ( 'NONE',  ( -0.000000000000000000, -0.000000000000000000, -1.000000000000000000 ) ) ;
#974 = CARTESIAN_POINT ( 'NONE',  ( 20.49717178488009495, 13.65000000000000391, 3.982094884783783151 ) ) ;
#975 = CARTESIAN_POINT ( 'NONE',  ( 25.81351030410845127, 21.57086961698668404, 2.000000000000000000 ) ) ;
#976 = ORIENTED_EDGE ( 'NONE', *, *, #1673, .F. ) ;
#977 = ORIENTED_EDGE ( 'NONE', *, *, #2995, .F. ) ;
#978 = DIRECTION ( 'NONE',  ( -1.000000000000000000, 0.000000000000000000, 2.775557561562891351E-15 ) ) ;
#979 = ORIENTED_EDGE ( 'NONE', *, *, #1895, .T. ) ;
#980 = EDGE_CURVE ( 'NONE', #820, #985, #863, .T. ) ;
#981 = CARTESIAN_POINT ( 'NONE',  ( 22.13794861346559628, -17.54088555505201796, 2.797630681172400990 ) ) ;
#982 = CARTESIAN_POINT ( 'NONE',  ( -23.69218996054642545, 23.69218996054874182, 0.000000000000000000 ) ) ;
#983 = EDGE_CURVE ( 'NONE', #1531, #2229, #1441, .T. ) ;
#984 = APPROVAL_PERSON_ORGANIZATION ( #845, #1924, #1388 ) ;
#985 = VERTEX_POINT ( 'NONE', #2004 ) ;
#986 =( NAMED_UNIT ( * ) SI_UNIT ( $, .STERADIAN. ) SOLID_ANGLE_UNIT ( ) );
#987 = CARTESIAN_POINT ( 'NONE',  ( 15.08151326099434364, 20.60115989248715351, 3.896639663274716447 ) ) ;
#988 = CARTESIAN_POINT ( 'NONE',  ( 18.35000000000016129, 19.95000000000000284, 4.000000000000000000 ) ) ;
#989 = CIRCLE ( 'NONE', #2733, 2.999999999999997335 ) ;
#990 = AXIS2_PLACEMENT_3D ( 'NONE', #2075, #744, #2416 ) ;
#991 = CLOSED_SHELL ( 'NONE', ( #1746, #900, #919, #2497, #2157, #3034, #2894, #3583, #1787, #1409, #541, #2846, #341, #3524, #2493, #2244, #3231, #647, #879, #340, #1320, #2061, #2565, #2557, #1990, #952, #603, #189, #580, #2306, #3410, #2695, #3298, #1498, #967, #1983, #1321, #2744, #568, #1958, #888, #1289, #1654, #1187, #2203, #1043, #1047, #3011, #112, #1631, #962, #2122, #781, #3125, #1427, #724, #2765, #1387, #1705, #2816, #2922, #2408, #44, #2611, #1184, #3285, #1266, #386, #2279, #1592, #3331, #134, #440, #1136, #3388, #2094, #472, #793, #2029, #2017, #1478, #463, #20, #34, #762, #176, #182, #2372, #2353, #2943, #1545, #810, #2676, #2958, #1858, #2269, #3432, #2069, #1503, #716 ) ) ;
#992 = PLANE ( 'NONE',  #1132 ) ;
#993 = EDGE_CURVE ( 'NONE', #2831, #157, #799, .T. ) ;
#994 = ORIENTED_EDGE ( 'NONE', *, *, #2788, .F. ) ;
#995 = CARTESIAN_POINT ( 'NONE',  ( 18.35000000000015064, 18.47779236078404708, 3.741495742518243350 ) ) ;
#996 = CIRCLE ( 'NONE', #2328, 2.999999999999999112 ) ;
#997 = VECTOR ( 'NONE', #1338, 1000.000000000000000 ) ;
#998 = VECTOR ( 'NONE', #3554, 1000.000000000000000 ) ;
#999 = ORIENTED_EDGE ( 'NONE', *, *, #1435, .T. ) ;
#1000 = CARTESIAN_POINT ( 'NONE',  ( 16.57792587014777652, -21.46577168637619337, 3.414711654912389704 ) ) ;
#1001 = ORIENTED_EDGE ( 'NONE', *, *, #235, .T. ) ;
#1002 = DIRECTION ( 'NONE',  ( 1.638611685377993016E-16, -1.000000000000000000, 0.000000000000000000 ) ) ;
#1003 = DIRECTION ( 'NONE',  ( -0.000000000000000000, 0.000000000000000000, 1.000000000000000000 ) ) ;
#1004 = ORIENTED_EDGE ( 'NONE', *, *, #1906, .F. ) ;
#1005 = DIRECTION ( 'NONE',  ( -1.000000000000000000, 0.000000000000000000, 0.000000000000000000 ) ) ;
#1006 = ORIENTED_EDGE ( 'NONE', *, *, #2405, .F. ) ;
#1007 = DIRECTION ( 'NONE',  ( 0.000000000000000000, -0.000000000000000000, -1.000000000000000000 ) ) ;
#1008 = CARTESIAN_POINT ( 'NONE',  ( 23.47941223623173101, -19.19715324995172878, 2.000000000000000000 ) ) ;
#1009 = CARTESIAN_POINT ( 'NONE',  ( 21.57086961698920291, 25.81351030410601055, 2.000000000000000000 ) ) ;
#1010 = EDGE_CURVE ( 'NONE', #2896, #3567, #3490, .T. ) ;
#1011 = EDGE_CURVE ( 'NONE', #2689, #1358, #2124, .T. ) ;
#1012 = LINE ( 'NONE', #1845, #1244 ) ;
#1013 = VERTEX_POINT ( 'NONE', #2656 ) ;
#1014 = CARTESIAN_POINT ( 'NONE',  ( -17.22549693530115178, -21.91385724143687597, 3.014800032603590640 ) ) ;
#1015 = AXIS2_PLACEMENT_3D ( 'NONE', #575, #2593, #101 ) ;
#1016 = EDGE_LOOP ( 'NONE', ( #2805, #1507, #3546, #387 ) ) ;
#1017 = CARTESIAN_POINT ( 'NONE',  ( -24.14423938417212767, 13.64999999999999325, 3.076281669879696867 ) ) ;
#1018 = VERTEX_POINT ( 'NONE', #2892 ) ;
#1019 = FACE_OUTER_BOUND ( 'NONE', #1688, .T. ) ;
#1020 = DIRECTION ( 'NONE',  ( -1.000000000000000000, 0.000000000000000000, 0.000000000000000000 ) ) ;
#1021 = ORIENTED_EDGE ( 'NONE', *, *, #2900, .F. ) ;
#1022 = ORIENTED_EDGE ( 'NONE', *, *, #1967, .T. ) ;
#1023 = DIRECTION ( 'NONE',  ( -0.000000000000000000, -0.000000000000000000, -1.000000000000000000 ) ) ;
#1024 = DIRECTION ( 'NONE',  ( 1.000000000000000000, 0.000000000000000000, 0.000000000000000000 ) ) ;
#1025 = CARTESIAN_POINT ( 'NONE',  ( -26.69218996054642901, 23.69218996054874182, 2.000000000000000000 ) ) ;
#1026 = EDGE_CURVE ( 'NONE', #1634, #3472, #2158, .T. ) ;
#1027 = CARTESIAN_POINT ( 'NONE',  ( -7.983801529043838663, 13.59999786607752448, 28.22374989449534510 ) ) ;
#1028 = ORIENTED_EDGE ( 'NONE', *, *, #2518, .T. ) ;
#1029 = EDGE_CURVE ( 'NONE', #378, #2056, #947, .T. ) ;
#1030 = CYLINDRICAL_SURFACE ( 'NONE', #1863, 1.750000000000001554 ) ;
#1031 = ORIENTED_EDGE ( 'NONE', *, *, #3155, .F. ) ;
#1032 = CARTESIAN_POINT ( 'NONE',  ( 25.81351030410592529, -21.57086961698928462, 2.000000000000000000 ) ) ;
#1033 = ORIENTED_EDGE ( 'NONE', *, *, #1900, .T. ) ;
#1034 = CARTESIAN_POINT ( 'NONE',  ( -18.35000000000013642, 19.94999999999999574, 3.374142124937840936 ) ) ;
#1035 = CARTESIAN_POINT ( 'NONE',  ( -10.85000000000012399, 13.85000000000013465, 0.000000000000000000 ) ) ;
#1036 = ORIENTED_EDGE ( 'NONE', *, *, #3407, .T. ) ;
#1037 = CARTESIAN_POINT ( 'NONE',  ( -19.86907298722654147, 19.94999999999999574, 4.000000000000000000 ) ) ;
#1038 = ORIENTED_EDGE ( 'NONE', *, *, #115, .T. ) ;
#1039 = CARTESIAN_POINT ( 'NONE',  ( -23.69218996054865656, -23.69218996054651072, 2.000000000000000000 ) ) ;
#1040 = LINE ( 'NONE', #1608, #2859 ) ;
#1041 = DIRECTION ( 'NONE',  ( -0.000000000000000000, -0.000000000000000000, -1.000000000000000000 ) ) ;
#1042 = CIRCLE ( 'NONE', #3080, 2.999999999999999112 ) ;
#1043 = ADVANCED_FACE ( 'NONE', ( #1511 ), #743, .F. ) ;
#1044 = VERTEX_POINT ( 'NONE', #1267 ) ;
#1045 = DIRECTION ( 'NONE',  ( -0.000000000000000000, -0.000000000000000000, -1.000000000000000000 ) ) ;
#1046 = VECTOR ( 'NONE', #88, 1000.000000000000000 ) ;
#1047 = ADVANCED_FACE ( 'NONE', ( #1019 ), #1233, .T. ) ;
#1048 = ORIENTED_EDGE ( 'NONE', *, *, #773, .F. ) ;
#1049 = CARTESIAN_POINT ( 'NONE',  ( 5.823088065421232251, 38.34999999999995879, 4.000000000000000000 ) ) ;
#1050 = EDGE_LOOP ( 'NONE', ( #2745, #1568, #3387, #2040 ) ) ;
#1051 = CIRCLE ( 'NONE', #411, 2.999999999999999112 ) ;
#1052 = AXIS2_PLACEMENT_3D ( 'NONE', #41, #3159, #1467 ) ;
#1053 = CIRCLE ( 'NONE', #1984, 24.00387180440943524 ) ;
#1054 = FACE_OUTER_BOUND ( 'NONE', #3278, .T. ) ;
#1055 = AXIS2_PLACEMENT_3D ( 'NONE', #385, #2893, #3099 ) ;
#1056 = VECTOR ( 'NONE', #755, 1000.000000000000000 ) ;
#1057 = CARTESIAN_POINT ( 'NONE',  ( -19.09524947970385611, 19.94999999999999574, 3.161916830870677320 ) ) ;
#1058 = ORIENTED_EDGE ( 'NONE', *, *, #983, .F. ) ;
#1059 = DIRECTION ( 'NONE',  ( 0.000000000000000000, -0.000000000000000000, -1.000000000000000000 ) ) ;
#1060 = ORIENTED_EDGE ( 'NONE', *, *, #834, .T. ) ;
#1061 = CARTESIAN_POINT ( 'NONE',  ( -21.10303032808214496, 11.43887986537874824, 3.999999999999999112 ) ) ;
#1062 = CARTESIAN_POINT ( 'NONE',  ( 7.043304424454273516, 13.55745864441029269, 28.68808857237349130 ) ) ;
#1063 = CIRCLE ( 'NONE', #1936, 1.750000000000001554 ) ;
#1064 = CARTESIAN_POINT ( 'NONE',  ( 19.19715324994897543, -23.47941223623397988, 2.000000000000000000 ) ) ;
#1065 = LINE ( 'NONE', #439, #432 ) ;
#1066 = ORIENTED_EDGE ( 'NONE', *, *, #225, .F. ) ;
#1067 = AXIS2_PLACEMENT_3D ( 'NONE', #2190, #324, #22 ) ;
#1068 = CARTESIAN_POINT ( 'NONE',  ( 23.69218996054882354, 23.69218996054634374, 2.000000000000000000 ) ) ;
#1069 = CARTESIAN_POINT ( 'NONE',  ( -18.72966488052480472, 23.06897064995817814, 2.047360408114724528 ) ) ;
#1070 = EDGE_LOOP ( 'NONE', ( #152, #289 ) ) ;
#1071 = ORIENTED_EDGE ( 'NONE', *, *, #1473, .T. ) ;
#1072 = EDGE_CURVE ( 'NONE', #2822, #2175, #2388, .T. ) ;
#1073 = CARTESIAN_POINT ( 'NONE',  ( 24.20786437626935239, 19.95000000000000284, -5.047477198250068074E-31 ) ) ;
#1074 = ORIENTED_EDGE ( 'NONE', *, *, #349, .F. ) ;
#1075 = CARTESIAN_POINT ( 'NONE',  ( 0.000000000000000000, 0.000000000000000000, 2.000000000000000000 ) ) ;
#1076 = ORIENTED_EDGE ( 'NONE', *, *, #1099, .T. ) ;
#1077 = EDGE_CURVE ( 'NONE', #3530, #141, #3442, .T. ) ;
#1078 = CARTESIAN_POINT ( 'NONE',  ( -2.053153435408421323, 19.94999999999999929, 47.00000000000000000 ) ) ;
#1079 = CARTESIAN_POINT ( 'NONE',  ( 2.414797867527484154, 11.53504413358035308, 34.68385063710286431 ) ) ;
#1080 = DIRECTION ( 'NONE',  ( -0.000000000000000000, -0.000000000000000000, -1.000000000000000000 ) ) ;
#1081 = DIRECTION ( 'NONE',  ( -1.000000000000000000, 0.000000000000000000, 0.000000000000000000 ) ) ;
#1082 = ORIENTED_EDGE ( 'NONE', *, *, #993, .F. ) ;
#1083 = DIRECTION ( 'NONE',  ( -0.000000000000000000, -0.000000000000000000, -1.000000000000000000 ) ) ;
#1084 = ORIENTED_EDGE ( 'NONE', *, *, #1739, .T. ) ;
#1085 = FACE_OUTER_BOUND ( 'NONE', #1449, .T. ) ;
#1086 = CARTESIAN_POINT ( 'NONE',  ( 5.823088065421236692, 18.34999999999999787, 2.000000000000000000 ) ) ;
#1087 = VERTEX_POINT ( 'NONE', #1286 ) ;
#1088 = EDGE_CURVE ( 'NONE', #1615, #1593, #928, .T. ) ;
#1089 = CARTESIAN_POINT ( 'NONE',  ( -23.69218996054865656, -23.69218996054651072, 0.000000000000000000 ) ) ;
#1090 = EDGE_LOOP ( 'NONE', ( #2617, #2369, #2709, #2036, #524, #1515, #194 ) ) ;
#1091 = APPROVAL_DATE_TIME ( #282, #1924 ) ;
#1092 = EDGE_CURVE ( 'NONE', #2479, #1288, #1871, .T. ) ;
#1093 = DIRECTION ( 'NONE',  ( 0.000000000000000000, -0.000000000000000000, -1.000000000000000000 ) ) ;
#1094 = DIRECTION ( 'NONE',  ( -1.550760359917785817E-16, 1.000000000000000000, -3.697785493223492838E-32 ) ) ;
#1095 = CARTESIAN_POINT ( 'NONE',  ( -2.121320343558569466, 2.121320343558601884, 2.000000000000000000 ) ) ;
#1096 = CC_DESIGN_PERSON_AND_ORGANIZATION_ASSIGNMENT ( #296, #1700, ( #517 ) ) ;
#1097 = EDGE_LOOP ( 'NONE', ( #2694, #184 ) ) ;
#1098 = CARTESIAN_POINT ( 'NONE',  ( -23.69218996054642545, 23.69218996054874182, 2.000000000000000000 ) ) ;
#1099 = EDGE_CURVE ( 'NONE', #3147, #2577, #3461, .T. ) ;
#1100 = ORIENTED_EDGE ( 'NONE', *, *, #2012, .F. ) ;
#1101 = DIRECTION ( 'NONE',  ( 1.000000000000000000, 0.000000000000000000, 0.000000000000000000 ) ) ;
#1102 = CIRCLE ( 'NONE', #2443, 10.00000000000000000 ) ;
#1103 = CARTESIAN_POINT ( 'NONE',  ( 5.823088065416380132, -18.35000000000018616, 4.000000000000000000 ) ) ;
#1104 = CARTESIAN_POINT ( 'NONE',  ( -2.053153435408519023, -20.05000000000000071, 42.00000000000000000 ) ) ;
#1105 = ORIENTED_EDGE ( 'NONE', *, *, #3279, .F. ) ;
#1107 = CIRCLE ( 'NONE', #357, 1.750000000000001554 ) ;
#1106 = DIRECTION ( 'NONE',  ( 1.000000000000000000, -1.065814103640150121E-14, 0.000000000000000000 ) ) ;
#1108 = ORIENTED_EDGE ( 'NONE', *, *, #1784, .F. ) ;
#1109 = APPLICATION_PROTOCOL_DEFINITION ( 'international standard', 'config_control_design', 1994, #3427 ) ;
#1110 = AXIS2_PLACEMENT_3D ( 'NONE', #3061, #3585, #2186 ) ;
#1111 = VECTOR ( 'NONE', #2666, 1000.000000000000000 ) ;
#1112 = CARTESIAN_POINT ( 'NONE',  ( -20.47486648393022435, 19.94999999999999574, 22.77600313762204109 ) ) ;
#1113 = VECTOR ( 'NONE', #3194, 1000.000000000000000 ) ;
#1114 = CARTESIAN_POINT ( 'NONE',  ( 23.69218996054625492, -23.69218996054890525, 2.000000000000000000 ) ) ;
#1115 = AXIS2_PLACEMENT_3D ( 'NONE', #632, #2318, #1703 ) ;
#1116 = EDGE_CURVE ( 'NONE', #554, #1764, #1928, .T. ) ;
#1117 = DIRECTION ( 'NONE',  ( 0.000000000000000000, -0.000000000000000000, -1.000000000000000000 ) ) ;
#1118 = CARTESIAN_POINT ( 'NONE',  ( -3.149113253075913242E-15, 19.94999999999999929, 4.000000000000000000 ) ) ;
#1119 = ORIENTED_EDGE ( 'NONE', *, *, #1245, .F. ) ;
#1120 = DIRECTION ( 'NONE',  ( 0.000000000000000000, -0.000000000000000000, -1.000000000000000000 ) ) ;
#1121 = EDGE_CURVE ( 'NONE', #1087, #76, #725, .T. ) ;
#1122 = AXIS2_PLACEMENT_3D ( 'NONE', #2314, #3400, #1742 ) ;
#1123 = ORIENTED_EDGE ( 'NONE', *, *, #2900, .T. ) ;
#1124 = FACE_OUTER_BOUND ( 'NONE', #45, .T. ) ;
#1125 = LINE ( 'NONE', #2218, #2350 ) ;
#1126 = ORIENTED_EDGE ( 'NONE', *, *, #93, .T. ) ;
#1127 = ORIENTED_EDGE ( 'NONE', *, *, #2185, .T. ) ;
#1128 = COORDINATED_UNIVERSAL_TIME_OFFSET ( 5, 0, .BEHIND. ) ;
#1129 = AXIS2_PLACEMENT_3D ( 'NONE', #1075, #1059, #1106 ) ;
#1130 = CARTESIAN_POINT ( 'NONE',  ( 18.35000000000011511, 4.548202788755370207, 4.000000000000000000 ) ) ;
#1131 = LINE ( 'NONE', #3552, #64 ) ;
#1132 = AXIS2_PLACEMENT_3D ( 'NONE', #2664, #168, #3290 ) ;
#1133 = DIRECTION ( 'NONE',  ( 0.000000000000000000, -0.000000000000000000, -1.000000000000000000 ) ) ;
#1134 = CARTESIAN_POINT ( 'NONE',  ( 22.36060591030553368, -17.83721627534354681, 2.545454545454626238 ) ) ;
#1135 = CARTESIAN_POINT ( 'NONE',  ( 24.20786437626935239, 13.65000000000000213, -5.047477198250068074E-31 ) ) ;
#1136 = ADVANCED_FACE ( 'NONE', ( #159 ), #1583, .F. ) ;
#1137 = EDGE_CURVE ( 'NONE', #1252, #2728, #311, .T. ) ;
#1138 = VERTEX_POINT ( 'NONE', #1103 ) ;
#1139 = ORIENTED_EDGE ( 'NONE', *, *, #2013, .T. ) ;
#1140 = CARTESIAN_POINT ( 'NONE',  ( 24.14405443587503797, 13.64017521635053853, 3.078916509667505963 ) ) ;
#1141 = DIRECTION ( 'NONE',  ( -0.7071067811865530128, -0.7071067811865421326, 0.000000000000000000 ) ) ;
#1142 = CARTESIAN_POINT ( 'NONE',  ( 0.000000000000000000, 0.000000000000000000, 2.545454545454563622 ) ) ;
#1143 = ORIENTED_EDGE ( 'NONE', *, *, #1116, .F. ) ;
#1144 = CARTESIAN_POINT ( 'NONE',  ( -23.69218996054642545, 23.69218996054874182, 0.000000000000000000 ) ) ;
#1145 = DIRECTION ( 'NONE',  ( -0.000000000000000000, 0.000000000000000000, 1.000000000000000000 ) ) ;
#1146 = EDGE_LOOP ( 'NONE', ( #1603, #3151, #237, #1167 ) ) ;
#1147 = DIRECTION ( 'NONE',  ( 0.7071067811865436870, -0.7071067811865513475, 0.000000000000000000 ) ) ;
#1148 = EDGE_CURVE ( 'NONE', #2558, #1747, #3259, .T. ) ;
#1149 = CARTESIAN_POINT ( 'NONE',  ( 15.35000000000011333, 15.34999999999999964, 2.000000000000000000 ) ) ;
#1150 = CARTESIAN_POINT ( 'NONE',  ( -24.20786437626903265, 19.94999999999999574, -5.047477198250068074E-31 ) ) ;
#1151 = DIRECTION ( 'NONE',  ( 1.000000000000000000, 1.130113013665673862E-16, -0.000000000000000000 ) ) ;
#1152 = LINE ( 'NONE', #3326, #3046 ) ;
#1153 = DIRECTION ( 'NONE',  ( -0.000000000000000000, 0.000000000000000000, 1.000000000000000000 ) ) ;
#1154 = ORIENTED_EDGE ( 'NONE', *, *, #872, .T. ) ;
#1155 = CYLINDRICAL_SURFACE ( 'NONE', #1927, 1.749999999999999778 ) ;
#1156 = EDGE_CURVE ( 'NONE', #561, #1837, #326, .T. ) ;
#1157 = ORIENTED_EDGE ( 'NONE', *, *, #2660, .T. ) ;
#1158 = FACE_OUTER_BOUND ( 'NONE', #2400, .T. ) ;
#1159 = DIRECTION ( 'NONE',  ( -0.000000000000000000, -0.000000000000000000, -1.000000000000000000 ) ) ;
#1160 = ORIENTED_EDGE ( 'NONE', *, *, #1609, .F. ) ;
#1161 = CIRCLE ( 'NONE', #3199, 1.750000000000008438 ) ;
#1162 = AXIS2_PLACEMENT_3D ( 'NONE', #434, #686, #144 ) ;
#1163 = PRODUCT_DEFINITION ( 'UNKNOWN', '', #517, #2456 ) ;
#1164 = CARTESIAN_POINT ( 'NONE',  ( 0.000000000000000000, 0.000000000000000000, -4.000000000000000888 ) ) ;
#1165 = PLANE ( 'NONE',  #2155 ) ;
#1166 = AXIS2_PLACEMENT_3D ( 'NONE', #445, #2960, #2086 ) ;
#1167 = ORIENTED_EDGE ( 'NONE', *, *, #1803, .T. ) ;
#1168 = DIRECTION ( 'NONE',  ( 1.130113013665673862E-16, -1.000000000000000000, 0.000000000000000000 ) ) ;
#1169 = AXIS2_PLACEMENT_3D ( 'NONE', #2041, #2604, #2569 ) ;
#1170 = AXIS2_PLACEMENT_3D ( 'NONE', #2883, #1791, #2826 ) ;
#1171 = AXIS2_PLACEMENT_3D ( 'NONE', #791, #1093, #847 ) ;
#1172 = LINE ( 'NONE', #2277, #119 ) ;
#1173 = DIRECTION ( 'NONE',  ( -1.000000000000000000, 0.000000000000000000, 0.000000000000000000 ) ) ;
#1174 = AXIS2_PLACEMENT_3D ( 'NONE', #2256, #1923, #192 ) ;
#1175 = DIRECTION ( 'NONE',  ( -0.000000000000000000, -0.000000000000000000, -1.000000000000000000 ) ) ;
#1176 = VERTEX_POINT ( 'NONE', #485 ) ;
#1177 = CARTESIAN_POINT ( 'NONE',  ( 24.14368565248690146, 13.62051889931414550, 3.084161056062628248 ) ) ;
#1178 = CIRCLE ( 'NONE', #2573, 15.00000000000000000 ) ;
#1179 = CARTESIAN_POINT ( 'NONE',  ( 18.35000000000011156, 15.34999999999999964, 3.000000000000000000 ) ) ;
#1180 = VERTEX_POINT ( 'NONE', #1659 ) ;
#1181 = DIRECTION ( 'NONE',  ( -1.000000000000000000, -1.550760359917785817E-16, 0.000000000000000000 ) ) ;
#1182 = DIRECTION ( 'NONE',  ( -1.000000000000000000, 0.000000000000000000, 0.000000000000000000 ) ) ;
#1183 = ORIENTED_EDGE ( 'NONE', *, *, #1644, .F. ) ;
#1184 = ADVANCED_FACE ( 'NONE', ( #1945, #2477, #1085, #3313, #3578, #232, #1600, #2141, #802, #3525 ), #1347, .F. ) ;
#1185 = FACE_OUTER_BOUND ( 'NONE', #1216, .T. ) ;
#1186 = DIRECTION ( 'NONE',  ( 0.000000000000000000, 0.000000000000000000, -1.000000000000000000 ) ) ;
#1187 = ADVANCED_FACE ( 'NONE', ( #1054 ), #2747, .F. ) ;
#1188 = ORIENTED_EDGE ( 'NONE', *, *, #3601, .T. ) ;
#1189 = PLANE ( 'NONE',  #1869 ) ;
#1190 = CARTESIAN_POINT ( 'NONE',  ( -13.46869705022491814, 19.86907298722778492, 4.000000000000000000 ) ) ;
#1191 = VECTOR ( 'NONE', #2458, 1000.000000000000000 ) ;
#1192 = CYLINDRICAL_SURFACE ( 'NONE', #2984, 1.750000000000001554 ) ;
#1193 = LINE ( 'NONE', #391, #585 ) ;
#1194 = VERTEX_POINT ( 'NONE', #1034 ) ;
#1195 = VERTEX_POINT ( 'NONE', #2195 ) ;
#1196 = CARTESIAN_POINT ( 'NONE',  ( 19.86907298722653792, 13.60321340792296851, 4.000000000000005329 ) ) ;
#1197 = CARTESIAN_POINT ( 'NONE',  ( 20.85979141702995321, 19.95000000000000639, 2.363168402494349785 ) ) ;
#1198 = ORIENTED_EDGE ( 'NONE', *, *, #626, .F. ) ;
#1199 = DIRECTION ( 'NONE',  ( -0.000000000000000000, -0.000000000000000000, -1.000000000000000000 ) ) ;
#1200 = CARTESIAN_POINT ( 'NONE',  ( -38.35000000000012221, -5.823088065416786918, 2.000000000000000000 ) ) ;
#1201 = EDGE_CURVE ( 'NONE', #410, #3591, #1618, .T. ) ;
#1202 = ORIENTED_EDGE ( 'NONE', *, *, #1679, .T. ) ;
#1203 = CARTESIAN_POINT ( 'NONE',  ( -17.83721627534139387, 22.36060591030762978, 2.545454545454434392 ) ) ;
#1204 = DIRECTION ( 'NONE',  ( 1.000000000000000000, 0.000000000000000000, 0.000000000000000000 ) ) ;
#1205 = DIRECTION ( 'NONE',  ( 1.000000000000000000, 0.000000000000000000, 0.000000000000000000 ) ) ;
#1206 = CARTESIAN_POINT ( 'NONE',  ( 3.743918250123460467, 13.65000000000000036, 27.18823334528819657 ) ) ;
#1207 = CARTESIAN_POINT ( 'NONE',  ( 19.96522368914752832, -24.20786437626941989, 2.000000000000000000 ) ) ;
#1208 = ORIENTED_EDGE ( 'NONE', *, *, #2032, .F. ) ;
#1209 = EDGE_CURVE ( 'NONE', #1925, #615, #1265, .T. ) ;
#1210 = EDGE_LOOP ( 'NONE', ( #1324, #2167, #2395, #2127 ) ) ;
#1211 = DIRECTION ( 'NONE',  ( -0.000000000000000000, -0.000000000000000000, -1.000000000000000000 ) ) ;
#1212 = ORIENTED_EDGE ( 'NONE', *, *, #1548, .F. ) ;
#1213 = DIRECTION ( 'NONE',  ( 0.7071067811865398012, -0.7071067811865552333, 0.000000000000000000 ) ) ;
#1214 = DIRECTION ( 'NONE',  ( 1.550760359917785817E-16, -1.000000000000000000, 3.697785493223492838E-32 ) ) ;
#1215 = VECTOR ( 'NONE', #3093, 1000.000000000000000 ) ;
#1216 = EDGE_LOOP ( 'NONE', ( #106, #2749, #3595, #1732 ) ) ;
#1217 = CARTESIAN_POINT ( 'NONE',  ( -18.04724803979292247, 22.51997992104998403, 2.379987806913477666 ) ) ;
#1218 = CARTESIAN_POINT ( 'NONE',  ( -10.85000000000012399, 10.85000000000013465, 0.000000000000000000 ) ) ;
#1219 = DIRECTION ( 'NONE',  ( 1.000000000000000000, 0.000000000000000000, 0.000000000000000000 ) ) ;
#1220 = DIRECTION ( 'NONE',  ( 0.000000000000000000, 0.000000000000000000, -1.000000000000000000 ) ) ;
#1221 = AXIS2_PLACEMENT_3D ( 'NONE', #572, #1083, #3360 ) ;
#1222 = AXIS2_PLACEMENT_3D ( 'NONE', #891, #569, #812 ) ;
#1223 = EDGE_CURVE ( 'NONE', #2199, #2219, #1486, .T. ) ;
#1224 = AXIS2_PLACEMENT_3D ( 'NONE', #2699, #203, #1314 ) ;
#1225 = CIRCLE ( 'NONE', #123, 19.99999999999999645 ) ;
#1226 = AXIS2_PLACEMENT_3D ( 'NONE', #1754, #3464, #1719 ) ;
#1227 = LINE ( 'NONE', #975, #663 ) ;
#1228 = EDGE_LOOP ( 'NONE', ( #2763, #2576, #2675, #3244 ) ) ;
#1229 = AXIS2_PLACEMENT_3D ( 'NONE', #2947, #196, #2057 ) ;
#1230 = ORIENTED_EDGE ( 'NONE', *, *, #3435, .F. ) ;
#1231 = DIRECTION ( 'NONE',  ( -1.000000000000000000, 0.000000000000000000, 0.000000000000000000 ) ) ;
#1232 = ORIENTED_EDGE ( 'NONE', *, *, #2742, .F. ) ;
#1233 = PLANE ( 'NONE',  #1410 ) ;
#1234 = CARTESIAN_POINT ( 'NONE',  ( -23.27138791258760264, 13.56189785327399022, 21.41329613856198932 ) ) ;
#1235 = ORIENTED_EDGE ( 'NONE', *, *, #1077, .F. ) ;
#1236 = CARTESIAN_POINT ( 'NONE',  ( 0.000000000000000000, 0.000000000000000000, 2.545454545454566730 ) ) ;
#1237 = LINE ( 'NONE', #3480, #1755 ) ;
#1238 = CARTESIAN_POINT ( 'NONE',  ( -22.30983402992846365, 12.52427379594797330, 3.848992601168980343 ) ) ;
#1239 = CARTESIAN_POINT ( 'NONE',  ( 23.45468637646295562, 13.65000000000000391, 3.392840536752438130 ) ) ;
#1240 = PLANE ( 'NONE',  #2063 ) ;
#1241 = EDGE_LOOP ( 'NONE', ( #457, #94 ) ) ;
#1242 = EDGE_CURVE ( 'NONE', #181, #3454, #3513, .T. ) ;
#1243 = ORIENTED_EDGE ( 'NONE', *, *, #2335, .T. ) ;
#1244 = VECTOR ( 'NONE', #1611, 1000.000000000000000 ) ;
#1245 = EDGE_CURVE ( 'NONE', #2379, #175, #2163, .T. ) ;
#1246 = ORIENTED_EDGE ( 'NONE', *, *, #1453, .T. ) ;
#1247 = PLANE ( 'NONE',  #1166 ) ;
#1248 = VERTEX_POINT ( 'NONE', #2779 ) ;
#1249 = CARTESIAN_POINT ( 'NONE',  ( -8.651894514385662179E-16, 19.94999999999999929, 4.000000000000010658 ) ) ;
#1250 = DIRECTION ( 'NONE',  ( -0.000000000000000000, -0.000000000000000000, -1.000000000000000000 ) ) ;
#1251 = CARTESIAN_POINT ( 'NONE',  ( -15.35000000000013465, 15.34999999999999964, 2.000000000000000000 ) ) ;
#1252 = VERTEX_POINT ( 'NONE', #1674 ) ;
#1253 = DIRECTION ( 'NONE',  ( -1.000000000000000000, 0.000000000000000000, 0.000000000000000000 ) ) ;
#1254 = EDGE_CURVE ( 'NONE', #27, #1880, #2490, .T. ) ;
#1255 = LINE ( 'NONE', #3267, #2387 ) ;
#1256 = DIRECTION ( 'NONE',  ( 1.000000000000000000, 0.000000000000000000, 0.000000000000000000 ) ) ;
#1257 = CARTESIAN_POINT ( 'NONE',  ( 15.35000000000011333, 15.34999999999999964, 3.000000000000000000 ) ) ;
#1258 = DIRECTION ( 'NONE',  ( -2.315277599270378367E-13, -3.556183125752454544E-15, 1.000000000000000000 ) ) ;
#1259 = ORIENTED_EDGE ( 'NONE', *, *, #1795, .F. ) ;
#1260 = PRODUCT ( 'Part1', 'Part1', '', ( #1915 ) ) ;
#1261 = CARTESIAN_POINT ( 'NONE',  ( -15.08151326099419798, -20.60115989248726365, 3.896639663274718668 ) ) ;
#1262 = ORIENTED_EDGE ( 'NONE', *, *, #2614, .T. ) ;
#1263 = PLANE ( 'NONE',  #817 ) ;
#1264 = VERTEX_POINT ( 'NONE', #839 ) ;
#1265 = B_SPLINE_CURVE_WITH_KNOTS ( 'NONE', 3,
 ( #1326, #214, #2431, #544 ),
 .UNSPECIFIED., .F., .F.,
 ( 4, 4 ),
 ( 0.000000000000000000, 3.052092139890968394E-05 ),
 .UNSPECIFIED. ) ;
#1266 = ADVANCED_FACE ( 'NONE', ( #559 ), #3228, .F. ) ;
#1267 = CARTESIAN_POINT ( 'NONE',  ( -13.60000000000014175, -15.35000000000025722, 3.000000000000000000 ) ) ;
#1268 = DIRECTION ( 'NONE',  ( 0.000000000000000000, -0.000000000000000000, -1.000000000000000000 ) ) ;
#1269 = VERTEX_POINT ( 'NONE', #290 ) ;
#1270 = EDGE_CURVE ( 'NONE', #49, #3238, #3002, .T. ) ;
#1271 = EDGE_CURVE ( 'NONE', #1826, #1269, #945, .T. ) ;
#1272 = LINE ( 'NONE', #3467, #1113 ) ;
#1273 = CYLINDRICAL_SURFACE ( 'NONE', #2097, 19.99999999999999645 ) ;
#1274 = AXIS2_PLACEMENT_3D ( 'NONE', #2230, #2474, #2724 ) ;
#1275 = FACE_OUTER_BOUND ( 'NONE', #3184, .T. ) ;
#1276 = CIRCLE ( 'NONE', #2677, 19.99999999999999645 ) ;
#1277 = ORIENTED_EDGE ( 'NONE', *, *, #1077, .T. ) ;
#1278 = DIRECTION ( 'NONE',  ( 0.000000000000000000, -0.000000000000000000, -1.000000000000000000 ) ) ;
#1279 = AXIS2_PLACEMENT_3D ( 'NONE', #2346, #972, #2678 ) ;
#1280 = CIRCLE ( 'NONE', #1169, 19.99999999999999645 ) ;
#1281 = CIRCLE ( 'NONE', #3328, 19.99999999999999645 ) ;
#1282 = AXIS2_PLACEMENT_3D ( 'NONE', #1306, #707, #2641 ) ;
#1283 = ORIENTED_EDGE ( 'NONE', *, *, #1435, .F. ) ;
#1284 = CARTESIAN_POINT ( 'NONE',  ( -24.20786437626903265, 19.94999999999999574, 2.000000000000000000 ) ) ;
#1285 = ORIENTED_EDGE ( 'NONE', *, *, #1072, .F. ) ;
#1286 = CARTESIAN_POINT ( 'NONE',  ( -18.35000000000000497, -15.35000000000010623, 3.000000000000000000 ) ) ;
#1287 = CARTESIAN_POINT ( 'NONE',  ( 15.35000000000015952, -15.34999999999994991, 3.000000000000000000 ) ) ;
#1288 = VERTEX_POINT ( 'NONE', #641 ) ;
#1289 = ADVANCED_FACE ( 'NONE', ( #2248 ), #2526, .T. ) ;
#1290 = EDGE_LOOP ( 'NONE', ( #1730, #1493 ) ) ;
#1291 = CARTESIAN_POINT ( 'NONE',  ( 15.35000000000011333, 15.34999999999999964, 4.000000000000000000 ) ) ;
#1292 = AXIS2_PLACEMENT_3D ( 'NONE', #2348, #2010, #2064 ) ;
#1293 = DIRECTION ( 'NONE',  ( 1.000000000000000000, 0.000000000000000000, 0.000000000000000000 ) ) ;
#1294 = EDGE_CURVE ( 'NONE', #2197, #1643, #377, .T. ) ;
#1295 = AXIS2_PLACEMENT_3D ( 'NONE', #1628, #553, #1413 ) ;
#1296 = DIRECTION ( 'NONE',  ( -1.000000000000000000, -1.550760359917785817E-16, 2.321220991943256543E-13 ) ) ;
#1297 = CARTESIAN_POINT ( 'NONE',  ( 7.983801529043831557, 13.56189785327399022, 28.22374989449534510 ) ) ;
#1298 = AXIS2_PLACEMENT_3D ( 'NONE', #1469, #3123, #1219 ) ;
#1299 = LINE ( 'NONE', #476, #787 ) ;
#1300 = ORIENTED_EDGE ( 'NONE', *, *, #2262, .F. ) ;
#1301 = CYLINDRICAL_SURFACE ( 'NONE', #941, 1.750000000000001554 ) ;
#1302 = VECTOR ( 'NONE', #3351, 1000.000000000000000 ) ;
#1303 = ORIENTED_EDGE ( 'NONE', *, *, #1661, .F. ) ;
#1304 = DIRECTION ( 'NONE',  ( 1.000000000000000000, 0.000000000000000000, 0.000000000000000000 ) ) ;
#1305 = ORIENTED_EDGE ( 'NONE', *, *, #3407, .F. ) ;
#1306 = CARTESIAN_POINT ( 'NONE',  ( 5.823088065421232251, 38.34999999999995879, 0.000000000000000000 ) ) ;
#1307 = VECTOR ( 'NONE', #3336, 1000.000000000000000 ) ;
#1308 = DIRECTION ( 'NONE',  ( -0.000000000000000000, 0.000000000000000000, 1.000000000000000000 ) ) ;
#1309 = EDGE_LOOP ( 'NONE', ( #1635, #757, #2317, #3438, #1119 ) ) ;
#1310 = DIRECTION ( 'NONE',  ( 0.000000000000000000, -0.000000000000000000, -1.000000000000000000 ) ) ;
#1311 = ORIENTED_EDGE ( 'NONE', *, *, #2812, .T. ) ;
#1312 = CARTESIAN_POINT ( 'NONE',  ( -21.57086961698901817, -25.81351030410615977, 2.000000000000000000 ) ) ;
#1313 = EDGE_CURVE ( 'NONE', #2101, #2052, #903, .T. ) ;
#1314 = DIRECTION ( 'NONE',  ( -1.000000000000000000, 0.000000000000000000, 0.000000000000000000 ) ) ;
#1315 = DIRECTION ( 'NONE',  ( 1.000000000000000000, 1.638611685377993016E-16, 0.000000000000000000 ) ) ;
#1316 = EDGE_CURVE ( 'NONE', #2905, #597, #925, .T. ) ;
#1317 = DIRECTION ( 'NONE',  ( 1.000000000000000000, 0.000000000000000000, 0.000000000000000000 ) ) ;
#1318 = ORIENTED_EDGE ( 'NONE', *, *, #2919, .T. ) ;
#1319 = DIRECTION ( 'NONE',  ( -0.000000000000000000, -0.000000000000000000, -1.000000000000000000 ) ) ;
#1320 = ADVANCED_FACE ( 'NONE', ( #2050 ), #3163, .F. ) ;
#1321 = ADVANCED_FACE ( 'NONE', ( #2351 ), #1240, .F. ) ;
#1322 = ORIENTED_EDGE ( 'NONE', *, *, #73, .T. ) ;
#1323 = CARTESIAN_POINT ( 'NONE',  ( 18.35000000000011511, 4.548202788755370207, 0.000000000000000000 ) ) ;
#1324 = ORIENTED_EDGE ( 'NONE', *, *, #2995, .T. ) ;
#1325 = EDGE_CURVE ( 'NONE', #3497, #1531, #2610, .T. ) ;
#1326 = CARTESIAN_POINT ( 'NONE',  ( -24.14423938417212767, 13.64999999999999325, 3.076281669879696867 ) ) ;
#1327 = FACE_OUTER_BOUND ( 'NONE', #1538, .T. ) ;
#1328 = VERTEX_POINT ( 'NONE', #1420 ) ;
#1329 = PLANE ( 'NONE',  #3458 ) ;
#1330 = ORIENTED_EDGE ( 'NONE', *, *, #1784, .T. ) ;
#1331 = DIRECTION ( 'NONE',  ( 0.000000000000000000, 0.000000000000000000, -1.000000000000000000 ) ) ;
#1332 = LINE ( 'NONE', #2222, #3144 ) ;
#1333 = DIRECTION ( 'NONE',  ( 0.000000000000000000, -0.000000000000000000, -1.000000000000000000 ) ) ;
#1334 = CARTESIAN_POINT ( 'NONE',  ( -2.471924067242111889, 11.67399713523061244, 34.45929289546985785 ) ) ;
#1335 = CARTESIAN_POINT ( 'NONE',  ( -18.35000000000013287, 4.548202788755523862, 4.000000000000000000 ) ) ;
#1336 = DIRECTION ( 'NONE',  ( -1.000000000000000000, -1.550760359917785817E-16, 0.000000000000000000 ) ) ;
#1337 = ORIENTED_EDGE ( 'NONE', *, *, #47, .T. ) ;
#1338 = DIRECTION ( 'NONE',  ( -1.000000000000000000, -2.260226027331329482E-16, 0.000000000000000000 ) ) ;
#1339 = EDGE_CURVE ( 'NONE', #2379, #1386, #3100, .T. ) ;
#1340 = DIRECTION ( 'NONE',  ( -6.059234519217240467E-48, 3.697785493223492838E-32, 1.000000000000000000 ) ) ;
#1341 = EDGE_CURVE ( 'NONE', #255, #728, #2583, .T. ) ;
#1342 = ORIENTED_EDGE ( 'NONE', *, *, #2811, .F. ) ;
#1343 = CARTESIAN_POINT ( 'NONE',  ( -23.45411683091620603, 13.64999999999999858, 3.393102002790485017 ) ) ;
#1344 = ORIENTED_EDGE ( 'NONE', *, *, #1156, .F. ) ;
#1345 = CIRCLE ( 'NONE', #3377, 3.000000000000000888 ) ;
#1346 = VECTOR ( 'NONE', #3343, 1000.000000000000000 ) ;
#1347 = PLANE ( 'NONE',  #2047 ) ;
#1348 = CIRCLE ( 'NONE', #1174, 2.999999999999999112 ) ;
#1349 = DIRECTION ( 'NONE',  ( -0.000000000000000000, 0.000000000000000000, 1.000000000000000000 ) ) ;
#1350 = ORIENTED_EDGE ( 'NONE', *, *, #1313, .F. ) ;
#1351 = CARTESIAN_POINT ( 'NONE',  ( -3.153286868238391882, 13.64650263675955699, 27.36017006601952772 ) ) ;
#1352 = ORIENTED_EDGE ( 'NONE', *, *, #3142, .F. ) ;
#1353 = DIRECTION ( 'NONE',  ( -0.000000000000000000, 0.000000000000000000, 1.000000000000000000 ) ) ;
#1354 = DIRECTION ( 'NONE',  ( -0.000000000000000000, 0.000000000000000000, 1.000000000000000000 ) ) ;
#1355 = AXIS2_PLACEMENT_3D ( 'NONE', #676, #1792, #1205 ) ;
#1356 = CARTESIAN_POINT ( 'NONE',  ( 38.35000000000016485, 5.823088065416518688, 2.000000000000000000 ) ) ;
#1357 = CARTESIAN_POINT ( 'NONE',  ( -23.69218996054642545, 23.69218996054874182, 0.000000000000000000 ) ) ;
#1358 = VERTEX_POINT ( 'NONE', #2232 ) ;
#1359 = CARTESIAN_POINT ( 'NONE',  ( 1.718755373212950133, 13.63339437956334521, 27.73981972749053071 ) ) ;
#1360 = LINE ( 'NONE', #1150, #1056 ) ;
#1361 = EDGE_CURVE ( 'NONE', #3425, #2425, #2083, .T. ) ;
#1362 = ORIENTED_EDGE ( 'NONE', *, *, #1895, .F. ) ;
#1363 = ORIENTED_EDGE ( 'NONE', *, *, #1148, .F. ) ;
#1364 = EDGE_CURVE ( 'NONE', #1472, #2197, #1227, .T. ) ;
#1365 = CARTESIAN_POINT ( 'NONE',  ( 22.95532247717999397, 13.64999999999999858, 20.01401856344601171 ) ) ;
#1366 = CARTESIAN_POINT ( 'NONE',  ( 24.19039109047213998, 13.64204808480298503, 2.362223808973433758 ) ) ;
#1367 = ORIENTED_EDGE ( 'NONE', *, *, #273, .T. ) ;
#1368 = DIRECTION ( 'NONE',  ( 1.000000000000000000, 0.000000000000000000, 0.000000000000000000 ) ) ;
#1369 = EDGE_LOOP ( 'NONE', ( #960, #3311, #1202, #213 ) ) ;
#1370 = APPROVAL_STATUS ( 'not_yet_approved' ) ;
#1371 = CYLINDRICAL_SURFACE ( 'NONE', #3380, 2.999999999999999112 ) ;
#1372 = PLANE ( 'NONE',  #2451 ) ;
#1373 = EDGE_CURVE ( 'NONE', #2194, #3567, #1779, .T. ) ;
#1374 = PLANE ( 'NONE',  #761 ) ;
#1375 = DIRECTION ( 'NONE',  ( 1.000000000000000000, 1.550760359917785817E-16, 0.000000000000000000 ) ) ;
#1376 = ORIENTED_EDGE ( 'NONE', *, *, #2811, .T. ) ;
#1377 = CARTESIAN_POINT ( 'NONE',  ( 22.82178899507087877, 12.88726058993688994, 3.696946302591988864 ) ) ;
#1378 = VECTOR ( 'NONE', #2266, 1000.000000000000000 ) ;
#1379 = ORIENTED_EDGE ( 'NONE', *, *, #2706, .F. ) ;
#1380 = CARTESIAN_POINT ( 'NONE',  ( -23.69218996054865656, -23.69218996054651072, 2.000000000000000000 ) ) ;
#1381 = B_SPLINE_CURVE_WITH_KNOTS ( 'NONE', 3,
 ( #551, #3357, #512, #1079, #2187, #2787, #3079, #1426, #828, #864, #3027, #1704, #2810, #2516, #583, #321, #3304, #3586, #1666, #1062, #3342, #2773 ),
 .UNSPECIFIED., .F., .F.,
 ( 4, 2, 2, 2, 2, 2, 2, 2, 2, 2, 4 ),
 ( 0.000000000000000000, 0.003120521779850521198, 0.003900652224813150847, 0.004680782669775780495, 0.006241043559701055406, 0.007021174004663691993, 0.007801304449626330316, 0.009361565339551607828, 0.01014169578451424442, 0.01092182622947688100, 0.01248208711940214898 ),
 .UNSPECIFIED. ) ;
#1382 = CARTESIAN_POINT ( 'NONE',  ( -2.116787891287777773E-15, 13.64999999999999858, 4.000000000000000000 ) ) ;
#1383 = DIRECTION ( 'NONE',  ( -0.7071067811865398012, 0.7071067811865552333, 0.000000000000000000 ) ) ;
#1384 = ORIENTED_EDGE ( 'NONE', *, *, #3261, .F. ) ;
#1385 = CARTESIAN_POINT ( 'NONE',  ( 13.60000000000011156, 15.34999999999999964, 3.000000000000000000 ) ) ;
#1386 = VERTEX_POINT ( 'NONE', #1399 ) ;
#1387 = ADVANCED_FACE ( 'NONE', ( #2887 ), #959, .F. ) ;
#1388 = APPROVAL_ROLE ( '' ) ;
#1389 = DIRECTION ( 'NONE',  ( -1.000000000000000000, 0.000000000000000000, 0.000000000000000000 ) ) ;
#1390 = DIRECTION ( 'NONE',  ( 0.000000000000000000, 0.000000000000000000, -1.000000000000000000 ) ) ;
#1392 = EDGE_CURVE ( 'NONE', #3379, #2133, #3182, .T. ) ;
#1391 = B_SPLINE_CURVE_WITH_KNOTS ( 'NONE', 3,
 ( #3248, #733, #1830, #1541, #2647, #187, #772, #1885, #1334, #2442, #150, #2663 ),
 .UNSPECIFIED., .F., .F.,
 ( 4, 2, 2, 2, 2, 4 ),
 ( 0.000000000000000000, 0.003120518685517990106, 0.006241037371035980212, 0.007801296713794975482, 0.009361556056553969885, 0.01248207474207196042 ),
 .UNSPECIFIED. ) ;
#1393 = FACE_OUTER_BOUND ( 'NONE', #3589, .T. ) ;
#1394 = CARTESIAN_POINT ( 'NONE',  ( -18.35000000000013642, 15.47460376237521551, 4.000000000000000000 ) ) ;
#1395 = VERTEX_POINT ( 'NONE', #1526 ) ;
#1396 = CIRCLE ( 'NONE', #3136, 10.00000000000000000 ) ;
#1397 = CARTESIAN_POINT ( 'NONE',  ( 18.04724803979278036, -22.51997992105012258, 2.379987806913470560 ) ) ;
#1398 = VERTEX_POINT ( 'NONE', #2924 ) ;
#1399 = CARTESIAN_POINT ( 'NONE',  ( -4.329805364762033371, 13.65000000000000036, 26.99999999887853264 ) ) ;
#1400 = CARTESIAN_POINT ( 'NONE',  ( 21.10303032808219115, 11.43887986537866652, 3.999999999999999112 ) ) ;
#1401 = ORIENTED_EDGE ( 'NONE', *, *, #3453, .T. ) ;
#1402 = DIRECTION ( 'NONE',  ( -7.994117400814680220E-17, -1.000000000000000000, 0.000000000000000000 ) ) ;
#1403 = EDGE_LOOP ( 'NONE', ( #2650, #1352, #899, #2527, #662, #609 ) ) ;
#1404 = TOROIDAL_SURFACE ( 'NONE', #2448, 24.00387180440943524, 8.000000000000000000 ) ;
#1405 = AXIS2_PLACEMENT_3D ( 'NONE', #2734, #1353, #2464 ) ;
#1406 = AXIS2_PLACEMENT_3D ( 'NONE', #3135, #1501, #131 ) ;
#1407 = CARTESIAN_POINT ( 'NONE',  ( -19.86907298722654147, 19.94999999999999574, 4.000000000000000000 ) ) ;
#1408 = CARTESIAN_POINT ( 'NONE',  ( -13.60000000000012754, 15.34999999999999964, 3.000000000000000000 ) ) ;
#1409 = ADVANCED_FACE ( 'NONE', ( #1124 ), #1960, .T. ) ;
#1410 = AXIS2_PLACEMENT_3D ( 'NONE', #1801, #968, #2672 ) ;
#1411 = EDGE_CURVE ( 'NONE', #1269, #3472, #1299, .T. ) ;
#1412 = CARTESIAN_POINT ( 'NONE',  ( 19.09296478202229608, 19.95000000000000284, 3.162567446068068389 ) ) ;
#1413 = DIRECTION ( 'NONE',  ( -1.000000000000000000, 0.000000000000000000, 0.000000000000000000 ) ) ;
#1414 = CARTESIAN_POINT ( 'NONE',  ( 21.55608813286914227, 11.91536369046681898, 4.000000000000000888 ) ) ;
#1415 = VERTEX_POINT ( 'NONE', #2389 ) ;
#1416 = ORIENTED_EDGE ( 'NONE', *, *, #368, .T. ) ;
#1417 = DIRECTION ( 'NONE',  ( 1.000000000000000000, 0.000000000000000000, 0.000000000000000000 ) ) ;
#1418 = EDGE_CURVE ( 'NONE', #2479, #2595, #497, .T. ) ;
#1419 = VECTOR ( 'NONE', #658, 1000.000000000000000 ) ;
#1420 = CARTESIAN_POINT ( 'NONE',  ( -17.10000000000014353, 15.34999999999999964, 3.000000000000000000 ) ) ;
#1421 = DIRECTION ( 'NONE',  ( -1.000000000000000000, -1.550760359917785817E-16, 0.000000000000000000 ) ) ;
#1422 = ORIENTED_EDGE ( 'NONE', *, *, #692, .F. ) ;
#1423 = DIRECTION ( 'NONE',  ( 1.000000000000000000, 0.000000000000000000, 0.000000000000000000 ) ) ;
#1424 = ORIENTED_EDGE ( 'NONE', *, *, #2331, .T. ) ;
#1425 = PERSON_AND_ORGANIZATION_ROLE ( 'design_owner' ) ;
#1426 = CARTESIAN_POINT ( 'NONE',  ( 2.971124189894015277, 12.34156304587236086, 33.14641417040731852 ) ) ;
#1427 = ADVANCED_FACE ( 'NONE', ( #1886 ), #3274, .F. ) ;
#1428 = DIRECTION ( 'NONE',  ( -0.000000000000000000, -0.000000000000000000, -1.000000000000000000 ) ) ;
#1429 = DIRECTION ( 'NONE',  ( -1.000000000000000000, -1.550760359917785817E-16, 5.709809504093352769E-16 ) ) ;
#1430 = DIRECTION ( 'NONE',  ( -1.000000000000000000, 0.000000000000000000, 0.000000000000000000 ) ) ;
#1431 = EDGE_CURVE ( 'NONE', #2689, #2770, #2923, .T. ) ;
#1432 = EDGE_LOOP ( 'NONE', ( #2781, #3208, #2665, #292 ) ) ;
#1433 = B_SPLINE_CURVE_WITH_KNOTS ( 'NONE', 3,
 ( #1948, #3058, #1645, #2750, #1963, #2236, #2835, #614 ),
 .UNSPECIFIED., .F., .F.,
 ( 4, 2, 2, 4 ),
 ( 0.000000000000000000, 0.0009317589453367111250, 0.001397638418005070103, 0.001863517890673428972 ),
 .UNSPECIFIED. ) ;
#1434 = DIRECTION ( 'NONE',  ( 1.000000000000000000, 0.000000000000000000, 0.000000000000000000 ) ) ;
#1435 = EDGE_CURVE ( 'NONE', #2428, #2501, #1012, .T. ) ;
#1436 = FACE_OUTER_BOUND ( 'NONE', #844, .T. ) ;
#1437 = EDGE_LOOP ( 'NONE', ( #1713, #608, #752, #2182 ) ) ;
#1438 = CARTESIAN_POINT ( 'NONE',  ( 21.94218996054625492, -23.69218996054890525, 2.000000000000000000 ) ) ;
#1439 = PLANE ( 'NONE',  #26 ) ;
#1440 = VERTEX_POINT ( 'NONE', #2973 ) ;
#1441 = LINE ( 'NONE', #2546, #3153 ) ;
#1442 = DIRECTION ( 'NONE',  ( -0.000000000000000000, -0.000000000000000000, -1.000000000000000000 ) ) ;
#1443 = VERTEX_POINT ( 'NONE', #2098 ) ;
#1444 = CARTESIAN_POINT ( 'NONE',  ( -20.21112066159656351, -14.29549294280325533, 3.999999999999998224 ) ) ;
#1445 = DIRECTION ( 'NONE',  ( 0.000000000000000000, -0.000000000000000000, -1.000000000000000000 ) ) ;
#1446 = DIRECTION ( 'NONE',  ( 1.000000000000000000, 0.000000000000000000, 0.000000000000000000 ) ) ;
#1447 = DIRECTION ( 'NONE',  ( 1.000000000000000000, 0.000000000000000000, 0.000000000000000000 ) ) ;
#1448 = AXIS2_PLACEMENT_3D ( 'NONE', #2785, #1680, #3598 ) ;
#1449 = EDGE_LOOP ( 'NONE', ( #2778, #3548, #2291, #894, #1036, #2138, #1499, #1285, #2914, #1048, #2505, #689, #1230, #1612, #2301, #2862, #415, #2686, #2959, #2758, #3508, #1127, #735, #351, #2712, #759, #15, #977, #654, #877, #198, #3053 ) ) ;
#1450 = EDGE_CURVE ( 'NONE', #412, #1044, #266, .T. ) ;
#1451 = ORIENTED_EDGE ( 'NONE', *, *, #2716, .T. ) ;
#1452 = CARTESIAN_POINT ( 'NONE',  ( -12.35000000000005294, 15.35000000000006004, 3.000000000000000000 ) ) ;
#1453 = EDGE_CURVE ( 'NONE', #3528, #3454, #1065, .T. ) ;
#1454 = CARTESIAN_POINT ( 'NONE',  ( -19.96522368914769885, 24.20786437626928844, 2.000000000000000000 ) ) ;
#1455 = ORIENTED_EDGE ( 'NONE', *, *, #942, .T. ) ;
#1456 = CARTESIAN_POINT ( 'NONE',  ( -12.35000000000000853, -15.35000000000010623, 3.000000000000000000 ) ) ;
#1457 = DIRECTION ( 'NONE',  ( 1.638611685377993016E-16, -1.000000000000000000, 0.000000000000000000 ) ) ;
#1458 = ORIENTED_EDGE ( 'NONE', *, *, #1720, .T. ) ;
#1459 = AXIS2_PLACEMENT_3D ( 'NONE', #1144, #2854, #2597 ) ;
#1460 = LINE ( 'NONE', #2532, #701 ) ;
#1461 = CARTESIAN_POINT ( 'NONE',  ( -5.823088065420964021, -38.35000000000000142, 0.000000000000000000 ) ) ;
#1462 = ORIENTED_EDGE ( 'NONE', *, *, #3214, .F. ) ;
#1463 = DIRECTION ( 'NONE',  ( -1.000000000000000000, 0.000000000000000000, 0.000000000000000000 ) ) ;
#1464 = DIRECTION ( 'NONE',  ( 0.000000000000000000, -0.000000000000000000, -1.000000000000000000 ) ) ;
#1465 = VECTOR ( 'NONE', #518, 1000.000000000000000 ) ;
#1466 = CIRCLE ( 'NONE', #241, 9.999999999999998224 ) ;
#1467 = DIRECTION ( 'NONE',  ( 1.000000000000000000, 7.979727989493314212E-15, 0.000000000000000000 ) ) ;
#1468 = VECTOR ( 'NONE', #1550, 1000.000000000000000 ) ;
#1469 = CARTESIAN_POINT ( 'NONE',  ( -15.35000000000013998, -15.35000000000025722, 4.000000000000000000 ) ) ;
#1470 = CARTESIAN_POINT ( 'NONE',  ( -19.08034521099795100, -23.37435933907289609, 2.000000000000000000 ) ) ;
#1471 = EDGE_LOOP ( 'NONE', ( #2836, #3006 ) ) ;
#1472 = VERTEX_POINT ( 'NONE', #3232 ) ;
#1473 = EDGE_CURVE ( 'NONE', #102, #2644, #3215, .T. ) ;
#1474 = EDGE_LOOP ( 'NONE', ( #2777, #666, #2725, #396, #3129, #2313, #3168 ) ) ;
#1475 = CARTESIAN_POINT ( 'NONE',  ( 1.107185260012845038E-15, 13.85000000000013287, 0.000000000000000000 ) ) ;
#1476 = CARTESIAN_POINT ( 'NONE',  ( 20.49781649662665473, 19.95000000000000284, 2.545454545454528095 ) ) ;
#1477 = ORIENTED_EDGE ( 'NONE', *, *, #3361, .T. ) ;
#1478 = ADVANCED_FACE ( 'NONE', ( #1557, #3249 ), #2150, .T. ) ;
#1479 = DIRECTION ( 'NONE',  ( 1.000000000000000000, 0.000000000000000000, 0.000000000000000000 ) ) ;
#1480 = CARTESIAN_POINT ( 'NONE',  ( -15.08464557651045013, 20.60268317684730377, 3.896308385022889453 ) ) ;
#1481 = ORIENTED_EDGE ( 'NONE', *, *, #1720, .F. ) ;
#1482 = ORIENTED_EDGE ( 'NONE', *, *, #1626, .T. ) ;
#1483 = CARTESIAN_POINT ( 'NONE',  ( -22.36060591030757294, -17.83721627534148979, 2.545454545454426398 ) ) ;
#1484 = CC_DESIGN_DATE_AND_TIME_ASSIGNMENT ( #3318, #3286, ( #3371 ) ) ;
#1485 = DIRECTION ( 'NONE',  ( -0.000000000000000000, -0.000000000000000000, -1.000000000000000000 ) ) ;
#1486 = CIRCLE ( 'NONE', #142, 1.750000000000001554 ) ;
#1487 = DIRECTION ( 'NONE',  ( 0.000000000000000000, 1.000000000000000000, 0.000000000000000000 ) ) ;
#1488 = EDGE_CURVE ( 'NONE', #1386, #1652, #2720, .T. ) ;
#1489 = FACE_OUTER_BOUND ( 'NONE', #2974, .T. ) ;
#1490 = DIRECTION ( 'NONE',  ( 0.7071067811865391350, -0.7071067811865560104, 0.000000000000000000 ) ) ;
#1491 = ORIENTED_EDGE ( 'NONE', *, *, #3094, .F. ) ;
#1492 = DIRECTION ( 'NONE',  ( -1.000000000000000000, 0.000000000000000000, 0.000000000000000000 ) ) ;
#1493 = ORIENTED_EDGE ( 'NONE', *, *, #756, .T. ) ;
#1494 = DIRECTION ( 'NONE',  ( -0.000000000000000000, -0.000000000000000000, -1.000000000000000000 ) ) ;
#1495 = EDGE_LOOP ( 'NONE', ( #3575, #121, #2184, #146 ) ) ;
#1496 = CARTESIAN_POINT ( 'NONE',  ( -17.10000000000013998, -15.35000000000025722, 4.000000000000000000 ) ) ;
#1497 = DIRECTION ( 'NONE',  ( 1.000000000000000000, 0.000000000000000000, 0.000000000000000000 ) ) ;
#1498 = ADVANCED_FACE ( 'NONE', ( #2445 ), #992, .F. ) ;
#1499 = ORIENTED_EDGE ( 'NONE', *, *, #677, .F. ) ;
#1500 = VECTOR ( 'NONE', #3022, 1000.000000000000000 ) ;
#1501 = DIRECTION ( 'NONE',  ( -0.000000000000000000, 0.000000000000000000, 1.000000000000000000 ) ) ;
#1502 = DIRECTION ( 'NONE',  ( 2.315311757914443257E-13, 3.586795909532059826E-29, -1.000000000000000000 ) ) ;
#1503 = ADVANCED_FACE ( 'NONE', ( #1275 ), #208, .F. ) ;
#1504 = FACE_OUTER_BOUND ( 'NONE', #625, .T. ) ;
#1505 = DIRECTION ( 'NONE',  ( -0.000000000000000000, -0.000000000000000000, -1.000000000000000000 ) ) ;
#1506 = DIRECTION ( 'NONE',  ( -0.000000000000000000, -0.000000000000000000, -1.000000000000000000 ) ) ;
#1507 = ORIENTED_EDGE ( 'NONE', *, *, #327, .F. ) ;
#1508 = ORIENTED_EDGE ( 'NONE', *, *, #2376, .F. ) ;
#1509 = DIRECTION ( 'NONE',  ( 0.000000000000000000, -0.000000000000000000, -1.000000000000000000 ) ) ;
#1510 = VERTEX_POINT ( 'NONE', #2955 ) ;
#1511 = FACE_OUTER_BOUND ( 'NONE', #1090, .T. ) ;
#1512 = DIRECTION ( 'NONE',  ( 0.000000000000000000, 0.000000000000000000, -1.000000000000000000 ) ) ;
#1513 = AXIS2_PLACEMENT_3D ( 'NONE', #1287, #1512, #3189 ) ;
#1514 = DIRECTION ( 'NONE',  ( -1.000000000000000000, 0.000000000000000000, 0.000000000000000000 ) ) ;
#1515 = ORIENTED_EDGE ( 'NONE', *, *, #2633, .F. ) ;
#1516 = DIRECTION ( 'NONE',  ( 1.000000000000000000, 0.000000000000000000, 0.000000000000000000 ) ) ;
#1517 = CARTESIAN_POINT ( 'NONE',  ( 18.96327580813389346, 23.27156002358524134, 2.011981368745203724 ) ) ;
#1518 = EDGE_CURVE ( 'NONE', #721, #380, #665, .T. ) ;
#1519 = CARTESIAN_POINT ( 'NONE',  ( 22.52118145247327519, -18.04880092475827524, 2.378936859680523597 ) ) ;
#1520 = DIRECTION ( 'NONE',  ( -1.000000000000000000, 0.000000000000000000, 0.000000000000000000 ) ) ;
#1521 = CARTESIAN_POINT ( 'NONE',  ( -23.69218996054865656, -23.69218996054651072, 2.000000000000000000 ) ) ;
#1522 = EDGE_CURVE ( 'NONE', #333, #2905, #2762, .T. ) ;
#1523 = CIRCLE ( 'NONE', #1639, 19.99999999999999645 ) ;
#1524 = VECTOR ( 'NONE', #653, 1000.000000000000000 ) ;
#1525 = AXIS2_PLACEMENT_3D ( 'NONE', #2305, #937, #655 ) ;
#1526 = CARTESIAN_POINT ( 'NONE',  ( -18.35000000000013287, 4.548202788755523862, 0.000000000000000000 ) ) ;
#1527 = EDGE_LOOP ( 'NONE', ( #431, #3164 ) ) ;
#1528 = VECTOR ( 'NONE', #186, 1000.000000000000000 ) ;
#1529 = ORIENTED_EDGE ( 'NONE', *, *, #3234, .F. ) ;
#1530 = FACE_OUTER_BOUND ( 'NONE', #90, .T. ) ;
#1531 = VERTEX_POINT ( 'NONE', #456 ) ;
#1532 = EDGE_CURVE ( 'NONE', #1652, #27, #3097, .T. ) ;
#1533 = AXIS2_PLACEMENT_3D ( 'NONE', #2865, #375, #2591 ) ;
#1534 = B_SPLINE_SURFACE_WITH_KNOTS ( 'NONE', 2, 1, ( 
 ( #2592, #3451 ),
 ( #99, #958 ),
 ( #3181, #1297 ) ),
 .UNSPECIFIED., .F., .F., .F.,
 ( 3, 3 ),
 ( 2, 2 ),
 ( 0.000000000000000000, 0.8096095276292311071 ),
 ( 0.000000000000000000, 1.000000000000000000 ),
 .UNSPECIFIED. ) ;
#1535 = CARTESIAN_POINT ( 'NONE',  ( 20.21102929022871919, -14.29527208040460273, 4.000000000000000000 ) ) ;
#1536 = CARTESIAN_POINT ( 'NONE',  ( -19.86907298722654147, 19.94999999999999574, 4.000000000000000000 ) ) ;
#1537 = VECTOR ( 'NONE', #1375, 1000.000000000000000 ) ;
#1538 = EDGE_LOOP ( 'NONE', ( #2263, #1004, #382 ) ) ;
#1539 = CARTESIAN_POINT ( 'NONE',  ( 16.01249307288175316, 21.13889135658470408, 3.597235868101119838 ) ) ;
#1540 = DIRECTION ( 'NONE',  ( 1.000000000000000000, 0.000000000000000000, 0.000000000000000000 ) ) ;
#1541 = CARTESIAN_POINT ( 'NONE',  ( -4.595464482436064202, 13.22530823573051784, 30.61480949238394089 ) ) ;
#1542 = DIRECTION ( 'NONE',  ( 0.000000000000000000, 0.000000000000000000, -1.000000000000000000 ) ) ;
#1543 = ORIENTED_EDGE ( 'NONE', *, *, #3084, .F. ) ;
#1544 = CARTESIAN_POINT ( 'NONE',  ( -17.54088555505179414, -22.13794861346578813, 2.797630681172398326 ) ) ;
#1545 = ADVANCED_FACE ( 'NONE', ( #1572 ), #2132, .F. ) ;
#1546 = EDGE_LOOP ( 'NONE', ( #2146, #2165, #1451, #481 ) ) ;
#1547 = DIRECTION ( 'NONE',  ( 0.000000000000000000, -0.000000000000000000, -1.000000000000000000 ) ) ;
#1549 = ORIENTED_EDGE ( 'NONE', *, *, #1522, .F. ) ;
#1548 = EDGE_CURVE ( 'NONE', #2831, #1872, #1707, .T. ) ;
#1550 = DIRECTION ( 'NONE',  ( -0.000000000000000000, -0.000000000000000000, -1.000000000000000000 ) ) ;
#1551 = FACE_OUTER_BOUND ( 'NONE', #313, .T. ) ;
#1552 = ORIENTED_EDGE ( 'NONE', *, *, #1724, .T. ) ;
#1553 = DIRECTION ( 'NONE',  ( -1.000000000000000000, 0.000000000000000000, 0.000000000000000000 ) ) ;
#1554 = CARTESIAN_POINT ( 'NONE',  ( 23.47941223623173101, -19.19715324995172878, 2.000000000000000000 ) ) ;
#1555 = CARTESIAN_POINT ( 'NONE',  ( 19.74495787796271884, 13.65000000000000213, 3.999999999999999112 ) ) ;
#1556 = AXIS2_PLACEMENT_3D ( 'NONE', #2730, #262, #2985 ) ;
#1557 = FACE_BOUND ( 'NONE', #2956, .T. ) ;
#1558 = ORIENTED_EDGE ( 'NONE', *, *, #1942, .T. ) ;
#1559 = CARTESIAN_POINT ( 'NONE',  ( 10.85000000000012044, -10.85000000000013465, 0.000000000000000000 ) ) ;
#1560 = EDGE_CURVE ( 'NONE', #1044, #412, #2637, .T. ) ;
#1561 = CARTESIAN_POINT ( 'NONE',  ( 7.983801529043829781, 19.94999999999999929, 28.22374989449534510 ) ) ;
#1562 = ORIENTED_EDGE ( 'NONE', *, *, #2338, .F. ) ;
#1563 = CARTESIAN_POINT ( 'NONE',  ( 17.83721627534124821, -22.36060591030775768, 2.545454545454427731 ) ) ;
#1564 = EDGE_LOOP ( 'NONE', ( #2807, #1031, #1753, #1001 ) ) ;
#1565 = CARTESIAN_POINT ( 'NONE',  ( 21.58005709283763807, -16.72306256513759948, 3.291948359959417925 ) ) ;
#1566 = PLANE ( 'NONE',  #990 ) ;
#1567 = EDGE_LOOP ( 'NONE', ( #1143, #890, #2655, #2433, #2457 ) ) ;
#1568 = ORIENTED_EDGE ( 'NONE', *, *, #327, .T. ) ;
#1569 = CYLINDRICAL_SURFACE ( 'NONE', #933, 1.750000000000001554 ) ;
#1570 = DIRECTION ( 'NONE',  ( -1.000000000000000000, 0.000000000000000000, 0.000000000000000000 ) ) ;
#1571 = CARTESIAN_POINT ( 'NONE',  ( -38.35000000000012221, -5.823088065416786918, 4.000000000000000000 ) ) ;
#1572 = FACE_OUTER_BOUND ( 'NONE', #1403, .T. ) ;
#1573 = ORIENTED_EDGE ( 'NONE', *, *, #830, .F. ) ;
#1574 = DIRECTION ( 'NONE',  ( -0.000000000000000000, 0.000000000000000000, 1.000000000000000000 ) ) ;
#1575 = VECTOR ( 'NONE', #3355, 1000.000000000000000 ) ;
#1576 = AXIS2_PLACEMENT_3D ( 'NONE', #1521, #1505, #2296 ) ;
#1577 = AXIS2_PLACEMENT_3D ( 'NONE', #2519, #866, #1971 ) ;
#1578 = AXIS2_PLACEMENT_3D ( 'NONE', #2088, #2931, #2373 ) ;
#1579 = ORIENTED_EDGE ( 'NONE', *, *, #2930, .F. ) ;
#1580 = DIRECTION ( 'NONE',  ( 1.000000000000000000, 0.000000000000000000, 0.000000000000000000 ) ) ;
#1581 = VERTEX_POINT ( 'NONE', #2738 ) ;
#1582 = EDGE_CURVE ( 'NONE', #1710, #1194, #2789, .T. ) ;
#1583 = CYLINDRICAL_SURFACE ( 'NONE', #646, 2.999999999999999112 ) ;
#1584 = LINE ( 'NONE', #1853, #1629 ) ;
#1585 = ORIENTED_EDGE ( 'NONE', *, *, #513, .F. ) ;
#1586 = EDGE_LOOP ( 'NONE', ( #3217, #1033 ) ) ;
#1587 = CARTESIAN_POINT ( 'NONE',  ( -24.20786437626921739, -19.96522368914778411, 2.000000000000000000 ) ) ;
#1588 = CARTESIAN_POINT ( 'NONE',  ( 17.83721627534346510, 22.36060591030560118, 2.545454545454624906 ) ) ;
#1589 = CARTESIAN_POINT ( 'NONE',  ( 17.10000000000011511, 15.34999999999999964, 4.000000000000000000 ) ) ;
#1590 = VECTOR ( 'NONE', #2048, 1000.000000000000000 ) ;
#1591 = DIRECTION ( 'NONE',  ( -0.000000000000000000, -0.000000000000000000, -1.000000000000000000 ) ) ;
#1592 = ADVANCED_FACE ( 'NONE', ( #2535 ), #2867, .F. ) ;
#1593 = VERTEX_POINT ( 'NONE', #1134 ) ;
#1594 = FACE_OUTER_BOUND ( 'NONE', #2950, .T. ) ;
#1595 = CARTESIAN_POINT ( 'NONE',  ( 10.85000000000012044, -10.85000000000013465, 2.000000000000000000 ) ) ;
#1596 = AXIS2_PLACEMENT_3D ( 'NONE', #2435, #3581, #1402 ) ;
#1597 = ORIENTED_EDGE ( 'NONE', *, *, #2614, .F. ) ;
#1598 = CARTESIAN_POINT ( 'NONE',  ( 4.329805364762036923, 13.64999999999999858, 26.99999999887852553 ) ) ;
#1599 = ORIENTED_EDGE ( 'NONE', *, *, #1121, .T. ) ;
#1600 = FACE_BOUND ( 'NONE', #706, .T. ) ;
#1601 = VECTOR ( 'NONE', #803, 1000.000000000000000 ) ;
#1602 = DIRECTION ( 'NONE',  ( -2.439454888092384977E-15, -1.000000000000000000, 0.000000000000000000 ) ) ;
#1603 = ORIENTED_EDGE ( 'NONE', *, *, #2660, .F. ) ;
#1604 = FACE_OUTER_BOUND ( 'NONE', #2103, .T. ) ;
#1605 = EDGE_LOOP ( 'NONE', ( #1277, #125, #1698, #528 ) ) ;
#1606 = CARTESIAN_POINT ( 'NONE',  ( 19.96522368915213264, 24.20786437626896515, 0.000000000000000000 ) ) ;
#1607 = CARTESIAN_POINT ( 'NONE',  ( 24.19265705746597561, 19.94999999999999929, 2.000000000000000000 ) ) ;
#1608 = CARTESIAN_POINT ( 'NONE',  ( 17.10000000000011511, 15.34999999999999964, 2.000000000000000000 ) ) ;
#1609 = EDGE_CURVE ( 'NONE', #400, #3568, #3104, .T. ) ;
#1610 = EDGE_CURVE ( 'NONE', #2670, #3000, #286, .T. ) ;
#1611 = DIRECTION ( 'NONE',  ( 0.7071067811865452413, -0.7071067811865497932, 0.000000000000000000 ) ) ;
#1612 = ORIENTED_EDGE ( 'NONE', *, *, #2716, .F. ) ;
#1613 = DIRECTION ( 'NONE',  ( 1.000000000000000000, 0.000000000000000000, 0.000000000000000000 ) ) ;
#1614 = CARTESIAN_POINT ( 'NONE',  ( -18.35000000000013642, 19.94999999999999574, -5.047477198250068074E-31 ) ) ;
#1615 = VERTEX_POINT ( 'NONE', #570 ) ;
#1616 = DIRECTION ( 'NONE',  ( -0.000000000000000000, -0.000000000000000000, -1.000000000000000000 ) ) ;
#1617 = VERTEX_POINT ( 'NONE', #2792 ) ;
#1618 = LINE ( 'NONE', #2180, #1944 ) ;
#1619 = CARTESIAN_POINT ( 'NONE',  ( 24.20786437626935239, 13.65000000000000213, 2.000000000000000000 ) ) ;
#1620 = ORIENTED_EDGE ( 'NONE', *, *, #584, .F. ) ;
#1621 = DIRECTION ( 'NONE',  ( 1.000000000000000000, 0.000000000000000000, 0.000000000000000000 ) ) ;
#1622 = VERTEX_POINT ( 'NONE', #3574 ) ;
#1623 = APPLICATION_PROTOCOL_DEFINITION ( 'international standard', 'config_control_design', 1994, #2680 ) ;
#1624 = LINE ( 'NONE', #2239, #1575 ) ;
#1625 = DIRECTION ( 'NONE',  ( -2.547875105340935420E-15, 1.000000000000000000, -0.000000000000000000 ) ) ;
#1626 = EDGE_CURVE ( 'NONE', #109, #3157, #3344, .T. ) ;
#1627 = CARTESIAN_POINT ( 'NONE',  ( 0.000000000000000000, 0.000000000000000000, 5.000000000000000000 ) ) ;
#1628 = CARTESIAN_POINT ( 'NONE',  ( -38.34999999999998010, 5.823088065421098136, 2.000000000000000000 ) ) ;
#1629 = VECTOR ( 'NONE', #2673, 1000.000000000000000 ) ;
#1630 = ORIENTED_EDGE ( 'NONE', *, *, #3108, .T. ) ;
#1631 = ADVANCED_FACE ( 'NONE', ( #3013 ), #2258, .F. ) ;
#1632 = CARTESIAN_POINT ( 'NONE',  ( 18.96282771877163498, -23.26866838547631033, 2.000000000000000444 ) ) ;
#1633 = FACE_OUTER_BOUND ( 'NONE', #2033, .T. ) ;
#1634 = VERTEX_POINT ( 'NONE', #2242 ) ;
#1635 = ORIENTED_EDGE ( 'NONE', *, *, #1339, .T. ) ;
#1636 = CIRCLE ( 'NONE', #2967, 19.99999999999999645 ) ;
#1637 = AXIS2_PLACEMENT_3D ( 'NONE', #113, #1485, #2026 ) ;
#1638 = CIRCLE ( 'NONE', #2800, 1.750000000000001554 ) ;
#1639 = AXIS2_PLACEMENT_3D ( 'NONE', #3319, #283, #1899 ) ;
#1640 = DIRECTION ( 'NONE',  ( -1.000000000000000000, -1.638611685377993016E-16, 0.000000000000000000 ) ) ;
#1641 = CIRCLE ( 'NONE', #1815, 3.000000000000000888 ) ;
#1642 = LINE ( 'NONE', #2748, #2999 ) ;
#1643 = VERTEX_POINT ( 'NONE', #1920 ) ;
#1644 = EDGE_CURVE ( 'NONE', #3242, #1013, #2439, .T. ) ;
#1645 = CARTESIAN_POINT ( 'NONE',  ( -23.06897064995811775, -18.72966488052489353, 2.047360408114724084 ) ) ;
#1646 = EDGE_LOOP ( 'NONE', ( #814, #394, #1232, #2336 ) ) ;
#1647 = PERSON_AND_ORGANIZATION ( #3448, #2840 ) ;
#1648 = FACE_OUTER_BOUND ( 'NONE', #3329, .T. ) ;
#1649 = CIRCLE ( 'NONE', #1533, 1.749999999999996447 ) ;
#1650 = LINE ( 'NONE', #267, #1346 ) ;
#1651 = PLANE ( 'NONE',  #543 ) ;
#1652 = VERTEX_POINT ( 'NONE', #813 ) ;
#1653 = DIRECTION ( 'NONE',  ( 6.059234519217240467E-48, -3.697785493223492838E-32, -1.000000000000000000 ) ) ;
#1654 = ADVANCED_FACE ( 'NONE', ( #3030 ), #1651, .F. ) ;
#1655 = ORIENTED_EDGE ( 'NONE', *, *, #3150, .T. ) ;
#1656 = LINE ( 'NONE', #2764, #3489 ) ;
#1657 = EDGE_CURVE ( 'NONE', #2833, #2822, #2206, .T. ) ;
#1658 = AXIS2_PLACEMENT_3D ( 'NONE', #31, #3433, #3365 ) ;
#1659 = CARTESIAN_POINT ( 'NONE',  ( 12.35000000000015952, -15.34999999999994991, 0.000000000000000000 ) ) ;
#1660 = DIRECTION ( 'NONE',  ( 1.638611685377993016E-16, -1.000000000000000000, 0.000000000000000000 ) ) ;
#1661 = EDGE_CURVE ( 'NONE', #684, #2034, #1152, .T. ) ;
#1662 = ORIENTED_EDGE ( 'NONE', *, *, #1875, .T. ) ;
#1663 = DIRECTION ( 'NONE',  ( 1.000000000000000000, 0.000000000000000000, 0.000000000000000000 ) ) ;
#1664 = ORIENTED_EDGE ( 'NONE', *, *, #1532, .T. ) ;
#1665 = AXIS2_PLACEMENT_3D ( 'NONE', #794, #734, #1317 ) ;
#1666 = CARTESIAN_POINT ( 'NONE',  ( 6.387829785717870301, 13.50100359771178837, 29.11380786887006167 ) ) ;
#1667 = CARTESIAN_POINT ( 'NONE',  ( 7.983801529043831557, 13.59999786607752803, 28.22374989449534510 ) ) ;
#1668 = CARTESIAN_POINT ( 'NONE',  ( -13.85000000000012044, 10.85000000000013465, 2.000000000000000000 ) ) ;
#1669 = ORIENTED_EDGE ( 'NONE', *, *, #260, .F. ) ;
#1670 = CARTESIAN_POINT ( 'NONE',  ( -2.138582795624273558, 13.63723061867700004, 27.62871213637288292 ) ) ;
#1671 = ORIENTED_EDGE ( 'NONE', *, *, #115, .F. ) ;
#1672 = CARTESIAN_POINT ( 'NONE',  ( -24.14423938417212767, 13.64999999999999325, 3.076281669879696867 ) ) ;
#1673 = EDGE_CURVE ( 'NONE', #1912, #1195, #3049, .T. ) ;
#1674 = CARTESIAN_POINT ( 'NONE',  ( 17.10000000000011511, 15.34999999999999964, 3.000000000000000000 ) ) ;
#1675 = LINE ( 'NONE', #2196, #3350 ) ;
#1676 = ORIENTED_EDGE ( 'NONE', *, *, #494, .T. ) ;
#1677 = DIRECTION ( 'NONE',  ( -2.315311757914443257E-13, 0.000000000000000000, 1.000000000000000000 ) ) ;
#1678 = EDGE_LOOP ( 'NONE', ( #2653, #682, #1909, #1376 ) ) ;
#1679 = EDGE_CURVE ( 'NONE', #573, #2728, #2884, .T. ) ;
#1680 = DIRECTION ( 'NONE',  ( 0.000000000000000000, 0.000000000000000000, 1.000000000000000000 ) ) ;
#1681 = CARTESIAN_POINT ( 'NONE',  ( 25.44218996054882354, 23.69218996054634374, 2.000000000000000000 ) ) ;
#1682 = CARTESIAN_POINT ( 'NONE',  ( 20.47486648393020303, 19.95000000000000284, 22.77600313762203754 ) ) ;
#1683 = FACE_OUTER_BOUND ( 'NONE', #837, .T. ) ;
#1684 = CARTESIAN_POINT ( 'NONE',  ( -18.35000000000013998, 19.58848648655846958, 3.486067054541875265 ) ) ;
#1685 = ORIENTED_EDGE ( 'NONE', *, *, #405, .T. ) ;
#1686 = LOCAL_TIME ( 19, 37, 39.00000000000000000, #3077 ) ;
#1687 = CARTESIAN_POINT ( 'NONE',  ( 2.558426425360546208, 19.94999999999999929, 27.51760025597647896 ) ) ;
#1688 = EDGE_LOOP ( 'NONE', ( #1579, #1362, #999, #1799 ) ) ;
#1689 = VECTOR ( 'NONE', #2559, 1000.000000000000000 ) ;
#1690 = ORIENTED_EDGE ( 'NONE', *, *, #2547, .F. ) ;
#1691 = CARTESIAN_POINT ( 'NONE',  ( 13.60000000000011333, -15.35000000000025722, 2.000000000000000000 ) ) ;
#1692 = CARTESIAN_POINT ( 'NONE',  ( -23.69218996054642545, 23.69218996054874182, 2.000000000000000000 ) ) ;
#1693 = LINE ( 'NONE', #2804, #3561 ) ;
#1694 = ORIENTED_EDGE ( 'NONE', *, *, #2426, .F. ) ;
#1695 = CIRCLE ( 'NONE', #3086, 19.99999999999999645 ) ;
#1696 = EDGE_CURVE ( 'NONE', #3242, #2986, #355, .T. ) ;
#1697 = FACE_OUTER_BOUND ( 'NONE', #342, .T. ) ;
#1698 = ORIENTED_EDGE ( 'NONE', *, *, #842, .F. ) ;
#1699 = CIRCLE ( 'NONE', #2563, 19.99999999999999645 ) ;
#1700 = PERSON_AND_ORGANIZATION_ROLE ( 'creator' ) ;
#1701 = TOROIDAL_SURFACE ( 'NONE', #120, 24.00387180440943524, 8.000000000000000000 ) ;
#1702 = AXIS2_PLACEMENT_3D ( 'NONE', #2255, #2567, #2548 ) ;
#1703 = DIRECTION ( 'NONE',  ( -1.000000000000000000, 0.000000000000000000, 0.000000000000000000 ) ) ;
#1704 = CARTESIAN_POINT ( 'NONE',  ( 3.989659374222962906, 12.97996495825039887, 31.43848176533467509 ) ) ;
#1705 = ADVANCED_FACE ( 'NONE', ( #2827 ), #1192, .F. ) ;
#1706 = CARTESIAN_POINT ( 'NONE',  ( -22.36060591030757294, -17.83721627534148979, 2.545454545454426398 ) ) ;
#1707 = LINE ( 'NONE', #2776, #85 ) ;
#1708 = CC_DESIGN_DATE_AND_TIME_ASSIGNMENT ( #2771, #564, ( #1163 ) ) ;
#1709 = CARTESIAN_POINT ( 'NONE',  ( 24.14368565248690146, 13.62051889931414550, 3.084161056062628248 ) ) ;
#1710 = VERTEX_POINT ( 'NONE', #957 ) ;
#1711 = ORIENTED_EDGE ( 'NONE', *, *, #126, .F. ) ;
#1712 = CARTESIAN_POINT ( 'NONE',  ( 0.000000000000000000, 0.000000000000000000, -4.000000000000000888 ) ) ;
#1713 = ORIENTED_EDGE ( 'NONE', *, *, #2582, .F. ) ;
#1714 = CARTESIAN_POINT ( 'NONE',  ( 19.86907298722653792, 19.95000000000000284, 4.000000000000005329 ) ) ;
#1715 = CARTESIAN_POINT ( 'NONE',  ( 38.34999999999993747, -5.823088065421366366, 2.000000000000000000 ) ) ;
#1716 = ORIENTED_EDGE ( 'NONE', *, *, #2652, .T. ) ;
#1717 = FACE_OUTER_BOUND ( 'NONE', #1767, .T. ) ;
#1718 = CARTESIAN_POINT ( 'NONE',  ( -19.86907298722654147, 19.94999999999999574, 4.000000000000000000 ) ) ;
#1719 = DIRECTION ( 'NONE',  ( 1.000000000000000000, 0.000000000000000000, 0.000000000000000000 ) ) ;
#1720 = EDGE_CURVE ( 'NONE', #963, #87, #656, .T. ) ;
#1721 = DIRECTION ( 'NONE',  ( 1.000000000000000000, 0.000000000000000000, 0.000000000000000000 ) ) ;
#1722 = LINE ( 'NONE', #606, #777 ) ;
#1723 = CARTESIAN_POINT ( 'NONE',  ( -25.81351030410608161, 21.57086961698910699, 2.000000000000000000 ) ) ;
#1724 = EDGE_CURVE ( 'NONE', #2697, #2087, #1722, .T. ) ;
#1725 = ORIENTED_EDGE ( 'NONE', *, *, #1316, .T. ) ;
#1726 = ORIENTED_EDGE ( 'NONE', *, *, #126, .T. ) ;
#1727 = CARTESIAN_POINT ( 'NONE',  ( 0.000000000000000000, 0.000000000000000000, 2.545454545454600037 ) ) ;
#1728 = CARTESIAN_POINT ( 'NONE',  ( -2.116787891287777773E-15, 13.64999999999999858, -5.047477198250068074E-31 ) ) ;
#1729 = ORIENTED_EDGE ( 'NONE', *, *, #1099, .F. ) ;
#1730 = ORIENTED_EDGE ( 'NONE', *, *, #2247, .T. ) ;
#1731 = FACE_OUTER_BOUND ( 'NONE', #1978, .T. ) ;
#1732 = ORIENTED_EDGE ( 'NONE', *, *, #494, .F. ) ;
#1733 = CARTESIAN_POINT ( 'NONE',  ( 38.34999999999993747, -5.823088065421366366, 0.000000000000000000 ) ) ;
#1734 = DIRECTION ( 'NONE',  ( -1.000000000000000000, 0.000000000000000000, 0.000000000000000000 ) ) ;
#1735 = CARTESIAN_POINT ( 'NONE',  ( 18.38139700298029311, 22.78366219884909327, 2.187258834214371284 ) ) ;
#1736 = CARTESIAN_POINT ( 'NONE',  ( -2.053153435407444327, 19.94999999999999929, 37.35832022167644340 ) ) ;
#1737 = DIRECTION ( 'NONE',  ( 0.000000000000000000, -0.000000000000000000, -1.000000000000000000 ) ) ;
#1738 = DIRECTION ( 'NONE',  ( -4.178915507636011420E-48, 3.697785493223492838E-32, 1.000000000000000000 ) ) ;
#1739 = EDGE_CURVE ( 'NONE', #2977, #2393, #480, .T. ) ;
#1740 = EDGE_CURVE ( 'NONE', #875, #2934, #2842, .T. ) ;
#1741 = EDGE_LOOP ( 'NONE', ( #3398, #2523, #648, #778, #3556, #2819, #1246 ) ) ;
#1742 = DIRECTION ( 'NONE',  ( 1.000000000000000000, 0.000000000000000000, 0.000000000000000000 ) ) ;
#1743 = EDGE_LOOP ( 'NONE', ( #2160, #130, #3542, #3175 ) ) ;
#1744 = CARTESIAN_POINT ( 'NONE',  ( -13.60000000000013998, -15.35000000000025722, 4.000000000000000000 ) ) ;
#1745 = CARTESIAN_POINT ( 'NONE',  ( 10.43414161117062910, 13.64999999999999858, 26.99999999619807767 ) ) ;
#1747 = VERTEX_POINT ( 'NONE', #904 ) ;
#1746 = ADVANCED_FACE ( 'NONE', ( #1504 ), #939, .F. ) ;
#1748 = AXIS2_PLACEMENT_3D ( 'NONE', #1786, #1003, #448 ) ;
#1749 = CARTESIAN_POINT ( 'NONE',  ( 10.85000000000012044, 10.85000000000013465, 4.000000000000000000 ) ) ;
#1750 = EDGE_CURVE ( 'NONE', #615, #3597, #796, .T. ) ;
#1751 = CARTESIAN_POINT ( 'NONE',  ( -12.35000000000005116, 15.35000000000006004, 3.000000000000000000 ) ) ;
#1752 = VECTOR ( 'NONE', #2261, 1000.000000000000000 ) ;
#1753 = ORIENTED_EDGE ( 'NONE', *, *, #1453, .F. ) ;
#1754 = CARTESIAN_POINT ( 'NONE',  ( -23.69218996054642545, 23.69218996054874182, 2.000000000000000000 ) ) ;
#1755 = VECTOR ( 'NONE', #3212, 1000.000000000000000 ) ;
#1756 = CARTESIAN_POINT ( 'NONE',  ( 25.44218996054882354, 23.69218996054634374, 2.000000000000000000 ) ) ;
#1757 = CARTESIAN_POINT ( 'NONE',  ( 18.35000000000016129, -15.34999999999994991, 3.000000000000000000 ) ) ;
#1758 = CARTESIAN_POINT ( 'NONE',  ( 15.35000000000015952, -15.34999999999994991, 0.000000000000000000 ) ) ;
#1759 = CARTESIAN_POINT ( 'NONE',  ( -19.86907298722654147, 13.64999999999999503, 4.000000000000000000 ) ) ;
#1760 = ORIENTED_EDGE ( 'NONE', *, *, #2235, .T. ) ;
#1761 = VECTOR ( 'NONE', #1487, 1000.000000000000000 ) ;
#1762 = CIRCLE ( 'NONE', #836, 10.00000000000000178 ) ;
#1763 = EDGE_CURVE ( 'NONE', #3088, #2260, #1822, .T. ) ;
#1764 = VERTEX_POINT ( 'NONE', #2295 ) ;
#1765 = CARTESIAN_POINT ( 'NONE',  ( 17.83721627534124821, -22.36060591030775768, 2.545454545454427731 ) ) ;
#1766 = CARTESIAN_POINT ( 'NONE',  ( 21.94218996054882354, 23.69218996054634374, 0.000000000000000000 ) ) ;
#1767 = EDGE_LOOP ( 'NONE', ( #2602, #2740, #2412, #3535 ) ) ;
#1768 = AXIS2_PLACEMENT_3D ( 'NONE', #338, #1737, #1446 ) ;
#1769 = EDGE_CURVE ( 'NONE', #2197, #1398, #370, .T. ) ;
#1770 = PLANE ( 'NONE',  #2802 ) ;
#1771 = CARTESIAN_POINT ( 'NONE',  ( -5.823088065416647474, 18.35000000000014353, 4.000000000000000000 ) ) ;
#1772 = ORIENTED_EDGE ( 'NONE', *, *, #626, .T. ) ;
#1773 = CARTESIAN_POINT ( 'NONE',  ( -21.91527075257675605, -17.24452746642306877, 3.049830107223491904 ) ) ;
#1774 = CARTESIAN_POINT ( 'NONE',  ( -24.14368565248690857, 13.62051889931429827, 3.084161056062583395 ) ) ;
#1775 = VECTOR ( 'NONE', #1640, 1000.000000000000000 ) ;
#1776 = CARTESIAN_POINT ( 'NONE',  ( -23.08903352254581520, 13.07624396796265565, 3.617087753764572700 ) ) ;
#1777 = CARTESIAN_POINT ( 'NONE',  ( 21.24855346126703282, 13.65000000000000213, 3.908007774481327967 ) ) ;
#1778 = AXIS2_PLACEMENT_3D ( 'NONE', #2366, #1542, #2648 ) ;
#1779 = LINE ( 'NONE', #2311, #491 ) ;
#1780 = ORIENTED_EDGE ( 'NONE', *, *, #97, .T. ) ;
#1781 = ORIENTED_EDGE ( 'NONE', *, *, #257, .T. ) ;
#1782 = CARTESIAN_POINT ( 'NONE',  ( 20.47486648393020303, 19.95000000000000284, 22.77600313762203754 ) ) ;
#1783 = ORIENTED_EDGE ( 'NONE', *, *, #3187, .T. ) ;
#1784 = EDGE_CURVE ( 'NONE', #1835, #775, #3338, .T. ) ;
#1785 = DIRECTION ( 'NONE',  ( -1.000000000000000000, 0.000000000000000000, 0.000000000000000000 ) ) ;
#1786 = CARTESIAN_POINT ( 'NONE',  ( -38.34999999999998010, 5.823088065421098136, 0.000000000000000000 ) ) ;
#1787 = ADVANCED_FACE ( 'NONE', ( #2901 ), #404, .T. ) ;
#1788 = CARTESIAN_POINT ( 'NONE',  ( -26.69218996054866011, -23.69218996054651072, 2.000000000000000000 ) ) ;
#1789 = ORIENTED_EDGE ( 'NONE', *, *, #73, .F. ) ;
#1790 = CARTESIAN_POINT ( 'NONE',  ( 18.61086786975708307, 22.97161635325300111, 2.094899411271080147 ) ) ;
#1791 = DIRECTION ( 'NONE',  ( -0.000000000000000000, 0.000000000000000000, 1.000000000000000000 ) ) ;
#1792 = DIRECTION ( 'NONE',  ( -0.000000000000000000, 0.000000000000000000, 1.000000000000000000 ) ) ;
#1793 = FACE_OUTER_BOUND ( 'NONE', #1437, .T. ) ;
#1794 = DIRECTION ( 'NONE',  ( 1.000000000000000000, 0.000000000000000000, 0.000000000000000000 ) ) ;
#1795 = EDGE_CURVE ( 'NONE', #1622, #1912, #3430, .T. ) ;
#1796 = ORIENTED_EDGE ( 'NONE', *, *, #3261, .T. ) ;
#1797 = VERTEX_POINT ( 'NONE', #1757 ) ;
#1798 = DIRECTION ( 'NONE',  ( 0.7071067811865514585, 0.7071067811865436870, -0.000000000000000000 ) ) ;
#1799 = ORIENTED_EDGE ( 'NONE', *, *, #2633, .T. ) ;
#1800 = AXIS2_PLACEMENT_3D ( 'NONE', #1291, #1007, #147 ) ;
#1801 = CARTESIAN_POINT ( 'NONE',  ( 2.121320343560730404, 2.121320343560717081, 2.000000000000000000 ) ) ;
#1802 = PLANE ( 'NONE',  #2906 ) ;
#1803 = EDGE_CURVE ( 'NONE', #426, #1440, #1649, .T. ) ;
#1804 = VECTOR ( 'NONE', #1250, 1000.000000000000000 ) ;
#1805 = ORIENTED_EDGE ( 'NONE', *, *, #2338, .T. ) ;
#1806 = DIRECTION ( 'NONE',  ( 4.915835056134979668E-16, -1.000000000000000000, 0.000000000000000000 ) ) ;
#1807 = DIRECTION ( 'NONE',  ( -0.000000000000000000, 0.000000000000000000, 1.000000000000000000 ) ) ;
#1808 = FACE_OUTER_BOUND ( 'NONE', #2367, .T. ) ;
#1809 = EDGE_CURVE ( 'NONE', #1897, #1138, #2308, .T. ) ;
#1810 = AXIS2_PLACEMENT_3D ( 'NONE', #1980, #578, #599 ) ;
#1811 = VECTOR ( 'NONE', #2606, 1000.000000000000000 ) ;
#1812 = AXIS2_PLACEMENT_3D ( 'NONE', #1884, #495, #2954 ) ;
#1813 = AXIS2_PLACEMENT_3D ( 'NONE', #1733, #54, #2860 ) ;
#1814 = CIRCLE ( 'NONE', #878, 9.999999999999998224 ) ;
#1815 = AXIS2_PLACEMENT_3D ( 'NONE', #492, #1331, #1253 ) ;
#1816 = DIRECTION ( 'NONE',  ( 0.7071067811865467956, 0.7071067811865483499, 0.000000000000000000 ) ) ;
#1817 = AXIS2_PLACEMENT_3D ( 'NONE', #1836, #2413, #1304 ) ;
#1818 = ORIENTED_EDGE ( 'NONE', *, *, #3266, .F. ) ;
#1819 = ORIENTED_EDGE ( 'NONE', *, *, #1339, .F. ) ;
#1820 = DIRECTION ( 'NONE',  ( 0.000000000000000000, 0.000000000000000000, 1.000000000000000000 ) ) ;
#1821 = VERTEX_POINT ( 'NONE', #221 ) ;
#1822 = CIRCLE ( 'NONE', #1292, 1.749999999999996447 ) ;
#1823 = VECTOR ( 'NONE', #819, 1000.000000000000000 ) ;
#1824 = CARTESIAN_POINT ( 'NONE',  ( 24.20786437626935239, 19.95000000000000284, 2.000000000000000000 ) ) ;
#1825 = DIRECTION ( 'NONE',  ( 1.000000000000000000, 0.000000000000000000, 0.000000000000000000 ) ) ;
#1826 = VERTEX_POINT ( 'NONE', #1009 ) ;
#1827 = LINE ( 'NONE', #3499, #111 ) ;
#1828 = CARTESIAN_POINT ( 'NONE',  ( 17.22549693530130455, 21.91385724143676583, 3.014800032603593749 ) ) ;
#1829 = CARTESIAN_POINT ( 'NONE',  ( 20.49781649662665473, 19.95000000000000284, 2.545454545454528095 ) ) ;
#1830 = CARTESIAN_POINT ( 'NONE',  ( -6.150781836987602169, 13.50207077511848652, 29.21865984856949083 ) ) ;
#1831 = EDGE_CURVE ( 'NONE', #597, #2015, #1178, .T. ) ;
#1832 = CARTESIAN_POINT ( 'NONE',  ( -2.053153435408517691, 13.64999999999999858, 27.00000000000000355 ) ) ;
#1833 = EDGE_LOOP ( 'NONE', ( #2177, #3333 ) ) ;
#1834 = CARTESIAN_POINT ( 'NONE',  ( 2.053153435408412886, 19.94999999999999929, 47.00000000000000000 ) ) ;
#1835 = VERTEX_POINT ( 'NONE', #2095 ) ;
#1836 = CARTESIAN_POINT ( 'NONE',  ( 10.85000000000012044, 10.85000000000013465, 0.000000000000000000 ) ) ;
#1837 = VERTEX_POINT ( 'NONE', #3517 ) ;
#1838 = CARTESIAN_POINT ( 'NONE',  ( 15.35000000000011333, 15.34999999999999964, 3.000000000000000000 ) ) ;
#1839 = CARTESIAN_POINT ( 'NONE',  ( 25.81351030410845127, 21.57086961698668404, 0.000000000000000000 ) ) ;
#1840 = ORIENTED_EDGE ( 'NONE', *, *, #3070, .F. ) ;
#1841 = ORIENTED_EDGE ( 'NONE', *, *, #2032, .T. ) ;
#1842 = DIRECTION ( 'NONE',  ( 0.000000000000000000, 0.000000000000000000, -1.000000000000000000 ) ) ;
#1843 = LINE ( 'NONE', #132, #180 ) ;
#1844 = DIRECTION ( 'NONE',  ( -0.7071067811865513475, -0.7071067811865437980, 0.000000000000000000 ) ) ;
#1845 = CARTESIAN_POINT ( 'NONE',  ( 2.121320343560730404, 2.121320343560717081, 2.000000000000000000 ) ) ;
#1846 = EDGE_CURVE ( 'NONE', #109, #360, #204, .T. ) ;
#1847 = ORIENTED_EDGE ( 'NONE', *, *, #556, .F. ) ;
#1848 = CARTESIAN_POINT ( 'NONE',  ( -24.19039109047214708, 13.64204808480312714, 2.362223808973468842 ) ) ;
#1849 = EDGE_LOOP ( 'NONE', ( #613, #72 ) ) ;
#1850 = CARTESIAN_POINT ( 'NONE',  ( 23.69218996054882354, 23.69218996054634374, 2.000000000000000000 ) ) ;
#1851 = VERTEX_POINT ( 'NONE', #1025 ) ;
#1852 = DIRECTION ( 'NONE',  ( 0.000000000000000000, 0.000000000000000000, -1.000000000000000000 ) ) ;
#1853 = CARTESIAN_POINT ( 'NONE',  ( 24.20786437626935239, 19.95000000000000284, -5.047477198250068074E-31 ) ) ;
#1854 = VERTEX_POINT ( 'NONE', #2383 ) ;
#1855 = FACE_OUTER_BOUND ( 'NONE', #3401, .T. ) ;
#1856 = ORIENTED_EDGE ( 'NONE', *, *, #2006, .F. ) ;
#1857 = DIRECTION ( 'NONE',  ( -2.439454888092384977E-15, -1.000000000000000000, 0.000000000000000000 ) ) ;
#1858 = ADVANCED_FACE ( 'NONE', ( #1808 ), #715, .F. ) ;
#1859 = B_SPLINE_CURVE_WITH_KNOTS ( 'NONE', 3,
 ( #1860, #2111, #987, #1539, #474, #2382, #148, #1828, #437, #1588 ),
 .UNSPECIFIED., .F., .F.,
 ( 4, 2, 2, 2, 4 ),
 ( 0.000000000000000000, 0.002650621945284074247, 0.003313277431605087496, 0.003975932917926102046, 0.005301243890568136351 ),
 .UNSPECIFIED. ) ;
#1860 = CARTESIAN_POINT ( 'NONE',  ( 13.46869705022681885, 19.86907298722649529, 4.000000000000000000 ) ) ;
#1861 = CARTESIAN_POINT ( 'NONE',  ( 3.006852442668617730E-15, -18.35000000000000142, 4.000000000000000000 ) ) ;
#1862 = CARTESIAN_POINT ( 'NONE',  ( 28.35000000000011866, 4.548202788755371095, -1.681827829249823785E-31 ) ) ;
#1863 = AXIS2_PLACEMENT_3D ( 'NONE', #2134, #1045, #1905 ) ;
#1864 = AXIS2_PLACEMENT_3D ( 'NONE', #3305, #285, #2756 ) ;
#1865 = VERTEX_POINT ( 'NONE', #1589 ) ;
#1866 = CARTESIAN_POINT ( 'NONE',  ( 18.35000000000015064, 19.58848648655846603, 3.486067054541865051 ) ) ;
#1867 = CIRCLE ( 'NONE', #303, 3.000000000000000888 ) ;
#1868 = FACE_OUTER_BOUND ( 'NONE', #1016, .T. ) ;
#1869 = AXIS2_PLACEMENT_3D ( 'NONE', #3409, #3446, #2007 ) ;
#1870 = VECTOR ( 'NONE', #1494, 1000.000000000000000 ) ;
#1871 = CIRCLE ( 'NONE', #2972, 2.999999999999999112 ) ;
#1872 = VERTEX_POINT ( 'NONE', #1555 ) ;
#1873 = DIRECTION ( 'NONE',  ( -0.000000000000000000, 0.000000000000000000, 1.000000000000000000 ) ) ;
#1874 = VERTEX_POINT ( 'NONE', #1829 ) ;
#1875 = EDGE_CURVE ( 'NONE', #1472, #365, #2990, .T. ) ;
#1876 = DIRECTION ( 'NONE',  ( -1.638611685377993016E-16, 1.000000000000000000, -0.000000000000000000 ) ) ;
#1877 = DIRECTION ( 'NONE',  ( -0.000000000000000000, 0.000000000000000000, 1.000000000000000000 ) ) ;
#1878 = ORIENTED_EDGE ( 'NONE', *, *, #1809, .T. ) ;
#1879 = CARTESIAN_POINT ( 'NONE',  ( 0.000000000000000000, 0.000000000000000000, 2.000000000000000000 ) ) ;
#1880 = VERTEX_POINT ( 'NONE', #2130 ) ;
#1881 = EDGE_CURVE ( 'NONE', #1617, #2577, #2149, .T. ) ;
#1882 = CARTESIAN_POINT ( 'NONE',  ( -2.053153435408519023, -20.05000000000000071, 47.00000000000000000 ) ) ;
#1883 = DIRECTION ( 'NONE',  ( -0.000000000000000000, -0.000000000000000000, -1.000000000000000000 ) ) ;
#1884 = CARTESIAN_POINT ( 'NONE',  ( -15.35000000000005294, 15.35000000000006004, 3.000000000000000000 ) ) ;
#1885 = CARTESIAN_POINT ( 'NONE',  ( -2.615290731694821957, 11.91548399407847647, 34.01893766303445688 ) ) ;
#1886 = FACE_OUTER_BOUND ( 'NONE', #1564, .T. ) ;
#1887 = VERTEX_POINT ( 'NONE', #3230 ) ;
#1888 = DIRECTION ( 'NONE',  ( 1.000000000000000000, 0.000000000000000000, 0.000000000000000000 ) ) ;
#1889 = AXIS2_PLACEMENT_3D ( 'NONE', #1692, #2803, #316 ) ;
#1890 = ORIENTED_EDGE ( 'NONE', *, *, #2476, .F. ) ;
#1891 = ORIENTED_EDGE ( 'NONE', *, *, #712, .T. ) ;
#1892 = DIRECTION ( 'NONE',  ( 1.000000000000000000, 0.000000000000000000, 0.000000000000000000 ) ) ;
#1893 = CARTESIAN_POINT ( 'NONE',  ( 23.69218996054625492, -23.69218996054890525, 2.000000000000000000 ) ) ;
#1894 = ORIENTED_EDGE ( 'NONE', *, *, #2454, .F. ) ;
#1895 = EDGE_CURVE ( 'NONE', #2428, #3580, #3247, .T. ) ;
#1896 = FACE_OUTER_BOUND ( 'NONE', #2489, .T. ) ;
#1897 = VERTEX_POINT ( 'NONE', #2921 ) ;
#1898 = CALENDAR_DATE ( 2026, 19, 6 ) ;
#1899 = DIRECTION ( 'NONE',  ( 1.000000000000000000, -1.144917494144692840E-14, 0.000000000000000000 ) ) ;
#1900 = EDGE_CURVE ( 'NONE', #2260, #3088, #250, .T. ) ;
#1901 = CARTESIAN_POINT ( 'NONE',  ( 15.35000000000015952, -15.34999999999994991, 3.000000000000000000 ) ) ;
#1902 = DIRECTION ( 'NONE',  ( -0.000000000000000000, -0.000000000000000000, -1.000000000000000000 ) ) ;
#1903 = CARTESIAN_POINT ( 'NONE',  ( 0.000000000000000000, 0.000000000000000000, 2.000000000000000000 ) ) ;
#1904 = EDGE_LOOP ( 'NONE', ( #2658, #1342, #1711, #2281 ) ) ;
#1905 = DIRECTION ( 'NONE',  ( -1.000000000000000000, 0.000000000000000000, 0.000000000000000000 ) ) ;
#1906 = EDGE_CURVE ( 'NONE', #2577, #554, #2968, .T. ) ;
#1907 = ORIENTED_EDGE ( 'NONE', *, *, #158, .F. ) ;
#1908 = LINE ( 'NONE', #2178, #2381 ) ;
#1909 = ORIENTED_EDGE ( 'NONE', *, *, #405, .F. ) ;
#1910 = CARTESIAN_POINT ( 'NONE',  ( 24.14423938417212412, 13.64999999999999858, 3.076281669879697755 ) ) ;
#1911 = CARTESIAN_POINT ( 'NONE',  ( 24.16905243079433774, 13.63228002428486363, 2.723625594527121496 ) ) ;
#1912 = VERTEX_POINT ( 'NONE', #771 ) ;
#1913 = CARTESIAN_POINT ( 'NONE',  ( 24.20786437626889409, -19.96522368915221080, 2.000000000000000000 ) ) ;
#1914 = ORIENTED_EDGE ( 'NONE', *, *, #1254, .T. ) ;
#1915 = MECHANICAL_CONTEXT ( 'NONE', #3427, 'mechanical' ) ;
#1916 = LINE ( 'NONE', #3008, #2564 ) ;
#1917 = CARTESIAN_POINT ( 'NONE',  ( 2.053153435407436334, 9.499202836393509486, 37.35832022167644340 ) ) ;
#1918 = EDGE_CURVE ( 'NONE', #1176, #1932, #2701, .T. ) ;
#1919 = DIRECTION ( 'NONE',  ( 1.000000000000000000, 4.510281037539699234E-15, 0.000000000000000000 ) ) ;
#1920 = CARTESIAN_POINT ( 'NONE',  ( 24.20786437626935239, 19.96522368914760648, 0.000000000000000000 ) ) ;
#1921 = ORIENTED_EDGE ( 'NONE', *, *, #2357, .T. ) ;
#1922 = DIRECTION ( 'NONE',  ( 1.000000000000000000, -8.673617379884037444E-16, 0.000000000000000000 ) ) ;
#1923 = DIRECTION ( 'NONE',  ( 0.000000000000000000, -0.000000000000000000, -1.000000000000000000 ) ) ;
#1924 = APPROVAL ( #1370, 'UNSPECIFIED' ) ;
#1925 = VERTEX_POINT ( 'NONE', #2662 ) ;
#1926 = VECTOR ( 'NONE', #2065, 1000.000000000000000 ) ;
#1927 = AXIS2_PLACEMENT_3D ( 'NONE', #2246, #3363, #329 ) ;
#1928 = CIRCLE ( 'NONE', #1578, 24.00387180440943524 ) ;
#1929 = LINE ( 'NONE', #2711, #668 ) ;
#1930 = ORIENTED_EDGE ( 'NONE', *, *, #3501, .F. ) ;
#1931 = DIRECTION ( 'NONE',  ( -0.000000000000000000, 0.000000000000000000, 1.000000000000000000 ) ) ;
#1932 = VERTEX_POINT ( 'NONE', #2422 ) ;
#1933 = CARTESIAN_POINT ( 'NONE',  ( 15.35000000000015952, -15.34999999999994991, 3.000000000000000000 ) ) ;
#1934 = CARTESIAN_POINT ( 'NONE',  ( -12.35000000000000853, -15.35000000000010623, 3.000000000000000000 ) ) ;
#1935 = AXIS2_PLACEMENT_3D ( 'NONE', #3468, #2552, #2278 ) ;
#1936 = AXIS2_PLACEMENT_3D ( 'NONE', #560, #3145, #2249 ) ;
#1937 = CARTESIAN_POINT ( 'NONE',  ( 20.49781649662665473, 19.95000000000000284, 2.545454545454528095 ) ) ;
#1938 = DIRECTION ( 'NONE',  ( 0.7071067811865422437, -0.7071067811865529018, 0.000000000000000000 ) ) ;
#1939 = ORIENTED_EDGE ( 'NONE', *, *, #2547, .T. ) ;
#1940 = CARTESIAN_POINT ( 'NONE',  ( 17.83721627534124821, -22.36060591030775768, 2.545454545454427731 ) ) ;
#1941 = EDGE_CURVE ( 'NONE', #2833, #3425, #438, .T. ) ;
#1942 = EDGE_CURVE ( 'NONE', #1865, #1252, #1040, .T. ) ;
#1943 = ORIENTED_EDGE ( 'NONE', *, *, #2652, .F. ) ;
#1944 = VECTOR ( 'NONE', #818, 1000.000000000000000 ) ;
#1945 = FACE_BOUND ( 'NONE', #1471, .T. ) ;
#1946 = CARTESIAN_POINT ( 'NONE',  ( -2.121320343560743282, 2.121320343560738397, 2.000000000000000000 ) ) ;
#1947 = ORIENTED_EDGE ( 'NONE', *, *, #2434, .F. ) ;
#1948 = CARTESIAN_POINT ( 'NONE',  ( -23.47941223623377383, -19.19715324994922412, 2.000000000000000000 ) ) ;
#1949 = EDGE_LOOP ( 'NONE', ( #1685, #3275, #929, #3264, #216, #3504, #1084, #1726 ) ) ;
#1950 = VECTOR ( 'NONE', #717, 1000.000000000000000 ) ;
#1951 = PERSON_AND_ORGANIZATION_ROLE ( 'creator' ) ;
#1952 = PLANE ( 'NONE',  #1110 ) ;
#1953 = DIRECTION ( 'NONE',  ( -1.000000000000000000, 0.000000000000000000, -0.000000000000000000 ) ) ;
#1954 = DIRECTION ( 'NONE',  ( -1.000000000000000000, -1.550760359917785817E-16, 0.000000000000000000 ) ) ;
#1955 = CARTESIAN_POINT ( 'NONE',  ( -18.35000000000013287, 16.98507861423218301, 3.955511802618455253 ) ) ;
#1956 = ORIENTED_EDGE ( 'NONE', *, *, #253, .F. ) ;
#1957 = CARTESIAN_POINT ( 'NONE',  ( 17.94039465755647100, -22.43813219463553210, 2.457650197356291422 ) ) ;
#1958 = ADVANCED_FACE ( 'NONE', ( #3269 ), #1273, .F. ) ;
#1959 = ORIENTED_EDGE ( 'NONE', *, *, #2012, .T. ) ;
#1960 = CYLINDRICAL_SURFACE ( 'NONE', #1889, 2.999999999999999112 ) ;
#1961 = CARTESIAN_POINT ( 'NONE',  ( 18.35000000000011156, 19.95000000000000284, -2.228252304892222344E-13 ) ) ;
#1962 = VERTEX_POINT ( 'NONE', #732 ) ;
#1963 = CARTESIAN_POINT ( 'NONE',  ( -22.69276224895422800, -18.26778688806135875, 2.244694863649752126 ) ) ;
#1964 = ORIENTED_EDGE ( 'NONE', *, *, #2051, .T. ) ;
#1965 = APPROVAL_ROLE ( '' ) ;
#1966 = EDGE_CURVE ( 'NONE', #2052, #2101, #2215, .T. ) ;
#1967 = EDGE_CURVE ( 'NONE', #3591, #594, #7, .T. ) ;
#1968 = CARTESIAN_POINT ( 'NONE',  ( -21.94218996054865656, -23.69218996054651072, 2.000000000000000000 ) ) ;
#1969 = DIRECTION ( 'NONE',  ( -0.000000000000000000, -0.000000000000000000, -1.000000000000000000 ) ) ;
#1970 = EDGE_CURVE ( 'NONE', #141, #1415, #3047, .T. ) ;
#1971 = DIRECTION ( 'NONE',  ( -1.000000000000000000, 0.000000000000000000, -0.000000000000000000 ) ) ;
#1972 = DIRECTION ( 'NONE',  ( 0.7071067811865529018, 0.7071067811865422437, 0.000000000000000000 ) ) ;
#1973 = CYLINDRICAL_SURFACE ( 'NONE', #2265, 2.999999999999999112 ) ;
#1974 = AXIS2_PLACEMENT_3D ( 'NONE', #2125, #2963, #2911 ) ;
#1975 = EDGE_LOOP ( 'NONE', ( #3349, #3494, #3404, #1671, #1907, #138 ) ) ;
#1976 = LINE ( 'NONE', #610, #2210 ) ;
#1977 = AXIS2_PLACEMENT_3D ( 'NONE', #3255, #1873, #2355 ) ;
#1978 = EDGE_LOOP ( 'NONE', ( #2354, #2830, #459, #2618 ) ) ;
#1979 = CARTESIAN_POINT ( 'NONE',  ( 23.69218996054625492, -23.69218996054890525, 2.000000000000000000 ) ) ;
#1980 = CARTESIAN_POINT ( 'NONE',  ( -23.69218996054642545, 23.69218996054874182, 2.000000000000000000 ) ) ;
#1981 = VERTEX_POINT ( 'NONE', #2484 ) ;
#1982 = AXIS2_PLACEMENT_3D ( 'NONE', #3137, #96, #1204 ) ;
#1983 = ADVANCED_FACE ( 'NONE', ( #3570 ), #2240, .T. ) ;
#1984 = AXIS2_PLACEMENT_3D ( 'NONE', #3532, #1807, #2936 ) ;
#1985 = AXIS2_PLACEMENT_3D ( 'NONE', #1200, #3391, #1734 ) ;
#1986 = AXIS2_PLACEMENT_3D ( 'NONE', #1236, #2345, #2025 ) ;
#1987 = DIRECTION ( 'NONE',  ( -0.000000000000000000, 0.000000000000000000, 1.000000000000000000 ) ) ;
#1988 = VECTOR ( 'NONE', #3522, 1000.000000000000000 ) ;
#1989 = CARTESIAN_POINT ( 'NONE',  ( -24.20786437626921739, -19.96522368914778411, 0.000000000000000000 ) ) ;
#1990 = ADVANCED_FACE ( 'NONE', ( #2755, #2223 ), #2465, .T. ) ;
#1991 = DIRECTION ( 'NONE',  ( -1.000000000000000000, 0.000000000000000000, 0.000000000000000000 ) ) ;
#1992 = DIRECTION ( 'NONE',  ( -0.000000000000000000, -0.000000000000000000, -1.000000000000000000 ) ) ;
#1993 = DIRECTION ( 'NONE',  ( -0.000000000000000000, -0.000000000000000000, -1.000000000000000000 ) ) ;
#1994 = VECTOR ( 'NONE', #1315, 1000.000000000000000 ) ;
#1995 = CARTESIAN_POINT ( 'NONE',  ( 2.558426425360547096, 13.64106700588764021, 27.51760025597647896 ) ) ;
#1996 = VECTOR ( 'NONE', #2667, 1000.000000000000000 ) ;
#1997 = VECTOR ( 'NONE', #2486, 1000.000000000000000 ) ;
#1998 = EDGE_LOOP ( 'NONE', ( #3434, #1157, #1716, #3236 ) ) ;
#1999 = CARTESIAN_POINT ( 'NONE',  ( 24.14386985804916463, 13.63034817226876605, 3.081542960985474089 ) ) ;
#2000 = ORIENTED_EDGE ( 'NONE', *, *, #3560, .F. ) ;
#2001 = VERTEX_POINT ( 'NONE', #1934 ) ;
#2002 = CARTESIAN_POINT ( 'NONE',  ( -15.35000000000013465, 15.34999999999999964, 2.000000000000000000 ) ) ;
#2003 = ORIENTED_EDGE ( 'NONE', *, *, #923, .F. ) ;
#2004 = CARTESIAN_POINT ( 'NONE',  ( -21.94218996054865656, -23.69218996054651072, 0.000000000000000000 ) ) ;
#2005 = DIRECTION ( 'NONE',  ( -0.000000000000000000, -0.000000000000000000, -1.000000000000000000 ) ) ;
#2006 = EDGE_CURVE ( 'NONE', #2015, #418, #1381, .T. ) ;
#2007 = DIRECTION ( 'NONE',  ( 0.000000000000000000, -0.000000000000000000, 1.000000000000000000 ) ) ;
#2008 = EDGE_CURVE ( 'NONE', #1531, #2934, #1131, .T. ) ;
#2009 = DIRECTION ( 'NONE',  ( -1.130113013665673862E-16, 1.000000000000000000, 0.000000000000000000 ) ) ;
#2010 = DIRECTION ( 'NONE',  ( 0.000000000000000000, -0.000000000000000000, -1.000000000000000000 ) ) ;
#2011 = CARTESIAN_POINT ( 'NONE',  ( 21.62585971250843642, 13.65000000000000036, 3.851358090076678842 ) ) ;
#2012 = EDGE_CURVE ( 'NONE', #2034, #1328, #883, .T. ) ;
#2013 = EDGE_CURVE ( 'NONE', #3114, #1874, #3553, .T. ) ;
#2014 = EDGE_LOOP ( 'NONE', ( #2253, #261, #2140, #1283, #2475, #673, #3225, #2944 ) ) ;
#2015 = VERTEX_POINT ( 'NONE', #1917 ) ;
#2016 = AXIS2_PLACEMENT_3D ( 'NONE', #3299, #2769, #805 ) ;
#2017 = ADVANCED_FACE ( 'NONE', ( #265 ), #809, .F. ) ;
#2018 = ORIENTED_EDGE ( 'NONE', *, *, #68, .F. ) ;
#2019 = LINE ( 'NONE', #1438, #1215 ) ;
#2020 = CARTESIAN_POINT ( 'NONE',  ( 8.818347458630169555, 13.63043045531964026, 27.85196874356302388 ) ) ;
#2021 = ORIENTED_EDGE ( 'NONE', *, *, #80, .F. ) ;
#2022 = CARTESIAN_POINT ( 'NONE',  ( 2.121320343560742838, -2.121320343560765043, 2.000000000000000000 ) ) ;
#2023 = DIRECTION ( 'NONE',  ( -1.000000000000000000, 0.000000000000000000, 0.000000000000000000 ) ) ;
#2024 = ORIENTED_EDGE ( 'NONE', *, *, #25, .F. ) ;
#2025 = DIRECTION ( 'NONE',  ( 1.000000000000000000, 0.000000000000000000, 0.000000000000000000 ) ) ;
#2026 = DIRECTION ( 'NONE',  ( -1.000000000000000000, 0.000000000000000000, 0.000000000000000000 ) ) ;
#2027 = DIRECTION ( 'NONE',  ( -0.000000000000000000, -0.000000000000000000, -1.000000000000000000 ) ) ;
#2028 = LINE ( 'NONE', #114, #2910 ) ;
#2029 = ADVANCED_FACE ( 'NONE', ( #3009, #1648 ), #1372, .T. ) ;
#2030 = DIRECTION ( 'NONE',  ( 1.000000000000000000, 1.550760359917785817E-16, -0.000000000000000000 ) ) ;
#2031 = ORIENTED_EDGE ( 'NONE', *, *, #2609, .T. ) ;
#2032 = EDGE_CURVE ( 'NONE', #3147, #3063, #680, .T. ) ;
#2033 = EDGE_LOOP ( 'NONE', ( #767, #3399, #254, #3075 ) ) ;
#2034 = VERTEX_POINT ( 'NONE', #1408 ) ;
#2035 = CARTESIAN_POINT ( 'NONE',  ( 9.635762479035413719, 13.65000000011857217, 27.44544215163502088 ) ) ;
#2036 = ORIENTED_EDGE ( 'NONE', *, *, #2137, .T. ) ;
#2037 = CARTESIAN_POINT ( 'NONE',  ( -15.35000000000000675, -15.35000000000010623, 3.000000000000000000 ) ) ;
#2038 = AXIS2_PLACEMENT_3D ( 'NONE', #206, #3271, #2681 ) ;
#2039 = DIRECTION ( 'NONE',  ( 1.000000000000000000, 0.000000000000000000, 0.000000000000000000 ) ) ;
#2040 = ORIENTED_EDGE ( 'NONE', *, *, #1518, .F. ) ;
#2041 = CARTESIAN_POINT ( 'NONE',  ( 38.34999999999993747, -5.823088065421366366, 2.000000000000000000 ) ) ;
#2042 = FACE_BOUND ( 'NONE', #2449, .T. ) ;
#2043 = AXIS2_PLACEMENT_3D ( 'NONE', #2002, #2512, #1182 ) ;
#2044 = CIRCLE ( 'NONE', #827, 19.99999999999999645 ) ;
#2045 = AXIS2_PLACEMENT_3D ( 'NONE', #1571, #1333, #2440 ) ;
#2046 = LINE ( 'NONE', #1756, #2624 ) ;
#2047 = AXIS2_PLACEMENT_3D ( 'NONE', #3593, #2217, #2710 ) ;
#2048 = DIRECTION ( 'NONE',  ( 2.321220991943256543E-13, 3.603355286407867970E-29, 1.000000000000000000 ) ) ;
#2049 = LINE ( 'NONE', #1723, #2151 ) ;
#2050 = FACE_OUTER_BOUND ( 'NONE', #1146, .T. ) ;
#2051 = EDGE_CURVE ( 'NONE', #775, #1835, #1638, .T. ) ;
#2052 = VERTEX_POINT ( 'NONE', #1751 ) ;
#2053 = EDGE_CURVE ( 'NONE', #3238, #852, #1225, .T. ) ;
#2054 = ORIENTED_EDGE ( 'NONE', *, *, #2788, .T. ) ;
#2055 = ORIENTED_EDGE ( 'NONE', *, *, #1906, .T. ) ;
#2056 = VERTEX_POINT ( 'NONE', #55 ) ;
#2057 = DIRECTION ( 'NONE',  ( -1.000000000000000000, 0.000000000000000000, 0.000000000000000000 ) ) ;
#2058 = CARTESIAN_POINT ( 'NONE',  ( 25.81351030410592529, -21.57086961698928462, 0.000000000000000000 ) ) ;
#2059 = ORIENTED_EDGE ( 'NONE', *, *, #2006, .T. ) ;
#2060 = CARTESIAN_POINT ( 'NONE',  ( 17.94030054395286911, 22.43806147945051421, 2.457730287619837917 ) ) ;
#2061 = ADVANCED_FACE ( 'NONE', ( #915 ), #2303, .F. ) ;
#2062 = CARTESIAN_POINT ( 'NONE',  ( 18.35000000000011511, -5.823088065421368142, 2.000000000000000000 ) ) ;
#2063 = AXIS2_PLACEMENT_3D ( 'NONE', #3470, #3141, #1490 ) ;
#2064 = DIRECTION ( 'NONE',  ( 1.000000000000000000, 0.000000000000000000, 0.000000000000000000 ) ) ;
#2065 = DIRECTION ( 'NONE',  ( -0.000000000000000000, -0.000000000000000000, -1.000000000000000000 ) ) ;
#2066 = AXIS2_PLACEMENT_3D ( 'NONE', #1961, #545, #858 ) ;
#2067 = DIRECTION ( 'NONE',  ( -0.000000000000000000, -0.000000000000000000, -1.000000000000000000 ) ) ;
#2068 = ORIENTED_EDGE ( 'NONE', *, *, #1875, .F. ) ;
#2069 = ADVANCED_FACE ( 'NONE', ( #633 ), #1165, .T. ) ;
#2070 = ORIENTED_EDGE ( 'NONE', *, *, #1626, .F. ) ;
#2071 = DIRECTION ( 'NONE',  ( -1.000000000000000000, 0.000000000000000000, 0.000000000000000000 ) ) ;
#2072 = ORIENTED_EDGE ( 'NONE', *, *, #1941, .T. ) ;
#2073 = EDGE_CURVE ( 'NONE', #718, #548, #3207, .T. ) ;
#2074 = CARTESIAN_POINT ( 'NONE',  ( 21.91385724143668767, -17.22549693530138981, 3.014800032603592417 ) ) ;
#2075 = CARTESIAN_POINT ( 'NONE',  ( -4.147514760152989466E-15, 18.34999999999999787, 2.000000000000000000 ) ) ;
#2076 = CARTESIAN_POINT ( 'NONE',  ( -13.85000000000012044, -10.85000000000013465, 0.000000000000000000 ) ) ;
#2077 = ORIENTED_EDGE ( 'NONE', *, *, #3028, .F. ) ;
#2078 = CARTESIAN_POINT ( 'NONE',  ( -19.96522368915195855, -24.20786437626910015, 2.000000000000000000 ) ) ;
#2079 = CARTESIAN_POINT ( 'NONE',  ( 22.69366862049792033, -18.26892428741547647, 2.244096623653334177 ) ) ;
#2080 = DIRECTION ( 'NONE',  ( 0.000000000000000000, -0.000000000000000000, -1.000000000000000000 ) ) ;
#2081 = DIRECTION ( 'NONE',  ( -0.000000000000000000, 0.000000000000000000, 1.000000000000000000 ) ) ;
#2082 = B_SPLINE_CURVE_WITH_KNOTS ( 'NONE', 3,
 ( #3095, #2020, #2035, #1745 ),
 .UNSPECIFIED., .F., .F.,
 ( 4, 4 ),
 ( 0.000000000000000000, 0.002739385066955088172 ),
 .UNSPECIFIED. ) ;
#2083 = LINE ( 'NONE', #1207, #1302 ) ;
#2084 = ORIENTED_EDGE ( 'NONE', *, *, #2135, .F. ) ;
#2085 = ORIENTED_EDGE ( 'NONE', *, *, #1881, .T. ) ;
#2086 = DIRECTION ( 'NONE',  ( 1.638611685377993016E-16, -1.000000000000000000, 0.000000000000000000 ) ) ;
#2087 = VERTEX_POINT ( 'NONE', #1771 ) ;
#2088 = CARTESIAN_POINT ( 'NONE',  ( 0.000000000000000000, 0.000000000000000000, 3.999999999999999112 ) ) ;
#2089 = DIRECTION ( 'NONE',  ( -1.000000000000000000, 0.000000000000000000, 0.000000000000000000 ) ) ;
#2090 = AXIS2_PLACEMENT_3D ( 'NONE', #3243, #2377, #1005 ) ;
#2091 = EDGE_CURVE ( 'NONE', #669, #269, #2861, .T. ) ;
#2092 = ORIENTED_EDGE ( 'NONE', *, *, #1364, .T. ) ;
#2093 = DIRECTION ( 'NONE',  ( 0.000000000000000000, -0.000000000000000000, -1.000000000000000000 ) ) ;
#2094 = ADVANCED_FACE ( 'NONE', ( #2533 ), #2838, .F. ) ;
#2095 = CARTESIAN_POINT ( 'NONE',  ( 21.94218996054882354, 23.69218996054634374, 2.000000000000000000 ) ) ;
#2096 = TOROIDAL_SURFACE ( 'NONE', #3087, 30.32842712474619162, 3.000000000000000000 ) ;
#2097 = AXIS2_PLACEMENT_3D ( 'NONE', #3502, #2112, #455 ) ;
#2098 = CARTESIAN_POINT ( 'NONE',  ( -25.81351030410608161, 21.57086961698910699, 2.000000000000000000 ) ) ;
#2099 = EDGE_LOOP ( 'NONE', ( #3291, #2714, #896, #435 ) ) ;
#2100 = CARTESIAN_POINT ( 'NONE',  ( -24.14368565248690857, 13.62051889931429827, 3.084161056062583395 ) ) ;
#2101 = VERTEX_POINT ( 'NONE', #2585 ) ;
#2102 = LINE ( 'NONE', #3473, #246 ) ;
#2103 = EDGE_LOOP ( 'NONE', ( #1847, #2513, #2068, #2542, #2126, #3562, #645 ) ) ;
#2104 = CIRCLE ( 'NONE', #892, 28.60354840101800988 ) ;
#2105 = CARTESIAN_POINT ( 'NONE',  ( 21.13889135658464369, -16.01249307288182067, 3.597235868101121614 ) ) ;
#2106 = CARTESIAN_POINT ( 'NONE',  ( -21.94218996054642545, 23.69218996054874182, 2.000000000000000000 ) ) ;
#2107 = ORIENTED_EDGE ( 'NONE', *, *, #3416, .F. ) ;
#2108 = ORIENTED_EDGE ( 'NONE', *, *, #501, .T. ) ;
#2109 = DIRECTION ( 'NONE',  ( -0.000000000000000000, 0.000000000000000000, 1.000000000000000000 ) ) ;
#2110 = EDGE_CURVE ( 'NONE', #2670, #1248, #256, .T. ) ;
#2111 = CARTESIAN_POINT ( 'NONE',  ( 14.29527208040452990, 20.21102929022875472, 4.000000000000000888 ) ) ;
#2112 = DIRECTION ( 'NONE',  ( -0.000000000000000000, -0.000000000000000000, -1.000000000000000000 ) ) ;
#2113 = CARTESIAN_POINT ( 'NONE',  ( -5.823088065420885862, -18.35000000000000142, 0.000000000000000000 ) ) ;
#2114 = EDGE_CURVE ( 'NONE', #1288, #2479, #589, .T. ) ;
#2115 = CARTESIAN_POINT ( 'NONE',  ( 15.35000000000015952, -15.34999999999994991, 3.000000000000000000 ) ) ;
#2116 = ORIENTED_EDGE ( 'NONE', *, *, #677, .T. ) ;
#2117 = AXIS2_PLACEMENT_3D ( 'NONE', #1862, #2520, #3374 ) ;
#2118 = CARTESIAN_POINT ( 'NONE',  ( -24.19265705746121498, 19.94999999999999929, 2.000000000000000000 ) ) ;
#2119 = ORIENTED_EDGE ( 'NONE', *, *, #2247, .F. ) ;
#2120 = CARTESIAN_POINT ( 'NONE',  ( -22.95532247718001173, 13.64999999999999503, 20.01401856344601171 ) ) ;
#2121 = EDGE_LOOP ( 'NONE', ( #1890, #1558, #372, #2635 ) ) ;
#2122 = ADVANCED_FACE ( 'NONE', ( #2275 ), #2824, .F. ) ;
#2123 = B_SPLINE_CURVE_WITH_KNOTS ( 'NONE', 3,
 ( #2902, #1206, #922, #678 ),
 .UNSPECIFIED., .F., .F.,
 ( 4, 4 ),
 ( 0.000000000000000000, 0.001845473698085635340 ),
 .UNSPECIFIED. ) ;
#2124 = LINE ( 'NONE', #1824, #2508 ) ;
#2125 = CARTESIAN_POINT ( 'NONE',  ( 12.05315343540743456, 16.79999999997078319, 37.35832022167411992 ) ) ;
#2126 = ORIENTED_EDGE ( 'NONE', *, *, #1271, .T. ) ;
#2127 = ORIENTED_EDGE ( 'NONE', *, *, #2390, .T. ) ;
#2128 = CARTESIAN_POINT ( 'NONE',  ( 21.94218996054625492, -23.69218996054890525, 2.000000000000000000 ) ) ;
#2129 = CARTESIAN_POINT ( 'NONE',  ( -38.34999999999998010, 5.823088065421098136, 2.000000000000000000 ) ) ;
#2130 = CARTESIAN_POINT ( 'NONE',  ( -7.983801529043849321, 19.94999999999999574, 28.22374989449534510 ) ) ;
#2131 = VECTOR ( 'NONE', #3339, 1000.000000000000000 ) ;
#2132 = CYLINDRICAL_SURFACE ( 'NONE', #2117, 10.00000000000000000 ) ;
#2133 = VERTEX_POINT ( 'NONE', #1989 ) ;
#2134 = CARTESIAN_POINT ( 'NONE',  ( -23.69218996054642545, 23.69218996054874182, 2.000000000000000000 ) ) ;
#2135 = EDGE_CURVE ( 'NONE', #1615, #1981, #244, .T. ) ;
#2136 = CYLINDRICAL_SURFACE ( 'NONE', #124, 2.999999999999999112 ) ;
#2137 = EDGE_CURVE ( 'NONE', #2087, #255, #335, .T. ) ;
#2138 = ORIENTED_EDGE ( 'NONE', *, *, #856, .T. ) ;
#2139 = FACE_OUTER_BOUND ( 'NONE', #2264, .T. ) ;
#2140 = ORIENTED_EDGE ( 'NONE', *, *, #443, .T. ) ;
#2141 = FACE_BOUND ( 'NONE', #195, .T. ) ;
#2142 = LINE ( 'NONE', #1536, #3081 ) ;
#2143 = ORIENTED_EDGE ( 'NONE', *, *, #453, .F. ) ;
#2144 = CC_DESIGN_APPROVAL ( #1924, ( #1163 ) ) ;
#2145 = DIRECTION ( 'NONE',  ( 1.000000000000000000, 0.000000000000000000, 0.000000000000000000 ) ) ;
#2146 = ORIENTED_EDGE ( 'NONE', *, *, #2719, .F. ) ;
#2147 = DIRECTION ( 'NONE',  ( -0.000000000000000000, -0.000000000000000000, -1.000000000000000000 ) ) ;
#2148 = DIRECTION ( 'NONE',  ( 0.000000000000000000, -0.000000000000000000, -1.000000000000000000 ) ) ;
#2149 = LINE ( 'NONE', #2718, #592 ) ;
#2150 = PLANE ( 'NONE',  #3173 ) ;
#2151 = VECTOR ( 'NONE', #3161, 1000.000000000000000 ) ;
#2152 = AXIS2_PLACEMENT_3D ( 'NONE', #3048, #2466, #2737 ) ;
#2153 = ORIENTED_EDGE ( 'NONE', *, *, #306, .F. ) ;
#2154 = DIRECTION ( 'NONE',  ( -6.059234519217239252E-48, 3.697785493223492838E-32, 1.000000000000000000 ) ) ;
#2155 = AXIS2_PLACEMENT_3D ( 'NONE', #39, #3133, #92 ) ;
#2156 = TOROIDAL_SURFACE ( 'NONE', #2325, 24.00387180440943524, 8.000000000000000000 ) ;
#2157 = ADVANCED_FACE ( 'NONE', ( #3444 ), #2288, .F. ) ;
#2158 = CIRCLE ( 'NONE', #1282, 19.99999999999999645 ) ;
#2159 = ORIENTED_EDGE ( 'NONE', *, *, #854, .T. ) ;
#2160 = ORIENTED_EDGE ( 'NONE', *, *, #2700, .F. ) ;
#2161 = EDGE_CURVE ( 'NONE', #2428, #1851, #2452, .T. ) ;
#2162 = AXIS2_PLACEMENT_3D ( 'NONE', #3481, #149, #1256 ) ;
#2163 = LINE ( 'NONE', #1382, #1191 ) ;
#2164 = DIRECTION ( 'NONE',  ( -0.000000000000000000, -0.000000000000000000, -1.000000000000000000 ) ) ;
#2165 = ORIENTED_EDGE ( 'NONE', *, *, #2582, .T. ) ;
#2166 = LINE ( 'NONE', #3263, #1500 ) ;
#2167 = ORIENTED_EDGE ( 'NONE', *, *, #2137, .F. ) ;
#2168 = AXIS2_PLACEMENT_3D ( 'NONE', #48, #3417, #1492 ) ;
#2169 = PLANE ( 'NONE',  #2851 ) ;
#2170 = CARTESIAN_POINT ( 'NONE',  ( -15.35000000000013465, 15.34999999999999964, 3.000000000000000000 ) ) ;
#2171 = EDGE_CURVE ( 'NONE', #1880, #546, #1814, .T. ) ;
#2172 = FACE_OUTER_BOUND ( 'NONE', #498, .T. ) ;
#2173 = B_SPLINE_CURVE_WITH_KNOTS ( 'NONE', 3,
 ( #2450, #1632, #6, #2521, #591, #1397, #1957, #1940 ),
 .UNSPECIFIED., .F., .F.,
 ( 4, 2, 2, 4 ),
 ( 0.000000000000000000, 0.0009317589453367247860, 0.001397638418005080077, 0.001863517890673435477 ),
 .UNSPECIFIED. ) ;
#2174 = DIRECTION ( 'NONE',  ( -1.000000000000000000, 0.000000000000000000, -0.000000000000000000 ) ) ;
#2175 = VERTEX_POINT ( 'NONE', #2058 ) ;
#2176 = DIRECTION ( 'NONE',  ( 1.000000000000000000, 0.000000000000000000, 0.000000000000000000 ) ) ;
#2177 = ORIENTED_EDGE ( 'NONE', *, *, #1450, .F. ) ;
#2178 = CARTESIAN_POINT ( 'NONE',  ( 10.85000000000012044, 13.85000000000013287, 2.000000000000000000 ) ) ;
#2179 = ORIENTED_EDGE ( 'NONE', *, *, #2110, .T. ) ;
#2180 = CARTESIAN_POINT ( 'NONE',  ( -18.35000000000012932, -9.020557328007751978E-15, 4.000000000000000000 ) ) ;
#2181 = CARTESIAN_POINT ( 'NONE',  ( -18.35000000000013642, 19.94999999999999574, 4.000000000000000000 ) ) ;
#2182 = ORIENTED_EDGE ( 'NONE', *, *, #2636, .T. ) ;
#2183 = LINE ( 'NONE', #294, #3584 ) ;
#2184 = ORIENTED_EDGE ( 'NONE', *, *, #1271, .F. ) ;
#2185 = EDGE_CURVE ( 'NONE', #3463, #3567, #3025, .T. ) ;
#2186 = DIRECTION ( 'NONE',  ( -2.321220991943256543E-13, 0.000000000000000000, -1.000000000000000000 ) ) ;
#2187 = CARTESIAN_POINT ( 'NONE',  ( 2.478832226715657949, 11.66440136415719309, 34.46246899923369966 ) ) ;
#2188 = EDGE_CURVE ( 'NONE', #3580, #1018, #2844, .T. ) ;
#2189 = CARTESIAN_POINT ( 'NONE',  ( 19.81099083906740788, 19.95000000000000284, 2.891331546720444567 ) ) ;
#2190 = CARTESIAN_POINT ( 'NONE',  ( 0.000000000000000000, 0.000000000000000000, 5.000000000000000000 ) ) ;
#2191 = ORIENTED_EDGE ( 'NONE', *, *, #1316, .F. ) ;
#2192 = LINE ( 'NONE', #288, #3031 ) ;
#2193 = CARTESIAN_POINT ( 'NONE',  ( 13.46869705022478136, -19.86907298722787729, 4.000000000000000000 ) ) ;
#2194 = VERTEX_POINT ( 'NONE', #3260 ) ;
#2195 = CARTESIAN_POINT ( 'NONE',  ( -13.85000000000012044, 10.85000000000013465, 0.000000000000000000 ) ) ;
#2196 = CARTESIAN_POINT ( 'NONE',  ( -2.053153435408519023, -20.05000000000000071, 47.00000000000000000 ) ) ;
#2197 = VERTEX_POINT ( 'NONE', #1839 ) ;
#2198 = CARTESIAN_POINT ( 'NONE',  ( -23.69218996054642545, 23.69218996054874182, 2.000000000000000000 ) ) ;
#2199 = VERTEX_POINT ( 'NONE', #2106 ) ;
#2200 = CALENDAR_DATE ( 2026, 19, 6 ) ;
#2201 = DIRECTION ( 'NONE',  ( -0.7071067811865467956, -0.7071067811865483499, 0.000000000000000000 ) ) ;
#2202 = DIRECTION ( 'NONE',  ( -0.000000000000000000, -0.000000000000000000, -1.000000000000000000 ) ) ;
#2203 = ADVANCED_FACE ( 'NONE', ( #2623 ), #1566, .F. ) ;
#2204 = EDGE_CURVE ( 'NONE', #2689, #2282, #1584, .T. ) ;
#2205 = CARTESIAN_POINT ( 'NONE',  ( -25.81351030410829850, -21.57086961698686522, 2.000000000000000000 ) ) ;
#2206 = LINE ( 'NONE', #304, #2575 ) ;
#2207 = CIRCLE ( 'NONE', #172, 2.999999999999999112 ) ;
#2208 = EDGE_LOOP ( 'NONE', ( #249, #328, #3023, #2891 ) ) ;
#2209 = CARTESIAN_POINT ( 'NONE',  ( 13.60000000000011333, -15.35000000000025722, 4.000000000000000000 ) ) ;
#2210 = VECTOR ( 'NONE', #2799, 1000.000000000000000 ) ;
#2211 = ORIENTED_EDGE ( 'NONE', *, *, #1116, .T. ) ;
#2212 = AXIS2_PLACEMENT_3D ( 'NONE', #2717, #566, #3569 ) ;
#2213 = CARTESIAN_POINT ( 'NONE',  ( -5.823088065416649250, 18.34999999999999787, 0.000000000000000000 ) ) ;
#2214 = CIRCLE ( 'NONE', #642, 19.99999999999999645 ) ;
#2215 = CIRCLE ( 'NONE', #1812, 3.000000000000000888 ) ;
#2216 = VECTOR ( 'NONE', #601, 1000.000000000000000 ) ;
#2217 = DIRECTION ( 'NONE',  ( -0.000000000000000000, 0.000000000000000000, 1.000000000000000000 ) ) ;
#2218 = CARTESIAN_POINT ( 'NONE',  ( -2.053153435408421323, 19.94999999999999929, 47.00000000000000000 ) ) ;
#2219 = VERTEX_POINT ( 'NONE', #708 ) ;
#2220 = LINE ( 'NONE', #3547, #2948 ) ;
#2221 = ORIENTED_EDGE ( 'NONE', *, *, #2114, .F. ) ;
#2222 = CARTESIAN_POINT ( 'NONE',  ( 2.053153435407434557, 19.94999999994156425, 37.35832022167644340 ) ) ;
#2223 = FACE_BOUND ( 'NONE', #574, .T. ) ;
#2224 = EDGE_CURVE ( 'NONE', #3345, #76, #2207, .T. ) ;
#2225 = DIRECTION ( 'NONE',  ( -0.000000000000000000, 0.000000000000000000, 1.000000000000000000 ) ) ;
#2226 = CARTESIAN_POINT ( 'NONE',  ( -22.84318261234718506, 19.94999999999999574, 2.000000000000000000 ) ) ;
#2227 = EDGE_LOOP ( 'NONE', ( #3317, #1664, #1914, #429, #468, #1318, #841 ) ) ;
#2228 = DIRECTION ( 'NONE',  ( 1.000000000000000000, 0.000000000000000000, 0.000000000000000000 ) ) ;
#2229 = VERTEX_POINT ( 'NONE', #726 ) ;
#2230 = CARTESIAN_POINT ( 'NONE',  ( 23.69218996054882354, 23.69218996054634374, 0.000000000000000000 ) ) ;
#2231 = VECTOR ( 'NONE', #1794, 1000.000000000000000 ) ;
#2232 = CARTESIAN_POINT ( 'NONE',  ( 24.20786437626935239, 13.65000000000000213, 2.000000000000000000 ) ) ;
#2233 = FACE_OUTER_BOUND ( 'NONE', #1474, .T. ) ;
#2234 = ORIENTED_EDGE ( 'NONE', *, *, #1072, .T. ) ;
#2235 = EDGE_CURVE ( 'NONE', #2670, #2379, #2142, .T. ) ;
#2236 = CARTESIAN_POINT ( 'NONE',  ( -22.51997992104993429, -18.04724803979301129, 2.379987806913470116 ) ) ;
#2237 = ORIENTED_EDGE ( 'NONE', *, *, #2185, .F. ) ;
#2238 = PERSON_AND_ORGANIZATION_ROLE ( 'design_supplier' ) ;
#2239 = CARTESIAN_POINT ( 'NONE',  ( -2.053153435408517691, 13.64999999999999858, 27.00000000000000355 ) ) ;
#2240 = CYLINDRICAL_SURFACE ( 'NONE', #2326, 3.000000000000002665 ) ;
#2241 = DIRECTION ( 'NONE',  ( -1.000000000000000000, 0.000000000000000000, 0.000000000000000000 ) ) ;
#2242 = CARTESIAN_POINT ( 'NONE',  ( 5.823088065421236692, 18.34999999999999787, 0.000000000000000000 ) ) ;
#2243 = CARTESIAN_POINT ( 'NONE',  ( -1.713994309957195483, 13.63319877837844629, 27.71193766611954956 ) ) ;
#2244 = ADVANCED_FACE ( 'NONE', ( #2982 ), #2334, .F. ) ;
#2245 = ORIENTED_EDGE ( 'NONE', *, *, #687, .T. ) ;
#2246 = CARTESIAN_POINT ( 'NONE',  ( 15.35000000000011333, 15.34999999999999964, 2.000000000000000000 ) ) ;
#2247 = EDGE_CURVE ( 'NONE', #2487, #1797, #3485, .T. ) ;
#2248 = FACE_OUTER_BOUND ( 'NONE', #3192, .T. ) ;
#2249 = DIRECTION ( 'NONE',  ( 1.000000000000000000, 0.000000000000000000, 0.000000000000000000 ) ) ;
#2250 = ORIENTED_EDGE ( 'NONE', *, *, #2447, .T. ) ;
#2251 = VERTEX_POINT ( 'NONE', #1035 ) ;
#2252 = CARTESIAN_POINT ( 'NONE',  ( -10.85000000000012399, -13.85000000000013110, 2.000000000000000000 ) ) ;
#2253 = ORIENTED_EDGE ( 'NONE', *, *, #1696, .F. ) ;
#2254 = DIRECTION ( 'NONE',  ( 0.000000000000000000, -0.000000000000000000, -1.000000000000000000 ) ) ;
#2255 = CARTESIAN_POINT ( 'NONE',  ( -15.35000000000005294, 15.35000000000006004, 3.000000000000000000 ) ) ;
#2256 = CARTESIAN_POINT ( 'NONE',  ( -10.85000000000012399, 10.85000000000013465, 4.000000000000000000 ) ) ;
#2257 = CARTESIAN_POINT ( 'NONE',  ( 13.60000000000011156, 15.34999999999999964, 4.000000000000000000 ) ) ;
#2258 = CYLINDRICAL_SURFACE ( 'NONE', #1295, 19.99999999999999645 ) ;
#2259 = DIRECTION ( 'NONE',  ( 1.000000000000000000, 0.000000000000000000, 0.000000000000000000 ) ) ;
#2260 = VERTEX_POINT ( 'NONE', #2399 ) ;
#2261 = DIRECTION ( 'NONE',  ( -0.000000000000000000, -0.000000000000000000, -1.000000000000000000 ) ) ;
#2262 = EDGE_CURVE ( 'NONE', #1797, #3300, #3224, .T. ) ;
#2263 = ORIENTED_EDGE ( 'NONE', *, *, #2885, .F. ) ;
#2264 = EDGE_LOOP ( 'NONE', ( #2286, #3384, #1543, #441 ) ) ;
#2265 = AXIS2_PLACEMENT_3D ( 'NONE', #1098, #853, #3067 ) ;
#2266 = DIRECTION ( 'NONE',  ( 0.000000000000000000, 1.000000000000000000, -0.000000000000000000 ) ) ;
#2267 = ORIENTED_EDGE ( 'NONE', *, *, #2091, .F. ) ;
#2268 = CIRCLE ( 'NONE', #586, 19.99999999999999645 ) ;
#2269 = ADVANCED_FACE ( 'NONE', ( #128 ), #3206, .F. ) ;
#2270 = AXIS2_PLACEMENT_3D ( 'NONE', #242, #1354, #2498 ) ;
#2271 = CIRCLE ( 'NONE', #1405, 1.750000000000001554 ) ;
#2272 = AXIS2_PLACEMENT_3D ( 'NONE', #371, #1186, #108 ) ;
#2273 = VECTOR ( 'NONE', #2589, 1000.000000000000114 ) ;
#2274 = DIRECTION ( 'NONE',  ( -1.000000000000000000, 0.000000000000000000, 0.000000000000000000 ) ) ;
#2275 = FACE_OUTER_BOUND ( 'NONE', #537, .T. ) ;
#2276 = DIRECTION ( 'NONE',  ( -1.000000000000000000, 0.000000000000000000, 0.000000000000000000 ) ) ;
#2277 = CARTESIAN_POINT ( 'NONE',  ( 12.35000000000011511, 15.34999999999999964, 3.000000000000000000 ) ) ;
#2278 = DIRECTION ( 'NONE',  ( -1.000000000000000000, 0.000000000000000000, 0.000000000000000000 ) ) ;
#2279 = ADVANCED_FACE ( 'NONE', ( #2343 ), #3543, .F. ) ;
#2280 = CARTESIAN_POINT ( 'NONE',  ( -2.053153435408519023, -20.05000000000000071, 42.00000000000000000 ) ) ;
#2281 = ORIENTED_EDGE ( 'NONE', *, *, #2649, .T. ) ;
#2282 = VERTEX_POINT ( 'NONE', #2693 ) ;
#2283 = ORIENTED_EDGE ( 'NONE', *, *, #423, .T. ) ;
#2284 = DIRECTION ( 'NONE',  ( -1.000000000000000000, 0.000000000000000000, 0.000000000000000000 ) ) ;
#2285 = FACE_OUTER_BOUND ( 'NONE', #2996, .T. ) ;
#2286 = ORIENTED_EDGE ( 'NONE', *, *, #1373, .T. ) ;
#2287 = DIRECTION ( 'NONE',  ( -1.000000000000000000, 0.000000000000000000, 0.000000000000000000 ) ) ;
#2288 = CYLINDRICAL_SURFACE ( 'NONE', #2917, 1.750000000000001554 ) ;
#2289 = ORIENTED_EDGE ( 'NONE', *, *, #720, .T. ) ;
#2290 = EDGE_CURVE ( 'NONE', #1087, #2001, #231, .T. ) ;
#2291 = ORIENTED_EDGE ( 'NONE', *, *, #2376, .T. ) ;
#2292 = FACE_BOUND ( 'NONE', #1949, .T. ) ;
#2293 = CARTESIAN_POINT ( 'NONE',  ( -19.86907298722773518, -13.46869705022498920, 4.000000000000000000 ) ) ;
#2294 = DIRECTION ( 'NONE',  ( 1.000000000000000000, 0.000000000000000000, 0.000000000000000000 ) ) ;
#2295 = CARTESIAN_POINT ( 'NONE',  ( 13.46869705022681885, 19.86907298722649529, 4.000000000000000000 ) ) ;
#2296 = DIRECTION ( 'NONE',  ( -1.000000000000000000, 0.000000000000000000, 0.000000000000000000 ) ) ;
#2297 = ORIENTED_EDGE ( 'NONE', *, *, #3539, .T. ) ;
#2298 = ORIENTED_EDGE ( 'NONE', *, *, #1011, .T. ) ;
#2299 = CYLINDRICAL_SURFACE ( 'NONE', #2441, 1.750000000000001554 ) ;
#2300 = CARTESIAN_POINT ( 'NONE',  ( 22.03703923101132034, 19.94999999999999929, 2.045441035647032280 ) ) ;
#2301 = ORIENTED_EDGE ( 'NONE', *, *, #2636, .F. ) ;
#2302 = FACE_OUTER_BOUND ( 'NONE', #1741, .T. ) ;
#2303 = CYLINDRICAL_SURFACE ( 'NONE', #3090, 1.749999999999999778 ) ;
#2304 = ORIENTED_EDGE ( 'NONE', *, *, #2161, .F. ) ;
#2305 = CARTESIAN_POINT ( 'NONE',  ( -15.35000000000013465, 15.34999999999999964, 3.000000000000000000 ) ) ;
#2306 = ADVANCED_FACE ( 'NONE', ( #1551 ), #1802, .T. ) ;
#2307 = LINE ( 'NONE', #2062, #3152 ) ;
#2308 = LINE ( 'NONE', #1861, #1994 ) ;
#2309 = DIRECTION ( 'NONE',  ( -0.000000000000000000, -0.000000000000000000, -1.000000000000000000 ) ) ;
#2310 = EDGE_CURVE ( 'NONE', #3033, #2595, #851, .T. ) ;
#2311 = CARTESIAN_POINT ( 'NONE',  ( -2.121320343558626753, -2.121320343558603660, 0.000000000000000000 ) ) ;
#2312 = LOCAL_TIME ( 19, 37, 39.00000000000000000, #3024 ) ;
#2313 = ORIENTED_EDGE ( 'NONE', *, *, #1361, .F. ) ;
#2314 = CARTESIAN_POINT ( 'NONE',  ( 23.69218996054625492, -23.69218996054890525, 0.000000000000000000 ) ) ;
#2315 = ORIENTED_EDGE ( 'NONE', *, *, #2538, .F. ) ;
#2316 = CARTESIAN_POINT ( 'NONE',  ( -26.69218996054866011, -23.69218996054651072, 2.000000000000000000 ) ) ;
#2317 = ORIENTED_EDGE ( 'NONE', *, *, #207, .F. ) ;
#2318 = DIRECTION ( 'NONE',  ( -0.000000000000000000, -0.000000000000000000, -1.000000000000000000 ) ) ;
#2319 = VECTOR ( 'NONE', #226, 1000.000000000000000 ) ;
#2320 = DIRECTION ( 'NONE',  ( -0.000000000000000000, 0.000000000000000000, 1.000000000000000000 ) ) ;
#2321 = ORIENTED_EDGE ( 'NONE', *, *, #3279, .T. ) ;
#2322 = CIRCLE ( 'NONE', #2915, 3.000000000000000888 ) ;
#2323 = FACE_BOUND ( 'NONE', #948, .T. ) ;
#2324 = DIRECTION ( 'NONE',  ( -0.000000000000000000, -0.000000000000000000, -1.000000000000000000 ) ) ;
#2325 = AXIS2_PLACEMENT_3D ( 'NONE', #2470, #479, #1991 ) ;
#2326 = AXIS2_PLACEMENT_3D ( 'NONE', #1114, #1969, #2735 ) ;
#2327 = CARTESIAN_POINT ( 'NONE',  ( 10.85000000000012044, -13.85000000000013110, 0.000000000000000000 ) ) ;
#2328 = AXIS2_PLACEMENT_3D ( 'NONE', #1749, #2254, #1479 ) ;
#2329 = CARTESIAN_POINT ( 'NONE',  ( 23.69218996054882354, 23.69218996054634374, 0.000000000000000000 ) ) ;
#2330 = CARTESIAN_POINT ( 'NONE',  ( -18.38139700298013324, -22.78366219884922472, 2.187258834214369063 ) ) ;
#2331 = EDGE_CURVE ( 'NONE', #2983, #2133, #496, .T. ) ;
#2332 = DIRECTION ( 'NONE',  ( -1.000000000000000000, 0.000000000000000000, 0.000000000000000000 ) ) ;
#2333 = ORIENTED_EDGE ( 'NONE', *, *, #980, .T. ) ;
#2334 = B_SPLINE_SURFACE_WITH_KNOTS ( 'NONE', 2, 1, ( 
 ( #179, #2932 ),
 ( #2642, #1234 ),
 ( #2949, #160 ) ),
 .UNSPECIFIED., .F., .F., .F.,
 ( 3, 3 ),
 ( 2, 2 ),
 ( 0.000000000000000000, 0.8096095276292311071 ),
 ( 0.000000000000000000, 1.000000000000000000 ),
 .UNSPECIFIED. ) ;
#2335 = EDGE_CURVE ( 'NONE', #190, #1358, #164, .T. ) ;
#2336 = ORIENTED_EDGE ( 'NONE', *, *, #1, .F. ) ;
#2337 = DIRECTION ( 'NONE',  ( 1.000000000000000000, 1.638611685377993016E-16, -7.536164877587142077E-64 ) ) ;
#2339 = ORIENTED_EDGE ( 'NONE', *, *, #453, .T. ) ;
#2338 = EDGE_CURVE ( 'NONE', #1194, #1013, #3422, .T. ) ;
#2340 = B_SPLINE_CURVE_WITH_KNOTS ( 'NONE', 3,
 ( #170, #1848, #478, #2100 ),
 .UNSPECIFIED., .F., .F.,
 ( 4, 4 ),
 ( 0.000000000000000000, 0.001077822907099415094 ),
 .UNSPECIFIED. ) ;
#2341 = DIRECTION ( 'NONE',  ( 1.000000000000000000, 0.000000000000000000, 0.000000000000000000 ) ) ;
#2342 = EDGE_CURVE ( 'NONE', #800, #3497, #1125, .T. ) ;
#2343 = FACE_OUTER_BOUND ( 'NONE', #1050, .T. ) ;
#2344 = ORIENTED_EDGE ( 'NONE', *, *, #1696, .T. ) ;
#2345 = DIRECTION ( 'NONE',  ( 0.000000000000000000, -0.000000000000000000, -1.000000000000000000 ) ) ;
#2346 = CARTESIAN_POINT ( 'NONE',  ( 2.093526485889009275E-16, -1.350000000000000533, 27.00000000000000355 ) ) ;
#2347 = AXIS2_PLACEMENT_3D ( 'NONE', #3503, #223, #2409 ) ;
#2348 = CARTESIAN_POINT ( 'NONE',  ( 15.35000000000011156, -15.35000000000025722, 4.000000000000000000 ) ) ;
#2349 = CARTESIAN_POINT ( 'NONE',  ( -18.35000000000012577, -5.823088065416698988, 2.000000000000000000 ) ) ;
#2350 = VECTOR ( 'NONE', #1602, 1000.000000000000000 ) ;
#2351 = FACE_OUTER_BOUND ( 'NONE', #3004, .T. ) ;
#2352 = ORIENTED_EDGE ( 'NONE', *, *, #2706, .T. ) ;
#2353 = ADVANCED_FACE ( 'NONE', ( #1327 ), #291, .F. ) ;
#2354 = ORIENTED_EDGE ( 'NONE', *, *, #942, .F. ) ;
#2355 = DIRECTION ( 'NONE',  ( 1.000000000000000000, 0.000000000000000000, 0.000000000000000000 ) ) ;
#2356 = ORIENTED_EDGE ( 'NONE', *, *, #2522, .F. ) ;
#2357 = EDGE_CURVE ( 'NONE', #3497, #3143, #1675, .T. ) ;
#2358 = CARTESIAN_POINT ( 'NONE',  ( 23.69218996054625492, -23.69218996054890525, 0.000000000000000000 ) ) ;
#2359 = DIRECTION ( 'NONE',  ( -7.994117400814688849E-17, -1.000000000000000000, 0.000000000000000000 ) ) ;
#2360 = VERTEX_POINT ( 'NONE', #1400 ) ;
#2361 = CARTESIAN_POINT ( 'NONE',  ( -18.35000000000012221, -5.823088065416786918, 4.000000000000000000 ) ) ;
#2362 = CARTESIAN_POINT ( 'NONE',  ( 22.78366219884902932, -18.38139700298036416, 2.187258834214369507 ) ) ;
#2363 = B_SPLINE_SURFACE_WITH_KNOTS ( 'NONE', 2, 1, ( 
 ( #1714, #1196 ),
 ( #1782, #331 ),
 ( #105, #2890 ) ),
 .UNSPECIFIED., .F., .F., .F.,
 ( 3, 3 ),
 ( 2, 2 ),
 ( 0.000000000000000000, 0.9355044557130972604 ),
 ( 0.000000000000000000, 1.000000000000000000 ),
 .UNSPECIFIED. ) ;
#2364 = DIRECTION ( 'NONE',  ( 1.214306433183764808E-14, 1.920076136306772727E-30, 1.000000000000000000 ) ) ;
#2365 = DIRECTION ( 'NONE',  ( 0.000000000000000000, 0.000000000000000000, -1.000000000000000000 ) ) ;
#2366 = CARTESIAN_POINT ( 'NONE',  ( -15.35000000000013998, -15.35000000000025722, 3.000000000000000000 ) ) ;
#2367 = EDGE_LOOP ( 'NONE', ( #2845, #3282, #1796, #2018 ) ) ;
#2368 = FACE_OUTER_BOUND ( 'NONE', #367, .T. ) ;
#2369 = ORIENTED_EDGE ( 'NONE', *, *, #2073, .T. ) ;
#2370 = CARTESIAN_POINT ( 'NONE',  ( 18.35000000000011511, -5.823088065421368142, 0.000000000000000000 ) ) ;
#2371 = ORIENTED_EDGE ( 'NONE', *, *, #25, .T. ) ;
#2372 = ADVANCED_FACE ( 'NONE', ( #3579 ), #2432, .F. ) ;
#2373 = DIRECTION ( 'NONE',  ( 1.000000000000000000, 0.000000000000000000, 0.000000000000000000 ) ) ;
#2374 = DIRECTION ( 'NONE',  ( 1.000000000000000000, 0.000000000000000000, 0.000000000000000000 ) ) ;
#2375 = ORIENTED_EDGE ( 'NONE', *, *, #604, .F. ) ;
#2376 = EDGE_CURVE ( 'NONE', #2282, #3295, #1929, .T. ) ;
#2378 = AXIS2_PLACEMENT_3D ( 'NONE', #683, #2337, #2978 ) ;
#2377 = DIRECTION ( 'NONE',  ( -0.000000000000000000, -0.000000000000000000, -1.000000000000000000 ) ) ;
#2379 = VERTEX_POINT ( 'NONE', #215 ) ;
#2380 = CARTESIAN_POINT ( 'NONE',  ( 12.05315343540743456, 19.95000000000000284, 37.35832022167411992 ) ) ;
#2381 = VECTOR ( 'NONE', #1616, 1000.000000000000000 ) ;
#2382 = CARTESIAN_POINT ( 'NONE',  ( 16.55067874898785618, 21.46917014128011303, 3.376194721673923649 ) ) ;
#2383 = CARTESIAN_POINT ( 'NONE',  ( -17.83721627534331233, -22.36060591030572553, 2.545454545454624018 ) ) ;
#2384 = CARTESIAN_POINT ( 'NONE',  ( -22.84318261234718506, 19.94999999999999574, 2.000000000000000000 ) ) ;
#2385 = CIRCLE ( 'NONE', #2560, 2.999999999999999112 ) ;
#2386 = EDGE_CURVE ( 'NONE', #2282, #746, #3296, .T. ) ;
#2387 = VECTOR ( 'NONE', #2421, 1000.000000000000000 ) ;
#2388 = CIRCLE ( 'NONE', #3498, 3.000000000000002665 ) ;
#2389 = CARTESIAN_POINT ( 'NONE',  ( 25.44218996054625848, -23.69218996054890525, 0.000000000000000000 ) ) ;
#2390 = EDGE_CURVE ( 'NONE', #2697, #1634, #840, .T. ) ;
#2391 = ORIENTED_EDGE ( 'NONE', *, *, #513, .T. ) ;
#2392 = CARTESIAN_POINT ( 'NONE',  ( -18.35000000000012577, -5.823088065416698988, 0.000000000000000000 ) ) ;
#2393 = VERTEX_POINT ( 'NONE', #3281 ) ;
#2394 = DIRECTION ( 'NONE',  ( -0.000000000000000000, 0.000000000000000000, 1.000000000000000000 ) ) ;
#2395 = ORIENTED_EDGE ( 'NONE', *, *, #1724, .F. ) ;
#2396 = B_SPLINE_CURVE_WITH_KNOTS ( 'NONE', 3,
 ( #1483, #1773, #3158, #352, #1444, #2293 ),
 .UNSPECIFIED., .F., .F.,
 ( 4, 2, 4 ),
 ( 7.705497378999882890E-17, 0.002648625085471432820, 0.005297250170942792782 ),
 .UNSPECIFIED. ) ;
#2397 = AXIS2_PLACEMENT_3D ( 'NONE', #1357, #3065, #885 ) ;
#2398 = DIRECTION ( 'NONE',  ( -1.000000000000000000, 0.000000000000000000, 0.000000000000000000 ) ) ;
#2399 = CARTESIAN_POINT ( 'NONE',  ( 17.10000000000010800, -15.35000000000025722, 4.000000000000000000 ) ) ;
#2400 = EDGE_LOOP ( 'NONE', ( #2853, #507, #1337, #3041 ) ) ;
#2401 = VECTOR ( 'NONE', #1993, 1000.000000000000000 ) ;
#2402 = EDGE_LOOP ( 'NONE', ( #1188, #908 ) ) ;
#2403 = CARTESIAN_POINT ( 'NONE',  ( 22.36060591030553368, -17.83721627534354681, 2.545454545454626238 ) ) ;
#2404 = DIRECTION ( 'NONE',  ( 1.638611685377993016E-16, -1.000000000000000000, 0.000000000000000000 ) ) ;
#2405 = EDGE_CURVE ( 'NONE', #2558, #2977, #2478, .T. ) ;
#2406 = AXIS2_PLACEMENT_3D ( 'NONE', #547, #843, #1663 ) ;
#2407 = DIRECTION ( 'NONE',  ( 1.000000000000000000, 0.000000000000000000, 0.000000000000000000 ) ) ;
#2408 = ADVANCED_FACE ( 'NONE', ( #2233 ), #2767, .F. ) ;
#2409 = DIRECTION ( 'NONE',  ( -0.7071067811865483499, -0.7071067811865465735, 0.000000000000000000 ) ) ;
#2410 = ORIENTED_EDGE ( 'NONE', *, *, #2204, .T. ) ;
#2411 = CARTESIAN_POINT ( 'NONE',  ( 10.85000000000012044, 13.85000000000013287, 0.000000000000000000 ) ) ;
#2412 = ORIENTED_EDGE ( 'NONE', *, *, #2224, .T. ) ;
#2413 = DIRECTION ( 'NONE',  ( 0.000000000000000000, -0.000000000000000000, -1.000000000000000000 ) ) ;
#2414 = ORIENTED_EDGE ( 'NONE', *, *, #3495, .T. ) ;
#2415 = CARTESIAN_POINT ( 'NONE',  ( 10.43414161117062910, 13.64999999999999858, 26.99999999619807767 ) ) ;
#2416 = DIRECTION ( 'NONE',  ( 1.000000000000000000, 2.260226027331329482E-16, 0.000000000000000000 ) ) ;
#2417 = EDGE_LOOP ( 'NONE', ( #1305, #2926, #450, #82 ) ) ;
#2418 = DIRECTION ( 'NONE',  ( 1.000000000000000000, 0.000000000000000000, 0.000000000000000000 ) ) ;
#2419 = VERTEX_POINT ( 'NONE', #486 ) ;
#2420 = CARTESIAN_POINT ( 'NONE',  ( -15.35000000000000675, -15.35000000000010623, 3.000000000000000000 ) ) ;
#2421 = DIRECTION ( 'NONE',  ( -0.000000000000000000, -0.000000000000000000, -1.000000000000000000 ) ) ;
#2422 = CARTESIAN_POINT ( 'NONE',  ( -25.44218996054866011, -23.69218996054651072, 0.000000000000000000 ) ) ;
#2423 = EDGE_CURVE ( 'NONE', #2833, #102, #965, .T. ) ;
#2424 = DIRECTION ( 'NONE',  ( 1.000000000000000000, 8.881784197001252323E-16, 0.000000000000000000 ) ) ;
#2425 = VERTEX_POINT ( 'NONE', #2459 ) ;
#2426 = EDGE_CURVE ( 'NONE', #3000, #1710, #3566, .T. ) ;
#2427 = FACE_OUTER_BOUND ( 'NONE', #1975, .T. ) ;
#2428 = VERTEX_POINT ( 'NONE', #527 ) ;
#2429 = CARTESIAN_POINT ( 'NONE',  ( 10.85000000000012044, 13.85000000000013287, 4.000000000000000000 ) ) ;
#2430 = ORIENTED_EDGE ( 'NONE', *, *, #1201, .T. ) ;
#2431 = CARTESIAN_POINT ( 'NONE',  ( -24.14386985805066033, 13.63034817226867546, 3.081542960984813284 ) ) ;
#2432 = PLANE ( 'NONE',  #2882 ) ;
#2433 = ORIENTED_EDGE ( 'NONE', *, *, #2013, .F. ) ;
#2434 = EDGE_CURVE ( 'NONE', #2822, #2425, #1642, .T. ) ;
#2435 = CARTESIAN_POINT ( 'NONE',  ( 13.85000000000011866, -1.107185260012842869E-15, 2.000000000000000000 ) ) ;
#2436 = EDGE_LOOP ( 'NONE', ( #2874, #2414 ) ) ;
#2437 = DIRECTION ( 'NONE',  ( -1.000000000000000000, 0.000000000000000000, 0.000000000000000000 ) ) ;
#2438 = CARTESIAN_POINT ( 'NONE',  ( -19.86907298722654147, 13.60321340792295786, 4.000000000000000000 ) ) ;
#2439 = B_SPLINE_CURVE_WITH_KNOTS ( 'NONE', 3,
 ( #2226, #3359, #248, #2467, #3307, #3588, #536, #867 ),
 .UNSPECIFIED., .F., .F.,
 ( 4, 2, 2, 4 ),
 ( 0.02195180803862095339, 0.02316286389947751906, 0.02376839182990580362, 0.02437391976033408819 ),
 .UNSPECIFIED. ) ;
#2440 = DIRECTION ( 'NONE',  ( 1.000000000000000000, 0.000000000000000000, 0.000000000000000000 ) ) ;
#2441 = AXIS2_PLACEMENT_3D ( 'NONE', #1979, #1211, #2284 ) ;
#2442 = CARTESIAN_POINT ( 'NONE',  ( -2.138214432468407367, 10.86006333005549962, 35.77362872428754059 ) ) ;
#2443 = AXIS2_PLACEMENT_3D ( 'NONE', #139, #2690, #978 ) ;
#2444 = DIRECTION ( 'NONE',  ( 1.000000000000000000, 0.000000000000000000, 0.000000000000000000 ) ) ;
#2445 = FACE_OUTER_BOUND ( 'NONE', #1904, .T. ) ;
#2446 = AXIS2_PLACEMENT_3D ( 'NONE', #3276, #776, #1888 ) ;
#2447 = EDGE_CURVE ( 'NONE', #1510, #3582, #259, .T. ) ;
#2448 = AXIS2_PLACEMENT_3D ( 'NONE', #1712, #2832, #343 ) ;
#2449 = EDGE_LOOP ( 'NONE', ( #1818, #2857 ) ) ;
#2450 = CARTESIAN_POINT ( 'NONE',  ( 19.19715324994897543, -23.47941223623397988, 2.000000000000000000 ) ) ;
#2451 = AXIS2_PLACEMENT_3D ( 'NONE', #3320, #1390, #1953 ) ;
#2452 = CIRCLE ( 'NONE', #886, 2.999999999999999112 ) ;
#2453 = CIRCLE ( 'NONE', #245, 1.750000000000008438 ) ;
#2454 = EDGE_CURVE ( 'NONE', #3143, #2229, #2491, .T. ) ;
#2455 = ORIENTED_EDGE ( 'NONE', *, *, #1582, .F. ) ;
#2456 = DESIGN_CONTEXT ( 'detailed design', #2680, 'design' ) ;
#2457 = ORIENTED_EDGE ( 'NONE', *, *, #720, .F. ) ;
#2458 = DIRECTION ( 'NONE',  ( 1.000000000000000000, 1.550760359917785817E-16, 0.000000000000000000 ) ) ;
#2459 = CARTESIAN_POINT ( 'NONE',  ( 19.96522368914752832, -24.20786437626941989, 0.000000000000000000 ) ) ;
#2460 = APPROVAL ( #37, 'UNSPECIFIED' ) ;
#2461 = ORIENTED_EDGE ( 'NONE', *, *, #3150, .F. ) ;
#2462 = CARTESIAN_POINT ( 'NONE',  ( -3.743918249850468172, 13.65000000001296954, 27.18823334425543337 ) ) ;
#2463 = ORIENTED_EDGE ( 'NONE', *, *, #225, .T. ) ;
#2464 = DIRECTION ( 'NONE',  ( 1.000000000000000000, 0.000000000000000000, 0.000000000000000000 ) ) ;
#2465 = PLANE ( 'NONE',  #2270 ) ;
#2466 = DIRECTION ( 'NONE',  ( 0.000000000000000000, -0.000000000000000000, -1.000000000000000000 ) ) ;
#2467 = CARTESIAN_POINT ( 'NONE',  ( -21.44165956589806044, 19.94999999999999929, 2.182457502473201583 ) ) ;
#2468 = ORIENTED_EDGE ( 'NONE', *, *, #3214, .T. ) ;
#2469 = CARTESIAN_POINT ( 'NONE',  ( -0.8553997482526206619, 13.62749992474602756, 27.82316272818549763 ) ) ;
#2470 = CARTESIAN_POINT ( 'NONE',  ( 0.000000000000000000, 0.000000000000000000, -4.000000000000000888 ) ) ;
#2471 = VECTOR ( 'NONE', #3071, 1000.000000000000000 ) ;
#2472 = AXIS2_PLACEMENT_3D ( 'NONE', #1903, #424, #2424 ) ;
#2473 = ORIENTED_EDGE ( 'NONE', *, *, #539, .T. ) ;
#2474 = DIRECTION ( 'NONE',  ( -0.000000000000000000, 0.000000000000000000, 1.000000000000000000 ) ) ;
#2475 = ORIENTED_EDGE ( 'NONE', *, *, #2161, .T. ) ;
#2476 = EDGE_CURVE ( 'NONE', #1865, #573, #1063, .T. ) ;
#2477 = FACE_BOUND ( 'NONE', #1097, .T. ) ;
#2478 = LINE ( 'NONE', #783, #2531 ) ;
#2479 = VERTEX_POINT ( 'NONE', #1179 ) ;
#2480 = CARTESIAN_POINT ( 'NONE',  ( -2.053153435405802085, 32.38973883980002455, 30.25754087573240270 ) ) ;
#2481 = ORIENTED_EDGE ( 'NONE', *, *, #1325, .T. ) ;
#2482 = EDGE_CURVE ( 'NONE', #1854, #483, #2104, .T. ) ;
#2483 = CARTESIAN_POINT ( 'NONE',  ( -19.96522368915195855, -24.20786437626910015, 0.000000000000000000 ) ) ;
#2484 = CARTESIAN_POINT ( 'NONE',  ( 18.35000000000011511, -5.823088065421368142, 4.000000000000000000 ) ) ;
#2485 = DIRECTION ( 'NONE',  ( 1.000000000000000000, 0.000000000000000000, 0.000000000000000000 ) ) ;
#2486 = DIRECTION ( 'NONE',  ( 6.059234519217240467E-48, -3.697785493223492838E-32, -1.000000000000000000 ) ) ;
#2487 = VERTEX_POINT ( 'NONE', #576 ) ;
#2488 = CARTESIAN_POINT ( 'NONE',  ( 23.08734489445402716, 13.05686828582455306, 3.599773677425240681 ) ) ;
#2489 = EDGE_LOOP ( 'NONE', ( #2153, #2356, #1006, #3337 ) ) ;
#2490 = LINE ( 'NONE', #3335, #3572 ) ;
#2491 = LINE ( 'NONE', #1104, #3162 ) ;
#2492 = ORIENTED_EDGE ( 'NONE', *, *, #3190, .T. ) ;
#2493 = ADVANCED_FACE ( 'NONE', ( #3127 ), #3437, .F. ) ;
#2494 = FACE_BOUND ( 'NONE', #542, .T. ) ;
#2495 = EDGE_LOOP ( 'NONE', ( #3037, #2481, #3126, #2339 ) ) ;
#2496 = CARTESIAN_POINT ( 'NONE',  ( -7.983801529043849321, 19.94999999999999574, 28.22374989449534510 ) ) ;
#2497 = ADVANCED_FACE ( 'NONE', ( #1436 ), #2541, .F. ) ;
#2498 = DIRECTION ( 'NONE',  ( 1.000000000000000000, 0.000000000000000000, 0.000000000000000000 ) ) ;
#2499 = CARTESIAN_POINT ( 'NONE',  ( -5.823088065416653691, 38.35000000000014353, 2.000000000000000000 ) ) ;
#2500 = CARTESIAN_POINT ( 'NONE',  ( -18.35000000000013998, 19.21865351966259894, 3.582031702557765929 ) ) ;
#2501 = VERTEX_POINT ( 'NONE', #1454 ) ;
#2502 = CARTESIAN_POINT ( 'NONE',  ( -38.35000000000012221, -5.823088065416786918, 2.000000000000000000 ) ) ;
#2503 = EDGE_CURVE ( 'NONE', #823, #2360, #1762, .T. ) ;
#2504 = TOROIDAL_SURFACE ( 'NONE', #2858, 24.00387180440943524, 8.000000000000000000 ) ;
#2505 = ORIENTED_EDGE ( 'NONE', *, *, #1270, .T. ) ;
#2506 = AXIS2_PLACEMENT_3D ( 'NONE', #2420, #1842, #2437 ) ;
#2507 = AXIS2_PLACEMENT_3D ( 'NONE', #78, #1151, #2009 ) ;
#2508 = VECTOR ( 'NONE', #1002, 1000.000000000000000 ) ;
#2509 = CARTESIAN_POINT ( 'NONE',  ( 2.053153435408431093, -1.350000000000000311, 42.00000000000000000 ) ) ;
#2510 = DIRECTION ( 'NONE',  ( -0.000000000000000000, -0.000000000000000000, -1.000000000000000000 ) ) ;
#2511 = ORIENTED_EDGE ( 'NONE', *, *, #788, .T. ) ;
#2512 = DIRECTION ( 'NONE',  ( -0.000000000000000000, -0.000000000000000000, -1.000000000000000000 ) ) ;
#2513 = ORIENTED_EDGE ( 'NONE', *, *, #362, .T. ) ;
#2514 = PERSON_AND_ORGANIZATION_ROLE ( 'classification_officer' ) ;
#2515 = CARTESIAN_POINT ( 'NONE',  ( -2.558426425360543099, 19.94999999999999929, 27.51760025597648252 ) ) ;
#2516 = CARTESIAN_POINT ( 'NONE',  ( 4.625337184431217885, 13.20650071361864164, 30.64364784231487349 ) ) ;
#2517 = CIRCLE ( 'NONE', #1122, 1.750000000000001554 ) ;
#2518 = EDGE_CURVE ( 'NONE', #1415, #2524, #2517, .T. ) ;
#2519 = CARTESIAN_POINT ( 'NONE',  ( -15.35000000000005294, 15.35000000000006004, 3.000000000000000000 ) ) ;
#2520 = DIRECTION ( 'NONE',  ( -6.059234519217239252E-48, 3.697785493223492838E-32, 1.000000000000000000 ) ) ;
#2521 = CARTESIAN_POINT ( 'NONE',  ( 18.38238099921338531, -22.78444325527179970, 2.186726849058916677 ) ) ;
#2522 = EDGE_CURVE ( 'NONE', #2977, #1887, #2852, .T. ) ;
#2523 = ORIENTED_EDGE ( 'NONE', *, *, #1, .T. ) ;
#2524 = VERTEX_POINT ( 'NONE', #3072 ) ;
#2525 = LINE ( 'NONE', #2540, #2849 ) ;
#2526 = CYLINDRICAL_SURFACE ( 'NONE', #201, 3.000000000000002665 ) ;
#2527 = ORIENTED_EDGE ( 'NONE', *, *, #3076, .F. ) ;
#2528 = CARTESIAN_POINT ( 'NONE',  ( 21.24176607617602741, 19.95000000000000284, 2.228430167548106855 ) ) ;
#2529 = ORIENTED_EDGE ( 'NONE', *, *, #1609, .T. ) ;
#2530 = APPROVAL_ROLE ( '' ) ;
#2531 = VECTOR ( 'NONE', #3020, 1000.000000000000000 ) ;
#2532 = CARTESIAN_POINT ( 'NONE',  ( 21.94218996054882354, 23.69218996054634374, 2.000000000000000000 ) ) ;
#2533 = FACE_OUTER_BOUND ( 'NONE', #702, .T. ) ;
#2534 = CARTESIAN_POINT ( 'NONE',  ( -15.35000000000013998, -15.35000000000025722, 2.000000000000000000 ) ) ;
#2535 = FACE_OUTER_BOUND ( 'NONE', #1646, .T. ) ;
#2536 = CARTESIAN_POINT ( 'NONE',  ( 23.61539105219898715, 13.36162467882436466, 3.369694909654619153 ) ) ;
#2537 = EDGE_CURVE ( 'NONE', #360, #3166, #1693, .T. ) ;
#2538 = EDGE_CURVE ( 'NONE', #2770, #418, #3219, .T. ) ;
#2539 = ORIENTED_EDGE ( 'NONE', *, *, #3361, .F. ) ;
#2540 = CARTESIAN_POINT ( 'NONE',  ( -3.149113253075913242E-15, 19.94999999999999929, 0.000000000000000000 ) ) ;
#2541 = CYLINDRICAL_SURFACE ( 'NONE', #2168, 2.999999999999999112 ) ;
#2542 = ORIENTED_EDGE ( 'NONE', *, *, #137, .T. ) ;
#2543 = LINE ( 'NONE', #381, #3257 ) ;
#2544 = CARTESIAN_POINT ( 'NONE',  ( -13.85000000000012044, 0.000000000000000000, 0.000000000000000000 ) ) ;
#2545 = ORIENTED_EDGE ( 'NONE', *, *, #3356, .T. ) ;
#2546 = CARTESIAN_POINT ( 'NONE',  ( 2.053153435408514582, -20.05000000000000071, 47.00000000000000000 ) ) ;
#2547 = EDGE_CURVE ( 'NONE', #2878, #271, #58, .T. ) ;
#2548 = DIRECTION ( 'NONE',  ( -1.000000000000000000, 0.000000000000000000, 0.000000000000000000 ) ) ;
#2549 = FACE_OUTER_BOUND ( 'NONE', #3227, .T. ) ;
#2550 = LINE ( 'NONE', #3177, #590 ) ;
#2551 = CARTESIAN_POINT ( 'NONE',  ( 18.35000000000016129, 15.47460376237518354, 4.000000000000000000 ) ) ;
#2552 = DIRECTION ( 'NONE',  ( -0.000000000000000000, -0.000000000000000000, -1.000000000000000000 ) ) ;
#2553 = CARTESIAN_POINT ( 'NONE',  ( 20.12119744671489485, 13.65000000000000213, 4.000000000000000000 ) ) ;
#2554 = ORIENTED_EDGE ( 'NONE', *, *, #737, .F. ) ;
#2555 = VERTEX_POINT ( 'NONE', #2076 ) ;
#2556 = FACE_OUTER_BOUND ( 'NONE', #344, .T. ) ;
#2557 = ADVANCED_FACE ( 'NONE', ( #3174 ), #161, .F. ) ;
#2558 = VERTEX_POINT ( 'NONE', #3226 ) ;
#2559 = DIRECTION ( 'NONE',  ( -0.000000000000000000, -0.000000000000000000, -1.000000000000000000 ) ) ;
#2560 = AXIS2_PLACEMENT_3D ( 'NONE', #1559, #1278, #1613 ) ;
#2561 = CYLINDRICAL_SURFACE ( 'NONE', #1810, 1.750000000000001554 ) ;
#2562 = ORIENTED_EDGE ( 'NONE', *, *, #1769, .T. ) ;
#2563 = AXIS2_PLACEMENT_3D ( 'NONE', #2499, #1117, #849 ) ;
#2564 = VECTOR ( 'NONE', #3026, 1000.000000000000000 ) ;
#2565 = ADVANCED_FACE ( 'NONE', ( #1855 ), #3191, .F. ) ;
#2566 = CARTESIAN_POINT ( 'NONE',  ( 24.20786437626889409, -19.96522368915221080, 0.000000000000000000 ) ) ;
#2567 = DIRECTION ( 'NONE',  ( -0.000000000000000000, -0.000000000000000000, -1.000000000000000000 ) ) ;
#2568 = EDGE_LOOP ( 'NONE', ( #2455, #276, #117, #2797, #1562 ) ) ;
#2569 = DIRECTION ( 'NONE',  ( 1.000000000000000000, 0.000000000000000000, 0.000000000000000000 ) ) ;
#2570 = CARTESIAN_POINT ( 'NONE',  ( 19.96522368914752832, -24.20786437626941989, 2.000000000000000000 ) ) ;
#2571 = PLANE ( 'NONE',  #2507 ) ;
#2572 = DIRECTION ( 'NONE',  ( -0.000000000000000000, -0.000000000000000000, -1.000000000000000000 ) ) ;
#2573 = AXIS2_PLACEMENT_3D ( 'NONE', #3195, #1296, #2679 ) ;
#2574 = CARTESIAN_POINT ( 'NONE',  ( -19.19715324995147654, -23.47941223623193352, 2.000000000000000000 ) ) ;
#2575 = VECTOR ( 'NONE', #3083, 1000.000000000000000 ) ;
#2576 = ORIENTED_EDGE ( 'NONE', *, *, #3234, .T. ) ;
#2577 = VERTEX_POINT ( 'NONE', #470 ) ;
#2578 = ORIENTED_EDGE ( 'NONE', *, *, #293, .F. ) ;
#2579 = PLANE ( 'NONE',  #3383 ) ;
#2580 = LINE ( 'NONE', #2544, #1378 ) ;
#2581 = ORIENTED_EDGE ( 'NONE', *, *, #2987, .T. ) ;
#2582 = EDGE_CURVE ( 'NONE', #36, #2588, #2696, .T. ) ;
#2583 = CIRCLE ( 'NONE', #1015, 19.99999999999999645 ) ;
#2584 = DIRECTION ( 'NONE',  ( 0.000000000000000000, -0.000000000000000000, -1.000000000000000000 ) ) ;
#2585 = CARTESIAN_POINT ( 'NONE',  ( -18.35000000000005471, 15.35000000000006004, 3.000000000000000000 ) ) ;
#2586 = ORIENTED_EDGE ( 'NONE', *, *, #3347, .T. ) ;
#2587 = EDGE_CURVE ( 'NONE', #1821, #2555, #989, .T. ) ;
#2588 = VERTEX_POINT ( 'NONE', #145 ) ;
#2589 = DIRECTION ( 'NONE',  ( 0.7071067811865483499, 0.7071067811865465735, 0.000000000000000000 ) ) ;
#2590 = DIRECTION ( 'NONE',  ( -1.000000000000000000, 0.000000000000000000, 0.000000000000000000 ) ) ;
#2591 = DIRECTION ( 'NONE',  ( -1.000000000000000000, 0.000000000000000000, 0.000000000000000000 ) ) ;
#2592 = CARTESIAN_POINT ( 'NONE',  ( 24.20786437626902554, 19.95000000000000284, 2.000000000000006217 ) ) ;
#2593 = DIRECTION ( 'NONE',  ( 0.000000000000000000, -0.000000000000000000, -1.000000000000000000 ) ) ;
#2594 = ORIENTED_EDGE ( 'NONE', *, *, #2980, .F. ) ;
#2595 = VERTEX_POINT ( 'NONE', #2895 ) ;
#2596 = AXIS2_PLACEMENT_3D ( 'NONE', #1089, #1931, #2145 ) ;
#2597 = DIRECTION ( 'NONE',  ( 1.000000000000000000, 0.000000000000000000, 0.000000000000000000 ) ) ;
#2598 = ORIENTED_EDGE ( 'NONE', *, *, #556, .T. ) ;
#2599 = FACE_OUTER_BOUND ( 'NONE', #893, .T. ) ;
#2600 = CARTESIAN_POINT ( 'NONE',  ( -12.05315343540743989, 19.94999999999999574, 37.35832022167412703 ) ) ;
#2601 = EDGE_CURVE ( 'NONE', #684, #319, #1161, .T. ) ;
#2602 = ORIENTED_EDGE ( 'NONE', *, *, #3539, .F. ) ;
#2603 = B_SPLINE_CURVE_WITH_KNOTS ( 'NONE', 3,
 ( #1476, #1197, #2528, #2300, #3420, #931 ),
 .UNSPECIFIED., .F., .F.,
 ( 4, 2, 4 ),
 ( 0.0003433371505204235274, 0.001554925228616161562, 0.002766513306711899326 ),
 .UNSPECIFIED. ) ;
#2604 = DIRECTION ( 'NONE',  ( -0.000000000000000000, 0.000000000000000000, 1.000000000000000000 ) ) ;
#2605 = LINE ( 'NONE', #95, #305 ) ;
#2606 = DIRECTION ( 'NONE',  ( -0.000000000000000000, -0.000000000000000000, -1.000000000000000000 ) ) ;
#2607 = CARTESIAN_POINT ( 'NONE',  ( -21.56548050048567688, 11.90176625620343209, 3.981701267682610457 ) ) ;
#2608 = CARTESIAN_POINT ( 'NONE',  ( -18.04880092475804432, -22.52118145247347059, 2.378936859680521376 ) ) ;
#2609 = EDGE_CURVE ( 'NONE', #2644, #916, #508, .T. ) ;
#2610 = LINE ( 'NONE', #661, #2231 ) ;
#2611 = ADVANCED_FACE ( 'NONE', ( #1604, #2494 ), #3043, .T. ) ;
#2612 = APPROVAL_PERSON_ORGANIZATION ( #789, #30, #2530 ) ;
#2613 = ORIENTED_EDGE ( 'NONE', *, *, #1657, .F. ) ;
#2614 = EDGE_CURVE ( 'NONE', #1248, #624, #2220, .T. ) ;
#2615 = AXIS2_PLACEMENT_3D ( 'NONE', #1715, #3368, #2821 ) ;
#2616 = CIRCLE ( 'NONE', #2629, 30.32842712474619162 ) ;
#2617 = ORIENTED_EDGE ( 'NONE', *, *, #3348, .T. ) ;
#2618 = ORIENTED_EDGE ( 'NONE', *, *, #93, .F. ) ;
#2619 = ORIENTED_EDGE ( 'NONE', *, *, #3042, .T. ) ;
#2620 = B_SPLINE_CURVE_WITH_KNOTS ( 'NONE', 3,
 ( #3120, #2060, #674, #619, #1735, #1790, #2898, #1517, #373, #2627 ),
 .UNSPECIFIED., .F., .F.,
 ( 4, 2, 2, 2, 4 ),
 ( 0.001875779837475667535, 0.002340326972776949916, 0.002804874108078232297, 0.003269421243379514678, 0.003733968378680797059 ),
 .UNSPECIFIED. ) ;
#2621 = CARTESIAN_POINT ( 'NONE',  ( -5.823088065416653691, 38.35000000000014353, 2.000000000000000000 ) ) ;
#2622 = VECTOR ( 'NONE', #911, 1000.000000000000000 ) ;
#2623 = FACE_OUTER_BOUND ( 'NONE', #1210, .T. ) ;
#2624 = VECTOR ( 'NONE', #1428, 1000.000000000000000 ) ;
#2625 = CARTESIAN_POINT ( 'NONE',  ( -15.35000000000013465, 15.34999999999999964, 4.000000000000000000 ) ) ;
#2626 = EDGE_LOOP ( 'NONE', ( #954, #3233, #1082, #709, #3488 ) ) ;
#2627 = CARTESIAN_POINT ( 'NONE',  ( 19.19715324995163996, 23.47941223623179852, 2.000000000000000000 ) ) ;
#2628 = CIRCLE ( 'NONE', #944, 30.32842712474619162 ) ;
#2629 = AXIS2_PLACEMENT_3D ( 'NONE', #2875, #1509, #2820 ) ;
#2630 = AXIS2_PLACEMENT_3D ( 'NONE', #143, #447, #2341 ) ;
#2631 = CARTESIAN_POINT ( 'NONE',  ( 2.053153435405786542, 19.94999999999999929, 30.25754087573240270 ) ) ;
#2632 = CARTESIAN_POINT ( 'NONE',  ( -19.96522368915195855, -24.20786437626910015, 2.000000000000000000 ) ) ;
#2633 = EDGE_CURVE ( 'NONE', #2501, #728, #3316, .T. ) ;
#2634 = DIRECTION ( 'NONE',  ( -0.000000000000000000, -0.000000000000000000, -1.000000000000000000 ) ) ;
#2635 = ORIENTED_EDGE ( 'NONE', *, *, #1679, .F. ) ;
#2636 = EDGE_CURVE ( 'NONE', #3379, #2588, #565, .T. ) ;
#2637 = CIRCLE ( 'NONE', #3394, 1.749999999999996447 ) ;
#2638 = ORIENTED_EDGE ( 'NONE', *, *, #1450, .T. ) ;
#2639 = FACE_OUTER_BOUND ( 'NONE', #2568, .T. ) ;
#2640 = ORIENTED_EDGE ( 'NONE', *, *, #643, .T. ) ;
#2641 = DIRECTION ( 'NONE',  ( 1.000000000000000000, 0.000000000000000000, 0.000000000000000000 ) ) ;
#2642 = CARTESIAN_POINT ( 'NONE',  ( -23.27138791258760264, 19.94999999999999574, 21.41329613856198932 ) ) ;
#2643 = CARTESIAN_POINT ( 'NONE',  ( 23.69218996054882354, 23.69218996054634374, 0.000000000000000000 ) ) ;
#2644 = VERTEX_POINT ( 'NONE', #3596 ) ;
#2645 = DIRECTION ( 'NONE',  ( 1.550760359917785817E-16, -1.000000000000000000, 3.697785493223492838E-32 ) ) ;
#2646 = CARTESIAN_POINT ( 'NONE',  ( 2.121320343560742838, -2.121320343560765043, 2.000000000000000000 ) ) ;
#2647 = CARTESIAN_POINT ( 'NONE',  ( -3.954324746979932304, 13.01749836836267704, 31.40735314385466381 ) ) ;
#2648 = DIRECTION ( 'NONE',  ( -1.000000000000000000, 0.000000000000000000, 0.000000000000000000 ) ) ;
#2649 = EDGE_CURVE ( 'NONE', #2393, #563, #2166, .T. ) ;
#2650 = ORIENTED_EDGE ( 'NONE', *, *, #2503, .F. ) ;
#2651 = DIRECTION ( 'NONE',  ( 0.000000000000000000, -1.000000000000000000, 3.697785493223492838E-32 ) ) ;
#2652 = EDGE_CURVE ( 'NONE', #1440, #426, #3526, .T. ) ;
#2653 = ORIENTED_EDGE ( 'NONE', *, *, #2587, .T. ) ;
#2654 = DIRECTION ( 'NONE',  ( 0.000000000000000000, -0.000000000000000000, -1.000000000000000000 ) ) ;
#2655 = ORIENTED_EDGE ( 'NONE', *, *, #383, .F. ) ;
#2656 = CARTESIAN_POINT ( 'NONE',  ( -20.49781649662662275, 19.94999999999999574, 2.545454545454547635 ) ) ;
#2657 = CARTESIAN_POINT ( 'NONE',  ( -38.35000000000012221, -5.823088065416786918, 0.000000000000000000 ) ) ;
#2658 = ORIENTED_EDGE ( 'NONE', *, *, #692, .T. ) ;
#2659 = CARTESIAN_POINT ( 'NONE',  ( -21.57086961698677641, 25.81351030410838021, 0.000000000000000000 ) ) ;
#2660 = EDGE_CURVE ( 'NONE', #2260, #1440, #2183, .T. ) ;
#2661 = CARTESIAN_POINT ( 'NONE',  ( 19.19715324995163996, 23.47941223623179852, 2.000000000000000000 ) ) ;
#2662 = CARTESIAN_POINT ( 'NONE',  ( -24.14423938417212767, 13.64999999999999325, 3.076281669879696867 ) ) ;
#2663 = CARTESIAN_POINT ( 'NONE',  ( -2.053153435407442551, 9.499202836393507710, 37.35832022167644340 ) ) ;
#2664 = CARTESIAN_POINT ( 'NONE',  ( 0.000000000000000000, -13.85000000000013110, 2.000000000000000000 ) ) ;
#2665 = ORIENTED_EDGE ( 'NONE', *, *, #1809, .F. ) ;
#2666 = DIRECTION ( 'NONE',  ( 0.7071067811865452413, -0.7071067811865497932, 0.000000000000000000 ) ) ;
#2667 = DIRECTION ( 'NONE',  ( 1.638611685377993016E-16, -1.000000000000000000, 0.000000000000000000 ) ) ;
#2668 = ORIENTED_EDGE ( 'NONE', *, *, #2204, .F. ) ;
#2669 = DIRECTION ( 'NONE',  ( -1.000000000000000000, 0.000000000000000000, 0.000000000000000000 ) ) ;
#2670 = VERTEX_POINT ( 'NONE', #1037 ) ;
#2671 = EDGE_CURVE ( 'NONE', #1851, #1443, #2876, .T. ) ;
#2672 = DIRECTION ( 'NONE',  ( -0.7071067811865452413, 0.7071067811865497932, 0.000000000000000000 ) ) ;
#2673 = DIRECTION ( 'NONE',  ( 6.059234519217240467E-48, -3.697785493223492838E-32, -1.000000000000000000 ) ) ;
#2674 = ORIENTED_EDGE ( 'NONE', *, *, #738, .T. ) ;
#2675 = ORIENTED_EDGE ( 'NONE', *, *, #1918, .T. ) ;
#2676 = ADVANCED_FACE ( 'NONE', ( #236 ), #1329, .T. ) ;
#2677 = AXIS2_PLACEMENT_3D ( 'NONE', #1049, #3294, #1434 ) ;
#2678 = DIRECTION ( 'NONE',  ( -1.550760359917785570E-16, 1.000000000000000000, 0.000000000000000000 ) ) ;
#2679 = DIRECTION ( 'NONE',  ( -2.321349131436297192E-13, 0.000000000000000000, -1.000000000000000000 ) ) ;
#2680 = APPLICATION_CONTEXT ( 'configuration controlled 3d designs of mechanical parts and assemblies' ) ;
#2681 = DIRECTION ( 'NONE',  ( 1.000000000000000000, 0.000000000000000000, 0.000000000000000000 ) ) ;
#2682 = VECTOR ( 'NONE', #89, 1000.000000000000000 ) ;
#2683 = VECTOR ( 'NONE', #1502, 1000.000000000000000 ) ;
#2684 = VECTOR ( 'NONE', #3544, 1000.000000000000000 ) ;
#2685 = CARTESIAN_POINT ( 'NONE',  ( -10.43414161117064154, 13.64999999999999680, 26.99999999619808122 ) ) ;
#2686 = ORIENTED_EDGE ( 'NONE', *, *, #3571, .F. ) ;
#2687 = CARTESIAN_POINT ( 'NONE',  ( -4.147514760152989466E-15, 18.34999999999999787, 0.000000000000000000 ) ) ;
#2688 = CARTESIAN_POINT ( 'NONE',  ( -18.38238099921353452, 22.78444325527165404, 2.186726849058919342 ) ) ;
#2689 = VERTEX_POINT ( 'NONE', #3283 ) ;
#2690 = DIRECTION ( 'NONE',  ( 1.550760359917785817E-16, -1.000000000000000000, 3.697785493223492838E-32 ) ) ;
#2691 = ORIENTED_EDGE ( 'NONE', *, *, #3102, .T. ) ;
#2692 = CARTESIAN_POINT ( 'NONE',  ( 21.24882933228830950, -16.19582060737927875, 3.528713117099049335 ) ) ;
#2693 = CARTESIAN_POINT ( 'NONE',  ( 24.20786437626935239, 19.95000000000000284, -5.047477198250068074E-31 ) ) ;
#2694 = ORIENTED_EDGE ( 'NONE', *, *, #2310, .F. ) ;
#2695 = ADVANCED_FACE ( 'NONE', ( #1896 ), #785, .T. ) ;
#2696 = LINE ( 'NONE', #1788, #525 ) ;
#2697 = VERTEX_POINT ( 'NONE', #3529 ) ;
#2698 = CARTESIAN_POINT ( 'NONE',  ( 15.35000000000011156, -15.35000000000025722, 2.000000000000000000 ) ) ;
#2699 = CARTESIAN_POINT ( 'NONE',  ( -5.823088065420964021, -38.35000000000000142, 2.000000000000000000 ) ) ;
#2700 = EDGE_CURVE ( 'NONE', #3242, #1962, #2991, .T. ) ;
#2701 = LINE ( 'NONE', #3213, #644 ) ;
#2702 = CARTESIAN_POINT ( 'NONE',  ( 24.20786437626935239, 19.95000000000000284, 2.000000000000000000 ) ) ;
#2703 = ORIENTED_EDGE ( 'NONE', *, *, #1846, .F. ) ;
#2704 = CARTESIAN_POINT ( 'NONE',  ( -13.46869705022667851, -19.86907298722658766, 4.000000000000000000 ) ) ;
#2705 = VECTOR ( 'NONE', #2510, 1000.000000000000000 ) ;
#2706 = EDGE_CURVE ( 'NONE', #624, #1386, #3258, .T. ) ;
#2707 = EDGE_LOOP ( 'NONE', ( #739, #3146, #1662, #1060 ) ) ;
#2708 = CARTESIAN_POINT ( 'NONE',  ( -21.57086961698901817, -25.81351030410615977, 2.000000000000000000 ) ) ;
#2709 = ORIENTED_EDGE ( 'NONE', *, *, #670, .F. ) ;
#2710 = DIRECTION ( 'NONE',  ( 1.000000000000000000, 0.000000000000000000, 0.000000000000000000 ) ) ;
#2711 = CARTESIAN_POINT ( 'NONE',  ( 24.20786437626935239, 19.95000000000000284, -5.047477198250068074E-31 ) ) ;
#2712 = ORIENTED_EDGE ( 'NONE', *, *, #2188, .F. ) ;
#2713 = DIRECTION ( 'NONE',  ( -0.000000000000000000, -0.000000000000000000, -1.000000000000000000 ) ) ;
#2714 = ORIENTED_EDGE ( 'NONE', *, *, #3515, .T. ) ;
#2715 = DIRECTION ( 'NONE',  ( 0.000000000000000000, -0.000000000000000000, -1.000000000000000000 ) ) ;
#2716 = EDGE_CURVE ( 'NONE', #2588, #1581, #484, .T. ) ;
#2717 = CARTESIAN_POINT ( 'NONE',  ( 5.823088065416383685, -38.35000000000017906, 0.000000000000000000 ) ) ;
#2718 = CARTESIAN_POINT ( 'NONE',  ( 18.35000000000011156, 19.95000000000000284, -2.228252304892222344E-13 ) ) ;
#2719 = EDGE_CURVE ( 'NONE', #36, #3528, #2873, .T. ) ;
#2720 = LINE ( 'NONE', #1832, #2937 ) ;
#2721 = ORIENTED_EDGE ( 'NONE', *, *, #1831, .F. ) ;
#2722 = CARTESIAN_POINT ( 'NONE',  ( 18.35000000000011511, 2.073757380076524710E-15, 4.000000000000000000 ) ) ;
#2723 = ORIENTED_EDGE ( 'NONE', *, *, #1522, .T. ) ;
#2724 = DIRECTION ( 'NONE',  ( 1.000000000000000000, 0.000000000000000000, 0.000000000000000000 ) ) ;
#2725 = ORIENTED_EDGE ( 'NONE', *, *, #539, .F. ) ;
#2726 = DIRECTION ( 'NONE',  ( 1.000000000000000000, 0.000000000000000000, 0.000000000000000000 ) ) ;
#2727 = CARTESIAN_POINT ( 'NONE',  ( -20.49781649662662275, 19.94999999999999574, 2.545454545454547635 ) ) ;
#2728 = VERTEX_POINT ( 'NONE', #1385 ) ;
#2729 = LOCAL_TIME ( 19, 37, 39.00000000000000000, #3060 ) ;
#2730 = CARTESIAN_POINT ( 'NONE',  ( 15.35000000000011156, -15.35000000000025722, 3.000000000000000000 ) ) ;
#2731 = ORIENTED_EDGE ( 'NONE', *, *, #322, .T. ) ;
#2732 = SECURITY_CLASSIFICATION_LEVEL ( 'unclassified' ) ;
#2733 = AXIS2_PLACEMENT_3D ( 'NONE', #199, #1310, #2418 ) ;
#2734 = CARTESIAN_POINT ( 'NONE',  ( 23.69218996054625492, -23.69218996054890525, 0.000000000000000000 ) ) ;
#2735 = DIRECTION ( 'NONE',  ( -1.000000000000000000, 0.000000000000000000, 0.000000000000000000 ) ) ;
#2736 = CIRCLE ( 'NONE', #1977, 24.00387180440943524 ) ;
#2737 = DIRECTION ( 'NONE',  ( 1.000000000000000000, 0.000000000000000000, 0.000000000000000000 ) ) ;
#2738 = CARTESIAN_POINT ( 'NONE',  ( -21.57086961698901817, -25.81351030410615977, 0.000000000000000000 ) ) ;
#2739 = CIRCLE ( 'NONE', #2038, 1.750000000000001554 ) ;
#2740 = ORIENTED_EDGE ( 'NONE', *, *, #80, .T. ) ;
#2741 = CARTESIAN_POINT ( 'NONE',  ( 0.8689234379691415100, 13.62591889512184551, 27.84961984184601036 ) ) ;
#2742 = EDGE_CURVE ( 'NONE', #169, #483, #1433, .T. ) ;
#2743 = CIRCLE ( 'NONE', #2506, 2.999999999999999112 ) ;
#2744 = ADVANCED_FACE ( 'NONE', ( #2285 ), #876, .F. ) ;
#2745 = ORIENTED_EDGE ( 'NONE', *, *, #664, .F. ) ;
#2746 = ORIENTED_EDGE ( 'NONE', *, *, #222, .F. ) ;
#2747 = CYLINDRICAL_SURFACE ( 'NONE', #24, 19.99999999999999645 ) ;
#2748 = CARTESIAN_POINT ( 'NONE',  ( -2.121320343560730848, -2.121320343560684663, 0.000000000000000000 ) ) ;
#2749 = ORIENTED_EDGE ( 'NONE', *, *, #293, .T. ) ;
#2750 = CARTESIAN_POINT ( 'NONE',  ( -22.78444325527159009, -18.38238099921362689, 2.186726849058917121 ) ) ;
#2751 = ORIENTED_EDGE ( 'NONE', *, *, #427, .T. ) ;
#2752 = AXIS2_PLACEMENT_3D ( 'NONE', #1728, #2818, #1421 ) ;
#2753 = SHAPE_DEFINITION_REPRESENTATION ( #3449, #281 ) ;
#2754 = DIRECTION ( 'NONE',  ( 0.000000000000000000, 0.000000000000000000, -1.000000000000000000 ) ) ;
#2755 = FACE_OUTER_BOUND ( 'NONE', #3369, .T. ) ;
#2756 = DIRECTION ( 'NONE',  ( 1.000000000000000000, 0.000000000000000000, 0.000000000000000000 ) ) ;
#2757 = CARTESIAN_POINT ( 'NONE',  ( -18.35000000000013287, 16.23217165937156281, 4.000000000000000000 ) ) ;
#2758 = ORIENTED_EDGE ( 'NONE', *, *, #3323, .F. ) ;
#2759 = LINE ( 'NONE', #309, #1465 ) ;
#2760 = VECTOR ( 'NONE', #1141, 999.9999999999998863 ) ;
#2761 = EDGE_CURVE ( 'NONE', #76, #3345, #1042, .T. ) ;
#2762 = CIRCLE ( 'NONE', #906, 15.00000000000000000 ) ;
#2763 = ORIENTED_EDGE ( 'NONE', *, *, #980, .F. ) ;
#2764 = CARTESIAN_POINT ( 'NONE',  ( 12.35000000000015952, -15.34999999999994991, 3.000000000000000000 ) ) ;
#2765 = ADVANCED_FACE ( 'NONE', ( #3403 ), #1439, .T. ) ;
#2766 = CARTESIAN_POINT ( 'NONE',  ( -23.69218996054642545, 23.69218996054874182, 2.000000000000000000 ) ) ;
#2767 = CYLINDRICAL_SURFACE ( 'NONE', #3465, 19.99999999999999645 ) ;
#2768 = ORIENTED_EDGE ( 'NONE', *, *, #3356, .F. ) ;
#2769 = DIRECTION ( 'NONE',  ( -0.000000000000000000, 0.000000000000000000, 1.000000000000000000 ) ) ;
#2770 = VERTEX_POINT ( 'NONE', #318 ) ;
#2771 = DATE_AND_TIME ( #824, #2729 ) ;
#2772 = CARTESIAN_POINT ( 'NONE',  ( -15.35000000000000675, -15.35000000000010623, 3.000000000000000000 ) ) ;
#2773 = CARTESIAN_POINT ( 'NONE',  ( 7.983801529043831557, 13.59999786607752803, 28.22374989449534510 ) ) ;
#2774 = EDGE_CURVE ( 'NONE', #418, #1837, #2082, .T. ) ;
#2775 = CARTESIAN_POINT ( 'NONE',  ( 13.60000000000011511, -15.35000000000025722, 3.000000000000000000 ) ) ;
#2776 = CARTESIAN_POINT ( 'NONE',  ( 1.671359103495694486E-16, 13.64999999999999858, 4.000000000000010658 ) ) ;
#2777 = ORIENTED_EDGE ( 'NONE', *, *, #3010, .T. ) ;
#2778 = ORIENTED_EDGE ( 'NONE', *, *, #3140, .F. ) ;
#2779 = CARTESIAN_POINT ( 'NONE',  ( -2.558426425360543099, 19.94999999999999929, 27.51760025597648252 ) ) ;
#2780 = CARTESIAN_POINT ( 'NONE',  ( -18.35000000000013642, 19.94999999999999574, 3.374142124937840936 ) ) ;
#2781 = ORIENTED_EDGE ( 'NONE', *, *, #1270, .F. ) ;
#2782 = DIRECTION ( 'NONE',  ( -0.000000000000000000, 0.000000000000000000, 1.000000000000000000 ) ) ;
#2783 = ORIENTED_EDGE ( 'NONE', *, *, #3076, .T. ) ;
#2784 = EDGE_CURVE ( 'NONE', #175, #3597, #2817, .T. ) ;
#2785 = CARTESIAN_POINT ( 'NONE',  ( 0.000000000000000000, 0.000000000000000000, 0.000000000000000000 ) ) ;
#2786 = FACE_OUTER_BOUND ( 'NONE', #949, .T. ) ;
#2787 = CARTESIAN_POINT ( 'NONE',  ( 2.623078680157960640, 11.90694853085487992, 34.02256378270538306 ) ) ;
#2788 = EDGE_CURVE ( 'NONE', #2555, #1195, #2580, .T. ) ;
#2789 = B_SPLINE_CURVE_WITH_KNOTS ( 'NONE', 3,
 ( #1394, #2757, #1955, #850, #515, #2500, #1684, #268 ),
 .UNSPECIFIED., .F., .F.,
 ( 4, 2, 2, 4 ),
 ( 0.008512347408455052736, 0.01076997251660012297, 0.01189878507067265376, 0.01302759762474518454 ),
 .UNSPECIFIED. ) ;
#2790 = AXIS2_PLACEMENT_3D ( 'NONE', #758, #1547, #2071 ) ;
#2791 = FACE_OUTER_BOUND ( 'NONE', #1849, .T. ) ;
#2792 = CARTESIAN_POINT ( 'NONE',  ( 18.35000000000015419, 19.95000000000000284, 3.374142124937836495 ) ) ;
#2793 = ORIENTED_EDGE ( 'NONE', *, *, #1209, .T. ) ;
#2794 = LINE ( 'NONE', #1135, #3148 ) ;
#2795 = CIRCLE ( 'NONE', #3436, 10.00000000000000178 ) ;
#2796 = TOROIDAL_SURFACE ( 'NONE', #301, 24.00387180440943524, 8.000000000000000000 ) ;
#2797 = ORIENTED_EDGE ( 'NONE', *, *, #3455, .F. ) ;
#2798 = EDGE_LOOP ( 'NONE', ( #1956, #1529 ) ) ;
#2799 = DIRECTION ( 'NONE',  ( 7.994117400814680220E-17, 1.000000000000000000, 0.000000000000000000 ) ) ;
#2800 = AXIS2_PLACEMENT_3D ( 'NONE', #19, #2320, #2039 ) ;
#2801 = CIRCLE ( 'NONE', #1986, 28.60354840101798857 ) ;
#2802 = AXIS2_PLACEMENT_3D ( 'NONE', #3390, #384, #582 ) ;
#2803 = DIRECTION ( 'NONE',  ( -0.000000000000000000, -0.000000000000000000, -1.000000000000000000 ) ) ;
#2804 = CARTESIAN_POINT ( 'NONE',  ( -24.20786437626903265, 13.64999999999999503, -5.047477198250068074E-31 ) ) ;
#2805 = ORIENTED_EDGE ( 'NONE', *, *, #205, .F. ) ;
#2806 = CARTESIAN_POINT ( 'NONE',  ( 3.006852442668617730E-15, -18.35000000000000142, 2.000000000000000000 ) ) ;
#2807 = ORIENTED_EDGE ( 'NONE', *, *, #3435, .T. ) ;
#2808 = APPROVAL_DATE_TIME ( #549, #30 ) ;
#2809 = CYLINDRICAL_SURFACE ( 'NONE', #1115, 3.000000000000000888 ) ;
#2810 = CARTESIAN_POINT ( 'NONE',  ( 4.142615466783646561, 13.04103934149389055, 31.23555867952171994 ) ) ;
#2811 = EDGE_CURVE ( 'NONE', #859, #1821, #3130, .T. ) ;
#2812 = EDGE_CURVE ( 'NONE', #2229, #597, #3386, .T. ) ;
#2813 = DIRECTION ( 'NONE',  ( 0.000000000000000000, 0.000000000000000000, -1.000000000000000000 ) ) ;
#2814 = CARTESIAN_POINT ( 'NONE',  ( -2.558426425360542211, 13.64106700588764021, 27.51760025597648252 ) ) ;
#2815 = ORIENTED_EDGE ( 'NONE', *, *, #3165, .F. ) ;
#2816 = ADVANCED_FACE ( 'NONE', ( #1731 ), #2561, .F. ) ;
#2817 = CIRCLE ( 'NONE', #18, 24.00387180440943524 ) ;
#2818 = DIRECTION ( 'NONE',  ( -1.550760359917785817E-16, 1.000000000000000000, -3.697785493223492838E-32 ) ) ;
#2819 = ORIENTED_EDGE ( 'NONE', *, *, #2719, .T. ) ;
#2820 = DIRECTION ( 'NONE',  ( 1.000000000000000000, -5.329070518200750605E-15, 0.000000000000000000 ) ) ;
#2821 = DIRECTION ( 'NONE',  ( -1.000000000000000000, 0.000000000000000000, 0.000000000000000000 ) ) ;
#2822 = VERTEX_POINT ( 'NONE', #3074 ) ;
#2823 = DIRECTION ( 'NONE',  ( -0.000000000000000000, -0.000000000000000000, -1.000000000000000000 ) ) ;
#2824 = CYLINDRICAL_SURFACE ( 'NONE', #1985, 19.99999999999999645 ) ;
#2825 = DIRECTION ( 'NONE',  ( 1.000000000000000000, -1.065814103640150121E-14, 0.000000000000000000 ) ) ;
#2826 = DIRECTION ( 'NONE',  ( 1.000000000000000000, 0.000000000000000000, 0.000000000000000000 ) ) ;
#2827 = FACE_OUTER_BOUND ( 'NONE', #1228, .T. ) ;
#2828 = DIRECTION ( 'NONE',  ( 0.000000000000000000, -0.000000000000000000, -1.000000000000000000 ) ) ;
#2829 = EDGE_CURVE ( 'NONE', #669, #2251, #650, .T. ) ;
#2830 = ORIENTED_EDGE ( 'NONE', *, *, #1223, .T. ) ;
#2831 = VERTEX_POINT ( 'NONE', #630 ) ;
#2832 = DIRECTION ( 'NONE',  ( 0.000000000000000000, -0.000000000000000000, -1.000000000000000000 ) ) ;
#2833 = VERTEX_POINT ( 'NONE', #895 ) ;
#2834 = CARTESIAN_POINT ( 'NONE',  ( -18.35000000000000497, -15.35000000000010623, 0.000000000000000000 ) ) ;
#2835 = CARTESIAN_POINT ( 'NONE',  ( -22.43813219463534381, -17.94039465755670193, 2.457650197356289645 ) ) ;
#2836 = ORIENTED_EDGE ( 'NONE', *, *, #1029, .F. ) ;
#2837 = CARTESIAN_POINT ( 'NONE',  ( -10.85000000000012399, -13.85000000000013110, 4.000000000000000000 ) ) ;
#2838 = CYLINDRICAL_SURFACE ( 'NONE', #1702, 3.000000000000000888 ) ;
#2839 = CARTESIAN_POINT ( 'NONE',  ( -18.26778688806126638, 22.69276224895428129, 2.244694863649757011 ) ) ;
#2840 = ORGANIZATION ( 'UNSPECIFIED', 'UNSPECIFIED', '' ) ;
#2841 = LINE ( 'NONE', #3373, #3032 ) ;
#2842 = LINE ( 'NONE', #2631, #1590 ) ;
#2843 = CYLINDRICAL_SURFACE ( 'NONE', #1576, 3.000000000000002665 ) ;
#2844 = CIRCLE ( 'NONE', #695, 2.999999999999999112 ) ;
#2845 = ORIENTED_EDGE ( 'NONE', *, *, #2171, .F. ) ;
#2846 = ADVANCED_FACE ( 'NONE', ( #1697 ), #366, .F. ) ;
#2847 = CIRCLE ( 'NONE', #1274, 1.750000000000001554 ) ;
#2848 = EDGE_LOOP ( 'NONE', ( #2768, #1100 ) ) ;
#2849 = VECTOR ( 'NONE', #3381, 1000.000000000000000 ) ;
#2850 = EDGE_CURVE ( 'NONE', #319, #1328, #71, .T. ) ;
#2851 = AXIS2_PLACEMENT_3D ( 'NONE', #808, #3287, #2201 ) ;
#2852 = LINE ( 'NONE', #363, #596 ) ;
#2853 = ORIENTED_EDGE ( 'NONE', *, *, #1970, .F. ) ;
#2854 = DIRECTION ( 'NONE',  ( -0.000000000000000000, 0.000000000000000000, 1.000000000000000000 ) ) ;
#2855 = AXIS2_PLACEMENT_3D ( 'NONE', #1257, #2365, #1463 ) ;
#2856 = CARTESIAN_POINT ( 'NONE',  ( -17.10000000000014353, 15.34999999999999964, 2.000000000000000000 ) ) ;
#2857 = ORIENTED_EDGE ( 'NONE', *, *, #1137, .F. ) ;
#2858 = AXIS2_PLACEMENT_3D ( 'NONE', #2953, #2148, #2899 ) ;
#2859 = VECTOR ( 'NONE', #973, 1000.000000000000000 ) ;
#2860 = DIRECTION ( 'NONE',  ( 1.000000000000000000, 0.000000000000000000, 0.000000000000000000 ) ) ;
#2861 = LINE ( 'NONE', #2879, #1524 ) ;
#2862 = ORIENTED_EDGE ( 'NONE', *, *, #1392, .T. ) ;
#2863 = CARTESIAN_POINT ( 'NONE',  ( 10.85000000000012044, 10.85000000000013465, 2.000000000000000000 ) ) ;
#2864 = CYLINDRICAL_SURFACE ( 'NONE', #3493, 1.749999999999999778 ) ;
#2865 = CARTESIAN_POINT ( 'NONE',  ( 15.35000000000011156, -15.35000000000025722, 3.000000000000000000 ) ) ;
#2866 = CARTESIAN_POINT ( 'NONE',  ( -24.20786437626903265, 13.64999999999999503, -5.047477198250068074E-31 ) ) ;
#2867 = TOROIDAL_SURFACE ( 'NONE', #1067, 30.32842712474619162, 3.000000000000000000 ) ;
#2868 = CARTESIAN_POINT ( 'NONE',  ( 15.35000000000011156, -15.35000000000025722, 2.000000000000000000 ) ) ;
#2869 = ORIENTED_EDGE ( 'NONE', *, *, #2262, .T. ) ;
#2870 = ORIENTED_EDGE ( 'NONE', *, *, #1026, .F. ) ;
#2871 = EDGE_CURVE ( 'NONE', #1874, #1264, #2603, .T. ) ;
#2872 = DIRECTION ( 'NONE',  ( 0.000000000000000000, -0.000000000000000000, -1.000000000000000000 ) ) ;
#2873 = CIRCLE ( 'NONE', #2016, 3.000000000000002665 ) ;
#2874 = ORIENTED_EDGE ( 'NONE', *, *, #349, .T. ) ;
#2875 = CARTESIAN_POINT ( 'NONE',  ( 0.000000000000000000, 0.000000000000000000, 2.000000000000000000 ) ) ;
#2876 = CIRCLE ( 'NONE', #660, 2.999999999999999112 ) ;
#2877 = CARTESIAN_POINT ( 'NONE',  ( 18.35000000000016129, 15.47460376237518354, 4.000000000000000000 ) ) ;
#2878 = VERTEX_POINT ( 'NONE', #1766 ) ;
#2879 = CARTESIAN_POINT ( 'NONE',  ( 1.107185260012845038E-15, 13.85000000000013287, 4.000000000000000000 ) ) ;
#2880 = ORIENTED_EDGE ( 'NONE', *, *, #872, .F. ) ;
#2881 = DIRECTION ( 'NONE',  ( 0.000000000000000000, 0.000000000000000000, -1.000000000000000000 ) ) ;
#2882 = AXIS2_PLACEMENT_3D ( 'NONE', #1073, #3594, #12 ) ;
#2883 = CARTESIAN_POINT ( 'NONE',  ( -23.69218996054642545, 23.69218996054874182, 0.000000000000000000 ) ) ;
#2884 = LINE ( 'NONE', #3107, #1419 ) ;
#2885 = EDGE_CURVE ( 'NONE', #554, #1617, #171, .T. ) ;
#2886 = LINE ( 'NONE', #2349, #178 ) ;
#2887 = FACE_OUTER_BOUND ( 'NONE', #1678, .T. ) ;
#2888 = VERTEX_POINT ( 'NONE', #2411 ) ;
#2889 = ORIENTED_EDGE ( 'NONE', *, *, #322, .F. ) ;
#2890 = CARTESIAN_POINT ( 'NONE',  ( 2.558426425360547096, 13.60321340792296496, 27.51760025597647896 ) ) ;
#2891 = ORIENTED_EDGE ( 'NONE', *, *, #1673, .T. ) ;
#2892 = CARTESIAN_POINT ( 'NONE',  ( -26.69218996054642901, 23.69218996054874182, 0.000000000000000000 ) ) ;
#2893 = DIRECTION ( 'NONE',  ( 0.000000000000000000, -0.000000000000000000, -1.000000000000000000 ) ) ;
#2894 = ADVANCED_FACE ( 'NONE', ( #3558 ), #1030, .F. ) ;
#2895 = CARTESIAN_POINT ( 'NONE',  ( 18.35000000000011156, 15.34999999999999964, 0.000000000000000000 ) ) ;
#2896 = VERTEX_POINT ( 'NONE', #2957 ) ;
#2897 = DIRECTION ( 'NONE',  ( -0.000000000000000000, 0.000000000000000000, 1.000000000000000000 ) ) ;
#2898 = CARTESIAN_POINT ( 'NONE',  ( 18.72868156487821523, 23.07028984362425206, 2.059284922126515927 ) ) ;
#2899 = DIRECTION ( 'NONE',  ( -1.000000000000000000, 0.000000000000000000, 0.000000000000000000 ) ) ;
#2900 = EDGE_CURVE ( 'NONE', #2927, #1854, #3389, .T. ) ;
#2901 = FACE_OUTER_BOUND ( 'NONE', #1546, .T. ) ;
#2902 = CARTESIAN_POINT ( 'NONE',  ( 4.329805364762036923, 13.64999999999999858, 26.99999999887852553 ) ) ;
#2903 = CARTESIAN_POINT ( 'NONE',  ( -10.85000000000012399, -10.85000000000013465, 2.000000000000000000 ) ) ;
#2904 = CC_DESIGN_APPROVAL ( #2460, ( #517 ) ) ;
#2905 = VERTEX_POINT ( 'NONE', #458 ) ;
#2906 = AXIS2_PLACEMENT_3D ( 'NONE', #197, #2359, #417 ) ;
#2907 = ORIENTED_EDGE ( 'NONE', *, *, #2671, .F. ) ;
#2908 = CARTESIAN_POINT ( 'NONE',  ( -28.35000000000013642, 4.548202788755518533, 4.000000000000000000 ) ) ;
#2909 = ORIENTED_EDGE ( 'NONE', *, *, #1011, .F. ) ;
#2910 = VECTOR ( 'NONE', #639, 1000.000000000000000 ) ;
#2911 = DIRECTION ( 'NONE',  ( 1.000000000000000000, 0.000000000000000000, 0.000000000000000000 ) ) ;
#2912 = CIRCLE ( 'NONE', #2152, 2.999999999999997335 ) ;
#2913 = AXIS2_PLACEMENT_3D ( 'NONE', #1901, #2202, #567 ) ;
#2914 = ORIENTED_EDGE ( 'NONE', *, *, #2434, .T. ) ;
#2915 = AXIS2_PLACEMENT_3D ( 'NONE', #1933, #3045, #1389 ) ;
#2916 = DIRECTION ( 'NONE',  ( -0.000000000000000000, -0.000000000000000000, -1.000000000000000000 ) ) ;
#2917 = AXIS2_PLACEMENT_3D ( 'NONE', #3119, #3424, #935 ) ;
#2918 = AXIS2_PLACEMENT_3D ( 'NONE', #710, #2109, #3514 ) ;
#2919 = EDGE_CURVE ( 'NONE', #360, #615, #2340, .T. ) ;
#2920 = CARTESIAN_POINT ( 'NONE',  ( -17.83721627534139387, 22.36060591030762978, 2.545454545454434392 ) ) ;
#2921 = CARTESIAN_POINT ( 'NONE',  ( -5.823088065420885862, -18.35000000000000142, 4.000000000000000000 ) ) ;
#2922 = ADVANCED_FACE ( 'NONE', ( #1594 ), #1301, .F. ) ;
#2923 = B_SPLINE_CURVE_WITH_KNOTS ( 'NONE', 2,
 ( #2702, #2994, #3555 ),
 .UNSPECIFIED., .F., .F.,
 ( 3, 3 ),
 ( 0.000000000000000000, 0.8096095276292312182 ),
 .UNSPECIFIED. ) ;
#2924 = CARTESIAN_POINT ( 'NONE',  ( 21.57086961698920291, 25.81351030410601055, 0.000000000000000000 ) ) ;
#2925 = AXIS2_PLACEMENT_3D ( 'NONE', #2329, #3450, #98 ) ;
#2926 = ORIENTED_EDGE ( 'NONE', *, *, #3142, .T. ) ;
#2927 = VERTEX_POINT ( 'NONE', #2704 ) ;
#2928 = CARTESIAN_POINT ( 'NONE',  ( -19.19715324995147654, -23.47941223623193352, 2.000000000000000000 ) ) ;
#2929 = ORIENTED_EDGE ( 'NONE', *, *, #2051, .F. ) ;
#2930 = EDGE_CURVE ( 'NONE', #3580, #728, #719, .T. ) ;
#2931 = DIRECTION ( 'NONE',  ( -0.000000000000000000, 0.000000000000000000, 1.000000000000000000 ) ) ;
#2932 = CARTESIAN_POINT ( 'NONE',  ( -24.20786437626903265, 13.56189785327399022, 2.000000000000000000 ) ) ;
#2933 = DIRECTION ( 'NONE',  ( 1.000000000000000000, 0.000000000000000000, 0.000000000000000000 ) ) ;
#2934 = VERTEX_POINT ( 'NONE', #1834 ) ;
#2935 = CARTESIAN_POINT ( 'NONE',  ( -25.44218996054642901, 23.69218996054874182, 2.000000000000000000 ) ) ;
#2936 = DIRECTION ( 'NONE',  ( 1.000000000000000000, 0.000000000000000000, 0.000000000000000000 ) ) ;
#2937 = VECTOR ( 'NONE', #1336, 1000.000000000000000 ) ;
#2938 = DIRECTION ( 'NONE',  ( -0.000000000000000000, -0.000000000000000000, -1.000000000000000000 ) ) ;
#2939 = CARTESIAN_POINT ( 'NONE',  ( -2.053153435405042693, -1.350000000000000755, 27.00000000000000355 ) ) ;
#2940 = ORIENTED_EDGE ( 'NONE', *, *, #1610, .T. ) ;
#2941 = CYLINDRICAL_SURFACE ( 'NONE', #2446, 10.00000000000000000 ) ;
#2942 = EDGE_CURVE ( 'NONE', #723, #1269, #1636, .T. ) ;
#2943 = ADVANCED_FACE ( 'NONE', ( #2427 ), #3536, .F. ) ;
#2944 = ORIENTED_EDGE ( 'NONE', *, *, #643, .F. ) ;
#2945 = CARTESIAN_POINT ( 'NONE',  ( 14.29549294280304750, -20.21112066159671983, 4.000000000000000000 ) ) ;
#2946 = EDGE_LOOP ( 'NONE', ( #2179, #1262, #2352, #1819, #451 ) ) ;
#2947 = CARTESIAN_POINT ( 'NONE',  ( -15.35000000000005294, 15.35000000000006004, 0.000000000000000000 ) ) ;
#2948 = VECTOR ( 'NONE', #821, 1000.000000000000000 ) ;
#2949 = CARTESIAN_POINT ( 'NONE',  ( -7.983801529043845768, 19.94999999999999574, 28.22374989449534510 ) ) ;
#2950 = EDGE_LOOP ( 'NONE', ( #1585, #1964, #1154, #1066 ) ) ;
#2951 = ORIENTED_EDGE ( 'NONE', *, *, #1473, .F. ) ;
#2952 = FACE_OUTER_BOUND ( 'NONE', #651, .T. ) ;
#2953 = CARTESIAN_POINT ( 'NONE',  ( 0.000000000000000000, 0.000000000000000000, -4.000000000000000888 ) ) ;
#2954 = DIRECTION ( 'NONE',  ( -1.000000000000000000, 0.000000000000000000, 0.000000000000000000 ) ) ;
#2955 = CARTESIAN_POINT ( 'NONE',  ( -25.81351030410829850, -21.57086961698686522, 2.000000000000000000 ) ) ;
#2956 = EDGE_LOOP ( 'NONE', ( #3308, #1943 ) ) ;
#2957 = CARTESIAN_POINT ( 'NONE',  ( -24.20786437626903265, 19.96522368915204027, 2.000000000000000000 ) ) ;
#2958 = ADVANCED_FACE ( 'NONE', ( #2368 ), #2941, .F. ) ;
#2959 = ORIENTED_EDGE ( 'NONE', *, *, #611, .T. ) ;
#2960 = DIRECTION ( 'NONE',  ( -1.000000000000000000, -1.638611685377993016E-16, 7.536164877587142077E-64 ) ) ;
#2961 = ORIENTED_EDGE ( 'NONE', *, *, #1325, .F. ) ;
#2962 = DIRECTION ( 'NONE',  ( -1.000000000000000000, 0.000000000000000000, 0.000000000000000000 ) ) ;
#2963 = DIRECTION ( 'NONE',  ( 1.638611685377993016E-16, -1.000000000000000000, 0.000000000000000000 ) ) ;
#2964 = ORIENTED_EDGE ( 'NONE', *, *, #158, .T. ) ;
#2965 = ORIENTED_EDGE ( 'NONE', *, *, #3042, .F. ) ;
#2966 = CARTESIAN_POINT ( 'NONE',  ( -21.94218996054642545, 23.69218996054874182, 0.000000000000000000 ) ) ;
#2967 = AXIS2_PLACEMENT_3D ( 'NONE', #499, #1574, #2176 ) ;
#2968 = LINE ( 'NONE', #988, #359 ) ;
#2969 = VECTOR ( 'NONE', #511, 1000.000000000000000 ) ;
#2970 = CIRCLE ( 'NONE', #1525, 1.750000000000008438 ) ;
#2971 = AXIS2_PLACEMENT_3D ( 'NONE', #482, #1798, #964 ) ;
#2972 = AXIS2_PLACEMENT_3D ( 'NONE', #397, #1852, #2962 ) ;
#2973 = CARTESIAN_POINT ( 'NONE',  ( 17.10000000000010800, -15.35000000000025722, 3.000000000000000000 ) ) ;
#2974 = EDGE_LOOP ( 'NONE', ( #3418, #3354, #3408, #1344, #2731, #1243, #2909 ) ) ;
#2975 = CARTESIAN_POINT ( 'NONE',  ( -14.29527208040438424, -20.21102929022886130, 4.000000000000000000 ) ) ;
#2976 = LINE ( 'NONE', #1614, #3440 ) ;
#2977 = VERTEX_POINT ( 'NONE', #442 ) ;
#2978 = DIRECTION ( 'NONE',  ( -1.638611685377993016E-16, 1.000000000000000000, 0.000000000000000000 ) ) ;
#2979 = ORIENTED_EDGE ( 'NONE', *, *, #1242, .T. ) ;
#2980 = EDGE_CURVE ( 'NONE', #1887, #563, #2385, .T. ) ;
#2981 = DIRECTION ( 'NONE',  ( -1.000000000000000000, 0.000000000000000000, 0.000000000000000000 ) ) ;
#2982 = FACE_OUTER_BOUND ( 'NONE', #2227, .T. ) ;
#2983 = VERTEX_POINT ( 'NONE', #2392 ) ;
#2984 = AXIS2_PLACEMENT_3D ( 'NONE', #3180, #2572, #1173 ) ;
#2985 = DIRECTION ( 'NONE',  ( -1.000000000000000000, 0.000000000000000000, 0.000000000000000000 ) ) ;
#2986 = VERTEX_POINT ( 'NONE', #2118 ) ;
#2987 = EDGE_CURVE ( 'NONE', #1981, #823, #3235, .T. ) ;
#2988 = FACE_OUTER_BOUND ( 'NONE', #1998, .T. ) ;
#2989 = CARTESIAN_POINT ( 'NONE',  ( -20.47486648393022435, 13.60321340792295786, 22.77600313762204109 ) ) ;
#2990 = LINE ( 'NONE', #2646, #711 ) ;
#2991 = CIRCLE ( 'NONE', #1129, 30.32842712474619162 ) ;
#2992 = CC_DESIGN_PERSON_AND_ORGANIZATION_ASSIGNMENT ( #3007, #1951, ( #1163 ) ) ;
#2993 = AXIS2_PLACEMENT_3D ( 'NONE', #2903, #2067, #3196 ) ;
#2994 = CARTESIAN_POINT ( 'NONE',  ( 23.27138791258758488, 19.95000000000000284, 21.41329613856198577 ) ) ;
#2995 = EDGE_CURVE ( 'NONE', #1634, #255, #736, .T. ) ;
#2996 = EDGE_LOOP ( 'NONE', ( #2084, #950, #516, #2321, #2031, #932, #2375 ) ) ;
#2997 = CARTESIAN_POINT ( 'NONE',  ( -16.72306256513737921, -21.58005709283781925, 3.291948359959418369 ) ) ;
#2998 = DIRECTION ( 'NONE',  ( -0.7071067811865530128, -0.7071067811865421326, 0.000000000000000000 ) ) ;
#2999 = VECTOR ( 'NONE', #1383, 1000.000000000000000 ) ;
#3000 = VERTEX_POINT ( 'NONE', #191 ) ;
#3001 = ORIENTED_EDGE ( 'NONE', *, *, #3070, .T. ) ;
#3002 = LINE ( 'NONE', #526, #1775 ) ;
#3003 = DIRECTION ( 'NONE',  ( -1.000000000000000000, 0.000000000000000000, 0.000000000000000000 ) ) ;
#3004 = EDGE_LOOP ( 'NONE', ( #2116, #3256, #2951, #3001 ) ) ;
#3005 = CARTESIAN_POINT ( 'NONE',  ( -2.558426425360542211, 13.64106700588764021, 27.51760025597648252 ) ) ;
#3006 = ORIENTED_EDGE ( 'NONE', *, *, #3537, .F. ) ;
#3007 = PERSON_AND_ORGANIZATION ( #3448, #2840 ) ;
#3008 = CARTESIAN_POINT ( 'NONE',  ( 24.20786437626935239, 19.96522368914760648, 2.000000000000000000 ) ) ;
#3009 = FACE_BOUND ( 'NONE', #1833, .T. ) ;
#3010 = EDGE_CURVE ( 'NONE', #380, #13, #2173, .T. ) ;
#3011 = ADVANCED_FACE ( 'NONE', ( #3309 ), #1973, .T. ) ;
#3012 = DIRECTION ( 'NONE',  ( 0.000000000000000000, -0.000000000000000000, -1.000000000000000000 ) ) ;
#3013 = FACE_OUTER_BOUND ( 'NONE', #65, .T. ) ;
#3014 = ORIENTED_EDGE ( 'NONE', *, *, #3140, .T. ) ;
#3015 = CARTESIAN_POINT ( 'NONE',  ( -16.55067874898769631, -21.46917014128022316, 3.376194721673918764 ) ) ;
#3016 = DIRECTION ( 'NONE',  ( -1.000000000000000000, 0.000000000000000000, 0.000000000000000000 ) ) ;
#3017 = ORIENTED_EDGE ( 'NONE', *, *, #2503, .T. ) ;
#3018 = ORIENTED_EDGE ( 'NONE', *, *, #1418, .F. ) ;
#3019 = DIRECTION ( 'NONE',  ( -0.000000000000000000, -0.000000000000000000, -1.000000000000000000 ) ) ;
#3020 = DIRECTION ( 'NONE',  ( -7.994117400814680220E-17, -1.000000000000000000, 0.000000000000000000 ) ) ;
#3021 = ORIENTED_EDGE ( 'NONE', *, *, #3515, .F. ) ;
#3022 = DIRECTION ( 'NONE',  ( -0.000000000000000000, -0.000000000000000000, -1.000000000000000000 ) ) ;
#3023 = ORIENTED_EDGE ( 'NONE', *, *, #3310, .F. ) ;
#3024 = COORDINATED_UNIVERSAL_TIME_OFFSET ( 5, 0, .BEHIND. ) ;
#3025 = CIRCLE ( 'NONE', #1748, 19.99999999999999645 ) ;
#3026 = DIRECTION ( 'NONE',  ( -0.000000000000000000, -0.000000000000000000, -1.000000000000000000 ) ) ;
#3027 = CARTESIAN_POINT ( 'NONE',  ( 3.699722897767290242, 12.84419968913010024, 31.85517366023003660 ) ) ;
#3028 = EDGE_CURVE ( 'NONE', #169, #3582, #1695, .T. ) ;
#3029 = CARTESIAN_POINT ( 'NONE',  ( 0.000000000000000000, 0.000000000000000000, -4.000000000000000888 ) ) ;
#3030 = FACE_OUTER_BOUND ( 'NONE', #1495, .T. ) ;
#3031 = VECTOR ( 'NONE', #3346, 1000.000000000000000 ) ;
#3032 = VECTOR ( 'NONE', #3395, 1000.000000000000000 ) ;
#3033 = VERTEX_POINT ( 'NONE', #23 ) ;
#3034 = ADVANCED_FACE ( 'NONE', ( #3330 ), #835, .F. ) ;
#3035 = DIRECTION ( 'NONE',  ( 1.638611685377993016E-16, -1.000000000000000000, 0.000000000000000000 ) ) ;
#3036 = AXIS2_PLACEMENT_3D ( 'NONE', #2037, #2823, #2274 ) ;
#3037 = ORIENTED_EDGE ( 'NONE', *, *, #2342, .T. ) ;
#3038 = PRODUCT_RELATED_PRODUCT_CATEGORY ( 'detail', '', ( #1260 ) ) ;
#3039 = CARTESIAN_POINT ( 'NONE',  ( 13.85000000000011866, 10.85000000000013465, 2.000000000000000000 ) ) ;
#3040 = CARTESIAN_POINT ( 'NONE',  ( 24.14368565248690146, 13.62051889931414550, 3.084161056062628248 ) ) ;
#3041 = ORIENTED_EDGE ( 'NONE', *, *, #2518, .F. ) ;
#3042 = EDGE_CURVE ( 'NONE', #2419, #624, #3306, .T. ) ;
#3043 = PLANE ( 'NONE',  #100 ) ;
#3044 = ORIENTED_EDGE ( 'NONE', *, *, #2454, .T. ) ;
#3045 = DIRECTION ( 'NONE',  ( 0.000000000000000000, 0.000000000000000000, -1.000000000000000000 ) ) ;
#3046 = VECTOR ( 'NONE', #832, 1000.000000000000000 ) ;
#3047 = LINE ( 'NONE', #534, #469 ) ;
#3048 = CARTESIAN_POINT ( 'NONE',  ( -10.85000000000012399, -10.85000000000013465, 4.000000000000000000 ) ) ;
#3049 = LINE ( 'NONE', #1668, #2401 ) ;
#3050 = ORIENTED_EDGE ( 'NONE', *, *, #1092, .F. ) ;
#3051 = CARTESIAN_POINT ( 'NONE',  ( -0.4206471309663822877, 13.62585145334816694, 27.85080750142505579 ) ) ;
#3052 = EDGE_CURVE ( 'NONE', #3295, #211, #2795, .T. ) ;
#3053 = ORIENTED_EDGE ( 'NONE', *, *, #1294, .T. ) ;
#3054 = DIRECTION ( 'NONE',  ( -0.000000000000000000, -0.000000000000000000, -1.000000000000000000 ) ) ;
#3055 = DIRECTION ( 'NONE',  ( -0.000000000000000000, 0.000000000000000000, 1.000000000000000000 ) ) ;
#3056 = DIRECTION ( 'NONE',  ( 1.000000000000000000, 0.000000000000000000, 0.000000000000000000 ) ) ;
#3057 = EDGE_LOOP ( 'NONE', ( #2529, #1126 ) ) ;
#3058 = CARTESIAN_POINT ( 'NONE',  ( -23.26866838547611849, -18.96282771877187301, 2.000000000000000000 ) ) ;
#3059 = ORIENTED_EDGE ( 'NONE', *, *, #3347, .F. ) ;
#3060 = COORDINATED_UNIVERSAL_TIME_OFFSET ( 5, 0, .BEHIND. ) ;
#3061 = CARTESIAN_POINT ( 'NONE',  ( 2.053153435405784766, 32.38973883980002455, 30.25754087573240270 ) ) ;
#3062 = CARTESIAN_POINT ( 'NONE',  ( 19.86907298722783111, 19.95000000000000284, 3.999999999999999112 ) ) ;
#3063 = VERTEX_POINT ( 'NONE', #1687 ) ;
#3064 = FACE_BOUND ( 'NONE', #2848, .T. ) ;
#3065 = DIRECTION ( 'NONE',  ( -0.000000000000000000, 0.000000000000000000, 1.000000000000000000 ) ) ;
#3066 = ORIENTED_EDGE ( 'NONE', *, *, #811, .F. ) ;
#3067 = DIRECTION ( 'NONE',  ( -1.000000000000000000, 0.000000000000000000, 0.000000000000000000 ) ) ;
#3068 = ORIENTED_EDGE ( 'NONE', *, *, #1918, .F. ) ;
#3069 = ORIENTED_EDGE ( 'NONE', *, *, #2850, .F. ) ;
#3070 = EDGE_CURVE ( 'NONE', #102, #2175, #2192, .T. ) ;
#3071 = DIRECTION ( 'NONE',  ( -0.7071067811865513475, -0.7071067811865437980, 0.000000000000000000 ) ) ;
#3072 = CARTESIAN_POINT ( 'NONE',  ( 21.94218996054625492, -23.69218996054890525, 0.000000000000000000 ) ) ;
#3073 = ORIENTED_EDGE ( 'NONE', *, *, #273, .F. ) ;
#3074 = CARTESIAN_POINT ( 'NONE',  ( 21.57086961698659167, -25.81351030410852943, 0.000000000000000000 ) ) ;
#3075 = ORIENTED_EDGE ( 'NONE', *, *, #2522, .T. ) ;
#3076 = EDGE_CURVE ( 'NONE', #1358, #3295, #2794, .T. ) ;
#3077 = COORDINATED_UNIVERSAL_TIME_OFFSET ( 5, 0, .BEHIND. ) ;
#3078 = CARTESIAN_POINT ( 'NONE',  ( -21.94218996054642545, 23.69218996054874182, 2.000000000000000000 ) ) ;
#3079 = CARTESIAN_POINT ( 'NONE',  ( 2.703536799100419330, 12.02082406443526885, 33.80296922573069196 ) ) ;
#3080 = AXIS2_PLACEMENT_3D ( 'NONE', #346, #35, #3353 ) ;
#3081 = VECTOR ( 'NONE', #3462, 1000.000000000000000 ) ;
#3082 = CARTESIAN_POINT ( 'NONE',  ( -25.44218996054642901, 23.69218996054874182, 0.000000000000000000 ) ) ;
#3083 = DIRECTION ( 'NONE',  ( -0.000000000000000000, -0.000000000000000000, -1.000000000000000000 ) ) ;
#3084 = EDGE_CURVE ( 'NONE', #1443, #2896, #2759, .T. ) ;
#3085 = DIRECTION ( 'NONE',  ( -0.000000000000000000, 0.000000000000000000, 1.000000000000000000 ) ) ;
#3086 = AXIS2_PLACEMENT_3D ( 'NONE', #2502, #1120, #1922 ) ;
#3087 = AXIS2_PLACEMENT_3D ( 'NONE', #1627, #2225, #2485 ) ;
#3088 = VERTEX_POINT ( 'NONE', #2209 ) ;
#3089 = CARTESIAN_POINT ( 'NONE',  ( 24.14423938417212412, 13.64999999999999858, 3.076281669879697755 ) ) ;
#3090 = AXIS2_PLACEMENT_3D ( 'NONE', #1149, #1442, #2023 ) ;
#3091 = AXIS2_PLACEMENT_3D ( 'NONE', #3193, #2881, #971 ) ;
#3092 = EDGE_LOOP ( 'NONE', ( #3044, #1058, #2961, #1921 ) ) ;
#3093 = DIRECTION ( 'NONE',  ( -0.000000000000000000, -0.000000000000000000, -1.000000000000000000 ) ) ;
#3094 = EDGE_CURVE ( 'NONE', #3147, #2831, #3375, .T. ) ;
#3095 = CARTESIAN_POINT ( 'NONE',  ( 7.983801529043831557, 13.59999786607752803, 28.22374989449534510 ) ) ;
#3096 = ORIENTED_EDGE ( 'NONE', *, *, #737, .T. ) ;
#3097 = B_SPLINE_CURVE_WITH_KNOTS ( 'NONE', 3,
 ( #2685, #188, #3518, #1027 ),
 .UNSPECIFIED., .F., .F.,
 ( 4, 4 ),
 ( 1.989896725279695857E-13, 0.002739385067154079170 ),
 .UNSPECIFIED. ) ;
#3098 = CARTESIAN_POINT ( 'NONE',  ( -2.121320343560730848, -2.121320343560684663, 2.000000000000000000 ) ) ;
#3099 = DIRECTION ( 'NONE',  ( 1.000000000000000000, 3.556183125752455332E-15, 0.000000000000000000 ) ) ;
#3100 = B_SPLINE_CURVE_WITH_KNOTS ( 'NONE', 2,
 ( #1759, #11, #408 ),
 .UNSPECIFIED., .F., .F.,
 ( 3, 3 ),
 ( 0.000000000000000000, 0.8880120247605486350 ),
 .UNSPECIFIED. ) ;
#3101 = B_SPLINE_CURVE_WITH_KNOTS ( 'NONE', 3,
 ( #3559, #3103, #1069, #2688, #2839, #1217, #57, #1203 ),
 .UNSPECIFIED., .F., .F.,
 ( 4, 2, 2, 4 ),
 ( 0.000000000000000000, 0.0009317589453367207744, 0.001397638418005084631, 0.001863517890673448271 ),
 .UNSPECIFIED. ) ;
#3102 = EDGE_CURVE ( 'NONE', #2360, #190, #3476, .T. ) ;
#3103 = CARTESIAN_POINT ( 'NONE',  ( -18.96282771877179130, 23.26866838547617533, 2.000000000000001332 ) ) ;
#3104 = CIRCLE ( 'NONE', #2397, 1.750000000000001554 ) ;
#3105 = DIRECTION ( 'NONE',  ( -0.000000000000000000, -0.000000000000000000, -1.000000000000000000 ) ) ;
#3106 = EDGE_CURVE ( 'NONE', #2595, #3033, #1051, .T. ) ;
#3107 = CARTESIAN_POINT ( 'NONE',  ( 13.60000000000011333, 15.34999999999999964, 2.000000000000000000 ) ) ;
#3108 = EDGE_CURVE ( 'NONE', #2360, #1872, #3491, .T. ) ;
#3109 = DIRECTION ( 'NONE',  ( 1.000000000000000000, 0.000000000000000000, 0.000000000000000000 ) ) ;
#3110 = ORIENTED_EDGE ( 'NONE', *, *, #2601, .T. ) ;
#3111 = ORIENTED_EDGE ( 'NONE', *, *, #2135, .T. ) ;
#3112 = LINE ( 'NONE', #1452, #640 ) ;
#3113 = AXIS2_PLACEMENT_3D ( 'NONE', #274, #3055, #2726 ) ;
#3114 = VERTEX_POINT ( 'NONE', #889 ) ;
#3115 = DIRECTION ( 'NONE',  ( 1.550760359917785817E-16, -1.000000000000000000, -2.034032067863863789E-30 ) ) ;
#3116 = DIRECTION ( 'NONE',  ( -0.000000000000000000, -0.000000000000000000, -1.000000000000000000 ) ) ;
#3117 = ORIENTED_EDGE ( 'NONE', *, *, #3197, .F. ) ;
#3118 = CARTESIAN_POINT ( 'NONE',  ( 19.86907298722783111, 13.65000000000000213, 3.999999999999999112 ) ) ;
#3119 = CARTESIAN_POINT ( 'NONE',  ( 23.69218996054625492, -23.69218996054890525, 2.000000000000000000 ) ) ;
#3120 = CARTESIAN_POINT ( 'NONE',  ( 17.83721627534346510, 22.36060591030560118, 2.545454545454624906 ) ) ;
#3121 = EDGE_CURVE ( 'NONE', #1510, #36, #465, .T. ) ;
#3122 = LINE ( 'NONE', #637, #4 ) ;
#3123 = DIRECTION ( 'NONE',  ( 0.000000000000000000, -0.000000000000000000, -1.000000000000000000 ) ) ;
#3124 = DIRECTION ( 'NONE',  ( -0.000000000000000000, 0.000000000000000000, 1.000000000000000000 ) ) ;
#3125 = ADVANCED_FACE ( 'NONE', ( #1793 ), #2843, .T. ) ;
#3126 = ORIENTED_EDGE ( 'NONE', *, *, #2008, .T. ) ;
#3127 = FACE_OUTER_BOUND ( 'NONE', #2626, .T. ) ;
#3128 = EDGE_LOOP ( 'NONE', ( #2054, #976, #1259, #631 ) ) ;
#3129 = ORIENTED_EDGE ( 'NONE', *, *, #773, .T. ) ;
#3130 = LINE ( 'NONE', #2252, #2682 ) ;
#3131 = ORIENTED_EDGE ( 'NONE', *, *, #2482, .F. ) ;
#3132 = CYLINDRICAL_SURFACE ( 'NONE', #3036, 2.999999999999999112 ) ;
#3133 = DIRECTION ( 'NONE',  ( -0.000000000000000000, 0.000000000000000000, 1.000000000000000000 ) ) ;
#3134 = ORIENTED_EDGE ( 'NONE', *, *, #1392, .F. ) ;
#3135 = CARTESIAN_POINT ( 'NONE',  ( 0.000000000000000000, 0.000000000000000000, 3.999999999999999112 ) ) ;
#3136 = AXIS2_PLACEMENT_3D ( 'NONE', #2380, #2645, #1553 ) ;
#3137 = CARTESIAN_POINT ( 'NONE',  ( 0.000000000000000000, 0.000000000000000000, 2.000000000000000000 ) ) ;
#3138 = DIRECTION ( 'NONE',  ( -1.000000000000000000, -2.260226027331329482E-16, 0.000000000000000000 ) ) ;
#3139 = CARTESIAN_POINT ( 'NONE',  ( -23.69218996054865656, -23.69218996054651072, 2.000000000000000000 ) ) ;
#3140 = EDGE_CURVE ( 'NONE', #746, #1643, #239, .T. ) ;
#3141 = DIRECTION ( 'NONE',  ( -0.7071067811865560104, -0.7071067811865391350, 0.000000000000000000 ) ) ;
#3142 = EDGE_CURVE ( 'NONE', #211, #823, #133, .T. ) ;
#3143 = VERTEX_POINT ( 'NONE', #2280 ) ;
#3144 = VECTOR ( 'NONE', #297, 1000.000000000000000 ) ;
#3145 = DIRECTION ( 'NONE',  ( 0.000000000000000000, -0.000000000000000000, -1.000000000000000000 ) ) ;
#3146 = ORIENTED_EDGE ( 'NONE', *, *, #1364, .F. ) ;
#3147 = VERTEX_POINT ( 'NONE', #339 ) ;
#3148 = VECTOR ( 'NONE', #1653, 1000.000000000000000 ) ;
#3149 = CARTESIAN_POINT ( 'NONE',  ( 0.000000000000000000, 0.000000000000000000, 3.999999999999999112 ) ) ;
#3151 = ORIENTED_EDGE ( 'NONE', *, *, #1763, .F. ) ;
#3150 = EDGE_CURVE ( 'NONE', #157, #2419, #2123, .T. ) ;
#3152 = VECTOR ( 'NONE', #1992, 1000.000000000000000 ) ;
#3153 = VECTOR ( 'NONE', #897, 1000.000000000000000 ) ;
#3154 = DIRECTION ( 'NONE',  ( 1.000000000000000000, 0.000000000000000000, 0.000000000000000000 ) ) ;
#3155 = EDGE_CURVE ( 'NONE', #3454, #852, #406, .T. ) ;
#3156 = DIRECTION ( 'NONE',  ( -0.000000000000000000, 0.000000000000000000, 1.000000000000000000 ) ) ;
#3157 = VERTEX_POINT ( 'NONE', #940 ) ;
#3158 = CARTESIAN_POINT ( 'NONE',  ( -21.46577168637602284, -16.57792587014800390, 3.414711654912389704 ) ) ;
#3159 = DIRECTION ( 'NONE',  ( 0.000000000000000000, -0.000000000000000000, -1.000000000000000000 ) ) ;
#3160 = CARTESIAN_POINT ( 'NONE',  ( -22.05481986104409842, 12.32478992754397318, 3.906431218245769887 ) ) ;
#3161 = DIRECTION ( 'NONE',  ( -0.000000000000000000, -0.000000000000000000, -1.000000000000000000 ) ) ;
#3162 = VECTOR ( 'NONE', #3056, 1000.000000000000000 ) ;
#3163 = CYLINDRICAL_SURFACE ( 'NONE', #84, 1.749999999999998002 ) ;
#3164 = ORIENTED_EDGE ( 'NONE', *, *, #2224, .F. ) ;
#3165 = EDGE_CURVE ( 'NONE', #1443, #2194, #2049, .T. ) ;
#3166 = VERTEX_POINT ( 'NONE', #2866 ) ;
#3167 = ORIENTED_EDGE ( 'NONE', *, *, #2390, .F. ) ;
#3168 = ORIENTED_EDGE ( 'NONE', *, *, #738, .F. ) ;
#3169 = EDGE_CURVE ( 'NONE', #561, #1872, #523, .T. ) ;
#3170 = VECTOR ( 'NONE', #2030, 1000.000000000000000 ) ;
#3171 = CARTESIAN_POINT ( 'NONE',  ( -24.20786437626903265, 19.96522368915204027, 2.000000000000000000 ) ) ;
#3172 = CARTESIAN_POINT ( 'NONE',  ( -17.83721627534139387, 22.36060591030762978, 2.545454545454434392 ) ) ;
#3173 = AXIS2_PLACEMENT_3D ( 'NONE', #2115, #751, #2174 ) ;
#3174 = FACE_OUTER_BOUND ( 'NONE', #218, .T. ) ;
#3175 = ORIENTED_EDGE ( 'NONE', *, *, #3348, .F. ) ;
#3176 = FACE_BOUND ( 'NONE', #557, .T. ) ;
#3177 = CARTESIAN_POINT ( 'NONE',  ( 5.823088065416380132, -18.35000000000000142, 2.000000000000000000 ) ) ;
#3178 = AXIS2_PLACEMENT_3D ( 'NONE', #1893, #1349, #3314 ) ;
#3179 = FACE_OUTER_BOUND ( 'NONE', #2099, .T. ) ;
#3180 = CARTESIAN_POINT ( 'NONE',  ( -23.69218996054865656, -23.69218996054651072, 2.000000000000000000 ) ) ;
#3181 = CARTESIAN_POINT ( 'NONE',  ( 7.983801529043829781, 19.94999999999999929, 28.22374989449534510 ) ) ;
#3182 = LINE ( 'NONE', #696, #961 ) ;
#3183 = ORIENTED_EDGE ( 'NONE', *, *, #1740, .T. ) ;
#3184 = EDGE_LOOP ( 'NONE', ( #2000, #1725, #3456, #1894 ) ) ;
#3185 = CARTESIAN_POINT ( 'NONE',  ( -18.35000000000013287, 4.548202788755523862, 2.000000000000000000 ) ) ;
#3186 = EDGE_LOOP ( 'NONE', ( #2234, #1840, #869, #926 ) ) ;
#3187 = EDGE_CURVE ( 'NONE', #3591, #2983, #2886, .T. ) ;
#3188 = CARTESIAN_POINT ( 'NONE',  ( 15.35000000000011333, 15.34999999999999964, 3.000000000000000000 ) ) ;
#3189 = DIRECTION ( 'NONE',  ( -1.000000000000000000, 0.000000000000000000, 0.000000000000000000 ) ) ;
#3190 = EDGE_CURVE ( 'NONE', #1854, #181, #913, .T. ) ;
#3191 = CYLINDRICAL_SURFACE ( 'NONE', #694, 1.750000000000008438 ) ;
#3192 = EDGE_LOOP ( 'NONE', ( #2562, #1620, #522, #2092 ) ) ;
#3193 = CARTESIAN_POINT ( 'NONE',  ( 15.35000000000011333, 15.34999999999999964, 3.000000000000000000 ) ) ;
#3194 = DIRECTION ( 'NONE',  ( -0.7071067811865391350, 0.7071067811865560104, 0.000000000000000000 ) ) ;
#3195 = CARTESIAN_POINT ( 'NONE',  ( 2.053153435405033367, -1.350000000000000311, 27.00000000000000355 ) ) ;
#3196 = DIRECTION ( 'NONE',  ( -1.000000000000000000, 0.000000000000000000, 0.000000000000000000 ) ) ;
#3197 = EDGE_CURVE ( 'NONE', #1897, #3238, #1193, .T. ) ;
#3198 = ORIENTED_EDGE ( 'NONE', *, *, #2110, .F. ) ;
#3199 = AXIS2_PLACEMENT_3D ( 'NONE', #2625, #129, #766 ) ;
#3200 = CIRCLE ( 'NONE', #1459, 1.750000000000001554 ) ;
#3201 = ORIENTED_EDGE ( 'NONE', *, *, #501, .F. ) ;
#3202 = FACE_OUTER_BOUND ( 'NONE', #3128, .T. ) ;
#3203 = ORIENTED_EDGE ( 'NONE', *, *, #1740, .F. ) ;
#3204 = DIRECTION ( 'NONE',  ( -0.000000000000000000, -0.000000000000000000, -1.000000000000000000 ) ) ;
#3205 = CIRCLE ( 'NONE', #2855, 1.750000000000001554 ) ;
#3206 = CYLINDRICAL_SURFACE ( 'NONE', #1974, 10.00000000000000000 ) ;
#3207 = B_SPLINE_CURVE_WITH_KNOTS ( 'NONE', 3,
 ( #3172, #350, #880, #1480, #398, #3372 ),
 .UNSPECIFIED., .F., .F.,
 ( 4, 2, 4 ),
 ( 7.741537572234828608E-17, 0.002648625085471428050, 0.005297250170942778037 ),
 .UNSPECIFIED. ) ;
#3208 = ORIENTED_EDGE ( 'NONE', *, *, #3364, .F. ) ;
#3209 = AXIS2_PLACEMENT_3D ( 'NONE', #2022, #1147, #74 ) ;
#3210 = MANIFOLD_SOLID_BREP ( 'Fillet8', #991 ) ;
#3211 = VECTOR ( 'NONE', #1857, 1000.000000000000000 ) ;
#3212 = DIRECTION ( 'NONE',  ( -0.000000000000000000, -0.000000000000000000, -1.000000000000000000 ) ) ;
#3213 = CARTESIAN_POINT ( 'NONE',  ( -25.44218996054866011, -23.69218996054651072, 2.000000000000000000 ) ) ;
#3214 = EDGE_CURVE ( 'NONE', #2986, #3463, #2028, .T. ) ;
#3215 = LINE ( 'NONE', #151, #1950 ) ;
#3216 = EDGE_CURVE ( 'NONE', #1180, #3300, #1345, .T. ) ;
#3217 = ORIENTED_EDGE ( 'NONE', *, *, #1763, .T. ) ;
#3218 = CARTESIAN_POINT ( 'NONE',  ( -13.46869705022667851, -19.86907298722658766, 4.000000000000000000 ) ) ;
#3219 = LINE ( 'NONE', #1561, #1996 ) ;
#3220 = ORIENTED_EDGE ( 'NONE', *, *, #2357, .F. ) ;
#3221 = CARTESIAN_POINT ( 'NONE',  ( 25.44218996054625848, -23.69218996054890525, 2.000000000000000000 ) ) ;
#3222 = ORIENTED_EDGE ( 'NONE', *, *, #312, .F. ) ;
#3223 = CARTESIAN_POINT ( 'NONE',  ( 21.46917014128004553, -16.55067874898792724, 3.376194721673921872 ) ) ;
#3224 = LINE ( 'NONE', #3510, #1804 ) ;
#3225 = ORIENTED_EDGE ( 'NONE', *, *, #3084, .T. ) ;
#3226 = CARTESIAN_POINT ( 'NONE',  ( 13.85000000000011866, 10.85000000000013465, 4.000000000000000000 ) ) ;
#3227 = EDGE_LOOP ( 'NONE', ( #345, #1694, #600, #1760, #487, #104, #2964, #2430, #1022, #3486, #2751, #1878, #2473, #1891, #3111, #2581, #3017, #1630, #1212, #1491, #1076, #2055, #2211, #1367, #1552, #227 ) ) ;
#3228 = TOROIDAL_SURFACE ( 'NONE', #848, 30.32842712474619162, 3.000000000000000000 ) ;
#3229 = CYLINDRICAL_SURFACE ( 'NONE', #1224, 19.99999999999999645 ) ;
#3230 = CARTESIAN_POINT ( 'NONE',  ( 13.85000000000011866, -10.85000000000013465, 0.000000000000000000 ) ) ;
#3231 = ADVANCED_FACE ( 'NONE', ( #1489 ), #1534, .T. ) ;
#3232 = CARTESIAN_POINT ( 'NONE',  ( 25.81351030410845127, 21.57086961698668404, 2.000000000000000000 ) ) ;
#3233 = ORIENTED_EDGE ( 'NONE', *, *, #830, .T. ) ;
#3234 = EDGE_CURVE ( 'NONE', #820, #1176, #699, .T. ) ;
#3235 = LINE ( 'NONE', #2722, #2319 ) ;
#3236 = ORIENTED_EDGE ( 'NONE', *, *, #280, .F. ) ;
#3237 = CARTESIAN_POINT ( 'NONE',  ( -10.43414161117064154, 13.64999999999999680, 26.99999999619808122 ) ) ;
#3238 = VERTEX_POINT ( 'NONE', #2113 ) ;
#3239 = CARTESIAN_POINT ( 'NONE',  ( 4.329805364762036923, 13.64999999999999858, 26.99999999887852553 ) ) ;
#3240 = VECTOR ( 'NONE', #217, 1000.000000000000000 ) ;
#3241 = CARTESIAN_POINT ( 'NONE',  ( -15.35000000000000675, -15.35000000000010623, 0.000000000000000000 ) ) ;
#3242 = VERTEX_POINT ( 'NONE', #2384 ) ;
#3243 = CARTESIAN_POINT ( 'NONE',  ( -15.35000000000013998, -15.35000000000025722, 2.000000000000000000 ) ) ;
#3244 = ORIENTED_EDGE ( 'NONE', *, *, #3495, .F. ) ;
#3245 = LINE ( 'NONE', #2935, #3382 ) ;
#3246 = CARTESIAN_POINT ( 'NONE',  ( 23.07028984362418100, -18.72868156487829694, 2.059284922126515927 ) ) ;
#3247 = LINE ( 'NONE', #693, #1528 ) ;
#3248 = CARTESIAN_POINT ( 'NONE',  ( -7.983801529043838663, 13.59999786607752448, 28.22374989449534510 ) ) ;
#3249 = FACE_OUTER_BOUND ( 'NONE', #1290, .T. ) ;
#3250 = EDGE_CURVE ( 'NONE', #141, #3530, #2739, .T. ) ;
#3251 = ORIENTED_EDGE ( 'NONE', *, *, #2742, .T. ) ;
#3252 = CARTESIAN_POINT ( 'NONE',  ( 18.35000000000015774, 18.10570832903661298, 3.805445735924399386 ) ) ;
#3253 = LINE ( 'NONE', #251, #462 ) ;
#3254 = ORIENTED_EDGE ( 'NONE', *, *, #3169, .T. ) ;
#3255 = CARTESIAN_POINT ( 'NONE',  ( 0.000000000000000000, 0.000000000000000000, 3.999999999999999112 ) ) ;
#3256 = ORIENTED_EDGE ( 'NONE', *, *, #2609, .F. ) ;
#3257 = VECTOR ( 'NONE', #3115, 1000.000000000000000 ) ;
#3258 = B_SPLINE_CURVE_WITH_KNOTS ( 'NONE', 3,
 ( #3005, #1351, #2462, #277 ),
 .UNSPECIFIED., .F., .F.,
 ( 4, 4 ),
 ( 4.336808689942017736E-19, 0.001845473698112973498 ),
 .UNSPECIFIED. ) ;
#3259 = LINE ( 'NONE', #3039, #2684 ) ;
#3260 = CARTESIAN_POINT ( 'NONE',  ( -25.81351030410608161, 21.57086961698910699, 0.000000000000000000 ) ) ;
#3261 = EDGE_CURVE ( 'NONE', #27, #333, #1391, .T. ) ;
#3262 = ORIENTED_EDGE ( 'NONE', *, *, #427, .F. ) ;
#3263 = CARTESIAN_POINT ( 'NONE',  ( 10.85000000000012044, -13.85000000000013110, 2.000000000000000000 ) ) ;
#3264 = ORIENTED_EDGE ( 'NONE', *, *, #2091, .T. ) ;
#3265 = DIRECTION ( 'NONE',  ( -0.000000000000000000, -0.000000000000000000, -1.000000000000000000 ) ) ;
#3266 = EDGE_CURVE ( 'NONE', #2728, #1252, #3205, .T. ) ;
#3267 = CARTESIAN_POINT ( 'NONE',  ( -13.85000000000012044, -10.85000000000013465, 2.000000000000000000 ) ) ;
#3268 = CIRCLE ( 'NONE', #700, 2.999999999999999112 ) ;
#3269 = FACE_OUTER_BOUND ( 'NONE', #970, .T. ) ;
#3270 = CIRCLE ( 'NONE', #1813, 19.99999999999999645 ) ;
#3271 = DIRECTION ( 'NONE',  ( -0.000000000000000000, 0.000000000000000000, 1.000000000000000000 ) ) ;
#3272 = VECTOR ( 'NONE', #2916, 1000.000000000000000 ) ;
#3273 = AXIS2_PLACEMENT_3D ( 'NONE', #2621, #416, #2398 ) ;
#3274 = PLANE ( 'NONE',  #2347 ) ;
#3275 = ORIENTED_EDGE ( 'NONE', *, *, #1795, .T. ) ;
#3276 = CARTESIAN_POINT ( 'NONE',  ( 1.301042606982605321E-15, 16.80000000000000071, 17.85041585585165436 ) ) ;
#3277 = ORIENTED_EDGE ( 'NONE', *, *, #1418, .T. ) ;
#3278 = EDGE_LOOP ( 'NONE', ( #3073, #2289, #1401, #784, #393, #2870, #3167 ) ) ;
#3279 = EDGE_CURVE ( 'NONE', #721, #2644, #1280, .T. ) ;
#3280 = CARTESIAN_POINT ( 'NONE',  ( 0.000000000000000000, 0.000000000000000000, 5.000000000000000000 ) ) ;
#3281 = CARTESIAN_POINT ( 'NONE',  ( 10.85000000000012044, -13.85000000000013110, 4.000000000000000000 ) ) ;
#3282 = ORIENTED_EDGE ( 'NONE', *, *, #1254, .F. ) ;
#3283 = CARTESIAN_POINT ( 'NONE',  ( 24.20786437626935239, 19.95000000000000284, 2.000000000000000000 ) ) ;
#3284 = ORIENTED_EDGE ( 'NONE', *, *, #1361, .T. ) ;
#3285 = ADVANCED_FACE ( 'NONE', ( #2549, #2292, #2323, #917, #3176, #56 ), #635, .T. ) ;
#3286 = DATE_TIME_ROLE ( 'classification_date' ) ;
#3287 = DIRECTION ( 'NONE',  ( -0.7071067811865483499, 0.7071067811865467956, 0.000000000000000000 ) ) ;
#3288 = DIRECTION ( 'NONE',  ( 0.000000000000000000, 0.000000000000000000, -1.000000000000000000 ) ) ;
#3289 = LINE ( 'NONE', #587, #998 ) ;
#3290 = DIRECTION ( 'NONE',  ( 0.000000000000000000, -0.000000000000000000, -1.000000000000000000 ) ) ;
#3291 = ORIENTED_EDGE ( 'NONE', *, *, #409, .F. ) ;
#3292 = CARTESIAN_POINT ( 'NONE',  ( -28.35000000000013642, 4.548202788755518533, -1.681827829249881369E-31 ) ) ;
#3293 = ORIENTED_EDGE ( 'NONE', *, *, #260, .T. ) ;
#3294 = DIRECTION ( 'NONE',  ( 0.000000000000000000, -0.000000000000000000, -1.000000000000000000 ) ) ;
#3295 = VERTEX_POINT ( 'NONE', #40 ) ;
#3296 = LINE ( 'NONE', #233, #1307 ) ;
#3297 = ORIENTED_EDGE ( 'NONE', *, *, #2761, .T. ) ;
#3298 = ADVANCED_FACE ( 'NONE', ( #1633 ), #2136, .F. ) ;
#3299 = CARTESIAN_POINT ( 'NONE',  ( -23.69218996054865656, -23.69218996054651072, 2.000000000000000000 ) ) ;
#3300 = VERTEX_POINT ( 'NONE', #519 ) ;
#3301 = APPROVAL_DATE_TIME ( #581, #2460 ) ;
#3302 = LINE ( 'NONE', #790, #2969 ) ;
#3303 = EDGE_CURVE ( 'NONE', #1398, #3472, #3253, .T. ) ;
#3304 = CARTESIAN_POINT ( 'NONE',  ( 5.760208144654229478, 13.42693789075372734, 29.58226019295322118 ) ) ;
#3305 = CARTESIAN_POINT ( 'NONE',  ( -15.35000000000013998, -15.35000000000025722, 4.000000000000000000 ) ) ;
#3306 = B_SPLINE_CURVE_WITH_KNOTS ( 'NONE', 3,
 ( #1995, #1359, #2741, #3051, #2469, #2243, #1670, #2814 ),
 .UNSPECIFIED., .F., .F.,
 ( 4, 2, 2, 4 ),
 ( 0.000000000000000000, 0.002568865711312874958, 0.003853298566969312437, 0.005137731422625749916 ),
 .UNSPECIFIED. ) ;
#3307 = CARTESIAN_POINT ( 'NONE',  ( -21.24512874611355429, 19.94999999999999574, 2.239624274766567780 ) ) ;
#3308 = ORIENTED_EDGE ( 'NONE', *, *, #1803, .F. ) ;
#3309 = FACE_OUTER_BOUND ( 'NONE', #912, .T. ) ;
#3310 = EDGE_CURVE ( 'NONE', #1912, #669, #1348, .T. ) ;
#3311 = ORIENTED_EDGE ( 'NONE', *, *, #3601, .F. ) ;
#3312 =( GEOMETRIC_REPRESENTATION_CONTEXT ( 3 ) GLOBAL_UNCERTAINTY_ASSIGNED_CONTEXT ( ( #10 ) ) GLOBAL_UNIT_ASSIGNED_CONTEXT ( ( #163, #419, #986 ) ) REPRESENTATION_CONTEXT ( 'NONE', 'WORKASPACE' ) );
#3313 = FACE_BOUND ( 'NONE', #806, .T. ) ;
#3314 = DIRECTION ( 'NONE',  ( 1.000000000000000000, 0.000000000000000000, 0.000000000000000000 ) ) ;
#3315 = EDGE_LOOP ( 'NONE', ( #3262, #1123, #2492, #2979, #966, #874, #3117 ) ) ;
#3316 = LINE ( 'NONE', #489, #2131 ) ;
#3317 = ORIENTED_EDGE ( 'NONE', *, *, #207, .T. ) ;
#3318 = DATE_AND_TIME ( #531, #2312 ) ;
#3319 = CARTESIAN_POINT ( 'NONE',  ( 5.823088065416383685, -38.35000000000017906, 2.000000000000000000 ) ) ;
#3320 = CARTESIAN_POINT ( 'NONE',  ( -15.35000000000000675, -15.35000000000010623, 3.000000000000000000 ) ) ;
#3321 = VECTOR ( 'NONE', #3054, 1000.000000000000000 ) ;
#3322 = AXIS2_PLACEMENT_3D ( 'NONE', #1727, #870, #1417 ) ;
#3323 = EDGE_CURVE ( 'NONE', #3157, #3166, #1360, .T. ) ;
#3324 = CARTESIAN_POINT ( 'NONE',  ( -18.35000000000005471, 15.35000000000006004, 0.000000000000000000 ) ) ;
#3325 = CIRCLE ( 'NONE', #2212, 19.99999999999999645 ) ;
#3326 = CARTESIAN_POINT ( 'NONE',  ( -13.60000000000012577, 15.34999999999999964, 2.000000000000000000 ) ) ;
#3327 = AXIS2_PLACEMENT_3D ( 'NONE', #618, #2897, #1516 ) ;
#3328 = AXIS2_PLACEMENT_3D ( 'NONE', #165, #2093, #1293 ) ;
#3329 = EDGE_LOOP ( 'NONE', ( #3523, #2297 ) ) ;
#3330 = FACE_OUTER_BOUND ( 'NONE', #3441, .T. ) ;
#3331 = ADVANCED_FACE ( 'NONE', ( #1868 ), #2156, .T. ) ;
#3332 = VECTOR ( 'NONE', #433, 1000.000000000000000 ) ;
#3333 = ORIENTED_EDGE ( 'NONE', *, *, #1560, .F. ) ;
#3334 = CARTESIAN_POINT ( 'NONE',  ( -20.11920667705704346, 13.64999999999999680, 3.999999999999999112 ) ) ;
#3335 = CARTESIAN_POINT ( 'NONE',  ( -7.983801529043838663, 13.64999999999999680, 28.22374989449534510 ) ) ;
#3336 = DIRECTION ( 'NONE',  ( -1.000000000000000000, -1.550760359917785817E-16, 0.000000000000000000 ) ) ;
#3337 = ORIENTED_EDGE ( 'NONE', *, *, #1148, .T. ) ;
#3338 = CIRCLE ( 'NONE', #1355, 1.750000000000001554 ) ;
#3339 = DIRECTION ( 'NONE',  ( -0.000000000000000000, -0.000000000000000000, -1.000000000000000000 ) ) ;
#3340 = VERTEX_POINT ( 'NONE', #2193 ) ;
#3341 = PERSON_AND_ORGANIZATION ( #3448, #2840 ) ;
#3342 = CARTESIAN_POINT ( 'NONE',  ( 7.502320099002202980, 13.58244014268725230, 28.43824464411579811 ) ) ;
#3343 = DIRECTION ( 'NONE',  ( -1.000000000000000000, -0.000000000000000000, -0.000000000000000000 ) ) ;
#3344 = LINE ( 'NONE', #42, #1997 ) ;
#3345 = VERTEX_POINT ( 'NONE', #500 ) ;
#3346 = DIRECTION ( 'NONE',  ( -0.000000000000000000, -0.000000000000000000, -1.000000000000000000 ) ) ;
#3347 = EDGE_CURVE ( 'NONE', #1194, #3000, #2976, .T. ) ;
#3348 = EDGE_CURVE ( 'NONE', #1962, #718, #3101, .T. ) ;
#3349 = ORIENTED_EDGE ( 'NONE', *, *, #2919, .F. ) ;
#3350 = VECTOR ( 'NONE', #2164, 1000.000000000000000 ) ;
#3351 = DIRECTION ( 'NONE',  ( -0.000000000000000000, -0.000000000000000000, -1.000000000000000000 ) ) ;
#3352 = EDGE_LOOP ( 'NONE', ( #816, #1455, #1160, #1930 ) ) ;
#3353 = DIRECTION ( 'NONE',  ( -1.000000000000000000, 0.000000000000000000, 0.000000000000000000 ) ) ;
#3354 = ORIENTED_EDGE ( 'NONE', *, *, #2538, .T. ) ;
#3355 = DIRECTION ( 'NONE',  ( -1.000000000000000000, -1.550760359917785817E-16, 0.000000000000000000 ) ) ;
#3356 = EDGE_CURVE ( 'NONE', #1328, #2034, #2970, .T. ) ;
#3357 = CARTESIAN_POINT ( 'NONE',  ( 2.053153435407259586, 10.22622097423963972, 36.59684856657895580 ) ) ;
#3358 = PLANE ( 'NONE',  #1577 ) ;
#3359 = CARTESIAN_POINT ( 'NONE',  ( -22.43517856823328316, 19.94999999999999574, 2.000000000000000000 ) ) ;
#3360 = DIRECTION ( 'NONE',  ( -1.000000000000000000, 0.000000000000000000, 0.000000000000000000 ) ) ;
#3361 = EDGE_CURVE ( 'NONE', #483, #594, #2396, .T. ) ;
#3362 = ORIENTED_EDGE ( 'NONE', *, *, #3187, .F. ) ;
#3363 = DIRECTION ( 'NONE',  ( -0.000000000000000000, -0.000000000000000000, -1.000000000000000000 ) ) ;
#3364 = EDGE_CURVE ( 'NONE', #1138, #49, #2550, .T. ) ;
#3365 = DIRECTION ( 'NONE',  ( -1.000000000000000000, 0.000000000000000000, 0.000000000000000000 ) ) ;
#3366 = EDGE_LOOP ( 'NONE', ( #471, #3385 ) ) ;
#3367 = ORIENTED_EDGE ( 'NONE', *, *, #1029, .T. ) ;
#3368 = DIRECTION ( 'NONE',  ( -0.000000000000000000, -0.000000000000000000, -1.000000000000000000 ) ) ;
#3369 = EDGE_LOOP ( 'NONE', ( #1105, #446, #2674, #3415, #3483, #1071 ) ) ;
#3370 = FACE_BOUND ( 'NONE', #2798, .T. ) ;
#3371 = SECURITY_CLASSIFICATION ( '', '', #2732 ) ;
#3372 = CARTESIAN_POINT ( 'NONE',  ( -13.46869705022491814, 19.86907298722778492, 4.000000000000000000 ) ) ;
#3373 = CARTESIAN_POINT ( 'NONE',  ( -3.093766918035982413E-15, 19.94999999999999929, 2.000000000000000000 ) ) ;
#3374 = DIRECTION ( 'NONE',  ( 0.000000000000000000, -1.000000000000000000, 3.697785493223492838E-32 ) ) ;
#3375 = LINE ( 'NONE', #815, #760 ) ;
#3376 = AXIS2_PLACEMENT_3D ( 'NONE', #1850, #2394, #1580 ) ;
#3377 = AXIS2_PLACEMENT_3D ( 'NONE', #1758, #1220, #376 ) ;
#3378 = CIRCLE ( 'NONE', #1052, 19.99999999999999645 ) ;
#3379 = VERTEX_POINT ( 'NONE', #3428 ) ;
#3380 = AXIS2_PLACEMENT_3D ( 'NONE', #2772, #1883, #3599 ) ;
#3381 = DIRECTION ( 'NONE',  ( 1.000000000000000000, 1.550760359917785817E-16, 0.000000000000000000 ) ) ;
#3382 = VECTOR ( 'NONE', #3265, 1000.000000000000000 ) ;
#3383 = AXIS2_PLACEMENT_3D ( 'NONE', #3419, #667, #1181 ) ;
#3384 = ORIENTED_EDGE ( 'NONE', *, *, #1010, .F. ) ;
#3385 = ORIENTED_EDGE ( 'NONE', *, *, #1092, .T. ) ;
#3386 = LINE ( 'NONE', #860, #2622 ) ;
#3387 = ORIENTED_EDGE ( 'NONE', *, *, #3010, .F. ) ;
#3388 = ADVANCED_FACE ( 'NONE', ( #2042, #388 ), #401, .T. ) ;
#3389 = B_SPLINE_CURVE_WITH_KNOTS ( 'NONE', 3,
 ( #3218, #2975, #1261, #3505, #797, #3015, #2997, #1014, #1544, #210 ),
 .UNSPECIFIED., .F., .F.,
 ( 4, 2, 2, 2, 4 ),
 ( 0.000000000000000000, 0.002650621945284085089, 0.003313277431605101374, 0.003975932917926118526, 0.005301243890568144157 ),
 .UNSPECIFIED. ) ;
#3390 = CARTESIAN_POINT ( 'NONE',  ( -18.35000000000012932, -9.020557328007751978E-15, 2.000000000000000000 ) ) ;
#3391 = DIRECTION ( 'NONE',  ( -0.000000000000000000, -0.000000000000000000, -1.000000000000000000 ) ) ;
#3392 = EDGE_CURVE ( 'NONE', #594, #2927, #764, .T. ) ;
#3393 = CARTESIAN_POINT ( 'NONE',  ( 0.000000000000000000, 0.000000000000000000, 2.000000000000000000 ) ) ;
#3394 = AXIS2_PLACEMENT_3D ( 'NONE', #588, #2813, #1081 ) ;
#3395 = DIRECTION ( 'NONE',  ( -1.000000000000000000, -1.550760359917785817E-16, 0.000000000000000000 ) ) ;
#3396 = CARTESIAN_POINT ( 'NONE',  ( -23.61636212112846422, 13.37602912308693703, 3.388156405031945706 ) ) ;
#3397 = CARTESIAN_POINT ( 'NONE',  ( -17.83721627534331233, -22.36060591030572553, 2.545454545454624018 ) ) ;
#3398 = ORIENTED_EDGE ( 'NONE', *, *, #1242, .F. ) ;
#3399 = ORIENTED_EDGE ( 'NONE', *, *, #2649, .F. ) ;
#3400 = DIRECTION ( 'NONE',  ( -0.000000000000000000, 0.000000000000000000, 1.000000000000000000 ) ) ;
#3401 = EDGE_LOOP ( 'NONE', ( #1303, #308, #224, #2545 ) ) ;
#3402 = EDGE_LOOP ( 'NONE', ( #2721, #2191, #1549, #1384, #3471, #278, #1379, #2965, #2461, #1573, #444, #1856 ) ) ;
#3403 = FACE_OUTER_BOUND ( 'NONE', #1432, .T. ) ;
#3404 = ORIENTED_EDGE ( 'NONE', *, *, #611, .F. ) ;
#3405 = FACE_OUTER_BOUND ( 'NONE', #502, .T. ) ;
#3406 = CARTESIAN_POINT ( 'NONE',  ( -23.69218996054642545, 23.69218996054874182, 2.000000000000000000 ) ) ;
#3407 = EDGE_CURVE ( 'NONE', #211, #200, #2605, .T. ) ;
#3408 = ORIENTED_EDGE ( 'NONE', *, *, #2774, .T. ) ;
#3409 = CARTESIAN_POINT ( 'NONE',  ( -2.053153435408519023, -20.05000000000000071, 47.00000000000000000 ) ) ;
#3410 = ADVANCED_FACE ( 'NONE', ( #636 ), #955, .F. ) ;
#3411 = DIRECTION ( 'NONE',  ( -0.000000000000000000, -0.000000000000000000, -1.000000000000000000 ) ) ;
#3412 = CARTESIAN_POINT ( 'NONE',  ( -23.69218996054865656, -23.69218996054651072, 2.000000000000000000 ) ) ;
#3413 = CARTESIAN_POINT ( 'NONE',  ( 18.35000000000011511, 4.548202788755370207, 3.998299912419104096 ) ) ;
#3414 = CC_DESIGN_PERSON_AND_ORGANIZATION_ASSIGNMENT ( #1647, #2514, ( #3371 ) ) ;
#3415 = ORIENTED_EDGE ( 'NONE', *, *, #1941, .F. ) ;
#3416 = EDGE_CURVE ( 'NONE', #723, #1264, #2628, .T. ) ;
#3417 = DIRECTION ( 'NONE',  ( -0.000000000000000000, -0.000000000000000000, -1.000000000000000000 ) ) ;
#3418 = ORIENTED_EDGE ( 'NONE', *, *, #1431, .T. ) ;
#3419 = CARTESIAN_POINT ( 'NONE',  ( -2.116787891287777773E-15, 13.64999999999999858, -5.047477198250068074E-31 ) ) ;
#3420 = CARTESIAN_POINT ( 'NONE',  ( 22.43831535211727157, 19.95000000000000284, 1.999999999999986233 ) ) ;
#3421 = ORIENTED_EDGE ( 'NONE', *, *, #1750, .T. ) ;
#3422 = B_SPLINE_CURVE_WITH_KNOTS ( 'NONE', 3,
 ( #2780, #1057, #506, #2727 ),
 .UNSPECIFIED., .F., .F.,
 ( 4, 4 ),
 ( 0.01416841298985686837, 0.01647751539354973607 ),
 .UNSPECIFIED. ) ;
#3423 = PLANE ( 'NONE',  #768 ) ;
#3424 = DIRECTION ( 'NONE',  ( -0.000000000000000000, -0.000000000000000000, -1.000000000000000000 ) ) ;
#3425 = VERTEX_POINT ( 'NONE', #2570 ) ;
#3426 = ORIENTED_EDGE ( 'NONE', *, *, #1431, .F. ) ;
#3427 = APPLICATION_CONTEXT ( 'configuration controlled 3d designs of mechanical parts and assemblies' ) ;
#3428 = CARTESIAN_POINT ( 'NONE',  ( -25.81351030410829850, -21.57086961698686522, 0.000000000000000000 ) ) ;
#3429 = CARTESIAN_POINT ( 'NONE',  ( -28.35000000000013642, 4.548202788755518533, 0.000000000000000000 ) ) ;
#3430 = LINE ( 'NONE', #638, #1761 ) ;
#3431 = CARTESIAN_POINT ( 'NONE',  ( -18.72868156487805180, -23.07028984362437640, 2.059284922126515482 ) ) ;
#3432 = ADVANCED_FACE ( 'NONE', ( #901 ), #1189, .F. ) ;
#3433 = DIRECTION ( 'NONE',  ( 0.000000000000000000, 0.000000000000000000, -1.000000000000000000 ) ) ;
#3434 = ORIENTED_EDGE ( 'NONE', *, *, #1900, .F. ) ;
#3435 = EDGE_CURVE ( 'NONE', #1581, #852, #918, .T. ) ;
#3436 = AXIS2_PLACEMENT_3D ( 'NONE', #555, #3085, #2228 ) ;
#3437 = PLANE ( 'NONE',  #2752 ) ;
#3438 = ORIENTED_EDGE ( 'NONE', *, *, #257, .F. ) ;
#3439 = FACE_OUTER_BOUND ( 'NONE', #907, .T. ) ;
#3440 = VECTOR ( 'NONE', #1340, 1000.000000000000000 ) ;
#3441 = EDGE_LOOP ( 'NONE', ( #1330, #2391, #1690, #2880 ) ) ;
#3442 = CIRCLE ( 'NONE', #2630, 1.750000000000001554 ) ;
#3443 = DIRECTION ( 'NONE',  ( -0.000000000000000000, 0.000000000000000000, 1.000000000000000000 ) ) ;
#3444 = FACE_OUTER_BOUND ( 'NONE', #1605, .T. ) ;
#3445 = EDGE_LOOP ( 'NONE', ( #2783, #1508, #2668, #2298 ) ) ;
#3446 = DIRECTION ( 'NONE',  ( 0.000000000000000000, 1.000000000000000000, 0.000000000000000000 ) ) ;
#3447 = LINE ( 'NONE', #920, #1811 ) ;
#3448 = PERSON ( 'UNSPECIFIED', 'UNSPECIFIED', 'UNSPECIFIED', ('UNSPECIFIED'), ('UNSPECIFIED'), ('UNSPECIFIED') ) ;
#3449 = PRODUCT_DEFINITION_SHAPE ( 'NONE', 'NONE',  #1163 ) ;
#3450 = DIRECTION ( 'NONE',  ( -0.000000000000000000, 0.000000000000000000, 1.000000000000000000 ) ) ;
#3451 = CARTESIAN_POINT ( 'NONE',  ( 24.20786437626902554, 13.56189785327399377, 2.000000000000006217 ) ) ;
#3452 = DIRECTION ( 'NONE',  ( 0.7071067811865436870, -0.7071067811865513475, 0.000000000000000000 ) ) ;
#3453 = EDGE_CURVE ( 'NONE', #3114, #723, #2620, .T. ) ;
#3454 = VERTEX_POINT ( 'NONE', #2078 ) ;
#3455 = EDGE_CURVE ( 'NONE', #1013, #718, #2801, .T. ) ;
#3456 = ORIENTED_EDGE ( 'NONE', *, *, #2812, .F. ) ;
#3457 = PLANE ( 'NONE',  #2378 ) ;
#3458 = AXIS2_PLACEMENT_3D ( 'NONE', #2480, #562, #1677 ) ;
#3459 = ORIENTED_EDGE ( 'NONE', *, *, #409, .T. ) ;
#3460 = VECTOR ( 'NONE', #1591, 1000.000000000000000 ) ;
#3461 = LINE ( 'NONE', #1249, #361 ) ;
#3462 = DIRECTION ( 'NONE',  ( 1.638611685377993016E-16, -1.000000000000000000, 0.000000000000000000 ) ) ;
#3463 = VERTEX_POINT ( 'NONE', #336 ) ;
#3464 = DIRECTION ( 'NONE',  ( -0.000000000000000000, 0.000000000000000000, 1.000000000000000000 ) ) ;
#3465 = AXIS2_PLACEMENT_3D ( 'NONE', #275, #3545, #3003 ) ;
#3466 = EDGE_CURVE ( 'NONE', #2219, #2199, #67, .T. ) ;
#3467 = CARTESIAN_POINT ( 'NONE',  ( 2.121320343558629862, 2.121320343558579236, 0.000000000000000000 ) ) ;
#3468 = CARTESIAN_POINT ( 'NONE',  ( 15.35000000000015952, -15.34999999999994991, 3.000000000000000000 ) ) ;
#3469 = CARTESIAN_POINT ( 'NONE',  ( -18.26892428741523489, -22.69366862049811573, 2.244096623653333289 ) ) ;
#3470 = CARTESIAN_POINT ( 'NONE',  ( 2.121320343558629862, 2.121320343558579236, 2.000000000000000000 ) ) ;
#3471 = ORIENTED_EDGE ( 'NONE', *, *, #1532, .F. ) ;
#3472 = VERTEX_POINT ( 'NONE', #1606 ) ;
#3473 = CARTESIAN_POINT ( 'NONE',  ( 0.000000000000000000, -13.85000000000013110, 4.000000000000000000 ) ) ;
#3474 = ORIENTED_EDGE ( 'NONE', *, *, #993, .T. ) ;
#3475 = EDGE_CURVE ( 'NONE', #319, #684, #2453, .T. ) ;
#3476 = B_SPLINE_CURVE_WITH_KNOTS ( 'NONE', 3,
 ( #538, #1414, #270, #1377, #2488, #2536, #868, #1709 ),
 .UNSPECIFIED., .F., .F.,
 ( 4, 2, 2, 4 ),
 ( 0.000000000000000000, 0.001943981636541873038, 0.002915972454812813894, 0.003887963273083754751 ),
 .UNSPECIFIED. ) ;
#3477 = DIRECTION ( 'NONE',  ( 1.000000000000000000, 0.000000000000000000, 0.000000000000000000 ) ) ;
#3478 = CARTESIAN_POINT ( 'NONE',  ( 15.35000000000011333, 15.34999999999999964, 0.000000000000000000 ) ) ;
#3479 = ORIENTED_EDGE ( 'NONE', *, *, #3108, .F. ) ;
#3480 = CARTESIAN_POINT ( 'NONE',  ( -17.10000000000013998, -15.35000000000025722, 2.000000000000000000 ) ) ;
#3481 = CARTESIAN_POINT ( 'NONE',  ( -12.05315343540743989, 16.80000000000000071, 37.35832022167412703 ) ) ;
#3482 = DIRECTION ( 'NONE',  ( 0.7071067811865483499, 0.7071067811865465735, 0.000000000000000000 ) ) ;
#3483 = ORIENTED_EDGE ( 'NONE', *, *, #2423, .T. ) ;
#3484 = DIRECTION ( 'NONE',  ( -1.000000000000000000, 0.000000000000000000, 0.000000000000000000 ) ) ;
#3485 = CIRCLE ( 'NONE', #1513, 3.000000000000000888 ) ;
#3486 = ORIENTED_EDGE ( 'NONE', *, *, #3392, .T. ) ;
#3487 = CARTESIAN_POINT ( 'NONE',  ( 17.24452746642284140, -21.91527075257692303, 3.049830107223493236 ) ) ;
#3488 = ORIENTED_EDGE ( 'NONE', *, *, #3169, .F. ) ;
#3489 = VECTOR ( 'NONE', #272, 1000.000000000000000 ) ;
#3490 = LINE ( 'NONE', #3171, #1468 ) ;
#3491 = CIRCLE ( 'NONE', #3, 24.00387180440943524 ) ;
#3492 = DIRECTION ( 'NONE',  ( 1.000000000000000000, 0.000000000000000000, 0.000000000000000000 ) ) ;
#3493 = AXIS2_PLACEMENT_3D ( 'NONE', #2534, #3411, #2590 ) ;
#3494 = ORIENTED_EDGE ( 'NONE', *, *, #2537, .T. ) ;
#3495 = EDGE_CURVE ( 'NONE', #985, #1932, #887, .T. ) ;
#3496 = DIRECTION ( 'NONE',  ( -0.000000000000000000, 0.000000000000000000, 1.000000000000000000 ) ) ;
#3497 = VERTEX_POINT ( 'NONE', #1882 ) ;
#3498 = AXIS2_PLACEMENT_3D ( 'NONE', #2358, #3443, #3477 ) ;
#3499 = CARTESIAN_POINT ( 'NONE',  ( -18.35000000000012932, -9.020557328007751978E-15, 0.000000000000000000 ) ) ;
#3500 = FACE_OUTER_BOUND ( 'NONE', #3315, .T. ) ;
#3501 = EDGE_CURVE ( 'NONE', #2219, #400, #3245, .T. ) ;
#3502 = CARTESIAN_POINT ( 'NONE',  ( 38.35000000000016485, 5.823088065416518688, 2.000000000000000000 ) ) ;
#3503 = CARTESIAN_POINT ( 'NONE',  ( 2.121320343558596555, -2.121320343558601440, 2.000000000000000000 ) ) ;
#3504 = ORIENTED_EDGE ( 'NONE', *, *, #2405, .T. ) ;
#3505 = CARTESIAN_POINT ( 'NONE',  ( -16.01249307288160040, -21.13889135658481067, 3.597235868101121614 ) ) ;
#3506 = ORIENTED_EDGE ( 'NONE', *, *, #3216, .T. ) ;
#3507 = CARTESIAN_POINT ( 'NONE',  ( 15.08464557651030624, -20.60268317684741035, 3.896308385022888565 ) ) ;
#3508 = ORIENTED_EDGE ( 'NONE', *, *, #312, .T. ) ;
#3509 = CARTESIAN_POINT ( 'NONE',  ( 19.86907298722644910, -13.46869705022688990, 4.000000000000000000 ) ) ;
#3510 = CARTESIAN_POINT ( 'NONE',  ( 18.35000000000016129, -15.34999999999994991, 3.000000000000000000 ) ) ;
#3511 = ORIENTED_EDGE ( 'NONE', *, *, #983, .T. ) ;
#3512 = ORIENTED_EDGE ( 'NONE', *, *, #383, .T. ) ;
#3513 = CIRCLE ( 'NONE', #3113, 19.99999999999999645 ) ;
#3514 = DIRECTION ( 'NONE',  ( 1.000000000000000000, 0.000000000000000000, 0.000000000000000000 ) ) ;
#3515 = EDGE_CURVE ( 'NONE', #87, #1044, #219, .T. ) ;
#3516 = CYLINDRICAL_SURFACE ( 'NONE', #1279, 15.00000000000000000 ) ;
#3517 = CARTESIAN_POINT ( 'NONE',  ( 10.43414161117062910, 13.64999999999999858, 26.99999999619807767 ) ) ;
#3518 = CARTESIAN_POINT ( 'NONE',  ( -8.818347458571526687, 13.63043045531749264, 27.85196874358921804 ) ) ;
#3519 = ORIENTED_EDGE ( 'NONE', *, *, #1831, .T. ) ;
#3520 = CARTESIAN_POINT ( 'NONE',  ( 2.121320343560730404, 2.121320343560717081, 0.000000000000000000 ) ) ;
#3521 = ORIENTED_EDGE ( 'NONE', *, *, #423, .F. ) ;
#3522 = DIRECTION ( 'NONE',  ( 1.817770355765542118E-47, -3.697785493223492838E-32, -1.000000000000000000 ) ) ;
#3523 = ORIENTED_EDGE ( 'NONE', *, *, #2290, .T. ) ;
#3524 = ADVANCED_FACE ( 'NONE', ( #2988 ), #202, .F. ) ;
#3525 = FACE_BOUND ( 'NONE', #1241, .T. ) ;
#3526 = CIRCLE ( 'NONE', #1556, 1.749999999999996447 ) ;
#3527 = DIRECTION ( 'NONE',  ( 0.000000000000000000, 0.000000000000000000, -1.000000000000000000 ) ) ;
#3528 = VERTEX_POINT ( 'NONE', #1312 ) ;
#3529 = CARTESIAN_POINT ( 'NONE',  ( 5.823088065421236692, 18.34999999999999787, 4.000000000000000000 ) ) ;
#3530 = VERTEX_POINT ( 'NONE', #2128 ) ;
#3531 = CARTESIAN_POINT ( 'NONE',  ( -24.20786437626903265, 19.96522368915204027, 0.000000000000000000 ) ) ;
#3532 = CARTESIAN_POINT ( 'NONE',  ( 0.000000000000000000, 0.000000000000000000, 3.999999999999999112 ) ) ;
#3533 = DIRECTION ( 'NONE',  ( -0.7071067811865398012, 0.7071067811865552333, 0.000000000000000000 ) ) ;
#3534 = DIRECTION ( 'NONE',  ( 1.000000000000000000, 1.550760359917785817E-16, 2.315311757914443257E-13 ) ) ;
#3535 = ORIENTED_EDGE ( 'NONE', *, *, #1121, .F. ) ;
#3536 = CYLINDRICAL_SURFACE ( 'NONE', #62, 10.00000000000000000 ) ;
#3537 = EDGE_CURVE ( 'NONE', #2056, #378, #1641, .T. ) ;
#3538 = B_SPLINE_CURVE_WITH_KNOTS ( 'NONE', 3,
 ( #3089, #1140, #1999, #1177 ),
 .UNSPECIFIED., .F., .F.,
 ( 4, 4 ),
 ( 3.576224061345498009E-18, 3.052092139907706443E-05 ),
 .UNSPECIFIED. ) ;
#3539 = EDGE_CURVE ( 'NONE', #2001, #1087, #2743, .T. ) ;
#3540 = EDGE_LOOP ( 'NONE', ( #1772, #741, #2723, #5, #3220, #490 ) ) ;
#3541 = CARTESIAN_POINT ( 'NONE',  ( 25.44218996054882354, 23.69218996054634374, 0.000000000000000000 ) ) ;
#3542 = ORIENTED_EDGE ( 'NONE', *, *, #3455, .T. ) ;
#3543 = TOROIDAL_SURFACE ( 'NONE', #407, 30.32842712474619162, 3.000000000000000000 ) ;
#3544 = DIRECTION ( 'NONE',  ( -0.000000000000000000, -0.000000000000000000, -1.000000000000000000 ) ) ;
#3545 = DIRECTION ( 'NONE',  ( -0.000000000000000000, -0.000000000000000000, -1.000000000000000000 ) ) ;
#3546 = ORIENTED_EDGE ( 'NONE', *, *, #1088, .F. ) ;
#3547 = CARTESIAN_POINT ( 'NONE',  ( -2.558426425360543099, 19.94999999999999929, 27.51760025597648252 ) ) ;
#3548 = ORIENTED_EDGE ( 'NONE', *, *, #2386, .F. ) ;
#3549 = CARTESIAN_POINT ( 'NONE',  ( -2.053153435408421323, 19.94999999999999929, 42.00000000000000000 ) ) ;
#3550 = VECTOR ( 'NONE', #3116, 1000.000000000000000 ) ;
#3551 = CARTESIAN_POINT ( 'NONE',  ( -2.558426425360542211, 13.60321340792296141, 27.51760025597648252 ) ) ;
#3552 = CARTESIAN_POINT ( 'NONE',  ( 2.053153435408412886, 19.94999999999999929, 47.00000000000000000 ) ) ;
#3553 = CIRCLE ( 'NONE', #1171, 28.60354840101803831 ) ;
#3554 = DIRECTION ( 'NONE',  ( -0.000000000000000000, -0.000000000000000000, -1.000000000000000000 ) ) ;
#3555 = CARTESIAN_POINT ( 'NONE',  ( 7.983801529043829781, 19.94999999999999929, 28.22374989449534510 ) ) ;
#3556 = ORIENTED_EDGE ( 'NONE', *, *, #3121, .T. ) ;
#3557 = AXIS2_PLACEMENT_3D ( 'NONE', #421, #2080, #1540 ) ;
#3558 = FACE_OUTER_BOUND ( 'NONE', #3352, .T. ) ;
#3559 = CARTESIAN_POINT ( 'NONE',  ( -19.19715324994913885, 23.47941223623384133, 2.000000000000000000 ) ) ;
#3560 = EDGE_CURVE ( 'NONE', #2905, #3143, #747, .T. ) ;
#3561 = VECTOR ( 'NONE', #193, 1000.000000000000000 ) ;
#3562 = ORIENTED_EDGE ( 'NONE', *, *, #2942, .F. ) ;
#3563 = EDGE_LOOP ( 'NONE', ( #3576, #2703, #1482, #698 ) ) ;
#3564 = EDGE_CURVE ( 'NONE', #875, #2770, #1396, .T. ) ;
#3565 = DIRECTION ( 'NONE',  ( -0.000000000000000000, 0.000000000000000000, 1.000000000000000000 ) ) ;
#3566 = LINE ( 'NONE', #2181, #1601 ) ;
#3567 = VERTEX_POINT ( 'NONE', #3531 ) ;
#3568 = VERTEX_POINT ( 'NONE', #2966 ) ;
#3569 = DIRECTION ( 'NONE',  ( 1.000000000000000000, 1.734723475976807489E-15, 0.000000000000000000 ) ) ;
#3570 = FACE_OUTER_BOUND ( 'NONE', #3186, .T. ) ;
#3571 = EDGE_CURVE ( 'NONE', #1395, #2983, #1827, .T. ) ;
#3572 = VECTOR ( 'NONE', #1876, 1000.000000000000000 ) ;
#3573 = LINE ( 'NONE', #2, #467 ) ;
#3574 = CARTESIAN_POINT ( 'NONE',  ( -13.85000000000012044, -10.85000000000013465, 4.000000000000000000 ) ) ;
#3575 = ORIENTED_EDGE ( 'NONE', *, *, #3303, .T. ) ;
#3576 = ORIENTED_EDGE ( 'NONE', *, *, #2537, .F. ) ;
#3577 = LINE ( 'NONE', #2708, #3321 ) ;
#3578 = FACE_BOUND ( 'NONE', #2436, .T. ) ;
#3579 = FACE_OUTER_BOUND ( 'NONE', #3445, .T. ) ;
#3580 = VERTEX_POINT ( 'NONE', #2659 ) ;
#3581 = DIRECTION ( 'NONE',  ( -1.000000000000000000, 7.994117400814680220E-17, 0.000000000000000000 ) ) ;
#3582 = VERTEX_POINT ( 'NONE', #1587 ) ;
#3583 = ADVANCED_FACE ( 'NONE', ( #2952 ), #1569, .F. ) ;
#3584 = VECTOR ( 'NONE', #2713, 1000.000000000000000 ) ;
#3585 = DIRECTION ( 'NONE',  ( 1.000000000000000000, 1.550760359917785817E-16, -2.321220991943256543E-13 ) ) ;
#3586 = CARTESIAN_POINT ( 'NONE',  ( 6.174871461508788961, 13.47899728785055018, 29.26424392860509371 ) ) ;
#3587 = CARTESIAN_POINT ( 'NONE',  ( -3.149113253075913242E-15, 19.94999999999999929, -5.047477198250068074E-31 ) ) ;
#3588 = CARTESIAN_POINT ( 'NONE',  ( -20.86333771135777226, 19.94999999999999574, 2.375867983756582813 ) ) ;
#3589 = EDGE_LOOP ( 'NONE', ( #2539, #3131, #1021, #314 ) ) ;
#3590 = CARTESIAN_POINT ( 'NONE',  ( 15.35000000000011333, 15.34999999999999964, 0.000000000000000000 ) ) ;
#3591 = VERTEX_POINT ( 'NONE', #2361 ) ;
#3592 = DIRECTION ( 'NONE',  ( -0.000000000000000000, 0.000000000000000000, 1.000000000000000000 ) ) ;
#3593 = CARTESIAN_POINT ( 'NONE',  ( 0.000000000000000000, 0.000000000000000000, 0.000000000000000000 ) ) ;
#3594 = DIRECTION ( 'NONE',  ( -1.000000000000000000, -1.638611685377993016E-16, 7.536164877587142077E-64 ) ) ;
#3595 = ORIENTED_EDGE ( 'NONE', *, *, #3537, .T. ) ;
#3596 = CARTESIAN_POINT ( 'NONE',  ( 24.20786437626889409, -19.96522368915221080, 2.000000000000000000 ) ) ;
#3597 = VERTEX_POINT ( 'NONE', #1061 ) ;
#3598 = DIRECTION ( 'NONE',  ( 1.000000000000000000, 0.000000000000000000, 0.000000000000000000 ) ) ;
#3599 = DIRECTION ( 'NONE',  ( -1.000000000000000000, 0.000000000000000000, 0.000000000000000000 ) ) ;
#3600 = DIRECTION ( 'NONE',  ( -0.000000000000000000, -0.000000000000000000, -1.000000000000000000 ) ) ;
#3601 = EDGE_CURVE ( 'NONE', #573, #1865, #690, .T. ) ;
ENDSEC;
END-ISO-10303-21;
