ISO-10303-21;
HEADER;
FILE_DESCRIPTION (( 'STEP AP214' ),
    '1' );
FILE_NAME ('Part5.STEP',
    '2026-07-30T14:27:27',
    ( '' ),
    ( '' ),
    'SwSTEP 2.0',
    'SolidWorks 2026',
    '' );
FILE_SCHEMA (( 'AUTOMOTIVE_DESIGN' ));
ENDSEC;

DATA;
#1 = DIRECTION ( 'NONE',  ( 0.000000000000000000, 0.000000000000000000, 1.000000000000000000 ) ) ;
#2 = EDGE_CURVE ( 'NONE', #981, #521, #1770, .T. ) ;
#3 = ORIENTED_EDGE ( 'NONE', *, *, #820, .F. ) ;
#4 = AXIS2_PLACEMENT_3D ( 'NONE', #807, #1362, #128 ) ;
#5 = CARTESIAN_POINT ( 'NONE',  ( -19.09305800686488297, 36.22628567491811680, -45.69614624997463892 ) ) ;
#6 = AXIS2_PLACEMENT_3D ( 'NONE', #603, #982, #38 ) ;
#7 = ORIENTED_EDGE ( 'NONE', *, *, #321, .F. ) ;
#8 = DIRECTION ( 'NONE',  ( 0.000000000000000000, 0.000000000000000000, 1.000000000000000000 ) ) ;
#9 = CARTESIAN_POINT ( 'NONE',  ( -15.00000000000000355, 39.09999999999993747, -41.49999999999550226 ) ) ;
#10 = DIRECTION ( 'NONE',  ( 0.000000000000000000, 0.000000000000000000, 1.000000000000000000 ) ) ;
#11 = EDGE_CURVE ( 'NONE', #1156, #1724, #1212, .T. ) ;
#12 = LINE ( 'NONE', #1213, #1695 ) ;
#13 = ORIENTED_EDGE ( 'NONE', *, *, #1625, .F. ) ;
#14 = CARTESIAN_POINT ( 'NONE',  ( -20.00000000000000000, 39.09999999999993747, -50.89999999999668745 ) ) ;
#15 = ORIENTED_EDGE ( 'NONE', *, *, #1757, .T. ) ;
#16 = CARTESIAN_POINT ( 'NONE',  ( -15.00000000000000355, 39.09999999999993747, -73.24999999999549516 ) ) ;
#17 = DIRECTION ( 'NONE',  ( 0.000000000000000000, 1.000000000000000000, -0.000000000000000000 ) ) ;
#18 = CARTESIAN_POINT ( 'NONE',  ( 1.860379088251337576, 33.09999999999993747, -32.20801908557567117 ) ) ;
#19 = CYLINDRICAL_SURFACE ( 'NONE', #1489, 1.999999999997226219 ) ;
#20 = ORIENTED_EDGE ( 'NONE', *, *, #789, .F. ) ;
#21 = DIRECTION ( 'NONE',  ( 0.000000000000000000, 0.000000000000000000, 1.000000000000000000 ) ) ;
#22 = LINE ( 'NONE', #569, #830 ) ;
#23 = CARTESIAN_POINT ( 'NONE',  ( 20.00000000000000000, 37.09999999999993747, -50.89999999999391633 ) ) ;
#24 = DIRECTION ( 'NONE',  ( 1.734723475976805517E-14, 0.000000000000000000, 1.000000000000000000 ) ) ;
#25 = AXIS2_PLACEMENT_3D ( 'NONE', #1228, #931, #1487 ) ;
#26 = AXIS2_PLACEMENT_3D ( 'NONE', #691, #667, #1083 ) ;
#27 = AXIS2_PLACEMENT_3D ( 'NONE', #1279, #435, #870 ) ;
#28 = VERTEX_POINT ( 'NONE', #1761 ) ;
#29 = PLANE ( 'NONE',  #1546 ) ;
#30 = ADVANCED_FACE ( 'NONE', ( #212 ), #523, .T. ) ;
#31 = AXIS2_PLACEMENT_3D ( 'NONE', #1522, #1382, #678 ) ;
#32 = ORIENTED_EDGE ( 'NONE', *, *, #116, .F. ) ;
#33 = DIRECTION ( 'NONE',  ( 0.000000000000000000, 0.000000000000000000, 1.000000000000000000 ) ) ;
#34 = EDGE_CURVE ( 'NONE', #847, #1001, #357, .T. ) ;
#35 = CARTESIAN_POINT ( 'NONE',  ( 20.00000000000000000, 39.09999999999993747, -45.89999999999946567 ) ) ;
#36 = CARTESIAN_POINT ( 'NONE',  ( 20.00000000000000000, 33.09999999999993747, -51.89999999999390923 ) ) ;
#37 = ORIENTED_EDGE ( 'NONE', *, *, #689, .F. ) ;
#38 = DIRECTION ( 'NONE',  ( 0.000000000000000000, 0.000000000000000000, 1.000000000000000000 ) ) ;
#39 = VERTEX_POINT ( 'NONE', #1317 ) ;
#40 = CARTESIAN_POINT ( 'NONE',  ( -20.00000000000000355, 37.09999999999993747, -43.89999999999946567 ) ) ;
#41 = ORIENTED_EDGE ( 'NONE', *, *, #939, .T. ) ;
#42 = CARTESIAN_POINT ( 'NONE',  ( -20.00000000000000000, 35.09999999999993747, -48.89999999999668745 ) ) ;
#43 = AXIS2_PLACEMENT_3D ( 'NONE', #1705, #529, #1310 ) ;
#44 = CARTESIAN_POINT ( 'NONE',  ( -5.058341599934956356, 35.23911373766771504, -32.83837367529516627 ) ) ;
#45 = EDGE_CURVE ( 'NONE', #1410, #1586, #625, .T. ) ;
#46 = ORIENTED_EDGE ( 'NONE', *, *, #1387, .F. ) ;
#47 = CARTESIAN_POINT ( 'NONE',  ( -15.00000000000000355, 39.09999999999993747, -43.24999999999550226 ) ) ;
#48 = CARTESIAN_POINT ( 'NONE',  ( -20.00000000000000000, 39.09999999999993747, -48.89999999999668745 ) ) ;
#49 = ORIENTED_EDGE ( 'NONE', *, *, #1684, .F. ) ;
#50 = CARTESIAN_POINT ( 'NONE',  ( 20.00000000000000000, 39.09999999999993747, -48.89999999999668745 ) ) ;
#51 =( BOUNDED_SURFACE ( )  B_SPLINE_SURFACE ( 3, 2, ( 
 ( #901, #476, #1022 ),
 ( #1575, #1040, #343 ),
 ( #467, #1591, #1193 ),
 ( #921, #893, #760 ),
 ( #1706, #78, #1471 ),
 ( #235, #1743, #783 ),
 ( #1178, #1642, #1617 ),
 ( #242, #1241, #555 ) ),
 .UNSPECIFIED., .F., .F., .F. ) 
 B_SPLINE_SURFACE_WITH_KNOTS ( ( 4, 2, 2, 4 ),
 ( 3, 3 ),
 ( -7.071067812047889197E-06, 0.0003041081972576414102, 0.0006152874623273306681, 0.001237645992466709184 ),
 ( 0.000000000000000000, 1.000000000000000000 ),
 .UNSPECIFIED. ) 
 GEOMETRIC_REPRESENTATION_ITEM ( )  RATIONAL_B_SPLINE_SURFACE ( (
 ( 1.000000000000000000, 1.000000000000000000, 1.000000000000000000),
 ( 1.000000000000000000, 1.000049913295081971, 1.000000000000000000),
 ( 1.000000000000000000, 0.9965589863617806410, 1.000000000000000000),
 ( 1.000000000000000000, 0.9851011100673218168, 1.000000000000000000),
 ( 1.000000000000000000, 0.9772451402451959313, 1.000000000000000000),
 ( 1.000000000000000000, 0.9505170064602469493, 1.000000000000000000),
 ( 1.000000000000000000, 0.9285317183311402323, 1.000000000000000000),
 ( 1.000000000000000000, 0.9045340337332906655, 1.000000000000000000) ) ) 
 REPRESENTATION_ITEM ( '' )  SURFACE ( )  );
#52 = CARTESIAN_POINT ( 'NONE',  ( -20.00000000000000000, 39.09999999999993747, -48.89999999999668745 ) ) ;
#53 = EDGE_CURVE ( 'NONE', #1696, #953, #741, .T. ) ;
#54 = EDGE_CURVE ( 'NONE', #1491, #927, #260, .T. ) ;
#55 = ORIENTED_EDGE ( 'NONE', *, *, #1338, .T. ) ;
#56 = AXIS2_PLACEMENT_3D ( 'NONE', #509, #73, #1594 ) ;
#57 = CARTESIAN_POINT ( 'NONE',  ( -17.99999999999996803, 39.09999999999993747, 8.289829000243568132E-15 ) ) ;
#58 = AXIS2_PLACEMENT_3D ( 'NONE', #1391, #152, #1253 ) ;
#59 = ORIENTED_EDGE ( 'NONE', *, *, #1113, .T. ) ;
#60 = CARTESIAN_POINT ( 'NONE',  ( 3.588948926189330377E-12, 36.09999999999993747, -33.89999999999550084 ) ) ;
#61 = VERTEX_POINT ( 'NONE', #1616 ) ;
#62 = CARTESIAN_POINT ( 'NONE',  ( 17.99999999999999645, 39.09999999999993747, -74.49999999999549516 ) ) ;
#63 = EDGE_CURVE ( 'NONE', #1016, #763, #1599, .T. ) ;
#64 = CARTESIAN_POINT ( 'NONE',  ( 3.588948926189330377E-12, 33.46363636363629723, -33.89999999999550084 ) ) ;
#65 = EDGE_LOOP ( 'NONE', ( #960, #1681, #352, #1312, #189, #1764, #1677, #1111 ) ) ;
#66 = CARTESIAN_POINT ( 'NONE',  ( -2.042911044552023991, 33.26952991544871452, -31.51920417746820036 ) ) ;
#67 = LINE ( 'NONE', #1602, #1334 ) ;
#68 = CARTESIAN_POINT ( 'NONE',  ( 3.588948926189330377E-12, 36.09999999999993747, -33.89999999999550084 ) ) ;
#69 = ORIENTED_EDGE ( 'NONE', *, *, #1198, .F. ) ;
#70 = CARTESIAN_POINT ( 'NONE',  ( 20.00000000000000000, 35.09999999999993747, -45.89999999999946567 ) ) ;
#71 =( NAMED_UNIT ( * ) PLANE_ANGLE_UNIT ( ) SI_UNIT ( $, .RADIAN. ) );
#72 = VERTEX_POINT ( 'NONE', #1185 ) ;
#73 = DIRECTION ( 'NONE',  ( 0.000000000000000000, 1.000000000000000000, 0.000000000000000000 ) ) ;
#74 = ORIENTED_EDGE ( 'NONE', *, *, #1319, .F. ) ;
#75 = DIRECTION ( 'NONE',  ( 0.000000000000000000, 1.000000000000000000, -0.000000000000000000 ) ) ;
#76 = ORIENTED_EDGE ( 'NONE', *, *, #688, .T. ) ;
#77 = CARTESIAN_POINT ( 'NONE',  ( 14.99999999999999645, 39.09999999999993747, -69.74999999999549516 ) ) ;
#78 = CARTESIAN_POINT ( 'NONE',  ( -1.625220579877430183, 33.09999999999993747, -31.51219293283767087 ) ) ;
#79 = ORIENTED_EDGE ( 'NONE', *, *, #366, .T. ) ;
#80 = DIRECTION ( 'NONE',  ( -0.000000000000000000, 1.000000000000000000, -0.000000000000000000 ) ) ;
#81 = AXIS2_PLACEMENT_3D ( 'NONE', #397, #949, #1499 ) ;
#82 = ORIENTED_EDGE ( 'NONE', *, *, #63, .F. ) ;
#83 = CARTESIAN_POINT ( 'NONE',  ( 1.594299906181433357, 33.09999999999993747, -31.88498647800575014 ) ) ;
#84 = AXIS2_PLACEMENT_3D ( 'NONE', #704, #308, #181 ) ;
#85 = VECTOR ( 'NONE', #1433, 1000.000000000000000 ) ;
#86 = ORIENTED_EDGE ( 'NONE', *, *, #1710, .T. ) ;
#87 = CARTESIAN_POINT ( 'NONE',  ( 20.00000000000000000, 35.09999999999993747, -45.89999999999946567 ) ) ;
#88 = EDGE_CURVE ( 'NONE', #1088, #407, #1520, .T. ) ;
#89 = CIRCLE ( 'NONE', #56, 1.750000000000001554 ) ;
#90 = DIRECTION ( 'NONE',  ( 0.000000000000000000, 0.000000000000000000, -1.000000000000000000 ) ) ;
#91 = VERTEX_POINT ( 'NONE', #94 ) ;
#92 = CARTESIAN_POINT ( 'NONE',  ( -15.00000000000000355, 39.09999999999993747, -69.74999999999549516 ) ) ;
#93 = VERTEX_POINT ( 'NONE', #1452 ) ;
#94 = CARTESIAN_POINT ( 'NONE',  ( 18.00000000000000000, 37.09999999999993747, -43.89999999999946567 ) ) ;
#95 = CARTESIAN_POINT ( 'NONE',  ( -15.00000000000000355, 33.09999999999993747, -41.49999999999550226 ) ) ;
#96 = DIRECTION ( 'NONE',  ( -0.000000000000000000, 1.000000000000000000, -0.000000000000000000 ) ) ;
#97 = ORIENTED_EDGE ( 'NONE', *, *, #396, .F. ) ;
#98 = DIRECTION ( 'NONE',  ( 0.000000000000000000, 1.000000000000000000, -0.000000000000000000 ) ) ;
#99 = UNCERTAINTY_MEASURE_WITH_UNIT (LENGTH_MEASURE( 1.000000000000000082E-05 ), #1563, 'distance_accuracy_value', 'NONE');
#100 = ORIENTED_EDGE ( 'NONE', *, *, #674, .F. ) ;
#101 = CARTESIAN_POINT ( 'NONE',  ( 2.209122324811310989, 33.09999999999993747, -31.89084346044147722 ) ) ;
#102 = DIRECTION ( 'NONE',  ( 0.000000000000000000, 0.000000000000000000, 1.000000000000000000 ) ) ;
#103 = EDGE_CURVE ( 'NONE', #93, #481, #309, .T. ) ;
#104 = DIRECTION ( 'NONE',  ( -0.000000000000000000, -1.000000000000000000, -0.000000000000000000 ) ) ;
#105 = EDGE_LOOP ( 'NONE', ( #622, #1353, #631, #997 ) ) ;
#106 = CYLINDRICAL_SURFACE ( 'NONE', #511, 2.000000000000001776 ) ;
#107 = EDGE_CURVE ( 'NONE', #209, #354, #1741, .T. ) ;
#108 = ORIENTED_EDGE ( 'NONE', *, *, #869, .F. ) ;
#109 = DIRECTION ( 'NONE',  ( 0.000000000000000000, 0.000000000000000000, 1.000000000000000000 ) ) ;
#110 = CARTESIAN_POINT ( 'NONE',  ( 8.961687916212433436, 36.90267933799919575, -34.54598235847194587 ) ) ;
#111 = VECTOR ( 'NONE', #140, 1000.000000000000000 ) ;
#112 = CIRCLE ( 'NONE', #1629, 2.000000000000001776 ) ;
#113 = CARTESIAN_POINT ( 'NONE',  ( 11.24560921615297637, 39.09999999999993747, -25.70583514866249430 ) ) ;
#114 = DIRECTION ( 'NONE',  ( 0.000000000000000000, 1.000000000000000000, -0.000000000000000000 ) ) ;
#115 = VERTEX_POINT ( 'NONE', #642 ) ;
#116 = EDGE_CURVE ( 'NONE', #579, #1141, #710, .T. ) ;
#117 = DIRECTION ( 'NONE',  ( 0.000000000000000000, 0.000000000000000000, -1.000000000000000000 ) ) ;
#118 = EDGE_LOOP ( 'NONE', ( #769, #1557, #669, #1554 ) ) ;
#119 = DIRECTION ( 'NONE',  ( 0.000000000000000000, 0.000000000000000000, 1.000000000000000000 ) ) ;
#120 = DIRECTION ( 'NONE',  ( 1.000000000000000000, 0.000000000000000000, 0.000000000000000000 ) ) ;
#121 = DIRECTION ( 'NONE',  ( -0.000000000000000000, -1.000000000000000000, -0.000000000000000000 ) ) ;
#122 = CIRCLE ( 'NONE', #1246, 2.000000000000001776 ) ;
#123 = CARTESIAN_POINT ( 'NONE',  ( 3.588948926189330377E-12, 33.09999999999993747, -33.89999999999550084 ) ) ;
#124 = CARTESIAN_POINT ( 'NONE',  ( 14.99999999999999645, 37.09999999999993747, -71.49999999999549516 ) ) ;
#125 = EDGE_LOOP ( 'NONE', ( #285, #1612, #1044, #1747 ) ) ;
#126 = CARTESIAN_POINT ( 'NONE',  ( 10.89818820389686138, 37.09999999999993747, -35.39314897867022580 ) ) ;
#127 = ORIENTED_EDGE ( 'NONE', *, *, #396, .T. ) ;
#128 = DIRECTION ( 'NONE',  ( 0.000000000000000000, -0.000000000000000000, 1.000000000000000000 ) ) ;
#129 = DIRECTION ( 'NONE',  ( 0.000000000000000000, 0.000000000000000000, -1.000000000000000000 ) ) ;
#130 = DIRECTION ( 'NONE',  ( 0.000000000000000000, 1.000000000000000000, -0.000000000000000000 ) ) ;
#131 = EDGE_CURVE ( 'NONE', #806, #209, #409, .T. ) ;
#132 = CARTESIAN_POINT ( 'NONE',  ( -3.975289717836026693, 36.09999999999993747, -32.45607246172080806 ) ) ;
#133 = ORIENTED_EDGE ( 'NONE', *, *, #170, .F. ) ;
#134 = CYLINDRICAL_SURFACE ( 'NONE', #968, 1.999999999999807487 ) ;
#135 = VERTEX_POINT ( 'NONE', #843 ) ;
#136 = FACE_OUTER_BOUND ( 'NONE', #567, .T. ) ;
#137 = FACE_OUTER_BOUND ( 'NONE', #207, .T. ) ;
#138 = DIRECTION ( 'NONE',  ( 0.000000000000000000, 1.000000000000000000, -0.000000000000000000 ) ) ;
#139 = CIRCLE ( 'NONE', #540, 3.286107841601111801 ) ;
#140 = DIRECTION ( 'NONE',  ( 0.000000000000000000, -1.000000000000000000, 0.000000000000000000 ) ) ;
#141 = CIRCLE ( 'NONE', #1689, 2.999999999999808153 ) ;
#142 = ORIENTED_EDGE ( 'NONE', *, *, #879, .F. ) ;
#143 = DIRECTION ( 'NONE',  ( -0.000000000000000000, -1.000000000000000000, -0.000000000000000000 ) ) ;
#144 = CIRCLE ( 'NONE', #6, 1.000000000000000888 ) ;
#145 = EDGE_LOOP ( 'NONE', ( #100, #896, #882, #1276 ) ) ;
#146 = DIRECTION ( 'NONE',  ( 0.000000000000000000, 0.000000000000000000, -1.000000000000000000 ) ) ;
#147 = CARTESIAN_POINT ( 'NONE',  ( -20.00000000000000000, 35.09999999999993747, -51.89999999999529479 ) ) ;
#148 = DIRECTION ( 'NONE',  ( 0.000000000000000000, 0.000000000000000000, 1.000000000000000000 ) ) ;
#149 = CARTESIAN_POINT ( 'NONE',  ( 19.99999999999998934, 39.09999999999993747, -53.89999999999668745 ) ) ;
#150 = ORIENTED_EDGE ( 'NONE', *, *, #929, .F. ) ;
#151 = CARTESIAN_POINT ( 'NONE',  ( 20.00000000000000000, 39.09999999999993747, -51.89999999999668745 ) ) ;
#152 = DIRECTION ( 'NONE',  ( -0.000000000000000000, -1.000000000000000000, -0.000000000000000000 ) ) ;
#153 = CYLINDRICAL_SURFACE ( 'NONE', #1144, 1.999999999999807487 ) ;
#154 = ADVANCED_FACE ( 'NONE', ( #406 ), #956, .F. ) ;
#155 = EDGE_CURVE ( 'NONE', #455, #1170, #853, .T. ) ;
#156 = DIRECTION ( 'NONE',  ( -0.9161664130470700274, 0.000000000000000000, 0.4007980833343210980 ) ) ;
#157 = ORIENTED_EDGE ( 'NONE', *, *, #1278, .T. ) ;
#158 = FACE_BOUND ( 'NONE', #1003, .T. ) ;
#159 = DIRECTION ( 'NONE',  ( 0.000000000000000000, 1.000000000000000000, -0.000000000000000000 ) ) ;
#160 = DIRECTION ( 'NONE',  ( 0.000000000000000000, 0.000000000000000000, 1.000000000000000000 ) ) ;
#161 = AXIS2_PLACEMENT_3D ( 'NONE', #95, #600, #1159 ) ;
#162 = CARTESIAN_POINT ( 'NONE',  ( -5.726965399852337768, 35.65558556949052615, -33.13087854522081699 ) ) ;
#163 = AXIS2_PLACEMENT_3D ( 'NONE', #1095, #697, #387 ) ;
#164 = EDGE_CURVE ( 'NONE', #1361, #1160, #141, .T. ) ;
#165 = ORIENTED_EDGE ( 'NONE', *, *, #295, .T. ) ;
#166 = CARTESIAN_POINT ( 'NONE',  ( 0.000000000000000000, 33.09999999999993747, 0.000000000000000000 ) ) ;
#167 = CIRCLE ( 'NONE', #774, 2.999999999999995559 ) ;
#168 = EDGE_CURVE ( 'NONE', #675, #91, #914, .T. ) ;
#169 = FACE_OUTER_BOUND ( 'NONE', #864, .T. ) ;
#170 = EDGE_CURVE ( 'NONE', #257, #440, #429, .T. ) ;
#171 = ORIENTED_EDGE ( 'NONE', *, *, #1369, .T. ) ;
#172 = LINE ( 'NONE', #986, #1686 ) ;
#173 = CARTESIAN_POINT ( 'NONE',  ( -7.128309192105898084, 36.34837511871930360, -33.74392863964600053 ) ) ;
#174 = ORIENTED_EDGE ( 'NONE', *, *, #1446, .F. ) ;
#175 = PLANE ( 'NONE',  #624 ) ;
#176 = LINE ( 'NONE', #1535, #1023 ) ;
#177 = ORIENTED_EDGE ( 'NONE', *, *, #1065, .F. ) ;
#178 = EDGE_CURVE ( 'NONE', #1170, #455, #1291, .T. ) ;
#179 = EDGE_CURVE ( 'NONE', #1268, #93, #1346, .T. ) ;
#180 = CARTESIAN_POINT ( 'NONE',  ( 19.99999999999999645, 39.09999999999993747, -43.89999999999946567 ) ) ;
#181 = DIRECTION ( 'NONE',  ( 0.000000000000000000, 0.000000000000000000, 1.000000000000000000 ) ) ;
#182 = ORIENTED_EDGE ( 'NONE', *, *, #1710, .F. ) ;
#183 = PLANE ( 'NONE',  #1464 ) ;
#184 = EDGE_CURVE ( 'NONE', #816, #403, #618, .T. ) ;
#185 = DIRECTION ( 'NONE',  ( -0.000000000000000000, -1.000000000000000000, -0.000000000000000000 ) ) ;
#186 = ORIENTED_EDGE ( 'NONE', *, *, #1375, .T. ) ;
#187 = LINE ( 'NONE', #1301, #620 ) ;
#188 = FILL_AREA_STYLE_COLOUR ( '', #1320 ) ;
#189 = ORIENTED_EDGE ( 'NONE', *, *, #1542, .T. ) ;
#190 = VECTOR ( 'NONE', #458, 1000.000000000000000 ) ;
#191 = VECTOR ( 'NONE', #1510, 1000.000000000000000 ) ;
#192 = CARTESIAN_POINT ( 'NONE',  ( -20.00000000000000000, 35.09999999999993747, -45.89999999999946567 ) ) ;
#193 = LINE ( 'NONE', #399, #1081 ) ;
#194 = CARTESIAN_POINT ( 'NONE',  ( -15.00000000000000355, 37.09999999999993747, -39.74999999999549516 ) ) ;
#195 = AXIS2_PLACEMENT_3D ( 'NONE', #851, #1553, #1712 ) ;
#196 = VERTEX_POINT ( 'NONE', #977 ) ;
#197 = CARTESIAN_POINT ( 'NONE',  ( 1.202394250006475929, 33.09999999999993747, -31.15150076085446784 ) ) ;
#198 = ORIENTED_EDGE ( 'NONE', *, *, #241, .F. ) ;
#199 = CARTESIAN_POINT ( 'NONE',  ( 17.99999999999998579, 37.09999999999993747, 2.763276333414525735E-15 ) ) ;
#200 = VERTEX_POINT ( 'NONE', #530 ) ;
#201 = CARTESIAN_POINT ( 'NONE',  ( -15.00000000000000355, 37.09999999999993747, -71.49999999999549516 ) ) ;
#202 = VERTEX_POINT ( 'NONE', #413 ) ;
#203 = PLANE ( 'NONE',  #703 ) ;
#204 = DIRECTION ( 'NONE',  ( 0.000000000000000000, 1.000000000000000000, -0.000000000000000000 ) ) ;
#205 = EDGE_CURVE ( 'NONE', #606, #749, #278, .T. ) ;
#206 = CIRCLE ( 'NONE', #637, 1.750000000000001554 ) ;
#207 = EDGE_LOOP ( 'NONE', ( #503, #1593, #157, #1551 ) ) ;
#208 = DIRECTION ( 'NONE',  ( 0.000000000000000000, 1.000000000000000000, -0.000000000000000000 ) ) ;
#209 = VERTEX_POINT ( 'NONE', #1227 ) ;
#210 = CARTESIAN_POINT ( 'NONE',  ( 1.288458648274871887, 33.10004185885964745, -31.22722558780462521 ) ) ;
#211 = EDGE_CURVE ( 'NONE', #202, #236, #1624, .T. ) ;
#212 = FACE_OUTER_BOUND ( 'NONE', #1280, .T. ) ;
#213 = CARTESIAN_POINT ( 'NONE',  ( 18.00000000000000000, 39.09999999999993747, 0.000000000000000000 ) ) ;
#214 = CARTESIAN_POINT ( 'NONE',  ( -1.595071323008888875, 33.09999999999993747, -31.88611006678826598 ) ) ;
#215 = ORIENTED_EDGE ( 'NONE', *, *, #1385, .F. ) ;
#216 = DIRECTION ( 'NONE',  ( -0.000000000000000000, 1.000000000000000000, -0.000000000000000000 ) ) ;
#217 = CIRCLE ( 'NONE', #25, 2.514718625761240389 ) ;
#218 = VECTOR ( 'NONE', #762, 1000.000000000000000 ) ;
#219 = EDGE_LOOP ( 'NONE', ( #74, #263, #1473, #1286 ) ) ;
#220 = CARTESIAN_POINT ( 'NONE',  ( 1.202394250006538989, 33.09999999999993747, -31.15150076085449982 ) ) ;
#221 = AXIS2_PLACEMENT_3D ( 'NONE', #1373, #287, #294 ) ;
#222 = AXIS2_PLACEMENT_3D ( 'NONE', #1155, #1680, #443 ) ;
#223 = CARTESIAN_POINT ( 'NONE',  ( -17.99999999999999289, 39.09999999999993747, -53.89999999999668745 ) ) ;
#224 = AXIS2_PLACEMENT_3D ( 'NONE', #301, #848, #1448 ) ;
#225 = EDGE_CURVE ( 'NONE', #1307, #135, #393, .T. ) ;
#226 = FACE_OUTER_BOUND ( 'NONE', #1578, .T. ) ;
#227 = FACE_OUTER_BOUND ( 'NONE', #1181, .T. ) ;
#228 = ORIENTED_EDGE ( 'NONE', *, *, #211, .T. ) ;
#229 = CARTESIAN_POINT ( 'NONE',  ( -16.00000000000000000, 39.09999999999993747, -39.80806348744163614 ) ) ;
#230 = ORIENTED_EDGE ( 'NONE', *, *, #952, .F. ) ;
#231 = DIRECTION ( 'NONE',  ( 0.000000000000000000, 0.000000000000000000, -1.000000000000000000 ) ) ;
#232 = ADVANCED_FACE ( 'NONE', ( #1641 ), #969, .T. ) ;
#233 = CARTESIAN_POINT ( 'NONE',  ( 10.50795122938248838, 37.09999999999995168, -35.22243083270443975 ) ) ;
#234 = EDGE_CURVE ( 'NONE', #525, #1082, #22, .T. ) ;
#235 = CARTESIAN_POINT ( 'NONE',  ( -2.098870060689529637, 33.29366987563341951, -31.54368474742780393 ) ) ;
#236 = VERTEX_POINT ( 'NONE', #1530 ) ;
#237 = DIRECTION ( 'NONE',  ( 0.000000000000000000, 1.000000000000000000, 0.000000000000000000 ) ) ;
#238 = VERTEX_POINT ( 'NONE', #948 ) ;
#239 = CARTESIAN_POINT ( 'NONE',  ( 1.458397646903870193, 33.11380599766544464, -31.26349533447367435 ) ) ;
#240 = CARTESIAN_POINT ( 'NONE',  ( 5.056796890421200175, 35.23809172584821425, -32.83769790656625531 ) ) ;
#241 = EDGE_CURVE ( 'NONE', #61, #209, #983, .T. ) ;
#242 = CARTESIAN_POINT ( 'NONE',  ( -2.431049838964010501, 33.46363636363629723, -31.68900442625774971 ) ) ;
#243 = CARTESIAN_POINT ( 'NONE',  ( 1.860379088251337354, 34.09999999999993747, -32.20801908557567117 ) ) ;
#244 = VERTEX_POINT ( 'NONE', #1544 ) ;
#245 = FACE_OUTER_BOUND ( 'NONE', #1418, .T. ) ;
#246 = EDGE_LOOP ( 'NONE', ( #1075, #1406, #754, #1216, #1073, #894, #617, #1456 ) ) ;
#247 = FACE_OUTER_BOUND ( 'NONE', #1728, .T. ) ;
#248 = CARTESIAN_POINT ( 'NONE',  ( 14.99999999999999645, 39.09999999999993747, -43.24999999999550226 ) ) ;
#249 = CARTESIAN_POINT ( 'NONE',  ( 20.00000000000000000, 33.09999999999993747, -48.89999999999668745 ) ) ;
#250 = VECTOR ( 'NONE', #722, 1000.000000000000000 ) ;
#251 = CIRCLE ( 'NONE', #1289, 2.000000000000001776 ) ;
#252 = DIRECTION ( 'NONE',  ( -0.9161664130470701384, 0.000000000000000000, -0.4007980833343209315 ) ) ;
#253 = AXIS2_PLACEMENT_3D ( 'NONE', #538, #277, #1098 ) ;
#254 = DIRECTION ( 'NONE',  ( 0.7397961223930532570, 0.000000000000000000, 0.6728311060676391842 ) ) ;
#255 = ORIENTED_EDGE ( 'NONE', *, *, #269, .T. ) ;
#256 = CARTESIAN_POINT ( 'NONE',  ( -18.07012813519782313, 37.09999999999993747, -44.44559732456233547 ) ) ;
#257 = VERTEX_POINT ( 'NONE', #1143 ) ;
#258 = PLANE ( 'NONE',  #4 ) ;
#259 = CARTESIAN_POINT ( 'NONE',  ( 19.09305800686723842, 36.22628567492127871, -52.10385375002029917 ) ) ;
#260 = B_SPLINE_CURVE_WITH_KNOTS ( 'NONE', 3,
 ( #1580, #1030, #1219, #1597, #782, #240, #1069, #788, #1470, #110, #1485, #1460, #233, #1048 ),
 .UNSPECIFIED., .F., .F.,
 ( 4, 2, 2, 2, 2, 2, 4 ),
 ( 0.001393854066484918192, 0.002657974352932099792, 0.003922094639379281392, 0.006450335212273665408, 0.008978575785168047690, 0.01024269607161524577, 0.01150681635806244385 ),
 .UNSPECIFIED. ) ;
#261 = CARTESIAN_POINT ( 'NONE',  ( -19.27560775751862465, 36.01276012895109346, -52.02622840487806144 ) ) ;
#262 = DIRECTION ( 'NONE',  ( 0.4007980833343209315, 0.000000000000000000, -0.9161664130470701384 ) ) ;
#263 = ORIENTED_EDGE ( 'NONE', *, *, #184, .T. ) ;
#264 = CARTESIAN_POINT ( 'NONE',  ( 14.99999999999999645, 39.09999999999993747, -41.49999999999550226 ) ) ;
#265 = VERTEX_POINT ( 'NONE', #194 ) ;
#266 = B_SPLINE_CURVE_WITH_KNOTS ( 'NONE', 3,
 ( #317, #1164, #324, #1407, #862, #734 ),
 .UNSPECIFIED., .F., .F.,
 ( 4, 2, 4 ),
 ( 2.168404344971008868E-19, 0.0006969270332424592042, 0.001393854066484918192 ),
 .UNSPECIFIED. ) ;
#267 = DIRECTION ( 'NONE',  ( 1.734723475976805517E-15, 0.000000000000000000, 1.000000000000000000 ) ) ;
#268 = CARTESIAN_POINT ( 'NONE',  ( -15.00000000000000355, 33.09999999999993747, -71.49999999999549516 ) ) ;
#269 = EDGE_CURVE ( 'NONE', #1141, #579, #514, .T. ) ;
#270 = CARTESIAN_POINT ( 'NONE',  ( -19.63966282784625506, 35.56514173207784779, -51.92365963609050539 ) ) ;
#271 = LINE ( 'NONE', #963, #454 ) ;
#272 = CIRCLE ( 'NONE', #351, 3.000000000000002665 ) ;
#273 = ORIENTED_EDGE ( 'NONE', *, *, #131, .T. ) ;
#274 = CARTESIAN_POINT ( 'NONE',  ( 17.99999999999999645, 39.09999999999993747, -74.49999999999549516 ) ) ;
#275 = EDGE_CURVE ( 'NONE', #244, #927, #176, .T. ) ;
#276 = ORIENTED_EDGE ( 'NONE', *, *, #1101, .F. ) ;
#277 = DIRECTION ( 'NONE',  ( 0.000000000000000000, -1.000000000000000000, 0.000000000000000000 ) ) ;
#278 = LINE ( 'NONE', #1384, #1628 ) ;
#279 = AXIS2_PLACEMENT_3D ( 'NONE', #1478, #790, #1608 ) ;
#280 = AXIS2_PLACEMENT_3D ( 'NONE', #1441, #208, #361 ) ;
#281 = LINE ( 'NONE', #132, #1232 ) ;
#282 = VECTOR ( 'NONE', #1732, 1000.000000000000000 ) ;
#283 = AXIS2_PLACEMENT_3D ( 'NONE', #482, #773, #1469 ) ;
#284 = CARTESIAN_POINT ( 'NONE',  ( -18.30376703136876060, 36.97225899842064223, -44.96801813827434557 ) ) ;
#285 = ORIENTED_EDGE ( 'NONE', *, *, #821, .F. ) ;
#286 = CARTESIAN_POINT ( 'NONE',  ( 16.00000000000000000, 37.09999999999993747, -39.80806348744163614 ) ) ;
#287 = DIRECTION ( 'NONE',  ( -0.000000000000000000, 1.000000000000000000, -0.000000000000000000 ) ) ;
#288 = EDGE_CURVE ( 'NONE', #1156, #1716, #831, .T. ) ;
#289 = DIRECTION ( 'NONE',  ( -0.000000000000000000, -1.000000000000000000, 0.000000000000000000 ) ) ;
#290 = PRODUCT_CONTEXT ( 'NONE', #299, 'mechanical' ) ;
#291 = CARTESIAN_POINT ( 'NONE',  ( -3.755975571344007502, 34.33145683654614544, -32.26862368159815020 ) ) ;
#292 = ORIENTED_EDGE ( 'NONE', *, *, #1131, .T. ) ;
#293 = CARTESIAN_POINT ( 'NONE',  ( -1.633089463081262460, 33.13874854285961646, -31.33991829444154220 ) ) ;
#294 = DIRECTION ( 'NONE',  ( 0.000000000000000000, 0.000000000000000000, 1.000000000000000000 ) ) ;
#295 = EDGE_CURVE ( 'NONE', #1413, #433, #991, .T. ) ;
#296 = LINE ( 'NONE', #1531, #1519 ) ;
#297 = ADVANCED_FACE ( 'NONE', ( #1673 ), #1287, .F. ) ;
#298 = DIRECTION ( 'NONE',  ( 0.000000000000000000, 0.000000000000000000, -1.000000000000000000 ) ) ;
#299 = APPLICATION_CONTEXT ( 'automotive_design' ) ;
#300 = ORIENTED_EDGE ( 'NONE', *, *, #234, .T. ) ;
#301 = CARTESIAN_POINT ( 'NONE',  ( -15.00000000000000355, 39.09999999999993747, -41.49999999999550226 ) ) ;
#302 = EDGE_CURVE ( 'NONE', #1160, #1491, #266, .T. ) ;
#303 = EDGE_LOOP ( 'NONE', ( #934, #97 ) ) ;
#304 = DIRECTION ( 'NONE',  ( 0.000000000000000000, 0.000000000000000000, 1.000000000000000000 ) ) ;
#305 = ORIENTED_EDGE ( 'NONE', *, *, #1772, .F. ) ;
#306 = CARTESIAN_POINT ( 'NONE',  ( 3.588948926189330377E-12, 37.09999999999993747, -33.89999999999550084 ) ) ;
#307 = AXIS2_PLACEMENT_3D ( 'NONE', #767, #334, #1049 ) ;
#308 = DIRECTION ( 'NONE',  ( -0.000000000000000000, 1.000000000000000000, -0.000000000000000000 ) ) ;
#309 = CIRCLE ( 'NONE', #970, 1.999999999999807487 ) ;
#310 = AXIS2_PLACEMENT_3D ( 'NONE', #996, #1532, #298 ) ;
#311 = VECTOR ( 'NONE', #528, 1000.000000000000000 ) ;
#312 = ORIENTED_EDGE ( 'NONE', *, *, #302, .F. ) ;
#313 = FACE_OUTER_BOUND ( 'NONE', #1014, .T. ) ;
#314 = CIRCLE ( 'NONE', #1180, 1.000000000000000888 ) ;
#315 = ADVANCED_FACE ( 'NONE', ( #169 ), #719, .F. ) ;
#316 = ORIENTED_EDGE ( 'NONE', *, *, #737, .F. ) ;
#317 = CARTESIAN_POINT ( 'NONE',  ( 1.202394250006475929, 33.09999999999993747, -31.15150076085446784 ) ) ;
#318 = ORIENTED_EDGE ( 'NONE', *, *, #54, .T. ) ;
#319 = DIRECTION ( 'NONE',  ( -0.000000000000000000, 1.000000000000000000, -0.000000000000000000 ) ) ;
#320 = FACE_OUTER_BOUND ( 'NONE', #219, .T. ) ;
#321 = EDGE_CURVE ( 'NONE', #1367, #1007, #994, .T. ) ;
#322 = VERTEX_POINT ( 'NONE', #473 ) ;
#323 = FACE_OUTER_BOUND ( 'NONE', #1251, .T. ) ;
#324 = CARTESIAN_POINT ( 'NONE',  ( 1.629476217087266976, 33.13791102689661727, -31.33833759682111264 ) ) ;
#325 = ORIENTED_EDGE ( 'NONE', *, *, #730, .T. ) ;
#326 = DIRECTION ( 'NONE',  ( 0.000000000000000000, 0.000000000000000000, 1.000000000000000000 ) ) ;
#327 = FACE_OUTER_BOUND ( 'NONE', #145, .T. ) ;
#328 = ORIENTED_EDGE ( 'NONE', *, *, #939, .F. ) ;
#329 = DIRECTION ( 'NONE',  ( -4.605460555690879840E-16, 0.000000000000000000, -1.000000000000000000 ) ) ;
#330 = ORIENTED_EDGE ( 'NONE', *, *, #668, .F. ) ;
#331 = CARTESIAN_POINT ( 'NONE',  ( 20.00000000000000000, 37.09999999999993747, -48.89999999999668745 ) ) ;
#332 = ORIENTED_EDGE ( 'NONE', *, *, #1392, .T. ) ;
#333 = DIRECTION ( 'NONE',  ( -0.000000000000000000, -1.000000000000000000, 0.000000000000000000 ) ) ;
#334 = DIRECTION ( 'NONE',  ( 1.000000000000000000, 0.000000000000000000, 0.000000000000000000 ) ) ;
#335 = ORIENTED_EDGE ( 'NONE', *, *, #241, .T. ) ;
#336 = AXIS2_PLACEMENT_3D ( 'NONE', #785, #98, #480 ) ;
#337 = CYLINDRICAL_SURFACE ( 'NONE', #453, 1.000000000000000888 ) ;
#338 = ORIENTED_EDGE ( 'NONE', *, *, #1033, .F. ) ;
#339 = DIRECTION ( 'NONE',  ( 0.000000000000000000, 1.000000000000000000, 0.000000000000000000 ) ) ;
#340 = ORIENTED_EDGE ( 'NONE', *, *, #356, .F. ) ;
#341 = CARTESIAN_POINT ( 'NONE',  ( 19.63966282784430817, 35.56514173207518326, -45.87634036390525694 ) ) ;
#342 = EDGE_CURVE ( 'NONE', #257, #1136, #857, .T. ) ;
#343 = CARTESIAN_POINT ( 'NONE',  ( -1.245832002175645714, 33.10000000000185594, -31.24654358537493337 ) ) ;
#344 = EDGE_CURVE ( 'NONE', #878, #115, #1408, .T. ) ;
#345 = ORIENTED_EDGE ( 'NONE', *, *, #107, .T. ) ;
#346 = CARTESIAN_POINT ( 'NONE',  ( -3.975289717836026693, 36.09999999999993747, -33.45607246172080806 ) ) ;
#347 = ORIENTED_EDGE ( 'NONE', *, *, #184, .F. ) ;
#348 = CARTESIAN_POINT ( 'NONE',  ( 1.374569206830356993, 33.09999999999993747, -31.30295204659591590 ) ) ;
#349 = DIRECTION ( 'NONE',  ( -0.000000000000000000, -1.000000000000000000, 0.000000000000000000 ) ) ;
#350 = FACE_OUTER_BOUND ( 'NONE', #551, .T. ) ;
#351 = AXIS2_PLACEMENT_3D ( 'NONE', #1714, #874, #899 ) ;
#352 = ORIENTED_EDGE ( 'NONE', *, *, #1101, .T. ) ;
#353 = CARTESIAN_POINT ( 'NONE',  ( 14.99999999999999645, 33.09999999999993747, -69.74999999999549516 ) ) ;
#354 = VERTEX_POINT ( 'NONE', #1010 ) ;
#355 = CARTESIAN_POINT ( 'NONE',  ( 1.432618068406979805, 33.09999999999993747, -31.61908396342703753 ) ) ;
#356 = EDGE_CURVE ( 'NONE', #913, #675, #1438, .T. ) ;
#357 = LINE ( 'NONE', #1328, #1571 ) ;
#358 = CARTESIAN_POINT ( 'NONE',  ( 18.81576500725699930, 36.51947334257165778, -45.51547481752146496 ) ) ;
#359 = LINE ( 'NONE', #1744, #1303 ) ;
#360 = EDGE_LOOP ( 'NONE', ( #1257, #1222, #1210, #747, #1053 ) ) ;
#361 = DIRECTION ( 'NONE',  ( 0.000000000000000000, 0.000000000000000000, -1.000000000000000000 ) ) ;
#362 = CIRCLE ( 'NONE', #1378, 2.999999999998607780 ) ;
#363 = ORIENTED_EDGE ( 'NONE', *, *, #1197, .F. ) ;
#364 = DIRECTION ( 'NONE',  ( 0.000000000000000000, 1.000000000000000000, -0.000000000000000000 ) ) ;
#365 = VECTOR ( 'NONE', #121, 1000.000000000000000 ) ;
#366 = EDGE_CURVE ( 'NONE', #91, #196, #589, .T. ) ;
#367 = EDGE_CURVE ( 'NONE', #1156, #1361, #1692, .T. ) ;
#368 = AXIS2_PLACEMENT_3D ( 'NONE', #201, #757, #33 ) ;
#369 = DIRECTION ( 'NONE',  ( 0.000000000000000000, 1.000000000000000000, 0.000000000000000000 ) ) ;
#370 =( NAMED_UNIT ( * ) SI_UNIT ( $, .STERADIAN. ) SOLID_ANGLE_UNIT ( ) );
#371 =( NAMED_UNIT ( * ) SI_UNIT ( $, .STERADIAN. ) SOLID_ANGLE_UNIT ( ) );
#372 = ORIENTED_EDGE ( 'NONE', *, *, #845, .T. ) ;
#373 = CYLINDRICAL_SURFACE ( 'NONE', #1751, 1.750000000000001554 ) ;
#374 = EDGE_CURVE ( 'NONE', #1536, #265, #1494, .T. ) ;
#375 = ORIENTED_EDGE ( 'NONE', *, *, #873, .F. ) ;
#376 = CARTESIAN_POINT ( 'NONE',  ( -20.00000000000000000, 39.09999999999993747, -46.89999999999668745 ) ) ;
#377 = DIRECTION ( 'NONE',  ( 0.000000000000000000, 0.000000000000000000, -1.000000000000000000 ) ) ;
#378 = FACE_OUTER_BOUND ( 'NONE', #246, .T. ) ;
#379 = ORIENTED_EDGE ( 'NONE', *, *, #155, .T. ) ;
#380 = CARTESIAN_POINT ( 'NONE',  ( -19.27559389589684713, 36.01277654712468745, -45.77376609965713783 ) ) ;
#381 = ORIENTED_EDGE ( 'NONE', *, *, #1542, .F. ) ;
#382 = CARTESIAN_POINT ( 'NONE',  ( 2.431049838984270295, 33.46363636364080207, -31.68900442626661729 ) ) ;
#383 = DIRECTION ( 'NONE',  ( 0.000000000000000000, 1.000000000000000000, 0.000000000000000000 ) ) ;
#384 = CARTESIAN_POINT ( 'NONE',  ( 20.00000000000000000, 35.09999999999993747, -48.89999999999668745 ) ) ;
#385 = DIRECTION ( 'NONE',  ( -0.000000000000000000, 1.000000000000000000, -0.000000000000000000 ) ) ;
#386 = ORIENTED_EDGE ( 'NONE', *, *, #342, .F. ) ;
#387 = DIRECTION ( 'NONE',  ( 0.000000000000000000, 0.000000000000000000, -1.000000000000000000 ) ) ;
#388 = ORIENTED_EDGE ( 'NONE', *, *, #1338, .F. ) ;
#389 = APPLICATION_CONTEXT ( 'automotive_design' ) ;
#390 = DIRECTION ( 'NONE',  ( -0.000000000000000000, -1.000000000000000000, 0.000000000000000000 ) ) ;
#391 = CARTESIAN_POINT ( 'NONE',  ( 18.81575529966979232, 36.51948321323472868, -52.28453233634853348 ) ) ;
#392 = CIRCLE ( 'NONE', #852, 2.000000000000001776 ) ;
#393 = LINE ( 'NONE', #562, #543 ) ;
#394 = VECTOR ( 'NONE', #1669, 1000.000000000000000 ) ;
#395 = CIRCLE ( 'NONE', #1024, 2.000000000000001776 ) ;
#396 = EDGE_CURVE ( 'NONE', #1009, #1268, #1179, .T. ) ;
#397 = CARTESIAN_POINT ( 'NONE',  ( -15.00000000000000355, 39.09999999999993747, -71.49999999999549516 ) ) ;
#398 = CIRCLE ( 'NONE', #224, 1.750000000000001554 ) ;
#399 = CARTESIAN_POINT ( 'NONE',  ( -15.00000000000000355, 33.09999999999993747, -73.24999999999549516 ) ) ;
#400 = VERTEX_POINT ( 'NONE', #1567 ) ;
#401 = CARTESIAN_POINT ( 'NONE',  ( 3.588948926189330377E-12, 33.46363636363629723, -37.18610784159661620 ) ) ;
#402 = EDGE_CURVE ( 'NONE', #606, #1305, #1056, .T. ) ;
#403 = VERTEX_POINT ( 'NONE', #1450 ) ;
#404 = DIRECTION ( 'NONE',  ( 8.881784197001277961E-16, 0.000000000000000000, 1.000000000000000000 ) ) ;
#405 = CARTESIAN_POINT ( 'NONE',  ( 19.63964553150043102, 35.56516362365818651, -51.92366291920271948 ) ) ;
#406 = FACE_OUTER_BOUND ( 'NONE', #871, .T. ) ;
#407 = VERTEX_POINT ( 'NONE', #1045 ) ;
#408 = DIRECTION ( 'NONE',  ( 0.000000000000000000, 0.000000000000000000, 1.000000000000000000 ) ) ;
#409 = B_SPLINE_CURVE_WITH_KNOTS ( 'NONE', 3,
 ( #700, #1078, #1240, #819, #1262, #1524, #838, #1506, #1667, #962, #261, #270, #1247, #147 ),
 .UNSPECIFIED., .F., .F.,
 ( 4, 2, 2, 2, 2, 2, 4 ),
 ( 0.000000000000000000, 0.0004386351587827774443, 0.0008772703175655548885, 0.001315905476348332333, 0.001754540635131109777, 0.002631810952696693722, 0.003509081270262277234 ),
 .UNSPECIFIED. ) ;
#410 = EDGE_CURVE ( 'NONE', #403, #816, #1237, .T. ) ;
#411 = ORIENTED_EDGE ( 'NONE', *, *, #1458, .F. ) ;
#412 = DIRECTION ( 'NONE',  ( 0.000000000000000000, 1.000000000000000000, -0.000000000000000000 ) ) ;
#413 = CARTESIAN_POINT ( 'NONE',  ( -16.80159616666864508, 39.09999999999993747, -37.97573066134749098 ) ) ;
#414 = CARTESIAN_POINT ( 'NONE',  ( 17.99999999999999289, 39.09999999999993747, -53.89999999999668745 ) ) ;
#415 = DIRECTION ( 'NONE',  ( 0.000000000000000000, 0.000000000000000000, 1.000000000000000000 ) ) ;
#416 = CARTESIAN_POINT ( 'NONE',  ( -9.360698050562897166, 37.00126358436550333, -34.72053852512592442 ) ) ;
#417 = ORIENTED_EDGE ( 'NONE', *, *, #1707, .T. ) ;
#418 = FACE_OUTER_BOUND ( 'NONE', #535, .T. ) ;
#419 = ADVANCED_FACE ( 'NONE', ( #1579 ), #1574, .F. ) ;
#420 = CARTESIAN_POINT ( 'NONE',  ( 19.99999999999999645, 37.09999999999993747, -43.89999999999946567 ) ) ;
#421 = ADVANCED_FACE ( 'NONE', ( #1483 ), #1760, .T. ) ;
#422 = TOROIDAL_SURFACE ( 'NONE', #279, 10.99999999999980993, 10.00000000000000000 ) ;
#423 = AXIS2_PLACEMENT_3D ( 'NONE', #657, #558, #959 ) ;
#424 = CARTESIAN_POINT ( 'NONE',  ( -18.00000000000000355, 37.09999999999993747, -74.49999999999549516 ) ) ;
#425 = AXIS2_PLACEMENT_3D ( 'NONE', #1225, #561, #428 ) ;
#426 = CYLINDRICAL_SURFACE ( 'NONE', #885, 2.999999999998607780 ) ;
#427 = ORIENTED_EDGE ( 'NONE', *, *, #560, .F. ) ;
#428 = DIRECTION ( 'NONE',  ( 0.000000000000000000, 0.000000000000000000, 1.000000000000000000 ) ) ;
#429 = LINE ( 'NONE', #1657, #799 ) ;
#430 = ADVANCED_FACE ( 'NONE', ( #641 ), #522, .T. ) ;
#431 = CARTESIAN_POINT ( 'NONE',  ( -1.202394249999297449, 33.09999999999993747, -31.15150076085446784 ) ) ;
#432 = DIRECTION ( 'NONE',  ( -0.000000000000000000, 1.000000000000000000, -0.000000000000000000 ) ) ;
#433 = VERTEX_POINT ( 'NONE', #1719 ) ;
#434 = DIRECTION ( 'NONE',  ( 0.000000000000000000, 0.000000000000000000, 1.000000000000000000 ) ) ;
#435 = DIRECTION ( 'NONE',  ( -0.000000000000000000, -1.000000000000000000, 0.000000000000000000 ) ) ;
#436 = VERTEX_POINT ( 'NONE', #1457 ) ;
#437 = LINE ( 'NONE', #23, #1461 ) ;
#438 = CARTESIAN_POINT ( 'NONE',  ( 3.589193855549159494E-12, 36.09999999999993747, -31.89999999999569624 ) ) ;
#439 = EDGE_CURVE ( 'NONE', #1268, #1009, #450, .T. ) ;
#440 = VERTEX_POINT ( 'NONE', #1172 ) ;
#441 = CARTESIAN_POINT ( 'NONE',  ( -1.202394249999297449, 33.09999999999993747, -31.15150076085446784 ) ) ;
#442 = EDGE_LOOP ( 'NONE', ( #1401, #55, #1359, #182, #499 ) ) ;
#443 = DIRECTION ( 'NONE',  ( 0.7397961223886929671, 0.000000000000000000, -0.6728311060724333492 ) ) ;
#444 = ORIENTED_EDGE ( 'NONE', *, *, #1647, .T. ) ;
#445 = CARTESIAN_POINT ( 'NONE',  ( -18.00000000000000355, 39.09999999999993747, -39.80806348744163614 ) ) ;
#446 = VECTOR ( 'NONE', #1393, 1000.000000000000000 ) ;
#447 = AXIS2_PLACEMENT_3D ( 'NONE', #1223, #1775, #408 ) ;
#448 = CARTESIAN_POINT ( 'NONE',  ( 14.99999999999999645, 37.09999999999993747, -71.49999999999549516 ) ) ;
#449 = B_SPLINE_CURVE_WITH_KNOTS ( 'NONE', 3,
 ( #676, #1231, #416, #1275, #173, #162, #44, #715, #291, #1676, #1400, #1412 ),
 .UNSPECIFIED., .F., .F.,
 ( 4, 2, 2, 2, 2, 4 ),
 ( 1.734723475976807094E-18, 0.002506266286120827167, 0.005012532572241652599, 0.007518798858362479333, 0.008771932001422892700, 0.01002506514448330520 ),
 .UNSPECIFIED. ) ;
#450 = CIRCLE ( 'NONE', #594, 1.999999999999807487 ) ;
#451 = ORIENTED_EDGE ( 'NONE', *, *, #1451, .F. ) ;
#452 = CARTESIAN_POINT ( 'NONE',  ( -2.239216538610243390, 33.36005256753488624, -31.60508253389566491 ) ) ;
#453 = AXIS2_PLACEMENT_3D ( 'NONE', #1035, #80, #520 ) ;
#454 = VECTOR ( 'NONE', #1357, 1000.000000000000000 ) ;
#455 = VERTEX_POINT ( 'NONE', #376 ) ;
#456 = CARTESIAN_POINT ( 'NONE',  ( 0.000000000000000000, 37.09999999999993747, -74.49999999999549516 ) ) ;
#457 = ORIENTED_EDGE ( 'NONE', *, *, #225, .T. ) ;
#458 = DIRECTION ( 'NONE',  ( 0.000000000000000000, -1.000000000000000000, 0.000000000000000000 ) ) ;
#459 = ADVANCED_FACE ( 'NONE', ( #928 ), #1649, .T. ) ;
#460 = CIRCLE ( 'NONE', #837, 1.750000000000001554 ) ;
#461 = FACE_OUTER_BOUND ( 'NONE', #1718, .T. ) ;
#462 = ORIENTED_EDGE ( 'NONE', *, *, #1614, .T. ) ;
#463 = CARTESIAN_POINT ( 'NONE',  ( -20.00000000000000000, 33.09999999999993747, -48.89999999999668745 ) ) ;
#464 = DIRECTION ( 'NONE',  ( -0.9161664130470700274, 0.000000000000000000, 0.4007980833343210980 ) ) ;
#465 = ORIENTED_EDGE ( 'NONE', *, *, #107, .F. ) ;
#466 = CARTESIAN_POINT ( 'NONE',  ( 18.23239103313402154, 37.02030743614133002, -44.84671479795832738 ) ) ;
#467 = CARTESIAN_POINT ( 'NONE',  ( -1.458397646850251306, 33.11380599766216193, -31.26349533445005946 ) ) ;
#468 = ORIENTED_EDGE ( 'NONE', *, *, #275, .T. ) ;
#469 = FACE_OUTER_BOUND ( 'NONE', #581, .T. ) ;
#470 = ORIENTED_EDGE ( 'NONE', *, *, #170, .T. ) ;
#471 = EDGE_CURVE ( 'NONE', #265, #1536, #1665, .T. ) ;
#472 = ADVANCED_FACE ( 'NONE', ( #247, #623 ), #1184, .F. ) ;
#473 = CARTESIAN_POINT ( 'NONE',  ( -3.975289717836026693, 39.09999999999993747, -32.45607246172080806 ) ) ;
#474 = ORIENTED_EDGE ( 'NONE', *, *, #1647, .F. ) ;
#475 = CARTESIAN_POINT ( 'NONE',  ( 19.09307023623778221, 36.22627195777911879, -45.69615256031863026 ) ) ;
#476 = CARTESIAN_POINT ( 'NONE',  ( -1.202394250000473619, 33.10000000000185594, -31.15150076085183883 ) ) ;
#477 = VERTEX_POINT ( 'NONE', #504 ) ;
#478 = AXIS2_PLACEMENT_3D ( 'NONE', #384, #802, #1 ) ;
#479 = VECTOR ( 'NONE', #1738, 1000.000000000000000 ) ;
#480 = DIRECTION ( 'NONE',  ( 0.000000000000000000, 0.000000000000000000, 1.000000000000000000 ) ) ;
#481 = VERTEX_POINT ( 'NONE', #1337 ) ;
#482 = CARTESIAN_POINT ( 'NONE',  ( 0.000000000000000000, 39.09999999999993747, -74.49999999999549516 ) ) ;
#483 = VECTOR ( 'NONE', #1002, 1000.000000000000000 ) ;
#484 = CIRCLE ( 'NONE', #1121, 1.000000000000000888 ) ;
#485 = EDGE_CURVE ( 'NONE', #847, #1413, #1106, .T. ) ;
#486 = ORIENTED_EDGE ( 'NONE', *, *, #668, .T. ) ;
#487 = LINE ( 'NONE', #496, #1313 ) ;
#488 = ADVANCED_FACE ( 'NONE', ( #1656 ), #1512, .F. ) ;
#489 = CARTESIAN_POINT ( 'NONE',  ( 3.975289717843576209, 36.09999999999993747, -32.45607246172411919 ) ) ;
#490 = VERTEX_POINT ( 'NONE', #16 ) ;
#491 = ADVANCED_FACE ( 'NONE', ( #418 ), #1496, .T. ) ;
#492 = LINE ( 'NONE', #199, #686 ) ;
#493 = ORIENTED_EDGE ( 'NONE', *, *, #627, .F. ) ;
#494 = CARTESIAN_POINT ( 'NONE',  ( -15.00000000000000355, 37.09999999999993747, -41.49999999999550226 ) ) ;
#495 = ORIENTED_EDGE ( 'NONE', *, *, #533, .T. ) ;
#496 = CARTESIAN_POINT ( 'NONE',  ( 18.00000000000000000, 37.09999999999993747, -0.000000000000000000 ) ) ;
#497 = CARTESIAN_POINT ( 'NONE',  ( -20.00000000000000000, 39.09999999999993747, -50.89999999999668745 ) ) ;
#498 = DIRECTION ( 'NONE',  ( 0.000000000000000000, 1.000000000000000000, -0.000000000000000000 ) ) ;
#499 = ORIENTED_EDGE ( 'NONE', *, *, #1516, .F. ) ;
#500 = DIRECTION ( 'NONE',  ( -0.000000000000000000, -1.000000000000000000, -0.000000000000000000 ) ) ;
#501 = ADVANCED_FACE ( 'NONE', ( #966 ), #826, .T. ) ;
#502 = EDGE_CURVE ( 'NONE', #878, #705, #684, .T. ) ;
#503 = ORIENTED_EDGE ( 'NONE', *, *, #1375, .F. ) ;
#504 = CARTESIAN_POINT ( 'NONE',  ( -15.00000000000000355, 39.09999999999993747, -39.74999999999549516 ) ) ;
#505 = CARTESIAN_POINT ( 'NONE',  ( -20.00000000000000000, 39.09999999999993747, -51.89999999999529479 ) ) ;
#506 = ADVANCED_FACE ( 'NONE', ( #136 ), #1693, .T. ) ;
#507 = FACE_OUTER_BOUND ( 'NONE', #105, .T. ) ;
#508 = EDGE_LOOP ( 'NONE', ( #1389, #186 ) ) ;
#509 = CARTESIAN_POINT ( 'NONE',  ( 14.99999999999999645, 39.09999999999993747, -41.49999999999550226 ) ) ;
#510 = AXIS2_PLACEMENT_3D ( 'NONE', #50, #728, #1525 ) ;
#511 = AXIS2_PLACEMENT_3D ( 'NONE', #1026, #619, #1196 ) ;
#512 = ORIENTED_EDGE ( 'NONE', *, *, #1645, .T. ) ;
#513 = CARTESIAN_POINT ( 'NONE',  ( 2.040694417765822610, 33.09999999999993747, -31.80598850472362571 ) ) ;
#514 = CIRCLE ( 'NONE', #27, 1.999999999997226219 ) ;
#515 = AXIS2_PLACEMENT_3D ( 'NONE', #781, #364, #1037 ) ;
#516 = DIRECTION ( 'NONE',  ( -0.000000000000000000, -1.000000000000000000, 0.000000000000000000 ) ) ;
#517 = CARTESIAN_POINT ( 'NONE',  ( -15.00000000000000355, 37.09999999999993747, -73.24999999999549516 ) ) ;
#518 = DIRECTION ( 'NONE',  ( 0.000000000000000000, -1.000000000000000000, 0.000000000000000000 ) ) ;
#519 = ORIENTED_EDGE ( 'NONE', *, *, #873, .T. ) ;
#520 = DIRECTION ( 'NONE',  ( 0.000000000000000000, 0.000000000000000000, 1.000000000000000000 ) ) ;
#521 = VERTEX_POINT ( 'NONE', #1089 ) ;
#522 = CYLINDRICAL_SURFACE ( 'NONE', #1294, 2.999999999997220002 ) ;
#523 = CYLINDRICAL_SURFACE ( 'NONE', #1086, 2.999999999999808153 ) ;
#524 = LINE ( 'NONE', #1431, #1285 ) ;
#525 = VERTEX_POINT ( 'NONE', #1639 ) ;
#526 = LINE ( 'NONE', #794, #191 ) ;
#527 = VERTEX_POINT ( 'NONE', #1245 ) ;
#528 = DIRECTION ( 'NONE',  ( -0.000000000000000000, 1.000000000000000000, -0.000000000000000000 ) ) ;
#529 = DIRECTION ( 'NONE',  ( 0.000000000000000000, -1.000000000000000000, 0.000000000000000000 ) ) ;
#530 = CARTESIAN_POINT ( 'NONE',  ( 20.00000000000000000, 35.09999999999993747, -51.89999999999390923 ) ) ;
#531 = AXIS2_PLACEMENT_3D ( 'NONE', #1072, #415, #972 ) ;
#532 = DIRECTION ( 'NONE',  ( 0.4007980833343210980, -0.000000000000000000, 0.9161664130470700274 ) ) ;
#533 = EDGE_CURVE ( 'NONE', #28, #244, #395, .T. ) ;
#534 = CARTESIAN_POINT ( 'NONE',  ( -10.89818820389008991, 37.09999999999993747, -35.39314897866725573 ) ) ;
#535 = EDGE_LOOP ( 'NONE', ( #1214, #649, #1018, #330 ) ) ;
#536 = DIRECTION ( 'NONE',  ( -0.000000000000000000, -1.000000000000000000, -0.000000000000000000 ) ) ;
#537 = ORIENTED_EDGE ( 'NONE', *, *, #1249, .T. ) ;
#538 = CARTESIAN_POINT ( 'NONE',  ( -19.99999999999999289, 39.09999999999993747, -53.89999999999668745 ) ) ;
#539 = CARTESIAN_POINT ( 'NONE',  ( 18.11505894287052243, 37.08431113890981834, -53.21610878825998014 ) ) ;
#540 = AXIS2_PLACEMENT_3D ( 'NONE', #64, #1715, #90 ) ;
#541 = PRODUCT_DEFINITION ( 'UNKNOWN', '', #1029, #926 ) ;
#542 = CARTESIAN_POINT ( 'NONE',  ( -20.00000000000000000, 39.09999999999993747, -48.89999999999668745 ) ) ;
#543 = VECTOR ( 'NONE', #1107, 1000.000000000000000 ) ;
#544 = PRESENTATION_LAYER_ASSIGNMENT (  '', '', ( #1116 ) ) ;
#545 = AXIS2_PLACEMENT_3D ( 'NONE', #68, #605, #890 ) ;
#546 = CARTESIAN_POINT ( 'NONE',  ( 2.981467288383579106, 36.09999999999993747, -33.56705434629196816 ) ) ;
#547 = VECTOR ( 'NONE', #1709, 1000.000000000000000 ) ;
#548 = ORIENTED_EDGE ( 'NONE', *, *, #742, .F. ) ;
#549 = CARTESIAN_POINT ( 'NONE',  ( 1.860379088251337576, 33.09999999999993747, -32.20801908557567117 ) ) ;
#550 = EDGE_CURVE ( 'NONE', #608, #1036, #916, .T. ) ;
#551 = EDGE_LOOP ( 'NONE', ( #907, #79, #1475, #1619 ) ) ;
#552 = CARTESIAN_POINT ( 'NONE',  ( 3.588948926189330377E-12, 34.09999999999993747, -33.89999999999550084 ) ) ;
#553 = DIRECTION ( 'NONE',  ( -0.000000000000000000, 1.000000000000000000, -0.000000000000000000 ) ) ;
#554 = DIRECTION ( 'NONE',  ( 0.000000000000000000, 0.000000000000000000, 1.000000000000000000 ) ) ;
#555 = CARTESIAN_POINT ( 'NONE',  ( -1.860379088233211187, 33.09999999999993747, -32.20801908556362747 ) ) ;
#556 = EDGE_CURVE ( 'NONE', #1007, #1367, #1264, .T. ) ;
#557 = VERTEX_POINT ( 'NONE', #151 ) ;
#558 = DIRECTION ( 'NONE',  ( 0.000000000000000000, 1.000000000000000000, -0.000000000000000000 ) ) ;
#559 = ORIENTED_EDGE ( 'NONE', *, *, #1000, .F. ) ;
#560 = EDGE_CURVE ( 'NONE', #1136, #806, #621, .T. ) ;
#561 = DIRECTION ( 'NONE',  ( -0.000000000000000000, 1.000000000000000000, -0.000000000000000000 ) ) ;
#562 = CARTESIAN_POINT ( 'NONE',  ( 2.981467288383579550, 36.09999999999993747, -33.56705434629196816 ) ) ;
#563 = LINE ( 'NONE', #1537, #446 ) ;
#564 = EDGE_CURVE ( 'NONE', #238, #1724, #1633, .T. ) ;
#565 = DIRECTION ( 'NONE',  ( 0.000000000000000000, 0.000000000000000000, 1.000000000000000000 ) ) ;
#566 = ADVANCED_FACE ( 'NONE', ( #1112 ), #1235, .T. ) ;
#567 = EDGE_LOOP ( 'NONE', ( #69, #1027, #1713, #363 ) ) ;
#568 = DIRECTION ( 'NONE',  ( -0.000000000000000000, -1.000000000000000000, -0.000000000000000000 ) ) ;
#569 = CARTESIAN_POINT ( 'NONE',  ( 14.99999999999999645, 33.09999999999993747, -73.24999999999549516 ) ) ;
#570 = CARTESIAN_POINT ( 'NONE',  ( 20.00000000000000000, 39.09999999999993747, -51.89999999999668745 ) ) ;
#571 = AXIS2_PLACEMENT_3D ( 'NONE', #331, #726, #1017 ) ;
#572 = DIRECTION ( 'NONE',  ( 0.000000000000000000, 0.000000000000000000, 1.000000000000000000 ) ) ;
#573 = EDGE_LOOP ( 'NONE', ( #20, #142 ) ) ;
#574 = FACE_OUTER_BOUND ( 'NONE', #1646, .T. ) ;
#575 = ORIENTED_EDGE ( 'NONE', *, *, #1614, .F. ) ;
#576 = DIRECTION ( 'NONE',  ( 0.000000000000000000, 1.000000000000000000, -0.000000000000000000 ) ) ;
#577 = FACE_OUTER_BOUND ( 'NONE', #1643, .T. ) ;
#578 = DIRECTION ( 'NONE',  ( 0.000000000000000000, 0.000000000000000000, -1.000000000000000000 ) ) ;
#579 = VERTEX_POINT ( 'NONE', #1529 ) ;
#580 = LINE ( 'NONE', #998, #858 ) ;
#581 = EDGE_LOOP ( 'NONE', ( #1638, #1153, #793, #1566 ) ) ;
#582 = DIRECTION ( 'NONE',  ( 0.000000000000000000, 1.000000000000000000, -0.000000000000000000 ) ) ;
#583 = ORIENTED_EDGE ( 'NONE', *, *, #1128, .F. ) ;
#584 = CARTESIAN_POINT ( 'NONE',  ( -2.981467288376123292, 36.09999999999993747, -33.56705434628948126 ) ) ;
#585 = EDGE_CURVE ( 'NONE', #265, #477, #797, .T. ) ;
#586 = LINE ( 'NONE', #1538, #394 ) ;
#587 = ORIENTED_EDGE ( 'NONE', *, *, #688, .F. ) ;
#588 = DIRECTION ( 'NONE',  ( 0.000000000000000000, -1.000000000000000000, 0.000000000000000000 ) ) ;
#589 = LINE ( 'NONE', #597, #652 ) ;
#590 = ORIENTED_EDGE ( 'NONE', *, *, #1197, .T. ) ;
#591 = DIRECTION ( 'NONE',  ( 0.000000000000000000, 0.000000000000000000, 1.000000000000000000 ) ) ;
#592 = CIRCLE ( 'NONE', #1598, 1.000000000000000888 ) ;
#593 = CARTESIAN_POINT ( 'NONE',  ( 3.975289717843576209, 36.09999999999993747, -33.45607246172411919 ) ) ;
#594 = AXIS2_PLACEMENT_3D ( 'NONE', #1606, #612, #109 ) ;
#595 = ORIENTED_EDGE ( 'NONE', *, *, #410, .T. ) ;
#596 = DIRECTION ( 'NONE',  ( 1.535153518563626696E-16, 0.000000000000000000, -1.000000000000000000 ) ) ;
#597 = CARTESIAN_POINT ( 'NONE',  ( 18.00000000000000000, 39.09999999999993747, -43.89999999999946567 ) ) ;
#598 = VERTEX_POINT ( 'NONE', #1076 ) ;
#599 = CARTESIAN_POINT ( 'NONE',  ( 18.54765002941478258, 36.77577167280428938, -45.28030969970837560 ) ) ;
#600 = DIRECTION ( 'NONE',  ( -0.000000000000000000, 1.000000000000000000, -0.000000000000000000 ) ) ;
#601 = ADVANCED_FACE ( 'NONE', ( #1371, #945 ), #258, .T. ) ;
#602 = EDGE_LOOP ( 'NONE', ( #1199, #690 ) ) ;
#603 = CARTESIAN_POINT ( 'NONE',  ( 3.975289717843576209, 36.09999999999993747, -33.45607246172411919 ) ) ;
#604 = CARTESIAN_POINT ( 'NONE',  ( 19.99999999999998934, 37.09999999999993747, -53.89999999999668745 ) ) ;
#605 = DIRECTION ( 'NONE',  ( 0.000000000000000000, 1.000000000000000000, 0.000000000000000000 ) ) ;
#606 = VERTEX_POINT ( 'NONE', #1648 ) ;
#607 = CARTESIAN_POINT ( 'NONE',  ( -15.00000000000000355, 39.09999999999993747, -71.49999999999549516 ) ) ;
#608 = VERTEX_POINT ( 'NONE', #961 ) ;
#609 = CARTESIAN_POINT ( 'NONE',  ( 14.99999999999999645, 33.09999999999993747, -43.24999999999550226 ) ) ;
#610 = ADVANCED_FACE ( 'NONE', ( #1277 ), #717, .F. ) ;
#611 = VERTEX_POINT ( 'NONE', #47 ) ;
#612 = DIRECTION ( 'NONE',  ( 0.000000000000000000, 1.000000000000000000, 0.000000000000000000 ) ) ;
#613 = VERTEX_POINT ( 'NONE', #1258 ) ;
#614 = CARTESIAN_POINT ( 'NONE',  ( 14.99999999999999645, 33.09999999999993747, -39.74999999999549516 ) ) ;
#615 = PRESENTATION_STYLE_ASSIGNMENT (( #1582 ) ) ;
#616 = AXIS2_PLACEMENT_3D ( 'NONE', #113, #262, #252 ) ;
#617 = ORIENTED_EDGE ( 'NONE', *, *, #1006, .T. ) ;
#618 = CIRCLE ( 'NONE', #651, 1.999999999997226219 ) ;
#619 = DIRECTION ( 'NONE',  ( -0.000000000000000000, 1.000000000000000000, 0.000000000000000000 ) ) ;
#620 = VECTOR ( 'NONE', #661, 1000.000000000000000 ) ;
#621 = CIRCLE ( 'NONE', #947, 4.999999999998610001 ) ;
#622 = ORIENTED_EDGE ( 'NONE', *, *, #374, .F. ) ;
#623 = FACE_BOUND ( 'NONE', #1094, .T. ) ;
#624 = AXIS2_PLACEMENT_3D ( 'NONE', #732, #1284, #596 ) ;
#625 = LINE ( 'NONE', #1749, #1463 ) ;
#626 = LINE ( 'NONE', #614, #935 ) ;
#627 = EDGE_CURVE ( 'NONE', #407, #400, #1269, .T. ) ;
#628 = CARTESIAN_POINT ( 'NONE',  ( -1.202394250000452303, 36.09999999999993747, -31.15150076085182818 ) ) ;
#629 = EDGE_LOOP ( 'NONE', ( #1063, #1309 ) ) ;
#630 = LINE ( 'NONE', #1189, #218 ) ;
#631 = ORIENTED_EDGE ( 'NONE', *, *, #1684, .T. ) ;
#632 = CARTESIAN_POINT ( 'NONE',  ( 1.625220579911664576, 33.09999999999993747, -31.51219293285665302 ) ) ;
#633 = CARTESIAN_POINT ( 'NONE',  ( 3.588948926189330377E-12, 33.09999999999993747, -33.89999999999550084 ) ) ;
#634 = CIRCLE ( 'NONE', #811, 10.99999999999980815 ) ;
#635 = FACE_OUTER_BOUND ( 'NONE', #1335, .T. ) ;
#636 = VECTOR ( 'NONE', #1778, 1000.000000000000000 ) ;
#637 = AXIS2_PLACEMENT_3D ( 'NONE', #124, #114, #1754 ) ;
#638 = ORIENTED_EDGE ( 'NONE', *, *, #1229, .F. ) ;
#639 = CARTESIAN_POINT ( 'NONE',  ( 20.00000000000000000, 39.09999999999993747, -46.89999999999946567 ) ) ;
#640 = ORIENTED_EDGE ( 'NONE', *, *, #1459, .T. ) ;
#641 = FACE_OUTER_BOUND ( 'NONE', #985, .T. ) ;
#642 = CARTESIAN_POINT ( 'NONE',  ( -2.431049838963998511, 33.46363636363629723, -31.68900442625774261 ) ) ;
#643 = LINE ( 'NONE', #1093, #768 ) ;
#644 = FACE_BOUND ( 'NONE', #1503, .T. ) ;
#645 = ORIENTED_EDGE ( 'NONE', *, *, #295, .F. ) ;
#646 = LINE ( 'NONE', #1208, #943 ) ;
#647 = CIRCLE ( 'NONE', #1050, 3.286107841601111801 ) ;
#648 = CIRCLE ( 'NONE', #1434, 2.999999999999995559 ) ;
#649 = ORIENTED_EDGE ( 'NONE', *, *, #810, .F. ) ;
#650 = CARTESIAN_POINT ( 'NONE',  ( 1.542498942657602790, 33.09999999999992326, -31.44511078262344128 ) ) ;
#651 = AXIS2_PLACEMENT_3D ( 'NONE', #1365, #1398, #829 ) ;
#652 = VECTOR ( 'NONE', #880, 1000.000000000000000 ) ;
#653 = DIRECTION ( 'NONE',  ( 0.000000000000000000, 1.000000000000000000, -0.000000000000000000 ) ) ;
#654 = PLANE ( 'NONE',  #1402 ) ;
#655 =( LENGTH_UNIT ( ) NAMED_UNIT ( * ) SI_UNIT ( .MILLI., .METRE. ) );
#656 = ORIENTED_EDGE ( 'NONE', *, *, #1615, .F. ) ;
#657 = CARTESIAN_POINT ( 'NONE',  ( -19.99999999999999289, 37.09999999999993747, -53.89999999999668745 ) ) ;
#658 = EDGE_CURVE ( 'NONE', #400, #1716, #580, .T. ) ;
#659 = ORIENTED_EDGE ( 'NONE', *, *, #1256, .F. ) ;
#660 = DIRECTION ( 'NONE',  ( -0.000000000000000000, -1.000000000000000000, -0.000000000000000000 ) ) ;
#661 = DIRECTION ( 'NONE',  ( 0.000000000000000000, -1.000000000000000000, 0.000000000000000000 ) ) ;
#662 = ADVANCED_FACE ( 'NONE', ( #1403, #1541, #1142, #158, #313 ), #183, .F. ) ;
#663 = ORIENTED_EDGE ( 'NONE', *, *, #779, .F. ) ;
#664 = CARTESIAN_POINT ( 'NONE',  ( 17.99999999999999289, 37.09999999999993747, -53.89999999999668745 ) ) ;
#665 = FACE_BOUND ( 'NONE', #1432, .T. ) ;
#666 = ORIENTED_EDGE ( 'NONE', *, *, #556, .F. ) ;
#667 = DIRECTION ( 'NONE',  ( -0.000000000000000000, -1.000000000000000000, 0.000000000000000000 ) ) ;
#668 = EDGE_CURVE ( 'NONE', #322, #72, #314, .T. ) ;
#669 = ORIENTED_EDGE ( 'NONE', *, *, #205, .T. ) ;
#670 = CARTESIAN_POINT ( 'NONE',  ( -20.00000000000000000, 33.09999999999993747, -48.89999999999668745 ) ) ;
#671 = CARTESIAN_POINT ( 'NONE',  ( 19.27559389589946548, 36.01277654712864518, -52.02623390033781448 ) ) ;
#672 = DIRECTION ( 'NONE',  ( 0.000000000000000000, 0.000000000000000000, 1.000000000000000000 ) ) ;
#673 = DIRECTION ( 'NONE',  ( -0.000000000000000000, 1.000000000000000000, -0.000000000000000000 ) ) ;
#674 = EDGE_CURVE ( 'NONE', #436, #1307, #144, .T. ) ;
#675 = VERTEX_POINT ( 'NONE', #1124 ) ;
#676 = CARTESIAN_POINT ( 'NONE',  ( -10.89818820389008991, 37.09999999999993747, -35.39314897866725573 ) ) ;
#677 = ORIENTED_EDGE ( 'NONE', *, *, #485, .F. ) ;
#678 = DIRECTION ( 'NONE',  ( 0.000000000000000000, 0.000000000000000000, -1.000000000000000000 ) ) ;
#679 = PRODUCT_DEFINITION_SHAPE ( 'NONE', 'NONE',  #541 ) ;
#680 = CARTESIAN_POINT ( 'NONE',  ( 19.82025882154881202, 35.33204449600690822, -51.89999999999530189 ) ) ;
#681 = VECTOR ( 'NONE', #1668, 1000.000000000000000 ) ;
#682 = DIRECTION ( 'NONE',  ( 0.000000000000000000, 0.000000000000000000, 1.000000000000000000 ) ) ;
#683 = AXIS2_PLACEMENT_3D ( 'NONE', #542, #138, #682 ) ;
#684 = CIRCLE ( 'NONE', #714, 2.514718625761240389 ) ;
#685 = FACE_OUTER_BOUND ( 'NONE', #1326, .T. ) ;
#686 = VECTOR ( 'NONE', #1054, 1000.000000000000000 ) ;
#687 = CIRCLE ( 'NONE', #1660, 1.000000000000000888 ) ;
#688 = EDGE_CURVE ( 'NONE', #455, #1367, #706, .T. ) ;
#689 = EDGE_CURVE ( 'NONE', #115, #1361, #702, .T. ) ;
#690 = ORIENTED_EDGE ( 'NONE', *, *, #1256, .T. ) ;
#691 = CARTESIAN_POINT ( 'NONE',  ( 20.00000000000000000, 35.09999999999993747, -48.89999999999668745 ) ) ;
#692 = EDGE_LOOP ( 'NONE', ( #1422, #1195 ) ) ;
#693 = CARTESIAN_POINT ( 'NONE',  ( 3.588948926189330377E-12, 33.09999999999993747, -33.89999999999550084 ) ) ;
#694 = DIRECTION ( 'NONE',  ( 0.9161664130470701384, 0.000000000000000000, 0.4007980833343209315 ) ) ;
#695 = ADVANCED_FACE ( 'NONE', ( #1552, #323 ), #29, .F. ) ;
#696 = LINE ( 'NONE', #971, #681 ) ;
#697 = DIRECTION ( 'NONE',  ( -0.000000000000000000, -1.000000000000000000, -0.000000000000000000 ) ) ;
#698 = EDGE_LOOP ( 'NONE', ( #444, #860, #638, #1679 ) ) ;
#699 = CARTESIAN_POINT ( 'NONE',  ( -18.00000000000000355, 39.09999999999993747, -74.49999999999549516 ) ) ;
#700 = CARTESIAN_POINT ( 'NONE',  ( -18.04040820577373694, 37.09999999999993747, -53.49999999999529621 ) ) ;
#701 = DIRECTION ( 'NONE',  ( 0.000000000000000000, 1.000000000000000000, -0.000000000000000000 ) ) ;
#702 = B_SPLINE_CURVE_WITH_KNOTS ( 'NONE', 3,
 ( #1414, #452, #66, #293, #877, #441 ),
 .UNSPECIFIED., .F., .F.,
 ( 4, 2, 4 ),
 ( 0.01002506514448330520, 0.01071885980892684984, 0.01141265447337039621 ),
 .UNSPECIFIED. ) ;
#703 = AXIS2_PLACEMENT_3D ( 'NONE', #213, #120, #1218 ) ;
#704 = CARTESIAN_POINT ( 'NONE',  ( 3.975289717843576209, 36.09999999999993747, -33.45607246172411919 ) ) ;
#705 = VERTEX_POINT ( 'NONE', #1534 ) ;
#706 = LINE ( 'NONE', #1678, #547 ) ;
#707 = ORIENTED_EDGE ( 'NONE', *, *, #131, .F. ) ;
#708 = CARTESIAN_POINT ( 'NONE',  ( 11.24560921615297637, 39.09999999999993747, -25.70583514866249430 ) ) ;
#709 = AXIS2_PLACEMENT_3D ( 'NONE', #243, #1062, #254 ) ;
#710 = CIRCLE ( 'NONE', #1207, 1.999999999997226219 ) ;
#711 = CIRCLE ( 'NONE', #910, 1.750000000000001554 ) ;
#712 = DIRECTION ( 'NONE',  ( 0.000000000000000000, 0.000000000000000000, -1.000000000000000000 ) ) ;
#713 = AXIS2_PLACEMENT_3D ( 'NONE', #420, #130, #10 ) ;
#714 = AXIS2_PLACEMENT_3D ( 'NONE', #693, #390, #404 ) ;
#715 = CARTESIAN_POINT ( 'NONE',  ( -4.078373954170098514, 34.56418354828198858, -32.40966427429681573 ) ) ;
#716 = EDGE_LOOP ( 'NONE', ( #595, #1011, #255, #765 ) ) ;
#717 = PLANE ( 'NONE',  #1323 ) ;
#718 = ADVANCED_FACE ( 'NONE', ( #469 ), #175, .T. ) ;
#719 = CYLINDRICAL_SURFACE ( 'NONE', #1723, 2.000000000000001776 ) ;
#720 = ADVANCED_FACE ( 'NONE', ( #574 ), #1239, .T. ) ;
#721 = ORIENTED_EDGE ( 'NONE', *, *, #550, .F. ) ;
#722 = DIRECTION ( 'NONE',  ( -0.000000000000000000, -1.000000000000000000, -0.000000000000000000 ) ) ;
#723 = DIRECTION ( 'NONE',  ( 0.000000000000000000, 1.000000000000000000, -0.000000000000000000 ) ) ;
#724 = ORIENTED_EDGE ( 'NONE', *, *, #1757, .F. ) ;
#725 = CARTESIAN_POINT ( 'NONE',  ( 4.376087801177897418, 36.09999999999993747, -32.53990604867704661 ) ) ;
#726 = DIRECTION ( 'NONE',  ( 0.000000000000000000, 1.000000000000000000, -0.000000000000000000 ) ) ;
#727 = ORIENTED_EDGE ( 'NONE', *, *, #1369, .F. ) ;
#728 = DIRECTION ( 'NONE',  ( 0.000000000000000000, 1.000000000000000000, -0.000000000000000000 ) ) ;
#729 = CYLINDRICAL_SURFACE ( 'NONE', #1145, 2.000000000000001776 ) ;
#730 = EDGE_CURVE ( 'NONE', #613, #354, #167, .T. ) ;
#731 = ORIENTED_EDGE ( 'NONE', *, *, #178, .F. ) ;
#732 = CARTESIAN_POINT ( 'NONE',  ( 17.99999999999998579, 39.09999999999993747, 2.763276333414525735E-15 ) ) ;
#733 = VERTEX_POINT ( 'NONE', #192 ) ;
#734 = CARTESIAN_POINT ( 'NONE',  ( 2.431049838985145151, 33.46363636364127814, -31.68900442626700098 ) ) ;
#735 = ORIENTED_EDGE ( 'NONE', *, *, #533, .F. ) ;
#736 = CARTESIAN_POINT ( 'NONE',  ( 18.04040820577349891, 37.09999999999993747, -44.29999999999969162 ) ) ;
#737 = EDGE_CURVE ( 'NONE', #39, #796, #995, .T. ) ;
#738 = CIRCLE ( 'NONE', #1722, 1.750000000000001554 ) ;
#739 = CIRCLE ( 'NONE', #1661, 1.000000000000000888 ) ;
#740 = FILL_AREA_STYLE ('',( #188 ) ) ;
#741 = CIRCLE ( 'NONE', #1118, 2.000000000000001776 ) ;
#742 = EDGE_CURVE ( 'NONE', #477, #611, #398, .T. ) ;
#743 = AXIS2_PLACEMENT_3D ( 'NONE', #494, #1308, #936 ) ;
#744 = EDGE_LOOP ( 'NONE', ( #1270, #1759, #82, #1332, #388, #411 ) ) ;
#745 = CARTESIAN_POINT ( 'NONE',  ( 14.99999999999999645, 37.09999999999993747, -41.49999999999550226 ) ) ;
#746 = DIRECTION ( 'NONE',  ( -0.000000000000000000, -1.000000000000000000, -0.000000000000000000 ) ) ;
#747 = ORIENTED_EDGE ( 'NONE', *, *, #1006, .F. ) ;
#748 = DIRECTION ( 'NONE',  ( 0.000000000000000000, 1.000000000000000000, -0.000000000000000000 ) ) ;
#749 = VERTEX_POINT ( 'NONE', #92 ) ;
#750 = LINE ( 'NONE', #62, #1666 ) ;
#751 = EDGE_CURVE ( 'NONE', #433, #1261, #492, .T. ) ;
#752 = CYLINDRICAL_SURFACE ( 'NONE', #161, 1.750000000000001554 ) ;
#753 = ADVANCED_FACE ( 'NONE', ( #915 ), #337, .T. ) ;
#754 = ORIENTED_EDGE ( 'NONE', *, *, #978, .T. ) ;
#755 = FACE_OUTER_BOUND ( 'NONE', #629, .T. ) ;
#756 = EDGE_LOOP ( 'NONE', ( #312, #780, #417 ) ) ;
#757 = DIRECTION ( 'NONE',  ( 0.000000000000000000, 1.000000000000000000, -0.000000000000000000 ) ) ;
#758 = EDGE_LOOP ( 'NONE', ( #930, #950, #559, #273, #198 ) ) ;
#759 = CYLINDRICAL_SURFACE ( 'NONE', #43, 2.000000000000001776 ) ;
#760 = CARTESIAN_POINT ( 'NONE',  ( -1.382855293493935323, 33.09999999999993747, -31.52787276258046134 ) ) ;
#761 = ORIENTED_EDGE ( 'NONE', *, *, #872, .F. ) ;
#762 = DIRECTION ( 'NONE',  ( -0.000000000000000000, 1.000000000000000000, -0.000000000000000000 ) ) ;
#763 = VERTEX_POINT ( 'NONE', #1565 ) ;
#764 = CARTESIAN_POINT ( 'NONE',  ( 1.331279365965209793, 33.09999999999995879, -31.20788452117336931 ) ) ;
#765 = ORIENTED_EDGE ( 'NONE', *, *, #1417, .F. ) ;
#766 = LINE ( 'NONE', #1186, #1590 ) ;
#767 = CARTESIAN_POINT ( 'NONE',  ( -18.00000000000000355, 39.09999999999993747, 0.000000000000000000 ) ) ;
#768 = VECTOR ( 'NONE', #1202, 1000.000000000000000 ) ;
#769 = ORIENTED_EDGE ( 'NONE', *, *, #1742, .F. ) ;
#770 = DIRECTION ( 'NONE',  ( -0.000000000000000000, -1.000000000000000000, 0.000000000000000000 ) ) ;
#771 = AXIS2_PLACEMENT_3D ( 'NONE', #1622, #660, #8 ) ;
#772 = ORIENTED_EDGE ( 'NONE', *, *, #344, .F. ) ;
#773 = DIRECTION ( 'NONE',  ( 0.000000000000000000, 0.000000000000000000, -1.000000000000000000 ) ) ;
#774 = AXIS2_PLACEMENT_3D ( 'NONE', #463, #1008, #1558 ) ;
#775 = EDGE_LOOP ( 'NONE', ( #174, #127, #1296, #659 ) ) ;
#776 = CARTESIAN_POINT ( 'NONE',  ( 20.00000000000000000, 33.09999999999993747, -46.89999999999946567 ) ) ;
#777 = VERTEX_POINT ( 'NONE', #1333 ) ;
#778 = FACE_OUTER_BOUND ( 'NONE', #1755, .T. ) ;
#779 = EDGE_CURVE ( 'NONE', #527, #1564, #1325, .T. ) ;
#780 = ORIENTED_EDGE ( 'NONE', *, *, #1507, .F. ) ;
#781 = CARTESIAN_POINT ( 'NONE',  ( 0.000000000000000000, 33.09999999999993747, 0.000000000000000000 ) ) ;
#782 = CARTESIAN_POINT ( 'NONE',  ( 4.077532707450825633, 34.56358317145940617, -32.40929625155784066 ) ) ;
#783 = CARTESIAN_POINT ( 'NONE',  ( -1.594299906166870118, 33.09999999999993747, -31.88498647799795194 ) ) ;
#784 = ORIENTED_EDGE ( 'NONE', *, *, #410, .F. ) ;
#785 = CARTESIAN_POINT ( 'NONE',  ( 0.000000000000000000, 33.09999999999993747, 0.000000000000000000 ) ) ;
#786 = ORIENTED_EDGE ( 'NONE', *, *, #1690, .T. ) ;
#787 = CARTESIAN_POINT ( 'NONE',  ( 1.860379088251335133, 33.09999999999993747, -32.20801908557567117 ) ) ;
#788 = CARTESIAN_POINT ( 'NONE',  ( 7.111098737591193597, 36.34067436155304165, -33.73639953021283588 ) ) ;
#789 = EDGE_CURVE ( 'NONE', #777, #1528, #89, .T. ) ;
#790 = DIRECTION ( 'NONE',  ( 0.000000000000000000, 1.000000000000000000, -0.000000000000000000 ) ) ;
#791 = CARTESIAN_POINT ( 'NONE',  ( 3.588948926189330377E-12, 37.09999999999993747, -33.89999999999550084 ) ) ;
#792 = AXIS2_PLACEMENT_3D ( 'NONE', #1490, #96, #1349 ) ;
#793 = ORIENTED_EDGE ( 'NONE', *, *, #751, .F. ) ;
#794 = CARTESIAN_POINT ( 'NONE',  ( 20.00000000000000000, 37.09999999999993747, -45.89999999999946567 ) ) ;
#795 = VECTOR ( 'NONE', #1108, 1000.000000000000000 ) ;
#796 = VERTEX_POINT ( 'NONE', #1746 ) ;
#797 = LINE ( 'NONE', #954, #311 ) ;
#798 = CARTESIAN_POINT ( 'NONE',  ( 3.588948926189330377E-12, 36.09999999999993747, -33.89999999999550084 ) ) ;
#799 = VECTOR ( 'NONE', #554, 1000.000000000000000 ) ;
#800 = AXIS2_PLACEMENT_3D ( 'NONE', #552, #1767, #146 ) ;
#801 = ORIENTED_EDGE ( 'NONE', *, *, #1699, .T. ) ;
#802 = DIRECTION ( 'NONE',  ( 0.000000000000000000, 1.000000000000000000, -0.000000000000000000 ) ) ;
#803 = ORIENTED_EDGE ( 'NONE', *, *, #751, .T. ) ;
#804 = EDGE_CURVE ( 'NONE', #1123, #440, #112, .T. ) ;
#805 = FACE_OUTER_BOUND ( 'NONE', #855, .T. ) ;
#806 = VERTEX_POINT ( 'NONE', #1717 ) ;
#807 = CARTESIAN_POINT ( 'NONE',  ( 3.588948926189330377E-12, 36.09999999999993747, -33.89999999999550084 ) ) ;
#808 = DIRECTION ( 'NONE',  ( 0.000000000000000000, 0.000000000000000000, 1.000000000000000000 ) ) ;
#809 = DIRECTION ( 'NONE',  ( 0.000000000000000000, 0.000000000000000000, 1.000000000000000000 ) ) ;
#810 = EDGE_CURVE ( 'NONE', #1653, #238, #1233, .T. ) ;
#811 = AXIS2_PLACEMENT_3D ( 'NONE', #791, #1609, #923 ) ;
#812 = CARTESIAN_POINT ( 'NONE',  ( 14.99999999999999645, 37.09999999999993747, -41.49999999999550226 ) ) ;
#813 = ORIENTED_EDGE ( 'NONE', *, *, #929, .T. ) ;
#814 = CYLINDRICAL_SURFACE ( 'NONE', #163, 2.000000000000001776 ) ;
#815 = ADVANCED_BREP_SHAPE_REPRESENTATION ( 'Part5', ( #1125, #531 ), #1267 ) ;
#816 = VERTEX_POINT ( 'NONE', #639 ) ;
#817 = DIRECTION ( 'NONE',  ( -0.000000000000000000, -1.000000000000000000, -0.000000000000000000 ) ) ;
#818 = CARTESIAN_POINT ( 'NONE',  ( 20.00000000000000000, 35.09999999999993747, -51.89999999999390923 ) ) ;
#819 = CARTESIAN_POINT ( 'NONE',  ( -18.23239103313445852, 37.02030743614137975, -52.95328520203698730 ) ) ;
#820 = EDGE_CURVE ( 'NONE', #1564, #1082, #1021, .T. ) ;
#821 = EDGE_CURVE ( 'NONE', #1536, #611, #630, .T. ) ;
#822 = CARTESIAN_POINT ( 'NONE',  ( -19.99999999999999289, 39.09999999999993747, -53.89999999999668745 ) ) ;
#823 = ORIENTED_EDGE ( 'NONE', *, *, #556, .T. ) ;
#824 = CARTESIAN_POINT ( 'NONE',  ( -18.72422459233741421, 36.61102151438944219, -45.44498291987680716 ) ) ;
#825 = ORIENTED_EDGE ( 'NONE', *, *, #658, .T. ) ;
#826 = CYLINDRICAL_SURFACE ( 'NONE', #31, 2.000000000000001776 ) ;
#827 = ADVANCED_FACE ( 'NONE', ( #755, #1306 ), #1584, .F. ) ;
#828 = VECTOR ( 'NONE', #156, 1000.000000000000114 ) ;
#829 = DIRECTION ( 'NONE',  ( 0.000000000000000000, 0.000000000000000000, 1.000000000000000000 ) ) ;
#830 = VECTOR ( 'NONE', #1117, 1000.000000000000000 ) ;
#831 = CIRCLE ( 'NONE', #1119, 3.000000000000002665 ) ;
#832 = DIRECTION ( 'NONE',  ( 0.000000000000000000, 0.000000000000000000, 1.000000000000000000 ) ) ;
#833 = CARTESIAN_POINT ( 'NONE',  ( -18.11505894286929319, 37.08431113890978992, -44.58389121173278369 ) ) ;
#834 = ORIENTED_EDGE ( 'NONE', *, *, #1394, .T. ) ;
#835 = DIRECTION ( 'NONE',  ( 0.000000000000000000, 1.000000000000000000, -0.000000000000000000 ) ) ;
#836 = ADVANCED_FACE ( 'NONE', ( #778 ), #106, .F. ) ;
#837 = AXIS2_PLACEMENT_3D ( 'NONE', #9, #1099, #129 ) ;
#838 = CARTESIAN_POINT ( 'NONE',  ( -18.54765002941529417, 36.77577167280460912, -52.51969030028723040 ) ) ;
#839 = FACE_OUTER_BOUND ( 'NONE', #1511, .T. ) ;
#840 = DIRECTION ( 'NONE',  ( 0.000000000000000000, 1.000000000000000000, -0.000000000000000000 ) ) ;
#841 = EDGE_LOOP ( 'NONE', ( #724, #761, #1509, #335, #345, #1205 ) ) ;
#842 = DIRECTION ( 'NONE',  ( 1.000000000000000000, 0.000000000000000000, -4.605460555690879840E-16 ) ) ;
#843 = CARTESIAN_POINT ( 'NONE',  ( 2.981467288383579106, 39.09999999999993747, -33.56705434629196816 ) ) ;
#844 = CARTESIAN_POINT ( 'NONE',  ( 1.202394250006476151, 39.09999999999993747, -31.15150076085446784 ) ) ;
#845 = EDGE_CURVE ( 'NONE', #796, #1528, #1474, .T. ) ;
#846 = CARTESIAN_POINT ( 'NONE',  ( 14.99999999999999645, 39.09999999999993747, -73.24999999999549516 ) ) ;
#847 = VERTEX_POINT ( 'NONE', #1455 ) ;
#848 = DIRECTION ( 'NONE',  ( 0.000000000000000000, 1.000000000000000000, -0.000000000000000000 ) ) ;
#849 = ADVANCED_FACE ( 'NONE', ( #1043 ), #1169, .F. ) ;
#850 = ORIENTED_EDGE ( 'NONE', *, *, #1758, .T. ) ;
#851 = CARTESIAN_POINT ( 'NONE',  ( -15.00000000000000355, 33.09999999999993747, -71.49999999999549516 ) ) ;
#852 = AXIS2_PLACEMENT_3D ( 'NONE', #822, #104, #1340 ) ;
#853 = CIRCLE ( 'NONE', #683, 2.000000000000001776 ) ;
#854 = CIRCLE ( 'NONE', #26, 2.999999999997220002 ) ;
#855 = EDGE_LOOP ( 'NONE', ( #587, #379, #1730, #7 ) ) ;
#856 = DIRECTION ( 'NONE',  ( -0.000000000000000000, 1.000000000000000000, 0.000000000000000000 ) ) ;
#857 = CIRCLE ( 'NONE', #1523, 2.000000000000001776 ) ;
#858 = VECTOR ( 'NONE', #1133, 1000.000000000000114 ) ;
#859 = DIRECTION ( 'NONE',  ( 0.000000000000000000, -1.000000000000000000, 0.000000000000000000 ) ) ;
#860 = ORIENTED_EDGE ( 'NONE', *, *, #2, .T. ) ;
#861 = CARTESIAN_POINT ( 'NONE',  ( 0.000000000000000000, 37.09999999999993747, 0.000000000000000000 ) ) ;
#862 = CARTESIAN_POINT ( 'NONE',  ( 2.239852999165993452, 33.36039623570347601, -31.60536096821418894 ) ) ;
#863 = ADVANCED_FACE ( 'NONE', ( #903 ), #373, .F. ) ;
#864 = EDGE_LOOP ( 'NONE', ( #1147, #76, #666, #230 ) ) ;
#865 = LINE ( 'NONE', #844, #250 ) ;
#866 = CYLINDRICAL_SURFACE ( 'NONE', #84, 1.000000000000000888 ) ;
#867 = ORIENTED_EDGE ( 'NONE', *, *, #502, .F. ) ;
#868 = DIRECTION ( 'NONE',  ( 0.000000000000000000, 1.000000000000000000, -0.000000000000000000 ) ) ;
#869 = EDGE_CURVE ( 'NONE', #598, #202, #251, .T. ) ;
#870 = DIRECTION ( 'NONE',  ( 0.000000000000000000, 0.000000000000000000, 1.000000000000000000 ) ) ;
#871 = EDGE_LOOP ( 'NONE', ( #1042, #300, #958, #663 ) ) ;
#872 = EDGE_CURVE ( 'NONE', #608, #733, #646, .T. ) ;
#873 = EDGE_CURVE ( 'NONE', #733, #1136, #1425, .T. ) ;
#874 = DIRECTION ( 'NONE',  ( 0.000000000000000000, 1.000000000000000000, 0.000000000000000000 ) ) ;
#875 = DIRECTION ( 'NONE',  ( 0.000000000000000000, 0.000000000000000000, 1.000000000000000000 ) ) ;
#876 = ORIENTED_EDGE ( 'NONE', *, *, #1585, .T. ) ;
#877 = CARTESIAN_POINT ( 'NONE',  ( -1.418350903418998499, 33.10000000000369624, -31.24597596922099285 ) ) ;
#878 = VERTEX_POINT ( 'NONE', #1377 ) ;
#879 = EDGE_CURVE ( 'NONE', #1528, #777, #1462, .T. ) ;
#880 = DIRECTION ( 'NONE',  ( -0.000000000000000000, 1.000000000000000000, -0.000000000000000000 ) ) ;
#881 = EDGE_CURVE ( 'NONE', #557, #1244, #1405, .T. ) ;
#882 = ORIENTED_EDGE ( 'NONE', *, *, #1559, .F. ) ;
#883 = CARTESIAN_POINT ( 'NONE',  ( 18.72423315170868463, 36.61101318160490337, -45.44499004947234511 ) ) ;
#884 = CIRCLE ( 'NONE', #81, 1.750000000000001554 ) ;
#885 = AXIS2_PLACEMENT_3D ( 'NONE', #52, #1110, #980 ) ;
#886 = CARTESIAN_POINT ( 'NONE',  ( -18.04040820577322179, 37.09999999999993747, -44.29999999999829896 ) ) ;
#887 = ORIENTED_EDGE ( 'NONE', *, *, #627, .T. ) ;
#888 = CARTESIAN_POINT ( 'NONE',  ( -16.00000000000000000, 37.09999999999993747, -39.80806348744163614 ) ) ;
#889 = VERTEX_POINT ( 'NONE', #549 ) ;
#890 = DIRECTION ( 'NONE',  ( 0.000000000000000000, 0.000000000000000000, 1.000000000000000000 ) ) ;
#891 = ORIENTED_EDGE ( 'NONE', *, *, #439, .T. ) ;
#892 = DIRECTION ( 'NONE',  ( 0.000000000000000000, 1.000000000000000000, 0.000000000000000000 ) ) ;
#893 = CARTESIAN_POINT ( 'NONE',  ( -1.542498942601393308, 33.09999999999993037, -31.44511078259602144 ) ) ;
#894 = ORIENTED_EDGE ( 'NONE', *, *, #1065, .T. ) ;
#895 = DIRECTION ( 'NONE',  ( -0.000000000000000000, 1.000000000000000000, -0.000000000000000000 ) ) ;
#896 = ORIENTED_EDGE ( 'NONE', *, *, #1140, .T. ) ;
#897 = DIRECTION ( 'NONE',  ( 0.000000000000000000, 0.000000000000000000, 1.000000000000000000 ) ) ;
#898 = CARTESIAN_POINT ( 'NONE',  ( 3.975289717843576209, 39.09999999999993747, -33.45607246172411919 ) ) ;
#899 = DIRECTION ( 'NONE',  ( 0.000000000000000000, 0.000000000000000000, 1.000000000000000000 ) ) ;
#900 = B_SPLINE_CURVE_WITH_KNOTS ( 'NONE', 3,
 ( #736, #1427, #1012, #466, #1589, #1293, #599, #883, #358, #475, #1019, #341, #1318, #87 ),
 .UNSPECIFIED., .F., .F.,
 ( 4, 2, 2, 2, 2, 2, 4 ),
 ( 0.000000000000000000, 0.0004386351587829911947, 0.0008772703175659823894, 0.001315905476348973530, 0.001754540635131964779, 0.002631810952697940988, 0.003509081270263916981 ),
 .UNSPECIFIED. ) ;
#901 = CARTESIAN_POINT ( 'NONE',  ( -1.202394250000494713, 33.10000000000185594, -31.15150076085184594 ) ) ;
#902 = ORIENTED_EDGE ( 'NONE', *, *, #1507, .T. ) ;
#903 = FACE_OUTER_BOUND ( 'NONE', #976, .T. ) ;
#904 = EDGE_LOOP ( 'NONE', ( #548, #49 ) ) ;
#905 = CARTESIAN_POINT ( 'NONE',  ( -20.00000000000000000, 35.09999999999993747, -48.89999999999668745 ) ) ;
#906 = ADVANCED_FACE ( 'NONE', ( #805 ), #814, .F. ) ;
#907 = ORIENTED_EDGE ( 'NONE', *, *, #1585, .F. ) ;
#908 = CARTESIAN_POINT ( 'NONE',  ( 1.202394250006475929, 33.09999999999993747, -31.15150076085446784 ) ) ;
#909 = CIRCLE ( 'NONE', #510, 2.999999999998607780 ) ;
#910 = AXIS2_PLACEMENT_3D ( 'NONE', #1420, #840, #578 ) ;
#911 = EDGE_CURVE ( 'NONE', #1586, #763, #526, .T. ) ;
#912 = DIRECTION ( 'NONE',  ( 0.000000000000000000, 1.000000000000000000, 0.000000000000000000 ) ) ;
#913 = VERTEX_POINT ( 'NONE', #1654 ) ;
#914 = CIRCLE ( 'NONE', #713, 2.000000000000001776 ) ;
#915 = FACE_OUTER_BOUND ( 'NONE', #1126, .T. ) ;
#916 = CIRCLE ( 'NONE', #771, 2.000000000000001776 ) ;
#917 = ORIENTED_EDGE ( 'NONE', *, *, #1515, .F. ) ;
#918 = VECTOR ( 'NONE', #588, 1000.000000000000000 ) ;
#919 = CIRCLE ( 'NONE', #1084, 1.750000000000001554 ) ;
#920 = DIRECTION ( 'NONE',  ( -0.000000000000000000, -1.000000000000000000, -0.000000000000000000 ) ) ;
#921 = CARTESIAN_POINT ( 'NONE',  ( -1.692587293463598375, 33.15921726455830054, -31.36594699408549403 ) ) ;
#922 = AXIS2_PLACEMENT_3D ( 'NONE', #268, #553, #808 ) ;
#923 = DIRECTION ( 'NONE',  ( 0.000000000000000000, 0.000000000000000000, 1.000000000000000000 ) ) ;
#924 = ORIENTED_EDGE ( 'NONE', *, *, #1615, .T. ) ;
#925 = DIRECTION ( 'NONE',  ( 0.000000000000000000, 0.000000000000000000, 1.000000000000000000 ) ) ;
#926 = PRODUCT_DEFINITION_CONTEXT ( 'detailed design', #389, 'design' ) ;
#927 = VERTEX_POINT ( 'NONE', #126 ) ;
#928 = FACE_OUTER_BOUND ( 'NONE', #756, .T. ) ;
#929 = EDGE_CURVE ( 'NONE', #1586, #200, #854, .T. ) ;
#930 = ORIENTED_EDGE ( 'NONE', *, *, #1273, .F. ) ;
#931 = DIRECTION ( 'NONE',  ( -0.000000000000000000, -1.000000000000000000, 0.000000000000000000 ) ) ;
#932 = EDGE_LOOP ( 'NONE', ( #645, #677, #1739, #1132 ) ) ;
#933 = DIRECTION ( 'NONE',  ( 0.000000000000000000, 0.000000000000000000, 1.000000000000000000 ) ) ;
#934 = ORIENTED_EDGE ( 'NONE', *, *, #439, .F. ) ;
#935 = VECTOR ( 'NONE', #1166, 1000.000000000000000 ) ;
#936 = DIRECTION ( 'NONE',  ( 0.000000000000000000, 0.000000000000000000, 1.000000000000000000 ) ) ;
#937 = FACE_OUTER_BOUND ( 'NONE', #442, .T. ) ;
#938 = DIRECTION ( 'NONE',  ( 0.000000000000000000, 0.000000000000000000, 1.000000000000000000 ) ) ;
#939 = EDGE_CURVE ( 'NONE', #196, #1410, #1087, .T. ) ;
#940 = FACE_OUTER_BOUND ( 'NONE', #360, .T. ) ;
#941 = EDGE_LOOP ( 'NONE', ( #823, #1190 ) ) ;
#942 = CARTESIAN_POINT ( 'NONE',  ( -17.99999999999999289, 37.09999999999993747, -53.89999999999668745 ) ) ;
#943 = VECTOR ( 'NONE', #1756, 1000.000000000000000 ) ;
#944 = EDGE_LOOP ( 'NONE', ( #1700, #1324, #1468, #1466 ) ) ;
#945 = FACE_OUTER_BOUND ( 'NONE', #65, .T. ) ;
#946 = CARTESIAN_POINT ( 'NONE',  ( -17.99999999999996803, 37.09999999999993747, 8.289829000243568132E-15 ) ) ;
#947 = AXIS2_PLACEMENT_3D ( 'NONE', #1252, #412, #21 ) ;
#948 = CARTESIAN_POINT ( 'NONE',  ( -3.975289717836026693, 36.09999999999993747, -32.45607246172080806 ) ) ;
#949 = DIRECTION ( 'NONE',  ( 0.000000000000000000, 1.000000000000000000, 0.000000000000000000 ) ) ;
#950 = ORIENTED_EDGE ( 'NONE', *, *, #2, .F. ) ;
#951 = DIRECTION ( 'NONE',  ( -0.000000000000000000, -1.000000000000000000, -0.000000000000000000 ) ) ;
#952 = EDGE_CURVE ( 'NONE', #1170, #1007, #1611, .T. ) ;
#953 = VERTEX_POINT ( 'NONE', #1250 ) ;
#954 = CARTESIAN_POINT ( 'NONE',  ( -15.00000000000000355, 33.09999999999993747, -39.74999999999549516 ) ) ;
#955 = CARTESIAN_POINT ( 'NONE',  ( -20.00000000000000000, 39.09999999999993747, -48.89999999999668745 ) ) ;
#956 = CYLINDRICAL_SURFACE ( 'NONE', #221, 1.750000000000001554 ) ;
#957 = CARTESIAN_POINT ( 'NONE',  ( -16.80159616666864508, 39.09999999999993747, -37.97573066134749098 ) ) ;
#958 = ORIENTED_EDGE ( 'NONE', *, *, #1032, .T. ) ;
#959 = DIRECTION ( 'NONE',  ( 0.000000000000000000, 0.000000000000000000, 1.000000000000000000 ) ) ;
#960 = ORIENTED_EDGE ( 'NONE', *, *, #288, .T. ) ;
#961 = CARTESIAN_POINT ( 'NONE',  ( -20.00000000000000000, 39.09999999999993747, -45.89999999999946567 ) ) ;
#962 = CARTESIAN_POINT ( 'NONE',  ( -19.09307023623850341, 36.22627195778013487, -52.10384743967716048 ) ) ;
#963 = CARTESIAN_POINT ( 'NONE',  ( 16.80159616666864508, 39.09999999999993747, -37.97573066134749808 ) ) ;
#964 = DIRECTION ( 'NONE',  ( 0.000000000000000000, 1.000000000000000000, 0.000000000000000000 ) ) ;
#965 = ORIENTED_EDGE ( 'NONE', *, *, #1459, .F. ) ;
#966 = FACE_OUTER_BOUND ( 'NONE', #1533, .T. ) ;
#967 = VECTOR ( 'NONE', #319, 1000.000000000000000 ) ;
#968 = AXIS2_PLACEMENT_3D ( 'NONE', #1352, #951, #117 ) ;
#969 = CYLINDRICAL_SURFACE ( 'NONE', #58, 2.999999999997220002 ) ;
#970 = AXIS2_PLACEMENT_3D ( 'NONE', #633, #653, #1192 ) ;
#971 = CARTESIAN_POINT ( 'NONE',  ( 3.589193855549159494E-12, 37.09999999999993747, -31.89999999999569624 ) ) ;
#972 = DIRECTION ( 'NONE',  ( 1.000000000000000000, 0.000000000000000000, 0.000000000000000000 ) ) ;
#973 = SURFACE_SIDE_STYLE ('',( #1659 ) ) ;
#974 = ORIENTED_EDGE ( 'NONE', *, *, #1486, .T. ) ;
#975 = DIRECTION ( 'NONE',  ( -0.000000000000000000, -1.000000000000000000, -0.000000000000000000 ) ) ;
#976 = EDGE_LOOP ( 'NONE', ( #1480, #372, #1230, #656 ) ) ;
#977 = CARTESIAN_POINT ( 'NONE',  ( 18.00000000000000000, 39.09999999999993747, -43.89999999999946567 ) ) ;
#978 = EDGE_CURVE ( 'NONE', #1724, #236, #1074, .T. ) ;
#979 = LINE ( 'NONE', #445, #967 ) ;
#980 = DIRECTION ( 'NONE',  ( 0.000000000000000000, 0.000000000000000000, -1.000000000000000000 ) ) ;
#981 = VERTEX_POINT ( 'NONE', #942 ) ;
#982 = DIRECTION ( 'NONE',  ( -0.000000000000000000, -1.000000000000000000, -0.000000000000000000 ) ) ;
#983 = LINE ( 'NONE', #1135, #1351 ) ;
#984 = PRODUCT_RELATED_PRODUCT_CATEGORY ( 'part', '', ( #1404 ) ) ;
#985 = EDGE_LOOP ( 'NONE', ( #1655, #813, #332, #575 ) ) ;
#986 = CARTESIAN_POINT ( 'NONE',  ( -18.00000000000000355, 39.09999999999993747, 0.000000000000000000 ) ) ;
#987 = CARTESIAN_POINT ( 'NONE',  ( -16.00000000000000000, 39.09999999999993747, -39.80806348744163614 ) ) ;
#988 = VERTEX_POINT ( 'NONE', #401 ) ;
#989 = ADVANCED_FACE ( 'NONE', ( #1765 ), #19, .F. ) ;
#990 = ORIENTED_EDGE ( 'NONE', *, *, #1131, .F. ) ;
#991 = LINE ( 'NONE', #456, #483 ) ;
#992 = ORIENTED_EDGE ( 'NONE', *, *, #53, .F. ) ;
#993 = DIRECTION ( 'NONE',  ( 0.000000000000000000, 0.000000000000000000, 1.000000000000000000 ) ) ;
#994 = CIRCLE ( 'NONE', #1151, 2.000000000000001776 ) ;
#995 = CIRCLE ( 'NONE', #1409, 1.750000000000001554 ) ;
#996 = CARTESIAN_POINT ( 'NONE',  ( 20.00000000000000000, 37.09999999999993747, -48.89999999999668745 ) ) ;
#997 = ORIENTED_EDGE ( 'NONE', *, *, #585, .F. ) ;
#998 = CARTESIAN_POINT ( 'NONE',  ( -11.24560921615298170, 36.09999999999993747, -25.70583514866249430 ) ) ;
#999 = ADVANCED_FACE ( 'NONE', ( #245 ), #134, .F. ) ;
#1000 = EDGE_CURVE ( 'NONE', #806, #981, #1051, .T. ) ;
#1001 = VERTEX_POINT ( 'NONE', #274 ) ;
#1002 = DIRECTION ( 'NONE',  ( 1.000000000000000000, -0.000000000000000000, 0.000000000000000000 ) ) ;
#1003 = EDGE_LOOP ( 'NONE', ( #1097, #1163 ) ) ;
#1004 = CARTESIAN_POINT ( 'NONE',  ( 14.99999999999999645, 33.09999999999993747, -41.49999999999550226 ) ) ;
#1005 = CARTESIAN_POINT ( 'NONE',  ( -11.24560921615298170, 39.09999999999993747, -25.70583514866249430 ) ) ;
#1006 = EDGE_CURVE ( 'NONE', #1691, #115, #449, .T. ) ;
#1007 = VERTEX_POINT ( 'NONE', #1266 ) ;
#1008 = DIRECTION ( 'NONE',  ( 0.000000000000000000, 1.000000000000000000, -0.000000000000000000 ) ) ;
#1009 = VERTEX_POINT ( 'NONE', #438 ) ;
#1010 = CARTESIAN_POINT ( 'NONE',  ( -20.00000000000000000, 33.09999999999993747, -51.89999999999668745 ) ) ;
#1011 = ORIENTED_EDGE ( 'NONE', *, *, #1319, .T. ) ;
#1012 = CARTESIAN_POINT ( 'NONE',  ( 18.11505979427834845, 37.08431084434827341, -44.58389384356973295 ) ) ;
#1013 = PLANE ( 'NONE',  #307 ) ;
#1014 = EDGE_LOOP ( 'NONE', ( #468, #850, #177, #1381, #133, #1283, #1603, #1572, #474, #165, #803, #86, #1521, #1447, #876, #495 ) ) ;
#1015 = DIRECTION ( 'NONE',  ( 0.000000000000000000, 0.000000000000000000, 1.000000000000000000 ) ) ;
#1016 = VERTEX_POINT ( 'NONE', #36 ) ;
#1017 = DIRECTION ( 'NONE',  ( 0.000000000000000000, 0.000000000000000000, 1.000000000000000000 ) ) ;
#1018 = ORIENTED_EDGE ( 'NONE', *, *, #1394, .F. ) ;
#1019 = CARTESIAN_POINT ( 'NONE',  ( 19.27560775751780042, 36.01276012894979317, -45.77377159511773641 ) ) ;
#1020 = AXIS2_PLACEMENT_3D ( 'NONE', #1386, #701, #993 ) ;
#1021 = CIRCLE ( 'NONE', #280, 1.750000000000001554 ) ;
#1022 = CARTESIAN_POINT ( 'NONE',  ( -1.202394250000452303, 33.10000000000185594, -31.15150076085182818 ) ) ;
#1023 = VECTOR ( 'NONE', #464, 1000.000000000000114 ) ;
#1024 = AXIS2_PLACEMENT_3D ( 'NONE', #286, #1354, #267 ) ;
#1025 = ORIENTED_EDGE ( 'NONE', *, *, #804, .F. ) ;
#1026 = CARTESIAN_POINT ( 'NONE',  ( -20.00000000000000355, 39.09999999999993747, -43.89999999999946567 ) ) ;
#1027 = ORIENTED_EDGE ( 'NONE', *, *, #1150, .F. ) ;
#1028 = CARTESIAN_POINT ( 'NONE',  ( 20.00000000000000000, 37.09999999999993747, -48.89999999999668745 ) ) ;
#1029 = PRODUCT_DEFINITION_FORMATION_WITH_SPECIFIED_SOURCE ( 'ANY', '', #1404, .NOT_KNOWN. ) ;
#1030 = CARTESIAN_POINT ( 'NONE',  ( 2.777852003905468603, 33.65089834929619172, -31.84072101510589192 ) ) ;
#1031 = DIRECTION ( 'NONE',  ( 0.000000000000000000, 1.000000000000000000, 0.000000000000000000 ) ) ;
#1032 = EDGE_CURVE ( 'NONE', #1082, #1564, #711, .T. ) ;
#1033 = EDGE_CURVE ( 'NONE', #1696, #407, #1395, .T. ) ;
#1034 = ORIENTED_EDGE ( 'NONE', *, *, #550, .T. ) ;
#1035 = CARTESIAN_POINT ( 'NONE',  ( -3.975289717836026693, 36.09999999999993747, -33.45607246172080806 ) ) ;
#1036 = VERTEX_POINT ( 'NONE', #1550 ) ;
#1037 = DIRECTION ( 'NONE',  ( 0.000000000000000000, 0.000000000000000000, 1.000000000000000000 ) ) ;
#1038 = DIRECTION ( 'NONE',  ( -0.000000000000000000, -1.000000000000000000, -0.000000000000000000 ) ) ;
#1039 = CARTESIAN_POINT ( 'NONE',  ( 20.00000000000000000, 33.09999999999993747, -48.89999999999668745 ) ) ;
#1040 = CARTESIAN_POINT ( 'NONE',  ( -1.288458644333521086, 33.10004186136119841, -31.22722559195322489 ) ) ;
#1041 = DIRECTION ( 'NONE',  ( 0.000000000000000000, -1.000000000000000000, -0.000000000000000000 ) ) ;
#1042 = ORIENTED_EDGE ( 'NONE', *, *, #1699, .F. ) ;
#1043 = FACE_OUTER_BOUND ( 'NONE', #125, .T. ) ;
#1044 = ORIENTED_EDGE ( 'NONE', *, *, #585, .T. ) ;
#1045 = CARTESIAN_POINT ( 'NONE',  ( 4.376087801177899195, 39.09999999999993747, -32.53990604867704661 ) ) ;
#1046 = ADVANCED_FACE ( 'NONE', ( #327 ), #866, .T. ) ;
#1047 = B_SPLINE_CURVE_WITH_KNOTS ( 'NONE', 3,
 ( #818, #680, #405, #671, #259, #391, #1226, #1372, #1497, #1236, #1363, #539, #1090, #1640 ),
 .UNSPECIFIED., .F., .F.,
 ( 4, 2, 2, 2, 2, 2, 4 ),
 ( -8.944275052593371768E-06, 0.0008716028895227595627, 0.001752150054098112336, 0.002192423636385789319, 0.002632697218673466736, 0.003072970800961143719, 0.003513244383248821136 ),
 .UNSPECIFIED. ) ;
#1048 = CARTESIAN_POINT ( 'NONE',  ( 10.89818820389686138, 37.09999999999993747, -35.39314897867022580 ) ) ;
#1049 = DIRECTION ( 'NONE',  ( 0.000000000000000000, 0.000000000000000000, -1.000000000000000000 ) ) ;
#1050 = AXIS2_PLACEMENT_3D ( 'NONE', #1122, #204, #1167 ) ;
#1051 = CIRCLE ( 'NONE', #423, 2.000000000000001776 ) ;
#1052 = FACE_BOUND ( 'NONE', #573, .T. ) ;
#1053 = ORIENTED_EDGE ( 'NONE', *, *, #1758, .F. ) ;
#1054 = DIRECTION ( 'NONE',  ( -1.535153518563626696E-16, 0.000000000000000000, 1.000000000000000000 ) ) ;
#1055 = ADVANCED_FACE ( 'NONE', ( #1130 ), #729, .T. ) ;
#1056 = CIRCLE ( 'NONE', #368, 1.750000000000001554 ) ;
#1057 = ORIENTED_EDGE ( 'NONE', *, *, #34, .F. ) ;
#1058 = CARTESIAN_POINT ( 'NONE',  ( 20.00000000000000000, 39.09999999999993747, -48.89999999999668745 ) ) ;
#1059 = ADVANCED_FACE ( 'NONE', ( #461 ), #1556, .F. ) ;
#1060 = CARTESIAN_POINT ( 'NONE',  ( -1.202394250000452303, 36.09999999999993747, -31.15150076085182818 ) ) ;
#1061 = DIRECTION ( 'NONE',  ( -1.000000000000000000, 0.000000000000000000, 0.000000000000000000 ) ) ;
#1062 = DIRECTION ( 'NONE',  ( -0.6728311060676389621, 0.000000000000000000, 0.7397961223930534791 ) ) ;
#1063 = ORIENTED_EDGE ( 'NONE', *, *, #1068, .F. ) ;
#1064 = CARTESIAN_POINT ( 'NONE',  ( -18.46098711792614111, 36.85033734802293282, -45.18425401551448317 ) ) ;
#1065 = EDGE_CURVE ( 'NONE', #1123, #1691, #586, .T. ) ;
#1066 = ORIENTED_EDGE ( 'NONE', *, *, #367, .T. ) ;
#1067 = CARTESIAN_POINT ( 'NONE',  ( 1.874548048569320224, 33.09999999999993747, -31.70039309454183751 ) ) ;
#1068 = EDGE_CURVE ( 'NONE', #354, #613, #648, .T. ) ;
#1069 = CARTESIAN_POINT ( 'NONE',  ( 5.723189565638302945, 35.65289892071532307, -33.12922671964151533 ) ) ;
#1070 = DIRECTION ( 'NONE',  ( 0.9161664130470700274, 0.000000000000000000, -0.4007980833343210980 ) ) ;
#1071 = AXIS2_PLACEMENT_3D ( 'NONE', #955, #1298, #1773 ) ;
#1072 = CARTESIAN_POINT ( 'NONE',  ( 0.000000000000000000, 0.000000000000000000, 0.000000000000000000 ) ) ;
#1073 = ORIENTED_EDGE ( 'NONE', *, *, #1329, .T. ) ;
#1074 = LINE ( 'NONE', #1368, #1260 ) ;
#1075 = ORIENTED_EDGE ( 'NONE', *, *, #367, .F. ) ;
#1076 = CARTESIAN_POINT ( 'NONE',  ( -18.00000000000000355, 39.09999999999993747, -39.80806348744163614 ) ) ;
#1077 = CARTESIAN_POINT ( 'NONE',  ( 1.288627886282849300, 33.09999999999993747, -31.34018194488621845 ) ) ;
#1078 = CARTESIAN_POINT ( 'NONE',  ( -18.07012841782404777, 37.09999999999994458, -53.35440129085466765 ) ) ;
#1079 = CARTESIAN_POINT ( 'NONE',  ( 3.588948926189330377E-12, 34.09999999999993747, -36.41471862575674123 ) ) ;
#1080 = CARTESIAN_POINT ( 'NONE',  ( 16.80159616666864508, 39.09999999999993747, -37.97573066134749808 ) ) ;
#1081 = VECTOR ( 'NONE', #385, 1000.000000000000000 ) ;
#1082 = VERTEX_POINT ( 'NONE', #846 ) ;
#1083 = DIRECTION ( 'NONE',  ( 0.000000000000000000, 0.000000000000000000, 1.000000000000000000 ) ) ;
#1084 = AXIS2_PLACEMENT_3D ( 'NONE', #812, #1374, #1366 ) ;
#1085 = UNCERTAINTY_MEASURE_WITH_UNIT (LENGTH_MEASURE( 1.000000000000000082E-05 ), #655, 'distance_accuracy_value', 'NONE');
#1086 = AXIS2_PLACEMENT_3D ( 'NONE', #1607, #920, #377 ) ;
#1087 = CIRCLE ( 'NONE', #447, 2.000000000000001776 ) ;
#1088 = VERTEX_POINT ( 'NONE', #1282 ) ;
#1089 = CARTESIAN_POINT ( 'NONE',  ( -17.99999999999999289, 39.09999999999993747, -53.89999999999668745 ) ) ;
#1090 = CARTESIAN_POINT ( 'NONE',  ( 18.07012813519886762, 37.09999999999993037, -53.35440267543015835 ) ) ;
#1091 = AXIS2_PLACEMENT_3D ( 'NONE', #1777, #568, #119 ) ;
#1092 = CARTESIAN_POINT ( 'NONE',  ( 3.588948926189330377E-12, 37.09999999999993747, -35.89999999999530900 ) ) ;
#1093 = CARTESIAN_POINT ( 'NONE',  ( 20.00000000000000000, 37.09999999999993747, -46.89999999999946567 ) ) ;
#1094 = EDGE_LOOP ( 'NONE', ( #32, #1685 ) ) ;
#1095 = CARTESIAN_POINT ( 'NONE',  ( -20.00000000000000000, 39.09999999999993747, -48.89999999999668745 ) ) ;
#1096 = ADVANCED_FACE ( 'NONE', ( #1138 ), #426, .T. ) ;
#1097 = ORIENTED_EDGE ( 'NONE', *, *, #737, .T. ) ;
#1098 = DIRECTION ( 'NONE',  ( 0.000000000000000000, 0.000000000000000000, -1.000000000000000000 ) ) ;
#1099 = DIRECTION ( 'NONE',  ( 0.000000000000000000, 1.000000000000000000, -0.000000000000000000 ) ) ;
#1100 = CARTESIAN_POINT ( 'NONE',  ( -20.00000000000000000, 39.09999999999993747, -48.89999999999668745 ) ) ;
#1101 = EDGE_CURVE ( 'NONE', #400, #436, #739, .T. ) ;
#1102 = CARTESIAN_POINT ( 'NONE',  ( -11.24560921615298170, 39.09999999999993747, -25.70583514866249430 ) ) ;
#1103 = ORIENTED_EDGE ( 'NONE', *, *, #275, .F. ) ;
#1104 = CARTESIAN_POINT ( 'NONE',  ( -18.23238853725128905, 37.02030896749969457, -44.84670993187008747 ) ) ;
#1105 = ORIENTED_EDGE ( 'NONE', *, *, #63, .T. ) ;
#1106 = LINE ( 'NONE', #699, #1545 ) ;
#1107 = DIRECTION ( 'NONE',  ( -0.000000000000000000, 1.000000000000000000, -0.000000000000000000 ) ) ;
#1108 = DIRECTION ( 'NONE',  ( -0.000000000000000000, -1.000000000000000000, -0.000000000000000000 ) ) ;
#1109 = AXIS2_PLACEMENT_3D ( 'NONE', #1039, #333, #1157 ) ;
#1110 = DIRECTION ( 'NONE',  ( -0.000000000000000000, -1.000000000000000000, -0.000000000000000000 ) ) ;
#1111 = ORIENTED_EDGE ( 'NONE', *, *, #11, .F. ) ;
#1112 = FACE_OUTER_BOUND ( 'NONE', #841, .T. ) ;
#1113 = EDGE_CURVE ( 'NONE', #527, #525, #1379, .T. ) ;
#1114 = ADVANCED_FACE ( 'NONE', ( #320 ), #1683, .F. ) ;
#1115 = CIRCLE ( 'NONE', #1020, 1.750000000000001554 ) ;
#1116 = STYLED_ITEM ( 'NONE', ( #615 ), #1125 ) ;
#1117 = DIRECTION ( 'NONE',  ( -0.000000000000000000, 1.000000000000000000, -0.000000000000000000 ) ) ;
#1118 = AXIS2_PLACEMENT_3D ( 'NONE', #1588, #383, #938 ) ;
#1119 = AXIS2_PLACEMENT_3D ( 'NONE', #60, #339, #304 ) ;
#1120 = CARTESIAN_POINT ( 'NONE',  ( -20.00000000000000000, 33.09999999999993747, -46.89999999999668745 ) ) ;
#1121 = AXIS2_PLACEMENT_3D ( 'NONE', #1445, #1436, #1581 ) ;
#1122 = CARTESIAN_POINT ( 'NONE',  ( 3.588948926189330377E-12, 33.46363636363629723, -33.89999999999550084 ) ) ;
#1123 = VERTEX_POINT ( 'NONE', #1428 ) ;
#1124 = CARTESIAN_POINT ( 'NONE',  ( 18.04040820577349891, 37.09999999999993747, -44.29999999999969162 ) ) ;
#1125 = MANIFOLD_SOLID_BREP ( 'Fillet5', #1720 ) ;
#1126 = EDGE_LOOP ( 'NONE', ( #1672, #1663, #1350, #1376 ) ) ;
#1127 = CARTESIAN_POINT ( 'NONE',  ( -15.00000000000000355, 37.09999999999993747, -41.49999999999550226 ) ) ;
#1128 = EDGE_CURVE ( 'NONE', #988, #115, #647, .T. ) ;
#1129 = DIRECTION ( 'NONE',  ( -0.000000000000000000, -1.000000000000000000, -0.000000000000000000 ) ) ;
#1130 = FACE_OUTER_BOUND ( 'NONE', #1449, .T. ) ;
#1131 = EDGE_CURVE ( 'NONE', #1361, #878, #1336, .T. ) ;
#1132 = ORIENTED_EDGE ( 'NONE', *, *, #1549, .T. ) ;
#1133 = DIRECTION ( 'NONE',  ( -0.9161664130470700274, 0.000000000000000000, 0.4007980833343210980 ) ) ;
#1134 = ORIENTED_EDGE ( 'NONE', *, *, #366, .F. ) ;
#1135 = CARTESIAN_POINT ( 'NONE',  ( -20.00000000000000000, 39.09999999999993747, -51.89999999999668745 ) ) ;
#1136 = VERTEX_POINT ( 'NONE', #886 ) ;
#1137 = LINE ( 'NONE', #570, #795 ) ;
#1138 = FACE_OUTER_BOUND ( 'NONE', #1670, .T. ) ;
#1139 = ADVANCED_FACE ( 'NONE', ( #226 ), #1013, .F. ) ;
#1140 = EDGE_CURVE ( 'NONE', #436, #1088, #1331, .T. ) ;
#1141 = VERTEX_POINT ( 'NONE', #776 ) ;
#1142 = FACE_BOUND ( 'NONE', #692, .T. ) ;
#1143 = CARTESIAN_POINT ( 'NONE',  ( -18.00000000000000355, 37.09999999999993747, -43.89999999999946567 ) ) ;
#1144 = AXIS2_PLACEMENT_3D ( 'NONE', #306, #1129, #712 ) ;
#1145 = AXIS2_PLACEMENT_3D ( 'NONE', #987, #859, #1527 ) ;
#1146 = AXIS2_PLACEMENT_3D ( 'NONE', #898, #369, #102 ) ;
#1147 = ORIENTED_EDGE ( 'NONE', *, *, #178, .T. ) ;
#1148 = CARTESIAN_POINT ( 'NONE',  ( 2.431049838985145151, 33.46363636364127814, -31.68900442626700098 ) ) ;
#1149 = CIRCLE ( 'NONE', #709, 1.000000000000000444 ) ;
#1150 = EDGE_CURVE ( 'NONE', #1491, #988, #139, .T. ) ;
#1151 = AXIS2_PLACEMENT_3D ( 'NONE', #1560, #576, #1271 ) ;
#1152 = DIRECTION ( 'NONE',  ( -0.000000000000000000, -1.000000000000000000, -0.000000000000000000 ) ) ;
#1153 = ORIENTED_EDGE ( 'NONE', *, *, #1516, .T. ) ;
#1154 = CARTESIAN_POINT ( 'NONE',  ( 3.588948926189330377E-12, 34.09999999999993747, -33.89999999999550084 ) ) ;
#1155 = CARTESIAN_POINT ( 'NONE',  ( -1.860379088233209188, 34.09999999999993747, -32.20801908556362747 ) ) ;
#1156 = VERTEX_POINT ( 'NONE', #628 ) ;
#1157 = DIRECTION ( 'NONE',  ( 0.000000000000000000, 0.000000000000000000, 1.000000000000000000 ) ) ;
#1158 = ADVANCED_FACE ( 'NONE', ( #507 ), #752, .F. ) ;
#1159 = DIRECTION ( 'NONE',  ( 0.000000000000000000, 0.000000000000000000, 1.000000000000000000 ) ) ;
#1160 = VERTEX_POINT ( 'NONE', #908 ) ;
#1161 = DIRECTION ( 'NONE',  ( 0.000000000000000000, 1.000000000000000000, -0.000000000000000000 ) ) ;
#1162 = FACE_BOUND ( 'NONE', #1342, .T. ) ;
#1163 = ORIENTED_EDGE ( 'NONE', *, *, #1290, .T. ) ;
#1164 = CARTESIAN_POINT ( 'NONE',  ( 1.419383869521792185, 33.09999999999993747, -31.24642786401680183 ) ) ;
#1165 = ORIENTED_EDGE ( 'NONE', *, *, #502, .T. ) ;
#1166 = DIRECTION ( 'NONE',  ( -0.000000000000000000, 1.000000000000000000, -0.000000000000000000 ) ) ;
#1167 = DIRECTION ( 'NONE',  ( 0.000000000000000000, 0.000000000000000000, -1.000000000000000000 ) ) ;
#1168 = ORIENTED_EDGE ( 'NONE', *, *, #302, .T. ) ;
#1169 = CYLINDRICAL_SURFACE ( 'NONE', #1540, 1.750000000000001554 ) ;
#1170 = VERTEX_POINT ( 'NONE', #497 ) ;
#1171 = ADVANCED_FACE ( 'NONE', ( #635 ), #51, .T. ) ;
#1172 = CARTESIAN_POINT ( 'NONE',  ( -18.00000000000000355, 37.09999999999993747, -39.80806348744163614 ) ) ;
#1173 = ORIENTED_EDGE ( 'NONE', *, *, #1032, .F. ) ;
#1174 = CIRCLE ( 'NONE', #1288, 1.999999999999807487 ) ;
#1175 = CARTESIAN_POINT ( 'NONE',  ( 1.595058615586596451, 33.09999999999993747, -31.88609293847500226 ) ) ;
#1176 = ADVANCED_FACE ( 'NONE', ( #1508 ), #654, .T. ) ;
#1177 = AXIS2_PLACEMENT_3D ( 'NONE', #249, #349, #1339 ) ;
#1178 = CARTESIAN_POINT ( 'NONE',  ( -2.269107495235297645, 33.37619271382329345, -31.61815902865755490 ) ) ;
#1179 = CIRCLE ( 'NONE', #545, 1.999999999999807487 ) ;
#1180 = AXIS2_PLACEMENT_3D ( 'NONE', #1688, #1297, #1015 ) ;
#1181 = EDGE_LOOP ( 'NONE', ( #1745, #1539, #1435, #338, #1429, #215, #41, #1442, #1415, #13, #1057, #1444, #1547, #786, #1034, #1482, #1242, #228, #974, #486 ) ) ;
#1182 = DIRECTION ( 'NONE',  ( 0.000000000000000000, 0.000000000000000000, 1.000000000000000000 ) ) ;
#1183 = EDGE_LOOP ( 'NONE', ( #1711, #887, #825, #1776, #1168, #318, #1103, #537 ) ) ;
#1184 = PLANE ( 'NONE',  #515 ) ;
#1185 = CARTESIAN_POINT ( 'NONE',  ( -2.981467288376123292, 39.09999999999993747, -33.56705434628948126 ) ) ;
#1186 = CARTESIAN_POINT ( 'NONE',  ( 17.99999999999998579, 39.09999999999993747, 2.763276333414525735E-15 ) ) ;
#1187 = ORIENTED_EDGE ( 'NONE', *, *, #1278, .F. ) ;
#1188 = ADVANCED_FACE ( 'NONE', ( #940 ), #422, .F. ) ;
#1189 = CARTESIAN_POINT ( 'NONE',  ( -15.00000000000000355, 33.09999999999993747, -43.24999999999550226 ) ) ;
#1190 = ORIENTED_EDGE ( 'NONE', *, *, #321, .T. ) ;
#1191 = CARTESIAN_POINT ( 'NONE',  ( 1.718488620060104610, 33.09999999999993747, -32.05200664938840305 ) ) ;
#1192 = DIRECTION ( 'NONE',  ( 0.000000000000000000, 0.000000000000000000, 1.000000000000000000 ) ) ;
#1193 = CARTESIAN_POINT ( 'NONE',  ( -1.289453009684568663, 33.09999999999993747, -31.34163066050783186 ) ) ;
#1194 =( NAMED_UNIT ( * ) PLANE_ANGLE_UNIT ( ) SI_UNIT ( $, .RADIAN. ) );
#1195 = ORIENTED_EDGE ( 'NONE', *, *, #374, .T. ) ;
#1196 = DIRECTION ( 'NONE',  ( 0.000000000000000000, 0.000000000000000000, 1.000000000000000000 ) ) ;
#1197 = EDGE_CURVE ( 'NONE', #705, #889, #217, .T. ) ;
#1198 = EDGE_CURVE ( 'NONE', #988, #705, #687, .T. ) ;
#1199 = ORIENTED_EDGE ( 'NONE', *, *, #103, .T. ) ;
#1200 = DIRECTION ( 'NONE',  ( 0.000000000000000000, 1.000000000000000000, -0.000000000000000000 ) ) ;
#1201 = CARTESIAN_POINT ( 'NONE',  ( 20.00000000000000000, 33.09999999999993747, -48.89999999999668745 ) ) ;
#1202 = DIRECTION ( 'NONE',  ( -0.000000000000000000, -1.000000000000000000, -0.000000000000000000 ) ) ;
#1203 = AXIS2_PLACEMENT_3D ( 'NONE', #149, #143, #1360 ) ;
#1204 = APPLICATION_PROTOCOL_DEFINITION ( 'draft international standard', 'automotive_design', 1998, #299 ) ;
#1205 = ORIENTED_EDGE ( 'NONE', *, *, #1068, .T. ) ;
#1206 = ADVANCED_FACE ( 'NONE', ( #378 ), #1347, .F. ) ;
#1207 = AXIS2_PLACEMENT_3D ( 'NONE', #1201, #516, #672 ) ;
#1208 = CARTESIAN_POINT ( 'NONE',  ( -20.00000000000000000, 39.09999999999993747, -45.89999999999946567 ) ) ;
#1209 = AXIS2_PLACEMENT_3D ( 'NONE', #1127, #748, #1299 ) ;
#1210 = ORIENTED_EDGE ( 'NONE', *, *, #1128, .T. ) ;
#1211 = CARTESIAN_POINT ( 'NONE',  ( 1.692587293536028881, 33.15921726457135321, -31.36594699411741871 ) ) ;
#1212 = LINE ( 'NONE', #1060, #1263 ) ;
#1213 = CARTESIAN_POINT ( 'NONE',  ( -17.99999999999996803, 39.09999999999993747, 8.289829000243568132E-15 ) ) ;
#1214 = ORIENTED_EDGE ( 'NONE', *, *, #1304, .F. ) ;
#1215 = CARTESIAN_POINT ( 'NONE',  ( -18.81575529966787741, 36.51948321323273206, -45.51546766364620566 ) ) ;
#1216 = ORIENTED_EDGE ( 'NONE', *, *, #211, .F. ) ;
#1217 = DIRECTION ( 'NONE',  ( 0.000000000000000000, 0.000000000000000000, -1.000000000000000000 ) ) ;
#1218 = DIRECTION ( 'NONE',  ( 0.000000000000000000, 0.000000000000000000, -1.000000000000000000 ) ) ;
#1219 = CARTESIAN_POINT ( 'NONE',  ( 3.104771469423212693, 33.87524816380455661, -31.98373945948261010 ) ) ;
#1220 = DIRECTION ( 'NONE',  ( 0.000000000000000000, 0.000000000000000000, 1.000000000000000000 ) ) ;
#1221 = PLANE ( 'NONE',  #1635 ) ;
#1222 = ORIENTED_EDGE ( 'NONE', *, *, #1150, .T. ) ;
#1223 = CARTESIAN_POINT ( 'NONE',  ( 19.99999999999999645, 39.09999999999993747, -43.89999999999946567 ) ) ;
#1224 = ORIENTED_EDGE ( 'NONE', *, *, #789, .T. ) ;
#1225 = CARTESIAN_POINT ( 'NONE',  ( -3.975289717836026693, 36.09999999999993747, -33.45607246172080806 ) ) ;
#1226 = CARTESIAN_POINT ( 'NONE',  ( 18.72422459233930070, 36.61102151439105512, -52.35501708011776856 ) ) ;
#1227 = CARTESIAN_POINT ( 'NONE',  ( -20.00000000000000000, 35.09999999999993747, -51.89999999999529479 ) ) ;
#1228 = CARTESIAN_POINT ( 'NONE',  ( 3.588948926189330377E-12, 33.09999999999993747, -33.89999999999550084 ) ) ;
#1229 = EDGE_CURVE ( 'NONE', #847, #521, #12, .T. ) ;
#1230 = ORIENTED_EDGE ( 'NONE', *, *, #879, .T. ) ;
#1231 = CARTESIAN_POINT ( 'NONE',  ( -10.12171754837315873, 37.09999999999993747, -35.05346401961982394 ) ) ;
#1232 = VECTOR ( 'NONE', #673, 1000.000000000000000 ) ;
#1233 = CIRCLE ( 'NONE', #1687, 1.000000000000000888 ) ;
#1234 = ORIENTED_EDGE ( 'NONE', *, *, #288, .F. ) ;
#1235 = CYLINDRICAL_SURFACE ( 'NONE', #1322, 2.999999999998607780 ) ;
#1236 = CARTESIAN_POINT ( 'NONE',  ( 18.30376703137034866, 36.97225899842100461, -52.83198186171924249 ) ) ;
#1237 = CIRCLE ( 'NONE', #1383, 1.999999999997226219 ) ;
#1238 = ADVANCED_FACE ( 'NONE', ( #1762 ), #1568, .F. ) ;
#1239 = TOROIDAL_SURFACE ( 'NONE', #1636, 2.514718625761240389, 1.000000000000000000 ) ;
#1240 = CARTESIAN_POINT ( 'NONE',  ( -18.11505979427870372, 37.08431084434827341, -53.21610615642543252 ) ) ;
#1241 = CARTESIAN_POINT ( 'NONE',  ( -2.209122324790922409, 33.09999999999993037, -31.89084346043225793 ) ) ;
#1242 = ORIENTED_EDGE ( 'NONE', *, *, #869, .T. ) ;
#1243 = CARTESIAN_POINT ( 'NONE',  ( -18.04040820577322179, 37.09999999999993747, -44.29999999999829896 ) ) ;
#1244 = VERTEX_POINT ( 'NONE', #414 ) ;
#1245 = CARTESIAN_POINT ( 'NONE',  ( 14.99999999999999645, 37.09999999999993747, -69.74999999999549516 ) ) ;
#1246 = AXIS2_PLACEMENT_3D ( 'NONE', #604, #498, #1763 ) ;
#1247 = CARTESIAN_POINT ( 'NONE',  ( -19.82092769983375291, 35.33118096640014727, -51.89999999999599822 ) ) ;
#1248 = CYLINDRICAL_SURFACE ( 'NONE', #1750, 1.750000000000001554 ) ;
#1249 = EDGE_CURVE ( 'NONE', #244, #1696, #271, .T. ) ;
#1250 = CARTESIAN_POINT ( 'NONE',  ( 18.00000000000000000, 39.09999999999993747, -39.80806348744163614 ) ) ;
#1251 = EDGE_LOOP ( 'NONE', ( #1610, #292, #1165, #590, #902 ) ) ;
#1252 = CARTESIAN_POINT ( 'NONE',  ( -20.00000000000000000, 37.09999999999993747, -48.89999999999668745 ) ) ;
#1253 = DIRECTION ( 'NONE',  ( 0.000000000000000000, 0.000000000000000000, -1.000000000000000000 ) ) ;
#1254 = LINE ( 'NONE', #584, #190 ) ;
#1255 = CARTESIAN_POINT ( 'NONE',  ( -20.00000000000000000, 33.09999999999993747, -48.89999999999668745 ) ) ;
#1256 = EDGE_CURVE ( 'NONE', #481, #93, #1174, .T. ) ;
#1257 = ORIENTED_EDGE ( 'NONE', *, *, #54, .F. ) ;
#1258 = CARTESIAN_POINT ( 'NONE',  ( -20.00000000000000000, 33.09999999999993747, -45.89999999999669456 ) ) ;
#1259 = AXIS2_PLACEMENT_3D ( 'NONE', #1399, #1697, #148 ) ;
#1260 = VECTOR ( 'NONE', #1634, 1000.000000000000000 ) ;
#1261 = VERTEX_POINT ( 'NONE', #664 ) ;
#1262 = CARTESIAN_POINT ( 'NONE',  ( -18.30377045948983294, 36.97225661134748265, -52.83197627992445433 ) ) ;
#1263 = VECTOR ( 'NONE', #1477, 1000.000000000000000 ) ;
#1264 = CIRCLE ( 'NONE', #1727, 2.000000000000001776 ) ;
#1265 = CARTESIAN_POINT ( 'NONE',  ( -3.975289717836026693, 39.09999999999993747, -33.45607246172080806 ) ) ;
#1266 = CARTESIAN_POINT ( 'NONE',  ( -20.00000000000000000, 33.09999999999993747, -50.89999999999668745 ) ) ;
#1267 =( GEOMETRIC_REPRESENTATION_CONTEXT ( 3 ) GLOBAL_UNCERTAINTY_ASSIGNED_CONTEXT ( ( #1085 ) ) GLOBAL_UNIT_ASSIGNED_CONTEXT ( ( #655, #1194, #371 ) ) REPRESENTATION_CONTEXT ( 'NONE', 'WORKASPACE' ) );
#1268 = VERTEX_POINT ( 'NONE', #1771 ) ;
#1269 = LINE ( 'NONE', #725, #918 ) ;
#1270 = ORIENTED_EDGE ( 'NONE', *, *, #45, .T. ) ;
#1271 = DIRECTION ( 'NONE',  ( 0.000000000000000000, 0.000000000000000000, 1.000000000000000000 ) ) ;
#1272 = ORIENTED_EDGE ( 'NONE', *, *, #1645, .F. ) ;
#1273 = EDGE_CURVE ( 'NONE', #521, #61, #392, .T. ) ;
#1274 = CYLINDRICAL_SURFACE ( 'NONE', #1259, 1.000000000000000888 ) ;
#1275 = CARTESIAN_POINT ( 'NONE',  ( -7.866207305171855069, 36.62775116199945558, -34.06673915223532845 ) ) ;
#1276 = ORIENTED_EDGE ( 'NONE', *, *, #225, .F. ) ;
#1277 = FACE_OUTER_BOUND ( 'NONE', #698, .T. ) ;
#1278 = EDGE_CURVE ( 'NONE', #490, #749, #884, .T. ) ;
#1279 = CARTESIAN_POINT ( 'NONE',  ( 20.00000000000000000, 33.09999999999993747, -48.89999999999668745 ) ) ;
#1280 = EDGE_LOOP ( 'NONE', ( #1234, #1066, #1576, #46 ) ) ;
#1281 = DIRECTION ( 'NONE',  ( 0.000000000000000000, 1.000000000000000000, 0.000000000000000000 ) ) ;
#1282 = CARTESIAN_POINT ( 'NONE',  ( 3.975289717843576209, 39.09999999999993747, -32.45607246172411919 ) ) ;
#1283 = ORIENTED_EDGE ( 'NONE', *, *, #342, .T. ) ;
#1284 = DIRECTION ( 'NONE',  ( 1.000000000000000000, -0.000000000000000000, 1.535153518563626696E-16 ) ) ;
#1285 = VECTOR ( 'NONE', #746, 1000.000000000000000 ) ;
#1286 = ORIENTED_EDGE ( 'NONE', *, *, #116, .T. ) ;
#1287 = CYLINDRICAL_SURFACE ( 'NONE', #195, 1.750000000000001554 ) ;
#1288 = AXIS2_PLACEMENT_3D ( 'NONE', #123, #1517, #1627 ) ;
#1289 = AXIS2_PLACEMENT_3D ( 'NONE', #229, #237, #1343 ) ;
#1290 = EDGE_CURVE ( 'NONE', #796, #39, #919, .T. ) ;
#1291 = CIRCLE ( 'NONE', #1380, 2.000000000000001776 ) ;
#1292 = EDGE_LOOP ( 'NONE', ( #375, #965, #707, #427 ) ) ;
#1293 = CARTESIAN_POINT ( 'NONE',  ( 18.46099266045400356, 36.85033277848831545, -45.18426077163417176 ) ) ;
#1294 = AXIS2_PLACEMENT_3D ( 'NONE', #1028, #1327, #231 ) ;
#1295 = CARTESIAN_POINT ( 'NONE',  ( 3.588948926189330377E-12, 36.09999999999993747, -33.89999999999550084 ) ) ;
#1296 = ORIENTED_EDGE ( 'NONE', *, *, #179, .T. ) ;
#1297 = DIRECTION ( 'NONE',  ( 0.000000000000000000, 1.000000000000000000, 0.000000000000000000 ) ) ;
#1298 = DIRECTION ( 'NONE',  ( 0.000000000000000000, 1.000000000000000000, -0.000000000000000000 ) ) ;
#1299 = DIRECTION ( 'NONE',  ( 0.000000000000000000, 0.000000000000000000, 1.000000000000000000 ) ) ;
#1300 = ORIENTED_EDGE ( 'NONE', *, *, #1140, .F. ) ;
#1301 = CARTESIAN_POINT ( 'NONE',  ( 17.99999999999999289, 39.09999999999993747, -53.89999999999668745 ) ) ;
#1302 = CARTESIAN_POINT ( 'NONE',  ( -1.289409683633420567, 33.09999999999993037, -31.34189257879234347 ) ) ;
#1303 = VECTOR ( 'NONE', #518, 1000.000000000000000 ) ;
#1304 = EDGE_CURVE ( 'NONE', #238, #322, #281, .T. ) ;
#1305 = VERTEX_POINT ( 'NONE', #517 ) ;
#1306 = FACE_BOUND ( 'NONE', #941, .T. ) ;
#1307 = VERTEX_POINT ( 'NONE', #546 ) ;
#1308 = DIRECTION ( 'NONE',  ( 0.000000000000000000, 1.000000000000000000, -0.000000000000000000 ) ) ;
#1309 = ORIENTED_EDGE ( 'NONE', *, *, #730, .F. ) ;
#1310 = DIRECTION ( 'NONE',  ( 0.000000000000000000, 0.000000000000000000, -1.000000000000000000 ) ) ;
#1311 = CARTESIAN_POINT ( 'NONE',  ( -1.719156369096638493, 33.09999999999993747, -32.05274086036341430 ) ) ;
#1312 = ORIENTED_EDGE ( 'NONE', *, *, #674, .T. ) ;
#1313 = VECTOR ( 'NONE', #326, 1000.000000000000000 ) ;
#1314 = DIRECTION ( 'NONE',  ( 1.734723475976805517E-15, 0.000000000000000000, 1.000000000000000000 ) ) ;
#1315 = ORIENTED_EDGE ( 'NONE', *, *, #1329, .F. ) ;
#1316 = CARTESIAN_POINT ( 'NONE',  ( 1.382855293533282515, 33.09999999999993747, -31.52787276260309568 ) ) ;
#1317 = CARTESIAN_POINT ( 'NONE',  ( 14.99999999999999645, 37.09999999999993747, -39.74999999999549516 ) ) ;
#1318 = CARTESIAN_POINT ( 'NONE',  ( 19.82092769361488394, 35.33118096158320753, -45.89999999999947988 ) ) ;
#1319 = EDGE_CURVE ( 'NONE', #816, #1141, #643, .T. ) ;
#1320 = COLOUR_RGB ( '',0.7921568627450980005, 0.8196078431372548767, 0.9333333333333333481 ) ;
#1321 = CARTESIAN_POINT ( 'NONE',  ( -1.202394249999297449, 33.09999999999993747, -31.15150076085446784 ) ) ;
#1322 = AXIS2_PLACEMENT_3D ( 'NONE', #1664, #975, #1217 ) ;
#1323 = AXIS2_PLACEMENT_3D ( 'NONE', #57, #842, #329 ) ;
#1324 = ORIENTED_EDGE ( 'NONE', *, *, #1113, .F. ) ;
#1325 = LINE ( 'NONE', #353, #1694 ) ;
#1326 = EDGE_LOOP ( 'NONE', ( #328, #1134, #1501, #512, #1561 ) ) ;
#1327 = DIRECTION ( 'NONE',  ( -0.000000000000000000, -1.000000000000000000, -0.000000000000000000 ) ) ;
#1328 = CARTESIAN_POINT ( 'NONE',  ( 0.000000000000000000, 39.09999999999993747, -74.49999999999549516 ) ) ;
#1329 = EDGE_CURVE ( 'NONE', #202, #1123, #1752, .T. ) ;
#1330 = ADVANCED_FACE ( 'NONE', ( #685 ), #1548, .F. ) ;
#1331 = LINE ( 'NONE', #489, #1465 ) ;
#1332 = ORIENTED_EDGE ( 'NONE', *, *, #1392, .F. ) ;
#1333 = CARTESIAN_POINT ( 'NONE',  ( 14.99999999999999645, 39.09999999999993747, -39.74999999999549516 ) ) ;
#1334 = VECTOR ( 'NONE', #1041, 1000.000000000000000 ) ;
#1335 = EDGE_LOOP ( 'NONE', ( #990, #37, #772 ) ) ;
#1336 = B_SPLINE_CURVE_WITH_KNOTS ( 'NONE', 3,
 ( #1321, #1302, #1734, #214, #1311, #1600 ),
 .UNSPECIFIED., .F., .F.,
 ( 4, 2, 4 ),
 ( -7.071067812137017392E-06, 0.0006209309785708699587, 0.001248933024953876886 ),
 .UNSPECIFIED. ) ;
#1337 = CARTESIAN_POINT ( 'NONE',  ( 3.589193855549159494E-12, 33.09999999999993747, -31.89999999999569624 ) ) ;
#1338 = EDGE_CURVE ( 'NONE', #557, #200, #1137, .T. ) ;
#1339 = DIRECTION ( 'NONE',  ( 0.000000000000000000, 0.000000000000000000, 1.000000000000000000 ) ) ;
#1340 = DIRECTION ( 'NONE',  ( 1.040834085586083310E-14, 0.000000000000000000, 1.000000000000000000 ) ) ;
#1341 = FACE_OUTER_BOUND ( 'NONE', #944, .T. ) ;
#1342 = EDGE_LOOP ( 'NONE', ( #917, #1187 ) ) ;
#1343 = DIRECTION ( 'NONE',  ( 0.000000000000000000, 0.000000000000000000, 1.000000000000000000 ) ) ;
#1344 = ORIENTED_EDGE ( 'NONE', *, *, #1630, .T. ) ;
#1345 = DIRECTION ( 'NONE',  ( 0.000000000000000000, 0.000000000000000000, 1.000000000000000000 ) ) ;
#1346 = LINE ( 'NONE', #1092, #1488 ) ;
#1347 = PLANE ( 'NONE',  #616 ) ;
#1348 = AXIS2_PLACEMENT_3D ( 'NONE', #448, #1698, #572 ) ;
#1349 = DIRECTION ( 'NONE',  ( 0.000000000000000000, 0.000000000000000000, 1.000000000000000000 ) ) ;
#1350 = ORIENTED_EDGE ( 'NONE', *, *, #1486, .F. ) ;
#1351 = VECTOR ( 'NONE', #1703, 1000.000000000000000 ) ;
#1352 = CARTESIAN_POINT ( 'NONE',  ( 3.588948926189330377E-12, 37.09999999999993747, -33.89999999999550084 ) ) ;
#1353 = ORIENTED_EDGE ( 'NONE', *, *, #821, .T. ) ;
#1354 = DIRECTION ( 'NONE',  ( -0.000000000000000000, -1.000000000000000000, 0.000000000000000000 ) ) ;
#1355 = CARTESIAN_POINT ( 'NONE',  ( 1.379212430722111193, 33.09999999999993747, -31.53139336680033722 ) ) ;
#1356 = DIRECTION ( 'NONE',  ( 1.000000000000000000, -0.000000000000000000, 0.000000000000000000 ) ) ;
#1357 = DIRECTION ( 'NONE',  ( -0.000000000000000000, 1.000000000000000000, 0.000000000000000000 ) ) ;
#1358 = CARTESIAN_POINT ( 'NONE',  ( -4.376087801170346125, 36.09999999999993747, -32.53990604867374259 ) ) ;
#1359 = ORIENTED_EDGE ( 'NONE', *, *, #1675, .T. ) ;
#1360 = DIRECTION ( 'NONE',  ( 0.000000000000000000, 0.000000000000000000, 1.000000000000000000 ) ) ;
#1361 = VERTEX_POINT ( 'NONE', #431 ) ;
#1362 = DIRECTION ( 'NONE',  ( 0.000000000000000000, 1.000000000000000000, 0.000000000000000000 ) ) ;
#1363 = CARTESIAN_POINT ( 'NONE',  ( 18.23238853725278474, 37.02030896749991484, -52.95329006812329453 ) ) ;
#1364 = ADVANCED_FACE ( 'NONE', ( #1682 ), #153, .F. ) ;
#1365 = CARTESIAN_POINT ( 'NONE',  ( 20.00000000000000000, 39.09999999999993747, -48.89999999999668745 ) ) ;
#1366 = DIRECTION ( 'NONE',  ( 0.000000000000000000, 0.000000000000000000, 1.000000000000000000 ) ) ;
#1367 = VERTEX_POINT ( 'NONE', #1120 ) ;
#1368 = CARTESIAN_POINT ( 'NONE',  ( -4.376087801170347902, 39.09999999999993747, -32.53990604867374259 ) ) ;
#1369 = EDGE_CURVE ( 'NONE', #440, #598, #979, .T. ) ;
#1370 = ORIENTED_EDGE ( 'NONE', *, *, #155, .F. ) ;
#1371 = FACE_BOUND ( 'NONE', #303, .T. ) ;
#1372 = CARTESIAN_POINT ( 'NONE',  ( 18.54764347578191064, 36.77577744097449397, -52.51969726506112579 ) ) ;
#1373 = CARTESIAN_POINT ( 'NONE',  ( 14.99999999999999645, 33.09999999999993747, -71.49999999999549516 ) ) ;
#1374 = DIRECTION ( 'NONE',  ( 0.000000000000000000, 1.000000000000000000, -0.000000000000000000 ) ) ;
#1375 = EDGE_CURVE ( 'NONE', #1305, #606, #1115, .T. ) ;
#1376 = ORIENTED_EDGE ( 'NONE', *, *, #978, .F. ) ;
#1377 = CARTESIAN_POINT ( 'NONE',  ( -1.860379088233209188, 33.09999999999993747, -32.20801908556362747 ) ) ;
#1378 = AXIS2_PLACEMENT_3D ( 'NONE', #42, #289, #160 ) ;
#1379 = CIRCLE ( 'NONE', #1348, 1.750000000000001554 ) ;
#1380 = AXIS2_PLACEMENT_3D ( 'NONE', #1100, #159, #1779 ) ;
#1381 = ORIENTED_EDGE ( 'NONE', *, *, #804, .T. ) ;
#1382 = DIRECTION ( 'NONE',  ( 0.000000000000000000, -1.000000000000000000, -0.000000000000000000 ) ) ;
#1383 = AXIS2_PLACEMENT_3D ( 'NONE', #1058, #75, #1345 ) ;
#1384 = CARTESIAN_POINT ( 'NONE',  ( -15.00000000000000355, 33.09999999999993747, -69.74999999999549516 ) ) ;
#1385 = EDGE_CURVE ( 'NONE', #196, #953, #296, .T. ) ;
#1386 = CARTESIAN_POINT ( 'NONE',  ( -15.00000000000000355, 37.09999999999993747, -71.49999999999549516 ) ) ;
#1387 = EDGE_CURVE ( 'NONE', #1716, #1160, #865, .T. ) ;
#1388 = CARTESIAN_POINT ( 'NONE',  ( -19.82025880284568231, 35.33204448151622756, -45.89999999999879066 ) ) ;
#1389 = ORIENTED_EDGE ( 'NONE', *, *, #402, .T. ) ;
#1390 = DIRECTION ( 'NONE',  ( 0.000000000000000000, 0.000000000000000000, 1.000000000000000000 ) ) ;
#1391 = CARTESIAN_POINT ( 'NONE',  ( 20.00000000000000000, 37.09999999999993747, -48.89999999999668745 ) ) ;
#1392 = EDGE_CURVE ( 'NONE', #200, #1016, #563, .T. ) ;
#1393 = DIRECTION ( 'NONE',  ( -0.000000000000000000, -1.000000000000000000, -0.000000000000000000 ) ) ;
#1394 = EDGE_CURVE ( 'NONE', #72, #1653, #1254, .T. ) ;
#1395 = LINE ( 'NONE', #1005, #828 ) ;
#1396 = ORIENTED_EDGE ( 'NONE', *, *, #1769, .F. ) ;
#1397 = DIRECTION ( 'NONE',  ( 0.000000000000000000, 0.000000000000000000, 1.000000000000000000 ) ) ;
#1398 = DIRECTION ( 'NONE',  ( 0.000000000000000000, 1.000000000000000000, -0.000000000000000000 ) ) ;
#1399 = CARTESIAN_POINT ( 'NONE',  ( 3.975289717843576209, 36.09999999999993747, -33.45607246172411919 ) ) ;
#1400 = CARTESIAN_POINT ( 'NONE',  ( -2.777539483430722989, 33.65072959832237132, -31.84058429583142669 ) ) ;
#1401 = ORIENTED_EDGE ( 'NONE', *, *, #881, .F. ) ;
#1402 = AXIS2_PLACEMENT_3D ( 'NONE', #1102, #532, #1070 ) ;
#1403 = FACE_BOUND ( 'NONE', #1708, .T. ) ;
#1404 = PRODUCT ( 'Part5', 'Part5', '', ( #290 ) ) ;
#1405 = CIRCLE ( 'NONE', #1203, 2.000000000000001776 ) ;
#1406 = ORIENTED_EDGE ( 'NONE', *, *, #11, .T. ) ;
#1407 = CARTESIAN_POINT ( 'NONE',  ( 2.039749631275976860, 33.26821068301070028, -31.51782114446937655 ) ) ;
#1408 = CIRCLE ( 'NONE', #222, 1.000000000000001554 ) ;
#1409 = AXIS2_PLACEMENT_3D ( 'NONE', #745, #1671, #434 ) ;
#1410 = VERTEX_POINT ( 'NONE', #35 ) ;
#1411 = DIRECTION ( 'NONE',  ( -0.000000000000000000, -1.000000000000000000, -0.000000000000000000 ) ) ;
#1412 = CARTESIAN_POINT ( 'NONE',  ( -2.431049838963998511, 33.46363636363629723, -31.68900442625774261 ) ) ;
#1413 = VERTEX_POINT ( 'NONE', #424 ) ;
#1414 = CARTESIAN_POINT ( 'NONE',  ( -2.431049838963998511, 33.46363636363629723, -31.68900442625774261 ) ) ;
#1415 = ORIENTED_EDGE ( 'NONE', *, *, #881, .T. ) ;
#1416 = DIRECTION ( 'NONE',  ( 0.000000000000000000, 0.000000000000000000, -1.000000000000000000 ) ) ;
#1417 = EDGE_CURVE ( 'NONE', #403, #579, #437, .T. ) ;
#1418 = EDGE_LOOP ( 'NONE', ( #891, #1454, #1595, #1605 ) ) ;
#1419 = DIRECTION ( 'NONE',  ( 0.000000000000000000, 0.000000000000000000, 1.000000000000000000 ) ) ;
#1420 = CARTESIAN_POINT ( 'NONE',  ( 14.99999999999999645, 39.09999999999993747, -71.49999999999549516 ) ) ;
#1421 = CIRCLE ( 'NONE', #1071, 2.999999999998607780 ) ;
#1422 = ORIENTED_EDGE ( 'NONE', *, *, #471, .T. ) ;
#1423 = DIRECTION ( 'NONE',  ( 0.000000000000000000, 0.000000000000000000, 1.000000000000000000 ) ) ;
#1424 = CARTESIAN_POINT ( 'NONE',  ( -1.202394250000452303, 39.09999999999993747, -31.15150076085182818 ) ) ;
#1425 = B_SPLINE_CURVE_WITH_KNOTS ( 'NONE', 3,
 ( #1502, #1388, #1518, #380, #5, #1215, #824, #1492, #1064, #284, #1104, #833, #256, #1243 ),
 .UNSPECIFIED., .F., .F.,
 ( 4, 2, 2, 2, 2, 2, 4 ),
 ( -8.944275052596089049E-06, 0.0008716028895150741956, 0.001752150054082744638, 0.002192423636366589833, 0.002632697218650435246, 0.003072970800934280659, 0.003513244383218126071 ),
 .UNSPECIFIED. ) ;
#1426 = ORIENTED_EDGE ( 'NONE', *, *, #1772, .T. ) ;
#1427 = CARTESIAN_POINT ( 'NONE',  ( 18.07012841782374224, 37.09999999999994458, -44.44559870914040545 ) ) ;
#1428 = CARTESIAN_POINT ( 'NONE',  ( -16.80159616666864508, 37.09999999999993747, -37.97573066134749098 ) ) ;
#1429 = ORIENTED_EDGE ( 'NONE', *, *, #53, .T. ) ;
#1430 = DIRECTION ( 'NONE',  ( -0.000000000000000000, -1.000000000000000000, 0.000000000000000000 ) ) ;
#1431 = CARTESIAN_POINT ( 'NONE',  ( -20.00000000000000000, 39.09999999999993747, -45.89999999999808011 ) ) ;
#1432 = EDGE_LOOP ( 'NONE', ( #3, #1173 ) ) ;
#1433 = DIRECTION ( 'NONE',  ( -0.000000000000000000, -1.000000000000000000, -0.000000000000000000 ) ) ;
#1434 = AXIS2_PLACEMENT_3D ( 'NONE', #1255, #723, #875 ) ;
#1435 = ORIENTED_EDGE ( 'NONE', *, *, #88, .T. ) ;
#1436 = DIRECTION ( 'NONE',  ( 0.000000000000000000, 1.000000000000000000, 0.000000000000000000 ) ) ;
#1437 = ADVANCED_FACE ( 'NONE', ( #839 ), #1274, .T. ) ;
#1438 = CIRCLE ( 'NONE', #571, 4.999999999997221778 ) ;
#1439 = DIRECTION ( 'NONE',  ( -0.000000000000000000, 1.000000000000000000, -0.000000000000000000 ) ) ;
#1440 = ORIENTED_EDGE ( 'NONE', *, *, #1198, .T. ) ;
#1441 = CARTESIAN_POINT ( 'NONE',  ( 14.99999999999999645, 39.09999999999993747, -71.49999999999549516 ) ) ;
#1442 = ORIENTED_EDGE ( 'NONE', *, *, #1458, .T. ) ;
#1443 = DIRECTION ( 'NONE',  ( 0.000000000000000000, 0.000000000000000000, 1.000000000000000000 ) ) ;
#1444 = ORIENTED_EDGE ( 'NONE', *, *, #1229, .T. ) ;
#1445 = CARTESIAN_POINT ( 'NONE',  ( 3.975289717843576209, 39.09999999999993747, -33.45607246172411919 ) ) ;
#1446 = EDGE_CURVE ( 'NONE', #1009, #481, #696, .T. ) ;
#1447 = ORIENTED_EDGE ( 'NONE', *, *, #168, .T. ) ;
#1448 = DIRECTION ( 'NONE',  ( 0.000000000000000000, 0.000000000000000000, -1.000000000000000000 ) ) ;
#1449 = EDGE_LOOP ( 'NONE', ( #108, #727, #1025, #1315 ) ) ;
#1450 = CARTESIAN_POINT ( 'NONE',  ( 20.00000000000000000, 39.09999999999993747, -50.89999999999391633 ) ) ;
#1451 = EDGE_CURVE ( 'NONE', #1036, #598, #172, .T. ) ;
#1452 = CARTESIAN_POINT ( 'NONE',  ( 3.588948926189330377E-12, 33.09999999999993747, -35.89999999999530900 ) ) ;
#1453 = DIRECTION ( 'NONE',  ( -0.000000000000000000, -1.000000000000000000, -0.000000000000000000 ) ) ;
#1454 = ORIENTED_EDGE ( 'NONE', *, *, #1446, .T. ) ;
#1455 = CARTESIAN_POINT ( 'NONE',  ( -18.00000000000000355, 39.09999999999993747, -74.49999999999549516 ) ) ;
#1456 = ORIENTED_EDGE ( 'NONE', *, *, #689, .T. ) ;
#1457 = CARTESIAN_POINT ( 'NONE',  ( 3.975289717843576209, 36.09999999999993747, -32.45607246172411919 ) ) ;
#1458 = EDGE_CURVE ( 'NONE', #1410, #557, #909, .T. ) ;
#1459 = EDGE_CURVE ( 'NONE', #209, #733, #362, .T. ) ;
#1460 = CARTESIAN_POINT ( 'NONE',  ( 10.11984925949079184, 37.07487755406201302, -35.05264669364881058 ) ) ;
#1461 = VECTOR ( 'NONE', #1411, 1000.000000000000000 ) ;
#1462 = CIRCLE ( 'NONE', #1721, 1.750000000000001554 ) ;
#1463 = VECTOR ( 'NONE', #1038, 1000.000000000000000 ) ;
#1464 = AXIS2_PLACEMENT_3D ( 'NONE', #861, #1161, #1397 ) ;
#1465 = VECTOR ( 'NONE', #1439, 1000.000000000000000 ) ;
#1466 = ORIENTED_EDGE ( 'NONE', *, *, #820, .T. ) ;
#1467 = DIRECTION ( 'NONE',  ( -0.000000000000000000, 1.000000000000000000, -0.000000000000000000 ) ) ;
#1468 = ORIENTED_EDGE ( 'NONE', *, *, #779, .T. ) ;
#1469 = DIRECTION ( 'NONE',  ( -1.000000000000000000, 0.000000000000000000, -0.000000000000000000 ) ) ;
#1470 = CARTESIAN_POINT ( 'NONE',  ( 7.831445933369053591, 36.61665133250404125, -34.05153199009290432 ) ) ;
#1471 = CARTESIAN_POINT ( 'NONE',  ( -1.432618068380563159, 33.09999999999993747, -31.61908396340526295 ) ) ;
#1472 = FACE_BOUND ( 'NONE', #904, .T. ) ;
#1473 = ORIENTED_EDGE ( 'NONE', *, *, #1417, .T. ) ;
#1474 = LINE ( 'NONE', #609, #479 ) ;
#1475 = ORIENTED_EDGE ( 'NONE', *, *, #1385, .T. ) ;
#1476 = CARTESIAN_POINT ( 'NONE',  ( 1.202394250006474596, 33.09999999999993747, -31.15150076085446784 ) ) ;
#1477 = DIRECTION ( 'NONE',  ( -0.9161664130470701384, 0.000000000000000000, -0.4007980833343209315 ) ) ;
#1478 = CARTESIAN_POINT ( 'NONE',  ( 3.588948926189330377E-12, 27.09999999999993747, -33.89999999999550084 ) ) ;
#1479 = FACE_BOUND ( 'NONE', #1737, .T. ) ;
#1480 = ORIENTED_EDGE ( 'NONE', *, *, #1290, .F. ) ;
#1481 = CARTESIAN_POINT ( 'NONE',  ( 20.00000000000000000, 37.09999999999993747, -48.89999999999668745 ) ) ;
#1482 = ORIENTED_EDGE ( 'NONE', *, *, #1451, .T. ) ;
#1483 = FACE_OUTER_BOUND ( 'NONE', #932, .T. ) ;
#1484 = CARTESIAN_POINT ( 'NONE',  ( -15.00000000000000355, 37.09999999999993747, -43.24999999999550226 ) ) ;
#1485 = CARTESIAN_POINT ( 'NONE',  ( 9.347731295728445744, 36.97655327603288811, -34.71486591978840863 ) ) ;
#1486 = EDGE_CURVE ( 'NONE', #236, #322, #592, .T. ) ;
#1487 = DIRECTION ( 'NONE',  ( 0.000000000000000000, 0.000000000000000000, 1.000000000000000000 ) ) ;
#1488 = VECTOR ( 'NONE', #1650, 1000.000000000000000 ) ;
#1489 = AXIS2_PLACEMENT_3D ( 'NONE', #1481, #1644, #1620 ) ;
#1490 = CARTESIAN_POINT ( 'NONE',  ( 14.99999999999999645, 33.09999999999993747, -71.49999999999549516 ) ) ;
#1491 = VERTEX_POINT ( 'NONE', #1148 ) ;
#1492 = CARTESIAN_POINT ( 'NONE',  ( -18.54764347578014849, 36.77577744097350632, -45.28030273493315150 ) ) ;
#1493 = ADVANCED_FACE ( 'NONE', ( #577 ), #1248, .F. ) ;
#1494 = CIRCLE ( 'NONE', #1209, 1.750000000000001554 ) ;
#1495 = ORIENTED_EDGE ( 'NONE', *, *, #344, .T. ) ;
#1496 = CYLINDRICAL_SURFACE ( 'NONE', #425, 1.000000000000000888 ) ;
#1497 = CARTESIAN_POINT ( 'NONE',  ( 18.46098711792785352, 36.85033734802371441, -52.61574598447963780 ) ) ;
#1498 = CARTESIAN_POINT ( 'NONE',  ( 3.588948926189330377E-12, 33.09999999999993747, -33.89999999999550084 ) ) ;
#1499 = DIRECTION ( 'NONE',  ( 0.000000000000000000, 0.000000000000000000, 1.000000000000000000 ) ) ;
#1500 = APPLICATION_PROTOCOL_DEFINITION ( 'draft international standard', 'automotive_design', 1998, #389 ) ;
#1501 = ORIENTED_EDGE ( 'NONE', *, *, #168, .F. ) ;
#1502 = CARTESIAN_POINT ( 'NONE',  ( -20.00000000000000000, 35.09999999999993747, -45.89999999999946567 ) ) ;
#1503 = EDGE_LOOP ( 'NONE', ( #784, #347 ) ) ;
#1504 = CARTESIAN_POINT ( 'NONE',  ( -2.981467288376123292, 36.09999999999993747, -33.56705434628948126 ) ) ;
#1505 = B_SPLINE_CURVE_WITH_KNOTS ( 'NONE', 3,
 ( #18, #1573, #1175, #1355, #1077, #197 ),
 .UNSPECIFIED., .F., .F.,
 ( 4, 2, 4 ),
 ( 0.000000000000000000, 0.0006223595930791156125, 0.001244719186158231225 ),
 .UNSPECIFIED. ) ;
#1506 = CARTESIAN_POINT ( 'NONE',  ( -18.72423315170922109, 36.61101318160540785, -52.35500995052334616 ) ) ;
#1507 = EDGE_CURVE ( 'NONE', #889, #1160, #1505, .T. ) ;
#1508 = FACE_OUTER_BOUND ( 'NONE', #1183, .T. ) ;
#1509 = ORIENTED_EDGE ( 'NONE', *, *, #1690, .F. ) ;
#1510 = DIRECTION ( 'NONE',  ( -0.000000000000000000, -1.000000000000000000, -0.000000000000000000 ) ) ;
#1511 = EDGE_LOOP ( 'NONE', ( #1300, #276, #493, #1632 ) ) ;
#1512 = CYLINDRICAL_SURFACE ( 'NONE', #253, 2.000000000000001776 ) ;
#1513 = DIRECTION ( 'NONE',  ( -0.000000000000000000, 1.000000000000000000, -0.000000000000000000 ) ) ;
#1514 = CIRCLE ( 'NONE', #1109, 2.999999999997220002 ) ;
#1515 = EDGE_CURVE ( 'NONE', #749, #490, #738, .T. ) ;
#1516 = EDGE_CURVE ( 'NONE', #1244, #1261, #187, .T. ) ;
#1517 = DIRECTION ( 'NONE',  ( 0.000000000000000000, 1.000000000000000000, -0.000000000000000000 ) ) ;
#1518 = CARTESIAN_POINT ( 'NONE',  ( -19.63964553149454773, 35.56516362365016448, -45.87633708079221861 ) ) ;
#1519 = VECTOR ( 'NONE', #1674, 1000.000000000000000 ) ;
#1520 = CIRCLE ( 'NONE', #1146, 1.000000000000000888 ) ;
#1521 = ORIENTED_EDGE ( 'NONE', *, *, #356, .T. ) ;
#1522 = CARTESIAN_POINT ( 'NONE',  ( 16.00000000000000000, 39.09999999999993747, -39.80806348744163614 ) ) ;
#1523 = AXIS2_PLACEMENT_3D ( 'NONE', #40, #582, #1443 ) ;
#1524 = CARTESIAN_POINT ( 'NONE',  ( -18.46099266045449738, 36.85033277848854993, -52.61573922836137029 ) ) ;
#1525 = DIRECTION ( 'NONE',  ( 0.000000000000000000, 0.000000000000000000, 1.000000000000000000 ) ) ;
#1526 = SHAPE_DEFINITION_REPRESENTATION ( #679, #815 ) ;
#1527 = DIRECTION ( 'NONE',  ( 0.000000000000000000, 0.000000000000000000, -1.000000000000000000 ) ) ;
#1528 = VERTEX_POINT ( 'NONE', #248 ) ;
#1529 = CARTESIAN_POINT ( 'NONE',  ( 20.00000000000000000, 33.09999999999993747, -50.89999999999391633 ) ) ;
#1530 = CARTESIAN_POINT ( 'NONE',  ( -4.376087801170347902, 39.09999999999993747, -32.53990604867374259 ) ) ;
#1531 = CARTESIAN_POINT ( 'NONE',  ( 18.00000000000000000, 39.09999999999993747, 0.000000000000000000 ) ) ;
#1532 = DIRECTION ( 'NONE',  ( -0.000000000000000000, -1.000000000000000000, -0.000000000000000000 ) ) ;
#1533 = EDGE_LOOP ( 'NONE', ( #992, #1621, #735, #1396 ) ) ;
#1534 = CARTESIAN_POINT ( 'NONE',  ( 3.588948926189330377E-12, 33.09999999999993747, -36.41471862575674123 ) ) ;
#1535 = CARTESIAN_POINT ( 'NONE',  ( -11.24560921615298170, 37.09999999999993747, -25.70583514866249430 ) ) ;
#1536 = VERTEX_POINT ( 'NONE', #1484 ) ;
#1537 = CARTESIAN_POINT ( 'NONE',  ( 20.00000000000000000, 37.09999999999993747, -51.89999999999390923 ) ) ;
#1538 = CARTESIAN_POINT ( 'NONE',  ( 11.24560921615297637, 37.09999999999993747, -25.70583514866249430 ) ) ;
#1539 = ORIENTED_EDGE ( 'NONE', *, *, #1559, .T. ) ;
#1540 = AXIS2_PLACEMENT_3D ( 'NONE', #1729, #1467, #1577 ) ;
#1541 = FACE_BOUND ( 'NONE', #508, .T. ) ;
#1542 = EDGE_CURVE ( 'NONE', #1307, #1653, #1726, .T. ) ;
#1543 = MECHANICAL_DESIGN_GEOMETRIC_PRESENTATION_REPRESENTATION (  '', ( #1116 ), #1626 ) ;
#1544 = CARTESIAN_POINT ( 'NONE',  ( 16.80159616666864508, 37.09999999999993747, -37.97573066134749808 ) ) ;
#1545 = VECTOR ( 'NONE', #817, 1000.000000000000000 ) ;
#1546 = AXIS2_PLACEMENT_3D ( 'NONE', #166, #868, #1423 ) ;
#1547 = ORIENTED_EDGE ( 'NONE', *, *, #1273, .T. ) ;
#1548 = CYLINDRICAL_SURFACE ( 'NONE', #1780, 2.000000000000001776 ) ;
#1549 = EDGE_CURVE ( 'NONE', #1001, #433, #750, .T. ) ;
#1550 = CARTESIAN_POINT ( 'NONE',  ( -18.00000000000000355, 39.09999999999993747, -43.89999999999946567 ) ) ;
#1551 = ORIENTED_EDGE ( 'NONE', *, *, #205, .F. ) ;
#1552 = FACE_BOUND ( 'NONE', #602, .T. ) ;
#1553 = DIRECTION ( 'NONE',  ( -0.000000000000000000, 1.000000000000000000, -0.000000000000000000 ) ) ;
#1554 = ORIENTED_EDGE ( 'NONE', *, *, #1515, .T. ) ;
#1555 = DIRECTION ( 'NONE',  ( -0.000000000000000000, 1.000000000000000000, -0.000000000000000000 ) ) ;
#1556 = CYLINDRICAL_SURFACE ( 'NONE', #1781, 3.000000000000002665 ) ;
#1557 = ORIENTED_EDGE ( 'NONE', *, *, #402, .F. ) ;
#1558 = DIRECTION ( 'NONE',  ( 0.000000000000000000, 0.000000000000000000, 1.000000000000000000 ) ) ;
#1559 = EDGE_CURVE ( 'NONE', #135, #1088, #484, .T. ) ;
#1560 = CARTESIAN_POINT ( 'NONE',  ( -20.00000000000000000, 33.09999999999993747, -48.89999999999668745 ) ) ;
#1561 = ORIENTED_EDGE ( 'NONE', *, *, #45, .F. ) ;
#1562 = DIRECTION ( 'NONE',  ( 0.000000000000000000, 0.000000000000000000, 1.000000000000000000 ) ) ;
#1563 =( LENGTH_UNIT ( ) NAMED_UNIT ( * ) SI_UNIT ( .MILLI., .METRE. ) );
#1564 = VERTEX_POINT ( 'NONE', #77 ) ;
#1565 = CARTESIAN_POINT ( 'NONE',  ( 20.00000000000000000, 33.09999999999993747, -45.89999999999946567 ) ) ;
#1566 = ORIENTED_EDGE ( 'NONE', *, *, #1549, .F. ) ;
#1567 = CARTESIAN_POINT ( 'NONE',  ( 4.376087801177897418, 36.09999999999993747, -32.53990604867704661 ) ) ;
#1568 = TOROIDAL_SURFACE ( 'NONE', #478, 4.999999999997220890, 2.000000000000000000 ) ;
#1569 = VECTOR ( 'NONE', #536, 1000.000000000000000 ) ;
#1570 = ADVANCED_FACE ( 'NONE', ( #350 ), #203, .T. ) ;
#1571 = VECTOR ( 'NONE', #1356, 1000.000000000000000 ) ;
#1572 = ORIENTED_EDGE ( 'NONE', *, *, #1000, .T. ) ;
#1573 = CARTESIAN_POINT ( 'NONE',  ( 1.719149119758933031, 33.09999999999993037, -32.05273288951167387 ) ) ;
#1574 = TOROIDAL_SURFACE ( 'NONE', #1753, 4.999999999998608224, 2.000000000000000000 ) ;
#1575 = CARTESIAN_POINT ( 'NONE',  ( -1.331279365694207906, 33.10000000000186304, -31.20788452105570343 ) ) ;
#1576 = ORIENTED_EDGE ( 'NONE', *, *, #164, .T. ) ;
#1577 = DIRECTION ( 'NONE',  ( 0.000000000000000000, 0.000000000000000000, 1.000000000000000000 ) ) ;
#1578 = EDGE_LOOP ( 'NONE', ( #451, #1426, #470, #171 ) ) ;
#1579 = FACE_OUTER_BOUND ( 'NONE', #1292, .T. ) ;
#1580 = CARTESIAN_POINT ( 'NONE',  ( 2.431049838985145151, 33.46363636364127814, -31.68900442626700098 ) ) ;
#1581 = DIRECTION ( 'NONE',  ( 0.000000000000000000, 0.000000000000000000, 1.000000000000000000 ) ) ;
#1582 = SURFACE_STYLE_USAGE ( .BOTH. , #973 ) ;
#1583 = ORIENTED_EDGE ( 'NONE', *, *, #872, .T. ) ;
#1584 = PLANE ( 'NONE',  #336 ) ;
#1585 = EDGE_CURVE ( 'NONE', #91, #28, #487, .T. ) ;
#1586 = VERTEX_POINT ( 'NONE', #70 ) ;
#1587 = CARTESIAN_POINT ( 'NONE',  ( 1.289453009715399334, 33.09999999999993747, -31.34163066056040137 ) ) ;
#1588 = CARTESIAN_POINT ( 'NONE',  ( 16.00000000000000000, 39.09999999999993747, -39.80806348744163614 ) ) ;
#1589 = CARTESIAN_POINT ( 'NONE',  ( 18.30377045948936754, 36.97225661134736185, -44.96802372007094561 ) ) ;
#1590 = VECTOR ( 'NONE', #1768, 1000.000000000000000 ) ;
#1591 = CARTESIAN_POINT ( 'NONE',  ( -1.374569206786782072, 33.09999999999993747, -31.30295204655863728 ) ) ;
#1592 = CARTESIAN_POINT ( 'NONE',  ( 3.588948926189330377E-12, 39.09999999999993747, -33.89999999999550084 ) ) ;
#1593 = ORIENTED_EDGE ( 'NONE', *, *, #1742, .T. ) ;
#1594 = DIRECTION ( 'NONE',  ( 0.000000000000000000, 0.000000000000000000, 1.000000000000000000 ) ) ;
#1595 = ORIENTED_EDGE ( 'NONE', *, *, #103, .F. ) ;
#1596 = CARTESIAN_POINT ( 'NONE',  ( 1.202394250006603382, 33.09999999999993747, -31.15150076085453179 ) ) ;
#1597 = CARTESIAN_POINT ( 'NONE',  ( 3.754970942224901354, 34.33073658952140050, -32.26818418346805117 ) ) ;
#1598 = AXIS2_PLACEMENT_3D ( 'NONE', #1265, #1281, #591 ) ;
#1599 = CIRCLE ( 'NONE', #1177, 2.999999999997220002 ) ;
#1600 = CARTESIAN_POINT ( 'NONE',  ( -1.860379088233209188, 33.09999999999993747, -32.20801908556362747 ) ) ;
#1601 = AXIS2_PLACEMENT_3D ( 'NONE', #798, #892, #1562 ) ;
#1602 = CARTESIAN_POINT ( 'NONE',  ( 18.00000000000000000, 39.09999999999993747, -39.80806348744163614 ) ) ;
#1603 = ORIENTED_EDGE ( 'NONE', *, *, #560, .T. ) ;
#1604 = CARTESIAN_POINT ( 'NONE',  ( 14.99999999999999645, 33.09999999999993747, -41.49999999999550226 ) ) ;
#1605 = ORIENTED_EDGE ( 'NONE', *, *, #179, .F. ) ;
#1606 = CARTESIAN_POINT ( 'NONE',  ( 3.588948926189330377E-12, 36.09999999999993747, -33.89999999999550084 ) ) ;
#1607 = CARTESIAN_POINT ( 'NONE',  ( 3.588948926189330377E-12, 37.09999999999993747, -33.89999999999550084 ) ) ;
#1608 = DIRECTION ( 'NONE',  ( 0.000000000000000000, 0.000000000000000000, 1.000000000000000000 ) ) ;
#1609 = DIRECTION ( 'NONE',  ( 0.000000000000000000, 1.000000000000000000, -0.000000000000000000 ) ) ;
#1610 = ORIENTED_EDGE ( 'NONE', *, *, #164, .F. ) ;
#1611 = LINE ( 'NONE', #14, #1569 ) ;
#1612 = ORIENTED_EDGE ( 'NONE', *, *, #471, .F. ) ;
#1613 = CARTESIAN_POINT ( 'NONE',  ( 2.098870060706966356, 33.29366987563616220, -31.54368474743552397 ) ) ;
#1614 = EDGE_CURVE ( 'NONE', #763, #1016, #1514, .T. ) ;
#1615 = EDGE_CURVE ( 'NONE', #39, #777, #626, .T. ) ;
#1616 = CARTESIAN_POINT ( 'NONE',  ( -20.00000000000000000, 39.09999999999993747, -51.89999999999668745 ) ) ;
#1617 = CARTESIAN_POINT ( 'NONE',  ( -1.718488620046230375, 33.09999999999993747, -32.05200664938251975 ) ) ;
#1618 = CARTESIAN_POINT ( 'NONE',  ( 1.202394250006476151, 36.09999999999993747, -31.15150076085446784 ) ) ;
#1619 = ORIENTED_EDGE ( 'NONE', *, *, #1769, .T. ) ;
#1620 = DIRECTION ( 'NONE',  ( 0.000000000000000000, 0.000000000000000000, -1.000000000000000000 ) ) ;
#1621 = ORIENTED_EDGE ( 'NONE', *, *, #1249, .F. ) ;
#1622 = CARTESIAN_POINT ( 'NONE',  ( -20.00000000000000355, 39.09999999999993747, -43.89999999999946567 ) ) ;
#1623 = CYLINDRICAL_SURFACE ( 'NONE', #922, 1.750000000000001554 ) ;
#1624 = LINE ( 'NONE', #708, #1662 ) ;
#1625 = EDGE_CURVE ( 'NONE', #1001, #1244, #766, .T. ) ;
#1626 =( GEOMETRIC_REPRESENTATION_CONTEXT ( 3 ) GLOBAL_UNCERTAINTY_ASSIGNED_CONTEXT ( ( #99 ) ) GLOBAL_UNIT_ASSIGNED_CONTEXT ( ( #1563, #71, #370 ) ) REPRESENTATION_CONTEXT ( 'NONE', 'WORKASPACE' ) );
#1627 = DIRECTION ( 'NONE',  ( 0.000000000000000000, 0.000000000000000000, 1.000000000000000000 ) ) ;
#1628 = VECTOR ( 'NONE', #1513, 1000.000000000000000 ) ;
#1629 = AXIS2_PLACEMENT_3D ( 'NONE', #888, #770, #1314 ) ;
#1630 = EDGE_CURVE ( 'NONE', #135, #72, #272, .T. ) ;
#1631 = CYLINDRICAL_SURFACE ( 'NONE', #792, 1.750000000000001554 ) ;
#1632 = ORIENTED_EDGE ( 'NONE', *, *, #88, .F. ) ;
#1633 = CIRCLE ( 'NONE', #1091, 1.000000000000000888 ) ;
#1634 = DIRECTION ( 'NONE',  ( 0.000000000000000000, 1.000000000000000000, 0.000000000000000000 ) ) ;
#1635 = AXIS2_PLACEMENT_3D ( 'NONE', #1592, #912, #1736 ) ;
#1636 = AXIS2_PLACEMENT_3D ( 'NONE', #1154, #1430, #1701 ) ;
#1637 = ADVANCED_FACE ( 'NONE', ( #937 ), #759, .F. ) ;
#1638 = ORIENTED_EDGE ( 'NONE', *, *, #1625, .T. ) ;
#1639 = CARTESIAN_POINT ( 'NONE',  ( 14.99999999999999645, 37.09999999999993747, -73.24999999999549516 ) ) ;
#1640 = CARTESIAN_POINT ( 'NONE',  ( 18.04040820577401760, 37.09999999999993747, -53.49999999999390354 ) ) ;
#1641 = FACE_OUTER_BOUND ( 'NONE', #744, .T. ) ;
#1642 = CARTESIAN_POINT ( 'NONE',  ( -2.040694417750751111, 33.09999999999993037, -31.80598850471681871 ) ) ;
#1643 = EDGE_LOOP ( 'NONE', ( #1774, #316, #924, #1224 ) ) ;
#1644 = DIRECTION ( 'NONE',  ( -0.000000000000000000, -1.000000000000000000, -0.000000000000000000 ) ) ;
#1645 = EDGE_CURVE ( 'NONE', #675, #1586, #900, .T. ) ;
#1646 = EDGE_LOOP ( 'NONE', ( #583, #1440, #867, #1495 ) ) ;
#1647 = EDGE_CURVE ( 'NONE', #1413, #981, #1733, .T. ) ;
#1648 = CARTESIAN_POINT ( 'NONE',  ( -15.00000000000000355, 37.09999999999993747, -69.74999999999549516 ) ) ;
#1649 =( BOUNDED_SURFACE ( )  B_SPLINE_SURFACE ( 3, 2, ( 
 ( #1476, #220, #1596 ),
 ( #1748, #210, #764 ),
 ( #1587, #348, #239 ),
 ( #1316, #650, #1211 ),
 ( #355, #632, #1731 ),
 ( #83, #1067, #1613 ),
 ( #1191, #513, #1740 ),
 ( #787, #101, #382 ) ),
 .UNSPECIFIED., .F., .F., .F. ) 
 B_SPLINE_SURFACE_WITH_KNOTS ( ( 4, 2, 2, 4 ),
 ( 3, 3 ),
 ( -7.071067812039700082E-06, 0.0003041081972417181123, 0.0006152874622954759409, 0.001237645992402991489 ),
 ( 0.000000000000000000, 1.000000000000000000 ),
 .UNSPECIFIED. ) 
 GEOMETRIC_REPRESENTATION_ITEM ( )  RATIONAL_B_SPLINE_SURFACE ( (
 ( 1.000000000000000000, 1.000000000000000000, 1.000000000000000000),
 ( 1.000000000000000000, 1.000049913293283410, 1.000000000000000000),
 ( 1.000000000000000000, 0.9965589863601894693, 1.000000000000000000),
 ( 1.000000000000000000, 0.9851011100647929508, 1.000000000000000000),
 ( 1.000000000000000000, 0.9772451402434546575, 1.000000000000000000),
 ( 1.000000000000000000, 0.9505170064594316015, 1.000000000000000000),
 ( 1.000000000000000000, 0.9285317183310173306, 1.000000000000000000),
 ( 1.000000000000000000, 0.9045340337320462165, 1.000000000000000000) ) ) 
 REPRESENTATION_ITEM ( '' )  SURFACE ( )  );
#1650 = DIRECTION ( 'NONE',  ( -0.000000000000000000, -1.000000000000000000, -0.000000000000000000 ) ) ;
#1651 = DIRECTION ( 'NONE',  ( 4.605460555690879840E-16, 0.000000000000000000, 1.000000000000000000 ) ) ;
#1652 = ADVANCED_FACE ( 'NONE', ( #137 ), #1623, .F. ) ;
#1653 = VERTEX_POINT ( 'NONE', #1504 ) ;
#1654 = CARTESIAN_POINT ( 'NONE',  ( 18.04040820577401760, 37.09999999999993747, -53.49999999999390354 ) ) ;
#1655 = ORIENTED_EDGE ( 'NONE', *, *, #911, .F. ) ;
#1656 = FACE_OUTER_BOUND ( 'NONE', #758, .T. ) ;
#1657 = CARTESIAN_POINT ( 'NONE',  ( -18.00000000000000355, 37.09999999999993747, 0.000000000000000000 ) ) ;
#1658 = DIRECTION ( 'NONE',  ( 0.000000000000000000, 0.000000000000000000, 1.000000000000000000 ) ) ;
#1659 = SURFACE_STYLE_FILL_AREA ( #740 ) ;
#1660 = AXIS2_PLACEMENT_3D ( 'NONE', #1079, #1061, #1220 ) ;
#1661 = AXIS2_PLACEMENT_3D ( 'NONE', #593, #1152, #24 ) ;
#1662 = VECTOR ( 'NONE', #694, 1000.000000000000000 ) ;
#1663 = ORIENTED_EDGE ( 'NONE', *, *, #1304, .T. ) ;
#1664 = CARTESIAN_POINT ( 'NONE',  ( -20.00000000000000000, 39.09999999999993747, -48.89999999999668745 ) ) ;
#1665 = CIRCLE ( 'NONE', #743, 1.750000000000001554 ) ;
#1666 = VECTOR ( 'NONE', #1453, 1000.000000000000000 ) ;
#1667 = CARTESIAN_POINT ( 'NONE',  ( -18.81576500725756418, 36.51947334257228306, -52.28452518247426895 ) ) ;
#1668 = DIRECTION ( 'NONE',  ( -0.000000000000000000, -1.000000000000000000, -0.000000000000000000 ) ) ;
#1669 = DIRECTION ( 'NONE',  ( 0.9161664130470701384, 0.000000000000000000, 0.4007980833343209315 ) ) ;
#1670 = EDGE_LOOP ( 'NONE', ( #640, #15, #325, #465 ) ) ;
#1671 = DIRECTION ( 'NONE',  ( 0.000000000000000000, 1.000000000000000000, -0.000000000000000000 ) ) ;
#1672 = ORIENTED_EDGE ( 'NONE', *, *, #564, .F. ) ;
#1673 = FACE_OUTER_BOUND ( 'NONE', #118, .T. ) ;
#1674 = DIRECTION ( 'NONE',  ( 0.000000000000000000, 0.000000000000000000, 1.000000000000000000 ) ) ;
#1675 = EDGE_CURVE ( 'NONE', #200, #913, #1047, .T. ) ;
#1676 = CARTESIAN_POINT ( 'NONE',  ( -3.105703802694460780, 33.87588487854048935, -31.98414733013014200 ) ) ;
#1677 = ORIENTED_EDGE ( 'NONE', *, *, #564, .T. ) ;
#1678 = CARTESIAN_POINT ( 'NONE',  ( -20.00000000000000000, 39.09999999999993747, -46.89999999999668745 ) ) ;
#1679 = ORIENTED_EDGE ( 'NONE', *, *, #485, .T. ) ;
#1680 = DIRECTION ( 'NONE',  ( -0.6728311060724321280, 0.000000000000000000, -0.7397961223886940774 ) ) ;
#1681 = ORIENTED_EDGE ( 'NONE', *, *, #658, .F. ) ;
#1682 = FACE_OUTER_BOUND ( 'NONE', #775, .T. ) ;
#1683 = CYLINDRICAL_SURFACE ( 'NONE', #310, 1.999999999997226219 ) ;
#1684 = EDGE_CURVE ( 'NONE', #611, #477, #460, .T. ) ;
#1685 = ORIENTED_EDGE ( 'NONE', *, *, #269, .F. ) ;
#1686 = VECTOR ( 'NONE', #1419, 1000.000000000000000 ) ;
#1687 = AXIS2_PLACEMENT_3D ( 'NONE', #346, #500, #1182 ) ;
#1688 = CARTESIAN_POINT ( 'NONE',  ( -3.975289717836026693, 39.09999999999993747, -33.45607246172080806 ) ) ;
#1689 = AXIS2_PLACEMENT_3D ( 'NONE', #1498, #17, #809 ) ;
#1690 = EDGE_CURVE ( 'NONE', #61, #608, #1421, .T. ) ;
#1691 = VERTEX_POINT ( 'NONE', #534 ) ;
#1692 = LINE ( 'NONE', #1424, #85 ) ;
#1693 = TOROIDAL_SURFACE ( 'NONE', #800, 2.514718625761240389, 1.000000000000000000 ) ;
#1694 = VECTOR ( 'NONE', #895, 1000.000000000000000 ) ;
#1695 = VECTOR ( 'NONE', #1651, 1000.000000000000000 ) ;
#1696 = VERTEX_POINT ( 'NONE', #1080 ) ;
#1697 = DIRECTION ( 'NONE',  ( -0.000000000000000000, 1.000000000000000000, -0.000000000000000000 ) ) ;
#1698 = DIRECTION ( 'NONE',  ( 0.000000000000000000, 1.000000000000000000, -0.000000000000000000 ) ) ;
#1699 = EDGE_CURVE ( 'NONE', #525, #527, #206, .T. ) ;
#1700 = ORIENTED_EDGE ( 'NONE', *, *, #234, .F. ) ;
#1701 = DIRECTION ( 'NONE',  ( 0.000000000000000000, 0.000000000000000000, -1.000000000000000000 ) ) ;
#1702 = ADVANCED_FACE ( 'NONE', ( #227, #665, #1162, #1472, #1052, #644, #1479 ), #1221, .T. ) ;
#1703 = DIRECTION ( 'NONE',  ( -0.000000000000000000, -1.000000000000000000, -0.000000000000000000 ) ) ;
#1704 = EDGE_LOOP ( 'NONE', ( #1272, #340, #1766, #150 ) ) ;
#1705 = CARTESIAN_POINT ( 'NONE',  ( 19.99999999999998934, 39.09999999999993747, -53.89999999999668745 ) ) ;
#1706 = CARTESIAN_POINT ( 'NONE',  ( -1.800009190971494366, 33.19014261643776109, -31.41294116591808461 ) ) ;
#1707 = EDGE_CURVE ( 'NONE', #889, #1491, #1149, .T. ) ;
#1708 = EDGE_LOOP ( 'NONE', ( #59, #801 ) ) ;
#1709 = DIRECTION ( 'NONE',  ( -0.000000000000000000, -1.000000000000000000, -0.000000000000000000 ) ) ;
#1710 = EDGE_CURVE ( 'NONE', #1261, #913, #122, .T. ) ;
#1711 = ORIENTED_EDGE ( 'NONE', *, *, #1033, .T. ) ;
#1712 = DIRECTION ( 'NONE',  ( 0.000000000000000000, 0.000000000000000000, 1.000000000000000000 ) ) ;
#1713 = ORIENTED_EDGE ( 'NONE', *, *, #1707, .F. ) ;
#1714 = CARTESIAN_POINT ( 'NONE',  ( 3.588948926189330377E-12, 39.09999999999993747, -33.89999999999550084 ) ) ;
#1715 = DIRECTION ( 'NONE',  ( 0.000000000000000000, 1.000000000000000000, -0.000000000000000000 ) ) ;
#1716 = VERTEX_POINT ( 'NONE', #1618 ) ;
#1717 = CARTESIAN_POINT ( 'NONE',  ( -18.04040820577373694, 37.09999999999993747, -53.49999999999529621 ) ) ;
#1718 = EDGE_LOOP ( 'NONE', ( #381, #457, #1344, #834 ) ) ;
#1719 = CARTESIAN_POINT ( 'NONE',  ( 17.99999999999999645, 37.09999999999993747, -74.49999999999549516 ) ) ;
#1720 = CLOSED_SHELL ( 'NONE', ( #753, #1046, #720, #154, #1652, #1158, #863, #315, #1096, #989, #232, #999, #30, #1364, #695, #1702, #430, #1114, #472, #1176, #1570, #718, #421, #610, #566, #1139, #1206, #906, #662, #827, #1637, #1330, #488, #836, #1055, #501, #1238, #419, #1493, #849, #297, #1735, #1188, #1059, #601, #1171, #506, #459, #1437, #491 ) ) ;
#1721 = AXIS2_PLACEMENT_3D ( 'NONE', #264, #964, #933 ) ;
#1722 = AXIS2_PLACEMENT_3D ( 'NONE', #607, #1031, #1725 ) ;
#1723 = AXIS2_PLACEMENT_3D ( 'NONE', #48, #185, #1416 ) ;
#1724 = VERTEX_POINT ( 'NONE', #1358 ) ;
#1725 = DIRECTION ( 'NONE',  ( 0.000000000000000000, 0.000000000000000000, 1.000000000000000000 ) ) ;
#1726 = CIRCLE ( 'NONE', #1601, 3.000000000000002665 ) ;
#1727 = AXIS2_PLACEMENT_3D ( 'NONE', #670, #835, #1390 ) ;
#1728 = EDGE_LOOP ( 'NONE', ( #1105, #462 ) ) ;
#1729 = CARTESIAN_POINT ( 'NONE',  ( -15.00000000000000355, 33.09999999999993747, -41.49999999999550226 ) ) ;
#1730 = ORIENTED_EDGE ( 'NONE', *, *, #952, .T. ) ;
#1731 = CARTESIAN_POINT ( 'NONE',  ( 1.800009191011449072, 33.19014261644471020, -31.41294116593552133 ) ) ;
#1732 = DIRECTION ( 'NONE',  ( -0.000000000000000000, 1.000000000000000000, -0.000000000000000000 ) ) ;
#1733 = LINE ( 'NONE', #946, #636 ) ;
#1734 = CARTESIAN_POINT ( 'NONE',  ( -1.379232961763620313, 33.09999999999993747, -31.53143085864475026 ) ) ;
#1735 = ADVANCED_FACE ( 'NONE', ( #1341 ), #1631, .F. ) ;
#1736 = DIRECTION ( 'NONE',  ( 0.000000000000000000, -0.000000000000000000, 1.000000000000000000 ) ) ;
#1737 = EDGE_LOOP ( 'NONE', ( #731, #1370 ) ) ;
#1738 = DIRECTION ( 'NONE',  ( -0.000000000000000000, 1.000000000000000000, -0.000000000000000000 ) ) ;
#1739 = ORIENTED_EDGE ( 'NONE', *, *, #34, .T. ) ;
#1740 = CARTESIAN_POINT ( 'NONE',  ( 2.269107495250656470, 33.37619271382162367, -31.61815902866760908 ) ) ;
#1741 = LINE ( 'NONE', #505, #365 ) ;
#1742 = EDGE_CURVE ( 'NONE', #1305, #490, #193, .T. ) ;
#1743 = CARTESIAN_POINT ( 'NONE',  ( -1.874548048552960200, 33.09999999999993747, -31.70039309453466814 ) ) ;
#1744 = CARTESIAN_POINT ( 'NONE',  ( -18.00000000000000355, 37.09999999999993747, -43.89999999999946567 ) ) ;
#1745 = ORIENTED_EDGE ( 'NONE', *, *, #1630, .F. ) ;
#1746 = CARTESIAN_POINT ( 'NONE',  ( 14.99999999999999645, 37.09999999999993747, -43.24999999999550226 ) ) ;
#1747 = ORIENTED_EDGE ( 'NONE', *, *, #742, .T. ) ;
#1748 = CARTESIAN_POINT ( 'NONE',  ( 1.245832010385503841, 33.09999999999993747, -31.24654358175024527 ) ) ;
#1749 = CARTESIAN_POINT ( 'NONE',  ( 20.00000000000000000, 39.09999999999993747, -45.89999999999946567 ) ) ;
#1750 = AXIS2_PLACEMENT_3D ( 'NONE', #1004, #1555, #832 ) ;
#1751 = AXIS2_PLACEMENT_3D ( 'NONE', #1604, #216, #925 ) ;
#1752 = LINE ( 'NONE', #957, #111 ) ;
#1753 = AXIS2_PLACEMENT_3D ( 'NONE', #905, #1200, #897 ) ;
#1754 = DIRECTION ( 'NONE',  ( 0.000000000000000000, 0.000000000000000000, 1.000000000000000000 ) ) ;
#1755 = EDGE_LOOP ( 'NONE', ( #721, #1583, #519, #386, #305 ) ) ;
#1756 = DIRECTION ( 'NONE',  ( -0.000000000000000000, -1.000000000000000000, -0.000000000000000000 ) ) ;
#1757 = EDGE_CURVE ( 'NONE', #733, #613, #524, .T. ) ;
#1758 = EDGE_CURVE ( 'NONE', #927, #1691, #634, .T. ) ;
#1759 = ORIENTED_EDGE ( 'NONE', *, *, #911, .T. ) ;
#1760 = PLANE ( 'NONE',  #283 ) ;
#1761 = CARTESIAN_POINT ( 'NONE',  ( 18.00000000000000000, 37.09999999999993747, -39.80806348744163614 ) ) ;
#1762 = FACE_OUTER_BOUND ( 'NONE', #1704, .T. ) ;
#1763 = DIRECTION ( 'NONE',  ( 0.000000000000000000, 0.000000000000000000, 1.000000000000000000 ) ) ;
#1764 = ORIENTED_EDGE ( 'NONE', *, *, #810, .T. ) ;
#1765 = FACE_OUTER_BOUND ( 'NONE', #716, .T. ) ;
#1766 = ORIENTED_EDGE ( 'NONE', *, *, #1675, .F. ) ;
#1767 = DIRECTION ( 'NONE',  ( -0.000000000000000000, -1.000000000000000000, 0.000000000000000000 ) ) ;
#1768 = DIRECTION ( 'NONE',  ( -1.535153518563626696E-16, 0.000000000000000000, 1.000000000000000000 ) ) ;
#1769 = EDGE_CURVE ( 'NONE', #953, #28, #67, .T. ) ;
#1770 = LINE ( 'NONE', #223, #282 ) ;
#1771 = CARTESIAN_POINT ( 'NONE',  ( 3.588948926189330377E-12, 36.09999999999993747, -35.89999999999530900 ) ) ;
#1772 = EDGE_CURVE ( 'NONE', #1036, #257, #359, .T. ) ;
#1773 = DIRECTION ( 'NONE',  ( 0.000000000000000000, 0.000000000000000000, 1.000000000000000000 ) ) ;
#1774 = ORIENTED_EDGE ( 'NONE', *, *, #845, .F. ) ;
#1775 = DIRECTION ( 'NONE',  ( -0.000000000000000000, -1.000000000000000000, -0.000000000000000000 ) ) ;
#1776 = ORIENTED_EDGE ( 'NONE', *, *, #1387, .T. ) ;
#1777 = CARTESIAN_POINT ( 'NONE',  ( -3.975289717836026693, 36.09999999999993747, -33.45607246172080806 ) ) ;
#1778 = DIRECTION ( 'NONE',  ( 4.605460555690879840E-16, 0.000000000000000000, 1.000000000000000000 ) ) ;
#1779 = DIRECTION ( 'NONE',  ( 0.000000000000000000, 0.000000000000000000, 1.000000000000000000 ) ) ;
#1780 = AXIS2_PLACEMENT_3D ( 'NONE', #180, #856, #1658 ) ;
#1781 = AXIS2_PLACEMENT_3D ( 'NONE', #1295, #432, #565 ) ;
ENDSEC;
END-ISO-10303-21;
