ISO-10303-21;
HEADER;
FILE_DESCRIPTION (( 'STEP AP214' ),
    '1' );
FILE_NAME ('Part12.STEP',
    '2026-08-11T01:18:09',
    ( '' ),
    ( '' ),
    'SwSTEP 2.0',
    'SolidWorks 2026',
    '' );
FILE_SCHEMA (( 'AUTOMOTIVE_DESIGN' ));
ENDSEC;

DATA;
#1 = CARTESIAN_POINT ( 'NONE',  ( 50.77576818653074753, 9.304077780756351501, -1.163439993340960932 ) ) ;
#2 = VECTOR ( 'NONE', #2029, 100.0000000000000000 ) ;
#3 = ORIENTED_EDGE ( 'NONE', *, *, #3219, .T. ) ;
#4 = CARTESIAN_POINT ( 'NONE',  ( 29.75511734552902965, 8.952434447945259777, -22.75643437066017682 ) ) ;
#5 = DIRECTION ( 'NONE',  ( -0.9998626349648349620, 0.01657441405230474646, 0.000000000000000000 ) ) ;
#6 = B_SPLINE_CURVE_WITH_KNOTS ( 'NONE', 3,
 ( #6605, #3149, #456, #2121 ),
 .UNSPECIFIED., .F., .F.,
 ( 4, 4 ),
 ( 0.000000000000000000, 0.0002065149350831525733 ),
 .UNSPECIFIED. ) ;
#7 = ORIENTED_EDGE ( 'NONE', *, *, #692, .T. ) ;
#8 = DIRECTION ( 'NONE',  ( 0.01657441405230464238, 0.9998626349648350731, 0.000000000000000000 ) ) ;
#9 = B_SPLINE_CURVE_WITH_KNOTS ( 'NONE', 3,
 ( #402, #2609, #473, #955 ),
 .UNSPECIFIED., .F., .F.,
 ( 4, 4 ),
 ( 2.739960585318190545E-16, 0.0008506279653992426023 ),
 .UNSPECIFIED. ) ;
#10 = LINE ( 'NONE', #1062, #6674 ) ;
#11 = ADVANCED_FACE ( 'NONE', ( #6206 ), #6932, .T. ) ;
#12 = DIRECTION ( 'NONE',  ( 0.01657441405230464238, 0.9998626349648350731, 0.000000000000000000 ) ) ;
#13 = EDGE_CURVE ( 'NONE', #4797, #3972, #4454, .T. ) ;
#14 = CARTESIAN_POINT ( 'NONE',  ( 28.59563592806793153, -2.329897624897717900, -8.673617379884035472E-17 ) ) ;
#15 = ADVANCED_FACE ( 'NONE', ( #612 ), #1172, .F. ) ;
#16 = CARTESIAN_POINT ( 'NONE',  ( 40.78935794662710634, 0.7043388805884007731, -0.2245746163139903384 ) ) ;
#17 = CARTESIAN_POINT ( 'NONE',  ( 29.62102918974302668, 9.654753354620073225, 8.706924070622789853E-15 ) ) ;
#18 = CARTESIAN_POINT ( 'NONE',  ( 30.83834896686196103, -1.377156399656861208, -0.2000000000000000111 ) ) ;
#19 = CARTESIAN_POINT ( 'NONE',  ( 45.77175446266352310, 3.386629261935739876, -1.179371013862488882 ) ) ;
#20 = PLANE ( 'NONE',  #3694 ) ;
#21 = EDGE_CURVE ( 'NONE', #266, #1000, #2749, .T. ) ;
#22 = ORIENTED_EDGE ( 'NONE', *, *, #155, .F. ) ;
#23 = DIRECTION ( 'NONE',  ( -0.9998626349648349620, 0.01657441405230474646, 0.000000000000000000 ) ) ;
#24 = B_SPLINE_CURVE_WITH_KNOTS ( 'NONE', 3,
 ( #2734, #1672, #6047, #3847 ),
 .UNSPECIFIED., .F., .F.,
 ( 4, 4 ),
 ( 0.000000000000000000, 0.0002918993621810814904 ),
 .UNSPECIFIED. ) ;
#25 = CARTESIAN_POINT ( 'NONE',  ( 28.20650355318429092, -2.323447097718346566, -1.300000000000007372 ) ) ;
#26 = ORIENTED_EDGE ( 'NONE', *, *, #3040, .F. ) ;
#27 = ORIENTED_EDGE ( 'NONE', *, *, #6209, .F. ) ;
#28 = CARTESIAN_POINT ( 'NONE',  ( 29.48233099670127899, 1.287691911486196661, 13.99096871023896504 ) ) ;
#29 = LINE ( 'NONE', #6219, #2528 ) ;
#30 = LINE ( 'NONE', #1769, #6256 ) ;
#31 = CARTESIAN_POINT ( 'NONE',  ( 49.27883925140964294, 6.424424600322977241, -0.5666748940160603043 ) ) ;
#32 = CARTESIAN_POINT ( 'NONE',  ( 29.03859622392525708, -1.347322454362699373, -2.500000000000004441 ) ) ;
#33 = ORIENTED_EDGE ( 'NONE', *, *, #1868, .T. ) ;
#34 = CARTESIAN_POINT ( 'NONE',  ( 30.00494723860408541, 0.6367560416007492785, -11.47552833453502963 ) ) ;
#35 = DIRECTION ( 'NONE',  ( 1.665393298452077782E-16, -1.025709229455379565E-18, -1.000000000000000000 ) ) ;
#36 = CARTESIAN_POINT ( 'NONE',  ( 29.64921883070313413, 8.763825306459656517, -22.36270571159597509 ) ) ;
#37 = VERTEX_POINT ( 'NONE', #5007 ) ;
#38 = CARTESIAN_POINT ( 'NONE',  ( 30.04889110995591039, 8.947564650996115532, -22.46324408037989429 ) ) ;
#39 = AXIS2_PLACEMENT_3D ( 'NONE', #4251, #4401, #3371 ) ;
#40 = CARTESIAN_POINT ( 'NONE',  ( 29.95687380810761624, -0.2521739385579394588, 3.239499603172622996E-15 ) ) ;
#41 = EDGE_LOOP ( 'NONE', ( #3002, #7266, #3024, #4213, #3128, #1519 ) ) ;
#42 = AXIS2_PLACEMENT_3D ( 'NONE', #1385, #4733, #6421 ) ;
#43 = CARTESIAN_POINT ( 'NONE',  ( 29.22108413575709562, 9.661383120241000100, -22.25672608094550853 ) ) ;
#44 = FACE_OUTER_BOUND ( 'NONE', #3600, .T. ) ;
#46 = FACE_OUTER_BOUND ( 'NONE', #3901, .T. ) ;
#45 = AXIS2_PLACEMENT_3D ( 'NONE', #3947, #102, #2353 ) ;
#47 = CARTESIAN_POINT ( 'NONE',  ( 29.45289206297297824, -0.4882314940259307456, -22.74663514059542635 ) ) ;
#48 = EDGE_CURVE ( 'NONE', #2312, #6007, #5964, .T. ) ;
#49 = EDGE_CURVE ( 'NONE', #2738, #1867, #7291, .T. ) ;
#50 = DIRECTION ( 'NONE',  ( -1.000000000000000000, 0.000000000000000000, -2.668438747116199702E-16 ) ) ;
#51 = ORIENTED_EDGE ( 'NONE', *, *, #7121, .T. ) ;
#52 = ADVANCED_FACE ( 'NONE', ( #2248 ), #4489, .F. ) ;
#53 = CARTESIAN_POINT ( 'NONE',  ( 51.03454521212176331, 9.679713731019996104, -0.2892529913311256973 ) ) ;
#54 = CARTESIAN_POINT ( 'NONE',  ( 51.15334978695155144, 8.597722558462491449, 0.1842750661623201447 ) ) ;
#55 = DIRECTION ( 'NONE',  ( -2.220446049250313081E-16, 5.804399753985538537E-16, 1.000000000000000000 ) ) ;
#56 = CARTESIAN_POINT ( 'NONE',  ( 29.02153295797534227, -2.376675407653310312, 0.5777124264040357504 ) ) ;
#57 = VERTEX_POINT ( 'NONE', #7079 ) ;
#58 = DIRECTION ( 'NONE',  ( 0.01657441405230464238, 0.9998626349648350731, 0.000000000000000000 ) ) ;
#59 = EDGE_CURVE ( 'NONE', #470, #3872, #5608, .T. ) ;
#60 = DIRECTION ( 'NONE',  ( 1.665393298452077782E-16, -1.025709229455379180E-18, -1.000000000000000000 ) ) ;
#61 = CARTESIAN_POINT ( 'NONE',  ( 29.96516101513376640, 0.2477573789244774116, 11.27921898938787493 ) ) ;
#62 = ORIENTED_EDGE ( 'NONE', *, *, #3258, .T. ) ;
#63 = ORIENTED_EDGE ( 'NONE', *, *, #94, .T. ) ;
#64 = VECTOR ( 'NONE', #7342, 100.0000000000000142 ) ;
#65 = ADVANCED_FACE ( 'NONE', ( #3660 ), #2555, .F. ) ;
#66 = CARTESIAN_POINT ( 'NONE',  ( 45.44182221721893455, 3.550850232215509106, -0.1664278847960660168 ) ) ;
#67 = CARTESIAN_POINT ( 'NONE',  ( 29.02219116712941371, -2.336968499337017668, -1.777438445626160268 ) ) ;
#68 = CARTESIAN_POINT ( 'NONE',  ( 29.74496045202025130, 8.829107661073882340, 21.32970197659464873 ) ) ;
#69 = CARTESIAN_POINT ( 'NONE',  ( 30.01106943036153751, 0.6682111977658415913, 10.54957551633862778 ) ) ;
#70 = DIRECTION ( 'NONE',  ( 0.01657441405230613424, 0.9998626349648350731, -2.634384475364939190E-16 ) ) ;
#71 = DIRECTION ( 'NONE',  ( 0.9998626349648348510, -0.01657441405230573525, 1.665334536937734811E-16 ) ) ;
#72 = VERTEX_POINT ( 'NONE', #1420 ) ;
#73 = CARTESIAN_POINT ( 'NONE',  ( 29.89102831066983157, 6.602702085235728546, -19.95746654749592608 ) ) ;
#74 = CARTESIAN_POINT ( 'NONE',  ( 0.06869064245621443743, 4.143809038856966609, 1.437870077007704431E-17 ) ) ;
#75 = CARTESIAN_POINT ( 'NONE',  ( 29.97244293309938712, 8.933182257925640357, -22.25576382779482643 ) ) ;
#76 = ORIENTED_EDGE ( 'NONE', *, *, #734, .F. ) ;
#77 = B_SPLINE_CURVE_WITH_KNOTS ( 'NONE', 3,
 ( #1229, #1855, #672, #6300, #4613, #6820, #36, #5747, #5135, #594, #2843, #6890, #5095, #75, #2331, #1741 ),
 .UNSPECIFIED., .F., .F.,
 ( 4, 2, 2, 2, 2, 2, 2, 4 ),
 ( -8.362563554200208859E-06, 0.0001555784736621859644, 0.0003195195108785721274, 0.0006474015853113784975, 0.001303165734177009561, 0.002614694031908224633, 0.003926222329639439922, 0.005237750627370655644 ),
 .UNSPECIFIED. ) ;
#78 = CARTESIAN_POINT ( 'NONE',  ( 29.60554542594138638, 8.720684927006473686, -22.35855404044021100 ) ) ;
#79 = CARTESIAN_POINT ( 'NONE',  ( 29.52986991245530746, 4.155508862310839824, -17.30592310456530925 ) ) ;
#80 = ORIENTED_EDGE ( 'NONE', *, *, #736, .F. ) ;
#81 = CARTESIAN_POINT ( 'NONE',  ( 27.86161175479890773, -1.824979717385858624, 0.000000000000000000 ) ) ;
#82 = CARTESIAN_POINT ( 'NONE',  ( 30.08889162900800684, -2.364940202899949551, -1.300000000000007372 ) ) ;
#83 = CARTESIAN_POINT ( 'NONE',  ( 29.56254280510919230, 6.126523007230195716, 18.48925470086115652 ) ) ;
#84 = VERTEX_POINT ( 'NONE', #5406 ) ;
#85 = CARTESIAN_POINT ( 'NONE',  ( 50.77576818653075463, 9.304077780756349725, 0.2084000000000035546 ) ) ;
#86 = CARTESIAN_POINT ( 'NONE',  ( 40.28350854980008222, 0.4825432534622629555, 0.1228489402102236894 ) ) ;
#87 = ORIENTED_EDGE ( 'NONE', *, *, #3397, .F. ) ;
#88 = CARTESIAN_POINT ( 'NONE',  ( 29.45694249062519887, -0.2438867315317865825, 3.156232876325736255E-15 ) ) ;
#89 = VERTEX_POINT ( 'NONE', #7044 ) ;
#90 = B_SPLINE_CURVE_WITH_KNOTS ( 'NONE', 3,
 ( #2999, #1748, #5141, #1787 ),
 .UNSPECIFIED., .F., .F.,
 ( 4, 4 ),
 ( -0.005172089277001063953, 0.002000000000000027797 ),
 .UNSPECIFIED. ) ;
#91 = FACE_OUTER_BOUND ( 'NONE', #5411, .T. ) ;
#92 = FILL_AREA_STYLE_COLOUR ( '', #1936 ) ;
#93 = ADVANCED_FACE ( 'NONE', ( #936 ), #1289, .F. ) ;
#94 = EDGE_CURVE ( 'NONE', #3702, #1591, #311, .T. ) ;
#95 = ORIENTED_EDGE ( 'NONE', *, *, #1199, .F. ) ;
#96 = EDGE_CURVE ( 'NONE', #3790, #4587, #1987, .T. ) ;
#97 = VECTOR ( 'NONE', #7004, 100.0000000000000142 ) ;
#98 = DIRECTION ( 'NONE',  ( -1.665393298452077782E-16, 1.025709229455379565E-18, 1.000000000000000000 ) ) ;
#99 = CARTESIAN_POINT ( 'NONE',  ( 50.25248679141511587, 8.612655886071983957, 0.2000000000000028144 ) ) ;
#100 = ORIENTED_EDGE ( 'NONE', *, *, #5257, .T. ) ;
#101 = CARTESIAN_POINT ( 'NONE',  ( 29.57952447209467550, 7.146809560181840659, 19.78179387253659982 ) ) ;
#102 = DIRECTION ( 'NONE',  ( 0.01657441405230463891, 0.9998626349648349620, -0.000000000000000000 ) ) ;
#103 = CARTESIAN_POINT ( 'NONE',  ( 50.33156779148531967, 8.684208291245965938, -0.2966384881382483352 ) ) ;
#104 = EDGE_CURVE ( 'NONE', #5329, #3221, #2428, .T. ) ;
#105 = EDGE_CURVE ( 'NONE', #2283, #7238, #3696, .T. ) ;
#106 = CARTESIAN_POINT ( 'NONE',  ( 51.16495597621619851, 9.297873703681396762, 0.1842750661623203112 ) ) ;
#107 = ADVANCED_FACE ( 'NONE', ( #5970 ), #6333, .F. ) ;
#108 = AXIS2_PLACEMENT_3D ( 'NONE', #7088, #2010, #4292 ) ;
#109 = CARTESIAN_POINT ( 'NONE',  ( 30.05886100643327552, 6.247028446553152925, -20.28997938598705630 ) ) ;
#110 = LINE ( 'NONE', #7031, #1549 ) ;
#111 = ORIENTED_EDGE ( 'NONE', *, *, #4607, .F. ) ;
#112 = VERTEX_POINT ( 'NONE', #3529 ) ;
#113 = CARTESIAN_POINT ( 'NONE',  ( 29.22108413575707075, 9.661383120241001876, 21.49999999999999645 ) ) ;
#114 = CARTESIAN_POINT ( 'NONE',  ( 29.55638897493903983, 5.755289078257224133, -19.48925470086114586 ) ) ;
#115 = CARTESIAN_POINT ( 'NONE',  ( 29.64052257121743139, 3.253550961852462287, 16.10896446080518274 ) ) ;
#116 = VERTEX_POINT ( 'NONE', #5802 ) ;
#117 = ORIENTED_EDGE ( 'NONE', *, *, #1735, .T. ) ;
#118 = CARTESIAN_POINT ( 'NONE',  ( 29.37133342059312113, 6.658480332536035995, 19.00215235425125471 ) ) ;
#119 = CARTESIAN_POINT ( 'NONE',  ( 29.51055127908881559, 9.333676829627302496, 21.25943658912875023 ) ) ;
#120 = ORIENTED_EDGE ( 'NONE', *, *, #6483, .T. ) ;
#121 = CARTESIAN_POINT ( 'NONE',  ( 29.92854599810819849, -2.585768443992301879, -0.000000000000000000 ) ) ;
#122 = CARTESIAN_POINT ( 'NONE',  ( 29.52986991245534654, 4.155508862313488372, 3.171922371743062367E-15 ) ) ;
#123 = DIRECTION ( 'NONE',  ( -0.01657441405230464238, -0.9998626349648349620, -1.734723475976807094E-18 ) ) ;
#124 = EDGE_LOOP ( 'NONE', ( #6966, #362, #278, #6331, #524, #4005 ) ) ;
#125 = CARTESIAN_POINT ( 'NONE',  ( 28.78118743939269208, -9.333935142334325974, -0.8250000000000037303 ) ) ;
#126 = B_SPLINE_CURVE_WITH_KNOTS ( 'NONE', 3,
 ( #7097, #3752, #1984, #4302 ),
 .UNSPECIFIED., .F., .F.,
 ( 4, 4 ),
 ( 1.734723475976807094E-18, 0.0002972873641302968529 ),
 .UNSPECIFIED. ) ;
#127 = CARTESIAN_POINT ( 'NONE',  ( 40.27862643847750235, 0.4804764976776764174, 0.1379604934895854729 ) ) ;
#128 = ORIENTED_EDGE ( 'NONE', *, *, #3664, .F. ) ;
#129 = CARTESIAN_POINT ( 'NONE',  ( 50.85593232284338683, 9.419274827063883748, -0.1225882467407798243 ) ) ;
#130 = CARTESIAN_POINT ( 'NONE',  ( 29.52980122993764667, 4.093164257000450057, 16.22865433225317844 ) ) ;
#131 = CARTESIAN_POINT ( 'NONE',  ( 51.19200433863299082, 9.072473460432666670, -1.025655199287611952 ) ) ;
#132 = CARTESIAN_POINT ( 'NONE',  ( 29.01680430430896962, -2.661934608959339865, 0.2999999999999977685 ) ) ;
#133 = ORIENTED_EDGE ( 'NONE', *, *, #7306, .F. ) ;
#134 = CARTESIAN_POINT ( 'NONE',  ( 29.45289206297297468, -0.4882314940259307456, 3.155808947497007545E-15 ) ) ;
#135 = ORIENTED_EDGE ( 'NONE', *, *, #1602, .F. ) ;
#136 = CARTESIAN_POINT ( 'NONE',  ( 45.58046641526231468, 3.661500636547296850, -0.2454298453503468980 ) ) ;
#137 = CARTESIAN_POINT ( 'NONE',  ( 50.74505599753552332, 9.260215583829575436, 0.06455733369422500534 ) ) ;
#138 = ORIENTED_EDGE ( 'NONE', *, *, #6132, .F. ) ;
#139 = CARTESIAN_POINT ( 'NONE',  ( 28.42062245136759557, -2.326996480554358371, -0.5000000000000033307 ) ) ;
#140 = LINE ( 'NONE', #5847, #3291 ) ;
#141 = EDGE_CURVE ( 'NONE', #2789, #3028, #2970, .T. ) ;
#142 = LINE ( 'NONE', #4608, #365 ) ;
#143 = VERTEX_POINT ( 'NONE', #1605 ) ;
#144 = ORIENTED_EDGE ( 'NONE', *, *, #2774, .F. ) ;
#145 = CARTESIAN_POINT ( 'NONE',  ( 48.85791097929693905, 6.335457355553137937, 0.2000000000000018985 ) ) ;
#146 = CARTESIAN_POINT ( 'NONE',  ( 51.16445146266697463, 9.297634698148190324, -1.199999999999996625 ) ) ;
#147 = CARTESIAN_POINT ( 'NONE',  ( 29.60571985860492816, 8.731207694243703799, 21.36603401594301133 ) ) ;
#148 = VECTOR ( 'NONE', #753, 100.0000000000000142 ) ;
#149 = EDGE_LOOP ( 'NONE', ( #2463, #674, #6557, #1560, #3302 ) ) ;
#150 = ORIENTED_EDGE ( 'NONE', *, *, #3493, .F. ) ;
#151 = CARTESIAN_POINT ( 'NONE',  ( 29.42213622111535187, -2.343598264957939659, 0.7774384456261533849 ) ) ;
#152 =( BOUNDED_CURVE ( )  B_SPLINE_CURVE ( 3, ( #211, #4122, #801, #5231 ),
 .UNSPECIFIED., .F., .F. ) 
 B_SPLINE_CURVE_WITH_KNOTS ( ( 4, 4 ),
 ( 0.03448593806023277086, 0.5261072994567438377 ),
 .UNSPECIFIED. ) 
 CURVE ( )  GEOMETRIC_REPRESENTATION_ITEM ( )  RATIONAL_B_SPLINE_CURVE ( ( 1.000000000000000000, 0.9799602469831804052, 0.9799602469831804052, 1.000000000000000000 ) ) 
 REPRESENTATION_ITEM ( '' )  );
#153 = AXIS2_PLACEMENT_3D ( 'NONE', #483, #3911, #2223 ) ;
#154 = CARTESIAN_POINT ( 'NONE',  ( 31.02191643705909385, -2.370117327441628063, -1.300000000000007816 ) ) ;
#155 = EDGE_CURVE ( 'NONE', #308, #112, #3958, .T. ) ;
#156 = EDGE_LOOP ( 'NONE', ( #3142, #3239, #7271, #1887 ) ) ;
#157 = DIRECTION ( 'NONE',  ( 0.01657441405230463891, 0.9998626349648348510, 2.526198420459838063E-16 ) ) ;
#158 = CARTESIAN_POINT ( 'NONE',  ( 29.67056235697262423, -2.515154257219698319, -1.300000000000007594 ) ) ;
#159 = CARTESIAN_POINT ( 'NONE',  ( 42.78164814690678242, 6.036126734066455946, -0.3000000000000003775 ) ) ;
#160 = EDGE_CURVE ( 'NONE', #728, #6830, #6698, .T. ) ;
#161 = ORIENTED_EDGE ( 'NONE', *, *, #2762, .T. ) ;
#162 = LINE ( 'NONE', #2484, #6024 ) ;
#163 = CIRCLE ( 'NONE', #6906, 0.8016513616222679106 ) ;
#164 = CARTESIAN_POINT ( 'NONE',  ( 30.05936328639636912, 8.947391056962011646, 21.24793397913154891 ) ) ;
#165 = ORIENTED_EDGE ( 'NONE', *, *, #3442, .F. ) ;
#166 = VECTOR ( 'NONE', #4954, 100.0000000000000142 ) ;
#167 = CARTESIAN_POINT ( 'NONE',  ( 28.29716272408828104, -2.386530716670014485, -0.000000000000000000 ) ) ;
#168 = CARTESIAN_POINT ( 'NONE',  ( 0.06206087683529257909, 3.743863984871032891, 1.368481137968632239E-17 ) ) ;
#169 = CARTESIAN_POINT ( 'NONE',  ( 29.86235026368619216, 8.950656880984137587, 21.69993612433300001 ) ) ;
#170 = AXIS2_PLACEMENT_3D ( 'NONE', #6696, #3866, #2862 ) ;
#171 = ORIENTED_EDGE ( 'NONE', *, *, #4255, .T. ) ;
#172 = LINE ( 'NONE', #2459, #6089 ) ;
#173 = FACE_OUTER_BOUND ( 'NONE', #4652, .T. ) ;
#174 = ORIENTED_EDGE ( 'NONE', *, *, #105, .F. ) ;
#175 = CARTESIAN_POINT ( 'NONE',  ( 45.33456488868646517, 2.493326978128878491, -0.3000000000000004330 ) ) ;
#176 = B_SPLINE_SURFACE_WITH_KNOTS ( 'NONE', 2, 1, ( 
 ( #4802, #5292 ),
 ( #3626, #2038 ),
 ( #4769, #857 ) ),
 .UNSPECIFIED., .F., .F., .F.,
 ( 3, 3 ),
 ( 2, 2 ),
 ( 0.000000000000000000, 0.7967053436417098622 ),
 ( 0.000000000000000000, 1.000000000000000000 ),
 .UNSPECIFIED. ) ;
#177 = CARTESIAN_POINT ( 'NONE',  ( 29.45289206297297468, -0.4882314940259307456, 3.155808947497007545E-15 ) ) ;
#178 = ORIENTED_EDGE ( 'NONE', *, *, #3399, .F. ) ;
#179 = CARTESIAN_POINT ( 'NONE',  ( 29.76102900497482651, 0.6477169620797769145, -11.49183570673656263 ) ) ;
#180 = CARTESIAN_POINT ( 'NONE',  ( 40.92433530846895451, -0.2007882580353522461, -0.7128979204315168960 ) ) ;
#181 = VECTOR ( 'NONE', #1227, 100.0000000000000142 ) ;
#182 = LINE ( 'NONE', #6959, #3199 ) ;
#183 = ORIENTED_EDGE ( 'NONE', *, *, #3988, .F. ) ;
#184 = ORIENTED_EDGE ( 'NONE', *, *, #2059, .F. ) ;
#185 = ADVANCED_BREP_SHAPE_REPRESENTATION ( 'Part12', ( #1228, #4229 ), #5174 ) ;
#186 = CARTESIAN_POINT ( 'NONE',  ( 51.14463425289144283, 8.097798341225010077, -0.6999999999999970690 ) ) ;
#187 = CARTESIAN_POINT ( 'NONE',  ( 0.01896740029930046867, 1.144221133962461057, 1.985179957108101255E-18 ) ) ;
#188 = B_SPLINE_CURVE_WITH_KNOTS ( 'NONE', 3,
 ( #643, #2372, #5828, #4033, #6351, #680, #4147, #4695, #6826, #1862, #2891, #6864, #1318, #4106, #4620, #5754, #3486, #6312 ),
 .UNSPECIFIED., .F., .F.,
 ( 4, 2, 2, 2, 2, 2, 2, 2, 4 ),
 ( 0.000000000000000000, 0.001058531164307596750, 0.002117062328615193501, 0.003175593492922790251, 0.004234124657230387001, 0.005292655821537983751, 0.006351186985845580502, 0.007409718150153177252, 0.008468249314460774002 ),
 .UNSPECIFIED. ) ;
#189 = CARTESIAN_POINT ( 'NONE',  ( 29.61478324912965121, 9.277962801432867224, 21.74663514059544767 ) ) ;
#190 = ORIENTED_EDGE ( 'NONE', *, *, #1429, .T. ) ;
#191 = CLOSED_SHELL ( 'NONE', ( #11, #2001, #5165, #7122, #193, #3168, #1282, #5528, #6220, #4433, #6683, #7025, #1911, #4557, #1964, #3039, #6438, #3544, #1784, #3365, #2490, #2274, #2351, #5402, #2313, #2548, #5256, #6882, #6855, #978, #3241, #4073, #7027, #15, #598, #3262, #3495, #6440, #4350, #1202, #1721, #3938, #5578, #4742, #3394, #1921, #3976, #562, #340, #732, #1722, #4718, #1297, #3080, #3852, #1253, #6253, #7313, #7207, #2242, #107, #5526, #509, #797, #5816, #2797, #4218, #3767, #608, #5023, #3136, #2895, #379, #6265, #6258, #2017, #6210, #3306, #1415, #378, #3861, #2314, #3350, #3979, #1820, #1513, #7167, #389, #4297, #2094, #1912, #5995, #6453, #4116, #4445, #4178, #4569, #1615, #5848, #1691, #4705, #5299, #3029, #472, #656, #6981, #5939, #3756, #5162, #3796, #1651, #5899, #6499, #650, #5989, #6361, #1477, #2405, #2587, #2580, #1413, #3031, #6583, #3274, #597, #5399, #6436, #1832, #65, #5483, #1821, #1772, #6079, #2847, #3001, #1335, #5337, #482, #640, #4793, #7316, #2771, #3635, #4390, #4798, #4928, #652, #4259, #4477, #5630, #5813, #3182, #6275, #4944, #5757, #5575, #5864, #2851, #4558, #6399, #1257, #2722, #52, #93, #745, #2633, #4972, #1111, #1383, #3270, #2400, #5297, #2711, #1462, #4111, #1060, #4986, #6269 ) ) ;
#192 = EDGE_CURVE ( 'NONE', #1311, #849, #7309, .T. ) ;
#193 = ADVANCED_FACE ( 'NONE', ( #527 ), #6085, .F. ) ;
#194 = EDGE_CURVE ( 'NONE', #1478, #470, #3920, .T. ) ;
#195 = CARTESIAN_POINT ( 'NONE',  ( 30.09363564360722876, 8.946822934682913342, 21.24688247531408081 ) ) ;
#196 = CARTESIAN_POINT ( 'NONE',  ( 29.64015039148676323, 0.1399526050806477462, 10.89652860511196408 ) ) ;
#197 = ORIENTED_EDGE ( 'NONE', *, *, #1294, .F. ) ;
#198 = CARTESIAN_POINT ( 'NONE',  ( 29.64534470245363451, 8.654503069068823606, -21.73524376403016944 ) ) ;
#199 = CARTESIAN_POINT ( 'NONE',  ( 29.26525717065837640, 0.2593594687610915606, -0.5000000000000032196 ) ) ;
#200 = DIRECTION ( 'NONE',  ( -0.9998626349648350731, 0.01657441405230466666, 0.000000000000000000 ) ) ;
#201 = EDGE_LOOP ( 'NONE', ( #6270, #1074, #1955, #5557 ) ) ;
#202 = EDGE_CURVE ( 'NONE', #6000, #5973, #6346, .T. ) ;
#203 = DIRECTION ( 'NONE',  ( -1.000000000000000000, 0.000000000000000000, -1.665680818703646662E-16 ) ) ;
#204 = EDGE_CURVE ( 'NONE', #731, #1742, #4715, .T. ) ;
#205 = CARTESIAN_POINT ( 'NONE',  ( 29.62102918974302668, 9.654753354620073225, 8.706924070622789853E-15 ) ) ;
#206 = ORIENTED_EDGE ( 'NONE', *, *, #4604, .F. ) ;
#207 = LINE ( 'NONE', #88, #1543 ) ;
#208 = DIRECTION ( 'NONE',  ( -0.9998626349648349620, 0.01657441405230474646, 0.000000000000000000 ) ) ;
#209 = CARTESIAN_POINT ( 'NONE',  ( 29.60278722721967171, 8.554294740655880247, 21.23944454867274345 ) ) ;
#210 = VERTEX_POINT ( 'NONE', #4438 ) ;
#211 = CARTESIAN_POINT ( 'NONE',  ( 30.04736538869590134, 6.246921674498820742, -20.29037837007850342 ) ) ;
#212 = B_SPLINE_CURVE_WITH_KNOTS ( 'NONE', 2,
 ( #2258, #28, #6218 ),
 .UNSPECIFIED., .F., .F.,
 ( 3, 3 ),
 ( 0.4129444514982799630, 0.6658633006263694476 ),
 .UNSPECIFIED. ) ;
#213 = CYLINDRICAL_SURFACE ( 'NONE', #6863, 0.4999999999999985567 ) ;
#214 = ORIENTED_EDGE ( 'NONE', *, *, #4085, .F. ) ;
#215 = CARTESIAN_POINT ( 'NONE',  ( 51.16495597621619851, 9.297873703681396762, 0.1842750661623203112 ) ) ;
#216 = CARTESIAN_POINT ( 'NONE',  ( 45.38722668932536664, 3.507746558112994517, -0.8800025326869914677 ) ) ;
#217 = AXIS2_PLACEMENT_3D ( 'NONE', #3941, #7258, #2181 ) ;
#218 = ORIENTED_EDGE ( 'NONE', *, *, #2683, .F. ) ;
#219 = CYLINDRICAL_SURFACE ( 'NONE', #2244, 0.5000000000000000000 ) ;
#220 = DIRECTION ( 'NONE',  ( -0.9998626349648348510, 0.01657441405230464584, 0.000000000000000000 ) ) ;
#221 = CARTESIAN_POINT ( 'NONE',  ( 40.31970610058894522, 0.4979165572142639773, 0.2421333333333369198 ) ) ;
#222 = AXIS2_PLACEMENT_3D ( 'NONE', #40, #5596, #6752 ) ;
#223 = ORIENTED_EDGE ( 'NONE', *, *, #1106, .T. ) ;
#224 = VERTEX_POINT ( 'NONE', #1673 ) ;
#225 = CARTESIAN_POINT ( 'NONE',  ( 30.41441299041990476, -2.360046930458391756, -1.000000000000006883 ) ) ;
#226 = CARTESIAN_POINT ( 'NONE',  ( 39.90584208097043017, 0.3266225297359036661, -0.7255847659732973520 ) ) ;
#227 = ORIENTED_EDGE ( 'NONE', *, *, #5197, .T. ) ;
#228 = AXIS2_PLACEMENT_3D ( 'NONE', #2193, #1734, #5019 ) ;
#229 = CARTESIAN_POINT ( 'NONE',  ( 28.50803306809542192, -2.562221039933631150, -1.000000000000006439 ) ) ;
#230 = LINE ( 'NONE', #855, #6487 ) ;
#231 = VERTEX_POINT ( 'NONE', #6048 ) ;
#232 = CARTESIAN_POINT ( 'NONE',  ( 29.62102918974301957, 9.654753354620073225, 21.74663514059541924 ) ) ;
#233 = CARTESIAN_POINT ( 'NONE',  ( 29.02219116712941371, -2.336968499337101157, 1.499999999999998668 ) ) ;
#234 = DIRECTION ( 'NONE',  ( -0.9998626349648348510, 0.01657441405230573525, -1.665334536937734811E-16 ) ) ;
#235 = ORIENTED_EDGE ( 'NONE', *, *, #1151, .F. ) ;
#236 = DIRECTION ( 'NONE',  ( 0.01657441405230464584, 0.9998626349648350731, 1.734723475976807094E-18 ) ) ;
#237 = DIRECTION ( 'NONE',  ( 3.382917932875483327E-16, 2.470467893844505313E-16, -1.000000000000000000 ) ) ;
#238 = DIRECTION ( 'NONE',  ( 0.000000000000000000, 0.000000000000000000, -1.000000000000000000 ) ) ;
#239 = VERTEX_POINT ( 'NONE', #3918 ) ;
#240 = VECTOR ( 'NONE', #1878, 100.0000000000000000 ) ;
#241 = EDGE_CURVE ( 'NONE', #781, #4404, #4004, .T. ) ;
#242 = CARTESIAN_POINT ( 'NONE',  ( 40.35681043070982810, 0.5137421895126649263, -1.006731142132841983 ) ) ;
#243 = EDGE_CURVE ( 'NONE', #6571, #945, #7288, .T. ) ;
#244 = CARTESIAN_POINT ( 'NONE',  ( 28.76461302534038467, -10.33379777729916071, -0.8250000000000035083 ) ) ;
#245 = EDGE_CURVE ( 'NONE', #2374, #6949, #1256, .T. ) ;
#246 = CIRCLE ( 'NONE', #5073, 16.46641791636911734 ) ;
#247 = CARTESIAN_POINT ( 'NONE',  ( 51.43443968877217287, 10.28307717325414039, -0.6999999999999964029 ) ) ;
#248 = DIRECTION ( 'NONE',  ( 0.01657441405230467013, 0.9998626349648350731, 1.734723475976807094E-18 ) ) ;
#249 = EDGE_CURVE ( 'NONE', #3921, #470, #1565, .T. ) ;
#250 = VERTEX_POINT ( 'NONE', #454 ) ;
#251 = DIRECTION ( 'NONE',  ( -0.9998626349648348510, 0.01657441405230462850, 0.000000000000000000 ) ) ;
#252 = CARTESIAN_POINT ( 'NONE',  ( 45.44182221721877823, 3.550850232215386981, -0.8335721152040509452 ) ) ;
#253 = EDGE_CURVE ( 'NONE', #5157, #4296, #3295, .T. ) ;
#254 = ORIENTED_EDGE ( 'NONE', *, *, #5110, .F. ) ;
#255 = DIRECTION ( 'NONE',  ( -0.01657441405230464238, -0.9998626349648349620, -1.734723475976807094E-18 ) ) ;
#256 = CARTESIAN_POINT ( 'NONE',  ( 40.97485766438257571, -0.1958023285808016267, -0.7038039923673893306 ) ) ;
#257 = CARTESIAN_POINT ( 'NONE',  ( 50.73176923724148679, 8.379831103244516299, -0.2999999999999972133 ) ) ;
#258 = ORIENTED_EDGE ( 'NONE', *, *, #6305, .T. ) ;
#259 = ORIENTED_EDGE ( 'NONE', *, *, #4708, .T. ) ;
#260 = CARTESIAN_POINT ( 'NONE',  ( 40.47805477353603010, -0.4265803055350975703, -0.3000000000000028200 ) ) ;
#261 = CARTESIAN_POINT ( 'NONE',  ( 29.60613022487420665, 8.755963314504839445, 21.38361920298760666 ) ) ;
#262 = ORIENTED_EDGE ( 'NONE', *, *, #1412, .F. ) ;
#263 = B_SPLINE_CURVE_WITH_KNOTS ( 'NONE', 3,
 ( #5699, #4432, #3325, #2225 ),
 .UNSPECIFIED., .F., .F.,
 ( 4, 4 ),
 ( 5.551792708129602992E-17, 0.001999999999999916341 ),
 .UNSPECIFIED. ) ;
#264 = CARTESIAN_POINT ( 'NONE',  ( 29.44244976831066296, -1.118169917381075518, -7.060133340680019742 ) ) ;
#265 = CARTESIAN_POINT ( 'NONE',  ( 45.76425296840394452, 2.986272863516385545, -1.200000000000000178 ) ) ;
#266 = VERTEX_POINT ( 'NONE', #2265 ) ;
#267 = CYLINDRICAL_SURFACE ( 'NONE', #4051, 11.29999999999813198 ) ;
#268 = CARTESIAN_POINT ( 'NONE',  ( 29.61847485945670755, 3.861335857714562891, 15.93672307658387588 ) ) ;
#269 = VECTOR ( 'NONE', #7277, 100.0000000000000142 ) ;
#270 = CARTESIAN_POINT ( 'NONE',  ( 45.86910077349585890, 2.929264556616592685, -0.1078352539337426308 ) ) ;
#271 = LINE ( 'NONE', #3595, #6552 ) ;
#272 = ORIENTED_EDGE ( 'NONE', *, *, #2815, .T. ) ;
#273 = AXIS2_PLACEMENT_3D ( 'NONE', #4677, #2500, #251 ) ;
#274 = LINE ( 'NONE', #6498, #1760 ) ;
#275 = CARTESIAN_POINT ( 'NONE',  ( 45.46303412731425908, 2.991266075201659991, 0.2223407802516422505 ) ) ;
#276 = B_SPLINE_CURVE_WITH_KNOTS ( 'NONE', 2,
 ( #5603, #3488, #5755 ),
 .UNSPECIFIED., .F., .F.,
 ( 3, 3 ),
 ( 0.07644733184617280575, 0.1651289732793845555 ),
 .UNSPECIFIED. ) ;
#277 = CARTESIAN_POINT ( 'NONE',  ( 29.41452373806752618, -10.34457114643315911, -0.8250000000000035083 ) ) ;
#278 = ORIENTED_EDGE ( 'NONE', *, *, #3940, .F. ) ;
#279 = CARTESIAN_POINT ( 'NONE',  ( 40.52212074424192423, 0.5852132189423309150, -0.8817469382771738751 ) ) ;
#280 = CARTESIAN_POINT ( 'NONE',  ( 27.68661175479890701, -1.824979717385858624, 0.2999999999999999889 ) ) ;
#281 = FACE_OUTER_BOUND ( 'NONE', #758, .T. ) ;
#282 = CIRCLE ( 'NONE', #3587, 21.75764531748080444 ) ;
#283 = EDGE_CURVE ( 'NONE', #7098, #979, #2600, .T. ) ;
#284 = CARTESIAN_POINT ( 'NONE',  ( 28.42764847665003458, -10.32821202006048011, -0.5000000000000033307 ) ) ;
#285 = EDGE_CURVE ( 'NONE', #2861, #348, #1027, .T. ) ;
#286 = EDGE_CURVE ( 'NONE', #353, #1034, #5059, .T. ) ;
#287 = CIRCLE ( 'NONE', #4170, 0.4999999999999985567 ) ;
#288 = VECTOR ( 'NONE', #614, 100.0000000000000000 ) ;
#289 = CARTESIAN_POINT ( 'NONE',  ( 29.07191440930249726, 0.6626194065324986227, 10.50000000229203501 ) ) ;
#290 = ORIENTED_EDGE ( 'NONE', *, *, #420, .F. ) ;
#291 = AXIS2_PLACEMENT_3D ( 'NONE', #168, #6913, #2455 ) ;
#292 = CARTESIAN_POINT ( 'NONE',  ( 45.37029156054219214, 3.494441370285926496, -0.1020807115986766683 ) ) ;
#293 = CARTESIAN_POINT ( 'NONE',  ( 29.57105695854185967, 3.271170551158909312, -16.96967930297624605 ) ) ;
#294 = CIRCLE ( 'NONE', #5004, 1.292999993180115270 ) ;
#295 = EDGE_LOOP ( 'NONE', ( #1597, #3038, #3265, #2572, #2062, #6196, #3983 ) ) ;
#296 = EDGE_CURVE ( 'NONE', #381, #3680, #5243, .T. ) ;
#297 = LINE ( 'NONE', #920, #4691 ) ;
#298 = DIRECTION ( 'NONE',  ( 0.000000000000000000, 0.000000000000000000, 1.000000000000000000 ) ) ;
#299 = EDGE_CURVE ( 'NONE', #3423, #6699, #319, .T. ) ;
#300 = PLANE ( 'NONE',  #1899 ) ;
#301 = EDGE_LOOP ( 'NONE', ( #6390, #929, #2553, #6782 ) ) ;
#302 = ORIENTED_EDGE ( 'NONE', *, *, #5489, .T. ) ;
#303 = CARTESIAN_POINT ( 'NONE',  ( 30.23782383506047822, -2.357119666576611650, 0.2999999999999999334 ) ) ;
#304 = CARTESIAN_POINT ( 'NONE',  ( 29.71804960562681686, 8.714261292711439566, 21.25607221570222549 ) ) ;
#305 = ORIENTED_EDGE ( 'NONE', *, *, #1197, .F. ) ;
#306 = CARTESIAN_POINT ( 'NONE',  ( 29.71405901223241486, 9.045317061685711479, -22.25837630154400415 ) ) ;
#307 = DIRECTION ( 'NONE',  ( 0.000000000000000000, -0.000000000000000000, 1.000000000000000000 ) ) ;
#308 = VERTEX_POINT ( 'NONE', #2955 ) ;
#309 = CYLINDRICAL_SURFACE ( 'NONE', #3463, 0.4999999999999985567 ) ;
#310 = CARTESIAN_POINT ( 'NONE',  ( 45.31565216471387458, 3.451602483721576853, -0.8354971164777130754 ) ) ;
#311 = CIRCLE ( 'NONE', #6221, 11.29999999999813198 ) ;
#312 = CARTESIAN_POINT ( 'NONE',  ( 27.68661175479890701, -1.824979717385858624, -1.000000000000006217 ) ) ;
#313 = CARTESIAN_POINT ( 'NONE',  ( 51.16445146266697463, 9.297634698148190324, -1.199999999999996625 ) ) ;
#314 = ORIENTED_EDGE ( 'NONE', *, *, #4482, .F. ) ;
#315 = CARTESIAN_POINT ( 'NONE',  ( 46.26952356825763246, 3.273591535754737158, -0.6999999999999999556 ) ) ;
#316 = FACE_OUTER_BOUND ( 'NONE', #2350, .T. ) ;
#317 = LINE ( 'NONE', #7090, #6891 ) ;
#318 = VERTEX_POINT ( 'NONE', #4650 ) ;
#319 = B_SPLINE_CURVE_WITH_KNOTS ( 'NONE', 2,
 ( #4913, #2119, #4362 ),
 .UNSPECIFIED., .F., .F.,
 ( 3, 3 ),
 ( 0.6658633006263694476, 0.6710009487834683872 ),
 .UNSPECIFIED. ) ;
#320 = LINE ( 'NONE', #6467, #5678 ) ;
#321 = CARTESIAN_POINT ( 'NONE',  ( 51.64301749531588825, 9.789770348802621314, -0.2999999999999964917 ) ) ;
#322 = CARTESIAN_POINT ( 'NONE',  ( 29.95201306085773041, 8.949170568491361166, 21.61752085298597947 ) ) ;
#323 = DIRECTION ( 'NONE',  ( 0.9998626349648348510, -0.01657441405230464584, 0.000000000000000000 ) ) ;
#324 = CARTESIAN_POINT ( 'NONE',  ( 29.45833516795250517, -0.1598725384681396466, -11.91871391825121762 ) ) ;
#325 = ORIENTED_EDGE ( 'NONE', *, *, #3228, .F. ) ;
#326 = DIRECTION ( 'NONE',  ( -0.01657441405230464238, -0.9998626349648349620, 0.000000000000000000 ) ) ;
#327 = CARTESIAN_POINT ( 'NONE',  ( 29.80326345882101791, 3.646828615558908027, 15.66103125771015669 ) ) ;
#328 = ORIENTED_EDGE ( 'NONE', *, *, #3573, .T. ) ;
#329 = CARTESIAN_POINT ( 'NONE',  ( 29.52980122993776746, 4.147221655287334663, -17.44368426867221444 ) ) ;
#330 = CARTESIAN_POINT ( 'NONE',  ( 40.55123172966080602, 0.06395871603309544184, -1.102707616974389904 ) ) ;
#331 = PLANE ( 'NONE',  #1317 ) ;
#332 = VERTEX_POINT ( 'NONE', #593 ) ;
#333 = VERTEX_POINT ( 'NONE', #6263 ) ;
#334 = EDGE_CURVE ( 'NONE', #1857, #37, #5861, .T. ) ;
#335 = FACE_OUTER_BOUND ( 'NONE', #1780, .T. ) ;
#336 = EDGE_CURVE ( 'NONE', #3221, #4693, #1136, .T. ) ;
#337 = AXIS2_PLACEMENT_3D ( 'NONE', #1938, #2905, #1258 ) ;
#338 = CARTESIAN_POINT ( 'NONE',  ( 29.85927061501469382, 3.618137026061669204, 15.62424885143780173 ) ) ;
#339 = VERTEX_POINT ( 'NONE', #146 ) ;
#340 = ADVANCED_FACE ( 'NONE', ( #1193 ), #4577, .F. ) ;
#341 = CARTESIAN_POINT ( 'NONE',  ( 29.61478324912965476, 9.277962801432543927, -22.74663514059546188 ) ) ;
#342 = CARTESIAN_POINT ( 'NONE',  ( 45.46353341854216268, 2.991257798605200691, 0.1999999999999996225 ) ) ;
#343 = VERTEX_POINT ( 'NONE', #6889 ) ;
#344 = CARTESIAN_POINT ( 'NONE',  ( 30.05936328639636912, 8.947391056962011646, 21.24793397913154891 ) ) ;
#345 = CARTESIAN_POINT ( 'NONE',  ( 29.67760990371649399, 3.790758463259762845, 15.84683878060841344 ) ) ;
#346 = CYLINDRICAL_SURFACE ( 'NONE', #873, 19.50215235425126181 ) ;
#347 = CARTESIAN_POINT ( 'NONE',  ( 30.04736538869588358, 6.246921674498820742, 19.29037837007849987 ) ) ;
#348 = VERTEX_POINT ( 'NONE', #630 ) ;
#349 = ORIENTED_EDGE ( 'NONE', *, *, #2671, .T. ) ;
#350 = CARTESIAN_POINT ( 'NONE',  ( 39.80957101581588375, 0.2881765691064449020, -0.2967369125164356913 ) ) ;
#351 = LINE ( 'NONE', #1129, #1871 ) ;
#352 = CARTESIAN_POINT ( 'NONE',  ( 45.46353341854216268, 2.991257798605200691, -0.09289321881345291576 ) ) ;
#353 = VERTEX_POINT ( 'NONE', #3438 ) ;
#354 = AXIS2_PLACEMENT_3D ( 'NONE', #4301, #2710, #1026 ) ;
#355 = FACE_OUTER_BOUND ( 'NONE', #7298, .T. ) ;
#356 = CARTESIAN_POINT ( 'NONE',  ( 30.07123726506852179, 6.646878242699422401, 19.00215235425143234 ) ) ;
#357 = CARTESIAN_POINT ( 'NONE',  ( 29.60942709990494848, 8.954849510144720526, 21.16756122134666640 ) ) ;
#358 = CARTESIAN_POINT ( 'NONE',  ( 29.93603069400281314, 3.654365856672360469, -16.67390216841760875 ) ) ;
#359 = AXIS2_PLACEMENT_3D ( 'NONE', #5499, #1685, #3931 ) ;
#360 = B_SPLINE_CURVE_WITH_KNOTS ( 'NONE', 3,
 ( #3602, #5870, #3047, #6946, #4118, #6396, #1325, #3565, #5835, #763, #5381, #3673, #1395, #7094, #4889, #6614, #4814, #4299, #3785, #2054 ),
 .UNSPECIFIED., .F., .F.,
 ( 4, 2, 2, 2, 2, 2, 2, 2, 2, 4 ),
 ( -0.005475155950471257034, -0.004810864970005791601, -0.004146573989540327035, -0.003482283009074862035, -0.002817992028609396602, -0.001489410067678467037, -0.0001608281067475361703, 0.001167753854183393829, 0.002496335815114322960, 0.005153499736975957445 ),
 .UNSPECIFIED. ) ;
#361 = CARTESIAN_POINT ( 'NONE',  ( 29.72180839614784276, 9.573924233784540050, 21.44160941979151147 ) ) ;
#362 = ORIENTED_EDGE ( 'NONE', *, *, #5524, .F. ) ;
#363 = CARTESIAN_POINT ( 'NONE',  ( 29.62102918974302668, 9.654753354620412509, 21.99999999999999289 ) ) ;
#364 = DIRECTION ( 'NONE',  ( -2.220446049250313081E-16, 2.357666062890061177E-18, 1.000000000000000000 ) ) ;
#365 = VECTOR ( 'NONE', #6924, 100.0000000000000142 ) ;
#366 = ORIENTED_EDGE ( 'NONE', *, *, #3092, .T. ) ;
#367 = CARTESIAN_POINT ( 'NONE',  ( 29.58830939182408670, 3.231839771771813474, 15.96859319677697542 ) ) ;
#368 = CARTESIAN_POINT ( 'NONE',  ( 29.52774384389703499, 0.03281327293580716536, -12.03012197607499978 ) ) ;
#369 = B_SPLINE_CURVE_WITH_KNOTS ( 'NONE', 3,
 ( #2903, #5613, #2347, #2311, #6325, #5766, #4556, #6914, #3346, #56, #690, #5190, #6834, #3903, #1720, #2937 ),
 .UNSPECIFIED., .F., .F.,
 ( 4, 2, 2, 2, 2, 2, 2, 4 ),
 ( 1.592264493058081649E-17, 0.001525179478885734441, 0.002287769218328589843, 0.003050358957771445029, 0.003812948697214300214, 0.004575538436657155400, 0.005338128176100010586, 0.006100717915542865771 ),
 .UNSPECIFIED. ) ;
#370 = CARTESIAN_POINT ( 'NONE',  ( 31.23829402084788498, -1.383786165277783420, 0.2421333333333334226 ) ) ;
#371 = VERTEX_POINT ( 'NONE', #4097 ) ;
#372 = ORIENTED_EDGE ( 'NONE', *, *, #6754, .F. ) ;
#373 = LINE ( 'NONE', #4171, #4899 ) ;
#374 = B_SPLINE_CURVE_WITH_KNOTS ( 'NONE', 3,
 ( #4835, #1488, #7151, #6080, #3735, #3292, #7113, #4987, #6600, #6006, #4910, #4282, #4247, #451, #1601, #2116, #1527, #4950, #6523, #7231 ),
 .UNSPECIFIED., .F., .F.,
 ( 4, 2, 2, 2, 2, 2, 2, 2, 2, 4 ),
 ( 0.000000000000000000, 0.0009765103275120215042, 0.001464765491268031064, 0.001953020655024040406, 0.002929530982536075138, 0.003906041310048109436, 0.004882551637560143300, 0.005859061965072178031, 0.006835572292584211028, 0.007812082620096244892 ),
 .UNSPECIFIED. ) ;
#375 = CARTESIAN_POINT ( 'NONE',  ( 29.85734902503346788, -2.706588934948906733, -1.000000000000006439 ) ) ;
#376 = ORIENTED_EDGE ( 'NONE', *, *, #6543, .F. ) ;
#377 = CARTESIAN_POINT ( 'NONE',  ( 49.17603086748459873, 6.716843217374761643, -0.2872441971508482017 ) ) ;
#378 = ADVANCED_FACE ( 'NONE', ( #6379 ), #2397, .F. ) ;
#379 = ADVANCED_FACE ( 'NONE', ( #3403 ), #6928, .F. ) ;
#380 = CARTESIAN_POINT ( 'NONE',  ( 29.46712674854923364, -0.01892790751511512840, 11.19732725391453165 ) ) ;
#381 = VERTEX_POINT ( 'NONE', #2438 ) ;
#382 = CARTESIAN_POINT ( 'NONE',  ( 27.23884348098842878, -1.317488509068562408, 0.2999999999999999889 ) ) ;
#383 = CARTESIAN_POINT ( 'NONE',  ( 45.11504685278138282, 3.296687855028310299, -0.7204955740716950663 ) ) ;
#384 = DIRECTION ( 'NONE',  ( -0.9998626349648350731, 0.01657441405230462850, 0.000000000000000000 ) ) ;
#385 = CARTESIAN_POINT ( 'NONE',  ( 29.42105666275003273, 9.658068237430541103, -0.5000000000000032196 ) ) ;
#386 = VERTEX_POINT ( 'NONE', #1740 ) ;
#387 = VERTEX_POINT ( 'NONE', #1158 ) ;
#388 = DIRECTION ( 'NONE',  ( 2.220446049250313081E-16, 9.860761315262647568E-32, 1.000000000000000000 ) ) ;
#389 = ADVANCED_FACE ( 'NONE', ( #1854 ), #5704, .T. ) ;
#390 = CARTESIAN_POINT ( 'NONE',  ( 30.31904579061175298, -1.868616763265141367, 0.2999999999999999889 ) ) ;
#391 = CARTESIAN_POINT ( 'NONE',  ( 29.57952447209467550, 7.146809560181822896, -20.45676392269214716 ) ) ;
#392 = ORIENTED_EDGE ( 'NONE', *, *, #6125, .T. ) ;
#393 = EDGE_CURVE ( 'NONE', #1718, #2312, #3985, .T. ) ;
#394 = CARTESIAN_POINT ( 'NONE',  ( 29.57952447209469327, 7.118234982725470061, -20.43093761673783249 ) ) ;
#395 = CARTESIAN_POINT ( 'NONE',  ( 29.66053242034593040, 6.872332614732039602, 19.20684389354448030 ) ) ;
#396 = CARTESIAN_POINT ( 'NONE',  ( 29.60162221444691610, 8.484014564395815583, 21.18868801966836912 ) ) ;
#397 = B_SPLINE_CURVE_WITH_KNOTS ( 'NONE', 3,
 ( #4528, #1726, #2759, #2184, #5084, #3318, #4425, #3282, #7260, #3389, #7330, #25 ),
 .UNSPECIFIED., .F., .F.,
 ( 4, 2, 2, 2, 2, 4 ),
 ( 1.211825722864169544E-16, 0.002224602696949927461, 0.004449205393899734358, 0.005561506742374561912, 0.006673808090849390334, 0.008898410787799208507 ),
 .UNSPECIFIED. ) ;
#398 = CARTESIAN_POINT ( 'NONE',  ( 29.80461935577763910, 3.700418860068425797, -16.73166303006221156 ) ) ;
#399 = CARTESIAN_POINT ( 'NONE',  ( 29.07191440928634663, 0.6626194055574862185, -11.49818166789215645 ) ) ;
#400 = EDGE_LOOP ( 'NONE', ( #178, #128, #2614, #4151 ) ) ;
#401 = DIRECTION ( 'NONE',  ( 0.01657441405230484707, 0.9998626349648348510, -3.783680950347350670E-18 ) ) ;
#402 = CARTESIAN_POINT ( 'NONE',  ( 51.64301749531588825, 9.789770348802621314, -0.2999999999999964917 ) ) ;
#403 = ORIENTED_EDGE ( 'NONE', *, *, #3584, .F. ) ;
#404 = AXIS2_PLACEMENT_3D ( 'NONE', #312, #3627, #5407 ) ;
#405 = CARTESIAN_POINT ( 'NONE',  ( 48.81732168275497941, 6.790057210337600679, -0.6999999999999986233 ) ) ;
#406 = DIRECTION ( 'NONE',  ( 0.9998626349648349620, -0.01657441405230455217, 0.000000000000000000 ) ) ;
#407 = VECTOR ( 'NONE', #157, 100.0000000000000142 ) ;
#408 = LINE ( 'NONE', #4239, #6043 ) ;
#409 = ORIENTED_EDGE ( 'NONE', *, *, #1506, .F. ) ;
#410 = ORIENTED_EDGE ( 'NONE', *, *, #5903, .F. ) ;
#411 = CARTESIAN_POINT ( 'NONE',  ( 49.17713648838513762, 6.226456826755945251, -0.2999999999999981570 ) ) ;
#412 = CARTESIAN_POINT ( 'NONE',  ( 29.57717944503010088, 3.447380887901304369, 15.38862250548189969 ) ) ;
#413 = ORIENTED_EDGE ( 'NONE', *, *, #5431, .T. ) ;
#414 = CARTESIAN_POINT ( 'NONE',  ( 49.17379771548355905, 6.608625476393170217, -0.2493903459155549507 ) ) ;
#415 = PLANE ( 'NONE',  #4344 ) ;
#416 = VERTEX_POINT ( 'NONE', #1309 ) ;
#417 = CARTESIAN_POINT ( 'NONE',  ( 29.69104026458425238, 8.734415310654872755, -21.79918827349283461 ) ) ;
#418 = CARTESIAN_POINT ( 'NONE',  ( 29.61019713784543939, 9.001302564853391530, 21.55799077579177592 ) ) ;
#419 = CARTESIAN_POINT ( 'NONE',  ( 29.27188693627929439, 0.6593045227470255565, -0.5000000000000032196 ) ) ;
#420 = EDGE_CURVE ( 'NONE', #3966, #514, #671, .T. ) ;
#421 = DIRECTION ( 'NONE',  ( 0.01657441405230484707, 0.9998626349648348510, 0.000000000000000000 ) ) ;
#422 = EDGE_CURVE ( 'NONE', #5854, #1857, #4687, .T. ) ;
#423 = ORIENTED_EDGE ( 'NONE', *, *, #3126, .T. ) ;
#424 = CARTESIAN_POINT ( 'NONE',  ( 44.95531489403359160, 2.499613688148935697, -0.7000000000000005107 ) ) ;
#425 = CARTESIAN_POINT ( 'NONE',  ( 40.71956292775855246, 0.06948498034543840185, 0.1930924754862731463 ) ) ;
#426 = CARTESIAN_POINT ( 'NONE',  ( 51.29650080294734238, 9.235136245353698925, -0.1406702203961616993 ) ) ;
#427 = ORIENTED_EDGE ( 'NONE', *, *, #6410, .T. ) ;
#428 = CARTESIAN_POINT ( 'NONE',  ( 29.45833516795303098, -0.1598725384658135074, 10.91871391825227278 ) ) ;
#429 = CARTESIAN_POINT ( 'NONE',  ( 29.07191440928634307, 0.6626194055574995412, -11.50000000000003020 ) ) ;
#430 = EDGE_CURVE ( 'NONE', #6456, #6349, #3953, .T. ) ;
#431 = CARTESIAN_POINT ( 'NONE',  ( 29.64551787008423034, 8.654898383166784726, 20.73556059906456639 ) ) ;
#432 = EDGE_CURVE ( 'NONE', #7225, #4783, #5668, .T. ) ;
#433 = LINE ( 'NONE', #4335, #4467 ) ;
#434 = EDGE_CURVE ( 'NONE', #2840, #2263, #3560, .T. ) ;
#435 = DIRECTION ( 'NONE',  ( -0.9998626349648349620, 0.01657441405230474646, 0.000000000000000000 ) ) ;
#436 = CARTESIAN_POINT ( 'NONE',  ( 50.82904403646190872, 9.380525160532144469, -0.06764553776500464854 ) ) ;
#437 = ORIENTED_EDGE ( 'NONE', *, *, #4938, .F. ) ;
#438 = DIRECTION ( 'NONE',  ( 0.01657441405230464238, 0.9998626349648349620, 1.734723475976807094E-18 ) ) ;
#439 = CARTESIAN_POINT ( 'NONE',  ( 29.43109815211983360, -9.344708511468324375, -0.8250000000000035083 ) ) ;
#440 = ORIENTED_EDGE ( 'NONE', *, *, #6483, .F. ) ;
#441 = CARTESIAN_POINT ( 'NONE',  ( 27.23884348098842878, -2.307406495602015717, -1.300000000000006262 ) ) ;
#442 = CARTESIAN_POINT ( 'NONE',  ( 40.62275818952047501, -0.007851636997400355394, -0.9252965510211862421 ) ) ;
#443 = DIRECTION ( 'NONE',  ( -0.01657441405230464238, -0.9998626349648349620, -1.734723475976807094E-18 ) ) ;
#444 = VERTEX_POINT ( 'NONE', #709 ) ;
#445 = ORIENTED_EDGE ( 'NONE', *, *, #1028, .F. ) ;
#446 = CARTESIAN_POINT ( 'NONE',  ( 29.20948204592048114, 8.961479275765615427, -22.25672608094550853 ) ) ;
#447 = CARTESIAN_POINT ( 'NONE',  ( 27.23884348098842878, -1.317488509068562408, 0.2999999999999999889 ) ) ;
#448 = B_SPLINE_CURVE_WITH_KNOTS ( 'NONE', 3,
 ( #6252, #2290, #6955, #5160 ),
 .UNSPECIFIED., .F., .F.,
 ( 4, 4 ),
 ( 0.000000000000000000, 0.0004644184404524514457 ),
 .UNSPECIFIED. ) ;
#449 = VERTEX_POINT ( 'NONE', #114 ) ;
#450 = CARTESIAN_POINT ( 'NONE',  ( 29.60571985860492816, 8.731207694243591888, -22.36603401594316765 ) ) ;
#451 = CARTESIAN_POINT ( 'NONE',  ( 49.17311220873450139, 6.579340065995924469, -0.7662770911837795129 ) ) ;
#452 = ORIENTED_EDGE ( 'NONE', *, *, #6624, .T. ) ;
#453 = CARTESIAN_POINT ( 'NONE',  ( 29.83279978400609878, 8.868924120042724013, -21.90672301455856186 ) ) ;
#454 = CARTESIAN_POINT ( 'NONE',  ( 29.57959315461226169, 7.155096767207863806, -20.46425231158485047 ) ) ;
#455 = CARTESIAN_POINT ( 'NONE',  ( 49.10069857807334159, 5.431309095006647603, -0.4999999999999984457 ) ) ;
#456 = CARTESIAN_POINT ( 'NONE',  ( 45.76454556512562988, 2.986268013230910068, -1.193122391752758693 ) ) ;
#457 = AXIS2_PLACEMENT_3D ( 'NONE', #4752, #6443, #738 ) ;
#458 = ORIENTED_EDGE ( 'NONE', *, *, #2202, .T. ) ;
#459 = LINE ( 'NONE', #6717, #1983 ) ;
#460 = ORIENTED_EDGE ( 'NONE', *, *, #59, .F. ) ;
#461 = CARTESIAN_POINT ( 'NONE',  ( 29.96516101513376640, 0.2477573789244780778, 10.72997687891029273 ) ) ;
#462 = CARTESIAN_POINT ( 'NONE',  ( 29.22108413575709562, 9.661383120240994771, -23.00000000000000355 ) ) ;
#463 = DIRECTION ( 'NONE',  ( 1.000000000000000000, 0.000000000000000000, 0.000000000000000000 ) ) ;
#464 = LINE ( 'NONE', #2132, #5793 ) ;
#465 = AXIS2_PLACEMENT_3D ( 'NONE', #4892, #910, #7173 ) ;
#466 = EDGE_CURVE ( 'NONE', #2653, #2889, #2363, .T. ) ;
#467 = EDGE_CURVE ( 'NONE', #3972, #2023, #6227, .T. ) ;
#468 = CARTESIAN_POINT ( 'NONE',  ( 30.06460749944760025, 6.246933188713487795, 19.79008107956275353 ) ) ;
#469 = CARTESIAN_POINT ( 'NONE',  ( 29.84893356504456818, 9.414076162385212498, 21.32409704120934890 ) ) ;
#470 = VERTEX_POINT ( 'NONE', #3062 ) ;
#471 = CARTESIAN_POINT ( 'NONE',  ( 40.81279686167351173, -0.2773238743131973272, -0.6999999999996172617 ) ) ;
#472 = ADVANCED_FACE ( 'NONE', ( #1446 ), #1890, .F. ) ;
#473 = CARTESIAN_POINT ( 'NONE',  ( 51.61339658574932798, 9.741412406193395768, -0.2982120607039854265 ) ) ;
#474 = ORIENTED_EDGE ( 'NONE', *, *, #1189, .F. ) ;
#475 = B_SPLINE_CURVE_WITH_KNOTS ( 'NONE', 3,
 ( #2288, #4600, #1262, #4012 ),
 .UNSPECIFIED., .F., .F.,
 ( 4, 4 ),
 ( 0.009173688330302007254, 0.009284458319418544339 ),
 .UNSPECIFIED. ) ;
#476 = DIRECTION ( 'NONE',  ( 0.01657441405230465278, 0.9998626349648350731, 3.469446951953613418E-18 ) ) ;
#477 = EDGE_CURVE ( 'NONE', #2174, #2568, #1198, .T. ) ;
#478 = CARTESIAN_POINT ( 'NONE',  ( 27.23884348098842878, -1.317488509068562408, 0.000000000000000000 ) ) ;
#479 = VERTEX_POINT ( 'NONE', #2032 ) ;
#480 = ORIENTED_EDGE ( 'NONE', *, *, #5495, .T. ) ;
#481 = AXIS2_PLACEMENT_3D ( 'NONE', #3342, #4968, #6140 ) ;
#482 = ADVANCED_FACE ( 'NONE', ( #335 ), #1409, .F. ) ;
#483 = CARTESIAN_POINT ( 'NONE',  ( 42.70962778319242403, 1.691450028915983728, -0.7000000000000015099 ) ) ;
#484 = DIRECTION ( 'NONE',  ( -0.9998626349648348510, 0.01657441405230468054, -0.000000000000000000 ) ) ;
#485 =( BOUNDED_CURVE ( )  B_SPLINE_CURVE ( 3, ( #4148, #4217, #3037, #4107 ),
 .UNSPECIFIED., .F., .F. ) 
 B_SPLINE_CURVE_WITH_KNOTS ( ( 4, 4 ),
 ( 1.587371499803894137, 3.100322967313466460 ),
 .UNSPECIFIED. ) 
 CURVE ( )  GEOMETRIC_REPRESENTATION_ITEM ( )  RATIONAL_B_SPLINE_CURVE ( ( 1.000000000000000000, 0.8181729646123365729, 0.8181729646123365729, 1.000000000000000000 ) ) 
 REPRESENTATION_ITEM ( '' )  );
#486 = VERTEX_POINT ( 'NONE', #3616 ) ;
#487 = CYLINDRICAL_SURFACE ( 'NONE', #4354, 21.35764531748080586 ) ;
#488 = DIRECTION ( 'NONE',  ( 3.382917932875483327E-16, 2.470467893844505313E-16, -1.000000000000000000 ) ) ;
#489 = ORIENTED_EDGE ( 'NONE', *, *, #1918, .F. ) ;
#490 = FACE_OUTER_BOUND ( 'NONE', #4768, .T. ) ;
#491 = CARTESIAN_POINT ( 'NONE',  ( 29.99347952911162807, 3.274395105827544672, -16.95244777738674458 ) ) ;
#492 = FACE_BOUND ( 'NONE', #1927, .T. ) ;
#493 = CARTESIAN_POINT ( 'NONE',  ( 50.48502348821857311, 8.894914834151714800, -0.2459603195344988447 ) ) ;
#494 = VERTEX_POINT ( 'NONE', #3583 ) ;
#495 = CARTESIAN_POINT ( 'NONE',  ( 51.64301749531590247, 9.789770348802626643, -0.6999999999999964029 ) ) ;
#496 = CARTESIAN_POINT ( 'NONE',  ( 29.07190158887170739, 0.6618460054538586324, 10.49818166789216711 ) ) ;
#497 = ORIENTED_EDGE ( 'NONE', *, *, #1149, .T. ) ;
#498 = PLANE ( 'NONE',  #1939 ) ;
#499 = CARTESIAN_POINT ( 'NONE',  ( 29.11429555649937484, 3.219290512694851447, -17.51027643789101162 ) ) ;
#500 = DIRECTION ( 'NONE',  ( 1.000000000000000000, 0.000000000000000000, -2.220446049250313081E-16 ) ) ;
#501 = CARTESIAN_POINT ( 'NONE',  ( 41.04285810721555805, 0.06412581601820763200, -1.200000000000002176 ) ) ;
#502 = CARTESIAN_POINT ( 'NONE',  ( 29.75961733000098164, 3.585568556372603410, -16.57874444419536886 ) ) ;
#503 = CARTESIAN_POINT ( 'NONE',  ( 29.81515647205691266, 9.446490643090468708, 21.34793496607455765 ) ) ;
#504 = DIRECTION ( 'NONE',  ( -0.9998626349648349620, 0.01657441405230580117, -1.665334536937735304E-16 ) ) ;
#505 = CARTESIAN_POINT ( 'NONE',  ( 45.77117533074655142, 3.386213067216843786, -1.193122391752758471 ) ) ;
#506 = CARTESIAN_POINT ( 'NONE',  ( 29.83944402930193718, -2.436862696811047613, 0.2999999999999999889 ) ) ;
#507 = VECTOR ( 'NONE', #6465, 100.0000000000000142 ) ;
#508 = EDGE_CURVE ( 'NONE', #6921, #5934, #5397, .T. ) ;
#509 = ADVANCED_FACE ( 'NONE', ( #5923 ), #7038, .T. ) ;
#510 = ORIENTED_EDGE ( 'NONE', *, *, #747, .F. ) ;
#511 = CARTESIAN_POINT ( 'NONE',  ( 29.47185946327227768, 0.6559896399365648945, 10.49999999999995737 ) ) ;
#512 = B_SPLINE_CURVE_WITH_KNOTS ( 'NONE', 2,
 ( #6609, #3888, #496 ),
 .UNSPECIFIED., .F., .F.,
 ( 3, 3 ),
 ( 0.000000000000000000, 0.3934269130146778592 ),
 .UNSPECIFIED. ) ;
#513 = CARTESIAN_POINT ( 'NONE',  ( 45.76425296840394452, 2.986272863516385545, 0.1999999999999997335 ) ) ;
#514 = VERTEX_POINT ( 'NONE', #225 ) ;
#515 = ORIENTED_EDGE ( 'NONE', *, *, #2100, .F. ) ;
#516 = CARTESIAN_POINT ( 'NONE',  ( 42.84628836171076927, 9.935591010429311254, 0.2000000000000006217 ) ) ;
#517 = CARTESIAN_POINT ( 'NONE',  ( 29.87188857875791470, -2.674373507616760293, -1.000000000000006883 ) ) ;
#518 = VECTOR ( 'NONE', #843, 100.0000000000000142 ) ;
#519 = AXIS2_PLACEMENT_3D ( 'NONE', #5370, #7078, #2004 ) ;
#520 = LINE ( 'NONE', #5624, #819 ) ;
#521 = EDGE_CURVE ( 'NONE', #4647, #3376, #4071, .T. ) ;
#522 = CARTESIAN_POINT ( 'NONE',  ( 40.94010902154791864, 0.7733708493773925330, -0.2872616465435719468 ) ) ;
#523 = AXIS2_PLACEMENT_3D ( 'NONE', #199, #604, #5104 ) ;
#524 = ORIENTED_EDGE ( 'NONE', *, *, #2154, .F. ) ;
#525 = AXIS2_PLACEMENT_3D ( 'NONE', #177, #6335, #2430 ) ;
#526 = CARTESIAN_POINT ( 'NONE',  ( 30.03413032021714102, 8.943522383533029085, -21.96745241873481547 ) ) ;
#527 = FACE_OUTER_BOUND ( 'NONE', #2727, .T. ) ;
#528 = VECTOR ( 'NONE', #55, 100.0000000000000000 ) ;
#529 = CARTESIAN_POINT ( 'NONE',  ( 29.51528459274236837, 3.275639676349911156, -16.15077155702978118 ) ) ;
#530 = B_SPLINE_CURVE_WITH_KNOTS ( 'NONE', 3,
 ( #4833, #2035, #2585, #377, #970, #7073, #4909, #414, #3252, #1449, #6564, #5965, #4358, #2694, #4949, #7230, #2837, #4500, #6775, #1700 ),
 .UNSPECIFIED., .F., .F.,
 ( 4, 2, 2, 2, 2, 2, 2, 2, 2, 4 ),
 ( 0.000000000000000000, 0.0009765091345464277893, 0.001464763701819621301, 0.001953018269092814813, 0.002929527403639240000, 0.003906036538185665187, 0.004882545672732089941, 0.005859054807278515561, 0.006835563941824941182, 0.007812073076371365069 ),
 .UNSPECIFIED. ) ;
#531 = VERTEX_POINT ( 'NONE', #303 ) ;
#532 = B_SPLINE_CURVE_WITH_KNOTS ( 'NONE', 3,
 ( #1716, #2897, #5832, #127, #86, #1754, #5760, #6829, #5075, #3998, #2418, #2277, #3526, #5224, #684, #2306, #2821, #16 ),
 .UNSPECIFIED., .F., .F.,
 ( 4, 2, 2, 2, 2, 2, 2, 2, 4 ),
 ( -0.003760468810287674081, -0.003293628756015012579, -0.002826788701742350644, -0.002359948647469688708, -0.001893108593197027206, -0.0009594284846517046363, -2.574837610638206625E-05, 0.001841611840984264808, 0.003708972058074911683 ),
 .UNSPECIFIED. ) ;
#533 = CARTESIAN_POINT ( 'NONE',  ( 29.60162008936701383, 8.483886367526618955, -22.18859493625778967 ) ) ;
#534 = CARTESIAN_POINT ( 'NONE',  ( 46.27954025300284968, 3.877854750882866242, -0.6999999999999997335 ) ) ;
#535 = ORIENTED_EDGE ( 'NONE', *, *, #6359, .F. ) ;
#536 = CARTESIAN_POINT ( 'NONE',  ( 29.46112474779782886, 0.008410735125536283538, 11.28239686360279137 ) ) ;
#537 = DIRECTION ( 'NONE',  ( 0.01657441405230466666, 0.9998626349648349620, 1.734723475976807094E-18 ) ) ;
#538 = CARTESIAN_POINT ( 'NONE',  ( 29.96516101513376640, 0.2477573789244773006, -12.27921898938788203 ) ) ;
#539 = B_SPLINE_CURVE_WITH_KNOTS ( 'NONE', 3,
 ( #1568, #7081, #5519, #3110, #3814, #6570, #4805, #1532, #2007, #4252, #7196, #2042, #2161, #4402, #3776, #4878, #6529, #6682, #1493, #5482, #7156, #4840 ),
 .UNSPECIFIED., .F., .F.,
 ( 4, 2, 2, 2, 2, 2, 2, 2, 2, 2, 4 ),
 ( 1.430489624538199204E-17, 0.001057561109774492495, 0.001586341664661750344, 0.002115122219549007976, 0.003172683329323523673, 0.003701463884210720590, 0.004230244439097917940, 0.005287805548872339528, 0.006345366658646761117, 0.007402927768421183573, 0.008460488878195605161 ),
 .UNSPECIFIED. ) ;
#540 = DIRECTION ( 'NONE',  ( -1.000000000000000000, 0.000000000000000000, -3.382917932875483327E-16 ) ) ;
#541 = CARTESIAN_POINT ( 'NONE',  ( 48.62715771743973647, 6.573989821970297243, -0.7762044153200807761 ) ) ;
#542 = CARTESIAN_POINT ( 'NONE',  ( 50.77576818653075463, 9.304077780756347948, 0.2000000000000032863 ) ) ;
#543 = VERTEX_POINT ( 'NONE', #5959 ) ;
#544 = CARTESIAN_POINT ( 'NONE',  ( 40.67993573315767719, 0.07014186810979908260, -0.7761633516828205792 ) ) ;
#545 = DIRECTION ( 'NONE',  ( 0.01657441405230579770, 0.9998626349648348510, 0.000000000000000000 ) ) ;
#546 = ORIENTED_EDGE ( 'NONE', *, *, #4164, .F. ) ;
#547 = CARTESIAN_POINT ( 'NONE',  ( 28.20650355318428737, -2.323447097718346566, 0.2999999999999999334 ) ) ;
#548 = CARTESIAN_POINT ( 'NONE',  ( 46.26952356825763246, 3.273591535754737158, -0.6999999999999999556 ) ) ;
#549 = ORIENTED_EDGE ( 'NONE', *, *, #606, .F. ) ;
#550 = ORIENTED_EDGE ( 'NONE', *, *, #4435, .T. ) ;
#551 = DIRECTION ( 'NONE',  ( 0.9998626349648348510, -0.01657441405230463891, 0.000000000000000000 ) ) ;
#552 = DIRECTION ( 'NONE',  ( 0.01657441405230463891, 0.9998626349648349620, -0.000000000000000000 ) ) ;
#553 = CARTESIAN_POINT ( 'NONE',  ( 42.67391445556680196, -0.4629803932049720294, 0.1999999999999979572 ) ) ;
#554 = CYLINDRICAL_SURFACE ( 'NONE', #2114, 0.4999999999999985567 ) ;
#555 = EDGE_CURVE ( 'NONE', #7138, #543, #919, .T. ) ;
#556 = CARTESIAN_POINT ( 'NONE',  ( 51.21445618334629302, 9.107253857984803247, -0.02447524070740706228 ) ) ;
#557 = EDGE_CURVE ( 'NONE', #1727, #4993, #5852, .T. ) ;
#558 = ORIENTED_EDGE ( 'NONE', *, *, #2593, .T. ) ;
#559 = DIRECTION ( 'NONE',  ( 0.01657441405230466666, 0.9998626349648349620, 1.734723475976807094E-18 ) ) ;
#560 = CARTESIAN_POINT ( 'NONE',  ( 30.05902501548573014, 8.945986238145477998, -22.24794339029672585 ) ) ;
#561 = CARTESIAN_POINT ( 'NONE',  ( 39.76788485010717977, 1.740214392842945212, -0.3000000000000024869 ) ) ;
#562 = ADVANCED_FACE ( 'NONE', ( #3140 ), #1484, .F. ) ;
#563 = ORIENTED_EDGE ( 'NONE', *, *, #6049, .T. ) ;
#564 = CARTESIAN_POINT ( 'NONE',  ( 29.68776371116680579, 8.953550948337159809, -22.26179814402302171 ) ) ;
#565 = DIRECTION ( 'NONE',  ( 0.9998626349648348510, -0.01657441405230465972, 3.341506680459168366E-16 ) ) ;
#566 = ORIENTED_EDGE ( 'NONE', *, *, #2197, .T. ) ;
#567 = CARTESIAN_POINT ( 'NONE',  ( 29.95501696369500877, 0.2479255337317826935, 10.77892709316996189 ) ) ;
#568 = DIRECTION ( 'NONE',  ( -1.334219373558099851E-16, 2.211694242853291192E-18, 1.000000000000000000 ) ) ;
#569 = CARTESIAN_POINT ( 'NONE',  ( 27.86161175479890773, -1.824979717385858624, -1.300000000000006262 ) ) ;
#570 = CIRCLE ( 'NONE', #2691, 10.99999999999813660 ) ;
#571 = CARTESIAN_POINT ( 'NONE',  ( 29.55638897493903983, 5.755289078257224133, -20.00112679945515737 ) ) ;
#572 = B_SPLINE_CURVE_WITH_KNOTS ( 'NONE', 2,
 ( #7324, #2247, #4453 ),
 .UNSPECIFIED., .F., .F.,
 ( 3, 3 ),
 ( 0.9841426872603873388, 1.000000000000000000 ),
 .UNSPECIFIED. ) ;
#573 = AXIS2_PLACEMENT_3D ( 'NONE', #5891, #6969, #3104 ) ;
#574 = CARTESIAN_POINT ( 'NONE',  ( 40.02987904148943699, -0.1262175772335863977, -0.3000000000000028200 ) ) ;
#575 = DIRECTION ( 'NONE',  ( 1.000000000000000000, 0.000000000000000000, 1.665393298452073591E-16 ) ) ;
#576 = ORIENTED_EDGE ( 'NONE', *, *, #3904, .F. ) ;
#577 = CARTESIAN_POINT ( 'NONE',  ( 29.42213622111535187, -2.343598264957997834, 3.155808947497007545E-15 ) ) ;
#578 = DIRECTION ( 'NONE',  ( -4.226547698092590360E-18, -2.549693222869526344E-16, 1.000000000000000000 ) ) ;
#579 = AXIS2_PLACEMENT_3D ( 'NONE', #5327, #783, #2404 ) ;
#580 = ORIENTED_EDGE ( 'NONE', *, *, #2812, .T. ) ;
#581 = DIRECTION ( 'NONE',  ( 0.01657441405230464238, 0.9998626349648350731, 0.000000000000000000 ) ) ;
#582 = DIRECTION ( 'NONE',  ( 0.9998626349648349620, -0.01657441405230446890, 0.000000000000000000 ) ) ;
#583 = CARTESIAN_POINT ( 'NONE',  ( 46.05609606107579879, 3.088113894226035328, -0.7459249826680447448 ) ) ;
#584 = ORIENTED_EDGE ( 'NONE', *, *, #874, .T. ) ;
#585 = ORIENTED_EDGE ( 'NONE', *, *, #5676, .F. ) ;
#586 = DIRECTION ( 'NONE',  ( -0.9998626349648349620, 0.01657441405230465972, 0.000000000000000000 ) ) ;
#587 = FACE_BOUND ( 'NONE', #7120, .T. ) ;
#588 = DIRECTION ( 'NONE',  ( 1.000000000000000000, 0.000000000000000000, 1.734723475976805615E-16 ) ) ;
#589 = CARTESIAN_POINT ( 'NONE',  ( 40.47805477353610115, -0.4265803055350663731, -0.7000000000000028422 ) ) ;
#590 = CARTESIAN_POINT ( 'NONE',  ( 51.31699199957001412, 9.267276183633011755, -0.1607751664005402925 ) ) ;
#591 = ORIENTED_EDGE ( 'NONE', *, *, #6842, .F. ) ;
#592 = CARTESIAN_POINT ( 'NONE',  ( 30.10935841738882601, 8.946562303118540171, 20.97078005163792724 ) ) ;
#593 = CARTESIAN_POINT ( 'NONE',  ( 49.16621105951234938, 6.116450768821834139, -0.6999999999999982903 ) ) ;
#594 = CARTESIAN_POINT ( 'NONE',  ( 29.74465823046264390, 8.828911177834264379, -22.32982313739935876 ) ) ;
#595 = ORIENTED_EDGE ( 'NONE', *, *, #7219, .T. ) ;
#596 = AXIS2_PLACEMENT_3D ( 'NONE', #6777, #1190, #2327 ) ;
#597 = ADVANCED_FACE ( 'NONE', ( #2472 ), #816, .F. ) ;
#598 = ADVANCED_FACE ( 'NONE', ( #7109 ), #3731, .F. ) ;
#599 = EDGE_CURVE ( 'NONE', #1418, #3856, #6458, .T. ) ;
#600 = CARTESIAN_POINT ( 'NONE',  ( 0.000000000000000000, 0.000000000000000000, 0.2999999999999999889 ) ) ;
#601 = CARTESIAN_POINT ( 'NONE',  ( 29.32161017843620954, 3.658892427641530887, -16.66641791636913439 ) ) ;
#602 = ORIENTED_EDGE ( 'NONE', *, *, #521, .F. ) ;
#603 = DIRECTION ( 'NONE',  ( -0.9998626349648349620, 0.01657441405230474646, 0.000000000000000000 ) ) ;
#604 = DIRECTION ( 'NONE',  ( -0.01657441405230464238, -0.9998626349648349620, -1.734723475976807094E-18 ) ) ;
#605 = CARTESIAN_POINT ( 'NONE',  ( 30.02151402291161730, 3.647290337804918181, -16.66641791636914149 ) ) ;
#606 = EDGE_CURVE ( 'NONE', #6563, #7042, #373, .T. ) ;
#607 = LINE ( 'NONE', #4550, #5421 ) ;
#608 = ADVANCED_FACE ( 'NONE', ( #1344 ), #2190, .T. ) ;
#609 = PLANE ( 'NONE',  #4525 ) ;
#610 = ORIENTED_EDGE ( 'NONE', *, *, #5759, .T. ) ;
#611 = CYLINDRICAL_SURFACE ( 'NONE', #951, 0.4999999999999985567 ) ;
#612 = FACE_OUTER_BOUND ( 'NONE', #6962, .T. ) ;
#613 = CARTESIAN_POINT ( 'NONE',  ( 30.23782383506047466, -2.357119666576611650, -1.300000000000007372 ) ) ;
#614 = DIRECTION ( 'NONE',  ( -2.220446049250313081E-16, 2.357666062882714910E-18, 1.000000000000000000 ) ) ;
#615 = B_SPLINE_CURVE_WITH_KNOTS ( 'NONE', 3,
 ( #1232, #1744, #1196, #3443, #3479, #5750, #1968, #229, #6418, #5176, #4764, #4068, #3620, #5889 ),
 .UNSPECIFIED., .F., .F.,
 ( 4, 2, 2, 2, 2, 2, 4 ),
 ( 0.000000000000000000, 0.002068634898781623963, 0.004137269797563247926, 0.005171587246953998976, 0.006205904696344751760, 0.007240222145735503677, 0.008274539595126256461 ),
 .UNSPECIFIED. ) ;
#616 = ORIENTED_EDGE ( 'NONE', *, *, #6588, .T. ) ;
#617 = B_SPLINE_CURVE_WITH_KNOTS ( 'NONE', 3,
 ( #6693, #4488, #2246, #1684, #6761, #1620, #3930, #4376, #6139, #7323, #2713, #502, #2172, #5643, #6204, #6063, #3341, #3829 ),
 .UNSPECIFIED., .F., .F.,
 ( 4, 2, 2, 2, 2, 2, 2, 2, 4 ),
 ( 2.154412023261390616E-16, 0.002245779881803848087, 0.002807224852254784631, 0.003368669822705721607, 0.004491559763607507090, 0.005614449704509293440, 0.006737339645411079790, 0.007860229586312866140, 0.008983119527214651623 ),
 .UNSPECIFIED. ) ;
#618 = LINE ( 'NONE', #1391, #3869 ) ;
#619 = LINE ( 'NONE', #1077, #2252 ) ;
#620 = ORIENTED_EDGE ( 'NONE', *, *, #4336, .F. ) ;
#621 = VERTEX_POINT ( 'NONE', #7300 ) ;
#622 = DIRECTION ( 'NONE',  ( -0.01657441405230466319, -0.9998626349648349620, -1.734723475976807094E-18 ) ) ;
#623 = CARTESIAN_POINT ( 'NONE',  ( 51.16495597621619851, 9.297873703681396762, 0.1842750661623203112 ) ) ;
#624 = CARTESIAN_POINT ( 'NONE',  ( 29.89237020319393423, 8.906297527494414723, 21.27574256781795015 ) ) ;
#625 = LINE ( 'NONE', #3290, #1533 ) ;
#626 = CARTESIAN_POINT ( 'NONE',  ( 40.48634198056219446, 0.07335101194750817677, -1.200000000000002620 ) ) ;
#627 = CARTESIAN_POINT ( 'NONE',  ( 51.16180721187838287, 9.025845928228967807, 0.1410412994145781029 ) ) ;
#628 = VERTEX_POINT ( 'NONE', #4865 ) ;
#629 = CARTESIAN_POINT ( 'NONE',  ( 29.43109815211983360, -9.344708511468324375, -0.1750000000000036249 ) ) ;
#630 = CARTESIAN_POINT ( 'NONE',  ( 30.05936328639645083, 8.947391056962009870, -22.24793397913155246 ) ) ;
#631 = LINE ( 'NONE', #3987, #6909 ) ;
#632 = AXIS2_PLACEMENT_3D ( 'NONE', #1616, #3925, #1131 ) ;
#633 = EDGE_LOOP ( 'NONE', ( #576, #27, #3816 ) ) ;
#634 = CARTESIAN_POINT ( 'NONE',  ( 29.71185307018539135, 8.953151626473793812, -22.40828186234341146 ) ) ;
#635 = AXIS2_PLACEMENT_3D ( 'NONE', #6604, #3884, #2201 ) ;
#636 = CARTESIAN_POINT ( 'NONE',  ( 40.24039004699012878, 0.07742808117825474012, 0.1999999999999971800 ) ) ;
#637 = VECTOR ( 'NONE', #4269, 100.0000000000000142 ) ;
#638 = ORIENTED_EDGE ( 'NONE', *, *, #6365, .T. ) ;
#639 = CIRCLE ( 'NONE', #4056, 0.4999999999999985567 ) ;
#640 = ADVANCED_FACE ( 'NONE', ( #6632 ), #5546, .F. ) ;
#641 = LINE ( 'NONE', #1316, #5235 ) ;
#642 = EDGE_CURVE ( 'NONE', #1888, #3193, #2764, .T. ) ;
#643 = CARTESIAN_POINT ( 'NONE',  ( 30.00494723860408541, 0.6367560416007659319, 10.47552833453502252 ) ) ;
#645 = FACE_OUTER_BOUND ( 'NONE', #3247, .T. ) ;
#644 = AXIS2_PLACEMENT_3D ( 'NONE', #468, #6654, #435 ) ;
#646 = VERTEX_POINT ( 'NONE', #3765 ) ;
#647 = FACE_OUTER_BOUND ( 'NONE', #965, .T. ) ;
#648 = DIRECTION ( 'NONE',  ( 0.01657441405230467013, 0.9998626349648350731, 1.734723475976807094E-18 ) ) ;
#649 = ORIENTED_EDGE ( 'NONE', *, *, #204, .T. ) ;
#650 = ADVANCED_FACE ( 'NONE', ( #5017 ), #5509, .F. ) ;
#651 = CARTESIAN_POINT ( 'NONE',  ( 28.59337944174939850, -2.752046606587633004, -3.043444850389706418E-32 ) ) ;
#652 = ADVANCED_FACE ( 'NONE', ( #4945 ), #6668, .F. ) ;
#653 = ORIENTED_EDGE ( 'NONE', *, *, #6638, .F. ) ;
#654 = CARTESIAN_POINT ( 'NONE',  ( 51.23902469192800169, 9.145404469031189976, -0.9315401332842924154 ) ) ;
#655 = DIRECTION ( 'NONE',  ( 0.01657441405230467013, 0.9998626349648350731, 1.734723475976807094E-18 ) ) ;
#656 = ADVANCED_FACE ( 'NONE', ( #6112 ), #2149, .T. ) ;
#657 = ORIENTED_EDGE ( 'NONE', *, *, #1695, .F. ) ;
#658 = CARTESIAN_POINT ( 'NONE',  ( 30.10769022461191113, 9.474564064565619503, -22.37332977672262402 ) ) ;
#659 = APPLICATION_CONTEXT ( 'automotive_design' ) ;
#660 = DIRECTION ( 'NONE',  ( 0.01657441405230466666, 0.9998626349648349620, 1.734723475976807094E-18 ) ) ;
#661 = EDGE_LOOP ( 'NONE', ( #5702, #1482, #4524, #6034 ) ) ;
#662 = VECTOR ( 'NONE', #4023, 100.0000000000000000 ) ;
#663 = CARTESIAN_POINT ( 'NONE',  ( 45.40509928241379356, 3.521826672363885358, -0.1364436563643889599 ) ) ;
#664 = CARTESIAN_POINT ( 'NONE',  ( 51.34416016075751088, 9.471233543297733704, -0.2576341823518032426 ) ) ;
#665 = CARTESIAN_POINT ( 'NONE',  ( 50.76422303559144922, 9.287571973902188915, 0.1941098339650374482 ) ) ;
#666 = DIRECTION ( 'NONE',  ( 0.000000000000000000, 0.000000000000000000, 1.000000000000000000 ) ) ;
#667 = CARTESIAN_POINT ( 'NONE',  ( 50.73176923724147258, 8.379831103244514523, -0.2999999999999971578 ) ) ;
#668 = DIRECTION ( 'NONE',  ( 1.000000000000000000, 0.000000000000000000, 0.000000000000000000 ) ) ;
#669 = ORIENTED_EDGE ( 'NONE', *, *, #3309, .F. ) ;
#670 = CARTESIAN_POINT ( 'NONE',  ( 29.62102918974302668, 9.654753354620073225, 21.49999999999999645 ) ) ;
#671 = LINE ( 'NONE', #3549, #775 ) ;
#672 = CARTESIAN_POINT ( 'NONE',  ( 29.61391841245049150, 8.738392992795381176, -22.36754112993020271 ) ) ;
#673 = ORIENTED_EDGE ( 'NONE', *, *, #6624, .F. ) ;
#674 = ORIENTED_EDGE ( 'NONE', *, *, #4400, .F. ) ;
#675 = CARTESIAN_POINT ( 'NONE',  ( 29.60482916594987657, 8.677476062950745472, -22.32777029723344242 ) ) ;
#676 =( BOUNDED_CURVE ( )  B_SPLINE_CURVE ( 3, ( #2920, #4578, #2298, #1778 ),
 .UNSPECIFIED., .F., .F. ) 
 B_SPLINE_CURVE_WITH_KNOTS ( ( 4, 4 ),
 ( 3.141592653589793116, 4.153021956354661981 ),
 .UNSPECIFIED. ) 
 CURVE ( )  GEOMETRIC_REPRESENTATION_ITEM ( )  RATIONAL_B_SPLINE_CURVE ( ( 1.000000000000000000, 0.9165523315414272343, 0.9165523315414272343, 1.000000000000000000 ) ) 
 REPRESENTATION_ITEM ( '' )  );
#677 = CARTESIAN_POINT ( 'NONE',  ( 45.77175446266352310, 3.386629261935739876, -1.179371013862488882 ) ) ;
#678 = ORIENTED_EDGE ( 'NONE', *, *, #4201, .T. ) ;
#679 = DIRECTION ( 'NONE',  ( 0.01657441405230465278, 0.9998626349648350731, 3.469446951953613418E-18 ) ) ;
#680 = CARTESIAN_POINT ( 'NONE',  ( 29.76353913287614361, 0.6226574419054984322, 10.43275367096836881 ) ) ;
#681 = CARTESIAN_POINT ( 'NONE',  ( 28.59563592806793153, -2.329897624897717900, -1.000000000000006661 ) ) ;
#682 = ORIENTED_EDGE ( 'NONE', *, *, #3631, .T. ) ;
#683 = CARTESIAN_POINT ( 'NONE',  ( 29.55638897493903627, 5.755289078257224133, 19.30114233727384843 ) ) ;
#684 = CARTESIAN_POINT ( 'NONE',  ( 40.57389051465727192, 0.6079342566624346134, -0.1443562607626558969 ) ) ;
#685 = VERTEX_POINT ( 'NONE', #2110 ) ;
#686 = CARTESIAN_POINT ( 'NONE',  ( 29.99558813191475792, 3.327921970892989467, 15.95239721201883931 ) ) ;
#687 = VECTOR ( 'NONE', #5205, 100.0000000000000142 ) ;
#688 = CARTESIAN_POINT ( 'NONE',  ( 29.03260236254531890, -1.708906158863238822, -15.45986411484235923 ) ) ;
#689 = CARTESIAN_POINT ( 'NONE',  ( 46.27125304597669242, 3.377923433400448872, -0.6999999999999998446 ) ) ;
#690 = CARTESIAN_POINT ( 'NONE',  ( 29.02168669371645393, -2.367401196045165968, 0.6013836434413604159 ) ) ;
#691 = ORIENTED_EDGE ( 'NONE', *, *, #1057, .F. ) ;
#692 = EDGE_CURVE ( 'NONE', #2670, #4724, #2170, .T. ) ;
#693 = VECTOR ( 'NONE', #2513, 100.0000000000000142 ) ;
#694 = LINE ( 'NONE', #864, #5531 ) ;
#695 = CARTESIAN_POINT ( 'NONE',  ( 29.61478324912965121, 9.277962801432877882, 21.74663514059545122 ) ) ;
#696 = ORIENTED_EDGE ( 'NONE', *, *, #2279, .T. ) ;
#697 = CARTESIAN_POINT ( 'NONE',  ( 45.84190424054542490, 2.906450311533736119, -0.9310047289394458581 ) ) ;
#698 = CYLINDRICAL_SURFACE ( 'NONE', #644, 0.4999999999999985567 ) ;
#699 = CARTESIAN_POINT ( 'NONE',  ( 50.45990299980368832, 8.860196578341913209, -0.2575833019724181328 ) ) ;
#700 = EDGE_CURVE ( 'NONE', #333, #2621, #1797, .T. ) ;
#701 = CARTESIAN_POINT ( 'NONE',  ( 30.09363564360724297, 8.946822934682913342, -22.24688247531408791 ) ) ;
#702 = VECTOR ( 'NONE', #5530, 100.0000000000000142 ) ;
#703 = FACE_OUTER_BOUND ( 'NONE', #6772, .T. ) ;
#704 = EDGE_CURVE ( 'NONE', #5592, #1418, #7264, .T. ) ;
#705 = DIRECTION ( 'NONE',  ( 2.220446049250313081E-16, 9.860761315262647568E-32, 1.000000000000000000 ) ) ;
#706 = ORIENTED_EDGE ( 'NONE', *, *, #6039, .T. ) ;
#707 = EDGE_LOOP ( 'NONE', ( #5637, #5349, #5543, #3654 ) ) ;
#708 = CARTESIAN_POINT ( 'NONE',  ( 29.27188693627929439, 0.6593045227470255565, -11.50000000000000711 ) ) ;
#709 = CARTESIAN_POINT ( 'NONE',  ( 29.51495293980827128, 3.255632490845135507, 15.15077155702974565 ) ) ;
#710 = CARTESIAN_POINT ( 'NONE',  ( 30.09070594755636918, 9.113241643284650806, 21.24706390767095598 ) ) ;
#711 = ORIENTED_EDGE ( 'NONE', *, *, #6581, .F. ) ;
#712 = VERTEX_POINT ( 'NONE', #7146 ) ;
#713 = CARTESIAN_POINT ( 'NONE',  ( 29.42163593605011229, -2.373778296781865027, 0.6020567214408903967 ) ) ;
#714 = DIRECTION ( 'NONE',  ( -0.9998626349648349620, 0.01657441405230474646, 0.000000000000000000 ) ) ;
#715 = VERTEX_POINT ( 'NONE', #4429 ) ;
#716 = DIRECTION ( 'NONE',  ( 0.01657441405230484707, 0.9998626349648348510, 0.000000000000000000 ) ) ;
#717 = AXIS2_PLACEMENT_3D ( 'NONE', #4704, #3528, #5801 ) ;
#718 = LINE ( 'NONE', #122, #2993 ) ;
#719 = CARTESIAN_POINT ( 'NONE',  ( 30.09718630410131368, 9.161018908444781061, -22.24688247531408791 ) ) ;
#720 = ORIENTED_EDGE ( 'NONE', *, *, #1504, .T. ) ;
#721 = CARTESIAN_POINT ( 'NONE',  ( 29.45289206297297468, -0.4882314940259307456, 3.155808947497007545E-15 ) ) ;
#722 = CARTESIAN_POINT ( 'NONE',  ( 30.05902501548564487, 8.945986238145477998, 21.24794339029671875 ) ) ;
#723 = ORIENTED_EDGE ( 'NONE', *, *, #249, .F. ) ;
#724 = CARTESIAN_POINT ( 'NONE',  ( 50.87099110007474678, 9.441028943027955478, -0.1469574428866851634 ) ) ;
#725 = CARTESIAN_POINT ( 'NONE',  ( 29.72789225320373419, 3.747277024990349759, 15.79135379376917214 ) ) ;
#726 = CARTESIAN_POINT ( 'NONE',  ( 51.16989311276994812, 9.038315071778887599, -1.100887576294580228 ) ) ;
#727 = FACE_OUTER_BOUND ( 'NONE', #1879, .T. ) ;
#728 = VERTEX_POINT ( 'NONE', #967 ) ;
#729 = PLANE ( 'NONE',  #5121 ) ;
#730 = DIRECTION ( 'NONE',  ( 0.9998626349648348510, -0.01657441405230464584, 3.341506680459168366E-16 ) ) ;
#731 = VERTEX_POINT ( 'NONE', #2072 ) ;
#732 = ADVANCED_FACE ( 'NONE', ( #3802, #6704 ), #1664, .F. ) ;
#733 = DIRECTION ( 'NONE',  ( -0.9998626349648350731, 0.01657441405230608567, 2.875202515709524607E-18 ) ) ;
#734 = EDGE_CURVE ( 'NONE', #531, #494, #4278, .T. ) ;
#735 = CARTESIAN_POINT ( 'NONE',  ( 29.67549777030546565, 8.782182196993206347, 21.35546364275462139 ) ) ;
#736 = EDGE_CURVE ( 'NONE', #6015, #1970, #2157, .T. ) ;
#737 = ORIENTED_EDGE ( 'NONE', *, *, #4531, .T. ) ;
#738 = DIRECTION ( 'NONE',  ( -0.9998626349648348510, 0.01657441405230465972, 0.000000000000000000 ) ) ;
#739 = CARTESIAN_POINT ( 'NONE',  ( 30.85269975192374048, -0.5114356736991294561, -0.2000000000000000111 ) ) ;
#740 = CARTESIAN_POINT ( 'NONE',  ( 29.07191440928634307, 0.6626194055574862185, 1.985179957108101255E-18 ) ) ;
#741 = ORIENTED_EDGE ( 'NONE', *, *, #3321, .F. ) ;
#742 = ORIENTED_EDGE ( 'NONE', *, *, #5155, .T. ) ;
#743 = DIRECTION ( 'NONE',  ( -0.9998626349648349620, 0.01657441405230474646, 0.000000000000000000 ) ) ;
#744 = DIRECTION ( 'NONE',  ( 0.9998626349648348510, -0.01657441405230463891, 0.000000000000000000 ) ) ;
#745 = ADVANCED_FACE ( 'NONE', ( #1115 ), #3214, .F. ) ;
#746 = EDGE_LOOP ( 'NONE', ( #5386, #1903, #1375, #3778 ) ) ;
#747 = EDGE_CURVE ( 'NONE', #7091, #4960, #4872, .T. ) ;
#748 = DIRECTION ( 'NONE',  ( 0.9998626349648349620, -0.01657441405230474646, 0.000000000000000000 ) ) ;
#749 = DIRECTION ( 'NONE',  ( -0.9998626349648318534, 0.01657441405249482011, 0.000000000000000000 ) ) ;
#750 = EDGE_LOOP ( 'NONE', ( #3459, #227, #5253, #5824, #5588, #6710, #4366 ) ) ;
#751 = CARTESIAN_POINT ( 'NONE',  ( 45.46303412731425908, 2.991266075201659991, -1.222340780251642611 ) ) ;
#752 = CARTESIAN_POINT ( 'NONE',  ( 29.73620529440259475, -2.481055342512189288, -1.300000000000007816 ) ) ;
#753 = DIRECTION ( 'NONE',  ( -0.9998626349648348510, 0.01657441405230573525, -1.665334536937734811E-16 ) ) ;
#754 = ORIENTED_EDGE ( 'NONE', *, *, #4933, .F. ) ;
#755 = VECTOR ( 'NONE', #1212, 100.0000000000000000 ) ;
#756 = DIRECTION ( 'NONE',  ( 1.665680818703648634E-16, 7.087759561701498994E-19, -1.000000000000000000 ) ) ;
#757 = VECTOR ( 'NONE', #6711, 100.0000000000000142 ) ;
#758 = EDGE_LOOP ( 'NONE', ( #940, #6053, #2037, #2309 ) ) ;
#759 = CARTESIAN_POINT ( 'NONE',  ( 29.52980122993775680, 4.149984215746267857, 16.44644644965192626 ) ) ;
#760 = ORIENTED_EDGE ( 'NONE', *, *, #5252, .T. ) ;
#761 = VECTOR ( 'NONE', #4839, 100.0000000000000000 ) ;
#762 = CARTESIAN_POINT ( 'NONE',  ( 28.35700881623143133, -2.421136312885375563, 0.000000000000000000 ) ) ;
#763 = CARTESIAN_POINT ( 'NONE',  ( 50.69095859213403088, 9.183310533807812703, -0.9404229198725210237 ) ) ;
#764 = CARTESIAN_POINT ( 'NONE',  ( 30.08022848863823384, 8.947045180949499965, 21.37739024850939629 ) ) ;
#765 =( BOUNDED_CURVE ( )  B_SPLINE_CURVE ( 3, ( #5454, #6186, #1537, #1122 ),
 .UNSPECIFIED., .F., .F. ) 
 B_SPLINE_CURVE_WITH_KNOTS ( ( 4, 4 ),
 ( 0.04126968627631745490, 0.5680514534925525938 ),
 .UNSPECIFIED. ) 
 CURVE ( )  GEOMETRIC_REPRESENTATION_ITEM ( )  RATIONAL_B_SPLINE_CURVE ( ( 1.000000000000000000, 0.9770084625071544515, 0.9770084625071544515, 1.000000000000000000 ) ) 
 REPRESENTATION_ITEM ( '' )  );
#766 = ORIENTED_EDGE ( 'NONE', *, *, #3484, .T. ) ;
#767 = CARTESIAN_POINT ( 'NONE',  ( 30.10525603427360153, 8.946630307056260278, 21.24651367581768469 ) ) ;
#768 = CARTESIAN_POINT ( 'NONE',  ( 29.64031987809511648, 3.253554321833741270, -17.10916841700934654 ) ) ;
#769 = EDGE_LOOP ( 'NONE', ( #5882, #2234, #4283, #953, #3646 ) ) ;
#770 = CARTESIAN_POINT ( 'NONE',  ( 29.11429555650072487, 3.219290512776303625, 16.51027643808249579 ) ) ;
#771 = CARTESIAN_POINT ( 'NONE',  ( 28.76461302534038467, -10.33379777729916071, -0.1750000000000037081 ) ) ;
#772 = ORIENTED_EDGE ( 'NONE', *, *, #6847, .F. ) ;
#773 = CARTESIAN_POINT ( 'NONE',  ( 45.77088273402486607, 3.386217917502318819, -1.199999999999999956 ) ) ;
#774 = DIRECTION ( 'NONE',  ( -0.9998626349648350731, 0.01657441405230465625, 0.000000000000000000 ) ) ;
#775 = VECTOR ( 'NONE', #5822, 100.0000000000000142 ) ;
#776 = CARTESIAN_POINT ( 'NONE',  ( 30.06460749944760025, 6.246933188713488683, 19.28977609426086559 ) ) ;
#777 = EDGE_LOOP ( 'NONE', ( #5791, #3401, #392, #6961, #4859, #6191 ) ) ;
#778 = ORIENTED_EDGE ( 'NONE', *, *, #4400, .T. ) ;
#779 = CARTESIAN_POINT ( 'NONE',  ( 40.56043274581006841, 0.4828795647841491734, 0.005097446114908447609 ) ) ;
#780 = CARTESIAN_POINT ( 'NONE',  ( 40.24666408575417620, 0.4669745114478383585, -1.162119762380471544 ) ) ;
#781 = VERTEX_POINT ( 'NONE', #4638 ) ;
#782 = AXIS2_PLACEMENT_3D ( 'NONE', #2200, #1089, #5026 ) ;
#783 = DIRECTION ( 'NONE',  ( -0.9998626349648349620, 0.01657441405230466319, -3.341506680459168859E-16 ) ) ;
#784 = EDGE_CURVE ( 'NONE', #231, #4095, #1751, .T. ) ;
#785 = EDGE_CURVE ( 'NONE', #2046, #250, #475, .T. ) ;
#786 = CARTESIAN_POINT ( 'NONE',  ( 29.61824528834768699, 0.1224862750643167519, 10.91597164352690896 ) ) ;
#787 = ORIENTED_EDGE ( 'NONE', *, *, #6078, .T. ) ;
#788 = EDGE_CURVE ( 'NONE', #3516, #3651, #6546, .T. ) ;
#789 = CARTESIAN_POINT ( 'NONE',  ( 35.84396239381612048, -1.270105317562479241, -0.3000000000000045963 ) ) ;
#790 = CARTESIAN_POINT ( 'NONE',  ( 46.13272011447627818, 3.154181860502712542, -0.2818846958367966504 ) ) ;
#791 = DIRECTION ( 'NONE',  ( 0.01657441405230466666, 0.9998626349648349620, 1.734723475976807094E-18 ) ) ;
#792 = ORIENTED_EDGE ( 'NONE', *, *, #5105, .F. ) ;
#793 = CARTESIAN_POINT ( 'NONE',  ( 31.22188896405206293, -2.373432210252088836, -0.7000000000000063949 ) ) ;
#794 = EDGE_CURVE ( 'NONE', #3937, #1867, #5696, .T. ) ;
#795 = CARTESIAN_POINT ( 'NONE',  ( 49.16713671130275287, 6.172291333398264079, -0.6999999999999982903 ) ) ;
#796 = ORIENTED_EDGE ( 'NONE', *, *, #3662, .F. ) ;
#797 = ADVANCED_FACE ( 'NONE', ( #4088 ), #5810, .T. ) ;
#798 = CARTESIAN_POINT ( 'NONE',  ( 29.82386359595352587, 6.716767181642135931, -20.06417631724583472 ) ) ;
#799 = CARTESIAN_POINT ( 'NONE',  ( 48.85791097929693905, 6.335457355553137937, 0.2000000000000018985 ) ) ;
#800 = CARTESIAN_POINT ( 'NONE',  ( 29.71376944031425893, 8.953119859398082525, 21.36036701287592265 ) ) ;
#801 = CARTESIAN_POINT ( 'NONE',  ( 29.88469443224177624, 6.223862366393356993, -20.31613068642786146 ) ) ;
#802 = B_SPLINE_CURVE_WITH_KNOTS ( 'NONE', 2,
 ( #2019, #1502, #984 ),
 .UNSPECIFIED., .F., .F.,
 ( 3, 3 ),
 ( 0.3935134651314652343, 0.9656990803668628054 ),
 .UNSPECIFIED. ) ;
#803 = DIRECTION ( 'NONE',  ( 3.382917932875483327E-16, 2.470467893844505313E-16, -1.000000000000000000 ) ) ;
#804 = ORIENTED_EDGE ( 'NONE', *, *, #2496, .F. ) ;
#805 = DIRECTION ( 'NONE',  ( 4.107260948313247619E-12, -6.808306108680964590E-14, -1.000000000000000000 ) ) ;
#806 = CARTESIAN_POINT ( 'NONE',  ( 45.37029156054220635, 3.494441370285926496, -0.8979192884013196263 ) ) ;
#807 = VECTOR ( 'NONE', #6803, 100.0000000000000000 ) ;
#808 = VERTEX_POINT ( 'NONE', #2795 ) ;
#809 = CARTESIAN_POINT ( 'NONE',  ( 40.24572841237873178, 0.4665809341019960255, 0.2333333333333363069 ) ) ;
#810 = DIRECTION ( 'NONE',  ( 0.9998626349648348510, -0.01657441405230463891, 3.341506680459168366E-16 ) ) ;
#811 = B_SPLINE_CURVE_WITH_KNOTS ( 'NONE', 2,
 ( #6799, #3386, #4046 ),
 .UNSPECIFIED., .F., .F.,
 ( 3, 3 ),
 ( 0.8296686185898606292, 0.9200451456492193536 ),
 .UNSPECIFIED. ) ;
#812 = LINE ( 'NONE', #4683, #2833 ) ;
#813 = CIRCLE ( 'NONE', #4225, 0.4999999999999985567 ) ;
#814 = ORIENTED_EDGE ( 'NONE', *, *, #7218, .F. ) ;
#815 = ORIENTED_EDGE ( 'NONE', *, *, #2995, .T. ) ;
#816 = CYLINDRICAL_SURFACE ( 'NONE', #3724, 0.4999999999999999445 ) ;
#817 = DIRECTION ( 'NONE',  ( -1.000000000000000000, 0.000000000000000000, -3.469446951953611231E-16 ) ) ;
#818 = ORIENTED_EDGE ( 'NONE', *, *, #1602, .T. ) ;
#819 = VECTOR ( 'NONE', #3913, 100.0000000000000142 ) ;
#820 = CYLINDRICAL_SURFACE ( 'NONE', #579, 0.4999999999999999445 ) ;
#821 = DIRECTION ( 'NONE',  ( 0.01657441405230466666, 0.9998626349648349620, 1.734723475976807094E-18 ) ) ;
#822 = ORIENTED_EDGE ( 'NONE', *, *, #4174, .T. ) ;
#823 = LINE ( 'NONE', #4285, #4176 ) ;
#824 = CARTESIAN_POINT ( 'NONE',  ( 46.23000752573734928, 3.238838067812311650, -0.2999999999972212672 ) ) ;
#825 = EDGE_CURVE ( 'NONE', #1230, #5897, #6930, .T. ) ;
#826 = LINE ( 'NONE', #6423, #148 ) ;
#827 = EDGE_CURVE ( 'NONE', #3805, #57, #3965, .T. ) ;
#828 = ORIENTED_EDGE ( 'NONE', *, *, #2355, .T. ) ;
#829 = EDGE_CURVE ( 'NONE', #2621, #3423, #212, .T. ) ;
#830 = CARTESIAN_POINT ( 'NONE',  ( 46.26462328035577798, 2.977978379414514709, -1.199999999999999956 ) ) ;
#831 = CARTESIAN_POINT ( 'NONE',  ( 30.00089492680556091, 3.648057929001831567, -16.95239721201884464 ) ) ;
#832 = VERTEX_POINT ( 'NONE', #3392 ) ;
#833 = VECTOR ( 'NONE', #730, 100.0000000000000142 ) ;
#834 = CARTESIAN_POINT ( 'NONE',  ( 40.27873997514411286, 0.4805245556066387036, -1.137544371973892465 ) ) ;
#835 = DIRECTION ( 'NONE',  ( -1.000000000000000000, 0.000000000000000000, -0.000000000000000000 ) ) ;
#836 = CARTESIAN_POINT ( 'NONE',  ( 29.60483088833683141, 8.677579967064815492, 21.32784444606648933 ) ) ;
#837 = EDGE_CURVE ( 'NONE', #6303, #3373, #2629, .T. ) ;
#838 = VECTOR ( 'NONE', #71, 100.0000000000000142 ) ;
#839 = CARTESIAN_POINT ( 'NONE',  ( 42.82639906484800463, 8.735755848471510987, -0.6999999999999996225 ) ) ;
#840 = EDGE_CURVE ( 'NONE', #1892, #4666, #4745, .T. ) ;
#841 = LINE ( 'NONE', #7058, #6512 ) ;
#842 = EDGE_LOOP ( 'NONE', ( #1580, #5648, #883, #1036, #3819 ) ) ;
#843 = DIRECTION ( 'NONE',  ( -0.9998626349648348510, 0.01657441405230468054, -0.000000000000000000 ) ) ;
#844 = CARTESIAN_POINT ( 'NONE',  ( 30.08302393542356867, 6.246627905142966952, 18.98891532737465582 ) ) ;
#845 = ORIENTED_EDGE ( 'NONE', *, *, #6305, .F. ) ;
#846 = CARTESIAN_POINT ( 'NONE',  ( 41.03893530837986248, -0.1725196525909055978, -0.7000000000000025091 ) ) ;
#847 = FACE_OUTER_BOUND ( 'NONE', #5284, .T. ) ;
#848 = CARTESIAN_POINT ( 'NONE',  ( 29.76842410679677187, 6.158896948344507294, -20.33543631572898036 ) ) ;
#849 = VERTEX_POINT ( 'NONE', #5087 ) ;
#850 = ORIENTED_EDGE ( 'NONE', *, *, #1774, .F. ) ;
#851 = DIRECTION ( 'NONE',  ( 0.9998626349648348510, -0.01657441405230464584, 3.341506680459168366E-16 ) ) ;
#852 = DIRECTION ( 'NONE',  ( 0.01657441405230467013, 0.9998626349648350731, 1.734723475976807094E-18 ) ) ;
#853 = ORIENTED_EDGE ( 'NONE', *, *, #5538, .T. ) ;
#854 = CARTESIAN_POINT ( 'NONE',  ( 30.09899179283047133, 9.269936225970765165, -22.24688247531409147 ) ) ;
#855 = CARTESIAN_POINT ( 'NONE',  ( 30.10935841738882601, 8.946562303118541948, 20.97078005163847791 ) ) ;
#856 = ORIENTED_EDGE ( 'NONE', *, *, #7126, .F. ) ;
#857 = CARTESIAN_POINT ( 'NONE',  ( 48.72204735959149247, 5.757841259949413093, -0.06382321431327980799 ) ) ;
#858 = DIRECTION ( 'NONE',  ( -0.01657441405230464238, -0.9998626349648349620, -1.734723475976807094E-18 ) ) ;
#859 = AXIS2_PLACEMENT_3D ( 'NONE', #5937, #1359, #5980 ) ;
#860 = DIRECTION ( 'NONE',  ( -0.01657441405230463891, -0.9998626349648348510, -0.000000000000000000 ) ) ;
#861 = CARTESIAN_POINT ( 'NONE',  ( 29.44244976831065230, -1.118169917381051315, 6.060133340680012637 ) ) ;
#862 = EDGE_LOOP ( 'NONE', ( #1486, #4352, #1675, #5922, #3563 ) ) ;
#863 = CARTESIAN_POINT ( 'NONE',  ( 40.54203898306122511, 0.07242773994132563342, 0.1994629970045604939 ) ) ;
#864 = CARTESIAN_POINT ( 'NONE',  ( 29.03859622392525708, -1.347322454362690936, 3.089195566019497995E-15 ) ) ;
#865 = EDGE_CURVE ( 'NONE', #2507, #7091, #7083, .T. ) ;
#866 = CARTESIAN_POINT ( 'NONE',  ( 51.11470380752408715, 9.798528041614362749, -0.2999999999999967137 ) ) ;
#867 = ORIENTED_EDGE ( 'NONE', *, *, #3042, .F. ) ;
#868 = CARTESIAN_POINT ( 'NONE',  ( 29.79476870922252374, 6.735454377352644073, -20.08127119336961997 ) ) ;
#869 = DIRECTION ( 'NONE',  ( 0.01657441405230464584, 0.9998626349648350731, 1.734723475976807094E-18 ) ) ;
#870 = VECTOR ( 'NONE', #4611, 100.0000000000000142 ) ;
#871 = DIRECTION ( 'NONE',  ( -0.01657441405230463891, -0.9998626349648348510, -0.000000000000000000 ) ) ;
#872 = EDGE_CURVE ( 'NONE', #1917, #5175, #5388, .T. ) ;
#873 = AXIS2_PLACEMENT_3D ( 'NONE', #2591, #4216, #384 ) ;
#874 = EDGE_CURVE ( 'NONE', #4138, #2451, #6116, .T. ) ;
#875 = CIRCLE ( 'NONE', #3933, 0.5000000000000004441 ) ;
#876 = ORIENTED_EDGE ( 'NONE', *, *, #6899, .T. ) ;
#877 = VECTOR ( 'NONE', #6657, 100.0000000000000000 ) ;
#878 = CARTESIAN_POINT ( 'NONE',  ( 29.55638897493902917, 5.755289078257186830, 18.96977553663390736 ) ) ;
#879 = EDGE_CURVE ( 'NONE', #1306, #210, #6991, .T. ) ;
#880 = CARTESIAN_POINT ( 'NONE',  ( 31.19516352442872176, -3.985662265447985408, -0.8000000000000075939 ) ) ;
#881 = CIRCLE ( 'NONE', #45, 1.292999993180115270 ) ;
#882 = B_SPLINE_CURVE_WITH_KNOTS ( 'NONE', 3,
 ( #6713, #1674, #4472, #5060, #1531, #2664, #7276, #4991, #1607, #7236, #1127, #5631, #3849, #5591, #1, #1090 ),
 .UNSPECIFIED., .F., .F.,
 ( 4, 2, 2, 2, 2, 2, 2, 4 ),
 ( 3.387999773988765192E-16, 0.002144272568921763451, 0.003216408853382370439, 0.004288545137842978729, 0.005360681422303582681, 0.006432817706764185767, 0.007504953991224789719, 0.008577090275685391937 ),
 .UNSPECIFIED. ) ;
#883 = ORIENTED_EDGE ( 'NONE', *, *, #7082, .F. ) ;
#884 = CARTESIAN_POINT ( 'NONE',  ( 51.17512805391920239, 9.046375692005991453, -0.7285650574202923169 ) ) ;
#885 = CARTESIAN_POINT ( 'NONE',  ( 29.50643984339519221, 0.008759065822099867255, -12.07065221830879409 ) ) ;
#886 = CARTESIAN_POINT ( 'NONE',  ( 29.56255031717476101, 5.835720837093704816, -20.04328423298177952 ) ) ;
#887 = VERTEX_POINT ( 'NONE', #1439 ) ;
#888 = EDGE_LOOP ( 'NONE', ( #6082, #754, #2318, #5878 ) ) ;
#889 = CARTESIAN_POINT ( 'NONE',  ( 29.22108413575708497, 9.661383120240994771, 8.640310689145281091E-15 ) ) ;
#890 = CARTESIAN_POINT ( 'NONE',  ( 29.89470732978324463, 3.625559961282272425, 15.63487442312177755 ) ) ;
#891 = ORIENTED_EDGE ( 'NONE', *, *, #5988, .T. ) ;
#892 = AXIS2_PLACEMENT_3D ( 'NONE', #4726, #4277, #7034 ) ;
#893 = CARTESIAN_POINT ( 'NONE',  ( 29.61045827722222512, 9.017055972682049614, -22.56704369399617605 ) ) ;
#894 = PLANE ( 'NONE',  #1051 ) ;
#895 = ORIENTED_EDGE ( 'NONE', *, *, #2864, .T. ) ;
#896 = DIRECTION ( 'NONE',  ( -0.000000000000000000, -0.000000000000000000, -1.000000000000000000 ) ) ;
#897 = CARTESIAN_POINT ( 'NONE',  ( 29.93626555570120829, 3.655589209183241817, 15.67551369338056411 ) ) ;
#898 = AXIS2_PLACEMENT_3D ( 'NONE', #4044, #5114, #1655 ) ;
#899 = CARTESIAN_POINT ( 'NONE',  ( 29.87380251517796026, 9.650563209283822275, 21.99999999999999289 ) ) ;
#900 = DIRECTION ( 'NONE',  ( -0.9998626349648348510, 0.01657441405230466319, 0.000000000000000000 ) ) ;
#901 = ORIENTED_EDGE ( 'NONE', *, *, #4388, .F. ) ;
#902 = ORIENTED_EDGE ( 'NONE', *, *, #2188, .T. ) ;
#903 = CARTESIAN_POINT ( 'NONE',  ( 29.62102918974302668, 9.654753354620073225, 8.706924070622789853E-15 ) ) ;
#904 = DIRECTION ( 'NONE',  ( -0.01657441405230484707, -0.9998626349648348510, 0.000000000000000000 ) ) ;
#905 = DIRECTION ( 'NONE',  ( 1.000000000000000000, 0.000000000000000000, 0.000000000000000000 ) ) ;
#906 = ORIENTED_EDGE ( 'NONE', *, *, #784, .T. ) ;
#907 = CARTESIAN_POINT ( 'NONE',  ( 40.42375596254924375, 0.5425135723499756590, -0.9472179386198634754 ) ) ;
#908 = CARTESIAN_POINT ( 'NONE',  ( 51.59863108044612545, 9.717405461309331471, -0.7053710881836587898 ) ) ;
#909 = CARTESIAN_POINT ( 'NONE',  ( 30.09961078566585968, 9.307277383580212060, -22.24688247531408791 ) ) ;
#910 = DIRECTION ( 'NONE',  ( 0.01657441405230464931, 0.9998626349648349620, 3.469446951953613418E-18 ) ) ;
#911 =( BOUNDED_CURVE ( )  B_SPLINE_CURVE ( 3, ( #329, #2067, #6514, #6626 ),
 .UNSPECIFIED., .F., .F. ) 
 B_SPLINE_CURVE_WITH_KNOTS ( ( 4, 4 ),
 ( 4.695813807375692761, 4.712388980384689674 ),
 .UNSPECIFIED. ) 
 CURVE ( )  GEOMETRIC_REPRESENTATION_ITEM ( )  RATIONAL_B_SPLINE_CURVE ( ( 1.000000000000000000, 0.9999771054343515875, 0.9999771054343515875, 1.000000000000000000 ) ) 
 REPRESENTATION_ITEM ( '' )  );
#912 = CARTESIAN_POINT ( 'NONE',  ( 29.45973082269538068, -0.07567873080999616697, -12.10297482240557088 ) ) ;
#913 = ORIENTED_EDGE ( 'NONE', *, *, #5673, .T. ) ;
#914 = DIRECTION ( 'NONE',  ( 0.01657441405230465278, 0.9998626349648350731, 3.469446951953613418E-18 ) ) ;
#915 = CARTESIAN_POINT ( 'NONE',  ( 29.99764546265311793, 9.326472867414873136, -22.26009380865846410 ) ) ;
#916 = B_SPLINE_CURVE_WITH_KNOTS ( 'NONE', 3,
 ( #3821, #4332, #567, #2816 ),
 .UNSPECIFIED., .F., .F.,
 ( 4, 4 ),
 ( 0.000000000000000000, 0.0002934485326545810055 ),
 .UNSPECIFIED. ) ;
#917 = EDGE_CURVE ( 'NONE', #5396, #4783, #6660, .T. ) ;
#918 = ORIENTED_EDGE ( 'NONE', *, *, #4112, .F. ) ;
#919 = B_SPLINE_CURVE_WITH_KNOTS ( 'NONE', 2,
 ( #260, #2546, #4794 ),
 .UNSPECIFIED., .F., .F.,
 ( 3, 3 ),
 ( 0.3769880855403204278, 0.4023990127107521242 ),
 .UNSPECIFIED. ) ;
#920 = CARTESIAN_POINT ( 'NONE',  ( 29.45289206297297468, -0.4882314940259307456, 16.45197147569836105 ) ) ;
#921 = CARTESIAN_POINT ( 'NONE',  ( 50.77576818653075463, 9.304077780756347948, -0.4999999999999961142 ) ) ;
#922 = CARTESIAN_POINT ( 'NONE',  ( 40.27037592089061491, 0.4769859681717054101, -0.4999999999999995559 ) ) ;
#923 = ORIENTED_EDGE ( 'NONE', *, *, #3449, .T. ) ;
#924 = VERTEX_POINT ( 'NONE', #6404 ) ;
#925 = CARTESIAN_POINT ( 'NONE',  ( 29.22216369412238279, -2.340283382147479330, -0.5000000000000032196 ) ) ;
#926 = CIRCLE ( 'NONE', #5043, 1.292999993180115270 ) ;
#927 = CARTESIAN_POINT ( 'NONE',  ( 30.06452425882642387, 8.959941552755786631, 21.24778861738430180 ) ) ;
#928 = EDGE_CURVE ( 'NONE', #5730, #2401, #4543, .T. ) ;
#929 = ORIENTED_EDGE ( 'NONE', *, *, #6490, .T. ) ;
#930 = CARTESIAN_POINT ( 'NONE',  ( 29.72708929065877825, 8.981960449668688895, -22.25766966513853973 ) ) ;
#931 = EDGE_CURVE ( 'NONE', #1813, #239, #7060, .T. ) ;
#932 = VECTOR ( 'NONE', #6477, 100.0000000000000142 ) ;
#933 = CARTESIAN_POINT ( 'NONE',  ( 49.16758675502349973, 6.118192985145694429, -0.4333240936036640290 ) ) ;
#934 = ORIENTED_EDGE ( 'NONE', *, *, #6125, .F. ) ;
#935 = CARTESIAN_POINT ( 'NONE',  ( 27.23884348098842878, -2.307406495602015717, 0.2999999999999999889 ) ) ;
#936 = FACE_OUTER_BOUND ( 'NONE', #5504, .T. ) ;
#937 = DIRECTION ( 'NONE',  ( 3.372764553633511840E-16, 2.511834186424162314E-16, -1.000000000000000000 ) ) ;
#938 = CARTESIAN_POINT ( 'NONE',  ( 29.40945457291341825, 8.958164392955156430, -0.5000000000000032196 ) ) ;
#939 = VECTOR ( 'NONE', #4101, 100.0000000000000142 ) ;
#940 = ORIENTED_EDGE ( 'NONE', *, *, #7263, .F. ) ;
#941 = EDGE_LOOP ( 'NONE', ( #5277, #3056, #7242, #7254 ) ) ;
#942 = CARTESIAN_POINT ( 'NONE',  ( 50.02982021716243821, 7.352254763938423032, -0.6999999999999976241 ) ) ;
#943 = CARTESIAN_POINT ( 'NONE',  ( 30.10525603427360153, 8.946630307056260278, 21.24651367581768469 ) ) ;
#944 = DIRECTION ( 'NONE',  ( -0.9998626349648349620, 0.01657441405230580117, -1.665334536937735304E-16 ) ) ;
#945 = VERTEX_POINT ( 'NONE', #4714 ) ;
#946 = AXIS2_PLACEMENT_3D ( 'NONE', #3196, #5452, #7241 ) ;
#947 = CARTESIAN_POINT ( 'NONE',  ( 29.22108413575708497, 9.661383120241000100, 20.85670886413235792 ) ) ;
#948 = DIRECTION ( 'NONE',  ( -1.000000000000000000, 0.000000000000000000, 0.000000000000000000 ) ) ;
#949 = CARTESIAN_POINT ( 'NONE',  ( 30.07123726506852179, 6.646878242699422401, 19.00215235425143234 ) ) ;
#950 = CARTESIAN_POINT ( 'NONE',  ( 45.85400271893195168, 3.884908755138781977, -0.2999999999999999889 ) ) ;
#951 = AXIS2_PLACEMENT_3D ( 'NONE', #4670, #1837, #3564 ) ;
#952 = CARTESIAN_POINT ( 'NONE',  ( 29.27188693627929439, 0.6593045227470255565, -11.50000000000000711 ) ) ;
#953 = ORIENTED_EDGE ( 'NONE', *, *, #3801, .T. ) ;
#954 = FACE_OUTER_BOUND ( 'NONE', #6656, .T. ) ;
#955 = CARTESIAN_POINT ( 'NONE',  ( 51.59863108044611124, 9.717405461309315484, -0.2946289118163343268 ) ) ;
#956 = B_SPLINE_SURFACE_WITH_KNOTS ( 'NONE', 2, 1, ( 
 ( #3269, #429 ),
 ( #3304, #499 ),
 ( #2209, #5069 ) ),
 .UNSPECIFIED., .F., .F., .F.,
 ( 3, 3 ),
 ( 2, 2 ),
 ( 0.3935134650390837985, 0.9656990803894449638 ),
 ( 0.000000000000000000, 1.000000000000000000 ),
 .UNSPECIFIED. ) ;
#957 = AXIS2_PLACEMENT_3D ( 'NONE', #5321, #5818, #668 ) ;
#958 = ORIENTED_EDGE ( 'NONE', *, *, #1294, .T. ) ;
#959 = CARTESIAN_POINT ( 'NONE',  ( 29.51537242828695540, 3.280938414607126319, 16.38644387279931181 ) ) ;
#960 = B_SPLINE_CURVE_WITH_KNOTS ( 'NONE', 3,
 ( #3094, #6069, #3794, #3244 ),
 .UNSPECIFIED., .F., .F.,
 ( 4, 4 ),
 ( 0.000000000000000000, 0.0004644184404529534313 ),
 .UNSPECIFIED. ) ;
#961 = LINE ( 'NONE', #2649, #6613 ) ;
#962 = EDGE_CURVE ( 'NONE', #5239, #5359, #4820, .T. ) ;
#963 = LINE ( 'NONE', #4790, #1195 ) ;
#964 = ORIENTED_EDGE ( 'NONE', *, *, #6847, .T. ) ;
#965 = EDGE_LOOP ( 'NONE', ( #5183, #3909, #2009, #7262, #1369, #5032, #804 ) ) ;
#966 = EDGE_CURVE ( 'NONE', #4436, #7072, #3113, .T. ) ;
#967 = CARTESIAN_POINT ( 'NONE',  ( 30.49404579061175014, -1.868616763265141367, 0.000000000000000000 ) ) ;
#968 = CARTESIAN_POINT ( 'NONE',  ( 30.03722196870026195, 3.246974998476841012, -16.65027219720726492 ) ) ;
#969 = ORIENTED_EDGE ( 'NONE', *, *, #4346, .F. ) ;
#970 = CARTESIAN_POINT ( 'NONE',  ( 49.17572583159588362, 6.701010150455190661, -0.2832894997996320274 ) ) ;
#971 = CARTESIAN_POINT ( 'NONE',  ( 29.46109986238636935, 0.006909506002091697630, 11.27921898938789802 ) ) ;
#972 = EDGE_CURVE ( 'NONE', #945, #2395, #1331, .T. ) ;
#973 = VERTEX_POINT ( 'NONE', #4127 ) ;
#974 = CARTESIAN_POINT ( 'NONE',  ( 50.27832435838304548, 8.612227584705321348, -0.2993317901867602604 ) ) ;
#975 = CARTESIAN_POINT ( 'NONE',  ( 29.60571985860492816, 8.731207694243703799, 21.36603401594301133 ) ) ;
#976 = LINE ( 'NONE', #561, #166 ) ;
#977 = CARTESIAN_POINT ( 'NONE',  ( 30.99519099743574913, -3.982347382637524191, -1.300000000000007816 ) ) ;
#978 = ADVANCED_FACE ( 'NONE', ( #3572 ), #2013, .F. ) ;
#979 = VERTEX_POINT ( 'NONE', #3017 ) ;
#980 = CARTESIAN_POINT ( 'NONE',  ( 28.02991439782486083, -2.320519833836566903, -1.000000000000006439 ) ) ;
#981 = DIRECTION ( 'NONE',  ( -0.9998626349648349620, 0.01657441405230335868, 0.000000000000000000 ) ) ;
#982 = ORIENTED_EDGE ( 'NONE', *, *, #2487, .F. ) ;
#983 = FACE_OUTER_BOUND ( 'NONE', #4595, .T. ) ;
#984 = CARTESIAN_POINT ( 'NONE',  ( 29.20948204593659270, 8.961479276737961186, -21.97078005239325549 ) ) ;
#985 = CYLINDRICAL_SURFACE ( 'NONE', #6677, 0.4999999999999985567 ) ;
#986 = B_SPLINE_CURVE_WITH_KNOTS ( 'NONE', 3,
 ( #5200, #103, #4534, #699, #493, #4639, #4602, #1300, #6920, #2354, #5775, #1183, #3297, #4567, #6846, #1050, #137, #5738, #5698, #4678, #665, #3466 ),
 .UNSPECIFIED., .F., .F.,
 ( 4, 2, 2, 2, 2, 2, 2, 2, 2, 2, 4 ),
 ( -0.005150408549855419425, -0.002488676270892416567, -0.001157810131411010982, 0.0001730560080703946041, 0.001503922147551799322, 0.002169355217292503850, 0.002834788287033206643, 0.003500221356773909435, 0.004165654426514613963, 0.004831087496255316756, 0.005496520565996019549 ),
 .UNSPECIFIED. ) ;
#987 = CARTESIAN_POINT ( 'NONE',  ( 47.16079164157007142, 4.968425934758679219, -0.6999999999999992895 ) ) ;
#988 = LINE ( 'NONE', #2278, #5315 ) ;
#989 = VERTEX_POINT ( 'NONE', #5278 ) ;
#990 = DIRECTION ( 'NONE',  ( 1.000000000000000000, 0.000000000000000000, 0.000000000000000000 ) ) ;
#991 = DIRECTION ( 'NONE',  ( -0.9998626349648349620, 0.01657441405230335868, 0.000000000000000000 ) ) ;
#992 = VERTEX_POINT ( 'NONE', #6473 ) ;
#993 = AXIS2_PLACEMENT_3D ( 'NONE', #455, #4651, #3404 ) ;
#994 = VECTOR ( 'NONE', #7132, 100.0000000000000000 ) ;
#995 = CARTESIAN_POINT ( 'NONE',  ( 48.77836892838771377, 6.745414175186215111, -0.7062642777398754346 ) ) ;
#996 = CARTESIAN_POINT ( 'NONE',  ( 29.77275776503039850, 0.2135171878377925547, -11.81718559156597159 ) ) ;
#997 = VECTOR ( 'NONE', #6163, 100.0000000000000142 ) ;
#998 = CARTESIAN_POINT ( 'NONE',  ( 29.55705879729353924, 5.795696560671352415, -20.00677559441359676 ) ) ;
#999 = ORIENTED_EDGE ( 'NONE', *, *, #5497, .T. ) ;
#1000 = VERTEX_POINT ( 'NONE', #215 ) ;
#1001 = AXIS2_PLACEMENT_3D ( 'NONE', #1207, #648, #2932 ) ;
#1002 = CARTESIAN_POINT ( 'NONE',  ( 49.24238545482217688, 6.379386265671900702, -0.2999999999999981015 ) ) ;
#1003 = CARTESIAN_POINT ( 'NONE',  ( 29.63161780898867548, 3.505474656321046822, 15.46850487696339904 ) ) ;
#1004 = ORIENTED_EDGE ( 'NONE', *, *, #5119, .F. ) ;
#1005 = B_SPLINE_CURVE_WITH_KNOTS ( 'NONE', 3,
 ( #2302, #3483, #6825, #3993, #1203, #2998, #2926, #121, #4619, #1827, #6350, #3520, #5792, #1931 ),
 .UNSPECIFIED., .F., .F.,
 ( 4, 2, 2, 2, 2, 2, 4 ),
 ( 0.000000000000000000, 0.002068634898781629167, 0.004137269797563258335, 0.005171587246954011119, 0.006205904696344763903, 0.007240222145735516687, 0.008274539595126270339 ),
 .UNSPECIFIED. ) ;
#1006 = CARTESIAN_POINT ( 'NONE',  ( 29.61478324912965121, 9.277962801432597217, -22.74663514059549740 ) ) ;
#1007 = CARTESIAN_POINT ( 'NONE',  ( 29.46160554235650508, -0.006863610010256925541, 11.24747188420204402 ) ) ;
#1008 = ORIENTED_EDGE ( 'NONE', *, *, #6675, .T. ) ;
#1009 = LINE ( 'NONE', #1604, #7022 ) ;
#1010 = DIRECTION ( 'NONE',  ( 1.000000000000000000, 0.000000000000000000, 0.000000000000000000 ) ) ;
#1011 = B_SPLINE_CURVE_WITH_KNOTS ( 'NONE', 3,
 ( #7129, #3200, #3157, #4888, #3747, #5456, #6019, #5940, #798, #868, #3672, #5907, #4778, #7093, #1432, #7168, #5869, #3120, #394, #1463 ),
 .UNSPECIFIED., .F., .F.,
 ( 4, 2, 2, 2, 2, 2, 2, 2, 2, 4 ),
 ( 0.000000000000000000, 0.001146711041287848919, 0.001720066561931759717, 0.002293422082575670949, 0.002866777603219581531, 0.003440133123863492112, 0.004586844165151201386, 0.006880266247726618198, 0.008026977289014313593, 0.009173688330302007254 ),
 .UNSPECIFIED. ) ;
#1012 = FACE_OUTER_BOUND ( 'NONE', #3618, .T. ) ;
#1013 = CARTESIAN_POINT ( 'NONE',  ( 29.22108413575709562, 9.661383120240994771, -23.00000000000000355 ) ) ;
#1014 = EDGE_CURVE ( 'NONE', #4791, #7051, #5351, .T. ) ;
#1015 = EDGE_CURVE ( 'NONE', #2431, #2889, #4284, .T. ) ;
#1016 = ORIENTED_EDGE ( 'NONE', *, *, #4786, .F. ) ;
#1017 = FACE_OUTER_BOUND ( 'NONE', #156, .T. ) ;
#1018 = DIRECTION ( 'NONE',  ( 0.000000000000000000, 0.000000000000000000, 1.000000000000000000 ) ) ;
#1019 = EDGE_CURVE ( 'NONE', #4078, #4270, #3715, .T. ) ;
#1020 = VERTEX_POINT ( 'NONE', #3242 ) ;
#1021 = AXIS2_PLACEMENT_3D ( 'NONE', #18, #6780, #2735 ) ;
#1022 = CARTESIAN_POINT ( 'NONE',  ( 29.45763779614204481, -0.2019419602720361195, 10.82506052480421310 ) ) ;
#1023 = CARTESIAN_POINT ( 'NONE',  ( 29.22216369412238279, -2.340283382147479774, -0.5000000000000032196 ) ) ;
#1024 = FACE_OUTER_BOUND ( 'NONE', #1826, .T. ) ;
#1025 = EDGE_CURVE ( 'NONE', #3951, #3853, #9, .T. ) ;
#1026 = DIRECTION ( 'NONE',  ( -1.000000000000000000, 0.000000000000000000, -1.665393298452073591E-16 ) ) ;
#1027 = B_SPLINE_CURVE_WITH_KNOTS ( 'NONE', 3,
 ( #5629, #560, #3882, #2805 ),
 .UNSPECIFIED., .F., .F.,
 ( 4, 4 ),
 ( 0.000000000000000000, 1.000000000000000000 ),
 .UNSPECIFIED. ) ;
#1028 = EDGE_CURVE ( 'NONE', #416, #1813, #5960, .T. ) ;
#1029 = DIRECTION ( 'NONE',  ( -0.01657441405230579770, -0.9998626349648348510, -1.734723475976998532E-18 ) ) ;
#1030 = DIRECTION ( 'NONE',  ( -1.665393298452077782E-16, 1.025709229455379180E-18, 1.000000000000000000 ) ) ;
#1031 = EDGE_LOOP ( 'NONE', ( #1179, #5077 ) ) ;
#1032 = CARTESIAN_POINT ( 'NONE',  ( 29.57492253913132174, 6.597741838429231898, -20.71186230419610652 ) ) ;
#1033 = CARTESIAN_POINT ( 'NONE',  ( 29.79995021599052762, 9.463209326999342252, -22.36023630076421398 ) ) ;
#1034 = VERTEX_POINT ( 'NONE', #6067 ) ;
#1035 = CARTESIAN_POINT ( 'NONE',  ( 28.46290131800966350, -2.364714990035085229, 0.2999999999999999889 ) ) ;
#1036 = ORIENTED_EDGE ( 'NONE', *, *, #5632, .F. ) ;
#1037 = DIRECTION ( 'NONE',  ( -0.9998626349648349620, 0.01657441405230474646, 0.000000000000000000 ) ) ;
#1038 = DIRECTION ( 'NONE',  ( 3.382917932875483327E-16, 2.470467893844505313E-16, -1.000000000000000000 ) ) ;
#1039 = ORIENTED_EDGE ( 'NONE', *, *, #3232, .F. ) ;
#1040 = ORIENTED_EDGE ( 'NONE', *, *, #6763, .T. ) ;
#1041 = DIRECTION ( 'NONE',  ( -0.9998626349648349620, 0.01657441405230335868, 0.000000000000000000 ) ) ;
#1042 = DIRECTION ( 'NONE',  ( -0.9998626349648348510, 0.01657441405230468054, -0.000000000000000000 ) ) ;
#1043 = ORIENTED_EDGE ( 'NONE', *, *, #6977, .T. ) ;
#1044 = DIRECTION ( 'NONE',  ( 0.9998626349648348510, -0.01657441405230573525, 1.665334536937734811E-16 ) ) ;
#1045 = CARTESIAN_POINT ( 'NONE',  ( 42.70962778319242403, 1.691450028915983728, -0.7000000000000015099 ) ) ;
#1046 = ORIENTED_EDGE ( 'NONE', *, *, #5083, .T. ) ;
#1047 = CARTESIAN_POINT ( 'NONE',  ( 29.81857054581799460, 8.859519108790786746, -21.89918526683614886 ) ) ;
#1048 = DIRECTION ( 'NONE',  ( -0.9998626349648349620, 0.01657441405230474646, 3.200564813177218556E-14 ) ) ;
#1049 = CARTESIAN_POINT ( 'NONE',  ( 29.40945457291341825, 8.958164392955156430, -0.5000000000000032196 ) ) ;
#1050 = CARTESIAN_POINT ( 'NONE',  ( 50.73879870932837122, 9.251296282013267813, 0.04460445235682135301 ) ) ;
#1051 = AXIS2_PLACEMENT_3D ( 'NONE', #6672, #3144, #3253 ) ;
#1052 = ORIENTED_EDGE ( 'NONE', *, *, #4482, .T. ) ;
#1053 = CARTESIAN_POINT ( 'NONE',  ( 40.09143715832348676, 0.4022373987551855490, -0.1616512752623419091 ) ) ;
#1054 = CARTESIAN_POINT ( 'NONE',  ( 40.57569856967446498, -0.3840033648837456459, -0.3000000000000057621 ) ) ;
#1055 = B_SPLINE_CURVE_WITH_KNOTS ( 'NONE', 2,
 ( #7012, #5194, #4561 ),
 .UNSPECIFIED., .F., .F.,
 ( 3, 3 ),
 ( 0.000000000000000000, 0.3934269130146768045 ),
 .UNSPECIFIED. ) ;
#1056 = ORIENTED_EDGE ( 'NONE', *, *, #5489, .F. ) ;
#1057 = EDGE_CURVE ( 'NONE', #1860, #531, #4324, .T. ) ;
#1058 = FACE_OUTER_BOUND ( 'NONE', #4883, .T. ) ;
#1060 = ADVANCED_FACE ( 'NONE', ( #4898 ), #5993, .F. ) ;
#1059 = AXIS2_PLACEMENT_3D ( 'NONE', #1110, #60, #5616 ) ;
#1061 = B_SPLINE_CURVE_WITH_KNOTS ( 'NONE', 2,
 ( #2093, #1577, #950 ),
 .UNSPECIFIED., .F., .F.,
 ( 3, 3 ),
 ( 0.1950968719087230741, 0.3370897608443996218 ),
 .UNSPECIFIED. ) ;
#1062 = CARTESIAN_POINT ( 'NONE',  ( 27.23884348098842878, -1.317488509068562408, -1.000000000000006217 ) ) ;
#1063 = EDGE_CURVE ( 'NONE', #1162, #5730, #1347, .T. ) ;
#1064 = DIRECTION ( 'NONE',  ( -2.220446049250313081E-16, 0.000000000000000000, -1.000000000000000000 ) ) ;
#1065 = CARTESIAN_POINT ( 'NONE',  ( 29.85762690830329902, 3.677400594415233037, -16.70255539357406604 ) ) ;
#1066 = AXIS2_PLACEMENT_3D ( 'NONE', #5412, #3152, #2163 ) ;
#1067 = CARTESIAN_POINT ( 'NONE',  ( 48.44974321030805697, 6.376234407378560398, -0.7062440639561494704 ) ) ;
#1068 = DIRECTION ( 'NONE',  ( -0.01657441405230466666, -0.9998626349648348510, -1.734723475976806902E-18 ) ) ;
#1069 = EDGE_CURVE ( 'NONE', #7331, #3028, #2835, .T. ) ;
#1070 = ORIENTED_EDGE ( 'NONE', *, *, #1954, .F. ) ;
#1071 = CARTESIAN_POINT ( 'NONE',  ( 29.64435691442315246, 6.374152976565109263, -20.52147583055447910 ) ) ;
#1072 = LINE ( 'NONE', #5425, #6433 ) ;
#1073 = EDGE_CURVE ( 'NONE', #5956, #2738, #3165, .T. ) ;
#1074 = ORIENTED_EDGE ( 'NONE', *, *, #2855, .F. ) ;
#1075 = B_SPLINE_CURVE_WITH_KNOTS ( 'NONE', 3,
 ( #3521, #5794, #2963, #5712 ),
 .UNSPECIFIED., .F., .F.,
 ( 4, 4 ),
 ( 0.000000000000000000, 0.0002972873641302978286 ),
 .UNSPECIFIED. ) ;
#1076 = CARTESIAN_POINT ( 'NONE',  ( 49.15839109156489428, 6.330476389547355254, -1.199999999999998401 ) ) ;
#1077 = CARTESIAN_POINT ( 'NONE',  ( 29.45694249062519887, -0.2438867315317866380, 3.156232876325736255E-15 ) ) ;
#1078 = ORIENTED_EDGE ( 'NONE', *, *, #3575, .F. ) ;
#1079 = ORIENTED_EDGE ( 'NONE', *, *, #5660, .T. ) ;
#1080 = AXIS2_PLACEMENT_3D ( 'NONE', #6805, #1038, #3943 ) ;
#1081 = CARTESIAN_POINT ( 'NONE',  ( 49.16713670429992078, 6.172290910949315368, -0.2999999999999987121 ) ) ;
#1082 = CARTESIAN_POINT ( 'NONE',  ( 29.82954176466262197, -2.841692990704773436, -1.000000000000007327 ) ) ;
#1083 = ORIENTED_EDGE ( 'NONE', *, *, #2499, .F. ) ;
#1084 = CARTESIAN_POINT ( 'NONE',  ( 31.23829402084789564, -1.383786165277783642, 0.2999999999999996003 ) ) ;
#1085 = FACE_OUTER_BOUND ( 'NONE', #2527, .T. ) ;
#1086 = ORIENTED_EDGE ( 'NONE', *, *, #283, .T. ) ;
#1087 = B_SPLINE_CURVE_WITH_KNOTS ( 'NONE', 3,
 ( #3366, #6224, #31, #4572 ),
 .UNSPECIFIED., .F., .F.,
 ( 4, 4 ),
 ( 3.903127820947815962E-18, 0.004000123426480052188 ),
 .UNSPECIFIED. ) ;
#1088 = CARTESIAN_POINT ( 'NONE',  ( 49.10898578509949886, 5.931240412489066749, -0.2999999999999982681 ) ) ;
#1089 = DIRECTION ( 'NONE',  ( -0.01657441405230463891, -0.9998626349648349620, 0.000000000000000000 ) ) ;
#1090 = CARTESIAN_POINT ( 'NONE',  ( 50.77576818653075463, 9.304077780756347948, -1.199999999999996625 ) ) ;
#1091 = ORIENTED_EDGE ( 'NONE', *, *, #1161, .F. ) ;
#1092 = CARTESIAN_POINT ( 'NONE',  ( 29.67951354855035717, 8.953687708734275219, -22.48817109192050268 ) ) ;
#1093 = CARTESIAN_POINT ( 'NONE',  ( 45.99148456033355359, 3.599193352380716249, -0.6999999999999994005 ) ) ;
#1094 = ORIENTED_EDGE ( 'NONE', *, *, #736, .T. ) ;
#1095 = CARTESIAN_POINT ( 'NONE',  ( 29.50549211068368294, 0.2553771683660658876, 10.82124682586463926 ) ) ;
#1096 = CARTESIAN_POINT ( 'NONE',  ( 29.57952447209467550, 7.146809560181840659, 19.78179387253659982 ) ) ;
#1097 = CARTESIAN_POINT ( 'NONE',  ( 29.77793033753411578, 6.539922901467713601, 18.89585929268908870 ) ) ;
#1098 = DIRECTION ( 'NONE',  ( -0.9998626349648349620, 0.01657441405230463891, 0.000000000000000000 ) ) ;
#1099 = CARTESIAN_POINT ( 'NONE',  ( 31.23829402084788498, -1.383786165277783198, -0.3000000000000061506 ) ) ;
#1100 = CARTESIAN_POINT ( 'NONE',  ( 29.51495293980827483, 3.255632490845135507, -16.15077155702975276 ) ) ;
#1101 = ORIENTED_EDGE ( 'NONE', *, *, #3405, .T. ) ;
#1102 = CARTESIAN_POINT ( 'NONE',  ( 29.68272959382272802, 6.311468432691944130, -20.46769960027846125 ) ) ;
#1103 = EDGE_CURVE ( 'NONE', #6768, #4138, #3755, .T. ) ;
#1104 = DIRECTION ( 'NONE',  ( 1.000000000000000000, 0.000000000000000000, -1.779132396961811740E-12 ) ) ;
#1105 = ORIENTED_EDGE ( 'NONE', *, *, #6124, .F. ) ;
#1106 = EDGE_CURVE ( 'NONE', #1846, #1857, #4008, .T. ) ;
#1107 = EDGE_CURVE ( 'NONE', #4291, #3163, #1072, .T. ) ;
#1108 = AXIS2_PLACEMENT_3D ( 'NONE', #3430, #622, #5773 ) ;
#1109 = CYLINDRICAL_SURFACE ( 'NONE', #5776, 0.4999999999999985567 ) ;
#1110 = CARTESIAN_POINT ( 'NONE',  ( 30.07952447209468261, 7.146809560181840659, 3.252336556894853104E-15 ) ) ;
#1111 = ADVANCED_FACE ( 'NONE', ( #6172 ), #5727, .F. ) ;
#1112 = LINE ( 'NONE', #5013, #6394 ) ;
#1113 = ORIENTED_EDGE ( 'NONE', *, *, #825, .F. ) ;
#1114 = ORIENTED_EDGE ( 'NONE', *, *, #5986, .F. ) ;
#1115 = FACE_OUTER_BOUND ( 'NONE', #1438, .T. ) ;
#1116 = DIRECTION ( 'NONE',  ( -0.9998626349648348510, 0.01657441405230465625, 0.000000000000000000 ) ) ;
#1117 = VECTOR ( 'NONE', #2250, 100.0000000000000000 ) ;
#1118 = VECTOR ( 'NONE', #6008, 100.0000000000000142 ) ;
#1119 = CYLINDRICAL_SURFACE ( 'NONE', #1521, 0.4999999999999999445 ) ;
#1120 = CARTESIAN_POINT ( 'NONE',  ( 41.05550690469878816, 0.8271730007075069890, -0.3000000000000022649 ) ) ;
#1121 = AXIS2_PLACEMENT_3D ( 'NONE', #1023, #2674, #4447 ) ;
#1122 = CARTESIAN_POINT ( 'NONE',  ( 45.84190424054542490, 2.906450311533736119, -0.06899527106055475256 ) ) ;
#1123 = ORIENTED_EDGE ( 'NONE', *, *, #6401, .T. ) ;
#1124 = DIRECTION ( 'NONE',  ( -0.000000000000000000, -1.000000000000000000, -0.000000000000000000 ) ) ;
#1125 = DIRECTION ( 'NONE',  ( -0.01657441405230464931, -0.9998626349648349620, -3.469446951953613418E-18 ) ) ;
#1126 = VECTOR ( 'NONE', #1889, 100.0000000000000000 ) ;
#1127 = CARTESIAN_POINT ( 'NONE',  ( 50.81699721925828328, 9.363191871907149633, -0.9603266238604324379 ) ) ;
#1128 = ORIENTED_EDGE ( 'NONE', *, *, #6081, .T. ) ;
#1129 = CARTESIAN_POINT ( 'NONE',  ( 31.23829402084789564, -1.383786165277783642, 0.2999999999999996003 ) ) ;
#1130 = EDGE_LOOP ( 'NONE', ( #3044, #1661, #3167, #4275, #906, #4240 ) ) ;
#1131 = DIRECTION ( 'NONE',  ( -0.9998626349648349620, 0.01657441405230466666, 0.000000000000000000 ) ) ;
#1132 = DIRECTION ( 'NONE',  ( -0.9998626349648350731, 0.01657441405230466666, 0.000000000000000000 ) ) ;
#1133 = CARTESIAN_POINT ( 'NONE',  ( 28.02991439782486083, -2.320519833836566903, 0.000000000000000000 ) ) ;
#1134 = B_SPLINE_CURVE_WITH_KNOTS ( 'NONE', 3,
 ( #3333, #1164, #119, #3409 ),
 .UNSPECIFIED., .F., .F.,
 ( 4, 4 ),
 ( -0.004845767612467857637, 0.004000000000000056462 ),
 .UNSPECIFIED. ) ;
#1135 = DIRECTION ( 'NONE',  ( 0.01657441405230579770, 0.9998626349648348510, 1.937485524053559049E-31 ) ) ;
#1136 = CIRCLE ( 'NONE', #5379, 16.16641791636911663 ) ;
#1137 = CARTESIAN_POINT ( 'NONE',  ( 48.58388118060513250, 6.525395280717150470, -0.7517881285495348065 ) ) ;
#1138 = CARTESIAN_POINT ( 'NONE',  ( 50.78965783578978943, 9.323963105861231782, 0.05849998563405316848 ) ) ;
#1139 = CARTESIAN_POINT ( 'NONE',  ( 29.42934386977618644, 10.15799955491295847, -1.200000000000003730 ) ) ;
#1140 = CARTESIAN_POINT ( 'NONE',  ( 29.57189324557678489, 6.690594594587635946, -20.79008107972050112 ) ) ;
#1141 = LINE ( 'NONE', #5688, #4521 ) ;
#1142 = VECTOR ( 'NONE', #7325, 100.0000000000000142 ) ;
#1143 = VERTEX_POINT ( 'NONE', #5151 ) ;
#1144 = CARTESIAN_POINT ( 'NONE',  ( 29.01680430430896962, -2.661934608959339865, 0.2999999999999977685 ) ) ;
#1145 = CARTESIAN_POINT ( 'NONE',  ( 29.46109986238636225, 0.006909506002096381383, -12.27921898938790157 ) ) ;
#1146 = FACE_OUTER_BOUND ( 'NONE', #3868, .T. ) ;
#1147 = ORIENTED_EDGE ( 'NONE', *, *, #1516, .T. ) ;
#1148 = ORIENTED_EDGE ( 'NONE', *, *, #2906, .T. ) ;
#1149 = EDGE_CURVE ( 'NONE', #1180, #486, #369, .T. ) ;
#1150 = CARTESIAN_POINT ( 'NONE',  ( 45.76871418538776481, 2.982107765878923900, -1.090619036928935026 ) ) ;
#1151 = EDGE_CURVE ( 'NONE', #1970, #2108, #811, .T. ) ;
#1152 = CARTESIAN_POINT ( 'NONE',  ( -2.282844472454330789E-16, 0.000000000000000000, -1.000000000000000000 ) ) ;
#1153 = CARTESIAN_POINT ( 'NONE',  ( 30.06549077205418641, 6.646973500539086643, 19.28997938598704920 ) ) ;
#1154 = CARTESIAN_POINT ( 'NONE',  ( 40.78935794662710634, 0.7043388805884007731, -0.2245746163139903384 ) ) ;
#1155 = LINE ( 'NONE', #3398, #3783 ) ;
#1156 = ORIENTED_EDGE ( 'NONE', *, *, #2197, .F. ) ;
#1157 = CARTESIAN_POINT ( 'NONE',  ( 29.40945457291341825, 8.958164392955156430, -0.5000000000000032196 ) ) ;
#1158 = CARTESIAN_POINT ( 'NONE',  ( 40.27037592089061491, 0.4769859681717054101, 0.1999999999999975409 ) ) ;
#1159 = B_SPLINE_CURVE_WITH_KNOTS ( 'NONE', 3,
 ( #2737, #6811, #1845, #4089 ),
 .UNSPECIFIED., .F., .F.,
 ( 4, 4 ),
 ( -0.005188057493868176648, 0.002000055686290591779 ),
 .UNSPECIFIED. ) ;
#1160 = LINE ( 'NONE', #2365, #4290 ) ;
#1161 = EDGE_CURVE ( 'NONE', #5854, #333, #875, .T. ) ;
#1162 = VERTEX_POINT ( 'NONE', #4522 ) ;
#1163 = PLANE ( 'NONE',  #3054 ) ;
#1164 = CARTESIAN_POINT ( 'NONE',  ( 29.80536256539040352, 9.324425887578561500, 21.25614879436782800 ) ) ;
#1165 = EDGE_LOOP ( 'NONE', ( #3156, #2049, #6215, #6114, #3052, #5427, #6216 ) ) ;
#1166 = LINE ( 'NONE', #2849, #6555 ) ;
#1167 = CARTESIAN_POINT ( 'NONE',  ( 29.45289206297297468, -0.4882314940259307456, 9.976640682965166818 ) ) ;
#1168 = CARTESIAN_POINT ( 'NONE',  ( 29.61893044623886695, 6.354516584784109412, 18.71455490766767582 ) ) ;
#1169 = CARTESIAN_POINT ( 'NONE',  ( 28.59657810428498692, -2.493693956469361872, 0.000000000000000000 ) ) ;
#1170 = CIRCLE ( 'NONE', #573, 0.1749999999999973799 ) ;
#1171 = CYLINDRICAL_SURFACE ( 'NONE', #717, 11.29999999999813198 ) ;
#1172 = PLANE ( 'NONE',  #2779 ) ;
#1173 = CARTESIAN_POINT ( 'NONE',  ( 40.98806621021959984, 0.06503408437040661405, -0.8342330312134194070 ) ) ;
#1174 = CARTESIAN_POINT ( 'NONE',  ( 29.57959315461226524, 7.155096767207995256, 3.169069830047966363E-15 ) ) ;
#1175 = AXIS2_PLACEMENT_3D ( 'NONE', #6848, #5659, #588 ) ;
#1176 = EDGE_LOOP ( 'NONE', ( #1147, #2984, #2348, #2204, #2831, #1960, #1555, #1534, #3231, #1276, #3763, #6155, #3671, #5690 ) ) ;
#1177 = CYLINDRICAL_SURFACE ( 'NONE', #3400, 0.4999999999999985567 ) ;
#1178 = DIRECTION ( 'NONE',  ( 1.000000000000000000, 0.000000000000000000, 1.665393298452073591E-16 ) ) ;
#1179 = ORIENTED_EDGE ( 'NONE', *, *, #3815, .F. ) ;
#1180 = VERTEX_POINT ( 'NONE', #132 ) ;
#1181 = CARTESIAN_POINT ( 'NONE',  ( 30.05400500914900874, 6.647461227841615639, 19.29037837007849987 ) ) ;
#1182 = CARTESIAN_POINT ( 'NONE',  ( 29.57189324557678134, 6.690594594587867761, 19.79008107972049402 ) ) ;
#1183 = CARTESIAN_POINT ( 'NONE',  ( 50.68973125791728052, 9.181588112359479581, -0.05947957466495638890 ) ) ;
#1184 = CARTESIAN_POINT ( 'NONE',  ( 30.05885587995366492, 8.945283828738480381, 21.24794809331386602 ) ) ;
#1185 = EDGE_CURVE ( 'NONE', #4724, #3132, #6904, .T. ) ;
#1186 = EDGE_CURVE ( 'NONE', #1180, #4291, #1141, .T. ) ;
#1187 = CARTESIAN_POINT ( 'NONE',  ( 29.93548988415750145, 0.2473930673332052077, 10.78009954068491538 ) ) ;
#1188 = AXIS2_PLACEMENT_3D ( 'NONE', #2869, #6664, #1589 ) ;
#1189 = EDGE_CURVE ( 'NONE', #2083, #2401, #3968, .T. ) ;
#1190 = DIRECTION ( 'NONE',  ( -0.01657441405230464238, -0.9998626349648349620, 0.000000000000000000 ) ) ;
#1191 = VERTEX_POINT ( 'NONE', #5647 ) ;
#1192 = LINE ( 'NONE', #2396, #870 ) ;
#1193 = FACE_OUTER_BOUND ( 'NONE', #661, .T. ) ;
#1194 = CARTESIAN_POINT ( 'NONE',  ( 29.60435130664785319, 3.254150561732292779, 16.15161163223659102 ) ) ;
#1195 = VECTOR ( 'NONE', #7184, 100.0000000000000142 ) ;
#1196 = CARTESIAN_POINT ( 'NONE',  ( 28.16761433716045104, -2.334911114092379503, -1.000000000000006439 ) ) ;
#1197 = EDGE_CURVE ( 'NONE', #4911, #5735, #7327, .T. ) ;
#1198 =( BOUNDED_CURVE ( )  B_SPLINE_CURVE ( 3, ( #6450, #779, #5361, #6481 ),
 .UNSPECIFIED., .F., .F. ) 
 B_SPLINE_CURVE_WITH_KNOTS ( ( 4, 4 ),
 ( 3.200949536100731407, 4.155965020274166477 ),
 .UNSPECIFIED. ) 
 CURVE ( )  GEOMETRIC_REPRESENTATION_ITEM ( )  RATIONAL_B_SPLINE_CURVE ( ( 1.000000000000000000, 0.9254286931173283381, 0.9254286931173283381, 1.000000000000000000 ) ) 
 REPRESENTATION_ITEM ( '' )  );
#1199 = EDGE_CURVE ( 'NONE', #2814, #2840, #6283, .T. ) ;
#1200 = CARTESIAN_POINT ( 'NONE',  ( 27.23884348098842878, -1.317488509068562408, 0.2999999999999999889 ) ) ;
#1201 = ORIENTED_EDGE ( 'NONE', *, *, #13, .T. ) ;
#1202 = ADVANCED_FACE ( 'NONE', ( #3498, #3458 ), #20, .F. ) ;
#1203 = CARTESIAN_POINT ( 'NONE',  ( 30.08281813544858707, -2.447046698079677007, 0.000000000000000000 ) ) ;
#1204 = DIRECTION ( 'NONE',  ( -0.9998626349648348510, 0.01657441405230462850, 0.000000000000000000 ) ) ;
#1205 = DIRECTION ( 'NONE',  ( 0.9998626349648348510, -0.01657441405230463891, 0.000000000000000000 ) ) ;
#1206 = FACE_OUTER_BOUND ( 'NONE', #5298, .T. ) ;
#1207 = CARTESIAN_POINT ( 'NONE',  ( 30.10935841738883667, 8.946562303118541948, -22.74663514059542635 ) ) ;
#1208 = ORIENTED_EDGE ( 'NONE', *, *, #928, .F. ) ;
#1209 = CARTESIAN_POINT ( 'NONE',  ( 28.50871298640988272, -2.563093360133130716, 0.000000000000000000 ) ) ;
#1210 = VERTEX_POINT ( 'NONE', #3422 ) ;
#1211 = CYLINDRICAL_SURFACE ( 'NONE', #5240, 0.1750000000000029310 ) ;
#1212 = DIRECTION ( 'NONE',  ( 1.665393298452077782E-16, -1.025709229455379565E-18, -1.000000000000000000 ) ) ;
#1213 = ORIENTED_EDGE ( 'NONE', *, *, #4784, .F. ) ;
#1214 = PLANE ( 'NONE',  #3183 ) ;
#1215 = CARTESIAN_POINT ( 'NONE',  ( 29.60113989288023006, 8.454918192660825227, 21.16756122134667706 ) ) ;
#1216 = VERTEX_POINT ( 'NONE', #2863 ) ;
#1217 = VECTOR ( 'NONE', #5795, 100.0000000000000142 ) ;
#1218 = CARTESIAN_POINT ( 'NONE',  ( 49.58913679882203951, 7.680503152493415087, -0.2999999999999976574 ) ) ;
#1219 = LINE ( 'NONE', #2289, #5484 ) ;
#1220 = CARTESIAN_POINT ( 'NONE',  ( 51.43443968877217287, 10.28307717325414039, -0.6999999999999964029 ) ) ;
#1221 = AXIS2_PLACEMENT_3D ( 'NONE', #6181, #1630, #6038 ) ;
#1222 = CARTESIAN_POINT ( 'NONE',  ( 29.51651404804489687, 0.6552494146773487627, -11.49999999999814015 ) ) ;
#1223 = CARTESIAN_POINT ( 'NONE',  ( 41.03226511874291305, 0.8162580470501473728, -0.3000000000000044298 ) ) ;
#1224 = DIRECTION ( 'NONE',  ( 0.9998626349648348510, -0.01657441405230466319, 3.341506680459168366E-16 ) ) ;
#1225 = ORIENTED_EDGE ( 'NONE', *, *, #105, .T. ) ;
#1226 = DIRECTION ( 'NONE',  ( -0.9998626349648348510, 0.01657441405230463544, 2.282530889443096024E-16 ) ) ;
#1227 = DIRECTION ( 'NONE',  ( -0.01657441405230464584, -0.9998626349648348510, -2.526198420459838063E-16 ) ) ;
#1228 = MANIFOLD_SOLID_BREP ( 'Cut-Extrude1', #191 ) ;
#1229 = CARTESIAN_POINT ( 'NONE',  ( 29.60571985860492816, 8.731207694243591888, -22.36603401594316765 ) ) ;
#1230 = VERTEX_POINT ( 'NONE', #4672 ) ;
#1231 = VECTOR ( 'NONE', #4063, 100.0000000000000000 ) ;
#1232 = CARTESIAN_POINT ( 'NONE',  ( 28.02991439782486083, -2.320519833836566903, -1.000000000000006439 ) ) ;
#1233 = CIRCLE ( 'NONE', #2179, 0.5000000000000004441 ) ;
#1234 = CARTESIAN_POINT ( 'NONE',  ( 29.77175451392146144, 6.251787722195214947, -19.98925470086114586 ) ) ;
#1235 = VECTOR ( 'NONE', #6201, 100.0000000000000000 ) ;
#1236 = EDGE_CURVE ( 'NONE', #5353, #1961, #2566, .T. ) ;
#1237 = VERTEX_POINT ( 'NONE', #1688 ) ;
#1238 = VECTOR ( 'NONE', #401, 100.0000000000000142 ) ;
#1239 = DIRECTION ( 'NONE',  ( -0.01657441405230464238, -0.9998626349648349620, -1.734723475976807094E-18 ) ) ;
#1240 = CARTESIAN_POINT ( 'NONE',  ( 29.42105666275003273, 9.658068237430541103, -0.5000000000000032196 ) ) ;
#1241 = EDGE_CURVE ( 'NONE', #1411, #7331, #4192, .T. ) ;
#1243 = DIRECTION ( 'NONE',  ( -0.9998626349648349620, 0.01657441405230464931, 0.000000000000000000 ) ) ;
#1242 = VECTOR ( 'NONE', #4533, 100.0000000000000142 ) ;
#1244 = EDGE_LOOP ( 'NONE', ( #7224, #3407, #206, #5929, #2979, #4921, #3624, #4530, #376, #2933 ) ) ;
#1245 =( BOUNDED_SURFACE ( )  B_SPLINE_SURFACE ( 3, 2, ( 
 ( #4340, #1471, #6064 ),
 ( #7175, #2097, #5460 ),
 ( #912, #6471, #6026 ),
 ( #324, #3051, #3127 ),
 ( #3087, #1397, #2643 ),
 ( #2567, #7134, #6619 ) ),
 .UNSPECIFIED., .F., .F., .F. ) 
 B_SPLINE_SURFACE_WITH_KNOTS ( ( 4, 2, 4 ),
 ( 3, 3 ),
 ( 0.003469499339602876656, 0.006870148475502238679, 0.01027079761140160113 ),
 ( 0.000000000000000000, 1.000000000000000000 ),
 .UNSPECIFIED. ) 
 GEOMETRIC_REPRESENTATION_ITEM ( )  RATIONAL_B_SPLINE_SURFACE ( (
 ( 1.000000000000000000, 0.8673708135907036709, 1.000000000000000000),
 ( 1.000000000000000000, 0.8431760481727149648, 1.000000000000000000),
 ( 1.000000000000000000, 0.8178868420810105899, 1.000000000000000000),
 ( 1.000000000000000000, 0.7646786984611995130, 1.000000000000000000),
 ( 1.000000000000000000, 0.7367620312946766559, 1.000000000000000000),
 ( 1.000000000000000000, 0.7071067811848205098, 1.000000000000000000) ) ) 
 REPRESENTATION_ITEM ( '' )  SURFACE ( )  );
#1246 = CARTESIAN_POINT ( 'NONE',  ( 45.46353341854216268, 2.991257798605200691, -1.200000000000000400 ) ) ;
#1247 = CARTESIAN_POINT ( 'NONE',  ( 30.05885587995366492, 8.945283828738480381, 21.24794809331386602 ) ) ;
#1248 = VERTEX_POINT ( 'NONE', #3531 ) ;
#1249 = CARTESIAN_POINT ( 'NONE',  ( 51.11470380752408715, 9.798528041614362749, -0.2999999999999967137 ) ) ;
#1250 = VERTEX_POINT ( 'NONE', #5804 ) ;
#1251 = CARTESIAN_POINT ( 'NONE',  ( 51.50957778108943330, 9.573218713411188574, -0.7239294402440056286 ) ) ;
#1252 = DIRECTION ( 'NONE',  ( -0.9998626349648349620, 0.01657441405230335868, 0.000000000000000000 ) ) ;
#1253 = ADVANCED_FACE ( 'NONE', ( #281 ), #1981, .T. ) ;
#1254 = B_SPLINE_CURVE_WITH_KNOTS ( 'NONE', 3,
 ( #1830, #4696, #719, #3000 ),
 .UNSPECIFIED., .F., .F.,
 ( 4, 4 ),
 ( 1.387778780781445676E-17, 0.003249721683980875530 ),
 .UNSPECIFIED. ) ;
#1255 = ORIENTED_EDGE ( 'NONE', *, *, #2446, .T. ) ;
#1256 = CIRCLE ( 'NONE', #4428, 0.4999999999999985567 ) ;
#1257 = ADVANCED_FACE ( 'NONE', ( #727 ), #4767, .F. ) ;
#1258 = DIRECTION ( 'NONE',  ( -0.9998626349648348510, 0.01657441405230465972, 0.000000000000000000 ) ) ;
#1259 = CARTESIAN_POINT ( 'NONE',  ( 45.76511764071254618, 2.986258530110613929, 0.1793710138624887152 ) ) ;
#1260 = ORIENTED_EDGE ( 'NONE', *, *, #5028, .T. ) ;
#1261 = AXIS2_PLACEMENT_3D ( 'NONE', #3329, #5516, #1010 ) ;
#1262 = CARTESIAN_POINT ( 'NONE',  ( 29.57954732733427150, 7.152332205951964283, -20.46175481924352368 ) ) ;
#1263 = FACE_OUTER_BOUND ( 'NONE', #1130, .T. ) ;
#1264 = CARTESIAN_POINT ( 'NONE',  ( 29.02219116712941371, -2.336968499337087390, 1.499999999999996225 ) ) ;
#1265 = CARTESIAN_POINT ( 'NONE',  ( 29.20948204592048114, 8.961479275765615427, -22.25672608094550853 ) ) ;
#1266 = CARTESIAN_POINT ( 'NONE',  ( 30.04736538869590134, 6.246921674498820742, -20.29037837007850342 ) ) ;
#1267 = DIRECTION ( 'NONE',  ( 3.372764553633511840E-16, 2.511834186424162314E-16, -1.000000000000000000 ) ) ;
#1268 = ORIENTED_EDGE ( 'NONE', *, *, #4568, .F. ) ;
#1269 = ORIENTED_EDGE ( 'NONE', *, *, #4663, .T. ) ;
#1270 = DIRECTION ( 'NONE',  ( -0.9998626349648349620, 0.01657441405230580117, -1.665334536937735304E-16 ) ) ;
#1271 = CARTESIAN_POINT ( 'NONE',  ( 29.58998555987169965, 7.782025578901055951, 20.03061701137889372 ) ) ;
#1272 = CARTESIAN_POINT ( 'NONE',  ( 29.87961611655549632, 3.249587582004983322, 15.96634802857574087 ) ) ;
#1273 = ORIENTED_EDGE ( 'NONE', *, *, #4307, .T. ) ;
#1274 = CARTESIAN_POINT ( 'NONE',  ( 30.06460749944760025, 6.246933188713487795, 18.98925470086113876 ) ) ;
#1275 = CARTESIAN_POINT ( 'NONE',  ( 29.46109986238636225, 0.006909506002096381383, -12.27921898938790157 ) ) ;
#1276 = ORIENTED_EDGE ( 'NONE', *, *, #5762, .T. ) ;
#1277 = CARTESIAN_POINT ( 'NONE',  ( 45.76483155521164292, 2.986121288134864660, 0.1862431371911132671 ) ) ;
#1278 = CARTESIAN_POINT ( 'NONE',  ( 48.62715771743974358, 6.573989821970307901, -0.2237955846799044857 ) ) ;
#1279 = CARTESIAN_POINT ( 'NONE',  ( 29.52986991245529680, 4.155508862310840712, 16.30592310456528793 ) ) ;
#1280 = ORIENTED_EDGE ( 'NONE', *, *, #3713, .F. ) ;
#1281 = CARTESIAN_POINT ( 'NONE',  ( 29.01964484850649839, -2.490576876667246697, -1.409809873881485043 ) ) ;
#1282 = ADVANCED_FACE ( 'NONE', ( #6022 ), #5985, .F. ) ;
#1283 = EDGE_CURVE ( 'NONE', #1550, #2108, #5494, .T. ) ;
#1284 = CARTESIAN_POINT ( 'NONE',  ( 29.57952447209467550, 7.146809560181840659, 19.78179387253659982 ) ) ;
#1285 = ORIENTED_EDGE ( 'NONE', *, *, #1724, .T. ) ;
#1286 = EDGE_CURVE ( 'NONE', #1162, #1888, #5758, .T. ) ;
#1287 = CARTESIAN_POINT ( 'NONE',  ( 27.51161175479890275, -1.824979717385858624, 0.2999999999999999889 ) ) ;
#1288 = CIRCLE ( 'NONE', #7320, 16.46641791636911734 ) ;
#1289 = CYLINDRICAL_SURFACE ( 'NONE', #5623, 0.4999999999999985567 ) ;
#1290 = CARTESIAN_POINT ( 'NONE',  ( 48.77399023488833052, 6.422207254498172091, -0.1303060519285202112 ) ) ;
#1291 = CARTESIAN_POINT ( 'NONE',  ( 29.60564895666631458, 8.726930487282054116, 21.36299438341183432 ) ) ;
#1292 = ORIENTED_EDGE ( 'NONE', *, *, #6989, .T. ) ;
#1293 = VECTOR ( 'NONE', #2732, 100.0000000000000142 ) ;
#1294 = EDGE_CURVE ( 'NONE', #3524, #2263, #5393, .T. ) ;
#1295 = FACE_OUTER_BOUND ( 'NONE', #6366, .T. ) ;
#1296 = ORIENTED_EDGE ( 'NONE', *, *, #1566, .T. ) ;
#1297 = ADVANCED_FACE ( 'NONE', ( #1024 ), #3859, .F. ) ;
#1298 = CARTESIAN_POINT ( 'NONE',  ( 50.27832435838269731, 8.612227584704886141, -0.2999999999999972133 ) ) ;
#1299 = VECTOR ( 'NONE', #4624, 100.0000000000000000 ) ;
#1300 = CARTESIAN_POINT ( 'NONE',  ( 50.60598012272349422, 9.063474667004534524, -0.1622216051667062509 ) ) ;
#1301 = EDGE_LOOP ( 'NONE', ( #3034, #2794, #2343, #4312, #5264 ) ) ;
#1302 = FACE_OUTER_BOUND ( 'NONE', #2030, .T. ) ;
#1303 = VECTOR ( 'NONE', #6203, 100.0000000000000142 ) ;
#1304 = CARTESIAN_POINT ( 'NONE',  ( 40.86009493123799530, -0.1873491726358356979, -0.7327011303859459757 ) ) ;
#1305 = CARTESIAN_POINT ( 'NONE',  ( 51.17479413025235147, 9.297463250942374913, -1.199999999999996625 ) ) ;
#1306 = VERTEX_POINT ( 'NONE', #7206 ) ;
#1307 = ORIENTED_EDGE ( 'NONE', *, *, #5632, .T. ) ;
#1308 = CARTESIAN_POINT ( 'NONE',  ( 29.08956838170394477, -10.33918446186616080, -0.5000000000000032196 ) ) ;
#1309 = CARTESIAN_POINT ( 'NONE',  ( 30.06460749944760025, 6.246933188713487795, 18.98925470086113876 ) ) ;
#1310 = DIRECTION ( 'NONE',  ( -0.01657441405230579770, -0.9998626349648348510, 0.000000000000000000 ) ) ;
#1311 = VERTEX_POINT ( 'NONE', #4890 ) ;
#1312 = VECTOR ( 'NONE', #3419, 100.0000000000000000 ) ;
#1313 = CARTESIAN_POINT ( 'NONE',  ( 29.41928183511022965, -2.515791013570186863, 0.3924630322443087849 ) ) ;
#1314 = DIRECTION ( 'NONE',  ( 0.000000000000000000, 0.000000000000000000, 1.000000000000000000 ) ) ;
#1315 = ORIENTED_EDGE ( 'NONE', *, *, #1015, .F. ) ;
#1316 = CARTESIAN_POINT ( 'NONE',  ( 40.54380722007322646, 0.07239842842256831446, 0.1703389830508404701 ) ) ;
#1317 = AXIS2_PLACEMENT_3D ( 'NONE', #5506, #7142, #2106 ) ;
#1318 = CARTESIAN_POINT ( 'NONE',  ( 29.52119275695714862, 0.5298730860995397585, 10.19998983364248346 ) ) ;
#1319 = DIRECTION ( 'NONE',  ( -0.9998626349648348510, 0.01657441405230465625, 0.000000000000000000 ) ) ;
#1320 = ORIENTED_EDGE ( 'NONE', *, *, #966, .T. ) ;
#1321 = CARTESIAN_POINT ( 'NONE',  ( 29.01758741871030978, -2.614692707898257584, -1.320353215388242907 ) ) ;
#1322 = CYLINDRICAL_SURFACE ( 'NONE', #1001, 0.4999999999999985567 ) ;
#1323 = ORIENTED_EDGE ( 'NONE', *, *, #3040, .T. ) ;
#1324 = CARTESIAN_POINT ( 'NONE',  ( 28.26596541996517331, -2.371765187213029424, 0.000000000000000000 ) ) ;
#1325 = CARTESIAN_POINT ( 'NONE',  ( 50.73905604436865957, 9.251662943212961565, -1.045383058256070141 ) ) ;
#1326 = CARTESIAN_POINT ( 'NONE',  ( 29.69492498661746183, 8.953432238086286077, 21.27795822097401057 ) ) ;
#1327 = ORIENTED_EDGE ( 'NONE', *, *, #928, .T. ) ;
#1328 = CARTESIAN_POINT ( 'NONE',  ( 40.79024796835975764, -0.1506369274178761819, -0.2338461435858220638 ) ) ;
#1329 = CARTESIAN_POINT ( 'NONE',  ( 29.99056428855568868, 3.247748428428510525, -16.95254934674220593 ) ) ;
#1330 = ORIENTED_EDGE ( 'NONE', *, *, #6584, .T. ) ;
#1331 = LINE ( 'NONE', #4748, #518 ) ;
#1332 = B_SPLINE_CURVE_WITH_KNOTS ( 'NONE', 3,
 ( #7336, #1153, #6707, #4985 ),
 .UNSPECIFIED., .F., .F.,
 ( 4, 4 ),
 ( 0.000000000000000000, 0.0001725263028967287708 ),
 .UNSPECIFIED. ) ;
#1333 = FACE_OUTER_BOUND ( 'NONE', #6942, .T. ) ;
#1334 = EDGE_CURVE ( 'NONE', #6007, #116, #6652, .T. ) ;
#1335 = ADVANCED_FACE ( 'NONE', ( #1465 ), #985, .F. ) ;
#1336 = EDGE_LOOP ( 'NONE', ( #7157, #673, #6058, #3607, #4719 ) ) ;
#1337 = FACE_OUTER_BOUND ( 'NONE', #6489, .T. ) ;
#1338 = EDGE_CURVE ( 'NONE', #3436, #3173, #3202, .T. ) ;
#1339 = CARTESIAN_POINT ( 'NONE',  ( 48.35682992392472102, 6.274385848004486732, -0.2999999999999984901 ) ) ;
#1340 = FACE_OUTER_BOUND ( 'NONE', #295, .T. ) ;
#1341 = VERTEX_POINT ( 'NONE', #2055 ) ;
#1342 = ORIENTED_EDGE ( 'NONE', *, *, #6815, .F. ) ;
#1343 = CARTESIAN_POINT ( 'NONE',  ( 29.84232089101801577, -2.514344249847623392, 0.000000000000000000 ) ) ;
#1344 = FACE_OUTER_BOUND ( 'NONE', #2052, .T. ) ;
#1345 = CARTESIAN_POINT ( 'NONE',  ( 30.09899179283047488, 9.269936225970765165, -22.24688247531408791 ) ) ;
#1346 = ORIENTED_EDGE ( 'NONE', *, *, #241, .T. ) ;
#1347 = B_SPLINE_CURVE_WITH_KNOTS ( 'NONE', 3,
 ( #6589, #5009, #3833, #915, #7293, #3867, #4858, #4934, #7137, #7216, #1033, #1511, #6104, #2065, #6143, #4380 ),
 .UNSPECIFIED., .F., .F.,
 ( 4, 2, 2, 2, 2, 2, 2, 4 ),
 ( 0.000000000000000000, 0.0007837717706433184207, 0.001567543541286636841, 0.002351315311929955479, 0.003135087082573273683, 0.003918858853216591887, 0.004702630623859910958, 0.006270174165146501395 ),
 .UNSPECIFIED. ) ;
#1348 = CARTESIAN_POINT ( 'NONE',  ( 29.41714836865162397, -2.644493807417254150, 0.3092709559832254040 ) ) ;
#1349 = CARTESIAN_POINT ( 'NONE',  ( 30.03722196870026195, 3.246974998476841012, 15.65027219720725959 ) ) ;
#1350 = ORIENTED_EDGE ( 'NONE', *, *, #5119, .T. ) ;
#1351 = DIRECTION ( 'NONE',  ( -0.01657441405230465278, -0.9998626349648348510, -3.469446951953612648E-18 ) ) ;
#1352 = CARTESIAN_POINT ( 'NONE',  ( 46.05609606105326037, 3.088113894206703236, -0.2540750173215961527 ) ) ;
#1353 = DIRECTION ( 'NONE',  ( 0.01657441405230464584, 0.9998626349648350731, 1.734723475976807094E-18 ) ) ;
#1354 = ORIENTED_EDGE ( 'NONE', *, *, #7218, .T. ) ;
#1355 = AXIS2_PLACEMENT_3D ( 'NONE', #7205, #3379, #3960 ) ;
#1356 = CARTESIAN_POINT ( 'NONE',  ( 45.77175446266352310, 3.386629261935739876, 0.1793710138624886319 ) ) ;
#1357 = AXIS2_PLACEMENT_3D ( 'NONE', #2743, #3268, #4962 ) ;
#1358 = ORIENTED_EDGE ( 'NONE', *, *, #3123, .T. ) ;
#1359 = DIRECTION ( 'NONE',  ( -0.01657441405230464238, -0.9998626349648349620, -1.734723475976807094E-18 ) ) ;
#1360 = EDGE_LOOP ( 'NONE', ( #1636, #6695, #4609, #549, #7240 ) ) ;
#1361 = CIRCLE ( 'NONE', #2189, 10.99999999999813660 ) ;
#1362 = CARTESIAN_POINT ( 'NONE',  ( 40.44767715397495778, 0.5528562832012741124, -0.9298667691076231145 ) ) ;
#1363 = CARTESIAN_POINT ( 'NONE',  ( 51.25726407462156686, 9.173805366290910257, -0.9058335406979135529 ) ) ;
#1364 = CARTESIAN_POINT ( 'NONE',  ( 29.70895658935150152, 8.953199640542083060, 21.42383096572559964 ) ) ;
#1365 = CARTESIAN_POINT ( 'NONE',  ( 41.02335013817022258, -0.1798467623395429149, -0.3000000000000035416 ) ) ;
#1366 = CARTESIAN_POINT ( 'NONE',  ( 45.93334130091479039, 2.983469938458037429, 0.1999999999999997891 ) ) ;
#1367 = ORIENTED_EDGE ( 'NONE', *, *, #6951, .T. ) ;
#1368 = CARTESIAN_POINT ( 'NONE',  ( 29.20948204595018183, 8.961479277557852896, 20.97078005303012915 ) ) ;
#1369 = ORIENTED_EDGE ( 'NONE', *, *, #6318, .F. ) ;
#1370 = DIRECTION ( 'NONE',  ( 0.01657441405230464238, 0.9998626349648350731, 0.000000000000000000 ) ) ;
#1371 = CARTESIAN_POINT ( 'NONE',  ( 41.03893530837986248, -0.1725196525909055978, -0.3000000000000025424 ) ) ;
#1372 = AXIS2_PLACEMENT_3D ( 'NONE', #1378, #5436, #3652 ) ;
#1373 = EDGE_CURVE ( 'NONE', #2034, #416, #4300, .T. ) ;
#1374 = DIRECTION ( 'NONE',  ( -3.372764553633511840E-16, -2.511834186424162314E-16, 1.000000000000000000 ) ) ;
#1375 = ORIENTED_EDGE ( 'NONE', *, *, #3493, .T. ) ;
#1376 = VERTEX_POINT ( 'NONE', #949 ) ;
#1377 = EDGE_CURVE ( 'NONE', #1930, #3730, #4333, .T. ) ;
#1378 = CARTESIAN_POINT ( 'NONE',  ( 0.05377366980914018851, 3.243932667388615076, 0.1999999999999844680 ) ) ;
#1379 = CARTESIAN_POINT ( 'NONE',  ( 51.14463425289144283, 8.097798341225010077, -0.2999999999999970468 ) ) ;
#1380 = ORIENTED_EDGE ( 'NONE', *, *, #4795, .F. ) ;
#1381 = CARTESIAN_POINT ( 'NONE',  ( 30.01621428435087324, 3.327580057535155067, -17.45197147569836460 ) ) ;
#1382 = CARTESIAN_POINT ( 'NONE',  ( 50.77576818653075463, 9.304077780756347948, -1.199999999999996625 ) ) ;
#1383 = ADVANCED_FACE ( 'NONE', ( #645 ), #5106, .F. ) ;
#1384 = ORIENTED_EDGE ( 'NONE', *, *, #1424, .T. ) ;
#1385 = CARTESIAN_POINT ( 'NONE',  ( 29.22216369412238279, -2.340283382147479774, -0.5000000000000032196 ) ) ;
#1386 = CARTESIAN_POINT ( 'NONE',  ( 45.96521353288795808, 3.010451304332718792, -0.2024863661889544086 ) ) ;
#1387 = CARTESIAN_POINT ( 'NONE',  ( 40.24039004699012878, 0.07742808117825472625, -1.200000000000002620 ) ) ;
#1388 = EDGE_CURVE ( 'NONE', #3552, #6247, #2819, .T. ) ;
#1389 = ORIENTED_EDGE ( 'NONE', *, *, #1612, .T. ) ;
#1390 = DIRECTION ( 'NONE',  ( 0.000000000000000000, 0.000000000000000000, 1.000000000000000000 ) ) ;
#1391 = CARTESIAN_POINT ( 'NONE',  ( 50.77576818653075463, 9.304077780756347948, -0.6999999999999969580 ) ) ;
#1392 = DIRECTION ( 'NONE',  ( -0.9998626349648348510, 0.01657441405230463544, 0.000000000000000000 ) ) ;
#1393 = ORIENTED_EDGE ( 'NONE', *, *, #2724, .F. ) ;
#1394 = CARTESIAN_POINT ( 'NONE',  ( 51.43443968877217287, 10.28307717325414039, -0.6999999999999964029 ) ) ;
#1395 = CARTESIAN_POINT ( 'NONE',  ( 50.60616908126304025, 9.063739647076401340, -0.8379495206052365308 ) ) ;
#1396 = LINE ( 'NONE', #839, #3119 ) ;
#1397 = CARTESIAN_POINT ( 'NONE',  ( 29.50549211070189060, 0.2553771683666085091, -11.82124682585792108 ) ) ;
#1398 = ORIENTED_EDGE ( 'NONE', *, *, #432, .F. ) ;
#1399 = CARTESIAN_POINT ( 'NONE',  ( 41.05550690469880237, 0.8271730007075100977, -0.7000000000000022871 ) ) ;
#1400 = CARTESIAN_POINT ( 'NONE',  ( 29.51494521224122991, 3.255166320184295525, -17.35546929993360266 ) ) ;
#1401 = VECTOR ( 'NONE', #5768, 100.0000000000000142 ) ;
#1402 = ORIENTED_EDGE ( 'NONE', *, *, #6504, .F. ) ;
#1403 = CARTESIAN_POINT ( 'NONE',  ( 51.17512805391920239, 9.046375692005989677, -0.2714349425796994675 ) ) ;
#1404 = CARTESIAN_POINT ( 'NONE',  ( 29.99056428855568868, 3.247748428428510525, -16.95254934674220593 ) ) ;
#1405 = CARTESIAN_POINT ( 'NONE',  ( 29.75148828675785495, -10.35015690367184149, -0.5000000000000032196 ) ) ;
#1406 = CIRCLE ( 'NONE', #6375, 0.1749999999999973799 ) ;
#1407 = ORIENTED_EDGE ( 'NONE', *, *, #1789, .T. ) ;
#1408 = VERTEX_POINT ( 'NONE', #605 ) ;
#1409 = CYLINDRICAL_SURFACE ( 'NONE', #1372, 0.4999999999999999445 ) ;
#1410 = CARTESIAN_POINT ( 'NONE',  ( 29.86195285499412222, 8.542347080478300825, 21.25281453203767157 ) ) ;
#1411 = VERTEX_POINT ( 'NONE', #5142 ) ;
#1412 = EDGE_CURVE ( 'NONE', #4520, #6921, #5725, .T. ) ;
#1413 = ADVANCED_FACE ( 'NONE', ( #46 ), #6165, .F. ) ;
#1414 = TOROIDAL_SURFACE ( 'NONE', #2938, 1.292999993180113050, 0.5000000000000000000 ) ;
#1415 = ADVANCED_FACE ( 'NONE', ( #2275 ), #6721, .F. ) ;
#1416 = CARTESIAN_POINT ( 'NONE',  ( 29.42043098074729812, -2.446468032919796087, 0.4677088575329433895 ) ) ;
#1417 = CARTESIAN_POINT ( 'NONE',  ( 29.75800373814666955, 0.2075222097016777567, 10.82356432765656606 ) ) ;
#1418 = VERTEX_POINT ( 'NONE', #1133 ) ;
#1419 = DIRECTION ( 'NONE',  ( 0.9998626349648349620, -0.01657441405230455217, 0.000000000000000000 ) ) ;
#1420 = CARTESIAN_POINT ( 'NONE',  ( 29.56254280510919230, 6.126523007230195716, 18.48925470086115652 ) ) ;
#1421 = CARTESIAN_POINT ( 'NONE',  ( 46.26952356825763246, 3.273591535754742043, -0.2999999999999999334 ) ) ;
#1422 = PLANE ( 'NONE',  #4394 ) ;
#1423 = ORIENTED_EDGE ( 'NONE', *, *, #5713, .F. ) ;
#1424 = EDGE_CURVE ( 'NONE', #239, #72, #3619, .T. ) ;
#1425 = EDGE_CURVE ( 'NONE', #6179, #6000, #2338, .T. ) ;
#1426 = B_SPLINE_CURVE_WITH_KNOTS ( 'NONE', 2,
 ( #3421, #6207, #5008 ),
 .UNSPECIFIED., .F., .F.,
 ( 3, 3 ),
 ( 0.6658633006263761089, 0.6710009487834673880 ),
 .UNSPECIFIED. ) ;
#1427 = CARTESIAN_POINT ( 'NONE',  ( 29.02021892815332293, -2.455945137255947763, -1.447364718458841182 ) ) ;
#1428 = DIRECTION ( 'NONE',  ( 3.372764553633511840E-16, 2.511834186424162314E-16, -1.000000000000000000 ) ) ;
#1429 = EDGE_CURVE ( 'NONE', #5477, #6456, #5045, .T. ) ;
#1430 = DIRECTION ( 'NONE',  ( 2.220446049250313081E-16, -2.357666062893808267E-18, -1.000000000000000000 ) ) ;
#1431 = ORIENTED_EDGE ( 'NONE', *, *, #788, .T. ) ;
#1432 = CARTESIAN_POINT ( 'NONE',  ( 29.62849416181277462, 6.923263606861812747, -20.25353277527668183 ) ) ;
#1433 = CARTESIAN_POINT ( 'NONE',  ( 29.92093795337407158, 6.671109114624574232, 19.02269229602586265 ) ) ;
#1434 = CARTESIAN_POINT ( 'NONE',  ( 29.69411601871939155, 8.953445648097090981, 21.46531002516617193 ) ) ;
#1435 = CARTESIAN_POINT ( 'NONE',  ( 40.54379318881267835, 0.07155198322723954618, 0.1703389830508404146 ) ) ;
#1436 =( BOUNDED_SURFACE ( )  B_SPLINE_SURFACE ( 3, 2, ( 
 ( #6344, #3515, #189 ),
 ( #5786, #5251, #2399 ),
 ( #710, #6929, #4829 ),
 ( #927, #4688, #5853 ),
 ( #5924, #4762, #3063 ),
 ( #1485, #7035, #6520 ),
 ( #4243, #6482, #7110 ),
 ( #4208, #304, #4728 ),
 ( #1410, #5325, #6965 ),
 ( #5363, #1891, #261 ),
 ( #5437, #4141, #3585 ),
 ( #7001, #1926, #2033 ) ),
 .UNSPECIFIED., .F., .F., .F. ) 
 B_SPLINE_SURFACE_WITH_KNOTS ( ( 4, 2, 2, 2, 2, 4 ),
 ( 3, 3 ),
 ( 0.01141603625725481214, 0.01377314116635239283, 0.01613024607544997352, 0.01848735098454755421, 0.01966590343909634109, 0.02084445589364513143 ),
 ( 0.000000000000000000, 1.000000000000000000 ),
 .UNSPECIFIED. ) 
 GEOMETRIC_REPRESENTATION_ITEM ( )  RATIONAL_B_SPLINE_SURFACE ( (
 ( 1.000000000000000000, 0.7181399124388350153, 1.000000000000000000),
 ( 1.000000000000000000, 0.7435601915613735402, 1.000000000000000000),
 ( 1.000000000000000000, 0.7674593308488716348, 1.000000000000000000),
 ( 1.000000000000000000, 0.8122663422663473076, 1.000000000000000000),
 ( 1.000000000000000000, 0.8332656103924931390, 1.000000000000000000),
 ( 1.000000000000000000, 0.8728261920902349313, 1.000000000000000000),
 ( 1.000000000000000000, 0.8909615484346325998, 1.000000000000000000),
 ( 1.000000000000000000, 0.9148641711206416671, 1.000000000000000000),
 ( 1.000000000000000000, 0.9221179557316188102, 1.000000000000000000),
 ( 1.000000000000000000, 0.9349323869458031622, 1.000000000000000000),
 ( 1.000000000000000000, 0.9405299921200409585, 1.000000000000000000),
 ( 1.000000000000000000, 0.9446157220662562137, 1.000000000000000000) ) ) 
 REPRESENTATION_ITEM ( '' )  SURFACE ( )  );
#1437 = DIRECTION ( 'NONE',  ( 1.665680818703648634E-16, 7.087759561701499957E-19, -1.000000000000000000 ) ) ;
#1438 = EDGE_LOOP ( 'NONE', ( #5395, #7085, #1016, #4142, #1528, #5694 ) ) ;
#1439 = CARTESIAN_POINT ( 'NONE',  ( 27.23884348098842878, -2.307406495602015717, -1.000000000000006217 ) ) ;
#1440 = ORIENTED_EDGE ( 'NONE', *, *, #1189, .T. ) ;
#1441 = CARTESIAN_POINT ( 'NONE',  ( 29.99447311443614694, 3.260657786212655562, 15.95239721201332195 ) ) ;
#1442 = CARTESIAN_POINT ( 'NONE',  ( 29.93548988415749434, 0.2473930673332055130, -11.78009954068492249 ) ) ;
#1443 = DIRECTION ( 'NONE',  ( -0.9998626349648348510, 0.01657441405230463891, -3.341506680459168366E-16 ) ) ;
#1444 = ORIENTED_EDGE ( 'NONE', *, *, #2866, .T. ) ;
#1445 = EDGE_LOOP ( 'NONE', ( #6566, #3428, #6778, #2147 ) ) ;
#1446 = FACE_OUTER_BOUND ( 'NONE', #4021, .T. ) ;
#1447 = CARTESIAN_POINT ( 'NONE',  ( 40.07952249949621404, 0.3973135069488325510, -0.8262389056331573833 ) ) ;
#1448 = EDGE_LOOP ( 'NONE', ( #2689, #305, #1268, #3503 ) ) ;
#1449 = CARTESIAN_POINT ( 'NONE',  ( 49.17170539236661142, 6.525603661768237806, -0.1977907389169913932 ) ) ;
#1450 = CARTESIAN_POINT ( 'NONE',  ( 29.47821409566913786, -0.01782040749445222561, 11.14694623329598677 ) ) ;
#1451 = ORIENTED_EDGE ( 'NONE', *, *, #2448, .F. ) ;
#1452 = FACE_OUTER_BOUND ( 'NONE', #5085, .T. ) ;
#1453 = CARTESIAN_POINT ( 'NONE',  ( 44.96360210105974886, 2.999545005631353067, -1.200000000000000400 ) ) ;
#1454 = CARTESIAN_POINT ( 'NONE',  ( 46.19085962842896720, 3.204640862146959090, -0.2955135720768261587 ) ) ;
#1455 = PLANE ( 'NONE',  #2165 ) ;
#1456 = ORIENTED_EDGE ( 'NONE', *, *, #2195, .T. ) ;
#1457 = ORIENTED_EDGE ( 'NONE', *, *, #204, .F. ) ;
#1458 = CARTESIAN_POINT ( 'NONE',  ( 29.52980122993776746, 3.867589398765557185, -17.16409042384519168 ) ) ;
#1459 = DIRECTION ( 'NONE',  ( -0.9998626349648349620, 0.01657441405230465972, 0.000000000000000000 ) ) ;
#1460 = CARTESIAN_POINT ( 'NONE',  ( 30.05400500914902651, 6.647461227841615639, -20.29037837007850342 ) ) ;
#1461 = ORIENTED_EDGE ( 'NONE', *, *, #2011, .T. ) ;
#1462 = ADVANCED_FACE ( 'NONE', ( #3895 ), #3961, .F. ) ;
#1463 = CARTESIAN_POINT ( 'NONE',  ( 29.57952447209467550, 7.146809560181822896, -20.45676392269214716 ) ) ;
#1464 = CARTESIAN_POINT ( 'NONE',  ( 29.58902191046173158, 7.033580627947504382, 19.35416897787860080 ) ) ;
#1465 = FACE_OUTER_BOUND ( 'NONE', #2390, .T. ) ;
#1466 = AXIS2_PLACEMENT_3D ( 'NONE', #5332, #791, #200 ) ;
#1467 = CONICAL_SURFACE ( 'NONE', #42, 0.8016513616222679106, 0.01745329251994333364 ) ;
#1468 = CARTESIAN_POINT ( 'NONE',  ( 40.81681575667239059, -0.1668831859715829979, -0.2481811406989506419 ) ) ;
#1469 = CIRCLE ( 'NONE', #5602, 0.4999999999999985567 ) ;
#1470 = VECTOR ( 'NONE', #1430, 100.0000000000000000 ) ;
#1471 = CARTESIAN_POINT ( 'NONE',  ( 29.60435506366941993, 0.2537383477325748649, -12.32239041312273287 ) ) ;
#1472 = EDGE_CURVE ( 'NONE', #3079, #7042, #276, .T. ) ;
#1473 = VERTEX_POINT ( 'NONE', #681 ) ;
#1474 = AXIS2_PLACEMENT_3D ( 'NONE', #6621, #1547, #3240 ) ;
#1475 = CARTESIAN_POINT ( 'NONE',  ( 29.84869146017683406, -2.350669139397241203, 0.000000000000000000 ) ) ;
#1476 = CARTESIAN_POINT ( 'NONE',  ( 40.47805477353604431, -0.4265803055349093875, -1.200000000000002842 ) ) ;
#1477 = ADVANCED_FACE ( 'NONE', ( #2852 ), #2210, .F. ) ;
#1478 = VERTEX_POINT ( 'NONE', #1279 ) ;
#1479 = CARTESIAN_POINT ( 'NONE',  ( 29.51494528117184046, 3.255170478469777251, 16.35547429763167315 ) ) ;
#1480 = CARTESIAN_POINT ( 'NONE',  ( 29.47387797315034774, -0.01977234335691478370, -12.16373099697540461 ) ) ;
#1481 = DIRECTION ( 'NONE',  ( -0.9998626349648348510, 0.01657441405230464584, 0.000000000000000000 ) ) ;
#1482 = ORIENTED_EDGE ( 'NONE', *, *, #3415, .T. ) ;
#1483 = ORIENTED_EDGE ( 'NONE', *, *, #3942, .F. ) ;
#1484 = CYLINDRICAL_SURFACE ( 'NONE', #7166, 0.1749999999999973799 ) ;
#1485 = CARTESIAN_POINT ( 'NONE',  ( 29.99092392844906030, 8.737267173560205435, 21.24979364385738023 ) ) ;
#1486 = ORIENTED_EDGE ( 'NONE', *, *, #1185, .F. ) ;
#1487 = CARTESIAN_POINT ( 'NONE',  ( 30.04523307224124551, 8.884024181260759434, -22.24833626759922822 ) ) ;
#1488 = CARTESIAN_POINT ( 'NONE',  ( 49.15955813270959140, 6.330457043866786648, -1.167001920150938510 ) ) ;
#1489 = ORIENTED_EDGE ( 'NONE', *, *, #6212, .F. ) ;
#1490 = LINE ( 'NONE', #3659, #6086 ) ;
#1491 = DIRECTION ( 'NONE',  ( 0.01657441405230464931, 0.9998626349648349620, 3.469446951953613418E-18 ) ) ;
#1492 = CARTESIAN_POINT ( 'NONE',  ( 46.00059799663183924, 3.040566657817226570, -0.2259603905754348774 ) ) ;
#1493 = CARTESIAN_POINT ( 'NONE',  ( 29.86282973913137440, 0.6350631486856949115, -11.46597992216459794 ) ) ;
#1494 = ORIENTED_EDGE ( 'NONE', *, *, #704, .F. ) ;
#1495 = ORIENTED_EDGE ( 'NONE', *, *, #2143, .F. ) ;
#1496 = CARTESIAN_POINT ( 'NONE',  ( 39.77674890273918606, 0.2751868439877843131, -0.3000000000000029310 ) ) ;
#1497 = ORIENTED_EDGE ( 'NONE', *, *, #1063, .T. ) ;
#1498 = CARTESIAN_POINT ( 'NONE',  ( 29.32161017843620954, 3.658892427641530887, -0.5000000000000032196 ) ) ;
#1499 = CARTESIAN_POINT ( 'NONE',  ( 29.52986991245534298, 4.155508862313488372, 16.45197147569836105 ) ) ;
#1500 = VERTEX_POINT ( 'NONE', #3558 ) ;
#1501 = CARTESIAN_POINT ( 'NONE',  ( 30.10107121036267230, 8.446630985636124578, 21.16756122134467333 ) ) ;
#1502 = CARTESIAN_POINT ( 'NONE',  ( 29.11429555651308121, 3.219290513521044783, -17.51027643837397108 ) ) ;
#1503 = CARTESIAN_POINT ( 'NONE',  ( 29.92797821923133839, 8.916065896181732953, 20.94472896649923399 ) ) ;
#1504 = EDGE_CURVE ( 'NONE', #5897, #1191, #4507, .T. ) ;
#1505 = CARTESIAN_POINT ( 'NONE',  ( 29.52980122993775325, 4.147221655287303577, -17.29565549853147743 ) ) ;
#1506 = EDGE_CURVE ( 'NONE', #7228, #6376, #2180, .T. ) ;
#1507 = EDGE_CURVE ( 'NONE', #4713, #2814, #271, .T. ) ;
#1508 = CARTESIAN_POINT ( 'NONE',  ( 29.57952447209467550, 7.146809560181840659, 19.45676392269215071 ) ) ;
#1509 = ORIENTED_EDGE ( 'NONE', *, *, #4203, .T. ) ;
#1510 = CARTESIAN_POINT ( 'NONE',  ( 29.99848976963260228, 0.2472048984560679119, 10.47552833453502608 ) ) ;
#1511 = CARTESIAN_POINT ( 'NONE',  ( 29.77131116280520473, 9.498593119084720371, -22.38626117596396625 ) ) ;
#1512 = ORIENTED_EDGE ( 'NONE', *, *, #1106, .F. ) ;
#1513 = ADVANCED_FACE ( 'NONE', ( #5829 ), #4621, .T. ) ;
#1514 = DIRECTION ( 'NONE',  ( 0.01657441405230466666, 0.9998626349648348510, 1.734723475976806902E-18 ) ) ;
#1515 = CARTESIAN_POINT ( 'NONE',  ( 29.56000145363901055, 0.06812049235404742109, -11.98063183217168159 ) ) ;
#1516 = EDGE_CURVE ( 'NONE', #2034, #2760, #2988, .T. ) ;
#1517 = CARTESIAN_POINT ( 'NONE',  ( 45.89917366083692940, 2.954585571166098212, -0.8575293736488673879 ) ) ;
#1518 = VERTEX_POINT ( 'NONE', #6389 ) ;
#1519 = ORIENTED_EDGE ( 'NONE', *, *, #3894, .F. ) ;
#1520 = CARTESIAN_POINT ( 'NONE',  ( 29.45896350995591462, -0.1219673860306670909, 11.00635306423342819 ) ) ;
#1521 = AXIS2_PLACEMENT_3D ( 'NONE', #553, #2796, #6995 ) ;
#1522 = LINE ( 'NONE', #2150, #4882 ) ;
#1523 =( BOUNDED_CURVE ( )  B_SPLINE_CURVE ( 3, ( #7008, #4734, #1933, #1387 ),
 .UNSPECIFIED., .F., .F. ) 
 B_SPLINE_CURVE_WITH_KNOTS ( ( 4, 4 ),
 ( 4.712388980384692339, 6.283185307179586232 ),
 .UNSPECIFIED. ) 
 CURVE ( )  GEOMETRIC_REPRESENTATION_ITEM ( )  RATIONAL_B_SPLINE_CURVE ( ( 1.000000000000000000, 0.8047378541243654926, 0.8047378541243654926, 1.000000000000000000 ) ) 
 REPRESENTATION_ITEM ( '' )  );
#1524 = ORIENTED_EDGE ( 'NONE', *, *, #4255, .F. ) ;
#1525 = CARTESIAN_POINT ( 'NONE',  ( 29.73267463895672691, 8.799059453251871332, -22.25634645719492255 ) ) ;
#1526 = VECTOR ( 'NONE', #298, 100.0000000000000000 ) ;
#1527 = CARTESIAN_POINT ( 'NONE',  ( 49.17571502894491431, 6.699959054679985648, -0.7161488615097026944 ) ) ;
#1528 = ORIENTED_EDGE ( 'NONE', *, *, #4708, .F. ) ;
#1529 = CARTESIAN_POINT ( 'NONE',  ( 29.20948204593659270, 8.961479276737961186, -21.97078005239325549 ) ) ;
#1530 = CARTESIAN_POINT ( 'NONE',  ( 29.91545857179730916, 3.660041861881054626, 15.68093712655201877 ) ) ;
#1531 = CARTESIAN_POINT ( 'NONE',  ( 50.95738936896406557, 9.566605726199250981, -0.7572978905294288632 ) ) ;
#1532 = CARTESIAN_POINT ( 'NONE',  ( 29.52127747373953071, 0.5299371289661497508, -11.20014935673366985 ) ) ;
#1533 = VECTOR ( 'NONE', #6813, 100.0000000000000000 ) ;
#1534 = ORIENTED_EDGE ( 'NONE', *, *, #6938, .T. ) ;
#1535 = CARTESIAN_POINT ( 'NONE',  ( 39.87417103850862077, 0.3139156150772405285, -0.2839351251839034584 ) ) ;
#1536 = DIRECTION ( 'NONE',  ( -0.9998626349648348510, 0.01657441405230448625, 0.000000000000000000 ) ) ;
#1537 = CARTESIAN_POINT ( 'NONE',  ( 45.79491445526254978, 2.955024226761299388, 0.005882041480025025117 ) ) ;
#1538 = EDGE_LOOP ( 'NONE', ( #6940, #5369, #4633, #4641, #409 ) ) ;
#1539 = CARTESIAN_POINT ( 'NONE',  ( 29.45694249062515979, -0.2438867315342095332, -11.72997687891027319 ) ) ;
#1540 = DIRECTION ( 'NONE',  ( -0.9998626349648350731, 0.01657441405230465278, 0.000000000000000000 ) ) ;
#1541 = CARTESIAN_POINT ( 'NONE',  ( 29.60210931863005968, 8.513399450675256830, 20.62189948940329032 ) ) ;
#1542 = CARTESIAN_POINT ( 'NONE',  ( 29.77320150544816002, 6.661811840717646760, -20.30007285814441786 ) ) ;
#1543 = VECTOR ( 'NONE', #4042, 100.0000000000000000 ) ;
#1544 = CARTESIAN_POINT ( 'NONE',  ( 29.42042156158932187, -2.447036249936441088, -1.466951364637337774 ) ) ;
#1545 = DIRECTION ( 'NONE',  ( -0.9998626349648348510, 0.01657441405230462850, 0.000000000000000000 ) ) ;
#1546 = ORIENTED_EDGE ( 'NONE', *, *, #7069, .F. ) ;
#1547 = DIRECTION ( 'NONE',  ( 0.01657441405230464931, 0.9998626349648349620, 3.469446951953613418E-18 ) ) ;
#1548 = CARTESIAN_POINT ( 'NONE',  ( 29.73679917612285806, -2.480750940080135081, 0.2999999999999999889 ) ) ;
#1549 = VECTOR ( 'NONE', #705, 100.0000000000000000 ) ;
#1550 = VERTEX_POINT ( 'NONE', #4074 ) ;
#1551 = CARTESIAN_POINT ( 'NONE',  ( 29.52156719143432895, 3.654641652693924936, -16.15077155702975276 ) ) ;
#1552 = CARTESIAN_POINT ( 'NONE',  ( 40.58011081728085401, 0.03465980343043040257, -1.008583998087475786 ) ) ;
#1553 = CARTESIAN_POINT ( 'NONE',  ( 29.73120779972006744, 6.129629132328642704, -20.30908544234678104 ) ) ;
#1554 = ORIENTED_EDGE ( 'NONE', *, *, #7304, .F. ) ;
#1555 = ORIENTED_EDGE ( 'NONE', *, *, #2059, .T. ) ;
#1556 = EDGE_CURVE ( 'NONE', #494, #1892, #5895, .T. ) ;
#1557 = DIRECTION ( 'NONE',  ( 0.9998626349648348510, -0.01657441405230463544, -0.000000000000000000 ) ) ;
#1558 = EDGE_CURVE ( 'NONE', #4196, #3376, #2928, .T. ) ;
#1559 = CARTESIAN_POINT ( 'NONE',  ( 29.97179078075468794, 0.6477024329104119627, -12.27921898938788203 ) ) ;
#1560 = ORIENTED_EDGE ( 'NONE', *, *, #4891, .F. ) ;
#1561 = EDGE_CURVE ( 'NONE', #2083, #1727, #826, .T. ) ;
#1562 = DIRECTION ( 'NONE',  ( 1.665680818703648634E-16, 7.087759561701499957E-19, -1.000000000000000000 ) ) ;
#1563 = EDGE_LOOP ( 'NONE', ( #1440, #5684, #2644 ) ) ;
#1564 = CARTESIAN_POINT ( 'NONE',  ( 27.86161175479890773, -1.824979717385858624, 0.2999999999999999889 ) ) ;
#1565 = LINE ( 'NONE', #3848, #6577 ) ;
#1566 = EDGE_CURVE ( 'NONE', #1034, #5594, #1804, .T. ) ;
#1567 = CYLINDRICAL_SURFACE ( 'NONE', #5360, 21.35764531748080586 ) ;
#1568 = CARTESIAN_POINT ( 'NONE',  ( 29.46828849945849527, 0.4405688548064635723, -10.97664068296517392 ) ) ;
#1569 = EDGE_CURVE ( 'NONE', #348, #4559, #1254, .T. ) ;
#1570 = ORIENTED_EDGE ( 'NONE', *, *, #7222, .T. ) ;
#1571 = LINE ( 'NONE', #3227, #2584 ) ;
#1572 = CARTESIAN_POINT ( 'NONE',  ( 41.11998170848556100, 0.06284736190265909073, 0.1217030853136965990 ) ) ;
#1573 = ORIENTED_EDGE ( 'NONE', *, *, #5485, .F. ) ;
#1574 = CARTESIAN_POINT ( 'NONE',  ( 29.58431944599098529, 0.2540704719803796863, 11.11846177859625762 ) ) ;
#1575 = CARTESIAN_POINT ( 'NONE',  ( 29.60113989288026204, 8.454918192662232101, -21.57462005477975353 ) ) ;
#1576 = CARTESIAN_POINT ( 'NONE',  ( 30.07153002903337580, 8.947189372627502024, 20.97078005163793080 ) ) ;
#1577 = CARTESIAN_POINT ( 'NONE',  ( 47.16079164157005721, 4.968425934758672113, -0.2999999999999992117 ) ) ;
#1578 = DIRECTION ( 'NONE',  ( 0.01657441405230463891, 0.9998626349648349620, -0.000000000000000000 ) ) ;
#1579 = FACE_OUTER_BOUND ( 'NONE', #1448, .T. ) ;
#1580 = ORIENTED_EDGE ( 'NONE', *, *, #2151, .F. ) ;
#1581 = DIRECTION ( 'NONE',  ( -0.9998626349648349620, 0.01657441405230580117, -1.665334536937735304E-16 ) ) ;
#1582 = DIRECTION ( 'NONE',  ( 0.01657441405230464584, 0.9998626349648348510, 1.734723475976806902E-18 ) ) ;
#1583 = CIRCLE ( 'NONE', #5719, 16.46641791636911734 ) ;
#1584 = VERTEX_POINT ( 'NONE', #2519 ) ;
#1585 = VECTOR ( 'NONE', #6098, 100.0000000000000000 ) ;
#1586 = DIRECTION ( 'NONE',  ( -0.01657441405230524953, -0.9998626349648349620, 0.000000000000000000 ) ) ;
#1587 = CARTESIAN_POINT ( 'NONE',  ( 29.90086241088419783, 0.2459418851198819922, -11.78215562478896139 ) ) ;
#1588 = AXIS2_PLACEMENT_3D ( 'NONE', #2608, #6414, #990 ) ;
#1589 = DIRECTION ( 'NONE',  ( -0.9998626349648349620, 0.01657441405230465972, 0.000000000000000000 ) ) ;
#1590 = B_SPLINE_CURVE_WITH_KNOTS ( 'NONE', 2,
 ( #1895, #5216, #2476 ),
 .UNSPECIFIED., .F., .F.,
 ( 3, 3 ),
 ( 0.3769880855403230369, 0.4023990127107522907 ),
 .UNSPECIFIED. ) ;
#1591 = VERTEX_POINT ( 'NONE', #1901 ) ;
#1592 = VERTEX_POINT ( 'NONE', #2964 ) ;
#1593 = AXIS2_PLACEMENT_3D ( 'NONE', #6845, #5051, #1767 ) ;
#1594 = CARTESIAN_POINT ( 'NONE',  ( 42.72363769772371711, 2.536607511689533467, -1.200000000000001288 ) ) ;
#1595 = B_SPLINE_CURVE_WITH_KNOTS ( 'NONE', 3,
 ( #6416, #3653, #780, #3179, #6451, #5885, #3027, #4173, #5287, #1447, #2510, #1997, #4796, #226, #2473, #3141, #5398, #2439 ),
 .UNSPECIFIED., .F., .F.,
 ( 4, 2, 2, 2, 2, 2, 2, 2, 4 ),
 ( 0.000000000000000000, 0.001061541298589910439, 0.002123082597179820879, 0.003184623895769731101, 0.004246165194359641758, 0.005307706492949552414, 0.006369247791539460468, 0.007430789090129369390, 0.008492330388719278311 ),
 .UNSPECIFIED. ) ;
#1596 = CARTESIAN_POINT ( 'NONE',  ( 29.96477847480372247, 0.2477637201773665032, 10.77832148343091312 ) ) ;
#1597 = ORIENTED_EDGE ( 'NONE', *, *, #2593, .F. ) ;
#1598 = CARTESIAN_POINT ( 'NONE',  ( 29.60587873685327409, 8.740792130730870468, -22.37284662339943253 ) ) ;
#1599 = EDGE_CURVE ( 'NONE', #2026, #2112, #6542, .T. ) ;
#1600 = EDGE_CURVE ( 'NONE', #3921, #6403, #485, .T. ) ;
#1601 = CARTESIAN_POINT ( 'NONE',  ( 49.17379276047604719, 6.608418329892105980, -0.7507271338802997684 ) ) ;
#1602 = EDGE_CURVE ( 'NONE', #3527, #5820, #6494, .T. ) ;
#1603 = EDGE_LOOP ( 'NONE', ( #4917, #5548, #5423, #7061, #4168, #5981, #1456, #410, #3099, #5748, #6874, #497, #258, #1407, #696 ) ) ;
#1604 = CARTESIAN_POINT ( 'NONE',  ( 29.06528464366542863, 0.2626743515715521671, -11.49818166789215645 ) ) ;
#1605 = CARTESIAN_POINT ( 'NONE',  ( 45.77088273402486607, 3.386217917502318819, 0.2000000000000000944 ) ) ;
#1606 = B_SPLINE_CURVE_WITH_KNOTS ( 'NONE', 2,
 ( #1264, #2944, #2387 ),
 .UNSPECIFIED., .F., .F.,
 ( 3, 3 ),
 ( 0.000000000000000000, 1.000000000000000000 ),
 .UNSPECIFIED. ) ;
#1607 = CARTESIAN_POINT ( 'NONE',  ( 50.85618875928605576, 9.419645069560978357, -0.8769716854438440734 ) ) ;
#1608 = FACE_OUTER_BOUND ( 'NONE', #6692, .T. ) ;
#1609 = ORIENTED_EDGE ( 'NONE', *, *, #3676, .F. ) ;
#1610 = ORIENTED_EDGE ( 'NONE', *, *, #5732, .F. ) ;
#1611 = CARTESIAN_POINT ( 'NONE',  ( 40.23602883476098668, 0.4624950352177497059, 0.09087682512380801381 ) ) ;
#1612 = EDGE_CURVE ( 'NONE', #1592, #6551, #1523, .T. ) ;
#1613 = CARTESIAN_POINT ( 'NONE',  ( 29.60113989288023006, 8.454918192660825227, 21.16756122134667706 ) ) ;
#1614 = ORIENTED_EDGE ( 'NONE', *, *, #1185, .T. ) ;
#1615 = ADVANCED_FACE ( 'NONE', ( #2482 ), #1422, .F. ) ;
#1616 = CARTESIAN_POINT ( 'NONE',  ( 29.42105666275003273, 9.658068237430541103, -0.5000000000000032196 ) ) ;
#1617 = DIRECTION ( 'NONE',  ( -0.01657441405230579770, -0.9998626349648348510, -1.937485524053559049E-31 ) ) ;
#1618 = CARTESIAN_POINT ( 'NONE',  ( 29.77803311916359519, 8.829761370312091628, 20.87536355540009581 ) ) ;
#1619 = DIRECTION ( 'NONE',  ( 0.01657441405230464238, 0.9998626349648350731, 0.000000000000000000 ) ) ;
#1620 = CARTESIAN_POINT ( 'NONE',  ( 29.57767972666640688, 3.446894075330021678, -16.38794426822870776 ) ) ;
#1621 = CARTESIAN_POINT ( 'NONE',  ( 29.86711484156607810, 9.398795905511626358, 21.31286600761411876 ) ) ;
#1622 = VERTEX_POINT ( 'NONE', #4323 ) ;
#1623 = CARTESIAN_POINT ( 'NONE',  ( 45.77088273402486607, 3.386217917502318819, -1.199999999999999956 ) ) ;
#1624 = CARTESIAN_POINT ( 'NONE',  ( 29.54238148720352797, -2.588952979705376301, 0.3000000000000000999 ) ) ;
#1625 = ORIENTED_EDGE ( 'NONE', *, *, #1103, .T. ) ;
#1626 = CYLINDRICAL_SURFACE ( 'NONE', #6370, 10.99999999999813660 ) ;
#1627 = FACE_OUTER_BOUND ( 'NONE', #6748, .T. ) ;
#1628 = ORIENTED_EDGE ( 'NONE', *, *, #3625, .T. ) ;
#1629 = ORIENTED_EDGE ( 'NONE', *, *, #4560, .F. ) ;
#1630 = DIRECTION ( 'NONE',  ( -4.226547698092590360E-18, -2.549693222869526344E-16, 1.000000000000000000 ) ) ;
#1631 = CARTESIAN_POINT ( 'NONE',  ( 29.54496785172415230, 5.066302166511784222, 17.43393758446876163 ) ) ;
#1632 = ORIENTED_EDGE ( 'NONE', *, *, #6401, .F. ) ;
#1633 = CARTESIAN_POINT ( 'NONE',  ( 29.56254280510919230, 6.126523007230184170, -19.48925470086116363 ) ) ;
#1634 = PLANE ( 'NONE',  #5296 ) ;
#1635 = VECTOR ( 'NONE', #5163, 100.0000000000000142 ) ;
#1636 = ORIENTED_EDGE ( 'NONE', *, *, #6663, .F. ) ;
#1637 = LINE ( 'NONE', #2078, #2877 ) ;
#1638 = CARTESIAN_POINT ( 'NONE',  ( 29.99514384832132663, 3.301120265381439989, -16.95239721201883754 ) ) ;
#1639 = CARTESIAN_POINT ( 'NONE',  ( 40.47805477353610115, -0.4265803055350663731, -0.7000000000000028422 ) ) ;
#1640 = VECTOR ( 'NONE', #565, 100.0000000000000142 ) ;
#1641 = ORIENTED_EDGE ( 'NONE', *, *, #5772, .T. ) ;
#1642 = CARTESIAN_POINT ( 'NONE',  ( 29.71424842363854779, 8.953111919439374233, -22.37636166607856580 ) ) ;
#1643 = CARTESIAN_POINT ( 'NONE',  ( 45.65012766720320769, 2.747461128973377242, -0.7719818381934867579 ) ) ;
#1644 = EDGE_LOOP ( 'NONE', ( #4978, #6448, #4061 ) ) ;
#1645 = CARTESIAN_POINT ( 'NONE',  ( 29.99425810485458754, 3.247687197176706064, -16.95239721201884819 ) ) ;
#1646 = FACE_OUTER_BOUND ( 'NONE', #4457, .T. ) ;
#1647 = EDGE_CURVE ( 'NONE', #57, #6800, #6, .T. ) ;
#1648 = DIRECTION ( 'NONE',  ( -0.9998626349648348510, 0.01657441405230463544, 4.314083075427407763E-32 ) ) ;
#1649 = EDGE_CURVE ( 'NONE', #6645, #621, #5658, .T. ) ;
#1650 = CARTESIAN_POINT ( 'NONE',  ( 29.75619906204908816, 3.727102254652923108, -16.76559690654879731 ) ) ;
#1651 = ADVANCED_FACE ( 'NONE', ( #2665 ), #6011, .F. ) ;
#1652 = VECTOR ( 'NONE', #1975, 100.0000000000000142 ) ;
#1653 = CARTESIAN_POINT ( 'NONE',  ( 48.53971623804767432, 6.476071814518044256, -0.7327382970055325018 ) ) ;
#1654 = FACE_OUTER_BOUND ( 'NONE', #3418, .T. ) ;
#1655 = DIRECTION ( 'NONE',  ( 0.9998626349648349620, -0.01657441405230455217, 0.000000000000000000 ) ) ;
#1656 = CARTESIAN_POINT ( 'NONE',  ( 40.48634198056216604, 0.07335101194750875964, -0.6999999999997992273 ) ) ;
#1657 = CARTESIAN_POINT ( 'NONE',  ( 29.43109815211983360, -9.344708511468324375, -0.8250000000000035083 ) ) ;
#1658 = ORIENTED_EDGE ( 'NONE', *, *, #4607, .T. ) ;
#1659 = CYLINDRICAL_SURFACE ( 'NONE', #217, 0.1750000000000029310 ) ;
#1660 = CARTESIAN_POINT ( 'NONE',  ( 30.82194391006612832, -2.366802444631167290, -0.8000000000000069278 ) ) ;
#1661 = ORIENTED_EDGE ( 'NONE', *, *, #5389, .F. ) ;
#1662 = ORIENTED_EDGE ( 'NONE', *, *, #1425, .T. ) ;
#1663 = CIRCLE ( 'NONE', #3192, 19.50215235425126181 ) ;
#1664 = PLANE ( 'NONE',  #1221 ) ;
#1665 = CARTESIAN_POINT ( 'NONE',  ( 29.96477847480372603, 0.2477637201773664200, -11.77832148343091845 ) ) ;
#1666 = ORIENTED_EDGE ( 'NONE', *, *, #2245, .F. ) ;
#1667 = CARTESIAN_POINT ( 'NONE',  ( 48.85674956211384057, 6.835545300157845894, -0.2999999999999981570 ) ) ;
#1668 = CARTESIAN_POINT ( 'NONE',  ( 29.51628296686845232, 3.335867264561419798, 16.45197147569837881 ) ) ;
#1669 = CARTESIAN_POINT ( 'NONE',  ( 51.19221348010538719, 9.072796993919022057, 0.02510764948424023396 ) ) ;
#1670 =( BOUNDED_SURFACE ( )  B_SPLINE_SURFACE ( 3, 2, ( 
 ( #3154, #4919, #2164 ),
 ( #2632, #4406, #1572 ),
 ( #3818, #2668, #2597 ),
 ( #3229, #2086, #6647 ),
 ( #4443, #6093, #6161 ),
 ( #7282, #5488, #425 ),
 ( #1054, #7199, #4846 ),
 ( #7125, #2050, #3266 ) ),
 .UNSPECIFIED., .F., .F., .F. ) 
 B_SPLINE_SURFACE_WITH_KNOTS ( ( 4, 2, 2, 4 ),
 ( 3, 3 ),
 ( 0.003058481706707927034, 0.004807293206620962336, 0.006556104706533997205, 0.01005372770636006781 ),
 ( 0.000000000000000000, 1.000000000000000000 ),
 .UNSPECIFIED. ) 
 GEOMETRIC_REPRESENTATION_ITEM ( )  RATIONAL_B_SPLINE_SURFACE ( (
 ( 1.000000000000000000, 0.8745758084037374980, 1.000000000000000000),
 ( 1.000000000000000000, 0.8620746216452277455, 1.000000000000000000),
 ( 1.000000000000000000, 0.8492105543642654020, 1.000000000000000000),
 ( 1.000000000000000000, 0.8228326277723772009, 1.000000000000000000),
 ( 1.000000000000000000, 0.8093066347208677236, 1.000000000000000000),
 ( 1.000000000000000000, 0.7676134968446326479, 1.000000000000000000),
 ( 1.000000000000000000, 0.7383433362437586966, 1.000000000000000000),
 ( 1.000000000000000000, 0.7071067811864145680, 1.000000000000000000) ) ) 
 REPRESENTATION_ITEM ( '' )  SURFACE ( )  );
#1671 = EDGE_LOOP ( 'NONE', ( #3733, #2953, #2410, #6076, #1320 ) ) ;
#1672 = CARTESIAN_POINT ( 'NONE',  ( 40.54322638790603150, 0.07212563593627530079, -1.180035484769002219 ) ) ;
#1673 = CARTESIAN_POINT ( 'NONE',  ( 45.85400271893194457, 3.884908755138780645, -0.6999999999999999556 ) ) ;
#1674 = CARTESIAN_POINT ( 'NONE',  ( 51.07416018425072934, 9.738218734186554926, -0.6999999999999965139 ) ) ;
#1675 = ORIENTED_EDGE ( 'NONE', *, *, #6081, .F. ) ;
#1676 = CARTESIAN_POINT ( 'NONE',  ( 29.96516101513376640, 0.2477573789244779945, -11.47664068296517392 ) ) ;
#1677 = CARTESIAN_POINT ( 'NONE',  ( 29.43854127791119524, -1.353952219983597605, 1.499999999999998890 ) ) ;
#1678 = ORIENTED_EDGE ( 'NONE', *, *, #2800, .T. ) ;
#1679 = CARTESIAN_POINT ( 'NONE',  ( 51.55347005379616832, 9.629117628013393215, -1.192486366956261534 ) ) ;
#1680 = CARTESIAN_POINT ( 'NONE',  ( 48.44974321033630815, 6.376234407409764771, -0.2937559360380846973 ) ) ;
#1681 = CARTESIAN_POINT ( 'NONE',  ( 29.66882074777305078, 6.434116902472081456, 18.79250813444821588 ) ) ;
#1682 = CARTESIAN_POINT ( 'NONE',  ( 28.59850047294034070, -2.821286399468161399, 6.846696022789178986E-16 ) ) ;
#1683 = EDGE_CURVE ( 'NONE', #5048, #6065, #7119, .T. ) ;
#1684 = CARTESIAN_POINT ( 'NONE',  ( 29.55670919611248948, 3.415889720440427268, -16.34521761549737562 ) ) ;
#1685 = DIRECTION ( 'NONE',  ( -3.372764553633511840E-16, -2.511834186424162314E-16, 1.000000000000000000 ) ) ;
#1686 = ORIENTED_EDGE ( 'NONE', *, *, #2899, .T. ) ;
#1687 = CARTESIAN_POINT ( 'NONE',  ( 40.47805477353600168, -0.4265803055351120032, -0.7000000000000026201 ) ) ;
#1688 = CARTESIAN_POINT ( 'NONE',  ( 27.51161175479890275, -1.824979717385858624, 0.2999999999999999889 ) ) ;
#1689 = EDGE_LOOP ( 'NONE', ( #1755, #1628, #895, #4610 ) ) ;
#1690 = CARTESIAN_POINT ( 'NONE',  ( 28.95522059930031844, -2.620489180864985279, 0.2999999999999999889 ) ) ;
#1691 = ADVANCED_FACE ( 'NONE', ( #3850 ), #4364, .T. ) ;
#1692 = CARTESIAN_POINT ( 'NONE',  ( 29.60571985860492816, 8.731207694243591888, -22.36603401594316765 ) ) ;
#1693 = ORIENTED_EDGE ( 'NONE', *, *, #3801, .F. ) ;
#1694 = ORIENTED_EDGE ( 'NONE', *, *, #5887, .T. ) ;
#1695 = EDGE_CURVE ( 'NONE', #5938, #3477, #539, .T. ) ;
#1696 = CARTESIAN_POINT ( 'NONE',  ( 48.85674956211384057, 6.835545300157845894, -0.2999999999999981570 ) ) ;
#1697 = CARTESIAN_POINT ( 'NONE',  ( 31.03832149385491945, -2.370389269000775290, 0.2999999999999999889 ) ) ;
#1698 = VECTOR ( 'NONE', #1582, 100.0000000000000142 ) ;
#1699 = VECTOR ( 'NONE', #1124, 100.0000000000000000 ) ;
#1700 = CARTESIAN_POINT ( 'NONE',  ( 49.15839109156489428, 6.330476389547355254, 0.2000000000000021760 ) ) ;
#1701 = LINE ( 'NONE', #6154, #2695 ) ;
#1702 = AXIS2_PLACEMENT_3D ( 'NONE', #3912, #6183, #1116 ) ;
#1703 = PLANE ( 'NONE',  #3334 ) ;
#1704 = EDGE_LOOP ( 'NONE', ( #4822, #4121, #4304, #2761, #4983, #3025 ) ) ;
#1705 = DIRECTION ( 'NONE',  ( -0.9998626349648348510, 0.01657441405230573525, -1.665334536937734811E-16 ) ) ;
#1706 = CARTESIAN_POINT ( 'NONE',  ( 30.10935841738883667, 8.946562303118541948, -22.25672608094550853 ) ) ;
#1707 = CARTESIAN_POINT ( 'NONE',  ( 29.56106792619825896, 3.254868056960203759, 16.22416781020719512 ) ) ;
#1708 = CARTESIAN_POINT ( 'NONE',  ( 40.54863543640857415, 0.4723733461345287488, -1.200000000000002398 ) ) ;
#1709 = B_SPLINE_CURVE_WITH_KNOTS ( 'NONE', 2,
 ( #6952, #4598, #1215 ),
 .UNSPECIFIED., .F., .F.,
 ( 3, 3 ),
 ( 0.8604546941971055185, 0.9458531777683888420 ),
 .UNSPECIFIED. ) ;
#1710 = ORIENTED_EDGE ( 'NONE', *, *, #2270, .F. ) ;
#1711 = DIRECTION ( 'NONE',  ( 0.9998626349648348510, -0.01657441405230464238, 0.000000000000000000 ) ) ;
#1712 = DIRECTION ( 'NONE',  ( 0.01657441405230613077, 0.9998626349648348510, 2.634384475364923906E-16 ) ) ;
#1713 = CARTESIAN_POINT ( 'NONE',  ( 45.78363905644533816, 3.398126266189259503, -0.1037851554312373970 ) ) ;
#1714 = CARTESIAN_POINT ( 'NONE',  ( 42.70962778319242403, 1.691450028915983728, -0.3000000000000014877 ) ) ;
#1715 = AXIS2_PLACEMENT_3D ( 'NONE', #1594, #7187, #4314 ) ;
#1716 = CARTESIAN_POINT ( 'NONE',  ( 40.27037592089061491, 0.4769859681717054101, 0.1999999999999975409 ) ) ;
#1717 = CARTESIAN_POINT ( 'NONE',  ( 29.97291066106154034, 9.335887458972928599, 21.26688421761898340 ) ) ;
#1718 = VERTEX_POINT ( 'NONE', #2625 ) ;
#1719 = CARTESIAN_POINT ( 'NONE',  ( 40.85939262495337232, -0.2559977403165555332, -0.7000000000001759259 ) ) ;
#1720 = CARTESIAN_POINT ( 'NONE',  ( 29.02219116712942792, -2.336968499337019889, 0.7516542889038804187 ) ) ;
#1721 = ADVANCED_FACE ( 'NONE', ( #2082 ), #1455, .F. ) ;
#1722 = ADVANCED_FACE ( 'NONE', ( #1608 ), #5408, .F. ) ;
#1723 = ORIENTED_EDGE ( 'NONE', *, *, #5728, .T. ) ;
#1724 = EDGE_CURVE ( 'NONE', #339, #4648, #4845, .T. ) ;
#1725 = CARTESIAN_POINT ( 'NONE',  ( 30.75271348842725772, -0.5097782322938990696, -0.2000000000000000111 ) ) ;
#1726 = CARTESIAN_POINT ( 'NONE',  ( 28.95513374975205423, -2.620430731690689186, -1.300000000000007594 ) ) ;
#1727 = VERTEX_POINT ( 'NONE', #1013 ) ;
#1728 = VERTEX_POINT ( 'NONE', #347 ) ;
#1729 = CARTESIAN_POINT ( 'NONE',  ( 45.21959333301070671, 3.376985028598742389, -0.2348502238419414856 ) ) ;
#1730 = DIRECTION ( 'NONE',  ( -0.01657441405230464238, -0.9998626349648349620, -1.734723475976807094E-18 ) ) ;
#1731 = CARTESIAN_POINT ( 'NONE',  ( 30.05885587995366492, 8.945283828738480381, 21.24794809331386602 ) ) ;
#1732 = EDGE_CURVE ( 'NONE', #989, #3592, #2592, .T. ) ;
#1733 = EDGE_CURVE ( 'NONE', #2384, #2861, #448, .T. ) ;
#1734 = DIRECTION ( 'NONE',  ( 0.9998626349648349620, -0.01657441405230466319, 3.341506680459168859E-16 ) ) ;
#1735 = EDGE_CURVE ( 'NONE', #3411, #4676, #986, .T. ) ;
#1736 = CARTESIAN_POINT ( 'NONE',  ( 51.78990988689318442, 10.02991121725883339, -0.6999999999999964029 ) ) ;
#1737 = DIRECTION ( 'NONE',  ( 1.665393298452077782E-16, -1.025709229455379180E-18, -1.000000000000000000 ) ) ;
#1738 = ORIENTED_EDGE ( 'NONE', *, *, #4346, .T. ) ;
#1739 = CARTESIAN_POINT ( 'NONE',  ( 29.92778596196827934, 6.615405748724134227, -19.97009449814561677 ) ) ;
#1740 = CARTESIAN_POINT ( 'NONE',  ( 44.95531489403359160, 2.499613688148935253, -0.3000000000000004885 ) ) ;
#1741 = CARTESIAN_POINT ( 'NONE',  ( 30.05885587995373953, 8.945283828738483933, -22.24794809331386958 ) ) ;
#1742 = VERTEX_POINT ( 'NONE', #5555 ) ;
#1743 = EDGE_LOOP ( 'NONE', ( #2088, #6148, #602, #515 ) ) ;
#1744 = CARTESIAN_POINT ( 'NONE',  ( 28.09988511733113725, -2.321679716840571839, -1.000000000000006661 ) ) ;
#1745 = CARTESIAN_POINT ( 'NONE',  ( 29.51628296686845232, 3.335867264561419798, 16.45197147569837881 ) ) ;
#1746 = ORIENTED_EDGE ( 'NONE', *, *, #7169, .T. ) ;
#1747 = CARTESIAN_POINT ( 'NONE',  ( 27.68661175479890701, -1.824979717385858624, -1.300000000000006262 ) ) ;
#1748 = CARTESIAN_POINT ( 'NONE',  ( 50.77165332997418545, 9.298186877850335819, -0.02189348831821954014 ) ) ;
#1749 = CARTESIAN_POINT ( 'NONE',  ( 30.08942187719837591, 6.632588030256374445, 18.98891532737465582 ) ) ;
#1750 = AXIS2_PLACEMENT_3D ( 'NONE', #5615, #4526, #3970 ) ;
#1751 =( BOUNDED_CURVE ( )  B_SPLINE_CURVE ( 3, ( #1181, #6332, #2320, #101 ),
 .UNSPECIFIED., .F., .F. ) 
 B_SPLINE_CURVE_WITH_KNOTS ( ( 4, 4 ),
 ( 0.03448593806025399000, 1.554221153785902532 ),
 .UNSPECIFIED. ) 
 CURVE ( )  GEOMETRIC_REPRESENTATION_ITEM ( )  RATIONAL_B_SPLINE_CURVE ( ( 1.000000000000000000, 0.8166181414471713751, 0.8166181414471713751, 1.000000000000000000 ) ) 
 REPRESENTATION_ITEM ( '' )  );
#1752 = CARTESIAN_POINT ( 'NONE',  ( 29.07191440928634663, 0.6626194055574862185, -11.50000000229207764 ) ) ;
#1753 = VECTOR ( 'NONE', #6742, 100.0000000000000142 ) ;
#1754 = CARTESIAN_POINT ( 'NONE',  ( 40.29558342314044239, 0.4876627201054585248, 0.09425753883277514233 ) ) ;
#1755 = ORIENTED_EDGE ( 'NONE', *, *, #1338, .F. ) ;
#1756 = CARTESIAN_POINT ( 'NONE',  ( 40.54380722007322646, 0.07239842842256831446, -1.170338983050845272 ) ) ;
#1757 = ORIENTED_EDGE ( 'NONE', *, *, #96, .T. ) ;
#1758 = DIRECTION ( 'NONE',  ( -2.220446049250313081E-16, -9.860761315262647568E-32, -1.000000000000000000 ) ) ;
#1759 = CARTESIAN_POINT ( 'NONE',  ( 29.40945457291341825, 8.958164392955156430, -0.5000000000000032196 ) ) ;
#1760 = VECTOR ( 'NONE', #5375, 100.0000000000000142 ) ;
#1761 = ORIENTED_EDGE ( 'NONE', *, *, #7082, .T. ) ;
#1762 = LINE ( 'NONE', #4775, #4102 ) ;
#1763 = CARTESIAN_POINT ( 'NONE',  ( 40.50490851072439824, 0.07304324031202372169, 0.1999999999999994282 ) ) ;
#1764 = ORIENTED_EDGE ( 'NONE', *, *, #3621, .F. ) ;
#1765 = ORIENTED_EDGE ( 'NONE', *, *, #5759, .F. ) ;
#1766 = DIRECTION ( 'NONE',  ( 0.9998626349648348510, -0.01657441405230524953, 2.668805347656629637E-16 ) ) ;
#1767 = DIRECTION ( 'NONE',  ( -0.9998626349648349620, 0.01657441405230474646, 0.000000000000000000 ) ) ;
#1768 = CARTESIAN_POINT ( 'NONE',  ( 29.64037822902493247, 8.757627193285847156, 21.36480152254252118 ) ) ;
#1769 = CARTESIAN_POINT ( 'NONE',  ( 29.62102918974303734, 9.654753354620073225, -22.50000000000000000 ) ) ;
#1770 = DIRECTION ( 'NONE',  ( -5.390264181402415068E-18, 8.935274433673846651E-20, -1.000000000000000000 ) ) ;
#1771 = CIRCLE ( 'NONE', #632, 21.75764531748080444 ) ;
#1772 = ADVANCED_FACE ( 'NONE', ( #4992 ), #3539, .F. ) ;
#1773 = CARTESIAN_POINT ( 'NONE',  ( 29.62102918974303734, 9.654753354620073225, -23.00000000000000355 ) ) ;
#1774 = EDGE_CURVE ( 'NONE', #7225, #2952, #1159, .T. ) ;
#1775 = ORIENTED_EDGE ( 'NONE', *, *, #6167, .F. ) ;
#1776 = CARTESIAN_POINT ( 'NONE',  ( 44.95531489403359870, 2.499613688148935697, -0.3000000000000005440 ) ) ;
#1777 = CARTESIAN_POINT ( 'NONE',  ( 40.27037592089061491, 0.4769859681717049660, -0.7000000000000026201 ) ) ;
#1778 = CARTESIAN_POINT ( 'NONE',  ( 48.62715771743973647, 6.573989821970297243, -0.7762044153200807761 ) ) ;
#1779 = EDGE_CURVE ( 'NONE', #5830, #381, #3180, .T. ) ;
#1780 = EDGE_LOOP ( 'NONE', ( #5743, #4381, #4357, #7086, #325, #4062 ) ) ;
#1781 = AXIS2_PLACEMENT_3D ( 'NONE', #2393, #2359, #5245 ) ;
#1782 = CARTESIAN_POINT ( 'NONE',  ( 29.88705594506292229, 8.950247342535293527, -22.68090204209685368 ) ) ;
#1783 = DIRECTION ( 'NONE',  ( -0.000000000000000000, -3.252606517456499990E-16, 1.000000000000000000 ) ) ;
#1784 = ADVANCED_FACE ( 'NONE', ( #6292 ), #6880, .F. ) ;
#1785 = ORIENTED_EDGE ( 'NONE', *, *, #5150, .F. ) ;
#1786 = CARTESIAN_POINT ( 'NONE',  ( 45.76454556512562988, 2.986268013230909624, 0.1931223917527584710 ) ) ;
#1787 = CARTESIAN_POINT ( 'NONE',  ( 50.77576818653075463, 9.304077780756347948, -0.4999999999999961142 ) ) ;
#1788 = CARTESIAN_POINT ( 'NONE',  ( 45.99148456033356069, 3.599193352380716249, -0.2999999999999998224 ) ) ;
#1789 = EDGE_CURVE ( 'NONE', #5820, #2661, #1606, .T. ) ;
#1790 = ORIENTED_EDGE ( 'NONE', *, *, #1425, .F. ) ;
#1791 = CARTESIAN_POINT ( 'NONE',  ( 29.02169088206418124, -2.367148531160944369, -1.602056721440896281 ) ) ;
#1792 = CARTESIAN_POINT ( 'NONE',  ( 30.05936328639636912, 8.947391056962011646, 21.24793397913154891 ) ) ;
#1793 = VERTEX_POINT ( 'NONE', #771 ) ;
#1794 = CARTESIAN_POINT ( 'NONE',  ( 30.05885587995373953, 8.945283828738483933, -22.24794809331386958 ) ) ;
#1795 = ORIENTED_EDGE ( 'NONE', *, *, #827, .F. ) ;
#1796 = CARTESIAN_POINT ( 'NONE',  ( 51.42222968025089358, 9.433498708660877696, -0.7615343698773900938 ) ) ;
#1797 = B_SPLINE_CURVE_WITH_KNOTS ( 'NONE', 2,
 ( #4980, #1520, #5582 ),
 .UNSPECIFIED., .F., .F.,
 ( 3, 3 ),
 ( 0.3874948551636004379, 0.4129444514982799630 ),
 .UNSPECIFIED. ) ;
#1798 =( LENGTH_UNIT ( ) NAMED_UNIT ( * ) SI_UNIT ( .CENTI., .METRE. ) );
#1799 = ORIENTED_EDGE ( 'NONE', *, *, #1556, .F. ) ;
#1800 = FACE_OUTER_BOUND ( 'NONE', #3427, .T. ) ;
#1801 = CARTESIAN_POINT ( 'NONE',  ( 50.76344319059204224, 9.286457888869110278, -1.216780417668076986 ) ) ;
#1802 = B_SPLINE_CURVE_WITH_KNOTS ( 'NONE', 2,
 ( #695, #6987, #3502 ),
 .UNSPECIFIED., .F., .F.,
 ( 3, 3 ),
 ( 0.9832991604359857529, 1.000000000000000000 ),
 .UNSPECIFIED. ) ;
#1803 = ORIENTED_EDGE ( 'NONE', *, *, #5153, .F. ) ;
#1804 = CIRCLE ( 'NONE', #5942, 11.29999999999813198 ) ;
#1805 = CARTESIAN_POINT ( 'NONE',  ( 45.51932591234947978, 3.612493046654803752, -0.2160942920431963565 ) ) ;
#1806 = CARTESIAN_POINT ( 'NONE',  ( 29.43854127791118458, -1.353952219983634686, -1.300000000000005373 ) ) ;
#1807 = CARTESIAN_POINT ( 'NONE',  ( 29.83497876619161815, 8.880429612610878820, 21.29455786281739194 ) ) ;
#1808 = PRODUCT_DEFINITION_CONTEXT ( 'detailed design', #4948, 'design' ) ;
#1809 = DIRECTION ( 'NONE',  ( 1.000000000000000000, 0.000000000000000000, 0.000000000000000000 ) ) ;
#1810 = CARTESIAN_POINT ( 'NONE',  ( 30.31904579061175298, -1.868616763265141367, -1.000000000000006883 ) ) ;
#1811 = CARTESIAN_POINT ( 'NONE',  ( 29.61478324912965476, 9.277962801432543927, -22.74663514059546188 ) ) ;
#1812 = ORIENTED_EDGE ( 'NONE', *, *, #5534, .T. ) ;
#1813 = VERTEX_POINT ( 'NONE', #844 ) ;
#1814 = LINE ( 'NONE', #5210, #1699 ) ;
#1815 = CARTESIAN_POINT ( 'NONE',  ( 29.96516101513376640, 0.2477573789244779945, 4.990817596524285704E-15 ) ) ;
#1816 = CARTESIAN_POINT ( 'NONE',  ( 29.45289206297297468, -0.4882314940259307456, 3.155808947497007545E-15 ) ) ;
#1817 = ORIENTED_EDGE ( 'NONE', *, *, #6530, .T. ) ;
#1818 = CIRCLE ( 'NONE', #5356, 0.6620108421965272827 ) ;
#1819 = EDGE_CURVE ( 'NONE', #224, #3790, #5925, .T. ) ;
#1820 = ADVANCED_FACE ( 'NONE', ( #1333 ), #6992, .F. ) ;
#1821 = ADVANCED_FACE ( 'NONE', ( #1916 ), #5316, .F. ) ;
#1822 = CARTESIAN_POINT ( 'NONE',  ( 42.74684187739693897, 3.936415200640302814, -0.3000000000000009326 ) ) ;
#1823 = CIRCLE ( 'NONE', #3353, 0.4999999999999985567 ) ;
#1824 = CARTESIAN_POINT ( 'NONE',  ( 49.16975577325351310, 6.330288000729439091, -1.199999999999998179 ) ) ;
#1825 = AXIS2_PLACEMENT_3D ( 'NONE', #4483, #6827, #3996 ) ;
#1826 = EDGE_LOOP ( 'NONE', ( #4422, #1985, #4041, #5125 ) ) ;
#1827 = CARTESIAN_POINT ( 'NONE',  ( 29.87214450221291173, -2.673784914612403529, -0.000000000000000000 ) ) ;
#1828 = PLANE ( 'NONE',  #6784 ) ;
#1830 = CARTESIAN_POINT ( 'NONE',  ( 30.05936328639645083, 8.947391056962009870, -22.24793397913155246 ) ) ;
#1829 = AXIS2_PLACEMENT_3D ( 'NONE', #6810, #1730, #6251 ) ;
#1831 = ORIENTED_EDGE ( 'NONE', *, *, #3900, .T. ) ;
#1832 = ADVANCED_FACE ( 'NONE', ( #5844 ), #4727, .F. ) ;
#1833 = CARTESIAN_POINT ( 'NONE',  ( 48.85094188680758975, 5.935517926483887763, -1.218418966097893907 ) ) ;
#1834 = EDGE_CURVE ( 'NONE', #386, #6944, #7055, .T. ) ;
#1835 = CARTESIAN_POINT ( 'NONE',  ( 29.95501696369501232, 0.2479255337317829988, -11.77892709316996722 ) ) ;
#1836 = EDGE_LOOP ( 'NONE', ( #5977, #2156, #3846, #3831 ) ) ;
#1837 = DIRECTION ( 'NONE',  ( 0.01657441405230464584, 0.9998626349648350731, 1.734723475976807094E-18 ) ) ;
#1838 = DIRECTION ( 'NONE',  ( -0.9998626349648349620, 0.01657441405230335868, 0.000000000000000000 ) ) ;
#1839 = CARTESIAN_POINT ( 'NONE',  ( 30.02151402291161020, 3.647290337804917737, 15.66641791636912195 ) ) ;
#1840 = CARTESIAN_POINT ( 'NONE',  ( 29.81092866653050777, 8.951509280916573275, 21.73214197521376789 ) ) ;
#1841 = ORIENTED_EDGE ( 'NONE', *, *, #94, .F. ) ;
#1842 = CARTESIAN_POINT ( 'NONE',  ( 29.77433196570333251, 3.251332844852444115, -17.00755439789575618 ) ) ;
#1843 = ORIENTED_EDGE ( 'NONE', *, *, #2721, .T. ) ;
#1844 = CARTESIAN_POINT ( 'NONE',  ( 45.64243449292247590, 3.711456702561973575, -0.2691470867952008850 ) ) ;
#1845 = CARTESIAN_POINT ( 'NONE',  ( 29.61091095049063071, 6.654508929825815322, -20.00215235425126181 ) ) ;
#1846 = VERTEX_POINT ( 'NONE', #7127 ) ;
#1847 = DIRECTION ( 'NONE',  ( 0.9998626349648349620, -0.01657441405230464238, 3.341506680459168859E-16 ) ) ;
#1848 = B_SPLINE_CURVE_WITH_KNOTS ( 'NONE', 3,
 ( #5300, #3597, #1937, #4110, #4664, #5866, #4699, #3525, #5223, #4736, #5797, #6975 ),
 .UNSPECIFIED., .F., .F.,
 ( 4, 2, 2, 2, 2, 4 ),
 ( 3.925231146709437917E-17, 0.001807626835306700439, 0.002711440252960017373, 0.003615253670613334525, 0.005422880505919938469, 0.007230507341226542414 ),
 .UNSPECIFIED. ) ;
#1849 = CARTESIAN_POINT ( 'NONE',  ( 41.03893530837986248, -0.1725196525909055978, -0.7000000000000025091 ) ) ;
#1850 = DIRECTION ( 'NONE',  ( -0.01657441405230463891, -0.9998626349648348510, -2.526198420459838063E-16 ) ) ;
#1851 = ORIENTED_EDGE ( 'NONE', *, *, #3405, .F. ) ;
#1852 = ORIENTED_EDGE ( 'NONE', *, *, #3798, .T. ) ;
#1853 = PLANE ( 'NONE',  #4997 ) ;
#1854 = FACE_OUTER_BOUND ( 'NONE', #3519, .T. ) ;
#1855 = CARTESIAN_POINT ( 'NONE',  ( 29.60939899604770176, 8.735014279947781901, -22.36738950355034561 ) ) ;
#1856 = ORIENTED_EDGE ( 'NONE', *, *, #4877, .T. ) ;
#1857 = VERTEX_POINT ( 'NONE', #1904 ) ;
#1858 = DIRECTION ( 'NONE',  ( -0.01657441405230464584, -0.9998626349648348510, -1.734723475976806902E-18 ) ) ;
#1859 = CARTESIAN_POINT ( 'NONE',  ( 29.45896350995591106, -0.1219673860308720659, -12.00635306423298232 ) ) ;
#1860 = VERTEX_POINT ( 'NONE', #4776 ) ;
#1861 = LINE ( 'NONE', #3412, #407 ) ;
#1862 = CARTESIAN_POINT ( 'NONE',  ( 29.59724660098295601, 0.5744372648355102751, 10.31103262311531488 ) ) ;
#1863 = B_SPLINE_CURVE_WITH_KNOTS ( 'NONE', 3,
 ( #4211, #5790, #4657, #4766, #6488, #5217, #1417, #3657, #2994, #196, #786, #4692, #1896, #4144, #6419, #3591, #5857, #5403, #7191, #1450, #4869, #380, #3845, #1007, #2696, #971 ),
 .UNSPECIFIED., .F., .F.,
 ( 4, 2, 2, 2, 2, 2, 2, 2, 2, 2, 2, 2, 4 ),
 ( 0.01178074962117952977, 0.01281084561906440170, 0.01332589361800683332, 0.01384094161694926495, 0.01487103761483414381, 0.01590113361271902614, 0.01693122961060390674, 0.01744627760954629153, 0.01796132560848867632, 0.01847637360743106111, 0.01899142160637344590, 0.01950646960531583068, 0.02002151760425821547 ),
 .UNSPECIFIED. ) ;
#1864 = VERTEX_POINT ( 'NONE', #6978 ) ;
#1865 = CYLINDRICAL_SURFACE ( 'NONE', #4115, 0.4999999999999985567 ) ;
#1866 = CARTESIAN_POINT ( 'NONE',  ( 30.05919415096656877, 8.946688647553322937, 21.24793868556927734 ) ) ;
#1867 = VERTEX_POINT ( 'NONE', #277 ) ;
#1868 = EDGE_CURVE ( 'NONE', #4496, #332, #5301, .T. ) ;
#1869 = DIRECTION ( 'NONE',  ( -0.9998626349648349620, 0.01657441405230335868, 0.000000000000000000 ) ) ;
#1870 = EDGE_CURVE ( 'NONE', #6466, #5451, #2452, .T. ) ;
#1871 = VECTOR ( 'NONE', #1783, 100.0000000000000000 ) ;
#1872 = CARTESIAN_POINT ( 'NONE',  ( 51.16321351357385794, 9.028012978409925893, -1.141720886541619961 ) ) ;
#1873 = CARTESIAN_POINT ( 'NONE',  ( 29.70956926787773966, 8.953189484359112882, 21.32735853355807620 ) ) ;
#1874 = EDGE_CURVE ( 'NONE', #6027, #5358, #3682, .T. ) ;
#1875 = ORIENTED_EDGE ( 'NONE', *, *, #3808, .T. ) ;
#1876 = CARTESIAN_POINT ( 'NONE',  ( 0.01896740029930046867, 1.144221133962461057, 1.985179957108101255E-18 ) ) ;
#1877 = AXIS2_PLACEMENT_3D ( 'NONE', #5817, #5918, #3612 ) ;
#1878 = DIRECTION ( 'NONE',  ( -0.000000000000000000, -0.000000000000000000, -1.000000000000000000 ) ) ;
#1879 = EDGE_LOOP ( 'NONE', ( #4313, #314, #2098, #6886, #5584 ) ) ;
#1880 = CARTESIAN_POINT ( 'NONE',  ( 30.12096050722545115, 9.646466147593919516, -22.74663514059542635 ) ) ;
#1881 = CIRCLE ( 'NONE', #2817, 0.5000000000000013323 ) ;
#1882 = CARTESIAN_POINT ( 'NONE',  ( 29.60936138601597989, 8.734975367074097719, 21.36737564705965298 ) ) ;
#1883 = ORIENTED_EDGE ( 'NONE', *, *, #4212, .F. ) ;
#1884 = DIRECTION ( 'NONE',  ( 0.000000000000000000, 0.000000000000000000, 1.000000000000000000 ) ) ;
#1885 = CARTESIAN_POINT ( 'NONE',  ( 40.79024796835975053, -0.1506369274178731288, -0.7661538564141833207 ) ) ;
#1886 = DIRECTION ( 'NONE',  ( -0.9998626349648350731, 0.01657441405230462850, 0.000000000000000000 ) ) ;
#1887 = ORIENTED_EDGE ( 'NONE', *, *, #6758, .F. ) ;
#1888 = VERTEX_POINT ( 'NONE', #7050 ) ;
#1889 = DIRECTION ( 'NONE',  ( -1.665680818703648634E-16, -7.087759561701499957E-19, 1.000000000000000000 ) ) ;
#1890 = PLANE ( 'NONE',  #3131 ) ;
#1891 = CARTESIAN_POINT ( 'NONE',  ( 29.69014067292437531, 8.642392052701390881, 21.25607808826008949 ) ) ;
#1892 = VERTEX_POINT ( 'NONE', #3599 ) ;
#1893 = PRODUCT ( 'Part12', 'Part12', '', ( #3425 ) ) ;
#1894 = AXIS2_PLACEMENT_3D ( 'NONE', #3871, #6214, #3426 ) ;
#1895 = CARTESIAN_POINT ( 'NONE',  ( 40.47805477353610115, -0.4265803055350663731, -0.7000000000000028422 ) ) ;
#1896 = CARTESIAN_POINT ( 'NONE',  ( 29.56000145363901765, 0.06812049235404486758, 10.98063183217166916 ) ) ;
#1897 = ORIENTED_EDGE ( 'NONE', *, *, #1149, .F. ) ;
#1898 = CARTESIAN_POINT ( 'NONE',  ( 29.51528459274236482, 3.275639676349910268, 15.15077155702975986 ) ) ;
#1899 = AXIS2_PLACEMENT_3D ( 'NONE', #4274, #5468, #6556 ) ;
#1900 = CARTESIAN_POINT ( 'NONE',  ( 29.88469443224189703, 6.223862366393389856, 19.31613068642781172 ) ) ;
#1901 = CARTESIAN_POINT ( 'NONE',  ( 40.54203898306122511, 0.07242773994132563342, -1.199462997004565823 ) ) ;
#1902 = PLANE ( 'NONE',  #4821 ) ;
#1903 = ORIENTED_EDGE ( 'NONE', *, *, #6092, .T. ) ;
#1904 = CARTESIAN_POINT ( 'NONE',  ( 29.96516101513376640, 0.2477573789244779945, 10.47664068296516682 ) ) ;
#1905 = ORIENTED_EDGE ( 'NONE', *, *, #6315, .F. ) ;
#1906 = CARTESIAN_POINT ( 'NONE',  ( 28.20650355318429092, -2.323447097718346566, -1.300000000000007372 ) ) ;
#1907 = CARTESIAN_POINT ( 'NONE',  ( 28.20650355318428737, -2.323447097718346566, 0.2999999999999999334 ) ) ;
#1908 = CARTESIAN_POINT ( 'NONE',  ( 29.60573186658741918, 8.731932083834912817, 21.36654882617801121 ) ) ;
#1909 = EDGE_CURVE ( 'NONE', #6590, #2435, #4939, .T. ) ;
#1910 = CARTESIAN_POINT ( 'NONE',  ( 40.97485766438258281, -0.1958023285808041802, -0.2961960076326156655 ) ) ;
#1911 = ADVANCED_FACE ( 'NONE', ( #4700 ), #2051, .F. ) ;
#1912 = ADVANCED_FACE ( 'NONE', ( #4222 ), #4295, .T. ) ;
#1913 = CARTESIAN_POINT ( 'NONE',  ( 29.52621439253279689, 3.255445813222905382, -17.30064179807921221 ) ) ;
#1914 = ORIENTED_EDGE ( 'NONE', *, *, #4617, .F. ) ;
#1915 = DIRECTION ( 'NONE',  ( 2.220446049250313081E-16, 5.757246432727906919E-16, -1.000000000000000000 ) ) ;
#1916 = FACE_OUTER_BOUND ( 'NONE', #6001, .T. ) ;
#1917 = VERTEX_POINT ( 'NONE', #4810 ) ;
#1918 = EDGE_CURVE ( 'NONE', #6645, #3163, #317, .T. ) ;
#1919 = CARTESIAN_POINT ( 'NONE',  ( 0.02725460732545272741, 1.644152451444878427, 0.1999999999999840794 ) ) ;
#1920 = CARTESIAN_POINT ( 'NONE',  ( 29.57959315461226169, 7.155096767207866471, 19.46425231158483626 ) ) ;
#1921 = ADVANCED_FACE ( 'NONE', ( #1977 ), #3633, .F. ) ;
#1922 = DIRECTION ( 'NONE',  ( 2.875202515709274621E-20, 1.734485185625528116E-18, -1.000000000000000000 ) ) ;
#1923 = ORIENTED_EDGE ( 'NONE', *, *, #1283, .T. ) ;
#1924 = ORIENTED_EDGE ( 'NONE', *, *, #747, .T. ) ;
#1925 = CARTESIAN_POINT ( 'NONE',  ( 29.04279233449226894, -1.094189272405857727, -7.395706971780787065 ) ) ;
#1926 = CARTESIAN_POINT ( 'NONE',  ( 29.66296787541449120, 8.606715998301860182, 21.25623891824113798 ) ) ;
#1927 = EDGE_LOOP ( 'NONE', ( #6041, #4137 ) ) ;
#1928 = CARTESIAN_POINT ( 'NONE',  ( 29.42147980514730321, -2.383196998123933152, 0.5779752106360243058 ) ) ;
#1929 = DIRECTION ( 'NONE',  ( 0.01657441405230464931, 0.9998626349648349620, 3.469446951953613418E-18 ) ) ;
#1930 = VERTEX_POINT ( 'NONE', #6501 ) ;
#1931 = CARTESIAN_POINT ( 'NONE',  ( 29.82954176466262197, -2.841692990704773436, 5.753854040569953847E-16 ) ) ;
#1932 = CARTESIAN_POINT ( 'NONE',  ( 40.78935794662711345, 0.7043388805884038817, -0.7754253836860133253 ) ) ;
#1933 = CARTESIAN_POINT ( 'NONE',  ( 40.24039004699012878, 0.07742808117825478176, -0.9071067811865505259 ) ) ;
#1934 = VERTEX_POINT ( 'NONE', #2488 ) ;
#1935 = AXIS2_PLACEMENT_3D ( 'NONE', #6689, #537, #1132 ) ;
#1936 = COLOUR_RGB ( '',0.7921568627450980005, 0.8196078431372548767, 0.9333333333333333481 ) ;
#1937 = CARTESIAN_POINT ( 'NONE',  ( 29.72988719032644411, 6.251076041810856410, 19.41579671639257043 ) ) ;
#1938 = CARTESIAN_POINT ( 'NONE',  ( 0.1184138846131285033, 7.143396943751471717, 1.239352081296894652E-17 ) ) ;
#1939 = AXIS2_PLACEMENT_3D ( 'NONE', #7203, #5600, #2208 ) ;
#1940 = LINE ( 'NONE', #205, #1470 ) ;
#1941 = ORIENTED_EDGE ( 'NONE', *, *, #296, .F. ) ;
#1942 = AXIS2_PLACEMENT_3D ( 'NONE', #6950, #5274, #3049 ) ;
#1943 = CARTESIAN_POINT ( 'NONE',  ( 40.29561530511469414, 0.4876762475727354218, -1.094193195674372898 ) ) ;
#1944 = CARTESIAN_POINT ( 'NONE',  ( 0.000000000000000000, 0.000000000000000000, 0.000000000000000000 ) ) ;
#1945 = DIRECTION ( 'NONE',  ( -0.01657441405230579770, -0.9998626349648348510, -1.937485524053559049E-31 ) ) ;
#1946 = CARTESIAN_POINT ( 'NONE',  ( 40.55123172966080602, 0.06395871603309548348, 0.1027076169743847689 ) ) ;
#1947 =( BOUNDED_CURVE ( )  B_SPLINE_CURVE ( 3, ( #1499, #3745, #759, #7013 ),
 .UNSPECIFIED., .F., .F. ) 
 B_SPLINE_CURVE_WITH_KNOTS ( ( 4, 4 ),
 ( 1.570796326794896558, 1.587371499803894137 ),
 .UNSPECIFIED. ) 
 CURVE ( )  GEOMETRIC_REPRESENTATION_ITEM ( )  RATIONAL_B_SPLINE_CURVE ( ( 1.000000000000000000, 0.9999771054343515875, 0.9999771054343515875, 1.000000000000000000 ) ) 
 REPRESENTATION_ITEM ( '' )  );
#1948 = CYLINDRICAL_SURFACE ( 'NONE', #6272, 0.4999999999999985567 ) ;
#1949 = ORIENTED_EDGE ( 'NONE', *, *, #3894, .T. ) ;
#1950 = EDGE_CURVE ( 'NONE', #992, #3921, #1947, .T. ) ;
#1951 = CARTESIAN_POINT ( 'NONE',  ( 45.77314879775172329, 2.848985707733838080, -0.1468259096302639011 ) ) ;
#1952 = EDGE_CURVE ( 'NONE', #3944, #3327, #1940, .T. ) ;
#1953 = CARTESIAN_POINT ( 'NONE',  ( 45.68420687059774821, 3.745361950736592060, -0.7193397142136355171 ) ) ;
#1954 = EDGE_CURVE ( 'NONE', #5451, #3373, #4232, .T. ) ;
#1955 = ORIENTED_EDGE ( 'NONE', *, *, #1015, .T. ) ;
#1956 = CARTESIAN_POINT ( 'NONE',  ( 29.54664177178733198, 3.306831988938288447, 15.97091863270810208 ) ) ;
#1957 = CARTESIAN_POINT ( 'NONE',  ( 29.57952447209467550, 7.149569475434996768, 19.45925839232498333 ) ) ;
#1958 = AXIS2_PLACEMENT_3D ( 'NONE', #925, #6560, #6002 ) ;
#1959 = CARTESIAN_POINT ( 'NONE',  ( 31.03832149385492656, -1.380471282467322203, -0.8000000000000069278 ) ) ;
#1960 = ORIENTED_EDGE ( 'NONE', *, *, #6896, .T. ) ;
#1961 = VERTEX_POINT ( 'NONE', #3670 ) ;
#1962 = EDGE_CURVE ( 'NONE', #4783, #3390, #3704, .T. ) ;
#1963 = DIRECTION ( 'NONE',  ( -1.000000000000000000, 0.000000000000000000, -3.382917932875483327E-16 ) ) ;
#1964 = ADVANCED_FACE ( 'NONE', ( #3230 ), #1703, .F. ) ;
#1965 = CARTESIAN_POINT ( 'NONE',  ( 29.40945457291341825, 8.958164392955156430, -0.5000000000000032196 ) ) ;
#1966 = EDGE_LOOP ( 'NONE', ( #5618, #2563, #6601, #95 ) ) ;
#1967 = EDGE_CURVE ( 'NONE', #4655, #3615, #5604, .T. ) ;
#1968 = CARTESIAN_POINT ( 'NONE',  ( 28.46371040744795522, -2.509639300396905526, -1.000000000000006439 ) ) ;
#1969 = DIRECTION ( 'NONE',  ( -0.01657441405249500052, -0.9998626349648319644, 7.858266391543159104E-15 ) ) ;
#1970 = VERTEX_POINT ( 'NONE', #5626 ) ;
#1971 = CARTESIAN_POINT ( 'NONE',  ( 31.23829402084788498, -1.383786165277783198, -0.3000000000000061506 ) ) ;
#1972 = CARTESIAN_POINT ( 'NONE',  ( 29.57530893931776106, 3.936837601616534510, 16.03239755342022832 ) ) ;
#1973 = CARTESIAN_POINT ( 'NONE',  ( 49.16618619160767167, 6.116419275510296849, -0.2976043028120411438 ) ) ;
#1974 = ORIENTED_EDGE ( 'NONE', *, *, #1733, .F. ) ;
#1975 = DIRECTION ( 'NONE',  ( 0.01657441405230579770, 0.9998626349648348510, 1.734723475976995836E-18 ) ) ;
#1976 = DIRECTION ( 'NONE',  ( 0.01657441405230465278, 0.9998626349648348510, 2.526198420459838063E-16 ) ) ;
#1977 = FACE_OUTER_BOUND ( 'NONE', #7214, .T. ) ;
#1978 = ORIENTED_EDGE ( 'NONE', *, *, #4027, .F. ) ;
#1979 = CARTESIAN_POINT ( 'NONE',  ( 29.27188693627929439, 0.6593045227470255565, -0.5000000000000032196 ) ) ;
#1980 = CARTESIAN_POINT ( 'NONE',  ( 29.71870675545978457, 6.799241400883698994, 19.13978516169457222 ) ) ;
#1981 = CYLINDRICAL_SURFACE ( 'NONE', #4871, 0.4999999999999985567 ) ;
#1982 = CARTESIAN_POINT ( 'NONE',  ( 40.78935794662711345, 0.7043388805884038817, -0.7754253836860133253 ) ) ;
#1983 = VECTOR ( 'NONE', #2741, 100.0000000000000000 ) ;
#1984 = CARTESIAN_POINT ( 'NONE',  ( 40.54985510992108999, 0.4726468949057769375, -1.180213750164890829 ) ) ;
#1985 = ORIENTED_EDGE ( 'NONE', *, *, #872, .F. ) ;
#1986 = DIRECTION ( 'NONE',  ( 0.01657441405230465278, 0.9998626349648348510, 3.469446951953612648E-18 ) ) ;
#1987 = B_SPLINE_CURVE_WITH_KNOTS ( 'NONE', 3,
 ( #3107, #5764, #310, #4803, #2005, #5445, #383, #4286, #6526, #6568 ),
 .UNSPECIFIED., .F., .F.,
 ( 4, 2, 2, 2, 4 ),
 ( 0.000000000000000000, 0.001391189271754552812, 0.002782378543509105625, 0.004173567815263659955, 0.005564757087018213852 ),
 .UNSPECIFIED. ) ;
#1988 = VECTOR ( 'NONE', #5709, 100.0000000000000000 ) ;
#1989 =( BOUNDED_CURVE ( )  B_SPLINE_CURVE ( 3, ( #5532, #2784, #3898, #6618 ),
 .UNSPECIFIED., .F., .F. ) 
 B_SPLINE_CURVE_WITH_KNOTS ( ( 4, 4 ),
 ( 3.141592653589793116, 3.790305751766315900 ),
 .UNSPECIFIED. ) 
 CURVE ( )  GEOMETRIC_REPRESENTATION_ITEM ( )  RATIONAL_B_SPLINE_CURVE ( ( 1.000000000000000000, 0.9652373265017022419, 0.9652373265017022419, 1.000000000000000000 ) ) 
 REPRESENTATION_ITEM ( '' )  );
#1990 = CARTESIAN_POINT ( 'NONE',  ( 29.98572261849129461, 3.194357200640070893, 15.95271858670786180 ) ) ;
#1991 = DIRECTION ( 'NONE',  ( -0.01657441405230464584, -0.9998626349648348510, -0.000000000000000000 ) ) ;
#1992 = CARTESIAN_POINT ( 'NONE',  ( 0.06869064245621443743, 4.143809038856966609, 1.437870077007704431E-17 ) ) ;
#1993 = PRODUCT_DEFINITION_FORMATION_WITH_SPECIFIED_SOURCE ( 'ANY', '', #1893, .NOT_KNOWN. ) ;
#1994 = ORIENTED_EDGE ( 'NONE', *, *, #785, .F. ) ;
#1995 = ORIENTED_EDGE ( 'NONE', *, *, #1014, .F. ) ;
#1996 = CARTESIAN_POINT ( 'NONE',  ( 42.70962778319242403, 1.691450028915983728, -0.3000000000000014877 ) ) ;
#1997 = CARTESIAN_POINT ( 'NONE',  ( 39.99719476185327949, 0.3635905670438422388, -0.7669125627175104043 ) ) ;
#1998 = ORIENTED_EDGE ( 'NONE', *, *, #3541, .F. ) ;
#1999 = VECTOR ( 'NONE', #6166, 100.0000000000000142 ) ;
#2000 = CARTESIAN_POINT ( 'NONE',  ( 29.60702669730828163, 8.810043614869508488, -22.42190523411542458 ) ) ;
#2001 = ADVANCED_FACE ( 'NONE', ( #6057 ), #3197, .F. ) ;
#2002 = CARTESIAN_POINT ( 'NONE',  ( 30.01621428435086258, 3.327580057535266977, 16.45197147569836105 ) ) ;
#2003 = VERTEX_POINT ( 'NONE', #3435 ) ;
#2004 = DIRECTION ( 'NONE',  ( -0.9998626349648348510, 0.01657441405230465625, 0.000000000000000000 ) ) ;
#2005 = CARTESIAN_POINT ( 'NONE',  ( 45.21989871406298533, 3.377221469125296416, -0.7653381685086106945 ) ) ;
#2006 = DIRECTION ( 'NONE',  ( -0.9998626349648348510, 0.01657441405230463544, 2.282530889443096024E-16 ) ) ;
#2007 = CARTESIAN_POINT ( 'NONE',  ( 29.53723284555643147, 0.5416523707240171737, -11.22932474130687908 ) ) ;
#2008 = ORIENTED_EDGE ( 'NONE', *, *, #3988, .T. ) ;
#2009 = ORIENTED_EDGE ( 'NONE', *, *, #1834, .T. ) ;
#2010 = DIRECTION ( 'NONE',  ( -0.000000000000000000, -0.000000000000000000, -1.000000000000000000 ) ) ;
#2011 = EDGE_CURVE ( 'NONE', #318, #1306, #765, .T. ) ;
#2012 = CARTESIAN_POINT ( 'NONE',  ( 44.96666634055321765, 3.184397306558732321, -0.3000000000000003775 ) ) ;
#2013 = B_SPLINE_SURFACE_WITH_KNOTS ( 'NONE', 2, 1, ( 
 ( #3090, #5843 ),
 ( #6990, #770 ),
 ( #3608, #1368 ) ),
 .UNSPECIFIED., .F., .F., .F.,
 ( 3, 3 ),
 ( 2, 2 ),
 ( 0.3935134650390826883, 0.9656990804076768242 ),
 ( 0.000000000000000000, 1.000000000000000000 ),
 .UNSPECIFIED. ) ;
#2014 = CARTESIAN_POINT ( 'NONE',  ( 29.99558813191476503, 3.327921970892878445, -16.95239721201884819 ) ) ;
#2015 = ORIENTED_EDGE ( 'NONE', *, *, #2798, .F. ) ;
#2016 = AXIS2_PLACEMENT_3D ( 'NONE', #99, #660, #5874 ) ;
#2017 = ADVANCED_FACE ( 'NONE', ( #5091 ), #2087, .T. ) ;
#2018 = DIRECTION ( 'NONE',  ( 0.9998626349648348510, -0.01657441405230465972, 3.341506680459168366E-16 ) ) ;
#2019 = CARTESIAN_POINT ( 'NONE',  ( 29.07191440928634663, 0.6626194055574862185, -11.50000000229207764 ) ) ;
#2020 = CARTESIAN_POINT ( 'NONE',  ( 29.51055127908882980, 9.333676829627286509, -22.25943658912875378 ) ) ;
#2021 = CARTESIAN_POINT ( 'NONE',  ( 40.90757065180569896, -0.1993946421528152713, -0.2828571427024360041 ) ) ;
#2022 = CARTESIAN_POINT ( 'NONE',  ( 30.49404579061175014, -1.868616763265141367, -1.300000000000007150 ) ) ;
#2023 = VERTEX_POINT ( 'NONE', #32 ) ;
#2024 = CARTESIAN_POINT ( 'NONE',  ( 51.43443968877217287, 10.28307717325414039, -0.6999999999999964029 ) ) ;
#2025 = CARTESIAN_POINT ( 'NONE',  ( 27.23884348098842878, -1.317488509068562408, -1.300000000000006262 ) ) ;
#2026 = VERTEX_POINT ( 'NONE', #4886 ) ;
#2027 = CARTESIAN_POINT ( 'NONE',  ( 48.66331438322081482, 6.614661267728491723, -0.7503696306707394736 ) ) ;
#2028 = CARTESIAN_POINT ( 'NONE',  ( 29.57820568035379338, 0.08663852292352522411, -11.95797767543400525 ) ) ;
#2029 = DIRECTION ( 'NONE',  ( 1.665393298452077782E-16, -1.025709229455379180E-18, -1.000000000000000000 ) ) ;
#2030 = EDGE_LOOP ( 'NONE', ( #3586, #1008, #6640, #5771, #6279, #2539, #2366, #3151, #6452, #4267, #2117, #2865 ) ) ;
#2031 = ORIENTED_EDGE ( 'NONE', *, *, #6306, .T. ) ;
#2032 = CARTESIAN_POINT ( 'NONE',  ( 41.05550690469878816, 0.8271730007075069890, -0.3000000000000022649 ) ) ;
#2033 = CARTESIAN_POINT ( 'NONE',  ( 29.60569274923967598, 8.729572303617763041, 21.36487166866441356 ) ) ;
#2034 = VERTEX_POINT ( 'NONE', #2881 ) ;
#2035 = CARTESIAN_POINT ( 'NONE',  ( 49.17749571059676583, 6.797204907840938226, -0.2999999999999978795 ) ) ;
#2036 = CARTESIAN_POINT ( 'NONE',  ( 49.16621105951234938, 6.116450768821834139, -0.6999999999999982903 ) ) ;
#2037 = ORIENTED_EDGE ( 'NONE', *, *, #5664, .F. ) ;
#2038 = CARTESIAN_POINT ( 'NONE',  ( 41.92834321751641369, -2.120232104899134384, -0.06382321431328397132 ) ) ;
#2039 = CARTESIAN_POINT ( 'NONE',  ( 51.65303380369044106, 8.589439450864375658, -1.199999999999996625 ) ) ;
#2040 = CARTESIAN_POINT ( 'NONE',  ( 49.27886183579217771, 6.424452488364399194, -0.5694324043231006049 ) ) ;
#2041 = EDGE_CURVE ( 'NONE', #3853, #266, #3883, .T. ) ;
#2042 = CARTESIAN_POINT ( 'NONE',  ( 29.59769657878268845, 0.5741122739129838060, -11.31024346583409468 ) ) ;
#2043 = EDGE_CURVE ( 'NONE', #6013, #2319, #7338, .T. ) ;
#2044 = ORIENTED_EDGE ( 'NONE', *, *, #2575, .T. ) ;
#2045 = EDGE_CURVE ( 'NONE', #5267, #6065, #6984, .T. ) ;
#2046 = VERTEX_POINT ( 'NONE', #391 ) ;
#2047 = B_SPLINE_CURVE_WITH_KNOTS ( 'NONE', 3,
 ( #5055, #5587, #5663, #5021 ),
 .UNSPECIFIED., .F., .F.,
 ( 4, 4 ),
 ( 0.000000000000000000, 0.0008036015085760739741 ),
 .UNSPECIFIED. ) ;
#2048 = DIRECTION ( 'NONE',  ( -0.01657441405230484707, -0.9998626349648348510, 1.203706215242022675E-35 ) ) ;
#2049 = ORIENTED_EDGE ( 'NONE', *, *, #6725, .T. ) ;
#2050 = CARTESIAN_POINT ( 'NONE',  ( 40.48634198056217315, 0.07335101194750841269, -0.3000000000001907807 ) ) ;
#2051 = PLANE ( 'NONE',  #4984 ) ;
#2052 = EDGE_LOOP ( 'NONE', ( #3840, #4614, #4451, #5761, #4969, #4495, #3138, #2579 ) ) ;
#2053 = CARTESIAN_POINT ( 'NONE',  ( 40.57399339215842815, 0.6079796586050040252, -0.8555955958422919450 ) ) ;
#2054 = CARTESIAN_POINT ( 'NONE',  ( 50.27832435838303127, 8.612227584705326677, -0.7006682098132330783 ) ) ;
#2055 = CARTESIAN_POINT ( 'NONE',  ( 29.55638897493902917, 5.755289078257186830, 18.96977553663390736 ) ) ;
#2056 = EDGE_CURVE ( 'NONE', #6571, #2269, #1155, .T. ) ;
#2057 =( GEOMETRIC_REPRESENTATION_CONTEXT ( 3 ) GLOBAL_UNCERTAINTY_ASSIGNED_CONTEXT ( ( #3362 ) ) GLOBAL_UNIT_ASSIGNED_CONTEXT ( ( #1798, #4815, #4707 ) ) REPRESENTATION_CONTEXT ( 'NONE', 'WORKASPACE' ) );
#2058 = CARTESIAN_POINT ( 'NONE',  ( 29.67824655659544320, 3.790154189167550314, -16.84606779258349007 ) ) ;
#2059 = EDGE_CURVE ( 'NONE', #6563, #332, #3982, .T. ) ;
#2060 = CIRCLE ( 'NONE', #1702, 16.46641791636911734 ) ;
#2061 = DIRECTION ( 'NONE',  ( 0.01657441405230466319, 0.9998626349648349620, 1.734723475976807094E-18 ) ) ;
#2062 = ORIENTED_EDGE ( 'NONE', *, *, #3317, .F. ) ;
#2063 = VECTOR ( 'NONE', #3457, 100.0000000000000142 ) ;
#2064 = CARTESIAN_POINT ( 'NONE',  ( 29.76846697070416070, 6.158920898321895265, 19.33545799571709622 ) ) ;
#2065 = CARTESIAN_POINT ( 'NONE',  ( 29.72188177001201481, 9.573737621904815143, -22.44147273967060485 ) ) ;
#2066 = ORIENTED_EDGE ( 'NONE', *, *, #6801, .F. ) ;
#2067 = CARTESIAN_POINT ( 'NONE',  ( 29.52980122993776746, 4.149984215746267857, -17.44644644965193692 ) ) ;
#2068 = LINE ( 'NONE', #3760, #1526 ) ;
#2069 = CARTESIAN_POINT ( 'NONE',  ( 29.57959315461226169, 7.155096767207863806, -20.46425231158485047 ) ) ;
#2070 = ORIENTED_EDGE ( 'NONE', *, *, #5949, .T. ) ;
#2071 = ORIENTED_EDGE ( 'NONE', *, *, #4755, .T. ) ;
#2072 = CARTESIAN_POINT ( 'NONE',  ( 29.51628296686845232, 3.335867264561295897, -17.45197147569837526 ) ) ;
#2073 = LINE ( 'NONE', #3766, #4640 ) ;
#2074 = ORIENTED_EDGE ( 'NONE', *, *, #4516, .T. ) ;
#2075 = CARTESIAN_POINT ( 'NONE',  ( 29.66295486544664683, 8.606702412299828353, -22.25623900626185758 ) ) ;
#2076 = CARTESIAN_POINT ( 'NONE',  ( 31.22188896405205938, -2.373432210252088836, -0.3000000000000064282 ) ) ;
#2077 = VERTEX_POINT ( 'NONE', #6851 ) ;
#2078 = CARTESIAN_POINT ( 'NONE',  ( 30.99519099743574913, -3.982347382637524191, -0.2000000000000000111 ) ) ;
#2079 = CARTESIAN_POINT ( 'NONE',  ( 29.68532074196602011, -1.719726069820756820, -15.45986411484235923 ) ) ;
#2080 = VECTOR ( 'NONE', #6322, 100.0000000000000000 ) ;
#2081 = CARTESIAN_POINT ( 'NONE',  ( 49.17045559279961964, 6.290496982488786415, -0.4314672000191634993 ) ) ;
#2082 = FACE_OUTER_BOUND ( 'NONE', #5511, .T. ) ;
#2083 = VERTEX_POINT ( 'NONE', #1773 ) ;
#2084 = ORIENTED_EDGE ( 'NONE', *, *, #4254, .T. ) ;
#2085 = CARTESIAN_POINT ( 'NONE',  ( 40.05253307778421856, 0.3862289579596528966, -0.1949770215582092014 ) ) ;
#2086 = CARTESIAN_POINT ( 'NONE',  ( 40.88587220705733927, 0.06672812279405318514, -0.1790896558599643917 ) ) ;
#2087 = PLANE ( 'NONE',  #4011 ) ;
#2088 = ORIENTED_EDGE ( 'NONE', *, *, #5028, .F. ) ;
#2089 = DIRECTION ( 'NONE',  ( -1.000000000000000000, 0.000000000000000000, -1.665680818703646662E-16 ) ) ;
#2090 = FACE_OUTER_BOUND ( 'NONE', #6012, .T. ) ;
#2091 = CARTESIAN_POINT ( 'NONE',  ( 30.10935841738883667, 8.946562303118541948, 21.16756122134464846 ) ) ;
#2092 = EDGE_CURVE ( 'NONE', #2621, #6027, #2634, .T. ) ;
#2093 = CARTESIAN_POINT ( 'NONE',  ( 48.35682992392472102, 6.274385848004486732, -0.2999999999999984901 ) ) ;
#2094 = ADVANCED_FACE ( 'NONE', ( #2434 ), #3059, .F. ) ;
#2095 = EDGE_CURVE ( 'NONE', #1728, #2034, #5204, .T. ) ;
#2096 = CARTESIAN_POINT ( 'NONE',  ( 48.35682992392474233, 6.274385848004511601, -0.6999999999999985123 ) ) ;
#2097 = CARTESIAN_POINT ( 'NONE',  ( 29.59943729444456650, 0.2538198680744255253, -12.21921294995318519 ) ) ;
#2098 = ORIENTED_EDGE ( 'NONE', *, *, #2946, .T. ) ;
#2099 = DIRECTION ( 'NONE',  ( -1.000000000000000000, -1.387778780781444413E-14, -3.469446951953611231E-16 ) ) ;
#2100 = EDGE_CURVE ( 'NONE', #5561, #4647, #812, .T. ) ;
#2101 = CARTESIAN_POINT ( 'NONE',  ( 29.98096667609675947, -2.389669761018779148, 0.3000000000000000999 ) ) ;
#2102 = ORIENTED_EDGE ( 'NONE', *, *, #3722, .T. ) ;
#2103 = CARTESIAN_POINT ( 'NONE',  ( 48.70144239888467297, 6.657800306177306560, -0.7313572703449259249 ) ) ;
#2104 = EDGE_CURVE ( 'NONE', #6830, #728, #4961, .T. ) ;
#2105 = CARTESIAN_POINT ( 'NONE',  ( 40.56383937031547759, 0.05112971505239360254, -1.054797831804717978 ) ) ;
#2106 = DIRECTION ( 'NONE',  ( -1.000000000000000000, 0.000000000000000000, -3.382917932875483327E-16 ) ) ;
#2107 = ORIENTED_EDGE ( 'NONE', *, *, #6260, .F. ) ;
#2108 = VERTEX_POINT ( 'NONE', #257 ) ;
#2109 = EDGE_CURVE ( 'NONE', #6857, #1592, #4020, .T. ) ;
#2110 = CARTESIAN_POINT ( 'NONE',  ( 29.41674935829490067, -2.668564374580249421, -1.300000000000003597 ) ) ;
#2111 = CARTESIAN_POINT ( 'NONE',  ( 30.41441299041990476, -2.360046930458391756, -1.000000000000006883 ) ) ;
#2112 = VERTEX_POINT ( 'NONE', #4060 ) ;
#2113 = CARTESIAN_POINT ( 'NONE',  ( 29.93335834844931398, 8.635347946233158822, -22.25122052197460221 ) ) ;
#2114 = AXIS2_PLACEMENT_3D ( 'NONE', #7337, #2325, #6850 ) ;
#2115 = B_SPLINE_CURVE_WITH_KNOTS ( 'NONE', 3,
 ( #3491, #4077, #6392, #4626, #6868, #164 ),
 .UNSPECIFIED., .F., .F.,
 ( 4, 2, 4 ),
 ( 0.000000000000000000, 0.001631028014459412045, 0.003262056028918824090 ),
 .UNSPECIFIED. ) ;
#2116 = CARTESIAN_POINT ( 'NONE',  ( 49.17508963588640114, 6.668526526577732483, -0.7257571132624123234 ) ) ;
#2117 = ORIENTED_EDGE ( 'NONE', *, *, #1558, .T. ) ;
#2118 = CARTESIAN_POINT ( 'NONE',  ( 31.23829402084788498, -1.383786165277783198, -0.7000000000000061728 ) ) ;
#2119 = CARTESIAN_POINT ( 'NONE',  ( 29.51561560321370692, 3.295608104858710696, 16.40407204481112657 ) ) ;
#2120 = PLANE ( 'NONE',  #635 ) ;
#2121 = CARTESIAN_POINT ( 'NONE',  ( 45.76425296840394452, 2.986272863516385545, -1.200000000000000178 ) ) ;
#2122 = AXIS2_PLACEMENT_3D ( 'NONE', #501, #1619, #4926 ) ;
#2123 = ORIENTED_EDGE ( 'NONE', *, *, #5340, .F. ) ;
#2124 = CARTESIAN_POINT ( 'NONE',  ( 45.46353341854216268, 2.991257798605200247, -0.9071067811865474173 ) ) ;
#2125 = CARTESIAN_POINT ( 'NONE',  ( 45.71282024457440230, 2.799050881749244990, -0.8086179155614816594 ) ) ;
#2126 = CARTESIAN_POINT ( 'NONE',  ( 51.37988804222361239, 9.366322535890390100, -0.2136707076811561745 ) ) ;
#2127 = ORIENTED_EDGE ( 'NONE', *, *, #194, .T. ) ;
#2128 = CARTESIAN_POINT ( 'NONE',  ( 29.42213622111535187, -2.343598264957961863, -2.500000000000004441 ) ) ;
#2129 = CARTESIAN_POINT ( 'NONE',  ( 27.68661175479890701, -1.824979717385858624, 0.000000000000000000 ) ) ;
#2130 = CARTESIAN_POINT ( 'NONE',  ( 30.10935841751624764, 8.946562303116429860, 21.22877072285692535 ) ) ;
#2131 = B_SPLINE_CURVE_WITH_KNOTS ( 'NONE', 2,
 ( #3893, #2744, #462 ),
 .UNSPECIFIED., .F., .F.,
 ( 3, 3 ),
 ( 0.000000000000000000, 1.000000000000000000 ),
 .UNSPECIFIED. ) ;
#2132 = CARTESIAN_POINT ( 'NONE',  ( 29.05294700898702231, -0.4816017284050085334, -1.300000000000003597 ) ) ;
#2133 = AXIS2_PLACEMENT_3D ( 'NONE', #6109, #5542, #1178 ) ;
#2134 = DIRECTION ( 'NONE',  ( -0.9998626349648348510, 0.01657441405230448625, 0.000000000000000000 ) ) ;
#2135 = LINE ( 'NONE', #5038, #5806 ) ;
#2136 = VERTEX_POINT ( 'NONE', #4756 ) ;
#2137 = CARTESIAN_POINT ( 'NONE',  ( 29.59904895256321211, 5.953687761566199832, 19.15039211998446689 ) ) ;
#2138 = CARTESIAN_POINT ( 'NONE',  ( 40.87407810493758120, 0.7429592701315813619, -0.7329370161169938003 ) ) ;
#2139 = VECTOR ( 'NONE', #7106, 100.0000000000000000 ) ;
#2140 = EDGE_CURVE ( 'NONE', #5796, #5973, #110, .T. ) ;
#2141 = EDGE_CURVE ( 'NONE', #6620, #2083, #7161, .T. ) ;
#2142 = ORIENTED_EDGE ( 'NONE', *, *, #192, .F. ) ;
#2143 = EDGE_CURVE ( 'NONE', #1622, #7051, #2951, .T. ) ;
#2144 = CARTESIAN_POINT ( 'NONE',  ( 29.08956838170394477, -10.33918446186616080, -0.5000000000000032196 ) ) ;
#2145 = CARTESIAN_POINT ( 'NONE',  ( 29.61824528834767634, 0.1224862750643192777, -11.91597164352691607 ) ) ;
#2146 = FACE_OUTER_BOUND ( 'NONE', #1836, .T. ) ;
#2147 = ORIENTED_EDGE ( 'NONE', *, *, #1732, .T. ) ;
#2148 = EDGE_LOOP ( 'NONE', ( #2726, #706, #2961, #5614, #1509 ) ) ;
#2149 = PLANE ( 'NONE',  #153 ) ;
#2150 = CARTESIAN_POINT ( 'NONE',  ( 29.52158270542919638, 3.655577544831070558, 15.66641791636912195 ) ) ;
#2151 = EDGE_CURVE ( 'NONE', #3327, #4100, #2480, .T. ) ;
#2152 = ORIENTED_EDGE ( 'NONE', *, *, #785, .T. ) ;
#2153 = CARTESIAN_POINT ( 'NONE',  ( 29.60670553723457843, 8.790669418001186841, -22.40820530766253071 ) ) ;
#2154 = EDGE_CURVE ( 'NONE', #6732, #339, #5207, .T. ) ;
#2155 = CARTESIAN_POINT ( 'NONE',  ( 29.96516101513380193, 0.2477573789244774949, 10.74609225170762095 ) ) ;
#2156 = ORIENTED_EDGE ( 'NONE', *, *, #2866, .F. ) ;
#2157 = B_SPLINE_CURVE_WITH_KNOTS ( 'NONE', 3,
 ( #6596, #1081, #411, #3322, #1002, #3249 ),
 .UNSPECIFIED., .F., .F.,
 ( 4, 2, 4 ),
 ( 0.000000000000000000, 0.001652415242501406069, 0.003304830485002812138 ),
 .UNSPECIFIED. ) ;
#2158 = CARTESIAN_POINT ( 'NONE',  ( 40.50490851072439824, 0.07304324031202383272, -1.200000000000004841 ) ) ;
#2159 = DIRECTION ( 'NONE',  ( -2.220446049250313081E-16, -9.860761315262647568E-32, -1.000000000000000000 ) ) ;
#2160 = FACE_OUTER_BOUND ( 'NONE', #6821, .T. ) ;
#2161 = CARTESIAN_POINT ( 'NONE',  ( 29.60943527855429025, 0.5791509272986921086, -11.32282788815650676 ) ) ;
#2162 = ORIENTED_EDGE ( 'NONE', *, *, #2041, .F. ) ;
#2163 = DIRECTION ( 'NONE',  ( -1.000000000000000000, 0.000000000000000000, 0.000000000000000000 ) ) ;
#2164 = CARTESIAN_POINT ( 'NONE',  ( 41.17600841706820347, 0.06191862446057105895, 0.1036587221460720659 ) ) ;
#2165 = AXIS2_PLACEMENT_3D ( 'NONE', #5373, #6052, #3699 ) ;
#2166 = ORIENTED_EDGE ( 'NONE', *, *, #2815, .F. ) ;
#2167 = DIRECTION ( 'NONE',  ( -0.01657441405230465278, -0.9998626349648348510, -3.469446951953612648E-18 ) ) ;
#2168 = DIRECTION ( 'NONE',  ( 0.01657441405230466319, 0.9998626349648349620, 1.734723475976807480E-18 ) ) ;
#2169 = CARTESIAN_POINT ( 'NONE',  ( 29.98046289409458254, 8.932216830704211574, 20.95797254752206484 ) ) ;
#2170 = CIRCLE ( 'NONE', #6308, 0.4999999999999985567 ) ;
#2171 = CARTESIAN_POINT ( 'NONE',  ( 40.56043274581007552, 0.4828795647841490624, -1.005097446114911364 ) ) ;
#2172 = CARTESIAN_POINT ( 'NONE',  ( 29.79072372698950844, 3.598208316270985918, -16.59626032623362946 ) ) ;
#2173 = CARTESIAN_POINT ( 'NONE',  ( 50.78636516275607704, 9.319246612143031072, 0.07580643392931243896 ) ) ;
#2174 = VERTEX_POINT ( 'NONE', #3023 ) ;
#2175 = DIRECTION ( 'NONE',  ( -0.01657441405230579770, -0.9998626349648348510, 0.000000000000000000 ) ) ;
#2176 = DIRECTION ( 'NONE',  ( 0.9998626349648348510, -0.01657441405230524953, 2.668805347656629637E-16 ) ) ;
#2177 = CIRCLE ( 'NONE', #5954, 0.4999999999999985567 ) ;
#2178 = ORIENTED_EDGE ( 'NONE', *, *, #1819, .T. ) ;
#2179 = AXIS2_PLACEMENT_3D ( 'NONE', #1379, #3617, #817 ) ;
#2180 = CIRCLE ( 'NONE', #1466, 21.35764531748080230 ) ;
#2181 = DIRECTION ( 'NONE',  ( -1.000000000000000000, 0.000000000000000000, 0.000000000000000000 ) ) ;
#2182 = CARTESIAN_POINT ( 'NONE',  ( 0.000000000000000000, 0.000000000000000000, 0.000000000000000000 ) ) ;
#2183 = CIRCLE ( 'NONE', #1474, 16.16641791636911663 ) ;
#2184 = CARTESIAN_POINT ( 'NONE',  ( 28.76780144975725761, -2.499950796113618257, -1.300000000000007150 ) ) ;
#2185 = EDGE_CURVE ( 'NONE', #7228, #6732, #3545, .T. ) ;
#2186 = EDGE_LOOP ( 'NONE', ( #3768, #4075, #2166, #6635, #1039, #76, #691, #1423, #4145, #1897 ) ) ;
#2187 = VERTEX_POINT ( 'NONE', #4723 ) ;
#2188 = EDGE_CURVE ( 'NONE', #2238, #5317, #142, .T. ) ;
#2189 = AXIS2_PLACEMENT_3D ( 'NONE', #5384, #4816, #323 ) ;
#2190 = PLANE ( 'NONE',  #5016 ) ;
#2191 = CARTESIAN_POINT ( 'NONE',  ( 30.17679316993422489, -2.403440388588799603, -1.000000000000006883 ) ) ;
#2192 = EDGE_LOOP ( 'NONE', ( #6345, #6368, #6576, #1327, #474 ) ) ;
#2193 = CARTESIAN_POINT ( 'NONE',  ( 42.79656511955386122, 6.936003105534807922, 0.1999999999999998723 ) ) ;
#2194 = LINE ( 'NONE', #4434, #6844 ) ;
#2195 = EDGE_CURVE ( 'NONE', #371, #2077, #6997, .T. ) ;
#2196 =( BOUNDED_CURVE ( )  B_SPLINE_CURVE ( 3, ( #1982, #4375, #2171, #6653 ),
 .UNSPECIFIED., .F., .T. ) 
 B_SPLINE_CURVE_WITH_KNOTS ( ( 4, 4 ),
 ( 5.268812940495203989, 6.223828424668647941 ),
 .UNSPECIFIED. ) 
 CURVE ( )  GEOMETRIC_REPRESENTATION_ITEM ( )  RATIONAL_B_SPLINE_CURVE ( ( 1.000000000000000000, 0.9254286931173270059, 0.9254286931173270059, 1.000000000000000000 ) ) 
 REPRESENTATION_ITEM ( '' )  );
#2197 = EDGE_CURVE ( 'NONE', #5473, #143, #246, .T. ) ;
#2198 = ORIENTED_EDGE ( 'NONE', *, *, #1338, .T. ) ;
#2199 = CARTESIAN_POINT ( 'NONE',  ( 29.92711751837715539, 8.916743682258806203, -21.94525161359922194 ) ) ;
#2200 = CARTESIAN_POINT ( 'NONE',  ( 30.72195764656964201, -2.365145003225936460, -0.2000000000000000111 ) ) ;
#2201 = DIRECTION ( 'NONE',  ( -0.9998626349648348510, 0.01657441405230463544, 0.000000000000000000 ) ) ;
#2202 = EDGE_CURVE ( 'NONE', #5796, #6179, #4371, .T. ) ;
#2203 = AXIS2_PLACEMENT_3D ( 'NONE', #2919, #5171, #3514 ) ;
#2204 = ORIENTED_EDGE ( 'NONE', *, *, #1954, .T. ) ;
#2205 = CARTESIAN_POINT ( 'NONE',  ( 30.08024039977464881, 8.947044983502271620, -22.37737695095800561 ) ) ;
#2206 = CARTESIAN_POINT ( 'NONE',  ( 45.82584507217924141, 2.892993212489262334, -0.9095053091332812034 ) ) ;
#2207 = ORIENTED_EDGE ( 'NONE', *, *, #285, .F. ) ;
#2208 = DIRECTION ( 'NONE',  ( -1.000000000000000000, 0.000000000000000000, -3.382917932875483327E-16 ) ) ;
#2209 = CARTESIAN_POINT ( 'NONE',  ( 30.13722941331931082, 8.946100295654769496, -21.97078005274589074 ) ) ;
#2210 = CYLINDRICAL_SURFACE ( 'NONE', #2750, 0.4999999999999985567 ) ;
#2211 = CARTESIAN_POINT ( 'NONE',  ( 29.56476902380630278, 3.961459304328179165, -17.06347299111467564 ) ) ;
#2212 = B_SPLINE_CURVE_WITH_KNOTS ( 'NONE', 2,
 ( #3743, #942, #6573 ),
 .UNSPECIFIED., .F., .F.,
 ( 3, 3 ),
 ( 0.8296686185898606292, 0.9200451456492193536 ),
 .UNSPECIFIED. ) ;
#2213 = CARTESIAN_POINT ( 'NONE',  ( 29.42188094791248076, -2.358997791991334303, -1.650067470819595039 ) ) ;
#2214 = LINE ( 'NONE', #4377, #4716 ) ;
#2215 = CARTESIAN_POINT ( 'NONE',  ( 40.27037592089061491, 0.4769859681717054101, -0.4999999999999995559 ) ) ;
#2216 = CARTESIAN_POINT ( 'NONE',  ( 29.05294700898703297, -0.4816017284050085334, 3.089195566019497995E-15 ) ) ;
#2217 = CARTESIAN_POINT ( 'NONE',  ( 29.67230802960762048, 0.2526119124062043420, 10.47664068296516504 ) ) ;
#2218 = ORIENTED_EDGE ( 'NONE', *, *, #4849, .T. ) ;
#2219 = PLANE ( 'NONE',  #4338 ) ;
#2220 = DIRECTION ( 'NONE',  ( -0.9998626349648348510, 0.01657441405230576301, -3.469446951953546643E-16 ) ) ;
#2221 = ORIENTED_EDGE ( 'NONE', *, *, #5215, .T. ) ;
#2222 = VERTEX_POINT ( 'NONE', #4646 ) ;
#2223 = DIRECTION ( 'NONE',  ( -1.000000000000000000, 0.000000000000000000, -3.382917932875483327E-16 ) ) ;
#2224 = LINE ( 'NONE', #447, #2755 ) ;
#2225 = CARTESIAN_POINT ( 'NONE',  ( 29.27188693627929439, 0.6593045227470255565, 10.49999999999996270 ) ) ;
#2226 = CARTESIAN_POINT ( 'NONE',  ( 50.73176923724147258, 8.379831103244514523, -0.6999999999999971800 ) ) ;
#2227 = VECTOR ( 'NONE', #6700, 100.0000000000000142 ) ;
#2228 = ORIENTED_EDGE ( 'NONE', *, *, #4031, .T. ) ;
#2229 = CARTESIAN_POINT ( 'NONE',  ( 30.07151209467601660, 8.947189669919799471, -21.97078005163794501 ) ) ;
#2230 = CARTESIAN_POINT ( 'NONE',  ( 29.52980122993775680, 4.147221655288381825, 16.29565549853279194 ) ) ;
#2231 = CARTESIAN_POINT ( 'NONE',  ( 29.60942709990640864, 8.954849510144693880, 20.97078005163792724 ) ) ;
#2232 = EDGE_CURVE ( 'NONE', #2688, #5465, #182, .T. ) ;
#2233 = CIRCLE ( 'NONE', #3640, 0.4999999999999985567 ) ;
#2234 = ORIENTED_EDGE ( 'NONE', *, *, #2855, .T. ) ;
#2235 = CARTESIAN_POINT ( 'NONE',  ( 29.60529230216748076, 8.705415065541718178, -22.34768655057534303 ) ) ;
#2236 =( BOUNDED_SURFACE ( )  B_SPLINE_SURFACE ( 3, 2, ( 
 ( #5078, #5040, #6797 ),
 ( #5612, #3934, #4420 ),
 ( #2751, #1173, #2249 ),
 ( #7326, #5116, #1719 ),
 ( #5536, #6241, #471 ),
 ( #3385, #544, #3278 ),
 ( #4490, #3967, #5572 ),
 ( #5646, #1656, #1687 ) ),
 .UNSPECIFIED., .F., .F., .F. ) 
 B_SPLINE_SURFACE_WITH_KNOTS ( ( 4, 2, 2, 4 ),
 ( 3, 3 ),
 ( 0.003058481706715540302, 0.004807293206626581106, 0.006556104706537621910, 0.01005372770635970352 ),
 ( 0.000000000000000000, 1.000000000000000000 ),
 .UNSPECIFIED. ) 
 GEOMETRIC_REPRESENTATION_ITEM ( )  RATIONAL_B_SPLINE_SURFACE ( (
 ( 1.000000000000000000, 0.8745758084035810676, 1.000000000000000000),
 ( 1.000000000000000000, 0.8620746216447934263, 1.000000000000000000),
 ( 1.000000000000000000, 0.8492105543645218635, 1.000000000000000000),
 ( 1.000000000000000000, 0.8228326277718878146, 1.000000000000000000),
 ( 1.000000000000000000, 0.8093066347204864730, 1.000000000000000000),
 ( 1.000000000000000000, 0.7676134968451688856, 1.000000000000000000),
 ( 1.000000000000000000, 0.7383433362433284852, 1.000000000000000000),
 ( 1.000000000000000000, 0.7071067811864036878, 1.000000000000000000) ) ) 
 REPRESENTATION_ITEM ( '' )  SURFACE ( )  );
#2237 = CARTESIAN_POINT ( 'NONE',  ( 29.52982408359320488, 4.152744205491861962, -17.30249908628434241 ) ) ;
#2238 = VERTEX_POINT ( 'NONE', #4167 ) ;
#2239 = CARTESIAN_POINT ( 'NONE',  ( 29.93210798342865786, 0.2483052888213048148, 11.18051457789796466 ) ) ;
#2240 = CARTESIAN_POINT ( 'NONE',  ( 48.35682992392472102, 6.274385848004486732, -0.2999999999999984901 ) ) ;
#2241 = CARTESIAN_POINT ( 'NONE',  ( 29.89118367329324855, 6.602751668802703477, 18.95751597714505010 ) ) ;
#2242 = ADVANCED_FACE ( 'NONE', ( #1340 ), #5798, .T. ) ;
#2243 = LINE ( 'NONE', #2276, #3994 ) ;
#2244 = AXIS2_PLACEMENT_3D ( 'NONE', #6922, #2432, #1370 ) ;
#2245 = EDGE_CURVE ( 'NONE', #1408, #6979, #963, .T. ) ;
#2246 = CARTESIAN_POINT ( 'NONE',  ( 29.52777238988374009, 3.363173445155306140, -16.27245178583585528 ) ) ;
#2247 = CARTESIAN_POINT ( 'NONE',  ( 29.21835844898924961, 9.496954239366395711, 21.37895818625079158 ) ) ;
#2248 = FACE_OUTER_BOUND ( 'NONE', #124, .T. ) ;
#2249 = CARTESIAN_POINT ( 'NONE',  ( 40.95158518503508560, -0.2134148962845804631, -0.6999999999998293143 ) ) ;
#2250 = DIRECTION ( 'NONE',  ( 3.330499076652585451E-16, -3.785903644536288979E-18, -1.000000000000000000 ) ) ;
#2251 = ORIENTED_EDGE ( 'NONE', *, *, #3074, .F. ) ;
#2252 = VECTOR ( 'NONE', #4494, 100.0000000000000000 ) ;
#2253 = CARTESIAN_POINT ( 'NONE',  ( 45.77117533074655853, 3.386213067216843786, 0.1931223917527587763 ) ) ;
#2254 = CARTESIAN_POINT ( 'NONE',  ( 28.59850047294034070, -2.821286399468161399, -1.000000000000007105 ) ) ;
#2255 = ORIENTED_EDGE ( 'NONE', *, *, #2532, .T. ) ;
#2256 = VERTEX_POINT ( 'NONE', #2543 ) ;
#2257 = CIRCLE ( 'NONE', #5919, 10.99999999999813660 ) ;
#2258 = CARTESIAN_POINT ( 'NONE',  ( 29.46109986238636935, 0.006909506002091697630, 11.27921898938789802 ) ) ;
#2259 = CARTESIAN_POINT ( 'NONE',  ( 50.75213648583756054, 8.604373347424306928, -1.216780417668076986 ) ) ;
#2260 = LINE ( 'NONE', #5089, #7092 ) ;
#2261 = DIRECTION ( 'NONE',  ( 0.01657441405230465278, 0.9998626349648348510, 3.469446951953612648E-18 ) ) ;
#2262 = CARTESIAN_POINT ( 'NONE',  ( 51.18575050333474508, 9.062803792798668212, 0.04283825198338241103 ) ) ;
#2263 = VERTEX_POINT ( 'NONE', #6628 ) ;
#2264 = CARTESIAN_POINT ( 'NONE',  ( 30.00752983293570253, 6.630480662220670673, -19.98563411931516853 ) ) ;
#2265 = CARTESIAN_POINT ( 'NONE',  ( 51.16041098557722222, 9.023694097582353635, 0.1842750661623203390 ) ) ;
#2266 = DIRECTION ( 'NONE',  ( 0.9998626349648348510, -0.01657441405230464584, 0.000000000000000000 ) ) ;
#2267 = CARTESIAN_POINT ( 'NONE',  ( 29.66137079404611754, 8.953988455571826321, -22.50555274077704837 ) ) ;
#2268 = PLANE ( 'NONE',  #3875 ) ;
#2269 = VERTEX_POINT ( 'NONE', #1959 ) ;
#2270 = EDGE_CURVE ( 'NONE', #2312, #6013, #2257, .T. ) ;
#2271 = LINE ( 'NONE', #5711, #5118 ) ;
#2272 = EDGE_CURVE ( 'NONE', #2985, #1742, #5746, .T. ) ;
#2273 = CARTESIAN_POINT ( 'NONE',  ( 29.68608220240749773, 9.653674990923356347, 21.49999999999999645 ) ) ;
#2274 = ADVANCED_FACE ( 'NONE', ( #4903 ), #331, .T. ) ;
#2275 = FACE_OUTER_BOUND ( 'NONE', #6824, .T. ) ;
#2276 = CARTESIAN_POINT ( 'NONE',  ( 29.57130594758611153, 6.655165449725573446, -20.00215235425145011 ) ) ;
#2277 = CARTESIAN_POINT ( 'NONE',  ( 40.42338501390457139, 0.5423533828547847380, -0.05250146968175852663 ) ) ;
#2278 = CARTESIAN_POINT ( 'NONE',  ( 51.15334978695155144, 8.597722558462491449, -1.184275066162313816 ) ) ;
#2279 = EDGE_CURVE ( 'NONE', #2661, #2280, #6516, .T. ) ;
#2280 = VERTEX_POINT ( 'NONE', #4941 ) ;
#2281 = CARTESIAN_POINT ( 'NONE',  ( 45.77146602680007703, 3.386350232764887114, -1.186243137191113073 ) ) ;
#2282 = EDGE_CURVE ( 'NONE', #3390, #2760, #6478, .T. ) ;
#2283 = VERTEX_POINT ( 'NONE', #1405 ) ;
#2284 = CARTESIAN_POINT ( 'NONE',  ( 28.35509472654277729, -2.336199587200201933, 0.2999999999999999889 ) ) ;
#2285 = FACE_BOUND ( 'NONE', #941, .T. ) ;
#2286 = ORIENTED_EDGE ( 'NONE', *, *, #2041, .T. ) ;
#2287 = ORIENTED_EDGE ( 'NONE', *, *, #202, .T. ) ;
#2288 = CARTESIAN_POINT ( 'NONE',  ( 29.57952447209467550, 7.146809560181822896, -20.45676392269214716 ) ) ;
#2289 = CARTESIAN_POINT ( 'NONE',  ( 42.84628836171076927, 9.935591010429309478, -0.2999999999999993783 ) ) ;
#2290 = CARTESIAN_POINT ( 'NONE',  ( 30.08976938335707985, 8.946887024484832196, -22.24700932286718569 ) ) ;
#2291 = AXIS2_PLACEMENT_3D ( 'NONE', #6133, #500, #1064 ) ;
#2292 = CARTESIAN_POINT ( 'NONE',  ( 29.42213622111535187, -2.343598264957939659, 0.7774384456261533849 ) ) ;
#2293 = LINE ( 'NONE', #5164, #6250 ) ;
#2294 = CARTESIAN_POINT ( 'NONE',  ( 51.16041098557722222, 9.023694097582353635, 0.1842750661623203390 ) ) ;
#2295 = ORIENTED_EDGE ( 'NONE', *, *, #2185, .F. ) ;
#2296 = CARTESIAN_POINT ( 'NONE',  ( 29.41452373806752618, -10.34457114643315911, -0.1750000000000036249 ) ) ;
#2297 = CARTESIAN_POINT ( 'NONE',  ( 29.43854127791119524, -1.353952219983621807, -2.500000000000004441 ) ) ;
#2298 = CARTESIAN_POINT ( 'NONE',  ( 48.77399023488833052, 6.422207254498172091, -0.8696939480714758197 ) ) ;
#2299 = CARTESIAN_POINT ( 'NONE',  ( 29.67091486620192953, 8.953830246435558138, -22.49790099810751798 ) ) ;
#2300 = CARTESIAN_POINT ( 'NONE',  ( 30.04364942460926002, 3.634715583514148474, -16.65027219720726492 ) ) ;
#2301 = ORIENTED_EDGE ( 'NONE', *, *, #931, .T. ) ;
#2302 = CARTESIAN_POINT ( 'NONE',  ( 30.41441299041990476, -2.360046930458391756, 0.000000000000000000 ) ) ;
#2303 = CARTESIAN_POINT ( 'NONE',  ( 29.96460567581655354, 6.245439226201423111, 19.29323230848744686 ) ) ;
#2304 = CARTESIAN_POINT ( 'NONE',  ( 51.11043873219347233, 9.782862538669718333, -1.208399999999996366 ) ) ;
#2305 = VECTOR ( 'NONE', #851, 100.0000000000000142 ) ;
#2306 = CARTESIAN_POINT ( 'NONE',  ( 40.67992722958987173, 0.6549901381593589145, -0.1895309638916265749 ) ) ;
#2307 = ORIENTED_EDGE ( 'NONE', *, *, #2673, .T. ) ;
#2308 = CARTESIAN_POINT ( 'NONE',  ( 28.57518641642680279, -2.685334921433163657, -0.000000000000000000 ) ) ;
#2309 = ORIENTED_EDGE ( 'NONE', *, *, #962, .F. ) ;
#2310 = CARTESIAN_POINT ( 'NONE',  ( 29.81243586272524482, 6.183488279898914364, -20.35769687038448694 ) ) ;
#2311 = CARTESIAN_POINT ( 'NONE',  ( 29.01932863639811089, -2.509652584013334131, 0.3920132875708307041 ) ) ;
#2312 = VERTEX_POINT ( 'NONE', #922 ) ;
#2313 = ADVANCED_FACE ( 'NONE', ( #5357 ), #300, .F. ) ;
#2314 = ADVANCED_FACE ( 'NONE', ( #7065 ), #3728, .T. ) ;
#2315 = LINE ( 'NONE', #275, #1401 ) ;
#2316 = EDGE_CURVE ( 'NONE', #7072, #6551, #408, .T. ) ;
#2317 = DIRECTION ( 'NONE',  ( 0.01657441405230464238, 0.9998626349648350731, 0.000000000000000000 ) ) ;
#2318 = ORIENTED_EDGE ( 'NONE', *, *, #5197, .F. ) ;
#2319 = VERTEX_POINT ( 'NONE', #3684 ) ;
#2320 = CARTESIAN_POINT ( 'NONE',  ( 29.57952447209467550, 6.865639597738128153, 19.50066253301466190 ) ) ;
#2321 = FACE_OUTER_BOUND ( 'NONE', #7198, .T. ) ;
#2322 = CARTESIAN_POINT ( 'NONE',  ( 29.64920947223034631, 8.763818850288291884, 21.36270902680179873 ) ) ;
#2323 = EDGE_CURVE ( 'NONE', #250, #4087, #5607, .T. ) ;
#2324 = FACE_OUTER_BOUND ( 'NONE', #201, .T. ) ;
#2325 = DIRECTION ( 'NONE',  ( 0.01657441405230464238, 0.9998626349648350731, 0.000000000000000000 ) ) ;
#2326 = EDGE_CURVE ( 'NONE', #3805, #2136, #5242, .T. ) ;
#2327 = DIRECTION ( 'NONE',  ( 0.9998626349648349620, -0.01657441405230455217, 0.000000000000000000 ) ) ;
#2328 = VERTEX_POINT ( 'NONE', #513 ) ;
#2329 = DIRECTION ( 'NONE',  ( 0.01657441405230464931, 0.9998626349648349620, 3.469446951953613418E-18 ) ) ;
#2330 = DIRECTION ( 'NONE',  ( 0.01657441405230464238, 0.9998626349648349620, 1.734723475976807094E-18 ) ) ;
#2331 = CARTESIAN_POINT ( 'NONE',  ( 30.01474117135954955, 8.941988826614649000, -22.24926381393375507 ) ) ;
#2332 = ORIENTED_EDGE ( 'NONE', *, *, #599, .T. ) ;
#2333 = CARTESIAN_POINT ( 'NONE',  ( 29.78346919513662527, 8.951964468091915705, -22.74583726741610690 ) ) ;
#2334 = CARTESIAN_POINT ( 'NONE',  ( 29.61478324912965476, 9.277962801432543927, -22.74663514059546188 ) ) ;
#2335 = ORIENTED_EDGE ( 'NONE', *, *, #3175, .F. ) ;
#2336 = CYLINDRICAL_SURFACE ( 'NONE', #7267, 0.1750000000000029310 ) ;
#2337 = DIRECTION ( 'NONE',  ( 1.665680818703648634E-16, 7.087759561701499957E-19, -1.000000000000000000 ) ) ;
#2338 = LINE ( 'NONE', #569, #1235 ) ;
#2339 = ORIENTED_EDGE ( 'NONE', *, *, #3770, .F. ) ;
#2340 = DIRECTION ( 'NONE',  ( -0.9998626349648349620, 0.01657441405230474646, 0.000000000000000000 ) ) ;
#2341 = VECTOR ( 'NONE', #2887, 100.0000000000000000 ) ;
#2342 = CARTESIAN_POINT ( 'NONE',  ( 50.25248679141511587, 8.612655886071983957, 0.2000000000000028144 ) ) ;
#2343 = ORIENTED_EDGE ( 'NONE', *, *, #5074, .F. ) ;
#2344 = CARTESIAN_POINT ( 'NONE',  ( 50.92116252624329320, 9.513797165251050458, -0.2099913348460738793 ) ) ;
#2345 = ORIENTED_EDGE ( 'NONE', *, *, #5497, .F. ) ;
#2346 = CARTESIAN_POINT ( 'NONE',  ( 51.16110820666386161, 9.024768638077999228, -1.162685805305334608 ) ) ;
#2347 = CARTESIAN_POINT ( 'NONE',  ( 29.01833197916112184, -2.569776599739957312, 0.3439705406646763608 ) ) ;
#2348 = ORIENTED_EDGE ( 'NONE', *, *, #1870, .T. ) ;
#2349 = CYLINDRICAL_SURFACE ( 'NONE', #3161, 0.4999999999999999445 ) ;
#2350 = EDGE_LOOP ( 'NONE', ( #6126, #6233, #4276, #1260, #4209, #3145, #4880 ) ) ;
#2351 = ADVANCED_FACE ( 'NONE', ( #1146 ), #4977, .F. ) ;
#2352 = CARTESIAN_POINT ( 'NONE',  ( 45.14964117532640842, 3.323196134610093111, -0.2665992371267895678 ) ) ;
#2353 = DIRECTION ( 'NONE',  ( -0.9998626349648348510, 0.01657441405230448625, 0.000000000000000000 ) ) ;
#2354 = CARTESIAN_POINT ( 'NONE',  ( 50.65997360013937367, 9.139503535619466490, -0.1021688854566774329 ) ) ;
#2355 = EDGE_CURVE ( 'NONE', #1500, #1020, #6743, .T. ) ;
#2356 = CARTESIAN_POINT ( 'NONE',  ( 51.16478839485137087, 9.297711587609137851, 0.1895148277721780405 ) ) ;
#2357 = PLANE ( 'NONE',  #2808 ) ;
#2358 = AXIS2_PLACEMENT_3D ( 'NONE', #5911, #5385, #4782 ) ;
#2359 = DIRECTION ( 'NONE',  ( -2.220446049250313081E-16, -9.860761315262647568E-32, -1.000000000000000000 ) ) ;
#2360 = ORIENTED_EDGE ( 'NONE', *, *, #3676, .T. ) ;
#2361 = ORIENTED_EDGE ( 'NONE', *, *, #5110, .T. ) ;
#2362 = FACE_OUTER_BOUND ( 'NONE', #3489, .T. ) ;
#2363 = LINE ( 'NONE', #1706, #5136 ) ;
#2364 = EDGE_CURVE ( 'NONE', #4387, #2898, #397, .T. ) ;
#2365 = CARTESIAN_POINT ( 'NONE',  ( 50.75213648583756054, 8.604373347424306928, 0.2167804176680832029 ) ) ;
#2366 = ORIENTED_EDGE ( 'NONE', *, *, #1373, .T. ) ;
#2367 = EDGE_CURVE ( 'NONE', #5178, #3966, #5434, .T. ) ;
#2368 = DIRECTION ( 'NONE',  ( 0.9998626349648294109, -0.01657441405264604636, 0.000000000000000000 ) ) ;
#2369 = CARTESIAN_POINT ( 'NONE',  ( 30.06460749944761091, 6.246933188713487795, -19.98925470086114586 ) ) ;
#2370 = ORIENTED_EDGE ( 'NONE', *, *, #4925, .F. ) ;
#2371 = CARTESIAN_POINT ( 'NONE',  ( 29.26525717065837640, 0.2593594687610915606, -0.5000000000000032196 ) ) ;
#2372 = CARTESIAN_POINT ( 'NONE',  ( 29.96925571959386758, 0.6383599065346251544, 10.47791452303875914 ) ) ;
#2373 = DIRECTION ( 'NONE',  ( 0.01657441405230579770, 0.9998626349648348510, 3.469446951953803700E-18 ) ) ;
#2374 = VERTEX_POINT ( 'NONE', #3838 ) ;
#2375 = CARTESIAN_POINT ( 'NONE',  ( 27.23884348098842878, -2.307406495602015717, 0.2999999999999999889 ) ) ;
#2376 = CARTESIAN_POINT ( 'NONE',  ( 29.96477847480372603, 0.2477637201773664200, -11.77832148343091845 ) ) ;
#2377 = ORIENTED_EDGE ( 'NONE', *, *, #7304, .T. ) ;
#2378 = CARTESIAN_POINT ( 'NONE',  ( 28.43923997113533275, -2.485493928332777269, 0.000000000000000000 ) ) ;
#2379 = CARTESIAN_POINT ( 'NONE',  ( 29.65605091404955829, 3.813708876401109560, 15.87611325952028807 ) ) ;
#2380 = CARTESIAN_POINT ( 'NONE',  ( 51.29598605696394031, 9.234329805737404584, -0.8598680036727247566 ) ) ;
#2381 = DIRECTION ( 'NONE',  ( 0.01657441405230466666, 0.9998626349648349620, 1.734723475976807094E-18 ) ) ;
#2382 = ORIENTED_EDGE ( 'NONE', *, *, #2316, .T. ) ;
#2383 = CARTESIAN_POINT ( 'NONE',  ( 29.60425586435315282, 3.254152143849728951, -17.15170955780001805 ) ) ;
#2384 = VERTEX_POINT ( 'NONE', #3971 ) ;
#2385 = AXIS2_PLACEMENT_3D ( 'NONE', #4288, #6088, #6644 ) ;
#2386 = CARTESIAN_POINT ( 'NONE',  ( 45.68420687059842322, 3.745361950737152057, -0.2806602857865388989 ) ) ;
#2387 = CARTESIAN_POINT ( 'NONE',  ( 29.22108413575708497, 9.661383120241334055, 21.99999999999999289 ) ) ;
#2388 = AXIS2_PLACEMENT_3D ( 'NONE', #3874, #6150, #3360 ) ;
#2389 = B_SPLINE_CURVE_WITH_KNOTS ( 'NONE', 2,
 ( #1668, #3914, #2879 ),
 .UNSPECIFIED., .F., .F.,
 ( 3, 3 ),
 ( 0.6710009487834682762, 0.8117909662077986699 ),
 .UNSPECIFIED. ) ;
#2390 = EDGE_LOOP ( 'NONE', ( #262, #6320, #5883, #853, #3478, #2478, #7009 ) ) ;
#2391 = CARTESIAN_POINT ( 'NONE',  ( 48.35682992392474233, 6.274385848004511601, -0.6999999999999985123 ) ) ;
#2392 = CARTESIAN_POINT ( 'NONE',  ( 29.57952447209467550, 7.146809560181840659, 19.45676392269215071 ) ) ;
#2393 = CARTESIAN_POINT ( 'NONE',  ( 27.68661175479890701, -1.824979717385858624, -1.300000000000006262 ) ) ;
#2394 = ORIENTED_EDGE ( 'NONE', *, *, #4123, .T. ) ;
#2395 = VERTEX_POINT ( 'NONE', #478 ) ;
#2396 = CARTESIAN_POINT ( 'NONE',  ( 44.94130497950229852, 1.654456205375385736, -0.7000000000000007327 ) ) ;
#2397 = PLANE ( 'NONE',  #4193 ) ;
#2398 = VECTOR ( 'NONE', #6541, 100.0000000000000142 ) ;
#2399 = CARTESIAN_POINT ( 'NONE',  ( 29.61389510529485136, 9.224384929413661283, 21.71010237477396032 ) ) ;
#2400 = ADVANCED_FACE ( 'NONE', ( #2285, #1627 ), #5047, .T. ) ;
#2401 = VERTEX_POINT ( 'NONE', #3357 ) ;
#2402 = AXIS2_PLACEMENT_3D ( 'NONE', #5102, #8, #6386 ) ;
#2403 = ORIENTED_EDGE ( 'NONE', *, *, #2995, .F. ) ;
#2404 = DIRECTION ( 'NONE',  ( -0.01657441405230465972, -0.9998626349648349620, 0.000000000000000000 ) ) ;
#2405 = ADVANCED_FACE ( 'NONE', ( #2146 ), #6246, .F. ) ;
#2406 = CIRCLE ( 'NONE', #404, 0.1750000000000029310 ) ;
#2407 = EDGE_CURVE ( 'NONE', #2431, #4204, #2856, .T. ) ;
#2408 = DIRECTION ( 'NONE',  ( 1.000000000000000000, 0.000000000000000000, 0.000000000000000000 ) ) ;
#2409 = AXIS2_PLACEMENT_3D ( 'NONE', #6902, #1353, #1319 ) ;
#2410 = ORIENTED_EDGE ( 'NONE', *, *, #7219, .F. ) ;
#2411 = CIRCLE ( 'NONE', #6326, 0.4999999999999985567 ) ;
#2412 = EDGE_CURVE ( 'NONE', #1846, #333, #619, .T. ) ;
#2413 = CARTESIAN_POINT ( 'NONE',  ( 29.42213622111535187, -2.343598264957979627, 3.155808947497007545E-15 ) ) ;
#2414 = CARTESIAN_POINT ( 'NONE',  ( 29.54221487901713772, -2.589060118754383577, -1.300000000000007372 ) ) ;
#2415 = CARTESIAN_POINT ( 'NONE',  ( 29.36470365497220314, 6.258535278550102277, -0.5000000000000032196 ) ) ;
#2416 = ORIENTED_EDGE ( 'NONE', *, *, #286, .T. ) ;
#2417 = LINE ( 'NONE', #3041, #1652 ) ;
#2418 = CARTESIAN_POINT ( 'NONE',  ( 40.37801954223973411, 0.5228260298814635387, -0.01406216583142805288 ) ) ;
#2419 = ORIENTED_EDGE ( 'NONE', *, *, #4393, .T. ) ;
#2420 = CYLINDRICAL_SURFACE ( 'NONE', #7102, 0.4999999999999985567 ) ;
#2421 =( BOUNDED_CURVE ( )  B_SPLINE_CURVE ( 3, ( #6023, #4450, #1542, #3862 ),
 .UNSPECIFIED., .F., .F. ) 
 B_SPLINE_CURVE_WITH_KNOTS ( ( 4, 4 ),
 ( 1.587371499803889474, 3.107106715529550645 ),
 .UNSPECIFIED. ) 
 CURVE ( )  GEOMETRIC_REPRESENTATION_ITEM ( )  RATIONAL_B_SPLINE_CURVE ( ( 1.000000000000000000, 0.8166181414471683775, 0.8166181414471683775, 1.000000000000000000 ) ) 
 REPRESENTATION_ITEM ( '' )  );
#2422 = FACE_OUTER_BOUND ( 'NONE', #6141, .T. ) ;
#2423 = CARTESIAN_POINT ( 'NONE',  ( 30.03594555786951403, 8.947779245414299254, 21.49083361213726562 ) ) ;
#2424 = ORIENTED_EDGE ( 'NONE', *, *, #3664, .T. ) ;
#2425 = CARTESIAN_POINT ( 'NONE',  ( 40.56383937031549181, 0.05112971505239363723, 0.05479783180471280851 ) ) ;
#2426 = CARTESIAN_POINT ( 'NONE',  ( 40.54203898306122511, 0.07242773994132563342, 0.1994629970045604939 ) ) ;
#2427 = VERTEX_POINT ( 'NONE', #7297 ) ;
#2428 = CIRCLE ( 'NONE', #2542, 0.4999999999999985567 ) ;
#2429 = DIRECTION ( 'NONE',  ( -0.01657441405230608220, -0.9998626349648349620, 0.000000000000000000 ) ) ;
#2430 = DIRECTION ( 'NONE',  ( -0.01657441405230579770, -0.9998626349648348510, 0.000000000000000000 ) ) ;
#2431 = VERTEX_POINT ( 'NONE', #4385 ) ;
#2432 = DIRECTION ( 'NONE',  ( 0.9998626349648349620, -0.01657441405230464238, 3.341506680459168859E-16 ) ) ;
#2433 = CARTESIAN_POINT ( 'NONE',  ( 29.45289206297297824, -0.4882314940259307456, -17.45197147569836815 ) ) ;
#2434 = FACE_OUTER_BOUND ( 'NONE', #6771, .T. ) ;
#2435 = VERTEX_POINT ( 'NONE', #5579 ) ;
#2436 = ORIENTED_EDGE ( 'NONE', *, *, #3126, .F. ) ;
#2437 = DIRECTION ( 'NONE',  ( -3.382917932875482834E-16, -2.470467893844505313E-16, 1.000000000000000000 ) ) ;
#2438 = CARTESIAN_POINT ( 'NONE',  ( 29.60571985860492816, 8.731207694243703799, 21.36603401594301133 ) ) ;
#2439 = CARTESIAN_POINT ( 'NONE',  ( 39.74338221018398798, 0.2620762191558750343, -0.7000000000000028422 ) ) ;
#2440 = ORIENTED_EDGE ( 'NONE', *, *, #1819, .F. ) ;
#2441 = CARTESIAN_POINT ( 'NONE',  ( 29.42090527368691966, -2.417855993491669242, 0.5099841058567725627 ) ) ;
#2442 = CARTESIAN_POINT ( 'NONE',  ( 29.40945457291341825, 8.958164392955156430, -0.5000000000000032196 ) ) ;
#2443 = EDGE_LOOP ( 'NONE', ( #197, #3729, #4478, #1402 ) ) ;
#2444 = CARTESIAN_POINT ( 'NONE',  ( 50.82791525886369755, 9.378903448242926544, 0.2253817826801025048 ) ) ;
#2445 = CARTESIAN_POINT ( 'NONE',  ( 30.04736538869588358, 6.246921674498820742, 19.29037837007849987 ) ) ;
#2446 = EDGE_CURVE ( 'NONE', #5096, #6590, #1112, .T. ) ;
#2447 = CARTESIAN_POINT ( 'NONE',  ( 48.66335256864446279, 6.614704221257329486, -0.2496576537089087444 ) ) ;
#2448 = EDGE_CURVE ( 'NONE', #1473, #4655, #5787, .T. ) ;
#2449 = EDGE_LOOP ( 'NONE', ( #6903, #3567, #982, #6715, #3741 ) ) ;
#2450 = LINE ( 'NONE', #4774, #5545 ) ;
#2451 = VERTEX_POINT ( 'NONE', #4460 ) ;
#2452 = LINE ( 'NONE', #2598, #507 ) ;
#2453 = ORIENTED_EDGE ( 'NONE', *, *, #3575, .T. ) ;
#2454 = DIRECTION ( 'NONE',  ( 3.330499076652585451E-16, -3.785903644536287438E-18, -1.000000000000000000 ) ) ;
#2455 = DIRECTION ( 'NONE',  ( -0.9998626349648348510, 0.01657441405230464584, 0.000000000000000000 ) ) ;
#2456 = EDGE_CURVE ( 'NONE', #5225, #5374, #5052, .T. ) ;
#2457 = B_SPLINE_CURVE_WITH_KNOTS ( 'NONE', 2,
 ( #3589, #264, #5856 ),
 .UNSPECIFIED., .F., .F.,
 ( 3, 3 ),
 ( 0.000000000000000000, 0.3687395355907479577 ),
 .UNSPECIFIED. ) ;
#2458 = ORIENTED_EDGE ( 'NONE', *, *, #7222, .F. ) ;
#2459 = CARTESIAN_POINT ( 'NONE',  ( 29.93550407257124490, 0.2482489929006059526, 10.78009954068491716 ) ) ;
#2460 = EDGE_CURVE ( 'NONE', #3173, #5400, #4480, .T. ) ;
#2461 = AXIS2_PLACEMENT_3D ( 'NONE', #6032, #7063, #406 ) ;
#2462 = CARTESIAN_POINT ( 'NONE',  ( 29.51495293980818602, 3.255632490840011606, -17.35602955787456025 ) ) ;
#2463 = ORIENTED_EDGE ( 'NONE', *, *, #5566, .F. ) ;
#2464 = CARTESIAN_POINT ( 'NONE',  ( 29.02219116712941371, -2.336968499337057192, 3.089195566019497995E-15 ) ) ;
#2465 = VECTOR ( 'NONE', #7302, 100.0000000000000000 ) ;
#2466 = CARTESIAN_POINT ( 'NONE',  ( 45.55983822428877517, 3.644929152054469768, -0.7636067882582067146 ) ) ;
#2467 = CYLINDRICAL_SURFACE ( 'NONE', #6135, 0.4999999999999999445 ) ;
#2468 = DIRECTION ( 'NONE',  ( 0.01657441405230464931, 0.9998626349648349620, 3.469446951953613804E-18 ) ) ;
#2469 = CARTESIAN_POINT ( 'NONE',  ( 36.18662385841152940, -1.261647468968080776, -1.242133333333343970 ) ) ;
#2470 = ORIENTED_EDGE ( 'NONE', *, *, #2673, .F. ) ;
#2471 = EDGE_LOOP ( 'NONE', ( #2775, #2207, #3315, #610, #2228 ) ) ;
#2472 = FACE_OUTER_BOUND ( 'NONE', #4341, .T. ) ;
#2473 = CARTESIAN_POINT ( 'NONE',  ( 39.87400127076512746, 0.3138477713160403582, -0.7160237075717182931 ) ) ;
#2474 = ORIENTED_EDGE ( 'NONE', *, *, #3451, .T. ) ;
#2475 = CIRCLE ( 'NONE', #5556, 0.5000000000000004441 ) ;
#2476 = CARTESIAN_POINT ( 'NONE',  ( 41.03893530837986248, -0.1725196525909055978, -0.7000000000000025091 ) ) ;
#2477 = DIRECTION ( 'NONE',  ( -0.000000000000000000, -0.000000000000000000, -1.000000000000000000 ) ) ;
#2478 = ORIENTED_EDGE ( 'NONE', *, *, #96, .F. ) ;
#2479 = DIRECTION ( 'NONE',  ( -0.01657441405230484707, -0.9998626349648348510, -2.550043509685906922E-16 ) ) ;
#2480 = CIRCLE ( 'NONE', #6636, 0.4999999999999985567 ) ;
#2481 = FACE_OUTER_BOUND ( 'NONE', #6537, .T. ) ;
#2482 = FACE_OUTER_BOUND ( 'NONE', #3782, .T. ) ;
#2483 = ORIENTED_EDGE ( 'NONE', *, *, #5201, .T. ) ;
#2484 = CARTESIAN_POINT ( 'NONE',  ( 29.41452373806752618, -10.34457114643315911, -0.8250000000000035083 ) ) ;
#2485 = CARTESIAN_POINT ( 'NONE',  ( 30.04736538869590134, 6.246921674498820742, -20.29037837007850342 ) ) ;
#2486 = EDGE_CURVE ( 'NONE', #5313, #728, #4156, .T. ) ;
#2487 = EDGE_CURVE ( 'NONE', #4713, #6521, #1709, .T. ) ;
#2488 = CARTESIAN_POINT ( 'NONE',  ( 40.55045158031593644, 0.4732239127485872721, -1.170338983050845050 ) ) ;
#2489 = ORIENTED_EDGE ( 'NONE', *, *, #700, .T. ) ;
#2490 = ADVANCED_FACE ( 'NONE', ( #3461 ), #5195, .F. ) ;
#2491 = CARTESIAN_POINT ( 'NONE',  ( 40.32804856955544892, 0.5014675194959505866, -1.042063443148836255 ) ) ;
#2492 = CARTESIAN_POINT ( 'NONE',  ( 29.57952447209468261, 7.089676136713428001, 19.40512552919476974 ) ) ;
#2493 = CARTESIAN_POINT ( 'NONE',  ( 29.46522969765135613, 0.2560445859506310096, -12.27921898938788203 ) ) ;
#2494 = LINE ( 'NONE', #247, #6441 ) ;
#2495 = EDGE_CURVE ( 'NONE', #5433, #3411, #6980, .T. ) ;
#2496 = EDGE_CURVE ( 'NONE', #7091, #2374, #6497, .T. ) ;
#2497 = CARTESIAN_POINT ( 'NONE',  ( 40.24572841237873178, 0.4665809341019984124, -1.233333333333342274 ) ) ;
#2498 = ORIENTED_EDGE ( 'NONE', *, *, #243, .F. ) ;
#2499 = EDGE_CURVE ( 'NONE', #318, #5477, #4711, .T. ) ;
#2500 = DIRECTION ( 'NONE',  ( 0.01657441405230466319, 0.9998626349648349620, 1.734723475976807094E-18 ) ) ;
#2501 = CARTESIAN_POINT ( 'NONE',  ( 29.96922884143840093, 3.130492872183095798, -16.95333417766114081 ) ) ;
#2502 = VERTEX_POINT ( 'NONE', #1801 ) ;
#2503 = CARTESIAN_POINT ( 'NONE',  ( 27.51161175479890275, -1.824979717385858624, -1.000000000000006217 ) ) ;
#2504 = CARTESIAN_POINT ( 'NONE',  ( 43.32035187062144388, 0.9000505734030583849, -0.3000000000000015432 ) ) ;
#2505 = CARTESIAN_POINT ( 'NONE',  ( 39.74045872950771496, 0.08571528820440708907, -0.7000000000000028422 ) ) ;
#2506 = EDGE_LOOP ( 'NONE', ( #845, #6706, #1852, #818 ) ) ;
#2507 = VERTEX_POINT ( 'NONE', #6330 ) ;
#2508 = CARTESIAN_POINT ( 'NONE',  ( 42.74684187739693897, 3.936415200640302370, 0.1999999999999990952 ) ) ;
#2509 = VECTOR ( 'NONE', #6550, 100.0000000000000000 ) ;
#2510 = CARTESIAN_POINT ( 'NONE',  ( 40.05297061996042629, 0.3863912737407190767, -0.8043114876580655936 ) ) ;
#2511 = ORIENTED_EDGE ( 'NONE', *, *, #5061, .F. ) ;
#2512 = CARTESIAN_POINT ( 'NONE',  ( 29.77175451392145078, 6.251787722195214059, 18.98925470086113876 ) ) ;
#2513 = DIRECTION ( 'NONE',  ( 0.9998626349648348510, -0.01657441405230464584, 3.341506680459168366E-16 ) ) ;
#2514 = ORIENTED_EDGE ( 'NONE', *, *, #642, .F. ) ;
#2515 = CARTESIAN_POINT ( 'NONE',  ( 39.74338221018398798, 0.2620762191558760890, -0.3000000000000028755 ) ) ;
#2516 = DIRECTION ( 'NONE',  ( -0.01657441405230608913, -0.9998626349648349620, 0.000000000000000000 ) ) ;
#2517 = VECTOR ( 'NONE', #6130, 100.0000000000000142 ) ;
#2518 = CARTESIAN_POINT ( 'NONE',  ( 29.54496785172415940, 5.066302166511779781, -18.43393758446877229 ) ) ;
#2519 = CARTESIAN_POINT ( 'NONE',  ( 29.55638897493903627, 5.755289078257224133, 18.48925470086113876 ) ) ;
#2520 = ORIENTED_EDGE ( 'NONE', *, *, #299, .T. ) ;
#2521 = AXIS2_PLACEMENT_3D ( 'NONE', #4513, #3337, #7285 ) ;
#2522 = VECTOR ( 'NONE', #1915, 100.0000000000000000 ) ;
#2523 = CARTESIAN_POINT ( 'NONE',  ( 29.01933678112427373, -2.509161247949268425, -1.392463032244314780 ) ) ;
#2524 = CARTESIAN_POINT ( 'NONE',  ( 30.01463735940727062, 3.647404330131696959, -16.95182505783794724 ) ) ;
#2525 = VECTOR ( 'NONE', #4631, 100.0000000000000142 ) ;
#2526 = CARTESIAN_POINT ( 'NONE',  ( 45.46353341854216268, 2.991257798605200691, 0.1999999999999996225 ) ) ;
#2527 = EDGE_LOOP ( 'NONE', ( #302, #1923, #235, #2715 ) ) ;
#2528 = VECTOR ( 'NONE', #5159, 100.0000000000000142 ) ;
#2529 = LINE ( 'NONE', #4850, #4245 ) ;
#2530 = CYLINDRICAL_SURFACE ( 'NONE', #6915, 16.16641791636912018 ) ;
#2531 = CARTESIAN_POINT ( 'NONE',  ( 30.04883720167204686, 8.947565544617084754, 21.46338268617896361 ) ) ;
#2532 = EDGE_CURVE ( 'NONE', #3680, #3944, #1802, .T. ) ;
#2533 = CARTESIAN_POINT ( 'NONE',  ( 29.11429555651360701, 3.219290513553822120, 16.51027643818689938 ) ) ;
#2534 = B_SPLINE_CURVE_WITH_KNOTS ( 'NONE', 3,
 ( #5391, #6591, #5466, #6553 ),
 .UNSPECIFIED., .F., .F.,
 ( 4, 4 ),
 ( 0.001999999999999916341, 0.009339821587819083226 ),
 .UNSPECIFIED. ) ;
#2535 = ORIENTED_EDGE ( 'NONE', *, *, #6623, .F. ) ;
#2536 = CARTESIAN_POINT ( 'NONE',  ( 45.69322904637066785, 2.782888083651689826, -0.2039246650226195501 ) ) ;
#2537 = CARTESIAN_POINT ( 'NONE',  ( 29.51537705487185548, 3.281217516325200201, -17.38677933171711842 ) ) ;
#2538 = EDGE_CURVE ( 'NONE', #3028, #7098, #6050, .T. ) ;
#2539 = ORIENTED_EDGE ( 'NONE', *, *, #1516, .F. ) ;
#2540 = CARTESIAN_POINT ( 'NONE',  ( 27.86161175479890773, -1.824979717385858624, -1.300000000000006262 ) ) ;
#2541 = CARTESIAN_POINT ( 'NONE',  ( 29.46109986238636225, 0.006909506002096381383, -12.27921898938790157 ) ) ;
#2542 = AXIS2_PLACEMENT_3D ( 'NONE', #1453, #1491, #3738 ) ;
#2543 = CARTESIAN_POINT ( 'NONE',  ( 51.16445146266697463, 9.297634698148190324, 0.2000000000000032863 ) ) ;
#2544 = ORIENTED_EDGE ( 'NONE', *, *, #13, .F. ) ;
#2545 = ORIENTED_EDGE ( 'NONE', *, *, #5311, .T. ) ;
#2546 = CARTESIAN_POINT ( 'NONE',  ( 40.76048524534686379, -0.3034283397540648020, -0.3000000000000026534 ) ) ;
#2547 = CARTESIAN_POINT ( 'NONE',  ( 30.04364942460926002, 3.634715583514160908, 15.65027219720725959 ) ) ;
#2548 = ADVANCED_FACE ( 'NONE', ( #1295 ), #2975, .T. ) ;
#2549 = ORIENTED_EDGE ( 'NONE', *, *, #2364, .T. ) ;
#2550 = CARTESIAN_POINT ( 'NONE',  ( 29.67492890360045266, 9.166560309186138511, -22.26005441568530685 ) ) ;
#2551 = EDGE_CURVE ( 'NONE', #6944, #2328, #5808, .T. ) ;
#2552 = DIRECTION ( 'NONE',  ( 1.665393298452077782E-16, -1.025709229455379565E-18, -1.000000000000000000 ) ) ;
#2553 = ORIENTED_EDGE ( 'NONE', *, *, #6758, .T. ) ;
#2554 = DIRECTION ( 'NONE',  ( -0.01657441405230464238, -0.9998626349648349620, 0.000000000000000000 ) ) ;
#2555 = CYLINDRICAL_SURFACE ( 'NONE', #5266, 0.4999999999999985567 ) ;
#2556 = CARTESIAN_POINT ( 'NONE',  ( 46.07509337957937845, 3.104439888300515094, -0.2622714650562321670 ) ) ;
#2557 = CARTESIAN_POINT ( 'NONE',  ( 51.16495597621619851, 9.297873703681396762, -1.184275066162314038 ) ) ;
#2558 = EDGE_LOOP ( 'NONE', ( #1078, #4908, #5057, #6970 ) ) ;
#2559 = FACE_OUTER_BOUND ( 'NONE', #5491, .T. ) ;
#2560 = EDGE_LOOP ( 'NONE', ( #3945, #2588 ) ) ;
#2561 = CARTESIAN_POINT ( 'NONE',  ( 30.11054265503054950, 9.646638841111791152, -22.50000000000001066 ) ) ;
#2562 = DIRECTION ( 'NONE',  ( 0.01657441405230465278, 0.9998626349648350731, 3.469446951953613418E-18 ) ) ;
#2563 = ORIENTED_EDGE ( 'NONE', *, *, #4303, .T. ) ;
#2564 = CARTESIAN_POINT ( 'NONE',  ( 51.11470380752408715, 9.798528041614362749, -0.6999999999999966249 ) ) ;
#2565 = CARTESIAN_POINT ( 'NONE',  ( 29.79465665537756180, 6.735534227554548892, 19.08134434993627337 ) ) ;
#2566 = LINE ( 'NONE', #7054, #4413 ) ;
#2567 = CARTESIAN_POINT ( 'NONE',  ( 29.45694249062516690, -0.2438867315342285735, -11.72997687891023233 ) ) ;
#2568 = VERTEX_POINT ( 'NONE', #5233 ) ;
#2569 = CARTESIAN_POINT ( 'NONE',  ( 29.82954176466262197, -2.841692990704773436, 5.753854040569953847E-16 ) ) ;
#2570 = CARTESIAN_POINT ( 'NONE',  ( 45.42803154451506487, 2.567560637125292811, -0.2957203607139672341 ) ) ;
#2571 = CIRCLE ( 'NONE', #7322, 21.35764531748080230 ) ;
#2572 = ORIENTED_EDGE ( 'NONE', *, *, #3440, .T. ) ;
#2573 = CARTESIAN_POINT ( 'NONE',  ( 29.51628296686843456, 3.335867264561421575, 15.97219194268983067 ) ) ;
#2574 = CARTESIAN_POINT ( 'NONE',  ( 29.46712674854923719, -0.01892790751510547292, -12.19732725391454586 ) ) ;
#2575 = EDGE_CURVE ( 'NONE', #5374, #3198, #6839, .T. ) ;
#2576 = CARTESIAN_POINT ( 'NONE',  ( 29.64201845066001084, 6.027786618800578644, -20.21731972933168819 ) ) ;
#2577 = EDGE_CURVE ( 'NONE', #1718, #5594, #5275, .T. ) ;
#2578 = EDGE_LOOP ( 'NONE', ( #2361, #117, #822, #1128, #6796, #1524, #5833, #7059, #2968, #3736, #2178, #1757, #5086, #7340, #815, #5749, #787, #6353, #1292, #535, #2697, #1924, #1785, #3254, #3851, #1113 ) ) ;
#2579 = ORIENTED_EDGE ( 'NONE', *, *, #3178, .F. ) ;
#2580 = ADVANCED_FACE ( 'NONE', ( #173 ), #213, .F. ) ;
#2581 = DIRECTION ( 'NONE',  ( 0.9998626349648349620, -0.01657441405230464931, 3.341506680459168859E-16 ) ) ;
#2582 = CARTESIAN_POINT ( 'NONE',  ( 29.84209239268534830, 3.613745036667282751, 15.61804098377555228 ) ) ;
#2583 = ORIENTED_EDGE ( 'NONE', *, *, #4698, .F. ) ;
#2584 = VECTOR ( 'NONE', #388, 100.0000000000000000 ) ;
#2585 = CARTESIAN_POINT ( 'NONE',  ( 49.17692562738010054, 6.764742518066692689, -0.2967613680031131462 ) ) ;
#2586 = FACE_OUTER_BOUND ( 'NONE', #6926, .T. ) ;
#2587 = ADVANCED_FACE ( 'NONE', ( #5312 ), #1245, .F. ) ;
#2588 = ORIENTED_EDGE ( 'NONE', *, *, #7176, .T. ) ;
#2589 = FACE_OUTER_BOUND ( 'NONE', #4564, .T. ) ;
#2590 = CARTESIAN_POINT ( 'NONE',  ( 29.75598082980539516, 3.727261744758124440, 15.76580061717572612 ) ) ;
#2591 = CARTESIAN_POINT ( 'NONE',  ( 29.36470365497220314, 6.258535278550102277, -0.5000000000000032196 ) ) ;
#2592 = LINE ( 'NONE', #1220, #269 ) ;
#2593 = EDGE_CURVE ( 'NONE', #849, #2312, #3566, .T. ) ;
#2594 = ORIENTED_EDGE ( 'NONE', *, *, #1334, .T. ) ;
#2595 = ORIENTED_EDGE ( 'NONE', *, *, #6167, .T. ) ;
#2596 = CARTESIAN_POINT ( 'NONE',  ( 40.18618219098620159, 0.4415779212872379955, -0.04041209202143360157 ) ) ;
#2597 = CARTESIAN_POINT ( 'NONE',  ( 41.06331707074737380, 0.06378667409930842414, 0.1364066599517899381 ) ) ;
#2598 = CARTESIAN_POINT ( 'NONE',  ( 30.04737031611200493, 6.247218924177250443, -20.29037837007851053 ) ) ;
#2599 = VERTEX_POINT ( 'NONE', #399 ) ;
#2600 = B_SPLINE_CURVE_WITH_KNOTS ( 'NONE', 3,
 ( #3223, #491, #1638, #2699 ),
 .UNSPECIFIED., .F., .F.,
 ( 4, 4 ),
 ( 0.000000000000000000, 0.0008033093462892183182 ),
 .UNSPECIFIED. ) ;
#2601 = AXIS2_PLACEMENT_3D ( 'NONE', #6655, #2785, #7213 ) ;
#2602 = CARTESIAN_POINT ( 'NONE',  ( 29.81243586272524482, 6.183488279898914364, -20.35769687038448694 ) ) ;
#2603 = CARTESIAN_POINT ( 'NONE',  ( 29.43854127791119524, -1.353952219983621807, -2.500000000000004441 ) ) ;
#2604 = CARTESIAN_POINT ( 'NONE',  ( 29.61300358919094577, 8.570754375921424639, 20.66806420072044759 ) ) ;
#2605 = CARTESIAN_POINT ( 'NONE',  ( 29.72819705709908078, 3.747068201427037337, -16.79108721724890785 ) ) ;
#2606 = CARTESIAN_POINT ( 'NONE',  ( 29.75768964650868753, 9.517669813653888866, 21.40028705157121536 ) ) ;
#2607 = EDGE_LOOP ( 'NONE', ( #3387, #4947, #7177, #1790 ) ) ;
#2608 = CARTESIAN_POINT ( 'NONE',  ( 27.68661175479890701, -1.824979717385858624, 0.2999999999999999889 ) ) ;
#2609 = CARTESIAN_POINT ( 'NONE',  ( 51.62819232965971850, 9.765534048217926255, -0.2999999999999963807 ) ) ;
#2610 = ORIENTED_EDGE ( 'NONE', *, *, #6802, .T. ) ;
#2611 = CARTESIAN_POINT ( 'NONE',  ( 29.96923150323160812, 3.130503178430627642, 15.95333407831603623 ) ) ;
#2612 = CARTESIAN_POINT ( 'NONE',  ( 40.58636119449371193, 0.02836676869512387567, -0.9939530022295152145 ) ) ;
#2613 = CARTESIAN_POINT ( 'NONE',  ( 29.60957237918229268, 5.972541388808680018, -20.16742669010505296 ) ) ;
#2614 = ORIENTED_EDGE ( 'NONE', *, *, #2367, .F. ) ;
#2615 = ORIENTED_EDGE ( 'NONE', *, *, #5215, .F. ) ;
#2616 = CARTESIAN_POINT ( 'NONE',  ( 45.78455171353258635, 3.385991331051230180, -1.199999999999999956 ) ) ;
#2617 = CARTESIAN_POINT ( 'NONE',  ( 29.53085573251851770, 3.363369558565041384, 15.27266336374574252 ) ) ;
#2618 = ORIENTED_EDGE ( 'NONE', *, *, #1695, .T. ) ;
#2619 = CARTESIAN_POINT ( 'NONE',  ( 29.60809080677011096, 8.874236731219561136, -22.46714333090184113 ) ) ;
#2620 = CARTESIAN_POINT ( 'NONE',  ( 45.46303412731425908, 2.991266075201659991, -1.222340780251642611 ) ) ;
#2621 = VERTEX_POINT ( 'NONE', #4266 ) ;
#2622 = CARTESIAN_POINT ( 'NONE',  ( 30.07123726506853600, 6.646878242699422401, -20.28977609426087270 ) ) ;
#2623 = CARTESIAN_POINT ( 'NONE',  ( 30.02370493687717001, -2.353570283740600733, -0.5000000000000032196 ) ) ;
#2624 = CARTESIAN_POINT ( 'NONE',  ( 49.16759190977720095, 6.118199508203614911, -0.4322252962087602679 ) ) ;
#2625 = CARTESIAN_POINT ( 'NONE',  ( 40.27037592089061491, 0.4769859681717054101, -1.200000000000002398 ) ) ;
#2626 = EDGE_LOOP ( 'NONE', ( #3194, #3742, #2773, #5841, #6412 ) ) ;
#2627 = EDGE_CURVE ( 'NONE', #808, #2952, #1663, .T. ) ;
#2628 = EDGE_CURVE ( 'NONE', #808, #3916, #4365, .T. ) ;
#2629 = CIRCLE ( 'NONE', #3809, 19.80215235425126963 ) ;
#2630 = ORIENTED_EDGE ( 'NONE', *, *, #2151, .T. ) ;
#2631 = DIRECTION ( 'NONE',  ( -0.01657441405230573872, -0.9998626349648349620, -1.322917018107035287E-18 ) ) ;
#2632 = CARTESIAN_POINT ( 'NONE',  ( 40.99722724009564701, -0.1921366347010487197, -0.3000000000029370839 ) ) ;
#2633 = ADVANCED_FACE ( 'NONE', ( #6547 ), #1948, .F. ) ;
#2634 = LINE ( 'NONE', #6339, #3070 ) ;
#2635 = ORIENTED_EDGE ( 'NONE', *, *, #336, .F. ) ;
#2636 = DIRECTION ( 'NONE',  ( -1.000000000000000000, 0.000000000000000000, 0.000000000000000000 ) ) ;
#2637 = CARTESIAN_POINT ( 'NONE',  ( 29.78095860322490651, 6.745394531694877571, 19.09037926800747798 ) ) ;
#2638 = CARTESIAN_POINT ( 'NONE',  ( 29.69112161073494249, 8.734527172172040110, 20.79927766344631479 ) ) ;
#2639 = MECHANICAL_DESIGN_GEOMETRIC_PRESENTATION_REPRESENTATION (  '', ( #6323 ), #2057 ) ;
#2640 = VECTOR ( 'NONE', #1226, 100.0000000000000142 ) ;
#2641 = DIRECTION ( 'NONE',  ( -3.372764553633511840E-16, -2.511834186424162314E-16, 1.000000000000000000 ) ) ;
#2642 = AXIS2_PLACEMENT_3D ( 'NONE', #6097, #568, #5527 ) ;
#2643 = CARTESIAN_POINT ( 'NONE',  ( 29.96516101514953689, 0.2477573789242166757, -11.84356860246805709 ) ) ;
#2644 = ORIENTED_EDGE ( 'NONE', *, *, #2141, .T. ) ;
#2645 = CARTESIAN_POINT ( 'NONE',  ( 30.14404579061175582, -1.868616763265141367, 0.2999999999999999889 ) ) ;
#2646 = CARTESIAN_POINT ( 'NONE',  ( 30.08909389536838574, -2.364936302958357217, 0.2999999999999999889 ) ) ;
#2647 = ORIENTED_EDGE ( 'NONE', *, *, #4568, .T. ) ;
#2648 = CARTESIAN_POINT ( 'NONE',  ( 29.22216369412238279, -2.340283382147479330, -0.5000000000000032196 ) ) ;
#2649 = CARTESIAN_POINT ( 'NONE',  ( 28.78118743939269208, -9.333935142334325974, -0.1750000000000037081 ) ) ;
#2650 = EDGE_CURVE ( 'NONE', #7283, #3473, #7200, .T. ) ;
#2651 = CARTESIAN_POINT ( 'NONE',  ( 29.81243586272524482, 6.183488279898914364, -20.35769687038448694 ) ) ;
#2652 = ORIENTED_EDGE ( 'NONE', *, *, #467, .F. ) ;
#2653 = VERTEX_POINT ( 'NONE', #3789 ) ;
#2654 = DIRECTION ( 'NONE',  ( 0.01657441405230464238, 0.9998626349648350731, 0.000000000000000000 ) ) ;
#2655 = B_SPLINE_CURVE_WITH_KNOTS ( 'NONE', 2,
 ( #1371, #2504, #5282 ),
 .UNSPECIFIED., .F., .F.,
 ( 3, 3 ),
 ( 0.4023990127107522352, 0.6105976012729947833 ),
 .UNSPECIFIED. ) ;
#2656 = CARTESIAN_POINT ( 'NONE',  ( 44.96666634055321765, 3.184397306558728324, -0.7000000000000003997 ) ) ;
#2657 = ORIENTED_EDGE ( 'NONE', *, *, #6528, .F. ) ;
#2658 = VECTOR ( 'NONE', #3176, 100.0000000000000142 ) ;
#2659 = CARTESIAN_POINT ( 'NONE',  ( 29.60771863244192659, 8.851785065353457327, -22.45134486921678274 ) ) ;
#2660 = DIRECTION ( 'NONE',  ( -1.000000000000000000, 0.000000000000000000, -3.382917932875483327E-16 ) ) ;
#2661 = VERTEX_POINT ( 'NONE', #5348 ) ;
#2662 = LINE ( 'NONE', #2118, #3697 ) ;
#2663 = CARTESIAN_POINT ( 'NONE',  ( 29.61478324912965121, 9.277962801432877882, 21.74663514059545122 ) ) ;
#2664 = CARTESIAN_POINT ( 'NONE',  ( 50.92127171477952885, 9.513956124006133663, -0.7899015313592658849 ) ) ;
#2665 = FACE_OUTER_BOUND ( 'NONE', #149, .T. ) ;
#2666 = ORIENTED_EDGE ( 'NONE', *, *, #3178, .T. ) ;
#2667 = PLANE ( 'NONE',  #3174 ) ;
#2668 = CARTESIAN_POINT ( 'NONE',  ( 40.98806621021854113, 0.06503408436978259932, -0.1657669687871632380 ) ) ;
#2669 = CARTESIAN_POINT ( 'NONE',  ( 29.45289206297297468, -0.4882314940259307456, 3.155808947497007545E-15 ) ) ;
#2670 = VERTEX_POINT ( 'NONE', #4195 ) ;
#2671 = EDGE_CURVE ( 'NONE', #371, #2427, #6229, .T. ) ;
#2672 = CARTESIAN_POINT ( 'NONE',  ( 29.96516101513061869, 0.2477573789245302582, 10.84356860246838217 ) ) ;
#2673 = EDGE_CURVE ( 'NONE', #1376, #6385, #841, .T. ) ;
#2674 = DIRECTION ( 'NONE',  ( -0.01657441405230464238, -0.9998626349648349620, 0.000000000000000000 ) ) ;
#2675 = CARTESIAN_POINT ( 'NONE',  ( 30.03460221568814603, 8.943563363612264894, 20.96749026911697200 ) ) ;
#2676 = CARTESIAN_POINT ( 'NONE',  ( 46.26952356825763246, 3.273591535754742043, -0.2999999999999999334 ) ) ;
#2677 = CARTESIAN_POINT ( 'NONE',  ( 48.40374646376343293, 6.325614241945714866, -0.7000000000050324855 ) ) ;
#2678 = CARTESIAN_POINT ( 'NONE',  ( 29.99701183577151298, 9.326669927048607533, 21.26023453006369124 ) ) ;
#2679 = EDGE_CURVE ( 'NONE', #5594, #1934, #126, .T. ) ;
#2680 = ORIENTED_EDGE ( 'NONE', *, *, #5260, .F. ) ;
#2681 = DIRECTION ( 'NONE',  ( 0.9998626349648349620, -0.01657441405230465972, 0.000000000000000000 ) ) ;
#2682 = DIRECTION ( 'NONE',  ( 0.9998626349648349620, -0.01657441405230464931, 0.000000000000000000 ) ) ;
#2683 = EDGE_CURVE ( 'NONE', #3999, #646, #4230, .T. ) ;
#2684 = ORIENTED_EDGE ( 'NONE', *, *, #1236, .F. ) ;
#2685 = LINE ( 'NONE', #4937, #5649 ) ;
#2686 = CARTESIAN_POINT ( 'NONE',  ( 29.68868553434429458, 0.1727347620516996030, -11.86069187240844336 ) ) ;
#2687 = CARTESIAN_POINT ( 'NONE',  ( 29.66834073983633502, 6.063163154962093238, -20.24921573046129097 ) ) ;
#2688 = VERTEX_POINT ( 'NONE', #2022 ) ;
#2689 = ORIENTED_EDGE ( 'NONE', *, *, #3666, .F. ) ;
#2690 = CARTESIAN_POINT ( 'NONE',  ( 41.04285810721555805, 0.06412581601820729893, 0.1999999999999975409 ) ) ;
#2691 = AXIS2_PLACEMENT_3D ( 'NONE', #5281, #255, #5846 ) ;
#2692 = CARTESIAN_POINT ( 'NONE',  ( 29.96516101513379482, 0.2477573789244775226, -11.74609225170760496 ) ) ;
#2693 = VERTEX_POINT ( 'NONE', #1508 ) ;
#2694 = CARTESIAN_POINT ( 'NONE',  ( 49.16678803138748322, 6.396570569235277226, -0.05083484387363387813 ) ) ;
#2695 = VECTOR ( 'NONE', #2914, 100.0000000000000142 ) ;
#2696 = CARTESIAN_POINT ( 'NONE',  ( 29.46097800161226488, -0.0004418268563660053246, 11.26365430428477943 ) ) ;
#2697 = ORIENTED_EDGE ( 'NONE', *, *, #865, .T. ) ;
#2698 = CARTESIAN_POINT ( 'NONE',  ( 30.14404579061175582, -1.868616763265141367, -1.300000000000007150 ) ) ;
#2699 = CARTESIAN_POINT ( 'NONE',  ( 29.99558813191476858, 3.327921970892876224, -16.95239721201884819 ) ) ;
#2700 = PLANE ( 'NONE',  #4518 ) ;
#2701 = DIRECTION ( 'NONE',  ( 0.01657441405230466666, 0.9998626349648349620, 1.734723475976807480E-18 ) ) ;
#2702 = ORIENTED_EDGE ( 'NONE', *, *, #6725, .F. ) ;
#2703 = CARTESIAN_POINT ( 'NONE',  ( 44.95531489403359160, 2.499613688148935697, -0.7000000000000005107 ) ) ;
#2704 = CARTESIAN_POINT ( 'NONE',  ( 45.62835096448771566, 2.729626136949673487, -0.7615164212502949503 ) ) ;
#2705 = ORIENTED_EDGE ( 'NONE', *, *, #299, .F. ) ;
#2706 = CARTESIAN_POINT ( 'NONE',  ( 51.93437100625460090, 10.27478996622798668, 0.1924863669562701107 ) ) ;
#2707 = CARTESIAN_POINT ( 'NONE',  ( 27.23884348098842878, -1.317488509068562408, 0.2999999999999999889 ) ) ;
#2708 = CARTESIAN_POINT ( 'NONE',  ( 30.31904579061175298, -1.868616763265141367, -1.300000000000007150 ) ) ;
#2709 = EDGE_CURVE ( 'NONE', #4100, #3547, #3834, .T. ) ;
#2710 = DIRECTION ( 'NONE',  ( 1.665393298452077782E-16, -1.025709229455379180E-18, -1.000000000000000000 ) ) ;
#2711 = ADVANCED_FACE ( 'NONE', ( #7290 ), #4006, .F. ) ;
#2712 = VECTOR ( 'NONE', #5123, 100.0000000000000142 ) ;
#2713 = CARTESIAN_POINT ( 'NONE',  ( 29.70266715295159443, 3.556571241833708097, -16.53873825816145526 ) ) ;
#2714 = DIRECTION ( 'NONE',  ( -0.9998626349648348510, 0.01657441405230573525, 0.000000000000000000 ) ) ;
#2715 = ORIENTED_EDGE ( 'NONE', *, *, #7036, .T. ) ;
#2716 = CARTESIAN_POINT ( 'NONE',  ( 29.59193091380768337, 6.506834614641203274, -20.63477783117494369 ) ) ;
#2717 = CARTESIAN_POINT ( 'NONE',  ( 30.23782383506047822, -2.357119666576611650, 0.2999999999999999334 ) ) ;
#2718 = VECTOR ( 'NONE', #1224, 100.0000000000000142 ) ;
#2719 = B_SPLINE_CURVE_WITH_KNOTS ( 'NONE', 2,
 ( #6228, #6781, #147 ),
 .UNSPECIFIED., .F., .F.,
 ( 3, 3 ),
 ( 0.9458531777683888420, 0.9585772340791319790 ),
 .UNSPECIFIED. ) ;
#2720 = ORIENTED_EDGE ( 'NONE', *, *, #6530, .F. ) ;
#2721 = EDGE_CURVE ( 'NONE', #1793, #3937, #2135, .T. ) ;
#2722 = ADVANCED_FACE ( 'NONE', ( #1579 ), #4930, .F. ) ;
#2723 = DIRECTION ( 'NONE',  ( -0.9998626349648349620, 0.01657441405230491993, 0.000000000000000000 ) ) ;
#2724 = EDGE_CURVE ( 'NONE', #531, #112, #2214, .T. ) ;
#2725 = CARTESIAN_POINT ( 'NONE',  ( 46.23000752573366867, 3.238838067809093335, -0.7000000000027789548 ) ) ;
#2726 = ORIENTED_EDGE ( 'NONE', *, *, #4755, .F. ) ;
#2727 = EDGE_LOOP ( 'NONE', ( #711, #4870, #6703, #4253 ) ) ;
#2728 = DIRECTION ( 'NONE',  ( 0.01657441405230466666, 0.9998626349648349620, 1.734723475976807094E-18 ) ) ;
#2729 = CARTESIAN_POINT ( 'NONE',  ( 29.51565070209934305, 3.297725468655259728, 15.18155782080859240 ) ) ;
#2730 = ORIENTED_EDGE ( 'NONE', *, *, #5257, .F. ) ;
#2731 = DIRECTION ( 'NONE',  ( 0.01657441405230467013, 0.9998626349648350731, 1.734723475976807094E-18 ) ) ;
#2732 = DIRECTION ( 'NONE',  ( 0.01657441405230464584, 0.9998626349648348510, 1.734723475976806902E-18 ) ) ;
#2733 = EDGE_LOOP ( 'NONE', ( #3098, #891, #4506, #6149, #2514, #1746, #6517, #7111, #1995, #7332, #2957, #638, #1123, #6974, #6310 ) ) ;
#2734 = CARTESIAN_POINT ( 'NONE',  ( 40.54379318881267835, 0.07155198322723956006, -1.170338983050845050 ) ) ;
#2735 = DIRECTION ( 'NONE',  ( 0.9998626349648349620, -0.01657441405230446890, 0.000000000000000000 ) ) ;
#2736 = CARTESIAN_POINT ( 'NONE',  ( 0.000000000000000000, 0.000000000000000000, 0.2999999999999999889 ) ) ;
#2737 = CARTESIAN_POINT ( 'NONE',  ( 30.08942187719838657, 6.632588030256367340, -19.98891532737465937 ) ) ;
#2738 = VERTEX_POINT ( 'NONE', #6205 ) ;
#2739 = FACE_OUTER_BOUND ( 'NONE', #2192, .T. ) ;
#2740 =( BOUNDED_CURVE ( )  B_SPLINE_CURVE ( 3, ( #3382, #6100, #574, #6168 ),
 .UNSPECIFIED., .F., .T. ) 
 B_SPLINE_CURVE_WITH_KNOTS ( ( 4, 4 ),
 ( 3.141592653589793116, 4.712388980384689674 ),
 .UNSPECIFIED. ) 
 CURVE ( )  GEOMETRIC_REPRESENTATION_ITEM ( )  RATIONAL_B_SPLINE_CURVE ( ( 1.000000000000000000, 0.8047378541243649375, 0.8047378541243649375, 1.000000000000000000 ) ) 
 REPRESENTATION_ITEM ( '' )  );
#2741 = DIRECTION ( 'NONE',  ( -1.665393298452077782E-16, 1.025709229455379565E-18, 1.000000000000000000 ) ) ;
#2742 = ORIENTED_EDGE ( 'NONE', *, *, #1424, .F. ) ;
#2743 = CARTESIAN_POINT ( 'NONE',  ( 30.31904579061175298, -1.868616763265141367, -1.300000000000007150 ) ) ;
#2744 = CARTESIAN_POINT ( 'NONE',  ( 29.03260236254531890, -1.708906158863238600, -15.45986411484235923 ) ) ;
#2745 = CARTESIAN_POINT ( 'NONE',  ( 29.91129546953595408, 8.909555203386087641, 20.93944347840981024 ) ) ;
#2746 = CARTESIAN_POINT ( 'NONE',  ( 29.65637792094111802, 3.813349608617882858, -16.87565525040531611 ) ) ;
#2747 = DIRECTION ( 'NONE',  ( 0.9998626349648349620, -0.01657441405230470483, 2.307182223049160062E-14 ) ) ;
#2748 = CARTESIAN_POINT ( 'NONE',  ( 29.79950063387520842, 9.463714774879688818, 21.36060816474550350 ) ) ;
#2749 = LINE ( 'NONE', #54, #4665 ) ;
#2750 = AXIS2_PLACEMENT_3D ( 'NONE', #538, #2782, #5221 ) ;
#2751 = CARTESIAN_POINT ( 'NONE',  ( 41.06331707074517823, 0.06378667409934468679, -1.136406659951803899 ) ) ;
#2752 = DIRECTION ( 'NONE',  ( 0.01657441405230466319, 0.9998626349648349620, 1.734723475976807094E-18 ) ) ;
#2753 = AXIS2_PLACEMENT_3D ( 'NONE', #7153, #3294, #4952 ) ;
#2754 = EDGE_LOOP ( 'NONE', ( #2440, #6630, #452, #5109, #3150, #3880 ) ) ;
#2755 = VECTOR ( 'NONE', #1042, 100.0000000000000142 ) ;
#2756 = AXIS2_PLACEMENT_3D ( 'NONE', #5904, #905, #238 ) ;
#2757 = CYLINDRICAL_SURFACE ( 'NONE', #1750, 10.99999999999813660 ) ;
#2758 = AXIS2_PLACEMENT_3D ( 'NONE', #5307, #1758, #4002 ) ;
#2759 = CARTESIAN_POINT ( 'NONE',  ( 28.89387986244063100, -2.578202968587313570, -1.300000000000007594 ) ) ;
#2760 = VERTEX_POINT ( 'NONE', #5644 ) ;
#2761 = ORIENTED_EDGE ( 'NONE', *, *, #5898, .F. ) ;
#2762 = EDGE_CURVE ( 'NONE', #1248, #2280, #572, .T. ) ;
#2763 = CIRCLE ( 'NONE', #5731, 0.4999999999999985567 ) ;
#2764 = LINE ( 'NONE', #446, #4660 ) ;
#2765 = CARTESIAN_POINT ( 'NONE',  ( 51.16495597621619851, 9.297873703681396762, -1.184275066162314038 ) ) ;
#2766 = LINE ( 'NONE', #3364, #2465 ) ;
#2767 = DIRECTION ( 'NONE',  ( -0.9998626349648348510, 0.01657441405230463544, 0.000000000000000000 ) ) ;
#2768 = ORIENTED_EDGE ( 'NONE', *, *, #6260, .T. ) ;
#2769 = CARTESIAN_POINT ( 'NONE',  ( 29.75402818089899526, 8.806955408310674471, -21.85714348110690963 ) ) ;
#2770 = CARTESIAN_POINT ( 'NONE',  ( 29.52980122993776746, 4.149981090735569644, 16.29907566670755870 ) ) ;
#2771 = ADVANCED_FACE ( 'NONE', ( #1654 ), #5533, .F. ) ;
#2772 = LINE ( 'NONE', #2231, #4055 ) ;
#2773 = ORIENTED_EDGE ( 'NONE', *, *, #5858, .F. ) ;
#2774 = EDGE_CURVE ( 'NONE', #3373, #712, #3830, .T. ) ;
#2775 = ORIENTED_EDGE ( 'NONE', *, *, #1569, .F. ) ;
#2776 = CARTESIAN_POINT ( 'NONE',  ( 29.60514815075974226, 8.696719035338704273, -22.34149285588222966 ) ) ;
#2777 = CARTESIAN_POINT ( 'NONE',  ( 49.17804298027966325, 6.830219318211856461, -0.6999999999999980682 ) ) ;
#2778 = ORIENTED_EDGE ( 'NONE', *, *, #4337, .F. ) ;
#2779 = AXIS2_PLACEMENT_3D ( 'NONE', #3496, #504, #3420 ) ;
#2780 = CARTESIAN_POINT ( 'NONE',  ( 29.46042919741791977, -0.03354880724416821336, 11.19359216471649532 ) ) ;
#2781 = CARTESIAN_POINT ( 'NONE',  ( 48.40374646375612855, 6.325614241937763005, -0.2999999999949665708 ) ) ;
#2782 = DIRECTION ( 'NONE',  ( 0.01657441405230464238, 0.9998626349648350731, 0.000000000000000000 ) ) ;
#2783 = FACE_OUTER_BOUND ( 'NONE', #6243, .T. ) ;
#2784 = CARTESIAN_POINT ( 'NONE',  ( 45.47016318416307712, 3.391202852591135297, -1.089941073100762825 ) ) ;
#2785 = DIRECTION ( 'NONE',  ( 0.01657441405230463891, 0.9998626349648349620, -0.000000000000000000 ) ) ;
#2786 = CARTESIAN_POINT ( 'NONE',  ( 40.24572841237873178, 0.4665809341019960255, 0.2333333333333363069 ) ) ;
#2787 = CARTESIAN_POINT ( 'NONE',  ( 51.93437100625460090, 10.27478996622798668, -0.2999999999999962697 ) ) ;
#2788 = DIRECTION ( 'NONE',  ( 1.778887977625542096E-12, -2.948981148630037802E-14, 1.000000000000000000 ) ) ;
#2789 = VERTEX_POINT ( 'NONE', #1100 ) ;
#2790 = FACE_OUTER_BOUND ( 'NONE', #4951, .T. ) ;
#2791 = FACE_OUTER_BOUND ( 'NONE', #6835, .T. ) ;
#2792 = CARTESIAN_POINT ( 'NONE',  ( 27.68661175479890701, -1.824979717385858624, 0.000000000000000000 ) ) ;
#2793 = EDGE_LOOP ( 'NONE', ( #5120, #6417, #4360, #6475, #760 ) ) ;
#2794 = ORIENTED_EDGE ( 'NONE', *, *, #555, .T. ) ;
#2795 = CARTESIAN_POINT ( 'NONE',  ( 48.85757165242850419, 6.335462980469822369, -1.218418966097893907 ) ) ;
#2796 = DIRECTION ( 'NONE',  ( -0.9998626349648349620, 0.01657441405230464238, -3.341506680459168859E-16 ) ) ;
#2797 = ADVANCED_FACE ( 'NONE', ( #6694 ), #3864, .T. ) ;
#2798 = EDGE_CURVE ( 'NONE', #6551, #1311, #3065, .T. ) ;
#2799 = CARTESIAN_POINT ( 'NONE',  ( 41.00912762258545285, 0.8054417275524197173, -0.2984125998603393004 ) ) ;
#2800 = EDGE_CURVE ( 'NONE', #4648, #4319, #988, .T. ) ;
#2801 = CARTESIAN_POINT ( 'NONE',  ( 29.47185946327227768, 0.6559896399365648945, 10.49999999999995737 ) ) ;
#2802 = CIRCLE ( 'NONE', #3637, 0.6620108421965272827 ) ;
#2803 = EDGE_LOOP ( 'NONE', ( #1843, #403, #5323, #2377 ) ) ;
#2804 = DIRECTION ( 'NONE',  ( -0.9998626349648348510, 0.01657441405230465625, 0.000000000000000000 ) ) ;
#2805 = CARTESIAN_POINT ( 'NONE',  ( 30.05936328639645083, 8.947391056962009870, -22.24793397913155246 ) ) ;
#2806 = DIRECTION ( 'NONE',  ( -0.9998626349648348510, 0.01657441405230573525, -1.665334536937734811E-16 ) ) ;
#2807 = ORIENTED_EDGE ( 'NONE', *, *, #606, .T. ) ;
#2808 = AXIS2_PLACEMENT_3D ( 'NONE', #3058, #2468, #220 ) ;
#2809 = VERTEX_POINT ( 'NONE', #7249 ) ;
#2810 = B_SPLINE_CURVE_WITH_KNOTS ( 'NONE', 3,
 ( #2885, #4098, #1272, #2956, #3439, #115, #1194, #1707, #5705, #6380, #3954, #5213 ),
 .UNSPECIFIED., .F., .F.,
 ( 4, 2, 2, 2, 2, 4 ),
 ( 0.000000000000000000, 0.001671007554567788787, 0.003342015109135577575, 0.005013022663703366362, 0.005848526440987183127, 0.006684030218271000759 ),
 .UNSPECIFIED. ) ;
#2811 = CARTESIAN_POINT ( 'NONE',  ( 29.60278712470811868, 8.554288556553835576, -22.23944015981792077 ) ) ;
#2812 = EDGE_CURVE ( 'NONE', #628, #2435, #5872, .T. ) ;
#2813 = CARTESIAN_POINT ( 'NONE',  ( 48.35134989619359658, 5.943799508593357039, -1.199999999999998401 ) ) ;
#2814 = VERTEX_POINT ( 'NONE', #6870 ) ;
#2815 = EDGE_CURVE ( 'NONE', #3551, #1418, #4348, .T. ) ;
#2816 = CARTESIAN_POINT ( 'NONE',  ( 29.96477847480372247, 0.2477637201773665032, 10.77832148343091312 ) ) ;
#2817 = AXIS2_PLACEMENT_3D ( 'NONE', #1381, #3032, #2368 ) ;
#2818 = CARTESIAN_POINT ( 'NONE',  ( 29.52980122993775325, 4.147221655287303577, -17.29565549853147743 ) ) ;
#2819 = LINE ( 'NONE', #4448, #2876 ) ;
#2820 = DIRECTION ( 'NONE',  ( -1.665393298452077782E-16, 1.025709229455379565E-18, 1.000000000000000000 ) ) ;
#2821 = CARTESIAN_POINT ( 'NONE',  ( 40.73418796646610929, 0.6793207050490625010, -0.2084472301616905332 ) ) ;
#2822 = CARTESIAN_POINT ( 'NONE',  ( 30.07303310607720093, 9.308826305250066824, 21.24771944642147758 ) ) ;
#2823 = ORIENTED_EDGE ( 'NONE', *, *, #3863, .T. ) ;
#2824 = CARTESIAN_POINT ( 'NONE',  ( 51.78990988689319153, 10.02991121725882806, -0.2999999999999963807 ) ) ;
#2825 = FILL_AREA_STYLE ('',( #92 ) ) ;
#2826 = ORIENTED_EDGE ( 'NONE', *, *, #4388, .T. ) ;
#2827 = AXIS2_PLACEMENT_3D ( 'NONE', #2792, #6838, #4009 ) ;
#2828 = FACE_OUTER_BOUND ( 'NONE', #3629, .T. ) ;
#2829 = DIRECTION ( 'NONE',  ( 0.000000000000000000, 0.000000000000000000, 1.000000000000000000 ) ) ;
#2830 = CARTESIAN_POINT ( 'NONE',  ( 46.07509337960408402, 3.104439888321759877, -0.7377285349336160092 ) ) ;
#2831 = ORIENTED_EDGE ( 'NONE', *, *, #837, .F. ) ;
#2832 = VERTEX_POINT ( 'NONE', #686 ) ;
#2833 = VECTOR ( 'NONE', #1374, 100.0000000000000000 ) ;
#2834 = CARTESIAN_POINT ( 'NONE',  ( 30.82194391006612477, -2.366802444631166846, -0.2000000000000000111 ) ) ;
#2835 = B_SPLINE_CURVE_WITH_KNOTS ( 'NONE', 2,
 ( #4971, #6731, #3314 ),
 .UNSPECIFIED., .F., .F.,
 ( 3, 3 ),
 ( 0.4129444514982797410, 0.6658633006263761089 ),
 .UNSPECIFIED. ) ;
#2836 = CARTESIAN_POINT ( 'NONE',  ( 51.43443968877217287, 10.28307717325414039, -0.6999999999999964029 ) ) ;
#2837 = CARTESIAN_POINT ( 'NONE',  ( 49.16286127853453536, 6.346536117543038813, 0.06978710356952599891 ) ) ;
#2838 = CARTESIAN_POINT ( 'NONE',  ( 49.26849197523844026, 6.411646406265053777, -0.6999999999999980682 ) ) ;
#2839 = DIRECTION ( 'NONE',  ( -0.01657441405230464238, -0.9998626349648349620, 0.000000000000000000 ) ) ;
#2840 = VERTEX_POINT ( 'NONE', #5147 ) ;
#2841 = CARTESIAN_POINT ( 'NONE',  ( 28.59850047294034070, -2.821286399468161399, 6.846696022789178986E-16 ) ) ;
#2842 = DIRECTION ( 'NONE',  ( 0.01657441405230464931, 0.9998626349648349620, 3.469446951953613804E-18 ) ) ;
#2843 = CARTESIAN_POINT ( 'NONE',  ( 29.77953532176178086, 8.850853730863622815, -22.31519312290037149 ) ) ;
#2844 = ORIENTED_EDGE ( 'NONE', *, *, #1472, .F. ) ;
#2845 = CARTESIAN_POINT ( 'NONE',  ( 30.10935841727382467, 8.946562303120449755, -22.22850158663535325 ) ) ;
#2846 = CARTESIAN_POINT ( 'NONE',  ( 45.78363905644533105, 3.398126266189259947, -0.8962148445687625475 ) ) ;
#2847 = ADVANCED_FACE ( 'NONE', ( #2934 ), #611, .F. ) ;
#2848 = ORIENTED_EDGE ( 'NONE', *, *, #6318, .T. ) ;
#2849 = CARTESIAN_POINT ( 'NONE',  ( 29.43854127791119524, -1.353952219983603822, 3.155808947497007545E-15 ) ) ;
#2850 = DIRECTION ( 'NONE',  ( -0.9998626349648348510, 0.01657441405230466319, 0.000000000000000000 ) ) ;
#2851 = ADVANCED_FACE ( 'NONE', ( #6982 ), #2420, .F. ) ;
#2852 = FACE_OUTER_BOUND ( 'NONE', #5029, .T. ) ;
#2853 = EDGE_CURVE ( 'NONE', #1934, #3019, #6831, .T. ) ;
#2854 = CARTESIAN_POINT ( 'NONE',  ( 31.22188896405206293, -2.373432210252088836, -0.8000000000000072609 ) ) ;
#2855 = EDGE_CURVE ( 'NONE', #2431, #4087, #5270, .T. ) ;
#2856 = B_SPLINE_CURVE_WITH_KNOTS ( 'NONE', 2,
 ( #5652, #6147, #1692 ),
 .UNSPECIFIED., .F., .F.,
 ( 3, 3 ),
 ( 0.9458531777682747110, 0.9585772340791409718 ),
 .UNSPECIFIED. ) ;
#2857 = CARTESIAN_POINT ( 'NONE',  ( 51.15292145991758588, 8.597729658707429223, -0.2999999999999969358 ) ) ;
#2858 = ORIENTED_EDGE ( 'NONE', *, *, #4927, .F. ) ;
#2859 = CARTESIAN_POINT ( 'NONE',  ( 29.60113989288026204, 8.454918192662278287, -21.97078005163794501 ) ) ;
#2860 = AXIS2_PLACEMENT_3D ( 'NONE', #516, #5471, #5621 ) ;
#2861 = VERTEX_POINT ( 'NONE', #1794 ) ;
#2862 = DIRECTION ( 'NONE',  ( -0.01657441405230608220, -0.9998626349648348510, 0.000000000000000000 ) ) ;
#2863 = CARTESIAN_POINT ( 'NONE',  ( 29.84869146017683406, -2.350669139397241203, -1.000000000000006439 ) ) ;
#2864 = EDGE_CURVE ( 'NONE', #1237, #5400, #4000, .T. ) ;
#2865 = ORIENTED_EDGE ( 'NONE', *, *, #2896, .T. ) ;
#2866 = EDGE_CURVE ( 'NONE', #84, #6988, #207, .T. ) ;
#2867 = CARTESIAN_POINT ( 'NONE',  ( 45.77146602680007703, 3.386350232764887114, 0.1862431371911132394 ) ) ;
#2868 = APPLICATION_PROTOCOL_DEFINITION ( 'draft international standard', 'automotive_design', 1998, #4948 ) ;
#2869 = CARTESIAN_POINT ( 'NONE',  ( 29.37133342059312113, 6.658480332536035995, -0.5000000000000032196 ) ) ;
#2870 = ORIENTED_EDGE ( 'NONE', *, *, #4334, .F. ) ;
#2871 = EDGE_LOOP ( 'NONE', ( #4169, #4508, #5675, #3835 ) ) ;
#2872 = DIRECTION ( 'NONE',  ( 0.01657441405230463891, 0.9998626349648349620, -0.000000000000000000 ) ) ;
#2873 = DIRECTION ( 'NONE',  ( 2.875202515709274621E-20, 1.734485185625528116E-18, -1.000000000000000000 ) ) ;
#2874 = CARTESIAN_POINT ( 'NONE',  ( 29.77998567065793623, 8.851133362444951302, 21.31500771675079164 ) ) ;
#2875 = VECTOR ( 'NONE', #937, 100.0000000000000000 ) ;
#2876 = VECTOR ( 'NONE', #4549, 100.0000000000000142 ) ;
#2877 = VECTOR ( 'NONE', #3773, 100.0000000000000142 ) ;
#2878 = CARTESIAN_POINT ( 'NONE',  ( 29.03859622392525708, -1.347322454362668509, 1.499999999999998890 ) ) ;
#2879 = CARTESIAN_POINT ( 'NONE',  ( 29.55638897493902917, 5.755289078257186830, 18.96977553663390736 ) ) ;
#2880 = AXIS2_PLACEMENT_3D ( 'NONE', #1697, #552, #3505 ) ;
#2881 = CARTESIAN_POINT ( 'NONE',  ( 30.06460749944760025, 6.246933188713488683, 19.28977609426086559 ) ) ;
#2882 = ORIENTED_EDGE ( 'NONE', *, *, #3175, .T. ) ;
#2883 = CARTESIAN_POINT ( 'NONE',  ( 29.71150088187330951, 6.483559973395645493, -19.84081499657055403 ) ) ;
#2884 = DIRECTION ( 'NONE',  ( -0.9998626349648349620, 0.01657441405230485054, 5.391004716954934500E-18 ) ) ;
#2885 = CARTESIAN_POINT ( 'NONE',  ( 29.99056428855567091, 3.247748428428510525, 15.95254934674219882 ) ) ;
#2886 = CARTESIAN_POINT ( 'NONE',  ( 29.70899051209813635, 8.953199078215192230, -22.42367995191661478 ) ) ;
#2887 = DIRECTION ( 'NONE',  ( -0.000000000000000000, 1.000000000000000000, -0.000000000000000000 ) ) ;
#2888 = B_SPLINE_CURVE_WITH_KNOTS ( 'NONE', 3,
 ( #106, #2356, #4605, #6408 ),
 .UNSPECIFIED., .F., .F.,
 ( 4, 4 ),
 ( 0.000000000000000000, 0.0001573484037941799490 ),
 .UNSPECIFIED. ) ;
#2889 = VERTEX_POINT ( 'NONE', #6239 ) ;
#2890 = CYLINDRICAL_SURFACE ( 'NONE', #2991, 0.4999999999999985567 ) ;
#2891 = CARTESIAN_POINT ( 'NONE',  ( 29.57507617552699486, 0.5638635677263182933, 10.28466899172950377 ) ) ;
#2892 = DIRECTION ( 'NONE',  ( -0.01657441405230464238, -0.9998626349648349620, 0.000000000000000000 ) ) ;
#2893 = ORIENTED_EDGE ( 'NONE', *, *, #1014, .T. ) ;
#2894 = PLANE ( 'NONE',  #3764 ) ;
#2895 = ADVANCED_FACE ( 'NONE', ( #6321 ), #1171, .T. ) ;
#2896 = EDGE_CURVE ( 'NONE', #3376, #832, #4117, .T. ) ;
#2897 = CARTESIAN_POINT ( 'NONE',  ( 40.27037592089062912, 0.4769859681717054656, 0.1840794217395957111 ) ) ;
#2898 = VERTEX_POINT ( 'NONE', #1906 ) ;
#2899 = EDGE_CURVE ( 'NONE', #2996, #4308, #5685, .T. ) ;
#2900 = CARTESIAN_POINT ( 'NONE',  ( 28.46389239122836656, -2.509790739476526866, -0.000000000000000000 ) ) ;
#2901 = VERTEX_POINT ( 'NONE', #3601 ) ;
#2902 = CARTESIAN_POINT ( 'NONE',  ( 51.18558636594174516, 9.062550110566704120, -1.043340067222684020 ) ) ;
#2903 = CARTESIAN_POINT ( 'NONE',  ( 29.01680430430896962, -2.661934608959339865, 0.2999999999999977685 ) ) ;
#2904 = ORIENTED_EDGE ( 'NONE', *, *, #5071, .T. ) ;
#2905 = DIRECTION ( 'NONE',  ( 0.01657441405230466319, 0.9998626349648349620, 1.734723475976807480E-18 ) ) ;
#2906 = EDGE_CURVE ( 'NONE', #5897, #6687, #320, .T. ) ;
#2907 = CARTESIAN_POINT ( 'NONE',  ( 45.43567369614502383, 3.426855057791609926, -0.01437893998642042828 ) ) ;
#2908 = ORIENTED_EDGE ( 'NONE', *, *, #3440, .F. ) ;
#2909 = EDGE_CURVE ( 'NONE', #2256, #628, #2529, .T. ) ;
#2910 = CARTESIAN_POINT ( 'NONE',  ( 45.11386150680860396, 3.295827077140706773, -0.2787783749121329202 ) ) ;
#2911 = DIRECTION ( 'NONE',  ( 0.9998626349648348510, -0.01657441405230466319, 3.341506680459168366E-16 ) ) ;
#2912 = DIRECTION ( 'NONE',  ( -0.9998626349648349620, 0.01657441405230474646, 0.000000000000000000 ) ) ;
#2913 = CARTESIAN_POINT ( 'NONE',  ( 29.47185946327227768, 0.6559896399365641173, 11.27921898938787493 ) ) ;
#2914 = DIRECTION ( 'NONE',  ( 0.9998626349648348510, -0.01657441405230463544, -0.000000000000000000 ) ) ;
#2915 = DIRECTION ( 'NONE',  ( -0.9998626349648349620, 0.01657441405230613424, 0.000000000000000000 ) ) ;
#2916 = VERTEX_POINT ( 'NONE', #5416 ) ;
#2917 = ORIENTED_EDGE ( 'NONE', *, *, #1950, .F. ) ;
#2918 = CARTESIAN_POINT ( 'NONE',  ( 29.60550229904452380, 6.326019628400195494, -19.68657327913052413 ) ) ;
#2919 = CARTESIAN_POINT ( 'NONE',  ( 0.01896740029930046867, 1.144221133962461057, 1.985179957108101255E-18 ) ) ;
#2920 = CARTESIAN_POINT ( 'NONE',  ( 48.85791097929693905, 6.335457355553137937, -1.199999999999998401 ) ) ;
#2921 = ORIENTED_EDGE ( 'NONE', *, *, #5732, .T. ) ;
#2922 = CARTESIAN_POINT ( 'NONE',  ( 29.45289206297297824, -0.4882314940259307456, -20.79008107956275708 ) ) ;
#2923 = CIRCLE ( 'NONE', #6722, 0.1749999999999973799 ) ;
#2924 = CARTESIAN_POINT ( 'NONE',  ( 51.43443968877217287, 10.28307717325414039, -0.2999999999999964362 ) ) ;
#2925 = ORIENTED_EDGE ( 'NONE', *, *, #241, .F. ) ;
#2926 = CARTESIAN_POINT ( 'NONE',  ( 29.97458709050791015, -2.534684636477384956, 0.000000000000000000 ) ) ;
#2927 = FACE_OUTER_BOUND ( 'NONE', #4773, .T. ) ;
#2928 = LINE ( 'NONE', #159, #5344 ) ;
#2929 = VECTOR ( 'NONE', #2261, 100.0000000000000142 ) ;
#2930 = ORIENTED_EDGE ( 'NONE', *, *, #2538, .F. ) ;
#2931 = DIRECTION ( 'NONE',  ( -0.000000000000000000, -0.000000000000000000, -1.000000000000000000 ) ) ;
#2932 = DIRECTION ( 'NONE',  ( -0.9998626349648349620, 0.01657441405230335868, 0.000000000000000000 ) ) ;
#2933 = ORIENTED_EDGE ( 'NONE', *, *, #4893, .F. ) ;
#2934 = FACE_OUTER_BOUND ( 'NONE', #4162, .T. ) ;
#2935 =( BOUNDED_CURVE ( )  B_SPLINE_CURVE ( 3, ( #534, #1093, #2846, #677 ),
 .UNSPECIFIED., .F., .F. ) 
 B_SPLINE_CURVE_WITH_KNOTS ( ( 4, 4 ),
 ( 1.570796326794895670, 3.100322967313476230 ),
 .UNSPECIFIED. ) 
 CURVE ( )  GEOMETRIC_REPRESENTATION_ITEM ( )  RATIONAL_B_SPLINE_CURVE ( ( 1.000000000000000000, 0.8143641644715879924, 0.8143641644715879924, 1.000000000000000000 ) ) 
 REPRESENTATION_ITEM ( '' )  );
#2936 = CARTESIAN_POINT ( 'NONE',  ( 29.52980122993775680, 4.147221655288381825, 16.29565549853279194 ) ) ;
#2937 = CARTESIAN_POINT ( 'NONE',  ( 29.02219116712941371, -2.336968499337017668, 0.7774384456261534959 ) ) ;
#2938 = AXIS2_PLACEMENT_3D ( 'NONE', #3381, #3896, #1098 ) ;
#2939 = ORIENTED_EDGE ( 'NONE', *, *, #6989, .F. ) ;
#2940 = CARTESIAN_POINT ( 'NONE',  ( 29.37133342059312113, 6.658480332536035995, 19.00215235425125471 ) ) ;
#2941 = CARTESIAN_POINT ( 'NONE',  ( 29.54644335421789947, 3.255110483972539548, -17.24874544304277180 ) ) ;
#2942 = ORIENTED_EDGE ( 'NONE', *, *, #3123, .F. ) ;
#2943 = CARTESIAN_POINT ( 'NONE',  ( 45.79491445526255688, 2.955024226761299388, -1.005882041480025357 ) ) ;
#2944 = CARTESIAN_POINT ( 'NONE',  ( 29.03260236254531890, -1.708906158863316538, 14.45986411484235035 ) ) ;
#2945 = EDGE_CURVE ( 'NONE', #3592, #5317, #7011, .T. ) ;
#2946 = EDGE_CURVE ( 'NONE', #6521, #4261, #2475, .T. ) ;
#2947 = CARTESIAN_POINT ( 'NONE',  ( 28.78118743939269208, -9.333935142334325974, -0.8250000000000037303 ) ) ;
#2948 = EDGE_CURVE ( 'NONE', #712, #2046, #1011, .T. ) ;
#2949 = CARTESIAN_POINT ( 'NONE',  ( 29.22108413575709562, 9.661383120240994771, -22.50000000000000000 ) ) ;
#2950 = VECTOR ( 'NONE', #6169, 100.0000000000000000 ) ;
#2951 = LINE ( 'NONE', #6374, #5682 ) ;
#2952 = VERTEX_POINT ( 'NONE', #4224 ) ;
#2953 = ORIENTED_EDGE ( 'NONE', *, *, #3363, .F. ) ;
#2954 = LINE ( 'NONE', #1776, #5842 ) ;
#2955 = CARTESIAN_POINT ( 'NONE',  ( 31.22188896405206293, -2.373432210252088836, -0.2000000000000000111 ) ) ;
#2956 = CARTESIAN_POINT ( 'NONE',  ( 29.77449403957345808, 3.251330158203961762, 16.00746226909258496 ) ) ;
#2957 = ORIENTED_EDGE ( 'NONE', *, *, #5113, .F. ) ;
#2958 = ORIENTED_EDGE ( 'NONE', *, *, #6122, .T. ) ;
#2959 = LINE ( 'NONE', #4210, #5180 ) ;
#2960 = CARTESIAN_POINT ( 'NONE',  ( 30.14404579061175582, -1.868616763265141367, 0.000000000000000000 ) ) ;
#2961 = ORIENTED_EDGE ( 'NONE', *, *, #3261, .T. ) ;
#2962 = CARTESIAN_POINT ( 'NONE',  ( 30.02151402291161020, 3.647290337804917737, 15.95153242091817170 ) ) ;
#2963 = CARTESIAN_POINT ( 'NONE',  ( 40.54924921979817043, 0.4723631716368709710, 0.1901094530732726773 ) ) ;
#2964 = CARTESIAN_POINT ( 'NONE',  ( 39.73217152248156481, -0.4142160292780106556, -0.7000000000000030642 ) ) ;
#2965 = ORIENTED_EDGE ( 'NONE', *, *, #4161, .F. ) ;
#2966 = DIRECTION ( 'NONE',  ( -0.9998626349648348510, 0.01657441405230463544, 4.314083075427407763E-32 ) ) ;
#2967 = CARTESIAN_POINT ( 'NONE',  ( 29.57952447209467550, 7.149572120640776518, 19.78455605351631519 ) ) ;
#2968 = ORIENTED_EDGE ( 'NONE', *, *, #4881, .T. ) ;
#2969 = CARTESIAN_POINT ( 'NONE',  ( 50.95736171192407937, 9.566565202541783108, -0.2426856795466394434 ) ) ;
#2970 = LINE ( 'NONE', #6746, #7172 ) ;
#2971 = LINE ( 'NONE', #3530, #6680 ) ;
#2972 = CARTESIAN_POINT ( 'NONE',  ( 29.60514974657228038, 8.696815303834020128, 21.34156145369476576 ) ) ;
#2973 = ORIENTED_EDGE ( 'NONE', *, *, #6673, .F. ) ;
#2974 = CARTESIAN_POINT ( 'NONE',  ( 29.22108413575709562, 9.661383120240994771, -22.50000000000000000 ) ) ;
#2975 = PLANE ( 'NONE',  #5193 ) ;
#2976 = ORIENTED_EDGE ( 'NONE', *, *, #4617, .T. ) ;
#2977 = CARTESIAN_POINT ( 'NONE',  ( 29.56250849944966319, 3.654899130585159028, 15.66641791636911840 ) ) ;
#2978 = CARTESIAN_POINT ( 'NONE',  ( 30.01488425729068510, 3.247345283818983130, 15.15077155702974565 ) ) ;
#2979 = ORIENTED_EDGE ( 'NONE', *, *, #5620, .F. ) ;
#2980 = LINE ( 'NONE', #6957, #6606 ) ;
#2981 = DIRECTION ( 'NONE',  ( -1.000000000000000000, 0.000000000000000000, -1.665680818703646662E-16 ) ) ;
#2982 = EDGE_CURVE ( 'NONE', #6787, #5358, #6631, .T. ) ;
#2983 = DIRECTION ( 'NONE',  ( -0.9998626349648348510, 0.01657441405230465625, 0.000000000000000000 ) ) ;
#2984 = ORIENTED_EDGE ( 'NONE', *, *, #7209, .T. ) ;
#2985 = VERTEX_POINT ( 'NONE', #2602 ) ;
#2986 = LINE ( 'NONE', #1510, #5963 ) ;
#2987 = DIRECTION ( 'NONE',  ( -0.01657441405230464238, -0.9998626349648349620, -1.734723475976807480E-18 ) ) ;
#2988 = CIRCLE ( 'NONE', #5585, 19.80215235425126963 ) ;
#2989 = LINE ( 'NONE', #3476, #5722 ) ;
#2990 = EDGE_LOOP ( 'NONE', ( #5364, #1812, #3006, #4503 ) ) ;
#2991 = AXIS2_PLACEMENT_3D ( 'NONE', #5140, #679, #603 ) ;
#2992 = DIRECTION ( 'NONE',  ( 0.01657441405230468054, 0.9998626349648349620, -0.000000000000000000 ) ) ;
#2993 = VECTOR ( 'NONE', #2337, 100.0000000000000000 ) ;
#2994 = CARTESIAN_POINT ( 'NONE',  ( 29.68868553434430169, 0.1727347620517037385, 10.86069187240843803 ) ) ;
#2995 = EDGE_CURVE ( 'NONE', #4270, #1718, #5689, .T. ) ;
#2996 = VERTEX_POINT ( 'NONE', #6538 ) ;
#2997 = AXIS2_PLACEMENT_3D ( 'NONE', #4819, #914, #3206 ) ;
#2998 = CARTESIAN_POINT ( 'NONE',  ( 29.99995103657447260, -2.511251168980135340, -0.000000000000000000 ) ) ;
#2999 = CARTESIAN_POINT ( 'NONE',  ( 50.76344319059204224, 9.286457888869106725, 0.2167804176680831474 ) ) ;
#3000 = CARTESIAN_POINT ( 'NONE',  ( 30.09899179283047488, 9.269936225970765165, -22.24688247531408791 ) ) ;
#3001 = ADVANCED_FACE ( 'NONE', ( #355 ), #3710, .F. ) ;
#3002 = ORIENTED_EDGE ( 'NONE', *, *, #4126, .F. ) ;
#3003 = CARTESIAN_POINT ( 'NONE',  ( 29.02048592676135286, -2.439838267298876318, -1.467708857532948663 ) ) ;
#3004 = B_SPLINE_SURFACE_WITH_KNOTS ( 'NONE', 2, 1, ( 
 ( #4771, #233 ),
 ( #5293, #3148 ),
 ( #899, #3698 ) ),
 .UNSPECIFIED., .F., .F., .F.,
 ( 3, 3 ),
 ( 2, 2 ),
 ( 0.000000000000000000, 1.000000000000000000 ),
 ( 0.000000000000000000, 1.000000000000000000 ),
 .UNSPECIFIED. ) ;
#3005 = CARTESIAN_POINT ( 'NONE',  ( 30.05974497974183635, 6.647167883581976966, -20.29018020276336287 ) ) ;
#3006 = ORIENTED_EDGE ( 'NONE', *, *, #2232, .T. ) ;
#3007 = CARTESIAN_POINT ( 'NONE',  ( 28.06486146246741598, -2.321099140532349558, -0.000000000000000000 ) ) ;
#3008 = B_SPLINE_CURVE_WITH_KNOTS ( 'NONE', 3,
 ( #5513, #6117, #2155, #7269 ),
 .UNSPECIFIED., .F., .F.,
 ( 4, 4 ),
 ( 0.000000000000000000, 0.0004834611839196955793 ),
 .UNSPECIFIED. ) ;
#3009 = CARTESIAN_POINT ( 'NONE',  ( 29.72900721515141953, 6.251989484960303045, -20.41658276582371911 ) ) ;
#3010 = CARTESIAN_POINT ( 'NONE',  ( 29.68776262333489768, 8.953550966369807185, 21.26181151146166215 ) ) ;
#3011 = VERTEX_POINT ( 'NONE', #6059 ) ;
#3012 = VECTOR ( 'NONE', #5094, 100.0000000000000142 ) ;
#3013 = CARTESIAN_POINT ( 'NONE',  ( 30.10935841738882601, 8.946562303118541948, 21.16756122134467333 ) ) ;
#3014 = CARTESIAN_POINT ( 'NONE',  ( 40.54264117998302197, 0.07241775750896538300, 0.1897516765234421587 ) ) ;
#3015 = ORIENTED_EDGE ( 'NONE', *, *, #21, .T. ) ;
#3016 = VECTOR ( 'NONE', #4080, 100.0000000000000000 ) ;
#3017 = CARTESIAN_POINT ( 'NONE',  ( 29.99558813191476858, 3.327921970892876224, -16.95239721201884819 ) ) ;
#3018 = CARTESIAN_POINT ( 'NONE',  ( 45.58046641526183862, 3.661500636546915377, -0.7545701546498535528 ) ) ;
#3019 = VERTEX_POINT ( 'NONE', #3303 ) ;
#3020 = LINE ( 'NONE', #6293, #6836 ) ;
#3021 = B_SPLINE_CURVE_WITH_KNOTS ( 'NONE', 3,
 ( #2962, #3446, #6936, #4070 ),
 .UNSPECIFIED., .F., .F.,
 ( 4, 4 ),
 ( 0.000000000000000000, 0.0002065149350832457334 ),
 .UNSPECIFIED. ) ;
#3022 = CARTESIAN_POINT ( 'NONE',  ( 40.77758815537366388, -0.1419513152467224981, -0.7737729210374608702 ) ) ;
#3023 = CARTESIAN_POINT ( 'NONE',  ( 40.55045158031593644, 0.4732239127485872721, 0.1703389830508403868 ) ) ;
#3024 = ORIENTED_EDGE ( 'NONE', *, *, #3860, .F. ) ;
#3025 = ORIENTED_EDGE ( 'NONE', *, *, #4542, .F. ) ;
#3026 = CARTESIAN_POINT ( 'NONE',  ( 29.03859622392525708, -1.347322454362707367, -2.500000000000004441 ) ) ;
#3027 = CARTESIAN_POINT ( 'NONE',  ( 40.18664388447668046, 0.4417707401515913457, -0.9603757269422943388 ) ) ;
#3028 = VERTEX_POINT ( 'NONE', #3233 ) ;
#3029 = ADVANCED_FACE ( 'NONE', ( #983 ), #4654, .T. ) ;
#3030 = EDGE_CURVE ( 'NONE', #339, #3193, #1771, .T. ) ;
#3031 = ADVANCED_FACE ( 'NONE', ( #5562 ), #3455, .F. ) ;
#3032 = DIRECTION ( 'NONE',  ( -0.01657441405264623371, -0.9998626349648294109, -1.410783329877806049E-14 ) ) ;
#3033 = DIRECTION ( 'NONE',  ( -0.9998626349648348510, 0.01657441405230464584, -3.341506680459168366E-16 ) ) ;
#3034 = ORIENTED_EDGE ( 'NONE', *, *, #6486, .T. ) ;
#3035 = CARTESIAN_POINT ( 'NONE',  ( 45.77175446266352310, 3.386629261935739876, -1.179371013862488882 ) ) ;
#3036 = CARTESIAN_POINT ( 'NONE',  ( 45.89917366083120243, 2.954585571161271851, -0.1424706263449857235 ) ) ;
#3037 = CARTESIAN_POINT ( 'NONE',  ( 29.72173036849547501, 3.664224198546956579, 15.96393427190561987 ) ) ;
#3038 = ORIENTED_EDGE ( 'NONE', *, *, #4560, .T. ) ;
#3039 = ADVANCED_FACE ( 'NONE', ( #1058 ), #498, .F. ) ;
#3040 = EDGE_CURVE ( 'NONE', #1622, #84, #6301, .T. ) ;
#3041 = CARTESIAN_POINT ( 'NONE',  ( 29.45289206297296758, -0.4882314940259307456, 21.74663514059541924 ) ) ;
#3042 = EDGE_CURVE ( 'NONE', #7077, #4599, #916, .T. ) ;
#3043 = CARTESIAN_POINT ( 'NONE',  ( 49.21529693836038888, 6.331455173229249667, -0.6999999999999981792 ) ) ;
#3044 = ORIENTED_EDGE ( 'NONE', *, *, #1507, .F. ) ;
#3045 = CARTESIAN_POINT ( 'NONE',  ( 40.73421829691626783, 0.6793344591327932225, -0.7915439035874908269 ) ) ;
#3046 = CIRCLE ( 'NONE', #3751, 1.292999993180115270 ) ;
#3047 = CARTESIAN_POINT ( 'NONE',  ( 50.76341877636587441, 9.286422597115306488, -1.171918329861513230 ) ) ;
#3048 = CARTESIAN_POINT ( 'NONE',  ( 29.60408451731396084, 8.632554634984130004, 21.29565815796967954 ) ) ;
#3049 = DIRECTION ( 'NONE',  ( -1.000000000000000000, -1.387778780781444492E-15, -3.469446951953611231E-16 ) ) ;
#3050 = VECTOR ( 'NONE', #6348, 100.0000000000000142 ) ;
#3051 = CARTESIAN_POINT ( 'NONE',  ( 29.53809838139863686, 0.2548366642884664079, -11.91976858245961068 ) ) ;
#3052 = ORIENTED_EDGE ( 'NONE', *, *, #6801, .T. ) ;
#3053 = DIRECTION ( 'NONE',  ( 1.000000000000000000, 2.775557561562888984E-15, 4.107825191113075161E-12 ) ) ;
#3054 = AXIS2_PLACEMENT_3D ( 'NONE', #600, #4509, #6783 ) ;
#3055 = CARTESIAN_POINT ( 'NONE',  ( 45.49948527754303740, 3.596662679629605730, -0.7951331703358232028 ) ) ;
#3056 = ORIENTED_EDGE ( 'NONE', *, *, #3571, .F. ) ;
#3057 = CARTESIAN_POINT ( 'NONE',  ( 29.27188693627929439, 0.6593045227470255565, 10.49999999999996270 ) ) ;
#3058 = CARTESIAN_POINT ( 'NONE',  ( 0.06206087683529257909, 3.743863984871032891, 1.368481137968632239E-17 ) ) ;
#3059 = CYLINDRICAL_SURFACE ( 'NONE', #4487, 19.50215235425126181 ) ;
#3060 = ORIENTED_EDGE ( 'NONE', *, *, #5071, .F. ) ;
#3061 = ORIENTED_EDGE ( 'NONE', *, *, #6634, .F. ) ;
#3062 = CARTESIAN_POINT ( 'NONE',  ( 29.52980122993775680, 4.147221655288381825, 16.29565549853279194 ) ) ;
#3063 = CARTESIAN_POINT ( 'NONE',  ( 29.61046423096820490, 9.017415136439199230, 21.56729440821466426 ) ) ;
#3064 = ORIENTED_EDGE ( 'NONE', *, *, #2460, .T. ) ;
#3065 = CIRCLE ( 'NONE', #481, 0.4999999999999985567 ) ;
#3066 = CARTESIAN_POINT ( 'NONE',  ( 30.08942187719837591, 6.632588030256374445, 18.98891532737465582 ) ) ;
#3067 = LINE ( 'NONE', #5258, #3286 ) ;
#3068 = ORIENTED_EDGE ( 'NONE', *, *, #642, .T. ) ;
#3069 = CARTESIAN_POINT ( 'NONE',  ( 29.26525717065837640, 0.2593594687610915606, -0.5000000000000032196 ) ) ;
#3070 = VECTOR ( 'NONE', #3613, 100.0000000000000142 ) ;
#3071 = CARTESIAN_POINT ( 'NONE',  ( 50.27832435838303127, 8.612227584705326677, -0.7006682098132330783 ) ) ;
#3072 = DIRECTION ( 'NONE',  ( 0.9998626349648349620, -0.01657441405230463544, 0.000000000000000000 ) ) ;
#3073 = ORIENTED_EDGE ( 'NONE', *, *, #1649, .T. ) ;
#3074 = EDGE_CURVE ( 'NONE', #1860, #4047, #5067, .T. ) ;
#3075 = CARTESIAN_POINT ( 'NONE',  ( 47.55365091106784803, 4.402952564739578634, -0.6999999999999991784 ) ) ;
#3076 = FACE_OUTER_BOUND ( 'NONE', #4157, .T. ) ;
#3077 = ORIENTED_EDGE ( 'NONE', *, *, #286, .F. ) ;
#3078 = CARTESIAN_POINT ( 'NONE',  ( 29.51582298185975262, 3.308118360655017298, -17.41895646210102200 ) ) ;
#3079 = VERTEX_POINT ( 'NONE', #6612 ) ;
#3080 = ADVANCED_FACE ( 'NONE', ( #4372 ), #3784, .F. ) ;
#3081 = CARTESIAN_POINT ( 'NONE',  ( 40.27037592089062912, 0.4769859681717049660, -1.184105623895641335 ) ) ;
#3082 = EDGE_CURVE ( 'NONE', #3651, #3011, #3336, .T. ) ;
#3083 = CARTESIAN_POINT ( 'NONE',  ( 51.34416016075751799, 9.471233543297740809, -0.7423658176481825466 ) ) ;
#3084 = CARTESIAN_POINT ( 'NONE',  ( 29.71423907418356691, 8.953112074422485023, 21.37692350187309387 ) ) ;
#3085 = EDGE_CURVE ( 'NONE', #6857, #2916, #3289, .T. ) ;
#3086 = CARTESIAN_POINT ( 'NONE',  ( 40.54581001587590094, 0.06951077564462058989, 0.1358362734493142321 ) ) ;
#3087 = CARTESIAN_POINT ( 'NONE',  ( 29.45763779614206257, -0.2019419602713313777, -11.82506052480402303 ) ) ;
#3088 = EDGE_CURVE ( 'NONE', #979, #4867, #6719, .T. ) ;
#3089 = ORIENTED_EDGE ( 'NONE', *, *, #477, .F. ) ;
#3090 = CARTESIAN_POINT ( 'NONE',  ( 29.99966177666153300, 0.6472404240203502024, 10.49999999999999467 ) ) ;
#3091 = CARTESIAN_POINT ( 'NONE',  ( 30.01488425729068510, 3.247345283818983130, -16.15077155702975276 ) ) ;
#3092 = EDGE_CURVE ( 'NONE', #5473, #6403, #3021, .T. ) ;
#3093 = ORIENTED_EDGE ( 'NONE', *, *, #5903, .T. ) ;
#3094 = CARTESIAN_POINT ( 'NONE',  ( 30.05885587995366492, 8.945283828738480381, 21.24794809331386602 ) ) ;
#3095 = AXIS2_PLACEMENT_3D ( 'NONE', #385, #2701, #7237 ) ;
#3096 = CYLINDRICAL_SURFACE ( 'NONE', #7074, 0.2000000000000027589 ) ;
#3097 = CARTESIAN_POINT ( 'NONE',  ( 29.60051550091830563, 5.953585590755474222, -20.15027911177360309 ) ) ;
#3098 = ORIENTED_EDGE ( 'NONE', *, *, #3942, .T. ) ;
#3099 = ORIENTED_EDGE ( 'NONE', *, *, #6532, .F. ) ;
#3100 = CARTESIAN_POINT ( 'NONE',  ( 30.01106943036153751, 0.6682111977658383717, -11.54957551633866153 ) ) ;
#3101 = DIRECTION ( 'NONE',  ( -0.9998626349648349620, 0.01657441405230466319, 0.000000000000000000 ) ) ;
#3102 = ORIENTED_EDGE ( 'NONE', *, *, #5061, .T. ) ;
#3103 = CARTESIAN_POINT ( 'NONE',  ( 29.71814495968950354, 8.714646787996345623, -22.25607297586165956 ) ) ;
#3104 = DIRECTION ( 'NONE',  ( -1.000000000000000000, 0.000000000000000000, 0.000000000000000000 ) ) ;
#3105 = ORIENTED_EDGE ( 'NONE', *, *, #1647, .F. ) ;
#3106 = CYLINDRICAL_SURFACE ( 'NONE', #519, 16.46641791636911734 ) ;
#3107 = CARTESIAN_POINT ( 'NONE',  ( 45.37029156054220635, 3.494441370285926496, -0.8979192884013196263 ) ) ;
#3108 = VECTOR ( 'NONE', #4989, 100.0000000000000000 ) ;
#3109 = CARTESIAN_POINT ( 'NONE',  ( 49.27744578559433108, 6.422702986366700451, -0.2924938558877068773 ) ) ;
#3110 = CARTESIAN_POINT ( 'NONE',  ( 29.48196578933395173, 0.4861013928598973965, -11.09075708846232544 ) ) ;
#3111 = ORIENTED_EDGE ( 'NONE', *, *, #2627, .T. ) ;
#3112 = CIRCLE ( 'NONE', #1121, 0.8016513616222679106 ) ;
#3113 = CIRCLE ( 'NONE', #6786, 0.5000000000000001110 ) ;
#3114 = CARTESIAN_POINT ( 'NONE',  ( 30.49404579061175014, -1.868616763265141367, -1.000000000000006883 ) ) ;
#3115 = DIRECTION ( 'NONE',  ( 1.000000000000000000, 0.000000000000000000, 1.734723475976805615E-16 ) ) ;
#3116 = AXIS2_PLACEMENT_3D ( 'NONE', #2216, #1581, #2175 ) ;
#3117 = DIRECTION ( 'NONE',  ( -0.9998626349648349620, 0.01657441405230465972, 0.000000000000000000 ) ) ;
#3118 = ORIENTED_EDGE ( 'NONE', *, *, #1241, .T. ) ;
#3119 = VECTOR ( 'NONE', #5345, 100.0000000000000142 ) ;
#3120 = CARTESIAN_POINT ( 'NONE',  ( 29.58195603692975340, 7.089889704403456783, -20.40525536450030231 ) ) ;
#3121 = CARTESIAN_POINT ( 'NONE',  ( 29.99456261208354135, 6.652621255821294710, 19.00638366893975117 ) ) ;
#3122 = CARTESIAN_POINT ( 'NONE',  ( 29.75506721360702755, 8.952435278966646592, 21.75645310500033602 ) ) ;
#3123 = EDGE_CURVE ( 'NONE', #4047, #6645, #1166, .T. ) ;
#3124 = CARTESIAN_POINT ( 'NONE',  ( 40.58011081728085401, 0.03465980343043038869, 0.008583998087470333729 ) ) ;
#3125 = EDGE_CURVE ( 'NONE', #112, #5814, #2271, .T. ) ;
#3126 = EDGE_CURVE ( 'NONE', #3198, #2174, #641, .T. ) ;
#3127 = CARTESIAN_POINT ( 'NONE',  ( 29.95898854158022928, 0.2478596981119599585, -11.95645299639823911 ) ) ;
#3128 = ORIENTED_EDGE ( 'NONE', *, *, #788, .F. ) ;
#3129 = CARTESIAN_POINT ( 'NONE',  ( 29.81243586272541179, 6.183488279899009399, 19.35769687038437326 ) ) ;
#3130 = CARTESIAN_POINT ( 'NONE',  ( 45.62941835031327997, 2.730499459259786654, -0.2379884660806770025 ) ) ;
#3131 = AXIS2_PLACEMENT_3D ( 'NONE', #1996, #5286, #1963 ) ;
#3132 = VERTEX_POINT ( 'NONE', #4659 ) ;
#3133 = CARTESIAN_POINT ( 'NONE',  ( 44.96666634055321765, 3.184397306558728324, -0.7000000000000003997 ) ) ;
#3134 = CARTESIAN_POINT ( 'NONE',  ( 29.07190158887172871, 0.6618460054538399806, -11.49818166789215645 ) ) ;
#3135 = AXIS2_PLACEMENT_3D ( 'NONE', #3256, #7274, #3812 ) ;
#3136 = ADVANCED_FACE ( 'NONE', ( #4105 ), #4512, .F. ) ;
#3137 = CARTESIAN_POINT ( 'NONE',  ( 29.58998555987169610, 7.782025578901055951, -21.03061701137890438 ) ) ;
#3138 = ORIENTED_EDGE ( 'NONE', *, *, #334, .T. ) ;
#3139 = EDGE_LOOP ( 'NONE', ( #63, #3570, #2382, #5146, #6192, #4125, #3187, #6629 ) ) ;
#3140 = FACE_OUTER_BOUND ( 'NONE', #301, .T. ) ;
#3141 = CARTESIAN_POINT ( 'NONE',  ( 39.80951726383673872, 0.2881553550180024348, -0.7032599859490739069 ) ) ;
#3142 = ORIENTED_EDGE ( 'NONE', *, *, #5998, .T. ) ;
#3143 = CARTESIAN_POINT ( 'NONE',  ( 29.67751772234517205, 8.621907934330076628, -22.25614047267316664 ) ) ;
#3144 = DIRECTION ( 'NONE',  ( 3.382917932875483327E-16, 2.470467893844505313E-16, -1.000000000000000000 ) ) ;
#3145 = ORIENTED_EDGE ( 'NONE', *, *, #3892, .T. ) ;
#3146 = CARTESIAN_POINT ( 'NONE',  ( 29.60113989288026204, 8.454918192662232101, -21.57462005477975353 ) ) ;
#3147 = CARTESIAN_POINT ( 'NONE',  ( 30.02151402291161020, 3.647290337804917737, 15.66641791636912195 ) ) ;
#3148 = CARTESIAN_POINT ( 'NONE',  ( 29.03260236254530824, -1.708906158863316538, 14.45986411484235035 ) ) ;
#3149 = CARTESIAN_POINT ( 'NONE',  ( 45.76483155521164292, 2.986121288134864660, -1.186243137191113517 ) ) ;
#3150 = ORIENTED_EDGE ( 'NONE', *, *, #508, .F. ) ;
#3151 = ORIENTED_EDGE ( 'NONE', *, *, #1028, .T. ) ;
#3152 = DIRECTION ( 'NONE',  ( -2.220446049250313081E-16, -9.860761315262647568E-32, -1.000000000000000000 ) ) ;
#3153 = B_SPLINE_CURVE_WITH_KNOTS ( 'NONE', 3,
 ( #2300, #3956, #5674, #601 ),
 .UNSPECIFIED., .F., .F.,
 ( 4, 4 ),
 ( -0.005227664890917567940, 0.002000060167822535935 ),
 .UNSPECIFIED. ) ;
#3154 = CARTESIAN_POINT ( 'NONE',  ( 41.04214198028613936, -0.1710117696352218275, -0.3000000000000023759 ) ) ;
#3155 = CARTESIAN_POINT ( 'NONE',  ( 51.27584988001838440, 10.03823547873488309, -0.2999999999999966027 ) ) ;
#3156 = ORIENTED_EDGE ( 'NONE', *, *, #4703, .F. ) ;
#3157 = CARTESIAN_POINT ( 'NONE',  ( 29.99470278948739832, 6.652618872007244555, -20.00638353950308357 ) ) ;
#3158 = CARTESIAN_POINT ( 'NONE',  ( 29.67792399432639527, 6.847293106123297335, 19.18387965309053200 ) ) ;
#3159 = CARTESIAN_POINT ( 'NONE',  ( 29.83253719260675041, 8.869752695473110293, 20.90737763638984958 ) ) ;
#3160 = CARTESIAN_POINT ( 'NONE',  ( 27.23884348098842878, -1.317488509068562408, -1.000000000000006217 ) ) ;
#3161 = AXIS2_PLACEMENT_3D ( 'NONE', #5376, #6875, #4221 ) ;
#3162 = CARTESIAN_POINT ( 'NONE',  ( 29.68608220240749773, 9.653674990923356347, 21.49999999999999645 ) ) ;
#3163 = VERTEX_POINT ( 'NONE', #6900 ) ;
#3164 = CARTESIAN_POINT ( 'NONE',  ( 30.02151402291161730, 3.647290337804917737, -16.95153242091817702 ) ) ;
#3165 = LINE ( 'NONE', #1657, #6083 ) ;
#3166 = B_SPLINE_CURVE_WITH_KNOTS ( 'NONE', 3,
 ( #3066, #4656, #4615, #118 ),
 .UNSPECIFIED., .F., .F.,
 ( 4, 4 ),
 ( -0.005188057493868169709, 0.002000055686290479889 ),
 .UNSPECIFIED. ) ;
#3167 = ORIENTED_EDGE ( 'NONE', *, *, #4206, .F. ) ;
#3168 = ADVANCED_FACE ( 'NONE', ( #3556 ), #2336, .F. ) ;
#3169 = DIRECTION ( 'NONE',  ( 0.01657441405230579770, 0.9998626349648348510, 1.734723475976998532E-18 ) ) ;
#3170 = CARTESIAN_POINT ( 'NONE',  ( 29.60113989288019098, 8.454918192658066545, -22.16756122134490425 ) ) ;
#3171 = CARTESIAN_POINT ( 'NONE',  ( 45.84190424054542490, 2.906450311533736119, -0.9310047289394458581 ) ) ;
#3172 = VERTEX_POINT ( 'NONE', #5219 ) ;
#3173 = VERTEX_POINT ( 'NONE', #81 ) ;
#3174 = AXIS2_PLACEMENT_3D ( 'NONE', #903, #2631, #4884 ) ;
#3175 = EDGE_CURVE ( 'NONE', #6159, #4078, #1861, .T. ) ;
#3176 = DIRECTION ( 'NONE',  ( -0.9998626349648348510, 0.01657441405230573525, -1.665334536937734811E-16 ) ) ;
#3177 =( BOUNDED_CURVE ( )  B_SPLINE_CURVE ( 3, ( #4730, #3553, #2512, #1274 ),
 .UNSPECIFIED., .F., .F. ) 
 B_SPLINE_CURVE_WITH_KNOTS ( ( 4, 4 ),
 ( 4.712388980384690562, 6.283185307179586232 ),
 .UNSPECIFIED. ) 
 CURVE ( )  GEOMETRIC_REPRESENTATION_ITEM ( )  RATIONAL_B_SPLINE_CURVE ( ( 1.000000000000000000, 0.8047378541243652705, 0.8047378541243652705, 1.000000000000000000 ) ) 
 REPRESENTATION_ITEM ( '' )  );
#3178 = EDGE_CURVE ( 'NONE', #116, #37, #4523, .T. ) ;
#3179 = CARTESIAN_POINT ( 'NONE',  ( 40.23627659394075096, 0.4625993507093938972, -1.092118996980634860 ) ) ;
#3180 = B_SPLINE_CURVE_WITH_KNOTS ( 'NONE', 3,
 ( #1731, #3978, #3432, #3506, #624, #5128, #1807, #2874, #68, #6123, #735, #2322, #1768, #5237, #4054, #4014, #1882, #6369 ),
 .UNSPECIFIED., .F., .F.,
 ( 4, 2, 2, 2, 2, 2, 2, 2, 4 ),
 ( 0.01274504708797910904, 0.01404316826987255656, 0.01469222886081920573, 0.01534128945176585664, 0.01663941063365931977, 0.01728847122460611813, 0.01761300152007950690, 0.01777526666781619608, 0.01793753181555288526 ),
 .UNSPECIFIED. ) ;
#3181 = ORIENTED_EDGE ( 'NONE', *, *, #1569, .T. ) ;
#3182 = ADVANCED_FACE ( 'NONE', ( #5753 ), #2890, .F. ) ;
#3183 = AXIS2_PLACEMENT_3D ( 'NONE', #3460, #237, #7089 ) ;
#3184 = CARTESIAN_POINT ( 'NONE',  ( 29.60569258190695763, 8.729562209159176689, -22.36486449361478179 ) ) ;
#3185 = CARTESIAN_POINT ( 'NONE',  ( 49.16621105951234227, 6.116450768821839468, -0.2999999999999987121 ) ) ;
#3186 = B_SPLINE_CURVE_WITH_KNOTS ( 'NONE', 3,
 ( #1421, #824, #1454, #790, #4287, #2556, #1352, #1492, #1386, #4804, #3036, #270, #6569, #7045 ),
 .UNSPECIFIED., .F., .F.,
 ( 4, 2, 2, 2, 2, 2, 4 ),
 ( 5.775422197907416924E-13, 0.001562745955475068789, 0.002344118932923825935, 0.003125491910372582647, 0.004688237865270101709, 0.005469610842718861457, 0.006250983820167621205 ),
 .UNSPECIFIED. ) ;
#3187 = ORIENTED_EDGE ( 'NONE', *, *, #253, .T. ) ;
#3188 = DIRECTION ( 'NONE',  ( -0.01657441405230579770, -0.9998626349648348510, 0.000000000000000000 ) ) ;
#3189 = CARTESIAN_POINT ( 'NONE',  ( 29.80411693604833090, 3.700676490733162183, 15.73199023144796982 ) ) ;
#3190 = CARTESIAN_POINT ( 'NONE',  ( 49.17045615734828345, 6.290497671397378809, -0.5684799141083729523 ) ) ;
#3191 = DIRECTION ( 'NONE',  ( 0.01657441405230466666, 0.9998626349648349620, 1.734723475976807480E-18 ) ) ;
#3192 = AXIS2_PLACEMENT_3D ( 'NONE', #5990, #2061, #1545 ) ;
#3193 = VERTEX_POINT ( 'NONE', #43 ) ;
#3194 = ORIENTED_EDGE ( 'NONE', *, *, #4303, .F. ) ;
#3195 = CARTESIAN_POINT ( 'NONE',  ( 40.24814097596405560, 0.4675976875576031699, 0.1974825668912263965 ) ) ;
#3196 = CARTESIAN_POINT ( 'NONE',  ( 40.47805477353604431, -0.4265803055349093875, 0.1999999999999972633 ) ) ;
#3197 = CYLINDRICAL_SURFACE ( 'NONE', #4134, 0.5000000000000004441 ) ;
#3198 = VERTEX_POINT ( 'NONE', #5179 ) ;
#3199 = VECTOR ( 'NONE', #4135, 100.0000000000000000 ) ;
#3200 = CARTESIAN_POINT ( 'NONE',  ( 30.03235836435683836, 6.647522726227220069, -20.00215235425145366 ) ) ;
#3201 = CARTESIAN_POINT ( 'NONE',  ( 29.31498041281528799, 3.258947373655597168, -0.5000000000000032196 ) ) ;
#3202 = LINE ( 'NONE', #4853, #994 ) ;
#3203 = CARTESIAN_POINT ( 'NONE',  ( 29.47185946327227768, 0.6559896399365641173, 3.157794127454116328E-15 ) ) ;
#3204 = DIRECTION ( 'NONE',  ( -0.9998626349648348510, 0.01657441405230573525, -1.665334536937734811E-16 ) ) ;
#3205 = ORIENTED_EDGE ( 'NONE', *, *, #6798, .T. ) ;
#3206 = DIRECTION ( 'NONE',  ( -0.9998626349648349620, 0.01657441405230474646, 0.000000000000000000 ) ) ;
#3207 = CARTESIAN_POINT ( 'NONE',  ( 40.89633913758626704, 0.7531817502236537454, -0.7250338043015187584 ) ) ;
#3208 = EDGE_LOOP ( 'NONE', ( #649, #100, #6094, #2870, #4680, #5968 ) ) ;
#3209 = CARTESIAN_POINT ( 'NONE',  ( 29.42213622111535187, -2.343598264958009825, 1.499999999999996225 ) ) ;
#3210 = CARTESIAN_POINT ( 'NONE',  ( 40.60677961334561559, 0.007955120465067938573, -0.9516329057481888176 ) ) ;
#3211 = CARTESIAN_POINT ( 'NONE',  ( 29.57832970477018364, 5.895140181456712369, -20.09729788615392820 ) ) ;
#3212 = ORIENTED_EDGE ( 'NONE', *, *, #1600, .F. ) ;
#3213 = ORIENTED_EDGE ( 'NONE', *, *, #1950, .T. ) ;
#3214 = CYLINDRICAL_SURFACE ( 'NONE', #2860, 0.4999999999999999445 ) ;
#3215 = FACE_OUTER_BOUND ( 'NONE', #1445, .T. ) ;
#3216 = ORIENTED_EDGE ( 'NONE', *, *, #6304, .F. ) ;
#3217 = CARTESIAN_POINT ( 'NONE',  ( 29.80480211209282260, 8.490049632855212636, -22.25393025814420156 ) ) ;
#3218 = EDGE_CURVE ( 'NONE', #5152, #1622, #3959, .T. ) ;
#3219 = EDGE_CURVE ( 'NONE', #2046, #2112, #4547, .T. ) ;
#3220 = CARTESIAN_POINT ( 'NONE',  ( 45.46966389293517352, 3.391211129187593265, 0.2223407802516420562 ) ) ;
#3221 = VERTEX_POINT ( 'NONE', #751 ) ;
#3222 = CARTESIAN_POINT ( 'NONE',  ( 29.74235230381168549, 8.795315834750907058, -21.84784424283396120 ) ) ;
#3223 = CARTESIAN_POINT ( 'NONE',  ( 29.99056428855568868, 3.247748428428510525, -16.95254934674220593 ) ) ;
#3224 = CARTESIAN_POINT ( 'NONE',  ( 31.03832149385491945, -2.370389269000775290, 0.000000000000000000 ) ) ;
#3225 = DIRECTION ( 'NONE',  ( 0.9998626349648349620, -0.01657441405230485054, 0.000000000000000000 ) ) ;
#3226 = ORIENTED_EDGE ( 'NONE', *, *, #6714, .F. ) ;
#3227 = CARTESIAN_POINT ( 'NONE',  ( 30.14404579061175582, -1.868616763265141367, -1.300000000000007150 ) ) ;
#3228 = EDGE_CURVE ( 'NONE', #2328, #318, #6667, .T. ) ;
#3229 = CARTESIAN_POINT ( 'NONE',  ( 40.85939262495381286, -0.2559977403155172526, -0.2999999999994539812 ) ) ;
#3230 = FACE_OUTER_BOUND ( 'NONE', #769, .T. ) ;
#3231 = ORIENTED_EDGE ( 'NONE', *, *, #3272, .F. ) ;
#3232 = EDGE_CURVE ( 'NONE', #494, #5710, #1005, .T. ) ;
#3233 = CARTESIAN_POINT ( 'NONE',  ( 29.51495293980818602, 3.255632490840011606, -17.35602955787456025 ) ) ;
#3234 = CARTESIAN_POINT ( 'NONE',  ( 29.57952447209467550, 7.146809560181840659, 19.45676392269215071 ) ) ;
#3235 = CARTESIAN_POINT ( 'NONE',  ( 44.96360210105974886, 2.999545005631353511, -1.200000000000000400 ) ) ;
#3236 = LINE ( 'NONE', #6724, #702 ) ;
#3237 = LINE ( 'NONE', #7248, #4059 ) ;
#3238 = DIRECTION ( 'NONE',  ( -0.000000000000000000, -0.000000000000000000, -1.000000000000000000 ) ) ;
#3239 = ORIENTED_EDGE ( 'NONE', *, *, #2486, .T. ) ;
#3240 = DIRECTION ( 'NONE',  ( -0.9998626349648350731, 0.01657441405230465625, 0.000000000000000000 ) ) ;
#3241 = ADVANCED_FACE ( 'NONE', ( #4249 ), #5855, .T. ) ;
#3242 = CARTESIAN_POINT ( 'NONE',  ( 49.15839109156489428, 6.330476389547355254, 0.2000000000000021760 ) ) ;
#3243 = ORIENTED_EDGE ( 'NONE', *, *, #5022, .T. ) ;
#3244 = CARTESIAN_POINT ( 'NONE',  ( 30.10525603427360153, 8.946630307056260278, 21.24651367581768469 ) ) ;
#3245 = CARTESIAN_POINT ( 'NONE',  ( 29.80343963233871918, 0.2243075541622302771, -11.80567427740766817 ) ) ;
#3246 = CARTESIAN_POINT ( 'NONE',  ( 31.23829402084788498, -1.383786165277782976, -1.242133333333345746 ) ) ;
#3247 = EDGE_LOOP ( 'NONE', ( #4474, #550, #6869, #669, #4979, #6472 ) ) ;
#3248 = ORIENTED_EDGE ( 'NONE', *, *, #1556, .T. ) ;
#3249 = CARTESIAN_POINT ( 'NONE',  ( 49.27752137395131626, 6.422796374690702415, -0.2999999999999981570 ) ) ;
#3250 = CARTESIAN_POINT ( 'NONE',  ( 30.27660354984048752, -2.372809778555347915, -1.000000000000006883 ) ) ;
#3251 = VERTEX_POINT ( 'NONE', #7116 ) ;
#3252 = CARTESIAN_POINT ( 'NONE',  ( 49.17312605566461059, 6.579923096599503474, -0.2340448032088716934 ) ) ;
#3253 = DIRECTION ( 'NONE',  ( -1.000000000000000000, 0.000000000000000000, -3.382917932875483327E-16 ) ) ;
#3254 = ORIENTED_EDGE ( 'NONE', *, *, #4126, .T. ) ;
#3255 = LINE ( 'NONE', #3811, #3108 ) ;
#3256 = CARTESIAN_POINT ( 'NONE',  ( 30.02980122993776391, 4.147221655287334663, 3.255189098589949502E-15 ) ) ;
#3257 = CARTESIAN_POINT ( 'NONE',  ( 29.84869146017683406, -2.350669139397241203, -1.000000000000006439 ) ) ;
#3258 = EDGE_CURVE ( 'NONE', #1250, #5592, #5893, .T. ) ;
#3259 = CARTESIAN_POINT ( 'NONE',  ( 51.16462018305794146, 9.297631901322384707, -1.194757768369259843 ) ) ;
#3261 = EDGE_CURVE ( 'NONE', #2901, #1930, #7043, .T. ) ;
#3260 = B_SPLINE_CURVE_WITH_KNOTS ( 'NONE', 2,
 ( #450, #6522, #341 ),
 .UNSPECIFIED., .F., .F.,
 ( 3, 3 ),
 ( 0.9585772340791409718, 0.9832991604359855309 ),
 .UNSPECIFIED. ) ;
#3262 = ADVANCED_FACE ( 'NONE', ( #2589 ), #176, .T. ) ;
#3263 = EDGE_LOOP ( 'NONE', ( #5322, #2074, #372, #876, #2394 ) ) ;
#3264 = CARTESIAN_POINT ( 'NONE',  ( 40.12734271921971896, 0.4170757028557695034, -0.1251725526571229319 ) ) ;
#3265 = ORIENTED_EDGE ( 'NONE', *, *, #3085, .T. ) ;
#3266 = CARTESIAN_POINT ( 'NONE',  ( 40.48634198056211631, 0.07335101194750953679, 0.1999999999999973188 ) ) ;
#3267 = ORIENTED_EDGE ( 'NONE', *, *, #6623, .T. ) ;
#3268 = DIRECTION ( 'NONE',  ( 2.220446049250313081E-16, 9.860761315262647568E-32, 1.000000000000000000 ) ) ;
#3269 = CARTESIAN_POINT ( 'NONE',  ( 29.99966177666153300, 0.6472404240203468717, -11.50000000000003020 ) ) ;
#3270 = ADVANCED_FACE ( 'NONE', ( #6457 ), #1467, .T. ) ;
#3271 = CARTESIAN_POINT ( 'NONE',  ( 29.21567331897403363, 9.334971971771391708, -22.25672608094550853 ) ) ;
#3272 = EDGE_CURVE ( 'NONE', #6687, #6015, #823, .T. ) ;
#3273 = CARTESIAN_POINT ( 'NONE',  ( 31.02191643705909385, -2.370117327441628063, -0.8000000000000069278 ) ) ;
#3274 = ADVANCED_FACE ( 'NONE', ( #3695 ), #309, .F. ) ;
#3275 = CARTESIAN_POINT ( 'NONE',  ( 48.60585049137159785, 6.550022023209918665, -0.7631151799820159454 ) ) ;
#3276 = DIRECTION ( 'NONE',  ( 0.01657441405230573872, 0.9998626349648349620, 1.322917018095942701E-18 ) ) ;
#3277 = ORIENTED_EDGE ( 'NONE', *, *, #6763, .F. ) ;
#3278 = CARTESIAN_POINT ( 'NONE',  ( 40.67163519096747848, -0.3413191807342461637, -0.7000000000007735590 ) ) ;
#3279 = ORIENTED_EDGE ( 'NONE', *, *, #840, .F. ) ;
#3280 = CARTESIAN_POINT ( 'NONE',  ( 48.35134989619359658, 5.943799508593357039, 0.2000000000000014821 ) ) ;
#3281 =( NAMED_UNIT ( * ) SI_UNIT ( $, .STERADIAN. ) SOLID_ANGLE_UNIT ( ) );
#3282 = CARTESIAN_POINT ( 'NONE',  ( 28.49748433591749475, -2.375808276329460345, -1.300000000000007816 ) ) ;
#3283 = VERTEX_POINT ( 'NONE', #344 ) ;
#3284 = ORIENTED_EDGE ( 'NONE', *, *, #1683, .T. ) ;
#3285 = DIRECTION ( 'NONE',  ( -0.01657441405230464238, -0.9998626349648349620, -1.734723475976807480E-18 ) ) ;
#3286 = VECTOR ( 'NONE', #3033, 100.0000000000000142 ) ;
#3287 = CARTESIAN_POINT ( 'NONE',  ( 29.70355015327729831, 3.557086286597956004, 15.53944724013398826 ) ) ;
#3288 = EDGE_LOOP ( 'NONE', ( #5208, #2594, #2666, #3700, #934, #1710 ) ) ;
#3289 = B_SPLINE_CURVE_WITH_KNOTS ( 'NONE', 2,
 ( #4409, #6688, #4446 ),
 .UNSPECIFIED., .F., .F.,
 ( 3, 3 ),
 ( 0.6414313971079785848, 1.000000000000000000 ),
 .UNSPECIFIED. ) ;
#3290 = CARTESIAN_POINT ( 'NONE',  ( 30.07123726506852890, 6.646878242699422401, 5.001225937380148124E-15 ) ) ;
#3291 = VECTOR ( 'NONE', #810, 100.0000000000000142 ) ;
#3292 = CARTESIAN_POINT ( 'NONE',  ( 49.16385798081493874, 6.356584537648320321, -1.039445106153825016 ) ) ;
#3293 = EDGE_LOOP ( 'NONE', ( #2107, #7186, #2826 ) ) ;
#3294 = DIRECTION ( 'NONE',  ( -0.01657441405230468054, -0.9998626349648349620, 0.000000000000000000 ) ) ;
#3295 = LINE ( 'NONE', #3370, #3485 ) ;
#3296 = DIRECTION ( 'NONE',  ( -1.000000000000000000, 0.000000000000000000, -1.665393298452073591E-16 ) ) ;
#3297 = CARTESIAN_POINT ( 'NONE',  ( 50.69915774671439834, 9.194950559884244257, -0.04375400621462598172 ) ) ;
#3298 = VECTOR ( 'NONE', #2820, 100.0000000000000000 ) ;
#3299 = EDGE_LOOP ( 'NONE', ( #4738, #3693, #6586, #6118, #1765, #4386, #133, #1875, #5783, #1457, #2339, #3873, #1342, #26 ) ) ;
#3300 = CARTESIAN_POINT ( 'NONE',  ( 40.24665777319953719, 0.4669718140999835065, 0.1616599133163443280 ) ) ;
#3301 = CARTESIAN_POINT ( 'NONE',  ( 45.38133540227194374, 2.530323241722395977, -0.7000000000000001776 ) ) ;
#3302 = ORIENTED_EDGE ( 'NONE', *, *, #1334, .F. ) ;
#3303 = CARTESIAN_POINT ( 'NONE',  ( 40.54379318881267835, 0.07155198322723956006, -1.170338983050845050 ) ) ;
#3304 = CARTESIAN_POINT ( 'NONE',  ( 30.04204292387456832, 3.203911531157698445, -17.51027643789101162 ) ) ;
#3305 = DIRECTION ( 'NONE',  ( -0.9998626349648349620, 0.01657441405230474646, 0.000000000000000000 ) ) ;
#3306 = ADVANCED_FACE ( 'NONE', ( #6567 ), #267, .T. ) ;
#3307 = CARTESIAN_POINT ( 'NONE',  ( 29.42213622111535187, -2.343598264957939659, -1.777438445626159602 ) ) ;
#3308 = VECTOR ( 'NONE', #1437, 100.0000000000000000 ) ;
#3309 = EDGE_CURVE ( 'NONE', #1216, #7238, #163, .T. ) ;
#3310 = CARTESIAN_POINT ( 'NONE',  ( 29.41754729455481510, -2.620428334968876616, -1.318539949699647496 ) ) ;
#3311 = CARTESIAN_POINT ( 'NONE',  ( 50.83551226491201191, 9.389837911085011868, -0.08195203876679477140 ) ) ;
#3312 = VERTEX_POINT ( 'NONE', #1898 ) ;
#3313 = FACE_OUTER_BOUND ( 'NONE', #1671, .T. ) ;
#3314 = CARTESIAN_POINT ( 'NONE',  ( 29.51495293980818602, 3.255632490840011606, -17.35602955787456025 ) ) ;
#3315 = ORIENTED_EDGE ( 'NONE', *, *, #4531, .F. ) ;
#3316 = CARTESIAN_POINT ( 'NONE',  ( 29.26525717065837640, 0.2593594687610915606, -0.5000000000000032196 ) ) ;
#3317 = EDGE_CURVE ( 'NONE', #3172, #4801, #6217, .T. ) ;
#3318 = CARTESIAN_POINT ( 'NONE',  ( 28.60202145526021411, -2.416350325028544521, -1.300000000000007372 ) ) ;
#3319 = ORIENTED_EDGE ( 'NONE', *, *, #2100, .T. ) ;
#3320 = VERTEX_POINT ( 'NONE', #3035 ) ;
#3321 = EDGE_CURVE ( 'NONE', #143, #2374, #4694, .T. ) ;
#3322 = CARTESIAN_POINT ( 'NONE',  ( 49.21528125210483040, 6.331436357895678491, -0.2999999999999981570 ) ) ;
#3323 = CARTESIAN_POINT ( 'NONE',  ( 29.51887285879833556, 3.319856307860630018, 15.21232374803579468 ) ) ;
#3324 = ORIENTED_EDGE ( 'NONE', *, *, #6132, .T. ) ;
#3325 = CARTESIAN_POINT ( 'NONE',  ( 29.20522942728162974, 0.6604094836830698423, 10.49999999999813305 ) ) ;
#3326 = CARTESIAN_POINT ( 'NONE',  ( 50.02560852304163319, 7.346089305902101074, -0.2999999999999976574 ) ) ;
#3327 = VERTEX_POINT ( 'NONE', #232 ) ;
#3328 = CARTESIAN_POINT ( 'NONE',  ( 29.31498041281528799, 3.258947373655597168, -0.5000000000000032196 ) ) ;
#3329 = CARTESIAN_POINT ( 'NONE',  ( 30.31904579061175298, -1.868616763265141367, 0.000000000000000000 ) ) ;
#3330 = CARTESIAN_POINT ( 'NONE',  ( 30.07952447209468261, 7.146809560181840659, 3.252336556894853104E-15 ) ) ;
#3331 = ORIENTED_EDGE ( 'NONE', *, *, #283, .F. ) ;
#3332 = CARTESIAN_POINT ( 'NONE',  ( 30.03607623822914263, 8.947777079166344905, -22.49055314536486705 ) ) ;
#3333 = CARTESIAN_POINT ( 'NONE',  ( 30.09961078566584902, 9.307277383580247587, 21.24688247531408081 ) ) ;
#3334 = AXIS2_PLACEMENT_3D ( 'NONE', #2669, #944, #6017 ) ;
#3335 = ORIENTED_EDGE ( 'NONE', *, *, #5769, .T. ) ;
#3336 = LINE ( 'NONE', #7243, #4637 ) ;
#3337 = DIRECTION ( 'NONE',  ( -2.220446049250313081E-16, -9.860761315262647568E-32, -1.000000000000000000 ) ) ;
#3338 = CARTESIAN_POINT ( 'NONE',  ( 29.92817392121608222, 6.615521980958948056, 18.97021083887560522 ) ) ;
#3339 = AXIS2_PLACEMENT_3D ( 'NONE', #4389, #4355, #7226 ) ;
#3340 = CARTESIAN_POINT ( 'NONE',  ( 48.72204735959149247, 5.757841259949413093, -0.2999999999999985456 ) ) ;
#3341 = CARTESIAN_POINT ( 'NONE',  ( 30.00547939312785317, 3.636638968737442745, -16.65198059011099119 ) ) ;
#3342 = CARTESIAN_POINT ( 'NONE',  ( 39.74045872950771496, 0.08571528820440692253, -1.200000000000002842 ) ) ;
#3343 = CARTESIAN_POINT ( 'NONE',  ( 40.27037592089062201, 0.4769859681717087962, -0.2553365848441299657 ) ) ;
#3344 = AXIS2_PLACEMENT_3D ( 'NONE', #2708, #6061, #463 ) ;
#3345 = LINE ( 'NONE', #577, #528 ) ;
#3346 = CARTESIAN_POINT ( 'NONE',  ( 29.02116700942575278, -2.398751499143996213, 0.5317161229980874593 ) ) ;
#3347 = VECTOR ( 'NONE', #1705, 100.0000000000000142 ) ;
#3348 = EDGE_CURVE ( 'NONE', #479, #543, #1490, .T. ) ;
#3350 = ADVANCED_FACE ( 'NONE', ( #1452 ), #3106, .T. ) ;
#3349 = B_SPLINE_CURVE_WITH_KNOTS ( 'NONE', 3,
 ( #151, #7003, #6485, #713, #1928, #4177, #2441, #1416, #3517, #6383, #1313, #6454, #4690, #6968, #1348, #4143 ),
 .UNSPECIFIED., .F., .F.,
 ( 4, 2, 2, 2, 2, 2, 2, 4 ),
 ( 0.000000000000000000, 0.001525371695783292502, 0.002288057543674937560, 0.003050743391566582401, 0.003813429239458227243, 0.004576115087349872518, 0.005338800935241517359, 0.006101486783133162201 ),
 .UNSPECIFIED. ) ;
#3351 = EDGE_LOOP ( 'NONE', ( #566, #5670, #3973, #1280, #1914, #2360 ) ) ;
#3352 = EDGE_CURVE ( 'NONE', #4087, #2653, #4966, .T. ) ;
#3353 = AXIS2_PLACEMENT_3D ( 'NONE', #4481, #1712, #6235 ) ;
#3354 = AXIS2_PLACEMENT_3D ( 'NONE', #977, #3225, #421 ) ;
#3355 = CARTESIAN_POINT ( 'NONE',  ( 45.77175446266352310, 3.386629261935739876, 0.1793710138624886319 ) ) ;
#3356 = VECTOR ( 'NONE', #6587, 100.0000000000000142 ) ;
#3357 = CARTESIAN_POINT ( 'NONE',  ( 29.62102918974303023, 9.654753354620073225, -22.74663514059542635 ) ) ;
#3358 = VERTEX_POINT ( 'NONE', #1529 ) ;
#3359 = ORIENTED_EDGE ( 'NONE', *, *, #6812, .T. ) ;
#3360 = DIRECTION ( 'NONE',  ( -0.9998626349648348510, 0.01657441405230448625, 0.000000000000000000 ) ) ;
#3361 = DIRECTION ( 'NONE',  ( -0.9998626349648348510, 0.01657441405230573525, -1.665334536937734811E-16 ) ) ;
#3362 = UNCERTAINTY_MEASURE_WITH_UNIT (LENGTH_MEASURE( 1.000000000000000082E-05 ), #1798, 'distance_accuracy_value', 'NONE');
#3363 = EDGE_CURVE ( 'NONE', #3019, #1591, #24, .T. ) ;
#3364 = CARTESIAN_POINT ( 'NONE',  ( 27.23884348098842878, -2.307406495602015717, -1.300000000000006262 ) ) ;
#3365 = ADVANCED_FACE ( 'NONE', ( #490 ), #6188, .F. ) ;
#3366 = CARTESIAN_POINT ( 'NONE',  ( 49.27752137395131626, 6.422796374690702415, -0.2999999999999981570 ) ) ;
#3367 = CARTESIAN_POINT ( 'NONE',  ( 29.21402111880147956, -2.831489695086466973, -0.5000000000000032196 ) ) ;
#3368 = ORIENTED_EDGE ( 'NONE', *, *, #1373, .F. ) ;
#3369 = CARTESIAN_POINT ( 'NONE',  ( 29.98725043571737103, 6.627634221713372575, -19.98261983904331274 ) ) ;
#3370 = CARTESIAN_POINT ( 'NONE',  ( 29.96516101513376640, 0.2477573789244779945, 4.990817596524285704E-15 ) ) ;
#3371 = DIRECTION ( 'NONE',  ( -0.9998626349648349620, 0.01657441405230466666, 0.000000000000000000 ) ) ;
#3372 = AXIS2_PLACEMENT_3D ( 'NONE', #6819, #2884, #5249 ) ;
#3373 = VERTEX_POINT ( 'NONE', #2622 ) ;
#3374 = FACE_BOUND ( 'NONE', #5246, .T. ) ;
#3375 = LINE ( 'NONE', #4029, #6495 ) ;
#3376 = VERTEX_POINT ( 'NONE', #1088 ) ;
#3377 = AXIS2_PLACEMENT_3D ( 'NONE', #1139, #3384, #2516 ) ;
#3378 = CARTESIAN_POINT ( 'NONE',  ( 29.88003412002358417, 0.2491685011698782648, 11.40163824770148260 ) ) ;
#3379 = DIRECTION ( 'NONE',  ( 0.01657441405230466319, 0.9998626349648349620, 1.734723475976807094E-18 ) ) ;
#3380 = CARTESIAN_POINT ( 'NONE',  ( 29.83971824079822355, 6.578288670993464038, 18.93343118702587446 ) ) ;
#3381 = CARTESIAN_POINT ( 'NONE',  ( 29.21387648709622908, -2.840214699629897144, -0.5000000000000032196 ) ) ;
#3382 = CARTESIAN_POINT ( 'NONE',  ( 40.24039004699012878, 0.07742808117825474012, 0.1999999999999971800 ) ) ;
#3383 = CARTESIAN_POINT ( 'NONE',  ( 50.80182032151434868, 9.341402012182880910, 0.008622383608504811600 ) ) ;
#3384 = DIRECTION ( 'NONE',  ( -0.9998626349648349620, 0.01657441405230466666, -3.341506680459168859E-16 ) ) ;
#3385 = CARTESIAN_POINT ( 'NONE',  ( 40.71956292776157937, 0.06948498034538810875, -1.193092475485850068 ) ) ;
#3386 = CARTESIAN_POINT ( 'NONE',  ( 50.02982021716243821, 7.352254763938423032, -0.2999999999999976574 ) ) ;
#3387 = ORIENTED_EDGE ( 'NONE', *, *, #4112, .T. ) ;
#3388 = DIRECTION ( 'NONE',  ( 0.9998626349648348510, -0.01657441405230463891, 0.000000000000000000 ) ) ;
#3389 = CARTESIAN_POINT ( 'NONE',  ( 28.35489270057281530, -2.336188985429532572, -1.300000000000007594 ) ) ;
#3390 = VERTEX_POINT ( 'NONE', #6119 ) ;
#3391 = VERTEX_POINT ( 'NONE', #2698 ) ;
#3392 = CARTESIAN_POINT ( 'NONE',  ( 49.10898578509949886, 5.931240412489066749, -0.6999999999999982903 ) ) ;
#3393 = PLANE ( 'NONE',  #4765 ) ;
#3394 = ADVANCED_FACE ( 'NONE', ( #5444 ), #4873, .F. ) ;
#3395 = FACE_OUTER_BOUND ( 'NONE', #777, .T. ) ;
#3396 = CARTESIAN_POINT ( 'NONE',  ( 40.83016160440857334, 0.7228422962148801645, -0.2497593978005949455 ) ) ;
#3397 = EDGE_CURVE ( 'NONE', #2653, #3358, #4320, .T. ) ;
#3398 = CARTESIAN_POINT ( 'NONE',  ( 31.03832149385492656, -1.380471282467322203, -1.300000000000007150 ) ) ;
#3399 = EDGE_CURVE ( 'NONE', #7123, #2269, #6788, .T. ) ;
#3400 = AXIS2_PLACEMENT_3D ( 'NONE', #1725, #5692, #2723 ) ;
#3401 = ORIENTED_EDGE ( 'NONE', *, *, #5807, .T. ) ;
#3402 = CARTESIAN_POINT ( 'NONE',  ( 29.79159478725866705, 6.550578713622686067, -19.90627055236251053 ) ) ;
#3403 = FACE_OUTER_BOUND ( 'NONE', #4848, .T. ) ;
#3404 = DIRECTION ( 'NONE',  ( 1.000000000000000000, 0.000000000000000000, 3.469446951953611231E-16 ) ) ;
#3405 = EDGE_CURVE ( 'NONE', #3552, #6548, #5552, .T. ) ;
#3406 = CIRCLE ( 'NONE', #5417, 0.5000000000000004441 ) ;
#3407 = ORIENTED_EDGE ( 'NONE', *, *, #4834, .F. ) ;
#3408 = CARTESIAN_POINT ( 'NONE',  ( 29.60465298705988602, 8.666847953411631167, -22.32018343399845506 ) ) ;
#3409 = CARTESIAN_POINT ( 'NONE',  ( 29.21567331897402298, 9.334971971771397037, 21.25672608094553340 ) ) ;
#3410 = EDGE_CURVE ( 'NONE', #4666, #6571, #1637, .T. ) ;
#3411 = VERTEX_POINT ( 'NONE', #974 ) ;
#3412 = CARTESIAN_POINT ( 'NONE',  ( 41.07028422781502286, 1.718624920656745436, -0.7000000000000019540 ) ) ;
#3413 = VECTOR ( 'NONE', #3827, 100.0000000000000000 ) ;
#3414 = CARTESIAN_POINT ( 'NONE',  ( 29.96516101513376640, 0.2477573789244774116, 9.976640682965166818 ) ) ;
#3415 = EDGE_CURVE ( 'NONE', #2916, #5353, #2662, .T. ) ;
#3416 = CARTESIAN_POINT ( 'NONE',  ( 29.02206494228574840, -2.344583097620759116, -1.675576288675167502 ) ) ;
#3417 = FACE_OUTER_BOUND ( 'NONE', #707, .T. ) ;
#3418 = EDGE_LOOP ( 'NONE', ( #2730, #3546, #4345, #5024, #6866, #5100 ) ) ;
#3419 = DIRECTION ( 'NONE',  ( -0.000000000000000000, -0.000000000000000000, -1.000000000000000000 ) ) ;
#3420 = DIRECTION ( 'NONE',  ( -0.01657441405230579770, -0.9998626349648348510, 0.000000000000000000 ) ) ;
#3421 = CARTESIAN_POINT ( 'NONE',  ( 29.51495293980818602, 3.255632490840011606, -17.35602955787456025 ) ) ;
#3422 = CARTESIAN_POINT ( 'NONE',  ( 29.99056428855567091, 3.247748428428510525, 15.95254934674219882 ) ) ;
#3423 = VERTEX_POINT ( 'NONE', #4361 ) ;
#3424 = DIRECTION ( 'NONE',  ( -0.01657441405230464238, -0.9998626349648349620, 0.000000000000000000 ) ) ;
#3425 = PRODUCT_CONTEXT ( 'NONE', #659, 'mechanical' ) ;
#3426 = DIRECTION ( 'NONE',  ( 0.9998626349648348510, -0.01657441405230463891, 0.000000000000000000 ) ) ;
#3427 = EDGE_LOOP ( 'NONE', ( #2470, #1641, #828, #4353, #1431, #2965 ) ) ;
#3428 = ORIENTED_EDGE ( 'NONE', *, *, #2446, .F. ) ;
#3429 = VECTOR ( 'NONE', #1922, 100.0000000000000000 ) ;
#3430 = CARTESIAN_POINT ( 'NONE',  ( 48.35797966181451812, 6.343744562579289870, 0.2000000000000014821 ) ) ;
#3431 = CARTESIAN_POINT ( 'NONE',  ( 51.17304595696766256, 9.305699847748091003, -0.06867412427071707681 ) ) ;
#3432 = CARTESIAN_POINT ( 'NONE',  ( 29.97284736512569481, 8.933234655739310526, 21.25572576639314448 ) ) ;
#3433 = CARTESIAN_POINT ( 'NONE',  ( 29.96516101513376640, 0.2477573789244779945, 10.72997687891029628 ) ) ;
#3434 = CARTESIAN_POINT ( 'NONE',  ( 31.03832149385491945, -2.370389269000775290, 0.2999999999999999889 ) ) ;
#3435 = CARTESIAN_POINT ( 'NONE',  ( 29.52986991245534654, 4.155508862313488372, -17.45197147569836815 ) ) ;
#3436 = VERTEX_POINT ( 'NONE', #1564 ) ;
#3437 = FACE_OUTER_BOUND ( 'NONE', #4084, .T. ) ;
#3438 = CARTESIAN_POINT ( 'NONE',  ( 29.93548988415749434, 0.2473930673332055130, -11.78009954068492249 ) ) ;
#3439 = CARTESIAN_POINT ( 'NONE',  ( 29.72657112231736320, 3.252124561600410413, 16.03607894622522423 ) ) ;
#3440 = EDGE_CURVE ( 'NONE', #2916, #4801, #3255, .T. ) ;
#3441 = EDGE_CURVE ( 'NONE', #1591, #7072, #3910, .T. ) ;
#3442 = EDGE_CURVE ( 'NONE', #7283, #2599, #1009, .T. ) ;
#3443 = CARTESIAN_POINT ( 'NONE',  ( 28.29855661976046832, -2.383944685117625806, -1.000000000000006217 ) ) ;
#3444 = CARTESIAN_POINT ( 'NONE',  ( 31.03832149385491945, -2.370389269000775290, 0.2999999999999999889 ) ) ;
#3445 = ORIENTED_EDGE ( 'NONE', *, *, #2945, .F. ) ;
#3446 = CARTESIAN_POINT ( 'NONE',  ( 30.01463735940726352, 3.647404330131696959, 15.95182505783793658 ) ) ;
#3447 = CARTESIAN_POINT ( 'NONE',  ( 48.35134989619359658, 5.943799508593357039, -0.2999999999999985456 ) ) ;
#3448 = CARTESIAN_POINT ( 'NONE',  ( 29.56350863864255984, 6.184787562379483461, 18.54724977129041363 ) ) ;
#3449 = EDGE_CURVE ( 'NONE', #1210, #2328, #1583, .T. ) ;
#3450 = LINE ( 'NONE', #125, #4234 ) ;
#3451 = EDGE_CURVE ( 'NONE', #4100, #2280, #6853, .T. ) ;
#3452 = LINE ( 'NONE', #5799, #4416 ) ;
#3453 = ORIENTED_EDGE ( 'NONE', *, *, #5673, .F. ) ;
#3454 = CARTESIAN_POINT ( 'NONE',  ( 50.90368056381646511, 9.488397204401465501, -0.1907914727749270289 ) ) ;
#3455 =( BOUNDED_SURFACE ( )  B_SPLINE_SURFACE ( 3, 2, ( 
 ( #3378, #5492, #536 ),
 ( #5525, #7317, #2780 ),
 ( #2239, #1574, #5638 ),
 ( #3891, #7284, #428 ),
 ( #2672, #1095, #1022 ),
 ( #461, #4922, #3857 ) ),
 .UNSPECIFIED., .F., .F., .T. ) 
 B_SPLINE_SURFACE_WITH_KNOTS ( ( 4, 2, 4 ),
 ( 3, 3 ),
 ( 0.003469499339603444345, 0.006870148475497309462, 0.01027079761139117371 ),
 ( 0.000000000000000000, 1.000000000000000000 ),
 .UNSPECIFIED. ) 
 GEOMETRIC_REPRESENTATION_ITEM ( )  RATIONAL_B_SPLINE_SURFACE ( (
 ( 1.000000000000000000, 0.8673708135906984529, 1.000000000000000000),
 ( 1.000000000000000000, 0.8431760481748187264, 1.000000000000000000),
 ( 1.000000000000000000, 0.8178868420783338422, 1.000000000000000000),
 ( 1.000000000000000000, 0.7646786984641207319, 1.000000000000000000),
 ( 1.000000000000000000, 0.7367620312928302440, 1.000000000000000000),
 ( 1.000000000000000000, 0.7071067811850979545, 1.000000000000000000) ) ) 
 REPRESENTATION_ITEM ( '' )  SURFACE ( )  );
#3456 = ORIENTED_EDGE ( 'NONE', *, *, #5807, .F. ) ;
#3457 = DIRECTION ( 'NONE',  ( 0.01657441405230464584, 0.9998626349648348510, 2.526198420459838063E-16 ) ) ;
#3458 = FACE_OUTER_BOUND ( 'NONE', #2148, .T. ) ;
#3459 = ORIENTED_EDGE ( 'NONE', *, *, #2982, .F. ) ;
#3460 = CARTESIAN_POINT ( 'NONE',  ( 42.70962778319242403, 1.691450028915983728, -0.7000000000000015099 ) ) ;
#3461 = FACE_OUTER_BOUND ( 'NONE', #1563, .T. ) ;
#3462 = EDGE_LOOP ( 'NONE', ( #6999, #1632, #2652, #4725, #2618, #4887 ) ) ;
#3463 = AXIS2_PLACEMENT_3D ( 'NONE', #6491, #6971, #3593 ) ;
#3464 = CARTESIAN_POINT ( 'NONE',  ( 44.96666634055321765, 3.184397306558732321, -0.3000000000000003775 ) ) ;
#3465 = DIRECTION ( 'NONE',  ( 2.282844472454330789E-16, -0.000000000000000000, 1.000000000000000000 ) ) ;
#3466 = CARTESIAN_POINT ( 'NONE',  ( 50.76344319059204224, 9.286457888869106725, 0.2167804176680831474 ) ) ;
#3467 = CIRCLE ( 'NONE', #3590, 19.50215235425126181 ) ;
#3468 = AXIS2_PLACEMENT_3D ( 'NONE', #1759, #2381, #4632 ) ;
#3469 = LINE ( 'NONE', #1265, #6956 ) ;
#3470 = FACE_OUTER_BOUND ( 'NONE', #7217, .T. ) ;
#3471 = AXIS2_PLACEMENT_3D ( 'NONE', #5720, #4551, #5683 ) ;
#3472 = CARTESIAN_POINT ( 'NONE',  ( 29.32161017843620954, 3.658892427641530887, -0.5000000000000032196 ) ) ;
#3473 = VERTEX_POINT ( 'NONE', #708 ) ;
#3474 = DIRECTION ( 'NONE',  ( -0.9998626349648348510, 0.01657441405230524953, -1.334402673828314818E-16 ) ) ;
#3475 = CARTESIAN_POINT ( 'NONE',  ( 30.08302393542357933, 6.246627905142966952, -19.98891532737466648 ) ) ;
#3476 = CARTESIAN_POINT ( 'NONE',  ( 30.99519099743574913, -3.982347382637524191, -0.8000000000000069278 ) ) ;
#3477 = VERTEX_POINT ( 'NONE', #34 ) ;
#3478 = ORIENTED_EDGE ( 'NONE', *, *, #3533, .F. ) ;
#3479 = CARTESIAN_POINT ( 'NONE',  ( 28.35844352296489745, -2.418462272770501631, -1.000000000000006217 ) ) ;
#3480 = CARTESIAN_POINT ( 'NONE',  ( 29.52980122993776746, 4.149981806602214718, -17.29907655398483257 ) ) ;
#3481 = ORIENTED_EDGE ( 'NONE', *, *, #1236, .T. ) ;
#3482 = EDGE_CURVE ( 'NONE', #2395, #5592, #1814, .T. ) ;
#3483 = CARTESIAN_POINT ( 'NONE',  ( 30.34444227091363899, -2.358887047454387265, -5.366507301242259894E-16 ) ) ;
#3484 = EDGE_CURVE ( 'NONE', #5800, #7225, #5691, .T. ) ;
#3485 = VECTOR ( 'NONE', #5553, 100.0000000000000000 ) ;
#3486 = CARTESIAN_POINT ( 'NONE',  ( 29.46850754357323154, 0.4537828378202838908, 10.00984230880383663 ) ) ;
#3487 = EDGE_CURVE ( 'NONE', #210, #386, #2954, .T. ) ;
#3488 = CARTESIAN_POINT ( 'NONE',  ( 49.58913679882204661, 7.680503152493418639, -0.6999999999999976241 ) ) ;
#3489 = EDGE_LOOP ( 'NONE', ( #6598, #5378, #4758, #161 ) ) ;
#3490 = CARTESIAN_POINT ( 'NONE',  ( 47.55365091106784803, 4.402952564739578634, -0.2999999999999991562 ) ) ;
#3491 = CARTESIAN_POINT ( 'NONE',  ( 30.09899179283047133, 9.269936225971095567, 21.24688247531408081 ) ) ;
#3492 = EDGE_LOOP ( 'NONE', ( #5721, #2702, #3105, #1795, #2657, #591 ) ) ;
#3493 = EDGE_CURVE ( 'NONE', #5486, #887, #5744, .T. ) ;
#3494 = CARTESIAN_POINT ( 'NONE',  ( 28.52860871027597511, -2.591853770721872952, -0.000000000000000000 ) ) ;
#3495 = ADVANCED_FACE ( 'NONE', ( #2362 ), #5254, .F. ) ;
#3496 = CARTESIAN_POINT ( 'NONE',  ( 29.45289206297297468, -0.4882314940259307456, 3.155808947497007545E-15 ) ) ;
#3497 = CARTESIAN_POINT ( 'NONE',  ( 51.59863108044612545, 9.717405461309331471, -0.7053710881836587898 ) ) ;
#3498 = FACE_BOUND ( 'NONE', #1031, .T. ) ;
#3499 = EDGE_CURVE ( 'NONE', #6533, #2384, #282, .T. ) ;
#3500 = ORIENTED_EDGE ( 'NONE', *, *, #4834, .T. ) ;
#3501 = CARTESIAN_POINT ( 'NONE',  ( 30.85269975192374048, -0.5114356736991294561, 0.000000000000000000 ) ) ;
#3502 = CARTESIAN_POINT ( 'NONE',  ( 29.62102918974302668, 9.654753354620412509, 21.99999999999999289 ) ) ;
#3503 = ORIENTED_EDGE ( 'NONE', *, *, #1283, .F. ) ;
#3504 = CARTESIAN_POINT ( 'NONE',  ( 45.46073405852211380, 3.565841746326716688, -0.1800321286155009415 ) ) ;
#3505 = DIRECTION ( 'NONE',  ( -0.9998626349648348510, 0.01657441405230463544, 0.000000000000000000 ) ) ;
#3506 = CARTESIAN_POINT ( 'NONE',  ( 29.91226777364343548, 8.913854224638948054, 21.27011726052298712 ) ) ;
#3507 = FACE_OUTER_BOUND ( 'NONE', #888, .T. ) ;
#3508 = ORIENTED_EDGE ( 'NONE', *, *, #6449, .T. ) ;
#3509 = CARTESIAN_POINT ( 'NONE',  ( 29.32161017843620954, 3.658892427641530887, -0.5000000000000032196 ) ) ;
#3510 = CARTESIAN_POINT ( 'NONE',  ( 50.77576818653075463, 9.304077780756347948, -0.6999999999999969580 ) ) ;
#3511 = ORIENTED_EDGE ( 'NONE', *, *, #2551, .T. ) ;
#3512 = ORIENTED_EDGE ( 'NONE', *, *, #2140, .F. ) ;
#3513 = CARTESIAN_POINT ( 'NONE',  ( 30.09961078566584902, 9.307277383580247587, 21.24688247531408081 ) ) ;
#3514 = DIRECTION ( 'NONE',  ( 0.9998626349648348510, -0.01657441405230463891, 0.000000000000000000 ) ) ;
#3515 = CARTESIAN_POINT ( 'NONE',  ( 29.61478324912962279, 9.277962801432869000, 21.26212039979889568 ) ) ;
#3516 = VERTEX_POINT ( 'NONE', #145 ) ;
#3517 = CARTESIAN_POINT ( 'NONE',  ( 29.42016398213926820, -2.462574902876867089, 0.4473647184588356862 ) ) ;
#3518 = LINE ( 'NONE', #4103, #693 ) ;
#3519 = EDGE_LOOP ( 'NONE', ( #814, #4685, #4590, #1817, #1831, #5063 ) ) ;
#3520 = CARTESIAN_POINT ( 'NONE',  ( 29.83715251327128826, -2.771707113539292777, -0.000000000000000000 ) ) ;
#3521 = CARTESIAN_POINT ( 'NONE',  ( 40.55045158031593644, 0.4732239127485872721, 0.1703389830508403868 ) ) ;
#3522 = CARTESIAN_POINT ( 'NONE',  ( 48.81730534664956167, 6.790038363506145203, -0.3000000000075496720 ) ) ;
#3523 = VECTOR ( 'NONE', #7141, 100.0000000000000142 ) ;
#3524 = VERTEX_POINT ( 'NONE', #592 ) ;
#3525 = CARTESIAN_POINT ( 'NONE',  ( 29.60571056506467613, 6.460330386391365920, 19.59516944727710097 ) ) ;
#3526 = CARTESIAN_POINT ( 'NONE',  ( 40.44751567053297947, 0.5527862917339849691, -0.07002183115099260002 ) ) ;
#3527 = VERTEX_POINT ( 'NONE', #4096 ) ;
#3528 = DIRECTION ( 'NONE',  ( 0.01657441405230464238, 0.9998626349648350731, 0.000000000000000000 ) ) ;
#3529 = CARTESIAN_POINT ( 'NONE',  ( 30.72195764656964911, -2.365145003225936460, 0.2999999999999999889 ) ) ;
#3530 = CARTESIAN_POINT ( 'NONE',  ( 30.02151402291161730, 3.647290337804917737, 5.003211117337256119E-15 ) ) ;
#3531 = CARTESIAN_POINT ( 'NONE',  ( 29.21567331897402298, 9.334971971771397037, 21.25672608094553340 ) ) ;
#3532 = ORIENTED_EDGE ( 'NONE', *, *, #7211, .F. ) ;
#3533 = EDGE_CURVE ( 'NONE', #4587, #5574, #1192, .T. ) ;
#3534 = B_SPLINE_CURVE_WITH_KNOTS ( 'NONE', 2,
 ( #6814, #1736, #6257 ),
 .UNSPECIFIED., .F., .F.,
 ( 3, 3 ),
 ( 0.9801402641674791250, 1.000000000000000000 ),
 .UNSPECIFIED. ) ;
#3535 = CARTESIAN_POINT ( 'NONE',  ( 42.70962778319242403, 1.691450028915983728, -0.7000000000000015099 ) ) ;
#3536 = ORIENTED_EDGE ( 'NONE', *, *, #6754, .T. ) ;
#3537 = CARTESIAN_POINT ( 'NONE',  ( 45.55983822428920860, 3.644929152054813937, -0.2363932117419891565 ) ) ;
#3538 = VECTOR ( 'NONE', #5187, 100.0000000000000142 ) ;
#3539 = CYLINDRICAL_SURFACE ( 'NONE', #4038, 0.4999999999999985567 ) ;
#3540 = ORIENTED_EDGE ( 'NONE', *, *, #7040, .T. ) ;
#3541 = EDGE_CURVE ( 'NONE', #2738, #3552, #6888, .T. ) ;
#3542 = DIRECTION ( 'NONE',  ( -3.372764553633511840E-16, -2.511834186424162314E-16, 1.000000000000000000 ) ) ;
#3543 = CARTESIAN_POINT ( 'NONE',  ( 30.83834896686196103, -1.377156399656861208, -1.000000000000007105 ) ) ;
#3544 = ADVANCED_FACE ( 'NONE', ( #3437 ), #1853, .F. ) ;
#3545 = LINE ( 'NONE', #3510, #7229 ) ;
#3546 = ORIENTED_EDGE ( 'NONE', *, *, #2272, .F. ) ;
#3547 = VERTEX_POINT ( 'NONE', #3513 ) ;
#3548 = DIRECTION ( 'NONE',  ( 0.01657441405230464931, 0.9998626349648349620, 3.469446951953613418E-18 ) ) ;
#3549 = CARTESIAN_POINT ( 'NONE',  ( 27.23884348098842878, -2.307406495602015717, -1.000000000000006217 ) ) ;
#3550 = CARTESIAN_POINT ( 'NONE',  ( 49.27752137395131626, 6.422796374690702415, -0.6999999999999981792 ) ) ;
#3551 = VERTEX_POINT ( 'NONE', #2841 ) ;
#3552 = VERTEX_POINT ( 'NONE', #629 ) ;
#3553 = CARTESIAN_POINT ( 'NONE',  ( 29.56124350842075188, 6.048142063783374489, 18.78214791967458908 ) ) ;
#3554 = DIRECTION ( 'NONE',  ( 1.000000000000000000, 0.000000000000000000, 0.000000000000000000 ) ) ;
#3555 = ORIENTED_EDGE ( 'NONE', *, *, #4653, .F. ) ;
#3556 = FACE_OUTER_BOUND ( 'NONE', #2607, .T. ) ;
#3557 = CARTESIAN_POINT ( 'NONE',  ( 29.83845527359318339, -2.437260698772397038, -1.300000000000007372 ) ) ;
#3558 = CARTESIAN_POINT ( 'NONE',  ( 30.07123726506852179, 6.646878242699422401, 19.28977609426086559 ) ) ;
#3559 = ORIENTED_EDGE ( 'NONE', *, *, #5762, .F. ) ;
#3560 = B_SPLINE_CURVE_WITH_KNOTS ( 'NONE', 2,
 ( #4064, #1271, #5745 ),
 .UNSPECIFIED., .F., .F.,
 ( 3, 3 ),
 ( 0.8717514244349283681, 0.9404827785151192998 ),
 .UNSPECIFIED. ) ;
#3561 = CYLINDRICAL_SURFACE ( 'NONE', #5304, 0.5000000000000004441 ) ;
#3562 = CARTESIAN_POINT ( 'NONE',  ( 45.85400271893195168, 3.884908755138781977, -0.2999999999999999889 ) ) ;
#3563 = ORIENTED_EDGE ( 'NONE', *, *, #4744, .F. ) ;
#3564 = DIRECTION ( 'NONE',  ( -0.9998626349648349620, 0.01657441405230474646, 0.000000000000000000 ) ) ;
#3565 = CARTESIAN_POINT ( 'NONE',  ( 50.72488984391127786, 9.231497872291761553, -1.007961298499796765 ) ) ;
#3566 = B_SPLINE_CURVE_WITH_KNOTS ( 'NONE', 3,
 ( #2497, #4746, #7020, #3719 ),
 .UNSPECIFIED., .F., .F.,
 ( 4, 4 ),
 ( -0.005339902454676111535, 0.002000000000000029532 ),
 .UNSPECIFIED. ) ;
#3567 = ORIENTED_EDGE ( 'NONE', *, *, #6504, .T. ) ;
#3568 = CARTESIAN_POINT ( 'NONE',  ( 40.71857224584125845, -0.09623529628688158588, -0.1839501175465306504 ) ) ;
#3569 = CARTESIAN_POINT ( 'NONE',  ( 40.54379318881267835, 0.07155198322723954618, 0.1703389830508404146 ) ) ;
#3570 = ORIENTED_EDGE ( 'NONE', *, *, #3441, .T. ) ;
#3571 = EDGE_CURVE ( 'NONE', #6548, #1793, #5093, .T. ) ;
#3572 = FACE_OUTER_BOUND ( 'NONE', #5455, .T. ) ;
#3573 = EDGE_CURVE ( 'NONE', #5048, #2283, #1818, .T. ) ;
#3574 = CARTESIAN_POINT ( 'NONE',  ( 29.31498041281528799, 3.258947373655597168, -0.5000000000000032196 ) ) ;
#3575 = EDGE_CURVE ( 'NONE', #444, #6768, #2177, .T. ) ;
#3576 = ORIENTED_EDGE ( 'NONE', *, *, #4925, .T. ) ;
#3577 = DIRECTION ( 'NONE',  ( 0.9998626349648349620, -0.01657441405230446890, 0.000000000000000000 ) ) ;
#3578 = CARTESIAN_POINT ( 'NONE',  ( 30.12096050722544049, 9.646466147593919516, 21.74663514059541924 ) ) ;
#3579 = VERTEX_POINT ( 'NONE', #2645 ) ;
#3580 = ORIENTED_EDGE ( 'NONE', *, *, #2448, .T. ) ;
#3581 = CIRCLE ( 'NONE', #523, 11.29999999999813198 ) ;
#3582 = CARTESIAN_POINT ( 'NONE',  ( 29.55705863082630103, 5.795686518422505706, 19.00676639899297626 ) ) ;
#3583 = CARTESIAN_POINT ( 'NONE',  ( 30.41441299041990476, -2.360046930458391756, 0.000000000000000000 ) ) ;
#3584 = EDGE_CURVE ( 'NONE', #5956, #3937, #4857, .T. ) ;
#3585 = CARTESIAN_POINT ( 'NONE',  ( 29.60587788319216074, 8.740740633583408581, 21.37281001351244214 ) ) ;
#3586 = ORIENTED_EDGE ( 'NONE', *, *, #6767, .F. ) ;
#3587 = AXIS2_PLACEMENT_3D ( 'NONE', #1157, #559, #6818 ) ;
#3588 = EDGE_CURVE ( 'NONE', #1341, #6594, #5593, .T. ) ;
#3589 = CARTESIAN_POINT ( 'NONE',  ( 29.43854127791119524, -1.353952219983621807, -2.500000000000004441 ) ) ;
#3590 = AXIS2_PLACEMENT_3D ( 'NONE', #6273, #3995, #1204 ) ;
#3591 = CARTESIAN_POINT ( 'NONE',  ( 29.51325969068936317, 0.01648098890579466694, 11.05669338471221863 ) ) ;
#3592 = VERTEX_POINT ( 'NONE', #2024 ) ;
#3593 = DIRECTION ( 'NONE',  ( -0.9998626349648349620, 0.01657441405230474646, 0.000000000000000000 ) ) ;
#3594 = CARTESIAN_POINT ( 'NONE',  ( 29.52986991245530746, 4.155508862310839824, -17.30592310456530925 ) ) ;
#3595 = CARTESIAN_POINT ( 'NONE',  ( 29.45289206297296758, -0.4882314940259307456, 19.79008107956275353 ) ) ;
#3596 = ORIENTED_EDGE ( 'NONE', *, *, #4484, .T. ) ;
#3597 = CARTESIAN_POINT ( 'NONE',  ( 29.76662071887750827, 6.214849364780857144, 19.38459990475739048 ) ) ;
#3598 = B_SPLINE_CURVE_WITH_KNOTS ( 'NONE', 3,
 ( #3780, #3301, #3855, #4293, #7162, #2704, #1643, #6574, #2125, #4959, #4329, #6016, #2206, #6128 ),
 .UNSPECIFIED., .F., .F.,
 ( 4, 2, 2, 2, 2, 2, 4 ),
 ( 5.174596096127579461E-16, 0.001763058660402030660, 0.003526117320803543939, 0.004407646651004301121, 0.005289175981205055700, 0.006170705311405811147, 0.007052234641606566594 ),
 .UNSPECIFIED. ) ;
#3599 = CARTESIAN_POINT ( 'NONE',  ( 30.82194391006612477, -2.366802444631166846, 0.000000000000000000 ) ) ;
#3600 = EDGE_LOOP ( 'NONE', ( #7250, #6840, #135, #3324, #2489, #6187, #2520, #7160, #5218, #7307, #4130, #1052, #4546, #2255 ) ) ;
#3601 = CARTESIAN_POINT ( 'NONE',  ( 30.73836270336547827, -1.375498958251631043, -1.300000000000007150 ) ) ;
#3602 = CARTESIAN_POINT ( 'NONE',  ( 50.76344319059204224, 9.286457888869110278, -1.216780417668076986 ) ) ;
#3603 = CARTESIAN_POINT ( 'NONE',  ( 29.60465723160098506, 8.667104008181642172, 21.32036626962806025 ) ) ;
#3604 = VECTOR ( 'NONE', #4242, 100.0000000000000000 ) ;
#3605 = CARTESIAN_POINT ( 'NONE',  ( 51.93437100625460090, 10.27478996622798668, -0.2999999999999962697 ) ) ;
#3606 = CARTESIAN_POINT ( 'NONE',  ( 0.01896740029930087112, 1.144221133962461057, -1.200000000000015721 ) ) ;
#3607 = ORIENTED_EDGE ( 'NONE', *, *, #2326, .F. ) ;
#3608 = CARTESIAN_POINT ( 'NONE',  ( 30.13722941332537886, 8.946100296020700782, 20.97078005303012915 ) ) ;
#3609 = B_SPLINE_CURVE_WITH_KNOTS ( 'NONE', 3,
 ( #7159, #1496, #350, #1535, #4367, #4958, #7239, #5487, #2085, #6685, #1053, #3264, #4405, #2596, #4843, #3854, #1611, #3300, #3195, #3779 ),
 .UNSPECIFIED., .F., .F.,
 ( 4, 2, 2, 2, 2, 2, 2, 2, 2, 4 ),
 ( 1.563658610346375379E-18, 0.001060494806273515117, 0.002120989612547028932, 0.003181484418820542531, 0.003711731821957364383, 0.004241979225094186234, 0.005302474031367717180, 0.006362968837641248127, 0.007423463643914780807, 0.008483958450188311753 ),
 .UNSPECIFIED. ) ;
#3610 = CARTESIAN_POINT ( 'NONE',  ( 45.76852206649671473, 3.814287296738994026, -0.7039078557703785100 ) ) ;
#3611 = CARTESIAN_POINT ( 'NONE',  ( 30.31904579061175298, -1.868616763265141367, 0.2999999999999999889 ) ) ;
#3612 = DIRECTION ( 'NONE',  ( -0.9998626349648348510, 0.01657441405230460074, 3.499736534701019134E-15 ) ) ;
#3613 = DIRECTION ( 'NONE',  ( 0.01657441405230579770, 0.9998626349648348510, 1.937485524053559049E-31 ) ) ;
#3614 = ORIENTED_EDGE ( 'NONE', *, *, #1057, .T. ) ;
#3615 = VERTEX_POINT ( 'NONE', #4268 ) ;
#3616 = CARTESIAN_POINT ( 'NONE',  ( 29.02219116712941371, -2.336968499337017668, 0.7774384456261534959 ) ) ;
#3617 = DIRECTION ( 'NONE',  ( 3.382917932875482834E-16, 2.470467893844505313E-16, -1.000000000000000000 ) ) ;
#3618 = EDGE_LOOP ( 'NONE', ( #2251, #3614, #7311, #6358, #7114 ) ) ;
#3619 = B_SPLINE_CURVE_WITH_KNOTS ( 'NONE', 3,
 ( #1749, #5641, #4586, #3338, #2241, #3380, #6274, #6759, #1097, #5680, #6792, #1681, #3927, #1168, #5035, #6865, #3448, #83 ),
 .UNSPECIFIED., .F., .F.,
 ( 4, 2, 2, 2, 2, 2, 2, 2, 4 ),
 ( 0.000000000000000000, 0.001223429306529110958, 0.002446858613058221915, 0.003058573266322769588, 0.003670287919587316827, 0.004893717226116454239, 0.006117146532645590350, 0.007340575839174728195, 0.009787434452233031643 ),
 .UNSPECIFIED. ) ;
#3620 = CARTESIAN_POINT ( 'NONE',  ( 28.59829286258704428, -2.786147271155862803, -1.000000000000005995 ) ) ;
#3621 = EDGE_CURVE ( 'NONE', #37, #2222, #2986, .T. ) ;
#3622 = EDGE_CURVE ( 'NONE', #1248, #4308, #5992, .T. ) ;
#3623 = CARTESIAN_POINT ( 'NONE',  ( 30.01488425729068510, 3.247345283818983575, -16.15077155702975276 ) ) ;
#3624 = ORIENTED_EDGE ( 'NONE', *, *, #2364, .F. ) ;
#3625 = EDGE_CURVE ( 'NONE', #3436, #1237, #4414, .T. ) ;
#3626 = CARTESIAN_POINT ( 'NONE',  ( 41.92834321751641369, -2.120232104899134384, -0.9361767856867231341 ) ) ;
#3627 = DIRECTION ( 'NONE',  ( -2.220446049250313081E-16, -9.860761315262647568E-32, -1.000000000000000000 ) ) ;
#3628 = DIRECTION ( 'NONE',  ( -0.9998626349648349620, 0.01657441405230465972, 0.000000000000000000 ) ) ;
#3629 = EDGE_LOOP ( 'NONE', ( #5269, #6737, #5508, #1269, #7037, #6832, #3102 ) ) ;
#3630 = FACE_OUTER_BOUND ( 'NONE', #4856, .T. ) ;
#3631 = EDGE_CURVE ( 'NONE', #3678, #5710, #4166, .T. ) ;
#3632 = CARTESIAN_POINT ( 'NONE',  ( 41.05550690469878816, 0.8271730007075069890, -0.3000000000000022649 ) ) ;
#3633 = PLANE ( 'NONE',  #2756 ) ;
#3634 = EDGE_LOOP ( 'NONE', ( #6729, #4444, #2549, #6030, #1330 ) ) ;
#3635 = ADVANCED_FACE ( 'NONE', ( #954 ), #4686, .F. ) ;
#3636 = CARTESIAN_POINT ( 'NONE',  ( 51.27584988001838440, 10.03823547873488309, -0.6999999999999965139 ) ) ;
#3637 = AXIS2_PLACEMENT_3D ( 'NONE', #2144, #3424, #3836 ) ;
#3638 = FACE_BOUND ( 'NONE', #6558, .T. ) ;
#3639 = CARTESIAN_POINT ( 'NONE',  ( 40.87534422647148347, -0.1925991185343975953, -0.2729061320754769815 ) ) ;
#3640 = AXIS2_PLACEMENT_3D ( 'NONE', #5130, #70, #4753 ) ;
#3641 = CARTESIAN_POINT ( 'NONE',  ( 29.20948204592047048, 8.961479275765615427, 20.97078005239324128 ) ) ;
#3642 = ORIENTED_EDGE ( 'NONE', *, *, #5988, .F. ) ;
#3643 = CARTESIAN_POINT ( 'NONE',  ( 30.08302393542356867, 6.246627905142966952, 18.98891532737466292 ) ) ;
#3644 = CIRCLE ( 'NONE', #465, 16.16641791636911663 ) ;
#3645 = CARTESIAN_POINT ( 'NONE',  ( 29.98589585692081982, 3.195024426701441822, -16.95271212100828251 ) ) ;
#3646 = ORIENTED_EDGE ( 'NONE', *, *, #5718, .T. ) ;
#3647 = CARTESIAN_POINT ( 'NONE',  ( 29.42617050577512927, -2.100227339302422447, 6.521880668120777713 ) ) ;
#3648 = CARTESIAN_POINT ( 'NONE',  ( 29.21835844898925671, 9.496954239366383277, -22.37895818625079869 ) ) ;
#3649 = CARTESIAN_POINT ( 'NONE',  ( 29.27188693627929439, 0.6593045227470255565, -0.5000000000000032196 ) ) ;
#3650 = VERTEX_POINT ( 'NONE', #3164 ) ;
#3651 = VERTEX_POINT ( 'NONE', #7136 ) ;
#3652 = DIRECTION ( 'NONE',  ( -0.01657441405230465972, -0.9998626349648349620, 0.000000000000000000 ) ) ;
#3653 = CARTESIAN_POINT ( 'NONE',  ( 40.24813855960920250, 0.4675966692063412977, -1.197518473996549426 ) ) ;
#3654 = ORIENTED_EDGE ( 'NONE', *, *, #3584, .T. ) ;
#3655 = VECTOR ( 'NONE', #4152, 100.0000000000000000 ) ;
#3656 = CARTESIAN_POINT ( 'NONE',  ( 29.82954176466262197, -2.841692990704773436, 5.753854040569953847E-16 ) ) ;
#3657 = CARTESIAN_POINT ( 'NONE',  ( 29.71530131091131466, 0.1879844867195591129, 10.84439474255700375 ) ) ;
#3658 = ORIENTED_EDGE ( 'NONE', *, *, #3499, .F. ) ;
#3659 = CARTESIAN_POINT ( 'NONE',  ( 41.04285810721555805, 0.06412581601820759036, -0.3000000000000024314 ) ) ;
#3660 = FACE_OUTER_BOUND ( 'NONE', #6607, .T. ) ;
#3661 = LINE ( 'NONE', #5372, #7145 ) ;
#3662 = EDGE_CURVE ( 'NONE', #3944, #2661, #6378, .T. ) ;
#3663 = CARTESIAN_POINT ( 'NONE',  ( 29.57954736679138108, 7.152334586228276336, -20.78731851910382744 ) ) ;
#3664 = EDGE_CURVE ( 'NONE', #3966, #7123, #5462, .T. ) ;
#3665 = ORIENTED_EDGE ( 'NONE', *, *, #2800, .F. ) ;
#3666 = EDGE_CURVE ( 'NONE', #5735, #1550, #5365, .T. ) ;
#3667 = CARTESIAN_POINT ( 'NONE',  ( 48.72204735959149247, 5.757841259949413093, -0.6999999999999985123 ) ) ;
#3668 = CYLINDRICAL_SURFACE ( 'NONE', #5410, 0.4999999999999985567 ) ;
#3669 = ORIENTED_EDGE ( 'NONE', *, *, #931, .F. ) ;
#3670 = CARTESIAN_POINT ( 'NONE',  ( 31.22188896405205938, -2.373432210252088836, -0.3000000000000064282 ) ) ;
#3671 = ORIENTED_EDGE ( 'NONE', *, *, #7275, .T. ) ;
#3672 = CARTESIAN_POINT ( 'NONE',  ( 29.78105284923472240, 6.745324698272700203, -20.09031526580934823 ) ) ;
#3673 = CARTESIAN_POINT ( 'NONE',  ( 50.62873757320907941, 9.095455362270547184, -0.8601067286004783208 ) ) ;
#3674 = CARTESIAN_POINT ( 'NONE',  ( 29.70013673633525642, 8.953345844520654850, 21.45210575345615567 ) ) ;
#3675 = FACE_OUTER_BOUND ( 'NONE', #750, .T. ) ;
#3676 = EDGE_CURVE ( 'NONE', #3872, #5473, #6963, .T. ) ;
#3677 = CARTESIAN_POINT ( 'NONE',  ( 29.13856764454672543, 0.6612566285563700186, -11.49939398950457914 ) ) ;
#3678 = VERTEX_POINT ( 'NONE', #7178 ) ;
#3679 = DIRECTION ( 'NONE',  ( -0.01657441405230573872, -0.9998626349648350731, -1.322917018107035094E-18 ) ) ;
#3680 = VERTEX_POINT ( 'NONE', #4342 ) ;
#3681 = CARTESIAN_POINT ( 'NONE',  ( 51.16041098557722222, 9.023694097582355411, -1.184275066162314038 ) ) ;
#3682 = CIRCLE ( 'NONE', #859, 0.4999999999999985567 ) ;
#3683 = CARTESIAN_POINT ( 'NONE',  ( 30.08942187719838657, 6.632588030256367340, -19.98891532737465937 ) ) ;
#3684 = CARTESIAN_POINT ( 'NONE',  ( 29.47185946328843542, 0.6559896409115761884, 10.50000000229203501 ) ) ;
#3685 = EDGE_LOOP ( 'NONE', ( #4896, #6513, #6152, #2301, #913 ) ) ;
#3686 = ORIENTED_EDGE ( 'NONE', *, *, #5083, .F. ) ;
#3687 = DIRECTION ( 'NONE',  ( 3.382917932875482834E-16, 2.470467893844505313E-16, -1.000000000000000000 ) ) ;
#3688 =( BOUNDED_SURFACE ( )  B_SPLINE_SURFACE ( 3, 2, ( 
 ( #6646, #3817, #6127 ),
 ( #2845, #7312, #533 ),
 ( #5634, #7281, #6160 ),
 ( #2205, #564, #2811 ),
 ( #4475, #3922, #4441 ),
 ( #38, #5098, #3990 ),
 ( #3332, #6822, #3955 ),
 ( #6859, #5707, #6751 ),
 ( #6716, #1642, #5064 ),
 ( #4994, #634, #3408 ),
 ( #4581, #2886, #675 ),
 ( #1782, #6307, #2776 ),
 ( #5595, #5137, #2235 ),
 ( #3886, #1092, #78 ),
 ( #2333, #2299, #6231 ),
 ( #4, #2267, #5030 ) ),
 .UNSPECIFIED., .F., .F., .F. ) 
 B_SPLINE_SURFACE_WITH_KNOTS ( ( 4, 2, 2, 2, 2, 2, 2, 4 ),
 ( 3, 3 ),
 ( 0.008773225224963765445, 0.01059329455522770545, 0.01150332922035967459, 0.01241336388549164546, 0.01332339855062361633, 0.01423343321575558547, 0.01514346788088755461, 0.01605350254601952548 ),
 ( 0.000000000000000000, 1.000000000000000000 ),
 .UNSPECIFIED. ) 
 GEOMETRIC_REPRESENTATION_ITEM ( )  RATIONAL_B_SPLINE_SURFACE ( (
 ( 1.000000000000000000, 0.7071067811835590744, 1.000000000000000000),
 ( 1.000000000000000000, 0.7275898112508840665, 1.000000000000000000),
 ( 1.000000000000000000, 0.7468481384111540500, 1.000000000000000000),
 ( 1.000000000000000000, 0.7742528412683084005, 1.000000000000000000),
 ( 1.000000000000000000, 0.7831458876501041777, 1.000000000000000000),
 ( 1.000000000000000000, 0.7999436000786585010, 1.000000000000000000),
 ( 1.000000000000000000, 0.8079210561512073507, 1.000000000000000000),
 ( 1.000000000000000000, 0.8230777666421624783, 1.000000000000000000),
 ( 1.000000000000000000, 0.8302574782577485379, 1.000000000000000000),
 ( 1.000000000000000000, 0.8438037401016936778, 1.000000000000000000),
 ( 1.000000000000000000, 0.8500706218655370572, 1.000000000000000000),
 ( 1.000000000000000000, 0.8613162475354690928, 1.000000000000000000),
 ( 1.000000000000000000, 0.8663431847646875239, 1.000000000000000000),
 ( 1.000000000000000000, 0.8751128345105586570, 1.000000000000000000),
 ( 1.000000000000000000, 0.8786996123109434009, 1.000000000000000000),
 ( 1.000000000000000000, 0.8815005537265814262, 1.000000000000000000) ) ) 
 REPRESENTATION_ITEM ( '' )  SURFACE ( )  );
#3689 = CARTESIAN_POINT ( 'NONE',  ( 29.96828437849604754, 3.635268028891432746, 15.64935204714753780 ) ) ;
#3690 = ORIENTED_EDGE ( 'NONE', *, *, #1732, .F. ) ;
#3691 = CARTESIAN_POINT ( 'NONE',  ( 29.73538339873458725, 8.858491187497573804, -22.25668064984244765 ) ) ;
#3692 = CARTESIAN_POINT ( 'NONE',  ( 29.20948204592047048, 8.961479275765617203, 20.85670886413235792 ) ) ;
#3693 = ORIENTED_EDGE ( 'NONE', *, *, #4083, .T. ) ;
#3694 = AXIS2_PLACEMENT_3D ( 'NONE', #4491, #578, #6766 ) ;
#3695 = FACE_OUTER_BOUND ( 'NONE', #6340, .T. ) ;
#3696 = LINE ( 'NONE', #2623, #3016 ) ;
#3697 = VECTOR ( 'NONE', #4912, 100.0000000000000142 ) ;
#3698 = CARTESIAN_POINT ( 'NONE',  ( 29.22108413575707431, 9.661383120241344713, 21.99999999999999289 ) ) ;
#3699 = DIRECTION ( 'NONE',  ( -0.01657441405230484707, -0.9998626349648348510, 0.000000000000000000 ) ) ;
#3700 = ORIENTED_EDGE ( 'NONE', *, *, #3621, .T. ) ;
#3701 = CIRCLE ( 'NONE', #1935, 21.35764531748080230 ) ;
#3702 = VERTEX_POINT ( 'NONE', #4139 ) ;
#3703 = B_SPLINE_CURVE_WITH_KNOTS ( 'NONE', 3,
 ( #6422, #6972, #82, #6388, #4585, #5220, #3557, #752, #158, #2414, #4661, #6937 ),
 .UNSPECIFIED., .F., .F.,
 ( 4, 2, 2, 2, 2, 4 ),
 ( 0.000000000000000000, 0.002224976934176418116, 0.003337465401264706755, 0.004449953868352995827, 0.006674930802529419581, 0.008899907736705844202 ),
 .UNSPECIFIED. ) ;
#3704 = CIRCLE ( 'NONE', #4272, 0.4999999999999985567 ) ;
#3705 = CARTESIAN_POINT ( 'NONE',  ( 29.52980122993776746, 4.147221655287334663, -17.44368426867221444 ) ) ;
#3706 = CARTESIAN_POINT ( 'NONE',  ( 29.21823170533845015, 9.489308343694828451, -22.37332977672262402 ) ) ;
#3707 = AXIS2_PLACEMENT_3D ( 'NONE', #186, #2437, #2099 ) ;
#3708 = CARTESIAN_POINT ( 'NONE',  ( 49.27752137395131626, 6.422796374690702415, -0.6999999999999981792 ) ) ;
#3709 = ORIENTED_EDGE ( 'NONE', *, *, #3074, .T. ) ;
#3710 = CYLINDRICAL_SURFACE ( 'NONE', #4596, 0.5000000000000004441 ) ;
#3711 = CYLINDRICAL_SURFACE ( 'NONE', #5605, 0.1750000000000029310 ) ;
#3712 = CARTESIAN_POINT ( 'NONE',  ( 50.73176923724148679, 8.379831103244523405, -0.6999999999999971800 ) ) ;
#3713 = EDGE_CURVE ( 'NONE', #2451, #6949, #2183, .T. ) ;
#3714 = CARTESIAN_POINT ( 'NONE',  ( 30.10935841738893259, 8.946562303118540171, 21.19393265259804338 ) ) ;
#3715 = B_SPLINE_CURVE_WITH_KNOTS ( 'NONE', 3,
 ( #1399, #5314, #7023, #3207, #2138, #6029, #5573, #7252 ),
 .UNSPECIFIED., .F., .F.,
 ( 4, 2, 2, 4 ),
 ( 2.230712748000734402E-15, 0.001519284838113878298, 0.002278927257169701803, 0.003038569676225524874 ),
 .UNSPECIFIED. ) ;
#3716 = EDGE_CURVE ( 'NONE', #973, #5157, #639, .T. ) ;
#3717 = EDGE_CURVE ( 'NONE', #3951, #5096, #6462, .T. ) ;
#3718 = B_SPLINE_CURVE_WITH_KNOTS ( 'NONE', 2,
 ( #4179, #1859, #1275 ),
 .UNSPECIFIED., .F., .F.,
 ( 3, 3 ),
 ( 0.3874948551635578609, 0.4129444514982797965 ),
 .UNSPECIFIED. ) ;
#3719 = CARTESIAN_POINT ( 'NONE',  ( 40.27037592089061491, 0.4769859681717054101, -0.4999999999999995559 ) ) ;
#3720 = ORIENTED_EDGE ( 'NONE', *, *, #6304, .T. ) ;
#3721 = CARTESIAN_POINT ( 'NONE',  ( 29.66654242915290851, 6.063552475037727874, 19.24956834483696255 ) ) ;
#3722 = EDGE_CURVE ( 'NONE', #5934, #3320, #4236, .T. ) ;
#3723 = DIRECTION ( 'NONE',  ( 0.9998626349648349620, -0.01657441405230613424, 0.000000000000000000 ) ) ;
#3724 = AXIS2_PLACEMENT_3D ( 'NONE', #2508, #2581, #4828 ) ;
#3725 = EDGE_LOOP ( 'NONE', ( #4757, #4492, #5259, #1201, #4931, #6442, #4827, #6611, #3267, #6496, #4957, #4905, #7047, #3226, #3555, #6381, #489, #2942, #3865, #4864, #3753, #2908 ) ) ;
#3726 = CARTESIAN_POINT ( 'NONE',  ( 29.51582121740297282, 3.308011918617152602, 16.41882981979725997 ) ) ;
#3727 = CARTESIAN_POINT ( 'NONE',  ( 29.46097800161226488, -0.0004418268563548011793, -12.26365430428478120 ) ) ;
#3728 = PLANE ( 'NONE',  #5320 ) ;
#3729 = ORIENTED_EDGE ( 'NONE', *, *, #6723, .F. ) ;
#3730 = VERTEX_POINT ( 'NONE', #613 ) ;
#3731 = PLANE ( 'NONE',  #892 ) ;
#3732 = CYLINDRICAL_SURFACE ( 'NONE', #7270, 21.75764531748080799 ) ;
#3733 = ORIENTED_EDGE ( 'NONE', *, *, #3441, .F. ) ;
#3734 = FACE_OUTER_BOUND ( 'NONE', #2471, .T. ) ;
#3735 = CARTESIAN_POINT ( 'NONE',  ( 49.16282030118593838, 6.347098853532571638, -1.070834196011197115 ) ) ;
#3736 = ORIENTED_EDGE ( 'NONE', *, *, #5212, .T. ) ;
#3737 = CARTESIAN_POINT ( 'NONE',  ( 46.46169554002519675, 3.095087534996604273, -1.225381782680097009 ) ) ;
#3738 = DIRECTION ( 'NONE',  ( -0.9998626349648349620, 0.01657441405230474646, 0.000000000000000000 ) ) ;
#3739 = CARTESIAN_POINT ( 'NONE',  ( 49.16901976082359482, 6.288744778216220688, -0.2953527337000543818 ) ) ;
#3740 = CARTESIAN_POINT ( 'NONE',  ( 29.46828849945848461, 0.4405688548064812804, 9.976640682965170370 ) ) ;
#3741 = ORIENTED_EDGE ( 'NONE', *, *, #1199, .T. ) ;
#3742 = ORIENTED_EDGE ( 'NONE', *, *, #784, .F. ) ;
#3743 = CARTESIAN_POINT ( 'NONE',  ( 49.27752137395131626, 6.422796374690702415, -0.6999999999999981792 ) ) ;
#3744 = DIRECTION ( 'NONE',  ( 0.01657441405230464931, 0.9998626349648349620, 3.469446951953613418E-18 ) ) ;
#3745 = CARTESIAN_POINT ( 'NONE',  ( 29.52982412463445172, 4.152746681333768564, 16.44920891523943141 ) ) ;
#3746 = ORIENTED_EDGE ( 'NONE', *, *, #2095, .F. ) ;
#3747 = CARTESIAN_POINT ( 'NONE',  ( 29.92188106493380673, 6.671957294419801343, -20.02350580789022416 ) ) ;
#3748 = LINE ( 'NONE', #5941, #5002 ) ;
#3749 = CARTESIAN_POINT ( 'NONE',  ( 30.06460749944760025, 6.246933188713487795, 19.00112679945515026 ) ) ;
#3750 = CARTESIAN_POINT ( 'NONE',  ( 48.35682992392474233, 6.274385848004511601, -0.6999999999999985123 ) ) ;
#3751 = AXIS2_PLACEMENT_3D ( 'NONE', #2648, #4199, #7140 ) ;
#3752 = CARTESIAN_POINT ( 'NONE',  ( 40.54924921979816332, 0.4723631716368710820, -1.190109453073276979 ) ) ;
#3753 = ORIENTED_EDGE ( 'NONE', *, *, #5888, .F. ) ;
#3754 = CARTESIAN_POINT ( 'NONE',  ( 29.64062328845301053, 6.028092846559404805, 19.21761777580460517 ) ) ;
#3755 = LINE ( 'NONE', #6658, #1698 ) ;
#3756 = ADVANCED_FACE ( 'NONE', ( #3313 ), #2236, .F. ) ;
#3757 = AXIS2_PLACEMENT_3D ( 'NONE', #4310, #5429, #5953 ) ;
#3758 = ORIENTED_EDGE ( 'NONE', *, *, #3092, .F. ) ;
#3759 = FACE_OUTER_BOUND ( 'NONE', #4469, .T. ) ;
#3760 = CARTESIAN_POINT ( 'NONE',  ( 29.22108413575709562, 9.661383120241000100, -22.25672608094550853 ) ) ;
#3761 = CARTESIAN_POINT ( 'NONE',  ( 45.85497315984170541, 2.917401671988030021, -0.9108148988220980957 ) ) ;
#3762 = ORIENTED_EDGE ( 'NONE', *, *, #285, .T. ) ;
#3763 = ORIENTED_EDGE ( 'NONE', *, *, #2355, .F. ) ;
#3764 = AXIS2_PLACEMENT_3D ( 'NONE', #1714, #5606, #540 ) ;
#3765 = CARTESIAN_POINT ( 'NONE',  ( 29.52980122993776746, 4.147221655287334663, -17.44368426867221444 ) ) ;
#3766 = CARTESIAN_POINT ( 'NONE',  ( 27.23884348098842878, -1.317488509068562408, 0.2999999999999999889 ) ) ;
#3767 = ADVANCED_FACE ( 'NONE', ( #4455 ), #4970, .T. ) ;
#3768 = ORIENTED_EDGE ( 'NONE', *, *, #6223, .F. ) ;
#3769 = CARTESIAN_POINT ( 'NONE',  ( 29.60924696550294044, 8.943982781577165753, -22.51604313739728269 ) ) ;
#3770 = EDGE_CURVE ( 'NONE', #3028, #731, #1426, .T. ) ;
#3771 = LINE ( 'NONE', #3692, #5167 ) ;
#3772 = ORIENTED_EDGE ( 'NONE', *, *, #2279, .F. ) ;
#3773 = DIRECTION ( 'NONE',  ( 0.01657441405230484707, 0.9998626349648348510, -0.000000000000000000 ) ) ;
#3774 = DIRECTION ( 'NONE',  ( 1.665680818703648634E-16, 7.087759561701499957E-19, -1.000000000000000000 ) ) ;
#3775 = DIRECTION ( 'NONE',  ( 0.9998626349648348510, -0.01657441405230463544, -0.000000000000000000 ) ) ;
#3776 = CARTESIAN_POINT ( 'NONE',  ( 29.67300450814346391, 0.6018108741094038150, -11.37962395393648052 ) ) ;
#3777 = VECTOR ( 'NONE', #6402, 100.0000000000000142 ) ;
#3778 = ORIENTED_EDGE ( 'NONE', *, *, #5812, .F. ) ;
#3779 = CARTESIAN_POINT ( 'NONE',  ( 40.24572841237873178, 0.4665809341019960255, 0.2333333333333363069 ) ) ;
#3780 = CARTESIAN_POINT ( 'NONE',  ( 45.33456488868646517, 2.493326978128878935, -0.7000000000000003997 ) ) ;
#3781 = DIRECTION ( 'NONE',  ( 0.9998626349648348510, -0.01657441405230463891, 0.000000000000000000 ) ) ;
#3782 = EDGE_LOOP ( 'NONE', ( #5633, #616, #3658, #3243, #5544, #4552, #7295, #3536, #5782, #254, #4841, #5598, #7299, #171, #7, #1614, #3642, #87 ) ) ;
#3783 = VECTOR ( 'NONE', #4537, 100.0000000000000000 ) ;
#3784 = CYLINDRICAL_SURFACE ( 'NONE', #1357, 0.1749999999999973799 ) ;
#3785 = CARTESIAN_POINT ( 'NONE',  ( 50.33155506623349140, 8.684191087760700256, -0.7033608681589473832 ) ) ;
#3786 = CARTESIAN_POINT ( 'NONE',  ( 31.22188896405206293, -2.373432210252088836, -1.300000000000007372 ) ) ;
#3787 = CARTESIAN_POINT ( 'NONE',  ( 29.96516101513376640, 0.2477573789244779945, -11.47664068296517392 ) ) ;
#3788 = CARTESIAN_POINT ( 'NONE',  ( 29.42111206341169805, -2.405381264764915539, -1.531716122998096896 ) ) ;
#3789 = CARTESIAN_POINT ( 'NONE',  ( 30.10935841738883667, 8.946562303118540171, -21.97078005163794501 ) ) ;
#3790 = VERTEX_POINT ( 'NONE', #6171 ) ;
#3791 = CARTESIAN_POINT ( 'NONE',  ( 30.85269975192374403, -0.5114356736991295671, -1.000000000000007105 ) ) ;
#3792 = CARTESIAN_POINT ( 'NONE',  ( 30.06460749944760025, 6.246933188713487795, 18.48925470086113876 ) ) ;
#3793 = ORIENTED_EDGE ( 'NONE', *, *, #3717, .T. ) ;
#3794 = CARTESIAN_POINT ( 'NONE',  ( 30.08976938335704077, 8.946887024484832196, 21.24700932286717858 ) ) ;
#3795 = CARTESIAN_POINT ( 'NONE',  ( 29.47821409566914141, -0.01782040749446248823, -12.14694623329599033 ) ) ;
#3796 = ADVANCED_FACE ( 'NONE', ( #5687 ), #7251, .F. ) ;
#3797 = CARTESIAN_POINT ( 'NONE',  ( 29.22108413575708497, 9.661383120240994771, 8.640310689145281091E-15 ) ) ;
#3798 = EDGE_CURVE ( 'NONE', #5809, #3527, #3345, .T. ) ;
#3799 = ORIENTED_EDGE ( 'NONE', *, *, #5945, .T. ) ;
#3800 = EDGE_LOOP ( 'NONE', ( #2102, #3596, #4331, #4099, #1086, #4988, #5805, #2720 ) ) ;
#3801 = EDGE_CURVE ( 'NONE', #250, #2026, #4379, .T. ) ;
#3802 = FACE_OUTER_BOUND ( 'NONE', #3634, .T. ) ;
#3803 = DIRECTION ( 'NONE',  ( -0.01657441405230464238, -0.9998626349648349620, -1.734723475976807094E-18 ) ) ;
#3804 = VERTEX_POINT ( 'NONE', #6765 ) ;
#3805 = VERTEX_POINT ( 'NONE', #3832 ) ;
#3806 = CARTESIAN_POINT ( 'NONE',  ( 29.69015363823156406, 8.642383231573941060, -22.25607787724768727 ) ) ;
#3807 = CARTESIAN_POINT ( 'NONE',  ( 31.22188896405206293, -2.373432210252088836, -0.7000000000000063949 ) ) ;
#3808 = EDGE_CURVE ( 'NONE', #4658, #2985, #3887, .T. ) ;
#3809 = AXIS2_PLACEMENT_3D ( 'NONE', #5655, #5158, #586 ) ;
#3810 = ORIENTED_EDGE ( 'NONE', *, *, #5713, .T. ) ;
#3811 = CARTESIAN_POINT ( 'NONE',  ( 31.23829402084788498, -1.383786165277783198, -0.7000000000000061728 ) ) ;
#3812 = DIRECTION ( 'NONE',  ( -1.000000000000000000, 0.000000000000000000, -1.665680818703646662E-16 ) ) ;
#3813 = DIRECTION ( 'NONE',  ( -0.9998626349648350731, 0.01657441405230466319, 0.000000000000000000 ) ) ;
#3814 = CARTESIAN_POINT ( 'NONE',  ( 29.48608057976634811, 0.4924815345161230873, -11.10670159732920048 ) ) ;
#3815 = EDGE_CURVE ( 'NONE', #2688, #3391, #5729, .T. ) ;
#3816 = ORIENTED_EDGE ( 'NONE', *, *, #692, .F. ) ;
#3817 = CARTESIAN_POINT ( 'NONE',  ( 29.60942709990219512, 8.954849510144764935, -22.16756122134489360 ) ) ;
#3818 = CARTESIAN_POINT ( 'NONE',  ( 40.95158518503546929, -0.2134148962852428222, -0.3000000000005511036 ) ) ;
#3819 = ORIENTED_EDGE ( 'NONE', *, *, #2709, .F. ) ;
#3820 = AXIS2_PLACEMENT_3D ( 'NONE', #2371, #1239, #1711 ) ;
#3821 = CARTESIAN_POINT ( 'NONE',  ( 29.93548988415750145, 0.2473930673332052077, 10.78009954068491538 ) ) ;
#3822 = LINE ( 'NONE', #1167, #4294 ) ;
#3824 = DIRECTION ( 'NONE',  ( 0.01657441405230464584, 0.9998626349648350731, 1.734723475976807094E-18 ) ) ;
#3823 = CIRCLE ( 'NONE', #4999, 0.1750000000000029310 ) ;
#3825 = VECTOR ( 'NONE', #1986, 100.0000000000000142 ) ;
#3826 = VECTOR ( 'NONE', #2479, 100.0000000000000142 ) ;
#3827 = DIRECTION ( 'NONE',  ( -1.665393298452077782E-16, 1.025709229455375713E-18, 1.000000000000000000 ) ) ;
#3828 = CIRCLE ( 'NONE', #1829, 10.99999999999813660 ) ;
#3829 = CARTESIAN_POINT ( 'NONE',  ( 30.04364942460926002, 3.634715583514148474, -16.65027219720726492 ) ) ;
#3830 = LINE ( 'NONE', #6101, #2950 ) ;
#3831 = ORIENTED_EDGE ( 'NONE', *, *, #253, .F. ) ;
#3832 = CARTESIAN_POINT ( 'NONE',  ( 45.84190424054542490, 2.906450311533736119, -0.9310047289394458581 ) ) ;
#3833 = CARTESIAN_POINT ( 'NONE',  ( 30.04734327851911146, 9.313120732061282325, -22.25064121599545075 ) ) ;
#3834 = B_SPLINE_CURVE_WITH_KNOTS ( 'NONE', 3,
 ( #3162, #5422, #361, #2606, #4855, #2748, #503, #469, #1621, #3899, #5569, #1717, #2678, #5006, #2822, #5610 ),
 .UNSPECIFIED., .F., .F.,
 ( 4, 2, 2, 2, 2, 2, 2, 4 ),
 ( 5.003707553108401214E-17, 0.001568947562306523616, 0.002353421343459820118, 0.003137895124613117055, 0.003922368905766413991, 0.004706842686919710493, 0.005491316468073006996, 0.006275790249226304365 ),
 .UNSPECIFIED. ) ;
#3835 = ORIENTED_EDGE ( 'NONE', *, *, #1388, .T. ) ;
#3836 = DIRECTION ( 'NONE',  ( 0.9998626349648349620, -0.01657441405230486442, 0.000000000000000000 ) ) ;
#3837 = CARTESIAN_POINT ( 'NONE',  ( 30.02370493687717001, -2.353570283740600733, -0.5000000000000032196 ) ) ;
#3838 = CARTESIAN_POINT ( 'NONE',  ( 45.47016318416308422, 3.391202852591134409, 0.2000000000000000111 ) ) ;
#3839 = ORIENTED_EDGE ( 'NONE', *, *, #2043, .F. ) ;
#3840 = ORIENTED_EDGE ( 'NONE', *, *, #4891, .T. ) ;
#3841 = CARTESIAN_POINT ( 'NONE',  ( 50.25248679141511587, 8.612655886071983957, -1.199999999999997291 ) ) ;
#3842 = CARTESIAN_POINT ( 'NONE',  ( 29.83695488495380843, -2.772660972581690420, -1.000000000000006883 ) ) ;
#3843 = ORIENTED_EDGE ( 'NONE', *, *, #5448, .T. ) ;
#3844 = CARTESIAN_POINT ( 'NONE',  ( 29.61303069265252930, 9.172238657456000865, -22.67432967587524928 ) ) ;
#3845 = CARTESIAN_POINT ( 'NONE',  ( 29.46464985272703885, -0.01610279836066818085, 11.21448884579683636 ) ) ;
#3846 = ORIENTED_EDGE ( 'NONE', *, *, #6798, .F. ) ;
#3847 = CARTESIAN_POINT ( 'NONE',  ( 40.54203898306122511, 0.07242773994132563342, -1.199462997004565823 ) ) ;
#3848 = CARTESIAN_POINT ( 'NONE',  ( 29.52980122993776391, 4.147221655287334663, 3.171905057654767021E-15 ) ) ;
#3849 = CARTESIAN_POINT ( 'NONE',  ( 50.78914507386361521, 9.323227338051538027, -1.057680118422637427 ) ) ;
#3850 = FACE_OUTER_BOUND ( 'NONE', #1538, .T. ) ;
#3851 = ORIENTED_EDGE ( 'NONE', *, *, #1504, .F. ) ;
#3852 = ADVANCED_FACE ( 'NONE', ( #91 ), #1211, .F. ) ;
#3853 = VERTEX_POINT ( 'NONE', #6833 ) ;
#3854 = CARTESIAN_POINT ( 'NONE',  ( 40.22705520871221552, 0.4587169208711968094, 0.05685803330235482400 ) ) ;
#3855 = CARTESIAN_POINT ( 'NONE',  ( 45.42739029660013728, 2.567049485028784606, -0.7042249976091390362 ) ) ;
#3856 = VERTEX_POINT ( 'NONE', #1907 ) ;
#3857 = CARTESIAN_POINT ( 'NONE',  ( 29.45694249062516690, -0.2438867315338361375, 10.72997687891114538 ) ) ;
#3858 = CARTESIAN_POINT ( 'NONE',  ( 44.96360210105974886, 2.999545005631353067, 0.1999999999999996225 ) ) ;
#3859 = PLANE ( 'NONE',  #2291 ) ;
#3860 = EDGE_CURVE ( 'NONE', #3011, #4196, #2411, .T. ) ;
#3861 = ADVANCED_FACE ( 'NONE', ( #2422 ), #4706, .F. ) ;
#3862 = CARTESIAN_POINT ( 'NONE',  ( 30.05400500914902651, 6.647461227841615639, -20.29037837007850342 ) ) ;
#3863 = EDGE_CURVE ( 'NONE', #386, #2507, #4671, .T. ) ;
#3864 = PLANE ( 'NONE',  #6749 ) ;
#3865 = ORIENTED_EDGE ( 'NONE', *, *, #4622, .F. ) ;
#3866 = DIRECTION ( 'NONE',  ( -0.9998626349648349620, 0.01657441405230464238, -3.341506680459168859E-16 ) ) ;
#3867 = CARTESIAN_POINT ( 'NONE',  ( 29.92817962430029510, 9.357611408699382238, -22.28268426116945378 ) ) ;
#3868 = EDGE_LOOP ( 'NONE', ( #51, #6531, #2823, #7144, #5132 ) ) ;
#3869 = VECTOR ( 'NONE', #1428, 100.0000000000000000 ) ;
#3870 = DIRECTION ( 'NONE',  ( -0.9998626349648348510, 0.01657441405230464584, 0.000000000000000000 ) ) ;
#3871 = CARTESIAN_POINT ( 'NONE',  ( 29.08956838170394477, -10.33918446186616080, -0.5000000000000032196 ) ) ;
#3872 = VERTEX_POINT ( 'NONE', #1839 ) ;
#3873 = ORIENTED_EDGE ( 'NONE', *, *, #1069, .F. ) ;
#3874 = CARTESIAN_POINT ( 'NONE',  ( 29.22216369412238279, -2.340283382147479330, -0.5000000000000032196 ) ) ;
#3875 = AXIS2_PLACEMENT_3D ( 'NONE', #3444, #4510, #6785 ) ;
#3876 = DIRECTION ( 'NONE',  ( 0.9998626349648349620, -0.01657441405230474646, 0.000000000000000000 ) ) ;
#3877 = ORIENTED_EDGE ( 'NONE', *, *, #6815, .T. ) ;
#3878 = DIRECTION ( 'NONE',  ( -0.9998626349648348510, 0.01657441405230573525, -1.665334536937734811E-16 ) ) ;
#3879 = CARTESIAN_POINT ( 'NONE',  ( 36.28800998878277539, -2.253622014754586012, -0.7000000000000047296 ) ) ;
#3880 = ORIENTED_EDGE ( 'NONE', *, *, #4844, .T. ) ;
#3881 = CARTESIAN_POINT ( 'NONE',  ( 29.86271832119671998, 8.886504774117074845, -21.92084208959674996 ) ) ;
#3882 = CARTESIAN_POINT ( 'NONE',  ( 30.05919415096664338, 8.946688647553321161, -22.24793868556928444 ) ) ;
#3883 = B_SPLINE_CURVE_WITH_KNOTS ( 'NONE', 3,
 ( #6648, #5701, #4330, #5490, #2126, #590, #426, #7201, #4502, #556, #4369, #1669, #2262, #3915, #627, #2294 ),
 .UNSPECIFIED., .F., .F.,
 ( 4, 2, 2, 2, 2, 2, 2, 4 ),
 ( -0.005911482812663907543, -0.003361166960474802189, -0.0008108511082856968352, 0.0004643068178088556250, 0.001739464743903408953, 0.002377043706950750235, 0.003014622669998089782, 0.004289780596092855613 ),
 .UNSPECIFIED. ) ;
#3884 = DIRECTION ( 'NONE',  ( 0.01657441405230463891, 0.9998626349648349620, -0.000000000000000000 ) ) ;
#3885 = ORIENTED_EDGE ( 'NONE', *, *, #6049, .F. ) ;
#3886 = CARTESIAN_POINT ( 'NONE',  ( 29.81070761583387707, 8.951512945205690741, -22.73229765668425628 ) ) ;
#3887 = B_SPLINE_CURVE_WITH_KNOTS ( 'NONE', 3,
 ( #1140, #6103, #1032, #2716, #6730, #6142, #1071, #3902, #1102, #3009, #5271, #2310 ),
 .UNSPECIFIED., .F., .F.,
 ( 4, 2, 2, 2, 2, 4 ),
 ( 0.000000000000000000, 0.001805735249474693009, 0.003611470498949386019, 0.004514338123686747160, 0.005417205748424107868, 0.007222940997898746017 ),
 .UNSPECIFIED. ) ;
#3888 = CARTESIAN_POINT ( 'NONE',  ( 29.04276639057132314, -1.095754356822500108, 6.365437551427184815 ) ) ;
#3889 = ORIENTED_EDGE ( 'NONE', *, *, #4527, .T. ) ;
#3890 = EDGE_CURVE ( 'NONE', #4319, #715, #4499, .T. ) ;
#3891 = CARTESIAN_POINT ( 'NONE',  ( 29.95898854158014402, 0.2478596981119616238, 10.95645299639973658 ) ) ;
#3892 = EDGE_CURVE ( 'NONE', #2136, #343, #5765, .T. ) ;
#3893 = CARTESIAN_POINT ( 'NONE',  ( 29.02219116712941371, -2.336968499337038985, -2.500000000000004441 ) ) ;
#3894 = EDGE_CURVE ( 'NONE', #1191, #3516, #5739, .T. ) ;
#3895 = FACE_OUTER_BOUND ( 'NONE', #2803, .T. ) ;
#3896 = DIRECTION ( 'NONE',  ( 0.01657441405230463891, 0.9998626349648349620, -0.000000000000000000 ) ) ;
#3897 = VECTOR ( 'NONE', #4591, 100.0000000000000000 ) ;
#3898 = CARTESIAN_POINT ( 'NONE',  ( 45.43567369614500961, 3.426855057791609926, -0.9856210600135825173 ) ) ;
#3899 = CARTESIAN_POINT ( 'NONE',  ( 29.90671832505767824, 9.370546221186799585, 21.29214651219848875 ) ) ;
#3900 = EDGE_CURVE ( 'NONE', #3650, #1408, #2971, .T. ) ;
#3901 = EDGE_LOOP ( 'NONE', ( #1764, #6004, #1512, #183, #546 ) ) ;
#3902 = CARTESIAN_POINT ( 'NONE',  ( 29.66897565985289731, 6.331969644938411967, -20.48530464016799613 ) ) ;
#3903 = CARTESIAN_POINT ( 'NONE',  ( 29.02215908576421555, -2.338903829192747530, 0.7260614938434114540 ) ) ;
#3904 = EDGE_CURVE ( 'NONE', #2502, #2670, #360, .T. ) ;
#3905 = VERTEX_POINT ( 'NONE', #6506 ) ;
#3906 = CARTESIAN_POINT ( 'NONE',  ( 28.78118743939269208, -9.333935142334325974, -0.1750000000000037081 ) ) ;
#3907 = CARTESIAN_POINT ( 'NONE',  ( 28.59563592806793153, -2.329897624897717900, -1.000000000000006661 ) ) ;
#3908 = ORIENTED_EDGE ( 'NONE', *, *, #3631, .F. ) ;
#3909 = ORIENTED_EDGE ( 'NONE', *, *, #3863, .F. ) ;
#3910 = B_SPLINE_CURVE_WITH_KNOTS ( 'NONE', 3,
 ( #5515, #7233, #2158, #4398 ),
 .UNSPECIFIED., .F., .F.,
 ( 4, 4 ),
 ( 0.000000000000000000, 0.0005570724271395249578 ),
 .UNSPECIFIED. ) ;
#3911 = DIRECTION ( 'NONE',  ( 3.382917932875483327E-16, 2.470467893844505313E-16, -1.000000000000000000 ) ) ;
#3912 = CARTESIAN_POINT ( 'NONE',  ( 29.31498041281528799, 3.258947373655597168, -0.5000000000000032196 ) ) ;
#3913 = DIRECTION ( 'NONE',  ( -0.01657441405230465278, -0.9998626349648348510, -2.526198420459838063E-16 ) ) ;
#3914 = CARTESIAN_POINT ( 'NONE',  ( 29.53457112863167566, 4.439112878646865212, 17.76458796928097428 ) ) ;
#3915 = CARTESIAN_POINT ( 'NONE',  ( 51.16901108406805321, 9.036943621815911598, 0.09951153682466692962 ) ) ;
#3916 = VERTEX_POINT ( 'NONE', #6468 ) ;
#3917 = CARTESIAN_POINT ( 'NONE',  ( 29.96138057811770139, 8.928158421345051110, -21.95457181257352630 ) ) ;
#3918 = CARTESIAN_POINT ( 'NONE',  ( 30.08942187719837591, 6.632588030256374445, 18.98891532737465582 ) ) ;
#3919 = DIRECTION ( 'NONE',  ( -1.000000000000000000, 0.000000000000000000, -0.000000000000000000 ) ) ;
#3920 = B_SPLINE_CURVE_WITH_KNOTS ( 'NONE', 3,
 ( #6642, #7234, #2770, #2230 ),
 .UNSPECIFIED., .F., .F.,
 ( 4, 4 ),
 ( 2.574881324168758628E-16, 0.0001301450737330821347 ),
 .UNSPECIFIED. ) ;
#3921 = VERTEX_POINT ( 'NONE', #5984 ) ;
#3922 = CARTESIAN_POINT ( 'NONE',  ( 29.69495402611939028, 8.953431756707576739, -22.27804533447912405 ) ) ;
#3923 = LINE ( 'NONE', #4582, #2341 ) ;
#3924 = ORIENTED_EDGE ( 'NONE', *, *, #1241, .F. ) ;
#3925 = DIRECTION ( 'NONE',  ( 0.01657441405230466666, 0.9998626349648349620, 1.734723475976807094E-18 ) ) ;
#3926 = LINE ( 'NONE', #6199, #6200 ) ;
#3927 = CARTESIAN_POINT ( 'NONE',  ( 29.65044927988910572, 6.408185979496562545, 18.76714937553143514 ) ) ;
#3928 =( BOUNDED_CURVE ( )  B_SPLINE_CURVE ( 3, ( #6608, #2124, #5521, #2703 ),
 .UNSPECIFIED., .F., .F. ) 
 B_SPLINE_CURVE_WITH_KNOTS ( ( 4, 4 ),
 ( 1.105930367346820963E-17, 1.570796326794896558 ),
 .UNSPECIFIED. ) 
 CURVE ( )  GEOMETRIC_REPRESENTATION_ITEM ( )  RATIONAL_B_SPLINE_CURVE ( ( 1.000000000000000000, 0.8047378541243649375, 0.8047378541243649375, 1.000000000000000000 ) ) 
 REPRESENTATION_ITEM ( '' )  );
#3929 = LINE ( 'NONE', #683, #3298 ) ;
#3930 = CARTESIAN_POINT ( 'NONE',  ( 29.58555079291016554, 3.456909892999172840, -16.40173078227975978 ) ) ;
#3931 = DIRECTION ( 'NONE',  ( 1.000000000000000000, 0.000000000000000000, 3.469446951953611231E-16 ) ) ;
#3932 = ORIENTED_EDGE ( 'NONE', *, *, #4123, .F. ) ;
#3933 = AXIS2_PLACEMENT_3D ( 'NONE', #4003, #2788, #1104 ) ;
#3934 = CARTESIAN_POINT ( 'NONE',  ( 41.03935267508379070, 0.06418392448355278446, -0.8384762972922198410 ) ) ;
#3935 = SURFACE_SIDE_STYLE ('',( #5117 ) ) ;
#3936 = AXIS2_PLACEMENT_3D ( 'NONE', #382, #7193, #6641 ) ;
#3937 = VERTEX_POINT ( 'NONE', #244 ) ;
#3938 = ADVANCED_FACE ( 'NONE', ( #7131, #3638, #5908 ), #7016, .T. ) ;
#3939 = AXIS2_PLACEMENT_3D ( 'NONE', #419, #6681, #2266 ) ;
#3940 = EDGE_CURVE ( 'NONE', #4648, #715, #7255, .T. ) ;
#3941 = CARTESIAN_POINT ( 'NONE',  ( 27.68661175479890701, -1.824979717385858624, 0.2999999999999999889 ) ) ;
#3942 = EDGE_CURVE ( 'NONE', #5234, #3358, #802, .T. ) ;
#3943 = DIRECTION ( 'NONE',  ( -1.000000000000000000, 0.000000000000000000, -3.382917932875483327E-16 ) ) ;
#3944 = VERTEX_POINT ( 'NONE', #5342 ) ;
#3945 = ORIENTED_EDGE ( 'NONE', *, *, #6804, .T. ) ;
#3946 = CARTESIAN_POINT ( 'NONE',  ( 45.76511058438249790, 2.985832852271422588, -1.179371013862489104 ) ) ;
#3947 = CARTESIAN_POINT ( 'NONE',  ( 29.22216369412238279, -2.340283382147479330, -0.5000000000000032196 ) ) ;
#3948 = CARTESIAN_POINT ( 'NONE',  ( 29.04279233449226183, -1.094189272405835522, 6.395706971780762196 ) ) ;
#3949 = CARTESIAN_POINT ( 'NONE',  ( 50.02560852304163319, 7.346089305902101074, -0.6999999999999976241 ) ) ;
#3950 = CARTESIAN_POINT ( 'NONE',  ( 30.06460749944761091, 6.246933188713487795, -19.48925470086114586 ) ) ;
#3951 = VERTEX_POINT ( 'NONE', #321 ) ;
#3952 = CARTESIAN_POINT ( 'NONE',  ( 29.82220407721134592, 6.569939239392577512, -19.92521145822352935 ) ) ;
#3953 = LINE ( 'NONE', #6343, #181 ) ;
#3954 = CARTESIAN_POINT ( 'NONE',  ( 29.52058353641119837, 3.255539154184484918, 16.32833631618136394 ) ) ;
#3955 = CARTESIAN_POINT ( 'NONE',  ( 29.60367045786856366, 8.607576221431592955, -22.27775296645952707 ) ) ;
#3956 = CARTESIAN_POINT ( 'NONE',  ( 29.80326345882101791, 3.646828615558896924, -16.66103125771016380 ) ) ;
#3957 = ORIENTED_EDGE ( 'NONE', *, *, #5728, .F. ) ;
#3958 = CIRCLE ( 'NONE', #782, 0.4999999999999985567 ) ;
#3959 = LINE ( 'NONE', #2413, #5480 ) ;
#3960 = DIRECTION ( 'NONE',  ( -0.9998626349648348510, 0.01657441405230462850, 0.000000000000000000 ) ) ;
#3961 = PLANE ( 'NONE',  #5362 ) ;
#3962 = FACE_OUTER_BOUND ( 'NONE', #1244, .T. ) ;
#3963 = FACE_OUTER_BOUND ( 'NONE', #4669, .T. ) ;
#3964 = CARTESIAN_POINT ( 'NONE',  ( 50.77848710658477671, 9.307965853354231101, 0.1279908701491813128 ) ) ;
#3965 =( BOUNDED_CURVE ( )  B_SPLINE_CURVE ( 3, ( #697, #2943, #1150, #3946 ),
 .UNSPECIFIED., .F., .T. ) 
 B_SPLINE_CURVE_WITH_KNOTS ( ( 4, 4 ),
 ( 5.715133853687033749, 6.241915620903268014 ),
 .UNSPECIFIED. ) 
 CURVE ( )  GEOMETRIC_REPRESENTATION_ITEM ( )  RATIONAL_B_SPLINE_CURVE ( ( 1.000000000000000000, 0.9770084625071545625, 0.9770084625071545625, 1.000000000000000000 ) ) 
 REPRESENTATION_ITEM ( '' )  );
#3966 = VERTEX_POINT ( 'NONE', #4263 ) ;
#3967 = CARTESIAN_POINT ( 'NONE',  ( 40.57916957965942828, 0.07181223751079152118, -0.7423273646734623865 ) ) ;
#3968 = LINE ( 'NONE', #5041, #288 ) ;
#3969 = ORIENTED_EDGE ( 'NONE', *, *, #3272, .T. ) ;
#3970 = DIRECTION ( 'NONE',  ( -0.9998626349648348510, 0.01657441405230464584, 0.000000000000000000 ) ) ;
#3971 = CARTESIAN_POINT ( 'NONE',  ( 30.10525603427362640, 8.946630307056258502, -22.24651367581769179 ) ) ;
#3972 = VERTEX_POINT ( 'NONE', #2603 ) ;
#3973 = ORIENTED_EDGE ( 'NONE', *, *, #245, .T. ) ;
#3974 = EDGE_CURVE ( 'NONE', #989, #5096, #3748, .T. ) ;
#3975 = CARTESIAN_POINT ( 'NONE',  ( 45.25264409099632701, 3.402574343210292618, -0.2145493367594416001 ) ) ;
#3976 = ADVANCED_FACE ( 'NONE', ( #6540 ), #3711, .F. ) ;
#3977 = CARTESIAN_POINT ( 'NONE',  ( 30.08302393542357933, 6.246627905142966952, -19.98891532737465937 ) ) ;
#3978 = CARTESIAN_POINT ( 'NONE',  ( 30.01476133813475045, 8.941990332905135119, 21.24926321245993321 ) ) ;
#3979 = ADVANCED_FACE ( 'NONE', ( #2090 ), #2530, .F. ) ;
#3980 = CARTESIAN_POINT ( 'NONE',  ( 29.98159669121525539, -1.109751542240013933, 6.395706971780762196 ) ) ;
#3981 = CARTESIAN_POINT ( 'NONE',  ( 0.01233763467837854441, 0.7442760799765270052, 0.1999999999999837463 ) ) ;
#3982 = LINE ( 'NONE', #6816, #5439 ) ;
#3983 = ORIENTED_EDGE ( 'NONE', *, *, #48, .F. ) ;
#3984 = CARTESIAN_POINT ( 'NONE',  ( 30.08942187719838657, 6.632588030256367340, -19.98891532737465937 ) ) ;
#3985 = LINE ( 'NONE', #1777, #662 ) ;
#3986 = EDGE_CURVE ( 'NONE', #2693, #1376, #5571, .T. ) ;
#3987 = CARTESIAN_POINT ( 'NONE',  ( 45.76511764071254618, 2.986258530110613929, -1.179371013862489104 ) ) ;
#3988 = EDGE_CURVE ( 'NONE', #621, #1846, #3822, .T. ) ;
#3989 = VECTOR ( 'NONE', #2477, 100.0000000000000000 ) ;
#3990 = CARTESIAN_POINT ( 'NONE',  ( 29.60345764605445851, 8.594738206138266889, -22.26853755137988955 ) ) ;
#3991 = LINE ( 'NONE', #1200, #1988 ) ;
#3992 = ORIENTED_EDGE ( 'NONE', *, *, #555, .F. ) ;
#3993 = CARTESIAN_POINT ( 'NONE',  ( 30.14381619585098804, -2.414532983128359955, -0.000000000000000000 ) ) ;
#3994 = VECTOR ( 'NONE', #4588, 100.0000000000000142 ) ;
#3995 = DIRECTION ( 'NONE',  ( 0.01657441405230466319, 0.9998626349648349620, 1.734723475976807094E-18 ) ) ;
#3996 = DIRECTION ( 'NONE',  ( -0.9998626349648349620, 0.01657441405230474646, 6.210310043996987068E-14 ) ) ;
#3997 = CARTESIAN_POINT ( 'NONE',  ( 51.43443968877217287, 10.28307717325414039, -1.208399999999996366 ) ) ;
#3998 = CARTESIAN_POINT ( 'NONE',  ( 40.35670346552647203, 0.5136964394908550835, 0.006845421783107921362 ) ) ;
#3999 = VERTEX_POINT ( 'NONE', #2818 ) ;
#4000 = LINE ( 'NONE', #1287, #1312 ) ;
#4001 = CARTESIAN_POINT ( 'NONE',  ( 29.43854127791119524, -1.353952219983613148, 3.155808947497007545E-15 ) ) ;
#4002 = DIRECTION ( 'NONE',  ( -1.000000000000000000, 0.000000000000000000, 0.000000000000000000 ) ) ;
#4003 = CARTESIAN_POINT ( 'NONE',  ( 29.95687380810761624, -0.2521739385579394033, 10.72997687891029628 ) ) ;
#4004 = B_SPLINE_CURVE_WITH_KNOTS ( 'NONE', 2,
 ( #4990, #6712, #6189 ),
 .UNSPECIFIED., .F., .F.,
 ( 3, 3 ),
 ( 0.3935134651314654008, 0.6271975413135641997 ),
 .UNSPECIFIED. ) ;
#4005 = ORIENTED_EDGE ( 'NONE', *, *, #4393, .F. ) ;
#4006 = TOROIDAL_SURFACE ( 'NONE', #2601, 1.292999993180113050, 0.5000000000000000000 ) ;
#4007 = FACE_OUTER_BOUND ( 'NONE', #2443, .T. ) ;
#4008 =( BOUNDED_CURVE ( )  B_SPLINE_CURVE ( 3, ( #4421, #6697, #2217, #4456 ),
 .UNSPECIFIED., .F., .F. ) 
 B_SPLINE_CURVE_WITH_KNOTS ( ( 4, 4 ),
 ( 4.712388980384690562, 6.283185307179586232 ),
 .UNSPECIFIED. ) 
 CURVE ( )  GEOMETRIC_REPRESENTATION_ITEM ( )  RATIONAL_B_SPLINE_CURVE ( ( 1.000000000000000000, 0.8047378541243652705, 0.8047378541243652705, 1.000000000000000000 ) ) 
 REPRESENTATION_ITEM ( '' )  );
#4009 = DIRECTION ( 'NONE',  ( 1.000000000000000000, 0.000000000000000000, 0.000000000000000000 ) ) ;
#4010 = ORIENTED_EDGE ( 'NONE', *, *, #7036, .F. ) ;
#4011 = AXIS2_PLACEMENT_3D ( 'NONE', #6610, #4920, #3781 ) ;
#4012 = CARTESIAN_POINT ( 'NONE',  ( 29.57959315461226169, 7.155096767207863806, -20.46425231158485047 ) ) ;
#4013 = LINE ( 'NONE', #4601, #7278 ) ;
#4014 = CARTESIAN_POINT ( 'NONE',  ( 29.61387932948337109, 8.738363095844761119, 21.36754067845335214 ) ) ;
#4015 = FACE_OUTER_BOUND ( 'NONE', #4440, .T. ) ;
#4016 = EDGE_CURVE ( 'NONE', #1813, #3011, #5845, .T. ) ;
#4017 = EDGE_CURVE ( 'NONE', #7238, #3678, #3112, .T. ) ;
#4018 = FACE_OUTER_BOUND ( 'NONE', #4180, .T. ) ;
#4019 = EDGE_CURVE ( 'NONE', #2187, #6944, #287, .T. ) ;
#4020 = LINE ( 'NONE', #2505, #4722 ) ;
#4021 = EDGE_LOOP ( 'NONE', ( #5209, #259, #3793, #1255 ) ) ;
#4022 = CARTESIAN_POINT ( 'NONE',  ( 30.04820147340001668, 6.633518834184590318, -19.98914983767656040 ) ) ;
#4023 = DIRECTION ( 'NONE',  ( -3.372764553633511840E-16, -2.511834186424162314E-16, 1.000000000000000000 ) ) ;
#4024 = FACE_OUTER_BOUND ( 'NONE', #2449, .T. ) ;
#4025 = ORIENTED_EDGE ( 'NONE', *, *, #6663, .T. ) ;
#4026 = CARTESIAN_POINT ( 'NONE',  ( 27.23884348098842878, -2.307406495602015717, 0.000000000000000000 ) ) ;
#4027 = EDGE_CURVE ( 'NONE', #5400, #3173, #3823, .T. ) ;
#4028 = EDGE_CURVE ( 'NONE', #887, #5175, #10, .T. ) ;
#4029 = CARTESIAN_POINT ( 'NONE',  ( 31.03832149385491945, -1.380471282467321981, -1.000000000000007105 ) ) ;
#4030 = VERTEX_POINT ( 'NONE', #5640 ) ;
#4031 = EDGE_CURVE ( 'NONE', #6620, #4559, #1823, .T. ) ;
#4032 = CARTESIAN_POINT ( 'NONE',  ( 45.76511058438249790, 2.985832852271423032, 0.1793710138624887152 ) ) ;
#4033 = CARTESIAN_POINT ( 'NONE',  ( 29.86407461624404647, 0.6351451205700446856, 10.46622201462058932 ) ) ;
#4034 = CARTESIAN_POINT ( 'NONE',  ( 46.27954025300284968, 3.877854750882866242, -0.2999999999999997669 ) ) ;
#4035 = VERTEX_POINT ( 'NONE', #2707 ) ;
#4036 = CARTESIAN_POINT ( 'NONE',  ( 29.02153475116137216, -2.376567232503013383, -1.577975210636030301 ) ) ;
#4037 = B_SPLINE_CURVE_WITH_KNOTS ( 'NONE', 3,
 ( #547, #6107, #2284, #1035, #6213, #6174, #4423, #6769, #6245, #4975, #1690, #1144 ),
 .UNSPECIFIED., .F., .F.,
 ( 4, 2, 2, 2, 2, 4 ),
 ( 0.000000000000000000, 0.002224976934176368677, 0.003337465401264631728, 0.004449953868352895213, 0.006674930802529421316, 0.008899907736705948286 ),
 .UNSPECIFIED. ) ;
#4038 = AXIS2_PLACEMENT_3D ( 'NONE', #2978, #5811, #2912 ) ;
#4039 = B_SPLINE_CURVE_WITH_KNOTS ( 'NONE', 2,
 ( #4228, #6470, #4265 ),
 .UNSPECIFIED., .F., .F.,
 ( 3, 3 ),
 ( 0.4023990127107522352, 0.6105976012729947833 ),
 .UNSPECIFIED. ) ;
#4040 = DIRECTION ( 'NONE',  ( -0.9998626349648349620, 0.01657441405230335868, 0.000000000000000000 ) ) ;
#4041 = ORIENTED_EDGE ( 'NONE', *, *, #6584, .F. ) ;
#4042 = DIRECTION ( 'NONE',  ( -1.665393298452077782E-16, 1.025709229455375713E-18, 1.000000000000000000 ) ) ;
#4043 = AXIS2_PLACEMENT_3D ( 'NONE', #6290, #7334, #4497 ) ;
#4044 = CARTESIAN_POINT ( 'NONE',  ( 29.22216369412238279, -2.340283382147479774, -0.5000000000000032196 ) ) ;
#4045 = CARTESIAN_POINT ( 'NONE',  ( 27.68661175479890701, -1.824979717385858624, -1.300000000000006262 ) ) ;
#4046 = CARTESIAN_POINT ( 'NONE',  ( 50.73176923724148679, 8.379831103244516299, -0.2999999999999972133 ) ) ;
#4047 = VERTEX_POINT ( 'NONE', #6720 ) ;
#4048 = CARTESIAN_POINT ( 'NONE',  ( 46.26952356825763246, 3.273591535754742043, -0.2999999999999999334 ) ) ;
#4049 = CARTESIAN_POINT ( 'NONE',  ( 40.54203898306122511, 0.07242773994132563342, 0.1994629970045604939 ) ) ;
#4050 = ORIENTED_EDGE ( 'NONE', *, *, #1612, .F. ) ;
#4051 = AXIS2_PLACEMENT_3D ( 'NONE', #3069, #5860, #5261 ) ;
#4052 = CARTESIAN_POINT ( 'NONE',  ( 45.37029156054219214, 3.494441370285926496, -0.1020807115986766683 ) ) ;
#4053 = CARTESIAN_POINT ( 'NONE',  ( 29.20948204592048114, 8.961479275765617203, -21.85670886413236147 ) ) ;
#4054 = CARTESIAN_POINT ( 'NONE',  ( 29.62265452397403465, 8.744941414732320339, 21.36730090364953583 ) ) ;
#4055 = VECTOR ( 'NONE', #2806, 100.0000000000000142 ) ;
#4056 = AXIS2_PLACEMENT_3D ( 'NONE', #5501, #438, #2681 ) ;
#4057 = DIRECTION ( 'NONE',  ( 0.9998626349648348510, -0.01657441405230466319, 3.341506680459168366E-16 ) ) ;
#4058 = FACE_OUTER_BOUND ( 'NONE', #1165, .T. ) ;
#4059 = VECTOR ( 'NONE', #1029, 100.0000000000000142 ) ;
#4060 = CARTESIAN_POINT ( 'NONE',  ( 29.57952447209468616, 7.146809560181840659, -20.78179387253660693 ) ) ;
#4061 = ORIENTED_EDGE ( 'NONE', *, *, #2495, .F. ) ;
#4062 = ORIENTED_EDGE ( 'NONE', *, *, #2551, .F. ) ;
#4063 = DIRECTION ( 'NONE',  ( 0.000000000000000000, 0.000000000000000000, 1.000000000000000000 ) ) ;
#4064 = CARTESIAN_POINT ( 'NONE',  ( 29.57959315461226169, 7.155096767207866471, 19.46425231158483626 ) ) ;
#4065 = DIRECTION ( 'NONE',  ( -0.9998626349648349620, 0.01657441405230580117, -1.665334536937735304E-16 ) ) ;
#4066 = ORIENTED_EDGE ( 'NONE', *, *, #3397, .T. ) ;
#4067 = ORIENTED_EDGE ( 'NONE', *, *, #4254, .F. ) ;
#4068 = CARTESIAN_POINT ( 'NONE',  ( 28.59321353697937695, -2.751086721369535137, -1.000000000000006883 ) ) ;
#4069 = ORIENTED_EDGE ( 'NONE', *, *, #5311, .F. ) ;
#4070 = CARTESIAN_POINT ( 'NONE',  ( 30.00089492680555026, 3.648057929001832012, 15.95239721201883754 ) ) ;
#4071 = CIRCLE ( 'NONE', #5982, 0.5000000000000004441 ) ;
#4072 = DIRECTION ( 'NONE',  ( 0.01657441405230466666, 0.9998626349648349620, 1.734723475976807480E-18 ) ) ;
#4073 = ADVANCED_FACE ( 'NONE', ( #4923 ), #956, .T. ) ;
#4074 = CARTESIAN_POINT ( 'NONE',  ( 50.73176923724148679, 8.379831103244516299, -0.6999999999999971800 ) ) ;
#4075 = ORIENTED_EDGE ( 'NONE', *, *, #599, .F. ) ;
#4076 = CARTESIAN_POINT ( 'NONE',  ( 29.02096021970099571, -2.411226227870749916, -1.509984105856778891 ) ) ;
#4077 = CARTESIAN_POINT ( 'NONE',  ( 30.09809050827847443, 9.215565631380513878, 21.24688247531407725 ) ) ;
#4078 = VERTEX_POINT ( 'NONE', #4373 ) ;
#4079 = CARTESIAN_POINT ( 'NONE',  ( 28.20098505762425489, -2.347382812896236182, -0.000000000000000000 ) ) ;
#4080 = DIRECTION ( 'NONE',  ( 0.03402189877562407372, 0.9994210876320858139, 0.000000000000000000 ) ) ;
#4081 = CARTESIAN_POINT ( 'NONE',  ( 48.62715771743974358, 6.573989821970307901, -0.2237955846799044857 ) ) ;
#4082 = CARTESIAN_POINT ( 'NONE',  ( 29.98944327801531529, 8.948550099343357545, 21.56940653441163036 ) ) ;
#4083 = EDGE_CURVE ( 'NONE', #7051, #1727, #2131, .T. ) ;
#4084 = EDGE_LOOP ( 'NONE', ( #5326, #5203, #1546, #5653, #1367, #1658 ) ) ;
#4085 = EDGE_CURVE ( 'NONE', #2319, #6027, #3926, .T. ) ;
#4086 = CARTESIAN_POINT ( 'NONE',  ( 29.87933046490636713, 3.249592317164136990, -16.96643113174563666 ) ) ;
#4087 = VERTEX_POINT ( 'NONE', #1575 ) ;
#4088 = FACE_OUTER_BOUND ( 'NONE', #2733, .T. ) ;
#4089 = CARTESIAN_POINT ( 'NONE',  ( 29.37133342059312113, 6.658480332536035995, -20.00215235425126536 ) ) ;
#4090 = ORIENTED_EDGE ( 'NONE', *, *, #4938, .T. ) ;
#4091 = LINE ( 'NONE', #7028, #1635 ) ;
#4092 = CARTESIAN_POINT ( 'NONE',  ( 40.95782391070447659, -0.1990062033184842871, -0.7062545234055203069 ) ) ;
#4093 = CARTESIAN_POINT ( 'NONE',  ( 29.61788138588788399, 9.464859977573327754, -22.87407340029112390 ) ) ;
#4094 = ORIENTED_EDGE ( 'NONE', *, *, #7211, .T. ) ;
#4095 = VERTEX_POINT ( 'NONE', #1096 ) ;
#4096 = CARTESIAN_POINT ( 'NONE',  ( 29.42213622111535187, -2.343598264958009825, 1.499999999999996225 ) ) ;
#4097 = CARTESIAN_POINT ( 'NONE',  ( 29.07191440930249726, 0.6626194065324986227, 10.50000000229203501 ) ) ;
#4098 = CARTESIAN_POINT ( 'NONE',  ( 29.93411319667871950, 3.248684200741381645, 15.95486801033037239 ) ) ;
#4099 = ORIENTED_EDGE ( 'NONE', *, *, #4703, .T. ) ;
#4100 = VERTEX_POINT ( 'NONE', #2273 ) ;
#4101 = DIRECTION ( 'NONE',  ( -0.01657441405230466666, -0.9998626349648348510, -1.734723475976806902E-18 ) ) ;
#4102 = VECTOR ( 'NONE', #1976, 100.0000000000000142 ) ;
#4103 = CARTESIAN_POINT ( 'NONE',  ( 42.72363769772371711, 2.536607511689533467, -0.7000000000000012879 ) ) ;
#4104 = ORIENTED_EDGE ( 'NONE', *, *, #194, .F. ) ;
#4105 = FACE_OUTER_BOUND ( 'NONE', #3288, .T. ) ;
#4106 = CARTESIAN_POINT ( 'NONE',  ( 29.49509598476736727, 0.5051926464062589384, 10.13844994567760693 ) ) ;
#4107 = CARTESIAN_POINT ( 'NONE',  ( 30.00089492680555026, 3.648057929001832012, 15.95239721201883754 ) ) ;
#4108 = AXIS2_PLACEMENT_3D ( 'NONE', #2002, #1969, #749 ) ;
#4109 = VERTEX_POINT ( 'NONE', #6757 ) ;
#4110 = CARTESIAN_POINT ( 'NONE',  ( 29.68360425774872624, 6.310240056955191079, 19.46664441292031711 ) ) ;
#4111 = ADVANCED_FACE ( 'NONE', ( #1646 ), #6164, .F. ) ;
#4112 = EDGE_CURVE ( 'NONE', #6179, #5796, #6559, .T. ) ;
#4113 = CARTESIAN_POINT ( 'NONE',  ( 29.57959315461226169, 7.155096767207994368, 19.79008107956275353 ) ) ;
#4114 = EDGE_LOOP ( 'NONE', ( #2930, #5752, #3957, #3331 ) ) ;
#4115 = AXIS2_PLACEMENT_3D ( 'NONE', #830, #236, #5334 ) ;
#4116 = ADVANCED_FACE ( 'NONE', ( #4963 ), #5601, .T. ) ;
#4117 = LINE ( 'NONE', #6395, #5068 ) ;
#4118 = CARTESIAN_POINT ( 'NONE',  ( 50.75515064926096898, 9.274614775604538508, -1.106410135698649988 ) ) ;
#4119 = CARTESIAN_POINT ( 'NONE',  ( 29.70578442560394805, 8.953252224520259261, 21.31075059397339189 ) ) ;
#4120 = VECTOR ( 'NONE', #904, 100.0000000000000142 ) ;
#4121 = ORIENTED_EDGE ( 'NONE', *, *, #6977, .F. ) ;
#4122 = CARTESIAN_POINT ( 'NONE',  ( 29.96460567581649670, 6.245439226201423999, -20.29323230848745752 ) ) ;
#4123 = EDGE_CURVE ( 'NONE', #2996, #7228, #3701, .T. ) ;
#4124 = CARTESIAN_POINT ( 'NONE',  ( 40.52347592407304688, 0.07273545403623044026, 0.1998220494806066949 ) ) ;
#4125 = ORIENTED_EDGE ( 'NONE', *, *, #3716, .T. ) ;
#4126 = EDGE_CURVE ( 'NONE', #7185, #1191, #4760, .T. ) ;
#4127 = CARTESIAN_POINT ( 'NONE',  ( 29.99848976963260228, 0.2472048984560679119, -11.47552833453502963 ) ) ;
#4128 = AXIS2_PLACEMENT_3D ( 'NONE', #6728, #1030, #575 ) ;
#4129 = CARTESIAN_POINT ( 'NONE',  ( 29.99447762050899513, 3.260929630901244991, -16.95239721202210603 ) ) ;
#4130 = ORIENTED_EDGE ( 'NONE', *, *, #2487, .T. ) ;
#4131 = CARTESIAN_POINT ( 'NONE',  ( 31.23829402084789564, -1.383786165277783198, -1.300000000000007150 ) ) ;
#4132 = B_SPLINE_CURVE_WITH_KNOTS ( 'NONE', 3,
 ( #4257, #6054, #5976, #495 ),
 .UNSPECIFIED., .F., .F.,
 ( 4, 4 ),
 ( 2.487998079484900601E-16, 0.0008506279653986265586 ),
 .UNSPECIFIED. ) ;
#4133 = CARTESIAN_POINT ( 'NONE',  ( 29.57954732181683966, 7.152331873109699423, 19.46175451855502914 ) ) ;
#4134 = AXIS2_PLACEMENT_3D ( 'NONE', #7164, #1737, #5056 ) ;
#4135 = DIRECTION ( 'NONE',  ( 2.220446049250313081E-16, 9.860761315262647568E-32, 1.000000000000000000 ) ) ;
#4136 = B_SPLINE_CURVE_WITH_KNOTS ( 'NONE', 3,
 ( #5037, #3310, #7174, #5567, #4339, #5005, #1544, #7212, #3788, #4417, #7289, #2213, #4452, #6727, #6319, #6943 ),
 .UNSPECIFIED., .F., .F.,
 ( 4, 2, 2, 2, 2, 2, 2, 4 ),
 ( 2.023017827855917974E-17, 0.001525179478885708853, 0.002287769218328554715, 0.003050358957771400793, 0.003812948697214242535, 0.004575538436657083409, 0.005338128176099924717, 0.006100717915542766892 ),
 .UNSPECIFIED. ) ;
#4137 = ORIENTED_EDGE ( 'NONE', *, *, #6490, .F. ) ;
#4138 = VERTEX_POINT ( 'NONE', #4548 ) ;
#4139 = CARTESIAN_POINT ( 'NONE',  ( 29.96477847480372603, 0.2477637201773664200, -11.77832148343091845 ) ) ;
#4140 = DIRECTION ( 'NONE',  ( -0.9998626349648348510, 0.01657441405230465972, -3.341506680459168366E-16 ) ) ;
#4141 = CARTESIAN_POINT ( 'NONE',  ( 29.67745710386504143, 8.621848872691142418, 21.25614089595479328 ) ) ;
#4142 = ORIENTED_EDGE ( 'NONE', *, *, #1025, .F. ) ;
#4143 = CARTESIAN_POINT ( 'NONE',  ( 29.41674935829490778, -2.668564374580253418, 0.2999999999999978795 ) ) ;
#4144 = CARTESIAN_POINT ( 'NONE',  ( 29.53544491381692794, 0.04146936133515423395, 11.01742479175528366 ) ) ;
#4145 = ORIENTED_EDGE ( 'NONE', *, *, #4751, .F. ) ;
#4146 = CARTESIAN_POINT ( 'NONE',  ( 40.27037592089061491, 0.4769859681717056321, -1.225381782680099674 ) ) ;
#4147 = CARTESIAN_POINT ( 'NONE',  ( 29.73224515560737302, 0.6166163020012654927, 10.41720362133853328 ) ) ;
#4148 = CARTESIAN_POINT ( 'NONE',  ( 29.52980122993775680, 4.147221655287334663, 16.44368426867221089 ) ) ;
#4149 = CARTESIAN_POINT ( 'NONE',  ( 31.23829402084789564, -1.383786165277783420, -0.8000000000000069278 ) ) ;
#4150 = CARTESIAN_POINT ( 'NONE',  ( 49.17717169914716635, 6.226578054375666582, -0.6999999999999979572 ) ) ;
#4151 = ORIENTED_EDGE ( 'NONE', *, *, #4527, .F. ) ;
#4152 = DIRECTION ( 'NONE',  ( 0.000000000000000000, 0.000000000000000000, 1.000000000000000000 ) ) ;
#4153 = CARTESIAN_POINT ( 'NONE',  ( 51.16041098557722222, 9.023694097582355411, -1.184275066162314038 ) ) ;
#4154 = CARTESIAN_POINT ( 'NONE',  ( 29.67957056957430595, 8.953686763514619784, 21.48806369297215468 ) ) ;
#4155 = CARTESIAN_POINT ( 'NONE',  ( 40.58636119449371193, 0.02836676869512370219, -0.006046997770490469305 ) ) ;
#4156 = LINE ( 'NONE', #6434, #240 ) ;
#4157 = EDGE_LOOP ( 'NONE', ( #657, #4069, #6261, #4806, #620 ) ) ;
#4158 = CARTESIAN_POINT ( 'NONE',  ( 45.31498811945960625, 3.451083615455924125, -0.1651323455296010712 ) ) ;
#4159 = DIRECTION ( 'NONE',  ( -0.9998626349648350731, 0.01657441405230465278, 0.000000000000000000 ) ) ;
#4160 = EDGE_CURVE ( 'NONE', #3905, #2003, #718, .T. ) ;
#4161 = EDGE_CURVE ( 'NONE', #6385, #3651, #3467, .T. ) ;
#4162 = EDGE_LOOP ( 'NONE', ( #585, #3212, #2917, #5092, #3359 ) ) ;
#4163 = PLANE ( 'NONE',  #457 ) ;
#4164 = EDGE_CURVE ( 'NONE', #2222, #621, #188, .T. ) ;
#4165 = LINE ( 'NONE', #2433, #932 ) ;
#4166 = B_SPLINE_CURVE_WITH_KNOTS ( 'NONE', 3,
 ( #1475, #1343, #5947, #2569 ),
 .UNSPECIFIED., .F., .F.,
 ( 4, 4 ),
 ( 0.000000000000000000, 0.004913971239142210859 ),
 .UNSPECIFIED. ) ;
#4167 = CARTESIAN_POINT ( 'NONE',  ( 51.64301749531590247, 9.789770348802626643, -0.6999999999999964029 ) ) ;
#4168 = ORIENTED_EDGE ( 'NONE', *, *, #6180, .T. ) ;
#4169 = ORIENTED_EDGE ( 'NONE', *, *, #5336, .T. ) ;
#4170 = AXIS2_PLACEMENT_3D ( 'NONE', #3858, #6651, #4998 ) ;
#4171 = CARTESIAN_POINT ( 'NONE',  ( 48.87806865410586710, 6.835191899957789197, -0.6999999999999980682 ) ) ;
#4172 = AXIS2_PLACEMENT_3D ( 'NONE', #6437, #805, #3053 ) ;
#4173 = CARTESIAN_POINT ( 'NONE',  ( 40.14886047065343178, 0.4260170161988911519, -0.9015975684233731302 ) ) ;
#4174 = EDGE_CURVE ( 'NONE', #4676, #7228, #90, .T. ) ;
#4175 = ORIENTED_EDGE ( 'NONE', *, *, #6938, .F. ) ;
#4176 = VECTOR ( 'NONE', #1351, 100.0000000000000142 ) ;
#4177 = CARTESIAN_POINT ( 'NONE',  ( 29.42111493944516809, -2.405207766118767410, 0.5320406911309277787 ) ) ;
#4178 = ADVANCED_FACE ( 'NONE', ( #2927 ), #1828, .T. ) ;
#4179 = CARTESIAN_POINT ( 'NONE',  ( 29.45694249062515979, -0.2438867315342095332, -11.72997687891027319 ) ) ;
#4180 = EDGE_LOOP ( 'NONE', ( #2142, #2015, #4050, #4811, #1629 ) ) ;
#4181 = CARTESIAN_POINT ( 'NONE',  ( 46.46169554002519675, 3.095087534996603829, 0.2253817826800993962 ) ) ;
#4182 = CARTESIAN_POINT ( 'NONE',  ( 29.03859622392525708, -1.347322454362712918, 0.2999999999999988787 ) ) ;
#4183 = CARTESIAN_POINT ( 'NONE',  ( 48.70078959783896977, 6.657060067406638026, -0.2683530074426000445 ) ) ;
#4184 = ORIENTED_EDGE ( 'NONE', *, *, #7121, .F. ) ;
#4185 = CARTESIAN_POINT ( 'NONE',  ( 50.75213648583756054, 8.604373347424306928, 0.2167804176680831196 ) ) ;
#4186 = CARTESIAN_POINT ( 'NONE',  ( 29.47185946328843542, 0.6559896409115761884, 10.50000000229203501 ) ) ;
#4187 = B_SPLINE_SURFACE_WITH_KNOTS ( 'NONE', 2, 1, ( 
 ( #6741, #2878 ),
 ( #3980, #3948 ),
 ( #69, #6254 ) ),
 .UNSPECIFIED., .F., .F., .F.,
 ( 3, 3 ),
 ( 2, 2 ),
 ( 0.000000000000000000, 0.3958745458293171926 ),
 ( 0.000000000000000000, 1.000000000000000000 ),
 .UNSPECIFIED. ) ;
#4188 = CARTESIAN_POINT ( 'NONE',  ( 49.24238518826145850, 6.379385936338566765, -0.6999999999999975131 ) ) ;
#4189 = ORIENTED_EDGE ( 'NONE', *, *, #160, .T. ) ;
#4190 = CARTESIAN_POINT ( 'NONE',  ( 40.28353507460927574, 0.4825544891679131032, -1.122775039080931236 ) ) ;
#4191 = DIRECTION ( 'NONE',  ( 0.000000000000000000, 0.000000000000000000, -1.000000000000000000 ) ) ;
#4192 = LINE ( 'NONE', #2493, #5001 ) ;
#4193 = AXIS2_PLACEMENT_3D ( 'NONE', #187, #2987, #744 ) ;
#4194 = CARTESIAN_POINT ( 'NONE',  ( 40.77758815537366388, -0.1419513152467243022, -0.2262270789625460687 ) ) ;
#4195 = CARTESIAN_POINT ( 'NONE',  ( 50.27832435838303127, 8.612227584705326677, -0.7006682098132330783 ) ) ;
#4196 = VERTEX_POINT ( 'NONE', #3447 ) ;
#4197 = CARTESIAN_POINT ( 'NONE',  ( 45.71383987867091747, 2.799893053401451226, -0.1906944265614645972 ) ) ;
#4198 = CARTESIAN_POINT ( 'NONE',  ( 45.51932591234911030, 3.612493046654535966, -0.7839057079569851094 ) ) ;
#4199 = DIRECTION ( 'NONE',  ( 0.01657441405230463891, 0.9998626349648349620, -0.000000000000000000 ) ) ;
#4200 = CYLINDRICAL_SURFACE ( 'NONE', #4580, 0.5000000000000004441 ) ;
#4201 = EDGE_CURVE ( 'NONE', #2174, #6787, #1075, .T. ) ;
#4202 = CARTESIAN_POINT ( 'NONE',  ( 29.68308767204759846, 6.080502770105779220, -20.26483598352390203 ) ) ;
#4203 = EDGE_CURVE ( 'NONE', #3730, #685, #3703, .T. ) ;
#4204 = VERTEX_POINT ( 'NONE', #5262 ) ;
#4205 = ORIENTED_EDGE ( 'NONE', *, *, #3666, .T. ) ;
#4206 = EDGE_CURVE ( 'NONE', #1728, #6594, #5250, .T. ) ;
#4207 = CARTESIAN_POINT ( 'NONE',  ( 29.98159669121525539, -1.109751542240035915, -7.395706971780787065 ) ) ;
#4208 = CARTESIAN_POINT ( 'NONE',  ( 29.88731977862833133, 8.571685671872497636, 21.25226835302699158 ) ) ;
#4209 = ORIENTED_EDGE ( 'NONE', *, *, #5448, .F. ) ;
#4210 = CARTESIAN_POINT ( 'NONE',  ( 29.99425810485457689, 3.247687197176706064, 15.95239721201883931 ) ) ;
#4211 = CARTESIAN_POINT ( 'NONE',  ( 29.93548988415750145, 0.2473930673332052077, 10.78009954068491538 ) ) ;
#4212 = EDGE_CURVE ( 'NONE', #5374, #4599, #3581, .T. ) ;
#4213 = ORIENTED_EDGE ( 'NONE', *, *, #3082, .F. ) ;
#4214 = CARTESIAN_POINT ( 'NONE',  ( 50.82791525886369755, 9.378903448242926544, -1.225381782680093901 ) ) ;
#4215 = CARTESIAN_POINT ( 'NONE',  ( 29.97830792796568034, 3.649426693210381600, 15.66829508931560078 ) ) ;
#4216 = DIRECTION ( 'NONE',  ( 0.01657441405230465278, 0.9998626349648350731, 3.469446951953613418E-18 ) ) ;
#4217 = CARTESIAN_POINT ( 'NONE',  ( 29.52980122993775325, 3.867589398765557629, 16.16409042384518102 ) ) ;
#4218 = ADVANCED_FACE ( 'NONE', ( #44 ), #3004, .T. ) ;
#4219 = ORIENTED_EDGE ( 'NONE', *, *, #6315, .T. ) ;
#4220 = CARTESIAN_POINT ( 'NONE',  ( 29.01867865259697865, -2.548863292400202152, -1.360626336088723409 ) ) ;
#4221 = DIRECTION ( 'NONE',  ( -0.01657441405230465972, -0.9998626349648349620, 0.000000000000000000 ) ) ;
#4222 = FACE_OUTER_BOUND ( 'NONE', #1176, .T. ) ;
#4223 = ORIENTED_EDGE ( 'NONE', *, *, #5888, .T. ) ;
#4224 = CARTESIAN_POINT ( 'NONE',  ( 29.37133342059312113, 6.658480332536035995, -20.00215235425126536 ) ) ;
#4225 = AXIS2_PLACEMENT_3D ( 'NONE', #3623, #1929, #714 ) ;
#4226 = CARTESIAN_POINT ( 'NONE',  ( 29.88677977435357747, 6.684080640645668758, 19.03439973098682358 ) ) ;
#4227 = CARTESIAN_POINT ( 'NONE',  ( 29.66135397217179204, 8.953988734422841489, 21.50556622439120602 ) ) ;
#4228 = CARTESIAN_POINT ( 'NONE',  ( 41.03893530837986248, -0.1725196525909055978, -0.7000000000000025091 ) ) ;
#4229 = AXIS2_PLACEMENT_3D ( 'NONE', #2182, #2829, #5046 ) ;
#4230 = LINE ( 'NONE', #6509, #3308 ) ;
#4231 = ORIENTED_EDGE ( 'NONE', *, *, #5340, .T. ) ;
#4232 = B_SPLINE_CURVE_WITH_KNOTS ( 'NONE', 3,
 ( #1460, #3005, #5268, #5131 ),
 .UNSPECIFIED., .F., .F.,
 ( 4, 4 ),
 ( 0.000000000000000000, 0.0001725263028966728530 ),
 .UNSPECIFIED. ) ;
#4233 = CARTESIAN_POINT ( 'NONE',  ( 29.32161017843620954, 3.658892427641530887, 15.66641791636911663 ) ) ;
#4234 = VECTOR ( 'NONE', #2931, 100.0000000000000000 ) ;
#4235 = ORIENTED_EDGE ( 'NONE', *, *, #5346, .T. ) ;
#4236 = B_SPLINE_CURVE_WITH_KNOTS ( 'NONE', 3,
 ( #1623, #505, #2281, #19 ),
 .UNSPECIFIED., .F., .F.,
 ( 4, 4 ),
 ( 0.000000000000000000, 0.0002065149350831517060 ),
 .UNSPECIFIED. ) ;
#4237 = CARTESIAN_POINT ( 'NONE',  ( 29.57123747194928853, 3.270756955781146225, 15.96966790772406597 ) ) ;
#4238 = DIRECTION ( 'NONE',  ( -0.01657441405230463891, -0.9998626349648349620, 0.000000000000000000 ) ) ;
#4239 = CARTESIAN_POINT ( 'NONE',  ( 40.26192807293897147, 0.07707105197498038962, -1.200000000000002620 ) ) ;
#4240 = ORIENTED_EDGE ( 'NONE', *, *, #4982, .T. ) ;
#4241 = ORIENTED_EDGE ( 'NONE', *, *, #4027, .T. ) ;
#4242 = DIRECTION ( 'NONE',  ( -2.220446049250313081E-16, 2.357666062882714910E-18, 1.000000000000000000 ) ) ;
#4243 = CARTESIAN_POINT ( 'NONE',  ( 29.95620097094971968, 8.666875511328065329, 21.25070095663117442 ) ) ;
#4244 = ORIENTED_EDGE ( 'NONE', *, *, #966, .F. ) ;
#4245 = VECTOR ( 'NONE', #4262, 100.0000000000000142 ) ;
#4246 = CARTESIAN_POINT ( 'NONE',  ( 29.73469744265685932, 8.888859993866432774, -22.25689348453450123 ) ) ;
#4247 = CARTESIAN_POINT ( 'NONE',  ( 49.17168172126547887, 6.524753604798572582, -0.8028456304953036637 ) ) ;
#4248 = ORIENTED_EDGE ( 'NONE', *, *, #2909, .T. ) ;
#4249 = FACE_OUTER_BOUND ( 'NONE', #2578, .T. ) ;
#4250 = CARTESIAN_POINT ( 'NONE',  ( 29.26525717065837640, 0.2593594687610915606, -0.5000000000000032196 ) ) ;
#4251 = CARTESIAN_POINT ( 'NONE',  ( 29.42105666275003273, 9.658068237430541103, -0.5000000000000032196 ) ) ;
#4252 = CARTESIAN_POINT ( 'NONE',  ( 29.56557546610387277, 0.5582871888508901259, -11.27077417638185430 ) ) ;
#4253 = ORIENTED_EDGE ( 'NONE', *, *, #4160, .F. ) ;
#4254 = EDGE_CURVE ( 'NONE', #5973, #6000, #2406, .T. ) ;
#4255 = EDGE_CURVE ( 'NONE', #3079, #2670, #6010, .T. ) ;
#4256 = ORIENTED_EDGE ( 'NONE', *, *, #2202, .F. ) ;
#4257 = CARTESIAN_POINT ( 'NONE',  ( 51.59863108044612545, 9.717405461309331471, -0.7053710881836587898 ) ) ;
#4258 = CARTESIAN_POINT ( 'NONE',  ( 30.10488221039329204, 9.305168725050915413, -22.24535599178303258 ) ) ;
#4259 = ADVANCED_FACE ( 'NONE', ( #2481 ), #6299, .F. ) ;
#4260 = CARTESIAN_POINT ( 'NONE',  ( 51.43443968877217287, 10.28307717325414039, -0.2999999999999964362 ) ) ;
#4261 = VERTEX_POINT ( 'NONE', #5446 ) ;
#4262 = DIRECTION ( 'NONE',  ( -0.9998626349648348510, 0.01657441405230466319, -3.341506680459168366E-16 ) ) ;
#4263 = CARTESIAN_POINT ( 'NONE',  ( 30.82194391006612832, -2.366802444631167290, -1.000000000000007105 ) ) ;
#4264 = CARTESIAN_POINT ( 'NONE',  ( 29.75347520572939075, 8.807498058849439815, 20.85757701295695199 ) ) ;
#4265 = CARTESIAN_POINT ( 'NONE',  ( 45.33456488868646517, 2.493326978128878935, -0.7000000000000003997 ) ) ;
#4266 = CARTESIAN_POINT ( 'NONE',  ( 29.46109986238636935, 0.006909506002091697630, 11.27921898938789802 ) ) ;
#4267 = ORIENTED_EDGE ( 'NONE', *, *, #3860, .T. ) ;
#4268 = CARTESIAN_POINT ( 'NONE',  ( 29.82954176466262197, -2.841692990704773436, -1.000000000000007327 ) ) ;
#4269 = DIRECTION ( 'NONE',  ( 0.01657441405230484707, 0.9998626349648348510, 2.550043509685906922E-16 ) ) ;
#4270 = VERTEX_POINT ( 'NONE', #1932 ) ;
#4271 = CARTESIAN_POINT ( 'NONE',  ( 41.05550690469880237, 0.8271730007075100977, -0.7000000000000022871 ) ) ;
#4272 = AXIS2_PLACEMENT_3D ( 'NONE', #3950, #6259, #981 ) ;
#4273 = CARTESIAN_POINT ( 'NONE',  ( 29.86755956889641794, 0.2409931094288450815, -11.78769344265833041 ) ) ;
#4274 = CARTESIAN_POINT ( 'NONE',  ( 29.45289206297297468, -0.4882314940259307456, 3.155808947497007545E-15 ) ) ;
#4275 = ORIENTED_EDGE ( 'NONE', *, *, #7275, .F. ) ;
#4276 = ORIENTED_EDGE ( 'NONE', *, *, #6767, .T. ) ;
#4277 = DIRECTION ( 'NONE',  ( -0.9998626349648349620, 0.01657441405230580117, -1.665334536937735304E-16 ) ) ;
#4278 = CIRCLE ( 'NONE', #2388, 1.292999993180115270 ) ;
#4279 = FACE_OUTER_BOUND ( 'NONE', #4316, .T. ) ;
#4280 = ORIENTED_EDGE ( 'NONE', *, *, #6986, .F. ) ;
#4281 = CARTESIAN_POINT ( 'NONE',  ( 30.09770010069570745, 9.192014031059171586, -22.24688247531343421 ) ) ;
#4282 = CARTESIAN_POINT ( 'NONE',  ( 49.17094247314314259, 6.499614840215785172, -0.8235483049792475807 ) ) ;
#4283 = ORIENTED_EDGE ( 'NONE', *, *, #2323, .F. ) ;
#4284 = CIRCLE ( 'NONE', #4172, 0.5000000000000004441 ) ;
#4285 = CARTESIAN_POINT ( 'NONE',  ( 49.16312600763259155, 5.930342946743506261, -0.2999999999999982125 ) ) ;
#4286 = CARTESIAN_POINT ( 'NONE',  ( 45.04147004698952372, 3.240743799874182152, -0.7040854743364289847 ) ) ;
#4287 = CARTESIAN_POINT ( 'NONE',  ( 46.11343848349901009, 3.137502671515306929, -0.2761811726988582794 ) ) ;
#4288 = CARTESIAN_POINT ( 'NONE',  ( 39.74045872950771496, 0.08571528820440700580, 0.1999999999999970968 ) ) ;
#4289 = ORIENTED_EDGE ( 'NONE', *, *, #6802, .F. ) ;
#4290 = VECTOR ( 'NONE', #5669, 100.0000000000000142 ) ;
#4291 = VERTEX_POINT ( 'NONE', #4182 ) ;
#4292 = DIRECTION ( 'NONE',  ( -1.000000000000000000, 0.000000000000000000, 0.000000000000000000 ) ) ;
#4293 = CARTESIAN_POINT ( 'NONE',  ( 45.51805693453437129, 2.639906245631477244, -0.7213819157681186089 ) ) ;
#4294 = VECTOR ( 'NONE', #1617, 100.0000000000000142 ) ;
#4295 = CYLINDRICAL_SURFACE ( 'NONE', #6912, 19.80215235425126963 ) ;
#4296 = VERTEX_POINT ( 'NONE', #5331 ) ;
#4297 = ADVANCED_FACE ( 'NONE', ( #6459 ), #346, .F. ) ;
#4298 = CARTESIAN_POINT ( 'NONE',  ( 40.37842186919233711, 0.5229987019480950572, -0.9855637807675881046 ) ) ;
#4299 = CARTESIAN_POINT ( 'NONE',  ( 50.38433179957346653, 8.756201862550073045, -0.7141183660428642721 ) ) ;
#4300 = LINE ( 'NONE', #3749, #7272 ) ;
#4301 = CARTESIAN_POINT ( 'NONE',  ( 30.07952447209468261, 7.146809560181840659, 3.252336556894853104E-15 ) ) ;
#4302 = CARTESIAN_POINT ( 'NONE',  ( 40.55045158031593644, 0.4732239127485872721, -1.170338983050845050 ) ) ;
#4303 = EDGE_CURVE ( 'NONE', #4095, #2693, #5894, .T. ) ;
#4304 = ORIENTED_EDGE ( 'NONE', *, *, #6675, .F. ) ;
#4305 = DIRECTION ( 'NONE',  ( 0.01657441405230463891, 0.9998626349648348510, 0.000000000000000000 ) ) ;
#4306 = CARTESIAN_POINT ( 'NONE',  ( 29.87447140952121316, -2.423407437641055040, 0.3000000000000000444 ) ) ;
#4307 = EDGE_CURVE ( 'NONE', #6349, #1306, #3186, .T. ) ;
#4308 = VERTEX_POINT ( 'NONE', #5971 ) ;
#4309 = DIRECTION ( 'NONE',  ( 0.01657441405230579770, 0.9998626349648348510, 1.734723475976998532E-18 ) ) ;
#4310 = CARTESIAN_POINT ( 'NONE',  ( 30.73836270336547827, -1.375498958251630821, -0.2000000000000000111 ) ) ;
#4311 = CARTESIAN_POINT ( 'NONE',  ( 45.91520258102074337, 2.968114484062512659, -0.8414783515954071813 ) ) ;
#4312 = ORIENTED_EDGE ( 'NONE', *, *, #2575, .F. ) ;
#4313 = ORIENTED_EDGE ( 'NONE', *, *, #1779, .T. ) ;
#4314 = DIRECTION ( 'NONE',  ( 0.01657441405230608913, 0.9998626349648349620, 0.000000000000000000 ) ) ;
#4315 = CARTESIAN_POINT ( 'NONE',  ( 29.57189324557678489, 6.690594594587635946, -20.79008107972050112 ) ) ;
#4316 = EDGE_LOOP ( 'NONE', ( #4462, #3762, #3181, #563, #4461, #3068, #5520, #1285, #1678, #2958, #3015, #6106, #969, #6925, #3061, #1307, #3576, #5148, #5875, #5686 ) ) ;
#4317 = CARTESIAN_POINT ( 'NONE',  ( 29.60613007805111963, 8.755954457365051624, -22.38361304309862376 ) ) ;
#4318 = CARTESIAN_POINT ( 'NONE',  ( 36.28800998878274697, -2.253622014754586900, -0.3000000000000047073 ) ) ;
#4319 = VERTEX_POINT ( 'NONE', #4876 ) ;
#4320 = LINE ( 'NONE', #6602, #757 ) ;
#4321 = CARTESIAN_POINT ( 'NONE',  ( 29.53833485325345620, 4.040221886366214044, 16.16252821541438678 ) ) ;
#4322 = CARTESIAN_POINT ( 'NONE',  ( 49.27744577572955365, 6.422702974178948310, -0.7075071059927060535 ) ) ;
#4323 = CARTESIAN_POINT ( 'NONE',  ( 29.42213622111535187, -2.343598264957961863, -2.500000000000004441 ) ) ;
#4324 = B_SPLINE_CURVE_WITH_KNOTS ( 'NONE', 3,
 ( #6622, #5502, #1624, #5537, #1548, #506, #4306, #5463, #2101, #2646, #4343, #2717 ),
 .UNSPECIFIED., .F., .F.,
 ( 4, 2, 2, 2, 2, 4 ),
 ( 6.059128614320847718E-17, 0.002224602696949780009, 0.004449205393899499303, 0.005561506742374435278, 0.006673808090849370385, 0.008898410787799080138 ),
 .UNSPECIFIED. ) ;
#4325 = EDGE_LOOP ( 'NONE', ( #5247, #4900, #6524, #3368, #3746, #4777 ) ) ;
#4326 = EDGE_LOOP ( 'NONE', ( #290, #2424, #2535, #4863, #150, #6225, #1451, #2778, #5280, #7033 ) ) ;
#4327 = B_SPLINE_CURVE_WITH_KNOTS ( 'NONE', 3,
 ( #1154, #3396, #6776, #522, #6185, #2799, #1223, #1120 ),
 .UNSPECIFIED., .F., .F.,
 ( 4, 2, 2, 4 ),
 ( 6.333077233861628510E-17, 0.001519005774562504768, 0.002278508661843725927, 0.003038011549124947520 ),
 .UNSPECIFIED. ) ;
#4328 = CARTESIAN_POINT ( 'NONE',  ( 30.00089492680556091, 3.648057929001831567, -16.95239721201884464 ) ) ;
#4329 = CARTESIAN_POINT ( 'NONE',  ( 45.77165091544222264, 2.847797955687279892, -0.8539329240500140861 ) ) ;
#4330 = CARTESIAN_POINT ( 'NONE',  ( 51.50995286343324864, 9.573823056998334025, -0.2761768091072481779 ) ) ;
#4331 = ORIENTED_EDGE ( 'NONE', *, *, #1647, .T. ) ;
#4332 = CARTESIAN_POINT ( 'NONE',  ( 29.94524577068506233, 0.2478019209879969986, 10.77952026298100208 ) ) ;
#4333 = LINE ( 'NONE', #3786, #5951 ) ;
#4334 = EDGE_CURVE ( 'NONE', #3905, #5800, #7339, .T. ) ;
#4335 = CARTESIAN_POINT ( 'NONE',  ( 30.03722196870026195, 3.246974998476841012, -16.65027219720726492 ) ) ;
#4336 = EDGE_CURVE ( 'NONE', #3477, #973, #3661, .T. ) ;
#4337 = EDGE_CURVE ( 'NONE', #1216, #1473, #7080, .T. ) ;
#4338 = AXIS2_PLACEMENT_3D ( 'NONE', #6735, #7220, #3388 ) ;
#4339 = CARTESIAN_POINT ( 'NONE',  ( 29.41958663025996401, -2.497404041904988325, -1.409622035192002576 ) ) ;
#4340 = CARTESIAN_POINT ( 'NONE',  ( 29.46112474779782886, 0.008410735125539839721, -12.28239686360279670 ) ) ;
#4341 = EDGE_LOOP ( 'NONE', ( #510, #6035, #741, #5905, #190, #1610 ) ) ;
#4342 = CARTESIAN_POINT ( 'NONE',  ( 29.61478324912965121, 9.277962801432877882, 21.74663514059545122 ) ) ;
#4343 = CARTESIAN_POINT ( 'NONE',  ( 30.16252427858189833, -2.355871449088142278, 0.3000000000000000444 ) ) ;
#4344 = AXIS2_PLACEMENT_3D ( 'NONE', #1045, #488, #2660 ) ;
#4345 = ORIENTED_EDGE ( 'NONE', *, *, #5062, .F. ) ;
#4346 = EDGE_CURVE ( 'NONE', #4308, #2256, #5958, .T. ) ;
#4347 = LINE ( 'NONE', #1551, #7197 ) ;
#4348 = B_SPLINE_CURVE_WITH_KNOTS ( 'NONE', 3,
 ( #5834, #4553, #651, #2308, #6910, #3494, #1209, #2900, #2378, #6280, #762, #167, #1324, #4079, #5763, #6945, #3007, #5226 ),
 .UNSPECIFIED., .F., .F.,
 ( 4, 2, 2, 2, 2, 2, 2, 2, 4 ),
 ( 0.000000000000000000, 0.001034287698354159060, 0.002068575396708318120, 0.003102863095062476963, 0.004137150793416636239, 0.005171438491770795516, 0.006205726190124953925, 0.007240013888479113202, 0.008274301586833272479 ),
 .UNSPECIFIED. ) ;
#4349 = CARTESIAN_POINT ( 'NONE',  ( 29.46160554235650153, -0.006863610010257531827, -12.24747188420205113 ) ) ;
#4350 = ADVANCED_FACE ( 'NONE', ( #492, #1012 ), #2700, .F. ) ;
#4351 = CARTESIAN_POINT ( 'NONE',  ( 30.06460749944761091, 6.246933188713487795, -20.30114233727386264 ) ) ;
#4352 = ORIENTED_EDGE ( 'NONE', *, *, #6209, .T. ) ;
#4353 = ORIENTED_EDGE ( 'NONE', *, *, #4698, .T. ) ;
#4354 = AXIS2_PLACEMENT_3D ( 'NONE', #5053, #2731, #4570 ) ;
#4355 = DIRECTION ( 'NONE',  ( -1.665393298452077782E-16, 1.025709229455379180E-18, 1.000000000000000000 ) ) ;
#4356 = CARTESIAN_POINT ( 'NONE',  ( 29.52986991245529680, 4.155508862310840712, 16.30592310456528793 ) ) ;
#4357 = ORIENTED_EDGE ( 'NONE', *, *, #879, .F. ) ;
#4358 = CARTESIAN_POINT ( 'NONE',  ( 49.16855731101320970, 6.433099945520702079, -0.1054409075533691148 ) ) ;
#4359 = CARTESIAN_POINT ( 'NONE',  ( 29.52986991245534654, 4.155508862313488372, 3.171922371743062367E-15 ) ) ;
#4360 = ORIENTED_EDGE ( 'NONE', *, *, #1186, .T. ) ;
#4361 = CARTESIAN_POINT ( 'NONE',  ( 29.51495293980818602, 3.255632490840013826, 16.35602955787442525 ) ) ;
#4362 = CARTESIAN_POINT ( 'NONE',  ( 29.51628296686845232, 3.335867264561419798, 16.45197147569837881 ) ) ;
#4363 = CARTESIAN_POINT ( 'NONE',  ( 29.84232089101801577, -2.514344249847622947, -1.000000000000006883 ) ) ;
#4364 = PLANE ( 'NONE',  #3095 ) ;
#4365 = CIRCLE ( 'NONE', #2358, 0.4999999999999985567 ) ;
#4366 = ORIENTED_EDGE ( 'NONE', *, *, #1874, .T. ) ;
#4367 = CARTESIAN_POINT ( 'NONE',  ( 39.90619924491100790, 0.3267662602876802436, -0.2742892121323318166 ) ) ;
#4368 = CARTESIAN_POINT ( 'NONE',  ( 29.51528459274236482, 3.275639676349910268, 15.15077155702975986 ) ) ;
#4369 = CARTESIAN_POINT ( 'NONE',  ( 51.20653660185926270, 9.094975842867656368, -0.008505639379460033442 ) ) ;
#4370 = ORIENTED_EDGE ( 'NONE', *, *, #1909, .F. ) ;
#4371 = CIRCLE ( 'NONE', #1781, 0.1750000000000029310 ) ;
#4372 = FACE_OUTER_BOUND ( 'NONE', #2990, .T. ) ;
#4373 = CARTESIAN_POINT ( 'NONE',  ( 41.05550690469880237, 0.8271730007075100977, -0.7000000000000022871 ) ) ;
#4374 = CARTESIAN_POINT ( 'NONE',  ( 40.23927785135777668, 0.07744651770170646321, 0.2333333333333364457 ) ) ;
#4375 = CARTESIAN_POINT ( 'NONE',  ( 40.64648524886009540, 0.5661256573099457956, -0.8628521630002081721 ) ) ;
#4376 = CARTESIAN_POINT ( 'NONE',  ( 29.61118902980984657, 3.486249617371655507, -16.44209230593316562 ) ) ;
#4377 = CARTESIAN_POINT ( 'NONE',  ( 31.03832149385491945, -2.370389269000775290, 0.2999999999999999889 ) ) ;
#4378 = ORIENTED_EDGE ( 'NONE', *, *, #4974, .F. ) ;
#4379 = LINE ( 'NONE', #7292, #877 ) ;
#4380 = CARTESIAN_POINT ( 'NONE',  ( 29.68608220240750484, 9.653674990923356347, -22.50000000000000000 ) ) ;
#4381 = ORIENTED_EDGE ( 'NONE', *, *, #3487, .F. ) ;
#4382 = EDGE_CURVE ( 'NONE', #3524, #2427, #2772, .T. ) ;
#4383 = DIRECTION ( 'NONE',  ( 0.9998626349648348510, -0.01657441405230524606, 0.000000000000000000 ) ) ;
#4384 = CARTESIAN_POINT ( 'NONE',  ( 40.54581001587590805, 0.06951077564462049274, -1.135836273449319256 ) ) ;
#4385 = CARTESIAN_POINT ( 'NONE',  ( 29.60113989288019098, 8.454918192658066545, -22.16756122134490425 ) ) ;
#4386 = ORIENTED_EDGE ( 'NONE', *, *, #2407, .F. ) ;
#4387 = VERTEX_POINT ( 'NONE', #5481 ) ;
#4388 = EDGE_CURVE ( 'NONE', #2599, #3473, #7019, .T. ) ;
#4389 = CARTESIAN_POINT ( 'NONE',  ( 30.05632029242145009, 5.747001871231070425, 4.998970796861377959E-15 ) ) ;
#4390 = ADVANCED_FACE ( 'NONE', ( #6087 ), #6190, .F. ) ;
#4391 = CARTESIAN_POINT ( 'NONE',  ( 28.59850047294034070, -2.821286399468161399, -1.000000000000007105 ) ) ;
#4392 = ORIENTED_EDGE ( 'NONE', *, *, #4307, .F. ) ;
#4393 = EDGE_CURVE ( 'NONE', #5317, #6732, #882, .T. ) ;
#4394 = AXIS2_PLACEMENT_3D ( 'NONE', #938, #3191, #900 ) ;
#4395 = CARTESIAN_POINT ( 'NONE',  ( 29.86233939072301524, 8.542730395160170076, -22.25280673719644753 ) ) ;
#4396 = DIRECTION ( 'NONE',  ( 0.01657441405230466666, 0.9998626349648348510, 1.734723475976806902E-18 ) ) ;
#4397 = ORIENTED_EDGE ( 'NONE', *, *, #5661, .F. ) ;
#4398 = CARTESIAN_POINT ( 'NONE',  ( 40.48634198056219446, 0.07335101194750817677, -1.200000000000002620 ) ) ;
#4399 = DIRECTION ( 'NONE',  ( -1.000000000000000000, 0.000000000000000000, 0.000000000000000000 ) ) ;
#4400 = EDGE_CURVE ( 'NONE', #1143, #3172, #976, .T. ) ;
#4401 = DIRECTION ( 'NONE',  ( 0.01657441405230466666, 0.9998626349648349620, 1.734723475976807094E-18 ) ) ;
#4402 = CARTESIAN_POINT ( 'NONE',  ( 29.64619802868336151, 0.5933768968077768324, -11.35842590799979668 ) ) ;
#4403 = EDGE_CURVE ( 'NONE', #449, #5800, #4915, .T. ) ;
#4404 = VERTEX_POINT ( 'NONE', #529 ) ;
#4405 = CARTESIAN_POINT ( 'NONE',  ( 40.14872895616260706, 0.4259625031563214481, -0.09853633092601359056 ) ) ;
#4406 = CARTESIAN_POINT ( 'NONE',  ( 41.03935267508563811, 0.06418392448371573744, -0.1615237027081014298 ) ) ;
#4407 = EDGE_LOOP ( 'NONE', ( #1761, #1941, #6806, #2858, #2370 ) ) ;
#4408 = VECTOR ( 'NONE', #3474, 100.0000000000000142 ) ;
#4409 = CARTESIAN_POINT ( 'NONE',  ( 39.74338221018398798, 0.2620762191558750343, -0.7000000000000028422 ) ) ;
#4410 = DIRECTION ( 'NONE',  ( -0.9998626349648348510, 0.01657441405230465972, 0.000000000000000000 ) ) ;
#4412 = CARTESIAN_POINT ( 'NONE',  ( 29.80536256539098616, 9.324425887578524197, -22.25614879436781379 ) ) ;
#4411 = VECTOR ( 'NONE', #7310, 100.0000000000000142 ) ;
#4413 = VECTOR ( 'NONE', #5308, 100.0000000000000000 ) ;
#4414 = CIRCLE ( 'NONE', #1588, 0.1750000000000029310 ) ;
#4415 = CARTESIAN_POINT ( 'NONE',  ( 29.82176622509562591, 3.692142252293075799, -16.72116383417689889 ) ) ;
#4416 = VECTOR ( 'NONE', #6238, 100.0000000000000000 ) ;
#4417 = CARTESIAN_POINT ( 'NONE',  ( 29.42147801196127688, -2.383305173274229638, -1.577712426404044965 ) ) ;
#4418 = CARTESIAN_POINT ( 'NONE',  ( 50.81169678944436896, 9.355581685214604093, -0.02288637087212043800 ) ) ;
#4419 = ORIENTED_EDGE ( 'NONE', *, *, #2948, .T. ) ;
#4420 = CARTESIAN_POINT ( 'NONE',  ( 40.99722724009461672, -0.1921366347010451947, -0.6999999999973914866 ) ) ;
#4421 = CARTESIAN_POINT ( 'NONE',  ( 29.45694249062519887, -0.2438867315317865825, 9.976640682965166818 ) ) ;
#4422 = ORIENTED_EDGE ( 'NONE', *, *, #4028, .T. ) ;
#4423 = CARTESIAN_POINT ( 'NONE',  ( 28.60299647623811836, -2.416780879909434354, 0.3000000000000000444 ) ) ;
#4424 = CYLINDRICAL_SURFACE ( 'NONE', #7084, 0.2000000000000027589 ) ;
#4425 = CARTESIAN_POINT ( 'NONE',  ( 28.56745928467328000, -2.401741501370347365, -1.300000000000007372 ) ) ;
#4426 = ORIENTED_EDGE ( 'NONE', *, *, #6842, .T. ) ;
#4427 = ORIENTED_EDGE ( 'NONE', *, *, #2577, .F. ) ;
#4428 = AXIS2_PLACEMENT_3D ( 'NONE', #6679, #1125, #1048 ) ;
#4429 = CARTESIAN_POINT ( 'NONE',  ( 51.59863108044612545, 9.717405461309331471, -0.7053710881836587898 ) ) ;
#4430 = CARTESIAN_POINT ( 'NONE',  ( 30.24254596671848816, -2.381225137468668596, -1.000000000000006883 ) ) ;
#4431 = ORIENTED_EDGE ( 'NONE', *, *, #879, .T. ) ;
#4432 = CARTESIAN_POINT ( 'NONE',  ( 29.13856764454672543, 0.6612566285563858948, 10.49939398950457203 ) ) ;
#4433 = ADVANCED_FACE ( 'NONE', ( #2160 ), #2120, .F. ) ;
#4434 = CARTESIAN_POINT ( 'NONE',  ( 31.22188896405206293, -2.373432210252088836, 0.2999999999999989897 ) ) ;
#4435 = EDGE_CURVE ( 'NONE', #5267, #3678, #4439, .T. ) ;
#4436 = VERTEX_POINT ( 'NONE', #1639 ) ;
#4437 = CARTESIAN_POINT ( 'NONE',  ( 29.77855282727698238, 8.829063262577898641, -21.87481388987767161 ) ) ;
#4438 = CARTESIAN_POINT ( 'NONE',  ( 45.33456488868646517, 2.493326978128878491, -0.3000000000000004330 ) ) ;
#4439 = LINE ( 'NONE', #3224, #6432 ) ;
#4440 = EDGE_LOOP ( 'NONE', ( #1389, #5049, #4244, #3532 ) ) ;
#4441 = CARTESIAN_POINT ( 'NONE',  ( 29.60301689456384366, 8.568149577075253376, -22.24942100439585957 ) ) ;
#4442 = EDGE_CURVE ( 'NONE', #3615, #1216, #7247, .T. ) ;
#4443 = CARTESIAN_POINT ( 'NONE',  ( 40.81279686167543730, -0.2773238743125049921, -0.3000000000004395262 ) ) ;
#4444 = ORIENTED_EDGE ( 'NONE', *, *, #5113, .T. ) ;
#4445 = ADVANCED_FACE ( 'NONE', ( #6643 ), #1567, .F. ) ;
#4446 = CARTESIAN_POINT ( 'NONE',  ( 31.23829402084788498, -1.383786165277783198, -0.7000000000000061728 ) ) ;
#4447 = DIRECTION ( 'NONE',  ( 0.9998626349648349620, -0.01657441405230455217, 0.000000000000000000 ) ) ;
#4448 = CARTESIAN_POINT ( 'NONE',  ( 29.43109815211983360, -9.344708511468324375, -0.1750000000000036249 ) ) ;
#4449 =( BOUNDED_CURVE ( )  B_SPLINE_CURVE ( 3, ( #2369, #1234, #5751, #5099 ),
 .UNSPECIFIED., .F., .F. ) 
 B_SPLINE_CURVE_WITH_KNOTS ( ( 4, 4 ),
 ( -8.881784197001252323E-16, 1.570796326794895892 ),
 .UNSPECIFIED. ) 
 CURVE ( )  GEOMETRIC_REPRESENTATION_ITEM ( )  RATIONAL_B_SPLINE_CURVE ( ( 1.000000000000000000, 0.8047378541243649375, 0.8047378541243649375, 1.000000000000000000 ) ) 
 REPRESENTATION_ITEM ( '' )  );
#4450 = CARTESIAN_POINT ( 'NONE',  ( 29.57952447209468261, 6.865639597738123712, -20.50066253301466190 ) ) ;
#4451 = ORIENTED_EDGE ( 'NONE', *, *, #2456, .T. ) ;
#4452 = CARTESIAN_POINT ( 'NONE',  ( 29.42197673863128315, -2.353219152686468973, -1.675253113452186415 ) ) ;
#4453 = CARTESIAN_POINT ( 'NONE',  ( 29.22108413575708497, 9.661383120240994771, 21.49999999999999645 ) ) ;
#4454 = LINE ( 'NONE', #4001, #2080 ) ;
#4455 = FACE_OUTER_BOUND ( 'NONE', #1603, .T. ) ;
#4456 = CARTESIAN_POINT ( 'NONE',  ( 29.96516101513376640, 0.2477573789244779945, 10.47664068296516682 ) ) ;
#4457 = EDGE_LOOP ( 'NONE', ( #6887, #1554, #6281, #1101 ) ) ;
#4458 = AXIS2_PLACEMENT_3D ( 'NONE', #390, #1018, #6056 ) ;
#4459 = FACE_OUTER_BOUND ( 'NONE', #5288, .T. ) ;
#4460 = CARTESIAN_POINT ( 'NONE',  ( 29.32161017843620954, 3.658892427641530887, 15.66641791636911663 ) ) ;
#4461 = ORIENTED_EDGE ( 'NONE', *, *, #1286, .T. ) ;
#4462 = ORIENTED_EDGE ( 'NONE', *, *, #1733, .T. ) ;
#4463 = CARTESIAN_POINT ( 'NONE',  ( 31.03832149385491945, -2.370389269000775290, 0.000000000000000000 ) ) ;
#4464 = CIRCLE ( 'NONE', #5050, 0.1750000000000029310 ) ;
#4465 = CARTESIAN_POINT ( 'NONE',  ( 30.08416342480213501, -2.449766821330972011, -1.000000000000006883 ) ) ;
#4466 = CARTESIAN_POINT ( 'NONE',  ( 29.02219116712941371, -2.336968499337087390, 1.499999999999996225 ) ) ;
#4467 = VECTOR ( 'NONE', #5459, 100.0000000000000142 ) ;
#4468 = DIRECTION ( 'NONE',  ( -5.390264181402415068E-18, 8.935274433673846651E-20, -1.000000000000000000 ) ) ;
#4469 = EDGE_LOOP ( 'NONE', ( #2070, #5015, #558, #2511, #3799, #5695 ) ) ;
#4470 = CARTESIAN_POINT ( 'NONE',  ( 29.45289206297297468, -0.4882314940259307456, 3.155808947497007545E-15 ) ) ;
#4471 = CARTESIAN_POINT ( 'NONE',  ( 29.51628296686845232, 3.335867264561295897, -17.45197147569837526 ) ) ;
#4472 = CARTESIAN_POINT ( 'NONE',  ( 51.03452530810989884, 9.679685426661679415, -0.7107865582266363891 ) ) ;
#4473 = AXIS2_PLACEMENT_3D ( 'NONE', #6760, #7321, #2340 ) ;
#4474 = ORIENTED_EDGE ( 'NONE', *, *, #2045, .F. ) ;
#4475 = CARTESIAN_POINT ( 'NONE',  ( 30.07095104614156966, 8.947198970248058103, -22.40677275259367462 ) ) ;
#4476 = CYLINDRICAL_SURFACE ( 'NONE', #222, 0.5000000000000004441 ) ;
#4477 = ADVANCED_FACE ( 'NONE', ( #6747 ), #5518, .F. ) ;
#4478 = ORIENTED_EDGE ( 'NONE', *, *, #2946, .F. ) ;
#4479 = CARTESIAN_POINT ( 'NONE',  ( 51.93437100625460090, 10.27478996622798668, -1.192486366956261534 ) ) ;
#4480 = CIRCLE ( 'NONE', #2827, 0.1750000000000029310 ) ;
#4481 = CARTESIAN_POINT ( 'NONE',  ( 30.11471456661207213, 9.269675594406393770, -22.74663514059542635 ) ) ;
#4482 = EDGE_CURVE ( 'NONE', #6521, #381, #2719, .T. ) ;
#4483 = CARTESIAN_POINT ( 'NONE',  ( 44.97023186668066330, 3.399490059617286786, -1.200000000000000400 ) ) ;
#4484 = EDGE_CURVE ( 'NONE', #3320, #57, #631, .T. ) ;
#4485 = CARTESIAN_POINT ( 'NONE',  ( 40.48634198056219446, 0.07335101194750814901, 0.1999999999999972633 ) ) ;
#4486 = EDGE_CURVE ( 'NONE', #1210, #3423, #2810, .T. ) ;
#4487 = AXIS2_PLACEMENT_3D ( 'NONE', #6446, #5849, #1886 ) ;
#4488 = CARTESIAN_POINT ( 'NONE',  ( 29.51601843178072571, 3.319909008117866822, -16.21248033823524892 ) ) ;
#4489 = CYLINDRICAL_SURFACE ( 'NONE', #3377, 0.4999999999999999445 ) ;
#4490 = CARTESIAN_POINT ( 'NONE',  ( 40.60339676773990192, 0.07141063089750780690, -1.200000000019092683 ) ) ;
#4491 = CARTESIAN_POINT ( 'NONE',  ( 31.19516352442872176, -3.985662265447985408, -1.300000000000007816 ) ) ;
#4492 = ORIENTED_EDGE ( 'NONE', *, *, #5664, .T. ) ;
#4493 = CARTESIAN_POINT ( 'NONE',  ( 29.02219116712941371, -2.336968499337075400, 3.089195566019497995E-15 ) ) ;
#4494 = DIRECTION ( 'NONE',  ( -1.665393298452077782E-16, 1.025709229455375713E-18, 1.000000000000000000 ) ) ;
#4495 = ORIENTED_EDGE ( 'NONE', *, *, #422, .T. ) ;
#4496 = VERTEX_POINT ( 'NONE', #3550 ) ;
#4497 = DIRECTION ( 'NONE',  ( -0.01657441405230579770, -0.9998626349648348510, 0.000000000000000000 ) ) ;
#4498 = LINE ( 'NONE', #5657, #5966 ) ;
#4499 = B_SPLINE_CURVE_WITH_KNOTS ( 'NONE', 3,
 ( #4153, #2346, #1872, #726, #5228, #2902, #131, #5726, #6872, #654, #1363, #2380, #5189, #5149, #1796, #1251, #6429, #3497 ),
 .UNSPECIFIED., .F., .F.,
 ( 4, 2, 2, 2, 2, 2, 2, 2, 4 ),
 ( -0.005126606613573314250, -0.004493071938368928958, -0.003859537263164544534, -0.003226002587960159242, -0.002592467912755774817, -0.001325398562347130434, -5.832921193848518426E-05, 0.002475809488878803581, 0.005009948189696094081 ),
 .UNSPECIFIED. ) ;
#4500 = CARTESIAN_POINT ( 'NONE',  ( 49.16068356375984649, 6.333673814633193899, 0.1343605927146064027 ) ) ;
#4501 = CARTESIAN_POINT ( 'NONE',  ( 29.45694249062520242, -0.2438867315317866935, -10.97664068296517392 ) ) ;
#4502 = CARTESIAN_POINT ( 'NONE',  ( 51.23945012987321235, 9.146066115003907981, -0.06912792898340280878 ) ) ;
#4503 = ORIENTED_EDGE ( 'NONE', *, *, #7176, .F. ) ;
#4504 = DIRECTION ( 'NONE',  ( -0.9998626349648348510, 0.01657441405230464584, -3.341506680459168366E-16 ) ) ;
#4505 = CARTESIAN_POINT ( 'NONE',  ( 40.23927785135777668, 0.07744651770170642158, -1.233333333333342496 ) ) ;
#4506 = ORIENTED_EDGE ( 'NONE', *, *, #4744, .T. ) ;
#4507 = B_SPLINE_CURVE_WITH_KNOTS ( 'NONE', 3,
 ( #6460, #3522, #5182, #4183, #2447, #4772 ),
 .UNSPECIFIED., .F., .F.,
 ( 4, 2, 4 ),
 ( 0.000000000000000000, 0.001803255833784458712, 0.003606511667568917424 ),
 .UNSPECIFIED. ) ;
#4508 = ORIENTED_EDGE ( 'NONE', *, *, #1073, .T. ) ;
#4509 = DIRECTION ( 'NONE',  ( 0.000000000000000000, 0.000000000000000000, -1.000000000000000000 ) ) ;
#4510 = DIRECTION ( 'NONE',  ( 0.01657441405230463891, 0.9998626349648349620, -0.000000000000000000 ) ) ;
#4511 = ORIENTED_EDGE ( 'NONE', *, *, #6543, .T. ) ;
#4512 = CYLINDRICAL_SURFACE ( 'NONE', #2402, 10.99999999999813660 ) ;
#4513 = CARTESIAN_POINT ( 'NONE',  ( 27.68661175479890701, -1.824979717385858624, -1.300000000000006262 ) ) ;
#4514 = CARTESIAN_POINT ( 'NONE',  ( 29.26525717065837640, 0.2593594687610915606, -0.5000000000000032196 ) ) ;
#4515 = CARTESIAN_POINT ( 'NONE',  ( 28.59753272601693297, -2.657490216978323438, 6.846696022789178986E-16 ) ) ;
#4516 = EDGE_CURVE ( 'NONE', #4676, #5433, #1160, .T. ) ;
#4517 = CARTESIAN_POINT ( 'NONE',  ( 29.94524577068506233, 0.2478019209879973317, -11.77952026298100741 ) ) ;
#4518 = AXIS2_PLACEMENT_3D ( 'NONE', #2736, #6051, #3919 ) ;
#4519 = CARTESIAN_POINT ( 'NONE',  ( 50.79739654116417569, 9.335056755850583698, 0.02488460824528612031 ) ) ;
#4520 = VERTEX_POINT ( 'NONE', #6264 ) ;
#4521 = VECTOR ( 'NONE', #545, 100.0000000000000142 ) ;
#4522 = CARTESIAN_POINT ( 'NONE',  ( 30.09961078566585968, 9.307277383580212060, -22.24688247531408791 ) ) ;
#4523 = CIRCLE ( 'NONE', #3820, 10.99999999999813660 ) ;
#4524 = ORIENTED_EDGE ( 'NONE', *, *, #7064, .T. ) ;
#4525 = AXIS2_PLACEMENT_3D ( 'NONE', #4589, #5108, #50 ) ;
#4526 = DIRECTION ( 'NONE',  ( 0.01657441405230464238, 0.9998626349648350731, 0.000000000000000000 ) ) ;
#4527 = EDGE_CURVE ( 'NONE', #2269, #5178, #2989, .T. ) ;
#4528 = CARTESIAN_POINT ( 'NONE',  ( 29.01680430430896251, -2.661934608959336757, -1.300000000000003597 ) ) ;
#4529 = ORIENTED_EDGE ( 'NONE', *, *, #2774, .T. ) ;
#4530 = ORIENTED_EDGE ( 'NONE', *, *, #5347, .F. ) ;
#4531 = EDGE_CURVE ( 'NONE', #4204, #2861, #77, .T. ) ;
#4532 = CARTESIAN_POINT ( 'NONE',  ( 45.04123731373856288, 3.240568831782909776, -0.2959175524875965468 ) ) ;
#4533 = DIRECTION ( 'NONE',  ( 0.01657441405230466666, 0.9998626349648348510, 1.734723475976806902E-18 ) ) ;
#4534 = CARTESIAN_POINT ( 'NONE',  ( 50.38362582267946976, 8.755236362619962520, -0.2860558563460789405 ) ) ;
#4535 = FACE_OUTER_BOUND ( 'NONE', #4709, .T. ) ;
#4536 = CARTESIAN_POINT ( 'NONE',  ( 48.85674956211384057, 6.835545300157844117, -0.6999999999999980682 ) ) ;
#4537 = DIRECTION ( 'NONE',  ( -0.000000000000000000, -0.000000000000000000, -1.000000000000000000 ) ) ;
#4538 = ORIENTED_EDGE ( 'NONE', *, *, #6122, .F. ) ;
#4539 = CARTESIAN_POINT ( 'NONE',  ( 30.10769022465213496, 9.474564067027289482, 21.37332977853472116 ) ) ;
#4540 = CARTESIAN_POINT ( 'NONE',  ( 29.31498041281528799, 3.258947373655597168, -0.5000000000000032196 ) ) ;
#4541 = DIRECTION ( 'NONE',  ( -0.01657441405230484707, -0.9998626349648348510, 3.783680950347352210E-18 ) ) ;
#4542 = EDGE_CURVE ( 'NONE', #3916, #4030, #676, .T. ) ;
#4543 = CIRCLE ( 'NONE', #5517, 0.4999999999999985567 ) ;
#4544 = CARTESIAN_POINT ( 'NONE',  ( 29.46179702410691803, 0.04896625399436381476, -11.26953390177862602 ) ) ;
#4545 = FACE_OUTER_BOUND ( 'NONE', #6398, .T. ) ;
#4546 = ORIENTED_EDGE ( 'NONE', *, *, #296, .T. ) ;
#4547 = LINE ( 'NONE', #5827, #6197 ) ;
#4548 = CARTESIAN_POINT ( 'NONE',  ( 30.04364942460926002, 3.634715583514160908, 15.65027219720725959 ) ) ;
#4549 = DIRECTION ( 'NONE',  ( -0.9998626349648348510, 0.01657441405230524953, -1.334402673828314818E-16 ) ) ;
#4550 = CARTESIAN_POINT ( 'NONE',  ( 29.45289206297297468, -0.4882314940259307456, -10.97664068296517392 ) ) ;
#4551 = DIRECTION ( 'NONE',  ( 0.01657441405230465278, 0.9998626349648350731, 3.469446951953613418E-18 ) ) ;
#4552 = ORIENTED_EDGE ( 'NONE', *, *, #4382, .T. ) ;
#4553 = CARTESIAN_POINT ( 'NONE',  ( 28.59829324136192596, -2.786211380768412571, 6.846696022789177999E-16 ) ) ;
#4554 = ORIENTED_EDGE ( 'NONE', *, *, #4442, .T. ) ;
#4555 = DIRECTION ( 'NONE',  ( 0.01657441405230466319, 0.9998626349648349620, 1.734723475976807094E-18 ) ) ;
#4556 = CARTESIAN_POINT ( 'NONE',  ( 29.02047650760338726, -2.440406484315523539, 0.4669513646373275595 ) ) ;
#4557 = ADVANCED_FACE ( 'NONE', ( #4024 ), #5172, .F. ) ;
#4558 = ADVANCED_FACE ( 'NONE', ( #5823 ), #1436, .F. ) ;
#4559 = VERTEX_POINT ( 'NONE', #1345 ) ;
#4560 = EDGE_CURVE ( 'NONE', #849, #6857, #1595, .T. ) ;
#4561 = CARTESIAN_POINT ( 'NONE',  ( 29.07190158887172871, 0.6618460054538399806, -11.49818166789215645 ) ) ;
#4562 = DIRECTION ( 'NONE',  ( -0.9998626349648349620, 0.01657441405230465972, 0.000000000000000000 ) ) ;
#4563 = ORIENTED_EDGE ( 'NONE', *, *, #1599, .F. ) ;
#4564 = EDGE_LOOP ( 'NONE', ( #3843, #3319, #2615, #1273, #4431, #4184, #3992, #7165, #2684, #5168, #1079, #1046, #4973, #7128 ) ) ;
#4565 = CARTESIAN_POINT ( 'NONE',  ( 45.76852206649756027, 3.814287296739710786, -0.2960921442297329009 ) ) ;
#4566 = CYLINDRICAL_SURFACE ( 'NONE', #1593, 0.4999999999999985567 ) ;
#4567 = CARTESIAN_POINT ( 'NONE',  ( 50.71653247717114255, 9.219614731127670382, -0.01048401929090772913 ) ) ;
#4568 = EDGE_CURVE ( 'NONE', #2108, #4911, #1233, .T. ) ;
#4569 = ADVANCED_FACE ( 'NONE', ( #4279 ), #3732, .T. ) ;
#4570 = DIRECTION ( 'NONE',  ( -0.9998626349648350731, 0.01657441405230466319, 0.000000000000000000 ) ) ;
#4571 = EDGE_CURVE ( 'NONE', #4138, #3312, #6885, .T. ) ;
#4572 = CARTESIAN_POINT ( 'NONE',  ( 49.27752137395131626, 6.422796374690702415, -0.6999999999999981792 ) ) ;
#4573 = DIRECTION ( 'NONE',  ( -0.01657441405230465278, -0.9998626349648348510, -3.469446951953612648E-18 ) ) ;
#4574 = VECTOR ( 'NONE', #7296, 100.0000000000000142 ) ;
#4575 = ORIENTED_EDGE ( 'NONE', *, *, #4893, .T. ) ;
#4576 = CARTESIAN_POINT ( 'NONE',  ( 29.66866649040221304, 6.433909765886566490, -19.79230562069953692 ) ) ;
#4577 = PLANE ( 'NONE',  #3372 ) ;
#4578 = CARTESIAN_POINT ( 'NONE',  ( 48.85791097929691773, 6.335457355553139713, -1.023820657515036148 ) ) ;
#4579 = ORIENTED_EDGE ( 'NONE', *, *, #1868, .F. ) ;
#4580 = AXIS2_PLACEMENT_3D ( 'NONE', #4645, #6883, #2981 ) ;
#4581 = CARTESIAN_POINT ( 'NONE',  ( 29.93176880724181999, 8.949506151230306017, -22.63970445853654923 ) ) ;
#4582 = CARTESIAN_POINT ( 'NONE',  ( 27.23884348098842878, -1.317488509068562408, -1.300000000000006262 ) ) ;
#4583 = ORIENTED_EDGE ( 'NONE', *, *, #4667, .F. ) ;
#4584 = DIRECTION ( 'NONE',  ( 2.220446049250313081E-16, 5.757246432727906919E-16, -1.000000000000000000 ) ) ;
#4585 = CARTESIAN_POINT ( 'NONE',  ( 29.94414242047209029, -2.400142982692055060, -1.300000000000007594 ) ) ;
#4586 = CARTESIAN_POINT ( 'NONE',  ( 30.00751474966062560, 6.631764608195854116, 18.98685323980581430 ) ) ;
#4587 = VERTEX_POINT ( 'NONE', #2656 ) ;
#4588 = DIRECTION ( 'NONE',  ( -0.9998626349648348510, 0.01657441405230573525, -1.665334536937734811E-16 ) ) ;
#4589 = CARTESIAN_POINT ( 'NONE',  ( 29.43109815211983360, -9.344708511468324375, -0.8250000000000035083 ) ) ;
#4590 = ORIENTED_EDGE ( 'NONE', *, *, #508, .T. ) ;
#4591 = DIRECTION ( 'NONE',  ( -1.665393298452077782E-16, 1.025709229455379565E-18, 1.000000000000000000 ) ) ;
#4592 = EDGE_LOOP ( 'NONE', ( #964, #5042, #1091, #6871, #867 ) ) ;
#4593 = DIRECTION ( 'NONE',  ( 2.220446049250313081E-16, 9.860761315262647568E-32, 1.000000000000000000 ) ) ;
#4594 = SURFACE_STYLE_USAGE ( .BOTH. , #3935 ) ;
#4595 = EDGE_LOOP ( 'NONE', ( #4538, #4747, #5837, #6665, #5469, #5540, #7232, #2286 ) ) ;
#4596 = AXIS2_PLACEMENT_3D ( 'NONE', #5983, #6578, #2089 ) ;
#4597 = CARTESIAN_POINT ( 'NONE',  ( 29.22108413575709562, 9.661383120241001876, -21.85670886413236147 ) ) ;
#4598 = CARTESIAN_POINT ( 'NONE',  ( 29.58586724368139542, 7.533585394852870820, 20.49858392123649153 ) ) ;
#4599 = VERTEX_POINT ( 'NONE', #1596 ) ;
#4600 = CARTESIAN_POINT ( 'NONE',  ( 29.57952447209468616, 7.149569807114038333, -20.45925869210351422 ) ) ;
#4601 = CARTESIAN_POINT ( 'NONE',  ( 29.56467618196518998, 6.255220395739641503, 18.48925470086113876 ) ) ;
#4602 = CARTESIAN_POINT ( 'NONE',  ( 50.55904950531924413, 8.997800449002015810, -0.2010228903559777847 ) ) ;
#4603 = UNCERTAINTY_MEASURE_WITH_UNIT (LENGTH_MEASURE( 1.000000000000000082E-05 ), #6176, 'distance_accuracy_value', 'NONE');
#4604 = EDGE_CURVE ( 'NONE', #3615, #514, #5464, .T. ) ;
#4605 = CARTESIAN_POINT ( 'NONE',  ( 51.16462018305792725, 9.297631901322384707, 0.1947577683692660322 ) ) ;
#4606 = DIRECTION ( 'NONE',  ( -1.000000000000000000, 0.000000000000000000, 0.000000000000000000 ) ) ;
#4607 = EDGE_CURVE ( 'NONE', #1478, #72, #5915, .T. ) ;
#4608 = CARTESIAN_POINT ( 'NONE',  ( 50.78405539355691189, 9.804009098238765318, -0.6999999999999967359 ) ) ;
#4609 = ORIENTED_EDGE ( 'NONE', *, *, #6134, .F. ) ;
#4610 = ORIENTED_EDGE ( 'NONE', *, *, #2460, .F. ) ;
#4611 = DIRECTION ( 'NONE',  ( -0.01657441405230464584, -0.9998626349648348510, -2.526198420459838063E-16 ) ) ;
#4612 = DIRECTION ( 'NONE',  ( 0.9998626349648349620, -0.01657441405230465972, 1.387778780781449620E-14 ) ) ;
#4613 = CARTESIAN_POINT ( 'NONE',  ( 29.62712246948474615, 8.748158005444766516, -22.36681248637109576 ) ) ;
#4614 = ORIENTED_EDGE ( 'NONE', *, *, #7066, .T. ) ;
#4615 = CARTESIAN_POINT ( 'NONE',  ( 29.61091095049062005, 6.654508929825824204, 19.00215235425125471 ) ) ;
#4616 = CARTESIAN_POINT ( 'NONE',  ( 30.10935841738894325, 8.946562303118540171, -22.19394977920450529 ) ) ;
#4617 = EDGE_CURVE ( 'NONE', #3872, #2451, #1522, .T. ) ;
#4618 = ORIENTED_EDGE ( 'NONE', *, *, #249, .T. ) ;
#4619 = CARTESIAN_POINT ( 'NONE',  ( 29.90785547337994643, -2.613406747014588305, 0.000000000000000000 ) ) ;
#4620 = CARTESIAN_POINT ( 'NONE',  ( 29.48525232076823954, 0.4924719530410018309, 10.10669397460848629 ) ) ;
#4621 = CYLINDRICAL_SURFACE ( 'NONE', #2409, 16.46641791636911734 ) ;
#4622 = EDGE_CURVE ( 'NONE', #5814, #4047, #2224, .T. ) ;
#4623 = EDGE_LOOP ( 'NONE', ( #6055, #480, #4662, #5139 ) ) ;
#4624 = DIRECTION ( 'NONE',  ( -1.665393298452077782E-16, 1.025709229455379565E-18, 1.000000000000000000 ) ) ;
#4625 = VECTOR ( 'NONE', #234, 100.0000000000000142 ) ;
#4626 = CARTESIAN_POINT ( 'NONE',  ( 30.08142430557590075, 9.053676412854912314, 21.24731861227015983 ) ) ;
#4627 = ORIENTED_EDGE ( 'NONE', *, *, #3232, .T. ) ;
#4628 = CARTESIAN_POINT ( 'NONE',  ( 51.07423000722545225, 9.738322597014095194, -0.2999999999999956035 ) ) ;
#4629 = VECTOR ( 'NONE', #1557, 100.0000000000000142 ) ;
#4630 = CARTESIAN_POINT ( 'NONE',  ( 29.60238493122349723, 3.886185259615468901, 15.96827874171037820 ) ) ;
#4631 = DIRECTION ( 'NONE',  ( 0.01657441405230464584, 0.9998626349648348510, 2.526198420459838063E-16 ) ) ;
#4632 = DIRECTION ( 'NONE',  ( -0.9998626349648350731, 0.01657441405230466666, 0.000000000000000000 ) ) ;
#4633 = ORIENTED_EDGE ( 'NONE', *, *, #3030, .T. ) ;
#4634 = AXIS2_PLACEMENT_3D ( 'NONE', #3414, #12, #7319 ) ;
#4635 = CARTESIAN_POINT ( 'NONE',  ( 29.72643528508512389, 3.252126813332249622, -17.03616186122442855 ) ) ;
#4636 = ORIENTED_EDGE ( 'NONE', *, *, #7257, .F. ) ;
#4637 = VECTOR ( 'NONE', #2167, 100.0000000000000142 ) ;
#4638 = CARTESIAN_POINT ( 'NONE',  ( 29.47185946327227768, 0.6559896399365641173, -11.50000000229208119 ) ) ;
#4639 = CARTESIAN_POINT ( 'NONE',  ( 50.53458214858881092, 8.963695278118171572, -0.2177055097532816230 ) ) ;
#4640 = VECTOR ( 'NONE', #484, 100.0000000000000142 ) ;
#4641 = ORIENTED_EDGE ( 'NONE', *, *, #7279, .T. ) ;
#4642 = AXIS2_PLACEMENT_3D ( 'NONE', #3091, #7024, #6439 ) ;
#4643 = AXIS2_PLACEMENT_3D ( 'NONE', #1944, #4191, #835 ) ;
#4644 = LINE ( 'NONE', #6372, #5890 ) ;
#4645 = CARTESIAN_POINT ( 'NONE',  ( 30.02980122993776391, 4.147221655287334663, 3.255189098589949502E-15 ) ) ;
#4646 = CARTESIAN_POINT ( 'NONE',  ( 30.00494723860408541, 0.6367560416007659319, 10.47552833453502252 ) ) ;
#4647 = VERTEX_POINT ( 'NONE', #7147 ) ;
#4648 = VERTEX_POINT ( 'NONE', #2765 ) ;
#4649 = CARTESIAN_POINT ( 'NONE',  ( 29.57424760896108040, 6.241989598497479363, -19.60384702304805771 ) ) ;
#4650 = CARTESIAN_POINT ( 'NONE',  ( 45.76511058438249790, 2.985832852271423032, 0.1793710138624887152 ) ) ;
#4651 = DIRECTION ( 'NONE',  ( -3.372764553633511840E-16, -2.511834186424162314E-16, 1.000000000000000000 ) ) ;
#4652 = EDGE_LOOP ( 'NONE', ( #6420, #4818, #772, #3060 ) ) ;
#4653 = EDGE_CURVE ( 'NONE', #4291, #4035, #2073, .T. ) ;
#4654 = B_SPLINE_SURFACE_WITH_KNOTS ( 'NONE', 2, 1, ( 
 ( #6198, #6755 ),
 ( #1679, #6650 ),
 ( #4479, #2706 ) ),
 .UNSPECIFIED., .F., .F., .F.,
 ( 3, 3 ),
 ( 2, 2 ),
 ( 0.9476357906707408851, 1.000000000000000000 ),
 ( 0.000000000000000000, 1.000000000000000000 ),
 .UNSPECIFIED. ) ;
#4655 = VERTEX_POINT ( 'NONE', #4391 ) ;
#4656 = CARTESIAN_POINT ( 'NONE',  ( 29.85034237596602225, 6.645866025219731910, 18.99773540573879416 ) ) ;
#4657 = CARTESIAN_POINT ( 'NONE',  ( 29.86755956889640018, 0.2409931094288449704, 10.78769344265832153 ) ) ;
#4658 = VERTEX_POINT ( 'NONE', #4315 ) ;
#4659 = CARTESIAN_POINT ( 'NONE',  ( 29.20948204592048114, 8.961479275765617203, -21.85670886413236147 ) ) ;
#4660 = VECTOR ( 'NONE', #4906, 100.0000000000000142 ) ;
#4661 = CARTESIAN_POINT ( 'NONE',  ( 29.47967290648669803, -2.629182864763157657, -1.300000000000006706 ) ) ;
#4662 = ORIENTED_EDGE ( 'NONE', *, *, #6804, .F. ) ;
#4663 = EDGE_CURVE ( 'NONE', #1034, #1411, #1469, .T. ) ;
#4664 = CARTESIAN_POINT ( 'NONE',  ( 29.66965318893869252, 6.330906087310633978, 19.48439186630560727 ) ) ;
#4665 = VECTOR ( 'NONE', #6764, 100.0000000000000142 ) ;
#4666 = VERTEX_POINT ( 'NONE', #5018 ) ;
#4667 = EDGE_CURVE ( 'NONE', #4296, #3702, #6182, .T. ) ;
#4668 = CARTESIAN_POINT ( 'NONE',  ( 29.57954736679137042, 7.152334586228276336, 19.78731851910382034 ) ) ;
#4669 = EDGE_LOOP ( 'NONE', ( #3669, #445, #4397, #1380, #2742 ) ) ;
#4670 = CARTESIAN_POINT ( 'NONE',  ( 30.01488425729068155, 3.247345283818983130, 16.45197147569836105 ) ) ;
#4671 = LINE ( 'NONE', #6983, #2063 ) ;
#4672 = CARTESIAN_POINT ( 'NONE',  ( 50.27832435838269731, 8.612227584704886141, -0.2999999999999972133 ) ) ;
#4673 = ORIENTED_EDGE ( 'NONE', *, *, #4017, .T. ) ;
#4674 = CARTESIAN_POINT ( 'NONE',  ( 40.74097544596121168, -0.1150649350399138571, -0.2019310295786300724 ) ) ;
#4675 = CARTESIAN_POINT ( 'NONE',  ( 40.54322638790603150, 0.07212563593627620284, 0.1800354847689976112 ) ) ;
#4676 = VERTEX_POINT ( 'NONE', #7227 ) ;
#4677 = CARTESIAN_POINT ( 'NONE',  ( 29.36470365497220314, 6.258535278550102277, -0.5000000000000032196 ) ) ;
#4678 = CARTESIAN_POINT ( 'NONE',  ( 50.76340500712394999, 9.286402898143400364, 0.1714041667931688606 ) ) ;
#4679 =( BOUNDED_SURFACE ( )  B_SPLINE_SURFACE ( 3, 2, ( 
 ( #6031, #2573, #4901 ),
 ( #1441, #1956, #3726 ),
 ( #1990, #4237, #959 ),
 ( #2611, #367, #1479 ) ),
 .UNSPECIFIED., .F., .F., .F. ) 
 B_SPLINE_SURFACE_WITH_KNOTS ( ( 4, 4 ),
 ( 3, 3 ),
 ( 0.009263802081522169024, 0.01126184209632871171 ),
 ( 0.000000000000000000, 1.000000000000000000 ),
 .UNSPECIFIED. ) 
 GEOMETRIC_REPRESENTATION_ITEM ( )  RATIONAL_B_SPLINE_SURFACE ( (
 ( 1.000000000000000000, 0.7215462467073686659, 1.000000000000000000),
 ( 1.000000000000000000, 0.7444904074619922429, 1.000000000000000000),
 ( 1.000000000000000000, 0.7656630515156030992, 1.000000000000000000),
 ( 1.000000000000000000, 0.7850893813804797894, 1.000000000000000000) ) ) 
 REPRESENTATION_ITEM ( '' )  SURFACE ( )  );
#4680 = ORIENTED_EDGE ( 'NONE', *, *, #4160, .T. ) ;
#4681 = DIRECTION ( 'NONE',  ( 0.01657441405230464584, 0.9998626349648349620, 0.000000000000000000 ) ) ;
#4682 = CARTESIAN_POINT ( 'NONE',  ( 40.83082201691703972, -0.1744939243178728061, -0.7450605989902696624 ) ) ;
#4683 = CARTESIAN_POINT ( 'NONE',  ( 48.72204735959149247, 5.757841259949413093, -0.6999999999999985123 ) ) ;
#4684 = ORIENTED_EDGE ( 'NONE', *, *, #4334, .T. ) ;
#4685 = ORIENTED_EDGE ( 'NONE', *, *, #1412, .T. ) ;
#4686 = CYLINDRICAL_SURFACE ( 'NONE', #2997, 0.4999999999999985567 ) ;
#4687 = LINE ( 'NONE', #1815, #6338 ) ;
#4688 = CARTESIAN_POINT ( 'NONE',  ( 29.71424301674710122, 9.044510905791661060, 21.25836686377625639 ) ) ;
#4689 = ORIENTED_EDGE ( 'NONE', *, *, #141, .F. ) ;
#4690 = CARTESIAN_POINT ( 'NONE',  ( 29.41827149851798850, -2.576740245568711174, 0.3460637448283818141 ) ) ;
#4691 = VECTOR ( 'NONE', #3169, 100.0000000000000142 ) ;
#4692 = CARTESIAN_POINT ( 'NONE',  ( 29.57820568035379694, 0.08663852292352174078, 10.95797767543399637 ) ) ;
#4693 = VERTEX_POINT ( 'NONE', #968 ) ;
#4694 = LINE ( 'NONE', #6525, #1118 ) ;
#4695 = CARTESIAN_POINT ( 'NONE',  ( 29.67316346812760131, 0.6018700929380916831, 10.37977191322178072 ) ) ;
#4696 = CARTESIAN_POINT ( 'NONE',  ( 30.08479757718963299, 9.053402988756880987, -22.24722642387310856 ) ) ;
#4697 = AXIS2_PLACEMENT_3D ( 'NONE', #6592, #4238, #1037 ) ;
#4698 = EDGE_CURVE ( 'NONE', #1020, #3516, #6075, .T. ) ;
#4699 = CARTESIAN_POINT ( 'NONE',  ( 29.63400192506756525, 6.394813750067084079, 19.53916768011665539 ) ) ;
#4700 = FACE_OUTER_BOUND ( 'NONE', #2506, .T. ) ;
#4701 = ORIENTED_EDGE ( 'NONE', *, *, #5485, .T. ) ;
#4702 = VECTOR ( 'NONE', #2641, 100.0000000000000000 ) ;
#4703 = EDGE_CURVE ( 'NONE', #6800, #7098, #2060, .T. ) ;
#4704 = CARTESIAN_POINT ( 'NONE',  ( 29.26525717065837640, 0.2593594687610915606, -0.5000000000000032196 ) ) ;
#4705 = ADVANCED_FACE ( 'NONE', ( #3215 ), #3393, .T. ) ;
#4706 = PLANE ( 'NONE',  #291 ) ;
#4707 =( NAMED_UNIT ( * ) SI_UNIT ( $, .STERADIAN. ) SOLID_ANGLE_UNIT ( ) );
#4708 = EDGE_CURVE ( 'NONE', #2435, #3951, #1219, .T. ) ;
#4709 = EDGE_LOOP ( 'NONE', ( #6111, #720, #1949, #2583, #3559 ) ) ;
#4710 = CARTESIAN_POINT ( 'NONE',  ( 40.83082201691704682, -0.1744939243178732502, -0.2549394010097353891 ) ) ;
#4711 = LINE ( 'NONE', #1259, #3777 ) ;
#4712 = EDGE_CURVE ( 'NONE', #2599, #5234, #4498, .T. ) ;
#4713 = VERTEX_POINT ( 'NONE', #1182 ) ;
#4714 = CARTESIAN_POINT ( 'NONE',  ( 30.83834896686195748, -1.377156399656861208, 0.000000000000000000 ) ) ;
#4715 = B_SPLINE_CURVE_WITH_KNOTS ( 'NONE', 2,
 ( #4471, #4953, #7194 ),
 .UNSPECIFIED., .F., .F.,
 ( 3, 3 ),
 ( 0.6710009487834673880, 0.8117909662078092170 ),
 .UNSPECIFIED. ) ;
#4716 = VECTOR ( 'NONE', #5076, 100.0000000000000142 ) ;
#4717 = DIRECTION ( 'NONE',  ( 0.01657441405230464584, 0.9998626349648350731, 1.734723475976807094E-18 ) ) ;
#4718 = ADVANCED_FACE ( 'NONE', ( #587, #7335, #5127 ), #6334, .T. ) ;
#4719 = ORIENTED_EDGE ( 'NONE', *, *, #827, .T. ) ;
#4720 = CARTESIAN_POINT ( 'NONE',  ( 29.46828849945849527, 0.4405688548064635723, -10.97664068296517392 ) ) ;
#4721 = CARTESIAN_POINT ( 'NONE',  ( 30.06460749944761091, 6.246933188713488683, -20.28977609426087270 ) ) ;
#4722 = VECTOR ( 'NONE', #1850, 100.0000000000000142 ) ;
#4723 = CARTESIAN_POINT ( 'NONE',  ( 45.46303412731425908, 2.991266075201659991, 0.2223407802516422505 ) ) ;
#4724 = VERTEX_POINT ( 'NONE', #2259 ) ;
#4725 = ORIENTED_EDGE ( 'NONE', *, *, #5715, .T. ) ;
#4726 = CARTESIAN_POINT ( 'NONE',  ( 29.45289206297297468, -0.4882314940259307456, 3.155808947497007545E-15 ) ) ;
#4727 =( BOUNDED_SURFACE ( )  B_SPLINE_SURFACE ( 3, 2, ( 
 ( #2501, #6474, #1400 ),
 ( #3645, #293, #2537 ),
 ( #4129, #6405, #3078 ),
 ( #2014, #5338, #5377 ) ),
 .UNSPECIFIED., .F., .F., .F. ) 
 B_SPLINE_SURFACE_WITH_KNOTS ( ( 4, 4 ),
 ( 3, 3 ),
 ( 0.006864605491532103400, 0.008856276375342767015 ),
 ( 0.000000000000000000, 1.000000000000000000 ),
 .UNSPECIFIED. ) 
 GEOMETRIC_REPRESENTATION_ITEM ( )  RATIONAL_B_SPLINE_SURFACE ( (
 ( 1.000000000000000000, 0.7850925162309528860, 1.000000000000000000),
 ( 1.000000000000000000, 0.7654497406331749465, 1.000000000000000000),
 ( 1.000000000000000000, 0.7444010682948956070, 1.000000000000000000),
 ( 1.000000000000000000, 0.7215462467073724406, 1.000000000000000000) ) ) 
 REPRESENTATION_ITEM ( '' )  SURFACE ( )  );
#4728 = CARTESIAN_POINT ( 'NONE',  ( 29.60702184643028545, 8.809750982420188947, 21.42169860244244717 ) ) ;
#4729 = ORIENTED_EDGE ( 'NONE', *, *, #2864, .F. ) ;
#4730 = CARTESIAN_POINT ( 'NONE',  ( 29.55638897493903627, 5.755289078257224133, 18.48925470086113876 ) ) ;
#4731 = LINE ( 'NONE', #4800, #3050 ) ;
#4732 = ORIENTED_EDGE ( 'NONE', *, *, #3573, .F. ) ;
#4733 = DIRECTION ( 'NONE',  ( 0.01657441405230464238, 0.9998626349648349620, -0.000000000000000000 ) ) ;
#4734 = CARTESIAN_POINT ( 'NONE',  ( 40.02987904148944409, -0.1262175772335856483, -0.7000000000000032863 ) ) ;
#4735 = ORIENTED_EDGE ( 'NONE', *, *, #1151, .T. ) ;
#4736 = CARTESIAN_POINT ( 'NONE',  ( 29.57495785919146414, 6.597124620472914813, 19.71134163286519581 ) ) ;
#4737 = CARTESIAN_POINT ( 'NONE',  ( 30.02151402291161730, 3.647290337804917737, -16.95153242091817702 ) ) ;
#4738 = ORIENTED_EDGE ( 'NONE', *, *, #2143, .T. ) ;
#4739 = CARTESIAN_POINT ( 'NONE',  ( 40.30293022600822894, 0.4907808858062609469, -1.080380036741143357 ) ) ;
#4740 = CARTESIAN_POINT ( 'NONE',  ( 29.63083877435397540, 6.924159436321517092, 19.25429755215861505 ) ) ;
#4741 = DIRECTION ( 'NONE',  ( -0.9998626349648349620, 0.01657441405230474646, 0.000000000000000000 ) ) ;
#4742 = ADVANCED_FACE ( 'NONE', ( #6291 ), #5697, .F. ) ;
#4743 = CARTESIAN_POINT ( 'NONE',  ( 40.67711678403341580, -0.05960920597759471889, -0.1443825807089317570 ) ) ;
#4744 = EDGE_CURVE ( 'NONE', #3132, #6376, #5088, .T. ) ;
#4745 = CIRCLE ( 'NONE', #5708, 0.2000000000000027589 ) ;
#4746 = CARTESIAN_POINT ( 'NONE',  ( 40.26215245205458615, 0.4735026994792420063, -0.9892716165645468740 ) ) ;
#4747 = ORIENTED_EDGE ( 'NONE', *, *, #3890, .T. ) ;
#4748 = CARTESIAN_POINT ( 'NONE',  ( 27.23884348098842878, -1.317488509068562408, 0.000000000000000000 ) ) ;
#4749 = CARTESIAN_POINT ( 'NONE',  ( 45.64243449292185772, 3.711456702561482857, -0.7308529132049932375 ) ) ;
#4750 = ORIENTED_EDGE ( 'NONE', *, *, #4786, .T. ) ;
#4751 = EDGE_CURVE ( 'NONE', #486, #5809, #881, .T. ) ;
#4752 = CARTESIAN_POINT ( 'NONE',  ( 0.1117841189922066381, 6.743451889765537999, 1.100574203218750115E-17 ) ) ;
#4753 = DIRECTION ( 'NONE',  ( -0.9998626349648349620, 0.01657441405230613424, 0.000000000000000000 ) ) ;
#4754 = VECTOR ( 'NONE', #896, 100.0000000000000000 ) ;
#4755 = EDGE_CURVE ( 'NONE', #4797, #685, #29, .T. ) ;
#4756 = CARTESIAN_POINT ( 'NONE',  ( 46.26952356825763246, 3.273591535754737158, -0.6999999999999999556 ) ) ;
#4757 = ORIENTED_EDGE ( 'NONE', *, *, #6545, .F. ) ;
#4758 = ORIENTED_EDGE ( 'NONE', *, *, #6634, .T. ) ;
#4759 = AXIS2_PLACEMENT_3D ( 'NONE', #3330, #5027, #3296 ) ;
#4760 = B_SPLINE_CURVE_WITH_KNOTS ( 'NONE', 3,
 ( #2240, #2781, #1680, #5034, #6790, #6901, #5181, #1278 ),
 .UNSPECIFIED., .F., .F.,
 ( 4, 2, 2, 4 ),
 ( 6.371391242974138197E-13, 0.002054102690081839686, 0.003081154034804189923, 0.004108205379526539726 ),
 .UNSPECIFIED. ) ;
#4761 = AXIS2_PLACEMENT_3D ( 'NONE', #6208, #655, #1252 ) ;
#4762 = CARTESIAN_POINT ( 'NONE',  ( 29.72705207443895148, 8.982435595921844040, 21.25767359049237726 ) ) ;
#4763 = ORIENTED_EDGE ( 'NONE', *, *, #3986, .T. ) ;
#4764 = CARTESIAN_POINT ( 'NONE',  ( 28.57475336820842315, -2.684110171109873821, -1.000000000000006661 ) ) ;
#4765 = AXIS2_PLACEMENT_3D ( 'NONE', #2836, #5622, #6774 ) ;
#4766 = CARTESIAN_POINT ( 'NONE',  ( 29.81932708404256260, 0.2290744503742490334, 10.80057168090463904 ) ) ;
#4767 =( BOUNDED_SURFACE ( )  B_SPLINE_SURFACE ( 3, 2, ( 
 ( #3122, #4227, #1908 ),
 ( #6507, #7017, #1291 ),
 ( #1840, #4154, #6430 ),
 ( #169, #1434, #6469 ),
 ( #5382, #3674, #2972 ),
 ( #5229, #1364, #836 ),
 ( #322, #6947, #3603 ),
 ( #4082, #3084, #5871 ),
 ( #6364, #800, #3048 ),
 ( #2423, #1873, #5343 ),
 ( #2531, #4119, #6397 ),
 ( #5272, #1326, #5836 ),
 ( #764, #3010, #209 ),
 ( #6580, #5564, #6615 ),
 ( #2130, #5458, #396 ),
 ( #2091, #357, #7245 ) ),
 .UNSPECIFIED., .F., .F., .F. ) 
 B_SPLINE_SURFACE_WITH_KNOTS ( ( 4, 2, 2, 2, 2, 2, 2, 4 ),
 ( 3, 3 ),
 ( 0.001480711492703780125, 0.002387951913587338729, 0.003295192334470897766, 0.004202432755354456803, 0.005109673176238015840, 0.006016913597121574878, 0.006924154018005133915, 0.008738634859772251989 ),
 ( 0.000000000000000000, 1.000000000000000000 ),
 .UNSPECIFIED. ) 
 GEOMETRIC_REPRESENTATION_ITEM ( )  RATIONAL_B_SPLINE_SURFACE ( (
 ( 1.000000000000000000, 0.8815055010737434804, 1.000000000000000000),
 ( 1.000000000000000000, 0.8786678763779346424, 1.000000000000000000),
 ( 1.000000000000000000, 0.8750709772402507358, 1.000000000000000000),
 ( 1.000000000000000000, 0.8664488913619785571, 1.000000000000000000),
 ( 1.000000000000000000, 0.8613721208542177710, 1.000000000000000000),
 ( 1.000000000000000000, 0.8501317257607816646, 1.000000000000000000),
 ( 1.000000000000000000, 0.8439551092477056704, 1.000000000000000000),
 ( 1.000000000000000000, 0.8305000040842626108, 1.000000000000000000),
 ( 1.000000000000000000, 0.8232368212506698812, 1.000000000000000000),
 ( 1.000000000000000000, 0.8080030257878961786, 1.000000000000000000),
 ( 1.000000000000000000, 0.7999848451750402045, 1.000000000000000000),
 ( 1.000000000000000000, 0.7831018966594531783, 1.000000000000000000),
 ( 1.000000000000000000, 0.7742561709694694150, 1.000000000000000000),
 ( 1.000000000000000000, 0.7470209400960080570, 1.000000000000000000),
 ( 1.000000000000000000, 0.7276816579037255206, 1.000000000000000000),
 ( 1.000000000000000000, 0.7071067811855120677, 1.000000000000000000) ) ) 
 REPRESENTATION_ITEM ( '' )  SURFACE ( )  );
#4768 = EDGE_LOOP ( 'NONE', ( #6502, #413, #6892 ) ) ;
#4769 = CARTESIAN_POINT ( 'NONE',  ( 48.72204735959149247, 5.757841259949413093, -0.9361767856867190263 ) ) ;
#4770 = CARTESIAN_POINT ( 'NONE',  ( 29.56438207018172903, 3.962473060645457235, 16.06475015412108220 ) ) ;
#4771 = CARTESIAN_POINT ( 'NONE',  ( 29.67490954655029967, -2.347788410294622263, 1.499999999999998890 ) ) ;
#4772 = CARTESIAN_POINT ( 'NONE',  ( 48.62715771743974358, 6.573989821970307901, -0.2237955846799044857 ) ) ;
#4773 = EDGE_LOOP ( 'NONE', ( #1738, #4248, #4219, #3932, #1686 ) ) ;
#4774 = CARTESIAN_POINT ( 'NONE',  ( 31.22188896405206293, -2.373432210252088836, -1.300000000000007372 ) ) ;
#4775 = CARTESIAN_POINT ( 'NONE',  ( 48.36626686884066828, 6.843675880061709016, -0.2999999999999983236 ) ) ;
#4776 = CARTESIAN_POINT ( 'NONE',  ( 29.41674935829490778, -2.668564374580253418, 0.2999999999999978795 ) ) ;
#4777 = ORIENTED_EDGE ( 'NONE', *, *, #4206, .T. ) ;
#4778 = CARTESIAN_POINT ( 'NONE',  ( 29.71904140544622663, 6.798878950864446935, -20.13945247641134273 ) ) ;
#4779 = CARTESIAN_POINT ( 'NONE',  ( 29.74200490762863325, 6.776427384315796054, 19.11883666758228983 ) ) ;
#4780 = CARTESIAN_POINT ( 'NONE',  ( 30.69523220694630439, -3.977375058421833032, -0.8000000000000075939 ) ) ;
#4781 = CARTESIAN_POINT ( 'NONE',  ( 40.62275818952048212, -0.007851636997400001511, -0.07470344897881987800 ) ) ;
#4782 = DIRECTION ( 'NONE',  ( -0.9998626349648349620, 0.01657441405230335868, 0.000000000000000000 ) ) ;
#4783 = VERTEX_POINT ( 'NONE', #3977 ) ;
#4784 = EDGE_CURVE ( 'NONE', #6013, #2077, #3828, .T. ) ;
#4785 = CARTESIAN_POINT ( 'NONE',  ( 45.34438670945024086, 3.474089065096825024, -0.1357984407445603225 ) ) ;
#4786 = EDGE_CURVE ( 'NONE', #3853, #1000, #7343, .T. ) ;
#4787 = ORIENTED_EDGE ( 'NONE', *, *, #3482, .T. ) ;
#4788 = DIRECTION ( 'NONE',  ( 0.000000000000000000, 0.000000000000000000, 1.000000000000000000 ) ) ;
#4789 = LINE ( 'NONE', #5355, #3523 ) ;
#4790 = CARTESIAN_POINT ( 'NONE',  ( 29.52158270542919993, 3.655577544831071446, -16.66641791636914149 ) ) ;
#4791 = VERTEX_POINT ( 'NONE', #67 ) ;
#4792 = ORIENTED_EDGE ( 'NONE', *, *, #1063, .F. ) ;
#4793 = ADVANCED_FACE ( 'NONE', ( #2321 ), #4566, .F. ) ;
#4794 = CARTESIAN_POINT ( 'NONE',  ( 41.03893530837986248, -0.1725196525909055978, -0.3000000000000025424 ) ) ;
#4795 = EDGE_CURVE ( 'NONE', #72, #1584, #4013, .T. ) ;
#4796 = CARTESIAN_POINT ( 'NONE',  ( 39.96776550988501953, 0.3516263292549727248, -0.7511803146397950659 ) ) ;
#4797 = VERTEX_POINT ( 'NONE', #1806 ) ;
#4798 = ADVANCED_FACE ( 'NONE', ( #1263 ), #698, .F. ) ;
#4799 = CARTESIAN_POINT ( 'NONE',  ( 29.71046178740992261, 8.688799532721322549, -22.25604427502935678 ) ) ;
#4800 = CARTESIAN_POINT ( 'NONE',  ( 42.67391445556680196, -0.4629803932049720294, -0.3000000000000020428 ) ) ;
#4801 = VERTEX_POINT ( 'NONE', #1099 ) ;
#4802 = CARTESIAN_POINT ( 'NONE',  ( 31.22188896405205938, -2.373432210252088836, -0.9361767856867267978 ) ) ;
#4803 = CARTESIAN_POINT ( 'NONE',  ( 45.25357243699670562, 3.403294554079047796, -0.7860860192642418198 ) ) ;
#4804 = CARTESIAN_POINT ( 'NONE',  ( 45.91520258101323293, 2.968114484056173730, -0.1585216483972790857 ) ) ;
#4805 = CARTESIAN_POINT ( 'NONE',  ( 29.50171627748390790, 0.5114615934273070152, -11.15408144681245339 ) ) ;
#4806 = ORIENTED_EDGE ( 'NONE', *, *, #3716, .F. ) ;
#4807 = AXIS2_PLACEMENT_3D ( 'NONE', #6145, #1586, #4383 ) ;
#4808 = CARTESIAN_POINT ( 'NONE',  ( 29.01720331466568936, -2.637864041796337489, -1.309270955983233176 ) ) ;
#4809 = CARTESIAN_POINT ( 'NONE',  ( 29.22108413575708497, 9.661383120241001876, -22.50000000000001066 ) ) ;
#4810 = CARTESIAN_POINT ( 'NONE',  ( 27.23884348098842878, -1.317488509068562408, -1.300000000000006262 ) ) ;
#4811 = ORIENTED_EDGE ( 'NONE', *, *, #2109, .F. ) ;
#4812 = CARTESIAN_POINT ( 'NONE',  ( 40.31912068021891571, 0.4976654355493145832, -1.054381578945184028 ) ) ;
#4813 = CIRCLE ( 'NONE', #6726, 16.16641791636911663 ) ;
#4814 = CARTESIAN_POINT ( 'NONE',  ( 50.46068147311667218, 8.861270828217866935, -0.7427529357284919920 ) ) ;
#4815 =( NAMED_UNIT ( * ) PLANE_ANGLE_UNIT ( ) SI_UNIT ( $, .RADIAN. ) );
#4816 = DIRECTION ( 'NONE',  ( -0.01657441405230464238, -0.9998626349648349620, -1.734723475976807094E-18 ) ) ;
#4817 = CARTESIAN_POINT ( 'NONE',  ( 29.20522942728162619, 0.6604094836830544102, -11.49999999999814015 ) ) ;
#4818 = ORIENTED_EDGE ( 'NONE', *, *, #2092, .F. ) ;
#4819 = CARTESIAN_POINT ( 'NONE',  ( 30.06460749944761091, 6.246933188713487795, -20.79008107956275708 ) ) ;
#4820 = LINE ( 'NONE', #880, #637 ) ;
#4821 = AXIS2_PLACEMENT_3D ( 'NONE', #721, #6463, #6425 ) ;
#4822 = ORIENTED_EDGE ( 'NONE', *, *, #2628, .F. ) ;
#4823 = CARTESIAN_POINT ( 'NONE',  ( 50.77165332997418545, 9.298186877850337595, -0.9781065116817755367 ) ) ;
#4824 = CARTESIAN_POINT ( 'NONE',  ( 29.48829194067578641, -0.01013258513830577259, -12.11490986413786430 ) ) ;
#4825 = CARTESIAN_POINT ( 'NONE',  ( 29.63032480821468795, 6.009641585303639566, -20.20094674529183365 ) ) ;
#4826 = ORIENTED_EDGE ( 'NONE', *, *, #21, .F. ) ;
#4827 = ORIENTED_EDGE ( 'NONE', *, *, #6037, .F. ) ;
#4828 = DIRECTION ( 'NONE',  ( 0.01657441405230608913, 0.9998626349648349620, 0.000000000000000000 ) ) ;
#4829 = CARTESIAN_POINT ( 'NONE',  ( 29.61301548689286989, 9.171321359820202801, 21.67369887312487720 ) ) ;
#4830 = EDGE_LOOP ( 'NONE', ( #1323, #1444, #2545, #5826, #2544, #2071, #4575, #6994 ) ) ;
#4831 = PRODUCT_DEFINITION_SHAPE ( 'NONE', 'NONE',  #5453 ) ;
#4832 = AXIS2_PLACEMENT_3D ( 'NONE', #134, #5156, #5734 ) ;
#4833 = CARTESIAN_POINT ( 'NONE',  ( 49.17804298027966325, 6.830219318211856461, -0.2999999999999979905 ) ) ;
#4834 = EDGE_CURVE ( 'NONE', #514, #3730, #294, .T. ) ;
#4835 = CARTESIAN_POINT ( 'NONE',  ( 49.15839109156489428, 6.330476389547355254, -1.199999999999998401 ) ) ;
#4836 = ORIENTED_EDGE ( 'NONE', *, *, #3449, .F. ) ;
#4837 = CARTESIAN_POINT ( 'NONE',  ( 29.61300472064025513, 8.570650798313392826, -21.66798057629559082 ) ) ;
#4838 = DIRECTION ( 'NONE',  ( 0.01657441405230464584, 0.9998626349648350731, 1.734723475976807094E-18 ) ) ;
#4839 = DIRECTION ( 'NONE',  ( 1.665393298452077782E-16, -1.025709229455379180E-18, -1.000000000000000000 ) ) ;
#4840 = CARTESIAN_POINT ( 'NONE',  ( 30.00494723860408541, 0.6367560416007492785, -11.47552833453502963 ) ) ;
#4841 = ORIENTED_EDGE ( 'NONE', *, *, #5986, .T. ) ;
#4842 = ORIENTED_EDGE ( 'NONE', *, *, #1286, .F. ) ;
#4843 = CARTESIAN_POINT ( 'NONE',  ( 40.20227415545949157, 0.4483175957579508819, -0.008620159709393154096 ) ) ;
#4844 = EDGE_CURVE ( 'NONE', #6921, #3790, #1989, .T. ) ;
#4845 = B_SPLINE_CURVE_WITH_KNOTS ( 'NONE', 3,
 ( #313, #3259, #4916, #2557 ),
 .UNSPECIFIED., .F., .F.,
 ( 4, 4 ),
 ( 0.000000000000000000, 0.0001573484037941750701 ),
 .UNSPECIFIED. ) ;
#4846 = CARTESIAN_POINT ( 'NONE',  ( 40.60339676774237461, 0.07141063089746681192, 0.2000000000179703863 ) ) ;
#4847 = CARTESIAN_POINT ( 'NONE',  ( 45.25302241304147088, 2.787612140193358901, -0.3000000000000006550 ) ) ;
#4848 = EDGE_LOOP ( 'NONE', ( #6447, #3720, #6211 ) ) ;
#4849 = EDGE_CURVE ( 'NONE', #4404, #924, #617, .T. ) ;
#4850 = CARTESIAN_POINT ( 'NONE',  ( 29.42105666275003273, 9.658068237430541103, 0.1999999999999961808 ) ) ;
#4851 = B_SPLINE_CURVE_WITH_KNOTS ( 'NONE', 3,
 ( #1849, #5244, #5880, #256, #4092, #180, #5319, #6373, #1304, #4682, #6958, #1885, #3022, #6996, #5392, #4940, #6627, #442, #3210, #2612, #1552, #7183, #2105, #330, #4384, #6515 ),
 .UNSPECIFIED., .F., .F.,
 ( 4, 2, 2, 2, 2, 2, 2, 2, 2, 2, 2, 2, 4 ),
 ( 0.003510375760230000520, 0.004025161813721282386, 0.004539947867212563819, 0.005054733920703845251, 0.005569519974195126684, 0.006084306027686408117, 0.006599092081177689549, 0.007628664188160251547, 0.008658236295142814412, 0.009687808402125377277, 0.01020259445561665611, 0.01071738050910793494, 0.01174695261609049780 ),
 .UNSPECIFIED. ) ;
#4852 = CARTESIAN_POINT ( 'NONE',  ( 29.83904598854968526, 6.708075880345766961, 19.05624041460643170 ) ) ;
#4853 = CARTESIAN_POINT ( 'NONE',  ( 27.86161175479890773, -1.824979717385858624, 0.2999999999999999889 ) ) ;
#4854 = CARTESIAN_POINT ( 'NONE',  ( 29.57591768521906772, 3.935552856719021442, -17.03077394968110170 ) ) ;
#4855 = CARTESIAN_POINT ( 'NONE',  ( 29.77074479646998384, 9.499344681685267133, 21.38681384282450182 ) ) ;
#4856 = EDGE_LOOP ( 'NONE', ( #2008, #5514, #138, #5645, #3810, #3709, #1358, #3073 ) ) ;
#4857 = LINE ( 'NONE', #7099, #6317 ) ;
#4858 = CARTESIAN_POINT ( 'NONE',  ( 29.90710841042000823, 9.370297282246930592, -22.29196423660303594 ) ) ;
#4859 = ORIENTED_EDGE ( 'NONE', *, *, #1649, .F. ) ;
#4860 = CARTESIAN_POINT ( 'NONE',  ( 50.77576818653075463, 9.304077780756347948, -0.4999999999999961142 ) ) ;
#4861 = CARTESIAN_POINT ( 'NONE',  ( 29.75800373814666600, 0.2075222097016776734, -11.82356432765656962 ) ) ;
#4862 = CARTESIAN_POINT ( 'NONE',  ( 45.86910077349847370, 2.929264556618783377, -0.8921647460628141513 ) ) ;
#4863 = ORIENTED_EDGE ( 'NONE', *, *, #4028, .F. ) ;
#4864 = ORIENTED_EDGE ( 'NONE', *, *, #7257, .T. ) ;
#4865 = CARTESIAN_POINT ( 'NONE',  ( 50.77576818653075463, 9.304077780756347948, 0.2000000000000032863 ) ) ;
#4866 = CARTESIAN_POINT ( 'NONE',  ( 29.67767292695837611, 3.540758688718921743, 15.51699738750563817 ) ) ;
#4867 = VERTEX_POINT ( 'NONE', #5498 ) ;
#4868 = CARTESIAN_POINT ( 'NONE',  ( 29.60885346277885688, 8.920244465971736147, -22.49942799518402836 ) ) ;
#4869 = CARTESIAN_POINT ( 'NONE',  ( 29.47387797315034064, -0.01977234335692368283, 11.16373099697539573 ) ) ;
#4870 = ORIENTED_EDGE ( 'NONE', *, *, #2683, .T. ) ;
#4871 = AXIS2_PLACEMENT_3D ( 'NONE', #4780, #5909, #4741 ) ;
#4872 = B_SPLINE_CURVE_WITH_KNOTS ( 'NONE', 3,
 ( #4052, #5198, #663, #66, #3504, #6919, #1805, #3537, #136, #1844, #2386, #4565, #6773, #6843 ),
 .UNSPECIFIED., .F., .F.,
 ( 4, 2, 2, 2, 2, 2, 4 ),
 ( 0.000000000000000000, 0.0008400835358268443067, 0.001680167071653688613, 0.002520250607480532812, 0.003360334143307377227, 0.005040501214960940723, 0.006720668286614503786 ),
 .UNSPECIFIED. ) ;
#4873 = PLANE ( 'NONE',  #3936 ) ;
#4874 = CARTESIAN_POINT ( 'NONE',  ( 29.67490954655011492, -2.347788410294540995, -2.500000000000004441 ) ) ;
#4875 = VECTOR ( 'NONE', #6156, 100.0000000000000142 ) ;
#4876 = CARTESIAN_POINT ( 'NONE',  ( 51.16041098557722222, 9.023694097582355411, -1.184275066162314038 ) ) ;
#4877 = EDGE_CURVE ( 'NONE', #6718, #1143, #2740, .T. ) ;
#4878 = CARTESIAN_POINT ( 'NONE',  ( 29.73142932188664389, 0.6164318986187825589, -11.41673321021487197 ) ) ;
#4879 = EDGE_CURVE ( 'NONE', #3312, #444, #3237, .T. ) ;
#4880 = ORIENTED_EDGE ( 'NONE', *, *, #5294, .T. ) ;
#4881 = EDGE_CURVE ( 'NONE', #4030, #6068, #5097, .T. ) ;
#4882 = VECTOR ( 'NONE', #3361, 100.0000000000000142 ) ;
#4883 = EDGE_LOOP ( 'NONE', ( #6750, #427, #6284, #2921, #6684, #2221, #5666 ) ) ;
#4884 = DIRECTION ( 'NONE',  ( 0.9998626349648348510, -0.01657441405230573525, 0.000000000000000000 ) ) ;
#4885 = CARTESIAN_POINT ( 'NONE',  ( 31.23829402084789564, -1.383786165277783420, -0.1999999999999999556 ) ) ;
#4886 = CARTESIAN_POINT ( 'NONE',  ( 29.57959315461226524, 7.155096767207994368, -20.79008107956275708 ) ) ;
#4887 = ORIENTED_EDGE ( 'NONE', *, *, #5945, .F. ) ;
#4888 = CARTESIAN_POINT ( 'NONE',  ( 29.93988526407229145, 6.666335127862509147, -20.01848006630886800 ) ) ;
#4889 = CARTESIAN_POINT ( 'NONE',  ( 50.53492018350853243, 8.964166463413087982, -0.7825255447327523761 ) ) ;
#4890 = CARTESIAN_POINT ( 'NONE',  ( 40.23927785135777668, 0.07744651770170643545, -1.233333333333342274 ) ) ;
#4891 = EDGE_CURVE ( 'NONE', #116, #6718, #2763, .T. ) ;
#4892 = CARTESIAN_POINT ( 'NONE',  ( 29.31498041281528799, 3.258947373655597168, -0.5000000000000032196 ) ) ;
#4893 = EDGE_CURVE ( 'NONE', #685, #5152, #4136, .T. ) ;
#4894 = CARTESIAN_POINT ( 'NONE',  ( 39.74045872950771496, 0.08571528820440692253, 0.1999999999999970968 ) ) ;
#4895 = DIRECTION ( 'NONE',  ( -0.9998626349648349620, 0.01657441405230335868, 0.000000000000000000 ) ) ;
#4896 = ORIENTED_EDGE ( 'NONE', *, *, #4161, .T. ) ;
#4897 = CARTESIAN_POINT ( 'NONE',  ( 30.02151402291161020, 3.647290337804917737, 5.003211117337256119E-15 ) ) ;
#4898 = FACE_OUTER_BOUND ( 'NONE', #4942, .T. ) ;
#4899 = VECTOR ( 'NONE', #4140, 100.0000000000000142 ) ;
#4900 = ORIENTED_EDGE ( 'NONE', *, *, #5309, .F. ) ;
#4901 = CARTESIAN_POINT ( 'NONE',  ( 29.51628296686845232, 3.335867264561419798, 16.45197147569837881 ) ) ;
#4902 = FACE_OUTER_BOUND ( 'NONE', #400, .T. ) ;
#4903 = FACE_OUTER_BOUND ( 'NONE', #6018, .T. ) ;
#4904 = ORIENTED_EDGE ( 'NONE', *, *, #5062, .T. ) ;
#4905 = ORIENTED_EDGE ( 'NONE', *, *, #243, .T. ) ;
#4906 = DIRECTION ( 'NONE',  ( 0.01657441405230466666, 0.9998626349648348510, 1.734723475976806902E-18 ) ) ;
#4907 = CARTESIAN_POINT ( 'NONE',  ( 29.99984436305698310, -2.511363585282667898, -1.000000000000006883 ) ) ;
#4908 = ORIENTED_EDGE ( 'NONE', *, *, #4879, .F. ) ;
#4909 = CARTESIAN_POINT ( 'NONE',  ( 49.17477626318137141, 6.654013666526084947, -0.2681979481604463422 ) ) ;
#4910 = CARTESIAN_POINT ( 'NONE',  ( 49.16937114715202739, 6.453547900030923046, -0.8696784483948812872 ) ) ;
#4911 = VERTEX_POINT ( 'NONE', #2857 ) ;
#4912 = DIRECTION ( 'NONE',  ( -0.01657441405229734960, -0.9998626349648350731, -2.628947785575034395E-16 ) ) ;
#4913 = CARTESIAN_POINT ( 'NONE',  ( 29.51495293980818602, 3.255632490840013826, 16.35602955787442525 ) ) ;
#4914 = B_SPLINE_CURVE_WITH_KNOTS ( 'NONE', 2,
 ( #2012, #6535, #3632 ),
 .UNSPECIFIED., .F., .F.,
 ( 3, 3 ),
 ( 0.3846235048292700465, 0.5801553313254793620 ),
 .UNSPECIFIED. ) ;
#4915 = LINE ( 'NONE', #6121, #4411 ) ;
#4916 = CARTESIAN_POINT ( 'NONE',  ( 51.16478839485137087, 9.297711587609139627, -1.189514827772171879 ) ) ;
#4917 = ORIENTED_EDGE ( 'NONE', *, *, #2762, .F. ) ;
#4918 = FACE_OUTER_BOUND ( 'NONE', #6296, .T. ) ;
#4919 = CARTESIAN_POINT ( 'NONE',  ( 41.09104801521822026, 0.06332698679862429347, -0.1602109181341961341 ) ) ;
#4920 = DIRECTION ( 'NONE',  ( -0.01657441405230464238, -0.9998626349648349620, -1.734723475976807480E-18 ) ) ;
#4921 = ORIENTED_EDGE ( 'NONE', *, *, #6092, .F. ) ;
#4922 = CARTESIAN_POINT ( 'NONE',  ( 29.46522969764930266, 0.2560445859506649824, 10.72997687891114715 ) ) ;
#4923 = FACE_OUTER_BOUND ( 'NONE', #5196, .T. ) ;
#4924 = CARTESIAN_POINT ( 'NONE',  ( 29.96251729863893587, 8.927394058639661623, 20.95399087480760869 ) ) ;
#4925 = EDGE_CURVE ( 'NONE', #3251, #3283, #2115, .T. ) ;
#4926 = DIRECTION ( 'NONE',  ( -0.9998626349648349620, 0.01657441405230470483, 0.000000000000000000 ) ) ;
#4927 = EDGE_CURVE ( 'NONE', #3283, #5830, #5558, .T. ) ;
#4928 = ADVANCED_FACE ( 'NONE', ( #3963 ), #5145, .F. ) ;
#4929 = DIRECTION ( 'NONE',  ( 0.01657441405230464238, 0.9998626349648349620, 1.734723475976807094E-18 ) ) ;
#4930 = CYLINDRICAL_SURFACE ( 'NONE', #359, 0.5000000000000004441 ) ;
#4931 = ORIENTED_EDGE ( 'NONE', *, *, #467, .T. ) ;
#4932 = CARTESIAN_POINT ( 'NONE',  ( 51.64301749531588825, 9.789770348802621314, -0.2999999999999964917 ) ) ;
#4933 = EDGE_CURVE ( 'NONE', #387, #2568, #532, .T. ) ;
#4934 = CARTESIAN_POINT ( 'NONE',  ( 29.86746299017574557, 9.398518793420853612, -22.31266246112222618 ) ) ;
#4935 = VECTOR ( 'NONE', #1562, 100.0000000000000000 ) ;
#4936 = ORIENTED_EDGE ( 'NONE', *, *, #3410, .F. ) ;
#4937 = CARTESIAN_POINT ( 'NONE',  ( 29.20948204592047048, 8.961479275765615427, 20.85670886413235792 ) ) ;
#4938 = EDGE_CURVE ( 'NONE', #3423, #444, #3452, .T. ) ;
#4939 = B_SPLINE_CURVE_WITH_KNOTS ( 'NONE', 2,
 ( #4260, #3155, #866 ),
 .UNSPECIFIED., .F., .F.,
 ( 3, 3 ),
 ( 0.000000000000000000, 0.02157229260134265955 ),
 .UNSPECIFIED. ) ;
#4940 = CARTESIAN_POINT ( 'NONE',  ( 40.67711678403340869, -0.05960920597759539197, -0.8556174192910744880 ) ) ;
#4941 = CARTESIAN_POINT ( 'NONE',  ( 29.22108413575708497, 9.661383120240994771, 21.49999999999999645 ) ) ;
#4942 = EDGE_LOOP ( 'NONE', ( #6173, #1851, #1998, #5080 ) ) ;
#4943 = EDGE_LOOP ( 'NONE', ( #5706, #5169, #6893, #1841, #6129, #2416, #1296 ) ) ;
#4944 = ADVANCED_FACE ( 'NONE', ( #6278 ), #1322, .F. ) ;
#4945 = FACE_OUTER_BOUND ( 'NONE', #4325, .T. ) ;
#4946 = CARTESIAN_POINT ( 'NONE',  ( 29.96503411859175614, 0.2477594824492579395, -11.76220813900177120 ) ) ;
#4947 = ORIENTED_EDGE ( 'NONE', *, *, #2140, .T. ) ;
#4948 = APPLICATION_CONTEXT ( 'automotive_design' ) ;
#4949 = CARTESIAN_POINT ( 'NONE',  ( 49.16585339637369145, 6.381044591686528378, -0.02175419871485369250 ) ) ;
#4950 = CARTESIAN_POINT ( 'NONE',  ( 49.17692248193642968, 6.764550871516980202, -0.7032390393741370094 ) ) ;
#4951 = EDGE_LOOP ( 'NONE', ( #2610, #2198, #1978, #4729 ) ) ;
#4952 = DIRECTION ( 'NONE',  ( 0.9998626349648349620, -0.01657441405230446890, 0.000000000000000000 ) ) ;
#4953 = CARTESIAN_POINT ( 'NONE',  ( 29.53457112863167566, 4.439112878646788829, -18.76458796928107731 ) ) ;
#4954 = DIRECTION ( 'NONE',  ( 0.01657441405230463891, 0.9998626349648348510, 2.526198420459838063E-16 ) ) ;
#4955 = DIRECTION ( 'NONE',  ( -0.0008781193980950778577, 0.9999996144530869380, -2.137303368083796319E-18 ) ) ;
#4956 = AXIS2_PLACEMENT_3D ( 'NONE', #1979, #7052, #7015 ) ;
#4957 = ORIENTED_EDGE ( 'NONE', *, *, #2056, .F. ) ;
#4958 = CARTESIAN_POINT ( 'NONE',  ( 39.96796895001340744, 0.3517089670912022514, -0.2487137891097714326 ) ) ;
#4959 = CARTESIAN_POINT ( 'NONE',  ( 45.75248458934753160, 2.831879275707885224, -0.8378261852492865369 ) ) ;
#4960 = VERTEX_POINT ( 'NONE', #3562 ) ;
#4961 = CIRCLE ( 'NONE', #957, 0.1749999999999973799 ) ;
#4962 = DIRECTION ( 'NONE',  ( 1.000000000000000000, 0.000000000000000000, 0.000000000000000000 ) ) ;
#4963 = FACE_OUTER_BOUND ( 'NONE', #6046, .T. ) ;
#4964 = CARTESIAN_POINT ( 'NONE',  ( 30.10935841738882601, 8.946562303118540171, 20.97078005163792724 ) ) ;
#4965 = CARTESIAN_POINT ( 'NONE',  ( 50.27832435838271152, 8.612227584705326677, -0.2999999999999972133 ) ) ;
#4966 = B_SPLINE_CURVE_WITH_KNOTS ( 'NONE', 3,
 ( #3146, #5405, #4837, #198, #5478, #417, #6678, #3222, #2769, #4437, #5589, #1047, #453, #3881, #7308, #2199, #3917, #526, #2229, #5025 ),
 .UNSPECIFIED., .F., .F.,
 ( 4, 2, 2, 2, 2, 2, 2, 2, 2, 4 ),
 ( 0.000000000000000000, 0.002228375553554240527, 0.003342563330331384426, 0.004456751107108528759, 0.005013844995497135186, 0.005570938883885740746, 0.006128032772274348040, 0.006685126660662954468, 0.007799314437440142168, 0.008913502214217329869 ),
 .UNSPECIFIED. ) ;
#4967 = CARTESIAN_POINT ( 'NONE',  ( 29.22216369412238279, -2.340283382147479330, -0.5000000000000032196 ) ) ;
#4968 = DIRECTION ( 'NONE',  ( 0.01657441405230464238, 0.9998626349648349620, 1.734723475976807094E-18 ) ) ;
#4969 = ORIENTED_EDGE ( 'NONE', *, *, #6858, .T. ) ;
#4970 = PLANE ( 'NONE',  #3116 ) ;
#4971 = CARTESIAN_POINT ( 'NONE',  ( 29.46109986238636225, 0.006909506002096381383, -12.27921898938790157 ) ) ;
#4972 = ADVANCED_FACE ( 'NONE', ( #6907 ), #5185, .F. ) ;
#4973 = ORIENTED_EDGE ( 'NONE', *, *, #6528, .T. ) ;
#4974 = EDGE_CURVE ( 'NONE', #3702, #353, #6276, .T. ) ;
#4975 = CARTESIAN_POINT ( 'NONE',  ( 28.89404282804268576, -2.578315570879211371, 0.2999999999999999889 ) ) ;
#4976 = DIRECTION ( 'NONE',  ( -0.01657441405230485054, -0.9998626349648350731, 3.783680950347351440E-18 ) ) ;
#4977 = PLANE ( 'NONE',  #1080 ) ;
#4978 = ORIENTED_EDGE ( 'NONE', *, *, #4516, .F. ) ;
#4979 = ORIENTED_EDGE ( 'NONE', *, *, #4337, .T. ) ;
#4980 = CARTESIAN_POINT ( 'NONE',  ( 29.45694249062517045, -0.2438867315338178188, 10.72997687891118801 ) ) ;
#4981 = CARTESIAN_POINT ( 'NONE',  ( 29.96516101513376640, 0.2477573789244779945, -11.72997687891027319 ) ) ;
#4982 = EDGE_CURVE ( 'NONE', #4095, #2814, #5450, .T. ) ;
#4983 = ORIENTED_EDGE ( 'NONE', *, *, #4881, .F. ) ;
#4984 = AXIS2_PLACEMENT_3D ( 'NONE', #5867, #5302, #1392 ) ;
#4985 = CARTESIAN_POINT ( 'NONE',  ( 30.05400500914900874, 6.647461227841615639, 19.29037837007849987 ) ) ;
#4986 = ADVANCED_FACE ( 'NONE', ( #3417 ), #609, .F. ) ;
#4987 = CARTESIAN_POINT ( 'NONE',  ( 49.16584676610369087, 6.380927380814354066, -0.9784526984979755593 ) ) ;
#4988 = ORIENTED_EDGE ( 'NONE', *, *, #3088, .T. ) ;
#4989 = DIRECTION ( 'NONE',  ( -3.372764553633511840E-16, -2.511834186424162314E-16, 1.000000000000000000 ) ) ;
#4990 = CARTESIAN_POINT ( 'NONE',  ( 29.47185946327227768, 0.6559896399365641173, -11.50000000229208119 ) ) ;
#4991 = CARTESIAN_POINT ( 'NONE',  ( 50.87160686715579061, 9.441919868863188015, -0.8521319731122803942 ) ) ;
#4992 = FACE_OUTER_BOUND ( 'NONE', #2558, .T. ) ;
#4993 = VERTEX_POINT ( 'NONE', #2974 ) ;
#4994 = CARTESIAN_POINT ( 'NONE',  ( 29.95249792247511778, 8.949162531090097517, -22.61697336043104656 ) ) ;
#4995 = CARTESIAN_POINT ( 'NONE',  ( 29.22216369412238279, -2.340283382147479330, -0.5000000000000032196 ) ) ;
#4996 = ORIENTED_EDGE ( 'NONE', *, *, #7076, .F. ) ;
#4997 = AXIS2_PLACEMENT_3D ( 'NONE', #6342, #1270, #6226 ) ;
#4998 = DIRECTION ( 'NONE',  ( -0.9998626349648349620, 0.01657441405230474646, 0.000000000000000000 ) ) ;
#5000 = CARTESIAN_POINT ( 'NONE',  ( 29.22216369412238279, -2.340283382147479774, -0.5000000000000032196 ) ) ;
#4999 = AXIS2_PLACEMENT_3D ( 'NONE', #2129, #7318, #5563 ) ;
#5001 = VECTOR ( 'NONE', #1945, 100.0000000000000142 ) ;
#5002 = VECTOR ( 'NONE', #6021, 100.0000000000000000 ) ;
#5003 = CARTESIAN_POINT ( 'NONE',  ( 29.61884194309542551, 3.860816390309063983, -16.93606279764118128 ) ) ;
#5004 = AXIS2_PLACEMENT_3D ( 'NONE', #4967, #1578, #2134 ) ;
#5005 = CARTESIAN_POINT ( 'NONE',  ( 29.42015928173211847, -2.462858458087963331, -1.447031369832410652 ) ) ;
#5006 = CARTESIAN_POINT ( 'NONE',  ( 30.04722909322191171, 9.313124980949789133, 21.25064302812241124 ) ) ;
#5007 = CARTESIAN_POINT ( 'NONE',  ( 29.99848976963260228, 0.2472048984560679119, 10.47552833453502252 ) ) ;
#5008 = CARTESIAN_POINT ( 'NONE',  ( 29.51628296686845232, 3.335867264561295897, -17.45197147569837526 ) ) ;
#5009 = CARTESIAN_POINT ( 'NONE',  ( 30.07300747582644007, 9.308827798956054167, -22.24772025355663985 ) ) ;
#5010 = B_SPLINE_CURVE_WITH_KNOTS ( 'NONE', 2,
 ( #4186, #5522, #4368 ),
 .UNSPECIFIED., .F., .F.,
 ( 3, 3 ),
 ( 0.3935134651481852486, 0.6271975413135638666 ),
 .UNSPECIFIED. ) ;
#5011 = ORIENTED_EDGE ( 'NONE', *, *, #3533, .T. ) ;
#5012 = LINE ( 'NONE', #511, #4574 ) ;
#5013 = CARTESIAN_POINT ( 'NONE',  ( 51.43443968877217287, 10.28307717325414039, -0.2999999999999964362 ) ) ;
#5014 = ORIENTED_EDGE ( 'NONE', *, *, #3085, .F. ) ;
#5015 = ORIENTED_EDGE ( 'NONE', *, *, #192, .T. ) ;
#5016 = AXIS2_PLACEMENT_3D ( 'NONE', #6739, #3285, #551 ) ;
#5017 = FACE_OUTER_BOUND ( 'NONE', #7107, .T. ) ;
#5018 = CARTESIAN_POINT ( 'NONE',  ( 31.02191643705909385, -2.370117327441628063, -0.2000000000000000111 ) ) ;
#5019 = DIRECTION ( 'NONE',  ( 0.01657441405230608913, 0.9998626349648349620, 0.000000000000000000 ) ) ;
#5020 = B_SPLINE_CURVE_WITH_KNOTS ( 'NONE', 2,
 ( #315, #3075, #3667 ),
 .UNSPECIFIED., .F., .F.,
 ( 3, 3 ),
 ( 0.6596861749284756993, 0.7967053436417098622 ),
 .UNSPECIFIED. ) ;
#5021 = CARTESIAN_POINT ( 'NONE',  ( 29.99056428855567091, 3.247748428428510525, 15.95254934674219882 ) ) ;
#5022 = EDGE_CURVE ( 'NONE', #6533, #4261, #6539, .T. ) ;
#5023 = ADVANCED_FACE ( 'NONE', ( #3675 ), #729, .F. ) ;
#5024 = ORIENTED_EDGE ( 'NONE', *, *, #7209, .F. ) ;
#5025 = CARTESIAN_POINT ( 'NONE',  ( 30.10935841738883667, 8.946562303118540171, -21.97078005163794501 ) ) ;
#5026 = DIRECTION ( 'NONE',  ( -0.9998626349648349620, 0.01657441405230474646, 0.000000000000000000 ) ) ;
#5027 = DIRECTION ( 'NONE',  ( 1.665393298452077782E-16, -1.025709229455379180E-18, -1.000000000000000000 ) ) ;
#5028 = EDGE_CURVE ( 'NONE', #832, #5561, #5367, .T. ) ;
#5029 = EDGE_LOOP ( 'NONE', ( #3077, #2458, #3924, #5143 ) ) ;
#5030 = CARTESIAN_POINT ( 'NONE',  ( 29.60573172202202841, 8.731923362830034563, -22.36654262849260988 ) ) ;
#5031 = CARTESIAN_POINT ( 'NONE',  ( 31.03832149385492656, -1.380471282467322203, -0.2000000000000000111 ) ) ;
#5032 = ORIENTED_EDGE ( 'NONE', *, *, #245, .F. ) ;
#5033 = CARTESIAN_POINT ( 'NONE',  ( 29.42617050577511861, -2.100227339302371377, -7.521880668120234148 ) ) ;
#5034 = CARTESIAN_POINT ( 'NONE',  ( 48.51739294328382357, 6.451231083877006611, -0.2750660915585290689 ) ) ;
#5035 = CARTESIAN_POINT ( 'NONE',  ( 29.60573825696268813, 6.326580596086745167, 18.68712484683197772 ) ) ;
#5036 = CARTESIAN_POINT ( 'NONE',  ( 28.59563592806793153, -2.329897624897717900, -8.673617379884035472E-17 ) ) ;
#5037 = CARTESIAN_POINT ( 'NONE',  ( 29.41674935829490067, -2.668564374580249421, -1.300000000000003597 ) ) ;
#5038 = CARTESIAN_POINT ( 'NONE',  ( 28.76461302534038467, -10.33379777729916071, -0.8250000000000037303 ) ) ;
#5039 = CARTESIAN_POINT ( 'NONE',  ( 29.43109815211983360, -9.344708511468324375, -0.8250000000000035083 ) ) ;
#5040 = CARTESIAN_POINT ( 'NONE',  ( 41.09104801521758787, 0.06332698679863552060, -0.8397890818657933742 ) ) ;
#5041 = CARTESIAN_POINT ( 'NONE',  ( 29.62102918974302668, 9.654753354620073225, 8.706924070622789853E-15 ) ) ;
#5042 = ORIENTED_EDGE ( 'NONE', *, *, #700, .F. ) ;
#5043 = AXIS2_PLACEMENT_3D ( 'NONE', #4995, #5413, #1536 ) ;
#5044 = CARTESIAN_POINT ( 'NONE',  ( 29.47185946327228123, 0.6559896399365641173, -11.50000000000000178 ) ) ;
#5045 =( BOUNDED_CURVE ( )  B_SPLINE_CURVE ( 3, ( #5714, #1713, #1788, #4034 ),
 .UNSPECIFIED., .F., .F. ) 
 B_SPLINE_CURVE_WITH_KNOTS ( ( 4, 4 ),
 ( 3.182862339866111334, 4.712388980384689674 ),
 .UNSPECIFIED. ) 
 CURVE ( )  GEOMETRIC_REPRESENTATION_ITEM ( )  RATIONAL_B_SPLINE_CURVE ( ( 1.000000000000000000, 0.8143641644715886585, 0.8143641644715886585, 1.000000000000000000 ) ) 
 REPRESENTATION_ITEM ( '' )  );
#5046 = DIRECTION ( 'NONE',  ( 1.000000000000000000, 0.000000000000000000, 0.000000000000000000 ) ) ;
#5047 = PLANE ( 'NONE',  #1894 ) ;
#5048 = VERTEX_POINT ( 'NONE', #284 ) ;
#5049 = ORIENTED_EDGE ( 'NONE', *, *, #2316, .F. ) ;
#5050 = AXIS2_PLACEMENT_3D ( 'NONE', #6455, #1314, #3554 ) ;
#5051 = DIRECTION ( 'NONE',  ( 0.01657441405230465278, 0.9998626349648350731, 3.469446951953613418E-18 ) ) ;
#5052 = B_SPLINE_CURVE_WITH_KNOTS ( 'NONE', 3,
 ( #6288, #1763, #4124, #4049 ),
 .UNSPECIFIED., .F., .F.,
 ( 4, 4 ),
 ( 0.000000000000000000, 0.0005570724271395249578 ),
 .UNSPECIFIED. ) ;
#5053 = CARTESIAN_POINT ( 'NONE',  ( 29.40945457291341825, 8.958164392955156430, -0.5000000000000032196 ) ) ;
#5054 = AXIS2_PLACEMENT_3D ( 'NONE', #5255, #2992, #748 ) ;
#5055 = CARTESIAN_POINT ( 'NONE',  ( 29.99558813191475792, 3.327921970892989467, 15.95239721201883931 ) ) ;
#5056 = DIRECTION ( 'NONE',  ( -1.000000000000000000, 0.000000000000000000, -1.665393298452073591E-16 ) ) ;
#5057 = ORIENTED_EDGE ( 'NONE', *, *, #4571, .F. ) ;
#5058 = CARTESIAN_POINT ( 'NONE',  ( 30.10488221047305046, 9.305168729897584257, 21.24535599544454101 ) ) ;
#5059 = LINE ( 'NONE', #5479, #64 ) ;
#5060 = CARTESIAN_POINT ( 'NONE',  ( 50.97651444250054453, 9.594569387715958797, -0.7434754697864304207 ) ) ;
#5061 = EDGE_CURVE ( 'NONE', #3473, #2312, #1361, .T. ) ;
#5062 = EDGE_CURVE ( 'NONE', #6466, #2985, #152, .T. ) ;
#5063 = ORIENTED_EDGE ( 'NONE', *, *, #2245, .T. ) ;
#5064 = CARTESIAN_POINT ( 'NONE',  ( 29.60427712457405391, 8.644173796907631768, -22.30397454446286432 ) ) ;
#5065 = DIRECTION ( 'NONE',  ( 0.01657441405230466319, 0.9998626349648349620, 1.734723475976807094E-18 ) ) ;
#5066 = ORIENTED_EDGE ( 'NONE', *, *, #3309, .T. ) ;
#5067 = LINE ( 'NONE', #6096, #2517 ) ;
#5068 = VECTOR ( 'NONE', #2454, 100.0000000000000000 ) ;
#5069 = CARTESIAN_POINT ( 'NONE',  ( 29.20948204594411735, 8.961479277191921611, -21.97078005274589074 ) ) ;
#5070 = DIRECTION ( 'NONE',  ( -0.9998626349648348510, 0.01657441405230464584, 0.000000000000000000 ) ) ;
#5071 = EDGE_CURVE ( 'NONE', #5358, #7077, #172, .T. ) ;
#5072 = CYLINDRICAL_SURFACE ( 'NONE', #4473, 0.4999999999999985567 ) ;
#5073 = AXIS2_PLACEMENT_3D ( 'NONE', #3472, #5742, #2983 ) ;
#5074 = EDGE_CURVE ( 'NONE', #3198, #543, #5639, .T. ) ;
#5075 = CARTESIAN_POINT ( 'NONE',  ( 40.32796630358540568, 0.5014324615895240367, 0.04217312344664127244 ) ) ;
#5076 = DIRECTION ( 'NONE',  ( 0.9998626349648348510, -0.01657441405230463544, -0.000000000000000000 ) ) ;
#5077 = ORIENTED_EDGE ( 'NONE', *, *, #5534, .F. ) ;
#5078 = CARTESIAN_POINT ( 'NONE',  ( 41.17600841706751424, 0.06191862446058250813, -1.103658722146302118 ) ) ;
#5079 = PRESENTATION_STYLE_ASSIGNMENT (( #4594 ) ) ;
#5080 = ORIENTED_EDGE ( 'NONE', *, *, #49, .T. ) ;
#5081 = PLANE ( 'NONE',  #4807 ) ;
#5082 = SHAPE_DEFINITION_REPRESENTATION ( #4831, #185 ) ;
#5083 = EDGE_CURVE ( 'NONE', #6159, #1518, #4039, .T. ) ;
#5084 = CARTESIAN_POINT ( 'NONE',  ( 28.70315526907019787, -2.463616544315130330, -1.300000000000007594 ) ) ;
#5085 = EDGE_LOOP ( 'NONE', ( #923, #6248, #7143, #2031, #1156, #366, #5921, #6327 ) ) ;
#5086 = ORIENTED_EDGE ( 'NONE', *, *, #6124, .T. ) ;
#5087 = CARTESIAN_POINT ( 'NONE',  ( 40.24572841237873178, 0.4665809341019984124, -1.233333333333342274 ) ) ;
#5088 = LINE ( 'NONE', #4053, #1242 ) ;
#5089 = CARTESIAN_POINT ( 'NONE',  ( 29.47185946327228123, 0.6559896399365641173, -11.50000000000000178 ) ) ;
#5090 = CARTESIAN_POINT ( 'NONE',  ( 49.26849197523844026, 6.411646406265053777, -0.2999999999999981015 ) ) ;
#5091 = FACE_OUTER_BOUND ( 'NONE', #3139, .T. ) ;
#5092 = ORIENTED_EDGE ( 'NONE', *, *, #6175, .F. ) ;
#5093 = LINE ( 'NONE', #2296, #4408 ) ;
#5094 = DIRECTION ( 'NONE',  ( -0.01657441405230465278, -0.9998626349648348510, -3.469446951953612648E-18 ) ) ;
#5095 = CARTESIAN_POINT ( 'NONE',  ( 29.89050308736316808, 8.906812469089429030, -22.27534718709613770 ) ) ;
#5096 = VERTEX_POINT ( 'NONE', #3605 ) ;
#5097 = B_SPLINE_CURVE_WITH_KNOTS ( 'NONE', 3,
 ( #541, #3275, #1137, #1653, #5609, #1067, #2677, #2096 ),
 .UNSPECIFIED., .F., .F.,
 ( 4, 2, 2, 4 ),
 ( 0.001982552054653278703, 0.003016624174356869088, 0.004050696294060459474, 0.006118840533467640244 ),
 .UNSPECIFIED. ) ;
#5098 = CARTESIAN_POINT ( 'NONE',  ( 29.70575832208597333, 8.953252657230068579, -22.31067233426082907 ) ) ;
#5099 = CARTESIAN_POINT ( 'NONE',  ( 29.55638897493903983, 5.755289078257224133, -19.48925470086114586 ) ) ;
#5100 = ORIENTED_EDGE ( 'NONE', *, *, #6638, .T. ) ;
#5101 = EDGE_CURVE ( 'NONE', #3592, #6590, #2494, .T. ) ;
#5102 = CARTESIAN_POINT ( 'NONE',  ( 29.26525717065837640, 0.2593594687610915606, -0.5000000000000032196 ) ) ;
#5103 = EDGE_CURVE ( 'NONE', #3079, #5735, #1396, .T. ) ;
#5104 = DIRECTION ( 'NONE',  ( 0.9998626349648349620, -0.01657441405230463891, 0.000000000000000000 ) ) ;
#5105 = EDGE_CURVE ( 'NONE', #4270, #1934, #2196, .T. ) ;
#5106 = PLANE ( 'NONE',  #5115 ) ;
#5107 = LINE ( 'NONE', #2375, #5662 ) ;
#5108 = DIRECTION ( 'NONE',  ( 2.668438747116199702E-16, -4.423388485706582385E-18, -1.000000000000000000 ) ) ;
#5109 = ORIENTED_EDGE ( 'NONE', *, *, #3722, .F. ) ;
#5110 = EDGE_CURVE ( 'NONE', #1230, #3411, #7057, .T. ) ;
#5111 = AXIS2_PLACEMENT_3D ( 'NONE', #1816, #4065, #1310 ) ;
#5112 = DIRECTION ( 'NONE',  ( 0.01657441405230467013, 0.9998626349648350731, 1.734723475976807094E-18 ) ) ;
#5113 = EDGE_CURVE ( 'NONE', #3804, #4387, #464, .T. ) ;
#5114 = DIRECTION ( 'NONE',  ( 0.01657441405230464238, 0.9998626349648349620, -0.000000000000000000 ) ) ;
#5115 = AXIS2_PLACEMENT_3D ( 'NONE', #5000, #2892, #1205 ) ;
#5116 = CARTESIAN_POINT ( 'NONE',  ( 40.88587220705526448, 0.06672812279342497932, -0.8209103441393197365 ) ) ;
#5117 = SURFACE_STYLE_FILL_AREA ( #2825 ) ;
#5118 = VECTOR ( 'NONE', #716, 100.0000000000000142 ) ;
#5119 = EDGE_CURVE ( 'NONE', #6768, #2187, #3644, .T. ) ;
#5120 = ORIENTED_EDGE ( 'NONE', *, *, #6986, .T. ) ;
#5121 = AXIS2_PLACEMENT_3D ( 'NONE', #1876, #5943, #7018 ) ;
#5122 = PLANE ( 'NONE',  #337 ) ;
#5123 = DIRECTION ( 'NONE',  ( 0.9998626349648348510, -0.01657441405230463891, 3.341506680459168366E-16 ) ) ;
#5124 = ORIENTED_EDGE ( 'NONE', *, *, #1774, .T. ) ;
#5125 = ORIENTED_EDGE ( 'NONE', *, *, #5812, .T. ) ;
#5126 = DIRECTION ( 'NONE',  ( -0.9998626349648349620, 0.01657441405230446890, 0.000000000000000000 ) ) ;
#5127 = FACE_OUTER_BOUND ( 'NONE', #4326, .T. ) ;
#5128 = CARTESIAN_POINT ( 'NONE',  ( 29.85371949902657107, 8.889574565052591026, 21.28796992237909080 ) ) ;
#5129 = CARTESIAN_POINT ( 'NONE',  ( 30.73836270336547827, -1.375498958251630821, 0.2999999999999999889 ) ) ;
#5130 = CARTESIAN_POINT ( 'NONE',  ( 30.11471456661206503, 9.269675594406724173, 21.74663514059541569 ) ) ;
#5131 = CARTESIAN_POINT ( 'NONE',  ( 30.07123726506853600, 6.646878242699422401, -20.28977609426087270 ) ) ;
#5132 = ORIENTED_EDGE ( 'NONE', *, *, #3348, .T. ) ;
#5133 = CARTESIAN_POINT ( 'NONE',  ( 29.61862405080233884, 6.353936728901432573, -19.71398610861536937 ) ) ;
#5134 = DIRECTION ( 'NONE',  ( 0.01657441405230464931, 0.9998626349648349620, 3.469446951953613418E-18 ) ) ;
#5135 = CARTESIAN_POINT ( 'NONE',  ( 29.69265360478944160, 8.794031577733120386, -22.34936824923341092 ) ) ;
#5136 = VECTOR ( 'NONE', #35, 100.0000000000000000 ) ;
#5137 = CARTESIAN_POINT ( 'NONE',  ( 29.69428302338457826, 8.953442879712593339, -22.46503025850118718 ) ) ;
#5138 = CARTESIAN_POINT ( 'NONE',  ( 29.81243586272541179, 6.183488279899009399, 19.35769687038437326 ) ) ;
#5139 = ORIENTED_EDGE ( 'NONE', *, *, #2232, .F. ) ;
#5140 = CARTESIAN_POINT ( 'NONE',  ( 48.35134989619359658, 5.943799508593357039, -1.199999999999998401 ) ) ;
#5141 = CARTESIAN_POINT ( 'NONE',  ( 50.77576818653075463, 9.304077780756356830, -0.2609303574332930697 ) ) ;
#5142 = CARTESIAN_POINT ( 'NONE',  ( 29.47185946327227768, 0.6559896399365641173, -12.27921898938788203 ) ) ;
#5143 = ORIENTED_EDGE ( 'NONE', *, *, #4663, .F. ) ;
#5144 = LINE ( 'NONE', #6905, #1303 ) ;
#5145 = CYLINDRICAL_SURFACE ( 'NONE', #3471, 0.4999999999999985567 ) ;
#5146 = ORIENTED_EDGE ( 'NONE', *, *, #2798, .T. ) ;
#5147 = CARTESIAN_POINT ( 'NONE',  ( 29.57959315461226169, 7.155096767207866471, 19.46425231158483626 ) ) ;
#5148 = ORIENTED_EDGE ( 'NONE', *, *, #4927, .T. ) ;
#5149 = CARTESIAN_POINT ( 'NONE',  ( 51.37913747163672440, 9.365135457433201083, -0.7868437527390131914 ) ) ;
#5150 = EDGE_CURVE ( 'NONE', #7185, #4960, #1061, .T. ) ;
#5151 = CARTESIAN_POINT ( 'NONE',  ( 39.73217152248156481, -0.4142160292780104891, -0.3000000000000029865 ) ) ;
#5152 = VERTEX_POINT ( 'NONE', #3307 ) ;
#5153 = EDGE_CURVE ( 'NONE', #1411, #781, #6691, .T. ) ;
#5154 = CARTESIAN_POINT ( 'NONE',  ( 46.27954025300284968, 3.877854750882866242, -0.2999999999999997669 ) ) ;
#5155 = EDGE_CURVE ( 'NONE', #924, #4693, #433, .T. ) ;
#5156 = DIRECTION ( 'NONE',  ( -0.9998626349648349620, 0.01657441405230580117, -1.665334536937735304E-16 ) ) ;
#5157 = VERTEX_POINT ( 'NONE', #3787 ) ;
#5158 = DIRECTION ( 'NONE',  ( 0.01657441405230466319, 0.9998626349648349620, 1.734723475976807094E-18 ) ) ;
#5159 = DIRECTION ( 'NONE',  ( -0.01657441405230579770, -0.9998626349648348510, 0.000000000000000000 ) ) ;
#5160 = CARTESIAN_POINT ( 'NONE',  ( 30.05885587995373953, 8.945283828738483933, -22.24794809331386958 ) ) ;
#5161 = CIRCLE ( 'NONE', #4458, 0.1749999999999973799 ) ;
#5162 = ADVANCED_FACE ( 'NONE', ( #5420 ), #7133, .F. ) ;
#5163 = DIRECTION ( 'NONE',  ( 0.9998626349648348510, -0.01657441405230446890, -0.000000000000000000 ) ) ;
#5164 = CARTESIAN_POINT ( 'NONE',  ( 31.22188896405206293, -2.373432210252088836, 0.2999999999999989897 ) ) ;
#5165 = ADVANCED_FACE ( 'NONE', ( #6099 ), #7208, .F. ) ;
#5166 = CARTESIAN_POINT ( 'NONE',  ( 30.05886100643326131, 6.247028446553152925, 19.28997938598704920 ) ) ;
#5167 = VECTOR ( 'NONE', #4396, 100.0000000000000142 ) ;
#5168 = ORIENTED_EDGE ( 'NONE', *, *, #6976, .T. ) ;
#5169 = ORIENTED_EDGE ( 'NONE', *, *, #2853, .T. ) ;
#5170 = CARTESIAN_POINT ( 'NONE',  ( 29.56350887366097169, 6.184801740021896421, -19.54726388335850018 ) ) ;
#5171 = DIRECTION ( 'NONE',  ( -0.01657441405230464238, -0.9998626349648349620, -1.734723475976807480E-18 ) ) ;
#5172 = PLANE ( 'NONE',  #5111 ) ;
#5173 = ORIENTED_EDGE ( 'NONE', *, *, #5074, .T. ) ;
#5174 =( GEOMETRIC_REPRESENTATION_CONTEXT ( 3 ) GLOBAL_UNCERTAINTY_ASSIGNED_CONTEXT ( ( #4603 ) ) GLOBAL_UNIT_ASSIGNED_CONTEXT ( ( #6176, #5651, #3281 ) ) REPRESENTATION_CONTEXT ( 'NONE', 'WORKASPACE' ) );
#5175 = VERTEX_POINT ( 'NONE', #3160 ) ;
#5176 = CARTESIAN_POINT ( 'NONE',  ( 28.56148633367248735, -2.652058539001629356, -1.000000000000006661 ) ) ;
#5177 = CARTESIAN_POINT ( 'NONE',  ( 40.24039004699012878, 0.07742808117825472625, -1.200000000000002620 ) ) ;
#5178 = VERTEX_POINT ( 'NONE', #3273 ) ;
#5179 = CARTESIAN_POINT ( 'NONE',  ( 40.54379318881267835, 0.07155198322723954618, 0.1703389830508404146 ) ) ;
#5180 = VECTOR ( 'NONE', #1858, 100.0000000000000142 ) ;
#5181 = CARTESIAN_POINT ( 'NONE',  ( 48.60585049137491609, 6.550022023213641909, -0.2368848200159478223 ) ) ;
#5182 = CARTESIAN_POINT ( 'NONE',  ( 48.77768462631528479, 6.744631604321445373, -0.2935879657261063480 ) ) ;
#5183 = ORIENTED_EDGE ( 'NONE', *, *, #865, .F. ) ;
#5184 = CARTESIAN_POINT ( 'NONE',  ( 50.77576818653075463, 9.304077780756349725, -1.208399999999996588 ) ) ;
#5185 = CYLINDRICAL_SURFACE ( 'NONE', #6328, 0.4999999999999985567 ) ;
#5186 = ORIENTED_EDGE ( 'NONE', *, *, #6812, .F. ) ;
#5187 = DIRECTION ( 'NONE',  ( -0.01657441405230463891, -0.9998626349648348510, -0.000000000000000000 ) ) ;
#5188 = CARTESIAN_POINT ( 'NONE',  ( 29.87380251517779328, 9.650563209283486543, -23.00000000000001066 ) ) ;
#5189 = CARTESIAN_POINT ( 'NONE',  ( 51.31640525517597951, 9.266354813438420379, -0.8397780223249381448 ) ) ;
#5190 = CARTESIAN_POINT ( 'NONE',  ( 29.02193589392654260, -2.352368026370412757, 0.6500674708195870455 ) ) ;
#5191 = B_SPLINE_CURVE_WITH_KNOTS ( 'NONE', 3,
 ( #6881, #1222, #179, #5740 ),
 .UNSPECIFIED., .F., .F.,
 ( 4, 4 ),
 ( 0.001999999999999860830, 0.009339821587819024246 ),
 .UNSPECIFIED. ) ;
#5192 = ORIENTED_EDGE ( 'NONE', *, *, #3352, .T. ) ;
#5193 = AXIS2_PLACEMENT_3D ( 'NONE', #3535, #803, #5840 ) ;
#5194 = CARTESIAN_POINT ( 'NONE',  ( 29.04276639057133025, -1.095754356822523867, -7.365437551427183038 ) ) ;
#5195 = PLANE ( 'NONE',  #4832 ) ;
#5196 = EDGE_LOOP ( 'NONE', ( #5535, #4419, #2152, #5716, #5192, #4066, #1483, #2768, #3335, #1346, #2218, #5654, #1666, #2483, #5819, #4684, #766, #5124 ) ) ;
#5197 = EDGE_CURVE ( 'NONE', #6787, #387, #3236, .T. ) ;
#5198 = CARTESIAN_POINT ( 'NONE',  ( 45.38722668932538085, 3.507746558113029156, -0.1199974673130366903 ) ) ;
#5199 = EDGE_CURVE ( 'NONE', #2112, #5451, #2421, .T. ) ;
#5200 = CARTESIAN_POINT ( 'NONE',  ( 50.27832435838304548, 8.612227584705321348, -0.2993317901867602604 ) ) ;
#5201 = EDGE_CURVE ( 'NONE', #1408, #3999, #6255, .T. ) ;
#5202 =( BOUNDED_CURVE ( )  B_SPLINE_CURVE ( 3, ( #4328, #6534, #1458, #3705 ),
 .UNSPECIFIED., .F., .T. ) 
 B_SPLINE_CURVE_WITH_KNOTS ( ( 4, 4 ),
 ( 3.182862339866119328, 4.695813807375692761 ),
 .UNSPECIFIED. ) 
 CURVE ( )  GEOMETRIC_REPRESENTATION_ITEM ( )  RATIONAL_B_SPLINE_CURVE ( ( 1.000000000000000000, 0.8181729646123363509, 0.8181729646123363509, 1.000000000000000000 ) ) 
 REPRESENTATION_ITEM ( '' )  );
#5203 = ORIENTED_EDGE ( 'NONE', *, *, #5309, .T. ) ;
#5204 = B_SPLINE_CURVE_WITH_KNOTS ( 'NONE', 3,
 ( #6884, #5881, #5166, #776 ),
 .UNSPECIFIED., .F., .F.,
 ( 4, 4 ),
 ( 0.000000000000000000, 0.0001725263028966932631 ),
 .UNSPECIFIED. ) ;
#5205 = DIRECTION ( 'NONE',  ( 0.01657441405230466666, 0.9998626349648348510, 1.734723475976806902E-18 ) ) ;
#5206 = DIRECTION ( 'NONE',  ( -0.01657441405230485054, -0.9998626349648350731, 0.000000000000000000 ) ) ;
#5207 = LINE ( 'NONE', #1305, #2718 ) ;
#5208 = ORIENTED_EDGE ( 'NONE', *, *, #48, .T. ) ;
#5209 = ORIENTED_EDGE ( 'NONE', *, *, #1909, .T. ) ;
#5210 = CARTESIAN_POINT ( 'NONE',  ( 27.23884348098842878, -2.307406495602015717, 0.000000000000000000 ) ) ;
#5211 = CARTESIAN_POINT ( 'NONE',  ( 29.96516101513376640, 0.2477573789244779945, 9.976640682965166818 ) ) ;
#5212 = EDGE_CURVE ( 'NONE', #6068, #224, #6356, .T. ) ;
#5213 = CARTESIAN_POINT ( 'NONE',  ( 29.51495293980818602, 3.255632490840013826, 16.35602955787442525 ) ) ;
#5214 = ORIENTED_EDGE ( 'NONE', *, *, #4435, .F. ) ;
#5215 = EDGE_CURVE ( 'NONE', #6349, #4647, #6708, .T. ) ;
#5216 = CARTESIAN_POINT ( 'NONE',  ( 40.76048524534689221, -0.3034283397540505911, -0.7000000000000027311 ) ) ;
#5217 = CARTESIAN_POINT ( 'NONE',  ( 29.77275776503040561, 0.2135171878377922772, 10.81718559156596804 ) ) ;
#5218 = ORIENTED_EDGE ( 'NONE', *, *, #3588, .T. ) ;
#5219 = CARTESIAN_POINT ( 'NONE',  ( 39.74338221018398798, 0.2620762191558760890, -0.3000000000000028755 ) ) ;
#5220 = CARTESIAN_POINT ( 'NONE',  ( 29.87316709899226552, -2.423883385455514183, -1.300000000000007150 ) ) ;
#5221 = DIRECTION ( 'NONE',  ( -0.9998626349648349620, 0.01657441405230465972, 0.000000000000000000 ) ) ;
#5222 = ORIENTED_EDGE ( 'NONE', *, *, #6449, .F. ) ;
#5223 = CARTESIAN_POINT ( 'NONE',  ( 29.59231616714997415, 6.505214485540859570, 19.63340128517781480 ) ) ;
#5224 = CARTESIAN_POINT ( 'NONE',  ( 40.52203892539461805, 0.5851772632036202904, -0.1182141534444832442 ) ) ;
#5225 = VERTEX_POINT ( 'NONE', #4485 ) ;
#5226 = CARTESIAN_POINT ( 'NONE',  ( 28.02991439782486083, -2.320519833836566903, 0.000000000000000000 ) ) ;
#5227 = CARTESIAN_POINT ( 'NONE',  ( 29.82132385193725455, 3.692342380039515870, 15.72141722554228416 ) ) ;
#5228 = CARTESIAN_POINT ( 'NONE',  ( 51.17453643637738026, 9.045479668543885410, -1.080859769327142006 ) ) ;
#5229 = CARTESIAN_POINT ( 'NONE',  ( 29.93155456583245311, 8.949509702643970499, 21.63992675350231210 ) ) ;
#5230 = ORIENTED_EDGE ( 'NONE', *, *, #2092, .T. ) ;
#5231 = CARTESIAN_POINT ( 'NONE',  ( 29.81243586272524482, 6.183488279898914364, -20.35769687038448694 ) ) ;
#5232 = AXIS2_PLACEMENT_3D ( 'NONE', #3792, #2752, #991 ) ;
#5233 = CARTESIAN_POINT ( 'NONE',  ( 40.78935794662710634, 0.7043388805884007731, -0.2245746163139903384 ) ) ;
#5234 = VERTEX_POINT ( 'NONE', #1752 ) ;
#5235 = VECTOR ( 'NONE', #5677, 100.0000000000000142 ) ;
#5236 = CARTESIAN_POINT ( 'NONE',  ( 45.51941571667673969, 2.641002344095500831, -0.2782927830478812425 ) ) ;
#5237 = CARTESIAN_POINT ( 'NONE',  ( 29.62709807832716180, 8.748140382128488213, 21.36681510368961767 ) ) ;
#5238 = VECTOR ( 'NONE', #6151, 100.0000000000000142 ) ;
#5239 = VERTEX_POINT ( 'NONE', #2854 ) ;
#5240 = AXIS2_PLACEMENT_3D ( 'NONE', #4045, #4593, #6324 ) ;
#5241 = DIRECTION ( 'NONE',  ( 0.01657441405230463891, 0.9998626349648348510, 0.000000000000000000 ) ) ;
#5242 = B_SPLINE_CURVE_WITH_KNOTS ( 'NONE', 3,
 ( #3171, #3761, #4862, #1517, #4311, #6593, #6033, #583, #2830, #7223, #6770, #5693, #2725, #548 ),
 .UNSPECIFIED., .F., .F.,
 ( 4, 2, 2, 2, 2, 2, 4 ),
 ( 0.000000000000000000, 0.0007858275687461169440, 0.001571655137492233888, 0.003143310274984476450, 0.003929137843730597622, 0.004714965412476718361, 0.006286620549969086473 ),
 .UNSPECIFIED. ) ;
#5243 = B_SPLINE_CURVE_WITH_KNOTS ( 'NONE', 2,
 ( #975, #418, #2663 ),
 .UNSPECIFIED., .F., .F.,
 ( 3, 3 ),
 ( 0.9585772340791320900, 0.9832991604359857529 ),
 .UNSPECIFIED. ) ;
#5244 = CARTESIAN_POINT ( 'NONE',  ( 41.02335013817020837, -0.1798467623395477166, -0.7000000000000011768 ) ) ;
#5245 = DIRECTION ( 'NONE',  ( -1.000000000000000000, 0.000000000000000000, 0.000000000000000000 ) ) ;
#5246 = EDGE_LOOP ( 'NONE', ( #4289, #6406 ) ) ;
#5247 = ORIENTED_EDGE ( 'NONE', *, *, #3588, .F. ) ;
#5248 = CARTESIAN_POINT ( 'NONE',  ( 29.56254706017893952, 5.835603979033790800, 19.04317734311750954 ) ) ;
#5249 = DIRECTION ( 'NONE',  ( -0.01657441405230484707, -0.9998626349648348510, 0.000000000000000000 ) ) ;
#5250 =( BOUNDED_CURVE ( )  B_SPLINE_CURVE ( 3, ( #2445, #2303, #1900, #5679 ),
 .UNSPECIFIED., .F., .T. ) 
 B_SPLINE_CURVE_WITH_KNOTS ( ( 4, 4 ),
 ( 3.176078591650036920, 3.667699953046133832 ),
 .UNSPECIFIED. ) 
 CURVE ( )  GEOMETRIC_REPRESENTATION_ITEM ( )  RATIONAL_B_SPLINE_CURVE ( ( 1.000000000000000000, 0.9799602469832140450, 0.9799602469832140450, 1.000000000000000000 ) ) 
 REPRESENTATION_ITEM ( '' )  );
#5251 = CARTESIAN_POINT ( 'NONE',  ( 29.64811372097335607, 9.224894165998199114, 21.26104410971690939 ) ) ;
#5252 = EDGE_CURVE ( 'NONE', #4035, #1250, #5107, .T. ) ;
#5253 = ORIENTED_EDGE ( 'NONE', *, *, #6078, .F. ) ;
#5254 = B_SPLINE_SURFACE_WITH_KNOTS ( 'NONE', 2, 1, ( 
 ( #5058, #6927 ),
 ( #4539, #7341 ),
 ( #6779, #113 ) ),
 .UNSPECIFIED., .F., .F., .F.,
 ( 3, 3 ),
 ( 2, 2 ),
 ( 0.9834053270158960025, 1.000000000000000000 ),
 ( 0.000000000000000000, 1.000000000000000000 ),
 .UNSPECIFIED. ) ;
#5255 = CARTESIAN_POINT ( 'NONE',  ( 30.73836270336547827, -1.375498958251631265, -0.8000000000000069278 ) ) ;
#5256 = ADVANCED_FACE ( 'NONE', ( #1206 ), #2894, .F. ) ;
#5257 = EDGE_CURVE ( 'NONE', #1742, #449, #6828, .T. ) ;
#5258 = CARTESIAN_POINT ( 'NONE',  ( 0.06206087683529298155, 3.743863984871032891, -1.200000000000015721 ) ) ;
#5259 = ORIENTED_EDGE ( 'NONE', *, *, #6039, .F. ) ;
#5260 = EDGE_CURVE ( 'NONE', #2401, #6620, #5681, .T. ) ;
#5261 = DIRECTION ( 'NONE',  ( -0.9998626349648349620, 0.01657441405230464584, 0.000000000000000000 ) ) ;
#5262 = CARTESIAN_POINT ( 'NONE',  ( 29.60571985860492816, 8.731207694243591888, -22.36603401594316765 ) ) ;
#5263 = CARTESIAN_POINT ( 'NONE',  ( 29.57952447209468616, 7.149572120640776518, -20.78455605351632585 ) ) ;
#5264 = ORIENTED_EDGE ( 'NONE', *, *, #2456, .F. ) ;
#5265 = CARTESIAN_POINT ( 'NONE',  ( 30.02980122993776391, 4.147221655287334663, 3.255189098589949502E-15 ) ) ;
#5266 = AXIS2_PLACEMENT_3D ( 'NONE', #6009, #4838, #7117 ) ;
#5267 = VERTEX_POINT ( 'NONE', #5036 ) ;
#5268 = CARTESIAN_POINT ( 'NONE',  ( 30.06549077205419707, 6.646973500539088420, -20.28997938598705630 ) ) ;
#5269 = ORIENTED_EDGE ( 'NONE', *, *, #393, .F. ) ;
#5270 = LINE ( 'NONE', #2859, #3897 ) ;
#5271 = CARTESIAN_POINT ( 'NONE',  ( 29.76678488641878317, 6.214736989880919715, -20.38450350420871970 ) ) ;
#5272 = CARTESIAN_POINT ( 'NONE',  ( 30.07100856048479542, 8.947198016850556712, 21.40662491552836499 ) ) ;
#5273 = EDGE_LOOP ( 'NONE', ( #2474, #3772, #796, #6314, #2630 ) ) ;
#5274 = DIRECTION ( 'NONE',  ( -3.382917932875482834E-16, -2.470467893844505313E-16, 1.000000000000000000 ) ) ;
#5275 = LINE ( 'NONE', #3606, #2712 ) ;
#5276 = B_SPLINE_CURVE_WITH_KNOTS ( 'NONE', 3,
 ( #3681, #884, #1403, #7182 ),
 .UNSPECIFIED., .F., .F.,
 ( 4, 4 ),
 ( -0.004846646864380902385, 0.008846646864380910275 ),
 .UNSPECIFIED. ) ;
#5277 = ORIENTED_EDGE ( 'NONE', *, *, #2721, .F. ) ;
#5278 = CARTESIAN_POINT ( 'NONE',  ( 51.93437100625460090, 10.27478996622798668, -0.6999999999999962919 ) ) ;
#5279 = CARTESIAN_POINT ( 'NONE',  ( 45.40509928241371540, 3.521826672363827182, -0.8635563436356777922 ) ) ;
#5280 = ORIENTED_EDGE ( 'NONE', *, *, #4442, .F. ) ;
#5281 = CARTESIAN_POINT ( 'NONE',  ( 29.26525717065837640, 0.2593594687610915606, -0.5000000000000032196 ) ) ;
#5282 = CARTESIAN_POINT ( 'NONE',  ( 45.33456488868646517, 2.493326978128878491, -0.3000000000000004330 ) ) ;
#5283 = CARTESIAN_POINT ( 'NONE',  ( 40.31970610058894522, 0.4979165572142643104, -1.242133333333342193 ) ) ;
#5284 = EDGE_LOOP ( 'NONE', ( #2498, #4936, #3279, #5222 ) ) ;
#5285 = ORIENTED_EDGE ( 'NONE', *, *, #3713, .T. ) ;
#5286 = DIRECTION ( 'NONE',  ( 3.382917932875483327E-16, 2.470467893844505313E-16, -1.000000000000000000 ) ) ;
#5287 = CARTESIAN_POINT ( 'NONE',  ( 40.12736081881187999, 0.4170832319423536383, -0.8748508095018167063 ) ) ;
#5288 = EDGE_LOOP ( 'NONE', ( #22, #2345, #4636, #7202 ) ) ;
#5289 = CARTESIAN_POINT ( 'NONE',  ( 29.68608220240750484, 9.653674990923356347, -22.50000000000000000 ) ) ;
#5290 = LINE ( 'NONE', #6934, #3989 ) ;
#5291 = EDGE_LOOP ( 'NONE', ( #5892, #4427, #2403, #6377 ) ) ;
#5292 = CARTESIAN_POINT ( 'NONE',  ( 31.22188896405205938, -2.373432210252089281, -0.06382321431328760730 ) ) ;
#5293 = CARTESIAN_POINT ( 'NONE',  ( 29.68532074196619419, -1.719726069820837644, 14.45986411484235035 ) ) ;
#5294 = EDGE_CURVE ( 'NONE', #343, #224, #5144, .T. ) ;
#5295 = CARTESIAN_POINT ( 'NONE',  ( 31.03832149385491945, -2.370389269000775290, 0.000000000000000000 ) ) ;
#5297 = ADVANCED_FACE ( 'NONE', ( #3962 ), #1414, .F. ) ;
#5296 = AXIS2_PLACEMENT_3D ( 'NONE', #3434, #5741, #2767 ) ;
#5298 = EDGE_LOOP ( 'NONE', ( #1040, #778, #6953, #7189, #6572 ) ) ;
#5299 = ADVANCED_FACE ( 'NONE', ( #2783 ), #7101, .T. ) ;
#5300 = CARTESIAN_POINT ( 'NONE',  ( 29.81243586272541179, 6.183488279899009399, 19.35769687038437326 ) ) ;
#5301 = B_SPLINE_CURVE_WITH_KNOTS ( 'NONE', 3,
 ( #3708, #4188, #3043, #4150, #795, #6426 ),
 .UNSPECIFIED., .F., .F.,
 ( 4, 2, 4 ),
 ( 4.163336342344337027E-17, 0.001651665577877579200, 0.003303331155755116766 ),
 .UNSPECIFIED. ) ;
#5302 = DIRECTION ( 'NONE',  ( 0.01657441405230463891, 0.9998626349648349620, -0.000000000000000000 ) ) ;
#5303 = ORIENTED_EDGE ( 'NONE', *, *, #7040, .F. ) ;
#5304 = AXIS2_PLACEMENT_3D ( 'NONE', #5265, #756, #203 ) ;
#5305 = CARTESIAN_POINT ( 'NONE',  ( 40.67998459602717531, 0.6550158480030133790, -0.8104489174857709699 ) ) ;
#5306 = B_SPLINE_CURVE_WITH_KNOTS ( 'NONE', 3,
 ( #4721, #109, #6337, #1266 ),
 .UNSPECIFIED., .F., .F.,
 ( 4, 4 ),
 ( 0.000000000000000000, 0.0001725263028966377791 ),
 .UNSPECIFIED. ) ;
#5307 = CARTESIAN_POINT ( 'NONE',  ( 30.31904579061175298, -1.868616763265141367, -1.300000000000007150 ) ) ;
#5308 = DIRECTION ( 'NONE',  ( -3.372764553633511840E-16, -2.511834186424162314E-16, 1.000000000000000000 ) ) ;
#5309 = EDGE_CURVE ( 'NONE', #1584, #1341, #3929, .T. ) ;
#5310 = CARTESIAN_POINT ( 'NONE',  ( 40.95782391070447659, -0.1990062033184868961, -0.2937454765944854107 ) ) ;
#5311 = EDGE_CURVE ( 'NONE', #6988, #5938, #607, .T. ) ;
#5312 = FACE_OUTER_BOUND ( 'NONE', #6877, .T. ) ;
#5313 = VERTEX_POINT ( 'NONE', #5642 ) ;
#5314 = CARTESIAN_POINT ( 'NONE',  ( 41.00902987149673606, 0.8053461641428671935, -0.7000000000000026201 ) ) ;
#5315 = VECTOR ( 'NONE', #1068, 100.0000000000000142 ) ;
#5316 = CYLINDRICAL_SURFACE ( 'NONE', #4642, 0.4999999999999985567 ) ;
#5317 = VERTEX_POINT ( 'NONE', #6277 ) ;
#5318 = CARTESIAN_POINT ( 'NONE',  ( 49.16621105951234227, 6.116450768821839468, -0.2999999999999987121 ) ) ;
#5319 = CARTESIAN_POINT ( 'NONE',  ( 40.90757065180569185, -0.1993946421528168256, -0.7171428572975688809 ) ) ;
#5320 = AXIS2_PLACEMENT_3D ( 'NONE', #1992, #5999, #1481 ) ;
#5321 = CARTESIAN_POINT ( 'NONE',  ( 30.31904579061175298, -1.868616763265141367, 0.000000000000000000 ) ) ;
#5322 = ORIENTED_EDGE ( 'NONE', *, *, #4174, .F. ) ;
#5323 = ORIENTED_EDGE ( 'NONE', *, *, #5336, .F. ) ;
#5324 = CARTESIAN_POINT ( 'NONE',  ( 49.10069857807334159, 5.431309095006647603, -0.2999999999999983791 ) ) ;
#5325 = CARTESIAN_POINT ( 'NONE',  ( 29.71033015920231790, 8.688459969020437157, 21.25604430198407968 ) ) ;
#5326 = ORIENTED_EDGE ( 'NONE', *, *, #4795, .T. ) ;
#5327 = CARTESIAN_POINT ( 'NONE',  ( 0.1267010916392812270, 7.643328261233889087, -1.200000000000014388 ) ) ;
#5328 = CARTESIAN_POINT ( 'NONE',  ( 42.78164814690678242, 6.036126734066455946, -0.7000000000000003997 ) ) ;
#5329 = VERTEX_POINT ( 'NONE', #1246 ) ;
#5330 = CARTESIAN_POINT ( 'NONE',  ( 30.69523220694630439, -3.977375058421833032, -1.300000000000007816 ) ) ;
#5331 = CARTESIAN_POINT ( 'NONE',  ( 29.96516101513376640, 0.2477573789244779945, -11.72997687891027319 ) ) ;
#5332 = CARTESIAN_POINT ( 'NONE',  ( 29.42105666275003273, 9.658068237430541103, -0.5000000000000032196 ) ) ;
#5333 = ORIENTED_EDGE ( 'NONE', *, *, #837, .T. ) ;
#5334 = DIRECTION ( 'NONE',  ( -0.9998626349648349620, 0.01657441405230474646, 0.000000000000000000 ) ) ;
#5335 = CARTESIAN_POINT ( 'NONE',  ( 30.00776140279842608, 3.647660295067217007, -16.95211344052141555 ) ) ;
#5336 = EDGE_CURVE ( 'NONE', #6247, #5956, #3450, .T. ) ;
#5337 = ADVANCED_FACE ( 'NONE', ( #647 ), #5072, .F. ) ;
#5338 = CARTESIAN_POINT ( 'NONE',  ( 29.51628296686844166, 3.335867264561303447, -16.97219194268983600 ) ) ;
#5339 = ORIENTED_EDGE ( 'NONE', *, *, #3042, .T. ) ;
#5340 = EDGE_CURVE ( 'NONE', #3551, #5267, #7246, .T. ) ;
#5341 = CARTESIAN_POINT ( 'NONE',  ( 40.27037592089061491, 0.4769859681717054101, -1.200000000000002398 ) ) ;
#5342 = CARTESIAN_POINT ( 'NONE',  ( 29.62102918974302668, 9.654753354620412509, 21.99999999999999289 ) ) ;
#5343 = CARTESIAN_POINT ( 'NONE',  ( 29.60367264355452832, 8.607708074364284201, 21.27784761734723773 ) ) ;
#5344 = VECTOR ( 'NONE', #7046, 100.0000000000000142 ) ;
#5345 = DIRECTION ( 'NONE',  ( 0.9998626349648348510, -0.01657441405230466319, 3.341506680459168366E-16 ) ) ;
#5346 = EDGE_CURVE ( 'NONE', #712, #2952, #2243, .T. ) ;
#5347 = EDGE_CURVE ( 'NONE', #4791, #4387, #7149, .T. ) ;
#5348 = CARTESIAN_POINT ( 'NONE',  ( 29.22108413575708497, 9.661383120241334055, 21.99999999999999289 ) ) ;
#5349 = ORIENTED_EDGE ( 'NONE', *, *, #49, .F. ) ;
#5350 = EDGE_CURVE ( 'NONE', #2898, #6170, #2450, .T. ) ;
#5351 = LINE ( 'NONE', #2464, #2522 ) ;
#5352 = CARTESIAN_POINT ( 'NONE',  ( 45.81106646561008233, 3.849308385946152100, -0.7000000000000884404 ) ) ;
#5353 = VERTEX_POINT ( 'NONE', #793 ) ;
#5354 = CARTESIAN_POINT ( 'NONE',  ( 29.45694249062517045, -0.2438867315338178188, 10.72997687891118801 ) ) ;
#5355 = CARTESIAN_POINT ( 'NONE',  ( 30.04737031611198717, 6.247218924177251331, 19.29037837007850342 ) ) ;
#5356 = AXIS2_PLACEMENT_3D ( 'NONE', #1308, #326, #6066 ) ;
#5357 = FACE_OUTER_BOUND ( 'NONE', #4830, .T. ) ;
#5358 = VERTEX_POINT ( 'NONE', #7048 ) ;
#5359 = VERTEX_POINT ( 'NONE', #4149 ) ;
#5360 = AXIS2_PLACEMENT_3D ( 'NONE', #1049, #6158, #3813 ) ;
#5361 = CARTESIAN_POINT ( 'NONE',  ( 40.64648524886008829, 0.5661256573099445744, -0.1371478369997936042 ) ) ;
#5362 = AXIS2_PLACEMENT_3D ( 'NONE', #6313, #1243, #6236 ) ;
#5363 = CARTESIAN_POINT ( 'NONE',  ( 29.80478445075305416, 8.490063075958099503, 21.25393035423975263 ) ) ;
#5364 = ORIENTED_EDGE ( 'NONE', *, *, #5495, .F. ) ;
#5365 = CIRCLE ( 'NONE', #3707, 0.5000000000000004441 ) ;
#5366 = CARTESIAN_POINT ( 'NONE',  ( 30.00466508474633542, 8.774395396342933751, -22.24942490790193617 ) ) ;
#5367 = CIRCLE ( 'NONE', #1942, 0.5000000000000004441 ) ;
#5368 = CARTESIAN_POINT ( 'NONE',  ( 29.95687380810761624, -0.2521739385579395143, -11.72997687891027319 ) ) ;
#5369 = ORIENTED_EDGE ( 'NONE', *, *, #2154, .T. ) ;
#5370 = CARTESIAN_POINT ( 'NONE',  ( 29.31498041281528799, 3.258947373655597168, -0.5000000000000032196 ) ) ;
#5371 = CARTESIAN_POINT ( 'NONE',  ( 29.87604679567472132, 3.671009550738883576, 15.69453761647071843 ) ) ;
#5372 = CARTESIAN_POINT ( 'NONE',  ( 29.99848976963260228, 0.2472048984560679119, -11.47552833453503141 ) ) ;
#5373 = CARTESIAN_POINT ( 'NONE',  ( 31.19516352442872176, -3.985662265447985408, 0.2999999999999989897 ) ) ;
#5374 = VERTEX_POINT ( 'NONE', #863 ) ;
#5375 = DIRECTION ( 'NONE',  ( -0.01657441405229734960, -0.9998626349648350731, -2.628947785575034395E-16 ) ) ;
#5376 = CARTESIAN_POINT ( 'NONE',  ( 0.07697784948236716107, 4.643740356339383979, -1.200000000000015055 ) ) ;
#5377 = CARTESIAN_POINT ( 'NONE',  ( 29.51628296686845232, 3.335867264561302559, -17.45197147569838236 ) ) ;
#5378 = ORIENTED_EDGE ( 'NONE', *, *, #2709, .T. ) ;
#5379 = AXIS2_PLACEMENT_3D ( 'NONE', #4540, #5134, #5785 ) ;
#5380 = CARTESIAN_POINT ( 'NONE',  ( 40.78935794662711345, 0.7043388805884038817, -0.7754253836860133253 ) ) ;
#5381 = CARTESIAN_POINT ( 'NONE',  ( 50.67134632489690205, 9.155542378676090109, -0.9116301734327745265 ) ) ;
#5382 = CARTESIAN_POINT ( 'NONE',  ( 29.88680478220791059, 8.950251505984358147, 21.68110830145722190 ) ) ;
#5383 = VECTOR ( 'NONE', #5590, 100.0000000000000142 ) ;
#5384 = CARTESIAN_POINT ( 'NONE',  ( 29.27188693627929439, 0.6593045227470255565, -0.5000000000000032196 ) ) ;
#5385 = DIRECTION ( 'NONE',  ( -0.01657441405230466319, -0.9998626349648349620, -1.734723475976807094E-18 ) ) ;
#5386 = ORIENTED_EDGE ( 'NONE', *, *, #5350, .F. ) ;
#5387 = CARTESIAN_POINT ( 'NONE',  ( 29.73108967222651344, 6.129567043655544722, 19.30902956102523405 ) ) ;
#5388 = LINE ( 'NONE', #2025, #2509 ) ;
#5389 = EDGE_CURVE ( 'NONE', #6594, #4713, #1848, .T. ) ;
#5390 = ORIENTED_EDGE ( 'NONE', *, *, #840, .T. ) ;
#5391 = CARTESIAN_POINT ( 'NONE',  ( 29.27188693627929439, 0.6593045227470255565, 10.49999999999996270 ) ) ;
#5392 = CARTESIAN_POINT ( 'NONE',  ( 40.71857224584125845, -0.09623529628688158588, -0.8160498824534752060 ) ) ;
#5393 = B_SPLINE_CURVE_WITH_KNOTS ( 'NONE', 3,
 ( #4964, #1576, #2675, #2169, #4924, #1503, #2745, #6690, #3159, #1618, #4264, #5529, #2638, #5419, #431, #2604, #1541, #7095 ),
 .UNSPECIFIED., .F., .F.,
 ( 4, 2, 2, 2, 2, 2, 2, 2, 4 ),
 ( 0.000000000000000000, 0.001116862487595755588, 0.001675293731393637069, 0.002233724975191518983, 0.003350587462787291918, 0.004467449950383065721, 0.005584312437978839090, 0.006701174925574611592, 0.008934899900766256342 ),
 .UNSPECIFIED. ) ;
#5394 = CARTESIAN_POINT ( 'NONE',  ( 29.60113989288026204, 8.454918192662232101, -21.57462005477975353 ) ) ;
#5395 = ORIENTED_EDGE ( 'NONE', *, *, #2909, .F. ) ;
#5396 = VERTEX_POINT ( 'NONE', #1833 ) ;
#5397 = LINE ( 'NONE', #2616, #2305 ) ;
#5398 = CARTESIAN_POINT ( 'NONE',  ( 39.77673344425925706, 0.2751807699565852472, -0.7000000000000029532 ) ) ;
#5399 = ADVANCED_FACE ( 'NONE', ( #5900 ), #1865, .F. ) ;
#5400 = VERTEX_POINT ( 'NONE', #6941 ) ;
#5401 = CARTESIAN_POINT ( 'NONE',  ( 29.98923980646748078, 8.738679961704477250, -22.24983071788745193 ) ) ;
#5402 = ADVANCED_FACE ( 'NONE', ( #3630 ), #1902, .F. ) ;
#5403 = CARTESIAN_POINT ( 'NONE',  ( 29.49396272367869543, -0.004539536229215561727, 11.09976063231398591 ) ) ;
#5404 = ORIENTED_EDGE ( 'NONE', *, *, #1967, .T. ) ;
#5405 = CARTESIAN_POINT ( 'NONE',  ( 29.60210928465626523, 8.513397401182173141, -21.62189783248136976 ) ) ;
#5406 = CARTESIAN_POINT ( 'NONE',  ( 29.45694249062515979, -0.2438867315342095332, -11.72997687891027319 ) ) ;
#5407 = DIRECTION ( 'NONE',  ( -1.000000000000000000, 0.000000000000000000, 0.000000000000000000 ) ) ;
#5408 = PLANE ( 'NONE',  #3354 ) ;
#5409 = ORIENTED_EDGE ( 'NONE', *, *, #3808, .F. ) ;
#5410 = AXIS2_PLACEMENT_3D ( 'NONE', #6464, #58, #1459 ) ;
#5411 = EDGE_LOOP ( 'NONE', ( #3512, #458, #1662, #4067 ) ) ;
#5412 = CARTESIAN_POINT ( 'NONE',  ( 30.31904579061175298, -1.868616763265141367, -1.300000000000007150 ) ) ;
#5413 = DIRECTION ( 'NONE',  ( 0.01657441405230463891, 0.9998626349648349620, -0.000000000000000000 ) ) ;
#5414 = CARTESIAN_POINT ( 'NONE',  ( 44.95531489403359160, 2.499613688148935253, -0.3000000000000004885 ) ) ;
#5415 = ORIENTED_EDGE ( 'NONE', *, *, #829, .F. ) ;
#5416 = CARTESIAN_POINT ( 'NONE',  ( 31.23829402084788498, -1.383786165277783198, -0.7000000000000061728 ) ) ;
#5417 = AXIS2_PLACEMENT_3D ( 'NONE', #5368, #307, #2408 ) ;
#5418 = CARTESIAN_POINT ( 'NONE',  ( 30.03236638130484337, 6.647522593332751306, 19.00215235425143234 ) ) ;
#5419 = CARTESIAN_POINT ( 'NONE',  ( 29.65897402688550244, 8.682200442099425430, 20.75742234956871712 ) ) ;
#5420 = FACE_OUTER_BOUND ( 'NONE', #5916, .T. ) ;
#5421 = VECTOR ( 'NONE', #1135, 100.0000000000000142 ) ;
#5422 = CARTESIAN_POINT ( 'NONE',  ( 29.70222588454545232, 9.613117378208606567, 21.47034927553347217 ) ) ;
#5423 = ORIENTED_EDGE ( 'NONE', *, *, #2899, .F. ) ;
#5424 = CARTESIAN_POINT ( 'NONE',  ( 30.01488425729068510, 3.247345283818983575, 15.15077155702974565 ) ) ;
#5425 = CARTESIAN_POINT ( 'NONE',  ( 29.03859622392525708, -1.347322454362681610, 3.089195566019497995E-15 ) ) ;
#5426 = AXIS2_PLACEMENT_3D ( 'NONE', #5902, #98, #3115 ) ;
#5427 = ORIENTED_EDGE ( 'NONE', *, *, #141, .T. ) ;
#5428 = CARTESIAN_POINT ( 'NONE',  ( 50.75213648583756054, 8.604373347424306928, -1.216780417668077208 ) ) ;
#5429 = DIRECTION ( 'NONE',  ( 0.01657441405230468054, 0.9998626349648349620, -0.000000000000000000 ) ) ;
#5430 = CARTESIAN_POINT ( 'NONE',  ( 36.18662385841152940, -1.261647468968081220, 0.2421333333333351712 ) ) ;
#5431 = EDGE_CURVE ( 'NONE', #3680, #3327, #2417, .T. ) ;
#5432 = ORIENTED_EDGE ( 'NONE', *, *, #6976, .F. ) ;
#5433 = VERTEX_POINT ( 'NONE', #4185 ) ;
#5434 = CIRCLE ( 'NONE', #6036, 0.2000000000000027589 ) ;
#5435 = EDGE_CURVE ( 'NONE', #1867, #6548, #162, .T. ) ;
#5436 = DIRECTION ( 'NONE',  ( -0.9998626349648349620, 0.01657441405230464931, -3.341506680459168859E-16 ) ) ;
#5437 = CARTESIAN_POINT ( 'NONE',  ( 29.77253767090327230, 8.467011148346156091, 21.25450589916166422 ) ) ;
#5438 = ORIENTED_EDGE ( 'NONE', *, *, #59, .T. ) ;
#5439 = VECTOR ( 'NONE', #4573, 100.0000000000000142 ) ;
#5440 = CARTESIAN_POINT ( 'NONE',  ( 29.61478324912959081, 9.277962801432598994, -22.26212039979890633 ) ) ;
#5441 = FACE_OUTER_BOUND ( 'NONE', #7152, .T. ) ;
#5442 = EDGE_CURVE ( 'NONE', #4801, #1961, #274, .T. ) ;
#5443 = ORIENTED_EDGE ( 'NONE', *, *, #7066, .F. ) ;
#5444 = FACE_OUTER_BOUND ( 'NONE', #3725, .T. ) ;
#5445 = CARTESIAN_POINT ( 'NONE',  ( 45.15074739097720879, 3.324006272240547677, -0.7326653914772346399 ) ) ;
#5446 = CARTESIAN_POINT ( 'NONE',  ( 30.10935841738882601, 8.946562303118541948, 21.16756122134467333 ) ) ;
#5447 = CARTESIAN_POINT ( 'NONE',  ( 28.42062245136759557, -2.326996480554358371, -0.5000000000000033307 ) ) ;
#5448 = EDGE_CURVE ( 'NONE', #2136, #5561, #5020, .T. ) ;
#5449 = ORIENTED_EDGE ( 'NONE', *, *, #432, .T. ) ;
#5450 =( BOUNDED_CURVE ( )  B_SPLINE_CURVE ( 3, ( #1284, #2967, #4668, #4113 ),
 .UNSPECIFIED., .F., .F. ) 
 B_SPLINE_CURVE_WITH_KNOTS ( ( 4, 4 ),
 ( 1.554221153785902532, 1.570796326794900111 ),
 .UNSPECIFIED. ) 
 CURVE ( )  GEOMETRIC_REPRESENTATION_ITEM ( )  RATIONAL_B_SPLINE_CURVE ( ( 1.000000000000000000, 0.9999771054343515875, 0.9999771054343515875, 1.000000000000000000 ) ) 
 REPRESENTATION_ITEM ( '' )  );
#5451 = VERTEX_POINT ( 'NONE', #5935 ) ;
#5452 = DIRECTION ( 'NONE',  ( -0.9998626349648350731, 0.01657441405230608567, 1.110358039051908822E-14 ) ) ;
#5453 = PRODUCT_DEFINITION ( 'UNKNOWN', '', #1993, #1808 ) ;
#5454 = CARTESIAN_POINT ( 'NONE',  ( 45.76511058438249790, 2.985832852271423032, 0.1793710138624887152 ) ) ;
#5455 = EDGE_LOOP ( 'NONE', ( #7261, #958, #7005, #6918, #4763, #2307, #3453, #1384, #111, #2127, #5438, #2976, #6072, #6753, #440, #3839, #3216, #349 ) ) ;
#5456 = CARTESIAN_POINT ( 'NONE',  ( 29.88752828315476151, 6.684777546623061006, -20.03505942477778135 ) ) ;
#5457 = CARTESIAN_POINT ( 'NONE',  ( 29.61851180571298769, 6.951052797970421970, 19.27888409695145810 ) ) ;
#5458 = CARTESIAN_POINT ( 'NONE',  ( 29.63773605831050162, 8.954380241285807784, 21.18811628131288316 ) ) ;
#5459 = DIRECTION ( 'NONE',  ( -0.01657441405230464584, -0.9998626349648348510, -1.734723475976806902E-18 ) ) ;
#5460 = CARTESIAN_POINT ( 'NONE',  ( 29.91161431113552993, 0.2486450060966187148, -12.29175020196747070 ) ) ;
#5461 = EDGE_LOOP ( 'NONE', ( #2044, #423, #678, #5570, #2904, #5339, #1883 ) ) ;
#5462 = LINE ( 'NONE', #3791, #1238 ) ;
#5463 = CARTESIAN_POINT ( 'NONE',  ( 29.94526745040494475, -2.399807729812680535, 0.3000000000000000999 ) ) ;
#5464 = B_SPLINE_CURVE_WITH_KNOTS ( 'NONE', 3,
 ( #1082, #5583, #3842, #375, #517, #6597, #6705, #6669, #4907, #7265, #4465, #5472, #2191, #4430, #3250, #7301, #6040, #2111 ),
 .UNSPECIFIED., .F., .F.,
 ( 4, 2, 2, 2, 2, 2, 2, 2, 4 ),
 ( 0.000000000000000000, 0.001034287698354158626, 0.002068575396708317252, 0.003102863095062476095, 0.004137150793416634505, 0.005171438491770792914, 0.006205726190124952191, 0.007240013888479110600, 0.008274301586833269009 ),
 .UNSPECIFIED. ) ;
#5465 = VERTEX_POINT ( 'NONE', #3114 ) ;
#5466 = CARTESIAN_POINT ( 'NONE',  ( 29.76102900497483716, 0.6477169620797924576, 10.49183570673655375 ) ) ;
#5467 = CARTESIAN_POINT ( 'NONE',  ( 29.71530131091130755, 0.1879844867195588076, -11.84439474255700731 ) ) ;
#5468 = DIRECTION ( 'NONE',  ( -0.9998626349648349620, 0.01657441405230580117, -1.665334536937735304E-16 ) ) ;
#5469 = ORIENTED_EDGE ( 'NONE', *, *, #3974, .T. ) ;
#5470 = ORIENTED_EDGE ( 'NONE', *, *, #422, .F. ) ;
#5471 = DIRECTION ( 'NONE',  ( 0.9998626349648349620, -0.01657441405230466666, 3.341506680459168859E-16 ) ) ;
#5472 = CARTESIAN_POINT ( 'NONE',  ( 30.14512361354573855, -2.417163793518027237, -1.000000000000006883 ) ) ;
#5473 = VERTEX_POINT ( 'NONE', #6391 ) ;
#5474 = CARTESIAN_POINT ( 'NONE',  ( 29.61390143517936124, 9.224766783938932235, -22.71036274722509063 ) ) ;
#5475 = LINE ( 'NONE', #4359, #4935 ) ;
#5476 = VECTOR ( 'NONE', #2006, 100.0000000000000142 ) ;
#5477 = VERTEX_POINT ( 'NONE', #1356 ) ;
#5478 = CARTESIAN_POINT ( 'NONE',  ( 29.65887177949232267, 8.682013350226970516, -21.75727261099717325 ) ) ;
#5479 = CARTESIAN_POINT ( 'NONE',  ( 29.93550407257124490, 0.2482489929006060081, -11.78009954068492426 ) ) ;
#5480 = VECTOR ( 'NONE', #4584, 100.0000000000000000 ) ;
#5481 = CARTESIAN_POINT ( 'NONE',  ( 29.01680430430896251, -2.661934608959336757, -1.300000000000003597 ) ) ;
#5482 = CARTESIAN_POINT ( 'NONE',  ( 29.93357696920377364, 0.6383375023549279215, -11.47646913257740131 ) ) ;
#5483 = ADVANCED_FACE ( 'NONE', ( #2559 ), #3561, .F. ) ;
#5484 = VECTOR ( 'NONE', #2911, 100.0000000000000142 ) ;
#5485 = EDGE_CURVE ( 'NONE', #4867, #646, #5202, .T. ) ;
#5486 = VERTEX_POINT ( 'NONE', #980 ) ;
#5487 = CARTESIAN_POINT ( 'NONE',  ( 40.03902020813136176, 0.3806884899612000273, -0.2050408308637818033 ) ) ;
#5488 = CARTESIAN_POINT ( 'NONE',  ( 40.67993573315440159, 0.07014186810948427886, -0.2238366483176379984 ) ) ;
#5489 = EDGE_CURVE ( 'NONE', #4496, #1550, #2212, .T. ) ;
#5490 = CARTESIAN_POINT ( 'NONE',  ( 51.42287291294078955, 9.434523289094373766, -0.2387971414587093943 ) ) ;
#5491 = EDGE_LOOP ( 'NONE', ( #218, #6424, #5507, #5619, #4701 ) ) ;
#5492 = CARTESIAN_POINT ( 'NONE',  ( 29.60435506366942704, 0.2537383477325780290, 11.32239041312272398 ) ) ;
#5493 = DIRECTION ( 'NONE',  ( -0.000000000000000000, 1.000000000000000000, -0.000000000000000000 ) ) ;
#5494 = LINE ( 'NONE', #3712, #1585 ) ;
#5495 = EDGE_CURVE ( 'NONE', #3391, #2809, #1571, .T. ) ;
#5496 = CARTESIAN_POINT ( 'NONE',  ( 45.85400271893194457, 3.884908755138780645, -0.6999999999999999556 ) ) ;
#5497 = EDGE_CURVE ( 'NONE', #6518, #308, #6091, .T. ) ;
#5498 = CARTESIAN_POINT ( 'NONE',  ( 30.00089492680556091, 3.648057929001831567, -16.95239721201884464 ) ) ;
#5499 = CARTESIAN_POINT ( 'NONE',  ( 51.14463425289144283, 8.097798341225010077, -0.4999999999999970579 ) ) ;
#5500 = ORIENTED_EDGE ( 'NONE', *, *, #704, .T. ) ;
#5501 = CARTESIAN_POINT ( 'NONE',  ( 29.96516101513376640, 0.2477573789244779945, -10.97664068296517392 ) ) ;
#5502 = CARTESIAN_POINT ( 'NONE',  ( 29.47976164557336531, -2.629127326267432174, 0.2999999999999999889 ) ) ;
#5503 = AXIS2_PLACEMENT_3D ( 'NONE', #2690, #2654, #6074 ) ;
#5504 = EDGE_LOOP ( 'NONE', ( #5788, #6073, #3665 ) ) ;
#5505 = CARTESIAN_POINT ( 'NONE',  ( 29.46464985272703885, -0.01610279836066958251, -12.21448884579683991 ) ) ;
#5506 = CARTESIAN_POINT ( 'NONE',  ( 42.70962778319242403, 1.691450028915983728, -0.7000000000000015099 ) ) ;
#5507 = ORIENTED_EDGE ( 'NONE', *, *, #3900, .F. ) ;
#5508 = ORIENTED_EDGE ( 'NONE', *, *, #1566, .F. ) ;
#5509 = CYLINDRICAL_SURFACE ( 'NONE', #5503, 0.4999999999999985567 ) ;
#5510 = CARTESIAN_POINT ( 'NONE',  ( 29.61166269965485753, 3.486739759383444159, 15.44276616076089859 ) ) ;
#5511 = EDGE_LOOP ( 'NONE', ( #6666, #4223, #999, #3540 ) ) ;
#5512 = CARTESIAN_POINT ( 'NONE',  ( 29.95368505577819107, 8.669294807514850376, -22.25072612023472374 ) ) ;
#5513 = CARTESIAN_POINT ( 'NONE',  ( 29.96477847480372247, 0.2477637201773665032, 10.77832148343091312 ) ) ;
#5514 = ORIENTED_EDGE ( 'NONE', *, *, #2412, .T. ) ;
#5515 = CARTESIAN_POINT ( 'NONE',  ( 40.54203898306122511, 0.07242773994132563342, -1.199462997004565823 ) ) ;
#5516 = DIRECTION ( 'NONE',  ( 0.000000000000000000, 0.000000000000000000, 1.000000000000000000 ) ) ;
#5517 = AXIS2_PLACEMENT_3D ( 'NONE', #1880, #3679, #3723 ) ;
#5518 = CYLINDRICAL_SURFACE ( 'NONE', #993, 0.5000000000000004441 ) ;
#5519 = CARTESIAN_POINT ( 'NONE',  ( 29.47200121876102230, 0.4668230230200023922, -11.04252980633659220 ) ) ;
#5520 = ORIENTED_EDGE ( 'NONE', *, *, #3030, .F. ) ;
#5521 = CARTESIAN_POINT ( 'NONE',  ( 45.25302241304147088, 2.787612140193358901, -0.7000000000000003997 ) ) ;
#5522 = CARTESIAN_POINT ( 'NONE',  ( 29.48916818089678671, 1.700149629984721855, 12.95463335751546907 ) ) ;
#5523 = ORIENTED_EDGE ( 'NONE', *, *, #3482, .F. ) ;
#5524 = EDGE_CURVE ( 'NONE', #715, #2238, #4132, .T. ) ;
#5525 = CARTESIAN_POINT ( 'NONE',  ( 29.91161431113911817, 0.2486450060965590125, 11.29175020196927903 ) ) ;
#5526 = ADVANCED_FACE ( 'NONE', ( #2739 ), #2667, .F. ) ;
#5527 = DIRECTION ( 'NONE',  ( 1.000000000000000000, 0.000000000000000000, 1.334219373558099851E-16 ) ) ;
#5528 = ADVANCED_FACE ( 'NONE', ( #1017 ), #7124, .F. ) ;
#5529 = CARTESIAN_POINT ( 'NONE',  ( 29.70984268571923437, 8.759661764429333530, 20.81935906291130323 ) ) ;
#5530 = DIRECTION ( 'NONE',  ( -0.9998626349648348510, 0.01657441405230463891, -3.341506680459168366E-16 ) ) ;
#5531 = VECTOR ( 'NONE', #6286, 100.0000000000000000 ) ;
#5532 = CARTESIAN_POINT ( 'NONE',  ( 45.47016318416308422, 3.391202852591135297, -1.199999999999999956 ) ) ;
#5533 = CYLINDRICAL_SURFACE ( 'NONE', #4128, 0.5000000000000004441 ) ;
#5534 = EDGE_CURVE ( 'NONE', #3391, #2688, #5906, .T. ) ;
#5535 = ORIENTED_EDGE ( 'NONE', *, *, #5346, .F. ) ;
#5536 = CARTESIAN_POINT ( 'NONE',  ( 40.89218152794403949, 0.06662353513031199492, -1.170401928585732332 ) ) ;
#5537 = CARTESIAN_POINT ( 'NONE',  ( 29.67098424107615529, -2.514922578261230335, 0.2999999999999999889 ) ) ;
#5538 = EDGE_CURVE ( 'NONE', #5329, #5574, #3928, .T. ) ;
#5539 = CIRCLE ( 'NONE', #1877, 0.7930761456019163047 ) ;
#5540 = ORIENTED_EDGE ( 'NONE', *, *, #3717, .F. ) ;
#5541 = FACE_OUTER_BOUND ( 'NONE', #41, .T. ) ;
#5542 = DIRECTION ( 'NONE',  ( -1.665393298452077782E-16, 1.025709229455375713E-18, 1.000000000000000000 ) ) ;
#5543 = ORIENTED_EDGE ( 'NONE', *, *, #1073, .F. ) ;
#5544 = ORIENTED_EDGE ( 'NONE', *, *, #6723, .T. ) ;
#5545 = VECTOR ( 'NONE', #2966, 100.0000000000000142 ) ;
#5546 = CYLINDRICAL_SURFACE ( 'NONE', #1715, 0.4999999999999999445 ) ;
#5547 = CARTESIAN_POINT ( 'NONE',  ( 29.51528459274236482, 3.275639676349910268, 15.15077155702975986 ) ) ;
#5548 = ORIENTED_EDGE ( 'NONE', *, *, #3622, .T. ) ;
#5549 = FACE_OUTER_BOUND ( 'NONE', #862, .T. ) ;
#5550 = CARTESIAN_POINT ( 'NONE',  ( 39.74338221018398798, 0.2620762191558750343, -0.7000000000000028422 ) ) ;
#5551 = ORIENTED_EDGE ( 'NONE', *, *, #734, .T. ) ;
#5552 = LINE ( 'NONE', #6084, #4875 ) ;
#5553 = DIRECTION ( 'NONE',  ( 1.665393298452077782E-16, -1.025709229455375713E-18, -1.000000000000000000 ) ) ;
#5554 = CARTESIAN_POINT ( 'NONE',  ( 29.82954176466262197, -2.841692990704773436, -1.000000000000007327 ) ) ;
#5555 = CARTESIAN_POINT ( 'NONE',  ( 29.55638897493903627, 5.755289078257186830, -19.96977553663410276 ) ) ;
#5556 = AXIS2_PLACEMENT_3D ( 'NONE', #1501, #6428, #2636 ) ;
#5557 = ORIENTED_EDGE ( 'NONE', *, *, #466, .F. ) ;
#5558 = B_SPLINE_CURVE_WITH_KNOTS ( 'NONE', 3,
 ( #1792, #1866, #722, #1247 ),
 .UNSPECIFIED., .F., .F.,
 ( 4, 4 ),
 ( 0.000000000000000000, 1.000000000000000000 ),
 .UNSPECIFIED. ) ;
#5559 = CARTESIAN_POINT ( 'NONE',  ( 31.19516352442872176, -3.985662265447985408, -0.2000000000000000111 ) ) ;
#5560 = DIRECTION ( 'NONE',  ( -0.9998626349648348510, 0.01657441405230465625, 0.000000000000000000 ) ) ;
#5561 = VERTEX_POINT ( 'NONE', #6014 ) ;
#5562 = FACE_OUTER_BOUND ( 'NONE', #4592, .T. ) ;
#5563 = DIRECTION ( 'NONE',  ( 1.000000000000000000, 0.000000000000000000, 0.000000000000000000 ) ) ;
#5564 = CARTESIAN_POINT ( 'NONE',  ( 29.66157464794497756, 8.953985076348857319, 21.21548816767544565 ) ) ;
#5565 = CARTESIAN_POINT ( 'NONE',  ( 29.97789868420169768, 3.648013335802372747, -16.66641791636914860 ) ) ;
#5566 = EDGE_CURVE ( 'NONE', #3172, #6007, #3609, .T. ) ;
#5567 = CARTESIAN_POINT ( 'NONE',  ( 29.41927369038406326, -2.516282349634247684, -1.392013287570840419 ) ) ;
#5568 = B_SPLINE_CURVE_WITH_KNOTS ( 'NONE', 3,
 ( #2036, #6565, #933, #3185 ),
 .UNSPECIFIED., .F., .F.,
 ( 4, 4 ),
 ( 3.729655473350135253E-17, 0.004000138616200177993 ),
 .UNSPECIFIED. ) ;
#5569 = CARTESIAN_POINT ( 'NONE',  ( 29.92796673665366214, 9.357739057905977376, 21.28277763059974603 ) ) ;
#5570 = ORIENTED_EDGE ( 'NONE', *, *, #2982, .T. ) ;
#5571 = B_SPLINE_CURVE_WITH_KNOTS ( 'NONE', 3,
 ( #3234, #2492, #1464, #5457, #4740, #395, #3158, #1980, #4779, #2637, #2565, #7053, #4852, #4226, #1433, #3121, #5418, #356 ),
 .UNSPECIFIED., .F., .F.,
 ( 4, 2, 2, 2, 2, 2, 2, 2, 4 ),
 ( 0.0001106846522027015399, 0.002401984393569709178, 0.003547634264253218730, 0.004693284134936729149, 0.005838934005620239134, 0.006411758940962005403, 0.006984583876303770804, 0.008130233746987458598, 0.009275883617671145526 ),
 .UNSPECIFIED. ) ;
#5572 = CARTESIAN_POINT ( 'NONE',  ( 40.57569856966632216, -0.3840033648714725745, -0.6999999999999788614 ) ) ;
#5573 = CARTESIAN_POINT ( 'NONE',  ( 40.80975225549342866, 0.7135871782628226967, -0.7628376344425729094 ) ) ;
#5574 = VERTEX_POINT ( 'NONE', #424 ) ;
#5575 = ADVANCED_FACE ( 'NONE', ( #4918 ), #3688, .F. ) ;
#5576 = EDGE_CURVE ( 'NONE', #5157, #6988, #5974, .T. ) ;
#5577 = FACE_OUTER_BOUND ( 'NONE', #5756, .T. ) ;
#5578 = ADVANCED_FACE ( 'NONE', ( #5672, #3374 ), #1163, .F. ) ;
#5579 = CARTESIAN_POINT ( 'NONE',  ( 51.11470380752408715, 9.798528041614362749, -0.2999999999999967137 ) ) ;
#5580 = EDGE_LOOP ( 'NONE', ( #4732, #3284, #6817, #3580, #5404, #4554, #5066, #174 ) ) ;
#5581 = ORIENTED_EDGE ( 'NONE', *, *, #1683, .F. ) ;
#5582 = CARTESIAN_POINT ( 'NONE',  ( 29.46109986238636935, 0.006909506002091697630, 11.27921898938789802 ) ) ;
#5583 = CARTESIAN_POINT ( 'NONE',  ( 29.83091141843526373, -2.806644111546404918, -1.000000000000007327 ) ) ;
#5584 = ORIENTED_EDGE ( 'NONE', *, *, #6095, .F. ) ;
#5585 = AXIS2_PLACEMENT_3D ( 'NONE', #2415, #5933, #3628 ) ;
#5586 = DIRECTION ( 'NONE',  ( -0.000000000000000000, -3.252606517456499990E-16, 1.000000000000000000 ) ) ;
#5587 = CARTESIAN_POINT ( 'NONE',  ( 29.99514407620328882, 3.301134012516892202, 15.95239721201883931 ) ) ;
#5588 = ORIENTED_EDGE ( 'NONE', *, *, #2043, .T. ) ;
#5589 = CARTESIAN_POINT ( 'NONE',  ( 29.79144678200886887, 8.839588923686674704, -21.88323088737643829 ) ) ;
#5590 = DIRECTION ( 'NONE',  ( 0.01657441405230463891, 0.9998626349648348510, 0.000000000000000000 ) ) ;
#5591 = CARTESIAN_POINT ( 'NONE',  ( 50.77858694294719299, 9.308108702686592295, -1.127048530698214313 ) ) ;
#5592 = VERTEX_POINT ( 'NONE', #4026 ) ;
#5593 = B_SPLINE_CURVE_WITH_KNOTS ( 'NONE', 3,
 ( #878, #3582, #5248, #6549, #2137, #3754, #3721, #5387, #2064, #3129 ),
 .UNSPECIFIED., .F., .F.,
 ( 4, 2, 2, 2, 4 ),
 ( 2.851708117983869718E-16, 0.001626997474528551254, 0.003253994949056817580, 0.004880992423585083471, 0.006507989898113349797 ),
 .UNSPECIFIED. ) ;
#5594 = VERTEX_POINT ( 'NONE', #1708 ) ;
#5595 = CARTESIAN_POINT ( 'NONE',  ( 29.86295189893486324, 8.950646907862459756, -22.69954195302184985 ) ) ;
#5596 = DIRECTION ( 'NONE',  ( -1.665393298452077782E-16, 1.025709229455375713E-18, 1.000000000000000000 ) ) ;
#5597 = AXIS2_PLACEMENT_3D ( 'NONE', #4514, #7286, #5070 ) ;
#5598 = ORIENTED_EDGE ( 'NONE', *, *, #1197, .T. ) ;
#5599 = AXIS2_PLACEMENT_3D ( 'NONE', #4470, #6745, #3188 ) ;
#5600 = DIRECTION ( 'NONE',  ( 3.382917932875483327E-16, 2.470467893844505313E-16, -1.000000000000000000 ) ) ;
#5601 = PLANE ( 'NONE',  #6791 ) ;
#5603 = CARTESIAN_POINT ( 'NONE',  ( 50.27832435838271152, 8.612227584704891470, -0.6999999999999972911 ) ) ;
#5602 = AXIS2_PLACEMENT_3D ( 'NONE', #1559, #3803, #3876 ) ;
#5604 = CIRCLE ( 'NONE', #6561, 0.7930761456019163047 ) ;
#5605 = AXIS2_PLACEMENT_3D ( 'NONE', #280, #7170, #948 ) ;
#5606 = DIRECTION ( 'NONE',  ( 3.382917932875483327E-16, 2.470467893844505313E-16, -1.000000000000000000 ) ) ;
#5607 = B_SPLINE_CURVE_WITH_KNOTS ( 'NONE', 2,
 ( #2069, #3137, #5394 ),
 .UNSPECIFIED., .F., .F.,
 ( 3, 3 ),
 ( 0.8717514244349282571, 0.9404827785151192998 ),
 .UNSPECIFIED. ) ;
#5608 = B_SPLINE_CURVE_WITH_KNOTS ( 'NONE', 3,
 ( #2936, #130, #4321, #4770, #1972, #4630, #268, #2379, #345, #725, #2590, #3189, #5227, #6603, #5371, #1530, #897, #4215, #6492, #3147 ),
 .UNSPECIFIED., .F., .F.,
 ( 4, 2, 2, 2, 2, 2, 2, 2, 2, 4 ),
 ( 0.0001301450737330821347, 0.002679689797876063252, 0.003954462159947537588, 0.005229234522019010623, 0.006504006884090484525, 0.007778779246161958427, 0.008416165427197653745, 0.009053551608233350798, 0.009690937789269047850, 0.01032832397030474490 ),
 .UNSPECIFIED. ) ;
#5609 = CARTESIAN_POINT ( 'NONE',  ( 48.51739294326648633, 6.451231083857718041, -0.7249339084356533069 ) ) ;
#5610 = CARTESIAN_POINT ( 'NONE',  ( 30.09961078566584902, 9.307277383580247587, 21.24688247531408081 ) ) ;
#5611 = CARTESIAN_POINT ( 'NONE',  ( 40.26215245205458615, 0.4735026994792416732, -0.01072838343545729628 ) ) ;
#5612 = CARTESIAN_POINT ( 'NONE',  ( 41.11998170848616496, 0.06284736190264901545, -1.121703085313994430 ) ) ;
#5613 = CARTESIAN_POINT ( 'NONE',  ( 29.01760224056886983, -2.613798569347965284, 0.3185399496996388358 ) ) ;
#5614 = ORIENTED_EDGE ( 'NONE', *, *, #1377, .T. ) ;
#5615 = CARTESIAN_POINT ( 'NONE',  ( 29.26525717065837640, 0.2593594687610915606, -0.5000000000000032196 ) ) ;
#5616 = DIRECTION ( 'NONE',  ( -1.000000000000000000, 0.000000000000000000, -1.665393298452073591E-16 ) ) ;
#5617 = CARTESIAN_POINT ( 'NONE',  ( 28.59753272601693297, -2.657490216978323438, -1.000000000000006661 ) ) ;
#5618 = ORIENTED_EDGE ( 'NONE', *, *, #4982, .F. ) ;
#5619 = ORIENTED_EDGE ( 'NONE', *, *, #6407, .F. ) ;
#5620 = EDGE_CURVE ( 'NONE', #5486, #4655, #615, .T. ) ;
#5621 = DIRECTION ( 'NONE',  ( 0.01657441405230608913, 0.9998626349648349620, 0.000000000000000000 ) ) ;
#5622 = DIRECTION ( 'NONE',  ( 0.01657441405230576648, 0.9998626349648349620, 2.567390744445676965E-16 ) ) ;
#5623 = AXIS2_PLACEMENT_3D ( 'NONE', #2039, #5931, #1838 ) ;
#5624 = CARTESIAN_POINT ( 'NONE',  ( 48.27932953247923820, 1.599122803442884821, -0.6999999999999996225 ) ) ;
#5625 = LINE ( 'NONE', #3981, #1753 ) ;
#5626 = CARTESIAN_POINT ( 'NONE',  ( 49.27752137395131626, 6.422796374690702415, -0.2999999999999981570 ) ) ;
#5627 = ORIENTED_EDGE ( 'NONE', *, *, #1019, .F. ) ;
#5628 = CARTESIAN_POINT ( 'NONE',  ( 30.06871704871662132, 6.633737934814817550, -19.98967916621816698 ) ) ;
#5629 = CARTESIAN_POINT ( 'NONE',  ( 30.05885587995373953, 8.945283828738483933, -22.24794809331386958 ) ) ;
#5630 = ADVANCED_FACE ( 'NONE', ( #7039 ), #820, .F. ) ;
#5631 = CARTESIAN_POINT ( 'NONE',  ( 50.79693313421642387, 9.334385125967544994, -1.024093536169892182 ) ) ;
#5632 = EDGE_CURVE ( 'NONE', #3547, #3251, #6933, .T. ) ;
#5633 = ORIENTED_EDGE ( 'NONE', *, *, #466, .T. ) ;
#5634 = CARTESIAN_POINT ( 'NONE',  ( 30.10222280943673923, 8.946680587887447800, -22.28859864495819210 ) ) ;
#5635 = CARTESIAN_POINT ( 'NONE',  ( 29.41452373806752618, -10.34457114643315911, -0.1750000000000036249 ) ) ;
#5636 = B_SPLINE_CURVE_WITH_KNOTS ( 'NONE', 2,
 ( #3133, #5952, #4271 ),
 .UNSPECIFIED., .F., .F.,
 ( 3, 3 ),
 ( 0.3846235048292702685, 0.5801553313254790289 ),
 .UNSPECIFIED. ) ;
#5637 = ORIENTED_EDGE ( 'NONE', *, *, #794, .T. ) ;
#5638 = CARTESIAN_POINT ( 'NONE',  ( 29.45973082269485133, -0.07567873081193532414, 11.10297482240539146 ) ) ;
#5639 = B_SPLINE_CURVE_WITH_KNOTS ( 'NONE', 3,
 ( #1435, #3086, #1946, #2425, #6400, #3124, #4155, #7096, #4781, #6508, #4743, #3568, #4674, #4194, #1328, #1468, #4710, #6431, #3639, #2021, #6985, #5310, #1910, #5910, #1365, #5838 ),
 .UNSPECIFIED., .F., .F.,
 ( 4, 2, 2, 2, 2, 2, 2, 2, 2, 2, 2, 2, 4 ),
 ( 0.008513947148637937903, 0.009536280966218354735, 0.01004744787500856315, 0.01055861478379877330, 0.01158094860137919013, 0.01260328241895960696, 0.01362561623654002553, 0.01413678314533023395, 0.01464795005412044236, 0.01515911696291065078, 0.01567028387170086093, 0.01618145078049106761, 0.01669261768928127776 ),
 .UNSPECIFIED. ) ;
#5640 = CARTESIAN_POINT ( 'NONE',  ( 48.62715771743973647, 6.573989821970297243, -0.7762044153200807761 ) ) ;
#5641 = CARTESIAN_POINT ( 'NONE',  ( 30.04801754512478240, 6.634887543639579555, 18.99044280861675560 ) ) ;
#5642 = CARTESIAN_POINT ( 'NONE',  ( 30.49404579061175014, -1.868616763265141367, 0.2999999999999999889 ) ) ;
#5643 = CARTESIAN_POINT ( 'NONE',  ( 29.85827735167583796, 3.618679293468999969, -16.62495576934057695 ) ) ;
#5644 = CARTESIAN_POINT ( 'NONE',  ( 30.06460749944761091, 6.246933188713488683, -20.28977609426087270 ) ) ;
#5645 = ORIENTED_EDGE ( 'NONE', *, *, #3798, .F. ) ;
#5646 = CARTESIAN_POINT ( 'NONE',  ( 40.48634198056218736, 0.07335101194750823228, -1.200000000000002620 ) ) ;
#5647 = CARTESIAN_POINT ( 'NONE',  ( 48.62715771743974358, 6.573989821970307901, -0.2237955846799044857 ) ) ;
#5648 = ORIENTED_EDGE ( 'NONE', *, *, #5431, .F. ) ;
#5649 = VECTOR ( 'NONE', #4788, 100.0000000000000000 ) ;
#5650 = LINE ( 'NONE', #5044, #2227 ) ;
#5651 =( NAMED_UNIT ( * ) PLANE_ANGLE_UNIT ( ) SI_UNIT ( $, .RADIAN. ) );
#5652 = CARTESIAN_POINT ( 'NONE',  ( 29.60113989288019098, 8.454918192658066545, -22.16756122134490425 ) ) ;
#5653 = ORIENTED_EDGE ( 'NONE', *, *, #6175, .T. ) ;
#5654 = ORIENTED_EDGE ( 'NONE', *, *, #6673, .T. ) ;
#5655 = CARTESIAN_POINT ( 'NONE',  ( 29.37133342059312113, 6.658480332536035995, -0.5000000000000032196 ) ) ;
#5656 = CIRCLE ( 'NONE', #2461, 0.8016513616222679106 ) ;
#5657 = CARTESIAN_POINT ( 'NONE',  ( 29.07191440928634663, 0.6626194055574862185, 1.985179957108101255E-18 ) ) ;
#5658 = B_SPLINE_CURVE_WITH_KNOTS ( 'NONE', 2,
 ( #5972, #861, #3740 ),
 .UNSPECIFIED., .F., .F.,
 ( 3, 3 ),
 ( 0.000000000000000000, 0.3687395355907483463 ),
 .UNSPECIFIED. ) ;
#5659 = DIRECTION ( 'NONE',  ( -1.665393298452077782E-16, 1.025709229455379565E-18, 1.000000000000000000 ) ) ;
#5660 = EDGE_CURVE ( 'NONE', #4436, #6159, #1590, .T. ) ;
#5661 = EDGE_CURVE ( 'NONE', #1584, #416, #3177, .T. ) ;
#5662 = VECTOR ( 'NONE', #5717, 100.0000000000000000 ) ;
#5663 = CARTESIAN_POINT ( 'NONE',  ( 29.99347799689046568, 3.274381100601641226, 15.95244783077057171 ) ) ;
#5664 = EDGE_CURVE ( 'NONE', #5359, #2901, #6849, .T. ) ;
#5665 = DIRECTION ( 'NONE',  ( -0.9998626349648348510, 0.01657441405230460074, 8.749341336752547834E-16 ) ) ;
#5666 = ORIENTED_EDGE ( 'NONE', *, *, #521, .T. ) ;
#5667 = CARTESIAN_POINT ( 'NONE',  ( 27.23884348098842878, -2.307406495602015717, -1.000000000000006217 ) ) ;
#5668 = LINE ( 'NONE', #3475, #3012 ) ;
#5669 = DIRECTION ( 'NONE',  ( -0.01657441405230466666, -0.9998626349648348510, -1.734723475976806902E-18 ) ) ;
#5670 = ORIENTED_EDGE ( 'NONE', *, *, #3321, .T. ) ;
#5671 = ORIENTED_EDGE ( 'NONE', *, *, #3219, .F. ) ;
#5672 = FACE_OUTER_BOUND ( 'NONE', #2793, .T. ) ;
#5673 = EDGE_CURVE ( 'NONE', #239, #6385, #3166, .T. ) ;
#5674 = CARTESIAN_POINT ( 'NONE',  ( 29.56250849944965253, 3.654899130585147038, -16.66641791636912373 ) ) ;
#5675 = ORIENTED_EDGE ( 'NONE', *, *, #3541, .T. ) ;
#5676 = EDGE_CURVE ( 'NONE', #6403, #2832, #2959, .T. ) ;
#5677 = DIRECTION ( 'NONE',  ( 0.01657441405230463891, 0.9998626349648348510, 0.000000000000000000 ) ) ;
#5678 = VECTOR ( 'NONE', #2018, 100.0000000000000142 ) ;
#5679 = CARTESIAN_POINT ( 'NONE',  ( 29.81243586272541179, 6.183488279899009399, 19.35769687038437326 ) ) ;
#5680 = CARTESIAN_POINT ( 'NONE',  ( 29.73650142293563547, 6.507686394778208872, 18.86436220032643263 ) ) ;
#5681 = LINE ( 'NONE', #47, #1999 ) ;
#5682 = VECTOR ( 'NONE', #6295, 100.0000000000000142 ) ;
#5683 = DIRECTION ( 'NONE',  ( -0.9998626349648349620, 0.01657441405230474646, 0.000000000000000000 ) ) ;
#5684 = ORIENTED_EDGE ( 'NONE', *, *, #5260, .T. ) ;
#5685 = LINE ( 'NONE', #947, #3655 ) ;
#5686 = ORIENTED_EDGE ( 'NONE', *, *, #3499, .T. ) ;
#5687 = FACE_OUTER_BOUND ( 'NONE', #5291, .T. ) ;
#5688 = CARTESIAN_POINT ( 'NONE',  ( 29.05294700898703297, -0.4816017284049938785, 0.2999999999999977685 ) ) ;
#5689 = B_SPLINE_CURVE_WITH_KNOTS ( 'NONE', 3,
 ( #5380, #3045, #5305, #2053, #279, #1362, #907, #4298, #242, #2491, #4812, #4739, #1943, #4190, #834, #6505, #3081, #5341 ),
 .UNSPECIFIED., .F., .F.,
 ( 4, 2, 2, 2, 2, 2, 2, 2, 4 ),
 ( -0.003704884370640740190, -0.001829959523012231540, 4.496532461627711016E-05, 0.0009824277484305958368, 0.001919890172244915431, 0.002388621384152078263, 0.002857352596059239361, 0.003326083807966402194, 0.003794815019873564160 ),
 .UNSPECIFIED. ) ;
#5690 = ORIENTED_EDGE ( 'NONE', *, *, #2095, .T. ) ;
#5691 = B_SPLINE_CURVE_WITH_KNOTS ( 'NONE', 3,
 ( #5703, #5170, #4649, #2918, #5133, #5784, #4576, #2883, #6297, #3402, #3952, #73, #1739, #3369, #2264, #4022, #5628, #3984 ),
 .UNSPECIFIED., .F., .F.,
 ( 4, 2, 2, 2, 2, 2, 2, 2, 4 ),
 ( 3.103167691559091397E-17, 0.002432165089351708779, 0.003648247634027532594, 0.004864330178703356843, 0.006080412723379180658, 0.007296495268055003605, 0.008512577812730829155, 0.009120619085068733256, 0.009728660357406635623 ),
 .UNSPECIFIED. ) ;
#5692 = DIRECTION ( 'NONE',  ( 0.01657441405230485054, 0.9998626349648350731, 0.000000000000000000 ) ) ;
#5693 = CARTESIAN_POINT ( 'NONE',  ( 46.19085962846500593, 3.204640862178344207, -0.7044864279173643773 ) ) ;
#5694 = ORIENTED_EDGE ( 'NONE', *, *, #2812, .F. ) ;
#5695 = ORIENTED_EDGE ( 'NONE', *, *, #4336, .T. ) ;
#5696 = LINE ( 'NONE', #5736, #7256 ) ;
#5697 = PLANE ( 'NONE',  #2880 ) ;
#5698 = CARTESIAN_POINT ( 'NONE',  ( 50.75875416735405565, 9.279760514797066762, 0.1269635675963915467 ) ) ;
#5699 = CARTESIAN_POINT ( 'NONE',  ( 29.07190158887170739, 0.6618460054538586324, 10.49818166789216711 ) ) ;
#5700 = LINE ( 'NONE', #6709, #2929 ) ;
#5701 = CARTESIAN_POINT ( 'NONE',  ( 51.55407511300737866, 9.644962789507962597, -0.2882232679308507906 ) ) ;
#5702 = ORIENTED_EDGE ( 'NONE', *, *, #6545, .T. ) ;
#5703 = CARTESIAN_POINT ( 'NONE',  ( 29.56254280510919230, 6.126523007230184170, -19.48925470086116363 ) ) ;
#5704 = PLANE ( 'NONE',  #6808 ) ;
#5705 = CARTESIAN_POINT ( 'NONE',  ( 29.54871347048149133, 3.255072852956454099, 16.24948891403537488 ) ) ;
#5706 = ORIENTED_EDGE ( 'NONE', *, *, #2679, .T. ) ;
#5707 = CARTESIAN_POINT ( 'NONE',  ( 29.71374167923927345, 8.953120319584833453, -22.36001577898295523 ) ) ;
#5708 = AXIS2_PLACEMENT_3D ( 'NONE', #2834, #2872, #5126 ) ;
#5709 = DIRECTION ( 'NONE',  ( -0.000000000000000000, -0.000000000000000000, -1.000000000000000000 ) ) ;
#5710 = VERTEX_POINT ( 'NONE', #3656 ) ;
#5711 = CARTESIAN_POINT ( 'NONE',  ( 30.75271348842726482, -0.5097782322938990696, 0.2999999999999999889 ) ) ;
#5712 = CARTESIAN_POINT ( 'NONE',  ( 40.54863543640857415, 0.4723733461345287488, 0.1999999999999977351 ) ) ;
#5713 = EDGE_CURVE ( 'NONE', #5809, #1860, #3349, .T. ) ;
#5714 = CARTESIAN_POINT ( 'NONE',  ( 45.77175446266352310, 3.386629261935739876, 0.1793710138624886319 ) ) ;
#5715 = EDGE_CURVE ( 'NONE', #3972, #5938, #2457, .T. ) ;
#5716 = ORIENTED_EDGE ( 'NONE', *, *, #2323, .T. ) ;
#5717 = DIRECTION ( 'NONE',  ( -0.000000000000000000, -1.000000000000000000, -0.000000000000000000 ) ) ;
#5718 = EDGE_CURVE ( 'NONE', #2026, #4658, #5927, .T. ) ;
#5719 = AXIS2_PLACEMENT_3D ( 'NONE', #3328, #2329, #2804 ) ;
#5720 = CARTESIAN_POINT ( 'NONE',  ( 30.06460749944760025, 6.246933188713487795, 18.48925470086113876 ) ) ;
#5721 = ORIENTED_EDGE ( 'NONE', *, *, #5538, .F. ) ;
#5722 = VECTOR ( 'NONE', #4541, 100.0000000000000142 ) ;
#5723 = CARTESIAN_POINT ( 'NONE',  ( 50.97629860168323290, 9.594253149000124381, -0.2563886625967656818 ) ) ;
#5724 = ORIENTED_EDGE ( 'NONE', *, *, #4486, .T. ) ;
#5725 = CIRCLE ( 'NONE', #1825, 0.4999999999999985567 ) ;
#5726 = CARTESIAN_POINT ( 'NONE',  ( 51.20628340231812814, 9.094583467626064177, -0.9920336312011999169 ) ) ;
#5727 = CYLINDRICAL_SURFACE ( 'NONE', #4761, 0.4999999999999985567 ) ;
#5728 = EDGE_CURVE ( 'NONE', #979, #731, #1881, .T. ) ;
#5729 = CIRCLE ( 'NONE', #2758, 0.1749999999999973799 ) ;
#5730 = VERTEX_POINT ( 'NONE', #5289 ) ;
#5731 = AXIS2_PLACEMENT_3D ( 'NONE', #4894, #4929, #2747 ) ;
#5732 = EDGE_CURVE ( 'NONE', #4960, #6456, #6894, .T. ) ;
#5733 = FACE_OUTER_BOUND ( 'NONE', #6178, .T. ) ;
#5734 = DIRECTION ( 'NONE',  ( -0.01657441405230579770, -0.9998626349648348510, 0.000000000000000000 ) ) ;
#5735 = VERTEX_POINT ( 'NONE', #6599 ) ;
#5736 = CARTESIAN_POINT ( 'NONE',  ( 29.41452373806752618, -10.34457114643315911, -0.8250000000000035083 ) ) ;
#5737 = DIRECTION ( 'NONE',  ( 1.000000000000000000, 0.000000000000000000, -2.282844472454330789E-16 ) ) ;
#5738 = CARTESIAN_POINT ( 'NONE',  ( 50.75499508474196375, 9.274392758526209590, 0.1056516145403938456 ) ) ;
#5739 =( BOUNDED_CURVE ( )  B_SPLINE_CURVE ( 3, ( #4081, #1290, #6363, #799 ),
 .UNSPECIFIED., .F., .T. ) 
 B_SPLINE_CURVE_WITH_KNOTS ( ( 4, 4 ),
 ( 5.271756004414719143, 6.283185307179586232 ),
 .UNSPECIFIED. ) 
 CURVE ( )  GEOMETRIC_REPRESENTATION_ITEM ( )  RATIONAL_B_SPLINE_CURVE ( ( 1.000000000000000000, 0.9165523315414275674, 0.9165523315414275674, 1.000000000000000000 ) ) 
 REPRESENTATION_ITEM ( '' )  );
#5740 = CARTESIAN_POINT ( 'NONE',  ( 30.00494723860408541, 0.6367560416007492785, -11.47552833453502963 ) ) ;
#5741 = DIRECTION ( 'NONE',  ( 0.01657441405230463891, 0.9998626349648349620, -0.000000000000000000 ) ) ;
#5742 = DIRECTION ( 'NONE',  ( 0.01657441405230464931, 0.9998626349648349620, 3.469446951953613418E-18 ) ) ;
#5743 = ORIENTED_EDGE ( 'NONE', *, *, #1834, .F. ) ;
#5744 = LINE ( 'NONE', #5667, #2640 ) ;
#5745 = CARTESIAN_POINT ( 'NONE',  ( 29.60113989288025849, 8.454918192662232101, 20.57462005477973932 ) ) ;
#5746 = B_SPLINE_CURVE_WITH_KNOTS ( 'NONE', 3,
 ( #2651, #848, #1553, #4202, #2687, #2576, #4825, #2613, #3097, #5920, #3211, #886, #998, #6071 ),
 .UNSPECIFIED., .F., .F.,
 ( 4, 2, 2, 2, 2, 2, 4 ),
 ( 6.798699777552591143E-17, 0.001625331035716079007, 0.002437996553574057687, 0.003250662071432037017, 0.004063327589290015480, 0.004875993107147993944, 0.006501324142863959543 ),
 .UNSPECIFIED. ) ;
#5747 = CARTESIAN_POINT ( 'NONE',  ( 29.67540153415557214, 8.782115134264605771, -22.35549163516673943 ) ) ;
#5748 = ORIENTED_EDGE ( 'NONE', *, *, #1107, .F. ) ;
#5749 = ORIENTED_EDGE ( 'NONE', *, *, #393, .T. ) ;
#5750 = CARTESIAN_POINT ( 'NONE',  ( 28.43913708218347836, -2.485378038177922022, -1.000000000000006661 ) ) ;
#5751 = CARTESIAN_POINT ( 'NONE',  ( 29.56124350842076609, 6.048142063783373601, -19.78214791967459618 ) ) ;
#5752 = ORIENTED_EDGE ( 'NONE', *, *, #3770, .T. ) ;
#5753 = FACE_OUTER_BOUND ( 'NONE', #1704, .T. ) ;
#5754 = CARTESIAN_POINT ( 'NONE',  ( 29.47199796375852898, 0.4668045547407824181, 10.04248348167995708 ) ) ;
#5755 = CARTESIAN_POINT ( 'NONE',  ( 48.85674956211384057, 6.835545300157844117, -0.6999999999999980682 ) ) ;
#5756 = EDGE_LOOP ( 'NONE', ( #3456, #3093, #1213 ) ) ;
#5757 = ADVANCED_FACE ( 'NONE', ( #3734 ), #6733, .F. ) ;
#5758 = B_SPLINE_CURVE_WITH_KNOTS ( 'NONE', 3,
 ( #909, #4412, #2020, #3271 ),
 .UNSPECIFIED., .F., .F.,
 ( 4, 4 ),
 ( -0.004845767612467873249, 0.004000000000000051258 ),
 .UNSPECIFIED. ) ;
#5759 = EDGE_CURVE ( 'NONE', #4204, #6620, #3260, .T. ) ;
#5760 = CARTESIAN_POINT ( 'NONE',  ( 40.30276140187343970, 0.4907091856058877211, 0.08068250391335661520 ) ) ;
#5761 = ORIENTED_EDGE ( 'NONE', *, *, #4212, .T. ) ;
#5762 = EDGE_CURVE ( 'NONE', #6687, #1020, #530, .T. ) ;
#5763 = CARTESIAN_POINT ( 'NONE',  ( 28.16722510746817321, -2.337843263681918859, 0.000000000000000000 ) ) ;
#5764 = CARTESIAN_POINT ( 'NONE',  ( 45.34438959787774337, 3.474091334407627851, -0.8642053188299000377 ) ) ;
#5765 = LINE ( 'NONE', #689, #2525 ) ;
#5766 = CARTESIAN_POINT ( 'NONE',  ( 29.02021422774617676, -2.456228692467047559, 0.4470313698324010487 ) ) ;
#5767 = ORIENTED_EDGE ( 'NONE', *, *, #1962, .F. ) ;
#5768 = DIRECTION ( 'NONE',  ( -0.01657441405230464584, -0.9998626349648348510, -1.734723475976806902E-18 ) ) ;
#5769 = EDGE_CURVE ( 'NONE', #3473, #781, #2260, .T. ) ;
#5770 = CARTESIAN_POINT ( 'NONE',  ( 45.47016318416308422, 3.391202852591134409, 0.2000000000000000111 ) ) ;
#5771 = ORIENTED_EDGE ( 'NONE', *, *, #1962, .T. ) ;
#5772 = EDGE_CURVE ( 'NONE', #1376, #1500, #625, .T. ) ;
#5773 = DIRECTION ( 'NONE',  ( -0.9998626349648349620, 0.01657441405230335868, 0.000000000000000000 ) ) ;
#5774 = CARTESIAN_POINT ( 'NONE',  ( 51.59863108044611124, 9.717405461309315484, -0.2946289118163343268 ) ) ;
#5775 = CARTESIAN_POINT ( 'NONE',  ( 50.67016512333879774, 9.153901524646283150, -0.08863262788087028499 ) ) ;
#5776 = AXIS2_PLACEMENT_3D ( 'NONE', #3280, #476, #23 ) ;
#5777 = LINE ( 'NONE', #701, #687 ) ;
#5778 = PRODUCT_RELATED_PRODUCT_CATEGORY ( 'part', '', ( #1893 ) ) ;
#5779 = DIRECTION ( 'NONE',  ( 0.01657441405230464931, 0.9998626349648349620, 3.469446951953613418E-18 ) ) ;
#5780 = CARTESIAN_POINT ( 'NONE',  ( 29.62102918974303734, 9.654753354620073225, -23.00000000000000355 ) ) ;
#5781 = AXIS2_PLACEMENT_3D ( 'NONE', #2813, #5065, #5 ) ;
#5782 = ORIENTED_EDGE ( 'NONE', *, *, #2495, .T. ) ;
#5783 = ORIENTED_EDGE ( 'NONE', *, *, #2272, .T. ) ;
#5784 = CARTESIAN_POINT ( 'NONE',  ( 29.65025583159339106, 6.407913804636777400, -19.76688320016821976 ) ) ;
#5785 = DIRECTION ( 'NONE',  ( -0.9998626349648350731, 0.01657441405230465625, 0.000000000000000000 ) ) ;
#5786 = CARTESIAN_POINT ( 'NONE',  ( 30.09769085256343146, 9.191456128395019576, 21.24688247531192076 ) ) ;
#5787 = B_SPLINE_CURVE_WITH_KNOTS ( 'NONE', 3,
 ( #3907, #6177, #5617, #2254 ),
 .UNSPECIFIED., .F., .F.,
 ( 4, 4 ),
 ( 0.000000000000000000, 0.004913971239142208257 ),
 .UNSPECIFIED. ) ;
#5788 = ORIENTED_EDGE ( 'NONE', *, *, #3940, .T. ) ;
#5789 = DIRECTION ( 'NONE',  ( -0.01657441405230579770, -0.9998626349648348510, -3.469446951953803700E-18 ) ) ;
#5790 = CARTESIAN_POINT ( 'NONE',  ( 29.90086241088419783, 0.2459418851198825473, 10.78215562478895428 ) ) ;
#5791 = ORIENTED_EDGE ( 'NONE', *, *, #6532, .T. ) ;
#5792 = CARTESIAN_POINT ( 'NONE',  ( 29.83091392186864610, -2.806580049711332236, -0.000000000000000000 ) ) ;
#5793 = VECTOR ( 'NONE', #6617, 100.0000000000000142 ) ;
#5794 = CARTESIAN_POINT ( 'NONE',  ( 40.54985510992108999, 0.4726468949057769375, 0.1802137501648861106 ) ) ;
#5795 = DIRECTION ( 'NONE',  ( 0.9998626349648348510, -0.01657441405230463544, -0.000000000000000000 ) ) ;
#5796 = VERTEX_POINT ( 'NONE', #6115 ) ;
#5797 = CARTESIAN_POINT ( 'NONE',  ( 29.57111797714368961, 6.643826007256484090, 19.75077379782860376 ) ) ;
#5798 = B_SPLINE_SURFACE_WITH_KNOTS ( 'NONE', 2, 1, ( 
 ( #5283, #221 ),
 ( #2469, #5430 ),
 ( #3246, #370 ) ),
 .UNSPECIFIED., .F., .F., .F.,
 ( 3, 3 ),
 ( 2, 2 ),
 ( 0.6147539134780132253, 1.000000000000000000 ),
 ( 0.000000000000000000, 1.000000000000000000 ),
 .UNSPECIFIED. ) ;
#5799 = CARTESIAN_POINT ( 'NONE',  ( 29.51495293980827128, 3.255632490845135507, 3.168799869486304193E-15 ) ) ;
#5800 = VERTEX_POINT ( 'NONE', #1633 ) ;
#5801 = DIRECTION ( 'NONE',  ( -0.9998626349648349620, 0.01657441405230464584, 0.000000000000000000 ) ) ;
#5802 = CARTESIAN_POINT ( 'NONE',  ( 40.23927785135777668, 0.07744651770170643545, 0.2333333333333363346 ) ) ;
#5803 = DIRECTION ( 'NONE',  ( -1.665680818703648634E-16, -7.087759561701499957E-19, 1.000000000000000000 ) ) ;
#5804 = CARTESIAN_POINT ( 'NONE',  ( 27.23884348098842878, -2.307406495602015717, 0.2999999999999999889 ) ) ;
#5805 = ORIENTED_EDGE ( 'NONE', *, *, #6407, .T. ) ;
#5806 = VECTOR ( 'NONE', #3238, 100.0000000000000000 ) ;
#5807 = EDGE_CURVE ( 'NONE', #1864, #6013, #263, .T. ) ;
#5808 = LINE ( 'NONE', #1366, #833 ) ;
#5809 = VERTEX_POINT ( 'NONE', #2292 ) ;
#5810 = PLANE ( 'NONE',  #4043 ) ;
#5811 = DIRECTION ( 'NONE',  ( 0.01657441405230464584, 0.9998626349648350731, 1.734723475976807094E-18 ) ) ;
#5812 = EDGE_CURVE ( 'NONE', #6170, #887, #2766, .T. ) ;
#5813 = ADVANCED_FACE ( 'NONE', ( #4535 ), #7268, .F. ) ;
#5814 = VERTEX_POINT ( 'NONE', #5129 ) ;
#5815 = LINE ( 'NONE', #4131, #6387 ) ;
#5816 = ADVANCED_FACE ( 'NONE', ( #3395 ), #4187, .F. ) ;
#5817 = CARTESIAN_POINT ( 'NONE',  ( 29.21402111880147956, -2.831489695086466973, -0.5000000000000032196 ) ) ;
#5818 = DIRECTION ( 'NONE',  ( 0.000000000000000000, 0.000000000000000000, 1.000000000000000000 ) ) ;
#5819 = ORIENTED_EDGE ( 'NONE', *, *, #6581, .T. ) ;
#5820 = VERTEX_POINT ( 'NONE', #4466 ) ;
#5821 = DIRECTION ( 'NONE',  ( -0.01657441405230464584, -0.9998626349648348510, -0.000000000000000000 ) ) ;
#5822 = DIRECTION ( 'NONE',  ( -0.9998626349648348510, 0.01657441405230463544, 2.282530889443096024E-16 ) ) ;
#5823 = FACE_OUTER_BOUND ( 'NONE', #4407, .T. ) ;
#5824 = ORIENTED_EDGE ( 'NONE', *, *, #2270, .T. ) ;
#5825 = DIRECTION ( 'NONE',  ( -0.9998626349648350731, 0.01657441405230466666, 0.000000000000000000 ) ) ;
#5826 = ORIENTED_EDGE ( 'NONE', *, *, #5715, .F. ) ;
#5827 = CARTESIAN_POINT ( 'NONE',  ( 29.57952447209468261, 7.146809560181840659, 3.169066891972249104E-15 ) ) ;
#5828 = CARTESIAN_POINT ( 'NONE',  ( 29.93394944315046402, 0.6383298149911743602, 10.47646548656146592 ) ) ;
#5829 = FACE_OUTER_BOUND ( 'NONE', #3800, .T. ) ;
#5830 = VERTEX_POINT ( 'NONE', #1184 ) ;
#5831 = CARTESIAN_POINT ( 'NONE',  ( 29.02116988545924769, -2.398578000497849416, -1.532040691130933885 ) ) ;
#5832 = CARTESIAN_POINT ( 'NONE',  ( 40.27210028039772993, 0.4777149198339905034, 0.1685021496002848118 ) ) ;
#5833 = ORIENTED_EDGE ( 'NONE', *, *, #1472, .T. ) ;
#5834 = CARTESIAN_POINT ( 'NONE',  ( 28.59850047294034070, -2.821286399468161399, 6.846696022789178986E-16 ) ) ;
#5835 = CARTESIAN_POINT ( 'NONE',  ( 50.71681740647547088, 9.220019703718214998, -0.9901249452695128905 ) ) ;
#5836 = CARTESIAN_POINT ( 'NONE',  ( 29.60301574067830543, 8.568079968145028147, 21.24937095572684242 ) ) ;
#5837 = ORIENTED_EDGE ( 'NONE', *, *, #5524, .T. ) ;
#5838 = CARTESIAN_POINT ( 'NONE',  ( 41.03893530837986248, -0.1725196525909055978, -0.3000000000000025424 ) ) ;
#5839 = PRESENTATION_LAYER_ASSIGNMENT (  '', '', ( #6323 ) ) ;
#5840 = DIRECTION ( 'NONE',  ( -1.000000000000000000, 0.000000000000000000, -3.382917932875483327E-16 ) ) ;
#5841 = ORIENTED_EDGE ( 'NONE', *, *, #5772, .F. ) ;
#5842 = VECTOR ( 'NONE', #4504, 100.0000000000000142 ) ;
#5843 = CARTESIAN_POINT ( 'NONE',  ( 29.07191440928633597, 0.6626194055575029829, 10.49999999999999467 ) ) ;
#5844 = FACE_OUTER_BOUND ( 'NONE', #4114, .T. ) ;
#5845 = CIRCLE ( 'NONE', #1355, 19.50215235425126181 ) ;
#5846 = DIRECTION ( 'NONE',  ( 0.9998626349648348510, -0.01657441405230464238, 0.000000000000000000 ) ) ;
#5847 = CARTESIAN_POINT ( 'NONE',  ( 40.55364793173981752, -0.4278333899684874653, -0.7000000000000027311 ) ) ;
#5848 = ADVANCED_FACE ( 'NONE', ( #5549 ), #487, .F. ) ;
#5849 = DIRECTION ( 'NONE',  ( 0.01657441405230465278, 0.9998626349648350731, 3.469446951953613418E-18 ) ) ;
#5850 = ORIENTED_EDGE ( 'NONE', *, *, #3348, .F. ) ;
#5851 = ORIENTED_EDGE ( 'NONE', *, *, #5155, .F. ) ;
#5852 = LINE ( 'NONE', #889, #3604 ) ;
#5853 = CARTESIAN_POINT ( 'NONE',  ( 29.61130169349334196, 9.067935624548129070, 21.60236247968449774 ) ) ;
#5854 = VERTEX_POINT ( 'NONE', #3433 ) ;
#5855 = B_SPLINE_SURFACE_WITH_KNOTS ( 'NONE', 2, 1, ( 
 ( #4214, #2444 ),
 ( #3737, #4181 ),
 ( #4146, #7006 ) ),
 .UNSPECIFIED., .F., .F., .F.,
 ( 3, 3 ),
 ( 2, 2 ),
 ( 0.04063458747845023061, 0.6170516038548923277 ),
 ( 0.000000000000000000, 1.000000000000000000 ),
 .UNSPECIFIED. ) ;
#5856 = CARTESIAN_POINT ( 'NONE',  ( 29.46828849945849527, 0.4405688548064635723, -10.97664068296517392 ) ) ;
#5857 = CARTESIAN_POINT ( 'NONE',  ( 29.50643984339520998, 0.008759065822093826947, 11.07065221830878166 ) ) ;
#5858 = EDGE_CURVE ( 'NONE', #1500, #231, #1332, .T. ) ;
#5859 = ORIENTED_EDGE ( 'NONE', *, *, #4403, .F. ) ;
#5860 = DIRECTION ( 'NONE',  ( 0.01657441405230464238, 0.9998626349648350731, 0.000000000000000000 ) ) ;
#5861 = CIRCLE ( 'NONE', #6105, 0.4999999999999985567 ) ;
#5862 = CARTESIAN_POINT ( 'NONE',  ( 49.16901975081679410, 6.288744766004494835, -0.7046482149270729689 ) ) ;
#5863 = CARTESIAN_POINT ( 'NONE',  ( 29.57952447209468616, 7.146809560181840659, -20.78179387253660693 ) ) ;
#5864 = ADVANCED_FACE ( 'NONE', ( #2324 ), #6222, .F. ) ;
#5865 = ORIENTED_EDGE ( 'NONE', *, *, #6714, .T. ) ;
#5866 = CARTESIAN_POINT ( 'NONE',  ( 29.64481259571036986, 6.373279168213251467, 19.52072732404077016 ) ) ;
#5867 = CARTESIAN_POINT ( 'NONE',  ( 31.03832149385491945, -2.370389269000775290, 0.2999999999999999889 ) ) ;
#5868 = ORIENTED_EDGE ( 'NONE', *, *, #917, .F. ) ;
#5869 = CARTESIAN_POINT ( 'NONE',  ( 29.59166217568004598, 7.033652159224866196, -20.35418184090424631 ) ) ;
#5870 = CARTESIAN_POINT ( 'NONE',  ( 50.76422159915956200, 9.287569921819278207, -1.194151591942827384 ) ) ;
#5871 = CARTESIAN_POINT ( 'NONE',  ( 29.60428381055857372, 8.644577133422112425, 21.30426307650303741 ) ) ;
#5872 = B_SPLINE_CURVE_WITH_KNOTS ( 'NONE', 3,
 ( #542, #6762, #3964, #2173, #1138, #4519, #3383, #4418, #6795, #436, #3311, #129, #724, #3454, #2344, #2969, #5723, #53, #4628, #1249 ),
 .UNSPECIFIED., .F., .F.,
 ( 4, 2, 2, 2, 2, 2, 2, 2, 2, 4 ),
 ( 4.336808689942017736E-19, 0.001075817863034901969, 0.001613726794552328668, 0.002151635726069754933, 0.002689544657587180764, 0.003227453589104607463, 0.004303271452139583592, 0.005379089315174561889, 0.006454907178209538451, 0.008606542904279668518 ),
 .UNSPECIFIED. ) ;
#5873 = DIRECTION ( 'NONE',  ( -3.372764553633511840E-16, -2.511834186424162314E-16, 1.000000000000000000 ) ) ;
#5874 = DIRECTION ( 'NONE',  ( -0.9998626349648349620, 0.01657441405230335868, 0.000000000000000000 ) ) ;
#5875 = ORIENTED_EDGE ( 'NONE', *, *, #6095, .T. ) ;
#5876 = CARTESIAN_POINT ( 'NONE',  ( 45.56409838834216686, 2.677198893371150135, -0.2652212406526714417 ) ) ;
#5877 = CARTESIAN_POINT ( 'NONE',  ( 45.46073405852188642, 3.565841746326559925, -0.8199678713846343392 ) ) ;
#5878 = ORIENTED_EDGE ( 'NONE', *, *, #4201, .F. ) ;
#5879 = CARTESIAN_POINT ( 'NONE',  ( 27.86161175479890773, -1.824979717385858624, -1.000000000000006217 ) ) ;
#5880 = CARTESIAN_POINT ( 'NONE',  ( 41.00749275737234001, -0.1862050267496058176, -0.7007086584819024466 ) ) ;
#5881 = CARTESIAN_POINT ( 'NONE',  ( 30.05311192830296108, 6.247024610426944236, 19.29018020276335577 ) ) ;
#5882 = ORIENTED_EDGE ( 'NONE', *, *, #7306, .T. ) ;
#5883 = ORIENTED_EDGE ( 'NONE', *, *, #104, .F. ) ;
#5884 = CARTESIAN_POINT ( 'NONE',  ( 29.97740058064824353, -1.362884724196885777, -2.500000000000004441 ) ) ;
#5885 = CARTESIAN_POINT ( 'NONE',  ( 40.20239802736519152, 0.4483694908849840122, -0.9916382033157798981 ) ) ;
#5886 = ORIENTED_EDGE ( 'NONE', *, *, #2407, .T. ) ;
#5887 = EDGE_CURVE ( 'NONE', #5730, #4993, #30, .T. ) ;
#5888 = EDGE_CURVE ( 'NONE', #4801, #6518, #6153, .T. ) ;
#5889 = CARTESIAN_POINT ( 'NONE',  ( 28.59850047294034070, -2.821286399468161399, -1.000000000000007105 ) ) ;
#5890 = VECTOR ( 'NONE', #3542, 100.0000000000000000 ) ;
#5891 = CARTESIAN_POINT ( 'NONE',  ( 30.31904579061175298, -1.868616763265141367, -1.000000000000006883 ) ) ;
#5892 = ORIENTED_EDGE ( 'NONE', *, *, #2679, .F. ) ;
#5893 = LINE ( 'NONE', #935, #4754 ) ;
#5894 = LINE ( 'NONE', #6493, #761 ) ;
#5895 = LINE ( 'NONE', #5295, #1217 ) ;
#5896 = CIRCLE ( 'NONE', #5781, 0.4999999999999985567 ) ;
#5897 = VERTEX_POINT ( 'NONE', #1667 ) ;
#5898 = EDGE_CURVE ( 'NONE', #6068, #89, #520, .T. ) ;
#5899 = ADVANCED_FACE ( 'NONE', ( #6184 ), #1119, .F. ) ;
#5900 = FACE_OUTER_BOUND ( 'NONE', #1336, .T. ) ;
#5901 = B_SPLINE_CURVE_WITH_KNOTS ( 'NONE', 3,
 ( #3355, #2867, #2253, #5936 ),
 .UNSPECIFIED., .F., .F.,
 ( 4, 4 ),
 ( 0.000000000000000000, 0.0002065149350831558801 ),
 .UNSPECIFIED. ) ;
#5902 = CARTESIAN_POINT ( 'NONE',  ( 30.10107121036267941, 8.446630985636124578, -0.5000000000000031086 ) ) ;
#5903 = EDGE_CURVE ( 'NONE', #1864, #2077, #2980, .T. ) ;
#5904 = CARTESIAN_POINT ( 'NONE',  ( 27.23884348098842878, -2.307406495602015717, 0.2999999999999999889 ) ) ;
#5905 = ORIENTED_EDGE ( 'NONE', *, *, #6306, .F. ) ;
#5906 = CIRCLE ( 'NONE', #1066, 0.1749999999999973799 ) ;
#5907 = CARTESIAN_POINT ( 'NONE',  ( 29.74210558618943878, 6.776336738757761324, -20.11875347386980906 ) ) ;
#5908 = FACE_OUTER_BOUND ( 'NONE', #5950, .T. ) ;
#5909 = DIRECTION ( 'NONE',  ( 0.01657441405230485054, 0.9998626349648350731, 2.550043509685906922E-16 ) ) ;
#5910 = CARTESIAN_POINT ( 'NONE',  ( 41.00749275737234711, -0.1862050267496076217, -0.2992913415181021053 ) ) ;
#5911 = CARTESIAN_POINT ( 'NONE',  ( 48.35797966181451812, 6.343744562579289870, -1.199999999999998401 ) ) ;
#5912 = ORIENTED_EDGE ( 'NONE', *, *, #6137, .F. ) ;
#5913 = CARTESIAN_POINT ( 'NONE',  ( 45.38133477118634573, 2.530322742514554690, -0.3000000000003926748 ) ) ;
#5914 = CARTESIAN_POINT ( 'NONE',  ( 45.85400271893194457, 3.884908755138780645, -0.6999999999999999556 ) ) ;
#5915 = B_SPLINE_CURVE_WITH_KNOTS ( 'NONE', 2,
 ( #4356, #1631, #6113 ),
 .UNSPECIFIED., .F., .F.,
 ( 3, 3 ),
 ( 0.6896374195886108005, 0.8135633663519704628 ),
 .UNSPECIFIED. ) ;
#5916 = EDGE_LOOP ( 'NONE', ( #6659, #792, #5627, #2335, #595 ) ) ;
#5917 = CARTESIAN_POINT ( 'NONE',  ( 48.62715771743973647, 6.573989821970297243, -0.7762044153200807761 ) ) ;
#5918 = DIRECTION ( 'NONE',  ( -0.01657441405230464238, -0.9998626349648349620, 0.000000000000000000 ) ) ;
#5919 = AXIS2_PLACEMENT_3D ( 'NONE', #3649, #443, #5955 ) ;
#5920 = CARTESIAN_POINT ( 'NONE',  ( 29.58489685596181573, 5.914914898380112085, -20.11524199720688344 ) ) ;
#5921 = ORIENTED_EDGE ( 'NONE', *, *, #5676, .T. ) ;
#5922 = ORIENTED_EDGE ( 'NONE', *, *, #1506, .T. ) ;
#5923 = FACE_OUTER_BOUND ( 'NONE', #3462, .T. ) ;
#5924 = CARTESIAN_POINT ( 'NONE',  ( 30.04543440656242836, 8.884563106493594375, 21.24833087221623273 ) ) ;
#5925 = B_SPLINE_CURVE_WITH_KNOTS ( 'NONE', 3,
 ( #5914, #5352, #3610, #1953, #4749, #3018, #2466, #4198, #3055, #5877, #252, #5279, #216, #806 ),
 .UNSPECIFIED., .F., .F.,
 ( 4, 2, 2, 2, 2, 2, 4 ),
 ( 1.358090206381168348E-14, 0.001649162902431284454, 0.003298325804848987759, 0.004122907256057906956, 0.004947488707266825721, 0.005772070158475743618, 0.006596651609684661514 ),
 .UNSPECIFIED. ) ;
#5926 = ORIENTED_EDGE ( 'NONE', *, *, #5252, .F. ) ;
#5927 = LINE ( 'NONE', #2922, #6503 ) ;
#5928 = LINE ( 'NONE', #154, #7204 ) ;
#5929 = ORIENTED_EDGE ( 'NONE', *, *, #1967, .F. ) ;
#5930 = DIRECTION ( 'NONE',  ( -0.01657441405230463891, -0.9998626349648348510, -2.526198420459838063E-16 ) ) ;
#5931 = DIRECTION ( 'NONE',  ( 0.01657441405230467013, 0.9998626349648350731, 1.734723475976807094E-18 ) ) ;
#5932 = CARTESIAN_POINT ( 'NONE',  ( 49.27886127923902393, 6.424451800755975661, -0.4305139678324036989 ) ) ;
#5933 = DIRECTION ( 'NONE',  ( 0.01657441405230466319, 0.9998626349648349620, 1.734723475976807094E-18 ) ) ;
#5934 = VERTEX_POINT ( 'NONE', #773 ) ;
#5935 = CARTESIAN_POINT ( 'NONE',  ( 30.05400500914902651, 6.647461227841615639, -20.29037837007850342 ) ) ;
#5936 = CARTESIAN_POINT ( 'NONE',  ( 45.77088273402486607, 3.386217917502318819, 0.2000000000000000944 ) ) ;
#5937 = CARTESIAN_POINT ( 'NONE',  ( 29.97179078075468794, 0.6477024329104120737, 11.27921898938787493 ) ) ;
#5938 = VERTEX_POINT ( 'NONE', #4720 ) ;
#5939 = ADVANCED_FACE ( 'NONE', ( #4015 ), #219, .F. ) ;
#5940 = CARTESIAN_POINT ( 'NONE',  ( 29.83923363456296229, 6.707973978507764556, -20.05614748370046030 ) ) ;
#5941 = CARTESIAN_POINT ( 'NONE',  ( 51.93437100625460090, 10.27478996622798668, -0.6999999999999962919 ) ) ;
#5942 = AXIS2_PLACEMENT_3D ( 'NONE', #6939, #123, #3072 ) ;
#5943 = DIRECTION ( 'NONE',  ( -0.01657441405230464238, -0.9998626349648349620, -1.734723475976807480E-18 ) ) ;
#5944 = CARTESIAN_POINT ( 'NONE',  ( 29.07190158887172871, 0.6618460054538399806, -11.49818166789215645 ) ) ;
#5945 = EDGE_CURVE ( 'NONE', #3473, #3477, #5191, .T. ) ;
#5946 = ORIENTED_EDGE ( 'NONE', *, *, #4849, .F. ) ;
#5947 = CARTESIAN_POINT ( 'NONE',  ( 29.83593788553746862, -2.678018876776802060, 0.000000000000000000 ) ) ;
#5948 = CARTESIAN_POINT ( 'NONE',  ( 45.84190424054542490, 2.906450311533736119, -0.06899527106055475256 ) ) ;
#5949 = EDGE_CURVE ( 'NONE', #973, #1311, #570, .T. ) ;
#5950 = EDGE_LOOP ( 'NONE', ( #6676, #3508, #1799, #4627, #3908, #5214, #2123, #272, #1494, #5523 ) ) ;
#5951 = VECTOR ( 'NONE', #1648, 100.0000000000000142 ) ;
#5952 = CARTESIAN_POINT ( 'NONE',  ( 43.11609355556152678, 1.794878659981462565, -0.7000000000000012879 ) ) ;
#5953 = DIRECTION ( 'NONE',  ( 0.9998626349648349620, -0.01657441405230474646, 0.000000000000000000 ) ) ;
#5954 = AXIS2_PLACEMENT_3D ( 'NONE', #5424, #3548, #743 ) ;
#5955 = DIRECTION ( 'NONE',  ( 0.9998626349648348510, -0.01657441405230464584, 0.000000000000000000 ) ) ;
#5956 = VERTEX_POINT ( 'NONE', #2947 ) ;
#5957 = EDGE_LOOP ( 'NONE', ( #1856, #3277, #7014, #5443 ) ) ;
#5958 = CIRCLE ( 'NONE', #39, 21.75764531748080444 ) ;
#5959 = CARTESIAN_POINT ( 'NONE',  ( 41.03893530837986248, -0.1725196525909055978, -0.3000000000000025424 ) ) ;
#5960 = CIRCLE ( 'NONE', #5232, 0.4999999999999985567 ) ;
#5961 = CARTESIAN_POINT ( 'NONE',  ( 29.91307235971036249, 3.628594466166624954, 15.63929916627820127 ) ) ;
#5962 = EDGE_LOOP ( 'NONE', ( #4792, #3885, #6240, #2680, #1208 ) ) ;
#5963 = VECTOR ( 'NONE', #4305, 100.0000000000000142 ) ;
#5964 = B_SPLINE_CURVE_WITH_KNOTS ( 'NONE', 3,
 ( #2215, #3343, #5611, #2786 ),
 .UNSPECIFIED., .F., .F.,
 ( 4, 4 ),
 ( 0.002000000000000029966, 0.009339902454676122026 ),
 .UNSPECIFIED. ) ;
#5965 = CARTESIAN_POINT ( 'NONE',  ( 49.16938010758668298, 6.453785097957684513, -0.1305919782910097138 ) ) ;
#5966 = VECTOR ( 'NONE', #2873, 100.0000000000000000 ) ;
#5967 = CARTESIAN_POINT ( 'NONE',  ( 45.47016318416308422, 3.391202852591135297, -1.199999999999999956 ) ) ;
#5968 = ORIENTED_EDGE ( 'NONE', *, *, #7126, .T. ) ;
#5969 = CARTESIAN_POINT ( 'NONE',  ( 29.22216369412238279, -2.340283382147479774, -0.5000000000000032196 ) ) ;
#5970 = FACE_OUTER_BOUND ( 'NONE', #3299, .T. ) ;
#5971 = CARTESIAN_POINT ( 'NONE',  ( 29.22108413575708497, 9.661383120241001876, 21.25672608094550142 ) ) ;
#5972 = CARTESIAN_POINT ( 'NONE',  ( 29.43854127791119524, -1.353952219983597605, 1.499999999999998890 ) ) ;
#5973 = VERTEX_POINT ( 'NONE', #2503 ) ;
#5974 =( BOUNDED_CURVE ( )  B_SPLINE_CURVE ( 3, ( #1676, #6194, #4544, #6267 ),
 .UNSPECIFIED., .F., .T. ) 
 B_SPLINE_CURVE_WITH_KNOTS ( ( 4, 4 ),
 ( -8.881784197001252323E-16, 1.570796326794896114 ),
 .UNSPECIFIED. ) 
 CURVE ( )  GEOMETRIC_REPRESENTATION_ITEM ( )  RATIONAL_B_SPLINE_CURVE ( ( 1.000000000000000000, 0.8047378541243649375, 0.8047378541243649375, 1.000000000000000000 ) ) 
 REPRESENTATION_ITEM ( '' )  );
#5975 = ORIENTED_EDGE ( 'NONE', *, *, #7180, .T. ) ;
#5976 = CARTESIAN_POINT ( 'NONE',  ( 51.62819232965916427, 9.765534048218302843, -0.6999999999999948486 ) ) ;
#5977 = ORIENTED_EDGE ( 'NONE', *, *, #5576, .T. ) ;
#5978 = LINE ( 'NONE', #3501, #4120 ) ;
#5979 = B_SPLINE_SURFACE_WITH_KNOTS ( 'NONE', 2, 1, ( 
 ( #4258, #6500 ),
 ( #658, #3706 ),
 ( #2561, #4809 ) ),
 .UNSPECIFIED., .F., .F., .F.,
 ( 3, 3 ),
 ( 2, 2 ),
 ( 0.9834053267784964580, 1.000000000000000000 ),
 ( 0.000000000000000000, 1.000000000000000000 ),
 .UNSPECIFIED. ) ;
#5980 = DIRECTION ( 'NONE',  ( 0.9998626349648349620, -0.01657441405230474646, 0.000000000000000000 ) ) ;
#5981 = ORIENTED_EDGE ( 'NONE', *, *, #2671, .F. ) ;
#5982 = AXIS2_PLACEMENT_3D ( 'NONE', #5324, #3687, #6519 ) ;
#5983 = CARTESIAN_POINT ( 'NONE',  ( 30.02980122993776391, 4.147221655287334663, 3.255189098589949502E-15 ) ) ;
#5984 = CARTESIAN_POINT ( 'NONE',  ( 29.52980122993775680, 4.147221655287334663, 16.44368426867221089 ) ) ;
#5985 = CYLINDRICAL_SURFACE ( 'NONE', #3344, 0.1749999999999973799 ) ;
#5986 = EDGE_CURVE ( 'NONE', #1230, #4911, #3020, .T. ) ;
#5987 = CARTESIAN_POINT ( 'NONE',  ( 29.53832603198531359, 4.039971737380422923, -17.16221802439183719 ) ) ;
#5988 = EDGE_CURVE ( 'NONE', #3358, #3132, #3469, .T. ) ;
#5989 = ADVANCED_FACE ( 'NONE', ( #3507 ), #2467, .F. ) ;
#5990 = CARTESIAN_POINT ( 'NONE',  ( 29.37133342059312113, 6.658480332536035995, -0.5000000000000032196 ) ) ;
#5991 = EDGE_LOOP ( 'NONE', ( #223, #5470, #7068, #7130 ) ) ;
#5992 = LINE ( 'NONE', #6028, #6202 ) ;
#5993 = PLANE ( 'NONE',  #7139 ) ;
#5994 = ORIENTED_EDGE ( 'NONE', *, *, #1599, .T. ) ;
#5995 = ADVANCED_FACE ( 'NONE', ( #1302 ), #4163, .F. ) ;
#5996 = CARTESIAN_POINT ( 'NONE',  ( 48.85674956211384057, 6.835545300157844117, -0.6999999999999980682 ) ) ;
#5997 = CARTESIAN_POINT ( 'NONE',  ( 29.58586724368138476, 7.533585394851481709, -21.49858392123555006 ) ) ;
#5998 = EDGE_CURVE ( 'NONE', #3579, #5313, #2923, .T. ) ;
#5999 = DIRECTION ( 'NONE',  ( 0.01657441405230464931, 0.9998626349648349620, 3.469446951953613804E-18 ) ) ;
#6000 = VERTEX_POINT ( 'NONE', #5879 ) ;
#6001 = EDGE_LOOP ( 'NONE', ( #5946, #1775, #2066, #5851 ) ) ;
#6002 = DIRECTION ( 'NONE',  ( -0.9998626349648348510, 0.01657441405230448625, 0.000000000000000000 ) ) ;
#6003 = CARTESIAN_POINT ( 'NONE',  ( 29.76050192928325799, 3.585951455274204669, 15.57927436189744874 ) ) ;
#6004 = ORIENTED_EDGE ( 'NONE', *, *, #334, .F. ) ;
#6005 = CARTESIAN_POINT ( 'NONE',  ( 29.77266969782224493, 8.467071731113602340, -22.25450391828930918 ) ) ;
#6006 = CARTESIAN_POINT ( 'NONE',  ( 49.16852958114473182, 6.432463452970976547, -0.8954107022819979278 ) ) ;
#6007 = VERTEX_POINT ( 'NONE', #809 ) ;
#6008 = DIRECTION ( 'NONE',  ( -0.9998626349648348510, 0.01657441405230464584, -3.341506680459168366E-16 ) ) ;
#6009 = CARTESIAN_POINT ( 'NONE',  ( 30.01488425729069220, 3.247345283818983130, -17.45197147569836815 ) ) ;
#6010 = LINE ( 'NONE', #3071, #2875 ) ;
#6011 = CYLINDRICAL_SURFACE ( 'NONE', #2385, 0.4999999999999985567 ) ;
#6012 = EDGE_LOOP ( 'NONE', ( #5285, #2848, #1004, #1625, #584 ) ) ;
#6013 = VERTEX_POINT ( 'NONE', #3057 ) ;
#6014 = CARTESIAN_POINT ( 'NONE',  ( 48.72204735959149247, 5.757841259949413093, -0.6999999999999985123 ) ) ;
#6015 = VERTEX_POINT ( 'NONE', #5318 ) ;
#6016 = CARTESIAN_POINT ( 'NONE',  ( 45.80838335197996258, 2.878398158337738710, -0.8898110390462180552 ) ) ;
#6017 = DIRECTION ( 'NONE',  ( -0.01657441405230579770, -0.9998626349648348510, 0.000000000000000000 ) ) ;
#6018 = EDGE_LOOP ( 'NONE', ( #5011, #4426, #3686, #2882, #1105 ) ) ;
#6019 = CARTESIAN_POINT ( 'NONE',  ( 29.87102268241145353, 6.692009210529578311, -20.04161656768155808 ) ) ;
#6020 = CIRCLE ( 'NONE', #4697, 0.4999999999999985567 ) ;
#6021 = DIRECTION ( 'NONE',  ( -3.372764553633511840E-16, -2.511834186424162314E-16, 1.000000000000000000 ) ) ;
#6022 = FACE_OUTER_BOUND ( 'NONE', #4623, .T. ) ;
#6023 = CARTESIAN_POINT ( 'NONE',  ( 29.57952447209468616, 7.146809560181840659, -20.78179387253660693 ) ) ;
#6024 = VECTOR ( 'NONE', #1390, 100.0000000000000000 ) ;
#6025 = B_SPLINE_CURVE_WITH_KNOTS ( 'NONE', 2,
 ( #2076, #4318, #6045 ),
 .UNSPECIFIED., .F., .F.,
 ( 3, 3 ),
 ( 0.000000000000000000, 0.3769880855403204278 ),
 .UNSPECIFIED. ) ;
#6026 = CARTESIAN_POINT ( 'NONE',  ( 29.93210798342870760, 0.2483052888213038711, -12.18051457789839453 ) ) ;
#6027 = VERTEX_POINT ( 'NONE', #2913 ) ;
#6028 = CARTESIAN_POINT ( 'NONE',  ( 29.20948204592047048, 8.961479275765617203, 21.25672608094550142 ) ) ;
#6029 = CARTESIAN_POINT ( 'NONE',  ( 40.83078788089463984, 0.7231637883129674593, -0.7518508299559101271 ) ) ;
#6030 = ORIENTED_EDGE ( 'NONE', *, *, #5350, .T. ) ;
#6031 = CARTESIAN_POINT ( 'NONE',  ( 29.99558813191476503, 3.327921970893008119, 15.95239721201883754 ) ) ;
#6032 = CARTESIAN_POINT ( 'NONE',  ( 29.22216369412238279, -2.340283382147479774, -0.5000000000000032196 ) ) ;
#6033 = CARTESIAN_POINT ( 'NONE',  ( 46.00059799664830962, 3.040566657831270003, -0.7740396094141231975 ) ) ;
#6034 = ORIENTED_EDGE ( 'NONE', *, *, #962, .T. ) ;
#6035 = ORIENTED_EDGE ( 'NONE', *, *, #2496, .T. ) ;
#6036 = AXIS2_PLACEMENT_3D ( 'NONE', #1660, #6736, #6701 ) ;
#6037 = EDGE_CURVE ( 'NONE', #1917, #3804, #5815, .T. ) ;
#6038 = DIRECTION ( 'NONE',  ( 0.000000000000000000, -1.000000000000000000, -2.549693222869526344E-16 ) ) ;
#6039 = EDGE_CURVE ( 'NONE', #4797, #2901, #4091, .T. ) ;
#6040 = CARTESIAN_POINT ( 'NONE',  ( 30.37946592577736737, -2.359467623762609101, -1.000000000000006883 ) ) ;
#6041 = ORIENTED_EDGE ( 'NONE', *, *, #5998, .F. ) ;
#6042 = EDGE_CURVE ( 'NONE', #1000, #2256, #2888, .T. ) ;
#6043 = VECTOR ( 'NONE', #1443, 100.0000000000000142 ) ;
#6044 = CARTESIAN_POINT ( 'NONE',  ( 29.64788194331404014, 9.225263201201320484, -22.26105159415432766 ) ) ;
#6045 = CARTESIAN_POINT ( 'NONE',  ( 40.47805477353603010, -0.4265803055350975703, -0.3000000000000028200 ) ) ;
#6046 = EDGE_LOOP ( 'NONE', ( #5333, #4529, #4235, #6427, #6935, #4025 ) ) ;
#6047 = CARTESIAN_POINT ( 'NONE',  ( 40.54264117998302197, 0.07241775750896523034, -1.189751676523447044 ) ) ;
#6048 = CARTESIAN_POINT ( 'NONE',  ( 30.05400500914900874, 6.647461227841615639, 19.29037837007849987 ) ) ;
#6049 = EDGE_CURVE ( 'NONE', #4559, #1162, #5777, .T. ) ;
#6050 = B_SPLINE_CURVE_WITH_KNOTS ( 'NONE', 3,
 ( #2462, #1913, #2941, #2383, #768, #4635, #1842, #4086, #6367, #1329 ),
 .UNSPECIFIED., .F., .F.,
 ( 4, 2, 2, 2, 4 ),
 ( 6.898634220914125738E-14, 0.001671017305307306248, 0.003342034610545626446, 0.005013051915783946211, 0.006684069221022266409 ),
 .UNSPECIFIED. ) ;
#6051 = DIRECTION ( 'NONE',  ( 0.000000000000000000, 0.000000000000000000, -1.000000000000000000 ) ) ;
#6052 = DIRECTION ( 'NONE',  ( -0.9998626349648349620, 0.01657441405230485054, 5.391004716954934500E-18 ) ) ;
#6053 = ORIENTED_EDGE ( 'NONE', *, *, #3261, .F. ) ;
#6054 = CARTESIAN_POINT ( 'NONE',  ( 51.61339658574831901, 9.741412406194042362, -0.7017879392959159857 ) ) ;
#6055 = ORIENTED_EDGE ( 'NONE', *, *, #3815, .T. ) ;
#6056 = DIRECTION ( 'NONE',  ( 1.000000000000000000, 0.000000000000000000, 0.000000000000000000 ) ) ;
#6057 = FACE_OUTER_BOUND ( 'NONE', #1966, .T. ) ;
#6058 = ORIENTED_EDGE ( 'NONE', *, *, #3892, .F. ) ;
#6059 = CARTESIAN_POINT ( 'NONE',  ( 48.85094188680758975, 5.935517926483887763, 0.2184189660978971548 ) ) ;
#6060 = CARTESIAN_POINT ( 'NONE',  ( 51.17304595696766967, 9.305699847748092779, -0.9313258757292712797 ) ) ;
#6061 = DIRECTION ( 'NONE',  ( 2.220446049250313081E-16, 9.860761315262647568E-32, 1.000000000000000000 ) ) ;
#6062 = CARTESIAN_POINT ( 'NONE',  ( 30.02151402291161730, 3.647290337804918181, -16.66641791636914149 ) ) ;
#6063 = CARTESIAN_POINT ( 'NONE',  ( 29.96694790510468565, 3.635178073245392216, -16.64920369296660496 ) ) ;
#6064 = CARTESIAN_POINT ( 'NONE',  ( 29.88003412002357351, 0.2491685011698783758, -12.40163824770149148 ) ) ;
#6065 = VERTEX_POINT ( 'NONE', #139 ) ;
#6066 = DIRECTION ( 'NONE',  ( 0.9998626349648349620, -0.01657441405230486442, 0.000000000000000000 ) ) ;
#6067 = CARTESIAN_POINT ( 'NONE',  ( 29.94213383819216290, 0.6481940468865400318, -11.78009954068492249 ) ) ;
#6068 = VERTEX_POINT ( 'NONE', #2391 ) ;
#6069 = CARTESIAN_POINT ( 'NONE',  ( 30.07430268115449579, 8.946437576420041893, 21.24748739266551922 ) ) ;
#6070 = CARTESIAN_POINT ( 'NONE',  ( 29.64015039148676323, 0.1399526050806439159, -11.89652860511197119 ) ) ;
#6071 = CARTESIAN_POINT ( 'NONE',  ( 29.55638897493903627, 5.755289078257186830, -19.96977553663410276 ) ) ;
#6072 = ORIENTED_EDGE ( 'NONE', *, *, #874, .F. ) ;
#6073 = ORIENTED_EDGE ( 'NONE', *, *, #3890, .F. ) ;
#6074 = DIRECTION ( 'NONE',  ( -0.9998626349648349620, 0.01657441405230470483, 0.000000000000000000 ) ) ;
#6075 = LINE ( 'NONE', #6740, #5238 ) ;
#6076 = ORIENTED_EDGE ( 'NONE', *, *, #5660, .F. ) ;
#6077 = CARTESIAN_POINT ( 'NONE',  ( 29.61131258595045423, 9.068592719327526197, -22.60281797911395785 ) ) ;
#6078 = EDGE_CURVE ( 'NONE', #2312, #387, #4644, .T. ) ;
#6079 = ADVANCED_FACE ( 'NONE', ( #1337 ), #4679, .F. ) ;
#6080 = CARTESIAN_POINT ( 'NONE',  ( 49.16229223841854434, 6.343156000506788850, -1.086664217886582851 ) ) ;
#6081 = EDGE_CURVE ( 'NONE', #7228, #2502, #7235, .T. ) ;
#6082 = ORIENTED_EDGE ( 'NONE', *, *, #477, .T. ) ;
#6083 = VECTOR ( 'NONE', #2176, 100.0000000000000142 ) ;
#6084 = CARTESIAN_POINT ( 'NONE',  ( 29.43109815211983360, -9.344708511468324375, -0.1750000000000036249 ) ) ;
#6085 = CYLINDRICAL_SURFACE ( 'NONE', #3135, 0.5000000000000004441 ) ;
#6086 = VECTOR ( 'NONE', #5930, 100.0000000000000142 ) ;
#6087 = FACE_OUTER_BOUND ( 'NONE', #2626, .T. ) ;
#6088 = DIRECTION ( 'NONE',  ( 0.01657441405230464238, 0.9998626349648350731, 0.000000000000000000 ) ) ;
#6089 = VECTOR ( 'NONE', #871, 100.0000000000000142 ) ;
#6090 = EDGE_LOOP ( 'NONE', ( #120, #6625, #437, #5415, #5230, #214 ) ) ;
#6091 = LINE ( 'NONE', #5559, #6382 ) ;
#6092 = EDGE_CURVE ( 'NONE', #2898, #5486, #3046, .T. ) ;
#6093 = CARTESIAN_POINT ( 'NONE',  ( 40.83483014126198896, 0.06757423135229470579, -0.1883538400734098006 ) ) ;
#6094 = ORIENTED_EDGE ( 'NONE', *, *, #4403, .T. ) ;
#6095 = EDGE_CURVE ( 'NONE', #5830, #6533, #960, .T. ) ;
#6096 = CARTESIAN_POINT ( 'NONE',  ( 29.45289206297297468, -0.4882314940259160907, 0.2999999999999978795 ) ) ;
#6097 = CARTESIAN_POINT ( 'NONE',  ( 29.43109815211983360, -9.344708511468324375, -0.1750000000000036249 ) ) ;
#6098 = DIRECTION ( 'NONE',  ( -3.372764553633511840E-16, -2.511834186424162314E-16, 1.000000000000000000 ) ) ;
#6099 = FACE_OUTER_BOUND ( 'NONE', #6461, .T. ) ;
#6100 = CARTESIAN_POINT ( 'NONE',  ( 40.24039004699013589, 0.07742808117825455971, -0.09289321881345521947 ) ) ;
#6101 = CARTESIAN_POINT ( 'NONE',  ( 30.07123726506852890, 6.646878242699422401, 5.001225937380148124E-15 ) ) ;
#6102 = ORIENTED_EDGE ( 'NONE', *, *, #420, .T. ) ;
#6103 = CARTESIAN_POINT ( 'NONE',  ( 29.57111830453550283, 6.643845756949135151, -20.75079039656329272 ) ) ;
#6104 = CARTESIAN_POINT ( 'NONE',  ( 29.75809809094640102, 9.517065909416411174, -22.39984324372329283 ) ) ;
#6105 = AXIS2_PLACEMENT_3D ( 'NONE', #5211, #2330, #4612 ) ;
#6106 = ORIENTED_EDGE ( 'NONE', *, *, #6042, .T. ) ;
#6107 = CARTESIAN_POINT ( 'NONE',  ( 28.28178329427424842, -2.324694986733240043, 0.2999999999999999889 ) ) ;
#6108 = CARTESIAN_POINT ( 'NONE',  ( 29.51325969068936317, 0.01648098890579890313, -12.05669338471223462 ) ) ;
#6109 = CARTESIAN_POINT ( 'NONE',  ( 29.95687380810761624, -0.2521739385579394588, 3.239499603172622996E-15 ) ) ;
#6110 = ORIENTED_EDGE ( 'NONE', *, *, #4486, .F. ) ;
#6111 = ORIENTED_EDGE ( 'NONE', *, *, #2906, .F. ) ;
#6112 = FACE_OUTER_BOUND ( 'NONE', #6435, .T. ) ;
#6113 = CARTESIAN_POINT ( 'NONE',  ( 29.56254280510919230, 6.126523007230195716, 18.48925470086115652 ) ) ;
#6114 = ORIENTED_EDGE ( 'NONE', *, *, #336, .T. ) ;
#6115 = CARTESIAN_POINT ( 'NONE',  ( 27.51161175479890275, -1.824979717385858624, -1.300000000000006262 ) ) ;
#6116 = B_SPLINE_CURVE_WITH_KNOTS ( 'NONE', 3,
 ( #6954, #327, #2977, #4233 ),
 .UNSPECIFIED., .F., .F.,
 ( 4, 4 ),
 ( -0.005227664890917788250, 0.002000060167822424913 ),
 .UNSPECIFIED. ) ;
#6117 = CARTESIAN_POINT ( 'NONE',  ( 29.96503411859172772, 0.2477594824492584391, 10.76220813900177475 ) ) ;
#6118 = ORIENTED_EDGE ( 'NONE', *, *, #2141, .F. ) ;
#6119 = CARTESIAN_POINT ( 'NONE',  ( 30.06460749944761091, 6.246933188713487795, -19.98925470086114586 ) ) ;
#6120 = DIRECTION ( 'NONE',  ( 1.665680818703648634E-16, 7.087759561701499957E-19, -1.000000000000000000 ) ) ;
#6121 = CARTESIAN_POINT ( 'NONE',  ( 29.57128797584586621, 6.654081292451527574, -19.48925470086114586 ) ) ;
#6122 = EDGE_CURVE ( 'NONE', #4319, #266, #5276, .T. ) ;
#6123 = CARTESIAN_POINT ( 'NONE',  ( 29.69283681985049839, 8.794157539284077174, 21.34930314221945125 ) ) ;
#6124 = EDGE_CURVE ( 'NONE', #4587, #4078, #5636, .T. ) ;
#6125 = EDGE_CURVE ( 'NONE', #6013, #2222, #2534, .T. ) ;
#6126 = ORIENTED_EDGE ( 'NONE', *, *, #5212, .F. ) ;
#6127 = CARTESIAN_POINT ( 'NONE',  ( 29.60113989288019454, 8.454918192658050557, -22.16756122134489360 ) ) ;
#6128 = CARTESIAN_POINT ( 'NONE',  ( 45.84190424054542490, 2.906450311533736119, -0.9310047289394458581 ) ) ;
#6129 = ORIENTED_EDGE ( 'NONE', *, *, #4974, .T. ) ;
#6130 = DIRECTION ( 'NONE',  ( 0.01657441405230579770, 0.9998626349648348510, 0.000000000000000000 ) ) ;
#6131 = DIRECTION ( 'NONE',  ( -1.665393298452077782E-16, 1.025709229455375713E-18, 1.000000000000000000 ) ) ;
#6132 = EDGE_CURVE ( 'NONE', #3527, #333, #6444, .T. ) ;
#6133 = CARTESIAN_POINT ( 'NONE',  ( 27.23884348098842878, -1.317488509068562408, -1.300000000000006262 ) ) ;
#6134 = EDGE_CURVE ( 'NONE', #7042, #4030, #6873, .T. ) ;
#6135 = AXIS2_PLACEMENT_3D ( 'NONE', #1919, #1847, #4681 ) ;
#6136 = CARTESIAN_POINT ( 'NONE',  ( 29.87643377148503987, 3.670877913229945833, -16.69437262797822541 ) ) ;
#6137 = EDGE_CURVE ( 'NONE', #646, #2003, #911, .T. ) ;
#6138 = CIRCLE ( 'NONE', #4108, 0.5000000000000001110 ) ;
#6139 = CARTESIAN_POINT ( 'NONE',  ( 29.63095595476525901, 3.504875223631445547, -16.46768132773961568 ) ) ;
#6140 = DIRECTION ( 'NONE',  ( 0.9998626349648349620, -0.01657441405230470483, 0.000000000000000000 ) ) ;
#6141 = EDGE_LOOP ( 'NONE', ( #7280, #3511, #4836, #5724, #4090, #2453, #1350 ) ) ;
#6142 = CARTESIAN_POINT ( 'NONE',  ( 29.63344934009212750, 6.395954082848827049, -20.54014371158129748 ) ) ;
#6143 = CARTESIAN_POINT ( 'NONE',  ( 29.70223817993855420, 9.613086488614378311, -22.47032669287179019 ) ) ;
#6144 = ORIENTED_EDGE ( 'NONE', *, *, #7064, .F. ) ;
#6145 = CARTESIAN_POINT ( 'NONE',  ( -0.1467767402237516450, -8.854405215685872577, 0.000000000000000000 ) ) ;
#6146 = APPLICATION_PROTOCOL_DEFINITION ( 'draft international standard', 'automotive_design', 1998, #659 ) ;
#6147 = CARTESIAN_POINT ( 'NONE',  ( 29.60341546078603159, 8.592193351538014667, -22.26723635000440282 ) ) ;
#6148 = ORIENTED_EDGE ( 'NONE', *, *, #2896, .F. ) ;
#6149 = ORIENTED_EDGE ( 'NONE', *, *, #7279, .F. ) ;
#6150 = DIRECTION ( 'NONE',  ( 0.01657441405230463891, 0.9998626349648349620, -0.000000000000000000 ) ) ;
#6151 = DIRECTION ( 'NONE',  ( -0.9998626349648348510, 0.01657441405230465972, -3.341506680459168366E-16 ) ) ;
#6152 = ORIENTED_EDGE ( 'NONE', *, *, #4016, .F. ) ;
#6153 = LINE ( 'NONE', #1084, #7210 ) ;
#6154 = CARTESIAN_POINT ( 'NONE',  ( 31.03832149385491945, -2.370389269000775290, 0.2999999999999999889 ) ) ;
#6155 = ORIENTED_EDGE ( 'NONE', *, *, #5858, .T. ) ;
#6156 = DIRECTION ( 'NONE',  ( -0.01657441405230464584, -0.9998626349648348510, -0.000000000000000000 ) ) ;
#6157 = CARTESIAN_POINT ( 'NONE',  ( 27.68661175479890701, -1.824979717385858624, -1.000000000000006217 ) ) ;
#6158 = DIRECTION ( 'NONE',  ( 0.01657441405230467013, 0.9998626349648350731, 1.734723475976807094E-18 ) ) ;
#6159 = VERTEX_POINT ( 'NONE', #846 ) ;
#6160 = CARTESIAN_POINT ( 'NONE',  ( 29.60209206572264051, 8.512358657485890490, -22.20919710963232063 ) ) ;
#6161 = CARTESIAN_POINT ( 'NONE',  ( 40.89218152794603611, 0.06662353513027891028, 0.1704019285854498911 ) ) ;
#6162 = ORIENTED_EDGE ( 'NONE', *, *, #2045, .T. ) ;
#6163 = DIRECTION ( 'NONE',  ( 0.01657441405230464584, 0.9998626349648348510, 1.734723475976806902E-18 ) ) ;
#6164 = PLANE ( 'NONE',  #2642 ) ;
#6165 = CYLINDRICAL_SURFACE ( 'NONE', #4634, 0.4999999999999985567 ) ;
#6166 = DIRECTION ( 'NONE',  ( -0.01657441405230579770, -0.9998626349648348510, -1.734723475976995836E-18 ) ) ;
#6167 = EDGE_CURVE ( 'NONE', #2789, #4404, #4347, .T. ) ;
#6168 = CARTESIAN_POINT ( 'NONE',  ( 39.73217152248156481, -0.4142160292780104891, -0.3000000000000029865 ) ) ;
#6169 = DIRECTION ( 'NONE',  ( -1.665393298452077782E-16, 1.025709229455379180E-18, 1.000000000000000000 ) ) ;
#6170 = VERTEX_POINT ( 'NONE', #441 ) ;
#6171 = CARTESIAN_POINT ( 'NONE',  ( 45.37029156054220635, 3.494441370285926496, -0.8979192884013196263 ) ) ;
#6172 = FACE_OUTER_BOUND ( 'NONE', #633, .T. ) ;
#6173 = ORIENTED_EDGE ( 'NONE', *, *, #5435, .T. ) ;
#6174 = CARTESIAN_POINT ( 'NONE',  ( 28.56874710363969783, -2.402260418114767759, 0.2999999999999999889 ) ) ;
#6175 = EDGE_CURVE ( 'NONE', #6699, #992, #297, .T. ) ;
#6176 =( LENGTH_UNIT ( ) NAMED_UNIT ( * ) SI_UNIT ( .CENTI., .METRE. ) );
#6177 = CARTESIAN_POINT ( 'NONE',  ( 28.59657810428498692, -2.493693956469361872, -1.000000000000006661 ) ) ;
#6178 = EDGE_LOOP ( 'NONE', ( #4842, #1497, #1694, #6289 ) ) ;
#6179 = VERTEX_POINT ( 'NONE', #2540 ) ;
#6180 = EDGE_CURVE ( 'NONE', #4109, #2427, #2685, .T. ) ;
#6181 = CARTESIAN_POINT ( 'NONE',  ( 31.19516352442872176, -3.985662265447985408, -1.300000000000007816 ) ) ;
#6182 = B_SPLINE_CURVE_WITH_KNOTS ( 'NONE', 3,
 ( #4981, #2692, #4946, #1665 ),
 .UNSPECIFIED., .F., .F.,
 ( 4, 4 ),
 ( 0.000000000000000000, 0.0004834611839200000775 ),
 .UNSPECIFIED. ) ;
#6183 = DIRECTION ( 'NONE',  ( 0.01657441405230464931, 0.9998626349648349620, 3.469446951953613418E-18 ) ) ;
#6184 = FACE_OUTER_BOUND ( 'NONE', #5957, .T. ) ;
#6185 = CARTESIAN_POINT ( 'NONE',  ( 40.96306285894846155, 0.7840039576090143125, -0.2920574097778034783 ) ) ;
#6186 = CARTESIAN_POINT ( 'NONE',  ( 45.76871418538775771, 2.982107765878923900, 0.09061903692893490125 ) ) ;
#6187 = ORIENTED_EDGE ( 'NONE', *, *, #829, .T. ) ;
#6188 = PLANE ( 'NONE',  #5599 ) ;
#6189 = CARTESIAN_POINT ( 'NONE',  ( 29.51528459274236837, 3.275639676349911156, -16.15077155702978118 ) ) ;
#6190 = CYLINDRICAL_SURFACE ( 'NONE', #4759, 0.5000000000000004441 ) ;
#6191 = ORIENTED_EDGE ( 'NONE', *, *, #1918, .T. ) ;
#6192 = ORIENTED_EDGE ( 'NONE', *, *, #5949, .F. ) ;
#6193 = B_SPLINE_CURVE_WITH_KNOTS ( 'NONE', 3,
 ( #2541, #3727, #4349, #5505, #2574, #1480, #3795, #4824, #7221, #885, #6108, #368, #7105, #1515, #2028, #2145, #6070, #2686, #5467, #4861, #996, #3245, #6662, #4273, #1587, #1442 ),
 .UNSPECIFIED., .F., .F.,
 ( 4, 2, 2, 2, 2, 2, 2, 2, 2, 2, 2, 2, 4 ),
 ( 0.004633638434616463297, 0.005153462285059685205, 0.005673286135502907113, 0.006193109985946129020, 0.006712933836389350928, 0.007232757686832572835, 0.007752581537275794743, 0.008792229238162158761, 0.009831876939048524514, 0.01087152463993488853, 0.01139134849037806360, 0.01191117234082123694, 0.01295082004170759402 ),
 .UNSPECIFIED. ) ;
#6194 = CARTESIAN_POINT ( 'NONE',  ( 29.67230802960762048, 0.2526119124062046750, -11.47664068296517215 ) ) ;
#6195 = FACE_OUTER_BOUND ( 'NONE', #5991, .T. ) ;
#6196 = ORIENTED_EDGE ( 'NONE', *, *, #5566, .T. ) ;
#6197 = VECTOR ( 'NONE', #6862, 100.0000000000000000 ) ;
#6198 = CARTESIAN_POINT ( 'NONE',  ( 51.15566641419783167, 9.016383975765894121, -1.192486366956261978 ) ) ;
#6199 = CARTESIAN_POINT ( 'NONE',  ( 29.47185946327227768, 0.6559896399365641173, 3.157794127454116328E-15 ) ) ;
#6201 = DIRECTION ( 'NONE',  ( 2.220446049250313081E-16, 9.860761315262647568E-32, 1.000000000000000000 ) ) ;
#6200 = VECTOR ( 'NONE', #6131, 100.0000000000000000 ) ;
#6202 = VECTOR ( 'NONE', #7215, 100.0000000000000142 ) ;
#6203 = DIRECTION ( 'NONE',  ( -0.9998626349648348510, 0.01657441405230464584, -3.341506680459168366E-16 ) ) ;
#6204 = CARTESIAN_POINT ( 'NONE',  ( 29.89348499613049981, 3.626152827269857326, -16.63563444076055831 ) ) ;
#6205 = CARTESIAN_POINT ( 'NONE',  ( 29.43109815211983360, -9.344708511468324375, -0.8250000000000035083 ) ) ;
#6206 = FACE_OUTER_BOUND ( 'NONE', #5580, .T. ) ;
#6207 = CARTESIAN_POINT ( 'NONE',  ( 29.51561560321371402, 3.295608104858647192, -17.40407204481119052 ) ) ;
#6208 = CARTESIAN_POINT ( 'NONE',  ( 50.25248679141511587, 8.612655886071983957, -1.199999999999997291 ) ) ;
#6209 = EDGE_CURVE ( 'NONE', #4724, #2502, #7062, .T. ) ;
#6210 = ADVANCED_FACE ( 'NONE', ( #3759 ), #2757, .F. ) ;
#6211 = ORIENTED_EDGE ( 'NONE', *, *, #4784, .T. ) ;
#6212 = EDGE_CURVE ( 'NONE', #2283, #5048, #2802, .T. ) ;
#6213 = CARTESIAN_POINT ( 'NONE',  ( 28.49859763602018603, -2.376180633314434854, 0.3000000000000000444 ) ) ;
#6214 = DIRECTION ( 'NONE',  ( -0.01657441405230464238, -0.9998626349648349620, 0.000000000000000000 ) ) ;
#6215 = ORIENTED_EDGE ( 'NONE', *, *, #104, .T. ) ;
#6216 = ORIENTED_EDGE ( 'NONE', *, *, #2538, .T. ) ;
#6217 = B_SPLINE_CURVE_WITH_KNOTS ( 'NONE', 2,
 ( #2515, #789, #1971 ),
 .UNSPECIFIED., .F., .F.,
 ( 3, 3 ),
 ( 0.6414313971079785848, 1.000000000000000000 ),
 .UNSPECIFIED. ) ;
#6218 = CARTESIAN_POINT ( 'NONE',  ( 29.51495293980818602, 3.255632490840013826, 16.35602955787442525 ) ) ;
#6219 = CARTESIAN_POINT ( 'NONE',  ( 29.45289206297296403, -0.4882314940259307456, -1.300000000000003597 ) ) ;
#6220 = ADVANCED_FACE ( 'NONE', ( #2790 ), #1659, .F. ) ;
#6221 = AXIS2_PLACEMENT_3D ( 'NONE', #4250, #858, #6911 ) ;
#6222 = CYLINDRICAL_SURFACE ( 'NONE', #1175, 0.5000000000000004441 ) ;
#6223 = EDGE_CURVE ( 'NONE', #3856, #1180, #4037, .T. ) ;
#6224 = CARTESIAN_POINT ( 'NONE',  ( 49.27883925140964294, 6.424424600322978129, -0.4333251059839359765 ) ) ;
#6225 = ORIENTED_EDGE ( 'NONE', *, *, #5620, .T. ) ;
#6226 = DIRECTION ( 'NONE',  ( -0.01657441405230579770, -0.9998626349648348510, 0.000000000000000000 ) ) ;
#6227 = LINE ( 'NONE', #2297, #2658 ) ;
#6228 = CARTESIAN_POINT ( 'NONE',  ( 29.60113989288023006, 8.454918192660825227, 21.16756122134667706 ) ) ;
#6229 = B_SPLINE_CURVE_WITH_KNOTS ( 'NONE', 2,
 ( #289, #2533, #3641 ),
 .UNSPECIFIED., .F., .F.,
 ( 3, 3 ),
 ( 0.3935134651481851931, 0.9656990803366459764 ),
 .UNSPECIFIED. ) ;
#6230 = ORIENTED_EDGE ( 'NONE', *, *, #3484, .F. ) ;
#6231 = CARTESIAN_POINT ( 'NONE',  ( 29.60564988839112388, 8.726986694125860922, -22.36303432510280231 ) ) ;
#6232 = CARTESIAN_POINT ( 'NONE',  ( 30.10525603427362640, 8.946630307056258502, -22.24651367581769179 ) ) ;
#6233 = ORIENTED_EDGE ( 'NONE', *, *, #5898, .T. ) ;
#6234 = DIRECTION ( 'NONE',  ( 2.220446049250313081E-16, 9.860761315262647568E-32, 1.000000000000000000 ) ) ;
#6235 = DIRECTION ( 'NONE',  ( -0.9998626349648349620, 0.01657441405230613424, 0.000000000000000000 ) ) ;
#6236 = DIRECTION ( 'NONE',  ( -0.01657441405230464584, -0.9998626349648348510, 0.000000000000000000 ) ) ;
#6237 = CARTESIAN_POINT ( 'NONE',  ( 51.11043873219347233, 9.782862538669718333, 0.2084000000000037212 ) ) ;
#6238 = DIRECTION ( 'NONE',  ( 1.665680818703648634E-16, 7.087759561701499957E-19, -1.000000000000000000 ) ) ;
#6239 = CARTESIAN_POINT ( 'NONE',  ( 30.10935841738883667, 8.946562303118541948, -22.16756122134490425 ) ) ;
#6240 = ORIENTED_EDGE ( 'NONE', *, *, #4031, .F. ) ;
#6241 = CARTESIAN_POINT ( 'NONE',  ( 40.83483014126009181, 0.06757423135215206988, -0.8116461599263015136 ) ) ;
#6242 = CARTESIAN_POINT ( 'NONE',  ( 51.15292145991758588, 8.597729658707429223, -0.4999999999999959477 ) ) ;
#6243 = EDGE_LOOP ( 'NONE', ( #1905, #580, #4370, #7135, #7181, #2419, #2295 ) ) ;
#6244 = VECTOR ( 'NONE', #1514, 100.0000000000000142 ) ;
#6245 = CARTESIAN_POINT ( 'NONE',  ( 28.76821542323720493, -2.500196330825058322, 0.3000000000000000444 ) ) ;
#6246 = CYLINDRICAL_SURFACE ( 'NONE', #2133, 0.5000000000000004441 ) ;
#6247 = VERTEX_POINT ( 'NONE', #3906 ) ;
#6248 = ORIENTED_EDGE ( 'NONE', *, *, #3228, .T. ) ;
#6249 = CARTESIAN_POINT ( 'NONE',  ( 45.00425805583716254, 3.212623372438181413, -0.3000000000000000444 ) ) ;
#6250 = VECTOR ( 'NONE', #1770, 100.0000000000000000 ) ;
#6251 = DIRECTION ( 'NONE',  ( 0.9998626349648348510, -0.01657441405230464584, 0.000000000000000000 ) ) ;
#6252 = CARTESIAN_POINT ( 'NONE',  ( 30.10525603427362640, 8.946630307056258502, -22.24651367581769179 ) ) ;
#6253 = ADVANCED_FACE ( 'NONE', ( #4459 ), #1177, .T. ) ;
#6254 = CARTESIAN_POINT ( 'NONE',  ( 29.07226507363854395, 0.6837734676000201128, 10.54957551633862778 ) ) ;
#6255 = B_SPLINE_CURVE_WITH_KNOTS ( 'NONE', 3,
 ( #6062, #5565, #358, #6136, #1065, #4415, #398, #1650, #2605, #2058, #2746, #5003, #7287, #4854, #2211, #5987, #6582, #1505 ),
 .UNSPECIFIED., .F., .F.,
 ( 4, 2, 2, 2, 2, 2, 2, 2, 4 ),
 ( 0.000000000000000000, 0.001282782014711122184, 0.001924173022066686094, 0.002565564029422250005, 0.003848346044133254661, 0.005131128058844259751, 0.006413910073555263540, 0.007696692088266269063, 0.01026225611768817950 ),
 .UNSPECIFIED. ) ;
#6256 = VECTOR ( 'NONE', #3878, 100.0000000000000142 ) ;
#6257 = CARTESIAN_POINT ( 'NONE',  ( 51.93437100625460090, 10.27478996622798668, -0.6999999999999962919 ) ) ;
#6258 = ADVANCED_FACE ( 'NONE', ( #2828 ), #2219, .F. ) ;
#6259 = DIRECTION ( 'NONE',  ( 0.01657441405230466319, 0.9998626349648349620, 1.734723475976807094E-18 ) ) ;
#6260 = EDGE_CURVE ( 'NONE', #5234, #3473, #5650, .T. ) ;
#6261 = ORIENTED_EDGE ( 'NONE', *, *, #5576, .F. ) ;
#6262 = CARTESIAN_POINT ( 'NONE',  ( 29.43109815211983360, -9.344708511468324375, -0.8250000000000035083 ) ) ;
#6263 = CARTESIAN_POINT ( 'NONE',  ( 29.45694249062517045, -0.2438867315338178188, 10.72997687891118801 ) ) ;
#6264 = CARTESIAN_POINT ( 'NONE',  ( 45.46966389293517352, 3.391211129187593265, -1.222340780251642611 ) ) ;
#6265 = ADVANCED_FACE ( 'NONE', ( #5577 ), #1626, .F. ) ;
#6266 = ORIENTED_EDGE ( 'NONE', *, *, #6756, .F. ) ;
#6267 = CARTESIAN_POINT ( 'NONE',  ( 29.45694249062520242, -0.2438867315317866935, -10.97664068296517392 ) ) ;
#6268 = CARTESIAN_POINT ( 'NONE',  ( 30.10935841738883667, 8.946562303118541948, -22.16756122134490425 ) ) ;
#6269 = ADVANCED_FACE ( 'NONE', ( #7329 ), #5081, .T. ) ;
#6270 = ORIENTED_EDGE ( 'NONE', *, *, #3352, .F. ) ;
#6271 = CARTESIAN_POINT ( 'NONE',  ( 45.76425296840394452, 2.986272863516385545, 0.1999999999999997335 ) ) ;
#6272 = AXIS2_PLACEMENT_3D ( 'NONE', #6585, #248, #4895 ) ;
#6273 = CARTESIAN_POINT ( 'NONE',  ( 29.37133342059312113, 6.658480332536035995, -0.5000000000000032196 ) ) ;
#6274 = CARTESIAN_POINT ( 'NONE',  ( 29.82334062359502269, 6.569282217513661593, 18.92459474530033603 ) ) ;
#6275 = ADVANCED_FACE ( 'NONE', ( #5541 ), #1109, .F. ) ;
#6276 = B_SPLINE_CURVE_WITH_KNOTS ( 'NONE', 3,
 ( #2376, #1835, #4517, #6357 ),
 .UNSPECIFIED., .F., .F.,
 ( 4, 4 ),
 ( 0.000000000000000000, 0.0002934485326546918110 ),
 .UNSPECIFIED. ) ;
#6277 = CARTESIAN_POINT ( 'NONE',  ( 51.11470380752408715, 9.798528041614362749, -0.6999999999999966249 ) ) ;
#6278 = FACE_OUTER_BOUND ( 'NONE', #5962, .T. ) ;
#6279 = ORIENTED_EDGE ( 'NONE', *, *, #2282, .T. ) ;
#6280 = CARTESIAN_POINT ( 'NONE',  ( 28.38586654237514395, -2.441172815005093533, -0.000000000000000000 ) ) ;
#6281 = ORIENTED_EDGE ( 'NONE', *, *, #1388, .F. ) ;
#6282 = CARTESIAN_POINT ( 'NONE',  ( 48.35134989619359658, 5.943799508593357039, 0.2000000000000014821 ) ) ;
#6283 = LINE ( 'NONE', #1174, #755 ) ;
#6284 = ORIENTED_EDGE ( 'NONE', *, *, #5150, .T. ) ;
#6285 = B_SPLINE_CURVE_WITH_KNOTS ( 'NONE', 2,
 ( #6554, #5997, #3170 ),
 .UNSPECIFIED., .F., .F.,
 ( 3, 3 ),
 ( 0.8604546941971054075, 0.9458531777682747110 ),
 .UNSPECIFIED. ) ;
#6286 = DIRECTION ( 'NONE',  ( 2.220446049250313081E-16, -2.357666062887398772E-18, -1.000000000000000000 ) ) ;
#6287 = CYLINDRICAL_SURFACE ( 'NONE', #1059, 0.5000000000000004441 ) ;
#6288 = CARTESIAN_POINT ( 'NONE',  ( 40.48634198056219446, 0.07335101194750814901, 0.1999999999999972633 ) ) ;
#6289 = ORIENTED_EDGE ( 'NONE', *, *, #7169, .F. ) ;
#6290 = CARTESIAN_POINT ( 'NONE',  ( 29.05294700898703297, -0.4816017284050085334, 3.089195566019497995E-15 ) ) ;
#6291 = FACE_OUTER_BOUND ( 'NONE', #746, .T. ) ;
#6292 = FACE_OUTER_BOUND ( 'NONE', #3208, .T. ) ;
#6293 = CARTESIAN_POINT ( 'NONE',  ( 42.82639906484800463, 8.735755848471510987, -0.2999999999999997113 ) ) ;
#6294 = CARTESIAN_POINT ( 'NONE',  ( 29.32161017843620954, 3.658892427641530887, -16.66641791636913439 ) ) ;
#6295 = DIRECTION ( 'NONE',  ( -0.9998626349648348510, 0.01657441405230573525, -1.665334536937734811E-16 ) ) ;
#6296 = EDGE_LOOP ( 'NONE', ( #1974, #6998, #1315, #5886, #737 ) ) ;
#6297 = CARTESIAN_POINT ( 'NONE',  ( 29.73622290805706569, 6.507446215625716235, -19.86412766954356712 ) ) ;
#6298 = DIRECTION ( 'NONE',  ( 1.665393298452077782E-16, -1.025709229455375713E-18, -1.000000000000000000 ) ) ;
#6299 =( BOUNDED_SURFACE ( )  B_SPLINE_SURFACE ( 3, 2, ( 
 ( #3109, #3739, #1973 ),
 ( #5932, #2081, #2624 ),
 ( #2040, #3190, #6527 ),
 ( #4322, #5862, #7007 ) ),
 .UNSPECIFIED., .F., .F., .F. ) 
 B_SPLINE_SURFACE_WITH_KNOTS ( ( 4, 4 ),
 ( 3, 3 ),
 ( 0.1065962806441800997, 0.1106933662280982500 ),
 ( 0.000000000000000000, 1.000000000000000000 ),
 .UNSPECIFIED. ) 
 GEOMETRIC_REPRESENTATION_ITEM ( )  RATIONAL_B_SPLINE_SURFACE ( (
 ( 1.000000000000000000, 0.9454022818579324028, 1.000000000000000000),
 ( 1.000000000000000000, 0.9454297329904202130, 1.000000000000000000),
 ( 1.000000000000000000, 0.9454297437602038334, 1.000000000000000000),
 ( 1.000000000000000000, 0.9454022816669627183, 1.000000000000000000) ) ) 
 REPRESENTATION_ITEM ( '' )  SURFACE ( )  );
#6300 = CARTESIAN_POINT ( 'NONE',  ( 29.62266783263721237, 8.744950789538986413, -22.36729901148886057 ) ) ;
#6301 = B_SPLINE_CURVE_WITH_KNOTS ( 'NONE', 2,
 ( #2128, #5033, #1539 ),
 .UNSPECIFIED., .F., .F.,
 ( 3, 3 ),
 ( 0.000000000000000000, 0.3874948551635578609 ),
 .UNSPECIFIED. ) ;
#6302 = VECTOR ( 'NONE', #4955, 100.0000000000000000 ) ;
#6303 = VERTEX_POINT ( 'NONE', #1076 ) ;
#6304 = EDGE_CURVE ( 'NONE', #371, #6013, #5012, .T. ) ;
#6305 = EDGE_CURVE ( 'NONE', #486, #5820, #6661, .T. ) ;
#6306 = EDGE_CURVE ( 'NONE', #5477, #143, #5901, .T. ) ;
#6307 = CARTESIAN_POINT ( 'NONE',  ( 29.70019432750141419, 8.953344889849674360, -22.45196240726954429 ) ) ;
#6308 = AXIS2_PLACEMENT_3D ( 'NONE', #3841, #2728, #1041 ) ;
#6309 = DIRECTION ( 'NONE',  ( 0.9998626349648348510, -0.01657441405230468054, -2.282530889443096024E-16 ) ) ;
#6310 = ORIENTED_EDGE ( 'NONE', *, *, #4712, .T. ) ;
#6311 = DIRECTION ( 'NONE',  ( -2.220446049250313081E-16, 2.357666062890061177E-18, 1.000000000000000000 ) ) ;
#6312 = CARTESIAN_POINT ( 'NONE',  ( 29.46828849945848461, 0.4405688548064812804, 9.976640682965170370 ) ) ;
#6313 = CARTESIAN_POINT ( 'NONE',  ( 28.78118743939269208, -9.333935142334325974, -0.8250000000000037303 ) ) ;
#6314 = ORIENTED_EDGE ( 'NONE', *, *, #1952, .T. ) ;
#6315 = EDGE_CURVE ( 'NONE', #628, #7228, #618, .T. ) ;
#6316 = CARTESIAN_POINT ( 'NONE',  ( 51.43443968877217287, 10.28307717325414039, 0.2084000000000038877 ) ) ;
#6317 = VECTOR ( 'NONE', #5821, 100.0000000000000142 ) ;
#6318 = EDGE_CURVE ( 'NONE', #6949, #2187, #2315, .T. ) ;
#6319 = CARTESIAN_POINT ( 'NONE',  ( 29.42213622111535898, -2.343598264957940547, -1.751654288903886636 ) ) ;
#6320 = ORIENTED_EDGE ( 'NONE', *, *, #6895, .F. ) ;
#6321 = FACE_OUTER_BOUND ( 'NONE', #5461, .T. ) ;
#6322 = DIRECTION ( 'NONE',  ( 2.220446049250313081E-16, -2.357666062887398772E-18, -1.000000000000000000 ) ) ;
#6323 = STYLED_ITEM ( 'NONE', ( #5079 ), #1228 ) ;
#6324 = DIRECTION ( 'NONE',  ( 1.000000000000000000, 0.000000000000000000, 0.000000000000000000 ) ) ;
#6325 = CARTESIAN_POINT ( 'NONE',  ( 29.01964157627402940, -2.490774276284072997, 0.4096220351919925839 ) ) ;
#6326 = AXIS2_PLACEMENT_3D ( 'NONE', #6282, #4555, #208 ) ;
#6327 = ORIENTED_EDGE ( 'NONE', *, *, #7029, .T. ) ;
#6328 = AXIS2_PLACEMENT_3D ( 'NONE', #2342, #6794, #4040 ) ;
#6329 = CYLINDRICAL_SURFACE ( 'NONE', #5426, 0.5000000000000004441 ) ;
#6330 = CARTESIAN_POINT ( 'NONE',  ( 44.96666634055321765, 3.184397306558732321, -0.3000000000000003775 ) ) ;
#6331 = ORIENTED_EDGE ( 'NONE', *, *, #1724, .F. ) ;
#6332 = CARTESIAN_POINT ( 'NONE',  ( 29.77320150544814226, 6.661811840717650313, 19.30007285814441431 ) ) ;
#6333 = B_SPLINE_SURFACE_WITH_KNOTS ( 'NONE', 2, 1, ( 
 ( #4874, #7154 ),
 ( #2079, #688 ),
 ( #5188, #6362 ) ),
 .UNSPECIFIED., .F., .F., .F.,
 ( 3, 3 ),
 ( 2, 2 ),
 ( 0.000000000000000000, 1.000000000000000000 ),
 ( 0.000000000000000000, 1.000000000000000000 ),
 .UNSPECIFIED. ) ;
#6334 = PLANE ( 'NONE',  #7026 ) ;
#6335 = DIRECTION ( 'NONE',  ( -0.9998626349648349620, 0.01657441405230580117, -1.665334536937735304E-16 ) ) ;
#6336 = DIRECTION ( 'NONE',  ( 0.9998626349648348510, -0.01657441405230446890, -0.000000000000000000 ) ) ;
#6337 = CARTESIAN_POINT ( 'NONE',  ( 30.05311192830297884, 6.247024610426944236, -20.29018020276336287 ) ) ;
#6338 = VECTOR ( 'NONE', #6298, 100.0000000000000000 ) ;
#6339 = CARTESIAN_POINT ( 'NONE',  ( 29.47185946327227768, 0.6559896399365651165, 11.27921898938787493 ) ) ;
#6340 = EDGE_LOOP ( 'NONE', ( #4392, #6931, #7108, #1083, #1461 ) ) ;
#6341 = ORIENTED_EDGE ( 'NONE', *, *, #2056, .T. ) ;
#6342 = CARTESIAN_POINT ( 'NONE',  ( 29.45289206297297468, -0.4882314940259307456, 3.155808947497007545E-15 ) ) ;
#6343 = CARTESIAN_POINT ( 'NONE',  ( 46.24232615879832764, 1.632889579158546933, -0.3000000000000003220 ) ) ;
#6344 = CARTESIAN_POINT ( 'NONE',  ( 30.09899179283047133, 9.269936225971097343, 21.24688247531408436 ) ) ;
#6345 = ORIENTED_EDGE ( 'NONE', *, *, #1561, .T. ) ;
#6346 = CIRCLE ( 'NONE', #7294, 0.1750000000000029310 ) ;
#6347 = DIRECTION ( 'NONE',  ( 0.9998626349648348510, -0.01657441405230464584, 3.341506680459168366E-16 ) ) ;
#6348 = DIRECTION ( 'NONE',  ( -0.9998626349648348510, 0.01657441405230463891, -3.341506680459168366E-16 ) ) ;
#6349 = VERTEX_POINT ( 'NONE', #4048 ) ;
#6350 = CARTESIAN_POINT ( 'NONE',  ( 29.85782242878651971, -2.705379210599954565, 0.000000000000000000 ) ) ;
#6351 = CARTESIAN_POINT ( 'NONE',  ( 29.82922333821860406, 0.6319169198986660518, 10.45724220868175180 ) ) ;
#6352 = CARTESIAN_POINT ( 'NONE',  ( 29.42213622111535187, -2.343598264958009825, 1.499999999999996225 ) ) ;
#6353 = ORIENTED_EDGE ( 'NONE', *, *, #4933, .T. ) ;
#6354 = CARTESIAN_POINT ( 'NONE',  ( 29.01680430430896251, -2.661934608959336757, -1.300000000000003597 ) ) ;
#6355 = B_SPLINE_CURVE_WITH_KNOTS ( 'NONE', 3,
 ( #6268, #4616, #6860, #6232 ),
 .UNSPECIFIED., .F., .F.,
 ( 4, 4 ),
 ( 0.000000000000000000, 0.0007905899214534235081 ),
 .UNSPECIFIED. ) ;
#6356 = B_SPLINE_CURVE_WITH_KNOTS ( 'NONE', 2,
 ( #3750, #987, #5496 ),
 .UNSPECIFIED., .F., .F.,
 ( 3, 3 ),
 ( 0.1950968719087216585, 0.3370897608444000104 ),
 .UNSPECIFIED. ) ;
#6357 = CARTESIAN_POINT ( 'NONE',  ( 29.93548988415749434, 0.2473930673332055130, -11.78009954068492249 ) ) ;
#6358 = ORIENTED_EDGE ( 'NONE', *, *, #3125, .T. ) ;
#6359 = EDGE_CURVE ( 'NONE', #2507, #479, #4914, .T. ) ;
#6360 = CARTESIAN_POINT ( 'NONE',  ( 30.10935841738882601, 8.946562303118541948, 21.74663514059541924 ) ) ;
#6361 = ADVANCED_FACE ( 'NONE', ( #3076 ), #3668, .F. ) ;
#6362 = CARTESIAN_POINT ( 'NONE',  ( 29.22108413575709207, 9.661383120241003652, -23.00000000000001066 ) ) ;
#6363 = CARTESIAN_POINT ( 'NONE',  ( 48.85791097929693905, 6.335457355553139713, 0.02382065751504007511 ) ) ;
#6364 = CARTESIAN_POINT ( 'NONE',  ( 30.00631659681625152, 8.948270395549592138, 21.54375944022162059 ) ) ;
#6365 = EDGE_CURVE ( 'NONE', #3804, #2023, #694, .T. ) ;
#6366 = EDGE_LOOP ( 'NONE', ( #5014, #7328, #4094, #5432, #6908 ) ) ;
#6367 = CARTESIAN_POINT ( 'NONE',  ( 29.93411420257492495, 3.248684184066950031, -16.95486796901434801 ) ) ;
#6368 = ORIENTED_EDGE ( 'NONE', *, *, #557, .T. ) ;
#6369 = CARTESIAN_POINT ( 'NONE',  ( 29.60571985860492816, 8.731207694243703799, 21.36603401594301133 ) ) ;
#6370 = AXIS2_PLACEMENT_3D ( 'NONE', #3316, #581, #3870 ) ;
#6371 = ORIENTED_EDGE ( 'NONE', *, *, #2650, .T. ) ;
#6372 = CARTESIAN_POINT ( 'NONE',  ( 40.27037592089061491, 0.4769859681717049660, -0.7000000000000026201 ) ) ;
#6373 = CARTESIAN_POINT ( 'NONE',  ( 40.87534422647148347, -0.1925991185344013701, -0.7270938679245286806 ) ) ;
#6374 = CARTESIAN_POINT ( 'NONE',  ( 29.42213622111535187, -2.343598264957961863, -2.500000000000004441 ) ) ;
#6375 = AXIS2_PLACEMENT_3D ( 'NONE', #1810, #6409, #4606 ) ;
#6376 = VERTEX_POINT ( 'NONE', #4597 ) ;
#6377 = ORIENTED_EDGE ( 'NONE', *, *, #5105, .T. ) ;
#6378 = LINE ( 'NONE', #363, #3356 ) ;
#6379 = FACE_OUTER_BOUND ( 'NONE', #3293, .T. ) ;
#6380 = CARTESIAN_POINT ( 'NONE',  ( 29.52851120340281810, 3.255407739697540492, 16.30150815891657601 ) ) ;
#6381 = ORIENTED_EDGE ( 'NONE', *, *, #1107, .T. ) ;
#6382 = VECTOR ( 'NONE', #2048, 100.0000000000000142 ) ;
#6383 = CARTESIAN_POINT ( 'NONE',  ( 29.41958990249244366, -2.497206642288164247, 0.4098098738814787700 ) ) ;
#6384 = CARTESIAN_POINT ( 'NONE',  ( 40.54863543640857415, 0.4723733461345287488, 0.1999999999999977351 ) ) ;
#6385 = VERTEX_POINT ( 'NONE', #2940 ) ;
#6386 = DIRECTION ( 'NONE',  ( -0.9998626349648348510, 0.01657441405230464584, 0.000000000000000000 ) ) ;
#6387 = VECTOR ( 'NONE', #6336, 100.0000000000000142 ) ;
#6388 = CARTESIAN_POINT ( 'NONE',  ( 29.98019914655529661, -2.389866767460854469, -1.300000000000007372 ) ) ;
#6389 = CARTESIAN_POINT ( 'NONE',  ( 45.33456488868646517, 2.493326978128878935, -0.7000000000000003997 ) ) ;
#6390 = ORIENTED_EDGE ( 'NONE', *, *, #2486, .F. ) ;
#6391 = CARTESIAN_POINT ( 'NONE',  ( 30.02151402291161020, 3.647290337804917737, 15.95153242091817170 ) ) ;
#6392 = CARTESIAN_POINT ( 'NONE',  ( 30.09444788646813862, 9.161262745353141668, 21.24696930979470721 ) ) ;
#6393 = ORIENTED_EDGE ( 'NONE', *, *, #6212, .T. ) ;
#6394 = VECTOR ( 'NONE', #2220, 100.0000000000000142 ) ;
#6395 = CARTESIAN_POINT ( 'NONE',  ( 49.10898578509949886, 5.931240412489066749, 1.633259418717722833E-14 ) ) ;
#6396 = CARTESIAN_POINT ( 'NONE',  ( 50.74518878037665814, 9.260404870579300507, -1.064994299257664201 ) ) ;
#6397 = CARTESIAN_POINT ( 'NONE',  ( 29.60345872789113031, 8.594803468673037017, 21.26858447510058880 ) ) ;
#6398 = EDGE_LOOP ( 'NONE', ( #6413, #4511, #2893, #1495 ) ) ;
#6399 = ADVANCED_FACE ( 'NONE', ( #4007 ), #6329, .F. ) ;
#6400 = CARTESIAN_POINT ( 'NONE',  ( 40.56883358459369759, 0.04605763050168842215, 0.03903142178969089271 ) ) ;
#6401 = EDGE_CURVE ( 'NONE', #2023, #7283, #1055, .T. ) ;
#6402 = DIRECTION ( 'NONE',  ( 0.01657441405230464584, 0.9998626349648348510, 1.734723475976806902E-18 ) ) ;
#6403 = VERTEX_POINT ( 'NONE', #7049 ) ;
#6404 = CARTESIAN_POINT ( 'NONE',  ( 30.04364942460926002, 3.634715583514148474, -16.65027219720726492 ) ) ;
#6405 = CARTESIAN_POINT ( 'NONE',  ( 29.54651124544661300, 3.306956824471441792, -16.97092410724988909 ) ) ;
#6406 = ORIENTED_EDGE ( 'NONE', *, *, #3625, .F. ) ;
#6407 = EDGE_CURVE ( 'NONE', #4867, #3650, #6616, .T. ) ;
#6408 = CARTESIAN_POINT ( 'NONE',  ( 51.16445146266697463, 9.297634698148190324, 0.2000000000000032863 ) ) ;
#6409 = DIRECTION ( 'NONE',  ( -2.220446049250313081E-16, -9.860761315262647568E-32, -1.000000000000000000 ) ) ;
#6410 = EDGE_CURVE ( 'NONE', #4196, #7185, #1762, .T. ) ;
#6411 = DIRECTION ( 'NONE',  ( -0.01657441405230573872, -0.9998626349648350731, -1.322917018095942894E-18 ) ) ;
#6412 = ORIENTED_EDGE ( 'NONE', *, *, #3986, .F. ) ;
#6413 = ORIENTED_EDGE ( 'NONE', *, *, #3218, .F. ) ;
#6414 = DIRECTION ( 'NONE',  ( 0.000000000000000000, 0.000000000000000000, 1.000000000000000000 ) ) ;
#6415 = DIRECTION ( 'NONE',  ( -1.000000000000000000, 0.000000000000000000, 0.000000000000000000 ) ) ;
#6416 = CARTESIAN_POINT ( 'NONE',  ( 40.24572841237873178, 0.4665809341019984124, -1.233333333333342274 ) ) ;
#6417 = ORIENTED_EDGE ( 'NONE', *, *, #6223, .T. ) ;
#6418 = CARTESIAN_POINT ( 'NONE',  ( 28.52779617348061336, -2.590529930286589178, -1.000000000000006439 ) ) ;
#6419 = CARTESIAN_POINT ( 'NONE',  ( 29.52774384389704210, 0.03281327293580327958, 11.03012197607498379 ) ) ;
#6420 = ORIENTED_EDGE ( 'NONE', *, *, #1874, .F. ) ;
#6421 = DIRECTION ( 'NONE',  ( 0.9998626349648349620, -0.01657441405230455217, 0.000000000000000000 ) ) ;
#6422 = CARTESIAN_POINT ( 'NONE',  ( 30.23782383506047466, -2.357119666576611650, -1.300000000000007372 ) ) ;
#6423 = CARTESIAN_POINT ( 'NONE',  ( 29.62102918974303734, 9.654753354620073225, -23.00000000000000355 ) ) ;
#6424 = ORIENTED_EDGE ( 'NONE', *, *, #5201, .F. ) ;
#6425 = DIRECTION ( 'NONE',  ( -0.01657441405230579770, -0.9998626349648348510, 0.000000000000000000 ) ) ;
#6426 = CARTESIAN_POINT ( 'NONE',  ( 49.16621105951234938, 6.116450768821834139, -0.6999999999999982903 ) ) ;
#6427 = ORIENTED_EDGE ( 'NONE', *, *, #2627, .F. ) ;
#6428 = DIRECTION ( 'NONE',  ( 0.000000000000000000, 0.000000000000000000, -1.000000000000000000 ) ) ;
#6429 = CARTESIAN_POINT ( 'NONE',  ( 51.55407693924261991, 9.644965758754983298, -0.7117764695181829637 ) ) ;
#6430 = CARTESIAN_POINT ( 'NONE',  ( 29.60554422236940653, 8.720612320660318773, 21.35850234387881486 ) ) ;
#6431 = CARTESIAN_POINT ( 'NONE',  ( 40.86009493123799530, -0.1873491726358354759, -0.2672988696140592424 ) ) ;
#6432 = VECTOR ( 'NONE', #3775, 100.0000000000000142 ) ;
#6433 = VECTOR ( 'NONE', #364, 100.0000000000000000 ) ;
#6434 = CARTESIAN_POINT ( 'NONE',  ( 30.49404579061175014, -1.868616763265141367, 0.2999999999999999889 ) ) ;
#6435 = EDGE_LOOP ( 'NONE', ( #4996, #902, #3445, #3690 ) ) ;
#6436 = ADVANCED_FACE ( 'NONE', ( #6837 ), #2349, .F. ) ;
#6437 = CARTESIAN_POINT ( 'NONE',  ( 30.10107121036268296, 8.446630985636124578, -22.16756122134490425 ) ) ;
#6438 = ADVANCED_FACE ( 'NONE', ( #316 ), #1214, .T. ) ;
#6439 = DIRECTION ( 'NONE',  ( -0.9998626349648349620, 0.01657441405230474646, 0.000000000000000000 ) ) ;
#6440 = ADVANCED_FACE ( 'NONE', ( #5733 ), #5979, .T. ) ;
#6441 = VECTOR ( 'NONE', #5873, 100.0000000000000000 ) ;
#6442 = ORIENTED_EDGE ( 'NONE', *, *, #6365, .F. ) ;
#6443 = DIRECTION ( 'NONE',  ( 0.01657441405230466319, 0.9998626349648349620, 1.734723475976807480E-18 ) ) ;
#6444 = B_SPLINE_CURVE_WITH_KNOTS ( 'NONE', 2,
 ( #3209, #3647, #5354 ),
 .UNSPECIFIED., .F., .F.,
 ( 3, 3 ),
 ( 0.000000000000000000, 0.3874948551636004379 ),
 .UNSPECIFIED. ) ;
#6445 = CARTESIAN_POINT ( 'NONE',  ( 40.47805477353603010, -0.4265803055350975703, -0.3000000000000028200 ) ) ;
#6446 = CARTESIAN_POINT ( 'NONE',  ( 29.36470365497220314, 6.258535278550102277, -0.5000000000000032196 ) ) ;
#6447 = ORIENTED_EDGE ( 'NONE', *, *, #2195, .F. ) ;
#6448 = ORIENTED_EDGE ( 'NONE', *, *, #1735, .F. ) ;
#6449 = EDGE_CURVE ( 'NONE', #945, #1892, #5978, .T. ) ;
#6450 = CARTESIAN_POINT ( 'NONE',  ( 40.55045158031593644, 0.4732239127485872721, 0.1703389830508403868 ) ) ;
#6451 = CARTESIAN_POINT ( 'NONE',  ( 40.22717755226558012, 0.4587683504992905448, -1.057250925377018369 ) ) ;
#6452 = ORIENTED_EDGE ( 'NONE', *, *, #4016, .T. ) ;
#6453 = ADVANCED_FACE ( 'NONE', ( #1800 ), #5122, .T. ) ;
#6454 = CARTESIAN_POINT ( 'NONE',  ( 29.41862370658292036, -2.555493058021119701, 0.3606263360887172476 ) ) ;
#6455 = CARTESIAN_POINT ( 'NONE',  ( 27.68661175479890701, -1.824979717385858624, 0.2999999999999999889 ) ) ;
#6456 = VERTEX_POINT ( 'NONE', #5154 ) ;
#6457 = FACE_OUTER_BOUND ( 'NONE', #6510, .T. ) ;
#6458 = CIRCLE ( 'NONE', #1958, 1.292999993180115270 ) ;
#6459 = FACE_OUTER_BOUND ( 'NONE', #3685, .T. ) ;
#6460 = CARTESIAN_POINT ( 'NONE',  ( 48.85674956211384057, 6.835545300157845894, -0.2999999999999981570 ) ) ;
#6461 = EDGE_LOOP ( 'NONE', ( #1994, #3, #4563, #1693 ) ) ;
#6462 = B_SPLINE_CURVE_WITH_KNOTS ( 'NONE', 2,
 ( #4932, #2824, #2787 ),
 .UNSPECIFIED., .F., .F.,
 ( 3, 3 ),
 ( 0.9801402641674787919, 1.000000000000000000 ),
 .UNSPECIFIED. ) ;
#6463 = DIRECTION ( 'NONE',  ( -0.9998626349648349620, 0.01657441405230580117, -1.665334536937735304E-16 ) ) ;
#6464 = CARTESIAN_POINT ( 'NONE',  ( 29.96516101513376640, 0.2477573789244773006, -10.97664068296517392 ) ) ;
#6465 = DIRECTION ( 'NONE',  ( 0.01657441405230465278, 0.9998626349648348510, 3.469446951953612648E-18 ) ) ;
#6466 = VERTEX_POINT ( 'NONE', #2485 ) ;
#6467 = CARTESIAN_POINT ( 'NONE',  ( 42.79656511955386122, 6.936003105534807922, -0.3000000000000001554 ) ) ;
#6468 = CARTESIAN_POINT ( 'NONE',  ( 48.85791097929693905, 6.335457355553137937, -1.199999999999998401 ) ) ;
#6469 = CARTESIAN_POINT ( 'NONE',  ( 29.60529534869547064, 8.705598849447037324, 21.34781737152216152 ) ) ;
#6470 = CARTESIAN_POINT ( 'NONE',  ( 43.32035187062144388, 0.9000505734030583849, -0.7000000000000016209 ) ) ;
#6471 = CARTESIAN_POINT ( 'NONE',  ( 29.58431944599690766, 0.2540704719780144671, -12.11846177859637130 ) ) ;
#6472 = ORIENTED_EDGE ( 'NONE', *, *, #7303, .F. ) ;
#6473 = CARTESIAN_POINT ( 'NONE',  ( 29.52986991245534298, 4.155508862313488372, 16.45197147569836105 ) ) ;
#6474 = CARTESIAN_POINT ( 'NONE',  ( 29.58831208156410852, 3.231833640071416713, -16.96859302745010112 ) ) ;
#6475 = ORIENTED_EDGE ( 'NONE', *, *, #4653, .T. ) ;
#6476 = CARTESIAN_POINT ( 'NONE',  ( 50.77576818653075463, 9.304077780756356830, -0.7390696425666997138 ) ) ;
#6477 = DIRECTION ( 'NONE',  ( -0.01657441405230579770, -0.9998626349648348510, -1.734723475976998532E-18 ) ) ;
#6478 = LINE ( 'NONE', #4351, #2 ) ;
#6479 = ORIENTED_EDGE ( 'NONE', *, *, #1377, .F. ) ;
#6480 = ORIENTED_EDGE ( 'NONE', *, *, #1600, .T. ) ;
#6481 = CARTESIAN_POINT ( 'NONE',  ( 40.78935794662710634, 0.7043388805884007731, -0.2245746163139903384 ) ) ;
#6482 = CARTESIAN_POINT ( 'NONE',  ( 29.73505424044398637, 8.797839572386738638, 21.25629854915327144 ) ) ;
#6483 = EDGE_CURVE ( 'NONE', #2319, #3312, #5010, .T. ) ;
#6484 = ORIENTED_EDGE ( 'NONE', *, *, #6756, .T. ) ;
#6485 = CARTESIAN_POINT ( 'NONE',  ( 29.42200999627168656, -2.351212863241681106, 0.6755762886751610630 ) ) ;
#6486 = EDGE_CURVE ( 'NONE', #5225, #7138, #7333, .T. ) ;
#6487 = VECTOR ( 'NONE', #2552, 100.0000000000000000 ) ;
#6488 = CARTESIAN_POINT ( 'NONE',  ( 29.80343963233870852, 0.2243075541622294444, 10.80567427740766284 ) ) ;
#6489 = EDGE_LOOP ( 'NONE', ( #6110, #6702, #5186, #2705 ) ) ;
#6490 = EDGE_CURVE ( 'NONE', #5313, #3579, #5161, .T. ) ;
#6491 = CARTESIAN_POINT ( 'NONE',  ( 46.26462328035577798, 2.977978379414514709, 0.2000000000000000389 ) ) ;
#6492 = CARTESIAN_POINT ( 'NONE',  ( 29.99970657919887529, 3.647651833063241700, 15.66641791636911663 ) ) ;
#6493 = CARTESIAN_POINT ( 'NONE',  ( 29.57952447209468261, 7.146809560181840659, 3.169066891972249104E-15 ) ) ;
#6494 = LINE ( 'NONE', #6352, #4625 ) ;
#6495 = VECTOR ( 'NONE', #6309, 100.0000000000000142 ) ;
#6496 = ORIENTED_EDGE ( 'NONE', *, *, #3399, .T. ) ;
#6497 =( BOUNDED_CURVE ( )  B_SPLINE_CURVE ( 3, ( #6876, #2907, #6917, #5770 ),
 .UNSPECIFIED., .F., .T. ) 
 B_SPLINE_CURVE_WITH_KNOTS ( ( 4, 4 ),
 ( 5.634472209003055454, 6.283185307179586232 ),
 .UNSPECIFIED. ) 
 CURVE ( )  GEOMETRIC_REPRESENTATION_ITEM ( )  RATIONAL_B_SPLINE_CURVE ( ( 1.000000000000000000, 0.9652373265017013537, 0.9652373265017013537, 1.000000000000000000 ) ) 
 REPRESENTATION_ITEM ( '' )  );
#6498 = CARTESIAN_POINT ( 'NONE',  ( 31.23829402084788498, -1.383786165277783198, -0.3000000000000061506 ) ) ;
#6499 = ADVANCED_FACE ( 'NONE', ( #6686 ), #1670, .F. ) ;
#6500 = CARTESIAN_POINT ( 'NONE',  ( 29.21542369111983106, 9.319913004180124361, -22.24535599178303258 ) ) ;
#6501 = CARTESIAN_POINT ( 'NONE',  ( 30.72195764656964911, -2.365145003225936460, -1.300000000000007372 ) ) ;
#6502 = ORIENTED_EDGE ( 'NONE', *, *, #2532, .F. ) ;
#6503 = VECTOR ( 'NONE', #5789, 100.0000000000000142 ) ;
#6504 = EDGE_CURVE ( 'NONE', #2263, #6521, #459, .T. ) ;
#6505 = CARTESIAN_POINT ( 'NONE',  ( 40.27213460324519190, 0.4777294297463751116, -1.168228865704570518 ) ) ;
#6506 = CARTESIAN_POINT ( 'NONE',  ( 29.52986991245530746, 4.155508862310839824, -17.30592310456530925 ) ) ;
#6507 = CARTESIAN_POINT ( 'NONE',  ( 29.78379555157514247, 8.951959058182042739, 21.74571932102849203 ) ) ;
#6508 = CARTESIAN_POINT ( 'NONE',  ( 40.65798182647908021, -0.04167332459458068100, -0.1227292159887193312 ) ) ;
#6509 = CARTESIAN_POINT ( 'NONE',  ( 29.52980122993776391, 4.147221655287334663, 3.171905057654767021E-15 ) ) ;
#6510 = EDGE_LOOP ( 'NONE', ( #5581, #1489, #1225, #4673, #682, #5975, #4231, #6162 ) ) ;
#6511 = CARTESIAN_POINT ( 'NONE',  ( 45.80972038779954403, 2.879481213000265605, -0.1120818210850993285 ) ) ;
#6512 = VECTOR ( 'NONE', #3204, 100.0000000000000142 ) ;
#6513 = ORIENTED_EDGE ( 'NONE', *, *, #3082, .T. ) ;
#6514 = CARTESIAN_POINT ( 'NONE',  ( 29.52982412463446238, 4.152746681333768564, -17.44920891523943496 ) ) ;
#6515 = CARTESIAN_POINT ( 'NONE',  ( 40.54379318881267835, 0.07155198322723956006, -1.170338983050845050 ) ) ;
#6516 = LINE ( 'NONE', #3797, #2139 ) ;
#6517 = ORIENTED_EDGE ( 'NONE', *, *, #557, .F. ) ;
#6518 = VERTEX_POINT ( 'NONE', #4885 ) ;
#6519 = DIRECTION ( 'NONE',  ( -1.000000000000000000, 0.000000000000000000, -3.469446951953611231E-16 ) ) ;
#6520 = CARTESIAN_POINT ( 'NONE',  ( 29.60883672884053652, 8.919234979997803237, 21.49877066614624255 ) ) ;
#6521 = VERTEX_POINT ( 'NONE', #1613 ) ;
#6522 = CARTESIAN_POINT ( 'NONE',  ( 29.61019713784543939, 9.001302564853174815, -22.55799077579186118 ) ) ;
#6523 = CARTESIAN_POINT ( 'NONE',  ( 49.17749570922191538, 6.797204824903252174, -0.6999999999999979572 ) ) ;
#6524 = ORIENTED_EDGE ( 'NONE', *, *, #5661, .T. ) ;
#6525 = CARTESIAN_POINT ( 'NONE',  ( 0.06869064245621436804, 4.143809038856966609, 0.1999999999999848288 ) ) ;
#6526 = CARTESIAN_POINT ( 'NONE',  ( 45.00422818081136001, 3.212600940515598857, -0.7000000000000015099 ) ) ;
#6527 = CARTESIAN_POINT ( 'NONE',  ( 49.16759246248930992, 6.118200208156479469, -0.5677223966895945662 ) ) ;
#6528 = EDGE_CURVE ( 'NONE', #1518, #3805, #3598, .T. ) ;
#6529 = CARTESIAN_POINT ( 'NONE',  ( 29.76328735704032624, 0.6226108402856289636, -11.43263332309919988 ) ) ;
#6530 = EDGE_CURVE ( 'NONE', #5934, #3650, #1288, .T. ) ;
#6531 = ORIENTED_EDGE ( 'NONE', *, *, #3487, .T. ) ;
#6532 = EDGE_CURVE ( 'NONE', #3163, #1864, #512, .T. ) ;
#6533 = VERTEX_POINT ( 'NONE', #943 ) ;
#6534 = CARTESIAN_POINT ( 'NONE',  ( 29.72173036849549277, 3.664224198546956135, -16.96393427190562875 ) ) ;
#6535 = CARTESIAN_POINT ( 'NONE',  ( 43.11609355556151257, 1.794878659981460567, -0.3000000000000013212 ) ) ;
#6536 = DIRECTION ( 'NONE',  ( -0.9998626349648348510, 0.01657441405230573525, -1.665334536937734811E-16 ) ) ;
#6537 = EDGE_LOOP ( 'NONE', ( #4579, #4010, #80, #4175 ) ) ;
#6538 = CARTESIAN_POINT ( 'NONE',  ( 29.22108413575708497, 9.661383120241001876, 20.85670886413235792 ) ) ;
#6539 = B_SPLINE_CURVE_WITH_KNOTS ( 'NONE', 3,
 ( #767, #6544, #3714, #3013 ),
 .UNSPECIFIED., .F., .F.,
 ( 4, 4 ),
 ( 2.775557561562891043E-17, 0.0007907658699615881422 ),
 .UNSPECIFIED. ) ;
#6540 = FACE_OUTER_BOUND ( 'NONE', #1689, .T. ) ;
#6541 = DIRECTION ( 'NONE',  ( -0.01657441405230463891, -0.9998626349648348510, -0.000000000000000000 ) ) ;
#6542 =( BOUNDED_CURVE ( )  B_SPLINE_CURVE ( 3, ( #6973, #3663, #5263, #5863 ),
 .UNSPECIFIED., .F., .F. ) 
 B_SPLINE_CURVE_WITH_KNOTS ( ( 4, 4 ),
 ( 1.570796326794891895, 1.587371499803889474 ),
 .UNSPECIFIED. ) 
 CURVE ( )  GEOMETRIC_REPRESENTATION_ITEM ( )  RATIONAL_B_SPLINE_CURVE ( ( 1.000000000000000000, 0.9999771054343515875, 0.9999771054343515875, 1.000000000000000000 ) ) 
 REPRESENTATION_ITEM ( '' )  );
#6543 = EDGE_CURVE ( 'NONE', #5152, #4791, #926, .T. ) ;
#6544 = CARTESIAN_POINT ( 'NONE',  ( 30.10799440682854211, 8.946584913900272440, 21.22028475853420204 ) ) ;
#6545 = EDGE_CURVE ( 'NONE', #5359, #2916, #351, .T. ) ;
#6546 = CIRCLE ( 'NONE', #1108, 0.4999999999999985567 ) ;
#6547 = FACE_OUTER_BOUND ( 'NONE', #6738, .T. ) ;
#6548 = VERTEX_POINT ( 'NONE', #5635 ) ;
#6549 = CARTESIAN_POINT ( 'NONE',  ( 29.58342464737874877, 5.914429608735813026, 19.11483311017090614 ) ) ;
#6550 = DIRECTION ( 'NONE',  ( 2.220446049250313081E-16, 9.860761315262647568E-32, 1.000000000000000000 ) ) ;
#6551 = VERTEX_POINT ( 'NONE', #5177 ) ;
#6552 = VECTOR ( 'NONE', #2373, 100.0000000000000142 ) ;
#6553 = CARTESIAN_POINT ( 'NONE',  ( 30.00494723860408541, 0.6367560416007659319, 10.47552833453502252 ) ) ;
#6554 = CARTESIAN_POINT ( 'NONE',  ( 29.57189324557678489, 6.690594594587635946, -20.79008107972050112 ) ) ;
#6555 = VECTOR ( 'NONE', #6311, 100.0000000000000000 ) ;
#6556 = DIRECTION ( 'NONE',  ( -0.01657441405230579770, -0.9998626349648348510, 0.000000000000000000 ) ) ;
#6557 = ORIENTED_EDGE ( 'NONE', *, *, #4877, .F. ) ;
#6558 = EDGE_LOOP ( 'NONE', ( #6744, #4189 ) ) ;
#6559 = CIRCLE ( 'NONE', #2521, 0.1750000000000029310 ) ;
#6560 = DIRECTION ( 'NONE',  ( 0.01657441405230463891, 0.9998626349648349620, -0.000000000000000000 ) ) ;
#6561 = AXIS2_PLACEMENT_3D ( 'NONE', #3367, #2839, #5665 ) ;
#6562 = CARTESIAN_POINT ( 'NONE',  ( 29.79206877473768600, 3.598672886003128291, 15.59690795395389884 ) ) ;
#6563 = VERTEX_POINT ( 'NONE', #2777 ) ;
#6564 = CARTESIAN_POINT ( 'NONE',  ( 49.17095078505752781, 6.499884301795587405, -0.1766882592136226893 ) ) ;
#6565 = CARTESIAN_POINT ( 'NONE',  ( 49.16758675502350684, 6.118192985145700646, -0.5666759063963291432 ) ) ;
#6566 = ORIENTED_EDGE ( 'NONE', *, *, #5101, .T. ) ;
#6567 = FACE_OUTER_BOUND ( 'NONE', #4943, .T. ) ;
#6568 = CARTESIAN_POINT ( 'NONE',  ( 44.96666634055321765, 3.184397306558728324, -0.7000000000000003997 ) ) ;
#6569 = CARTESIAN_POINT ( 'NONE',  ( 45.85497315984050459, 2.917401671987019718, -0.08918510117604346032 ) ) ;
#6570 = CARTESIAN_POINT ( 'NONE',  ( 29.49593657050549922, 0.5051450695134744873, -11.13832250188278650 ) ) ;
#6571 = VERTEX_POINT ( 'NONE', #5031 ) ;
#6572 = ORIENTED_EDGE ( 'NONE', *, *, #6948, .T. ) ;
#6573 = CARTESIAN_POINT ( 'NONE',  ( 50.73176923724148679, 8.379831103244516299, -0.6999999999999971800 ) ) ;
#6574 = CARTESIAN_POINT ( 'NONE',  ( 45.69231970828607103, 2.782138994969892032, -0.7955224116666863576 ) ) ;
#6575 = CARTESIAN_POINT ( 'NONE',  ( 29.36470365497220314, 6.258535278550102277, -0.5000000000000032196 ) ) ;
#6576 = ORIENTED_EDGE ( 'NONE', *, *, #5887, .F. ) ;
#6577 = VECTOR ( 'NONE', #6120, 100.0000000000000000 ) ;
#6578 = DIRECTION ( 'NONE',  ( 1.665680818703648634E-16, 7.087759561701498994E-19, -1.000000000000000000 ) ) ;
#6579 = CARTESIAN_POINT ( 'NONE',  ( 51.16495597621619851, 9.297873703681396762, -1.184275066162314038 ) ) ;
#6580 = CARTESIAN_POINT ( 'NONE',  ( 30.10210258776324110, 8.946682580764992565, 21.28915344383288399 ) ) ;
#6581 = EDGE_CURVE ( 'NONE', #3999, #3905, #7056, .T. ) ;
#6582 = CARTESIAN_POINT ( 'NONE',  ( 29.52980122993776391, 4.093172879320687407, -17.22866501914397119 ) ) ;
#6583 = ADVANCED_FACE ( 'NONE', ( #6195 ), #4476, .F. ) ;
#6584 = EDGE_CURVE ( 'NONE', #6170, #1917, #3923, .T. ) ;
#6585 = CARTESIAN_POINT ( 'NONE',  ( 51.65303380369044106, 8.589439450864375658, 0.2000000000000032585 ) ) ;
#6586 = ORIENTED_EDGE ( 'NONE', *, *, #1561, .F. ) ;
#6587 = DIRECTION ( 'NONE',  ( -0.9998626349648348510, 0.01657441405230573525, -1.665334536937734811E-16 ) ) ;
#6588 = EDGE_CURVE ( 'NONE', #2889, #2384, #6355, .T. ) ;
#6589 = CARTESIAN_POINT ( 'NONE',  ( 30.09961078566585968, 9.307277383580212060, -22.24688247531408791 ) ) ;
#6590 = VERTEX_POINT ( 'NONE', #2924 ) ;
#6591 = CARTESIAN_POINT ( 'NONE',  ( 29.51651404804490753, 0.6552494146773639727, 10.49999999999813305 ) ) ;
#6592 = CARTESIAN_POINT ( 'NONE',  ( 30.72195764656964911, -2.365145003225936904, -0.8000000000000072609 ) ) ;
#6593 = CARTESIAN_POINT ( 'NONE',  ( 45.96521353290066969, 3.010451304343503054, -0.7975136338013212312 ) ) ;
#6594 = VERTEX_POINT ( 'NONE', #5138 ) ;
#6595 = ORIENTED_EDGE ( 'NONE', *, *, #1870, .F. ) ;
#6596 = CARTESIAN_POINT ( 'NONE',  ( 49.16621105951234227, 6.116450768821839468, -0.2999999999999987121 ) ) ;
#6597 = CARTESIAN_POINT ( 'NONE',  ( 29.90699950527955764, -2.614702929159597566, -1.000000000000006883 ) ) ;
#6598 = ORIENTED_EDGE ( 'NONE', *, *, #3451, .F. ) ;
#6599 = CARTESIAN_POINT ( 'NONE',  ( 51.15292145991758588, 8.597729658707429223, -0.6999999999999968470 ) ) ;
#6600 = CARTESIAN_POINT ( 'NONE',  ( 49.16676936265849918, 6.396250803853428479, -0.9497456803307586792 ) ) ;
#6601 = ORIENTED_EDGE ( 'NONE', *, *, #7115, .F. ) ;
#6602 = CARTESIAN_POINT ( 'NONE',  ( 29.60942709990640864, 8.954849510144693880, -21.97078005163794501 ) ) ;
#6603 = CARTESIAN_POINT ( 'NONE',  ( 29.85727404260630635, 3.677527774318619436, 15.70271518051039905 ) ) ;
#6604 = CARTESIAN_POINT ( 'NONE',  ( 31.03832149385491945, -2.370389269000775290, 0.2999999999999999889 ) ) ;
#6605 = CARTESIAN_POINT ( 'NONE',  ( 45.76511058438249790, 2.985832852271422588, -1.179371013862489104 ) ) ;
#6606 = VECTOR ( 'NONE', #5241, 100.0000000000000142 ) ;
#6607 = EDGE_LOOP ( 'NONE', ( #1723, #856, #5912, #1573, #6916 ) ) ;
#6608 = CARTESIAN_POINT ( 'NONE',  ( 45.46353341854216268, 2.991257798605200691, -1.200000000000000400 ) ) ;
#6609 = CARTESIAN_POINT ( 'NONE',  ( 29.03859622392525708, -1.347322454362675392, 1.499999999999998890 ) ) ;
#6610 = CARTESIAN_POINT ( 'NONE',  ( 0.01233763467837861207, 0.7442760799765270052, 1.985179957108101255E-18 ) ) ;
#6611 = ORIENTED_EDGE ( 'NONE', *, *, #872, .T. ) ;
#6612 = CARTESIAN_POINT ( 'NONE',  ( 50.27832435838271152, 8.612227584704891470, -0.6999999999999972911 ) ) ;
#6613 = VECTOR ( 'NONE', #1991, 100.0000000000000142 ) ;
#6614 = CARTESIAN_POINT ( 'NONE',  ( 50.48572597083048663, 8.895887783416698724, -0.7544026567781797477 ) ) ;
#6615 = CARTESIAN_POINT ( 'NONE',  ( 29.60209641250643386, 8.512620880087643727, 21.20938638710774882 ) ) ;
#6616 = B_SPLINE_CURVE_WITH_KNOTS ( 'NONE', 3,
 ( #831, #5335, #2524, #4737 ),
 .UNSPECIFIED., .F., .F.,
 ( 4, 4 ),
 ( 0.000000000000000000, 0.0002065149350831888941 ),
 .UNSPECIFIED. ) ;
#6617 = DIRECTION ( 'NONE',  ( -0.01657441405230579770, -0.9998626349648348510, 0.000000000000000000 ) ) ;
#6618 = CARTESIAN_POINT ( 'NONE',  ( 45.37029156054220635, 3.494441370285926496, -0.8979192884013196263 ) ) ;
#6619 = CARTESIAN_POINT ( 'NONE',  ( 29.96516101513378061, 0.2477573789244778835, -11.72997687890920204 ) ) ;
#6620 = VERTEX_POINT ( 'NONE', #2334 ) ;
#6621 = CARTESIAN_POINT ( 'NONE',  ( 29.32161017843620954, 3.658892427641530887, -0.5000000000000032196 ) ) ;
#6622 = CARTESIAN_POINT ( 'NONE',  ( 29.41674935829490778, -2.668564374580253418, 0.2999999999999978795 ) ) ;
#6623 = EDGE_CURVE ( 'NONE', #5175, #7123, #3375, .T. ) ;
#6624 = EDGE_CURVE ( 'NONE', #343, #3320, #2935, .T. ) ;
#6625 = ORIENTED_EDGE ( 'NONE', *, *, #4879, .T. ) ;
#6626 = CARTESIAN_POINT ( 'NONE',  ( 29.52986991245534654, 4.155508862313488372, -17.45197147569836815 ) ) ;
#6627 = CARTESIAN_POINT ( 'NONE',  ( 40.65798182647907311, -0.04167332459458036181, -0.8772707840112867750 ) ) ;
#6628 = CARTESIAN_POINT ( 'NONE',  ( 29.60113989288025849, 8.454918192662232101, 20.57462005477973932 ) ) ;
#6629 = ORIENTED_EDGE ( 'NONE', *, *, #4667, .T. ) ;
#6630 = ORIENTED_EDGE ( 'NONE', *, *, #5294, .F. ) ;
#6631 = CIRCLE ( 'NONE', #4956, 11.29999999999813198 ) ;
#6632 = FACE_OUTER_BOUND ( 'NONE', #3492, .T. ) ;
#6633 = CARTESIAN_POINT ( 'NONE',  ( 29.53957685880124018, 3.384742337029809089, 15.30222464694923268 ) ) ;
#6634 = EDGE_CURVE ( 'NONE', #3547, #1248, #1134, .T. ) ;
#6635 = ORIENTED_EDGE ( 'NONE', *, *, #7180, .F. ) ;
#6636 = AXIS2_PLACEMENT_3D ( 'NONE', #3578, #6411, #2915 ) ;
#6637 = CARTESIAN_POINT ( 'NONE',  ( 29.73806211774554598, 8.450080422623649667, -22.25503555075925277 ) ) ;
#6638 = EDGE_CURVE ( 'NONE', #3390, #449, #4449, .T. ) ;
#6639 = LINE ( 'NONE', #2620, #1293 ) ;
#6640 = ORIENTED_EDGE ( 'NONE', *, *, #917, .T. ) ;
#6641 = DIRECTION ( 'NONE',  ( 0.9998626349648348510, -0.01657441405230467707, 0.000000000000000000 ) ) ;
#6642 = CARTESIAN_POINT ( 'NONE',  ( 29.52986991245529680, 4.155508862310840712, 16.30592310456528793 ) ) ;
#6643 = FACE_OUTER_BOUND ( 'NONE', #3263, .T. ) ;
#6644 = DIRECTION ( 'NONE',  ( -0.9998626349648349620, 0.01657441405230470483, 0.000000000000000000 ) ) ;
#6645 = VERTEX_POINT ( 'NONE', #1677 ) ;
#6646 = CARTESIAN_POINT ( 'NONE',  ( 30.10935841738883667, 8.946562303118541948, -22.16756122133907070 ) ) ;
#6647 = CARTESIAN_POINT ( 'NONE',  ( 40.94944809683324394, 0.06567424490690280947, 0.1607577195134968773 ) ) ;
#6648 = CARTESIAN_POINT ( 'NONE',  ( 51.59863108044611124, 9.717405461309315484, -0.2946289118163343268 ) ) ;
#6649 = ORIENTED_EDGE ( 'NONE', *, *, #3258, .F. ) ;
#6650 = CARTESIAN_POINT ( 'NONE',  ( 51.55347005379616832, 9.629117628013393215, 0.1924863669562699164 ) ) ;
#6651 = DIRECTION ( 'NONE',  ( 0.01657441405230464931, 0.9998626349648349620, 3.469446951953613418E-18 ) ) ;
#6652 = LINE ( 'NONE', #4374, #2398 ) ;
#6653 = CARTESIAN_POINT ( 'NONE',  ( 40.55045158031593644, 0.4732239127485872721, -1.170338983050845050 ) ) ;
#6654 = DIRECTION ( 'NONE',  ( 0.01657441405230465278, 0.9998626349648350731, 3.469446951953613418E-18 ) ) ;
#6655 = CARTESIAN_POINT ( 'NONE',  ( 29.21387648709622908, -2.840214699629897144, -0.5000000000000032196 ) ) ;
#6656 = EDGE_LOOP ( 'NONE', ( #5994, #7158, #6595, #4904, #5409, #7148 ) ) ;
#6657 = DIRECTION ( 'NONE',  ( 1.665393298452077782E-16, -1.025709229455379565E-18, -1.000000000000000000 ) ) ;
#6658 = CARTESIAN_POINT ( 'NONE',  ( 30.03722196870026195, 3.246974998476841012, 15.65027219720725959 ) ) ;
#6659 = ORIENTED_EDGE ( 'NONE', *, *, #2853, .F. ) ;
#6660 = CIRCLE ( 'NONE', #273, 19.50215235425126181 ) ;
#6661 = LINE ( 'NONE', #4493, #807 ) ;
#6662 = CARTESIAN_POINT ( 'NONE',  ( 29.81932708404258037, 0.2290744503742490890, -11.80057168090464792 ) ) ;
#6663 = EDGE_CURVE ( 'NONE', #3916, #6303, #6897, .T. ) ;
#6664 = DIRECTION ( 'NONE',  ( 0.01657441405230466319, 0.9998626349648349620, 1.734723475976807094E-18 ) ) ;
#6665 = ORIENTED_EDGE ( 'NONE', *, *, #7076, .T. ) ;
#6666 = ORIENTED_EDGE ( 'NONE', *, *, #5442, .F. ) ;
#6667 = B_SPLINE_CURVE_WITH_KNOTS ( 'NONE', 3,
 ( #6271, #1786, #1277, #4032 ),
 .UNSPECIFIED., .F., .F.,
 ( 4, 4 ),
 ( 0.000000000000000000, 0.0002065149350831508115 ),
 .UNSPECIFIED. ) ;
#6668 = CYLINDRICAL_SURFACE ( 'NONE', #3339, 0.5000000000000004441 ) ;
#6669 = CARTESIAN_POINT ( 'NONE',  ( 29.97440018737500367, -2.534829960632589696, -1.000000000000006661 ) ) ;
#6670 = ORIENTED_EDGE ( 'NONE', *, *, #155, .T. ) ;
#6671 = CARTESIAN_POINT ( 'NONE',  ( 29.72930334287153897, 8.769659253212580552, -22.25622252743556473 ) ) ;
#6672 = CARTESIAN_POINT ( 'NONE',  ( 42.70962778319242403, 1.691450028915983728, -0.3000000000000014877 ) ) ;
#6673 = EDGE_CURVE ( 'NONE', #924, #6979, #3153, .T. ) ;
#6674 = VECTOR ( 'NONE', #5493, 100.0000000000000000 ) ;
#6675 = EDGE_CURVE ( 'NONE', #89, #5396, #5896, .T. ) ;
#6676 = ORIENTED_EDGE ( 'NONE', *, *, #972, .F. ) ;
#6677 = AXIS2_PLACEMENT_3D ( 'NONE', #3235, #3824, #3305 ) ;
#6678 = CARTESIAN_POINT ( 'NONE',  ( 29.70974833743026267, 8.759533399812230670, -21.81925650936353733 ) ) ;
#6679 = CARTESIAN_POINT ( 'NONE',  ( 44.97023186668066330, 3.399490059617286786, 0.1999999999999996225 ) ) ;
#6680 = VECTOR ( 'NONE', #5803, 100.0000000000000000 ) ;
#6681 = DIRECTION ( 'NONE',  ( -0.01657441405230464238, -0.9998626349648349620, -1.734723475976807094E-18 ) ) ;
#6682 = CARTESIAN_POINT ( 'NONE',  ( 29.82880938883855038, 0.6318695621969186993, -11.45711409167940964 ) ) ;
#6683 = ADVANCED_FACE ( 'NONE', ( #4545 ), #2268, .F. ) ;
#6684 = ORIENTED_EDGE ( 'NONE', *, *, #430, .T. ) ;
#6685 = CARTESIAN_POINT ( 'NONE',  ( 40.07874329115329459, 0.3970040257888206581, -0.1732901653040287981 ) ) ;
#6686 = FACE_OUTER_BOUND ( 'NONE', #1301, .T. ) ;
#6687 = VERTEX_POINT ( 'NONE', #6823 ) ;
#6688 = CARTESIAN_POINT ( 'NONE',  ( 35.84396239381612048, -1.270105317562479241, -0.7000000000000046185 ) ) ;
#6689 = CARTESIAN_POINT ( 'NONE',  ( 29.42105666275003273, 9.658068237430541103, -0.5000000000000032196 ) ) ;
#6690 = CARTESIAN_POINT ( 'NONE',  ( 29.86287869971992492, 8.887674045457597316, 20.92176126392594426 ) ) ;
#6691 = LINE ( 'NONE', #3203, #3413 ) ;
#6692 = EDGE_LOOP ( 'NONE', ( #6341, #3889, #6484, #6852 ) ) ;
#6693 = CARTESIAN_POINT ( 'NONE',  ( 29.51528459274236837, 3.275639676349911156, -16.15077155702978118 ) ) ;
#6694 = FACE_OUTER_BOUND ( 'NONE', #5273, .T. ) ;
#6695 = ORIENTED_EDGE ( 'NONE', *, *, #4542, .T. ) ;
#6696 = CARTESIAN_POINT ( 'NONE',  ( 42.69711863524003093, 0.9368272957457970396, -1.200000000000001510 ) ) ;
#6697 = CARTESIAN_POINT ( 'NONE',  ( 29.46179702410692158, 0.04896625399436346088, 10.26953390177861891 ) ) ;
#6698 = CIRCLE ( 'NONE', #1261, 0.1749999999999973799 ) ;
#6699 = VERTEX_POINT ( 'NONE', #1745 ) ;
#6700 = DIRECTION ( 'NONE',  ( 0.9998626349648348510, -0.01657441405230573525, 1.665334536937734811E-16 ) ) ;
#6701 = DIRECTION ( 'NONE',  ( -0.9998626349648349620, 0.01657441405230446890, 0.000000000000000000 ) ) ;
#6702 = ORIENTED_EDGE ( 'NONE', *, *, #7029, .F. ) ;
#6703 = ORIENTED_EDGE ( 'NONE', *, *, #6137, .T. ) ;
#6704 = FACE_BOUND ( 'NONE', #6898, .T. ) ;
#6705 = CARTESIAN_POINT ( 'NONE',  ( 29.92783754093584747, -2.586617749520210729, -1.000000000000006883 ) ) ;
#6706 = ORIENTED_EDGE ( 'NONE', *, *, #4751, .T. ) ;
#6707 = CARTESIAN_POINT ( 'NONE',  ( 30.05974497974182214, 6.647167883581976966, 19.29018020276335577 ) ) ;
#6708 = B_SPLINE_CURVE_WITH_KNOTS ( 'NONE', 2,
 ( #2676, #3490, #3340 ),
 .UNSPECIFIED., .F., .F.,
 ( 3, 3 ),
 ( 0.6596861749284756993, 0.7967053436417098622 ),
 .UNSPECIFIED. ) ;
#6709 = CARTESIAN_POINT ( 'NONE',  ( 48.85094188680758975, 5.935517926483887763, -1.218418966097894351 ) ) ;
#6710 = ORIENTED_EDGE ( 'NONE', *, *, #4085, .T. ) ;
#6711 = DIRECTION ( 'NONE',  ( -0.9998626349648348510, 0.01657441405230573525, -1.665334536937734811E-16 ) ) ;
#6712 = CARTESIAN_POINT ( 'NONE',  ( 29.48916818089492509, 1.700149629871990475, -13.95463335735835564 ) ) ;
#6713 = CARTESIAN_POINT ( 'NONE',  ( 51.11470380752408715, 9.798528041614362749, -0.6999999999999966249 ) ) ;
#6714 = EDGE_CURVE ( 'NONE', #4035, #2395, #3991, .T. ) ;
#6715 = ORIENTED_EDGE ( 'NONE', *, *, #1507, .T. ) ;
#6716 = CARTESIAN_POINT ( 'NONE',  ( 29.99005229368043501, 8.948540003878795446, -22.56854567505996556 ) ) ;
#6717 = CARTESIAN_POINT ( 'NONE',  ( 29.60113989288025849, 8.454918192662278287, 21.25672608094550142 ) ) ;
#6718 = VERTEX_POINT ( 'NONE', #636 ) ;
#6719 = LINE ( 'NONE', #1645, #997 ) ;
#6720 = CARTESIAN_POINT ( 'NONE',  ( 29.43854127791119524, -1.353952219983633576, 0.3000000000000006550 ) ) ;
#6721 = CYLINDRICAL_SURFACE ( 'NONE', #5597, 10.99999999999813660 ) ;
#6722 = AXIS2_PLACEMENT_3D ( 'NONE', #3611, #1884, #1809 ) ;
#6723 = EDGE_CURVE ( 'NONE', #4261, #3524, #230, .T. ) ;
#6724 = CARTESIAN_POINT ( 'NONE',  ( 40.27037592088086626, 0.4769859681718670030, 0.1999999999999975409 ) ) ;
#6725 = EDGE_CURVE ( 'NONE', #6800, #5329, #3067, .T. ) ;
#6726 = AXIS2_PLACEMENT_3D ( 'NONE', #3509, #5779, #774 ) ;
#6727 = CARTESIAN_POINT ( 'NONE',  ( 29.42210413975015015, -2.345533594813668632, -1.726061493843417560 ) ) ;
#6728 = CARTESIAN_POINT ( 'NONE',  ( 30.05632029242145009, 5.747001871231070425, 4.998970796861377959E-15 ) ) ;
#6729 = ORIENTED_EDGE ( 'NONE', *, *, #6037, .T. ) ;
#6730 = CARTESIAN_POINT ( 'NONE',  ( 29.60510347992537561, 6.462027914607022971, -20.59661771016881104 ) ) ;
#6731 = CARTESIAN_POINT ( 'NONE',  ( 29.48233099670127899, 1.287691911486191332, -14.99096871023904498 ) ) ;
#6732 = VERTEX_POINT ( 'NONE', #1382 ) ;
#6733 =( BOUNDED_SURFACE ( )  B_SPLINE_SURFACE ( 3, 2, ( 
 ( #6637, #2075, #3184 ),
 ( #6005, #3143, #1598 ),
 ( #3217, #3806, #4317 ),
 ( #4395, #4799, #2153 ),
 ( #7190, #3103, #2000 ),
 ( #2113, #6671, #2659 ),
 ( #5512, #1525, #2619 ),
 ( #5401, #3691, #4868 ),
 ( #5366, #4246, #3769 ),
 ( #1487, #930, #893 ),
 ( #7112, #306, #6077 ),
 ( #7150, #2550, #3844 ),
 ( #4281, #6044, #5474 ),
 ( #854, #5440, #1006 ) ),
 .UNSPECIFIED., .F., .F., .F. ) 
 B_SPLINE_SURFACE_WITH_KNOTS ( ( 4, 2, 2, 2, 2, 2, 4 ),
 ( 3, 3 ),
 ( 0.001434506315943565469, 0.002608375999302182252, 0.003782245682660798601, 0.004956115366019414950, 0.006129985049378032166, 0.008477724416095264864, 0.01082546378281249930 ),
 ( 0.000000000000000000, 1.000000000000000000 ),
 .UNSPECIFIED. ) 
 GEOMETRIC_REPRESENTATION_ITEM ( )  RATIONAL_B_SPLINE_SURFACE ( (
 ( 1.000000000000000000, 0.9446194155785836433, 1.000000000000000000),
 ( 1.000000000000000000, 0.9405109470661783266, 1.000000000000000000),
 ( 1.000000000000000000, 0.9349359785537217915, 1.000000000000000000),
 ( 1.000000000000000000, 0.9220237091850113087, 1.000000000000000000),
 ( 1.000000000000000000, 0.9147535467223463224, 1.000000000000000000),
 ( 1.000000000000000000, 0.8988775039745998674, 1.000000000000000000),
 ( 1.000000000000000000, 0.8902372092998812603, 1.000000000000000000),
 ( 1.000000000000000000, 0.8722597289022918643, 1.000000000000000000),
 ( 1.000000000000000000, 0.8628544135110931546, 1.000000000000000000),
 ( 1.000000000000000000, 0.8334101959245120428, 1.000000000000000000),
 ( 1.000000000000000000, 0.8119907024401712414, 1.000000000000000000),
 ( 1.000000000000000000, 0.7670524946682263367, 1.000000000000000000),
 ( 1.000000000000000000, 0.7433759759781429777, 1.000000000000000000),
 ( 1.000000000000000000, 0.7181399124388060384, 1.000000000000000000) ) ) 
 REPRESENTATION_ITEM ( '' )  SURFACE ( )  );
#6734 = B_SPLINE_CURVE_WITH_KNOTS ( 'NONE', 3,
 ( #1920, #4133, #1957, #2392 ),
 .UNSPECIFIED., .F., .F.,
 ( 4, 4 ),
 ( 0.000000000000000000, 0.0001106846522027015399 ),
 .UNSPECIFIED. ) ;
#6735 = CARTESIAN_POINT ( 'NONE',  ( 0.01896740029930046867, 1.144221133962461057, 1.985179957108101255E-18 ) ) ;
#6736 = DIRECTION ( 'NONE',  ( 0.01657441405230463891, 0.9998626349648349620, -0.000000000000000000 ) ) ;
#6737 = ORIENTED_EDGE ( 'NONE', *, *, #2577, .T. ) ;
#6738 = EDGE_LOOP ( 'NONE', ( #4750, #4826, #2162 ) ) ;
#6739 = CARTESIAN_POINT ( 'NONE',  ( 0.01233763467837861207, 0.7442760799765270052, 1.985179957108101255E-18 ) ) ;
#6740 = CARTESIAN_POINT ( 'NONE',  ( 0.1184138846131284339, 7.143396943751471717, 0.1999999999999856060 ) ) ;
#6741 = CARTESIAN_POINT ( 'NONE',  ( 29.97740058064825064, -1.362884724196846919, 1.499999999999999112 ) ) ;
#6742 = DIRECTION ( 'NONE',  ( 0.9998626349648348510, -0.01657441405230463891, 3.341506680459168366E-16 ) ) ;
#6743 = CIRCLE ( 'NONE', #1188, 19.80215235425126963 ) ;
#6744 = ORIENTED_EDGE ( 'NONE', *, *, #2104, .T. ) ;
#6745 = DIRECTION ( 'NONE',  ( -0.9998626349648349620, 0.01657441405230580117, -1.665334536937735304E-16 ) ) ;
#6746 = CARTESIAN_POINT ( 'NONE',  ( 29.51495293980827128, 3.255632490845135507, 3.168799869486304193E-15 ) ) ;
#6747 = FACE_OUTER_BOUND ( 'NONE', #1743, .T. ) ;
#6748 = EDGE_LOOP ( 'NONE', ( #6393, #328 ) ) ;
#6749 = AXIS2_PLACEMENT_3D ( 'NONE', #17, #3276, #2714 ) ;
#6750 = ORIENTED_EDGE ( 'NONE', *, *, #1558, .F. ) ;
#6751 = CARTESIAN_POINT ( 'NONE',  ( 29.60408018694628396, 8.632293402613896660, -22.29547103484717852 ) ) ;
#6752 = DIRECTION ( 'NONE',  ( 1.000000000000000000, 0.000000000000000000, 1.665393298452073591E-16 ) ) ;
#6753 = ORIENTED_EDGE ( 'NONE', *, *, #4571, .T. ) ;
#6754 = EDGE_CURVE ( 'NONE', #4109, #5433, #2571, .T. ) ;
#6755 = CARTESIAN_POINT ( 'NONE',  ( 51.15566641419783167, 9.016383975765894121, 0.1924863669562695834 ) ) ;
#6756 = EDGE_CURVE ( 'NONE', #5178, #4666, #5928, .T. ) ;
#6757 = CARTESIAN_POINT ( 'NONE',  ( 29.20948204592047048, 8.961479275765617203, 20.85670886413235792 ) ) ;
#6758 = EDGE_CURVE ( 'NONE', #3579, #6830, #5290, .T. ) ;
#6759 = CARTESIAN_POINT ( 'NONE',  ( 29.79249615816383212, 6.550123324096038147, 18.90583238833136903 ) ) ;
#6760 = CARTESIAN_POINT ( 'NONE',  ( 44.96360210105974886, 2.999545005631353511, 0.1999999999999996225 ) ) ;
#6761 = CARTESIAN_POINT ( 'NONE',  ( 29.56326598683583384, 3.426402559857926633, -16.35971337294288119 ) ) ;
#6762 = CARTESIAN_POINT ( 'NONE',  ( 50.77576818653074753, 9.304077780756351501, 0.1635716386447301496 ) ) ;
#6763 = EDGE_CURVE ( 'NONE', #7138, #1143, #4731, .T. ) ;
#6764 = DIRECTION ( 'NONE',  ( 0.01657441405230466666, 0.9998626349648348510, 1.734723475976806902E-18 ) ) ;
#6765 = CARTESIAN_POINT ( 'NONE',  ( 29.03859622392524642, -1.347322454362712918, -1.300000000000005373 ) ) ;
#6766 = DIRECTION ( 'NONE',  ( 0.000000000000000000, -1.000000000000000000, -2.549693222869526344E-16 ) ) ;
#6767 = EDGE_CURVE ( 'NONE', #89, #832, #7075, .T. ) ;
#6768 = VERTEX_POINT ( 'NONE', #1349 ) ;
#6769 = CARTESIAN_POINT ( 'NONE',  ( 28.70373873530073183, -2.463940463280489102, 0.2999999999999999889 ) ) ;
#6770 = CARTESIAN_POINT ( 'NONE',  ( 46.13272011450660415, 3.154181860528967984, -0.7181153041547766458 ) ) ;
#6771 = EDGE_LOOP ( 'NONE', ( #5868, #1043, #3111, #850, #5449 ) ) ;
#6772 = EDGE_LOOP ( 'NONE', ( #3213, #4618, #4104, #6807 ) ) ;
#6773 = CARTESIAN_POINT ( 'NONE',  ( 45.81106646560999707, 3.849308385946082822, -0.2999999999999119482 ) ) ;
#6774 = DIRECTION ( 'NONE',  ( -0.9998626349648348510, 0.01657441405230576301, 0.000000000000000000 ) ) ;
#6775 = CARTESIAN_POINT ( 'NONE',  ( 49.15955813345277647, 6.330457043854466725, 0.1670018991375564199 ) ) ;
#6776 = CARTESIAN_POINT ( 'NONE',  ( 40.87303080729587634, 0.7424325910666070838, -0.2683480741643176071 ) ) ;
#6777 = CARTESIAN_POINT ( 'NONE',  ( 29.22216369412238279, -2.340283382147479774, -0.5000000000000032196 ) ) ;
#6778 = ORIENTED_EDGE ( 'NONE', *, *, #3974, .F. ) ;
#6779 = CARTESIAN_POINT ( 'NONE',  ( 30.11054265502996330, 9.646638841111801810, 21.49999999999999645 ) ) ;
#6780 = DIRECTION ( 'NONE',  ( -0.01657441405230468054, -0.9998626349648349620, 0.000000000000000000 ) ) ;
#6781 = CARTESIAN_POINT ( 'NONE',  ( 29.60341546078604225, 8.592193351539465951, 21.26723635000520574 ) ) ;
#6782 = ORIENTED_EDGE ( 'NONE', *, *, #160, .F. ) ;
#6783 = DIRECTION ( 'NONE',  ( -1.000000000000000000, 0.000000000000000000, -0.000000000000000000 ) ) ;
#6784 = AXIS2_PLACEMENT_3D ( 'NONE', #1240, #4072, #2850 ) ;
#6785 = DIRECTION ( 'NONE',  ( -0.9998626349648348510, 0.01657441405230463544, 0.000000000000000000 ) ) ;
#6786 = AXIS2_PLACEMENT_3D ( 'NONE', #1476, #733, #2429 ) ;
#6787 = VERTEX_POINT ( 'NONE', #6384 ) ;
#6788 = CIRCLE ( 'NONE', #2753, 0.2000000000000027589 ) ;
#6789 = DIRECTION ( 'NONE',  ( 1.000000000000000000, 0.000000000000000000, 0.000000000000000000 ) ) ;
#6790 = CARTESIAN_POINT ( 'NONE',  ( 48.53971623806148017, 6.476071814533404414, -0.2672617029890938523 ) ) ;
#6792 = CARTESIAN_POINT ( 'NONE',  ( 29.71173430808423532, 6.483801951460208990, 18.84105127675293190 ) ) ;
#6791 = AXIS2_PLACEMENT_3D ( 'NONE', #7244, #2168, #4410 ) ;
#6793 = CARTESIAN_POINT ( 'NONE',  ( 29.02219116712941371, -2.336968499337017668, -1.777438445626160268 ) ) ;
#6794 = DIRECTION ( 'NONE',  ( 0.01657441405230467013, 0.9998626349648350731, 1.734723475976807094E-18 ) ) ;
#6795 = CARTESIAN_POINT ( 'NONE',  ( 50.81714980005273929, 9.363416559817942186, -0.03813258626704382759 ) ) ;
#6796 = ORIENTED_EDGE ( 'NONE', *, *, #3904, .T. ) ;
#6797 = CARTESIAN_POINT ( 'NONE',  ( 41.04214198028558513, -0.1710117696354857275, -0.7000000000000026201 ) ) ;
#6798 = EDGE_CURVE ( 'NONE', #4296, #84, #3406, .T. ) ;
#6799 = CARTESIAN_POINT ( 'NONE',  ( 49.27752137395131626, 6.422796374690702415, -0.2999999999999981570 ) ) ;
#6800 = VERTEX_POINT ( 'NONE', #265 ) ;
#6801 = EDGE_CURVE ( 'NONE', #4693, #2789, #813, .T. ) ;
#6802 = EDGE_CURVE ( 'NONE', #1237, #3436, #4464, .T. ) ;
#6803 = DIRECTION ( 'NONE',  ( -2.220446049250313081E-16, 5.804399753985538537E-16, 1.000000000000000000 ) ) ;
#6804 = EDGE_CURVE ( 'NONE', #5465, #2809, #1170, .T. ) ;
#6805 = CARTESIAN_POINT ( 'NONE',  ( 42.70962778319242403, 1.691450028915983728, -0.3000000000000014877 ) ) ;
#6806 = ORIENTED_EDGE ( 'NONE', *, *, #1779, .F. ) ;
#6807 = ORIENTED_EDGE ( 'NONE', *, *, #6951, .F. ) ;
#6808 = AXIS2_PLACEMENT_3D ( 'NONE', #74, #2842, #6854 ) ;
#6809 = CARTESIAN_POINT ( 'NONE',  ( 45.09581743164524426, 3.282065813327958992, -0.2838170394409936792 ) ) ;
#6810 = CARTESIAN_POINT ( 'NONE',  ( 29.27188693627929439, 0.6593045227470255565, -0.5000000000000032196 ) ) ;
#6811 = CARTESIAN_POINT ( 'NONE',  ( 29.85034237596598317, 6.645866025219723916, -19.99773540573879416 ) ) ;
#6812 = EDGE_CURVE ( 'NONE', #6699, #2832, #6138, .T. ) ;
#6813 = DIRECTION ( 'NONE',  ( -1.665393298452077782E-16, 1.025709229455379180E-18, 1.000000000000000000 ) ) ;
#6814 = CARTESIAN_POINT ( 'NONE',  ( 51.64301749531590247, 9.789770348802626643, -0.6999999999999964029 ) ) ;
#6815 = EDGE_CURVE ( 'NONE', #84, #7331, #3718, .T. ) ;
#6816 = CARTESIAN_POINT ( 'NONE',  ( 49.16312600763259155, 5.930342946743506261, -0.6999999999999982903 ) ) ;
#6817 = ORIENTED_EDGE ( 'NONE', *, *, #7303, .T. ) ;
#6818 = DIRECTION ( 'NONE',  ( -0.9998626349648349620, 0.01657441405230466666, 0.000000000000000000 ) ) ;
#6819 = CARTESIAN_POINT ( 'NONE',  ( 31.19516352442872176, -3.985662265447985408, 0.2999999999999989897 ) ) ;
#6820 = CARTESIAN_POINT ( 'NONE',  ( 29.64043677242071340, 8.757668613449553163, -22.36479047096838713 ) ) ;
#6821 = EDGE_LOOP ( 'NONE', ( #6102, #3500, #6479, #7067, #6144, #3481, #5303, #6670, #1393, #5551, #3248, #5390, #6266, #7032 ) ) ;
#6822 = CARTESIAN_POINT ( 'NONE',  ( 29.70953041331350164, 8.953190128439237228, -22.32719091587447480 ) ) ;
#6823 = CARTESIAN_POINT ( 'NONE',  ( 49.17804298027966325, 6.830219318211856461, -0.2999999999999979905 ) ) ;
#6824 = EDGE_LOOP ( 'NONE', ( #165, #6371, #901 ) ) ;
#6825 = CARTESIAN_POINT ( 'NONE',  ( 30.27631171797092691, -2.369866339218670070, -1.521722425194988960E-32 ) ) ;
#6826 = CARTESIAN_POINT ( 'NONE',  ( 29.64624339306423195, 0.5933914916366347381, 10.35846257211169785 ) ) ;
#6827 = DIRECTION ( 'NONE',  ( -0.01657441405230464931, -0.9998626349648349620, -3.469446951953613418E-18 ) ) ;
#6828 = LINE ( 'NONE', #571, #1299 ) ;
#6829 = CARTESIAN_POINT ( 'NONE',  ( 40.31891989010851773, 0.4975799693401451451, 0.05467334305897533081 ) ) ;
#6830 = VERTEX_POINT ( 'NONE', #2960 ) ;
#6831 = LINE ( 'NONE', #1756, #3538 ) ;
#6832 = ORIENTED_EDGE ( 'NONE', *, *, #5769, .F. ) ;
#6833 = CARTESIAN_POINT ( 'NONE',  ( 51.59863108044611124, 9.717405461309315484, -0.2946289118163343268 ) ) ;
#6834 = CARTESIAN_POINT ( 'NONE',  ( 29.02203168464533434, -2.346589387065546095, 0.6752531134521779776 ) ) ;
#6835 = EDGE_LOOP ( 'NONE', ( #5671, #7002, #144, #1070, #6861 ) ) ;
#6836 = VECTOR ( 'NONE', #4057, 100.0000000000000142 ) ;
#6837 = FACE_OUTER_BOUND ( 'NONE', #2754, .T. ) ;
#6838 = DIRECTION ( 'NONE',  ( 0.000000000000000000, 0.000000000000000000, 1.000000000000000000 ) ) ;
#6839 = B_SPLINE_CURVE_WITH_KNOTS ( 'NONE', 3,
 ( #2426, #3014, #4675, #3569 ),
 .UNSPECIFIED., .F., .F.,
 ( 4, 4 ),
 ( 8.673617379884035472E-19, 0.0002918993621810752562 ),
 .UNSPECIFIED. ) ;
#6840 = ORIENTED_EDGE ( 'NONE', *, *, #1789, .F. ) ;
#6841 = ORIENTED_EDGE ( 'NONE', *, *, #5103, .T. ) ;
#6842 = EDGE_CURVE ( 'NONE', #5574, #1518, #3518, .T. ) ;
#6843 = CARTESIAN_POINT ( 'NONE',  ( 45.85400271893195168, 3.884908755138781977, -0.2999999999999999889 ) ) ;
#6844 = VECTOR ( 'NONE', #4468, 100.0000000000000000 ) ;
#6845 = CARTESIAN_POINT ( 'NONE',  ( 30.06460749944761091, 6.246933188713487795, -19.48925470086114586 ) ) ;
#6846 = CARTESIAN_POINT ( 'NONE',  ( 50.72452396733988422, 9.230977430243456183, 0.007098035743054264754 ) ) ;
#6847 = EDGE_CURVE ( 'NONE', #7077, #2621, #1863, .T. ) ;
#6848 = CARTESIAN_POINT ( 'NONE',  ( 30.10107121036267941, 8.446630985636124578, -0.5000000000000031086 ) ) ;
#6849 = CIRCLE ( 'NONE', #5054, 0.4999999999999985567 ) ;
#6850 = DIRECTION ( 'NONE',  ( -0.9998626349648349620, 0.01657441405230470483, 0.000000000000000000 ) ) ;
#6851 = CARTESIAN_POINT ( 'NONE',  ( 29.07191440928634307, 0.6626194055574862185, 10.49818166789214757 ) ) ;
#6852 = ORIENTED_EDGE ( 'NONE', *, *, #3410, .T. ) ;
#6853 = LINE ( 'NONE', #670, #3347 ) ;
#6854 = DIRECTION ( 'NONE',  ( -0.9998626349648348510, 0.01657441405230464584, 0.000000000000000000 ) ) ;
#6855 = ADVANCED_FACE ( 'NONE', ( #5441 ), #894, .F. ) ;
#6856 = DIRECTION ( 'NONE',  ( -0.01657441405230464584, -0.9998626349648348510, -1.734723475976806902E-18 ) ) ;
#6857 = VERTEX_POINT ( 'NONE', #5550 ) ;
#6858 = EDGE_CURVE ( 'NONE', #4599, #5854, #3008, .T. ) ;
#6859 = CARTESIAN_POINT ( 'NONE',  ( 30.00665424273560333, 8.948264798497483241, -22.54320259952870487 ) ) ;
#6860 = CARTESIAN_POINT ( 'NONE',  ( 30.10799620482433170, 8.946584884095450718, -22.22026753681530664 ) ) ;
#6861 = ORIENTED_EDGE ( 'NONE', *, *, #5199, .F. ) ;
#6862 = DIRECTION ( 'NONE',  ( 1.665393298452077782E-16, -1.025709229455379180E-18, -1.000000000000000000 ) ) ;
#6863 = AXIS2_PLACEMENT_3D ( 'NONE', #61, #2317, #4562 ) ;
#6864 = CARTESIAN_POINT ( 'NONE',  ( 29.53717412015607735, 0.5416176701751946876, 10.22923827867193225 ) ) ;
#6865 = CARTESIAN_POINT ( 'NONE',  ( 29.57424151426886638, 6.242118431410657031, 18.60397523419463894 ) ) ;
#6866 = ORIENTED_EDGE ( 'NONE', *, *, #2282, .F. ) ;
#6867 = CARTESIAN_POINT ( 'NONE',  ( 29.02219116712941371, -2.336968499337016780, -1.725857463464380848 ) ) ;
#6868 = CARTESIAN_POINT ( 'NONE',  ( 30.07205583258206261, 9.000294491599939661, 21.24758088582654025 ) ) ;
#6869 = ORIENTED_EDGE ( 'NONE', *, *, #4017, .F. ) ;
#6870 = CARTESIAN_POINT ( 'NONE',  ( 29.57959315461226169, 7.155096767207994368, 19.79008107956275353 ) ) ;
#6871 = ORIENTED_EDGE ( 'NONE', *, *, #6858, .F. ) ;
#6872 = CARTESIAN_POINT ( 'NONE',  ( 51.21418436505790339, 9.106832274132495186, -0.9760577309273342772 ) ) ;
#6873 = B_SPLINE_CURVE_WITH_KNOTS ( 'NONE', 3,
 ( #5996, #405, #995, #2103, #2027, #5917 ),
 .UNSPECIFIED., .F., .F.,
 ( 4, 2, 4 ),
 ( 0.000000000000000000, 0.001785535119414706409, 0.003571070238829412817 ),
 .UNSPECIFIED. ) ;
#6874 = ORIENTED_EDGE ( 'NONE', *, *, #1186, .F. ) ;
#6875 = DIRECTION ( 'NONE',  ( -0.9998626349648349620, 0.01657441405230464931, -3.341506680459168859E-16 ) ) ;
#6876 = CARTESIAN_POINT ( 'NONE',  ( 45.37029156054219214, 3.494441370285926496, -0.1020807115986766683 ) ) ;
#6877 = EDGE_LOOP ( 'NONE', ( #4378, #4583, #3205, #3877, #1570 ) ) ;
#6878 = CARTESIAN_POINT ( 'NONE',  ( 45.16746527949426593, 3.336872206826934306, -0.2594131874179540498 ) ) ;
#6879 = DIRECTION ( 'NONE',  ( -0.01657441405230579770, -0.9998626349648348510, -3.469446951953803700E-18 ) ) ;
#6880 = PLANE ( 'NONE',  #525 ) ;
#6881 = CARTESIAN_POINT ( 'NONE',  ( 29.27188693627929439, 0.6593045227470255565, -11.50000000000000711 ) ) ;
#6882 = ADVANCED_FACE ( 'NONE', ( #2586 ), #415, .T. ) ;
#6883 = DIRECTION ( 'NONE',  ( 1.665680818703648634E-16, 7.087759561701498994E-19, -1.000000000000000000 ) ) ;
#6884 = CARTESIAN_POINT ( 'NONE',  ( 30.04736538869588358, 6.246921674498820742, 19.29037837007849987 ) ) ;
#6885 = B_SPLINE_CURVE_WITH_KNOTS ( 'NONE', 3,
 ( #2547, #7071, #3689, #5961, #890, #338, #2582, #6562, #6003, #3287, #4866, #1003, #5510, #412, #7188, #6633, #2617, #3323, #2729, #5547 ),
 .UNSPECIFIED., .F., .F.,
 ( 4, 2, 2, 2, 2, 2, 2, 2, 2, 4 ),
 ( 0.000000000000000000, 0.001124253563744343279, 0.001686380345616506462, 0.002248507127488669644, 0.003372760691232996010, 0.004497014254977321941, 0.005621267818721648740, 0.006745521382465974672, 0.007869774946210300604, 0.008994028509954626535 ),
 .UNSPECIFIED. ) ;
#6886 = ORIENTED_EDGE ( 'NONE', *, *, #5022, .F. ) ;
#6887 = ORIENTED_EDGE ( 'NONE', *, *, #3571, .T. ) ;
#6888 = LINE ( 'NONE', #6262, #1231 ) ;
#6889 = CARTESIAN_POINT ( 'NONE',  ( 46.27954025300284968, 3.877854750882866242, -0.6999999999999997335 ) ) ;
#6890 = CARTESIAN_POINT ( 'NONE',  ( 29.85246462488604990, 8.889783803100716142, -22.28803791065989515 ) ) ;
#6891 = VECTOR ( 'NONE', #6536, 100.0000000000000142 ) ;
#6892 = ORIENTED_EDGE ( 'NONE', *, *, #1952, .F. ) ;
#6893 = ORIENTED_EDGE ( 'NONE', *, *, #3363, .T. ) ;
#6894 = LINE ( 'NONE', #1822, #6967 ) ;
#6895 = EDGE_CURVE ( 'NONE', #3221, #4520, #6639, .T. ) ;
#6896 = EDGE_CURVE ( 'NONE', #6303, #6563, #374, .T. ) ;
#6897 = LINE ( 'NONE', #1824, #1640 ) ;
#6898 = EDGE_LOOP ( 'NONE', ( #918, #4256 ) ) ;
#6899 = EDGE_CURVE ( 'NONE', #4109, #2996, #3771, .T. ) ;
#6900 = CARTESIAN_POINT ( 'NONE',  ( 29.03859622392525708, -1.347322454362675392, 1.499999999999998890 ) ) ;
#6901 = CARTESIAN_POINT ( 'NONE',  ( 48.58388118061192529, 6.525395280724752389, -0.2482118714469681853 ) ) ;
#6902 = CARTESIAN_POINT ( 'NONE',  ( 29.31498041281528799, 3.258947373655597168, -0.5000000000000032196 ) ) ;
#6903 = ORIENTED_EDGE ( 'NONE', *, *, #434, .T. ) ;
#6904 = CIRCLE ( 'NONE', #3468, 21.35764531748080230 ) ;
#6905 = CARTESIAN_POINT ( 'NONE',  ( 45.49285759143450747, 3.890895346365325747, -0.7000000000000000666 ) ) ;
#6906 = AXIS2_PLACEMENT_3D ( 'NONE', #5969, #2554, #1419 ) ;
#6907 = FACE_OUTER_BOUND ( 'NONE', #1644, .T. ) ;
#6908 = ORIENTED_EDGE ( 'NONE', *, *, #3415, .F. ) ;
#6909 = VECTOR ( 'NONE', #6856, 100.0000000000000142 ) ;
#6910 = CARTESIAN_POINT ( 'NONE',  ( 28.56172260802924256, -2.652655291017079531, 0.000000000000000000 ) ) ;
#6911 = DIRECTION ( 'NONE',  ( 0.9998626349648349620, -0.01657441405230463891, 0.000000000000000000 ) ) ;
#6912 = AXIS2_PLACEMENT_3D ( 'NONE', #6575, #2562, #3117 ) ;
#6913 = DIRECTION ( 'NONE',  ( 0.01657441405230464931, 0.9998626349648349620, 3.469446951953613804E-18 ) ) ;
#6914 = CARTESIAN_POINT ( 'NONE',  ( 29.02095270918038494, -2.411679305058660461, 0.5092354725854636444 ) ) ;
#6915 = AXIS2_PLACEMENT_3D ( 'NONE', #3201, #869, #1540 ) ;
#6916 = ORIENTED_EDGE ( 'NONE', *, *, #3088, .F. ) ;
#6917 = CARTESIAN_POINT ( 'NONE',  ( 45.47016318416307712, 3.391202852591134853, 0.08994107310076131234 ) ) ;
#6918 = ORIENTED_EDGE ( 'NONE', *, *, #7115, .T. ) ;
#6919 = CARTESIAN_POINT ( 'NONE',  ( 45.49948527754335714, 3.596662679629832660, -0.2048668296643438858 ) ) ;
#6920 = CARTESIAN_POINT ( 'NONE',  ( 50.62838301885811632, 9.094957425487042002, -0.1402240678247216876 ) ) ;
#6921 = VERTEX_POINT ( 'NONE', #5967 ) ;
#6922 = CARTESIAN_POINT ( 'NONE',  ( 0.004050427652226690732, 0.2443447624941094964, -1.200000000000016165 ) ) ;
#6923 = CARTESIAN_POINT ( 'NONE',  ( 29.21567331897403363, 9.334971971771391708, -22.25672608094550853 ) ) ;
#6924 = DIRECTION ( 'NONE',  ( -0.9998626349648348510, 0.01657441405230466319, -3.341506680459168366E-16 ) ) ;
#6925 = ORIENTED_EDGE ( 'NONE', *, *, #3622, .F. ) ;
#6926 = EDGE_LOOP ( 'NONE', ( #2844, #6841, #4205, #1056, #33, #184, #2807 ) ) ;
#6927 = CARTESIAN_POINT ( 'NONE',  ( 29.21542369120015437, 9.319913009026784323, 21.24535599544454101 ) ) ;
#6928 = PLANE ( 'NONE',  #2203 ) ;
#6929 = CARTESIAN_POINT ( 'NONE',  ( 29.67534817099494404, 9.165507253948074862, 21.26003804739994862 ) ) ;
#6930 = B_SPLINE_CURVE_WITH_KNOTS ( 'NONE', 2,
 ( #1298, #1218, #1696 ),
 .UNSPECIFIED., .F., .F.,
 ( 3, 3 ),
 ( 0.07644733184617344413, 0.1651289732793841947 ),
 .UNSPECIFIED. ) ;
#6931 = ORIENTED_EDGE ( 'NONE', *, *, #430, .F. ) ;
#6932 = CONICAL_SURFACE ( 'NONE', #898, 0.8016513616222679106, 0.01745329251994333364 ) ;
#6933 = LINE ( 'NONE', #195, #939 ) ;
#6934 = CARTESIAN_POINT ( 'NONE',  ( 30.14404579061175582, -1.868616763265141367, 0.2999999999999999889 ) ) ;
#6935 = ORIENTED_EDGE ( 'NONE', *, *, #2628, .T. ) ;
#6936 = CARTESIAN_POINT ( 'NONE',  ( 30.00776140279842252, 3.647660295067217007, 15.95211344052140667 ) ) ;
#6937 = CARTESIAN_POINT ( 'NONE',  ( 29.41674935829490067, -2.668564374580249421, -1.300000000000003597 ) ) ;
#6938 = EDGE_CURVE ( 'NONE', #332, #6015, #5568, .T. ) ;
#6939 = CARTESIAN_POINT ( 'NONE',  ( 29.27188693627929439, 0.6593045227470255565, -0.5000000000000032196 ) ) ;
#6940 = ORIENTED_EDGE ( 'NONE', *, *, #2185, .T. ) ;
#6941 = CARTESIAN_POINT ( 'NONE',  ( 27.51161175479890275, -1.824979717385858624, 0.000000000000000000 ) ) ;
#6942 = EDGE_LOOP ( 'NONE', ( #2635, #7315, #1354, #2973, #742 ) ) ;
#6943 = CARTESIAN_POINT ( 'NONE',  ( 29.42213622111535187, -2.343598264957939659, -1.777438445626159602 ) ) ;
#6944 = VERTEX_POINT ( 'NONE', #342 ) ;
#6945 = CARTESIAN_POINT ( 'NONE',  ( 28.09929969314659104, -2.324760390715226333, -0.000000000000000000 ) ) ;
#6946 = CARTESIAN_POINT ( 'NONE',  ( 50.75891946949460021, 9.279996568962642911, -1.128175306472472217 ) ) ;
#6947 = CARTESIAN_POINT ( 'NONE',  ( 29.71179206144788054, 8.953152637796714330, 21.40865180983366756 ) ) ;
#6948 = EDGE_CURVE ( 'NONE', #1961, #7138, #6025, .T. ) ;
#6949 = VERTEX_POINT ( 'NONE', #3220 ) ;
#6950 = CARTESIAN_POINT ( 'NONE',  ( 49.10069857807334159, 5.431309095006647603, -0.6999999999999984013 ) ) ;
#6951 = EDGE_CURVE ( 'NONE', #992, #1478, #5475, .T. ) ;
#6952 = CARTESIAN_POINT ( 'NONE',  ( 29.57189324557678134, 6.690594594587867761, 19.79008107972049402 ) ) ;
#6953 = ORIENTED_EDGE ( 'NONE', *, *, #3317, .T. ) ;
#6954 = CARTESIAN_POINT ( 'NONE',  ( 30.04364942460926002, 3.634715583514160908, 15.65027219720725959 ) ) ;
#6955 = CARTESIAN_POINT ( 'NONE',  ( 30.07430268115455263, 8.946437576420047222, -22.24748739266552278 ) ) ;
#6956 = VECTOR ( 'NONE', #666, 100.0000000000000000 ) ;
#6957 = CARTESIAN_POINT ( 'NONE',  ( 29.06528464366542153, 0.2626743515715522226, 10.49818166789214757 ) ) ;
#6958 = CARTESIAN_POINT ( 'NONE',  ( 40.81681575667239059, -0.1668831859715795285, -0.7518188593010547427 ) ) ;
#6959 = CARTESIAN_POINT ( 'NONE',  ( 30.49404579061175014, -1.868616763265141367, -1.300000000000007150 ) ) ;
#6960 = CIRCLE ( 'NONE', #3757, 0.4999999999999985567 ) ;
#6961 = ORIENTED_EDGE ( 'NONE', *, *, #4164, .T. ) ;
#6962 = EDGE_LOOP ( 'NONE', ( #4689, #2595, #2925, #1803, #3118, #7103 ) ) ;
#6963 = LINE ( 'NONE', #4897, #1126 ) ;
#6964 = DIRECTION ( 'NONE',  ( -0.000000000000000000, -0.000000000000000000, -1.000000000000000000 ) ) ;
#6965 = CARTESIAN_POINT ( 'NONE',  ( 29.60670135011300630, 8.790416827148609613, 21.40802648469431446 ) ) ;
#6966 = ORIENTED_EDGE ( 'NONE', *, *, #2188, .F. ) ;
#6967 = VECTOR ( 'NONE', #6347, 100.0000000000000142 ) ;
#6968 = CARTESIAN_POINT ( 'NONE',  ( 29.41753247269625149, -2.621322473519172913, 0.3203532153882358013 ) ) ;
#6969 = DIRECTION ( 'NONE',  ( -2.220446049250313081E-16, -9.860761315262647568E-32, -1.000000000000000000 ) ) ;
#6970 = ORIENTED_EDGE ( 'NONE', *, *, #1103, .F. ) ;
#6971 = DIRECTION ( 'NONE',  ( 0.01657441405230464584, 0.9998626349648350731, 1.734723475976807094E-18 ) ) ;
#6972 = CARTESIAN_POINT ( 'NONE',  ( 30.16254409397051717, -2.355871777561718172, -1.300000000000007372 ) ) ;
#6973 = CARTESIAN_POINT ( 'NONE',  ( 29.57959315461226524, 7.155096767207994368, -20.79008107956275708 ) ) ;
#6974 = ORIENTED_EDGE ( 'NONE', *, *, #3442, .T. ) ;
#6975 = CARTESIAN_POINT ( 'NONE',  ( 29.57189324557678134, 6.690594594587867761, 19.79008107972049402 ) ) ;
#6976 = EDGE_CURVE ( 'NONE', #5353, #4436, #7087, .T. ) ;
#6977 = EDGE_CURVE ( 'NONE', #5396, #808, #5700, .T. ) ;
#6978 = CARTESIAN_POINT ( 'NONE',  ( 29.07190158887170739, 0.6618460054538586324, 10.49818166789216711 ) ) ;
#6979 = VERTEX_POINT ( 'NONE', #6294 ) ;
#6980 = CIRCLE ( 'NONE', #2016, 0.4999999999999985567 ) ;
#6981 = ADVANCED_FACE ( 'NONE', ( #4018 ), #554, .F. ) ;
#6982 = FACE_OUTER_BOUND ( 'NONE', #842, .T. ) ;
#6983 = CARTESIAN_POINT ( 'NONE',  ( 44.97348800051238271, 3.595918515097133561, -0.3000000000000002109 ) ) ;
#6984 = CIRCLE ( 'NONE', #596, 0.8016513616222679106 ) ;
#6985 = CARTESIAN_POINT ( 'NONE',  ( 40.92433530846897582, -0.2007882580353549384, -0.2871020795684890436 ) ) ;
#6986 = EDGE_CURVE ( 'NONE', #1250, #3856, #1701, .T. ) ;
#6987 = CARTESIAN_POINT ( 'NONE',  ( 29.61788138588787689, 9.464859977573663485, 21.87407340029110969 ) ) ;
#6988 = VERTEX_POINT ( 'NONE', #4501 ) ;
#6989 = EDGE_CURVE ( 'NONE', #2568, #479, #4327, .T. ) ;
#6990 = CARTESIAN_POINT ( 'NONE',  ( 30.04204292387592190, 3.203911531239151067, 16.51027643808249579 ) ) ;
#6991 = B_SPLINE_CURVE_WITH_KNOTS ( 'NONE', 3,
 ( #5948, #6511, #1951, #4197, #2536, #7100, #3130, #5876, #5236, #2570, #5913, #175 ),
 .UNSPECIFIED., .F., .F.,
 ( 4, 2, 2, 2, 2, 4 ),
 ( 0.000000000000000000, 0.001767173304879021689, 0.002650759957318477023, 0.003534346609757931922, 0.005301519914636957514, 0.007068693219515983540 ),
 .UNSPECIFIED. ) ;
#6992 = CYLINDRICAL_SURFACE ( 'NONE', #7253, 16.16641791636912018 ) ;
#6993 = B_SPLINE_CURVE_WITH_KNOTS ( 'NONE', 2,
 ( #6923, #3648, #2949 ),
 .UNSPECIFIED., .F., .F.,
 ( 3, 3 ),
 ( 0.9841426872603861176, 1.000000000000000000 ),
 .UNSPECIFIED. ) ;
#6994 = ORIENTED_EDGE ( 'NONE', *, *, #3218, .T. ) ;
#6995 = DIRECTION ( 'NONE',  ( -0.01657441405230608913, -0.9998626349648349620, 0.000000000000000000 ) ) ;
#6996 = CARTESIAN_POINT ( 'NONE',  ( 40.74097544596121878, -0.1150649350399113729, -0.7980689704213773661 ) ) ;
#6997 = LINE ( 'NONE', #740, #3429 ) ;
#6998 = ORIENTED_EDGE ( 'NONE', *, *, #6588, .F. ) ;
#6999 = ORIENTED_EDGE ( 'NONE', *, *, #2650, .F. ) ;
#7000 = CARTESIAN_POINT ( 'NONE',  ( 29.07226507363854751, 0.6837734676000166711, -11.54957551633866153 ) ) ;
#7001 = CARTESIAN_POINT ( 'NONE',  ( 29.73809316404644676, 8.450095667356940510, 21.25503507381289836 ) ) ;
#7002 = ORIENTED_EDGE ( 'NONE', *, *, #2948, .F. ) ;
#7003 = CARTESIAN_POINT ( 'NONE',  ( 29.42213622111534832, -2.343598264957939215, 0.7258574634643740753 ) ) ;
#7004 = DIRECTION ( 'NONE',  ( 0.9998626349648348510, -0.01657441405230465972, 3.341506680459168366E-16 ) ) ;
#7005 = ORIENTED_EDGE ( 'NONE', *, *, #434, .F. ) ;
#7006 = CARTESIAN_POINT ( 'NONE',  ( 40.27037592089061491, 0.4769859681717052990, 0.2253817826800966206 ) ) ;
#7007 = CARTESIAN_POINT ( 'NONE',  ( 49.16618618181102107, 6.116419263103589188, -0.7023966353792477912 ) ) ;
#7008 = CARTESIAN_POINT ( 'NONE',  ( 39.73217152248156481, -0.4142160292780106556, -0.7000000000000030642 ) ) ;
#7009 = ORIENTED_EDGE ( 'NONE', *, *, #4844, .F. ) ;
#7010 = CARTESIAN_POINT ( 'NONE',  ( 29.01832644453206811, -2.570110479947793625, -1.346063744828387865 ) ) ;
#7011 = B_SPLINE_CURVE_WITH_KNOTS ( 'NONE', 2,
 ( #1394, #3636, #2564 ),
 .UNSPECIFIED., .F., .F.,
 ( 3, 3 ),
 ( 0.000000000000000000, 0.02157229260134265955 ),
 .UNSPECIFIED. ) ;
#7012 = CARTESIAN_POINT ( 'NONE',  ( 29.03859622392525708, -1.347322454362699373, -2.500000000000004441 ) ) ;
#7013 = CARTESIAN_POINT ( 'NONE',  ( 29.52980122993775680, 4.147221655287334663, 16.44368426867221089 ) ) ;
#7014 = ORIENTED_EDGE ( 'NONE', *, *, #6486, .F. ) ;
#7015 = DIRECTION ( 'NONE',  ( 0.9998626349648349620, -0.01657441405230463544, 0.000000000000000000 ) ) ;
#7016 = PLANE ( 'NONE',  #4643 ) ;
#7017 = CARTESIAN_POINT ( 'NONE',  ( 29.67102752831481638, 8.953828378870605675, 21.49781405236995724 ) ) ;
#7018 = DIRECTION ( 'NONE',  ( 0.9998626349648348510, -0.01657441405230463891, 0.000000000000000000 ) ) ;
#7019 = CIRCLE ( 'NONE', #3939, 10.99999999999813660 ) ;
#7020 = CARTESIAN_POINT ( 'NONE',  ( 40.27037592089062201, 0.4769859681717089628, -0.7446634151558712000 ) ) ;
#7021 = ORIENTED_EDGE ( 'NONE', *, *, #825, .T. ) ;
#7022 = VECTOR ( 'NONE', #7273, 100.0000000000000142 ) ;
#7023 = CARTESIAN_POINT ( 'NONE',  ( 40.96342499700966044, 0.7841274070821120379, -0.7062591857594840983 ) ) ;
#7024 = DIRECTION ( 'NONE',  ( 0.01657441405230464584, 0.9998626349648350731, 1.734723475976807094E-18 ) ) ;
#7025 = ADVANCED_FACE ( 'NONE', ( #3470 ), #1634, .F. ) ;
#7026 = AXIS2_PLACEMENT_3D ( 'NONE', #1152, #3465, #5737 ) ;
#7027 = ADVANCED_FACE ( 'NONE', ( #1085 ), #7163, .T. ) ;
#7028 = CARTESIAN_POINT ( 'NONE',  ( 31.23829402084789564, -1.383786165277783198, -1.300000000000007150 ) ) ;
#7029 = EDGE_CURVE ( 'NONE', #2832, #1210, #2047, .T. ) ;
#7030 = CARTESIAN_POINT ( 'NONE',  ( 45.37029156054219214, 3.494441370285926496, -0.1020807115986766683 ) ) ;
#7031 = CARTESIAN_POINT ( 'NONE',  ( 27.51161175479890275, -1.824979717385858624, -1.300000000000006262 ) ) ;
#7032 = ORIENTED_EDGE ( 'NONE', *, *, #2367, .T. ) ;
#7033 = ORIENTED_EDGE ( 'NONE', *, *, #4604, .T. ) ;
#7034 = DIRECTION ( 'NONE',  ( -0.01657441405230579770, -0.9998626349648348510, 0.000000000000000000 ) ) ;
#7035 = CARTESIAN_POINT ( 'NONE',  ( 29.73715630901303086, 8.858752162605163960, 21.25664250919738052 ) ) ;
#7036 = EDGE_CURVE ( 'NONE', #1970, #4496, #1087, .T. ) ;
#7037 = ORIENTED_EDGE ( 'NONE', *, *, #5153, .T. ) ;
#7038 = B_SPLINE_SURFACE_WITH_KNOTS ( 'NONE', 2, 1, ( 
 ( #5884, #3026 ),
 ( #4207, #1925 ),
 ( #3100, #7000 ) ),
 .UNSPECIFIED., .F., .F., .F.,
 ( 3, 3 ),
 ( 2, 2 ),
 ( 0.000000000000000000, 0.3958745458293183028 ),
 ( 0.000000000000000000, 1.000000000000000000 ),
 .UNSPECIFIED. ) ;
#7039 = FACE_OUTER_BOUND ( 'NONE', #1360, .T. ) ;
#7040 = EDGE_CURVE ( 'NONE', #308, #1961, #2293, .T. ) ;
#7041 = DIRECTION ( 'NONE',  ( 0.000000000000000000, 0.000000000000000000, 1.000000000000000000 ) ) ;
#7042 = VERTEX_POINT ( 'NONE', #4536 ) ;
#7043 = LINE ( 'NONE', #5330, #3826 ) ;
#7044 = CARTESIAN_POINT ( 'NONE',  ( 48.35134989619359658, 5.943799508593357039, -0.6999999999999985123 ) ) ;
#7045 = CARTESIAN_POINT ( 'NONE',  ( 45.84190424054542490, 2.906450311533736119, -0.06899527106055475256 ) ) ;
#7046 = DIRECTION ( 'NONE',  ( 0.9998626349648348510, -0.01657441405230465972, 3.341506680459168366E-16 ) ) ;
#7047 = ORIENTED_EDGE ( 'NONE', *, *, #972, .T. ) ;
#7048 = CARTESIAN_POINT ( 'NONE',  ( 29.94213383819217000, 0.6481940468865399207, 10.78009954068491538 ) ) ;
#7049 = CARTESIAN_POINT ( 'NONE',  ( 30.00089492680555026, 3.648057929001832012, 15.95239721201883754 ) ) ;
#7050 = CARTESIAN_POINT ( 'NONE',  ( 29.21567331897403363, 9.334971971771391708, -22.25672608094550853 ) ) ;
#7051 = VERTEX_POINT ( 'NONE', #7305 ) ;
#7052 = DIRECTION ( 'NONE',  ( -0.01657441405230464238, -0.9998626349648349620, -1.734723475976807094E-18 ) ) ;
#7053 = CARTESIAN_POINT ( 'NONE',  ( 29.82365381908464030, 6.716894125291343443, 19.06429233502514720 ) ) ;
#7054 = CARTESIAN_POINT ( 'NONE',  ( 31.22188896405205938, -2.373432210252088836, -0.7000000000000063949 ) ) ;
#7055 =( BOUNDED_CURVE ( )  B_SPLINE_CURVE ( 3, ( #5414, #4847, #352, #2526 ),
 .UNSPECIFIED., .F., .F. ) 
 B_SPLINE_CURVE_WITH_KNOTS ( ( 4, 4 ),
 ( 4.712388980384688786, 6.283185307179586232 ),
 .UNSPECIFIED. ) 
 CURVE ( )  GEOMETRIC_REPRESENTATION_ITEM ( )  RATIONAL_B_SPLINE_CURVE ( ( 1.000000000000000000, 0.8047378541243648264, 0.8047378541243648264, 1.000000000000000000 ) ) 
 REPRESENTATION_ITEM ( '' )  );
#7056 = B_SPLINE_CURVE_WITH_KNOTS ( 'NONE', 3,
 ( #7314, #3480, #2237, #79 ),
 .UNSPECIFIED., .F., .F.,
 ( 4, 4 ),
 ( 0.01026225611768817950, 0.01039327379205078582 ),
 .UNSPECIFIED. ) ;
#7057 = LINE ( 'NONE', #4965, #4702 ) ;
#7058 = CARTESIAN_POINT ( 'NONE',  ( 29.57130594758611153, 6.655165449725573446, 19.00215235425143234 ) ) ;
#7059 = ORIENTED_EDGE ( 'NONE', *, *, #6134, .T. ) ;
#7060 = LINE ( 'NONE', #3643, #3825 ) ;
#7061 = ORIENTED_EDGE ( 'NONE', *, *, #6899, .F. ) ;
#7062 = LINE ( 'NONE', #5428, #6244 ) ;
#7063 = DIRECTION ( 'NONE',  ( -0.01657441405230464238, -0.9998626349648349620, 0.000000000000000000 ) ) ;
#7064 = EDGE_CURVE ( 'NONE', #5353, #5239, #2194, .T. ) ;
#7065 = FACE_OUTER_BOUND ( 'NONE', #3351, .T. ) ;
#7066 = EDGE_CURVE ( 'NONE', #6718, #5225, #5625, .T. ) ;
#7067 = ORIENTED_EDGE ( 'NONE', *, *, #7263, .T. ) ;
#7068 = ORIENTED_EDGE ( 'NONE', *, *, #1161, .T. ) ;
#7069 = EDGE_CURVE ( 'NONE', #6699, #1341, #2389, .T. ) ;
#7070 = CARTESIAN_POINT ( 'NONE',  ( 30.31904579061175298, -1.868616763265141367, 0.2999999999999999889 ) ) ;
#7071 = CARTESIAN_POINT ( 'NONE',  ( 30.00566410483108015, 3.636629661127611879, 15.65197232288795348 ) ) ;
#7072 = VERTEX_POINT ( 'NONE', #626 ) ;
#7073 = CARTESIAN_POINT ( 'NONE',  ( 49.17509905885414412, 6.669616876177923537, -0.2737798606545482349 ) ) ;
#7074 = AXIS2_PLACEMENT_3D ( 'NONE', #739, #5206, #3577 ) ;
#7075 = LINE ( 'NONE', #5328, #97 ) ;
#7076 = EDGE_CURVE ( 'NONE', #2238, #989, #3534, .T. ) ;
#7077 = VERTEX_POINT ( 'NONE', #1187 ) ;
#7078 = DIRECTION ( 'NONE',  ( 0.01657441405230464584, 0.9998626349648350731, 1.734723475976807094E-18 ) ) ;
#7079 = CARTESIAN_POINT ( 'NONE',  ( 45.76511058438249790, 2.985832852271422588, -1.179371013862489104 ) ) ;
#7080 = LINE ( 'NONE', #7118, #5476 ) ;
#7081 = CARTESIAN_POINT ( 'NONE',  ( 29.46850764047183446, 0.4537886832918617275, -11.00985699621188729 ) ) ;
#7082 = EDGE_CURVE ( 'NONE', #3251, #3680, #2233, .T. ) ;
#7083 = B_SPLINE_CURVE_WITH_KNOTS ( 'NONE', 3,
 ( #3464, #6249, #4532, #6809, #2910, #2352, #6878, #1729, #3975, #4158, #4785, #292 ),
 .UNSPECIFIED., .F., .F.,
 ( 4, 2, 2, 2, 2, 4 ),
 ( 2.145734436807298652E-17, 0.001392309926827037855, 0.002088464890240486743, 0.002784619853653936064, 0.004176929780480969148, 0.005569239707308002232 ),
 .UNSPECIFIED. ) ;
#7084 = AXIS2_PLACEMENT_3D ( 'NONE', #7259, #4976, #582 ) ;
#7085 = ORIENTED_EDGE ( 'NONE', *, *, #6042, .F. ) ;
#7086 = ORIENTED_EDGE ( 'NONE', *, *, #2011, .F. ) ;
#7087 = B_SPLINE_CURVE_WITH_KNOTS ( 'NONE', 2,
 ( #3807, #3879, #589 ),
 .UNSPECIFIED., .F., .F.,
 ( 3, 3 ),
 ( 0.000000000000000000, 0.3769880855403230369 ),
 .UNSPECIFIED. ) ;
#7088 = CARTESIAN_POINT ( 'NONE',  ( 30.31904579061175298, -1.868616763265141367, 0.2999999999999999889 ) ) ;
#7089 = DIRECTION ( 'NONE',  ( -1.000000000000000000, 0.000000000000000000, -3.382917932875483327E-16 ) ) ;
#7090 = CARTESIAN_POINT ( 'NONE',  ( 29.43854127791119524, -1.353952219983597605, 1.499999999999998890 ) ) ;
#7091 = VERTEX_POINT ( 'NONE', #7030 ) ;
#7092 = VECTOR ( 'NONE', #1044, 100.0000000000000142 ) ;
#7093 = CARTESIAN_POINT ( 'NONE',  ( 29.65749168504785871, 6.871303974724026986, -20.20591331586489403 ) ) ;
#7094 = CARTESIAN_POINT ( 'NONE',  ( 50.55915506184663855, 8.997947613708605630, -0.7990495759973154088 ) ) ;
#7095 = CARTESIAN_POINT ( 'NONE',  ( 29.60113989288025849, 8.454918192662232101, 20.57462005477973932 ) ) ;
#7096 = CARTESIAN_POINT ( 'NONE',  ( 40.60677961334562980, 0.007955120465067664487, -0.04836709425181699717 ) ) ;
#7097 = CARTESIAN_POINT ( 'NONE',  ( 40.54863543640857415, 0.4723733461345287488, -1.200000000000002398 ) ) ;
#7098 = VERTEX_POINT ( 'NONE', #1404 ) ;
#7099 = CARTESIAN_POINT ( 'NONE',  ( 28.78118743939269208, -9.333935142334325974, -0.8250000000000037303 ) ) ;
#7100 = CARTESIAN_POINT ( 'NONE',  ( 45.65090532509150023, 2.748098657764530106, -0.2276280649512203991 ) ) ;
#7101 = B_SPLINE_SURFACE_WITH_KNOTS ( 'NONE', 2, 1, ( 
 ( #3997, #6316 ),
 ( #2304, #6237 ),
 ( #5184, #85 ) ),
 .UNSPECIFIED., .F., .F., .F.,
 ( 3, 3 ),
 ( 2, 2 ),
 ( 0.000000000000000000, 0.04407246274747588649 ),
 ( 0.000000000000000000, 1.000000000000000000 ),
 .UNSPECIFIED. ) ;
#7102 = AXIS2_PLACEMENT_3D ( 'NONE', #6360, #5112, #1869 ) ;
#7103 = ORIENTED_EDGE ( 'NONE', *, *, #1069, .T. ) ;
#7104 = CARTESIAN_POINT ( 'NONE',  ( 50.76344319059204224, 9.286457888869110278, -1.216780417668076986 ) ) ;
#7105 = CARTESIAN_POINT ( 'NONE',  ( 29.53544491381692794, 0.04146936133515709277, -12.01742479175530143 ) ) ;
#7106 = DIRECTION ( 'NONE',  ( 2.220446049250313081E-16, -2.357666062893808267E-18, -1.000000000000000000 ) ) ;
#7107 = EDGE_LOOP ( 'NONE', ( #5850, #2939, #3089, #2436, #5173 ) ) ;
#7108 = ORIENTED_EDGE ( 'NONE', *, *, #1429, .F. ) ;
#7109 = FACE_OUTER_BOUND ( 'NONE', #6090, .T. ) ;
#7110 = CARTESIAN_POINT ( 'NONE',  ( 29.60806369678898875, 8.872601303226231195, 21.46602673850569332 ) ) ;
#7111 = ORIENTED_EDGE ( 'NONE', *, *, #4083, .F. ) ;
#7112 = CARTESIAN_POINT ( 'NONE',  ( 30.06475631017730876, 8.960920565582954467, -22.24778209783181993 ) ) ;
#7113 = CARTESIAN_POINT ( 'NONE',  ( 49.16436897471847089, 6.362154469499190057, -1.023842509276099655 ) ) ;
#7114 = ORIENTED_EDGE ( 'NONE', *, *, #4622, .T. ) ;
#7115 = EDGE_CURVE ( 'NONE', #2840, #2693, #6734, .T. ) ;
#7116 = CARTESIAN_POINT ( 'NONE',  ( 30.09899179283047133, 9.269936225971095567, 21.24688247531408081 ) ) ;
#7117 = DIRECTION ( 'NONE',  ( -0.9998626349648349620, 0.01657441405230474646, 0.000000000000000000 ) ) ;
#7118 = CARTESIAN_POINT ( 'NONE',  ( 27.23884348098842878, -2.307406495602015717, -1.000000000000006217 ) ) ;
#7119 = LINE ( 'NONE', #5447, #6302 ) ;
#7120 = EDGE_LOOP ( 'NONE', ( #2287, #2084 ) ) ;
#7121 = EDGE_CURVE ( 'NONE', #543, #210, #2655, .T. ) ;
#7122 = ADVANCED_FACE ( 'NONE', ( #703 ), #4200, .F. ) ;
#7123 = VERTEX_POINT ( 'NONE', #3543 ) ;
#7124 = CYLINDRICAL_SURFACE ( 'NONE', #108, 0.1749999999999973799 ) ;
#7125 = CARTESIAN_POINT ( 'NONE',  ( 40.47805477353602299, -0.4265803055350969597, -0.3000000000000027089 ) ) ;
#7126 = EDGE_CURVE ( 'NONE', #2003, #731, #4165, .T. ) ;
#7127 = CARTESIAN_POINT ( 'NONE',  ( 29.45694249062519887, -0.2438867315317865825, 9.976640682965166818 ) ) ;
#7128 = ORIENTED_EDGE ( 'NONE', *, *, #2326, .T. ) ;
#7129 = CARTESIAN_POINT ( 'NONE',  ( 30.07123726506853600, 6.646878242699420625, -20.00215235425145011 ) ) ;
#7130 = ORIENTED_EDGE ( 'NONE', *, *, #2412, .F. ) ;
#7131 = FACE_BOUND ( 'NONE', #7192, .T. ) ;
#7132 = DIRECTION ( 'NONE',  ( -0.000000000000000000, -0.000000000000000000, -1.000000000000000000 ) ) ;
#7133 = CYLINDRICAL_SURFACE ( 'NONE', #2122, 0.4999999999999985567 ) ;
#7134 = CARTESIAN_POINT ( 'NONE',  ( 29.46522969764891187, 0.2560445859506713107, -11.72997687891023233 ) ) ;
#7135 = ORIENTED_EDGE ( 'NONE', *, *, #5101, .F. ) ;
#7136 = CARTESIAN_POINT ( 'NONE',  ( 48.85757165242850419, 6.335462980469822369, 0.2184189660978969882 ) ) ;
#7137 = CARTESIAN_POINT ( 'NONE',  ( 29.84911194900811182, 9.413924069142460382, -22.32398524856519018 ) ) ;
#7138 = VERTEX_POINT ( 'NONE', #6445 ) ;
#7139 = AXIS2_PLACEMENT_3D ( 'NONE', #439, #2682, #7179 ) ;
#7140 = DIRECTION ( 'NONE',  ( -0.9998626349648348510, 0.01657441405230448625, 0.000000000000000000 ) ) ;
#7141 = DIRECTION ( 'NONE',  ( -0.01657441405230465278, -0.9998626349648348510, -3.469446951953612648E-18 ) ) ;
#7142 = DIRECTION ( 'NONE',  ( 3.382917932875483327E-16, 2.470467893844505313E-16, -1.000000000000000000 ) ) ;
#7143 = ORIENTED_EDGE ( 'NONE', *, *, #2499, .T. ) ;
#7144 = ORIENTED_EDGE ( 'NONE', *, *, #6359, .T. ) ;
#7145 = VECTOR ( 'NONE', #860, 100.0000000000000142 ) ;
#7146 = CARTESIAN_POINT ( 'NONE',  ( 30.07123726506853600, 6.646878242699420625, -20.00215235425145011 ) ) ;
#7147 = CARTESIAN_POINT ( 'NONE',  ( 48.72204735959149247, 5.757841259949413093, -0.2999999999999985456 ) ) ;
#7148 = ORIENTED_EDGE ( 'NONE', *, *, #5718, .F. ) ;
#7149 = B_SPLINE_CURVE_WITH_KNOTS ( 'NONE', 3,
 ( #6793, #6867, #3416, #1791, #4036, #5831, #4076, #3003, #1427, #1281, #2523, #4220, #7010, #1321, #4808, #6354 ),
 .UNSPECIFIED., .F., .F.,
 ( 4, 2, 2, 2, 2, 2, 2, 4 ),
 ( 0.000000000000000000, 0.001525371695783311584, 0.002288057543674967484, 0.003050743391566618397, 0.003813429239458264973, 0.004576115087349912416, 0.005338800935241558993, 0.006101486783133205569 ),
 .UNSPECIFIED. ) ;
#7150 = CARTESIAN_POINT ( 'NONE',  ( 30.09087159460269589, 9.114597063751674000, -22.24705942039479822 ) ) ;
#7151 = CARTESIAN_POINT ( 'NONE',  ( 49.16067685258733633, 6.333673546332420301, -1.134551451763502694 ) ) ;
#7152 = EDGE_LOOP ( 'NONE', ( #1114, #7021, #1148, #3969, #1094, #4735, #2647 ) ) ;
#7153 = CARTESIAN_POINT ( 'NONE',  ( 30.83834896686196103, -1.377156399656861652, -0.8000000000000069278 ) ) ;
#7154 = CARTESIAN_POINT ( 'NONE',  ( 29.02219116712941371, -2.336968499337022998, -2.500000000000004441 ) ) ;
#7155 = CARTESIAN_POINT ( 'NONE',  ( 29.56254280510919230, 6.126523007230184170, -19.48925470086116363 ) ) ;
#7156 = CARTESIAN_POINT ( 'NONE',  ( 29.96922322687508000, 0.6383613666554919241, -11.47791669536861292 ) ) ;
#7157 = ORIENTED_EDGE ( 'NONE', *, *, #4484, .F. ) ;
#7158 = ORIENTED_EDGE ( 'NONE', *, *, #5199, .T. ) ;
#7159 = CARTESIAN_POINT ( 'NONE',  ( 39.74338221018398798, 0.2620762191558760890, -0.3000000000000028755 ) ) ;
#7160 = ORIENTED_EDGE ( 'NONE', *, *, #7069, .T. ) ;
#7161 = B_SPLINE_CURVE_WITH_KNOTS ( 'NONE', 2,
 ( #1811, #4093, #5780 ),
 .UNSPECIFIED., .F., .F.,
 ( 3, 3 ),
 ( 0.9832991604359855309, 1.000000000000000000 ),
 .UNSPECIFIED. ) ;
#7162 = CARTESIAN_POINT ( 'NONE',  ( 45.56267187856236944, 2.676039756827222060, -0.7342884297418571515 ) ) ;
#7163 = B_SPLINE_SURFACE_WITH_KNOTS ( 'NONE', 2, 1, ( 
 ( #2838, #5090 ),
 ( #3949, #3326 ),
 ( #2226, #667 ) ),
 .UNSPECIFIED., .F., .F., .F.,
 ( 3, 3 ),
 ( 2, 2 ),
 ( 0.8291263594274619342, 0.9200451456492193536 ),
 ( 0.000000000000000000, 1.000000000000000000 ),
 .UNSPECIFIED. ) ;
#7164 = CARTESIAN_POINT ( 'NONE',  ( 30.07952447209468261, 7.146809560181840659, 3.252336556894853104E-15 ) ) ;
#7165 = ORIENTED_EDGE ( 'NONE', *, *, #6948, .F. ) ;
#7166 = AXIS2_PLACEMENT_3D ( 'NONE', #7070, #6964, #6415 ) ;
#7167 = ADVANCED_FACE ( 'NONE', ( #4058 ), #2357, .F. ) ;
#7168 = CARTESIAN_POINT ( 'NONE',  ( 29.59898856704409909, 7.005616332770225441, -20.32865943432048539 ) ) ;
#7169 = EDGE_CURVE ( 'NONE', #1888, #4993, #6993, .T. ) ;
#7170 = DIRECTION ( 'NONE',  ( -0.000000000000000000, -0.000000000000000000, -1.000000000000000000 ) ) ;
#7171 = DIRECTION ( 'NONE',  ( 1.665393298452077782E-16, -1.025709229455379180E-18, -1.000000000000000000 ) ) ;
#7172 = VECTOR ( 'NONE', #3774, 100.0000000000000000 ) ;
#7173 = DIRECTION ( 'NONE',  ( -0.9998626349648350731, 0.01657441405230465625, 0.000000000000000000 ) ) ;
#7174 = CARTESIAN_POINT ( 'NONE',  ( 29.41827703314706000, -2.576406365360870865, -1.343970540664685798 ) ) ;
#7175 = CARTESIAN_POINT ( 'NONE',  ( 29.46042919742130550, -0.03354880724023884264, -12.19359216471336893 ) ) ;
#7176 = EDGE_CURVE ( 'NONE', #2809, #5465, #1406, .T. ) ;
#7177 = ORIENTED_EDGE ( 'NONE', *, *, #202, .F. ) ;
#7178 = CARTESIAN_POINT ( 'NONE',  ( 29.84869146017683406, -2.350669139397241203, 0.000000000000000000 ) ) ;
#7179 = DIRECTION ( 'NONE',  ( 0.01657441405230464584, 0.9998626349648348510, 0.000000000000000000 ) ) ;
#7180 = EDGE_CURVE ( 'NONE', #5710, #3551, #5539, .T. ) ;
#7181 = ORIENTED_EDGE ( 'NONE', *, *, #2945, .T. ) ;
#7182 = CARTESIAN_POINT ( 'NONE',  ( 51.16041098557722222, 9.023694097582353635, 0.1842750661623203390 ) ) ;
#7183 = CARTESIAN_POINT ( 'NONE',  ( 40.56883358459370470, 0.04605763050168840134, -1.039031421789696097 ) ) ;
#7184 = DIRECTION ( 'NONE',  ( -0.9998626349648348510, 0.01657441405230573525, -1.665334536937734811E-16 ) ) ;
#7185 = VERTEX_POINT ( 'NONE', #1339 ) ;
#7186 = ORIENTED_EDGE ( 'NONE', *, *, #4712, .F. ) ;
#7187 = DIRECTION ( 'NONE',  ( 0.9998626349648349620, -0.01657441405230464931, 3.341506680459168859E-16 ) ) ;
#7188 = CARTESIAN_POINT ( 'NONE',  ( 29.56266460868040724, 3.426674179764624295, 15.36010302741744660 ) ) ;
#7189 = ORIENTED_EDGE ( 'NONE', *, *, #5442, .T. ) ;
#7190 = CARTESIAN_POINT ( 'NONE',  ( 29.88766913631157962, 8.572129243817407485, -22.25226062127359583 ) ) ;
#7191 = CARTESIAN_POINT ( 'NONE',  ( 29.48829194067578641, -0.01013258513829618825, 11.11490986413786075 ) ) ;
#7192 = EDGE_LOOP ( 'NONE', ( #4241, #3064 ) ) ;
#7193 = DIRECTION ( 'NONE',  ( -0.01657441405230468054, -0.9998626349648349620, 0.000000000000000000 ) ) ;
#7194 = CARTESIAN_POINT ( 'NONE',  ( 29.55638897493903627, 5.755289078257186830, -19.96977553663410276 ) ) ;
#7195 = CARTESIAN_POINT ( 'NONE',  ( 29.83593788553746862, -2.678018876776802060, -1.000000000000007327 ) ) ;
#7196 = CARTESIAN_POINT ( 'NONE',  ( 29.57576321575703915, 0.5636746073990863692, -11.28420229881549020 ) ) ;
#7197 = VECTOR ( 'NONE', #4309, 100.0000000000000142 ) ;
#7198 = EDGE_LOOP ( 'NONE', ( #6230, #5859, #653, #5767, #1398 ) ) ;
#7199 = CARTESIAN_POINT ( 'NONE',  ( 40.57916957966989457, 0.07181223751063596505, -0.2576726353442149731 ) ) ;
#7200 = B_SPLINE_CURVE_WITH_KNOTS ( 'NONE', 3,
 ( #5944, #3677, #4817, #952 ),
 .UNSPECIFIED., .F., .F.,
 ( 4, 4 ),
 ( 1.110358541625920598E-16, 0.001999999999999860830 ),
 .UNSPECIFIED. ) ;
#7201 = CARTESIAN_POINT ( 'NONE',  ( 51.25774973630128528, 9.174562662574578198, -0.09481392733288222796 ) ) ;
#7202 = ORIENTED_EDGE ( 'NONE', *, *, #3125, .F. ) ;
#7203 = CARTESIAN_POINT ( 'NONE',  ( 42.70962778319242403, 1.691450028915983728, -0.3000000000000014877 ) ) ;
#7204 = VECTOR ( 'NONE', #7041, 100.0000000000000000 ) ;
#7205 = CARTESIAN_POINT ( 'NONE',  ( 29.36470365497220314, 6.258535278550102277, -0.5000000000000032196 ) ) ;
#7206 = CARTESIAN_POINT ( 'NONE',  ( 45.84190424054542490, 2.906450311533736119, -0.06899527106055475256 ) ) ;
#7207 = ADVANCED_FACE ( 'NONE', ( #847 ), #3096, .F. ) ;
#7208 = CYLINDRICAL_SURFACE ( 'NONE', #354, 0.5000000000000004441 ) ;
#7209 = EDGE_CURVE ( 'NONE', #2760, #6466, #5306, .T. ) ;
#7210 = VECTOR ( 'NONE', #5586, 100.0000000000000000 ) ;
#7211 = EDGE_CURVE ( 'NONE', #1592, #4436, #140, .T. ) ;
#7212 = CARTESIAN_POINT ( 'NONE',  ( 29.42089776316631955, -2.418309070679578010, -1.509235472585472859 ) ) ;
#7213 = DIRECTION ( 'NONE',  ( -0.9998626349648349620, 0.01657441405230463891, 0.000000000000000000 ) ) ;
#7214 = EDGE_LOOP ( 'NONE', ( #4787, #6649, #5926, #5865 ) ) ;
#7215 = DIRECTION ( 'NONE',  ( 0.01657441405230466666, 0.9998626349648348510, 1.734723475976806902E-18 ) ) ;
#7216 = CARTESIAN_POINT ( 'NONE',  ( 29.81541776541436661, 9.446221043772395021, -22.34773664265557613 ) ) ;
#7217 = EDGE_LOOP ( 'NONE', ( #5500, #2332, #4280, #62 ) ) ;
#7218 = EDGE_CURVE ( 'NONE', #4520, #6979, #4813, .T. ) ;
#7219 = EDGE_CURVE ( 'NONE', #6159, #3019, #4851, .T. ) ;
#7220 = DIRECTION ( 'NONE',  ( -0.01657441405230464238, -0.9998626349648349620, -1.734723475976807480E-18 ) ) ;
#7221 = CARTESIAN_POINT ( 'NONE',  ( 29.49396272367870253, -0.004539536229208441555, -12.09976063231399834 ) ) ;
#7222 = EDGE_CURVE ( 'NONE', #7331, #353, #6193, .T. ) ;
#7223 = CARTESIAN_POINT ( 'NONE',  ( 46.11343848352746022, 3.137502671539881050, -0.7238188272920270672 ) ) ;
#7224 = ORIENTED_EDGE ( 'NONE', *, *, #4203, .F. ) ;
#7225 = VERTEX_POINT ( 'NONE', #3683 ) ;
#7226 = DIRECTION ( 'NONE',  ( 1.000000000000000000, 0.000000000000000000, 1.665393298452073591E-16 ) ) ;
#7227 = CARTESIAN_POINT ( 'NONE',  ( 50.76344319059204224, 9.286457888869106725, 0.2167804176680831474 ) ) ;
#7228 = VERTEX_POINT ( 'NONE', #921 ) ;
#7229 = VECTOR ( 'NONE', #1267, 100.0000000000000000 ) ;
#7230 = CARTESIAN_POINT ( 'NONE',  ( 49.16389657407458458, 6.356120860384682381, 0.03835532536026008826 ) ) ;
#7231 = CARTESIAN_POINT ( 'NONE',  ( 49.17804298027966325, 6.830219318211856461, -0.6999999999999980682 ) ) ;
#7232 = ORIENTED_EDGE ( 'NONE', *, *, #1025, .T. ) ;
#7233 = CARTESIAN_POINT ( 'NONE',  ( 40.52347592407304688, 0.07273545403623046801, -1.199822049480608666 ) ) ;
#7234 = CARTESIAN_POINT ( 'NONE',  ( 29.52982407167994339, 4.152743486817559670, 16.30249819620316742 ) ) ;
#7235 = B_SPLINE_CURVE_WITH_KNOTS ( 'NONE', 3,
 ( #4860, #6476, #4823, #7104 ),
 .UNSPECIFIED., .F., .F.,
 ( 4, 4 ),
 ( 0.002000000000000027797, 0.009172089277001135160 ),
 .UNSPECIFIED. ) ;
#7236 = CARTESIAN_POINT ( 'NONE',  ( 50.82895222994208950, 9.380380608837379341, -0.9310335671551638326 ) ) ;
#7237 = DIRECTION ( 'NONE',  ( -0.9998626349648348510, 0.01657441405230466319, 0.000000000000000000 ) ) ;
#7238 = VERTEX_POINT ( 'NONE', #3837 ) ;
#7239 = CARTESIAN_POINT ( 'NONE',  ( 39.99731563504096954, 0.3636399221112814883, -0.2330098539903322497 ) ) ;
#7240 = ORIENTED_EDGE ( 'NONE', *, *, #6896, .F. ) ;
#7241 = DIRECTION ( 'NONE',  ( -0.01657441405230608220, -0.9998626349648349620, 0.000000000000000000 ) ) ;
#7242 = ORIENTED_EDGE ( 'NONE', *, *, #5435, .F. ) ;
#7243 = CARTESIAN_POINT ( 'NONE',  ( 48.85094188680758975, 5.935517926483887763, 0.2184189660978972380 ) ) ;
#7244 = CARTESIAN_POINT ( 'NONE',  ( 0.1184138846131285033, 7.143396943751471717, 1.239352081296894652E-17 ) ) ;
#7245 = CARTESIAN_POINT ( 'NONE',  ( 29.60113989288024072, 8.454918192660812792, 21.16756122134666995 ) ) ;
#7246 = B_SPLINE_CURVE_WITH_KNOTS ( 'NONE', 3,
 ( #1682, #4515, #1169, #14 ),
 .UNSPECIFIED., .F., .F.,
 ( 4, 4 ),
 ( 0.000000000000000000, 0.004913971239142208257 ),
 .UNSPECIFIED. ) ;
#7247 = B_SPLINE_CURVE_WITH_KNOTS ( 'NONE', 3,
 ( #5554, #7195, #4363, #3257 ),
 .UNSPECIFIED., .F., .F.,
 ( 4, 4 ),
 ( 0.000000000000000000, 0.004913971239142210859 ),
 .UNSPECIFIED. ) ;
#7248 = CARTESIAN_POINT ( 'NONE',  ( 29.51495293980827128, 3.255632490845136839, 15.15077155702974565 ) ) ;
#7249 = CARTESIAN_POINT ( 'NONE',  ( 30.14404579061175582, -1.868616763265141367, -1.000000000000006883 ) ) ;
#7250 = ORIENTED_EDGE ( 'NONE', *, *, #3662, .T. ) ;
#7251 = CYLINDRICAL_SURFACE ( 'NONE', #170, 0.5000000000000001110 ) ;
#7252 = CARTESIAN_POINT ( 'NONE',  ( 40.78935794662711345, 0.7043388805884038817, -0.7754253836860133253 ) ) ;
#7253 = AXIS2_PLACEMENT_3D ( 'NONE', #3574, #4717, #4159 ) ;
#7254 = ORIENTED_EDGE ( 'NONE', *, *, #794, .F. ) ;
#7255 =( BOUNDED_CURVE ( )  B_SPLINE_CURVE ( 3, ( #6579, #6060, #3083, #908 ),
 .UNSPECIFIED., .F., .F. ) 
 B_SPLINE_CURVE_WITH_KNOTS ( ( 4, 4 ),
 ( 3.173047708054253846, 4.565682034106101739 ),
 .UNSPECIFIED. ) 
 CURVE ( )  GEOMETRIC_REPRESENTATION_ITEM ( )  RATIONAL_B_SPLINE_CURVE ( ( 1.000000000000000000, 0.8448063625050058478, 0.8448063625050058478, 1.000000000000000000 ) ) 
 REPRESENTATION_ITEM ( '' )  );
#7256 = VECTOR ( 'NONE', #1766, 100.0000000000000142 ) ;
#7257 = EDGE_CURVE ( 'NONE', #5814, #6518, #6960, .T. ) ;
#7258 = DIRECTION ( 'NONE',  ( -0.000000000000000000, -0.000000000000000000, -1.000000000000000000 ) ) ;
#7259 = CARTESIAN_POINT ( 'NONE',  ( 30.79521847044278715, -3.979032499827063418, -0.8000000000000069278 ) ) ;
#7260 = CARTESIAN_POINT ( 'NONE',  ( 28.46214073980175385, -2.364492652622868007, -1.300000000000007594 ) ) ;
#7261 = ORIENTED_EDGE ( 'NONE', *, *, #4382, .F. ) ;
#7262 = ORIENTED_EDGE ( 'NONE', *, *, #4019, .F. ) ;
#7263 = EDGE_CURVE ( 'NONE', #1930, #5239, #6020, .T. ) ;
#7264 = LINE ( 'NONE', #4463, #4629 ) ;
#7265 = CARTESIAN_POINT ( 'NONE',  ( 30.05465745841107861, -2.468835846547497326, -1.000000000000006883 ) ) ;
#7266 = ORIENTED_EDGE ( 'NONE', *, *, #6410, .F. ) ;
#7267 = AXIS2_PLACEMENT_3D ( 'NONE', #1747, #6234, #6789 ) ;
#7268 = CYLINDRICAL_SURFACE ( 'NONE', #228, 0.4999999999999999445 ) ;
#7269 = CARTESIAN_POINT ( 'NONE',  ( 29.96516101513376640, 0.2477573789244779945, 10.72997687891029628 ) ) ;
#7270 = AXIS2_PLACEMENT_3D ( 'NONE', #1965, #852, #3101 ) ;
#7271 = ORIENTED_EDGE ( 'NONE', *, *, #2104, .F. ) ;
#7272 = VECTOR ( 'NONE', #7171, 100.0000000000000000 ) ;
#7273 = DIRECTION ( 'NONE',  ( 0.01657441405230463891, 0.9998626349648348510, 0.000000000000000000 ) ) ;
#7274 = DIRECTION ( 'NONE',  ( 1.665680818703648634E-16, 7.087759561701498994E-19, -1.000000000000000000 ) ) ;
#7275 = EDGE_CURVE ( 'NONE', #231, #1728, #4789, .T. ) ;
#7276 = CARTESIAN_POINT ( 'NONE',  ( 50.90407507648960461, 9.488970254368652490, -0.8087670901811188084 ) ) ;
#7277 = DIRECTION ( 'NONE',  ( -0.9998626349648348510, 0.01657441405230576301, -3.469446951953546643E-16 ) ) ;
#7278 = VECTOR ( 'NONE', #6879, 100.0000000000000142 ) ;
#7279 = EDGE_CURVE ( 'NONE', #3193, #6376, #2068, .T. ) ;
#7280 = ORIENTED_EDGE ( 'NONE', *, *, #4019, .T. ) ;
#7281 = CARTESIAN_POINT ( 'NONE',  ( 29.66139369020008232, 8.953988076029492760, -22.21519993725626563 ) ) ;
#7282 = CARTESIAN_POINT ( 'NONE',  ( 40.67163519096438762, -0.3413191807352847218, -0.2999999999991282418 ) ) ;
#7283 = VERTEX_POINT ( 'NONE', #3134 ) ;
#7284 = CARTESIAN_POINT ( 'NONE',  ( 29.53809838140536215, 0.2548366642859311582, 10.91976858246143856 ) ) ;
#7285 = DIRECTION ( 'NONE',  ( -1.000000000000000000, 0.000000000000000000, 0.000000000000000000 ) ) ;
#7286 = DIRECTION ( 'NONE',  ( 0.01657441405230464238, 0.9998626349648350731, 0.000000000000000000 ) ) ;
#7287 = CARTESIAN_POINT ( 'NONE',  ( 29.60294073826183947, 3.885297862744638397, -16.96715259692108191 ) ) ;
#7288 = CIRCLE ( 'NONE', #1021, 0.2000000000000027589 ) ;
#7289 = CARTESIAN_POINT ( 'NONE',  ( 29.42163174770238854, -2.374030961666085737, -1.601383643441369298 ) ) ;
#7290 = FACE_OUTER_BOUND ( 'NONE', #2186, .T. ) ;
#7291 = LINE ( 'NONE', #5039, #1142 ) ;
#7292 = CARTESIAN_POINT ( 'NONE',  ( 29.57959315461226524, 7.155096767207995256, 3.169069830047966363E-15 ) ) ;
#7293 = CARTESIAN_POINT ( 'NONE',  ( 29.97335989938515866, 9.335693541047753286, -22.26674370807229053 ) ) ;
#7294 = AXIS2_PLACEMENT_3D ( 'NONE', #6157, #2159, #4399 ) ;
#7295 = ORIENTED_EDGE ( 'NONE', *, *, #6180, .F. ) ;
#7296 = DIRECTION ( 'NONE',  ( 0.9998626349648348510, -0.01657441405230573525, 1.665334536937734811E-16 ) ) ;
#7297 = CARTESIAN_POINT ( 'NONE',  ( 29.20948204592047048, 8.961479275765615427, 20.97078005239324128 ) ) ;
#7298 = EDGE_LOOP ( 'NONE', ( #723, #6480, #3758, #1609, #460 ) ) ;
#7299 = ORIENTED_EDGE ( 'NONE', *, *, #5103, .F. ) ;
#7300 = CARTESIAN_POINT ( 'NONE',  ( 29.46828849945848461, 0.4405688548064812804, 9.976640682965170370 ) ) ;
#7301 = CARTESIAN_POINT ( 'NONE',  ( 30.34492526675211366, -2.361985432197740042, -1.000000000000006883 ) ) ;
#7302 = DIRECTION ( 'NONE',  ( 2.220446049250313081E-16, 9.860761315262647568E-32, 1.000000000000000000 ) ) ;
#7303 = EDGE_CURVE ( 'NONE', #6065, #1473, #5656, .T. ) ;
#7304 = EDGE_CURVE ( 'NONE', #6247, #1793, #961, .T. ) ;
#7305 = CARTESIAN_POINT ( 'NONE',  ( 29.02219116712941371, -2.336968499337038985, -2.500000000000004441 ) ) ;
#7306 = EDGE_CURVE ( 'NONE', #4658, #2431, #6285, .T. ) ;
#7307 = ORIENTED_EDGE ( 'NONE', *, *, #5389, .T. ) ;
#7308 = CARTESIAN_POINT ( 'NONE',  ( 29.87850702000259773, 8.894717628808702869, -21.92745365486821285 ) ) ;
#7309 = LINE ( 'NONE', #4505, #5383 ) ;
#7310 = DIRECTION ( 'NONE',  ( 0.01657441405230579770, 0.9998626349648348510, 3.469446951953803700E-18 ) ) ;
#7311 = ORIENTED_EDGE ( 'NONE', *, *, #2724, .T. ) ;
#7312 = CARTESIAN_POINT ( 'NONE',  ( 29.63760941615436550, 8.954382340593220135, -22.18802432712517358 ) ) ;
#7313 = ADVANCED_FACE ( 'NONE', ( #4902 ), #4424, .F. ) ;
#7314 = CARTESIAN_POINT ( 'NONE',  ( 29.52980122993775325, 4.147221655287303577, -17.29565549853147743 ) ) ;
#7315 = ORIENTED_EDGE ( 'NONE', *, *, #6895, .T. ) ;
#7316 = ADVANCED_FACE ( 'NONE', ( #2791 ), #6287, .F. ) ;
#7317 = CARTESIAN_POINT ( 'NONE',  ( 29.59943729444428229, 0.2538198680681320041, 11.21921294995444640 ) ) ;
#7318 = DIRECTION ( 'NONE',  ( 0.000000000000000000, 0.000000000000000000, 1.000000000000000000 ) ) ;
#7319 = DIRECTION ( 'NONE',  ( -0.9998626349648349620, 0.01657441405230465972, 0.000000000000000000 ) ) ;
#7320 = AXIS2_PLACEMENT_3D ( 'NONE', #1498, #3744, #5560 ) ;
#7321 = DIRECTION ( 'NONE',  ( 0.01657441405230464584, 0.9998626349648350731, 1.734723475976807094E-18 ) ) ;
#7322 = AXIS2_PLACEMENT_3D ( 'NONE', #2442, #821, #5825 ) ;
#7323 = CARTESIAN_POINT ( 'NONE',  ( 29.67652936305529465, 3.539971359822111197, -16.51591505580137209 ) ) ;
#7324 = CARTESIAN_POINT ( 'NONE',  ( 29.21567331897402298, 9.334971971771397037, 21.25672608094553340 ) ) ;
#7325 = DIRECTION ( 'NONE',  ( -0.01657441405230464584, -0.9998626349648348510, -0.000000000000000000 ) ) ;
#7326 = CARTESIAN_POINT ( 'NONE',  ( 40.94944809683440923, 0.06567424490688336669, -1.160757719513710207 ) ) ;
#7327 = LINE ( 'NONE', #6242, #1117 ) ;
#7328 = ORIENTED_EDGE ( 'NONE', *, *, #2109, .T. ) ;
#7329 = FACE_OUTER_BOUND ( 'NONE', #2871, .T. ) ;
#7330 = CARTESIAN_POINT ( 'NONE',  ( 28.28180310966286726, -2.324695315206816826, -1.300000000000007372 ) ) ;
#7331 = VERTEX_POINT ( 'NONE', #1145 ) ;
#7332 = ORIENTED_EDGE ( 'NONE', *, *, #5347, .T. ) ;
#7333 = CIRCLE ( 'NONE', #946, 0.5000000000000001110 ) ;
#7334 = DIRECTION ( 'NONE',  ( -0.9998626349648349620, 0.01657441405230580117, -1.665334536937735304E-16 ) ) ;
#7335 = FACE_BOUND ( 'NONE', #2560, .T. ) ;
#7336 = CARTESIAN_POINT ( 'NONE',  ( 30.07123726506852179, 6.646878242699422401, 19.28977609426086559 ) ) ;
#7337 = CARTESIAN_POINT ( 'NONE',  ( 39.74045872950771496, 0.08571528820440735275, -1.200000000000002842 ) ) ;
#7338 = LINE ( 'NONE', #2801, #838 ) ;
#7339 = B_SPLINE_CURVE_WITH_KNOTS ( 'NONE', 2,
 ( #3594, #2518, #7155 ),
 .UNSPECIFIED., .F., .F.,
 ( 3, 3 ),
 ( 0.6896374195886111336, 0.8135633663519697967 ),
 .UNSPECIFIED. ) ;
#7340 = ORIENTED_EDGE ( 'NONE', *, *, #1019, .T. ) ;
#7341 = CARTESIAN_POINT ( 'NONE',  ( 29.21823170537923886, 9.489308346156489549, 21.37332977853472116 ) ) ;
#7342 = DIRECTION ( 'NONE',  ( 0.01657441405230463891, 0.9998626349648348510, 0.000000000000000000 ) ) ;
#7343 =( BOUNDED_CURVE ( )  B_SPLINE_CURVE ( 3, ( #5774, #664, #3431, #623 ),
 .UNSPECIFIED., .F., .F. ) 
 B_SPLINE_CURVE_WITH_KNOTS ( ( 4, 4 ),
 ( 1.717503273073510472, 3.110137599125331942 ),
 .UNSPECIFIED. ) 
 CURVE ( )  GEOMETRIC_REPRESENTATION_ITEM ( )  RATIONAL_B_SPLINE_CURVE ( ( 1.000000000000000000, 0.8448063625050115100, 0.8448063625050115100, 1.000000000000000000 ) ) 
 REPRESENTATION_ITEM ( '' )  );
ENDSEC;
END-ISO-10303-21;
