ISO-10303-21;
HEADER;
FILE_DESCRIPTION (( 'STEP AP214' ),
    '1' );
FILE_NAME ('Part12-Split1.STEP',
    '2026-08-11T01:50:31',
    ( '' ),
    ( '' ),
    'SwSTEP 2.0',
    'SolidWorks 2026',
    '' );
FILE_SCHEMA (( 'AUTOMOTIVE_DESIGN' ));
ENDSEC;

DATA;
#1 = CARTESIAN_POINT ( 'NONE',  ( 29.52986991245534654, 4.155508862313488372, -17.45197147569836815 ) ) ;
#2 = LINE ( 'NONE', #1846, #1486 ) ;
#3 = CARTESIAN_POINT ( 'NONE',  ( 29.42213622111535187, -2.343598264957939659, -1.777438445626159602 ) ) ;
#4 = CARTESIAN_POINT ( 'NONE',  ( 45.78363905644533105, 3.398126266189259947, -0.8962148445687625475 ) ) ;
#5 = DIRECTION ( 'NONE',  ( -0.9998626349648348510, 0.01657441405230464584, 0.000000000000000000 ) ) ;
#6 = ORIENTED_EDGE ( 'NONE', *, *, #2424, .F. ) ;
#7 = CARTESIAN_POINT ( 'NONE',  ( 29.60809080677011096, 8.874236731219561136, -22.46714333090184113 ) ) ;
#8 = CARTESIAN_POINT ( 'NONE',  ( 31.23829402084789564, -1.383786165277783198, -1.300000000000007150 ) ) ;
#9 = ORIENTED_EDGE ( 'NONE', *, *, #2003, .F. ) ;
#10 = CARTESIAN_POINT ( 'NONE',  ( 29.42105666275003273, 9.658068237430541103, -0.5000000000000032196 ) ) ;
#11 = AXIS2_PLACEMENT_3D ( 'NONE', #521, #3359, #1505 ) ;
#12 = ORIENTED_EDGE ( 'NONE', *, *, #2142, .T. ) ;
#13 = VERTEX_POINT ( 'NONE', #3098 ) ;
#14 = ORIENTED_EDGE ( 'NONE', *, *, #2960, .T. ) ;
#15 = DIRECTION ( 'NONE',  ( -0.9998626349648348510, 0.01657441405230464584, -3.341506680459168366E-16 ) ) ;
#16 = CARTESIAN_POINT ( 'NONE',  ( 30.14404579061175582, -1.868616763265141367, -1.300000000000007150 ) ) ;
#17 = CARTESIAN_POINT ( 'NONE',  ( 40.27037592089061491, 0.4769859681717054101, -1.200000000000002398 ) ) ;
#18 = VECTOR ( 'NONE', #1559, 100.0000000000000000 ) ;
#19 = EDGE_LOOP ( 'NONE', ( #2522, #466, #2926, #2563 ) ) ;
#20 = EDGE_CURVE ( 'NONE', #1556, #100, #764, .T. ) ;
#21 = CARTESIAN_POINT ( 'NONE',  ( 49.16229223841854434, 6.343156000506788850, -1.086664217886582851 ) ) ;
#22 = CARTESIAN_POINT ( 'NONE',  ( 29.51528459274236837, 3.275639676349911156, -16.15077155702978118 ) ) ;
#23 = CARTESIAN_POINT ( 'NONE',  ( 28.70315526907019787, -2.463616544315130330, -1.300000000000007594 ) ) ;
#24 = LINE ( 'NONE', #3486, #890 ) ;
#25 = CARTESIAN_POINT ( 'NONE',  ( 48.62715771743973647, 6.573989821970297243, -0.7762044153200807761 ) ) ;
#26 = ORIENTED_EDGE ( 'NONE', *, *, #4012, .F. ) ;
#27 = AXIS2_PLACEMENT_3D ( 'NONE', #2270, #2543, #366 ) ;
#28 = CARTESIAN_POINT ( 'NONE',  ( 29.71046178740992261, 8.688799532721322549, -22.25604427502935678 ) ) ;
#29 = VERTEX_POINT ( 'NONE', #2650 ) ;
#30 = DIRECTION ( 'NONE',  ( 0.01657441405230466666, 0.9998626349648349620, 1.734723475976807094E-18 ) ) ;
#31 = VERTEX_POINT ( 'NONE', #4010 ) ;
#32 = EDGE_CURVE ( 'NONE', #653, #463, #1473, .T. ) ;
#33 = ORIENTED_EDGE ( 'NONE', *, *, #403, .T. ) ;
#34 = CARTESIAN_POINT ( 'NONE',  ( 29.60465298705988602, 8.666847953411631167, -22.32018343399845506 ) ) ;
#35 = CARTESIAN_POINT ( 'NONE',  ( 29.22216369412238279, -2.340283382147479774, -0.5000000000000032196 ) ) ;
#36 = FACE_OUTER_BOUND ( 'NONE', #807, .T. ) ;
#37 = ORIENTED_EDGE ( 'NONE', *, *, #2203, .T. ) ;
#38 = AXIS2_PLACEMENT_3D ( 'NONE', #1475, #2985, #182 ) ;
#39 = CARTESIAN_POINT ( 'NONE',  ( 30.09363564360724297, 8.946822934682913342, -22.24688247531408791 ) ) ;
#40 = CARTESIAN_POINT ( 'NONE',  ( 30.11054265503054950, 9.646638841111791152, -22.50000000000001066 ) ) ;
#41 = CARTESIAN_POINT ( 'NONE',  ( 28.20650355318429092, -2.323447097718346566, -1.300000000000007372 ) ) ;
#42 = DIRECTION ( 'NONE',  ( 0.01657441405230464584, 0.9998626349648348510, 0.000000000000000000 ) ) ;
#43 = AXIS2_PLACEMENT_3D ( 'NONE', #1033, #1424, #3849 ) ;
#44 = CARTESIAN_POINT ( 'NONE',  ( 50.77576818653075463, 9.304077780756347948, -0.4999999999999961142 ) ) ;
#45 = ORIENTED_EDGE ( 'NONE', *, *, #1521, .T. ) ;
#46 = EDGE_CURVE ( 'NONE', #2269, #1707, #3744, .T. ) ;
#47 = CARTESIAN_POINT ( 'NONE',  ( 50.85618875928605576, 9.419645069560978357, -0.8769716854438440734 ) ) ;
#48 = ORIENTED_EDGE ( 'NONE', *, *, #3718, .F. ) ;
#49 = VECTOR ( 'NONE', #3643, 100.0000000000000142 ) ;
#50 = EDGE_CURVE ( 'NONE', #4029, #3295, #1723, .T. ) ;
#51 = CARTESIAN_POINT ( 'NONE',  ( 31.03832149385491945, -2.370389269000775290, 0.2999999999999999889 ) ) ;
#52 = ORIENTED_EDGE ( 'NONE', *, *, #2180, .T. ) ;
#53 = B_SPLINE_CURVE_WITH_KNOTS ( 'NONE', 3,
 ( #1580, #2505, #2193, #3106 ),
 .UNSPECIFIED., .F., .F.,
 ( 4, 4 ),
 ( 0.000000000000000000, 1.000000000000000000 ),
 .UNSPECIFIED. ) ;
#54 = EDGE_CURVE ( 'NONE', #199, #1264, #2593, .T. ) ;
#55 = ORIENTED_EDGE ( 'NONE', *, *, #2003, .T. ) ;
#56 = CARTESIAN_POINT ( 'NONE',  ( 30.04889110995591039, 8.947564650996115532, -22.46324408037989429 ) ) ;
#57 = LINE ( 'NONE', #2880, #342 ) ;
#58 = VERTEX_POINT ( 'NONE', #908 ) ;
#59 = EDGE_CURVE ( 'NONE', #471, #3500, #921, .T. ) ;
#60 = DIRECTION ( 'NONE',  ( -0.9998626349648348510, 0.01657441405230466319, 0.000000000000000000 ) ) ;
#61 = CARTESIAN_POINT ( 'NONE',  ( 30.09718630410131368, 9.161018908444781061, -22.24688247531408791 ) ) ;
#62 = DIRECTION ( 'NONE',  ( -0.03402189877562407372, -0.9994210876320858139, 3.526173297340641285E-17 ) ) ;
#63 = PLANE ( 'NONE',  #2091 ) ;
#64 = ORIENTED_EDGE ( 'NONE', *, *, #54, .F. ) ;
#65 = CARTESIAN_POINT ( 'NONE',  ( 30.02151402291161730, 3.647290337804918181, -16.66641791636914149 ) ) ;
#66 = DIRECTION ( 'NONE',  ( 1.665680818703648634E-16, 7.087759561701499957E-19, -1.000000000000000000 ) ) ;
#67 = CARTESIAN_POINT ( 'NONE',  ( 29.42213622111535898, -2.343598264957940547, -1.751654288903886636 ) ) ;
#68 = EDGE_CURVE ( 'NONE', #1661, #1262, #176, .T. ) ;
#69 = VERTEX_POINT ( 'NONE', #1528 ) ;
#70 = CARTESIAN_POINT ( 'NONE',  ( 0.1267010916392812270, 7.643328261233889087, -1.200000000000014388 ) ) ;
#71 = ORIENTED_EDGE ( 'NONE', *, *, #93, .T. ) ;
#72 = CARTESIAN_POINT ( 'NONE',  ( 29.47185946327227768, 0.6559896399365641173, -11.50000000229208119 ) ) ;
#73 = ORIENTED_EDGE ( 'NONE', *, *, #273, .F. ) ;
#74 = CARTESIAN_POINT ( 'NONE',  ( 29.60564988839112388, 8.726986694125860922, -22.36303432510280231 ) ) ;
#75 = ORIENTED_EDGE ( 'NONE', *, *, #1167, .F. ) ;
#76 = CARTESIAN_POINT ( 'NONE',  ( 31.03832149385491945, -2.370389269000775290, -0.5000000000000026645 ) ) ;
#77 = ORIENTED_EDGE ( 'NONE', *, *, #2572, .F. ) ;
#78 = CARTESIAN_POINT ( 'NONE',  ( 29.45973082269538068, -0.07567873080999616697, -12.10297482240557088 ) ) ;
#79 = DIRECTION ( 'NONE',  ( -0.01657441405229734960, -0.9998626349648350731, -2.628947785575034395E-16 ) ) ;
#80 = CARTESIAN_POINT ( 'NONE',  ( 30.99519099743574913, -3.982347382637524191, -1.300000000000007816 ) ) ;
#81 = CARTESIAN_POINT ( 'NONE',  ( 29.62266783263721237, 8.744950789538986413, -22.36729901148886057 ) ) ;
#82 = ORIENTED_EDGE ( 'NONE', *, *, #3887, .F. ) ;
#83 = LINE ( 'NONE', #3546, #319 ) ;
#84 = SURFACE_SIDE_STYLE ('',( #2639 ) ) ;
#85 = DIRECTION ( 'NONE',  ( 0.01657441405230465278, 0.9998626349648350731, 3.469446951953613418E-18 ) ) ;
#86 = AXIS2_PLACEMENT_3D ( 'NONE', #2261, #3195, #706 ) ;
#87 = ORIENTED_EDGE ( 'NONE', *, *, #1923, .F. ) ;
#88 = EDGE_CURVE ( 'NONE', #2626, #3621, #379, .T. ) ;
#89 = LINE ( 'NONE', #3336, #217 ) ;
#90 = VERTEX_POINT ( 'NONE', #3634 ) ;
#91 = DIRECTION ( 'NONE',  ( -0.9998626349648350731, 0.01657441405230465625, 0.000000000000000000 ) ) ;
#92 = B_SPLINE_SURFACE_WITH_KNOTS ( 'NONE', 2, 1, ( 
 ( #998, #3757 ),
 ( #3800, #320 ),
 ( #1921, #3529 ) ),
 .UNSPECIFIED., .F., .F., .F.,
 ( 3, 3 ),
 ( 2, 2 ),
 ( 0.8291263594275044557, 0.9200451456492194646 ),
 ( 0.000000000000000000, 1.000000000000000000 ),
 .UNSPECIFIED. ) ;
#93 = EDGE_CURVE ( 'NONE', #3496, #2829, #2891, .T. ) ;
#94 = AXIS2_PLACEMENT_3D ( 'NONE', #3738, #1223, #2483 ) ;
#95 = ORIENTED_EDGE ( 'NONE', *, *, #2009, .F. ) ;
#96 = CARTESIAN_POINT ( 'NONE',  ( 29.60209206572264051, 8.512358657485890490, -22.20919710963232063 ) ) ;
#97 = ORIENTED_EDGE ( 'NONE', *, *, #1882, .F. ) ;
#98 = CARTESIAN_POINT ( 'NONE',  ( 41.11998170848616496, 0.06284736190264901545, -1.121703085313994430 ) ) ;
#99 = EDGE_CURVE ( 'NONE', #3005, #2904, #2485, .T. ) ;
#100 = VERTEX_POINT ( 'NONE', #2229 ) ;
#101 = AXIS2_PLACEMENT_3D ( 'NONE', #123, #3558, #3862 ) ;
#102 = CARTESIAN_POINT ( 'NONE',  ( 29.40945457291341825, 8.958164392955156430, -0.5000000000000032196 ) ) ;
#103 = EDGE_CURVE ( 'NONE', #2648, #2288, #1552, .T. ) ;
#104 = CARTESIAN_POINT ( 'NONE',  ( 49.16974252263769074, 6.289626795190893738, -0.6357264243438059959 ) ) ;
#105 = CARTESIAN_POINT ( 'NONE',  ( 50.77576818653075463, 9.304077780756347948, -0.4999999999999961142 ) ) ;
#106 = CARTESIAN_POINT ( 'NONE',  ( 29.62712246948474615, 8.748158005444766516, -22.36681248637109576 ) ) ;
#107 = ORIENTED_EDGE ( 'NONE', *, *, #3127, .T. ) ;
#108 = VECTOR ( 'NONE', #2787, 100.0000000000000142 ) ;
#109 = CARTESIAN_POINT ( 'NONE',  ( 29.05294700898703297, -0.4816017284050085334, 3.089195566019497995E-15 ) ) ;
#110 = PLANE ( 'NONE',  #2293 ) ;
#111 = CARTESIAN_POINT ( 'NONE',  ( 29.99848976963260228, 0.2472048984560679119, -11.47552833453502963 ) ) ;
#112 = ORIENTED_EDGE ( 'NONE', *, *, #3729, .T. ) ;
#113 = DIRECTION ( 'NONE',  ( 0.9998626349648348510, -0.01657441405230463891, 0.000000000000000000 ) ) ;
#114 = CARTESIAN_POINT ( 'NONE',  ( 31.22188896405206293, -2.373432210252088836, 0.2999999999999989897 ) ) ;
#115 = AXIS2_PLACEMENT_3D ( 'NONE', #3574, #3556, #3515 ) ;
#116 = CARTESIAN_POINT ( 'NONE',  ( 29.73142932188664389, 0.6164318986187825589, -11.41673321021487197 ) ) ;
#117 = CARTESIAN_POINT ( 'NONE',  ( 29.71424842363854779, 8.953111919439376010, -22.37636166607856225 ) ) ;
#118 = ORIENTED_EDGE ( 'NONE', *, *, #2521, .F. ) ;
#119 = CARTESIAN_POINT ( 'NONE',  ( 27.86161175479890773, -1.824979717385858624, -1.300000000000006262 ) ) ;
#120 = ADVANCED_FACE ( 'NONE', ( #1919 ), #2518, .F. ) ;
#121 = ORIENTED_EDGE ( 'NONE', *, *, #3012, .F. ) ;
#122 = AXIS2_PLACEMENT_3D ( 'NONE', #2061, #2661, #3254 ) ;
#123 = CARTESIAN_POINT ( 'NONE',  ( 27.23884348098842878, -1.317488509068562408, -1.300000000000006262 ) ) ;
#124 = CARTESIAN_POINT ( 'NONE',  ( 29.84232089101801577, -2.514344249847622947, -1.000000000000006883 ) ) ;
#125 = ADVANCED_FACE ( 'NONE', ( #3833 ), #3507, .T. ) ;
#126 = CARTESIAN_POINT ( 'NONE',  ( 41.02335013817020837, -0.1798467623395477166, -0.7000000000000011768 ) ) ;
#127 = DIRECTION ( 'NONE',  ( 2.220446049250313081E-16, 9.860761315262647568E-32, 1.000000000000000000 ) ) ;
#128 = ORIENTED_EDGE ( 'NONE', *, *, #1996, .F. ) ;
#129 = CARTESIAN_POINT ( 'NONE',  ( 41.03893530837986248, -0.1725196525909055978, -0.7000000000000025091 ) ) ;
#130 = FILL_AREA_STYLE_COLOUR ( '', #1644 ) ;
#131 = CARTESIAN_POINT ( 'NONE',  ( 27.23884348098842878, -1.317488509068562408, -1.000000000000006217 ) ) ;
#132 = ORIENTED_EDGE ( 'NONE', *, *, #2121, .T. ) ;
#133 = DIRECTION ( 'NONE',  ( 0.01657441405230464931, 0.9998626349648349620, 3.469446951953613418E-18 ) ) ;
#134 = ORIENTED_EDGE ( 'NONE', *, *, #1281, .T. ) ;
#135 = CARTESIAN_POINT ( 'NONE',  ( 50.73176923724148679, 8.379831103244523405, -0.4999999999999964473 ) ) ;
#136 = CARTESIAN_POINT ( 'NONE',  ( 29.54651124544661300, 3.306956824471441792, -16.97092410724988909 ) ) ;
#137 = ORIENTED_EDGE ( 'NONE', *, *, #3164, .T. ) ;
#138 = CARTESIAN_POINT ( 'NONE',  ( 29.42015928173211847, -2.462858458087963331, -1.447031369832410652 ) ) ;
#139 = EDGE_LOOP ( 'NONE', ( #1508, #552, #1844, #808 ) ) ;
#140 = CARTESIAN_POINT ( 'NONE',  ( 29.45694249062515979, -0.2438867315342095332, -11.72997687891027319 ) ) ;
#141 = CARTESIAN_POINT ( 'NONE',  ( 45.76425296840394452, 2.986272863516385545, -1.200000000000000178 ) ) ;
#142 = CARTESIAN_POINT ( 'NONE',  ( 40.55045158031593644, 0.4732239127485872721, -1.170338983050845050 ) ) ;
#143 = CARTESIAN_POINT ( 'NONE',  ( 29.08956838170394477, -10.33918446186616080, -0.5000000000000032196 ) ) ;
#144 = VECTOR ( 'NONE', #2450, 100.0000000000000142 ) ;
#145 = EDGE_LOOP ( 'NONE', ( #716, #2570, #2525, #3674, #75, #1347 ) ) ;
#146 = ADVANCED_FACE ( 'NONE', ( #3161 ), #3279, .F. ) ;
#147 = CARTESIAN_POINT ( 'NONE',  ( 29.40945457291341825, 8.958164392955156430, -0.5000000000000032196 ) ) ;
#148 = CARTESIAN_POINT ( 'NONE',  ( 51.11043873219347233, 9.782862538669716557, -0.4999999999999940048 ) ) ;
#149 = FACE_OUTER_BOUND ( 'NONE', #1791, .T. ) ;
#150 = CIRCLE ( 'NONE', #1620, 16.16641791636911663 ) ;
#151 = ORIENTED_EDGE ( 'NONE', *, *, #1956, .F. ) ;
#152 = CARTESIAN_POINT ( 'NONE',  ( 29.60113989288026204, 8.454918192662232101, -21.57462005477975353 ) ) ;
#153 = FACE_OUTER_BOUND ( 'NONE', #1388, .T. ) ;
#154 = VERTEX_POINT ( 'NONE', #3565 ) ;
#155 = AXIS2_PLACEMENT_3D ( 'NONE', #310, #2182, #1588 ) ;
#156 = CARTESIAN_POINT ( 'NONE',  ( 29.60943527855429025, 0.5791509272986921086, -11.32282788815650676 ) ) ;
#157 = CARTESIAN_POINT ( 'NONE',  ( 29.57105695854185967, 3.271170551158909312, -16.96967930297624605 ) ) ;
#158 = VERTEX_POINT ( 'NONE', #3869 ) ;
#159 = CARTESIAN_POINT ( 'NONE',  ( 40.67163519096747848, -0.3413191807342461637, -0.7000000000007735590 ) ) ;
#160 = EDGE_CURVE ( 'NONE', #1199, #2269, #2286, .T. ) ;
#161 = ORIENTED_EDGE ( 'NONE', *, *, #377, .T. ) ;
#162 = CARTESIAN_POINT ( 'NONE',  ( 29.64435691442315246, 6.374152976565109263, -20.52147583055447910 ) ) ;
#163 = CARTESIAN_POINT ( 'NONE',  ( 29.83593788553746862, -2.678018876776802060, -1.000000000000007327 ) ) ;
#164 = CARTESIAN_POINT ( 'NONE',  ( 40.95782391070447659, -0.1990062033184842871, -0.7062545234055203069 ) ) ;
#165 = FACE_OUTER_BOUND ( 'NONE', #145, .T. ) ;
#166 = ORIENTED_EDGE ( 'NONE', *, *, #973, .T. ) ;
#167 = CARTESIAN_POINT ( 'NONE',  ( 44.95531489403359160, 2.499613688148935697, -0.7000000000000005107 ) ) ;
#168 = CARTESIAN_POINT ( 'NONE',  ( 46.26952356825763246, 3.273591535754737158, -0.6999999999999999556 ) ) ;
#169 = ADVANCED_FACE ( 'NONE', ( #2928 ), #1052, .T. ) ;
#170 = CARTESIAN_POINT ( 'NONE',  ( 29.65887177949232267, 8.682013350226970516, -21.75727261099717325 ) ) ;
#171 = VECTOR ( 'NONE', #2056, 100.0000000000000142 ) ;
#172 = CARTESIAN_POINT ( 'NONE',  ( 45.85400271893194457, 3.884908755138780645, -0.6999999999999999556 ) ) ;
#173 = VECTOR ( 'NONE', #1214, 100.0000000000000142 ) ;
#174 = EDGE_CURVE ( 'NONE', #1390, #3005, #442, .T. ) ;
#175 = ORIENTED_EDGE ( 'NONE', *, *, #2856, .T. ) ;
#176 = LINE ( 'NONE', #3284, #708 ) ;
#177 = FACE_OUTER_BOUND ( 'NONE', #254, .T. ) ;
#178 = DIRECTION ( 'NONE',  ( 0.01657441405230467013, 0.9998626349648350731, 1.734723475976807094E-18 ) ) ;
#179 = ORIENTED_EDGE ( 'NONE', *, *, #2476, .T. ) ;
#180 = AXIS2_PLACEMENT_3D ( 'NONE', #2073, #2733, #2698 ) ;
#181 = CARTESIAN_POINT ( 'NONE',  ( 50.73176923724148679, 8.379831103244516299, -0.6999999999999971800 ) ) ;
#182 = DIRECTION ( 'NONE',  ( -1.000000000000000000, 0.000000000000000000, -1.665680818703646662E-16 ) ) ;
#183 = CARTESIAN_POINT ( 'NONE',  ( 29.68532074196602011, -1.719726069820756820, -15.45986411484235923 ) ) ;
#184 = DIRECTION ( 'NONE',  ( -0.01657441405230579770, -0.9998626349648348510, 0.000000000000000000 ) ) ;
#185 = ORIENTED_EDGE ( 'NONE', *, *, #1630, .F. ) ;
#186 = EDGE_CURVE ( 'NONE', #3803, #1707, #713, .T. ) ;
#187 = AXIS2_PLACEMENT_3D ( 'NONE', #1400, #2905, #3274 ) ;
#188 = CARTESIAN_POINT ( 'NONE',  ( 48.72204735959149247, 5.757841259949413093, -0.4999999999999970579 ) ) ;
#189 = CARTESIAN_POINT ( 'NONE',  ( 29.43109815211983360, -9.344708511468324375, -0.5000000000000029976 ) ) ;
#190 = PLANE ( 'NONE',  #1373 ) ;
#191 = DIRECTION ( 'NONE',  ( 0.01657441405230464931, 0.9998626349648349620, 3.469446951953613418E-18 ) ) ;
#192 = CARTESIAN_POINT ( 'NONE',  ( 29.83279978400609878, 8.868924120042724013, -21.90672301455856186 ) ) ;
#193 = CIRCLE ( 'NONE', #2517, 0.1750000000000029310 ) ;
#194 = CARTESIAN_POINT ( 'NONE',  ( 29.61788138588788399, 9.464859977573327754, -22.87407340029112390 ) ) ;
#195 = VERTEX_POINT ( 'NONE', #1401 ) ;
#196 = CARTESIAN_POINT ( 'NONE',  ( 51.64301749531590247, 9.789770348802626643, -0.6999999999999964029 ) ) ;
#197 = MANIFOLD_SOLID_BREP ( 'Stock-Part12-1', #1830 ) ;
#198 = B_SPLINE_CURVE_WITH_KNOTS ( 'NONE', 3,
 ( #3485, #643, #4046, #3771 ),
 .UNSPECIFIED., .F., .F.,
 ( 4, 4 ),
 ( -0.005227664890917567940, 0.002000060167822535935 ),
 .UNSPECIFIED. ) ;
#199 = VERTEX_POINT ( 'NONE', #402 ) ;
#200 = DIRECTION ( 'NONE',  ( -1.000000000000000000, -4.996003610813200014E-14, -3.469446951953611231E-16 ) ) ;
#201 = LINE ( 'NONE', #3947, #2362 ) ;
#202 = CARTESIAN_POINT ( 'NONE',  ( 29.87380251517779328, 9.650563209283486543, -23.00000000000001066 ) ) ;
#203 = CARTESIAN_POINT ( 'NONE',  ( 29.03859622392525708, -1.347322454362699373, -2.500000000000004441 ) ) ;
#204 = ORIENTED_EDGE ( 'NONE', *, *, #3102, .T. ) ;
#205 = DIRECTION ( 'NONE',  ( -1.000000000000000000, 1.387778780781444492E-15, -3.469446951953611231E-16 ) ) ;
#206 = DIRECTION ( 'NONE',  ( 0.01657441405230464584, 0.9998626349648348510, -4.132304650535064400E-17 ) ) ;
#207 = CARTESIAN_POINT ( 'NONE',  ( 30.10935841738883667, 8.946562303118541948, -22.74663514059542635 ) ) ;
#208 = AXIS2_PLACEMENT_3D ( 'NONE', #879, #2139, #482 ) ;
#209 = CARTESIAN_POINT ( 'NONE',  ( 27.86161175479890773, -1.824979717385858624, -1.000000000000006217 ) ) ;
#210 = CARTESIAN_POINT ( 'NONE',  ( 30.09899179283047488, 9.269936225970765165, -22.24688247531408791 ) ) ;
#211 = CARTESIAN_POINT ( 'NONE',  ( 29.02153475116137216, -2.376567232503013383, -1.577975210636030301 ) ) ;
#212 = VECTOR ( 'NONE', #1327, 100.0000000000000142 ) ;
#213 = ORIENTED_EDGE ( 'NONE', *, *, #704, .T. ) ;
#214 = CARTESIAN_POINT ( 'NONE',  ( 29.52774384389703499, 0.03281327293580716536, -12.03012197607499978 ) ) ;
#215 = EDGE_CURVE ( 'NONE', #1661, #957, #2095, .T. ) ;
#216 = EDGE_CURVE ( 'NONE', #2189, #1850, #780, .T. ) ;
#217 = VECTOR ( 'NONE', #408, 100.0000000000000142 ) ;
#218 = ORIENTED_EDGE ( 'NONE', *, *, #3712, .T. ) ;
#219 = CARTESIAN_POINT ( 'NONE',  ( 29.72900721515141953, 6.251989484960303045, -20.41658276582371911 ) ) ;
#220 = CARTESIAN_POINT ( 'NONE',  ( 29.81541776541436661, 9.446221043772395021, -22.34773664265557613 ) ) ;
#221 = EDGE_CURVE ( 'NONE', #2333, #3619, #3235, .T. ) ;
#222 = CARTESIAN_POINT ( 'NONE',  ( 29.20522942728162619, 0.6604094836830544102, -11.49999999999814015 ) ) ;
#223 = CARTESIAN_POINT ( 'NONE',  ( 49.16724287765156021, 6.117757567723009160, -0.5666712872867308848 ) ) ;
#224 = ORIENTED_EDGE ( 'NONE', *, *, #699, .T. ) ;
#225 = CARTESIAN_POINT ( 'NONE',  ( 29.61478324912965476, 9.277962801432543927, -22.74663514059546188 ) ) ;
#226 = AXIS2_PLACEMENT_3D ( 'NONE', #324, #2439, #938 ) ;
#227 = CARTESIAN_POINT ( 'NONE',  ( 49.16713671130275287, 6.172291333398264079, -0.6999999999999982903 ) ) ;
#228 = CARTESIAN_POINT ( 'NONE',  ( 30.07952447209468261, 7.146809560181840659, 3.252336556894853104E-15 ) ) ;
#229 = CARTESIAN_POINT ( 'NONE',  ( 30.69523220694630439, -3.977375058421833032, -1.300000000000007816 ) ) ;
#230 = CARTESIAN_POINT ( 'NONE',  ( 29.08956838170394477, -10.33918446186616080, -0.5000000000000029976 ) ) ;
#231 = AXIS2_PLACEMENT_3D ( 'NONE', #2718, #2077, #901 ) ;
#232 = PRODUCT_DEFINITION_FORMATION_WITH_SPECIFIED_SOURCE ( 'ANY', '', #3563, .NOT_KNOWN. ) ;
#233 = DIRECTION ( 'NONE',  ( -0.01657441405230466319, -0.9998626349648349620, -1.734723475976807094E-18 ) ) ;
#234 = ADVANCED_FACE ( 'NONE', ( #1735 ), #3524, .F. ) ;
#235 = ORIENTED_EDGE ( 'NONE', *, *, #3842, .T. ) ;
#236 = VECTOR ( 'NONE', #2036, 100.0000000000000142 ) ;
#237 = ADVANCED_FACE ( 'NONE', ( #1955 ), #110, .F. ) ;
#238 = CARTESIAN_POINT ( 'NONE',  ( 29.75800373814666600, 0.2075222097016776734, -11.82356432765656962 ) ) ;
#239 = ORIENTED_EDGE ( 'NONE', *, *, #1607, .T. ) ;
#240 = ORIENTED_EDGE ( 'NONE', *, *, #2478, .F. ) ;
#241 = LINE ( 'NONE', #2770, #3662 ) ;
#242 = CARTESIAN_POINT ( 'NONE',  ( 29.43854127791119524, -1.353952219983613148, 3.155808947497007545E-15 ) ) ;
#243 = CARTESIAN_POINT ( 'NONE',  ( 40.18664388447668046, 0.4417707401515913457, -0.9603757269422943388 ) ) ;
#244 = FACE_OUTER_BOUND ( 'NONE', #881, .T. ) ;
#245 = CARTESIAN_POINT ( 'NONE',  ( 40.31912068021891571, 0.4976654355493145832, -1.054381578945184028 ) ) ;
#246 = EDGE_CURVE ( 'NONE', #1811, #3263, #506, .T. ) ;
#247 = ORIENTED_EDGE ( 'NONE', *, *, #2912, .F. ) ;
#248 = VECTOR ( 'NONE', #1842, 100.0000000000000000 ) ;
#249 = CARTESIAN_POINT ( 'NONE',  ( 29.74210558618943878, 6.776336738757761324, -20.11875347386980906 ) ) ;
#250 = DIRECTION ( 'NONE',  ( 2.220446049250313081E-16, 9.860761315262647568E-32, 1.000000000000000000 ) ) ;
#251 = CARTESIAN_POINT ( 'NONE',  ( 45.04147004698952372, 3.240743799874182152, -0.7040854743364289847 ) ) ;
#252 = DIRECTION ( 'NONE',  ( 0.01657441405230466666, 0.9998626349648349620, 1.734723475976807094E-18 ) ) ;
#253 = CARTESIAN_POINT ( 'NONE',  ( 29.60113989288026204, 8.454918192662232101, -21.57462005477975353 ) ) ;
#254 = EDGE_LOOP ( 'NONE', ( #1629, #1690, #2680, #3787 ) ) ;
#255 = CARTESIAN_POINT ( 'NONE',  ( 29.20948204593659270, 8.961479276737961186, -21.97078005239325549 ) ) ;
#256 = CARTESIAN_POINT ( 'NONE',  ( 48.35797966181451812, 6.343744562579289870, -1.199999999999998401 ) ) ;
#257 = EDGE_LOOP ( 'NONE', ( #1737, #3915, #3309, #298 ) ) ;
#258 = CARTESIAN_POINT ( 'NONE',  ( 46.27125304597669242, 3.377923433400448872, -0.6999999999999998446 ) ) ;
#259 = ORIENTED_EDGE ( 'NONE', *, *, #1073, .T. ) ;
#260 = ORIENTED_EDGE ( 'NONE', *, *, #3672, .T. ) ;
#261 = LINE ( 'NONE', #1838, #2084 ) ;
#262 = CARTESIAN_POINT ( 'NONE',  ( 45.33456488868646517, 2.493326978128878935, -0.7000000000000003997 ) ) ;
#263 = CARTESIAN_POINT ( 'NONE',  ( 30.04734327851911146, 9.313120732061282325, -22.25064121599545075 ) ) ;
#264 = LINE ( 'NONE', #1539, #1597 ) ;
#265 = FACE_OUTER_BOUND ( 'NONE', #2120, .T. ) ;
#266 = EDGE_LOOP ( 'NONE', ( #1658, #1499, #2789, #1024, #2210, #2997 ) ) ;
#267 = CARTESIAN_POINT ( 'NONE',  ( 29.89348499613049981, 3.626152827269857326, -16.63563444076055831 ) ) ;
#268 = CARTESIAN_POINT ( 'NONE',  ( 29.79159478725866705, 6.550578713622686067, -19.90627055236251053 ) ) ;
#269 = CARTESIAN_POINT ( 'NONE',  ( 30.12096050722545115, 9.646466147593919516, -22.74663514059542635 ) ) ;
#270 = DIRECTION ( 'NONE',  ( -1.000000000000000000, 0.000000000000000000, 0.000000000000000000 ) ) ;
#271 = CARTESIAN_POINT ( 'NONE',  ( 31.19516352442872176, -3.985662265447985408, -0.8000000000000075939 ) ) ;
#272 = ORIENTED_EDGE ( 'NONE', *, *, #2564, .T. ) ;
#273 = EDGE_CURVE ( 'NONE', #3758, #3832, #3531, .T. ) ;
#274 = CARTESIAN_POINT ( 'NONE',  ( 29.73806211774554598, 8.450080422623649667, -22.25503555075925277 ) ) ;
#275 = CARTESIAN_POINT ( 'NONE',  ( 29.02219116712941371, -2.336968499337017668, -1.777438445626160268 ) ) ;
#276 = ADVANCED_FACE ( 'NONE', ( #1803, #3701, #3093 ), #190, .T. ) ;
#277 = ORIENTED_EDGE ( 'NONE', *, *, #3062, .T. ) ;
#278 = ADVANCED_FACE ( 'NONE', ( #3375 ), #3988, .F. ) ;
#279 = CARTESIAN_POINT ( 'NONE',  ( 29.46464985272703885, -0.01610279836066958251, -12.21448884579683991 ) ) ;
#280 = ORIENTED_EDGE ( 'NONE', *, *, #3494, .T. ) ;
#281 = EDGE_LOOP ( 'NONE', ( #3512, #2786 ) ) ;
#282 = CARTESIAN_POINT ( 'NONE',  ( 29.45289206297297468, -0.4882314940259307456, 3.155808947497007545E-15 ) ) ;
#283 = CARTESIAN_POINT ( 'NONE',  ( 29.43109815211983360, -9.344708511468324375, -0.8250000000000035083 ) ) ;
#284 = CARTESIAN_POINT ( 'NONE',  ( 29.97740058064824353, -1.362884724196885777, -2.500000000000004441 ) ) ;
#285 = CARTESIAN_POINT ( 'NONE',  ( 30.11471456661207213, 9.269675594406393770, -22.74663514059542635 ) ) ;
#286 = CARTESIAN_POINT ( 'NONE',  ( 40.28353507460927574, 0.4825544891679131032, -1.122775039080931236 ) ) ;
#287 = AXIS2_PLACEMENT_3D ( 'NONE', #3810, #2921, #2244 ) ;
#288 = CARTESIAN_POINT ( 'NONE',  ( 49.17311220873450139, 6.579340065995924469, -0.7662770911837795129 ) ) ;
#289 = CARTESIAN_POINT ( 'NONE',  ( 29.57424760896108040, 6.241989598497479363, -19.60384702304805771 ) ) ;
#290 = CARTESIAN_POINT ( 'NONE',  ( 29.48233099670127899, 1.287691911486191332, -14.99096871023904498 ) ) ;
#291 = CARTESIAN_POINT ( 'NONE',  ( 30.08976938335707985, 8.946887024484832196, -22.24700932286718569 ) ) ;
#292 = CARTESIAN_POINT ( 'NONE',  ( 29.47185946327227768, 0.6559896399365641173, -12.27921898938788203 ) ) ;
#293 = CARTESIAN_POINT ( 'NONE',  ( 44.97023186668066330, 3.399490059617286786, -1.200000000000000400 ) ) ;
#294 = ORIENTED_EDGE ( 'NONE', *, *, #4003, .F. ) ;
#295 = VECTOR ( 'NONE', #2215, 100.0000000000000142 ) ;
#296 = CARTESIAN_POINT ( 'NONE',  ( 30.79521847044278715, -3.979032499827063418, -0.8000000000000069278 ) ) ;
#297 = LINE ( 'NONE', #2784, #1982 ) ;
#298 = ORIENTED_EDGE ( 'NONE', *, *, #2825, .F. ) ;
#299 = CARTESIAN_POINT ( 'NONE',  ( 51.15292145991758588, 8.597729658707429223, -0.6999999999999968470 ) ) ;
#300 = ORIENTED_EDGE ( 'NONE', *, *, #368, .T. ) ;
#301 = ORIENTED_EDGE ( 'NONE', *, *, #715, .F. ) ;
#302 = DIRECTION ( 'NONE',  ( -0.0008781193980950778577, 0.9999996144530869380, -4.737177263702401262E-17 ) ) ;
#303 = AXIS2_PLACEMENT_3D ( 'NONE', #1693, #2990, #2948 ) ;
#304 = CARTESIAN_POINT ( 'NONE',  ( 29.41452373806752618, -10.34457114643315911, -0.8250000000000035083 ) ) ;
#305 = CARTESIAN_POINT ( 'NONE',  ( 40.23627659394075096, 0.4625993507093938972, -1.092118996980634860 ) ) ;
#306 = CARTESIAN_POINT ( 'NONE',  ( 29.56254280510919230, 6.126523007230184170, -19.48925470086116363 ) ) ;
#307 = CARTESIAN_POINT ( 'NONE',  ( 29.81243586272524482, 6.183488279898914364, -20.35769687038448694 ) ) ;
#308 = ORIENTED_EDGE ( 'NONE', *, *, #322, .T. ) ;
#309 = CARTESIAN_POINT ( 'NONE',  ( 49.17804298027966325, 6.830219318211856461, -0.6999999999999980682 ) ) ;
#310 = CARTESIAN_POINT ( 'NONE',  ( 1.731060659212134094E-16, -2.353388759751703139E-17, -0.5000000000000136557 ) ) ;
#311 = CARTESIAN_POINT ( 'NONE',  ( 29.40945457291341825, 8.958164392955156430, -0.5000000000000037748 ) ) ;
#312 = CARTESIAN_POINT ( 'NONE',  ( 46.27954025300284968, 3.877854750882866242, -0.6999999999999997335 ) ) ;
#313 = DIRECTION ( 'NONE',  ( 0.9998626349648348510, -0.01657441405230464584, 3.341506680459168366E-16 ) ) ;
#314 = EDGE_LOOP ( 'NONE', ( #603, #280, #3104, #239, #3944 ) ) ;
#315 = EDGE_CURVE ( 'NONE', #2004, #3349, #636, .T. ) ;
#316 = CARTESIAN_POINT ( 'NONE',  ( 50.90407507648960461, 9.488970254368652490, -0.8087670901811188084 ) ) ;
#317 = LINE ( 'NONE', #3468, #486 ) ;
#318 = VERTEX_POINT ( 'NONE', #839 ) ;
#319 = VECTOR ( 'NONE', #2018, 100.0000000000000142 ) ;
#320 = CARTESIAN_POINT ( 'NONE',  ( 50.02560852304197425, 7.346089305902586908, -0.4999999999999970024 ) ) ;
#321 = ORIENTED_EDGE ( 'NONE', *, *, #464, .F. ) ;
#322 = EDGE_CURVE ( 'NONE', #3332, #2851, #1005, .T. ) ;
#323 = VERTEX_POINT ( 'NONE', #1172 ) ;
#324 = CARTESIAN_POINT ( 'NONE',  ( 42.70962778319242403, 1.691450028915983728, -0.7000000000000015099 ) ) ;
#325 = CARTESIAN_POINT ( 'NONE',  ( 28.20650355318429092, -2.323447097718346566, -1.300000000000007372 ) ) ;
#326 = CARTESIAN_POINT ( 'NONE',  ( 51.16321351357385794, 9.028012978409925893, -1.141720886541619961 ) ) ;
#327 = EDGE_CURVE ( 'NONE', #463, #3777, #4026, .T. ) ;
#328 = CYLINDRICAL_SURFACE ( 'NONE', #2042, 0.1749999999999973799 ) ;
#329 = CIRCLE ( 'NONE', #3237, 16.16641791636911663 ) ;
#330 = VERTEX_POINT ( 'NONE', #1524 ) ;
#331 = CARTESIAN_POINT ( 'NONE',  ( 40.31970610058894522, 0.4979165572142643104, -1.237733333333342456 ) ) ;
#332 = CARTESIAN_POINT ( 'NONE',  ( 29.21823170533845015, 9.489308343694828451, -22.37332977672262402 ) ) ;
#333 = CARTESIAN_POINT ( 'NONE',  ( 28.76780144975725761, -2.499950796113618257, -1.300000000000007150 ) ) ;
#334 = FACE_OUTER_BOUND ( 'NONE', #2378, .T. ) ;
#335 = CARTESIAN_POINT ( 'NONE',  ( 50.77165332997418545, 9.298186877850337595, -0.9781065116817755367 ) ) ;
#336 = ORIENTED_EDGE ( 'NONE', *, *, #1578, .F. ) ;
#337 = CARTESIAN_POINT ( 'NONE',  ( 29.60587873685327409, 8.740792130730870468, -22.37284662339943253 ) ) ;
#338 = ADVANCED_FACE ( 'NONE', ( #1482 ), #2740, .F. ) ;
#339 = ORIENTED_EDGE ( 'NONE', *, *, #2634, .F. ) ;
#340 =( BOUNDED_CURVE ( )  B_SPLINE_CURVE ( 3, ( #2768, #2479, #3041, #3735 ),
 .UNSPECIFIED., .F., .F. ) 
 B_SPLINE_CURVE_WITH_KNOTS ( ( 4, 4 ),
 ( 1.105930367346820963E-17, 1.570796326794896558 ),
 .UNSPECIFIED. ) 
 CURVE ( )  GEOMETRIC_REPRESENTATION_ITEM ( )  RATIONAL_B_SPLINE_CURVE ( ( 1.000000000000000000, 0.8047378541243649375, 0.8047378541243649375, 1.000000000000000000 ) ) 
 REPRESENTATION_ITEM ( '' )  );
#341 = CARTESIAN_POINT ( 'NONE',  ( 31.23829402084788498, -1.383786165277783198, -0.4999999999999986122 ) ) ;
#342 = VECTOR ( 'NONE', #1927, 100.0000000000000142 ) ;
#343 = ORIENTED_EDGE ( 'NONE', *, *, #1630, .T. ) ;
#344 = ORIENTED_EDGE ( 'NONE', *, *, #1813, .F. ) ;
#345 = DIRECTION ( 'NONE',  ( 0.01657441405230464584, 0.9998626349648350731, 1.734723475976807094E-18 ) ) ;
#346 = ADVANCED_FACE ( 'NONE', ( #2778 ), #2427, .F. ) ;
#347 = CARTESIAN_POINT ( 'NONE',  ( 51.59863108044612545, 9.717405461309331471, -0.7053710881836587898 ) ) ;
#348 = EDGE_CURVE ( 'NONE', #1179, #3332, #2410, .T. ) ;
#349 = DIRECTION ( 'NONE',  ( -0.9998626349648348510, 0.01657441405230463544, -3.469446951953554531E-16 ) ) ;
#350 = B_SPLINE_CURVE_WITH_KNOTS ( 'NONE', 3,
 ( #253, #803, #1755, #3015, #170, #1442, #2704, #3954, #3649, #822, #3339, #504, #192, #1614, #2470, #1234, #2866, #3158, #3462, #2185 ),
 .UNSPECIFIED., .F., .F.,
 ( 4, 2, 2, 2, 2, 2, 2, 2, 2, 4 ),
 ( 0.000000000000000000, 0.002228375553554240527, 0.003342563330331384426, 0.004456751107108528759, 0.005013844995497135186, 0.005570938883885740746, 0.006128032772274348040, 0.006685126660662954468, 0.007799314437440142168, 0.008913502214217329869 ),
 .UNSPECIFIED. ) ;
#351 = VECTOR ( 'NONE', #1516, 100.0000000000000142 ) ;
#352 = VERTEX_POINT ( 'NONE', #168 ) ;
#353 = VECTOR ( 'NONE', #1395, 100.0000000000000000 ) ;
#354 = CARTESIAN_POINT ( 'NONE',  ( 29.57767972666640688, 3.446894075330021678, -16.38794426822870776 ) ) ;
#355 = CARTESIAN_POINT ( 'NONE',  ( 49.17009911566945846, 6.290062040246738206, -0.4999999999999996669 ) ) ;
#356 = CARTESIAN_POINT ( 'NONE',  ( 28.46214073980175385, -2.364492652622868007, -1.300000000000007594 ) ) ;
#357 = DIRECTION ( 'NONE',  ( -1.000000000000000000, 0.000000000000000000, 0.000000000000000000 ) ) ;
#358 = VECTOR ( 'NONE', #3504, 100.0000000000000142 ) ;
#359 = LINE ( 'NONE', #1547, #3318 ) ;
#360 = ORIENTED_EDGE ( 'NONE', *, *, #3426, .T. ) ;
#361 = ADVANCED_FACE ( 'NONE', ( #3953 ), #1131, .T. ) ;
#362 = VECTOR ( 'NONE', #1252, 100.0000000000000000 ) ;
#363 = CARTESIAN_POINT ( 'NONE',  ( 50.92127171477952885, 9.513956124006133663, -0.7899015313592658849 ) ) ;
#364 = EDGE_CURVE ( 'NONE', #3936, #2668, #827, .T. ) ;
#365 = ORIENTED_EDGE ( 'NONE', *, *, #1058, .T. ) ;
#366 = DIRECTION ( 'NONE',  ( -1.000000000000000000, 0.000000000000000000, -3.382917932875483327E-16 ) ) ;
#367 = EDGE_LOOP ( 'NONE', ( #1920, #3392, #3144 ) ) ;
#368 = EDGE_CURVE ( 'NONE', #3005, #2932, #3951, .T. ) ;
#369 = EDGE_CURVE ( 'NONE', #2148, #1196, #1195, .T. ) ;
#370 = ORIENTED_EDGE ( 'NONE', *, *, #526, .T. ) ;
#371 = CARTESIAN_POINT ( 'NONE',  ( 45.69231970828607103, 2.782138994969892032, -0.7955224116666863576 ) ) ;
#372 = B_SPLINE_CURVE_WITH_KNOTS ( 'NONE', 2,
 ( #2419, #3719, #1779 ),
 .UNSPECIFIED., .F., .F.,
 ( 3, 3 ),
 ( 0.9841426872603861176, 1.000000000000000000 ),
 .UNSPECIFIED. ) ;
#373 = CARTESIAN_POINT ( 'NONE',  ( 29.52980122993775325, 4.147221655287303577, -17.29565549853147743 ) ) ;
#374 = VERTEX_POINT ( 'NONE', #1894 ) ;
#375 = CARTESIAN_POINT ( 'NONE',  ( 27.23884348098842878, -2.307406495602015717, -1.000000000000006217 ) ) ;
#376 = CARTESIAN_POINT ( 'NONE',  ( 30.08479757718963299, 9.053402988756880987, -22.24722642387310856 ) ) ;
#377 = EDGE_CURVE ( 'NONE', #2015, #1622, #3811, .T. ) ;
#378 = CARTESIAN_POINT ( 'NONE',  ( 29.43854127791119524, -1.353952219983621807, -2.500000000000004441 ) ) ;
#379 = CIRCLE ( 'NONE', #1242, 0.4999999999999985567 ) ;
#380 = CARTESIAN_POINT ( 'NONE',  ( 29.22108413575709562, 9.661383120240994771, -23.00000000000000355 ) ) ;
#381 = VERTEX_POINT ( 'NONE', #3 ) ;
#382 = CARTESIAN_POINT ( 'NONE',  ( 51.43443968877217287, 10.28307717325414039, -0.4999999999999986122 ) ) ;
#383 = DIRECTION ( 'NONE',  ( -0.9998626349648349620, 0.01657441405230465972, 0.000000000000000000 ) ) ;
#384 = ORIENTED_EDGE ( 'NONE', *, *, #1833, .T. ) ;
#385 = VECTOR ( 'NONE', #3352, 100.0000000000000142 ) ;
#386 = DIRECTION ( 'NONE',  ( -0.9998626349648348510, 0.01657441405230463544, 0.000000000000000000 ) ) ;
#387 = ORIENTED_EDGE ( 'NONE', *, *, #1877, .T. ) ;
#388 = DIRECTION ( 'NONE',  ( -0.9998626349648348510, 0.01657441405230464584, -3.341506680459168366E-16 ) ) ;
#389 = ORIENTED_EDGE ( 'NONE', *, *, #1642, .T. ) ;
#390 = CARTESIAN_POINT ( 'NONE',  ( 29.78346919513662527, 8.951964468091915705, -22.74583726741610690 ) ) ;
#391 = EDGE_LOOP ( 'NONE', ( #888, #3580, #1271, #3892, #3025, #2859, #260 ) ) ;
#392 = CARTESIAN_POINT ( 'NONE',  ( 40.71956292776157937, 0.06948498034538810875, -1.193092475485850068 ) ) ;
#393 = ORIENTED_EDGE ( 'NONE', *, *, #364, .F. ) ;
#394 = CARTESIAN_POINT ( 'NONE',  ( 49.15839109156489428, 6.330476389547355254, -1.199999999999998401 ) ) ;
#395 = CARTESIAN_POINT ( 'NONE',  ( 49.27850982085635678, 6.424017661062634943, -0.4999999999999995559 ) ) ;
#396 = AXIS2_PLACEMENT_3D ( 'NONE', #3874, #741, #2002 ) ;
#397 = CARTESIAN_POINT ( 'NONE',  ( 40.54379318881267835, 0.07155198322723956006, -1.170338983050845050 ) ) ;
#398 = DIRECTION ( 'NONE',  ( -0.9998626349648349620, 0.01657441405230474646, 0.000000000000000000 ) ) ;
#399 = ORIENTED_EDGE ( 'NONE', *, *, #3525, .T. ) ;
#400 = EDGE_CURVE ( 'NONE', #1897, #3983, #3156, .T. ) ;
#401 = CARTESIAN_POINT ( 'NONE',  ( 29.80461935577763910, 3.700418860068425797, -16.73166303006221156 ) ) ;
#402 = CARTESIAN_POINT ( 'NONE',  ( 29.07191440928634663, 0.6626194055574862185, -11.50000000229207764 ) ) ;
#403 = EDGE_CURVE ( 'NONE', #2269, #3263, #748, .T. ) ;
#404 = DIRECTION ( 'NONE',  ( -0.01657441405230464238, -0.9998626349648349620, -1.734723475976807480E-18 ) ) ;
#405 = EDGE_CURVE ( 'NONE', #154, #3005, #952, .T. ) ;
#406 = B_SPLINE_CURVE_WITH_KNOTS ( 'NONE', 3,
 ( #1868, #3180, #4048, #623 ),
 .UNSPECIFIED., .F., .F.,
 ( 4, 4 ),
 ( 0.000000000000000000, 0.0001573484037941750701 ),
 .UNSPECIFIED. ) ;
#407 = VERTEX_POINT ( 'NONE', #2245 ) ;
#408 = DIRECTION ( 'NONE',  ( -0.01657441405230464584, -0.9998626349648348510, -0.000000000000000000 ) ) ;
#409 = ORIENTED_EDGE ( 'NONE', *, *, #2825, .T. ) ;
#410 = CARTESIAN_POINT ( 'NONE',  ( 29.32161017843620954, 3.658892427641530887, -0.5000000000000032196 ) ) ;
#411 = ORIENTED_EDGE ( 'NONE', *, *, #3878, .F. ) ;
#412 = CARTESIAN_POINT ( 'NONE',  ( 28.59657810428498692, -2.493693956469361872, -1.000000000000006661 ) ) ;
#413 = VERTEX_POINT ( 'NONE', #3418 ) ;
#414 = CARTESIAN_POINT ( 'NONE',  ( 30.05311192830297884, 6.247024610426944236, -20.29018020276336287 ) ) ;
#415 = EDGE_CURVE ( 'NONE', #3364, #1110, #805, .T. ) ;
#416 = ORIENTED_EDGE ( 'NONE', *, *, #3705, .F. ) ;
#417 = CARTESIAN_POINT ( 'NONE',  ( 30.04736538869590134, 6.246921674498820742, -20.29037837007850342 ) ) ;
#418 = CARTESIAN_POINT ( 'NONE',  ( 29.22216369412238279, -2.340283382147479774, -0.5000000000000032196 ) ) ;
#419 = CARTESIAN_POINT ( 'NONE',  ( 40.55123172966080602, 0.06395871603309544184, -1.102707616974389904 ) ) ;
#420 = CARTESIAN_POINT ( 'NONE',  ( 29.55638897493903627, 5.755289078257186830, -19.96977553663410276 ) ) ;
#421 = ORIENTED_EDGE ( 'NONE', *, *, #3544, .T. ) ;
#422 = DIRECTION ( 'NONE',  ( 0.01657441405230485054, 0.9998626349648350731, 2.550043509685906922E-16 ) ) ;
#423 = CARTESIAN_POINT ( 'NONE',  ( 29.55638897493903627, 5.755289078257186830, -19.96977553663410276 ) ) ;
#424 = VECTOR ( 'NONE', #1785, 100.0000000000000142 ) ;
#425 = ORIENTED_EDGE ( 'NONE', *, *, #3516, .F. ) ;
#426 = CARTESIAN_POINT ( 'NONE',  ( 29.61478324912965476, 9.277962801432543927, -22.74663514059546188 ) ) ;
#427 = EDGE_CURVE ( 'NONE', #3557, #776, #1490, .T. ) ;
#428 = DIRECTION ( 'NONE',  ( 1.665680818703648634E-16, 7.087759561701499957E-19, -1.000000000000000000 ) ) ;
#429 = EDGE_CURVE ( 'NONE', #727, #4078, #2224, .T. ) ;
#430 = ORIENTED_EDGE ( 'NONE', *, *, #4069, .F. ) ;
#431 = CARTESIAN_POINT ( 'NONE',  ( 28.59850047294034070, -2.821286399468161399, -1.000000000000007105 ) ) ;
#432 = ORIENTED_EDGE ( 'NONE', *, *, #549, .F. ) ;
#433 = CARTESIAN_POINT ( 'NONE',  ( 30.05886100643327552, 6.247028446553152925, -20.28997938598705630 ) ) ;
#434 = ORIENTED_EDGE ( 'NONE', *, *, #3707, .F. ) ;
#435 = CARTESIAN_POINT ( 'NONE',  ( 29.46112474779782886, 0.008410735125539839721, -12.28239686360279670 ) ) ;
#436 = CARTESIAN_POINT ( 'NONE',  ( 29.99056428855568868, 3.247748428428510525, -16.95254934674220593 ) ) ;
#437 = DIRECTION ( 'NONE',  ( 0.9998626349648348510, -0.01657441405230465972, 3.341506680459168366E-16 ) ) ;
#438 = CARTESIAN_POINT ( 'NONE',  ( 29.55705879729353924, 5.795696560671352415, -20.00677559441359676 ) ) ;
#439 = ORIENTED_EDGE ( 'NONE', *, *, #2432, .F. ) ;
#440 = AXIS2_PLACEMENT_3D ( 'NONE', #3313, #3391, #184 ) ;
#441 = CARTESIAN_POINT ( 'NONE',  ( 45.84190424054542490, 2.906450311533736119, -0.9310047289394458581 ) ) ;
#442 = LINE ( 'NONE', #1381, #1112 ) ;
#443 = LINE ( 'NONE', #2640, #2266 ) ;
#444 = ORIENTED_EDGE ( 'NONE', *, *, #1017, .F. ) ;
#445 = CARTESIAN_POINT ( 'NONE',  ( 29.03859622392524642, -1.347322454362712918, -1.300000000000005373 ) ) ;
#446 = AXIS2_PLACEMENT_3D ( 'NONE', #2857, #1228, #1290 ) ;
#447 = ORIENTED_EDGE ( 'NONE', *, *, #2117, .T. ) ;
#448 = B_SPLINE_CURVE_WITH_KNOTS ( 'NONE', 3,
 ( #1318, #3748, #1651, #3521, #2842, #664, #947, #1932 ),
 .UNSPECIFIED., .F., .F.,
 ( 4, 2, 2, 4 ),
 ( 0.001982552054653278703, 0.003016624174356869088, 0.004050696294060459474, 0.006118840533467640244 ),
 .UNSPECIFIED. ) ;
#449 = DIRECTION ( 'NONE',  ( -0.9998626349648349620, 0.01657441405230335868, 0.000000000000000000 ) ) ;
#450 = CARTESIAN_POINT ( 'NONE',  ( 30.10935841738883667, 8.946562303118541948, -22.16756122133907070 ) ) ;
#451 = ORIENTED_EDGE ( 'NONE', *, *, #531, .F. ) ;
#452 = EDGE_CURVE ( 'NONE', #745, #2988, #4072, .T. ) ;
#453 = DIRECTION ( 'NONE',  ( -0.9998626349648348510, 0.01657441405230465972, -3.341506680459168366E-16 ) ) ;
#454 = ORIENTED_EDGE ( 'NONE', *, *, #3187, .F. ) ;
#455 = DIRECTION ( 'NONE',  ( -0.9998626349648349620, 0.01657441405230465972, 0.000000000000000000 ) ) ;
#456 = CARTESIAN_POINT ( 'NONE',  ( 29.41452373806752618, -10.34457114643315911, -0.5000000000000029976 ) ) ;
#457 = DIRECTION ( 'NONE',  ( -0.01657441405230465278, -0.9998626349648348510, -3.469446951953612648E-18 ) ) ;
#458 = CARTESIAN_POINT ( 'NONE',  ( 29.77275776503039850, 0.2135171878377925547, -11.81718559156597159 ) ) ;
#459 = EDGE_LOOP ( 'NONE', ( #3049, #240, #618, #1320, #654 ) ) ;
#460 = DIRECTION ( 'NONE',  ( 0.01657441405230466319, 0.9998626349648349620, 1.734723475976807094E-18 ) ) ;
#461 = CARTESIAN_POINT ( 'NONE',  ( 29.47185946327227768, 0.6559896399365641173, 3.157794127454116328E-15 ) ) ;
#462 = DIRECTION ( 'NONE',  ( 0.01657441405230465278, 0.9998626349648350731, 3.469446951953613418E-18 ) ) ;
#463 = VERTEX_POINT ( 'NONE', #582 ) ;
#464 = EDGE_CURVE ( 'NONE', #624, #1362, #198, .T. ) ;
#465 = CARTESIAN_POINT ( 'NONE',  ( 29.52986991245534654, 4.155508862313488372, 3.171922371743062367E-15 ) ) ;
#466 = ORIENTED_EDGE ( 'NONE', *, *, #2727, .T. ) ;
#467 = CARTESIAN_POINT ( 'NONE',  ( 50.03028137338834114, 7.352929846049666374, -0.4999999999999948930 ) ) ;
#468 = CARTESIAN_POINT ( 'NONE',  ( 51.14463425289144283, 8.097798341225010077, -0.6999999999999970690 ) ) ;
#469 = ORIENTED_EDGE ( 'NONE', *, *, #3887, .T. ) ;
#470 = CARTESIAN_POINT ( 'NONE',  ( 29.42089776316631955, -2.418309070679578010, -1.509235472585472859 ) ) ;
#471 = VERTEX_POINT ( 'NONE', #2513 ) ;
#472 = EDGE_CURVE ( 'NONE', #3118, #1179, #3022, .T. ) ;
#473 =( BOUNDED_SURFACE ( )  B_SPLINE_SURFACE ( 3, 2, ( 
 ( #489, #1741, #3957 ),
 ( #2999, #157, #2395 ),
 ( #1122, #136, #3635 ),
 ( #2067, #2443, #1497 ) ),
 .UNSPECIFIED., .F., .F., .T. ) 
 B_SPLINE_SURFACE_WITH_KNOTS ( ( 4, 4 ),
 ( 3, 3 ),
 ( 0.006864605491532103400, 0.008856276375342767015 ),
 ( 0.000000000000000000, 1.000000000000000000 ),
 .UNSPECIFIED. ) 
 GEOMETRIC_REPRESENTATION_ITEM ( )  RATIONAL_B_SPLINE_SURFACE ( (
 ( 1.000000000000000000, 0.7850925162309528860, 1.000000000000000000),
 ( 1.000000000000000000, 0.7654497406331749465, 1.000000000000000000),
 ( 1.000000000000000000, 0.7444010682948956070, 1.000000000000000000),
 ( 1.000000000000000000, 0.7215462467073724406, 1.000000000000000000) ) ) 
 REPRESENTATION_ITEM ( '' )  SURFACE ( )  );
#474 = LINE ( 'NONE', #2397, #2136 ) ;
#475 = CYLINDRICAL_SURFACE ( 'NONE', #3019, 0.5000000000000004441 ) ;
#476 = CARTESIAN_POINT ( 'NONE',  ( 45.76483155521164292, 2.986121288134864660, -1.186243137191113517 ) ) ;
#477 = DIRECTION ( 'NONE',  ( -0.01657441405230608220, -0.9998626349648348510, 0.000000000000000000 ) ) ;
#478 = AXIS2_PLACEMENT_3D ( 'NONE', #1389, #1683, #2939 ) ;
#479 = ORIENTED_EDGE ( 'NONE', *, *, #68, .F. ) ;
#480 = DIRECTION ( 'NONE',  ( -0.9998626349648349620, 0.01657441405230466319, 0.000000000000000000 ) ) ;
#481 = CARTESIAN_POINT ( 'NONE',  ( 45.00422818081136001, 3.212600940515598857, -0.7000000000000015099 ) ) ;
#482 = DIRECTION ( 'NONE',  ( 0.9998626349648348510, -0.01657441405230464584, 0.000000000000000000 ) ) ;
#483 = EDGE_CURVE ( 'NONE', #374, #2045, #3986, .T. ) ;
#484 = SHAPE_DEFINITION_REPRESENTATION ( #762, #3458 ) ;
#485 = CARTESIAN_POINT ( 'NONE',  ( 45.49948527754303740, 3.596662679629605730, -0.7951331703358232028 ) ) ;
#486 = VECTOR ( 'NONE', #627, 100.0000000000000142 ) ;
#487 = ORIENTED_EDGE ( 'NONE', *, *, #804, .F. ) ;
#488 = EDGE_LOOP ( 'NONE', ( #1665, #370, #1645, #3039 ) ) ;
#489 = CARTESIAN_POINT ( 'NONE',  ( 29.96922884143840093, 3.130492872183095798, -16.95333417766114081 ) ) ;
#490 = EDGE_CURVE ( 'NONE', #3920, #943, #3755, .T. ) ;
#491 = CYLINDRICAL_SURFACE ( 'NONE', #3192, 16.46641791636911734 ) ;
#492 = B_SPLINE_CURVE_WITH_KNOTS ( 'NONE', 2,
 ( #3577, #2697, #1126 ),
 .UNSPECIFIED., .F., .F.,
 ( 3, 3 ),
 ( 0.6596861749284756993, 0.7967053436417098622 ),
 .UNSPECIFIED. ) ;
#493 = B_SPLINE_SURFACE_WITH_KNOTS ( 'NONE', 2, 1, ( 
 ( #3409, #2834 ),
 ( #959, #2174 ),
 ( #3477, #1909 ) ),
 .UNSPECIFIED., .F., .F., .F.,
 ( 3, 3 ),
 ( 2, 2 ),
 ( 0.000000000000000000, 0.04407246274747603221 ),
 ( 0.000000000000000000, 1.000000000000000000 ),
 .UNSPECIFIED. ) ;
#494 = ORIENTED_EDGE ( 'NONE', *, *, #3797, .F. ) ;
#495 = CARTESIAN_POINT ( 'NONE',  ( 29.45763779614206257, -0.2019419602713313777, -11.82506052480402303 ) ) ;
#496 = LINE ( 'NONE', #2090, #2033 ) ;
#497 = CARTESIAN_POINT ( 'NONE',  ( 48.70144239888467297, 6.657800306177306560, -0.7313572703449259249 ) ) ;
#498 = CARTESIAN_POINT ( 'NONE',  ( 48.72204735959149247, 5.757841259949413093, -0.9335907573130822756 ) ) ;
#499 = ORIENTED_EDGE ( 'NONE', *, *, #215, .T. ) ;
#500 = CARTESIAN_POINT ( 'NONE',  ( 30.04736538869590134, 6.246921674498820742, -20.29037837007850342 ) ) ;
#501 = LINE ( 'NONE', #2739, #2737 ) ;
#502 = DIRECTION ( 'NONE',  ( 1.000000000000000000, 0.000000000000000000, -2.282844472454330789E-16 ) ) ;
#503 = CARTESIAN_POINT ( 'NONE',  ( 40.47805477353610115, -0.4265803055350663731, -0.7000000000000028422 ) ) ;
#504 = CARTESIAN_POINT ( 'NONE',  ( 29.81857054581799460, 8.859519108790786746, -21.89918526683614886 ) ) ;
#505 = CIRCLE ( 'NONE', #568, 11.29999999999813198 ) ;
#506 = CIRCLE ( 'NONE', #2422, 10.99999999999813660 ) ;
#507 = CARTESIAN_POINT ( 'NONE',  ( 29.96477847480372603, 0.2477637201773664200, -11.77832148343091845 ) ) ;
#508 = ORIENTED_EDGE ( 'NONE', *, *, #2141, .F. ) ;
#509 = CARTESIAN_POINT ( 'NONE',  ( 29.68868553434429458, 0.1727347620516996030, -11.86069187240844336 ) ) ;
#510 = ORIENTED_EDGE ( 'NONE', *, *, #3646, .T. ) ;
#511 = DIRECTION ( 'NONE',  ( -3.462121318424173032E-16, 4.706777519503276240E-17, 1.000000000000000000 ) ) ;
#512 = PLANE ( 'NONE',  #2890 ) ;
#513 = CYLINDRICAL_SURFACE ( 'NONE', #2897, 0.4999999999999999445 ) ;
#514 = CARTESIAN_POINT ( 'NONE',  ( 40.50490851072439824, 0.07304324031202383272, -1.200000000000004841 ) ) ;
#515 = ORIENTED_EDGE ( 'NONE', *, *, #704, .F. ) ;
#516 = CIRCLE ( 'NONE', #122, 0.7930761456019163047 ) ;
#517 = CARTESIAN_POINT ( 'NONE',  ( 29.60294073826183947, 3.885297862744638397, -16.96715259692108191 ) ) ;
#518 = CARTESIAN_POINT ( 'NONE',  ( 29.45289206297297824, -0.4882314940259307456, -17.45197147569836815 ) ) ;
#519 = CARTESIAN_POINT ( 'NONE',  ( 28.56148633367248735, -2.652058539001629356, -1.000000000000006661 ) ) ;
#520 = DIRECTION ( 'NONE',  ( 0.9998626349648349620, -0.01657441405230465972, 0.000000000000000000 ) ) ;
#521 = CARTESIAN_POINT ( 'NONE',  ( 29.27188693627929439, 0.6593045227470255565, -0.5000000000000032196 ) ) ;
#522 = ADVANCED_FACE ( 'NONE', ( #1558 ), #1062, .T. ) ;
#523 = CIRCLE ( 'NONE', #1783, 16.46641791636911734 ) ;
#524 = CARTESIAN_POINT ( 'NONE',  ( 48.85674956211384057, 6.835545300157844117, -0.6999999999999980682 ) ) ;
#525 = ORIENTED_EDGE ( 'NONE', *, *, #2992, .F. ) ;
#526 = EDGE_CURVE ( 'NONE', #3159, #2648, #241, .T. ) ;
#527 = CARTESIAN_POINT ( 'NONE',  ( 29.46160554235650153, -0.006863610010257531827, -12.24747188420205113 ) ) ;
#528 = ORIENTED_EDGE ( 'NONE', *, *, #1267, .F. ) ;
#529 = CARTESIAN_POINT ( 'NONE',  ( 29.57492253913132174, 6.597741838429231898, -20.71186230419610652 ) ) ;
#530 = CARTESIAN_POINT ( 'NONE',  ( 51.17304595696766967, 9.305699847748092779, -0.9313258757292712797 ) ) ;
#531 = EDGE_CURVE ( 'NONE', #607, #1728, #3978, .T. ) ;
#532 = CARTESIAN_POINT ( 'NONE',  ( 29.13856764454672543, 0.6612566285563700186, -11.49939398950457914 ) ) ;
#533 = CARTESIAN_POINT ( 'NONE',  ( 30.06460749944761091, 6.246933188713488683, -20.28977609426087270 ) ) ;
#534 = APPLICATION_CONTEXT ( 'automotive_design' ) ;
#535 = ORIENTED_EDGE ( 'NONE', *, *, #2935, .F. ) ;
#536 = B_SPLINE_CURVE_WITH_KNOTS ( 'NONE', 3,
 ( #1144, #3656, #750, #3269 ),
 .UNSPECIFIED., .F., .F.,
 ( 4, 4 ),
 ( 0.001999999999999860830, 0.009339821587819024246 ),
 .UNSPECIFIED. ) ;
#537 = CARTESIAN_POINT ( 'NONE',  ( 29.51528459274236837, 3.275639676349911156, -16.15077155702978118 ) ) ;
#538 = DIRECTION ( 'NONE',  ( -0.01657441405230464238, -0.9998626349648349620, 0.000000000000000000 ) ) ;
#539 = CARTESIAN_POINT ( 'NONE',  ( 42.72363769772371711, 2.536607511689533467, -1.200000000000001288 ) ) ;
#540 = VECTOR ( 'NONE', #1021, 100.0000000000000000 ) ;
#541 = CARTESIAN_POINT ( 'NONE',  ( 29.72173036849549277, 3.664224198546956135, -16.96393427190562875 ) ) ;
#542 = PLANE ( 'NONE',  #1078 ) ;
#543 = B_SPLINE_CURVE_WITH_KNOTS ( 'NONE', 2,
 ( #3032, #3987, #426 ),
 .UNSPECIFIED., .F., .F.,
 ( 3, 3 ),
 ( 0.9585772340791409718, 0.9832991604359855309 ),
 .UNSPECIFIED. ) ;
#544 = B_SPLINE_CURVE_WITH_KNOTS ( 'NONE', 3,
 ( #1156, #291, #1465, #3319 ),
 .UNSPECIFIED., .F., .F.,
 ( 4, 4 ),
 ( 0.000000000000000000, 0.0004644184404524514457 ),
 .UNSPECIFIED. ) ;
#545 = CARTESIAN_POINT ( 'NONE',  ( 49.27818031268047605, 6.423610487506841160, -0.6333374470080292973 ) ) ;
#546 = AXIS2_PLACEMENT_3D ( 'NONE', #2484, #2194, #3452 ) ;
#547 = VECTOR ( 'NONE', #457, 100.0000000000000142 ) ;
#548 = ORIENTED_EDGE ( 'NONE', *, *, #1236, .T. ) ;
#549 = EDGE_CURVE ( 'NONE', #2411, #1420, #1603, .T. ) ;
#550 = CARTESIAN_POINT ( 'NONE',  ( 29.71530131091130755, 0.1879844867195588076, -11.84439474255700731 ) ) ;
#551 = EDGE_CURVE ( 'NONE', #2236, #1556, #3896, .T. ) ;
#552 = ORIENTED_EDGE ( 'NONE', *, *, #3212, .T. ) ;
#553 = CARTESIAN_POINT ( 'NONE',  ( 41.00902987149673606, 0.8053461641428671935, -0.7000000000000026201 ) ) ;
#554 = CARTESIAN_POINT ( 'NONE',  ( 29.41452373806752618, -10.34457114643315911, -0.8250000000000035083 ) ) ;
#555 = CARTESIAN_POINT ( 'NONE',  ( 29.92817962430029510, 9.357611408699382238, -22.28268426116945378 ) ) ;
#556 = LINE ( 'NONE', #2108, #578 ) ;
#557 = DIRECTION ( 'NONE',  ( 1.000000000000000000, 2.775557561562888984E-15, 4.107825191113075161E-12 ) ) ;
#558 = ORIENTED_EDGE ( 'NONE', *, *, #1993, .T. ) ;
#559 = CARTESIAN_POINT ( 'NONE',  ( 29.93988526407229145, 6.666335127862509147, -20.01848006630886800 ) ) ;
#560 = CARTESIAN_POINT ( 'NONE',  ( 27.23884348098842878, -1.317488509068562408, -1.300000000000006262 ) ) ;
#561 = CARTESIAN_POINT ( 'NONE',  ( 45.31565216471387458, 3.451602483721576853, -0.8354971164777130754 ) ) ;
#562 = CARTESIAN_POINT ( 'NONE',  ( 40.55045158031593644, 0.4732239127485872721, -1.170338983050845050 ) ) ;
#563 = CARTESIAN_POINT ( 'NONE',  ( 49.10898578509949886, 5.931240412489066749, -0.4999999999999970579 ) ) ;
#564 = ORIENTED_EDGE ( 'NONE', *, *, #4055, .T. ) ;
#565 = ORIENTED_EDGE ( 'NONE', *, *, #1904, .F. ) ;
#566 = CARTESIAN_POINT ( 'NONE',  ( 40.27037592089061491, 0.4769859681717054656, -0.4999999999999996669 ) ) ;
#567 = ORIENTED_EDGE ( 'NONE', *, *, #369, .F. ) ;
#568 = AXIS2_PLACEMENT_3D ( 'NONE', #3365, #589, #3347 ) ;
#569 = CARTESIAN_POINT ( 'NONE',  ( 51.43443968877217287, 10.28307717325414039, -0.6999999999999964029 ) ) ;
#570 = VERTEX_POINT ( 'NONE', #3761 ) ;
#571 = CARTESIAN_POINT ( 'NONE',  ( 29.57952447209468616, 7.149572120640776518, -20.78455605351632585 ) ) ;
#572 = CARTESIAN_POINT ( 'NONE',  ( 30.03722196870026195, 3.246974998476841012, -16.65027219720726492 ) ) ;
#573 = EDGE_CURVE ( 'NONE', #1035, #1493, #53, .T. ) ;
#574 = CARTESIAN_POINT ( 'NONE',  ( 29.90710841042000823, 9.370297282246930592, -22.29196423660303594 ) ) ;
#575 = CARTESIAN_POINT ( 'NONE',  ( 29.27188693627929439, 0.6593045227470255565, -11.50000000000000711 ) ) ;
#576 = LINE ( 'NONE', #3109, #2431 ) ;
#577 = EDGE_LOOP ( 'NONE', ( #3996, #2877, #3639, #1663, #3288 ) ) ;
#578 = VECTOR ( 'NONE', #897, 100.0000000000000142 ) ;
#579 = EDGE_CURVE ( 'NONE', #3855, #2904, #971, .T. ) ;
#580 = CARTESIAN_POINT ( 'NONE',  ( 49.16852958114473182, 6.432463452970976547, -0.8954107022819979278 ) ) ;
#581 = CARTESIAN_POINT ( 'NONE',  ( 29.73622290805706569, 6.507446215625716235, -19.86412766954356712 ) ) ;
#582 = CARTESIAN_POINT ( 'NONE',  ( 30.00494723860408541, 0.6367560416007492785, -11.47552833453502963 ) ) ;
#583 = CARTESIAN_POINT ( 'NONE',  ( 51.61339658574831901, 9.741412406194042362, -0.7017879392959159857 ) ) ;
#584 = CARTESIAN_POINT ( 'NONE',  ( 30.08889162900800684, -2.364940202899949551, -1.300000000000007372 ) ) ;
#585 = ORIENTED_EDGE ( 'NONE', *, *, #464, .T. ) ;
#586 = CARTESIAN_POINT ( 'NONE',  ( 29.60670553723457843, 8.790669418001186841, -22.40820530766253071 ) ) ;
#587 = CARTESIAN_POINT ( 'NONE',  ( 49.58913679882204661, 7.680503152493418639, -0.6999999999999976241 ) ) ;
#588 = ORIENTED_EDGE ( 'NONE', *, *, #2861, .T. ) ;
#589 = DIRECTION ( 'NONE',  ( -0.01657441405230464238, -0.9998626349648349620, -1.734723475976807094E-18 ) ) ;
#590 = ORIENTED_EDGE ( 'NONE', *, *, #1923, .T. ) ;
#591 = ORIENTED_EDGE ( 'NONE', *, *, #427, .F. ) ;
#592 = CARTESIAN_POINT ( 'NONE',  ( 29.52986991245534654, 4.155508862313488372, -17.45197147569836815 ) ) ;
#593 = DIRECTION ( 'NONE',  ( 0.01657441405230579770, 0.9998626349648348510, 3.469446951953803700E-18 ) ) ;
#594 = CARTESIAN_POINT ( 'NONE',  ( 40.47805477353610115, -0.4265803055350663731, -0.7000000000000028422 ) ) ;
#595 = CARTESIAN_POINT ( 'NONE',  ( 45.49285759143450747, 3.890895346365325747, -0.7000000000000000666 ) ) ;
#596 = DIRECTION ( 'NONE',  ( 0.01657441405230464584, 0.9998626349648350731, 1.734723475976807094E-18 ) ) ;
#597 = ADVANCED_FACE ( 'NONE', ( #3475 ), #1534, .F. ) ;
#598 = CARTESIAN_POINT ( 'NONE',  ( 36.18662385841152940, -1.261647468968080998, -0.4999999999999967804 ) ) ;
#599 = CARTESIAN_POINT ( 'NONE',  ( 29.65025583159339106, 6.407913804636777400, -19.76688320016821976 ) ) ;
#600 = CARTESIAN_POINT ( 'NONE',  ( 29.51495293980818602, 3.255632490840011606, -17.35602955787456025 ) ) ;
#601 = DIRECTION ( 'NONE',  ( 0.01657441405230464931, 0.9998626349648349620, 3.469446951953613418E-18 ) ) ;
#602 = CARTESIAN_POINT ( 'NONE',  ( 29.26525717065837640, 0.2593594687610915606, -0.5000000000000032196 ) ) ;
#603 = ORIENTED_EDGE ( 'NONE', *, *, #924, .T. ) ;
#604 = CARTESIAN_POINT ( 'NONE',  ( 29.71405901223241486, 9.045317061685711479, -22.25837630154400415 ) ) ;
#605 = ADVANCED_FACE ( 'NONE', ( #894 ), #915, .T. ) ;
#606 = CARTESIAN_POINT ( 'NONE',  ( 51.16041098557722222, 9.023694097582355411, -1.184275066162314038 ) ) ;
#607 = VERTEX_POINT ( 'NONE', #2833 ) ;
#608 = CARTESIAN_POINT ( 'NONE',  ( 29.03260236254531890, -1.708906158863238600, -15.45986411484235923 ) ) ;
#609 = ORIENTED_EDGE ( 'NONE', *, *, #3040, .T. ) ;
#610 = ORIENTED_EDGE ( 'NONE', *, *, #377, .F. ) ;
#611 = CARTESIAN_POINT ( 'NONE',  ( 29.94524577068506233, 0.2478019209879973317, -11.77952026298100741 ) ) ;
#612 = EDGE_CURVE ( 'NONE', #2592, #1615, #3692, .T. ) ;
#613 = CARTESIAN_POINT ( 'NONE',  ( 0.06206087683529298155, 3.743863984871032891, -1.200000000000015721 ) ) ;
#614 = CARTESIAN_POINT ( 'NONE',  ( 51.16495597621619851, 9.297873703681396762, -1.184275066162314038 ) ) ;
#615 = FACE_OUTER_BOUND ( 'NONE', #1050, .T. ) ;
#616 = CARTESIAN_POINT ( 'NONE',  ( 50.73176923724148679, 8.379831103244523405, -0.4999999999999964473 ) ) ;
#617 = CIRCLE ( 'NONE', #3008, 19.80215235425126963 ) ;
#618 = ORIENTED_EDGE ( 'NONE', *, *, #2871, .T. ) ;
#619 = CARTESIAN_POINT ( 'NONE',  ( 29.79072372698950844, 3.598208316270985918, -16.59626032623362946 ) ) ;
#620 = CARTESIAN_POINT ( 'NONE',  ( 30.02151402291161730, 3.647290337804917737, 5.003211117337256119E-15 ) ) ;
#621 = CARTESIAN_POINT ( 'NONE',  ( 51.93437100625460090, 10.27478996622798668, -0.4999999999999986122 ) ) ;
#622 = CARTESIAN_POINT ( 'NONE',  ( 29.60113989288026204, 8.454918192662232101, -21.57462005477975353 ) ) ;
#623 = CARTESIAN_POINT ( 'NONE',  ( 51.16495597621619851, 9.297873703681396762, -1.184275066162314038 ) ) ;
#624 = VERTEX_POINT ( 'NONE', #2126 ) ;
#625 = AXIS2_PLACEMENT_3D ( 'NONE', #269, #1275, #2493 ) ;
#626 = CARTESIAN_POINT ( 'NONE',  ( 29.95368505577819107, 8.669294807514850376, -22.25072612023472374 ) ) ;
#627 = DIRECTION ( 'NONE',  ( 0.01657441405230464584, 0.9998626349648348510, 1.734723475976806902E-18 ) ) ;
#628 = AXIS2_PLACEMENT_3D ( 'NONE', #3629, #1734, #1976 ) ;
#629 = ORIENTED_EDGE ( 'NONE', *, *, #579, .T. ) ;
#630 = EDGE_CURVE ( 'NONE', #1262, #2291, #261, .T. ) ;
#631 = CARTESIAN_POINT ( 'NONE',  ( 29.22108413575709562, 9.661383120240994771, -23.00000000000000355 ) ) ;
#632 = ORIENTED_EDGE ( 'NONE', *, *, #429, .T. ) ;
#633 = VECTOR ( 'NONE', #2400, 100.0000000000000142 ) ;
#634 = ORIENTED_EDGE ( 'NONE', *, *, #2684, .T. ) ;
#635 = CARTESIAN_POINT ( 'NONE',  ( 51.15566641419783167, 9.016383975765894121, -1.188380716559303885 ) ) ;
#636 = CIRCLE ( 'NONE', #2826, 0.1750000000000029310 ) ;
#637 = CARTESIAN_POINT ( 'NONE',  ( 29.41452373806752618, -10.34457114643315911, -0.8250000000000035083 ) ) ;
#638 = CARTESIAN_POINT ( 'NONE',  ( 51.16110820666386161, 9.024768638077999228, -1.162685805305334608 ) ) ;
#639 = CARTESIAN_POINT ( 'NONE',  ( 40.29561530511469414, 0.4876762475727354218, -1.094193195674372898 ) ) ;
#640 = ORIENTED_EDGE ( 'NONE', *, *, #1444, .T. ) ;
#641 = CARTESIAN_POINT ( 'NONE',  ( 49.16385798081493874, 6.356584537648320321, -1.039445106153825016 ) ) ;
#642 = FACE_OUTER_BOUND ( 'NONE', #855, .T. ) ;
#643 = CARTESIAN_POINT ( 'NONE',  ( 29.80326345882101791, 3.646828615558896924, -16.66103125771016380 ) ) ;
#644 = CARTESIAN_POINT ( 'NONE',  ( 0.01233763467837861207, 0.7442760799765270052, 1.985179957108101255E-18 ) ) ;
#645 = CARTESIAN_POINT ( 'NONE',  ( 48.85791097929693905, 6.335457355553137937, -1.199999999999998401 ) ) ;
#646 = VERTEX_POINT ( 'NONE', #2459 ) ;
#647 = VECTOR ( 'NONE', #2197, 100.0000000000000000 ) ;
#648 = B_SPLINE_CURVE_WITH_KNOTS ( 'NONE', 3,
 ( #3376, #583, #1189, #2161 ),
 .UNSPECIFIED., .F., .F.,
 ( 4, 4 ),
 ( 2.487998079484900601E-16, 0.0008506279653986265586 ),
 .UNSPECIFIED. ) ;
#649 = CARTESIAN_POINT ( 'NONE',  ( 29.51628296686845232, 3.335867264561295897, -17.45197147569837526 ) ) ;
#650 = ADVANCED_FACE ( 'NONE', ( #4037 ), #2152, .F. ) ;
#651 = VERTEX_POINT ( 'NONE', #592 ) ;
#652 = DIRECTION ( 'NONE',  ( -3.372764553633511840E-16, -2.511834186424162314E-16, 1.000000000000000000 ) ) ;
#653 = VERTEX_POINT ( 'NONE', #1857 ) ;
#654 = ORIENTED_EDGE ( 'NONE', *, *, #2451, .F. ) ;
#655 = CARTESIAN_POINT ( 'NONE',  ( 30.01488425729068510, 3.247345283818983130, -16.15077155702975276 ) ) ;
#656 = CARTESIAN_POINT ( 'NONE',  ( 51.37913747163672440, 9.365135457433201083, -0.7868437527390131914 ) ) ;
#657 = ADVANCED_FACE ( 'NONE', ( #3126 ), #1032, .T. ) ;
#658 = CARTESIAN_POINT ( 'NONE',  ( 40.52212074424192423, 0.5852132189423309150, -0.8817469382771738751 ) ) ;
#659 = ORIENTED_EDGE ( 'NONE', *, *, #68, .T. ) ;
#660 = EDGE_CURVE ( 'NONE', #2616, #352, #3290, .T. ) ;
#661 = CARTESIAN_POINT ( 'NONE',  ( 36.18662385841152940, -1.261647468968080776, -1.237733333333344232 ) ) ;
#662 = FACE_OUTER_BOUND ( 'NONE', #2010, .T. ) ;
#663 = CARTESIAN_POINT ( 'NONE',  ( 28.49748433591749475, -2.375808276329460345, -1.300000000000007816 ) ) ;
#664 = CARTESIAN_POINT ( 'NONE',  ( 48.44974321030805697, 6.376234407378560398, -0.7062440639561494704 ) ) ;
#665 = CARTESIAN_POINT ( 'NONE',  ( 29.47967290648669803, -2.629182864763157657, -1.300000000000006706 ) ) ;
#666 = VERTEX_POINT ( 'NONE', #1994 ) ;
#667 = CARTESIAN_POINT ( 'NONE',  ( -0.1467767402237516450, -8.854405215685872577, 0.000000000000000000 ) ) ;
#668 = ADVANCED_FACE ( 'NONE', ( #1380 ), #801, .T. ) ;
#669 = ADVANCED_FACE ( 'NONE', ( #1673 ), #2040, .F. ) ;
#670 = ORIENTED_EDGE ( 'NONE', *, *, #3490, .T. ) ;
#671 = CARTESIAN_POINT ( 'NONE',  ( 30.31904579061175298, -1.868616763265141367, -1.000000000000006883 ) ) ;
#672 = AXIS2_PLACEMENT_3D ( 'NONE', #2372, #404, #3935 ) ;
#673 = ORIENTED_EDGE ( 'NONE', *, *, #3826, .F. ) ;
#674 = B_SPLINE_CURVE_WITH_KNOTS ( 'NONE', 3,
 ( #3952, #2776, #3723, #559, #818, #874, #3091, #2158, #1130, #3647, #3681, #249, #3416, #3335, #1752, #1150, #837, #2403, #2096, #3050 ),
 .UNSPECIFIED., .F., .F.,
 ( 4, 2, 2, 2, 2, 2, 2, 2, 2, 4 ),
 ( 0.000000000000000000, 0.001146711041287848919, 0.001720066561931759717, 0.002293422082575670949, 0.002866777603219581531, 0.003440133123863492112, 0.004586844165151201386, 0.006880266247726618198, 0.008026977289014313593, 0.009173688330302007254 ),
 .UNSPECIFIED. ) ;
#675 = EDGE_CURVE ( 'NONE', #1672, #1707, #83, .T. ) ;
#676 = ORIENTED_EDGE ( 'NONE', *, *, #2180, .F. ) ;
#677 = CARTESIAN_POINT ( 'NONE',  ( 29.69428302338457826, 8.953442879712593339, -22.46503025850118718 ) ) ;
#678 = DIRECTION ( 'NONE',  ( 3.382917932875483327E-16, 2.470467893844505313E-16, -1.000000000000000000 ) ) ;
#679 = CARTESIAN_POINT ( 'NONE',  ( 30.04736538869590134, 6.246921674498820742, -20.29037837007850342 ) ) ;
#680 = AXIS2_PLACEMENT_3D ( 'NONE', #1393, #3601, #2322 ) ;
#681 = EDGE_LOOP ( 'NONE', ( #82, #411, #3140, #769, #204, #3278, #2652, #175, #3866 ) ) ;
#682 = CARTESIAN_POINT ( 'NONE',  ( 28.76461302534038467, -10.33379777729916071, -0.8250000000000035083 ) ) ;
#683 = DIRECTION ( 'NONE',  ( 2.875202515709274621E-20, 1.734485185625528116E-18, -1.000000000000000000 ) ) ;
#684 = CARTESIAN_POINT ( 'NONE',  ( 29.03859622392525708, -1.347322454362690936, 3.089195566019497995E-15 ) ) ;
#685 = AXIS2_PLACEMENT_3D ( 'NONE', #2081, #904, #2406 ) ;
#686 = CARTESIAN_POINT ( 'NONE',  ( 29.80343963233871918, 0.2243075541622302771, -11.80567427740766817 ) ) ;
#687 = VERTEX_POINT ( 'NONE', #129 ) ;
#688 = B_SPLINE_CURVE_WITH_KNOTS ( 'NONE', 3,
 ( #4064, #1247, #2507, #305, #940, #1817, #243, #1517, #3453, #1887, #1840, #1582, #3369, #2772, #1202, #2461, #896, #2154 ),
 .UNSPECIFIED., .F., .F.,
 ( 4, 2, 2, 2, 2, 2, 2, 2, 4 ),
 ( 0.000000000000000000, 0.001061541298589910439, 0.002123082597179820879, 0.003184623895769731101, 0.004246165194359641758, 0.005307706492949552414, 0.006369247791539460468, 0.007430789090129369390, 0.008492330388719278311 ),
 .UNSPECIFIED. ) ;
#689 = CIRCLE ( 'NONE', #287, 10.99999999999813660 ) ;
#690 = CARTESIAN_POINT ( 'NONE',  ( 29.61303069265252930, 9.172238657456000865, -22.67432967587524928 ) ) ;
#691 = CARTESIAN_POINT ( 'NONE',  ( 48.85094188680758975, 5.935517926483887763, -1.218418966097893907 ) ) ;
#692 = ORIENTED_EDGE ( 'NONE', *, *, #3984, .F. ) ;
#693 = DIRECTION ( 'NONE',  ( -2.220446049250313081E-16, -9.860761315262647568E-32, -1.000000000000000000 ) ) ;
#694 = VERTEX_POINT ( 'NONE', #1358 ) ;
#695 = CARTESIAN_POINT ( 'NONE',  ( 30.05465745841107861, -2.468835846547497326, -1.000000000000006883 ) ) ;
#696 = ORIENTED_EDGE ( 'NONE', *, *, #4082, .T. ) ;
#697 = CARTESIAN_POINT ( 'NONE',  ( 29.60554542594138638, 8.720684927006473686, -22.35855404044021100 ) ) ;
#698 = EDGE_LOOP ( 'NONE', ( #2930, #3018, #3096, #444, #2913, #3403, #2915, #259, #1243, #1439, #421, #2919, #670, #3229 ) ) ;
#699 = EDGE_CURVE ( 'NONE', #2851, #865, #516, .T. ) ;
#700 = CARTESIAN_POINT ( 'NONE',  ( 40.24039004699012878, 0.07742808117825472625, -1.200000000000002620 ) ) ;
#701 = AXIS2_PLACEMENT_3D ( 'NONE', #418, #2942, #3520 ) ;
#702 = ORIENTED_EDGE ( 'NONE', *, *, #3037, .F. ) ;
#703 = EDGE_CURVE ( 'NONE', #983, #3721, #1385, .T. ) ;
#704 = EDGE_CURVE ( 'NONE', #2094, #3820, #722, .T. ) ;
#705 = CARTESIAN_POINT ( 'NONE',  ( 29.81243586272524482, 6.183488279898914364, -20.35769687038448694 ) ) ;
#706 = DIRECTION ( 'NONE',  ( 0.9998626349648349620, -0.01657441405230474646, 0.000000000000000000 ) ) ;
#707 = CARTESIAN_POINT ( 'NONE',  ( 40.58636119449371193, 0.02836676869512387567, -0.9939530022295152145 ) ) ;
#708 = VECTOR ( 'NONE', #1740, 100.0000000000000000 ) ;
#709 = CARTESIAN_POINT ( 'NONE',  ( 29.63032480821468795, 6.009641585303639566, -20.20094674529183365 ) ) ;
#710 = ORIENTED_EDGE ( 'NONE', *, *, #452, .F. ) ;
#711 = ADVANCED_FACE ( 'NONE', ( #1092 ), #2370, .F. ) ;
#712 = CARTESIAN_POINT ( 'NONE',  ( 29.87643377148503987, 3.670877913229945833, -16.69437262797822541 ) ) ;
#713 = LINE ( 'NONE', #2308, #3414 ) ;
#714 = CARTESIAN_POINT ( 'NONE',  ( 29.22216369412238279, -2.340283382147479330, -0.5000000000000032196 ) ) ;
#715 = EDGE_CURVE ( 'NONE', #2668, #747, #3868, .T. ) ;
#716 = ORIENTED_EDGE ( 'NONE', *, *, #2028, .F. ) ;
#717 = TOROIDAL_SURFACE ( 'NONE', #1836, 1.292999993180113050, 0.5000000000000000000 ) ;
#718 = B_SPLINE_CURVE_WITH_KNOTS ( 'NONE', 2,
 ( #1662, #1038, #306 ),
 .UNSPECIFIED., .F., .F.,
 ( 3, 3 ),
 ( 0.6896374195886111336, 0.8135633663519697967 ),
 .UNSPECIFIED. ) ;
#719 = CARTESIAN_POINT ( 'NONE',  ( 29.36470365497220314, 6.258535278550102277, -0.5000000000000032196 ) ) ;
#720 = ORIENTED_EDGE ( 'NONE', *, *, #1104, .F. ) ;
#721 = CARTESIAN_POINT ( 'NONE',  ( 29.90699950527955764, -2.614702929159597566, -1.000000000000006883 ) ) ;
#722 = CIRCLE ( 'NONE', #770, 0.4999999999999985567 ) ;
#723 = ORIENTED_EDGE ( 'NONE', *, *, #1140, .T. ) ;
#724 = CARTESIAN_POINT ( 'NONE',  ( 28.59563592806793153, -2.329897624897717900, -1.000000000000006661 ) ) ;
#725 = ORIENTED_EDGE ( 'NONE', *, *, #1058, .F. ) ;
#726 = FACE_OUTER_BOUND ( 'NONE', #1924, .T. ) ;
#727 = VERTEX_POINT ( 'NONE', #3234 ) ;
#728 = CARTESIAN_POINT ( 'NONE',  ( 29.47185946327228123, 0.6559896399365641173, -11.50000000000000178 ) ) ;
#729 = CARTESIAN_POINT ( 'NONE',  ( 29.22108413575708497, 9.661383120241001876, -22.50000000000001066 ) ) ;
#730 = VECTOR ( 'NONE', #3992, 100.0000000000000000 ) ;
#731 = CARTESIAN_POINT ( 'NONE',  ( 40.54924921979816332, 0.4723631716368710820, -1.190109453073276979 ) ) ;
#732 = CARTESIAN_POINT ( 'NONE',  ( 29.85246462488604990, 8.889783803100716142, -22.28803791065989515 ) ) ;
#733 = ORIENTED_EDGE ( 'NONE', *, *, #2175, .F. ) ;
#734 = ADVANCED_FACE ( 'NONE', ( #779 ), #2989, .T. ) ;
#735 = CARTESIAN_POINT ( 'NONE',  ( 46.19085962846500593, 3.204640862178344207, -0.7044864279173643773 ) ) ;
#736 = PRESENTATION_STYLE_ASSIGNMENT (( #1995 ) ) ;
#737 = CARTESIAN_POINT ( 'NONE',  ( 31.19516352442872176, -3.985662265447985408, 0.2999999999999989897 ) ) ;
#738 = EDGE_CURVE ( 'NONE', #31, #3557, #882, .T. ) ;
#739 = EDGE_LOOP ( 'NONE', ( #1934, #1016, #788, #2637, #277, #2940, #2587, #2711 ) ) ;
#740 = DIRECTION ( 'NONE',  ( -0.9998626349648348510, 0.01657441405230573525, -1.665334536937734811E-16 ) ) ;
#741 = DIRECTION ( 'NONE',  ( 0.01657441405230465278, 0.9998626349648350731, 3.469446951953613418E-18 ) ) ;
#742 = CIRCLE ( 'NONE', #2993, 0.4999999999999985567 ) ;
#743 = ORIENTED_EDGE ( 'NONE', *, *, #2539, .T. ) ;
#744 = CARTESIAN_POINT ( 'NONE',  ( 29.60367045786856366, 8.607576221431591179, -22.27775296645952707 ) ) ;
#745 = VERTEX_POINT ( 'NONE', #3661 ) ;
#746 = LINE ( 'NONE', #2918, #2963 ) ;
#747 = VERTEX_POINT ( 'NONE', #225 ) ;
#748 = B_SPLINE_CURVE_WITH_KNOTS ( 'NONE', 2,
 ( #2841, #1589, #3134 ),
 .UNSPECIFIED., .F., .F.,
 ( 3, 3 ),
 ( 0.04407246274747603221, 0.6170516038548922166 ),
 .UNSPECIFIED. ) ;
#749 = PLANE ( 'NONE',  #101 ) ;
#750 = CARTESIAN_POINT ( 'NONE',  ( 29.76102900497482651, 0.6477169620797769145, -11.49183570673656263 ) ) ;
#751 = CARTESIAN_POINT ( 'NONE',  ( 40.81681575667239059, -0.1668831859715795285, -0.7518188593010547427 ) ) ;
#752 = CARTESIAN_POINT ( 'NONE',  ( 30.01474117135954955, 8.941988826614649000, -22.24926381393375507 ) ) ;
#753 = ORIENTED_EDGE ( 'NONE', *, *, #2440, .T. ) ;
#754 = CIRCLE ( 'NONE', #1286, 1.292999993180115270 ) ;
#755 = DIRECTION ( 'NONE',  ( 0.01657441405230463891, 0.9998626349648349620, -0.000000000000000000 ) ) ;
#756 = CARTESIAN_POINT ( 'NONE',  ( 40.26192807293897147, 0.07707105197498038962, -1.200000000000002620 ) ) ;
#757 = CARTESIAN_POINT ( 'NONE',  ( 29.42147801196127688, -2.383305173274229638, -1.577712426404044965 ) ) ;
#758 = VECTOR ( 'NONE', #3540, 100.0000000000000000 ) ;
#759 = EDGE_LOOP ( 'NONE', ( #218, #4015, #2103, #1299 ) ) ;
#760 = ADVANCED_FACE ( 'NONE', ( #1801 ), #3072, .F. ) ;
#761 = CARTESIAN_POINT ( 'NONE',  ( 51.65303380369044106, 8.589439450864375658, -1.199999999999996625 ) ) ;
#762 = PRODUCT_DEFINITION_SHAPE ( 'NONE', 'NONE',  #2334 ) ;
#763 = VERTEX_POINT ( 'NONE', #167 ) ;
#764 = LINE ( 'NONE', #3617, #3024 ) ;
#765 = CARTESIAN_POINT ( 'NONE',  ( 45.80838335197996258, 2.878398158337738710, -0.8898110390462180552 ) ) ;
#766 = ORIENTED_EDGE ( 'NONE', *, *, #1813, .T. ) ;
#767 = FACE_OUTER_BOUND ( 'NONE', #3423, .T. ) ;
#768 = B_SPLINE_CURVE_WITH_KNOTS ( 'NONE', 2,
 ( #2713, #2089, #3388 ),
 .UNSPECIFIED., .F., .F.,
 ( 3, 3 ),
 ( 0.1950968719087216585, 0.3370897608444000104 ),
 .UNSPECIFIED. ) ;
#769 = ORIENTED_EDGE ( 'NONE', *, *, #830, .T. ) ;
#770 = AXIS2_PLACEMENT_3D ( 'NONE', #2638, #460, #3933 ) ;
#771 = CARTESIAN_POINT ( 'NONE',  ( 40.78935794662711345, 0.7043388805884038817, -0.7754253836860133253 ) ) ;
#772 =( GEOMETRIC_REPRESENTATION_CONTEXT ( 3 ) GLOBAL_UNCERTAINTY_ASSIGNED_CONTEXT ( ( #1326 ) ) GLOBAL_UNIT_ASSIGNED_CONTEXT ( ( #4073, #3055, #2391 ) ) REPRESENTATION_CONTEXT ( 'NONE', 'WORKASPACE' ) );
#773 = LINE ( 'NONE', #1730, #1572 ) ;
#774 = CARTESIAN_POINT ( 'NONE',  ( 49.16975577325351310, 6.330288000729439091, -1.199999999999998179 ) ) ;
#775 = FACE_OUTER_BOUND ( 'NONE', #681, .T. ) ;
#776 = VERTEX_POINT ( 'NONE', #1501 ) ;
#777 = ADVANCED_FACE ( 'NONE', ( #1784 ), #2738, .F. ) ;
#778 = AXIS2_PLACEMENT_3D ( 'NONE', #2751, #3085, #1860 ) ;
#779 = FACE_OUTER_BOUND ( 'NONE', #2844, .T. ) ;
#780 = LINE ( 'NONE', #461, #1175 ) ;
#781 = CARTESIAN_POINT ( 'NONE',  ( 30.06549077205419707, 6.646973500539088420, -20.28997938598705630 ) ) ;
#782 = EDGE_LOOP ( 'NONE', ( #2170, #2124, #723, #454, #2060, #1958, #235 ) ) ;
#783 = APPLICATION_PROTOCOL_DEFINITION ( 'draft international standard', 'automotive_design', 1998, #534 ) ;
#784 = CARTESIAN_POINT ( 'NONE',  ( 45.37029156054220635, 3.494441370285926496, -0.8979192884013196263 ) ) ;
#785 = VECTOR ( 'NONE', #3766, 100.0000000000000000 ) ;
#786 = EDGE_CURVE ( 'NONE', #943, #1968, #3591, .T. ) ;
#787 = VECTOR ( 'NONE', #388, 100.0000000000000142 ) ;
#788 = ORIENTED_EDGE ( 'NONE', *, *, #2249, .T. ) ;
#789 = CARTESIAN_POINT ( 'NONE',  ( 29.64619802868336151, 0.5933768968077768324, -11.35842590799979668 ) ) ;
#790 = DIRECTION ( 'NONE',  ( -0.9998626349648349620, 0.01657441405230463891, 0.000000000000000000 ) ) ;
#791 = EDGE_LOOP ( 'NONE', ( #710, #179, #3527, #2438, #2596, #1905, #1617, #2599, #3167 ) ) ;
#792 = LINE ( 'NONE', #1123, #3517 ) ;
#793 = ORIENTED_EDGE ( 'NONE', *, *, #1700, .F. ) ;
#794 = CARTESIAN_POINT ( 'NONE',  ( 29.46522969764891187, 0.2560445859506713107, -11.72997687891023233 ) ) ;
#795 = CARTESIAN_POINT ( 'NONE',  ( 29.43109815211983360, -9.344708511468324375, -0.8250000000000035083 ) ) ;
#796 = CARTESIAN_POINT ( 'NONE',  ( 30.23782383506047466, -2.357119666576611650, -1.300000000000007372 ) ) ;
#797 = LINE ( 'NONE', #2699, #3491 ) ;
#798 = ORIENTED_EDGE ( 'NONE', *, *, #2601, .T. ) ;
#799 = ADVANCED_FACE ( 'NONE', ( #1459 ), #3031, .F. ) ;
#800 = B_SPLINE_CURVE_WITH_KNOTS ( 'NONE', 3,
 ( #2734, #3982, #514, #1418 ),
 .UNSPECIFIED., .F., .F.,
 ( 4, 4 ),
 ( 0.000000000000000000, 0.0005570724271395249578 ),
 .UNSPECIFIED. ) ;
#801 = PLANE ( 'NONE',  #1593 ) ;
#802 = DIRECTION ( 'NONE',  ( -0.9998626349648348510, 0.01657441405230448625, 0.000000000000000000 ) ) ;
#803 = CARTESIAN_POINT ( 'NONE',  ( 29.60210928465626523, 8.513397401182173141, -21.62189783248136976 ) ) ;
#804 = EDGE_CURVE ( 'NONE', #1639, #3713, #674, .T. ) ;
#805 = B_SPLINE_CURVE_WITH_KNOTS ( 'NONE', 2,
 ( #927, #903, #3791 ),
 .UNSPECIFIED., .F., .F.,
 ( 3, 3 ),
 ( 0.8296686185898606292, 0.9200451456492193536 ),
 .UNSPECIFIED. ) ;
#806 = CARTESIAN_POINT ( 'NONE',  ( 29.20948204592048114, 8.961479275765617203, -21.85670886413236147 ) ) ;
#807 = EDGE_LOOP ( 'NONE', ( #3605, #2050, #3733, #1325, #2151 ) ) ;
#808 = ORIENTED_EDGE ( 'NONE', *, *, #2299, .F. ) ;
#809 = CARTESIAN_POINT ( 'NONE',  ( 45.85400271893194457, 3.884908755138780645, -0.6999999999999999556 ) ) ;
#810 = DIRECTION ( 'NONE',  ( -0.9998626349648350731, 0.01657441405230466319, 0.000000000000000000 ) ) ;
#811 = EDGE_CURVE ( 'NONE', #3958, #817, #3146, .T. ) ;
#812 = VERTEX_POINT ( 'NONE', #500 ) ;
#813 = LINE ( 'NONE', #2364, #351 ) ;
#814 = CARTESIAN_POINT ( 'NONE',  ( 51.11470380752408715, 9.798528041614362749, -0.6999999999999966249 ) ) ;
#815 = CARTESIAN_POINT ( 'NONE',  ( 45.33456488868646517, 2.493326978128878935, -0.7000000000000003997 ) ) ;
#816 = CARTESIAN_POINT ( 'NONE',  ( 29.36470365497220314, 6.258535278550102277, -0.5000000000000032196 ) ) ;
#817 = VERTEX_POINT ( 'NONE', #188 ) ;
#818 = CARTESIAN_POINT ( 'NONE',  ( 29.92188106493380673, 6.671957294419801343, -20.02350580789022416 ) ) ;
#819 = LINE ( 'NONE', #2313, #2145 ) ;
#820 = CARTESIAN_POINT ( 'NONE',  ( 28.52779617348061336, -2.590529930286589178, -1.000000000000006439 ) ) ;
#821 = LINE ( 'NONE', #2721, #2143 ) ;
#822 = CARTESIAN_POINT ( 'NONE',  ( 29.77855282727698238, 8.829063262577898641, -21.87481388987767161 ) ) ;
#823 = CONICAL_SURFACE ( 'NONE', #701, 0.8016513616222679106, 0.01745329251994333364 ) ;
#824 = CARTESIAN_POINT ( 'NONE',  ( 45.58046641526183862, 3.661500636546915377, -0.7545701546498535528 ) ) ;
#825 = ORIENTED_EDGE ( 'NONE', *, *, #3850, .T. ) ;
#826 = CARTESIAN_POINT ( 'NONE',  ( 29.99347952911162807, 3.274395105827544672, -16.95244777738674458 ) ) ;
#827 = CIRCLE ( 'NONE', #625, 0.4999999999999985567 ) ;
#828 = ORIENTED_EDGE ( 'NONE', *, *, #3552, .F. ) ;
#829 = CARTESIAN_POINT ( 'NONE',  ( 29.95898854158022928, 0.2478596981119599585, -11.95645299639823911 ) ) ;
#830 = EDGE_CURVE ( 'NONE', #1940, #687, #2016, .T. ) ;
#831 = CARTESIAN_POINT ( 'NONE',  ( 40.27037592089061491, 0.4769859681717054101, -0.4999999999999995559 ) ) ;
#832 = PLANE ( 'NONE',  #180 ) ;
#833 = CARTESIAN_POINT ( 'NONE',  ( 30.10107121036268296, 8.446630985636124578, -22.16756122134490425 ) ) ;
#834 = ORIENTED_EDGE ( 'NONE', *, *, #804, .T. ) ;
#835 = EDGE_CURVE ( 'NONE', #2781, #624, #2754, .T. ) ;
#836 = EDGE_CURVE ( 'NONE', #318, #694, #3113, .T. ) ;
#837 = CARTESIAN_POINT ( 'NONE',  ( 29.59166217568004598, 7.033652159224866196, -20.35418184090424631 ) ) ;
#838 = CARTESIAN_POINT ( 'NONE',  ( 29.52158270542919993, 3.655577544831071446, -16.66641791636914149 ) ) ;
#839 = CARTESIAN_POINT ( 'NONE',  ( 31.02191643705909385, -2.370117327441628063, -0.8000000000000069278 ) ) ;
#840 = CARTESIAN_POINT ( 'NONE',  ( 50.75515064926096898, 9.274614775604538508, -1.106410135698649988 ) ) ;
#841 = CARTESIAN_POINT ( 'NONE',  ( 28.78118743939269208, -9.333935142334325974, -0.8250000000000037303 ) ) ;
#842 = AXIS2_PLACEMENT_3D ( 'NONE', #3885, #3272, #1689 ) ;
#843 = ADVANCED_FACE ( 'NONE', ( #2551 ), #2646, .T. ) ;
#844 = VECTOR ( 'NONE', #2041, 100.0000000000000142 ) ;
#845 = EDGE_CURVE ( 'NONE', #3181, #651, #1881, .T. ) ;
#846 = DIRECTION ( 'NONE',  ( -5.390264181402415068E-18, 8.935274433673846651E-20, -1.000000000000000000 ) ) ;
#847 = EDGE_CURVE ( 'NONE', #4029, #2668, #4044, .T. ) ;
#848 = ORIENTED_EDGE ( 'NONE', *, *, #246, .F. ) ;
#849 = LINE ( 'NONE', #3079, #1506 ) ;
#850 = ORIENTED_EDGE ( 'NONE', *, *, #3111, .F. ) ;
#851 = DIRECTION ( 'NONE',  ( 2.220446049250313081E-16, -2.357666062887398772E-18, -1.000000000000000000 ) ) ;
#852 = CARTESIAN_POINT ( 'NONE',  ( 29.79995021599052762, 9.463209326999342252, -22.36023630076421398 ) ) ;
#853 = CARTESIAN_POINT ( 'NONE',  ( 27.23884348098842878, -2.307406495602015717, -1.000000000000006217 ) ) ;
#854 = CARTESIAN_POINT ( 'NONE',  ( 29.04276639057133025, -1.095754356822523867, -7.365437551427183038 ) ) ;
#855 = EDGE_LOOP ( 'NONE', ( #1548, #3861, #3405, #2938, #1722, #4057 ) ) ;
#856 = AXIS2_PLACEMENT_3D ( 'NONE', #3888, #422, #3297 ) ;
#857 = CARTESIAN_POINT ( 'NONE',  ( 40.76048524534689221, -0.3034283397540505911, -0.7000000000000027311 ) ) ;
#858 = CARTESIAN_POINT ( 'NONE',  ( 29.22108413575709562, 9.661383120240994771, -22.50000000000000000 ) ) ;
#859 = CARTESIAN_POINT ( 'NONE',  ( 29.99848976963260228, 0.2472048984560679119, -11.47552833453503141 ) ) ;
#860 = CARTESIAN_POINT ( 'NONE',  ( 50.46068147311667218, 8.861270828217866935, -0.7427529357284919920 ) ) ;
#861 = FACE_OUTER_BOUND ( 'NONE', #1212, .T. ) ;
#862 = EDGE_CURVE ( 'NONE', #3857, #3449, #2243, .T. ) ;
#863 = CARTESIAN_POINT ( 'NONE',  ( 29.01720331466568936, -2.637864041796337489, -1.309270955983233176 ) ) ;
#864 = EDGE_CURVE ( 'NONE', #1357, #154, #1477, .T. ) ;
#865 = VERTEX_POINT ( 'NONE', #2491 ) ;
#866 = CARTESIAN_POINT ( 'NONE',  ( 30.10525603427362640, 8.946630307056258502, -22.24651367581769179 ) ) ;
#867 = ORIENTED_EDGE ( 'NONE', *, *, #1696, .F. ) ;
#868 = DIRECTION ( 'NONE',  ( -0.9998626349648349620, 0.01657441405230580117, -1.665334536937735304E-16 ) ) ;
#869 = CARTESIAN_POINT ( 'NONE',  ( 40.54379318881267835, 0.07155198322723956006, -1.170338983050845050 ) ) ;
#870 = CARTESIAN_POINT ( 'NONE',  ( 29.98159669121525539, -1.109751542240035915, -7.395706971780787065 ) ) ;
#871 = CARTESIAN_POINT ( 'NONE',  ( 42.78164814690678242, 6.036126734066455946, -0.7000000000000003997 ) ) ;
#872 = CARTESIAN_POINT ( 'NONE',  ( 28.02991439782486083, -2.320519833836566903, -1.000000000000006439 ) ) ;
#873 = ORIENTED_EDGE ( 'NONE', *, *, #2432, .T. ) ;
#874 = CARTESIAN_POINT ( 'NONE',  ( 29.88752828315476151, 6.684777546623061006, -20.03505942477778135 ) ) ;
#875 = CARTESIAN_POINT ( 'NONE',  ( 49.17717169914716635, 6.226578054375666582, -0.6999999999999979572 ) ) ;
#876 = CARTESIAN_POINT ( 'NONE',  ( 28.50803306809542192, -2.562221039933631150, -1.000000000000006439 ) ) ;
#877 = AXIS2_PLACEMENT_3D ( 'NONE', #1094, #85, #1694 ) ;
#878 = LINE ( 'NONE', #3116, #1942 ) ;
#879 = CARTESIAN_POINT ( 'NONE',  ( 29.27188693627929439, 0.6593045227470255565, -0.5000000000000032196 ) ) ;
#880 =( BOUNDED_CURVE ( )  B_SPLINE_CURVE ( 3, ( #417, #1685, #2588, #705 ),
 .UNSPECIFIED., .F., .T. ) 
 B_SPLINE_CURVE_WITH_KNOTS ( ( 4, 4 ),
 ( 0.03448593806023277086, 0.5261072994567438377 ),
 .UNSPECIFIED. ) 
 CURVE ( )  GEOMETRIC_REPRESENTATION_ITEM ( )  RATIONAL_B_SPLINE_CURVE ( ( 1.000000000000000000, 0.9799602469831804052, 0.9799602469831804052, 1.000000000000000000 ) ) 
 REPRESENTATION_ITEM ( '' )  );
#881 = EDGE_LOOP ( 'NONE', ( #3571, #4061, #52, #1031, #3492, #2623 ) ) ;
#882 = B_SPLINE_CURVE_WITH_KNOTS ( 'NONE', 3,
 ( #65, #1340, #2594, #712, #3848, #2285, #401, #1522, #3966, #3355, #2112, #2702, #517, #1440, #1821, #4024, #1170, #2387 ),
 .UNSPECIFIED., .F., .F.,
 ( 4, 2, 2, 2, 2, 2, 2, 2, 4 ),
 ( 0.000000000000000000, 0.001282782014711122184, 0.001924173022066686094, 0.002565564029422250005, 0.003848346044133254661, 0.005131128058844259751, 0.006413910073555263540, 0.007696692088266269063, 0.01026225611768817950 ),
 .UNSPECIFIED. ) ;
#883 = CARTESIAN_POINT ( 'NONE',  ( 50.25248679141511587, 8.612655886071983957, -1.199999999999997291 ) ) ;
#884 = CARTESIAN_POINT ( 'NONE',  ( 29.47185946327227768, 0.6559896399365641173, -11.50000000229208119 ) ) ;
#885 = AXIS2_PLACEMENT_3D ( 'NONE', #3946, #3998, #1181 ) ;
#886 = VECTOR ( 'NONE', #1634, 100.0000000000000142 ) ;
#887 = EDGE_CURVE ( 'NONE', #983, #1039, #2164, .T. ) ;
#888 = ORIENTED_EDGE ( 'NONE', *, *, #1790, .F. ) ;
#889 = CARTESIAN_POINT ( 'NONE',  ( 30.10935841738883667, 8.946562303118541948, -22.16756122134490425 ) ) ;
#890 = VECTOR ( 'NONE', #3830, 100.0000000000000142 ) ;
#891 = AXIS2_PLACEMENT_3D ( 'NONE', #3770, #2534, #1207 ) ;
#892 = ADVANCED_FACE ( 'NONE', ( #2533 ), #3789, .F. ) ;
#893 = ORIENTED_EDGE ( 'NONE', *, *, #1236, .F. ) ;
#894 = FACE_OUTER_BOUND ( 'NONE', #2838, .T. ) ;
#895 = CARTESIAN_POINT ( 'NONE',  ( 0.01896740029930087112, 1.144221133962461057, -1.200000000000015721 ) ) ;
#896 = CARTESIAN_POINT ( 'NONE',  ( 39.77673344425925706, 0.2751807699565852472, -0.7000000000000029532 ) ) ;
#897 = DIRECTION ( 'NONE',  ( -0.9998626349648348510, 0.01657441405230573525, -1.665334536937734811E-16 ) ) ;
#898 = LINE ( 'NONE', #2178, #1512 ) ;
#899 = B_SPLINE_CURVE_WITH_KNOTS ( 'NONE', 3,
 ( #3213, #376, #61, #1336 ),
 .UNSPECIFIED., .F., .F.,
 ( 4, 4 ),
 ( 1.387778780781445676E-17, 0.003249721683980875530 ),
 .UNSPECIFIED. ) ;
#900 = VERTEX_POINT ( 'NONE', #375 ) ;
#901 = DIRECTION ( 'NONE',  ( -1.000000000000000000, 0.000000000000000000, -1.665680818703646662E-16 ) ) ;
#902 = CARTESIAN_POINT ( 'NONE',  ( 29.61862405080233884, 6.353936728901432573, -19.71398610861536937 ) ) ;
#903 = CARTESIAN_POINT ( 'NONE',  ( 50.02982021716243821, 7.352254763938423032, -0.6999999999999976241 ) ) ;
#904 = DIRECTION ( 'NONE',  ( -3.462121318424173032E-16, 4.706777519503276240E-17, 1.000000000000000000 ) ) ;
#905 = CARTESIAN_POINT ( 'NONE',  ( 30.06460749944761091, 6.246933188713487795, -19.98925470086114586 ) ) ;
#906 = ORIENTED_EDGE ( 'NONE', *, *, #2306, .F. ) ;
#907 = EDGE_CURVE ( 'NONE', #2321, #1964, #2675, .T. ) ;
#908 = CARTESIAN_POINT ( 'NONE',  ( 31.03832149385492656, -1.380471282467322203, -0.5000000000000028866 ) ) ;
#909 = CARTESIAN_POINT ( 'NONE',  ( 46.26462328035577798, 2.977978379414514709, -1.199999999999999956 ) ) ;
#910 = ORIENTED_EDGE ( 'NONE', *, *, #3589, .F. ) ;
#911 = FACE_OUTER_BOUND ( 'NONE', #3959, .T. ) ;
#912 = ORIENTED_EDGE ( 'NONE', *, *, #2559, .F. ) ;
#913 = EDGE_CURVE ( 'NONE', #1811, #1850, #3291, .T. ) ;
#914 = VERTEX_POINT ( 'NONE', #2610 ) ;
#915 = PLANE ( 'NONE',  #226 ) ;
#916 = CARTESIAN_POINT ( 'NONE',  ( 31.23829402084788498, -1.383786165277783198, -0.7000000000000061728 ) ) ;
#917 = CARTESIAN_POINT ( 'NONE',  ( 51.59863108044612545, 9.717405461309331471, -0.7053710881836587898 ) ) ;
#918 = DIRECTION ( 'NONE',  ( 0.01657441405230464584, 0.9998626349648348510, 1.734723475976806902E-18 ) ) ;
#919 = DIRECTION ( 'NONE',  ( -3.372764553633511840E-16, -2.511834186424162314E-16, 1.000000000000000000 ) ) ;
#920 = ORIENTED_EDGE ( 'NONE', *, *, #907, .T. ) ;
#921 = B_SPLINE_CURVE_WITH_KNOTS ( 'NONE', 2,
 ( #2977, #467, #135 ),
 .UNSPECIFIED., .F., .F.,
 ( 3, 3 ),
 ( 0.8297279928420306927, 0.9200451456492194646 ),
 .UNSPECIFIED. ) ;
#922 = AXIS2_PLACEMENT_3D ( 'NONE', #1476, #2130, #3390 ) ;
#923 = B_SPLINE_CURVE_WITH_KNOTS ( 'NONE', 3,
 ( #3343, #3302, #1406, #507 ),
 .UNSPECIFIED., .F., .F.,
 ( 4, 4 ),
 ( 0.000000000000000000, 0.0004834611839200000775 ),
 .UNSPECIFIED. ) ;
#924 = EDGE_CURVE ( 'NONE', #413, #1608, #2964, .T. ) ;
#925 = CARTESIAN_POINT ( 'NONE',  ( 49.16676936265849918, 6.396250803853428479, -0.9497456803307586792 ) ) ;
#926 = CARTESIAN_POINT ( 'NONE',  ( 49.16621105951234938, 6.116450768821834139, -0.6999999999999982903 ) ) ;
#927 = CARTESIAN_POINT ( 'NONE',  ( 49.27752137395131626, 6.422796374690702415, -0.6999999999999981792 ) ) ;
#928 = CARTESIAN_POINT ( 'NONE',  ( 29.57959315461226169, 7.155096767207863806, -20.46425231158485047 ) ) ;
#929 = ORIENTED_EDGE ( 'NONE', *, *, #327, .F. ) ;
#930 = CARTESIAN_POINT ( 'NONE',  ( 29.98923980646748078, 8.738679961704477250, -22.24983071788745193 ) ) ;
#931 = DIRECTION ( 'NONE',  ( -2.220446049250313081E-16, -9.860761315262647568E-32, -1.000000000000000000 ) ) ;
#932 = ADVANCED_FACE ( 'NONE', ( #3539 ), #749, .F. ) ;
#933 = VERTEX_POINT ( 'NONE', #682 ) ;
#934 = VECTOR ( 'NONE', #1698, 100.0000000000000142 ) ;
#935 = DIRECTION ( 'NONE',  ( -0.9998626349648348510, 0.01657441405230464584, 0.000000000000000000 ) ) ;
#936 = ORIENTED_EDGE ( 'NONE', *, *, #811, .F. ) ;
#937 = ORIENTED_EDGE ( 'NONE', *, *, #1413, .T. ) ;
#938 = DIRECTION ( 'NONE',  ( -1.000000000000000000, 0.000000000000000000, -3.382917932875483327E-16 ) ) ;
#939 = CARTESIAN_POINT ( 'NONE',  ( 51.43443968877217287, 10.28307717325414039, -0.4999999999999986122 ) ) ;
#940 = CARTESIAN_POINT ( 'NONE',  ( 40.22717755226558012, 0.4587683504992905448, -1.057250925377018369 ) ) ;
#941 = CARTESIAN_POINT ( 'NONE',  ( 29.07191440928634307, 0.6626194055574995412, -11.50000000000003020 ) ) ;
#942 = DIRECTION ( 'NONE',  ( 0.9998626349648348510, -0.01657441405230466319, 3.341506680459168366E-16 ) ) ;
#943 = VERTEX_POINT ( 'NONE', #771 ) ;
#944 = CARTESIAN_POINT ( 'NONE',  ( 49.15839109156489428, 6.330476389547355254, -1.199999999999998401 ) ) ;
#945 = CARTESIAN_POINT ( 'NONE',  ( 39.74338221018398798, 0.2620762191558750343, -0.7000000000000028422 ) ) ;
#946 = CARTESIAN_POINT ( 'NONE',  ( 51.43443968877217287, 10.28307717325414039, -0.6999999999999964029 ) ) ;
#947 = CARTESIAN_POINT ( 'NONE',  ( 48.40374646376343293, 6.325614241945714866, -0.7000000000050324855 ) ) ;
#948 = CARTESIAN_POINT ( 'NONE',  ( 48.77399023488833052, 6.422207254498172091, -0.8696939480714758197 ) ) ;
#949 = ORIENTED_EDGE ( 'NONE', *, *, #715, .T. ) ;
#950 = DIRECTION ( 'NONE',  ( -0.01657441405230485054, -0.9998626349648350731, 3.783680950347351440E-18 ) ) ;
#951 = DIRECTION ( 'NONE',  ( 0.9998626349648348510, -0.01657441405230446890, -0.000000000000000000 ) ) ;
#952 = B_SPLINE_CURVE_WITH_KNOTS ( 'NONE', 2,
 ( #1866, #290, #2160 ),
 .UNSPECIFIED., .F., .F.,
 ( 3, 3 ),
 ( 0.4129444514982797410, 0.6658633006263761089 ),
 .UNSPECIFIED. ) ;
#953 = ORIENTED_EDGE ( 'NONE', *, *, #1509, .F. ) ;
#954 = CARTESIAN_POINT ( 'NONE',  ( 50.77576818653075463, 9.304077780756347948, -1.199999999999996625 ) ) ;
#955 = VERTEX_POINT ( 'NONE', #1046 ) ;
#956 = VECTOR ( 'NONE', #3141, 100.0000000000000142 ) ;
#957 = VERTEX_POINT ( 'NONE', #1950 ) ;
#958 = DIRECTION ( 'NONE',  ( -0.01657441405264623371, -0.9998626349648294109, -1.410783329877806049E-14 ) ) ;
#959 = CARTESIAN_POINT ( 'NONE',  ( 51.11043873219347233, 9.782862538669716557, -1.204199999999996606 ) ) ;
#960 = CARTESIAN_POINT ( 'NONE',  ( 51.18558636594174516, 9.062550110566704120, -1.043340067222684020 ) ) ;
#961 = LINE ( 'NONE', #1227, #3227 ) ;
#962 = CARTESIAN_POINT ( 'NONE',  ( 30.31904579061175298, -1.868616763265141367, -1.300000000000007150 ) ) ;
#963 = ORIENTED_EDGE ( 'NONE', *, *, #2564, .F. ) ;
#964 = CARTESIAN_POINT ( 'NONE',  ( 29.55670919611248948, 3.415889720440427268, -16.34521761549737562 ) ) ;
#965 = CARTESIAN_POINT ( 'NONE',  ( 41.04285810721555805, 0.06412581601820763200, -1.200000000000002176 ) ) ;
#966 = CARTESIAN_POINT ( 'NONE',  ( 29.60113989288026204, 8.454918192662278287, -21.97078005163794501 ) ) ;
#967 = LINE ( 'NONE', #378, #2673 ) ;
#968 = CARTESIAN_POINT ( 'NONE',  ( 29.62102918974303734, 9.654753354620073225, -23.00000000000000355 ) ) ;
#969 = ORIENTED_EDGE ( 'NONE', *, *, #526, .F. ) ;
#970 = ADVANCED_FACE ( 'NONE', ( #2900 ), #3519, .F. ) ;
#971 = CIRCLE ( 'NONE', #3801, 0.5000000000000013323 ) ;
#972 = CARTESIAN_POINT ( 'NONE',  ( 29.77266969782224493, 8.467071731113602340, -22.25450391828930918 ) ) ;
#973 = EDGE_CURVE ( 'NONE', #1077, #1357, #1624, .T. ) ;
#974 = ORIENTED_EDGE ( 'NONE', *, *, #2909, .T. ) ;
#975 = LINE ( 'NONE', #2212, #956 ) ;
#976 = VERTEX_POINT ( 'NONE', #3248 ) ;
#977 = EDGE_CURVE ( 'NONE', #2411, #3924, #2413, .T. ) ;
#978 = AXIS2_PLACEMENT_3D ( 'NONE', #2883, #1914, #3828 ) ;
#979 = ORIENTED_EDGE ( 'NONE', *, *, #3589, .T. ) ;
#980 = DIRECTION ( 'NONE',  ( 0.01657441405230463891, 0.9998626349648348510, 2.526198420459838063E-16 ) ) ;
#981 = CARTESIAN_POINT ( 'NONE',  ( 51.16041098557722222, 9.023694097582355411, -1.184275066162314038 ) ) ;
#982 = CARTESIAN_POINT ( 'NONE',  ( 40.37842186919233711, 0.5229987019480950572, -0.9855637807675881046 ) ) ;
#983 = VERTEX_POINT ( 'NONE', #394 ) ;
#984 = B_SPLINE_CURVE_WITH_KNOTS ( 'NONE', 3,
 ( #1717, #3610, #781, #2991 ),
 .UNSPECIFIED., .F., .F.,
 ( 4, 4 ),
 ( 0.000000000000000000, 0.0001725263028966728530 ),
 .UNSPECIFIED. ) ;
#985 = EDGE_CURVE ( 'NONE', #812, #3543, #880, .T. ) ;
#986 = CARTESIAN_POINT ( 'NONE',  ( 49.17508963588640114, 6.668526526577732483, -0.7257571132624123234 ) ) ;
#987 = FACE_OUTER_BOUND ( 'NONE', #1928, .T. ) ;
#988 = CARTESIAN_POINT ( 'NONE',  ( 28.60202145526021411, -2.416350325028544521, -1.300000000000007372 ) ) ;
#989 = EDGE_CURVE ( 'NONE', #1264, #1672, #3843, .T. ) ;
#990 = CARTESIAN_POINT ( 'NONE',  ( 29.02219116712941371, -2.336968499337017668, -1.777438445626160268 ) ) ;
#991 = CARTESIAN_POINT ( 'NONE',  ( 29.73620529440259475, -2.481055342512189288, -1.300000000000007816 ) ) ;
#992 = EDGE_LOOP ( 'NONE', ( #659, #2305, #4034, #2296 ) ) ;
#993 = AXIS2_PLACEMENT_3D ( 'NONE', #1371, #2008, #3902 ) ;
#994 = DIRECTION ( 'NONE',  ( 0.9998626349648348510, -0.01657441405230524606, 0.000000000000000000 ) ) ;
#995 = ADVANCED_FACE ( 'NONE', ( #2941 ), #2344, .F. ) ;
#996 = EDGE_LOOP ( 'NONE', ( #1309, #743, #2556, #2832, #2664, #1282 ) ) ;
#997 = UNCERTAINTY_MEASURE_WITH_UNIT (LENGTH_MEASURE( 1.000000000000000082E-05 ), #1359, 'distance_accuracy_value', 'NONE');
#998 = CARTESIAN_POINT ( 'NONE',  ( 49.26849197523915080, 6.411646406265929521, -0.6999999999999980682 ) ) ;
#999 = ORIENTED_EDGE ( 'NONE', *, *, #2117, .F. ) ;
#1000 = EDGE_LOOP ( 'NONE', ( #1733, #3535, #3184, #3286, #224, #2465, #1056, #447 ) ) ;
#1001 = CARTESIAN_POINT ( 'NONE',  ( 29.60514815075974226, 8.696719035338704273, -22.34149285588222966 ) ) ;
#1002 = CARTESIAN_POINT ( 'NONE',  ( 51.21418436505790339, 9.106832274132495186, -0.9760577309273342772 ) ) ;
#1003 = CARTESIAN_POINT ( 'NONE',  ( 40.94944809683440923, 0.06567424490688336669, -1.160757719513710207 ) ) ;
#1004 = ORIENTED_EDGE ( 'NONE', *, *, #3301, .F. ) ;
#1005 = B_SPLINE_CURVE_WITH_KNOTS ( 'NONE', 3,
 ( #1441, #3648, #3664, #3396, #1786, #1754, #3357, #876, #820, #519, #3683, #2371, #3074, #3052 ),
 .UNSPECIFIED., .F., .F.,
 ( 4, 2, 2, 2, 2, 2, 4 ),
 ( 0.000000000000000000, 0.002068634898781623963, 0.004137269797563247926, 0.005171587246953998976, 0.006205904696344751760, 0.007240222145735503677, 0.008274539595126256461 ),
 .UNSPECIFIED. ) ;
#1006 = CARTESIAN_POINT ( 'NONE',  ( 29.45694249062515979, -0.2438867315342095332, -11.72997687891027319 ) ) ;
#1007 = CARTESIAN_POINT ( 'NONE',  ( 30.08942187719838657, 6.632588030256367340, -19.98891532737465937 ) ) ;
#1008 = DIRECTION ( 'NONE',  ( -0.9998626349648348510, 0.01657441405230462850, 0.000000000000000000 ) ) ;
#1009 = LINE ( 'NONE', #2225, #886 ) ;
#1010 = CARTESIAN_POINT ( 'NONE',  ( 29.60051550091830563, 5.953585590755474222, -20.15027911177360309 ) ) ;
#1011 = EDGE_LOOP ( 'NONE', ( #3679, #676, #2393, #1061, #3430 ) ) ;
#1012 = CARTESIAN_POINT ( 'NONE',  ( 51.11470380752408715, 9.798528041614362749, -0.6999999999999966249 ) ) ;
#1013 = ORIENTED_EDGE ( 'NONE', *, *, #551, .F. ) ;
#1014 = DIRECTION ( 'NONE',  ( 3.382917932875483327E-16, 2.470467893844505313E-16, -1.000000000000000000 ) ) ;
#1015 = VECTOR ( 'NONE', #2823, 100.0000000000000000 ) ;
#1016 = ORIENTED_EDGE ( 'NONE', *, *, #1342, .T. ) ;
#1017 = EDGE_CURVE ( 'NONE', #2379, #3496, #1729, .T. ) ;
#1018 = ORIENTED_EDGE ( 'NONE', *, *, #3247, .T. ) ;
#1019 = CARTESIAN_POINT ( 'NONE',  ( 28.59753272601693297, -2.657490216978323438, -1.000000000000006661 ) ) ;
#1020 = ORIENTED_EDGE ( 'NONE', *, *, #2724, .T. ) ;
#1021 = DIRECTION ( 'NONE',  ( 3.330499076652585451E-16, -3.785903644536287438E-18, -1.000000000000000000 ) ) ;
#1022 = EDGE_CURVE ( 'NONE', #2583, #1262, #2499, .T. ) ;
#1023 = B_SPLINE_CURVE_WITH_KNOTS ( 'NONE', 3,
 ( #869, #2696, #1125, #2382 ),
 .UNSPECIFIED., .F., .F.,
 ( 4, 4 ),
 ( 0.000000000000000000, 0.0002918993621810814904 ),
 .UNSPECIFIED. ) ;
#1024 = ORIENTED_EDGE ( 'NONE', *, *, #216, .F. ) ;
#1025 = CARTESIAN_POINT ( 'NONE',  ( 29.20948204592048114, 8.961479275765615427, -22.25672608094550853 ) ) ;
#1026 = ADVANCED_FACE ( 'NONE', ( #3576 ), #2044, .F. ) ;
#1027 = CARTESIAN_POINT ( 'NONE',  ( 30.04820147340001668, 6.633518834184590318, -19.98914983767656040 ) ) ;
#1028 = CARTESIAN_POINT ( 'NONE',  ( 45.77175446266352310, 3.386629261935739876, -1.179371013862488882 ) ) ;
#1029 = AXIS2_PLACEMENT_3D ( 'NONE', #3445, #1176, #2146 ) ;
#1030 = CARTESIAN_POINT ( 'NONE',  ( 29.69265360478944160, 8.794031577733120386, -22.34936824923341092 ) ) ;
#1031 = ORIENTED_EDGE ( 'NONE', *, *, #1324, .F. ) ;
#1032 = CYLINDRICAL_SURFACE ( 'NONE', #856, 0.4999999999999985567 ) ;
#1033 = CARTESIAN_POINT ( 'NONE',  ( 42.70962778319242403, 1.691450028915983728, -0.7000000000000015099 ) ) ;
#1034 = DIRECTION ( 'NONE',  ( -0.9998626349648349620, 0.01657441405230485054, 5.391004716954934500E-18 ) ) ;
#1035 = VERTEX_POINT ( 'NONE', #3066 ) ;
#1036 = CARTESIAN_POINT ( 'NONE',  ( 29.57952447209468261, 6.865639597738123712, -20.50066253301466190 ) ) ;
#1037 = ORIENTED_EDGE ( 'NONE', *, *, #4017, .T. ) ;
#1038 = CARTESIAN_POINT ( 'NONE',  ( 29.54496785172415940, 5.066302166511779781, -18.43393758446877229 ) ) ;
#1039 = VERTEX_POINT ( 'NONE', #1454 ) ;
#1040 = CARTESIAN_POINT ( 'NONE',  ( 29.75511734552902965, 8.952434447945259777, -22.75643437066017682 ) ) ;
#1041 =( BOUNDED_CURVE ( )  B_SPLINE_CURVE ( 3, ( #2376, #1738, #2665, #3895 ),
 .UNSPECIFIED., .F., .F. ) 
 B_SPLINE_CURVE_WITH_KNOTS ( ( 4, 4 ),
 ( 3.141592653589793116, 3.790305751766315900 ),
 .UNSPECIFIED. ) 
 CURVE ( )  GEOMETRIC_REPRESENTATION_ITEM ( )  RATIONAL_B_SPLINE_CURVE ( ( 1.000000000000000000, 0.9652373265017022419, 0.9652373265017022419, 1.000000000000000000 ) ) 
 REPRESENTATION_ITEM ( '' )  );
#1042 = ORIENTED_EDGE ( 'NONE', *, *, #3490, .F. ) ;
#1043 = CARTESIAN_POINT ( 'NONE',  ( 40.67993573315767719, 0.07014186810979908260, -0.7761633516828205792 ) ) ;
#1044 = VECTOR ( 'NONE', #127, 100.0000000000000000 ) ;
#1045 = ORIENTED_EDGE ( 'NONE', *, *, #315, .F. ) ;
#1046 = CARTESIAN_POINT ( 'NONE',  ( 27.23884348098842878, -1.317488509068562408, -1.000000000000006217 ) ) ;
#1047 = CARTESIAN_POINT ( 'NONE',  ( 29.45289206297297824, -0.4882314940259307456, -20.79008107956275708 ) ) ;
#1048 = CARTESIAN_POINT ( 'NONE',  ( 40.67711678403340869, -0.05960920597759539197, -0.8556174192910744880 ) ) ;
#1049 = CARTESIAN_POINT ( 'NONE',  ( 29.57832970477018364, 5.895140181456712369, -20.09729788615392820 ) ) ;
#1050 = EDGE_LOOP ( 'NONE', ( #2998, #3456, #2959, #2363, #929 ) ) ;
#1051 = CARTESIAN_POINT ( 'NONE',  ( 45.85497315984170541, 2.917401671988030021, -0.9108148988220980957 ) ) ;
#1052 = PLANE ( 'NONE',  #43 ) ;
#1053 = CARTESIAN_POINT ( 'NONE',  ( 45.46966389293517352, 3.391211129187593265, -1.222340780251642611 ) ) ;
#1054 = ORIENTED_EDGE ( 'NONE', *, *, #2440, .F. ) ;
#1055 = DIRECTION ( 'NONE',  ( -0.9998626349648348510, 0.01657441405230463544, 4.314083075427407763E-32 ) ) ;
#1056 = ORIENTED_EDGE ( 'NONE', *, *, #3036, .T. ) ;
#1057 = CARTESIAN_POINT ( 'NONE',  ( 40.54203898306122511, 0.07242773994132563342, -1.199462997004565823 ) ) ;
#1058 = EDGE_CURVE ( 'NONE', #3354, #318, #474, .T. ) ;
#1059 = ORIENTED_EDGE ( 'NONE', *, *, #811, .T. ) ;
#1060 = CARTESIAN_POINT ( 'NONE',  ( 30.03607623822914263, 8.947777079166344905, -22.49055314536486705 ) ) ;
#1061 = ORIENTED_EDGE ( 'NONE', *, *, #660, .F. ) ;
#1062 = B_SPLINE_SURFACE_WITH_KNOTS ( 'NONE', 2, 1, ( 
 ( #635, #3082 ),
 ( #1200, #2811 ),
 ( #3408, #3715 ) ),
 .UNSPECIFIED., .F., .F., .F.,
 ( 3, 3 ),
 ( 2, 2 ),
 ( 0.9476357906707408851, 1.000000000000000000 ),
 ( 0.000000000000000000, 1.000000000000000000 ),
 .UNSPECIFIED. ) ;
#1063 = ORIENTED_EDGE ( 'NONE', *, *, #3614, .F. ) ;
#1064 = CARTESIAN_POINT ( 'NONE',  ( 31.23829402084788498, -1.383786165277783198, -0.7000000000000061728 ) ) ;
#1065 = CARTESIAN_POINT ( 'NONE',  ( 49.27745833949703780, 6.422718496476240269, -0.7062784222122949762 ) ) ;
#1066 = VECTOR ( 'NONE', #846, 100.0000000000000000 ) ;
#1067 = CARTESIAN_POINT ( 'NONE',  ( 40.86009493123799530, -0.1873491726358356979, -0.7327011303859459757 ) ) ;
#1068 = CARTESIAN_POINT ( 'NONE',  ( 29.64201845066001084, 6.027786618800578644, -20.21731972933168819 ) ) ;
#1069 = VERTEX_POINT ( 'NONE', #1163 ) ;
#1070 = EDGE_CURVE ( 'NONE', #1639, #2045, #813, .T. ) ;
#1071 = CARTESIAN_POINT ( 'NONE',  ( 45.91520258102074337, 2.968114484062512659, -0.8414783515954071813 ) ) ;
#1072 = DIRECTION ( 'NONE',  ( -0.000000000000000000, 1.000000000000000000, -0.000000000000000000 ) ) ;
#1073 = EDGE_CURVE ( 'NONE', #3063, #1303, #768, .T. ) ;
#1074 = EDGE_LOOP ( 'NONE', ( #3210, #1648 ) ) ;
#1075 = DIRECTION ( 'NONE',  ( -0.01657441405230465972, -0.9998626349648349620, 0.000000000000000000 ) ) ;
#1076 = DIRECTION ( 'NONE',  ( -0.9998626349648348510, 0.01657441405230465625, 0.000000000000000000 ) ) ;
#1077 = VERTEX_POINT ( 'NONE', #1494 ) ;
#1078 = AXIS2_PLACEMENT_3D ( 'NONE', #841, #1807, #1825 ) ;
#1079 = CARTESIAN_POINT ( 'NONE',  ( 29.07191440928634663, 0.6626194055574862185, -11.50000000229207764 ) ) ;
#1080 = FACE_OUTER_BOUND ( 'NONE', #1434, .T. ) ;
#1081 = EDGE_LOOP ( 'NONE', ( #4076, #3429, #3193, #95 ) ) ;
#1082 = CARTESIAN_POINT ( 'NONE',  ( 30.99519099743574913, -3.982347382637524191, -0.5000000000000026645 ) ) ;
#1083 = EDGE_CURVE ( 'NONE', #1168, #2831, #2415, .T. ) ;
#1084 = VERTEX_POINT ( 'NONE', #3675 ) ;
#1085 = DIRECTION ( 'NONE',  ( 0.9998626349648349620, -0.01657441405230486442, 0.000000000000000000 ) ) ;
#1086 = CARTESIAN_POINT ( 'NONE',  ( 48.72204735959149247, 5.757841259949413093, -0.6999999999999985123 ) ) ;
#1087 = CARTESIAN_POINT ( 'NONE',  ( 40.62275818952047501, -0.007851636997400355394, -0.9252965510211862421 ) ) ;
#1088 = CARTESIAN_POINT ( 'NONE',  ( 29.90086241088419783, 0.2459418851198819922, -11.78215562478896139 ) ) ;
#1089 = VECTOR ( 'NONE', #980, 100.0000000000000142 ) ;
#1090 = ORIENTED_EDGE ( 'NONE', *, *, #1971, .F. ) ;
#1091 = VECTOR ( 'NONE', #1952, 100.0000000000000000 ) ;
#1092 = FACE_OUTER_BOUND ( 'NONE', #1761, .T. ) ;
#1093 = EDGE_CURVE ( 'NONE', #3983, #3500, #1217, .T. ) ;
#1094 = CARTESIAN_POINT ( 'NONE',  ( 29.36470365497220314, 6.258535278550102277, -0.5000000000000032196 ) ) ;
#1095 = B_SPLINE_CURVE_WITH_KNOTS ( 'NONE', 3,
 ( #2945, #2038, #3251, #1652, #2348, #1068, #709, #2325, #1010, #2968, #1049, #1671, #438, #420 ),
 .UNSPECIFIED., .F., .F.,
 ( 4, 2, 2, 2, 2, 2, 4 ),
 ( 6.798699777552591143E-17, 0.001625331035716079007, 0.002437996553574057687, 0.003250662071432037017, 0.004063327589290015480, 0.004875993107147993944, 0.006501324142863959543 ),
 .UNSPECIFIED. ) ;
#1096 = ORIENTED_EDGE ( 'NONE', *, *, #1530, .T. ) ;
#1097 = B_SPLINE_CURVE_WITH_KNOTS ( 'NONE', 3,
 ( #1802, #3073, #3133, #875, #227, #926 ),
 .UNSPECIFIED., .F., .F.,
 ( 4, 2, 4 ),
 ( 4.163336342344337027E-17, 0.001651665577877579200, 0.003303331155755116766 ),
 .UNSPECIFIED. ) ;
#1098 = CARTESIAN_POINT ( 'NONE',  ( 30.07123726506853600, 6.646878242699420625, -20.00215235425145011 ) ) ;
#1099 = ORIENTED_EDGE ( 'NONE', *, *, #2273, .F. ) ;
#1100 = CARTESIAN_POINT ( 'NONE',  ( 29.48196578933395173, 0.4861013928598973965, -11.09075708846232544 ) ) ;
#1101 = CARTESIAN_POINT ( 'NONE',  ( 29.45694249062515979, -0.2438867315342095332, -11.72997687891027319 ) ) ;
#1102 = ORIENTED_EDGE ( 'NONE', *, *, #2331, .F. ) ;
#1103 = CARTESIAN_POINT ( 'NONE',  ( 40.57569856966632216, -0.3840033648714725745, -0.6999999999999788614 ) ) ;
#1104 = EDGE_CURVE ( 'NONE', #1177, #976, #3979, .T. ) ;
#1105 = ORIENTED_EDGE ( 'NONE', *, *, #2861, .F. ) ;
#1106 = CARTESIAN_POINT ( 'NONE',  ( 29.42617050577511861, -2.100227339302371377, -7.521880668120234148 ) ) ;
#1107 = CARTESIAN_POINT ( 'NONE',  ( 28.59850047294034070, -2.821286399468161399, -1.000000000000007105 ) ) ;
#1108 = CARTESIAN_POINT ( 'NONE',  ( 40.54863543640857415, 0.4723733461345287488, -1.200000000000002398 ) ) ;
#1109 = LINE ( 'NONE', #2367, #3466 ) ;
#1110 = VERTEX_POINT ( 'NONE', #181 ) ;
#1111 = EDGE_CURVE ( 'NONE', #1767, #1240, #150, .T. ) ;
#1112 = VECTOR ( 'NONE', #66, 100.0000000000000000 ) ;
#1113 = DIRECTION ( 'NONE',  ( -0.9998626349648348510, 0.01657441405230463544, 0.000000000000000000 ) ) ;
#1114 = DIRECTION ( 'NONE',  ( -1.665393298452077782E-16, 1.025709229455375713E-18, 1.000000000000000000 ) ) ;
#1115 = CYLINDRICAL_SURFACE ( 'NONE', #3779, 19.80215235425126963 ) ;
#1116 = EDGE_CURVE ( 'NONE', #1177, #1853, #1777, .T. ) ;
#1117 = CARTESIAN_POINT ( 'NONE',  ( 45.77088273402486607, 3.386217917502318819, -1.199999999999999956 ) ) ;
#1118 = VECTOR ( 'NONE', #918, 100.0000000000000142 ) ;
#1119 = B_SPLINE_CURVE_WITH_KNOTS ( 'NONE', 3,
 ( #3330, #2715, #3981, #497, #3962, #1146 ),
 .UNSPECIFIED., .F., .F.,
 ( 4, 2, 4 ),
 ( 0.000000000000000000, 0.001785535119414706409, 0.003571070238829412817 ),
 .UNSPECIFIED. ) ;
#1120 = ORIENTED_EDGE ( 'NONE', *, *, #1827, .T. ) ;
#1121 = DIRECTION ( 'NONE',  ( 0.01657441405230466319, 0.9998626349648349620, 1.734723475976807094E-18 ) ) ;
#1122 = CARTESIAN_POINT ( 'NONE',  ( 29.99447762050899513, 3.260929630901244991, -16.95239721202210603 ) ) ;
#1123 = CARTESIAN_POINT ( 'NONE',  ( 29.47185946327228123, 0.6559896399365641173, -11.50000000000000178 ) ) ;
#1124 = ORIENTED_EDGE ( 'NONE', *, *, #845, .T. ) ;
#1125 = CARTESIAN_POINT ( 'NONE',  ( 40.54264117998302197, 0.07241775750896523034, -1.189751676523447044 ) ) ;
#1126 = CARTESIAN_POINT ( 'NONE',  ( 48.72204735959149247, 5.757841259949413093, -0.6999999999999985123 ) ) ;
#1127 = CARTESIAN_POINT ( 'NONE',  ( 29.03260236254531890, -1.708906158863238822, -15.45986411484235923 ) ) ;
#1128 = CARTESIAN_POINT ( 'NONE',  ( 31.03832149385492656, -1.380471282467322203, -0.8000000000000069278 ) ) ;
#1129 = ORIENTED_EDGE ( 'NONE', *, *, #1403, .F. ) ;
#1130 = CARTESIAN_POINT ( 'NONE',  ( 29.82386359595352587, 6.716767181642135931, -20.06417631724583472 ) ) ;
#1131 = PLANE ( 'NONE',  #2021 ) ;
#1132 = LINE ( 'NONE', #230, #144 ) ;
#1133 = DIRECTION ( 'NONE',  ( -0.9998626349648349620, 0.01657441405230446890, 0.000000000000000000 ) ) ;
#1134 = DIRECTION ( 'NONE',  ( -0.01657441405230464584, -0.9998626349648348510, -2.526198420459838063E-16 ) ) ;
#1135 = EDGE_CURVE ( 'NONE', #3224, #3543, #3963, .T. ) ;
#1136 = ORIENTED_EDGE ( 'NONE', *, *, #427, .T. ) ;
#1137 = CARTESIAN_POINT ( 'NONE',  ( 29.49396272367870253, -0.004539536229208441555, -12.09976063231399834 ) ) ;
#1138 = CARTESIAN_POINT ( 'NONE',  ( 48.62715771743973647, 6.573989821970297243, -0.7762044153200807761 ) ) ;
#1139 = ADVANCED_FACE ( 'NONE', ( #2750 ), #3693, .F. ) ;
#1140 = EDGE_CURVE ( 'NONE', #3853, #1520, #1023, .T. ) ;
#1141 = ORIENTED_EDGE ( 'NONE', *, *, #786, .T. ) ;
#1142 = VECTOR ( 'NONE', #2515, 100.0000000000000142 ) ;
#1143 = CARTESIAN_POINT ( 'NONE',  ( 29.63344934009212750, 6.395954082848827049, -20.54014371158129748 ) ) ;
#1144 = CARTESIAN_POINT ( 'NONE',  ( 29.27188693627929439, 0.6593045227470255565, -11.50000000000000711 ) ) ;
#1145 = ADVANCED_FACE ( 'NONE', ( #2771 ), #3640, .F. ) ;
#1146 = CARTESIAN_POINT ( 'NONE',  ( 48.62715771743973647, 6.573989821970297243, -0.7762044153200807761 ) ) ;
#1147 = CARTESIAN_POINT ( 'NONE',  ( 49.16312600763259155, 5.930342946743506261, -0.6999999999999982903 ) ) ;
#1148 = EDGE_LOOP ( 'NONE', ( #2994, #920, #588, #848, #3825, #2962 ) ) ;
#1149 = ADVANCED_FACE ( 'NONE', ( #3716 ), #3171, .T. ) ;
#1150 = CARTESIAN_POINT ( 'NONE',  ( 29.59898856704409909, 7.005616332770225441, -20.32865943432048539 ) ) ;
#1151 = CARTESIAN_POINT ( 'NONE',  ( 50.77576818653075463, 9.304077780756347948, -0.6999999999999969580 ) ) ;
#1152 = DIRECTION ( 'NONE',  ( -0.01657441405230579770, -0.9998626349648348510, 0.000000000000000000 ) ) ;
#1153 = CARTESIAN_POINT ( 'NONE',  ( 50.76422159915956200, 9.287569921819278207, -1.194151591942827384 ) ) ;
#1154 = DIRECTION ( 'NONE',  ( -1.000000000000000000, 0.000000000000000000, 0.000000000000000000 ) ) ;
#1155 = EDGE_CURVE ( 'NONE', #1938, #3354, #3714, .T. ) ;
#1156 = CARTESIAN_POINT ( 'NONE',  ( 30.10525603427362640, 8.946630307056258502, -22.24651367581769179 ) ) ;
#1157 = AXIS2_PLACEMENT_3D ( 'NONE', #4056, #2501, #935 ) ;
#1158 = CARTESIAN_POINT ( 'NONE',  ( 45.40509928241371540, 3.521826672363827182, -0.8635563436356777922 ) ) ;
#1159 = VERTEX_POINT ( 'NONE', #2792 ) ;
#1160 = LINE ( 'NONE', #1469, #1828 ) ;
#1161 = VECTOR ( 'NONE', #2535, 100.0000000000000142 ) ;
#1162 = ORIENTED_EDGE ( 'NONE', *, *, #2256, .F. ) ;
#1163 = CARTESIAN_POINT ( 'NONE',  ( 51.93437100625460090, 10.27478996622798668, -0.6999999999999962919 ) ) ;
#1164 = LINE ( 'NONE', #3961, #2231 ) ;
#1165 = CARTESIAN_POINT ( 'NONE',  ( 30.07123726506852890, 6.646878242699422401, 5.001225937380148124E-15 ) ) ;
#1166 = CARTESIAN_POINT ( 'NONE',  ( 40.54863543640857415, 0.4723733461345287488, -1.200000000000002398 ) ) ;
#1167 = EDGE_CURVE ( 'NONE', #933, #1168, #1581, .T. ) ;
#1168 = VERTEX_POINT ( 'NONE', #304 ) ;
#1169 = EDGE_CURVE ( 'NONE', #1345, #3238, #3147, .T. ) ;
#1170 = CARTESIAN_POINT ( 'NONE',  ( 29.52980122993776391, 4.093172879320687407, -17.22866501914397119 ) ) ;
#1171 = FACE_BOUND ( 'NONE', #281, .T. ) ;
#1172 = CARTESIAN_POINT ( 'NONE',  ( 30.02370493687717001, -2.353570283740597624, -0.5000000000000031086 ) ) ;
#1173 = CARTESIAN_POINT ( 'NONE',  ( 30.00089492680556091, 3.648057929001831567, -16.95239721201884464 ) ) ;
#1174 = CARTESIAN_POINT ( 'NONE',  ( 49.10898578509949886, 5.931240412489066749, -0.6999999999999982903 ) ) ;
#1175 = VECTOR ( 'NONE', #1114, 100.0000000000000000 ) ;
#1176 = DIRECTION ( 'NONE',  ( 0.01657441405230466666, 0.9998626349648349620, 1.734723475976807094E-18 ) ) ;
#1177 = VERTEX_POINT ( 'NONE', #1859 ) ;
#1178 = CARTESIAN_POINT ( 'NONE',  ( 29.56000145363901055, 0.06812049235404742109, -11.98063183217168159 ) ) ;
#1179 = VERTEX_POINT ( 'NONE', #325 ) ;
#1180 = CARTESIAN_POINT ( 'NONE',  ( 30.01621428435087324, 3.327580057535155067, -17.45197147569836460 ) ) ;
#1181 = DIRECTION ( 'NONE',  ( -0.9998626349648349620, 0.01657441405230474646, 0.000000000000000000 ) ) ;
#1182 = CARTESIAN_POINT ( 'NONE',  ( 29.86746299017574557, 9.398518793420853612, -22.31266246112222618 ) ) ;
#1183 = CARTESIAN_POINT ( 'NONE',  ( 29.58586724368138476, 7.533585394851481709, -21.49858392123555006 ) ) ;
#1184 = CARTESIAN_POINT ( 'NONE',  ( 29.46828849945849527, 0.4405688548064635723, -10.97664068296517392 ) ) ;
#1185 = ORIENTED_EDGE ( 'NONE', *, *, #1575, .T. ) ;
#1186 = CARTESIAN_POINT ( 'NONE',  ( 40.55045158031593644, 0.4732239127485872721, -1.170338983050845050 ) ) ;
#1187 = CYLINDRICAL_SURFACE ( 'NONE', #1291, 0.1750000000000029310 ) ;
#1188 = CARTESIAN_POINT ( 'NONE',  ( 45.25357243699670562, 3.403294554079047796, -0.7860860192642418198 ) ) ;
#1189 = CARTESIAN_POINT ( 'NONE',  ( 51.62819232965916427, 9.765534048218302843, -0.6999999999999948486 ) ) ;
#1190 = LINE ( 'NONE', #3317, #4033 ) ;
#1191 = EDGE_CURVE ( 'NONE', #3838, #407, #2853, .T. ) ;
#1192 = CARTESIAN_POINT ( 'NONE',  ( 29.42105666275003273, 9.658068237430541103, -0.5000000000000032196 ) ) ;
#1193 = CARTESIAN_POINT ( 'NONE',  ( 51.17145771247023589, 9.040730433910423969, -0.7282215621442843512 ) ) ;
#1194 = B_SPLINE_CURVE_WITH_KNOTS ( 'NONE', 3,
 ( #606, #4011, #1193, #2453 ),
 .UNSPECIFIED., .F., .F.,
 ( 4, 4 ),
 ( -0.004846646864380902385, 0.002000000000026139722 ),
 .UNSPECIFIED. ) ;
#1195 = B_SPLINE_CURVE_WITH_KNOTS ( 'NONE', 2,
 ( #1565, #1612, #621 ),
 .UNSPECIFIED., .F., .F.,
 ( 3, 3 ),
 ( 0.9486755597194591605, 1.000000000000000000 ),
 .UNSPECIFIED. ) ;
#1196 = VERTEX_POINT ( 'NONE', #4038 ) ;
#1197 = PRODUCT_DEFINITION_CONTEXT ( 'detailed design', #534, 'design' ) ;
#1198 = CARTESIAN_POINT ( 'NONE',  ( 29.99514384832132663, 3.301120265381439989, -16.95239721201883754 ) ) ;
#1199 = VERTEX_POINT ( 'NONE', #939 ) ;
#1200 = CARTESIAN_POINT ( 'NONE',  ( 51.55347005379616832, 9.629117628013393215, -1.188380716559303441 ) ) ;
#1201 = DIRECTION ( 'NONE',  ( 0.9998626349648349620, -0.01657441405230446890, 0.000000000000000000 ) ) ;
#1202 = CARTESIAN_POINT ( 'NONE',  ( 39.87400127076512746, 0.3138477713160403582, -0.7160237075717182931 ) ) ;
#1203 = ADVANCED_FACE ( 'NONE', ( #1224 ), #3783, .F. ) ;
#1204 = CARTESIAN_POINT ( 'NONE',  ( 29.07190158887172871, 0.6618460054538399806, -11.49818166789215645 ) ) ;
#1205 = LINE ( 'NONE', #3720, #3622 ) ;
#1206 = ORIENTED_EDGE ( 'NONE', *, *, #1375, .T. ) ;
#1207 = DIRECTION ( 'NONE',  ( 0.01657441405230464238, 0.9998626349648350731, 0.000000000000000000 ) ) ;
#1208 = CARTESIAN_POINT ( 'NONE',  ( 29.52982408359320488, 4.152744205491861962, -17.30249908628434241 ) ) ;
#1209 = VECTOR ( 'NONE', #3813, 100.0000000000000142 ) ;
#1210 = DIRECTION ( 'NONE',  ( -2.220446049250313081E-16, -9.860761315262647568E-32, -1.000000000000000000 ) ) ;
#1211 = CARTESIAN_POINT ( 'NONE',  ( 29.75148828675785495, -10.35015690367184149, -0.5000000000000027756 ) ) ;
#1212 = EDGE_LOOP ( 'NONE', ( #2735, #548, #1527, #3880, #2936, #3562, #300 ) ) ;
#1213 = EDGE_CURVE ( 'NONE', #687, #3920, #2460, .T. ) ;
#1214 = DIRECTION ( 'NONE',  ( -0.9998626349648348510, 0.01657441405230573525, -1.665334536937734811E-16 ) ) ;
#1215 = CARTESIAN_POINT ( 'NONE',  ( 29.01680430430896251, -2.661934608959336757, -1.300000000000003597 ) ) ;
#1216 = B_SPLINE_CURVE_WITH_KNOTS ( 'NONE', 3,
 ( #2669, #2978, #3323, #3942 ),
 .UNSPECIFIED., .F., .F.,
 ( 4, 4 ),
 ( 0.000000000000000000, 0.0002065149350831517060 ),
 .UNSPECIFIED. ) ;
#1217 = CIRCLE ( 'NONE', #2667, 0.5000000000000004441 ) ;
#1218 = ORIENTED_EDGE ( 'NONE', *, *, #1093, .F. ) ;
#1219 = DIRECTION ( 'NONE',  ( 2.220446049250313081E-16, 5.757246432727906919E-16, -1.000000000000000000 ) ) ;
#1220 = CIRCLE ( 'NONE', #1423, 0.4999999999999985567 ) ;
#1221 = ORIENTED_EDGE ( 'NONE', *, *, #3636, .F. ) ;
#1222 = EDGE_LOOP ( 'NONE', ( #525, #1713, #3575, #301, #393 ) ) ;
#1223 = DIRECTION ( 'NONE',  ( 2.668438747116199702E-16, -4.423388485706582385E-18, -1.000000000000000000 ) ) ;
#1224 = FACE_OUTER_BOUND ( 'NONE', #3756, .T. ) ;
#1225 = CARTESIAN_POINT ( 'NONE',  ( 51.34416016075751799, 9.471233543297740809, -0.7423658176481825466 ) ) ;
#1226 = ADVANCED_FACE ( 'NONE', ( #1604 ), #493, .T. ) ;
#1227 = CARTESIAN_POINT ( 'NONE',  ( 28.76461302534038467, -10.33379777729916071, -0.8250000000000037303 ) ) ;
#1228 = DIRECTION ( 'NONE',  ( 0.01657441405230464931, 0.9998626349648349620, 3.469446951953613418E-18 ) ) ;
#1229 = EDGE_LOOP ( 'NONE', ( #910, #469, #936, #3956, #2227, #565, #2250, #1218, #1681, #1749, #2031, #2510, #3124, #33, #2396, #2279, #1278 ) ) ;
#1230 = CARTESIAN_POINT ( 'NONE',  ( 29.62102918974302668, 9.654753354620073225, 8.706924070622789853E-15 ) ) ;
#1231 = CARTESIAN_POINT ( 'NONE',  ( 29.98725043571737103, 6.627634221713372575, -19.98261983904331274 ) ) ;
#1232 = CARTESIAN_POINT ( 'NONE',  ( 29.01680430430896251, -2.661934608959336757, -1.300000000000003597 ) ) ;
#1233 = CARTESIAN_POINT ( 'NONE',  ( 50.60616908126304025, 9.063739647076401340, -0.8379495206052365308 ) ) ;
#1234 = CARTESIAN_POINT ( 'NONE',  ( 29.92711751837715539, 8.916743682258806203, -21.94525161359922194 ) ) ;
#1235 = ORIENTED_EDGE ( 'NONE', *, *, #2310, .T. ) ;
#1236 = EDGE_CURVE ( 'NONE', #2816, #195, #2812, .T. ) ;
#1237 = CARTESIAN_POINT ( 'NONE',  ( 50.95738936896406557, 9.566605726199250981, -0.7572978905294288632 ) ) ;
#1238 = CARTESIAN_POINT ( 'NONE',  ( 29.02206494228574840, -2.344583097620759116, -1.675576288675167502 ) ) ;
#1239 = AXIS2_PLACEMENT_3D ( 'NONE', #2417, #2486, #3764 ) ;
#1240 = VERTEX_POINT ( 'NONE', #572 ) ;
#1241 = CARTESIAN_POINT ( 'NONE',  ( 28.42764847665003458, -10.32821202006048011, -0.5000000000000033307 ) ) ;
#1242 = AXIS2_PLACEMENT_3D ( 'NONE', #2689, #1121, #449 ) ;
#1243 = ORIENTED_EDGE ( 'NONE', *, *, #1668, .T. ) ;
#1244 = ORIENTED_EDGE ( 'NONE', *, *, #3972, .T. ) ;
#1245 = CARTESIAN_POINT ( 'NONE',  ( 29.93548988415749434, 0.2473930673332055130, -11.78009954068492249 ) ) ;
#1246 = CARTESIAN_POINT ( 'NONE',  ( 51.78990988689318442, 10.02991121725883339, -0.6999999999999964029 ) ) ;
#1247 = CARTESIAN_POINT ( 'NONE',  ( 40.24813855960920250, 0.4675966692063412977, -1.197518473996549426 ) ) ;
#1248 = CARTESIAN_POINT ( 'NONE',  ( 30.27660354984048752, -2.372809778555347915, -1.000000000000006883 ) ) ;
#1249 = CARTESIAN_POINT ( 'NONE',  ( 40.44767715397495778, 0.5528562832012741124, -0.9298667691076231145 ) ) ;
#1250 = ORIENTED_EDGE ( 'NONE', *, *, #2009, .T. ) ;
#1251 = CARTESIAN_POINT ( 'NONE',  ( 29.96694790510468565, 3.635178073245392216, -16.64920369296660496 ) ) ;
#1252 = DIRECTION ( 'NONE',  ( -0.000000000000000000, 1.000000000000000000, -0.000000000000000000 ) ) ;
#1253 = CARTESIAN_POINT ( 'NONE',  ( 28.78118743939269208, -9.333935142334325974, -0.5000000000000032196 ) ) ;
#1254 = CARTESIAN_POINT ( 'NONE',  ( 27.68661175479890701, -1.824979717385858624, -1.300000000000006262 ) ) ;
#1255 = CARTESIAN_POINT ( 'NONE',  ( 50.75213648583756054, 8.604373347424306928, -1.216780417668077208 ) ) ;
#1256 = ORIENTED_EDGE ( 'NONE', *, *, #836, .F. ) ;
#1257 = CARTESIAN_POINT ( 'NONE',  ( 29.60885346277885688, 8.920244465971736147, -22.49942799518402836 ) ) ;
#1258 = CARTESIAN_POINT ( 'NONE',  ( 29.37133342059312113, 6.658480332536035995, -20.00215235425126536 ) ) ;
#1259 = ORIENTED_EDGE ( 'NONE', *, *, #1827, .F. ) ;
#1260 = CIRCLE ( 'NONE', #1029, 21.35764531748080230 ) ;
#1261 = CARTESIAN_POINT ( 'NONE',  ( 29.51055127908882980, 9.333676829627286509, -22.25943658912875378 ) ) ;
#1262 = VERTEX_POINT ( 'NONE', #916 ) ;
#1263 = EDGE_CURVE ( 'NONE', #3159, #1069, #1364, .T. ) ;
#1264 = VERTEX_POINT ( 'NONE', #1886 ) ;
#1265 = CARTESIAN_POINT ( 'NONE',  ( 40.83078788089463984, 0.7231637883129674593, -0.7518508299559101271 ) ) ;
#1266 = DIRECTION ( 'NONE',  ( -0.9998626349648349620, 0.01657441405230464584, 0.000000000000000000 ) ) ;
#1267 = EDGE_CURVE ( 'NONE', #2642, #1940, #3107, .T. ) ;
#1268 = DIRECTION ( 'NONE',  ( -1.000000000000000000, 0.000000000000000000, -3.382917932875483327E-16 ) ) ;
#1269 = CARTESIAN_POINT ( 'NONE',  ( 30.08416342480213501, -2.449766821330972011, -1.000000000000006883 ) ) ;
#1270 = CARTESIAN_POINT ( 'NONE',  ( 41.05550690469880237, 0.8271730007075100977, -0.7000000000000022871 ) ) ;
#1271 = ORIENTED_EDGE ( 'NONE', *, *, #1328, .T. ) ;
#1272 = ADVANCED_FACE ( 'NONE', ( #3497 ), #3739, .F. ) ;
#1273 = CARTESIAN_POINT ( 'NONE',  ( 49.17168172126547887, 6.524753604798572582, -0.8028456304953036637 ) ) ;
#1274 = LINE ( 'NONE', #620, #3204 ) ;
#1275 = DIRECTION ( 'NONE',  ( -0.01657441405230573872, -0.9998626349648350731, -1.322917018107035094E-18 ) ) ;
#1276 = CARTESIAN_POINT ( 'NONE',  ( 30.49404579061175014, -1.868616763265141367, -1.000000000000006883 ) ) ;
#1277 = CARTESIAN_POINT ( 'NONE',  ( 51.15292145991758588, 8.597729658707429223, -0.4999999999999964473 ) ) ;
#1278 = ORIENTED_EDGE ( 'NONE', *, *, #3642, .F. ) ;
#1279 = AXIS2_PLACEMENT_3D ( 'NONE', #3003, #178, #810 ) ;
#1280 = CARTESIAN_POINT ( 'NONE',  ( 29.66295486544664683, 8.606702412299828353, -22.25623900626185758 ) ) ;
#1281 = EDGE_CURVE ( 'NONE', #3226, #3345, #2878, .T. ) ;
#1282 = ORIENTED_EDGE ( 'NONE', *, *, #2724, .F. ) ;
#1283 = CYLINDRICAL_SURFACE ( 'NONE', #1157, 10.99999999999813660 ) ;
#1284 = ORIENTED_EDGE ( 'NONE', *, *, #1375, .F. ) ;
#1285 = AXIS2_PLACEMENT_3D ( 'NONE', #3762, #2527, #4084 ) ;
#1286 = AXIS2_PLACEMENT_3D ( 'NONE', #3603, #3864, #2347 ) ;
#1287 = EDGE_CURVE ( 'NONE', #1467, #2616, #2101, .T. ) ;
#1288 = EDGE_LOOP ( 'NONE', ( #3510, #1679, #515, #508, #2979, #1980 ) ) ;
#1289 = CARTESIAN_POINT ( 'NONE',  ( 51.64301749531590247, 9.789770348802626643, -0.6999999999999964029 ) ) ;
#1290 = DIRECTION ( 'NONE',  ( -0.9998626349648349620, 0.01657441405230474646, 0.000000000000000000 ) ) ;
#1291 = AXIS2_PLACEMENT_3D ( 'NONE', #2447, #250, #3700 ) ;
#1292 = ORIENTED_EDGE ( 'NONE', *, *, #1833, .F. ) ;
#1293 = CARTESIAN_POINT ( 'NONE',  ( 29.75961733000098164, 3.585568556372603410, -16.57874444419536886 ) ) ;
#1294 = CARTESIAN_POINT ( 'NONE',  ( 49.16724287765154600, 6.117757567723009160, -0.4999999999999995559 ) ) ;
#1295 = DIRECTION ( 'NONE',  ( 0.01657441405230576648, 0.9998626349648349620, 2.567390744445676965E-16 ) ) ;
#1296 = EDGE_CURVE ( 'NONE', #330, #2851, #2644, .T. ) ;
#1297 = DIRECTION ( 'NONE',  ( -0.9998626349648348510, 0.01657441405230573525, -1.665334536937734811E-16 ) ) ;
#1298 = DIRECTION ( 'NONE',  ( 0.01657441405230464238, 0.9998626349648350731, 0.000000000000000000 ) ) ;
#1299 = ORIENTED_EDGE ( 'NONE', *, *, #4051, .T. ) ;
#1300 = ADVANCED_FACE ( 'NONE', ( #1080 ), #2456, .F. ) ;
#1301 = CARTESIAN_POINT ( 'NONE',  ( 29.88766913631157962, 8.572129243817407485, -22.25226062127359583 ) ) ;
#1302 = AXIS2_PLACEMENT_3D ( 'NONE', #102, #3882, #60 ) ;
#1303 = VERTEX_POINT ( 'NONE', #809 ) ;
#1304 = LINE ( 'NONE', #2523, #2869 ) ;
#1305 = ORIENTED_EDGE ( 'NONE', *, *, #221, .F. ) ;
#1306 =( BOUNDED_CURVE ( )  B_SPLINE_CURVE ( 3, ( #2239, #2255, #3498, #1311 ),
 .UNSPECIFIED., .F., .T. ) 
 B_SPLINE_CURVE_WITH_KNOTS ( ( 4, 4 ),
 ( 5.715133853687033749, 6.241915620903268014 ),
 .UNSPECIFIED. ) 
 CURVE ( )  GEOMETRIC_REPRESENTATION_ITEM ( )  RATIONAL_B_SPLINE_CURVE ( ( 1.000000000000000000, 0.9770084625071545625, 0.9770084625071545625, 1.000000000000000000 ) ) 
 REPRESENTATION_ITEM ( '' )  );
#1307 = CIRCLE ( 'NONE', #3545, 0.8016513616222679106 ) ;
#1308 = AXIS2_PLACEMENT_3D ( 'NONE', #296, #950, #2208 ) ;
#1309 = ORIENTED_EDGE ( 'NONE', *, *, #531, .T. ) ;
#1310 = CARTESIAN_POINT ( 'NONE',  ( 29.70899051209813635, 8.953199078215192230, -22.42367995191661478 ) ) ;
#1311 = CARTESIAN_POINT ( 'NONE',  ( 45.76511058438249790, 2.985832852271422588, -1.179371013862489104 ) ) ;
#1312 = CARTESIAN_POINT ( 'NONE',  ( 41.04214198028558513, -0.1710117696354857275, -0.7000000000000026201 ) ) ;
#1313 = ORIENTED_EDGE ( 'NONE', *, *, #415, .T. ) ;
#1314 = DIRECTION ( 'NONE',  ( 0.01657441405230466666, 0.9998626349648348510, 1.734723475976806902E-18 ) ) ;
#1315 = LINE ( 'NONE', #1632, #758 ) ;
#1316 = CARTESIAN_POINT ( 'NONE',  ( 29.37133342059312113, 6.658480332536035995, -0.5000000000000032196 ) ) ;
#1317 = APPLICATION_CONTEXT ( 'automotive_design' ) ;
#1318 = CARTESIAN_POINT ( 'NONE',  ( 48.62715771743973647, 6.573989821970297243, -0.7762044153200807761 ) ) ;
#1319 = CARTESIAN_POINT ( 'NONE',  ( 30.31904579061175298, -1.868616763265141367, -1.300000000000007150 ) ) ;
#1320 = ORIENTED_EDGE ( 'NONE', *, *, #103, .T. ) ;
#1321 = CIRCLE ( 'NONE', #3680, 19.50215235425126181 ) ;
#1322 = VECTOR ( 'NONE', #15, 100.0000000000000142 ) ;
#1323 = CARTESIAN_POINT ( 'NONE',  ( 29.60771863244192659, 8.851785065353457327, -22.45134486921678274 ) ) ;
#1324 = EDGE_CURVE ( 'NONE', #1615, #1429, #1216, .T. ) ;
#1325 = ORIENTED_EDGE ( 'NONE', *, *, #830, .F. ) ;
#1326 = UNCERTAINTY_MEASURE_WITH_UNIT (LENGTH_MEASURE( 1.000000000000000082E-05 ), #4073, 'distance_accuracy_value', 'NONE');
#1327 = DIRECTION ( 'NONE',  ( -0.01657441405230463891, -0.9998626349648348510, -0.000000000000000000 ) ) ;
#1328 = EDGE_CURVE ( 'NONE', #2360, #1110, #1655, .T. ) ;
#1329 = ORIENTED_EDGE ( 'NONE', *, *, #2001, .T. ) ;
#1330 = B_SPLINE_CURVE_WITH_KNOTS ( 'NONE', 2,
 ( #2972, #2619, #423 ),
 .UNSPECIFIED., .F., .F.,
 ( 3, 3 ),
 ( 0.6710009487834673880, 0.8117909662078092170 ),
 .UNSPECIFIED. ) ;
#1331 = ORIENTED_EDGE ( 'NONE', *, *, #2995, .F. ) ;
#1332 = CARTESIAN_POINT ( 'NONE',  ( 29.70575832208597333, 8.953252657230068579, -22.31067233426082907 ) ) ;
#1333 = CARTESIAN_POINT ( 'NONE',  ( 41.09104801521758787, 0.06332698679863552060, -0.8397890818657933742 ) ) ;
#1334 = VERTEX_POINT ( 'NONE', #1409 ) ;
#1335 = CARTESIAN_POINT ( 'NONE',  ( 40.23927785135777668, 0.07744651770170642158, -1.233333333333342496 ) ) ;
#1336 = CARTESIAN_POINT ( 'NONE',  ( 30.09899179283047488, 9.269936225970765165, -22.24688247531408791 ) ) ;
#1337 = FACE_OUTER_BOUND ( 'NONE', #2544, .T. ) ;
#1338 = FACE_OUTER_BOUND ( 'NONE', #3555, .T. ) ;
#1339 = ORIENTED_EDGE ( 'NONE', *, *, #845, .F. ) ;
#1340 = CARTESIAN_POINT ( 'NONE',  ( 29.97789868420169768, 3.648013335802372747, -16.66641791636914860 ) ) ;
#1341 = CARTESIAN_POINT ( 'NONE',  ( 30.01463735940727062, 3.647404330131696959, -16.95182505783794724 ) ) ;
#1342 = EDGE_CURVE ( 'NONE', #1429, #69, #2359, .T. ) ;
#1343 = ORIENTED_EDGE ( 'NONE', *, *, #3300, .F. ) ;
#1344 = DIRECTION ( 'NONE',  ( -0.9998626349648349620, 0.01657441405230466319, -3.341506680459168859E-16 ) ) ;
#1345 = VERTEX_POINT ( 'NONE', #3618 ) ;
#1346 = FACE_OUTER_BOUND ( 'NONE', #1427, .T. ) ;
#1347 = ORIENTED_EDGE ( 'NONE', *, *, #1535, .F. ) ;
#1348 = CARTESIAN_POINT ( 'NONE',  ( 45.75248458934753160, 2.831879275707885224, -0.8378261852492865369 ) ) ;
#1349 = VERTEX_POINT ( 'NONE', #1138 ) ;
#1350 = ADVANCED_FACE ( 'NONE', ( #2690 ), #717, .F. ) ;
#1351 = CARTESIAN_POINT ( 'NONE',  ( 29.20948204592048114, 8.961479275765615427, -22.25672608094550853 ) ) ;
#1352 = VERTEX_POINT ( 'NONE', #2049 ) ;
#1353 = DIRECTION ( 'NONE',  ( 0.01657441405230463891, 0.9998626349648348510, 0.000000000000000000 ) ) ;
#1354 = CARTESIAN_POINT ( 'NONE',  ( 49.17009911569429903, 6.290062040255817166, -0.5679135642161131647 ) ) ;
#1355 = DIRECTION ( 'NONE',  ( 0.01657441405230464238, 0.9998626349648350731, 0.000000000000000000 ) ) ;
#1356 = CARTESIAN_POINT ( 'NONE',  ( 29.89050308736316808, 8.906812469089429030, -22.27534718709613770 ) ) ;
#1357 = VERTEX_POINT ( 'NONE', #1101 ) ;
#1358 = CARTESIAN_POINT ( 'NONE',  ( 31.02191643705909385, -2.370117327441628063, -0.5000000000000028866 ) ) ;
#1359 =( LENGTH_UNIT ( ) NAMED_UNIT ( * ) SI_UNIT ( .CENTI., .METRE. ) );
#1360 = ADVANCED_FACE ( 'NONE', ( #177 ), #473, .F. ) ;
#1361 = LINE ( 'NONE', #1977, #1795 ) ;
#1362 = VERTEX_POINT ( 'NONE', #1437 ) ;
#1363 = LINE ( 'NONE', #838, #3796 ) ;
#1364 = B_SPLINE_CURVE_WITH_KNOTS ( 'NONE', 2,
 ( #1289, #1246, #4063 ),
 .UNSPECIFIED., .F., .F.,
 ( 3, 3 ),
 ( 0.9801402641674791250, 1.000000000000000000 ),
 .UNSPECIFIED. ) ;
#1365 = ORIENTED_EDGE ( 'NONE', *, *, #1070, .F. ) ;
#1366 = DIRECTION ( 'NONE',  ( -0.9998626349648349620, 0.01657441405230465972, 0.000000000000000000 ) ) ;
#1367 = AXIS2_PLACEMENT_3D ( 'NONE', #1768, #3013, #205 ) ;
#1368 = ORIENTED_EDGE ( 'NONE', *, *, #3734, .T. ) ;
#1369 = CARTESIAN_POINT ( 'NONE',  ( 29.63760941615396405, 8.954382340593225464, -22.18802432712572426 ) ) ;
#1370 = ORIENTED_EDGE ( 'NONE', *, *, #1267, .T. ) ;
#1371 = CARTESIAN_POINT ( 'NONE',  ( 29.31498041281528799, 3.258947373655597168, -0.5000000000000032196 ) ) ;
#1372 = ORIENTED_EDGE ( 'NONE', *, *, #1022, .F. ) ;
#1373 = AXIS2_PLACEMENT_3D ( 'NONE', #2720, #2080, #502 ) ;
#1374 = CARTESIAN_POINT ( 'NONE',  ( 29.96516101513376640, 0.2477573789244773006, -12.27921898938788203 ) ) ;
#1375 = EDGE_CURVE ( 'NONE', #1794, #330, #2753, .T. ) ;
#1376 = CARTESIAN_POINT ( 'NONE',  ( 49.16689378423168932, 6.117315387796089965, -0.6342320943894590446 ) ) ;
#1377 = LINE ( 'NONE', #3884, #353 ) ;
#1378 = DIRECTION ( 'NONE',  ( 0.000000000000000000, -1.000000000000000000, -2.549693222869526344E-16 ) ) ;
#1379 = VERTEX_POINT ( 'NONE', #3028 ) ;
#1380 = FACE_OUTER_BOUND ( 'NONE', #2343, .T. ) ;
#1381 = CARTESIAN_POINT ( 'NONE',  ( 29.51495293980827128, 3.255632490845135507, 3.168799869486304193E-15 ) ) ;
#1382 = FACE_OUTER_BOUND ( 'NONE', #2357, .T. ) ;
#1383 = ORIENTED_EDGE ( 'NONE', *, *, #59, .F. ) ;
#1384 = CARTESIAN_POINT ( 'NONE',  ( 29.57952447209468616, 7.146809560181840659, -20.78179387253660693 ) ) ;
#1385 = CIRCLE ( 'NONE', #187, 19.80215235425126963 ) ;
#1386 = CARTESIAN_POINT ( 'NONE',  ( 29.76328735704032624, 0.6226108402856289636, -11.43263332309919988 ) ) ;
#1387 = CARTESIAN_POINT ( 'NONE',  ( 29.60427712457405391, 8.644173796907631768, -22.30397454446286432 ) ) ;
#1388 = EDGE_LOOP ( 'NONE', ( #2235, #1837, #4042 ) ) ;
#1389 = CARTESIAN_POINT ( 'NONE',  ( 40.47805477353604431, -0.4265803055349093875, -1.200000000000002842 ) ) ;
#1390 = VERTEX_POINT ( 'NONE', #2155 ) ;
#1391 = EDGE_CURVE ( 'NONE', #2094, #3909, #3657, .T. ) ;
#1392 = ADVANCED_FACE ( 'NONE', ( #2092 ), #832, .T. ) ;
#1393 = CARTESIAN_POINT ( 'NONE',  ( 50.25248679141511587, 8.612655886071983957, -1.199999999999997291 ) ) ;
#1394 = LINE ( 'NONE', #3602, #236 ) ;
#1395 = DIRECTION ( 'NONE',  ( -0.000000000000000000, -0.000000000000000000, -1.000000000000000000 ) ) ;
#1396 = CARTESIAN_POINT ( 'NONE',  ( 29.64921883070313413, 8.763825306459656517, -22.36270571159597509 ) ) ;
#1397 = B_SPLINE_CURVE_WITH_KNOTS ( 'NONE', 3,
 ( #4025, #2467, #289, #3724, #902, #599, #2159, #3417, #581, #268, #1543, #2798, #4045, #1231, #2492, #1027, #2302, #1007 ),
 .UNSPECIFIED., .F., .F.,
 ( 4, 2, 2, 2, 2, 2, 2, 2, 4 ),
 ( 3.103167691559091397E-17, 0.002432165089351708779, 0.003648247634027532594, 0.004864330178703356843, 0.006080412723379180658, 0.007296495268055003605, 0.008512577812730829155, 0.009120619085068733256, 0.009728660357406635623 ),
 .UNSPECIFIED. ) ;
#1398 = ORIENTED_EDGE ( 'NONE', *, *, #2233, .F. ) ;
#1399 = EDGE_CURVE ( 'NONE', #2917, #2489, #372, .T. ) ;
#1400 = CARTESIAN_POINT ( 'NONE',  ( 29.37133342059312113, 6.658480332536035995, -0.5000000000000032196 ) ) ;
#1401 = CARTESIAN_POINT ( 'NONE',  ( 45.46353341854216268, 2.991257798605200691, -1.200000000000000400 ) ) ;
#1402 = CARTESIAN_POINT ( 'NONE',  ( 29.42163174770238854, -2.374030961666085737, -1.601383643441369298 ) ) ;
#1403 = EDGE_CURVE ( 'NONE', #2288, #3518, #3696, .T. ) ;
#1404 = ORIENTED_EDGE ( 'NONE', *, *, #3984, .T. ) ;
#1405 = ADVANCED_FACE ( 'NONE', ( #3087 ), #4020, .F. ) ;
#1406 = CARTESIAN_POINT ( 'NONE',  ( 29.96503411859175614, 0.2477594824492579395, -11.76220813900177120 ) ) ;
#1407 = ORIENTED_EDGE ( 'NONE', *, *, #2478, .T. ) ;
#1408 = CARTESIAN_POINT ( 'NONE',  ( 29.57576321575703915, 0.5636746073990863692, -11.28420229881549020 ) ) ;
#1409 = CARTESIAN_POINT ( 'NONE',  ( 31.22188896405206293, -2.373432210252088836, -0.8000000000000072609 ) ) ;
#1410 = VERTEX_POINT ( 'NONE', #3047 ) ;
#1411 = EDGE_CURVE ( 'NONE', #3224, #727, #2647, .T. ) ;
#1412 = CARTESIAN_POINT ( 'NONE',  ( 29.41958663025996401, -2.497404041904988325, -1.409622035192002576 ) ) ;
#1413 = EDGE_CURVE ( 'NONE', #914, #1264, #556, .T. ) ;
#1414 = ORIENTED_EDGE ( 'NONE', *, *, #1083, .T. ) ;
#1415 = CARTESIAN_POINT ( 'NONE',  ( 29.60435506366941993, 0.2537383477325748649, -12.32239041312273287 ) ) ;
#1416 = FACE_OUTER_BOUND ( 'NONE', #1985, .T. ) ;
#1417 = DIRECTION ( 'NONE',  ( 0.9998626349648349620, -0.01657441405230485054, 0.000000000000000000 ) ) ;
#1418 = CARTESIAN_POINT ( 'NONE',  ( 40.48634198056219446, 0.07335101194750817677, -1.200000000000002620 ) ) ;
#1419 = AXIS2_PLACEMENT_3D ( 'NONE', #3128, #1925, #1266 ) ;
#1420 = VERTEX_POINT ( 'NONE', #3068 ) ;
#1421 = EDGE_CURVE ( 'NONE', #3736, #3257, #3411, .T. ) ;
#1422 = DIRECTION ( 'NONE',  ( 0.01657441405230467013, 0.9998626349648350731, 1.734723475976807094E-18 ) ) ;
#1423 = AXIS2_PLACEMENT_3D ( 'NONE', #1525, #1462, #520 ) ;
#1424 = DIRECTION ( 'NONE',  ( 3.382917932875483327E-16, 2.470467893844505313E-16, -1.000000000000000000 ) ) ;
#1425 = PLANE ( 'NONE',  #672 ) ;
#1426 = AXIS2_PLACEMENT_3D ( 'NONE', #70, #1344, #1075 ) ;
#1427 = EDGE_LOOP ( 'NONE', ( #1365, #834, #2881, #132, #1244, #937, #64, #2659, #2007, #2867, #3710, #585, #1943, #3244, #1136, #3530, #634, #766 ) ) ;
#1428 = DIRECTION ( 'NONE',  ( 0.01657441405230467013, 0.9998626349648350731, 1.734723475976807094E-18 ) ) ;
#1429 = VERTEX_POINT ( 'NONE', #1818 ) ;
#1430 = CARTESIAN_POINT ( 'NONE',  ( 29.93357696920377364, 0.6383375023549279215, -11.47646913257740131 ) ) ;
#1431 = DIRECTION ( 'NONE',  ( -1.000000000000000000, -1.387778780781444413E-14, -3.469446951953611231E-16 ) ) ;
#1432 = ORIENTED_EDGE ( 'NONE', *, *, #1169, .F. ) ;
#1433 = CARTESIAN_POINT ( 'NONE',  ( 40.47805477353600168, -0.4265803055351120032, -0.7000000000000026201 ) ) ;
#1434 = EDGE_LOOP ( 'NONE', ( #2088, #850, #2277, #3421, #2524 ) ) ;
#1435 = CARTESIAN_POINT ( 'NONE',  ( 29.76678488641878317, 6.214736989880919715, -20.38450350420871970 ) ) ;
#1436 = DIRECTION ( 'NONE',  ( 0.01657441405230466319, 0.9998626349648349620, 1.734723475976807480E-18 ) ) ;
#1437 = CARTESIAN_POINT ( 'NONE',  ( 29.32161017843620954, 3.658892427641530887, -16.66641791636913439 ) ) ;
#1438 = DIRECTION ( 'NONE',  ( -0.01657441405230464238, -0.9998626349648349620, 0.000000000000000000 ) ) ;
#1439 = ORIENTED_EDGE ( 'NONE', *, *, #273, .T. ) ;
#1440 = CARTESIAN_POINT ( 'NONE',  ( 29.57591768521906772, 3.935552856719021442, -17.03077394968110170 ) ) ;
#1441 = CARTESIAN_POINT ( 'NONE',  ( 28.02991439782486083, -2.320519833836566903, -1.000000000000006439 ) ) ;
#1442 = CARTESIAN_POINT ( 'NONE',  ( 29.69104026458425238, 8.734415310654872755, -21.79918827349283461 ) ) ;
#1443 = ADVANCED_FACE ( 'NONE', ( #244 ), #513, .F. ) ;
#1444 = EDGE_CURVE ( 'NONE', #29, #1811, #4058, .T. ) ;
#1445 = LINE ( 'NONE', #1721, #934 ) ;
#1446 = B_SPLINE_CURVE_WITH_KNOTS ( 'NONE', 3,
 ( #2188, #1507, #545, #2475 ),
 .UNSPECIFIED., .F., .F.,
 ( 4, 4 ),
 ( 0.002000061713240038237, 0.004000123426480053056 ),
 .UNSPECIFIED. ) ;
#1447 = CIRCLE ( 'NONE', #3623, 0.4999999999999985567 ) ;
#1448 = ORIENTED_EDGE ( 'NONE', *, *, #1937, .T. ) ;
#1449 = ADVANCED_FACE ( 'NONE', ( #1841 ), #2350, .F. ) ;
#1450 = CARTESIAN_POINT ( 'NONE',  ( 29.49593657050549922, 0.5051450695134744873, -11.13832250188278650 ) ) ;
#1451 = CARTESIAN_POINT ( 'NONE',  ( 45.76511764071254618, 2.986258530110613929, -1.179371013862489104 ) ) ;
#1452 = CARTESIAN_POINT ( 'NONE',  ( 29.41674935829490067, -2.668564374580249421, -1.300000000000003597 ) ) ;
#1453 = ORIENTED_EDGE ( 'NONE', *, *, #1421, .T. ) ;
#1454 = CARTESIAN_POINT ( 'NONE',  ( 49.17804298027966325, 6.830219318211856461, -0.6999999999999980682 ) ) ;
#1455 = CYLINDRICAL_SURFACE ( 'NONE', #38, 0.5000000000000004441 ) ;
#1456 = DIRECTION ( 'NONE',  ( -0.01657441405230465972, -0.9998626349648349620, 0.000000000000000000 ) ) ;
#1457 = CARTESIAN_POINT ( 'NONE',  ( 29.44244976831066296, -1.118169917381075518, -7.060133340680019742 ) ) ;
#1458 = ORIENTED_EDGE ( 'NONE', *, *, #1155, .F. ) ;
#1459 = FACE_OUTER_BOUND ( 'NONE', #139, .T. ) ;
#1460 = LINE ( 'NONE', #1151, #1687 ) ;
#1461 = DIRECTION ( 'NONE',  ( 0.9998626349648348510, -0.01657441405230464584, 0.000000000000000000 ) ) ;
#1462 = DIRECTION ( 'NONE',  ( 0.01657441405230464238, 0.9998626349648349620, 1.734723475976807094E-18 ) ) ;
#1463 = CARTESIAN_POINT ( 'NONE',  ( 29.43109815211983360, -9.344708511468324375, -0.8250000000000035083 ) ) ;
#1464 =( BOUNDED_CURVE ( )  B_SPLINE_CURVE ( 3, ( #645, #3442, #948, #25 ),
 .UNSPECIFIED., .F., .T. ) 
 B_SPLINE_CURVE_WITH_KNOTS ( ( 4, 4 ),
 ( 3.141592653589793116, 4.153021956354661981 ),
 .UNSPECIFIED. ) 
 CURVE ( )  GEOMETRIC_REPRESENTATION_ITEM ( )  RATIONAL_B_SPLINE_CURVE ( ( 1.000000000000000000, 0.9165523315414272343, 0.9165523315414272343, 1.000000000000000000 ) ) 
 REPRESENTATION_ITEM ( '' )  );
#1465 = CARTESIAN_POINT ( 'NONE',  ( 30.07430268115455263, 8.946437576420047222, -22.24748739266552278 ) ) ;
#1466 = CARTESIAN_POINT ( 'NONE',  ( 29.22108413575709562, 9.661383120241001876, -21.85670886413236147 ) ) ;
#1467 = VERTEX_POINT ( 'NONE', #815 ) ;
#1468 = EDGE_CURVE ( 'NONE', #3070, #1349, #1119, .T. ) ;
#1469 = CARTESIAN_POINT ( 'NONE',  ( 40.27037592089061491, 0.4769859681717049660, -0.7000000000000026201 ) ) ;
#1470 = EDGE_CURVE ( 'NONE', #3721, #1639, #2399, .T. ) ;
#1471 = ORIENTED_EDGE ( 'NONE', *, *, #3333, .T. ) ;
#1472 = CIRCLE ( 'NONE', #11, 11.29999999999813198 ) ;
#1473 = B_SPLINE_CURVE_WITH_KNOTS ( 'NONE', 3,
 ( #2358, #2473, #2339, #1100, #3731, #1450, #3922, #2957, #4031, #1758, #1408, #2066, #156, #789, #3594, #116, #1386, #2029, #1831, #1430, #3020, #2048 ),
 .UNSPECIFIED., .F., .F.,
 ( 4, 2, 2, 2, 2, 2, 2, 2, 2, 2, 4 ),
 ( 1.430489624538199204E-17, 0.001057561109774492495, 0.001586341664661750344, 0.002115122219549007976, 0.003172683329323523673, 0.003701463884210720590, 0.004230244439097917940, 0.005287805548872339528, 0.006345366658646761117, 0.007402927768421183573, 0.008460488878195605161 ),
 .UNSPECIFIED. ) ;
#1474 = CARTESIAN_POINT ( 'NONE',  ( 29.50549211070189060, 0.2553771683666085091, -11.82124682585792108 ) ) ;
#1475 = CARTESIAN_POINT ( 'NONE',  ( 30.02980122993776391, 4.147221655287334663, 3.255189098589949502E-15 ) ) ;
#1476 = CARTESIAN_POINT ( 'NONE',  ( 0.1117841189922066381, 6.743451889765537999, 1.100574203218750115E-17 ) ) ;
#1477 = B_SPLINE_CURVE_WITH_KNOTS ( 'NONE', 2,
 ( #1006, #2882, #2818 ),
 .UNSPECIFIED., .F., .F.,
 ( 3, 3 ),
 ( 0.3874948551635578609, 0.4129444514982797965 ),
 .UNSPECIFIED. ) ;
#1478 = CARTESIAN_POINT ( 'NONE',  ( 29.07190158887172871, 0.6618460054538399806, -11.49818166789215645 ) ) ;
#1479 = ORIENTED_EDGE ( 'NONE', *, *, #973, .F. ) ;
#1480 = CARTESIAN_POINT ( 'NONE',  ( 40.47805477353610115, -0.4265803055350663731, -0.7000000000000028422 ) ) ;
#1481 = LINE ( 'NONE', #189, #1628 ) ;
#1482 = FACE_OUTER_BOUND ( 'NONE', #2875, .T. ) ;
#1483 = CARTESIAN_POINT ( 'NONE',  ( 30.82194391006612832, -2.366802444631167290, -1.000000000000007105 ) ) ;
#1484 = AXIS2_PLACEMENT_3D ( 'NONE', #2184, #3793, #42 ) ;
#1485 = CARTESIAN_POINT ( 'NONE',  ( 31.22188896405205938, -2.373432210252088836, -0.7000000000000063949 ) ) ;
#1486 = VECTOR ( 'NONE', #3092, 100.0000000000000000 ) ;
#1487 = CARTESIAN_POINT ( 'NONE',  ( 29.41674935829490067, -2.668564374580249421, -1.300000000000003597 ) ) ;
#1488 = ORIENTED_EDGE ( 'NONE', *, *, #3464, .T. ) ;
#1489 = CARTESIAN_POINT ( 'NONE',  ( 43.32035187062144388, 0.9000505734030583849, -0.7000000000000016209 ) ) ;
#1490 = B_SPLINE_CURVE_WITH_KNOTS ( 'NONE', 3,
 ( #3440, #3725, #1208, #3115 ),
 .UNSPECIFIED., .F., .F.,
 ( 4, 4 ),
 ( 0.01026225611768817950, 0.01039327379205078582 ),
 .UNSPECIFIED. ) ;
#1491 = B_SPLINE_CURVE_WITH_KNOTS ( 'NONE', 3,
 ( #44, #1591, #335, #2162 ),
 .UNSPECIFIED., .F., .F.,
 ( 4, 4 ),
 ( 0.002000000000000027797, 0.009172089277001135160 ),
 .UNSPECIFIED. ) ;
#1492 = VECTOR ( 'NONE', #2821, 100.0000000000000142 ) ;
#1493 = VERTEX_POINT ( 'NONE', #2218 ) ;
#1494 = CARTESIAN_POINT ( 'NONE',  ( 29.42213622111535187, -2.343598264957961863, -2.500000000000004441 ) ) ;
#1495 = EDGE_CURVE ( 'NONE', #776, #3238, #718, .T. ) ;
#1496 = CARTESIAN_POINT ( 'NONE',  ( 29.75809809094640102, 9.517065909416411174, -22.39984324372329283 ) ) ;
#1497 = CARTESIAN_POINT ( 'NONE',  ( 29.51628296686845232, 3.335867264561302559, -17.45197147569838236 ) ) ;
#1498 = CARTESIAN_POINT ( 'NONE',  ( 48.85791097929693905, 6.335457355553137937, -1.199999999999998401 ) ) ;
#1499 = ORIENTED_EDGE ( 'NONE', *, *, #1637, .T. ) ;
#1500 = VECTOR ( 'NONE', #3194, 100.0000000000000000 ) ;
#1501 = CARTESIAN_POINT ( 'NONE',  ( 29.52986991245530746, 4.155508862310839824, -17.30592310456530925 ) ) ;
#1502 = CARTESIAN_POINT ( 'NONE',  ( 39.73217152248156481, -0.4142160292780106556, -0.7000000000000030642 ) ) ;
#1503 = DIRECTION ( 'NONE',  ( 1.665393298452077782E-16, -1.025709229455379180E-18, -1.000000000000000000 ) ) ;
#1504 = CARTESIAN_POINT ( 'NONE',  ( 40.24572841237873178, 0.4665809341019984124, -1.233333333333342274 ) ) ;
#1505 = DIRECTION ( 'NONE',  ( 0.9998626349648349620, -0.01657441405230463544, 0.000000000000000000 ) ) ;
#1506 = VECTOR ( 'NONE', #1219, 100.0000000000000000 ) ;
#1507 = CARTESIAN_POINT ( 'NONE',  ( 49.27850982085636389, 6.424017661062631390, -0.5666707809461429823 ) ) ;
#1508 = ORIENTED_EDGE ( 'NONE', *, *, #3247, .F. ) ;
#1509 = EDGE_CURVE ( 'NONE', #3855, #2075, #2292, .T. ) ;
#1510 = CARTESIAN_POINT ( 'NONE',  ( 29.61824528834767634, 0.1224862750643192777, -11.91597164352691607 ) ) ;
#1511 = VERTEX_POINT ( 'NONE', #3479 ) ;
#1512 = VECTOR ( 'NONE', #1862, 100.0000000000000142 ) ;
#1513 = B_SPLINE_CURVE_WITH_KNOTS ( 'NONE', 3,
 ( #1861, #1888, #2600, #3454, #2794, #721, #2933, #2177, #3785, #695, #1269, #2508, #2529, #3130, #1248, #3434, #4040, #3741 ),
 .UNSPECIFIED., .F., .F.,
 ( 4, 2, 2, 2, 2, 2, 2, 2, 4 ),
 ( 0.000000000000000000, 0.001034287698354158626, 0.002068575396708317252, 0.003102863095062476095, 0.004137150793416634505, 0.005171438491770792914, 0.006205726190124952191, 0.007240013888479110600, 0.008274301586833269009 ),
 .UNSPECIFIED. ) ;
#1514 = ORIENTED_EDGE ( 'NONE', *, *, #2558, .T. ) ;
#1515 = CARTESIAN_POINT ( 'NONE',  ( 29.57954736679138108, 7.152334586228276336, -20.78731851910382744 ) ) ;
#1516 = DIRECTION ( 'NONE',  ( -0.9998626349648348510, 0.01657441405230573525, -1.665334536937734811E-16 ) ) ;
#1517 = CARTESIAN_POINT ( 'NONE',  ( 40.14886047065343178, 0.4260170161988911519, -0.9015975684233731302 ) ) ;
#1518 = CARTESIAN_POINT ( 'NONE',  ( 0.07697784948236716107, 4.643740356339383979, -1.200000000000015055 ) ) ;
#1519 = CARTESIAN_POINT ( 'NONE',  ( 29.55638897493903983, 5.755289078257224133, -20.00112679945515737 ) ) ;
#1520 = VERTEX_POINT ( 'NONE', #1057 ) ;
#1521 = EDGE_CURVE ( 'NONE', #865, #666, #1513, .T. ) ;
#1522 = CARTESIAN_POINT ( 'NONE',  ( 29.75619906204908816, 3.727102254652923108, -16.76559690654879731 ) ) ;
#1523 = CARTESIAN_POINT ( 'NONE',  ( 29.55638897493903627, 5.755289078257186830, -19.96977553663410276 ) ) ;
#1524 = CARTESIAN_POINT ( 'NONE',  ( 28.59563592806793153, -2.329897624897717900, -1.000000000000006661 ) ) ;
#1525 = CARTESIAN_POINT ( 'NONE',  ( 29.96516101513376640, 0.2477573789244779945, -10.97664068296517392 ) ) ;
#1526 = CARTESIAN_POINT ( 'NONE',  ( 31.23829402084788498, -1.383786165277783198, -0.4999999999999986122 ) ) ;
#1527 = ORIENTED_EDGE ( 'NONE', *, *, #2175, .T. ) ;
#1528 = CARTESIAN_POINT ( 'NONE',  ( 45.76511058438249790, 2.985832852271422588, -1.179371013862489104 ) ) ;
#1529 = DIRECTION ( 'NONE',  ( 1.665393298452077782E-16, -1.025709229455379180E-18, -1.000000000000000000 ) ) ;
#1530 = EDGE_CURVE ( 'NONE', #158, #1303, #3765, .T. ) ;
#1531 = ORIENTED_EDGE ( 'NONE', *, *, #490, .F. ) ;
#1532 = DIRECTION ( 'NONE',  ( 0.01657441405230464584, 0.9998626349648348510, 2.526198420459838063E-16 ) ) ;
#1533 = ORIENTED_EDGE ( 'NONE', *, *, #1904, .T. ) ;
#1534 = PLANE ( 'NONE',  #1890 ) ;
#1535 = EDGE_CURVE ( 'NONE', #1622, #933, #961, .T. ) ;
#1536 = CARTESIAN_POINT ( 'NONE',  ( 45.38133540227194374, 2.530323241722395977, -0.7000000000000001776 ) ) ;
#1537 = CARTESIAN_POINT ( 'NONE',  ( 29.99764546265311793, 9.326472867414873136, -22.26009380865846410 ) ) ;
#1538 = B_SPLINE_CURVE_WITH_KNOTS ( 'NONE', 3,
 ( #1710, #163, #124, #3292 ),
 .UNSPECIFIED., .F., .F.,
 ( 4, 4 ),
 ( 0.000000000000000000, 0.004913971239142210859 ),
 .UNSPECIFIED. ) ;
#1539 = CARTESIAN_POINT ( 'NONE',  ( 31.22188896405206293, -2.373432210252088836, -1.300000000000007372 ) ) ;
#1540 = CARTESIAN_POINT ( 'NONE',  ( 30.09961078566585968, 9.307277383580212060, -22.24688247531408791 ) ) ;
#1541 = EDGE_LOOP ( 'NONE', ( #1978, #161, #3367, #2199 ) ) ;
#1542 = CARTESIAN_POINT ( 'NONE',  ( 29.52982412463446238, 4.152746681333768564, -17.44920891523943496 ) ) ;
#1543 = CARTESIAN_POINT ( 'NONE',  ( 29.82220407721134592, 6.569939239392577512, -19.92521145822352935 ) ) ;
#1544 = CARTESIAN_POINT ( 'NONE',  ( 29.60425586435315282, 3.254152143849728951, -17.15170955780001805 ) ) ;
#1545 = CIRCLE ( 'NONE', #208, 10.99999999999813660 ) ;
#1546 = CARTESIAN_POINT ( 'NONE',  ( 50.74518878037665814, 9.260404870579300507, -1.064994299257664201 ) ) ;
#1547 = CARTESIAN_POINT ( 'NONE',  ( 48.72204735959149247, 5.757841259949413093, -0.6999999999999985123 ) ) ;
#1548 = ORIENTED_EDGE ( 'NONE', *, *, #3511, .F. ) ;
#1549 = EDGE_CURVE ( 'NONE', #1850, #2781, #3528, .T. ) ;
#1550 = CARTESIAN_POINT ( 'NONE',  ( 51.03452530810989884, 9.679685426661679415, -0.7107865582266363891 ) ) ;
#1551 = FACE_OUTER_BOUND ( 'NONE', #1288, .T. ) ;
#1552 = B_SPLINE_CURVE_WITH_KNOTS ( 'NONE', 3,
 ( #1012, #2827, #1550, #1899, #1237, #363, #316, #2889, #47, #2267, #3489, #1872, #3775, #2805, #3138, #2541 ),
 .UNSPECIFIED., .F., .F.,
 ( 4, 2, 2, 2, 2, 2, 2, 4 ),
 ( 3.387999773988765192E-16, 0.002144272568921763451, 0.003216408853382370439, 0.004288545137842978729, 0.005360681422303582681, 0.006432817706764185767, 0.007504953991224789719, 0.008577090275685391937 ),
 .UNSPECIFIED. ) ;
#1553 = ORIENTED_EDGE ( 'NONE', *, *, #1495, .F. ) ;
#1554 = CARTESIAN_POINT ( 'NONE',  ( 29.47387797315034774, -0.01977234335691478370, -12.16373099697540461 ) ) ;
#1555 = AXIS2_PLACEMENT_3D ( 'NONE', #1787, #4047, #2741 ) ;
#1556 = VERTEX_POINT ( 'NONE', #1961 ) ;
#1557 = EDGE_LOOP ( 'NONE', ( #2691, #3877 ) ) ;
#1558 = FACE_OUTER_BOUND ( 'NONE', #2981, .T. ) ;
#1559 = DIRECTION ( 'NONE',  ( 0.000000000000000000, 0.000000000000000000, 1.000000000000000000 ) ) ;
#1560 = DIRECTION ( 'NONE',  ( -0.01657441405230464238, -0.9998626349648349620, 0.000000000000000000 ) ) ;
#1561 = DIRECTION ( 'NONE',  ( 0.01657441405230613077, 0.9998626349648348510, 2.634384475364923906E-16 ) ) ;
#1562 = CARTESIAN_POINT ( 'NONE',  ( 50.73176923724148679, 8.379831103244523405, -0.6999999999999971800 ) ) ;
#1563 = CARTESIAN_POINT ( 'NONE',  ( 49.17379276047604719, 6.608418329892105980, -0.7507271338802997684 ) ) ;
#1564 = FACE_OUTER_BOUND ( 'NONE', #2386, .T. ) ;
#1565 = CARTESIAN_POINT ( 'NONE',  ( 51.17145771247020036, 9.040730433910384889, -0.4999999999973828158 ) ) ;
#1566 = DIRECTION ( 'NONE',  ( 0.000000000000000000, 0.000000000000000000, 1.000000000000000000 ) ) ;
#1567 = DIRECTION ( 'NONE',  ( 1.000000000000000000, 0.000000000000000000, 3.469446951953611231E-16 ) ) ;
#1568 = CARTESIAN_POINT ( 'NONE',  ( 42.72363769772371711, 2.536607511689533467, -0.7000000000000012879 ) ) ;
#1569 = ORIENTED_EDGE ( 'NONE', *, *, #3422, .T. ) ;
#1570 = CARTESIAN_POINT ( 'NONE',  ( 29.73469744265685932, 8.888859993866432774, -22.25689348453450123 ) ) ;
#1571 = CYLINDRICAL_SURFACE ( 'NONE', #4088, 0.4999999999999985567 ) ;
#1572 = VECTOR ( 'NONE', #2676, 100.0000000000000142 ) ;
#1573 = ADVANCED_FACE ( 'NONE', ( #1346 ), #3599, .T. ) ;
#1574 = ORIENTED_EDGE ( 'NONE', *, *, #3457, .T. ) ;
#1575 = EDGE_CURVE ( 'NONE', #747, #3857, #1447, .T. ) ;
#1576 = CARTESIAN_POINT ( 'NONE',  ( 40.54380722007322646, 0.07239842842256831446, -1.170338983050845272 ) ) ;
#1577 = ORIENTED_EDGE ( 'NONE', *, *, #1782, .F. ) ;
#1578 = EDGE_CURVE ( 'NONE', #3750, #1362, #329, .T. ) ;
#1579 = ORIENTED_EDGE ( 'NONE', *, *, #1470, .T. ) ;
#1580 = CARTESIAN_POINT ( 'NONE',  ( 30.05885587995373953, 8.945283828738483933, -22.24794809331386958 ) ) ;
#1581 = LINE ( 'NONE', #637, #1941 ) ;
#1582 = CARTESIAN_POINT ( 'NONE',  ( 39.99719476185327949, 0.3635905670438422388, -0.7669125627175104043 ) ) ;
#1583 = CARTESIAN_POINT ( 'NONE',  ( 29.51528459274236837, 3.275639676349911156, -16.15077155702978118 ) ) ;
#1584 = DIRECTION ( 'NONE',  ( -0.9998626349648349620, 0.01657441405230474646, 0.000000000000000000 ) ) ;
#1585 = ORIENTED_EDGE ( 'NONE', *, *, #1169, .T. ) ;
#1586 = ADVANCED_FACE ( 'NONE', ( #615 ), #4086, .F. ) ;
#1587 = CARTESIAN_POINT ( 'NONE',  ( 29.56326598683583384, 3.426402559857926633, -16.35971337294288119 ) ) ;
#1588 = DIRECTION ( 'NONE',  ( -1.000000000000000000, 0.000000000000000000, -3.462121318424173032E-16 ) ) ;
#1589 = CARTESIAN_POINT ( 'NONE',  ( 46.42476917595798369, 3.079472613207920872, -0.4999999999999972244 ) ) ;
#1590 = CARTESIAN_POINT ( 'NONE',  ( 45.99148456033355359, 3.599193352380716249, -0.6999999999999994005 ) ) ;
#1591 = CARTESIAN_POINT ( 'NONE',  ( 50.77576818653075463, 9.304077780756356830, -0.7390696425666997138 ) ) ;
#1592 = ORIENTED_EDGE ( 'NONE', *, *, #2611, .T. ) ;
#1593 = AXIS2_PLACEMENT_3D ( 'NONE', #109, #2682, #2970 ) ;
#1594 = CARTESIAN_POINT ( 'NONE',  ( 29.86233939072301524, 8.542730395160170076, -22.25280673719644753 ) ) ;
#1595 = CYLINDRICAL_SURFACE ( 'NONE', #4043, 0.4999999999999985567 ) ;
#1596 = EDGE_LOOP ( 'NONE', ( #3143, #1684, #906, #2561, #2546, #308, #2746, #1284, #535, #45 ) ) ;
#1597 = VECTOR ( 'NONE', #3149, 100.0000000000000142 ) ;
#1598 = CARTESIAN_POINT ( 'NONE',  ( 40.48634198056219446, 0.07335101194750817677, -1.200000000000002620 ) ) ;
#1599 = ORIENTED_EDGE ( 'NONE', *, *, #3111, .T. ) ;
#1600 =( BOUNDED_SURFACE ( )  B_SPLINE_SURFACE ( 3, 2, ( 
 ( #3191, #1333, #1312 ),
 ( #98, #3860, #2278 ),
 ( #2320, #2569, #3824 ),
 ( #1003, #2257, #1947 ),
 ( #3209, #3536, #3228 ),
 ( #392, #1043, #159 ),
 ( #3637, #3023, #1103 ),
 ( #2361, #3943, #1433 ) ),
 .UNSPECIFIED., .F., .F., .T. ) 
 B_SPLINE_SURFACE_WITH_KNOTS ( ( 4, 2, 2, 4 ),
 ( 3, 3 ),
 ( 0.003058481706715540302, 0.004807293206626581106, 0.006556104706537621910, 0.01005372770635970352 ),
 ( 0.000000000000000000, 1.000000000000000000 ),
 .UNSPECIFIED. ) 
 GEOMETRIC_REPRESENTATION_ITEM ( )  RATIONAL_B_SPLINE_SURFACE ( (
 ( 1.000000000000000000, 0.8745758084035810676, 1.000000000000000000),
 ( 1.000000000000000000, 0.8620746216447934263, 1.000000000000000000),
 ( 1.000000000000000000, 0.8492105543645218635, 1.000000000000000000),
 ( 1.000000000000000000, 0.8228326277718878146, 1.000000000000000000),
 ( 1.000000000000000000, 0.8093066347204864730, 1.000000000000000000),
 ( 1.000000000000000000, 0.7676134968451688856, 1.000000000000000000),
 ( 1.000000000000000000, 0.7383433362433284852, 1.000000000000000000),
 ( 1.000000000000000000, 0.7071067811864036878, 1.000000000000000000) ) ) 
 REPRESENTATION_ITEM ( '' )  SURFACE ( )  );
#1601 = ORIENTED_EDGE ( 'NONE', *, *, #2249, .F. ) ;
#1602 = ADVANCED_FACE ( 'NONE', ( #2624 ), #3570, .F. ) ;
#1603 = LINE ( 'NONE', #3997, #2944 ) ;
#1604 = FACE_OUTER_BOUND ( 'NONE', #459, .T. ) ;
#1605 = CARTESIAN_POINT ( 'NONE',  ( 51.50957778108943330, 9.573218713411188574, -0.7239294402440056286 ) ) ;
#1606 = CARTESIAN_POINT ( 'NONE',  ( 40.27213460324519190, 0.4777294297463751116, -1.168228865704570518 ) ) ;
#1607 = EDGE_CURVE ( 'NONE', #1179, #1379, #264, .T. ) ;
#1608 = VERTEX_POINT ( 'NONE', #445 ) ;
#1609 = PRODUCT_RELATED_PRODUCT_CATEGORY ( 'part', '', ( #3563 ) ) ;
#1610 = CARTESIAN_POINT ( 'NONE',  ( 49.16436897471847089, 6.362154469499190057, -1.023842509276099655 ) ) ;
#1611 = FACE_OUTER_BOUND ( 'NONE', #2482, .T. ) ;
#1612 = CARTESIAN_POINT ( 'NONE',  ( 51.56103340720237327, 9.641938410022490302, -0.4999999999999938383 ) ) ;
#1613 = CARTESIAN_POINT ( 'NONE',  ( 44.96360210105974886, 2.999545005631353067, -1.200000000000000400 ) ) ;
#1614 = CARTESIAN_POINT ( 'NONE',  ( 29.86271832119671998, 8.886504774117074845, -21.92084208959674996 ) ) ;
#1615 = VERTEX_POINT ( 'NONE', #1117 ) ;
#1616 = CARTESIAN_POINT ( 'NONE',  ( 29.80480211209282260, 8.490049632855212636, -22.25393025814420156 ) ) ;
#1617 = ORIENTED_EDGE ( 'NONE', *, *, #887, .T. ) ;
#1618 = LINE ( 'NONE', #1576, #212 ) ;
#1619 = ORIENTED_EDGE ( 'NONE', *, *, #2992, .T. ) ;
#1620 = AXIS2_PLACEMENT_3D ( 'NONE', #2106, #3960, #3044 ) ;
#1621 = VECTOR ( 'NONE', #3197, 100.0000000000000142 ) ;
#1622 = VERTEX_POINT ( 'NONE', #3038 ) ;
#1623 = DIRECTION ( 'NONE',  ( -0.9998626349648349620, 0.01657441405230474646, 0.000000000000000000 ) ) ;
#1624 = B_SPLINE_CURVE_WITH_KNOTS ( 'NONE', 2,
 ( #3904, #1106, #140 ),
 .UNSPECIFIED., .F., .F.,
 ( 3, 3 ),
 ( 0.000000000000000000, 0.3874948551635578609 ),
 .UNSPECIFIED. ) ;
#1625 = CARTESIAN_POINT ( 'NONE',  ( 51.42222968025089358, 9.433498708660877696, -0.7615343698773900938 ) ) ;
#1626 =( BOUNDED_CURVE ( )  B_SPLINE_CURVE ( 3, ( #614, #530, #1225, #917 ),
 .UNSPECIFIED., .F., .T. ) 
 B_SPLINE_CURVE_WITH_KNOTS ( ( 4, 4 ),
 ( 3.173047708054253846, 4.565682034106101739 ),
 .UNSPECIFIED. ) 
 CURVE ( )  GEOMETRIC_REPRESENTATION_ITEM ( )  RATIONAL_B_SPLINE_CURVE ( ( 1.000000000000000000, 0.8448063625050058478, 0.8448063625050058478, 1.000000000000000000 ) ) 
 REPRESENTATION_ITEM ( '' )  );
#1627 = DIRECTION ( 'NONE',  ( -3.382917932875482834E-16, -2.470467893844505313E-16, 1.000000000000000000 ) ) ;
#1628 = VECTOR ( 'NONE', #206, 100.0000000000000142 ) ;
#1629 = ORIENTED_EDGE ( 'NONE', *, *, #368, .F. ) ;
#1630 = EDGE_CURVE ( 'NONE', #3832, #763, #3917, .T. ) ;
#1631 = CARTESIAN_POINT ( 'NONE',  ( 29.63095595476525901, 3.504875223631445547, -16.46768132773961568 ) ) ;
#1632 = CARTESIAN_POINT ( 'NONE',  ( 28.78118743939269208, -9.333935142334325974, -0.8250000000000037303 ) ) ;
#1633 = CARTESIAN_POINT ( 'NONE',  ( 28.35489270057281530, -2.336188985429532572, -1.300000000000007594 ) ) ;
#1634 = DIRECTION ( 'NONE',  ( -0.01657441405230465278, -0.9998626349648348510, -2.526198420459838063E-16 ) ) ;
#1635 = LINE ( 'NONE', #1255, #1142 ) ;
#1636 = ORIENTED_EDGE ( 'NONE', *, *, #1070, .T. ) ;
#1637 = EDGE_CURVE ( 'NONE', #1390, #2781, #3260, .T. ) ;
#1638 = CARTESIAN_POINT ( 'NONE',  ( 29.69015363823156406, 8.642383231573941060, -22.25607787724768727 ) ) ;
#1639 = VERTEX_POINT ( 'NONE', #1098 ) ;
#1640 = FACE_OUTER_BOUND ( 'NONE', #2796, .T. ) ;
#1641 = ORIENTED_EDGE ( 'NONE', *, *, #1696, .T. ) ;
#1642 = EDGE_CURVE ( 'NONE', #3332, #900, #1445, .T. ) ;
#1643 = B_SPLINE_CURVE_WITH_KNOTS ( 'NONE', 3,
 ( #1711, #126, #3930, #2366, #164, #3270, #1972, #1747, #1067, #3578, #751, #2590, #1670, #3293, #2923, #1048, #3845, #1087, #3541, #707, #2943, #3560, #3231, #419, #2324, #397 ),
 .UNSPECIFIED., .F., .F.,
 ( 4, 2, 2, 2, 2, 2, 2, 2, 2, 2, 2, 2, 4 ),
 ( 0.003510375760230000520, 0.004025161813721282386, 0.004539947867212563819, 0.005054733920703845251, 0.005569519974195126684, 0.006084306027686408117, 0.006599092081177689549, 0.007628664188160251547, 0.008658236295142814412, 0.009687808402125377277, 0.01020259445561665611, 0.01071738050910793494, 0.01174695261609049780 ),
 .UNSPECIFIED. ) ;
#1644 = COLOUR_RGB ( '',0.7921568627450980005, 0.8196078431372548767, 0.9333333333333333481 ) ;
#1645 = ORIENTED_EDGE ( 'NONE', *, *, #2871, .F. ) ;
#1646 = CARTESIAN_POINT ( 'NONE',  ( 45.56267187856236944, 2.676039756827222060, -0.7342884297418571515 ) ) ;
#1647 = DIRECTION ( 'NONE',  ( -1.000000000000000000, -1.387778780781444492E-15, -3.469446951953611231E-16 ) ) ;
#1648 = ORIENTED_EDGE ( 'NONE', *, *, #2023, .F. ) ;
#1649 = CARTESIAN_POINT ( 'NONE',  ( 31.23829402084789564, -1.383786165277783198, -1.300000000000007150 ) ) ;
#1650 = CARTESIAN_POINT ( 'NONE',  ( 49.16724287765187995, 6.117757567743213443, -0.5671663250179420634 ) ) ;
#1651 = CARTESIAN_POINT ( 'NONE',  ( 48.58388118060513250, 6.525395280717150470, -0.7517881285495348065 ) ) ;
#1652 = CARTESIAN_POINT ( 'NONE',  ( 29.68308767204759846, 6.080502770105779220, -20.26483598352390203 ) ) ;
#1653 = ORIENTED_EDGE ( 'NONE', *, *, #1877, .F. ) ;
#1654 = EDGE_CURVE ( 'NONE', #2592, #3758, #1041, .T. ) ;
#1655 = CIRCLE ( 'NONE', #3945, 0.5000000000000004441 ) ;
#1656 = DIRECTION ( 'NONE',  ( 0.000000000000000000, 0.000000000000000000, 1.000000000000000000 ) ) ;
#1657 = CARTESIAN_POINT ( 'NONE',  ( 29.42197673863128315, -2.353219152686468973, -1.675253113452186415 ) ) ;
#1658 = ORIENTED_EDGE ( 'NONE', *, *, #174, .F. ) ;
#1659 = EDGE_CURVE ( 'NONE', #2816, #2932, #523, .T. ) ;
#1660 = PLANE ( 'NONE',  #1878 ) ;
#1661 = VERTEX_POINT ( 'NONE', #3320 ) ;
#1662 = CARTESIAN_POINT ( 'NONE',  ( 29.52986991245530746, 4.155508862310839824, -17.30592310456530925 ) ) ;
#1663 = ORIENTED_EDGE ( 'NONE', *, *, #186, .T. ) ;
#1664 = CARTESIAN_POINT ( 'NONE',  ( 29.69495402611939028, 8.953431756707576739, -22.27804533447912405 ) ) ;
#1665 = ORIENTED_EDGE ( 'NONE', *, *, #1263, .F. ) ;
#1666 = DIRECTION ( 'NONE',  ( 0.01657441405230466666, 0.9998626349648348510, 1.734723475976806902E-18 ) ) ;
#1667 = ORIENTED_EDGE ( 'NONE', *, *, #2273, .T. ) ;
#1668 = EDGE_CURVE ( 'NONE', #1303, #3758, #1718, .T. ) ;
#1669 = CARTESIAN_POINT ( 'NONE',  ( 49.27850982087122134, 6.424017661081000696, -0.5688622599795555290 ) ) ;
#1670 = CARTESIAN_POINT ( 'NONE',  ( 40.77758815537366388, -0.1419513152467224981, -0.7737729210374608702 ) ) ;
#1671 = CARTESIAN_POINT ( 'NONE',  ( 29.56255031717476101, 5.835720837093704816, -20.04328423298177952 ) ) ;
#1672 = VERTEX_POINT ( 'NONE', #806 ) ;
#1673 = FACE_OUTER_BOUND ( 'NONE', #2252, .T. ) ;
#1674 = CARTESIAN_POINT ( 'NONE',  ( 29.61478324912965121, 9.277962801432597217, -22.74663514059549740 ) ) ;
#1675 = CARTESIAN_POINT ( 'NONE',  ( 39.73217152248156481, -0.4142160292780106556, -0.7000000000000030642 ) ) ;
#1676 = VECTOR ( 'NONE', #3597, 100.0000000000000142 ) ;
#1677 = ORIENTED_EDGE ( 'NONE', *, *, #864, .T. ) ;
#1678 = DIRECTION ( 'NONE',  ( 0.01657441405230466666, 0.9998626349648348510, 1.734723475976806902E-18 ) ) ;
#1679 = ORIENTED_EDGE ( 'NONE', *, *, #2435, .F. ) ;
#1680 = DIRECTION ( 'NONE',  ( 0.01657441405230464931, 0.9998626349648349620, 3.469446951953613418E-18 ) ) ;
#1681 = ORIENTED_EDGE ( 'NONE', *, *, #400, .F. ) ;
#1682 = VERTEX_POINT ( 'NONE', #2046 ) ;
#1683 = DIRECTION ( 'NONE',  ( -0.9998626349648350731, 0.01657441405230608567, 2.875202515709524607E-18 ) ) ;
#1684 = ORIENTED_EDGE ( 'NONE', *, *, #1945, .T. ) ;
#1685 = CARTESIAN_POINT ( 'NONE',  ( 29.96460567581649670, 6.245439226201423999, -20.29323230848745752 ) ) ;
#1686 = CARTESIAN_POINT ( 'NONE',  ( 30.10769022461191113, 9.474564064565619503, -22.37332977672262402 ) ) ;
#1687 = VECTOR ( 'NONE', #2097, 100.0000000000000000 ) ;
#1688 = DIRECTION ( 'NONE',  ( 3.330499076652585451E-16, -3.785903644536288979E-18, -1.000000000000000000 ) ) ;
#1689 = DIRECTION ( 'NONE',  ( 1.000000000000000000, 0.000000000000000000, 0.000000000000000000 ) ) ;
#1690 = ORIENTED_EDGE ( 'NONE', *, *, #99, .T. ) ;
#1691 = B_SPLINE_CURVE_WITH_KNOTS ( 'NONE', 3,
 ( #1879, #4079, #1261, #3471 ),
 .UNSPECIFIED., .F., .F.,
 ( 4, 4 ),
 ( -0.004845767612467873249, 0.004000000000000051258 ),
 .UNSPECIFIED. ) ;
#1692 = CARTESIAN_POINT ( 'NONE',  ( 45.96521353290066969, 3.010451304343503054, -0.7975136338013212312 ) ) ;
#1693 = CARTESIAN_POINT ( 'NONE',  ( 29.62102918974302668, 9.654753354620073225, 8.706924070622789853E-15 ) ) ;
#1694 = DIRECTION ( 'NONE',  ( -0.9998626349648350731, 0.01657441405230462850, 0.000000000000000000 ) ) ;
#1695 = ORIENTED_EDGE ( 'NONE', *, *, #1111, .F. ) ;
#1696 = EDGE_CURVE ( 'NONE', #3399, #2236, #923, .T. ) ;
#1697 = DIRECTION ( 'NONE',  ( 0.01657441405230465278, 0.9998626349648348510, 3.469446951953612648E-18 ) ) ;
#1698 = DIRECTION ( 'NONE',  ( -0.9998626349648348510, 0.01657441405230463544, 2.282530889443096024E-16 ) ) ;
#1699 = AXIS2_PLACEMENT_3D ( 'NONE', #147, #1422, #480 ) ;
#1700 = EDGE_CURVE ( 'NONE', #747, #4029, #3919, .T. ) ;
#1701 = DIRECTION ( 'NONE',  ( 0.01657441405230463891, 0.9998626349648348510, 0.000000000000000000 ) ) ;
#1702 = CARTESIAN_POINT ( 'NONE',  ( 29.68776371116680579, 8.953550948337159809, -22.26179814402302171 ) ) ;
#1703 = ORIENTED_EDGE ( 'NONE', *, *, #3102, .F. ) ;
#1704 = CYLINDRICAL_SURFACE ( 'NONE', #993, 16.16641791636912018 ) ;
#1705 = AXIS2_PLACEMENT_3D ( 'NONE', #2131, #2093, #477 ) ;
#1706 = EDGE_CURVE ( 'NONE', #776, #651, #2645, .T. ) ;
#1707 = VERTEX_POINT ( 'NONE', #1466 ) ;
#1708 = AXIS2_PLACEMENT_3D ( 'NONE', #539, #2114, #3014 ) ;
#1709 = CARTESIAN_POINT ( 'NONE',  ( 29.59943729444456650, 0.2538198680744255253, -12.21921294995318519 ) ) ;
#1710 = CARTESIAN_POINT ( 'NONE',  ( 29.82954176466262197, -2.841692990704773436, -1.000000000000007327 ) ) ;
#1711 = CARTESIAN_POINT ( 'NONE',  ( 41.03893530837986248, -0.1725196525909055978, -0.7000000000000025091 ) ) ;
#1712 = CARTESIAN_POINT ( 'NONE',  ( 30.14404579061175582, -1.868616763265141367, -1.300000000000007150 ) ) ;
#1713 = ORIENTED_EDGE ( 'NONE', *, *, #862, .F. ) ;
#1714 = CARTESIAN_POINT ( 'NONE',  ( 45.89917366083692940, 2.954585571166098212, -0.8575293736488673879 ) ) ;
#1715 = CARTESIAN_POINT ( 'NONE',  ( 29.64788194331404014, 9.225263201201320484, -22.26105159415432766 ) ) ;
#1716 = AXIS2_PLACEMENT_3D ( 'NONE', #1911, #596, #1584 ) ;
#1717 = CARTESIAN_POINT ( 'NONE',  ( 30.05400500914902651, 6.647461227841615639, -20.29037837007850342 ) ) ;
#1718 = B_SPLINE_CURVE_WITH_KNOTS ( 'NONE', 3,
 ( #172, #2392, #2707, #2356, #2975, #824, #3615, #3973, #485, #3955, #2083, #1158, #1756, #784 ),
 .UNSPECIFIED., .F., .F.,
 ( 4, 2, 2, 2, 2, 2, 4 ),
 ( 1.358090206381168348E-14, 0.001649162902431284454, 0.003298325804848987759, 0.004122907256057906956, 0.004947488707266825721, 0.005772070158475743618, 0.006596651609684661514 ),
 .UNSPECIFIED. ) ;
#1719 = ORIENTED_EDGE ( 'NONE', *, *, #1073, .F. ) ;
#1720 = EDGE_CURVE ( 'NONE', #3713, #90, #3262, .T. ) ;
#1721 = CARTESIAN_POINT ( 'NONE',  ( 27.23884348098842878, -2.307406495602015717, -1.000000000000006217 ) ) ;
#1722 = ORIENTED_EDGE ( 'NONE', *, *, #1808, .F. ) ;
#1723 = LINE ( 'NONE', #3941, #173 ) ;
#1724 = CARTESIAN_POINT ( 'NONE',  ( 29.95249792247511778, 8.949162531090097517, -22.61697336043104656 ) ) ;
#1725 = VERTEX_POINT ( 'NONE', #3669 ) ;
#1726 = CARTESIAN_POINT ( 'NONE',  ( 30.14404579061175582, -1.868616763265141367, -1.000000000000006883 ) ) ;
#1727 = EDGE_CURVE ( 'NONE', #1774, #1334, #3938, .T. ) ;
#1728 = VERTEX_POINT ( 'NONE', #1384 ) ;
#1729 = LINE ( 'NONE', #2011, #2868 ) ;
#1730 = CARTESIAN_POINT ( 'NONE',  ( 29.22216369412238279, -2.340283382147479774, -0.5000000000000034417 ) ) ;
#1731 = CARTESIAN_POINT ( 'NONE',  ( 39.74045872950771496, 0.08571528820440735275, -1.200000000000002842 ) ) ;
#1732 = DIRECTION ( 'NONE',  ( -4.226547698092590360E-18, -2.549693222869526344E-16, 1.000000000000000000 ) ) ;
#1733 = ORIENTED_EDGE ( 'NONE', *, *, #977, .F. ) ;
#1734 = DIRECTION ( 'NONE',  ( -0.01657441405230468054, -0.9998626349648349620, 0.000000000000000000 ) ) ;
#1735 = FACE_OUTER_BOUND ( 'NONE', #3600, .T. ) ;
#1736 = CARTESIAN_POINT ( 'NONE',  ( 29.22108413575709562, 9.661383120241000100, -22.25672608094550853 ) ) ;
#1737 = ORIENTED_EDGE ( 'NONE', *, *, #3972, .F. ) ;
#1738 = CARTESIAN_POINT ( 'NONE',  ( 45.47016318416307712, 3.391202852591135297, -1.089941073100762825 ) ) ;
#1739 = ORIENTED_EDGE ( 'NONE', *, *, #1945, .F. ) ;
#1740 = DIRECTION ( 'NONE',  ( -0.000000000000000000, -3.252606517456499990E-16, 1.000000000000000000 ) ) ;
#1741 = CARTESIAN_POINT ( 'NONE',  ( 29.58831208156410852, 3.231833640071416713, -16.96859302745010112 ) ) ;
#1742 = ORIENTED_EDGE ( 'NONE', *, *, #4060, .F. ) ;
#1743 = CARTESIAN_POINT ( 'NONE',  ( 29.42111206341169805, -2.405381264764915539, -1.531716122998096896 ) ) ;
#1744 = ORIENTED_EDGE ( 'NONE', *, *, #1962, .T. ) ;
#1745 = CARTESIAN_POINT ( 'NONE',  ( 29.57111830453550283, 6.643845756949135151, -20.75079039656329272 ) ) ;
#1746 = CARTESIAN_POINT ( 'NONE',  ( 30.10107121036267941, 8.446630985636124578, -0.5000000000000031086 ) ) ;
#1747 = CARTESIAN_POINT ( 'NONE',  ( 40.87534422647148347, -0.1925991185344013701, -0.7270938679245286806 ) ) ;
#1748 = CARTESIAN_POINT ( 'NONE',  ( 29.43854127791119524, -1.353952219983621807, -2.500000000000004441 ) ) ;
#1749 = ORIENTED_EDGE ( 'NONE', *, *, #2559, .T. ) ;
#1750 = ADVANCED_FACE ( 'NONE', ( #153 ), #3590, .F. ) ;
#1751 = ADVANCED_FACE ( 'NONE', ( #2687 ), #2017, .T. ) ;
#1752 = CARTESIAN_POINT ( 'NONE',  ( 29.62849416181277462, 6.923263606861812747, -20.25353277527668183 ) ) ;
#1753 = CIRCLE ( 'NONE', #2274, 0.1749999999999973799 ) ;
#1754 = CARTESIAN_POINT ( 'NONE',  ( 28.43913708218347836, -2.485378038177922022, -1.000000000000006661 ) ) ;
#1755 = CARTESIAN_POINT ( 'NONE',  ( 29.61300472064025513, 8.570650798313392826, -21.66798057629559082 ) ) ;
#1756 = CARTESIAN_POINT ( 'NONE',  ( 45.38722668932536664, 3.507746558112994517, -0.8800025326869914677 ) ) ;
#1757 = ORIENTED_EDGE ( 'NONE', *, *, #3707, .T. ) ;
#1758 = CARTESIAN_POINT ( 'NONE',  ( 29.56557546610387277, 0.5582871888508901259, -11.27077417638185430 ) ) ;
#1759 = CARTESIAN_POINT ( 'NONE',  ( 29.60573172202202841, 8.731923362830034563, -22.36654262849260988 ) ) ;
#1760 = CARTESIAN_POINT ( 'NONE',  ( 29.31498041281528799, 3.258947373655597168, -0.5000000000000032196 ) ) ;
#1761 = EDGE_LOOP ( 'NONE', ( #1099, #510, #2457, #479, #499, #1653, #2319, #2477, #3939, #2069, #3253, #3737, #3835 ) ) ;
#1762 = CARTESIAN_POINT ( 'NONE',  ( 29.58431944599690766, 0.2540704719780144671, -12.11846177859637130 ) ) ;
#1763 = CARTESIAN_POINT ( 'NONE',  ( 29.60571985860492816, 8.731207694243591888, -22.36603401594316765 ) ) ;
#1764 = AXIS2_PLACEMENT_3D ( 'NONE', #1926, #678, #1268 ) ;
#1765 = DIRECTION ( 'NONE',  ( -0.9998626349648348510, 0.01657441405230463544, 2.282530889443096024E-16 ) ) ;
#1766 = FACE_OUTER_BOUND ( 'NONE', #3689, .T. ) ;
#1767 = VERTEX_POINT ( 'NONE', #4077 ) ;
#1768 = CARTESIAN_POINT ( 'NONE',  ( 49.10069857807334159, 5.431309095006647603, -0.4999999999999968914 ) ) ;
#1769 = CARTESIAN_POINT ( 'NONE',  ( 30.49404579061175014, -1.868616763265141367, -1.300000000000007150 ) ) ;
#1770 = DIRECTION ( 'NONE',  ( -0.01657441405230464238, -0.9998626349648349620, -1.734723475976807094E-18 ) ) ;
#1771 = CARTESIAN_POINT ( 'NONE',  ( 29.32161017843620954, 3.658892427641530887, -0.5000000000000032196 ) ) ;
#1772 = CARTESIAN_POINT ( 'NONE',  ( 30.31904579061175298, -1.868616763265141367, -1.300000000000007150 ) ) ;
#1773 = CARTESIAN_POINT ( 'NONE',  ( 29.61478324912965476, 9.277962801432543927, -22.74663514059546188 ) ) ;
#1774 = VERTEX_POINT ( 'NONE', #1789 ) ;
#1775 = LINE ( 'NONE', #569, #108 ) ;
#1776 = ORIENTED_EDGE ( 'NONE', *, *, #1391, .T. ) ;
#1777 = LINE ( 'NONE', #3624, #2469 ) ;
#1778 = DIRECTION ( 'NONE',  ( -0.9998626349648349620, 0.01657441405230580117, -1.665334536937735304E-16 ) ) ;
#1779 = CARTESIAN_POINT ( 'NONE',  ( 29.22108413575709562, 9.661383120240994771, -22.50000000000000000 ) ) ;
#1780 = CYLINDRICAL_SURFACE ( 'NONE', #1705, 0.5000000000000001110 ) ;
#1781 = ORIENTED_EDGE ( 'NONE', *, *, #1607, .F. ) ;
#1782 = EDGE_CURVE ( 'NONE', #3691, #3399, #1832, .T. ) ;
#1783 = AXIS2_PLACEMENT_3D ( 'NONE', #2024, #133, #1076 ) ;
#1784 = FACE_OUTER_BOUND ( 'NONE', #996, .T. ) ;
#1785 = DIRECTION ( 'NONE',  ( -0.01657441405230579770, -0.9998626349648348510, -1.734723475976998532E-18 ) ) ;
#1786 = CARTESIAN_POINT ( 'NONE',  ( 28.35844352296489745, -2.418462272770501631, -1.000000000000006217 ) ) ;
#1787 = CARTESIAN_POINT ( 'NONE',  ( 29.95687380810761624, -0.2521739385579395143, -11.72997687891027319 ) ) ;
#1788 = CARTESIAN_POINT ( 'NONE',  ( 40.54379318881267835, 0.07155198322723956006, -1.170338983050845050 ) ) ;
#1789 = CARTESIAN_POINT ( 'NONE',  ( 31.22188896405206293, -2.373432210252088836, -0.7000000000000063949 ) ) ;
#1790 = EDGE_CURVE ( 'NONE', #2379, #3070, #2922, .T. ) ;
#1791 = EDGE_LOOP ( 'NONE', ( #3506, #134, #2565, #2686, #3207, #1966, #3728 ) ) ;
#1792 = CARTESIAN_POINT ( 'NONE',  ( 29.46097800161226488, -0.0004418268563548011793, -12.26365430428478120 ) ) ;
#1793 = EDGE_CURVE ( 'NONE', #374, #3407, #3767, .T. ) ;
#1794 = VERTEX_POINT ( 'NONE', #4052 ) ;
#1795 = VECTOR ( 'NONE', #2685, 100.0000000000000142 ) ;
#1796 = CARTESIAN_POINT ( 'NONE',  ( 29.68272959382272802, 6.311468432691944130, -20.46769960027846125 ) ) ;
#1797 = CARTESIAN_POINT ( 'NONE',  ( 29.77131116280520473, 9.498593119084720371, -22.38626117596396625 ) ) ;
#1798 = CARTESIAN_POINT ( 'NONE',  ( 29.60113989288019098, 8.454918192658066545, -22.16756122134490425 ) ) ;
#1799 = CARTESIAN_POINT ( 'NONE',  ( 41.92834321751641369, -2.120232104899134384, -0.4999999999999950040 ) ) ;
#1800 = ORIENTED_EDGE ( 'NONE', *, *, #2856, .F. ) ;
#1801 = FACE_OUTER_BOUND ( 'NONE', #1834, .T. ) ;
#1802 = CARTESIAN_POINT ( 'NONE',  ( 49.27752137395131626, 6.422796374690702415, -0.6999999999999981792 ) ) ;
#1803 = FACE_BOUND ( 'NONE', #1856, .T. ) ;
#1804 = AXIS2_PLACEMENT_3D ( 'NONE', #1839, #2506, #1201 ) ;
#1805 = CARTESIAN_POINT ( 'NONE',  ( 50.69095859213403088, 9.183310533807812703, -0.9404229198725210237 ) ) ;
#1806 = CIRCLE ( 'NONE', #3916, 0.4999999999999985567 ) ;
#1807 = DIRECTION ( 'NONE',  ( -0.9998626349648349620, 0.01657441405230464931, 0.000000000000000000 ) ) ;
#1808 = EDGE_CURVE ( 'NONE', #3621, #3384, #297, .T. ) ;
#1809 = VECTOR ( 'NONE', #3883, 100.0000000000000142 ) ;
#1810 = DIRECTION ( 'NONE',  ( -0.9998626349648349620, 0.01657441405230474646, 0.000000000000000000 ) ) ;
#1811 = VERTEX_POINT ( 'NONE', #2167 ) ;
#1812 = DIRECTION ( 'NONE',  ( -3.372764553633511840E-16, -2.511834186424162314E-16, 1.000000000000000000 ) ) ;
#1813 = EDGE_CURVE ( 'NONE', #1725, #2045, #3123, .T. ) ;
#1814 = ORIENTED_EDGE ( 'NONE', *, *, #3937, .F. ) ;
#1815 = CARTESIAN_POINT ( 'NONE',  ( 40.96342499700966044, 0.7841274070821120379, -0.7062591857594840983 ) ) ;
#1816 = CARTESIAN_POINT ( 'NONE',  ( 29.59193091380768337, 6.506834614641203274, -20.63477783117494369 ) ) ;
#1817 = CARTESIAN_POINT ( 'NONE',  ( 40.20239802736519152, 0.4483694908849840122, -0.9916382033157798981 ) ) ;
#1818 = CARTESIAN_POINT ( 'NONE',  ( 45.77175446266352310, 3.386629261935739876, -1.179371013862488882 ) ) ;
#1819 = PLANE ( 'NONE',  #3817 ) ;
#1820 = EDGE_LOOP ( 'NONE', ( #1004, #151, #4049, #2850 ) ) ;
#1821 = CARTESIAN_POINT ( 'NONE',  ( 29.56476902380630278, 3.961459304328179165, -17.06347299111467564 ) ) ;
#1822 = CARTESIAN_POINT ( 'NONE',  ( 29.96516101513376640, 0.2477573789244779945, -11.47664068296517392 ) ) ;
#1823 = CARTESIAN_POINT ( 'NONE',  ( 45.11504685278138282, 3.296687855028310299, -0.7204955740716950663 ) ) ;
#1824 = CARTESIAN_POINT ( 'NONE',  ( 29.40945457291341825, 8.958164392955156430, -0.5000000000000032196 ) ) ;
#1825 = DIRECTION ( 'NONE',  ( -0.01657441405230464584, -0.9998626349648348510, 0.000000000000000000 ) ) ;
#1826 = ORIENTED_EDGE ( 'NONE', *, *, #348, .T. ) ;
#1827 = EDGE_CURVE ( 'NONE', #2027, #3118, #2123, .T. ) ;
#1828 = VECTOR ( 'NONE', #1812, 100.0000000000000000 ) ;
#1829 = B_SPLINE_CURVE_WITH_KNOTS ( 'NONE', 3,
 ( #1990, #476, #2678, #2613 ),
 .UNSPECIFIED., .F., .F.,
 ( 4, 4 ),
 ( 0.000000000000000000, 0.0002065149350831525733 ),
 .UNSPECIFIED. ) ;
#1830 = CLOSED_SHELL ( 'NONE', ( #346, #760, #3296, #3436, #2602, #1145, #125, #650, #2129, #3910, #1350, #3415, #2743, #2481, #995, #1750, #2982, #2149, #2974, #1300, #146, #278, #1874, #2530, #2377, #2756, #777, #2758, #2693, #1602, #338, #1139, #1272, #2854, #3534, #1360, #1443, #1863, #1026, #2545, #970, #1586, #3342, #2630, #3660, #2580, #2242, #169, #522, #1226, #361, #1392, #3687, #892, #734, #2804, #1405, #3792, #3759, #3084, #3834, #3695, #3598, #3881, #4030, #1149, #2416, #2070, #3816, #668, #2983, #234, #1449, #843, #120, #657, #2660, #799, #932, #276, #2207, #3282, #3763, #711, #669, #2463, #2736, #3308, #3361, #2312, #1573, #1751, #2369, #2355, #1203, #3060, #237, #2907, #605, #597, #2390, #3583 ) ) ;
#1831 = CARTESIAN_POINT ( 'NONE',  ( 29.86282973913137440, 0.6350631486856949115, -11.46597992216459794 ) ) ;
#1832 = LINE ( 'NONE', #2102, #730 ) ;
#1833 = EDGE_CURVE ( 'NONE', #3349, #2004, #193, .T. ) ;
#1834 = EDGE_LOOP ( 'NONE', ( #591, #3233, #1124, #3548 ) ) ;
#1835 = CARTESIAN_POINT ( 'NONE',  ( 0.06869064245621443743, 4.143809038856966609, 1.437870077007704431E-17 ) ) ;
#1836 = AXIS2_PLACEMENT_3D ( 'NONE', #3021, #3652, #790 ) ;
#1837 = ORIENTED_EDGE ( 'NONE', *, *, #3040, .F. ) ;
#1838 = CARTESIAN_POINT ( 'NONE',  ( 31.23829402084788498, -1.383786165277783198, -0.7000000000000061728 ) ) ;
#1839 = CARTESIAN_POINT ( 'NONE',  ( 30.83834896686196103, -1.377156399656861652, -0.8000000000000069278 ) ) ;
#1840 = CARTESIAN_POINT ( 'NONE',  ( 40.05297061996042629, 0.3863912737407190767, -0.8043114876580655936 ) ) ;
#1841 = FACE_OUTER_BOUND ( 'NONE', #2349, .T. ) ;
#1842 = DIRECTION ( 'NONE',  ( -3.372764553633511840E-16, -2.511834186424162314E-16, 1.000000000000000000 ) ) ;
#1843 = EDGE_CURVE ( 'NONE', #471, #3364, #1446, .T. ) ;
#1844 = ORIENTED_EDGE ( 'NONE', *, *, #3592, .T. ) ;
#1845 = CARTESIAN_POINT ( 'NONE',  ( 31.23829402084788498, -1.383786165277783198, -0.4999999999999983347 ) ) ;
#1846 = CARTESIAN_POINT ( 'NONE',  ( 27.23884348098842878, -1.317488509068562408, -1.300000000000006262 ) ) ;
#1847 = CARTESIAN_POINT ( 'NONE',  ( 29.87933046490636713, 3.249592317164136990, -16.96643113174563666 ) ) ;
#1848 = CARTESIAN_POINT ( 'NONE',  ( 50.48572597083048663, 8.895887783416698724, -0.7544026567781797477 ) ) ;
#1849 = CARTESIAN_POINT ( 'NONE',  ( 29.83845527359318339, -2.437260698772397038, -1.300000000000007372 ) ) ;
#1850 = VERTEX_POINT ( 'NONE', #884 ) ;
#1851 = DIRECTION ( 'NONE',  ( -0.01657441405230524953, -0.9998626349648349620, 0.000000000000000000 ) ) ;
#1852 = CARTESIAN_POINT ( 'NONE',  ( 46.46169554002519675, 3.095087534996604273, -1.221081100174088441 ) ) ;
#1853 = VERTEX_POINT ( 'NONE', #1487 ) ;
#1854 = CARTESIAN_POINT ( 'NONE',  ( 30.05400500914902651, 6.647461227841615639, -20.29037837007850342 ) ) ;
#1855 = EDGE_LOOP ( 'NONE', ( #2247, #14, #4054, #1206 ) ) ;
#1856 = EDGE_LOOP ( 'NONE', ( #2253, #384 ) ) ;
#1857 = CARTESIAN_POINT ( 'NONE',  ( 29.46828849945849527, 0.4405688548064635723, -10.97664068296517392 ) ) ;
#1858 = B_SPLINE_CURVE_WITH_KNOTS ( 'NONE', 3,
 ( #1452, #3925, #2052, #2032, #1412, #138, #3307, #470, #1743, #757, #1402, #2330, #1657, #2043, #67, #1997 ),
 .UNSPECIFIED., .F., .F.,
 ( 4, 2, 2, 2, 2, 2, 2, 4 ),
 ( 2.023017827855917974E-17, 0.001525179478885708853, 0.002287769218328554715, 0.003050358957771400793, 0.003812948697214242535, 0.004575538436657083409, 0.005338128176099924717, 0.006100717915542766892 ),
 .UNSPECIFIED. ) ;
#1859 = CARTESIAN_POINT ( 'NONE',  ( 29.43854127791118458, -1.353952219983634686, -1.300000000000005373 ) ) ;
#1860 = DIRECTION ( 'NONE',  ( -1.000000000000000000, 0.000000000000000000, 0.000000000000000000 ) ) ;
#1861 = CARTESIAN_POINT ( 'NONE',  ( 29.82954176466262197, -2.841692990704773436, -1.000000000000007327 ) ) ;
#1862 = DIRECTION ( 'NONE',  ( 0.9998626349648348510, -0.01657441405230524953, 2.668805347656629637E-16 ) ) ;
#1863 = ADVANCED_FACE ( 'NONE', ( #2744 ), #1571, .F. ) ;
#1864 = DIRECTION ( 'NONE',  ( -2.220446049250313081E-16, 2.357666062882714910E-18, 1.000000000000000000 ) ) ;
#1865 = CARTESIAN_POINT ( 'NONE',  ( 29.46179702410691803, 0.04896625399436381476, -11.26953390177862602 ) ) ;
#1866 = CARTESIAN_POINT ( 'NONE',  ( 29.46109986238636225, 0.006909506002096381383, -12.27921898938790157 ) ) ;
#1867 = DIRECTION ( 'NONE',  ( -0.9998626349648349620, 0.01657441405230474646, 0.000000000000000000 ) ) ;
#1868 = CARTESIAN_POINT ( 'NONE',  ( 51.16445146266697463, 9.297634698148190324, -1.199999999999996625 ) ) ;
#1869 = ORIENTED_EDGE ( 'NONE', *, *, #2259, .T. ) ;
#1870 = EDGE_CURVE ( 'NONE', #2829, #1672, #1260, .T. ) ;
#1871 = EDGE_CURVE ( 'NONE', #3257, #2148, #1194, .T. ) ;
#1872 = CARTESIAN_POINT ( 'NONE',  ( 50.79693313421642387, 9.334385125967544994, -1.024093536169892182 ) ) ;
#1873 = CARTESIAN_POINT ( 'NONE',  ( 29.01832644453206811, -2.570110479947793625, -1.346063744828387865 ) ) ;
#1874 = ADVANCED_FACE ( 'NONE', ( #1551 ), #1595, .F. ) ;
#1875 = EDGE_LOOP ( 'NONE', ( #3573, #2163, #2749, #3283, #3698, #558, #3240, #1641 ) ) ;
#1876 = B_SPLINE_CURVE_WITH_KNOTS ( 'NONE', 2,
 ( #203, #854, #1478 ),
 .UNSPECIFIED., .F., .F.,
 ( 3, 3 ),
 ( 0.000000000000000000, 0.3934269130146768045 ),
 .UNSPECIFIED. ) ;
#1877 = EDGE_CURVE ( 'NONE', #1177, #957, #1900, .T. ) ;
#1878 = AXIS2_PLACEMENT_3D ( 'NONE', #51, #3447, #386 ) ;
#1879 = CARTESIAN_POINT ( 'NONE',  ( 30.09961078566585968, 9.307277383580212060, -22.24688247531408791 ) ) ;
#1880 = ORIENTED_EDGE ( 'NONE', *, *, #1956, .T. ) ;
#1881 =( BOUNDED_CURVE ( )  B_SPLINE_CURVE ( 3, ( #3827, #2797, #1542, #1 ),
 .UNSPECIFIED., .F., .T. ) 
 B_SPLINE_CURVE_WITH_KNOTS ( ( 4, 4 ),
 ( 4.695813807375692761, 4.712388980384689674 ),
 .UNSPECIFIED. ) 
 CURVE ( )  GEOMETRIC_REPRESENTATION_ITEM ( )  RATIONAL_B_SPLINE_CURVE ( ( 1.000000000000000000, 0.9999771054343515875, 0.9999771054343515875, 1.000000000000000000 ) ) 
 REPRESENTATION_ITEM ( '' )  );
#1882 = EDGE_CURVE ( 'NONE', #1767, #3750, #317, .T. ) ;
#1883 = ORIENTED_EDGE ( 'NONE', *, *, #4055, .F. ) ;
#1884 = B_SPLINE_CURVE_WITH_KNOTS ( 'NONE', 2,
 ( #928, #3461, #622 ),
 .UNSPECIFIED., .F., .F.,
 ( 3, 3 ),
 ( 0.8717514244349282571, 0.9404827785151192998 ),
 .UNSPECIFIED. ) ;
#1885 = CARTESIAN_POINT ( 'NONE',  ( 40.89633913758626704, 0.7531817502236537454, -0.7250338043015187584 ) ) ;
#1886 = CARTESIAN_POINT ( 'NONE',  ( 29.20948204593659270, 8.961479276737961186, -21.97078005239325549 ) ) ;
#1887 = CARTESIAN_POINT ( 'NONE',  ( 40.07952249949621404, 0.3973135069488325510, -0.8262389056331573833 ) ) ;
#1888 = CARTESIAN_POINT ( 'NONE',  ( 29.83091141843526373, -2.806644111546404918, -1.000000000000007327 ) ) ;
#1889 = CARTESIAN_POINT ( 'NONE',  ( 40.67998459602717531, 0.6550158480030133790, -0.8104489174857709699 ) ) ;
#1890 = AXIS2_PLACEMENT_3D ( 'NONE', #282, #868, #2791 ) ;
#1891 = EDGE_LOOP ( 'NONE', ( #3633, #1954, #2172, #3246, #3220, #247 ) ) ;
#1892 = CARTESIAN_POINT ( 'NONE',  ( 49.17692248193642968, 6.764550871516980202, -0.7032390393741370094 ) ) ;
#1893 = FACE_OUTER_BOUND ( 'NONE', #2628, .T. ) ;
#1894 = CARTESIAN_POINT ( 'NONE',  ( 48.85757165242850419, 6.335462980469822369, -1.218418966097893907 ) ) ;
#1895 = CARTESIAN_POINT ( 'NONE',  ( 51.14463425289144283, 8.097798341225010077, -0.4999999999999970579 ) ) ;
#1896 = DIRECTION ( 'NONE',  ( -0.9998626349648349620, 0.01657441405230474646, 6.210310043996987068E-14 ) ) ;
#1897 = VERTEX_POINT ( 'NONE', #3665 ) ;
#1898 = VECTOR ( 'NONE', #1988, 100.0000000000000142 ) ;
#1899 = CARTESIAN_POINT ( 'NONE',  ( 50.97651444250054453, 9.594569387715958797, -0.7434754697864304207 ) ) ;
#1900 = LINE ( 'NONE', #8, #3202 ) ;
#1901 = EDGE_CURVE ( 'NONE', #1084, #3496, #3611, .T. ) ;
#1902 = ORIENTED_EDGE ( 'NONE', *, *, #3614, .T. ) ;
#1903 = DIRECTION ( 'NONE',  ( 0.01657441405230464238, 0.9998626349648349620, 1.734723475976807094E-18 ) ) ;
#1904 = EDGE_CURVE ( 'NONE', #471, #2988, #3526, .T. ) ;
#1905 = ORIENTED_EDGE ( 'NONE', *, *, #703, .F. ) ;
#1906 = ORIENTED_EDGE ( 'NONE', *, *, #2785, .T. ) ;
#1907 = CARTESIAN_POINT ( 'NONE',  ( 29.57959315461226524, 7.155096767207994368, -20.79008107956275708 ) ) ;
#1908 = VECTOR ( 'NONE', #3173, 100.0000000000000000 ) ;
#1909 = CARTESIAN_POINT ( 'NONE',  ( 50.77576818653075463, 9.304077780756347948, -0.4999999999999962808 ) ) ;
#1910 = CARTESIAN_POINT ( 'NONE',  ( 51.23902469192800169, 9.145404469031189976, -0.9315401332842924154 ) ) ;
#1911 = CARTESIAN_POINT ( 'NONE',  ( 30.01488425729069220, 3.247345283818983130, -17.45197147569836815 ) ) ;
#1912 = EDGE_LOOP ( 'NONE', ( #2895, #1987, #3859, #1514 ) ) ;
#1913 = CARTESIAN_POINT ( 'NONE',  ( 29.70266715295159443, 3.556571241833708097, -16.53873825816145526 ) ) ;
#1914 = DIRECTION ( 'NONE',  ( -1.665393298452077782E-16, 1.025709229455379180E-18, 1.000000000000000000 ) ) ;
#1915 = CARTESIAN_POINT ( 'NONE',  ( 28.89387986244063100, -2.578202968587313570, -1.300000000000007594 ) ) ;
#1916 = CARTESIAN_POINT ( 'NONE',  ( 48.35134989619359658, 5.943799508593357039, -0.6999999999999985123 ) ) ;
#1917 = CARTESIAN_POINT ( 'NONE',  ( 29.77175451392146144, 6.251787722195214947, -19.98925470086114586 ) ) ;
#1918 = EDGE_LOOP ( 'NONE', ( #1383, #3537, #1313, #1574 ) ) ;
#1919 = FACE_OUTER_BOUND ( 'NONE', #2314, .T. ) ;
#1920 = ORIENTED_EDGE ( 'NONE', *, *, #3686, .F. ) ;
#1921 = CARTESIAN_POINT ( 'NONE',  ( 50.73176923724148679, 8.379831103244516299, -0.6999999999999971800 ) ) ;
#1922 = EDGE_LOOP ( 'NONE', ( #969, #87, #121, #692, #1129, #2445 ) ) ;
#1923 = EDGE_CURVE ( 'NONE', #13, #3159, #648, .T. ) ;
#1924 = EDGE_LOOP ( 'NONE', ( #1695, #2604, #2609, #321, #1250 ) ) ;
#1925 = DIRECTION ( 'NONE',  ( 0.01657441405230464238, 0.9998626349648350731, 0.000000000000000000 ) ) ;
#1926 = CARTESIAN_POINT ( 'NONE',  ( 42.70962778319242403, 1.691450028915983728, -0.7000000000000015099 ) ) ;
#1927 = DIRECTION ( 'NONE',  ( 0.9998626349648348510, -0.01657441405230467707, 3.469446951953554531E-16 ) ) ;
#1928 = EDGE_LOOP ( 'NONE', ( #77, #487, #3593, #494, #3523 ) ) ;
#1929 = CARTESIAN_POINT ( 'NONE',  ( 30.00547939312785317, 3.636638968737442745, -16.65198059011099119 ) ) ;
#1930 = CARTESIAN_POINT ( 'NONE',  ( 29.07191440928634663, 0.6626194055574862185, 1.985179957108101255E-18 ) ) ;
#1931 = DIRECTION ( 'NONE',  ( -1.665393298452077782E-16, 1.025709229455379565E-18, 1.000000000000000000 ) ) ;
#1932 = CARTESIAN_POINT ( 'NONE',  ( 48.35682992392474233, 6.274385848004511601, -0.6999999999999985123 ) ) ;
#1933 = CARTESIAN_POINT ( 'NONE',  ( 29.41674935829490067, -2.668564374580249421, -1.300000000000003597 ) ) ;
#1934 = ORIENTED_EDGE ( 'NONE', *, *, #1324, .T. ) ;
#1935 = CIRCLE ( 'NONE', #3380, 0.1749999999999973799 ) ;
#1936 = CARTESIAN_POINT ( 'NONE',  ( 29.71814495968950354, 8.714646787996345623, -22.25607297586165956 ) ) ;
#1937 = EDGE_CURVE ( 'NONE', #2075, #3181, #2860, .T. ) ;
#1938 = VERTEX_POINT ( 'NONE', #3726 ) ;
#1939 = CYLINDRICAL_SURFACE ( 'NONE', #3071, 0.5000000000000004441 ) ;
#1940 = VERTEX_POINT ( 'NONE', #503 ) ;
#1941 = VECTOR ( 'NONE', #3189, 100.0000000000000142 ) ;
#1942 = VECTOR ( 'NONE', #3075, 100.0000000000000142 ) ;
#1943 = ORIENTED_EDGE ( 'NONE', *, *, #2430, .F. ) ;
#1944 = CARTESIAN_POINT ( 'NONE',  ( 29.67951354855035717, 8.953687708734275219, -22.48817109192050268 ) ) ;
#1945 = EDGE_CURVE ( 'NONE', #1983, #1938, #878, .T. ) ;
#1946 = PLANE ( 'NONE',  #1764 ) ;
#1947 = CARTESIAN_POINT ( 'NONE',  ( 40.85939262495337232, -0.2559977403165555332, -0.7000000000001759259 ) ) ;
#1948 = AXIS2_PLACEMENT_3D ( 'NONE', #2281, #1989, #2612 ) ;
#1949 = ORIENTED_EDGE ( 'NONE', *, *, #864, .F. ) ;
#1950 = CARTESIAN_POINT ( 'NONE',  ( 30.73836270336547827, -1.375498958251631043, -1.300000000000007150 ) ) ;
#1951 = FACE_OUTER_BOUND ( 'NONE', #3847, .T. ) ;
#1952 = DIRECTION ( 'NONE',  ( 2.220446049250313081E-16, -2.357666062887398772E-18, -1.000000000000000000 ) ) ;
#1953 = CARTESIAN_POINT ( 'NONE',  ( 40.27037592089061491, 0.4769859681717054101, -0.4999999999999995559 ) ) ;
#1954 = ORIENTED_EDGE ( 'NONE', *, *, #3334, .F. ) ;
#1955 = FACE_OUTER_BOUND ( 'NONE', #3121, .T. ) ;
#1956 = EDGE_CURVE ( 'NONE', #957, #3000, #2099, .T. ) ;
#1957 = CARTESIAN_POINT ( 'NONE',  ( 29.60113989288019098, 8.454918192658066545, -22.16756122134490425 ) ) ;
#1958 = ORIENTED_EDGE ( 'NONE', *, *, #20, .T. ) ;
#1959 = CARTESIAN_POINT ( 'NONE',  ( 49.10069857807334159, 5.431309095006647603, -0.4999999999999984457 ) ) ;
#1960 = ORIENTED_EDGE ( 'NONE', *, *, #2960, .F. ) ;
#1961 = CARTESIAN_POINT ( 'NONE',  ( 29.93548988415749434, 0.2473930673332055130, -11.78009954068492249 ) ) ;
#1962 = EDGE_CURVE ( 'NONE', #1615, #3081, #3325, .T. ) ;
#1963 = AXIS2_PLACEMENT_3D ( 'NONE', #883, #2144, #3401 ) ;
#1964 = VERTEX_POINT ( 'NONE', #1504 ) ;
#1965 = CARTESIAN_POINT ( 'NONE',  ( 29.60408018694628396, 8.632293402613894884, -22.29547103484717852 ) ) ;
#1966 = ORIENTED_EDGE ( 'NONE', *, *, #913, .F. ) ;
#1967 = CARTESIAN_POINT ( 'NONE',  ( 30.10525603427362640, 8.946630307056258502, -22.24651367581769179 ) ) ;
#1968 = VERTEX_POINT ( 'NONE', #562 ) ;
#1969 = CARTESIAN_POINT ( 'NONE',  ( 29.91161431113552993, 0.2486450060966187148, -12.29175020196747070 ) ) ;
#1970 = FACE_OUTER_BOUND ( 'NONE', #1000, .T. ) ;
#1971 = EDGE_CURVE ( 'NONE', #1897, #3654, #3004, .T. ) ;
#1972 = CARTESIAN_POINT ( 'NONE',  ( 40.90757065180569185, -0.1993946421528168256, -0.7171428572975688809 ) ) ;
#1973 = CARTESIAN_POINT ( 'NONE',  ( 29.64043677242071340, 8.757668613449553163, -22.36479047096838713 ) ) ;
#1974 = ORIENTED_EDGE ( 'NONE', *, *, #573, .F. ) ;
#1975 = B_SPLINE_CURVE_WITH_KNOTS ( 'NONE', 3,
 ( #2813, #3676, #263, #1537, #3410, #555, #574, #1182, #3389, #220, #852, #1797, #1496, #3717, #2195, #3999 ),
 .UNSPECIFIED., .F., .F.,
 ( 4, 2, 2, 2, 2, 2, 2, 4 ),
 ( 0.000000000000000000, 0.0007837717706433184207, 0.001567543541286636841, 0.002351315311929955479, 0.003135087082573273683, 0.003918858853216591887, 0.004702630623859910958, 0.006270174165146501395 ),
 .UNSPECIFIED. ) ;
#1976 = DIRECTION ( 'NONE',  ( 0.9998626349648348510, -0.01657441405230467707, 0.000000000000000000 ) ) ;
#1977 = CARTESIAN_POINT ( 'NONE',  ( -0.1467767402237514784, -8.854405215685872577, -0.5000000000000133227 ) ) ;
#1978 = ORIENTED_EDGE ( 'NONE', *, *, #2727, .F. ) ;
#1979 = CARTESIAN_POINT ( 'NONE',  ( 29.95687380810761624, -0.2521739385579394588, 3.239499603172622996E-15 ) ) ;
#1980 = ORIENTED_EDGE ( 'NONE', *, *, #4017, .F. ) ;
#1981 = CARTESIAN_POINT ( 'NONE',  ( 29.99966177666153300, 0.6472404240203468717, -11.50000000000003020 ) ) ;
#1982 = VECTOR ( 'NONE', #1529, 100.0000000000000000 ) ;
#1983 = VERTEX_POINT ( 'NONE', #1483 ) ;
#1984 = CARTESIAN_POINT ( 'NONE',  ( 29.60942709990219512, 8.954849510144764935, -22.16756122134489360 ) ) ;
#1985 = EDGE_LOOP ( 'NONE', ( #3932, #2213, #2192, #2168, #1448 ) ) ;
#1986 = LINE ( 'NONE', #119, #3289 ) ;
#1987 = ORIENTED_EDGE ( 'NONE', *, *, #2965, .F. ) ;
#1988 = DIRECTION ( 'NONE',  ( 0.9998626349648348510, -0.01657441405230446890, -0.000000000000000000 ) ) ;
#1989 = DIRECTION ( 'NONE',  ( 1.665393298452077782E-16, -1.025709229455379180E-18, -1.000000000000000000 ) ) ;
#1990 = CARTESIAN_POINT ( 'NONE',  ( 45.76511058438249790, 2.985832852271422588, -1.179371013862489104 ) ) ;
#1991 = CARTESIAN_POINT ( 'NONE',  ( 51.16041098557722222, 9.023694097582355411, -1.184275066162314038 ) ) ;
#1992 = ORIENTED_EDGE ( 'NONE', *, *, #2572, .T. ) ;
#1993 = EDGE_CURVE ( 'NONE', #3777, #3691, #1220, .T. ) ;
#1994 = CARTESIAN_POINT ( 'NONE',  ( 30.41441299041990476, -2.360046930458391756, -1.000000000000006883 ) ) ;
#1995 = SURFACE_STYLE_USAGE ( .BOTH. , #84 ) ;
#1996 = EDGE_CURVE ( 'NONE', #2166, #3670, #1753, .T. ) ;
#1997 = CARTESIAN_POINT ( 'NONE',  ( 29.42213622111535187, -2.343598264957939659, -1.777438445626159602 ) ) ;
#1998 = CIRCLE ( 'NONE', #2925, 0.5000000000000004441 ) ;
#1999 = ORIENTED_EDGE ( 'NONE', *, *, #2885, .F. ) ;
#2000 = LINE ( 'NONE', #3872, #3653 ) ;
#2001 = EDGE_CURVE ( 'NONE', #3399, #1357, #2803, .T. ) ;
#2002 = DIRECTION ( 'NONE',  ( -0.9998626349648349620, 0.01657441405230474646, 0.000000000000000000 ) ) ;
#2003 = EDGE_CURVE ( 'NONE', #1357, #1410, #821, .T. ) ;
#2004 = VERTEX_POINT ( 'NONE', #209 ) ;
#2005 = CARTESIAN_POINT ( 'NONE',  ( 29.70953041331349453, 8.953190128439237228, -22.32719091587447480 ) ) ;
#2006 = VECTOR ( 'NONE', #1688, 100.0000000000000000 ) ;
#2007 = ORIENTED_EDGE ( 'NONE', *, *, #913, .T. ) ;
#2008 = DIRECTION ( 'NONE',  ( 0.01657441405230464584, 0.9998626349648350731, 1.734723475976807094E-18 ) ) ;
#2009 = EDGE_CURVE ( 'NONE', #624, #1240, #3989, .T. ) ;
#2010 = EDGE_LOOP ( 'NONE', ( #3799, #1619, #4036, #2783 ) ) ;
#2011 = CARTESIAN_POINT ( 'NONE',  ( 50.27832435838303127, 8.612227584705326677, -0.7006682098132330783 ) ) ;
#2012 = DIRECTION ( 'NONE',  ( 1.665393298452077782E-16, -1.025709229455379565E-18, -1.000000000000000000 ) ) ;
#2013 = CARTESIAN_POINT ( 'NONE',  ( 51.15292145991758588, 8.597729658707429223, -0.4999999999999959477 ) ) ;
#2014 = CARTESIAN_POINT ( 'NONE',  ( 40.27037592089061491, 0.4769859681717054101, -1.200000000000002398 ) ) ;
#2015 = VERTEX_POINT ( 'NONE', #2554 ) ;
#2016 = B_SPLINE_CURVE_WITH_KNOTS ( 'NONE', 2,
 ( #1480, #857, #3373 ),
 .UNSPECIFIED., .F., .F.,
 ( 3, 3 ),
 ( 0.3769880855403230369, 0.4023990127107522907 ),
 .UNSPECIFIED. ) ;
#2017 = B_SPLINE_SURFACE_WITH_KNOTS ( 'NONE', 2, 1, ( 
 ( #2433, #3139 ),
 ( #1852, #3120 ),
 ( #3402, #566 ) ),
 .UNSPECIFIED., .F., .F., .F.,
 ( 3, 3 ),
 ( 2, 2 ),
 ( 0.04063458747845023061, 0.6170516038548923277 ),
 ( 0.000000000000000000, 1.000000000000000000 ),
 .UNSPECIFIED. ) ;
#2018 = DIRECTION ( 'NONE',  ( 0.01657441405230466666, 0.9998626349648348510, 1.734723475976806902E-18 ) ) ;
#2019 = CARTESIAN_POINT ( 'NONE',  ( 30.09770010069570745, 9.192014031059171586, -22.24688247531343421 ) ) ;
#2020 = DIRECTION ( 'NONE',  ( -0.9998626349648348510, 0.01657441405230448625, 0.000000000000000000 ) ) ;
#2021 = AXIS2_PLACEMENT_3D ( 'NONE', #946, #1295, #2799 ) ;
#2022 = ORIENTED_EDGE ( 'NONE', *, *, #3168, .F. ) ;
#2023 = EDGE_CURVE ( 'NONE', #1511, #1682, #3852, .T. ) ;
#2024 = CARTESIAN_POINT ( 'NONE',  ( 29.31498041281528799, 3.258947373655597168, -0.5000000000000032196 ) ) ;
#2025 = VECTOR ( 'NONE', #3608, 100.0000000000000142 ) ;
#2026 = B_SPLINE_CURVE_WITH_KNOTS ( 'NONE', 3,
 ( #2568, #826, #1198, #2726 ),
 .UNSPECIFIED., .F., .F.,
 ( 4, 4 ),
 ( 0.000000000000000000, 0.0008033093462892183182 ),
 .UNSPECIFIED. ) ;
#2027 = VERTEX_POINT ( 'NONE', #990 ) ;
#2028 = EDGE_CURVE ( 'NONE', #2411, #1622, #24, .T. ) ;
#2029 = CARTESIAN_POINT ( 'NONE',  ( 29.82880938883855038, 0.6318695621969186993, -11.45711409167940964 ) ) ;
#2030 = CARTESIAN_POINT ( 'NONE',  ( 30.07095104614156966, 8.947198970248058103, -22.40677275259367462 ) ) ;
#2031 = ORIENTED_EDGE ( 'NONE', *, *, #369, .T. ) ;
#2032 = CARTESIAN_POINT ( 'NONE',  ( 29.41927369038406326, -2.516282349634247684, -1.392013287570840419 ) ) ;
#2033 = VECTOR ( 'NONE', #3980, 100.0000000000000142 ) ;
#2034 = ORIENTED_EDGE ( 'NONE', *, *, #2327, .F. ) ;
#2035 = CARTESIAN_POINT ( 'NONE',  ( 39.74338221018398798, 0.2620762191558750343, -0.7000000000000028422 ) ) ;
#2036 = DIRECTION ( 'NONE',  ( -0.9998626349648348510, 0.01657441405230573525, -1.665334536937734811E-16 ) ) ;
#2037 = LINE ( 'NONE', #3250, #547 ) ;
#2038 = CARTESIAN_POINT ( 'NONE',  ( 29.76842410679677187, 6.158896948344507294, -20.33543631572898036 ) ) ;
#2039 = ORIENTED_EDGE ( 'NONE', *, *, #1191, .F. ) ;
#2040 = PLANE ( 'NONE',  #2641 ) ;
#2041 = DIRECTION ( 'NONE',  ( -0.9998626349648348510, 0.01657441405230463891, -3.341506680459168366E-16 ) ) ;
#2042 = AXIS2_PLACEMENT_3D ( 'NONE', #962, #3806, #2488 ) ;
#2043 = CARTESIAN_POINT ( 'NONE',  ( 29.42210413975015015, -2.345533594813668632, -1.726061493843417560 ) ) ;
#2044 =( BOUNDED_SURFACE ( )  B_SPLINE_SURFACE ( 3, 2, ( 
 ( #435, #1415, #2301 ),
 ( #3268, #1709, #1969 ),
 ( #78, #1762, #3083 ),
 ( #3327, #3026, #829 ),
 ( #495, #1474, #3655 ),
 ( #3006, #794, #4018 ) ),
 .UNSPECIFIED., .F., .F., .T. ) 
 B_SPLINE_SURFACE_WITH_KNOTS ( ( 4, 2, 4 ),
 ( 3, 3 ),
 ( 0.003469499339602876656, 0.006870148475502238679, 0.01027079761140160113 ),
 ( 0.000000000000000000, 1.000000000000000000 ),
 .UNSPECIFIED. ) 
 GEOMETRIC_REPRESENTATION_ITEM ( )  RATIONAL_B_SPLINE_SURFACE ( (
 ( 1.000000000000000000, 0.8673708135907036709, 1.000000000000000000),
 ( 1.000000000000000000, 0.8431760481727149648, 1.000000000000000000),
 ( 1.000000000000000000, 0.8178868420810105899, 1.000000000000000000),
 ( 1.000000000000000000, 0.7646786984611995130, 1.000000000000000000),
 ( 1.000000000000000000, 0.7367620312946766559, 1.000000000000000000),
 ( 1.000000000000000000, 0.7071067811848205098, 1.000000000000000000) ) ) 
 REPRESENTATION_ITEM ( '' )  SURFACE ( )  );
#2045 = VERTEX_POINT ( 'NONE', #3441 ) ;
#2046 = CARTESIAN_POINT ( 'NONE',  ( 27.86161175479890773, -1.824979717385858624, -1.300000000000006262 ) ) ;
#2047 = ORIENTED_EDGE ( 'NONE', *, *, #50, .F. ) ;
#2048 = CARTESIAN_POINT ( 'NONE',  ( 30.00494723860408541, 0.6367560416007492785, -11.47552833453502963 ) ) ;
#2049 = CARTESIAN_POINT ( 'NONE',  ( 29.03859622392525708, -1.347322454362699373, -2.500000000000004441 ) ) ;
#2050 = ORIENTED_EDGE ( 'NONE', *, *, #1140, .F. ) ;
#2051 = EDGE_CURVE ( 'NONE', #1349, #3063, #448, .T. ) ;
#2052 = CARTESIAN_POINT ( 'NONE',  ( 29.41827703314706000, -2.576406365360870865, -1.343970540664685798 ) ) ;
#2053 = B_SPLINE_SURFACE_WITH_KNOTS ( 'NONE', 2, 1, ( 
 ( #3294, #3644 ),
 ( #3931, #1799 ),
 ( #498, #3371 ) ),
 .UNSPECIFIED., .F., .F., .F.,
 ( 3, 3 ),
 ( 2, 2 ),
 ( 0.000000000000000000, 0.7967053436417098622 ),
 ( 0.000000000000000000, 1.000000000000000000 ),
 .UNSPECIFIED. ) ;
#2054 = ORIENTED_EDGE ( 'NONE', *, *, #1870, .F. ) ;
#2055 = DIRECTION ( 'NONE',  ( -0.01657441405230484707, -0.9998626349648348510, 3.783680950347352210E-18 ) ) ;
#2056 = DIRECTION ( 'NONE',  ( -0.01657441405230464584, -0.9998626349648348510, -0.000000000000000000 ) ) ;
#2057 = EDGE_CURVE ( 'NONE', #976, #1352, #967, .T. ) ;
#2058 = FACE_OUTER_BOUND ( 'NONE', #3974, .T. ) ;
#2059 = DIRECTION ( 'NONE',  ( 0.01657441405230579770, 0.9998626349648348510, 1.937485524053559049E-31 ) ) ;
#2060 = ORIENTED_EDGE ( 'NONE', *, *, #551, .T. ) ;
#2061 = CARTESIAN_POINT ( 'NONE',  ( 29.21402111880147956, -2.831489695086466973, -0.5000000000000032196 ) ) ;
#2062 = CARTESIAN_POINT ( 'NONE',  ( 44.96666634055321765, 3.184397306558728324, -0.7000000000000003997 ) ) ;
#2063 = DIRECTION ( 'NONE',  ( 0.9998626349648348510, -0.01657441405230463891, 0.000000000000000000 ) ) ;
#2064 = CARTESIAN_POINT ( 'NONE',  ( 29.52156719143432895, 3.654641652693924936, -16.15077155702975276 ) ) ;
#2065 = ORIENTED_EDGE ( 'NONE', *, *, #1700, .T. ) ;
#2066 = CARTESIAN_POINT ( 'NONE',  ( 29.59769657878268845, 0.5741122739129838060, -11.31024346583409468 ) ) ;
#2067 = CARTESIAN_POINT ( 'NONE',  ( 29.99558813191476503, 3.327921970892878445, -16.95239721201884819 ) ) ;
#2068 = CARTESIAN_POINT ( 'NONE',  ( 29.96516101513376640, 0.2477573789244779945, -11.47664068296517392 ) ) ;
#2069 = ORIENTED_EDGE ( 'NONE', *, *, #924, .F. ) ;
#2070 = ADVANCED_FACE ( 'NONE', ( #2576 ), #4074, .T. ) ;
#2071 = CARTESIAN_POINT ( 'NONE',  ( 29.57189324557678489, 6.690594594587635946, -20.79008107972050112 ) ) ;
#2072 = LINE ( 'NONE', #3329, #4059 ) ;
#2073 = CARTESIAN_POINT ( 'NONE',  ( 29.42105666275003273, 9.658068237430541103, -0.5000000000000032196 ) ) ;
#2074 = DIRECTION ( 'NONE',  ( 0.01657441405230466319, 0.9998626349648349620, 1.734723475976807094E-18 ) ) ;
#2075 = VERTEX_POINT ( 'NONE', #2514 ) ;
#2076 = B_SPLINE_CURVE_WITH_KNOTS ( 'NONE', 3,
 ( #889, #3103, #3690, #866 ),
 .UNSPECIFIED., .F., .F.,
 ( 4, 4 ),
 ( 0.000000000000000000, 0.0007905899214534235081 ),
 .UNSPECIFIED. ) ;
#2077 = DIRECTION ( 'NONE',  ( 1.665680818703648634E-16, 7.087759561701498994E-19, -1.000000000000000000 ) ) ;
#2078 = AXIS2_PLACEMENT_3D ( 'NONE', #1254, #2822, #357 ) ;
#2079 = FACE_OUTER_BOUND ( 'NONE', #2186, .T. ) ;
#2080 = DIRECTION ( 'NONE',  ( 2.282844472454330789E-16, -0.000000000000000000, 1.000000000000000000 ) ) ;
#2081 = CARTESIAN_POINT ( 'NONE',  ( 49.66717419513400245, 6.109470360696870550, -0.4999999999999995004 ) ) ;
#2082 = PLANE ( 'NONE',  #2198 ) ;
#2083 = CARTESIAN_POINT ( 'NONE',  ( 45.44182221721877823, 3.550850232215386981, -0.8335721152040509452 ) ) ;
#2084 = VECTOR ( 'NONE', #3387, 100.0000000000000000 ) ;
#2085 = ORIENTED_EDGE ( 'NONE', *, *, #483, .F. ) ;
#2086 = CARTESIAN_POINT ( 'NONE',  ( 29.57820568035379338, 0.08663852292352522411, -11.95797767543400525 ) ) ;
#2087 = EDGE_CURVE ( 'NONE', #3936, #2489, #2886, .T. ) ;
#2088 = ORIENTED_EDGE ( 'NONE', *, *, #4082, .F. ) ;
#2089 = CARTESIAN_POINT ( 'NONE',  ( 47.16079164157007142, 4.968425934758679219, -0.6999999999999992895 ) ) ;
#2090 = CARTESIAN_POINT ( 'NONE',  ( 51.43443968877217287, 10.28307717325414039, -0.4999999999999962808 ) ) ;
#2091 = AXIS2_PLACEMENT_3D ( 'NONE', #2987, #1732, #1378 ) ;
#2092 = FACE_OUTER_BOUND ( 'NONE', #577, .T. ) ;
#2093 = DIRECTION ( 'NONE',  ( -0.9998626349648349620, 0.01657441405230464238, -3.341506680459168859E-16 ) ) ;
#2094 = VERTEX_POINT ( 'NONE', #1916 ) ;
#2095 = CIRCLE ( 'NONE', #2625, 0.4999999999999985567 ) ;
#2096 = CARTESIAN_POINT ( 'NONE',  ( 29.57952447209469327, 7.118234982725470061, -20.43093761673783249 ) ) ;
#2097 = DIRECTION ( 'NONE',  ( 3.372764553633511840E-16, 2.511834186424162314E-16, -1.000000000000000000 ) ) ;
#2098 = DIRECTION ( 'NONE',  ( -1.000000000000000000, 0.000000000000000000, 0.000000000000000000 ) ) ;
#2099 = LINE ( 'NONE', #229, #3918 ) ;
#2100 = DIRECTION ( 'NONE',  ( -3.372764553633511840E-16, -2.511834186424162314E-16, 1.000000000000000000 ) ) ;
#2101 = B_SPLINE_CURVE_WITH_KNOTS ( 'NONE', 3,
 ( #262, #1536, #3432, #2340, #1646, #3900, #3208, #371, #2254, #1348, #2896, #765, #2318, #2651 ),
 .UNSPECIFIED., .F., .F.,
 ( 4, 2, 2, 2, 2, 2, 4 ),
 ( 5.174596096127579461E-16, 0.001763058660402030660, 0.003526117320803543939, 0.004407646651004301121, 0.005289175981205055700, 0.006170705311405811147, 0.007052234641606566594 ),
 .UNSPECIFIED. ) ;
#2102 = CARTESIAN_POINT ( 'NONE',  ( 29.96516101513376640, 0.2477573789244779945, 4.990817596524285704E-15 ) ) ;
#2103 = ORIENTED_EDGE ( 'NONE', *, *, #2597, .F. ) ;
#2104 = LINE ( 'NONE', #258, #2290 ) ;
#2105 = ORIENTED_EDGE ( 'NONE', *, *, #3301, .T. ) ;
#2106 = CARTESIAN_POINT ( 'NONE',  ( 29.31498041281528799, 3.258947373655597168, -0.5000000000000032196 ) ) ;
#2107 = CARTESIAN_POINT ( 'NONE',  ( 30.72195764656964911, -2.365145003225936460, -1.300000000000007372 ) ) ;
#2108 = CARTESIAN_POINT ( 'NONE',  ( 29.60942709990640864, 8.954849510144693880, -21.97078005163794501 ) ) ;
#2109 = CARTESIAN_POINT ( 'NONE',  ( 51.43443968877217287, 10.28307717325414039, -0.6999999999999964029 ) ) ;
#2110 = ORIENTED_EDGE ( 'NONE', *, *, #1870, .T. ) ;
#2111 = VECTOR ( 'NONE', #1134, 100.0000000000000142 ) ;
#2112 = CARTESIAN_POINT ( 'NONE',  ( 29.65637792094111802, 3.813349608617882858, -16.87565525040531611 ) ) ;
#2113 = PLANE ( 'NONE',  #2677 ) ;
#2114 = DIRECTION ( 'NONE',  ( 0.9998626349648349620, -0.01657441405230464931, 3.341506680459168859E-16 ) ) ;
#2115 = CARTESIAN_POINT ( 'NONE',  ( 50.75891946949460021, 9.279996568962642911, -1.128175306472472217 ) ) ;
#2116 = DIRECTION ( 'NONE',  ( -0.01657441405230464238, -0.9998626349648349620, -1.734723475976807480E-18 ) ) ;
#2117 = EDGE_CURVE ( 'NONE', #323, #3924, #2865, .T. ) ;
#2118 = APPLICATION_PROTOCOL_DEFINITION ( 'draft international standard', 'automotive_design', 1998, #1317 ) ;
#2119 = CARTESIAN_POINT ( 'NONE',  ( 50.27832435838271152, 8.612227584704891470, -0.6999999999999972911 ) ) ;
#2120 = EDGE_LOOP ( 'NONE', ( #629, #118, #1339, #3780, #953 ) ) ;
#2121 = EDGE_CURVE ( 'NONE', #90, #4078, #1884, .T. ) ;
#2122 = DIRECTION ( 'NONE',  ( -0.9998626349648348510, 0.01657441405230464584, 0.000000000000000000 ) ) ;
#2123 = B_SPLINE_CURVE_WITH_KNOTS ( 'NONE', 3,
 ( #275, #3708, #1238, #3100, #211, #2806, #3056, #3688, #2520, #2498, #2828, #4032, #1873, #3425, #863, #1215 ),
 .UNSPECIFIED., .F., .F.,
 ( 4, 2, 2, 2, 2, 2, 2, 4 ),
 ( 0.000000000000000000, 0.001525371695783311584, 0.002288057543674967484, 0.003050743391566618397, 0.003813429239458264973, 0.004576115087349912416, 0.005338800935241558993, 0.006101486783133205569 ),
 .UNSPECIFIED. ) ;
#2124 = ORIENTED_EDGE ( 'NONE', *, *, #2327, .T. ) ;
#2125 = VECTOR ( 'NONE', #1072, 100.0000000000000000 ) ;
#2126 = CARTESIAN_POINT ( 'NONE',  ( 30.04364942460926002, 3.634715583514148474, -16.65027219720726492 ) ) ;
#2127 = CARTESIAN_POINT ( 'NONE',  ( 29.60510347992537561, 6.462027914607022971, -20.59661771016881104 ) ) ;
#2128 = CARTESIAN_POINT ( 'NONE',  ( 29.22216369412238279, -2.340283382147479774, -0.5000000000000032196 ) ) ;
#2129 = ADVANCED_FACE ( 'NONE', ( #1337 ), #2246, .F. ) ;
#2130 = DIRECTION ( 'NONE',  ( 0.01657441405230466319, 0.9998626349648349620, 1.734723475976807480E-18 ) ) ;
#2131 = CARTESIAN_POINT ( 'NONE',  ( 42.69711863524003093, 0.9368272957457970396, -1.200000000000001510 ) ) ;
#2132 = ORIENTED_EDGE ( 'NONE', *, *, #88, .T. ) ;
#2133 = DIRECTION ( 'NONE',  ( 0.01657441405230465278, 0.9998626349648350731, 3.469446951953613418E-18 ) ) ;
#2134 = CARTESIAN_POINT ( 'NONE',  ( 29.62102918974303023, 9.654753354620073225, -22.74663514059542635 ) ) ;
#2135 = CARTESIAN_POINT ( 'NONE',  ( 45.34438959787774337, 3.474091334407627851, -0.8642053188299000377 ) ) ;
#2136 = VECTOR ( 'NONE', #2055, 100.0000000000000142 ) ;
#2137 = DIRECTION ( 'NONE',  ( -0.9998626349648348510, 0.01657441405230465625, 0.000000000000000000 ) ) ;
#2138 = CIRCLE ( 'NONE', #2670, 0.1749999999999973799 ) ;
#2139 = DIRECTION ( 'NONE',  ( -0.01657441405230464238, -0.9998626349648349620, -1.734723475976807094E-18 ) ) ;
#2140 = ORIENTED_EDGE ( 'NONE', *, *, #3552, .T. ) ;
#2141 = EDGE_CURVE ( 'NONE', #3063, #2094, #1009, .T. ) ;
#2142 = EDGE_CURVE ( 'NONE', #1608, #1352, #2263, .T. ) ;
#2143 = VECTOR ( 'NONE', #3053, 100.0000000000000000 ) ;
#2144 = DIRECTION ( 'NONE',  ( 0.01657441405230466666, 0.9998626349648349620, 1.734723475976807094E-18 ) ) ;
#2145 = VECTOR ( 'NONE', #1678, 100.0000000000000142 ) ;
#2146 = DIRECTION ( 'NONE',  ( -0.9998626349648350731, 0.01657441405230466666, 0.000000000000000000 ) ) ;
#2147 =( BOUNDED_SURFACE ( )  B_SPLINE_SURFACE ( 3, 2, ( 
 ( #395, #355, #1294 ),
 ( #1669, #1354, #1650 ),
 ( #2633, #104, #1376 ),
 ( #1065, #2863, #2323 ) ),
 .UNSPECIFIED., .F., .F., .F. ) 
 B_SPLINE_SURFACE_WITH_KNOTS ( ( 4, 4 ),
 ( 3, 3 ),
 ( 0.1086450207203012996, 0.1106812195337690818 ),
 ( 0.000000000000000000, 1.000000000000000000 ),
 .UNSPECIFIED. ) 
 GEOMETRIC_REPRESENTATION_ITEM ( )  RATIONAL_B_SPLINE_SURFACE ( (
 ( 1.000000000000000000, 0.9454228802908569707, 1.000000000000000000),
 ( 1.000000000000000000, 0.9454228802306789969, 1.000000000000000000),
 ( 1.000000000000000000, 0.9454160752829893211, 1.000000000000000000),
 ( 1.000000000000000000, 0.9454025248878458187, 1.000000000000000000) ) ) 
 REPRESENTATION_ITEM ( '' )  SURFACE ( )  );
#2148 = VERTEX_POINT ( 'NONE', #3214 ) ;
#2149 = ADVANCED_FACE ( 'NONE', ( #334 ), #3179, .F. ) ;
#2150 = LINE ( 'NONE', #3975, #3867 ) ;
#2151 = ORIENTED_EDGE ( 'NONE', *, *, #3636, .T. ) ;
#2152 = PLANE ( 'NONE',  #94 ) ;
#2153 = DIRECTION ( 'NONE',  ( 0.9998626349648348510, -0.01657441405230463891, 3.341506680459168366E-16 ) ) ;
#2154 = CARTESIAN_POINT ( 'NONE',  ( 39.74338221018398798, 0.2620762191558750343, -0.7000000000000028422 ) ) ;
#2155 = CARTESIAN_POINT ( 'NONE',  ( 29.51495293980827483, 3.255632490845135507, -16.15077155702975276 ) ) ;
#2156 = CARTESIAN_POINT ( 'NONE',  ( 29.22108413575708497, 9.661383120240994771, 8.640310689145281091E-15 ) ) ;
#2157 = ORIENTED_EDGE ( 'NONE', *, *, #50, .T. ) ;
#2158 = CARTESIAN_POINT ( 'NONE',  ( 29.83923363456296229, 6.707973978507764556, -20.05614748370046030 ) ) ;
#2159 = CARTESIAN_POINT ( 'NONE',  ( 29.66866649040221304, 6.433909765886566490, -19.79230562069953692 ) ) ;
#2160 = CARTESIAN_POINT ( 'NONE',  ( 29.51495293980818602, 3.255632490840011606, -17.35602955787456025 ) ) ;
#2161 = CARTESIAN_POINT ( 'NONE',  ( 51.64301749531590247, 9.789770348802626643, -0.6999999999999964029 ) ) ;
#2162 = CARTESIAN_POINT ( 'NONE',  ( 50.76344319059204224, 9.286457888869110278, -1.216780417668076986 ) ) ;
#2163 = ORIENTED_EDGE ( 'NONE', *, *, #3340, .T. ) ;
#2164 = B_SPLINE_CURVE_WITH_KNOTS ( 'NONE', 3,
 ( #944, #3809, #3745, #21, #2260, #641, #1610, #2862, #925, #580, #3132, #2511, #1273, #288, #1563, #986, #2200, #1892, #3154, #309 ),
 .UNSPECIFIED., .F., .F.,
 ( 4, 2, 2, 2, 2, 2, 2, 2, 2, 4 ),
 ( 0.000000000000000000, 0.0009765103275120215042, 0.001464765491268031064, 0.001953020655024040406, 0.002929530982536075138, 0.003906041310048109436, 0.004882551637560143300, 0.005859061965072178031, 0.006835572292584211028, 0.007812082620096244892 ),
 .UNSPECIFIED. ) ;
#2165 = STYLED_ITEM ( 'NONE', ( #736 ), #197 ) ;
#2166 = VERTEX_POINT ( 'NONE', #1276 ) ;
#2167 = CARTESIAN_POINT ( 'NONE',  ( 29.27188693627929439, 0.6593045227470255565, -11.50000000000000711 ) ) ;
#2168 = ORIENTED_EDGE ( 'NONE', *, *, #3730, .F. ) ;
#2169 = CARTESIAN_POINT ( 'NONE',  ( 29.01680430430896251, -2.661934608959336757, -1.300000000000003597 ) ) ;
#2170 = ORIENTED_EDGE ( 'NONE', *, *, #2230, .T. ) ;
#2171 = VECTOR ( 'NONE', #2710, 100.0000000000000142 ) ;
#2172 = ORIENTED_EDGE ( 'NONE', *, *, #2057, .F. ) ;
#2173 = CARTESIAN_POINT ( 'NONE',  ( 40.87407810493758120, 0.7429592701315813619, -0.7329370161169938003 ) ) ;
#2174 = CARTESIAN_POINT ( 'NONE',  ( 51.11043873219347233, 9.782862538669716557, -0.4999999999999959477 ) ) ;
#2175 = EDGE_CURVE ( 'NONE', #195, #1767, #1806, .T. ) ;
#2176 = CARTESIAN_POINT ( 'NONE',  ( 36.28800998878277539, -2.253622014754586012, -0.7000000000000047296 ) ) ;
#2177 = CARTESIAN_POINT ( 'NONE',  ( 29.97440018737500367, -2.534829960632589696, -1.000000000000006661 ) ) ;
#2178 = CARTESIAN_POINT ( 'NONE',  ( 29.43109815211983360, -9.344708511468324375, -0.8250000000000035083 ) ) ;
#2179 = B_SPLINE_CURVE_WITH_KNOTS ( 'NONE', 2,
 ( #2714, #2732, #814 ),
 .UNSPECIFIED., .F., .F.,
 ( 3, 3 ),
 ( 0.000000000000000000, 0.02157229260134265955 ),
 .UNSPECIFIED. ) ;
#2180 = EDGE_CURVE ( 'NONE', #158, #1429, #2434, .T. ) ;
#2181 = CARTESIAN_POINT ( 'NONE',  ( 29.51601843178072571, 3.319909008117866822, -16.21248033823524892 ) ) ;
#2182 = DIRECTION ( 'NONE',  ( 3.462121318424173032E-16, -4.706777519503276240E-17, -1.000000000000000000 ) ) ;
#2183 = CARTESIAN_POINT ( 'NONE',  ( 28.95513374975205423, -2.620430731690689186, -1.300000000000007594 ) ) ;
#2184 = CARTESIAN_POINT ( 'NONE',  ( 29.43109815211983360, -9.344708511468324375, -0.8250000000000035083 ) ) ;
#2185 = CARTESIAN_POINT ( 'NONE',  ( 30.10935841738883667, 8.946562303118540171, -21.97078005163794501 ) ) ;
#2186 = EDGE_LOOP ( 'NONE', ( #798, #9, #2368, #1577 ) ) ;
#2187 = CARTESIAN_POINT ( 'NONE',  ( 29.72930334287153897, 8.769659253212580552, -22.25622252743556473 ) ) ;
#2188 = CARTESIAN_POINT ( 'NONE',  ( 49.27850982085636389, 6.424017661062631390, -0.4999999999999995559 ) ) ;
#2189 = VERTEX_POINT ( 'NONE', #292 ) ;
#2190 = CARTESIAN_POINT ( 'NONE',  ( 39.74045872950771496, 0.08571528820440692253, -1.200000000000002842 ) ) ;
#2191 = ORIENTED_EDGE ( 'NONE', *, *, #573, .T. ) ;
#2192 = ORIENTED_EDGE ( 'NONE', *, *, #2611, .F. ) ;
#2193 = CARTESIAN_POINT ( 'NONE',  ( 30.05919415096664338, 8.946688647553321161, -22.24793868556928444 ) ) ;
#2194 = DIRECTION ( 'NONE',  ( -0.9998626349648349620, 0.01657441405230580117, -1.665334536937735304E-16 ) ) ;
#2195 = CARTESIAN_POINT ( 'NONE',  ( 29.70223817993855420, 9.613086488614378311, -22.47032669287179019 ) ) ;
#2196 = CARTESIAN_POINT ( 'NONE',  ( 30.04204292387456832, 3.203911531157698445, -17.51027643789101162 ) ) ;
#2197 = DIRECTION ( 'NONE',  ( -2.220446049250313081E-16, 2.357666062882714910E-18, 1.000000000000000000 ) ) ;
#2198 = AXIS2_PLACEMENT_3D ( 'NONE', #3035, #2116, #2063 ) ;
#2199 = ORIENTED_EDGE ( 'NONE', *, *, #2558, .F. ) ;
#2200 = CARTESIAN_POINT ( 'NONE',  ( 49.17571502894491431, 6.699959054679985648, -0.7161488615097026944 ) ) ;
#2201 = LINE ( 'NONE', #560, #362 ) ;
#2202 = CARTESIAN_POINT ( 'NONE',  ( 29.54644335421789947, 3.255110483972539548, -17.24874544304277180 ) ) ;
#2203 = EDGE_CURVE ( 'NONE', #381, #2027, #754, .T. ) ;
#2204 = CARTESIAN_POINT ( 'NONE',  ( 28.46095761166079186, -48.26055042504044934, -0.5000000000000014433 ) ) ;
#2205 = DIRECTION ( 'NONE',  ( 0.01657441405230463891, 0.9998626349648349620, -0.000000000000000000 ) ) ;
#2206 = ORIENTED_EDGE ( 'NONE', *, *, #4066, .T. ) ;
#2207 = ADVANCED_FACE ( 'NONE', ( #2635 ), #2986, .F. ) ;
#2208 = DIRECTION ( 'NONE',  ( 0.9998626349648349620, -0.01657441405230446890, 0.000000000000000000 ) ) ;
#2209 = DIRECTION ( 'NONE',  ( 0.01657441405230465278, 0.9998626349648350731, 3.469446951953613418E-18 ) ) ;
#2210 = ORIENTED_EDGE ( 'NONE', *, *, #2876, .T. ) ;
#2211 = AXIS2_PLACEMENT_3D ( 'NONE', #3509, #1014, #2849 ) ;
#2212 = CARTESIAN_POINT ( 'NONE',  ( 31.03832149385491945, -1.380471282467321981, -1.000000000000007105 ) ) ;
#2213 = ORIENTED_EDGE ( 'NONE', *, *, #738, .F. ) ;
#2214 = ORIENTED_EDGE ( 'NONE', *, *, #703, .T. ) ;
#2215 = DIRECTION ( 'NONE',  ( 0.9998626349648348510, -0.01657441405230464584, 3.341506680459168366E-16 ) ) ;
#2216 = CARTESIAN_POINT ( 'NONE',  ( 29.57128797584586621, 6.654081292451527574, -19.48925470086114586 ) ) ;
#2217 = CARTESIAN_POINT ( 'NONE',  ( 51.16989311276994812, 9.038315071778887599, -1.100887576294580228 ) ) ;
#2218 = CARTESIAN_POINT ( 'NONE',  ( 30.05936328639645083, 8.947391056962009870, -22.24793397913155246 ) ) ;
#2219 = LINE ( 'NONE', #1562, #248 ) ;
#2220 = AXIS2_PLACEMENT_3D ( 'NONE', #1316, #3829, #1008 ) ;
#2221 = ORIENTED_EDGE ( 'NONE', *, *, #1901, .F. ) ;
#2222 = CARTESIAN_POINT ( 'NONE',  ( 40.31970610058894522, 0.4979165572142641438, -0.4999999999999950595 ) ) ;
#2223 = DIRECTION ( 'NONE',  ( 0.01657441405230464238, 0.9998626349648350731, 0.000000000000000000 ) ) ;
#2224 = LINE ( 'NONE', #966, #3271 ) ;
#2225 = CARTESIAN_POINT ( 'NONE',  ( 48.27932953247923820, 1.599122803442884821, -0.6999999999999996225 ) ) ;
#2226 = CARTESIAN_POINT ( 'NONE',  ( 29.87316709899226552, -2.423883385455514183, -1.300000000000007150 ) ) ;
#2227 = ORIENTED_EDGE ( 'NONE', *, *, #452, .T. ) ;
#2228 = VECTOR ( 'NONE', #1353, 100.0000000000000142 ) ;
#2229 = CARTESIAN_POINT ( 'NONE',  ( 29.94213383819216290, 0.6481940468865400318, -11.78009954068492249 ) ) ;
#2230 = EDGE_CURVE ( 'NONE', #3345, #1968, #2820, .T. ) ;
#2231 = VECTOR ( 'NONE', #3905, 100.0000000000000142 ) ;
#2232 = VERTEX_POINT ( 'NONE', #3906 ) ;
#2233 = EDGE_CURVE ( 'NONE', #3407, #983, #3009, .T. ) ;
#2234 = PLANE ( 'NONE',  #27 ) ;
#2235 = ORIENTED_EDGE ( 'NONE', *, *, #3012, .T. ) ;
#2236 = VERTEX_POINT ( 'NONE', #2282 ) ;
#2237 = VECTOR ( 'NONE', #349, 100.0000000000000142 ) ;
#2238 = DIRECTION ( 'NONE',  ( 0.9998626349648348510, -0.01657441405230463891, 3.341506680459168366E-16 ) ) ;
#2239 = CARTESIAN_POINT ( 'NONE',  ( 45.84190424054542490, 2.906450311533736119, -0.9310047289394458581 ) ) ;
#2240 = CARTESIAN_POINT ( 'NONE',  ( 40.57399339215842815, 0.6079796586050040252, -0.8555955958422919450 ) ) ;
#2241 = VERTEX_POINT ( 'NONE', #796 ) ;
#2242 = ADVANCED_FACE ( 'NONE', ( #2058 ), #2657, .F. ) ;
#2243 = LINE ( 'NONE', #39, #3991 ) ;
#2244 = DIRECTION ( 'NONE',  ( 0.9998626349648348510, -0.01657441405230464238, 0.000000000000000000 ) ) ;
#2245 = CARTESIAN_POINT ( 'NONE',  ( 29.43109815211983360, -9.344708511468324375, -0.5000000000000031086 ) ) ;
#2246 = PLANE ( 'NONE',  #1484 ) ;
#2247 = ORIENTED_EDGE ( 'NONE', *, *, #3042, .F. ) ;
#2248 = CARTESIAN_POINT ( 'NONE',  ( 29.67751772234517205, 8.621907934330076628, -22.25614047267316664 ) ) ;
#2249 = EDGE_CURVE ( 'NONE', #69, #2816, #1829, .T. ) ;
#2250 = ORIENTED_EDGE ( 'NONE', *, *, #59, .T. ) ;
#2251 = DIRECTION ( 'NONE',  ( 0.01657441405230465278, 0.9998626349648348510, 3.469446951953612648E-18 ) ) ;
#2252 = EDGE_LOOP ( 'NONE', ( #1781, #1826, #389, #3011 ) ) ;
#2253 = ORIENTED_EDGE ( 'NONE', *, *, #315, .T. ) ;
#2254 = CARTESIAN_POINT ( 'NONE',  ( 45.71282024457440230, 2.799050881749244990, -0.8086179155614816594 ) ) ;
#2255 = CARTESIAN_POINT ( 'NONE',  ( 45.79491445526255688, 2.955024226761299388, -1.005882041480025357 ) ) ;
#2256 = EDGE_CURVE ( 'NONE', #1725, #2626, #2037, .T. ) ;
#2257 = CARTESIAN_POINT ( 'NONE',  ( 40.88587220705526448, 0.06672812279342497932, -0.8209103441393197365 ) ) ;
#2258 = EDGE_LOOP ( 'NONE', ( #4002, #974, #2606, #3612, #213, #360, #2132, #2275 ) ) ;
#2259 = EDGE_CURVE ( 'NONE', #687, #3853, #1643, .T. ) ;
#2260 = CARTESIAN_POINT ( 'NONE',  ( 49.16282030118593838, 6.347098853532571638, -1.070834196011197115 ) ) ;
#2261 = CARTESIAN_POINT ( 'NONE',  ( 29.97179078075468794, 0.6477024329104119627, -12.27921898938788203 ) ) ;
#2262 = CARTESIAN_POINT ( 'NONE',  ( 41.05550690469880237, 0.8271730007075100977, -0.7000000000000022871 ) ) ;
#2263 = LINE ( 'NONE', #684, #1091 ) ;
#2264 = CARTESIAN_POINT ( 'NONE',  ( 29.97244293309938712, 8.933182257925640357, -22.25576382779482643 ) ) ;
#2265 = ORIENTED_EDGE ( 'NONE', *, *, #1116, .F. ) ;
#2266 = VECTOR ( 'NONE', #2353, 100.0000000000000000 ) ;
#2267 = CARTESIAN_POINT ( 'NONE',  ( 50.82895222994208950, 9.380380608837379341, -0.9310335671551638326 ) ) ;
#2268 = EDGE_CURVE ( 'NONE', #3983, #2360, #2303, .T. ) ;
#2269 = VERTEX_POINT ( 'NONE', #105 ) ;
#2270 = CARTESIAN_POINT ( 'NONE',  ( 42.70962778319242403, 1.691450028915983728, -0.7000000000000015099 ) ) ;
#2271 = ORIENTED_EDGE ( 'NONE', *, *, #3162, .F. ) ;
#2272 = B_SPLINE_CURVE_WITH_KNOTS ( 'NONE', 2,
 ( #1748, #1457, #1184 ),
 .UNSPECIFIED., .F., .F.,
 ( 3, 3 ),
 ( 0.000000000000000000, 0.3687395355907479577 ),
 .UNSPECIFIED. ) ;
#2273 = EDGE_CURVE ( 'NONE', #58, #3354, #1377, .T. ) ;
#2274 = AXIS2_PLACEMENT_3D ( 'NONE', #2800, #1210, #270 ) ;
#2275 = ORIENTED_EDGE ( 'NONE', *, *, #1808, .T. ) ;
#2276 = CARTESIAN_POINT ( 'NONE',  ( 30.08024039977464881, 8.947044983502271620, -22.37737695095800561 ) ) ;
#2277 = ORIENTED_EDGE ( 'NONE', *, *, #3381, .F. ) ;
#2278 = CARTESIAN_POINT ( 'NONE',  ( 40.99722724009461672, -0.1921366347010451947, -0.6999999999973914866 ) ) ;
#2279 = ORIENTED_EDGE ( 'NONE', *, *, #3646, .F. ) ;
#2280 = DIRECTION ( 'NONE',  ( 3.372764553633511840E-16, 2.511834186424162314E-16, -1.000000000000000000 ) ) ;
#2281 = CARTESIAN_POINT ( 'NONE',  ( 30.07952447209468261, 7.146809560181840659, 3.252336556894853104E-15 ) ) ;
#2282 = CARTESIAN_POINT ( 'NONE',  ( 29.96477847480372603, 0.2477637201773664200, -11.77832148343091845 ) ) ;
#2283 = LINE ( 'NONE', #1712, #1044 ) ;
#2284 = ORIENTED_EDGE ( 'NONE', *, *, #3878, .T. ) ;
#2285 = CARTESIAN_POINT ( 'NONE',  ( 29.82176622509562591, 3.692142252293075799, -16.72116383417689889 ) ) ;
#2286 = B_SPLINE_CURVE_WITH_KNOTS ( 'NONE', 2,
 ( #382, #148, #3275 ),
 .UNSPECIFIED., .F., .F.,
 ( 3, 3 ),
 ( 0.000000000000000000, 0.04407246274747603221 ),
 .UNSPECIFIED. ) ;
#2287 = LINE ( 'NONE', #131, #2125 ) ;
#2288 = VERTEX_POINT ( 'NONE', #954 ) ;
#2289 = FACE_OUTER_BOUND ( 'NONE', #3206, .T. ) ;
#2290 = VECTOR ( 'NONE', #1532, 100.0000000000000142 ) ;
#2291 = VERTEX_POINT ( 'NONE', #341 ) ;
#2292 = LINE ( 'NONE', #3223, #1118 ) ;
#2293 = AXIS2_PLACEMENT_3D ( 'NONE', #3218, #2906, #1152 ) ;
#2294 = ORIENTED_EDGE ( 'NONE', *, *, #93, .F. ) ;
#2295 = CARTESIAN_POINT ( 'NONE',  ( 29.86295189893486324, 8.950646907862459756, -22.69954195302184985 ) ) ;
#2296 = ORIENTED_EDGE ( 'NONE', *, *, #4053, .T. ) ;
#2297 = DIRECTION ( 'NONE',  ( 2.220446049250313081E-16, 9.860761315262647568E-32, 1.000000000000000000 ) ) ;
#2298 = ORIENTED_EDGE ( 'NONE', *, *, #1328, .F. ) ;
#2299 = EDGE_CURVE ( 'NONE', #3670, #2166, #2138, .T. ) ;
#2300 = EDGE_CURVE ( 'NONE', #812, #3199, #1304, .T. ) ;
#2301 = CARTESIAN_POINT ( 'NONE',  ( 29.88003412002357351, 0.2491685011698783758, -12.40163824770149148 ) ) ;
#2302 = CARTESIAN_POINT ( 'NONE',  ( 30.06871704871662132, 6.633737934814817550, -19.98967916621816698 ) ) ;
#2303 = LINE ( 'NONE', #2013, #2006 ) ;
#2304 = CARTESIAN_POINT ( 'NONE',  ( 29.56254280510919230, 6.126523007230184170, -19.48925470086116363 ) ) ;
#2305 = ORIENTED_EDGE ( 'NONE', *, *, #2728, .T. ) ;
#2306 = EDGE_CURVE ( 'NONE', #955, #1938, #975, .T. ) ;
#2307 = CARTESIAN_POINT ( 'NONE',  ( 45.86910077349847370, 2.929264556618783377, -0.8921647460628141513 ) ) ;
#2308 = CARTESIAN_POINT ( 'NONE',  ( 29.22108413575709562, 9.661383120241000100, -22.25672608094550853 ) ) ;
#2309 = CARTESIAN_POINT ( 'NONE',  ( 29.57952447209467550, 7.146809560181822896, -20.45676392269214716 ) ) ;
#2310 = EDGE_CURVE ( 'NONE', #570, #3295, #3360, .T. ) ;
#2311 = ORIENTED_EDGE ( 'NONE', *, *, #3344, .T. ) ;
#2312 = ADVANCED_FACE ( 'NONE', ( #3836 ), #92, .T. ) ;
#2313 = CARTESIAN_POINT ( 'NONE',  ( 51.16411115068007120, 8.597544170660041729, -0.4999999999999962808 ) ) ;
#2314 = EDGE_LOOP ( 'NONE', ( #1458, #1739, #430, #725 ) ) ;
#2315 = DIRECTION ( 'NONE',  ( 0.01657441405230464238, 0.9998626349648350731, 0.000000000000000000 ) ) ;
#2316 = VECTOR ( 'NONE', #428, 100.0000000000000000 ) ;
#2317 = EDGE_LOOP ( 'NONE', ( #2504, #1974, #1343, #873, #1185 ) ) ;
#2318 = CARTESIAN_POINT ( 'NONE',  ( 45.82584507217924141, 2.892993212489262334, -0.9095053091332812034 ) ) ;
#2319 = ORIENTED_EDGE ( 'NONE', *, *, #1104, .T. ) ;
#2320 = CARTESIAN_POINT ( 'NONE',  ( 41.06331707074517823, 0.06378667409934468679, -1.136406659951803899 ) ) ;
#2321 = VERTEX_POINT ( 'NONE', #3205 ) ;
#2322 = DIRECTION ( 'NONE',  ( -0.9998626349648349620, 0.01657441405230335868, 0.000000000000000000 ) ) ;
#2323 = CARTESIAN_POINT ( 'NONE',  ( 49.16619865880949902, 6.116435064262719656, -0.7011982115377577429 ) ) ;
#2324 = CARTESIAN_POINT ( 'NONE',  ( 40.54581001587590805, 0.06951077564462049274, -1.135836273449319256 ) ) ;
#2325 = CARTESIAN_POINT ( 'NONE',  ( 29.60957237918229268, 5.972541388808680018, -20.16742669010505296 ) ) ;
#2326 = ORIENTED_EDGE ( 'NONE', *, *, #20, .F. ) ;
#2327 = EDGE_CURVE ( 'NONE', #1968, #3853, #1618, .T. ) ;
#2328 = CARTESIAN_POINT ( 'NONE',  ( 46.07509337960408402, 3.104439888321759877, -0.7377285349336160092 ) ) ;
#2329 =( NAMED_UNIT ( * ) SI_UNIT ( $, .STERADIAN. ) SOLID_ANGLE_UNIT ( ) );
#2330 = CARTESIAN_POINT ( 'NONE',  ( 29.42188094791248076, -2.358997791991334303, -1.650067470819595039 ) ) ;
#2331 = EDGE_CURVE ( 'NONE', #3518, #3803, #3788, .T. ) ;
#2332 = AXIS2_PLACEMENT_3D ( 'NONE', #714, #3870, #2020 ) ;
#2333 = VERTEX_POINT ( 'NONE', #1598 ) ;
#2334 = PRODUCT_DEFINITION ( 'UNKNOWN', '', #232, #1197 ) ;
#2335 = LINE ( 'NONE', #2643, #2346 ) ;
#2336 = CARTESIAN_POINT ( 'NONE',  ( 29.57954732733427150, 7.152332205951964283, -20.46175481924352368 ) ) ;
#2337 = EDGE_LOOP ( 'NONE', ( #2688, #3382, #1667, #365 ) ) ;
#2338 = VECTOR ( 'NONE', #593, 100.0000000000000142 ) ;
#2339 = CARTESIAN_POINT ( 'NONE',  ( 29.47200121876102230, 0.4668230230200023922, -11.04252980633659220 ) ) ;
#2340 = CARTESIAN_POINT ( 'NONE',  ( 45.51805693453437129, 2.639906245631477244, -0.7213819157681186089 ) ) ;
#2341 = ORIENTED_EDGE ( 'NONE', *, *, #2233, .T. ) ;
#2342 = FACE_OUTER_BOUND ( 'NONE', #3216, .T. ) ;
#2343 = EDGE_LOOP ( 'NONE', ( #3659, #3495, #3450, #3446, #3089, #2809, #2542, #2969, #2712, #1120, #2700, #12, #2769, #2311, #3030 ) ) ;
#2344 = CYLINDRICAL_SURFACE ( 'NONE', #680, 0.4999999999999985567 ) ;
#2345 = CARTESIAN_POINT ( 'NONE',  ( 29.21567331897403363, 9.334971971771391708, -22.25672608094550853 ) ) ;
#2346 = VECTOR ( 'NONE', #2777, 100.0000000000000000 ) ;
#2347 = DIRECTION ( 'NONE',  ( -0.9998626349648348510, 0.01657441405230448625, 0.000000000000000000 ) ) ;
#2348 = CARTESIAN_POINT ( 'NONE',  ( 29.66834073983633502, 6.063163154962093238, -20.24921573046129097 ) ) ;
#2349 = EDGE_LOOP ( 'NONE', ( #2709, #1235, #2047, #793, #439, #673, #2899, #2788, #2500, #48, #2717, #2620, #1949, #1479 ) ) ;
#2350 = B_SPLINE_SURFACE_WITH_KNOTS ( 'NONE', 2, 1, ( 
 ( #3108, #3948 ),
 ( #183, #1127 ),
 ( #202, #2384 ) ),
 .UNSPECIFIED., .F., .F., .F.,
 ( 3, 3 ),
 ( 2, 2 ),
 ( 0.000000000000000000, 1.000000000000000000 ),
 ( 0.000000000000000000, 1.000000000000000000 ),
 .UNSPECIFIED. ) ;
#2351 = CARTESIAN_POINT ( 'NONE',  ( 29.45289206297297824, -0.4882314940259307456, -22.74663514059542635 ) ) ;
#2352 = CARTESIAN_POINT ( 'NONE',  ( 30.09087159460269589, 9.114597063751674000, -22.24705942039479822 ) ) ;
#2353 = DIRECTION ( 'NONE',  ( 1.665680818703648634E-16, 7.087759561701499957E-19, -1.000000000000000000 ) ) ;
#2354 = ORIENTED_EDGE ( 'NONE', *, *, #1793, .T. ) ;
#2355 = ADVANCED_FACE ( 'NONE', ( #2893 ), #2234, .T. ) ;
#2356 = CARTESIAN_POINT ( 'NONE',  ( 45.68420687059774821, 3.745361950736592060, -0.7193397142136355171 ) ) ;
#2357 = EDGE_LOOP ( 'NONE', ( #3174, #3105, #2952, #344, #3314 ) ) ;
#2358 = CARTESIAN_POINT ( 'NONE',  ( 29.46828849945849527, 0.4405688548064635723, -10.97664068296517392 ) ) ;
#2359 = LINE ( 'NONE', #1451, #2171 ) ;
#2360 = VERTEX_POINT ( 'NONE', #299 ) ;
#2361 = CARTESIAN_POINT ( 'NONE',  ( 40.48634198056218736, 0.07335101194750823228, -1.200000000000002620 ) ) ;
#2362 = VECTOR ( 'NONE', #2012, 100.0000000000000000 ) ;
#2363 = ORIENTED_EDGE ( 'NONE', *, *, #1993, .F. ) ;
#2364 = CARTESIAN_POINT ( 'NONE',  ( 29.57130594758611153, 6.655165449725573446, -20.00215235425145011 ) ) ;
#2365 = CARTESIAN_POINT ( 'NONE',  ( 29.45289206297297468, -0.4882314940259307456, 3.155808947497007545E-15 ) ) ;
#2366 = CARTESIAN_POINT ( 'NONE',  ( 40.97485766438257571, -0.1958023285808016267, -0.7038039923673893306 ) ) ;
#2367 = CARTESIAN_POINT ( 'NONE',  ( 39.74045872950771496, 0.08571528820440708907, -0.7000000000000028422 ) ) ;
#2368 = ORIENTED_EDGE ( 'NONE', *, *, #2001, .F. ) ;
#2369 = ADVANCED_FACE ( 'NONE', ( #3185 ), #2562, .T. ) ;
#2370 = PLANE ( 'NONE',  #628 ) ;
#2371 = CARTESIAN_POINT ( 'NONE',  ( 28.59321353697937695, -2.751086721369535137, -1.000000000000006883 ) ) ;
#2372 = CARTESIAN_POINT ( 'NONE',  ( 0.01896740029930046867, 1.144221133962461057, 1.985179957108101255E-18 ) ) ;
#2373 = B_SPLINE_CURVE_WITH_KNOTS ( 'NONE', 2,
 ( #3740, #2176, #594 ),
 .UNSPECIFIED., .F., .F.,
 ( 3, 3 ),
 ( 0.000000000000000000, 0.3769880855403230369 ),
 .UNSPECIFIED. ) ;
#2374 = VECTOR ( 'NONE', #2462, 100.0000000000000142 ) ;
#2375 = B_SPLINE_CURVE_WITH_KNOTS ( 'NONE', 3,
 ( #2383, #3641, #2398, #831 ),
 .UNSPECIFIED., .F., .F.,
 ( 4, 4 ),
 ( -0.005339902454676111535, 0.002000000000000029532 ),
 .UNSPECIFIED. ) ;
#2376 = CARTESIAN_POINT ( 'NONE',  ( 45.47016318416308422, 3.391202852591135297, -1.199999999999999956 ) ) ;
#2377 = ADVANCED_FACE ( 'NONE', ( #1640 ), #1939, .F. ) ;
#2378 = EDGE_LOOP ( 'NONE', ( #3372, #3875, #4081, #2298 ) ) ;
#2379 = VERTEX_POINT ( 'NONE', #2582 ) ;
#2380 = DIRECTION ( 'NONE',  ( 0.9998626349648348510, -0.01657441405230573525, 1.665334536937734811E-16 ) ) ;
#2381 = ORIENTED_EDGE ( 'NONE', *, *, #3162, .T. ) ;
#2382 = CARTESIAN_POINT ( 'NONE',  ( 40.54203898306122511, 0.07242773994132563342, -1.199462997004565823 ) ) ;
#2383 = CARTESIAN_POINT ( 'NONE',  ( 40.24572841237873178, 0.4665809341019984124, -1.233333333333342274 ) ) ;
#2384 = CARTESIAN_POINT ( 'NONE',  ( 29.22108413575709207, 9.661383120241003652, -23.00000000000001066 ) ) ;
#2385 = CARTESIAN_POINT ( 'NONE',  ( 27.51161175479890275, -1.824979717385858624, -1.000000000000006217 ) ) ;
#2386 = EDGE_LOOP ( 'NONE', ( #1757, #1305, #1221, #528 ) ) ;
#2387 = CARTESIAN_POINT ( 'NONE',  ( 29.52980122993775325, 4.147221655287303577, -17.29565549853147743 ) ) ;
#2388 = DIRECTION ( 'NONE',  ( -0.9998626349648349620, 0.01657441405230335868, 0.000000000000000000 ) ) ;
#2389 = CARTESIAN_POINT ( 'NONE',  ( 29.60341546078603159, 8.592193351538014667, -22.26723635000440282 ) ) ;
#2390 = ADVANCED_FACE ( 'NONE', ( #2830 ), #1660, .F. ) ;
#2391 =( NAMED_UNIT ( * ) SI_UNIT ( $, .STERADIAN. ) SOLID_ANGLE_UNIT ( ) );
#2392 = CARTESIAN_POINT ( 'NONE',  ( 45.81106646561008233, 3.849308385946152100, -0.7000000000000884404 ) ) ;
#2393 = ORIENTED_EDGE ( 'NONE', *, *, #3127, .F. ) ;
#2394 = CARTESIAN_POINT ( 'NONE',  ( 29.50643984339519221, 0.008759065822099867255, -12.07065221830879409 ) ) ;
#2395 = CARTESIAN_POINT ( 'NONE',  ( 29.51537705487185548, 3.281217516325200201, -17.38677933171711842 ) ) ;
#2396 = ORIENTED_EDGE ( 'NONE', *, *, #3893, .T. ) ;
#2397 = CARTESIAN_POINT ( 'NONE',  ( 30.99519099743574913, -3.982347382637524191, -0.8000000000000069278 ) ) ;
#2398 = CARTESIAN_POINT ( 'NONE',  ( 40.27037592089062201, 0.4769859681717089628, -0.7446634151558712000 ) ) ;
#2399 = LINE ( 'NONE', #1165, #2705 ) ;
#2400 = DIRECTION ( 'NONE',  ( -0.01657441405230465278, -0.9998626349648348510, -3.469446951953612648E-18 ) ) ;
#2401 = EDGE_LOOP ( 'NONE', ( #1814, #3110, #3814, #1292 ) ) ;
#2402 = B_SPLINE_CURVE_WITH_KNOTS ( 'NONE', 2,
 ( #1957, #2389, #3685 ),
 .UNSPECIFIED., .F., .F.,
 ( 3, 3 ),
 ( 0.9458531777682747110, 0.9585772340791409718 ),
 .UNSPECIFIED. ) ;
#2403 = CARTESIAN_POINT ( 'NONE',  ( 29.58195603692975340, 7.089889704403456783, -20.40525536450030231 ) ) ;
#2404 = DIRECTION ( 'NONE',  ( -3.372764553633511840E-16, -2.511834186424162314E-16, 1.000000000000000000 ) ) ;
#2405 = CARTESIAN_POINT ( 'NONE',  ( 27.68661175479890701, -1.824979717385858624, -1.000000000000006217 ) ) ;
#2406 = DIRECTION ( 'NONE',  ( -1.000000000000000000, 0.000000000000000000, -3.469446951953611231E-16 ) ) ;
#2407 = DIRECTION ( 'NONE',  ( -0.9998626349648348510, 0.01657441405230464584, 0.000000000000000000 ) ) ;
#2408 = CARTESIAN_POINT ( 'NONE',  ( 0.000000000000000000, 0.000000000000000000, 0.000000000000000000 ) ) ;
#2409 = CARTESIAN_POINT ( 'NONE',  ( 29.62102918974303734, 9.654753354620073225, -23.00000000000000355 ) ) ;
#2410 = CIRCLE ( 'NONE', #2614, 1.292999993180115270 ) ;
#2411 = VERTEX_POINT ( 'NONE', #1241 ) ;
#2412 = CARTESIAN_POINT ( 'NONE',  ( 29.52980122993776746, 4.147221655287334663, -17.44368426867221444 ) ) ;
#2413 = CIRCLE ( 'NONE', #3476, 0.6620108421965272827 ) ;
#2414 = EDGE_LOOP ( 'NONE', ( #3781, #632, #3463, #2381, #1020 ) ) ;
#2415 = LINE ( 'NONE', #554, #3385 ) ;
#2416 = ADVANCED_FACE ( 'NONE', ( #3493 ), #1283, .F. ) ;
#2417 = CARTESIAN_POINT ( 'NONE',  ( 29.42934386977618644, 10.15799955491295847, -1.200000000000003730 ) ) ;
#2418 = AXIS2_PLACEMENT_3D ( 'NONE', #1319, #3604, #3542 ) ;
#2419 = CARTESIAN_POINT ( 'NONE',  ( 29.21567331897403363, 9.334971971771391708, -22.25672608094550853 ) ) ;
#2420 = FACE_OUTER_BOUND ( 'NONE', #266, .T. ) ;
#2421 = ORIENTED_EDGE ( 'NONE', *, *, #1720, .F. ) ;
#2422 = AXIS2_PLACEMENT_3D ( 'NONE', #3899, #1770, #1461 ) ;
#2423 = EDGE_CURVE ( 'NONE', #3449, #2917, #1691, .T. ) ;
#2424 = EDGE_CURVE ( 'NONE', #3619, #2321, #3261, .T. ) ;
#2425 = CARTESIAN_POINT ( 'NONE',  ( 40.64648524886009540, 0.5661256573099457956, -0.8628521630002081721 ) ) ;
#2426 = CARTESIAN_POINT ( 'NONE',  ( 31.19516352442872176, -3.985662265447985408, -1.300000000000007816 ) ) ;
#2427 = CYLINDRICAL_SURFACE ( 'NONE', #2745, 0.5000000000000004441 ) ;
#2428 = CARTESIAN_POINT ( 'NONE',  ( 50.67134632489690205, 9.155542378676090109, -0.9116301734327745265 ) ) ;
#2429 = CARTESIAN_POINT ( 'NONE',  ( 36.15711095679572651, -1.262375930377485522, -0.5000000000000017764 ) ) ;
#2430 = EDGE_CURVE ( 'NONE', #31, #1362, #1363, .T. ) ;
#2431 = VECTOR ( 'NONE', #919, 100.0000000000000000 ) ;
#2432 = EDGE_CURVE ( 'NONE', #2892, #747, #543, .T. ) ;
#2433 = CARTESIAN_POINT ( 'NONE',  ( 50.82791525886369755, 9.378903448242926544, -1.221081100174085332 ) ) ;
#2434 =( BOUNDED_CURVE ( )  B_SPLINE_CURVE ( 3, ( #312, #1590, #4, #1028 ),
 .UNSPECIFIED., .F., .T. ) 
 B_SPLINE_CURVE_WITH_KNOTS ( ( 4, 4 ),
 ( 1.570796326794895670, 3.100322967313476230 ),
 .UNSPECIFIED. ) 
 CURVE ( )  GEOMETRIC_REPRESENTATION_ITEM ( )  RATIONAL_B_SPLINE_CURVE ( ( 1.000000000000000000, 0.8143641644715879924, 0.8143641644715879924, 1.000000000000000000 ) ) 
 REPRESENTATION_ITEM ( '' )  );
#2435 = EDGE_CURVE ( 'NONE', #3820, #374, #501, .T. ) ;
#2436 = VERTEX_POINT ( 'NONE', #1769 ) ;
#2437 = CARTESIAN_POINT ( 'NONE',  ( 30.02151402291161730, 3.647290337804917737, -16.95153242091817702 ) ) ;
#2438 = ORIENTED_EDGE ( 'NONE', *, *, #2300, .T. ) ;
#2439 = DIRECTION ( 'NONE',  ( 3.382917932875483327E-16, 2.470467893844505313E-16, -1.000000000000000000 ) ) ;
#2440 = EDGE_CURVE ( 'NONE', #2831, #407, #1481, .T. ) ;
#2441 = CARTESIAN_POINT ( 'NONE',  ( 29.81243586272524482, 6.183488279898914364, -20.35769687038448694 ) ) ;
#2442 = CARTESIAN_POINT ( 'NONE',  ( 49.16724287765156021, 6.117757567723009160, -0.4999999999999995559 ) ) ;
#2443 = CARTESIAN_POINT ( 'NONE',  ( 29.51628296686844166, 3.335867264561303447, -16.97219194268983600 ) ) ;
#2444 = LINE ( 'NONE', #3048, #3482 ) ;
#2445 = ORIENTED_EDGE ( 'NONE', *, *, #103, .F. ) ;
#2446 = DIRECTION ( 'NONE',  ( 2.220446049250313081E-16, 9.860761315262647568E-32, 1.000000000000000000 ) ) ;
#2447 = CARTESIAN_POINT ( 'NONE',  ( 27.68661175479890701, -1.824979717385858624, -1.300000000000006262 ) ) ;
#2448 = DIRECTION ( 'NONE',  ( -0.01657441405230463891, -0.9998626349648348510, -0.000000000000000000 ) ) ;
#2449 = CARTESIAN_POINT ( 'NONE',  ( 50.71681740647547088, 9.220019703718214998, -0.9901249452695128905 ) ) ;
#2450 = DIRECTION ( 'NONE',  ( 0.9998626349648348510, -0.01657441405230463891, 3.469446951953554531E-16 ) ) ;
#2451 = EDGE_CURVE ( 'NONE', #2269, #2288, #1460, .T. ) ;
#2452 = DIRECTION ( 'NONE',  ( -0.9998626349648350731, 0.01657441405230466666, 0.000000000000000000 ) ) ;
#2453 = CARTESIAN_POINT ( 'NONE',  ( 51.17145771247020036, 9.040730433910384889, -0.4999999999973828158 ) ) ;
#2454 = ORIENTED_EDGE ( 'NONE', *, *, #2684, .F. ) ;
#2455 = PLANE ( 'NONE',  #3613 ) ;
#2456 =( BOUNDED_SURFACE ( )  B_SPLINE_SURFACE ( 3, 2, ( 
 ( #450, #1984, #3243 ),
 ( #3533, #1369, #3572 ),
 ( #2937, #3285, #96 ),
 ( #2276, #1702, #2627 ),
 ( #2030, #1664, #3264 ),
 ( #56, #1332, #3595 ),
 ( #1060, #2005, #744 ),
 ( #2585, #2958, #1965 ),
 ( #3876, #117, #1387 ),
 ( #1724, #2916, #34 ),
 ( #3513, #1310, #2567 ),
 ( #3225, #3822, #1001 ),
 ( #2295, #677, #2605 ),
 ( #3839, #1944, #697 ),
 ( #390, #3858, #74 ),
 ( #1040, #3554, #1759 ) ),
 .UNSPECIFIED., .F., .F., .F. ) 
 B_SPLINE_SURFACE_WITH_KNOTS ( ( 4, 2, 2, 2, 2, 2, 2, 4 ),
 ( 3, 3 ),
 ( 0.008773225224963772384, 0.01059329455522771066, 0.01150332922035967979, 0.01241336388549164893, 0.01332339855062361807, 0.01423343321575558720, 0.01514346788088755634, 0.01605350254601952548 ),
 ( 0.000000000000000000, 1.000000000000000000 ),
 .UNSPECIFIED. ) 
 GEOMETRIC_REPRESENTATION_ITEM ( )  RATIONAL_B_SPLINE_SURFACE ( (
 ( 1.000000000000000000, 0.7071067811835590744, 1.000000000000000000),
 ( 1.000000000000000000, 0.7275898112508837334, 1.000000000000000000),
 ( 1.000000000000000000, 0.7468481384111540500, 1.000000000000000000),
 ( 1.000000000000000000, 0.7742528412683084005, 1.000000000000000000),
 ( 1.000000000000000000, 0.7831458876501041777, 1.000000000000000000),
 ( 1.000000000000000000, 0.7999436000786585010, 1.000000000000000000),
 ( 1.000000000000000000, 0.8079210561512065736, 1.000000000000000000),
 ( 1.000000000000000000, 0.8230777666421617011, 1.000000000000000000),
 ( 1.000000000000000000, 0.8302574782577486490, 1.000000000000000000),
 ( 1.000000000000000000, 0.8438037401016936778, 1.000000000000000000),
 ( 1.000000000000000000, 0.8500706218655370572, 1.000000000000000000),
 ( 1.000000000000000000, 0.8613162475354690928, 1.000000000000000000),
 ( 1.000000000000000000, 0.8663431847646875239, 1.000000000000000000),
 ( 1.000000000000000000, 0.8751128345105586570, 1.000000000000000000),
 ( 1.000000000000000000, 0.8786996123109439560, 1.000000000000000000),
 ( 1.000000000000000000, 0.8815005537265814262, 1.000000000000000000) ) ) 
 REPRESENTATION_ITEM ( '' )  SURFACE ( )  );
#2457 = ORIENTED_EDGE ( 'NONE', *, *, #630, .F. ) ;
#2458 = VECTOR ( 'NONE', #453, 100.0000000000000142 ) ;
#2459 = CARTESIAN_POINT ( 'NONE',  ( 30.10935841738883667, 8.946562303118541948, -22.16756122134490425 ) ) ;
#2460 = LINE ( 'NONE', #3804, #1089 ) ;
#2461 = CARTESIAN_POINT ( 'NONE',  ( 39.80951726383673872, 0.2881553550180024348, -0.7032599859490739069 ) ) ;
#2462 = DIRECTION ( 'NONE',  ( 0.9998626349648348510, -0.01657441405230466319, 3.341506680459168366E-16 ) ) ;
#2463 = ADVANCED_FACE ( 'NONE', ( #1171, #2289 ), #3894, .F. ) ;
#2464 = DIRECTION ( 'NONE',  ( -0.01657441405230579770, -0.9998626349648348510, 0.000000000000000000 ) ) ;
#2465 = ORIENTED_EDGE ( 'NONE', *, *, #2935, .T. ) ;
#2466 = DIRECTION ( 'NONE',  ( 1.000000000000000000, 0.000000000000000000, 0.000000000000000000 ) ) ;
#2467 = CARTESIAN_POINT ( 'NONE',  ( 29.56350887366097169, 6.184801740021896421, -19.54726388335850018 ) ) ;
#2468 = CARTESIAN_POINT ( 'NONE',  ( 29.72643528508512389, 3.252126813332249622, -17.03616186122442855 ) ) ;
#2469 = VECTOR ( 'NONE', #3368, 100.0000000000000142 ) ;
#2470 = CARTESIAN_POINT ( 'NONE',  ( 29.87850702000259773, 8.894717628808702869, -21.92745365486821285 ) ) ;
#2471 = ORIENTED_EDGE ( 'NONE', *, *, #322, .F. ) ;
#2472 = AXIS2_PLACEMENT_3D ( 'NONE', #1824, #252, #2494 ) ;
#2473 = CARTESIAN_POINT ( 'NONE',  ( 29.46850764047183446, 0.4537886832918617275, -11.00985699621188729 ) ) ;
#2474 = CIRCLE ( 'NONE', #86, 0.4999999999999985567 ) ;
#2475 = CARTESIAN_POINT ( 'NONE',  ( 49.27752137395131626, 6.422796374690702415, -0.6999999999999981792 ) ) ;
#2476 = EDGE_CURVE ( 'NONE', #745, #3384, #617, .T. ) ;
#2477 = ORIENTED_EDGE ( 'NONE', *, *, #2057, .T. ) ;
#2478 = EDGE_CURVE ( 'NONE', #3322, #1199, #2931, .T. ) ;
#2479 = CARTESIAN_POINT ( 'NONE',  ( 45.46353341854216268, 2.991257798605200247, -0.9071067811865474173 ) ) ;
#2480 = VERTEX_POINT ( 'NONE', #3374 ) ;
#2481 = ADVANCED_FACE ( 'NONE', ( #3663 ), #2113, .F. ) ;
#2482 = EDGE_LOOP ( 'NONE', ( #2538, #1533, #2973, #339 ) ) ;
#2483 = DIRECTION ( 'NONE',  ( -1.000000000000000000, 0.000000000000000000, -2.668438747116199702E-16 ) ) ;
#2484 = CARTESIAN_POINT ( 'NONE',  ( 29.45289206297297468, -0.4882314940259307456, 3.155808947497007545E-15 ) ) ;
#2485 = B_SPLINE_CURVE_WITH_KNOTS ( 'NONE', 2,
 ( #2846, #3798, #649 ),
 .UNSPECIFIED., .F., .F.,
 ( 3, 3 ),
 ( 0.6658633006263761089, 0.6710009487834673880 ),
 .UNSPECIFIED. ) ;
#2486 = DIRECTION ( 'NONE',  ( -0.9998626349648349620, 0.01657441405230466666, -3.341506680459168859E-16 ) ) ;
#2487 = CARTESIAN_POINT ( 'NONE',  ( 29.48916818089492509, 1.700149629871990475, -13.95463335735835564 ) ) ;
#2488 = DIRECTION ( 'NONE',  ( 1.000000000000000000, 0.000000000000000000, 0.000000000000000000 ) ) ;
#2489 = VERTEX_POINT ( 'NONE', #858 ) ;
#2490 = CIRCLE ( 'NONE', #3086, 0.8016513616222679106 ) ;
#2491 = CARTESIAN_POINT ( 'NONE',  ( 29.82954176466262197, -2.841692990704773436, -1.000000000000007327 ) ) ;
#2492 = CARTESIAN_POINT ( 'NONE',  ( 30.00752983293570253, 6.630480662220670673, -19.98563411931516853 ) ) ;
#2493 = DIRECTION ( 'NONE',  ( 0.9998626349648349620, -0.01657441405230613424, 0.000000000000000000 ) ) ;
#2494 = DIRECTION ( 'NONE',  ( -0.9998626349648349620, 0.01657441405230466666, 0.000000000000000000 ) ) ;
#2495 = LINE ( 'NONE', #1568, #3252 ) ;
#2496 = ORIENTED_EDGE ( 'NONE', *, *, #2087, .F. ) ;
#2497 = CARTESIAN_POINT ( 'NONE',  ( 29.72708929065877825, 8.981960449668688895, -22.25766966513853973 ) ) ;
#2498 = CARTESIAN_POINT ( 'NONE',  ( 29.01964484850649839, -2.490576876667246697, -1.409809873881485043 ) ) ;
#2499 = B_SPLINE_CURVE_WITH_KNOTS ( 'NONE', 2,
 ( #2035, #2632, #1064 ),
 .UNSPECIFIED., .F., .F.,
 ( 3, 3 ),
 ( 0.6414313971079785848, 1.000000000000000000 ),
 .UNSPECIFIED. ) ;
#2500 = ORIENTED_EDGE ( 'NONE', *, *, #3217, .T. ) ;
#2501 = DIRECTION ( 'NONE',  ( 0.01657441405230464238, 0.9998626349648350731, 0.000000000000000000 ) ) ;
#2502 = ORIENTED_EDGE ( 'NONE', *, *, #1706, .T. ) ;
#2503 = VECTOR ( 'NONE', #2153, 100.0000000000000142 ) ;
#2504 = ORIENTED_EDGE ( 'NONE', *, *, #2785, .F. ) ;
#2505 = CARTESIAN_POINT ( 'NONE',  ( 30.05902501548573014, 8.945986238145477998, -22.24794339029672585 ) ) ;
#2506 = DIRECTION ( 'NONE',  ( -0.01657441405230468054, -0.9998626349648349620, 0.000000000000000000 ) ) ;
#2507 = CARTESIAN_POINT ( 'NONE',  ( 40.24666408575417620, 0.4669745114478383585, -1.162119762380471544 ) ) ;
#2508 = CARTESIAN_POINT ( 'NONE',  ( 30.14512361354573855, -2.417163793518027237, -1.000000000000006883 ) ) ;
#2509 = LINE ( 'NONE', #1519, #785 ) ;
#2510 = ORIENTED_EDGE ( 'NONE', *, *, #2885, .T. ) ;
#2511 = CARTESIAN_POINT ( 'NONE',  ( 49.17094247314314259, 6.499614840215785172, -0.8235483049792475807 ) ) ;
#2512 = CARTESIAN_POINT ( 'NONE',  ( 30.08302393542357933, 6.246627905142966952, -19.98891532737465937 ) ) ;
#2513 = CARTESIAN_POINT ( 'NONE',  ( 49.27850982085636389, 6.424017661062631390, -0.4999999999999995559 ) ) ;
#2514 = CARTESIAN_POINT ( 'NONE',  ( 30.00089492680556091, 3.648057929001831567, -16.95239721201884464 ) ) ;
#2515 = DIRECTION ( 'NONE',  ( 0.01657441405230466666, 0.9998626349648348510, 1.734723475976806902E-18 ) ) ;
#2516 = ORIENTED_EDGE ( 'NONE', *, *, #887, .F. ) ;
#2517 = AXIS2_PLACEMENT_3D ( 'NONE', #3732, #931, #3776 ) ;
#2518 = CYLINDRICAL_SURFACE ( 'NONE', #1308, 0.2000000000000027589 ) ;
#2519 = B_SPLINE_CURVE_WITH_KNOTS ( 'NONE', 3,
 ( #3069, #3964, #223, #2755 ),
 .UNSPECIFIED., .F., .F.,
 ( 4, 4 ),
 ( 3.729655473350135253E-17, 0.002000069308100059506 ),
 .UNSPECIFIED. ) ;
#2520 = CARTESIAN_POINT ( 'NONE',  ( 29.02021892815332293, -2.455945137255947763, -1.447364718458841182 ) ) ;
#2521 = EDGE_CURVE ( 'NONE', #651, #2904, #3259, .T. ) ;
#2522 = ORIENTED_EDGE ( 'NONE', *, *, #3729, .F. ) ;
#2523 = CARTESIAN_POINT ( 'NONE',  ( 30.04737031611200493, 6.247218924177250443, -20.29037837007851053 ) ) ;
#2524 = ORIENTED_EDGE ( 'NONE', *, *, #3300, .T. ) ;
#2525 = ORIENTED_EDGE ( 'NONE', *, *, #3850, .F. ) ;
#2526 = CARTESIAN_POINT ( 'NONE',  ( 29.95501696369501232, 0.2479255337317829988, -11.77892709316996722 ) ) ;
#2527 = DIRECTION ( 'NONE',  ( 3.462121318424173032E-16, -4.706777519503276240E-17, -1.000000000000000000 ) ) ;
#2528 = CARTESIAN_POINT ( 'NONE',  ( 51.17453643637738026, 9.045479668543885410, -1.080859769327142006 ) ) ;
#2529 = CARTESIAN_POINT ( 'NONE',  ( 30.17679316993422489, -2.403440388588799603, -1.000000000000006883 ) ) ;
#2530 = ADVANCED_FACE ( 'NONE', ( #2911 ), #3051, .F. ) ;
#2531 = LINE ( 'NONE', #3786, #1908 ) ;
#2532 = ORIENTED_EDGE ( 'NONE', *, *, #3585, .F. ) ;
#2533 = FACE_OUTER_BOUND ( 'NONE', #3568, .T. ) ;
#2534 = DIRECTION ( 'NONE',  ( 0.9998626349648349620, -0.01657441405230464238, 3.341506680459168859E-16 ) ) ;
#2535 = DIRECTION ( 'NONE',  ( -0.9998626349648348510, 0.01657441405230466319, -3.469446951953554531E-16 ) ) ;
#2536 = CARTESIAN_POINT ( 'NONE',  ( 30.03722196870026195, 3.246974998476841012, -16.65027219720726492 ) ) ;
#2537 = CARTESIAN_POINT ( 'NONE',  ( 27.23884348098842878, -2.307406495602015717, -1.300000000000006262 ) ) ;
#2538 = ORIENTED_EDGE ( 'NONE', *, *, #1843, .F. ) ;
#2539 = EDGE_CURVE ( 'NONE', #1728, #3199, #2571, .T. ) ;
#2540 = VECTOR ( 'NONE', #437, 100.0000000000000142 ) ;
#2541 = CARTESIAN_POINT ( 'NONE',  ( 50.77576818653075463, 9.304077780756347948, -1.199999999999996625 ) ) ;
#2542 = ORIENTED_EDGE ( 'NONE', *, *, #3464, .F. ) ;
#2543 = DIRECTION ( 'NONE',  ( 3.382917932875483327E-16, 2.470467893844505313E-16, -1.000000000000000000 ) ) ;
#2544 = EDGE_LOOP ( 'NONE', ( #1414, #753, #2039, #3299 ) ) ;
#2545 = ADVANCED_FACE ( 'NONE', ( #2079 ), #2598, .F. ) ;
#2546 = ORIENTED_EDGE ( 'NONE', *, *, #1642, .F. ) ;
#2547 = CARTESIAN_POINT ( 'NONE',  ( 40.55364793173981752, -0.4278333899684874653, -0.7000000000000027311 ) ) ;
#2548 = CARTESIAN_POINT ( 'NONE',  ( 51.20628340231812814, 9.094583467626064177, -0.9920336312011999169 ) ) ;
#2549 = CARTESIAN_POINT ( 'NONE',  ( 40.35681043070982810, 0.5137421895126649263, -1.006731142132841983 ) ) ;
#2550 = ORIENTED_EDGE ( 'NONE', *, *, #2876, .F. ) ;
#2551 = FACE_OUTER_BOUND ( 'NONE', #3532, .T. ) ;
#2552 = LINE ( 'NONE', #1930, #3994 ) ;
#2553 = DIRECTION ( 'NONE',  ( 0.01657441405230465278, 0.9998626349648348510, 3.469446951953612648E-18 ) ) ;
#2554 = CARTESIAN_POINT ( 'NONE',  ( 28.78118743939269208, -9.333935142334325974, -0.5000000000000032196 ) ) ;
#2555 = LINE ( 'NONE', #271, #1209 ) ;
#2556 = ORIENTED_EDGE ( 'NONE', *, *, #2300, .F. ) ;
#2557 = AXIS2_PLACEMENT_3D ( 'NONE', #2759, #2133, #3699 ) ;
#2558 = EDGE_CURVE ( 'NONE', #3427, #933, #89, .T. ) ;
#2559 = EDGE_CURVE ( 'NONE', #1897, #2148, #819, .T. ) ;
#2560 = CARTESIAN_POINT ( 'NONE',  ( 29.73538339873458725, 8.858491187497573804, -22.25668064984244765 ) ) ;
#2561 = ORIENTED_EDGE ( 'NONE', *, *, #3712, .F. ) ;
#2562 = PLANE ( 'NONE',  #2211 ) ;
#2563 = ORIENTED_EDGE ( 'NONE', *, *, #1191, .T. ) ;
#2564 = EDGE_CURVE ( 'NONE', #3000, #2241, #2000, .T. ) ;
#2565 = ORIENTED_EDGE ( 'NONE', *, *, #3842, .F. ) ;
#2566 = VECTOR ( 'NONE', #2464, 100.0000000000000142 ) ;
#2567 = CARTESIAN_POINT ( 'NONE',  ( 29.60482916594987657, 8.677476062950745472, -22.32777029723344242 ) ) ;
#2568 = CARTESIAN_POINT ( 'NONE',  ( 29.99056428855568868, 3.247748428428510525, -16.95254934674220593 ) ) ;
#2569 = CARTESIAN_POINT ( 'NONE',  ( 40.98806621021959984, 0.06503408437040661405, -0.8342330312134194070 ) ) ;
#2570 = ORIENTED_EDGE ( 'NONE', *, *, #977, .T. ) ;
#2571 =( BOUNDED_CURVE ( )  B_SPLINE_CURVE ( 3, ( #3854, #1036, #3569, #2621 ),
 .UNSPECIFIED., .F., .T. ) 
 B_SPLINE_CURVE_WITH_KNOTS ( ( 4, 4 ),
 ( 1.587371499803889474, 3.107106715529550645 ),
 .UNSPECIFIED. ) 
 CURVE ( )  GEOMETRIC_REPRESENTATION_ITEM ( )  RATIONAL_B_SPLINE_CURVE ( ( 1.000000000000000000, 0.8166181414471683775, 0.8166181414471683775, 1.000000000000000000 ) ) 
 REPRESENTATION_ITEM ( '' )  );
#2572 = EDGE_CURVE ( 'NONE', #3713, #1728, #2335, .T. ) ;
#2573 = CARTESIAN_POINT ( 'NONE',  ( 29.58555079291016554, 3.456909892999172840, -16.40173078227975978 ) ) ;
#2574 = CYLINDRICAL_SURFACE ( 'NONE', #978, 0.5000000000000004441 ) ;
#2575 = CARTESIAN_POINT ( 'NONE',  ( 28.28180310966286726, -2.324695315206816826, -1.300000000000007372 ) ) ;
#2576 = FACE_OUTER_BOUND ( 'NONE', #1875, .T. ) ;
#2577 = CARTESIAN_POINT ( 'NONE',  ( 29.61391841245049150, 8.738392992795381176, -22.36754112993020271 ) ) ;
#2578 = ORIENTED_EDGE ( 'NONE', *, *, #2728, .F. ) ;
#2579 = CARTESIAN_POINT ( 'NONE',  ( 30.04523307224124551, 8.884024181260759434, -22.24833626759922822 ) ) ;
#2580 = ADVANCED_FACE ( 'NONE', ( #1564 ), #3155, .F. ) ;
#2581 = EDGE_LOOP ( 'NONE', ( #1013, #867, #1329, #1677, #3802 ) ) ;
#2582 = CARTESIAN_POINT ( 'NONE',  ( 50.27832435838271152, 8.612227584704891470, -0.6999999999999972911 ) ) ;
#2583 = VERTEX_POINT ( 'NONE', #945 ) ;
#2584 = ORIENTED_EDGE ( 'NONE', *, *, #1727, .F. ) ;
#2585 = CARTESIAN_POINT ( 'NONE',  ( 30.00665424273560333, 8.948264798497483241, -22.54320259952870487 ) ) ;
#2586 = PLANE ( 'NONE',  #115 ) ;
#2587 = ORIENTED_EDGE ( 'NONE', *, *, #3730, .T. ) ;
#2588 = CARTESIAN_POINT ( 'NONE',  ( 29.88469443224177624, 6.223862366393356993, -20.31613068642786146 ) ) ;
#2589 = PLANE ( 'NONE',  #3808 ) ;
#2590 = CARTESIAN_POINT ( 'NONE',  ( 40.79024796835975053, -0.1506369274178731288, -0.7661538564141833207 ) ) ;
#2591 = CARTESIAN_POINT ( 'NONE',  ( 29.60939899604770176, 8.735014279947781901, -22.36738950355034561 ) ) ;
#2592 = VERTEX_POINT ( 'NONE', #3395 ) ;
#2593 = B_SPLINE_CURVE_WITH_KNOTS ( 'NONE', 2,
 ( #1079, #3706, #255 ),
 .UNSPECIFIED., .F., .F.,
 ( 3, 3 ),
 ( 0.3935134651314652343, 0.9656990803668628054 ),
 .UNSPECIFIED. ) ;
#2594 = CARTESIAN_POINT ( 'NONE',  ( 29.93603069400281314, 3.654365856672360469, -16.67390216841760875 ) ) ;
#2595 = CARTESIAN_POINT ( 'NONE',  ( 40.24039004699012878, 0.07742808117825472625, -1.200000000000002620 ) ) ;
#2596 = ORIENTED_EDGE ( 'NONE', *, *, #3797, .T. ) ;
#2597 = EDGE_CURVE ( 'NONE', #1379, #413, #2201, .T. ) ;
#2598 = CYLINDRICAL_SURFACE ( 'NONE', #3137, 0.5000000000000004441 ) ;
#2599 = ORIENTED_EDGE ( 'NONE', *, *, #3328, .T. ) ;
#2600 = CARTESIAN_POINT ( 'NONE',  ( 29.83695488495380843, -2.772660972581690420, -1.000000000000006883 ) ) ;
#2601 = EDGE_CURVE ( 'NONE', #3691, #1410, #3465, .T. ) ;
#2602 = ADVANCED_FACE ( 'NONE', ( #3746 ), #3114, .F. ) ;
#2603 = VECTOR ( 'NONE', #79, 100.0000000000000142 ) ;
#2604 = ORIENTED_EDGE ( 'NONE', *, *, #1882, .T. ) ;
#2605 = CARTESIAN_POINT ( 'NONE',  ( 29.60529230216748076, 8.705415065541718178, -22.34768655057534303 ) ) ;
#2606 = ORIENTED_EDGE ( 'NONE', *, *, #3638, .T. ) ;
#2607 = CARTESIAN_POINT ( 'NONE',  ( 30.06460749944761091, 6.246933188713487795, -19.98925470086114586 ) ) ;
#2608 = EDGE_CURVE ( 'NONE', #413, #955, #2, .T. ) ;
#2609 = ORIENTED_EDGE ( 'NONE', *, *, #1578, .T. ) ;
#2610 = CARTESIAN_POINT ( 'NONE',  ( 30.10935841738883667, 8.946562303118540171, -21.97078005163794501 ) ) ;
#2611 = EDGE_CURVE ( 'NONE', #3081, #31, #1274, .T. ) ;
#2612 = DIRECTION ( 'NONE',  ( -1.000000000000000000, 0.000000000000000000, -1.665393298452073591E-16 ) ) ;
#2613 = CARTESIAN_POINT ( 'NONE',  ( 45.76425296840394452, 2.986272863516385545, -1.200000000000000178 ) ) ;
#2614 = AXIS2_PLACEMENT_3D ( 'NONE', #2703, #3630, #802 ) ;
#2615 = CARTESIAN_POINT ( 'NONE',  ( 29.86755956889641794, 0.2409931094288450815, -11.78769344265833041 ) ) ;
#2616 = VERTEX_POINT ( 'NONE', #3790 ) ;
#2617 = CARTESIAN_POINT ( 'NONE',  ( 46.23000752573366867, 3.238838067809093335, -0.7000000000027789548 ) ) ;
#2618 = CARTESIAN_POINT ( 'NONE',  ( 29.61390143517936124, 9.224766783938932235, -22.71036274722509063 ) ) ;
#2619 = CARTESIAN_POINT ( 'NONE',  ( 29.53457112863167566, 4.439112878646788829, -18.76458796928107731 ) ) ;
#2620 = ORIENTED_EDGE ( 'NONE', *, *, #405, .F. ) ;
#2621 = CARTESIAN_POINT ( 'NONE',  ( 30.05400500914902651, 6.647461227841615639, -20.29037837007850342 ) ) ;
#2622 = CIRCLE ( 'NONE', #3153, 0.4999999999999985567 ) ;
#2623 = ORIENTED_EDGE ( 'NONE', *, *, #1654, .T. ) ;
#2624 = FACE_OUTER_BOUND ( 'NONE', #3481, .T. ) ;
#2625 = AXIS2_PLACEMENT_3D ( 'NONE', #3547, #2683, #3889 ) ;
#2626 = VERTEX_POINT ( 'NONE', #2512 ) ;
#2627 = CARTESIAN_POINT ( 'NONE',  ( 29.60278712470811868, 8.554288556553835576, -22.23944015981792077 ) ) ;
#2628 = EDGE_LOOP ( 'NONE', ( #2034, #3136, #1531, #3818, #1869 ) ) ;
#2629 = CARTESIAN_POINT ( 'NONE',  ( 49.10069857807334159, 5.431309095006647603, -0.6999999999999984013 ) ) ;
#2630 = ADVANCED_FACE ( 'NONE', ( #1893 ), #3439, .F. ) ;
#2631 = ORIENTED_EDGE ( 'NONE', *, *, #862, .T. ) ;
#2632 = CARTESIAN_POINT ( 'NONE',  ( 35.84396239381612048, -1.270105317562479241, -0.7000000000000046185 ) ) ;
#2633 = CARTESIAN_POINT ( 'NONE',  ( 49.27815829905058109, 6.423583283898989471, -0.6376214253074130589 ) ) ;
#2634 = EDGE_CURVE ( 'NONE', #3364, #1159, #1097, .T. ) ;
#2635 = FACE_OUTER_BOUND ( 'NONE', #2337, .T. ) ;
#2636 = CARTESIAN_POINT ( 'NONE',  ( 29.67540153415557214, 8.782115134264605771, -22.35549163516673943 ) ) ;
#2637 = ORIENTED_EDGE ( 'NONE', *, *, #1659, .T. ) ;
#2638 = CARTESIAN_POINT ( 'NONE',  ( 48.35134989619359658, 5.943799508593357039, -1.199999999999998401 ) ) ;
#2639 = SURFACE_STYLE_FILL_AREA ( #3255 ) ;
#2640 = CARTESIAN_POINT ( 'NONE',  ( 29.52980122993776391, 4.147221655287334663, 3.171905057654767021E-15 ) ) ;
#2641 = AXIS2_PLACEMENT_3D ( 'NONE', #3581, #755, #1113 ) ;
#2642 = VERTEX_POINT ( 'NONE', #1502 ) ;
#2643 = CARTESIAN_POINT ( 'NONE',  ( 29.57952447209468261, 7.146809560181840659, 3.169066891972249104E-15 ) ) ;
#2644 = B_SPLINE_CURVE_WITH_KNOTS ( 'NONE', 3,
 ( #724, #412, #1019, #431 ),
 .UNSPECIFIED., .F., .F.,
 ( 4, 4 ),
 ( 0.000000000000000000, 0.004913971239142208257 ),
 .UNSPECIFIED. ) ;
#2645 = LINE ( 'NONE', #465, #2316 ) ;
#2646 = B_SPLINE_SURFACE_WITH_KNOTS ( 'NONE', 2, 1, ( 
 ( #331, #2222 ),
 ( #661, #598 ),
 ( #2839, #1845 ) ),
 .UNSPECIFIED., .F., .F., .F.,
 ( 3, 3 ),
 ( 2, 2 ),
 ( 0.6147539134780132253, 1.000000000000000000 ),
 ( 0.000000000000000000, 1.000000000000000000 ),
 .UNSPECIFIED. ) ;
#2647 = B_SPLINE_CURVE_WITH_KNOTS ( 'NONE', 2,
 ( #4000, #1183, #1798 ),
 .UNSPECIFIED., .F., .F.,
 ( 3, 3 ),
 ( 0.8604546941971054075, 0.9458531777682747110 ),
 .UNSPECIFIED. ) ;
#2648 = VERTEX_POINT ( 'NONE', #2760 ) ;
#2649 = AXIS2_PLACEMENT_3D ( 'NONE', #256, #233, #3077 ) ;
#2650 = CARTESIAN_POINT ( 'NONE',  ( 29.07190158887172871, 0.6618460054538399806, -11.49818166789215645 ) ) ;
#2651 = CARTESIAN_POINT ( 'NONE',  ( 45.84190424054542490, 2.906450311533736119, -0.9310047289394458581 ) ) ;
#2652 = ORIENTED_EDGE ( 'NONE', *, *, #660, .T. ) ;
#2653 = LINE ( 'NONE', #1082, #1676 ) ;
#2654 = ORIENTED_EDGE ( 'NONE', *, *, #1022, .T. ) ;
#2655 = DIRECTION ( 'NONE',  ( 0.9998626349648348510, -0.01657441405230573525, 1.665334536937734811E-16 ) ) ;
#2656 = DIRECTION ( 'NONE',  ( -0.01657441405230579770, -0.9998626349648348510, 0.000000000000000000 ) ) ;
#2657 = CYLINDRICAL_SURFACE ( 'NONE', #2730, 0.4999999999999985567 ) ;
#2658 = CARTESIAN_POINT ( 'NONE',  ( 29.74465823046264390, 8.828911177834264379, -22.32982313739935876 ) ) ;
#2659 = ORIENTED_EDGE ( 'NONE', *, *, #3686, .T. ) ;
#2660 = ADVANCED_FACE ( 'NONE', ( #4006 ), #1187, .F. ) ;
#2661 = DIRECTION ( 'NONE',  ( -0.01657441405230464238, -0.9998626349648349620, 0.000000000000000000 ) ) ;
#2662 = CARTESIAN_POINT ( 'NONE',  ( 30.07123726506853600, 6.646878242699422401, -20.28977609426087270 ) ) ;
#2663 = CIRCLE ( 'NONE', #2332, 1.292999993180115270 ) ;
#2664 = ORIENTED_EDGE ( 'NONE', *, *, #1135, .F. ) ;
#2665 = CARTESIAN_POINT ( 'NONE',  ( 45.43567369614500961, 3.426855057791609926, -0.9856210600135825173 ) ) ;
#2666 = ORIENTED_EDGE ( 'NONE', *, *, #675, .F. ) ;
#2667 = AXIS2_PLACEMENT_3D ( 'NONE', #3350, #511, #200 ) ;
#2668 = VERTEX_POINT ( 'NONE', #2134 ) ;
#2669 = CARTESIAN_POINT ( 'NONE',  ( 45.77088273402486607, 3.386217917502318819, -1.199999999999999956 ) ) ;
#2670 = AXIS2_PLACEMENT_3D ( 'NONE', #671, #693, #2874 ) ;
#2671 = ORIENTED_EDGE ( 'NONE', *, *, #1468, .F. ) ;
#2672 = CYLINDRICAL_SURFACE ( 'NONE', #1279, 21.35764531748080586 ) ;
#2674 = VERTEX_POINT ( 'NONE', #1523 ) ;
#2673 = VECTOR ( 'NONE', #1297, 100.0000000000000142 ) ;
#2675 = LINE ( 'NONE', #1335, #2228 ) ;
#2676 = DIRECTION ( 'NONE',  ( 0.9998626349648348510, -0.01657441405230463891, 3.469446951953554531E-16 ) ) ;
#2677 = AXIS2_PLACEMENT_3D ( 'NONE', #3356, #538, #113 ) ;
#2678 = CARTESIAN_POINT ( 'NONE',  ( 45.76454556512562988, 2.986268013230910068, -1.193122391752758693 ) ) ;
#2679 = DIRECTION ( 'NONE',  ( 0.01657441405230463891, 0.9998626349648348510, 0.000000000000000000 ) ) ;
#2680 = ORIENTED_EDGE ( 'NONE', *, *, #579, .F. ) ;
#2681 = B_SPLINE_SURFACE_WITH_KNOTS ( 'NONE', 2, 1, ( 
 ( #284, #3148 ),
 ( #870, #3067 ),
 ( #3433, #2793 ) ),
 .UNSPECIFIED., .F., .F., .F.,
 ( 3, 3 ),
 ( 2, 2 ),
 ( 0.000000000000000000, 0.3958745458293183028 ),
 ( 0.000000000000000000, 1.000000000000000000 ),
 .UNSPECIFIED. ) ;
#2682 = DIRECTION ( 'NONE',  ( -0.9998626349648349620, 0.01657441405230580117, -1.665334536937735304E-16 ) ) ;
#2683 = DIRECTION ( 'NONE',  ( 0.01657441405230468054, 0.9998626349648349620, -0.000000000000000000 ) ) ;
#2684 = EDGE_CURVE ( 'NONE', #3238, #1725, #1397, .T. ) ;
#2685 = DIRECTION ( 'NONE',  ( 0.9998626349648348510, -0.01657441405230524606, 3.469446951953554531E-16 ) ) ;
#2686 = ORIENTED_EDGE ( 'NONE', *, *, #2701, .T. ) ;
#2687 = FACE_OUTER_BOUND ( 'NONE', #698, .T. ) ;
#2688 = ORIENTED_EDGE ( 'NONE', *, *, #836, .T. ) ;
#2689 = CARTESIAN_POINT ( 'NONE',  ( 30.06460749944761091, 6.246933188713487795, -19.48925470086114586 ) ) ;
#2690 = FACE_OUTER_BOUND ( 'NONE', #2775, .T. ) ;
#2691 = ORIENTED_EDGE ( 'NONE', *, *, #1996, .T. ) ;
#2692 = LINE ( 'NONE', #3620, #2458 ) ;
#2693 = ADVANCED_FACE ( 'NONE', ( #987 ), #3249, .F. ) ;
#2694 = AXIS2_PLACEMENT_3D ( 'NONE', #1192, #3305, #2452 ) ;
#2695 = EDGE_LOOP ( 'NONE', ( #294, #97, #733, #4089, #185, #73, #3222 ) ) ;
#2696 = CARTESIAN_POINT ( 'NONE',  ( 40.54322638790603150, 0.07212563593627530079, -1.180035484769002219 ) ) ;
#2697 = CARTESIAN_POINT ( 'NONE',  ( 47.55365091106784803, 4.402952564739578634, -0.6999999999999991784 ) ) ;
#2698 = DIRECTION ( 'NONE',  ( -0.9998626349648348510, 0.01657441405230466319, 0.000000000000000000 ) ) ;
#2699 = CARTESIAN_POINT ( 'NONE',  ( 27.23884348098842878, -2.307406495602015717, -1.000000000000006217 ) ) ;
#2700 = ORIENTED_EDGE ( 'NONE', *, *, #3494, .F. ) ;
#2701 = EDGE_CURVE ( 'NONE', #100, #2189, #2474, .T. ) ;
#2702 = CARTESIAN_POINT ( 'NONE',  ( 29.61884194309542551, 3.860816390309063983, -16.93606279764118128 ) ) ;
#2703 = CARTESIAN_POINT ( 'NONE',  ( 29.22216369412238279, -2.340283382147479330, -0.5000000000000032196 ) ) ;
#2704 = CARTESIAN_POINT ( 'NONE',  ( 29.70974833743026267, 8.759533399812230670, -21.81925650936353733 ) ) ;
#2705 = VECTOR ( 'NONE', #3551, 100.0000000000000000 ) ;
#2706 = EDGE_CURVE ( 'NONE', #3777, #2321, #689, .T. ) ;
#2707 = CARTESIAN_POINT ( 'NONE',  ( 45.76852206649671473, 3.814287296738994026, -0.7039078557703785100 ) ) ;
#2708 = ORIENTED_EDGE ( 'NONE', *, *, #3183, .T. ) ;
#2709 = ORIENTED_EDGE ( 'NONE', *, *, #2949, .T. ) ;
#2710 = DIRECTION ( 'NONE',  ( -0.01657441405230464584, -0.9998626349648348510, -1.734723475976806902E-18 ) ) ;
#2711 = ORIENTED_EDGE ( 'NONE', *, *, #1962, .F. ) ;
#2712 = ORIENTED_EDGE ( 'NONE', *, *, #3183, .F. ) ;
#2713 = CARTESIAN_POINT ( 'NONE',  ( 48.35682992392474233, 6.274385848004511601, -0.6999999999999985123 ) ) ;
#2714 = CARTESIAN_POINT ( 'NONE',  ( 51.43443968877217287, 10.28307717325414039, -0.6999999999999964029 ) ) ;
#2715 = CARTESIAN_POINT ( 'NONE',  ( 48.81732168275497941, 6.790057210337600679, -0.6999999999999986233 ) ) ;
#2716 = LINE ( 'NONE', #1147, #633 ) ;
#2717 = ORIENTED_EDGE ( 'NONE', *, *, #99, .F. ) ;
#2718 = CARTESIAN_POINT ( 'NONE',  ( 30.02980122993776391, 4.147221655287334663, 3.255189098589949502E-15 ) ) ;
#2719 = DIRECTION ( 'NONE',  ( 0.000000000000000000, -1.000000000000000000, -2.549693222869526344E-16 ) ) ;
#2720 = CARTESIAN_POINT ( 'NONE',  ( -2.282844472454330789E-16, 0.000000000000000000, -1.000000000000000000 ) ) ;
#2721 = CARTESIAN_POINT ( 'NONE',  ( 29.45694249062519887, -0.2438867315317865825, 3.156232876325736255E-15 ) ) ;
#2722 = CARTESIAN_POINT ( 'NONE',  ( 29.99558813191476858, 3.327921970892876224, -16.95239721201884819 ) ) ;
#2723 = CARTESIAN_POINT ( 'NONE',  ( 29.57952447209467550, 7.146809560181822896, -20.45676392269214716 ) ) ;
#2724 = EDGE_CURVE ( 'NONE', #607, #3224, #3863, .T. ) ;
#2725 = ORIENTED_EDGE ( 'NONE', *, *, #1521, .F. ) ;
#2726 = CARTESIAN_POINT ( 'NONE',  ( 29.99558813191476858, 3.327921970892876224, -16.95239721201884819 ) ) ;
#2727 = EDGE_CURVE ( 'NONE', #2015, #3427, #1315, .T. ) ;
#2728 = EDGE_CURVE ( 'NONE', #1262, #1774, #3559, .T. ) ;
#2729 = EDGE_LOOP ( 'NONE', ( #2888, #640, #2910 ) ) ;
#2730 = AXIS2_PLACEMENT_3D ( 'NONE', #1731, #1355, #3312 ) ;
#2731 = DIRECTION ( 'NONE',  ( 0.000000000000000000, 0.000000000000000000, 1.000000000000000000 ) ) ;
#2732 = CARTESIAN_POINT ( 'NONE',  ( 51.27584988001838440, 10.03823547873488309, -0.6999999999999965139 ) ) ;
#2733 = DIRECTION ( 'NONE',  ( 0.01657441405230466666, 0.9998626349648349620, 1.734723475976807480E-18 ) ) ;
#2734 = CARTESIAN_POINT ( 'NONE',  ( 40.54203898306122511, 0.07242773994132563342, -1.199462997004565823 ) ) ;
#2735 = ORIENTED_EDGE ( 'NONE', *, *, #1659, .F. ) ;
#2736 = ADVANCED_FACE ( 'NONE', ( #662 ), #3926, .T. ) ;
#2737 = VECTOR ( 'NONE', #1697, 100.0000000000000142 ) ;
#2738 = CYLINDRICAL_SURFACE ( 'NONE', #2557, 0.4999999999999985567 ) ;
#2739 = CARTESIAN_POINT ( 'NONE',  ( 48.85094188680758975, 5.935517926483887763, -1.218418966097894351 ) ) ;
#2740 = CYLINDRICAL_SURFACE ( 'NONE', #1708, 0.4999999999999999445 ) ;
#2741 = DIRECTION ( 'NONE',  ( 1.000000000000000000, 0.000000000000000000, 0.000000000000000000 ) ) ;
#2742 = CARTESIAN_POINT ( 'NONE',  ( 48.72204735959149247, 5.757841259949413093, -0.4999999999999970579 ) ) ;
#2743 = ADVANCED_FACE ( 'NONE', ( #1970 ), #823, .T. ) ;
#2744 = FACE_OUTER_BOUND ( 'NONE', #1011, .T. ) ;
#2745 = AXIS2_PLACEMENT_3D ( 'NONE', #228, #1503, #2761 ) ;
#2746 = ORIENTED_EDGE ( 'NONE', *, *, #1296, .F. ) ;
#2747 = CARTESIAN_POINT ( 'NONE',  ( 48.85674956211384057, 6.835545300157844117, -0.6999999999999980682 ) ) ;
#2748 = AXIS2_PLACEMENT_3D ( 'NONE', #3985, #2446, #2466 ) ;
#2749 = ORIENTED_EDGE ( 'NONE', *, *, #221, .T. ) ;
#2750 = FACE_OUTER_BOUND ( 'NONE', #2695, .T. ) ;
#2751 = CARTESIAN_POINT ( 'NONE',  ( 27.68661175479890701, -1.824979717385858624, -1.300000000000006262 ) ) ;
#2752 = CIRCLE ( 'NONE', #3280, 0.5000000000000004441 ) ;
#2753 = LINE ( 'NONE', #853, #3753 ) ;
#2754 = B_SPLINE_CURVE_WITH_KNOTS ( 'NONE', 3,
 ( #537, #2181, #3501, #964, #1587, #354, #2573, #3459, #1631, #3483, #1913, #1293, #619, #4070, #267, #1251, #1929, #3438 ),
 .UNSPECIFIED., .F., .F.,
 ( 4, 2, 2, 2, 2, 2, 2, 2, 4 ),
 ( 2.154412023261390616E-16, 0.002245779881803848087, 0.002807224852254784631, 0.003368669822705721607, 0.004491559763607507090, 0.005614449704509293440, 0.006737339645411079790, 0.007860229586312866140, 0.008983119527214651623 ),
 .UNSPECIFIED. ) ;
#2755 = CARTESIAN_POINT ( 'NONE',  ( 49.16724287765156021, 6.117757567723009160, -0.4999999999999995559 ) ) ;
#2756 = ADVANCED_FACE ( 'NONE', ( #1611 ), #2147, .F. ) ;
#2757 = ORIENTED_EDGE ( 'NONE', *, *, #3606, .T. ) ;
#2758 = ADVANCED_FACE ( 'NONE', ( #642 ), #2574, .F. ) ;
#2759 = CARTESIAN_POINT ( 'NONE',  ( 30.06460749944761091, 6.246933188713487795, -20.79008107956275708 ) ) ;
#2760 = CARTESIAN_POINT ( 'NONE',  ( 51.11470380752408715, 9.798528041614362749, -0.6999999999999966249 ) ) ;
#2761 = DIRECTION ( 'NONE',  ( -1.000000000000000000, 0.000000000000000000, -1.665393298452073591E-16 ) ) ;
#2762 = CARTESIAN_POINT ( 'NONE',  ( 50.55915506184663855, 8.997947613708605630, -0.7990495759973154088 ) ) ;
#2763 = CARTESIAN_POINT ( 'NONE',  ( 0.06206087683529257909, 3.743863984871032891, 1.368481137968632239E-17 ) ) ;
#2764 = VECTOR ( 'NONE', #1666, 100.0000000000000142 ) ;
#2765 = B_SPLINE_CURVE_WITH_KNOTS ( 'NONE', 3,
 ( #3122, #1792, #527, #279, #3061, #1554, #4014, #2808, #1137, #2394, #3651, #214, #3995, #1178, #2086, #1510, #3383, #509, #550, #238, #458, #686, #3215, #2615, #1088, #2903 ),
 .UNSPECIFIED., .F., .F.,
 ( 4, 2, 2, 2, 2, 2, 2, 2, 2, 2, 2, 2, 4 ),
 ( 0.004633638434616463297, 0.005153462285059685205, 0.005673286135502907113, 0.006193109985946129020, 0.006712933836389350928, 0.007232757686832572835, 0.007752581537275794743, 0.008792229238162158761, 0.009831876939048524514, 0.01087152463993488853, 0.01139134849037806360, 0.01191117234082123694, 0.01295082004170759402 ),
 .UNSPECIFIED. ) ;
#2766 = DIRECTION ( 'NONE',  ( 0.01657441405230464584, 0.9998626349648350731, 1.734723475976807094E-18 ) ) ;
#2767 = ORIENTED_EDGE ( 'NONE', *, *, #2203, .F. ) ;
#2768 = CARTESIAN_POINT ( 'NONE',  ( 45.46353341854216268, 2.991257798605200691, -1.200000000000000400 ) ) ;
#2769 = ORIENTED_EDGE ( 'NONE', *, *, #3334, .T. ) ;
#2770 = CARTESIAN_POINT ( 'NONE',  ( 50.78405539355691189, 9.804009098238765318, -0.6999999999999967359 ) ) ;
#2771 = FACE_OUTER_BOUND ( 'NONE', #4035, .T. ) ;
#2772 = CARTESIAN_POINT ( 'NONE',  ( 39.90584208097043017, 0.3266225297359036661, -0.7255847659732973520 ) ) ;
#2773 = DIRECTION ( 'NONE',  ( -0.9998626349648349620, 0.01657441405230464931, -3.341506680459168859E-16 ) ) ;
#2774 = FACE_OUTER_BOUND ( 'NONE', #3550, .T. ) ;
#2775 = EDGE_LOOP ( 'NONE', ( #1883, #3807, #2725, #3704, #2471, #3186, #3586, #1259, #2767, #416 ) ) ;
#2776 = CARTESIAN_POINT ( 'NONE',  ( 30.03235836435683836, 6.647522726227220069, -20.00215235425145366 ) ) ;
#2777 = DIRECTION ( 'NONE',  ( 1.665393298452077782E-16, -1.025709229455379180E-18, -1.000000000000000000 ) ) ;
#2778 = FACE_OUTER_BOUND ( 'NONE', #2976, .T. ) ;
#2779 = CARTESIAN_POINT ( 'NONE',  ( 50.27832435838303127, 8.612227584705326677, -0.7006682098132330783 ) ) ;
#2780 = CARTESIAN_POINT ( 'NONE',  ( 29.68608220240750484, 9.653674990923356347, -22.50000000000000000 ) ) ;
#2781 = VERTEX_POINT ( 'NONE', #22 ) ;
#2782 = EDGE_CURVE ( 'NONE', #2232, #199, #2552, .T. ) ;
#2783 = ORIENTED_EDGE ( 'NONE', *, *, #1399, .F. ) ;
#2784 = CARTESIAN_POINT ( 'NONE',  ( 30.06460749944761091, 6.246933188713487795, -20.30114233727386264 ) ) ;
#2785 = EDGE_CURVE ( 'NONE', #1493, #3857, #899, .T. ) ;
#2786 = ORIENTED_EDGE ( 'NONE', *, *, #3212, .F. ) ;
#2787 = DIRECTION ( 'NONE',  ( -0.9998626349648348510, 0.01657441405230576301, -3.469446951953546643E-16 ) ) ;
#2788 = ORIENTED_EDGE ( 'NONE', *, *, #1135, .T. ) ;
#2789 = ORIENTED_EDGE ( 'NONE', *, *, #1549, .F. ) ;
#2790 = AXIS2_PLACEMENT_3D ( 'NONE', #602, #1298, #5 ) ;
#2791 = DIRECTION ( 'NONE',  ( -0.01657441405230579770, -0.9998626349648348510, 0.000000000000000000 ) ) ;
#2792 = CARTESIAN_POINT ( 'NONE',  ( 49.16621105951234938, 6.116450768821834139, -0.6999999999999982903 ) ) ;
#2793 = CARTESIAN_POINT ( 'NONE',  ( 29.07226507363854751, 0.6837734676000166711, -11.54957551633866153 ) ) ;
#2794 = CARTESIAN_POINT ( 'NONE',  ( 29.87188857875791470, -2.674373507616760293, -1.000000000000006883 ) ) ;
#2795 = LINE ( 'NONE', #3742, #2566 ) ;
#2796 = EDGE_LOOP ( 'NONE', ( #3897, #1059, #1742, #1063 ) ) ;
#2797 = CARTESIAN_POINT ( 'NONE',  ( 29.52980122993776746, 4.149984215746267857, -17.44644644965193692 ) ) ;
#2798 = CARTESIAN_POINT ( 'NONE',  ( 29.89102831066983157, 6.602702085235728546, -19.95746654749592608 ) ) ;
#2799 = DIRECTION ( 'NONE',  ( -0.9998626349648348510, 0.01657441405230576301, 0.000000000000000000 ) ) ;
#2800 = CARTESIAN_POINT ( 'NONE',  ( 30.31904579061175298, -1.868616763265141367, -1.000000000000006883 ) ) ;
#2801 = DIRECTION ( 'NONE',  ( -3.372764553633511840E-16, -2.511834186424162314E-16, 1.000000000000000000 ) ) ;
#2802 = ORIENTED_EDGE ( 'NONE', *, *, #2423, .T. ) ;
#2803 = CIRCLE ( 'NONE', #1555, 0.5000000000000004441 ) ;
#2804 = ADVANCED_FACE ( 'NONE', ( #1951 ), #2589, .T. ) ;
#2805 = CARTESIAN_POINT ( 'NONE',  ( 50.77858694294719299, 9.308108702686592295, -1.127048530698214313 ) ) ;
#2806 = CARTESIAN_POINT ( 'NONE',  ( 29.02116988545924769, -2.398578000497849416, -1.532040691130933885 ) ) ;
#2807 = ORIENTED_EDGE ( 'NONE', *, *, #3525, .F. ) ;
#2808 = CARTESIAN_POINT ( 'NONE',  ( 29.48829194067578641, -0.01013258513830577259, -12.11490986413786430 ) ) ;
#2809 = ORIENTED_EDGE ( 'NONE', *, *, #1399, .T. ) ;
#2810 = ORIENTED_EDGE ( 'NONE', *, *, #630, .T. ) ;
#2811 = CARTESIAN_POINT ( 'NONE',  ( 51.55347005379616832, 9.629117628013393215, -0.4999999999973826492 ) ) ;
#2812 = LINE ( 'NONE', #613, #1322 ) ;
#2813 = CARTESIAN_POINT ( 'NONE',  ( 30.09961078566585968, 9.307277383580212060, -22.24688247531408791 ) ) ;
#2814 = DIRECTION ( 'NONE',  ( -0.9998626349648349620, 0.01657441405230613424, 0.000000000000000000 ) ) ;
#2815 = CARTESIAN_POINT ( 'NONE',  ( 40.27873997514411286, 0.4805245556066387036, -1.137544371973892465 ) ) ;
#2816 = VERTEX_POINT ( 'NONE', #141 ) ;
#2817 = CIRCLE ( 'NONE', #2418, 0.1749999999999973799 ) ;
#2818 = CARTESIAN_POINT ( 'NONE',  ( 29.46109986238636225, 0.006909506002096381383, -12.27921898938790157 ) ) ;
#2819 = CARTESIAN_POINT ( 'NONE',  ( 29.67230802960762048, 0.2526119124062046750, -11.47664068296517215 ) ) ;
#2820 = B_SPLINE_CURVE_WITH_KNOTS ( 'NONE', 3,
 ( #1108, #731, #3626, #142 ),
 .UNSPECIFIED., .F., .F.,
 ( 4, 4 ),
 ( 1.734723475976807094E-18, 0.0002972873641302968529 ),
 .UNSPECIFIED. ) ;
#2821 = DIRECTION ( 'NONE',  ( -0.01657441405230464584, -0.9998626349648348510, 4.132304650535063784E-17 ) ) ;
#2822 = DIRECTION ( 'NONE',  ( -2.220446049250313081E-16, -9.860761315262647568E-32, -1.000000000000000000 ) ) ;
#2823 = DIRECTION ( 'NONE',  ( 2.220446049250313081E-16, 9.860761315262647568E-32, 1.000000000000000000 ) ) ;
#2824 = ORIENTED_EDGE ( 'NONE', *, *, #1287, .F. ) ;
#2825 = EDGE_CURVE ( 'NONE', #914, #646, #201, .T. ) ;
#2826 = AXIS2_PLACEMENT_3D ( 'NONE', #2405, #4007, #2098 ) ;
#2827 = CARTESIAN_POINT ( 'NONE',  ( 51.07416018425072934, 9.738218734186554926, -0.6999999999999965139 ) ) ;
#2828 = CARTESIAN_POINT ( 'NONE',  ( 29.01933678112427373, -2.509161247949268425, -1.392463032244314780 ) ) ;
#2829 = VERTEX_POINT ( 'NONE', #3929 ) ;
#2830 = FACE_OUTER_BOUND ( 'NONE', #3871, .T. ) ;
#2831 = VERTEX_POINT ( 'NONE', #456 ) ;
#2832 = ORIENTED_EDGE ( 'NONE', *, *, #985, .T. ) ;
#2833 = CARTESIAN_POINT ( 'NONE',  ( 29.57959315461226524, 7.155096767207994368, -20.79008107956275708 ) ) ;
#2834 = CARTESIAN_POINT ( 'NONE',  ( 51.43443968877217287, 10.28307717325414039, -0.4999999999999955591 ) ) ;
#2835 = FACE_OUTER_BOUND ( 'NONE', #1922, .T. ) ;
#2836 = CARTESIAN_POINT ( 'NONE',  ( 29.11429555649937484, 3.219290512694851447, -17.51027643789101162 ) ) ;
#2837 = CARTESIAN_POINT ( 'NONE',  ( 43.11609355556152678, 1.794878659981462565, -0.7000000000000012879 ) ) ;
#2838 = EDGE_LOOP ( 'NONE', ( #1719, #3472, #1776, #1902, #1800, #107, #1096 ) ) ;
#2839 = CARTESIAN_POINT ( 'NONE',  ( 31.23829402084788498, -1.383786165277782976, -1.237733333333345787 ) ) ;
#2840 = CARTESIAN_POINT ( 'NONE',  ( 29.45694249062520242, -0.2438867315317866935, -10.97664068296517392 ) ) ;
#2841 = CARTESIAN_POINT ( 'NONE',  ( 50.77576818653075463, 9.304077780756347948, -0.4999999999999961142 ) ) ;
#2842 = CARTESIAN_POINT ( 'NONE',  ( 48.51739294326648633, 6.451231083857718041, -0.7249339084356533069 ) ) ;
#2843 = DIRECTION ( 'NONE',  ( -0.01657441405230464931, -0.9998626349648349620, -3.469446951953613418E-18 ) ) ;
#2844 = EDGE_LOOP ( 'NONE', ( #912, #3125, #696, #2191, #1906, #2631, #2802, #2757, #1102, #1404, #1453, #3273 ) ) ;
#2845 = VECTOR ( 'NONE', #3632, 100.0000000000000142 ) ;
#2846 = CARTESIAN_POINT ( 'NONE',  ( 29.51495293980818602, 3.255632490840011606, -17.35602955787456025 ) ) ;
#2847 = CARTESIAN_POINT ( 'NONE',  ( 48.35134989619359658, 5.943799508593357039, -1.199999999999998401 ) ) ;
#2848 = EDGE_LOOP ( 'NONE', ( #1372, #3977, #1370, #1331, #2578 ) ) ;
#2849 = DIRECTION ( 'NONE',  ( -1.000000000000000000, 0.000000000000000000, -3.382917932875483327E-16 ) ) ;
#2850 = ORIENTED_EDGE ( 'NONE', *, *, #4053, .F. ) ;
#2851 = VERTEX_POINT ( 'NONE', #1107 ) ;
#2852 = VERTEX_POINT ( 'NONE', #1086 ) ;
#2853 = LINE ( 'NONE', #283, #18 ) ;
#2854 = ADVANCED_FACE ( 'NONE', ( #1416 ), #1455, .F. ) ;
#2855 = DIRECTION ( 'NONE',  ( 0.9998626349648349620, -0.01657441405230455217, 0.000000000000000000 ) ) ;
#2856 = EDGE_CURVE ( 'NONE', #352, #2852, #492, .T. ) ;
#2857 = CARTESIAN_POINT ( 'NONE',  ( 30.01488425729068510, 3.247345283818983575, -16.15077155702975276 ) ) ;
#2858 = AXIS2_PLACEMENT_3D ( 'NONE', #2763, #3377, #2407 ) ;
#2859 = ORIENTED_EDGE ( 'NONE', *, *, #3328, .F. ) ;
#2860 =( BOUNDED_CURVE ( )  B_SPLINE_CURVE ( 3, ( #1173, #541, #3338, #3702 ),
 .UNSPECIFIED., .F., .F. ) 
 B_SPLINE_CURVE_WITH_KNOTS ( ( 4, 4 ),
 ( 3.182862339866119328, 4.695813807375692761 ),
 .UNSPECIFIED. ) 
 CURVE ( )  GEOMETRIC_REPRESENTATION_ITEM ( )  RATIONAL_B_SPLINE_CURVE ( ( 1.000000000000000000, 0.8181729646123363509, 0.8181729646123363509, 1.000000000000000000 ) ) 
 REPRESENTATION_ITEM ( '' )  );
#2861 = EDGE_CURVE ( 'NONE', #1964, #3263, #2375, .T. ) ;
#2862 = CARTESIAN_POINT ( 'NONE',  ( 49.16584676610369087, 6.380927380814354066, -0.9784526984979755593 ) ) ;
#2863 = CARTESIAN_POINT ( 'NONE',  ( 49.16903249547335975, 6.288760318839531571, -0.7034364605742123855 ) ) ;
#2864 = CARTESIAN_POINT ( 'NONE',  ( 29.52621439253279689, 3.255445813222905382, -17.30064179807921221 ) ) ;
#2865 = LINE ( 'NONE', #2204, #3258 ) ;
#2866 = CARTESIAN_POINT ( 'NONE',  ( 29.96138057811770139, 8.928158421345051110, -21.95457181257352630 ) ) ;
#2867 = ORIENTED_EDGE ( 'NONE', *, *, #1549, .T. ) ;
#2868 = VECTOR ( 'NONE', #2280, 100.0000000000000000 ) ;
#2869 = VECTOR ( 'NONE', #2251, 100.0000000000000142 ) ;
#2870 = CARTESIAN_POINT ( 'NONE',  ( 29.60613007805111963, 8.755954457365051624, -22.38361304309862376 ) ) ;
#2871 = EDGE_CURVE ( 'NONE', #3322, #2648, #2179, .T. ) ;
#2872 = EDGE_LOOP ( 'NONE', ( #1999, #2807, #137, #1407 ) ) ;
#2873 = AXIS2_PLACEMENT_3D ( 'NONE', #10, #30, #3819 ) ;
#2874 = DIRECTION ( 'NONE',  ( -1.000000000000000000, 0.000000000000000000, 0.000000000000000000 ) ) ;
#2875 = EDGE_LOOP ( 'NONE', ( #2022, #893, #1601, #3242, #2824, #3470 ) ) ;
#2876 = EDGE_CURVE ( 'NONE', #2189, #154, #2072, .T. ) ;
#2877 = ORIENTED_EDGE ( 'NONE', *, *, #1403, .T. ) ;
#2878 = LINE ( 'NONE', #895, #2503 ) ;
#2879 = DIRECTION ( 'NONE',  ( -0.01657441405230464238, -0.9998626349648349620, 0.000000000000000000 ) ) ;
#2880 = CARTESIAN_POINT ( 'NONE',  ( 27.23884348098842878, -1.317488509068562408, -0.5000000000000039968 ) ) ;
#2881 = ORIENTED_EDGE ( 'NONE', *, *, #1720, .T. ) ;
#2882 = CARTESIAN_POINT ( 'NONE',  ( 29.45896350995591106, -0.1219673860308720659, -12.00635306423298232 ) ) ;
#2883 = CARTESIAN_POINT ( 'NONE',  ( 30.05632029242145009, 5.747001871231070425, 4.998970796861377959E-15 ) ) ;
#2884 = CARTESIAN_POINT ( 'NONE',  ( 29.77433196570333251, 3.251332844852444115, -17.00755439789575618 ) ) ;
#2885 = EDGE_CURVE ( 'NONE', #1196, #1199, #496, .T. ) ;
#2886 = LINE ( 'NONE', #3772, #1621 ) ;
#2887 = CARTESIAN_POINT ( 'NONE',  ( 29.56124350842076609, 6.048142063783373601, -19.78214791967459618 ) ) ;
#2888 = ORIENTED_EDGE ( 'NONE', *, *, #3344, .F. ) ;
#2889 = CARTESIAN_POINT ( 'NONE',  ( 50.87160686715579061, 9.441919868863188015, -0.8521319731122803942 ) ) ;
#2890 = AXIS2_PLACEMENT_3D ( 'NONE', #2365, #1778, #2656 ) ;
#2891 = CIRCLE ( 'NONE', #1963, 0.4999999999999985567 ) ;
#2892 = VERTEX_POINT ( 'NONE', #1763 ) ;
#2893 = FACE_OUTER_BOUND ( 'NONE', #2848, .T. ) ;
#2894 = ORIENTED_EDGE ( 'NONE', *, *, #1017, .T. ) ;
#2895 = ORIENTED_EDGE ( 'NONE', *, *, #1167, .T. ) ;
#2896 = CARTESIAN_POINT ( 'NONE',  ( 45.77165091544222264, 2.847797955687279892, -0.8539329240500140861 ) ) ;
#2897 = AXIS2_PLACEMENT_3D ( 'NONE', #1518, #2773, #1456 ) ;
#2898 = LINE ( 'NONE', #3879, #540 ) ;
#2899 = ORIENTED_EDGE ( 'NONE', *, *, #1411, .F. ) ;
#2900 = FACE_OUTER_BOUND ( 'NONE', #3165, .T. ) ;
#2901 = CARTESIAN_POINT ( 'NONE',  ( 30.10488221039329204, 9.305168725050915413, -22.24535599178303258 ) ) ;
#2902 = DIRECTION ( 'NONE',  ( 0.9998626349648348510, -0.01657441405230463891, 0.000000000000000000 ) ) ;
#2903 = CARTESIAN_POINT ( 'NONE',  ( 29.93548988415749434, 0.2473930673332055130, -11.78009954068492249 ) ) ;
#2904 = VERTEX_POINT ( 'NONE', #3027 ) ;
#2905 = DIRECTION ( 'NONE',  ( 0.01657441405230466319, 0.9998626349648349620, 1.734723475976807094E-18 ) ) ;
#2906 = DIRECTION ( 'NONE',  ( -0.9998626349648349620, 0.01657441405230580117, -1.665334536937735304E-16 ) ) ;
#2907 = ADVANCED_FACE ( 'NONE', ( #2966 ), #512, .F. ) ;
#2908 = CARTESIAN_POINT ( 'NONE',  ( 30.00089492680556091, 3.648057929001831567, -16.95239721201884464 ) ) ;
#2909 = EDGE_CURVE ( 'NONE', #745, #3958, #1164, .T. ) ;
#2910 = ORIENTED_EDGE ( 'NONE', *, *, #3940, .F. ) ;
#2911 = FACE_OUTER_BOUND ( 'NONE', #3443, .T. ) ;
#2912 = EDGE_CURVE ( 'NONE', #1811, #463, #536, .T. ) ;
#2913 = ORIENTED_EDGE ( 'NONE', *, *, #1790, .T. ) ;
#2914 = DIRECTION ( 'NONE',  ( -0.000000000000000000, -0.000000000000000000, -1.000000000000000000 ) ) ;
#2915 = ORIENTED_EDGE ( 'NONE', *, *, #2051, .T. ) ;
#2916 = CARTESIAN_POINT ( 'NONE',  ( 29.71185307018539135, 8.953151626473793812, -22.40828186234341146 ) ) ;
#2917 = VERTEX_POINT ( 'NONE', #2345 ) ;
#2918 = CARTESIAN_POINT ( 'NONE',  ( 30.49404579061175014, -1.868616763265141367, -1.300000000000007150 ) ) ;
#2919 = ORIENTED_EDGE ( 'NONE', *, *, #490, .T. ) ;
#2920 = DIRECTION ( 'NONE',  ( -0.01657441405230464238, -0.9998626349648349620, 0.000000000000000000 ) ) ;
#2921 = DIRECTION ( 'NONE',  ( -0.01657441405230464238, -0.9998626349648349620, -1.734723475976807094E-18 ) ) ;
#2922 = B_SPLINE_CURVE_WITH_KNOTS ( 'NONE', 2,
 ( #2119, #587, #524 ),
 .UNSPECIFIED., .F., .F.,
 ( 3, 3 ),
 ( 0.07644733184617280575, 0.1651289732793845555 ),
 .UNSPECIFIED. ) ;
#2923 = CARTESIAN_POINT ( 'NONE',  ( 40.71857224584125845, -0.09623529628688158588, -0.8160498824534752060 ) ) ;
#2924 = CARTESIAN_POINT ( 'NONE',  ( 29.60571985860492816, 8.731207694243591888, -22.36603401594316765 ) ) ;
#2925 = AXIS2_PLACEMENT_3D ( 'NONE', #2629, #1627, #1647 ) ;
#2926 = ORIENTED_EDGE ( 'NONE', *, *, #3473, .T. ) ;
#2927 = CARTESIAN_POINT ( 'NONE',  ( 46.13272011450660415, 3.154181860528967984, -0.7181153041547766458 ) ) ;
#2928 = FACE_OUTER_BOUND ( 'NONE', #488, .T. ) ;
#2929 = CYLINDRICAL_SURFACE ( 'NONE', #877, 19.50215235425126181 ) ;
#2930 = ORIENTED_EDGE ( 'NONE', *, *, #403, .F. ) ;
#2931 = LINE ( 'NONE', #3967, #3921 ) ;
#2932 = VERTEX_POINT ( 'NONE', #436 ) ;
#2933 = CARTESIAN_POINT ( 'NONE',  ( 29.92783754093584747, -2.586617749520210729, -1.000000000000006883 ) ) ;
#2934 = AXIS2_PLACEMENT_3D ( 'NONE', #965, #2223, #3484 ) ;
#2935 = EDGE_CURVE ( 'NONE', #865, #1794, #1538, .T. ) ;
#2936 = ORIENTED_EDGE ( 'NONE', *, *, #3469, .T. ) ;
#2937 = CARTESIAN_POINT ( 'NONE',  ( 30.10222280943673923, 8.946680587887447800, -22.28859864495819210 ) ) ;
#2938 = ORIENTED_EDGE ( 'NONE', *, *, #3607, .F. ) ;
#2939 = DIRECTION ( 'NONE',  ( -0.01657441405230608220, -0.9998626349648349620, 0.000000000000000000 ) ) ;
#2940 = ORIENTED_EDGE ( 'NONE', *, *, #1509, .T. ) ;
#2941 = FACE_OUTER_BOUND ( 'NONE', #3267, .T. ) ;
#2942 = DIRECTION ( 'NONE',  ( 0.01657441405230464238, 0.9998626349648349620, -0.000000000000000000 ) ) ;
#2943 = CARTESIAN_POINT ( 'NONE',  ( 40.58011081728085401, 0.03465980343043040257, -1.008583998087475786 ) ) ;
#2944 = VECTOR ( 'NONE', #302, 100.0000000000000000 ) ;
#2945 = CARTESIAN_POINT ( 'NONE',  ( 29.81243586272524482, 6.183488279898914364, -20.35769687038448694 ) ) ;
#2946 = ORIENTED_EDGE ( 'NONE', *, *, #1213, .T. ) ;
#2947 = CARTESIAN_POINT ( 'NONE',  ( 46.00059799664830962, 3.040566657831270003, -0.7740396094141231975 ) ) ;
#2948 = DIRECTION ( 'NONE',  ( 0.9998626349648348510, -0.01657441405230573525, 0.000000000000000000 ) ) ;
#2949 = EDGE_CURVE ( 'NONE', #1077, #570, #1394, .T. ) ;
#2950 = AXIS2_PLACEMENT_3D ( 'NONE', #1374, #2984, #455 ) ;
#2951 = CARTESIAN_POINT ( 'NONE',  ( 30.02151402291161730, 3.647290337804917737, -16.95153242091817702 ) ) ;
#2952 = ORIENTED_EDGE ( 'NONE', *, *, #483, .T. ) ;
#2953 = DIRECTION ( 'NONE',  ( 0.01657441405230466319, 0.9998626349648349620, 1.734723475976807094E-18 ) ) ;
#2954 = VECTOR ( 'NONE', #2059, 100.0000000000000142 ) ;
#2955 = CARTESIAN_POINT ( 'NONE',  ( 29.57959315461226169, 7.155096767207863806, -20.46425231158485047 ) ) ;
#2956 = AXIS2_PLACEMENT_3D ( 'NONE', #207, #3968, #2388 ) ;
#2957 = CARTESIAN_POINT ( 'NONE',  ( 29.52127747373953071, 0.5299371289661497508, -11.20014935673366985 ) ) ;
#2958 = CARTESIAN_POINT ( 'NONE',  ( 29.71374167923927345, 8.953120319584835229, -22.36001577898295523 ) ) ;
#2959 = ORIENTED_EDGE ( 'NONE', *, *, #2601, .F. ) ;
#2960 = EDGE_CURVE ( 'NONE', #1420, #323, #773, .T. ) ;
#2961 = LINE ( 'NONE', #76, #2237 ) ;
#2962 = ORIENTED_EDGE ( 'NONE', *, *, #327, .T. ) ;
#2963 = VECTOR ( 'NONE', #3245, 100.0000000000000000 ) ;
#2964 = LINE ( 'NONE', #1649, #1898 ) ;
#2965 = EDGE_CURVE ( 'NONE', #3838, #1168, #3625, .T. ) ;
#2966 = FACE_OUTER_BOUND ( 'NONE', #3950, .T. ) ;
#2967 = DIRECTION ( 'NONE',  ( 0.01657441405230484707, 0.9998626349648348510, 0.000000000000000000 ) ) ;
#2968 = CARTESIAN_POINT ( 'NONE',  ( 29.58489685596181573, 5.914914898380112085, -20.11524199720688344 ) ) ;
#2969 = ORIENTED_EDGE ( 'NONE', *, *, #2310, .F. ) ;
#2970 = DIRECTION ( 'NONE',  ( -0.01657441405230579770, -0.9998626349648348510, 0.000000000000000000 ) ) ;
#2971 =( NAMED_UNIT ( * ) PLANE_ANGLE_UNIT ( ) SI_UNIT ( $, .RADIAN. ) );
#2972 = CARTESIAN_POINT ( 'NONE',  ( 29.51628296686845232, 3.335867264561295897, -17.45197147569837526 ) ) ;
#2973 = ORIENTED_EDGE ( 'NONE', *, *, #3400, .F. ) ;
#2974 = ADVANCED_FACE ( 'NONE', ( #3311 ), #475, .F. ) ;
#2975 = CARTESIAN_POINT ( 'NONE',  ( 45.64243449292185772, 3.711456702561482857, -0.7308529132049932375 ) ) ;
#2976 = EDGE_LOOP ( 'NONE', ( #2421, #1992, #451, #2271 ) ) ;
#2977 = CARTESIAN_POINT ( 'NONE',  ( 49.27850982085636389, 6.424017661062631390, -0.4999999999999995559 ) ) ;
#2978 = CARTESIAN_POINT ( 'NONE',  ( 45.77117533074655142, 3.386213067216843786, -1.193122391752758471 ) ) ;
#2979 = ORIENTED_EDGE ( 'NONE', *, *, #2051, .F. ) ;
#2980 = DIRECTION ( 'NONE',  ( -0.9998626349648348510, 0.01657441405230465625, 0.000000000000000000 ) ) ;
#2981 = EDGE_LOOP ( 'NONE', ( #567, #3413, #609, #590, #3886, #399 ) ) ;
#2982 = ADVANCED_FACE ( 'NONE', ( #2835 ), #4085, .F. ) ;
#2983 = ADVANCED_FACE ( 'NONE', ( #4019 ), #2681, .T. ) ;
#2984 = DIRECTION ( 'NONE',  ( 0.01657441405230464238, 0.9998626349648350731, 0.000000000000000000 ) ) ;
#2985 = DIRECTION ( 'NONE',  ( 1.665680818703648634E-16, 7.087759561701498994E-19, -1.000000000000000000 ) ) ;
#2986 = PLANE ( 'NONE',  #3386 ) ;
#2987 = CARTESIAN_POINT ( 'NONE',  ( 31.19516352442872176, -3.985662265447985408, -1.300000000000007816 ) ) ;
#2988 = VERTEX_POINT ( 'NONE', #2442 ) ;
#2989 = CYLINDRICAL_SURFACE ( 'NONE', #1699, 21.75764531748080799 ) ;
#2990 = DIRECTION ( 'NONE',  ( -0.01657441405230573872, -0.9998626349648349620, -1.322917018107035287E-18 ) ) ;
#2991 = CARTESIAN_POINT ( 'NONE',  ( 30.07123726506853600, 6.646878242699422401, -20.28977609426087270 ) ) ;
#2992 = EDGE_CURVE ( 'NONE', #3449, #3936, #1975, .T. ) ;
#2993 = AXIS2_PLACEMENT_3D ( 'NONE', #293, #2843, #1896 ) ;
#2994 = ORIENTED_EDGE ( 'NONE', *, *, #2706, .T. ) ;
#2995 = EDGE_CURVE ( 'NONE', #1774, #1940, #2373, .T. ) ;
#2996 = CARTESIAN_POINT ( 'NONE',  ( 29.57952447209468616, 7.149569807114038333, -20.45925869210351422 ) ) ;
#2997 = ORIENTED_EDGE ( 'NONE', *, *, #405, .T. ) ;
#2998 = ORIENTED_EDGE ( 'NONE', *, *, #32, .F. ) ;
#2999 = CARTESIAN_POINT ( 'NONE',  ( 29.98589585692081982, 3.195024426701441822, -16.95271212100828251 ) ) ;
#3000 = VERTEX_POINT ( 'NONE', #2107 ) ;
#3001 = B_SPLINE_CURVE_WITH_KNOTS ( 'NONE', 3,
 ( #3840, #433, #414, #679 ),
 .UNSPECIFIED., .F., .F.,
 ( 4, 4 ),
 ( 0.000000000000000000, 0.0001725263028966377791 ),
 .UNSPECIFIED. ) ;
#3002 = EDGE_CURVE ( 'NONE', #1682, #1511, #3346, .T. ) ;
#3003 = CARTESIAN_POINT ( 'NONE',  ( 29.40945457291341825, 8.958164392955156430, -0.5000000000000032196 ) ) ;
#3005 = VERTEX_POINT ( 'NONE', #3694 ) ;
#3004 = CIRCLE ( 'NONE', #2472, 21.75764531748080444 ) ;
#3006 = CARTESIAN_POINT ( 'NONE',  ( 29.45694249062516690, -0.2438867315342285735, -11.72997687891023233 ) ) ;
#3007 = DIRECTION ( 'NONE',  ( -1.665393298452077782E-16, 1.025709229455379565E-18, 1.000000000000000000 ) ) ;
#3008 = AXIS2_PLACEMENT_3D ( 'NONE', #719, #2953, #3549 ) ;
#3009 = LINE ( 'NONE', #774, #2540 ) ;
#3010 = DIRECTION ( 'NONE',  ( -0.01657441405230463891, -0.9998626349648348510, -2.526198420459838063E-16 ) ) ;
#3011 = ORIENTED_EDGE ( 'NONE', *, *, #4051, .F. ) ;
#3012 = EDGE_CURVE ( 'NONE', #3736, #13, #1626, .T. ) ;
#3013 = DIRECTION ( 'NONE',  ( -3.462121318424173032E-16, 4.706777519503276240E-17, 1.000000000000000000 ) ) ;
#3014 = DIRECTION ( 'NONE',  ( 0.01657441405230608913, 0.9998626349648349620, 0.000000000000000000 ) ) ;
#3015 = CARTESIAN_POINT ( 'NONE',  ( 29.64534470245363451, 8.654503069068823606, -21.73524376403016944 ) ) ;
#3016 = B_SPLINE_CURVE_WITH_KNOTS ( 'NONE', 2,
 ( #3428, #1489, #3671 ),
 .UNSPECIFIED., .F., .F.,
 ( 3, 3 ),
 ( 0.4023990127107522352, 0.6105976012729947833 ),
 .UNSPECIFIED. ) ;
#3017 = CARTESIAN_POINT ( 'NONE',  ( 44.94130497950229852, 1.654456205375385736, -0.7000000000000007327 ) ) ;
#3018 = ORIENTED_EDGE ( 'NONE', *, *, #4022, .T. ) ;
#3019 = AXIS2_PLACEMENT_3D ( 'NONE', #1746, #3007, #3129 ) ;
#3020 = CARTESIAN_POINT ( 'NONE',  ( 29.96922322687508000, 0.6383613666554919241, -11.47791669536861292 ) ) ;
#3021 = CARTESIAN_POINT ( 'NONE',  ( 29.21387648709622908, -2.840214699629897144, -0.5000000000000032196 ) ) ;
#3022 = B_SPLINE_CURVE_WITH_KNOTS ( 'NONE', 3,
 ( #1232, #2183, #1915, #333, #23, #988, #3503, #663, #356, #1633, #2575, #41 ),
 .UNSPECIFIED., .F., .F.,
 ( 4, 2, 2, 2, 2, 4 ),
 ( 1.211825722864169544E-16, 0.002224602696949927461, 0.004449205393899734358, 0.005561506742374561912, 0.006673808090849390334, 0.008898410787799208507 ),
 .UNSPECIFIED. ) ;
#3023 = CARTESIAN_POINT ( 'NONE',  ( 40.57916957965942828, 0.07181223751079152118, -0.7423273646734623865 ) ) ;
#3024 = VECTOR ( 'NONE', #1701, 100.0000000000000142 ) ;
#3025 = ORIENTED_EDGE ( 'NONE', *, *, #2634, .T. ) ;
#3026 = CARTESIAN_POINT ( 'NONE',  ( 29.53809838139863686, 0.2548366642884664079, -11.91976858245961068 ) ) ;
#3027 = CARTESIAN_POINT ( 'NONE',  ( 29.51628296686845232, 3.335867264561295897, -17.45197147569837526 ) ) ;
#3028 = CARTESIAN_POINT ( 'NONE',  ( 27.23884348098842878, -2.307406495602015717, -1.300000000000006262 ) ) ;
#3029 = PLANE ( 'NONE',  #440 ) ;
#3030 = ORIENTED_EDGE ( 'NONE', *, *, #2782, .T. ) ;
#3031 = CYLINDRICAL_SURFACE ( 'NONE', #2748, 0.1749999999999973799 ) ;
#3032 = CARTESIAN_POINT ( 'NONE',  ( 29.60571985860492816, 8.731207694243591888, -22.36603401594316765 ) ) ;
#3033 = CARTESIAN_POINT ( 'NONE',  ( 45.15074739097720879, 3.324006272240547677, -0.7326653914772346399 ) ) ;
#3034 = CARTESIAN_POINT ( 'NONE',  ( 50.76341877636587441, 9.286422597115306488, -1.171918329861513230 ) ) ;
#3035 = CARTESIAN_POINT ( 'NONE',  ( 0.01896740029930046867, 1.144221133962461057, 1.985179957108101255E-18 ) ) ;
#3036 = EDGE_CURVE ( 'NONE', #1794, #323, #2490, .T. ) ;
#3037 = EDGE_CURVE ( 'NONE', #1964, #2583, #688, .T. ) ;
#3038 = CARTESIAN_POINT ( 'NONE',  ( 28.76461302534038467, -10.33379777729916071, -0.5000000000000033307 ) ) ;
#3039 = ORIENTED_EDGE ( 'NONE', *, *, #3164, .F. ) ;
#3040 = EDGE_CURVE ( 'NONE', #3257, #13, #3751, .T. ) ;
#3041 = CARTESIAN_POINT ( 'NONE',  ( 45.25302241304147088, 2.787612140193358901, -0.7000000000000003997 ) ) ;
#3042 = EDGE_CURVE ( 'NONE', #1420, #330, #1307, .T. ) ;
#3043 = VERTEX_POINT ( 'NONE', #16 ) ;
#3044 = DIRECTION ( 'NONE',  ( -0.9998626349648350731, 0.01657441405230465625, 0.000000000000000000 ) ) ;
#3045 = DIRECTION ( 'NONE',  ( -0.9998626349648348510, 0.01657441405230465972, 0.000000000000000000 ) ) ;
#3046 = EDGE_CURVE ( 'NONE', #2616, #69, #1306, .T. ) ;
#3047 = CARTESIAN_POINT ( 'NONE',  ( 29.45694249062520242, -0.2438867315317866935, -10.97664068296517392 ) ) ;
#3048 = CARTESIAN_POINT ( 'NONE',  ( 29.06528464366542863, 0.2626743515715521671, -11.49818166789215645 ) ) ;
#3049 = ORIENTED_EDGE ( 'NONE', *, *, #160, .F. ) ;
#3050 = CARTESIAN_POINT ( 'NONE',  ( 29.57952447209467550, 7.146809560181822896, -20.45676392269214716 ) ) ;
#3051 = CYLINDRICAL_SURFACE ( 'NONE', #1426, 0.4999999999999999445 ) ;
#3052 = CARTESIAN_POINT ( 'NONE',  ( 28.59850047294034070, -2.821286399468161399, -1.000000000000007105 ) ) ;
#3053 = DIRECTION ( 'NONE',  ( -1.665393298452077782E-16, 1.025709229455375713E-18, 1.000000000000000000 ) ) ;
#3054 = LINE ( 'NONE', #1485, #3709 ) ;
#3055 =( NAMED_UNIT ( * ) PLANE_ANGLE_UNIT ( ) SI_UNIT ( $, .RADIAN. ) );
#3056 = CARTESIAN_POINT ( 'NONE',  ( 29.02096021970099571, -2.411226227870749916, -1.509984105856778891 ) ) ;
#3057 = AXIS2_PLACEMENT_3D ( 'NONE', #737, #1034, #3236 ) ;
#3058 = B_SPLINE_CURVE_WITH_KNOTS ( 'NONE', 2,
 ( #4087, #2837, #1270 ),
 .UNSPECIFIED., .F., .F.,
 ( 3, 3 ),
 ( 0.3846235048292702685, 0.5801553313254790289 ),
 .UNSPECIFIED. ) ;
#3059 = ORIENTED_EDGE ( 'NONE', *, *, #2230, .F. ) ;
#3060 = ADVANCED_FACE ( 'NONE', ( #3514 ), #1946, .T. ) ;
#3061 = CARTESIAN_POINT ( 'NONE',  ( 29.46712674854923719, -0.01892790751510547292, -12.19732725391454586 ) ) ;
#3062 = EDGE_CURVE ( 'NONE', #2932, #3855, #2026, .T. ) ;
#3063 = VERTEX_POINT ( 'NONE', #3190 ) ;
#3064 = VECTOR ( 'NONE', #851, 100.0000000000000000 ) ;
#3065 = AXIS2_PLACEMENT_3D ( 'NONE', #1895, #3157, #1567 ) ;
#3066 = CARTESIAN_POINT ( 'NONE',  ( 30.05885587995373953, 8.945283828738483933, -22.24794809331386958 ) ) ;
#3067 = CARTESIAN_POINT ( 'NONE',  ( 29.04279233449226894, -1.094189272405857727, -7.395706971780787065 ) ) ;
#3068 = CARTESIAN_POINT ( 'NONE',  ( 28.42062245136759557, -2.326996480554356150, -0.5000000000000036637 ) ) ;
#3069 = CARTESIAN_POINT ( 'NONE',  ( 49.16621105951234938, 6.116450768821834139, -0.6999999999999982903 ) ) ;
#3070 = VERTEX_POINT ( 'NONE', #2747 ) ;
#3071 = AXIS2_PLACEMENT_3D ( 'NONE', #1959, #652, #3221 ) ;
#3072 = CYLINDRICAL_SURFACE ( 'NONE', #231, 0.5000000000000004441 ) ;
#3073 = CARTESIAN_POINT ( 'NONE',  ( 49.24238518826145850, 6.379385936338566765, -0.6999999999999975131 ) ) ;
#3074 = CARTESIAN_POINT ( 'NONE',  ( 28.59829286258704428, -2.786147271155862803, -1.000000000000005995 ) ) ;
#3075 = DIRECTION ( 'NONE',  ( 0.01657441405230484707, 0.9998626349648348510, -3.783680950347350670E-18 ) ) ;
#3076 = CARTESIAN_POINT ( 'NONE',  ( 41.05550690469880237, 0.8271730007075100977, -0.7000000000000022871 ) ) ;
#3077 = DIRECTION ( 'NONE',  ( -0.9998626349648349620, 0.01657441405230335868, 0.000000000000000000 ) ) ;
#3078 = ORIENTED_EDGE ( 'NONE', *, *, #2028, .T. ) ;
#3079 = CARTESIAN_POINT ( 'NONE',  ( 29.02219116712941371, -2.336968499337057192, 3.089195566019497995E-15 ) ) ;
#3080 = AXIS2_PLACEMENT_3D ( 'NONE', #2408, #1566, #3378 ) ;
#3081 = VERTEX_POINT ( 'NONE', #2437 ) ;
#3082 = CARTESIAN_POINT ( 'NONE',  ( 51.15566641419783167, 9.016383975765894121, -0.4999999999973829823 ) ) ;
#3083 = CARTESIAN_POINT ( 'NONE',  ( 29.93210798342870760, 0.2483052888213038711, -12.18051457789839453 ) ) ;
#3084 = ADVANCED_FACE ( 'NONE', ( #911 ), #2455, .T. ) ;
#3085 = DIRECTION ( 'NONE',  ( -2.220446049250313081E-16, -9.860761315262647568E-32, -1.000000000000000000 ) ) ;
#3086 = AXIS2_PLACEMENT_3D ( 'NONE', #2128, #1560, #4039 ) ;
#3087 = FACE_OUTER_BOUND ( 'NONE', #2258, .T. ) ;
#3088 = LINE ( 'NONE', #2156, #647 ) ;
#3089 = ORIENTED_EDGE ( 'NONE', *, *, #3606, .F. ) ;
#3090 = AXIS2_PLACEMENT_3D ( 'NONE', #667, #1851, #994 ) ;
#3091 = CARTESIAN_POINT ( 'NONE',  ( 29.87102268241145353, 6.692009210529578311, -20.04161656768155808 ) ) ;
#3092 = DIRECTION ( 'NONE',  ( 2.220446049250313081E-16, 9.860761315262647568E-32, 1.000000000000000000 ) ) ;
#3093 = FACE_OUTER_BOUND ( 'NONE', #1596, .T. ) ;
#3094 = CARTESIAN_POINT ( 'NONE',  ( 50.73905604436865957, 9.251662943212961565, -1.045383058256070141 ) ) ;
#3095 = CARTESIAN_POINT ( 'NONE',  ( 41.92834321751641369, -2.120232104899134384, -0.5000000000000000000 ) ) ;
#3096 = ORIENTED_EDGE ( 'NONE', *, *, #1901, .T. ) ;
#3097 = CIRCLE ( 'NONE', #446, 0.4999999999999985567 ) ;
#3098 = CARTESIAN_POINT ( 'NONE',  ( 51.59863108044612545, 9.717405461309331471, -0.7053710881836587898 ) ) ;
#3099 = AXIS2_PLACEMENT_3D ( 'NONE', #655, #345, #1623 ) ;
#3100 = CARTESIAN_POINT ( 'NONE',  ( 29.02169088206418124, -2.367148531160944369, -1.602056721440896281 ) ) ;
#3101 = ORIENTED_EDGE ( 'NONE', *, *, #3511, .T. ) ;
#3102 = EDGE_CURVE ( 'NONE', #687, #1467, #3016, .T. ) ;
#3103 = CARTESIAN_POINT ( 'NONE',  ( 30.10935841738894325, 8.946562303118540171, -22.19394977920450529 ) ) ;
#3104 = ORIENTED_EDGE ( 'NONE', *, *, #472, .T. ) ;
#3105 = ORIENTED_EDGE ( 'NONE', *, *, #2435, .T. ) ;
#3106 = CARTESIAN_POINT ( 'NONE',  ( 30.05936328639645083, 8.947391056962009870, -22.24793397913155246 ) ) ;
#3107 = LINE ( 'NONE', #2547, #3424 ) ;
#3108 = CARTESIAN_POINT ( 'NONE',  ( 29.67490954655011492, -2.347788410294540995, -2.500000000000004441 ) ) ;
#3109 = CARTESIAN_POINT ( 'NONE',  ( 51.93437100625460090, 10.27478996622798668, -0.6999999999999962919 ) ) ;
#3110 = ORIENTED_EDGE ( 'NONE', *, *, #2023, .T. ) ;
#3111 = EDGE_CURVE ( 'NONE', #646, #3654, #2076, .T. ) ;
#3112 = B_SPLINE_CURVE_WITH_KNOTS ( 'NONE', 3,
 ( #2924, #2591, #2577, #81, #106, #1973, #1396, #2636, #1030, #2658, #3579, #732, #1356, #2264, #752, #3522 ),
 .UNSPECIFIED., .F., .F.,
 ( 4, 2, 2, 2, 2, 2, 2, 4 ),
 ( -8.362563554200208859E-06, 0.0001555784736621859644, 0.0003195195108785721274, 0.0006474015853113784975, 0.001303165734177009561, 0.002614694031908224633, 0.003926222329639439922, 0.005237750627370655644 ),
 .UNSPECIFIED. ) ;
#3113 = LINE ( 'NONE', #3176, #1500 ) ;
#3114 = PLANE ( 'NONE',  #155 ) ;
#3115 = CARTESIAN_POINT ( 'NONE',  ( 29.52986991245530746, 4.155508862310839824, -17.30592310456530925 ) ) ;
#3116 = CARTESIAN_POINT ( 'NONE',  ( 30.85269975192374403, -0.5114356736991295671, -1.000000000000007105 ) ) ;
#3117 = CARTESIAN_POINT ( 'NONE',  ( 29.67056235697262423, -2.515154257219698319, -1.300000000000007594 ) ) ;
#3118 = VERTEX_POINT ( 'NONE', #2169 ) ;
#3119 = CARTESIAN_POINT ( 'NONE',  ( 29.60702669730828163, 8.810043614869508488, -22.42190523411542458 ) ) ;
#3120 = CARTESIAN_POINT ( 'NONE',  ( 46.46169554002519675, 3.095087534996603829, -0.4999999999999968914 ) ) ;
#3121 = EDGE_LOOP ( 'NONE', ( #3321, #949, #2065 ) ) ;
#3122 = CARTESIAN_POINT ( 'NONE',  ( 29.46109986238636225, 0.006909506002096381383, -12.27921898938790157 ) ) ;
#3123 = B_SPLINE_CURVE_WITH_KNOTS ( 'NONE', 3,
 ( #3379, #3754, #3362, #1258 ),
 .UNSPECIFIED., .F., .F.,
 ( 4, 4 ),
 ( -0.005188057493868176648, 0.002000055686290591779 ),
 .UNSPECIFIED. ) ;
#3124 = ORIENTED_EDGE ( 'NONE', *, *, #160, .T. ) ;
#3125 = ORIENTED_EDGE ( 'NONE', *, *, #1971, .T. ) ;
#3126 = FACE_OUTER_BOUND ( 'NONE', #1820, .T. ) ;
#3127 = EDGE_CURVE ( 'NONE', #352, #158, #2104, .T. ) ;
#3128 = CARTESIAN_POINT ( 'NONE',  ( 29.26525717065837640, 0.2593594687610915606, -0.5000000000000032196 ) ) ;
#3129 = DIRECTION ( 'NONE',  ( 1.000000000000000000, 0.000000000000000000, 1.734723475976805615E-16 ) ) ;
#3130 = CARTESIAN_POINT ( 'NONE',  ( 30.24254596671848816, -2.381225137468668596, -1.000000000000006883 ) ) ;
#3131 = CARTESIAN_POINT ( 'NONE',  ( 28.78118743939269208, -9.333935142334325974, -0.8250000000000037303 ) ) ;
#3132 = CARTESIAN_POINT ( 'NONE',  ( 49.16937114715202739, 6.453547900030923046, -0.8696784483948812872 ) ) ;
#3133 = CARTESIAN_POINT ( 'NONE',  ( 49.21529693836038888, 6.331455173229249667, -0.6999999999999981792 ) ) ;
#3134 = CARTESIAN_POINT ( 'NONE',  ( 40.27037592089061491, 0.4769859681717054101, -0.4999999999999995559 ) ) ;
#3135 = CARTESIAN_POINT ( 'NONE',  ( 29.94414242047209029, -2.400142982692055060, -1.300000000000007594 ) ) ;
#3136 = ORIENTED_EDGE ( 'NONE', *, *, #786, .F. ) ;
#3137 = AXIS2_PLACEMENT_3D ( 'NONE', #1979, #3239, #3588 ) ;
#3138 = CARTESIAN_POINT ( 'NONE',  ( 50.77576818653074753, 9.304077780756351501, -1.163439993340960932 ) ) ;
#3139 = CARTESIAN_POINT ( 'NONE',  ( 50.82791525886369755, 9.378903448242926544, -0.4999999999999937828 ) ) ;
#3140 = ORIENTED_EDGE ( 'NONE', *, *, #2995, .T. ) ;
#3141 = DIRECTION ( 'NONE',  ( 0.9998626349648348510, -0.01657441405230468054, -2.282530889443096024E-16 ) ) ;
#3142 = VECTOR ( 'NONE', #2553, 100.0000000000000142 ) ;
#3143 = ORIENTED_EDGE ( 'NONE', *, *, #3422, .F. ) ;
#3144 = ORIENTED_EDGE ( 'NONE', *, *, #3940, .T. ) ;
#3145 = DIRECTION ( 'NONE',  ( -0.9998626349648348510, 0.01657441405230466319, -3.341506680459168366E-16 ) ) ;
#3146 = CIRCLE ( 'NONE', #1367, 0.5000000000000004441 ) ;
#3147 = LINE ( 'NONE', #2216, #2338 ) ;
#3148 = CARTESIAN_POINT ( 'NONE',  ( 29.03859622392525708, -1.347322454362707367, -2.500000000000004441 ) ) ;
#3149 = DIRECTION ( 'NONE',  ( -0.9998626349648348510, 0.01657441405230463544, 4.314083075427407763E-32 ) ) ;
#3150 = CARTESIAN_POINT ( 'NONE',  ( 51.16445146266697463, 9.297634698148190324, -1.199999999999996625 ) ) ;
#3151 = ORIENTED_EDGE ( 'NONE', *, *, #3592, .F. ) ;
#3152 =( BOUNDED_CURVE ( )  B_SPLINE_CURVE ( 3, ( #905, #1917, #2887, #3749 ),
 .UNSPECIFIED., .F., .T. ) 
 B_SPLINE_CURVE_WITH_KNOTS ( ( 4, 4 ),
 ( -8.881784197001252323E-16, 1.570796326794895892 ),
 .UNSPECIFIED. ) 
 CURVE ( )  GEOMETRIC_REPRESENTATION_ITEM ( )  RATIONAL_B_SPLINE_CURVE ( ( 1.000000000000000000, 0.8047378541243649375, 0.8047378541243649375, 1.000000000000000000 ) ) 
 REPRESENTATION_ITEM ( '' )  );
#3153 = AXIS2_PLACEMENT_3D ( 'NONE', #3232, #3907, #398 ) ;
#3154 = CARTESIAN_POINT ( 'NONE',  ( 49.17749570922191538, 6.797204824903252174, -0.6999999999999979572 ) ) ;
#3155 = CYLINDRICAL_SURFACE ( 'NONE', #891, 0.5000000000000000000 ) ;
#3156 = LINE ( 'NONE', #311, #1161 ) ;
#3157 = DIRECTION ( 'NONE',  ( -3.372764553633511840E-16, -2.511834186424162314E-16, 1.000000000000000000 ) ) ;
#3158 = CARTESIAN_POINT ( 'NONE',  ( 30.03413032021714102, 8.943522383533029085, -21.96745241873481547 ) ) ;
#3159 = VERTEX_POINT ( 'NONE', #196 ) ;
#3160 =( GEOMETRIC_REPRESENTATION_CONTEXT ( 3 ) GLOBAL_UNCERTAINTY_ASSIGNED_CONTEXT ( ( #997 ) ) GLOBAL_UNIT_ASSIGNED_CONTEXT ( ( #1359, #2971, #2329 ) ) REPRESENTATION_CONTEXT ( 'NONE', 'WORKASPACE' ) );
#3161 = FACE_OUTER_BOUND ( 'NONE', #2317, .T. ) ;
#3162 = EDGE_CURVE ( 'NONE', #90, #607, #2150, .T. ) ;
#3163 = DIRECTION ( 'NONE',  ( -0.9998626349648349620, 0.01657441405230474646, 0.000000000000000000 ) ) ;
#3164 = EDGE_CURVE ( 'NONE', #1069, #3322, #1775, .T. ) ;
#3165 = EDGE_LOOP ( 'NONE', ( #2326, #3743, #2550, #4013 ) ) ;
#3166 = DIRECTION ( 'NONE',  ( 0.9998626349648349620, -0.01657441405230470483, 0.000000000000000000 ) ) ;
#3167 = ORIENTED_EDGE ( 'NONE', *, *, #3400, .T. ) ;
#3168 = EDGE_CURVE ( 'NONE', #195, #763, #340, .T. ) ;
#3169 = EDGE_LOOP ( 'NONE', ( #343, #4080, #1703, #2946, #3837 ) ) ;
#3170 = CARTESIAN_POINT ( 'NONE',  ( 29.57952447209468616, 7.146809560181840659, -20.78179387253660693 ) ) ;
#3171 = CYLINDRICAL_SURFACE ( 'NONE', #1419, 11.29999999999813198 ) ;
#3172 = CARTESIAN_POINT ( 'NONE',  ( 51.25726407462156686, 9.173805366290910257, -0.9058335406979135529 ) ) ;
#3173 = DIRECTION ( 'NONE',  ( 2.220446049250313081E-16, 5.757246432727906919E-16, -1.000000000000000000 ) ) ;
#3174 = ORIENTED_EDGE ( 'NONE', *, *, #3426, .F. ) ;
#3175 = EDGE_CURVE ( 'NONE', #3226, #3263, #1160, .T. ) ;
#3176 = CARTESIAN_POINT ( 'NONE',  ( 31.02191643705909385, -2.370117327441628063, -1.300000000000007816 ) ) ;
#3177 = CARTESIAN_POINT ( 'NONE',  ( 29.21542369111983106, 9.319913004180124361, -22.24535599178303258 ) ) ;
#3178 = CARTESIAN_POINT ( 'NONE',  ( 29.93411420257492495, 3.248684184066950031, -16.95486796901434801 ) ) ;
#3179 = CYLINDRICAL_SURFACE ( 'NONE', #3065, 0.5000000000000004441 ) ;
#3180 = CARTESIAN_POINT ( 'NONE',  ( 51.16462018305794146, 9.297631901322384707, -1.194757768369259843 ) ) ;
#3181 = VERTEX_POINT ( 'NONE', #2412 ) ;
#3182 = CARTESIAN_POINT ( 'NONE',  ( 29.60569258190695763, 8.729562209159176689, -22.36486449361478179 ) ) ;
#3183 = EDGE_CURVE ( 'NONE', #2027, #570, #849, .T. ) ;
#3184 = ORIENTED_EDGE ( 'NONE', *, *, #3042, .T. ) ;
#3185 = FACE_OUTER_BOUND ( 'NONE', #391, .T. ) ;
#3186 = ORIENTED_EDGE ( 'NONE', *, *, #348, .F. ) ;
#3187 = EDGE_CURVE ( 'NONE', #2236, #1520, #505, .T. ) ;
#3188 = ORIENTED_EDGE ( 'NONE', *, *, #3893, .F. ) ;
#3189 = DIRECTION ( 'NONE',  ( 0.9998626349648348510, -0.01657441405230524953, 2.668805347656629637E-16 ) ) ;
#3190 = CARTESIAN_POINT ( 'NONE',  ( 48.35682992392474233, 6.274385848004511601, -0.6999999999999985123 ) ) ;
#3191 = CARTESIAN_POINT ( 'NONE',  ( 41.17600841706751424, 0.06191862446058250813, -1.103658722146302118 ) ) ;
#3192 = AXIS2_PLACEMENT_3D ( 'NONE', #1760, #3287, #2980 ) ;
#3193 = ORIENTED_EDGE ( 'NONE', *, *, #3469, .F. ) ;
#3194 = DIRECTION ( 'NONE',  ( 0.000000000000000000, 0.000000000000000000, 1.000000000000000000 ) ) ;
#3195 = DIRECTION ( 'NONE',  ( -0.01657441405230464238, -0.9998626349648349620, -1.734723475976807094E-18 ) ) ;
#3196 = CARTESIAN_POINT ( 'NONE',  ( 49.16413588586898697, 5.930326206303922376, -0.4999999999999968914 ) ) ;
#3197 = DIRECTION ( 'NONE',  ( -0.9998626349648348510, 0.01657441405230573525, -1.665334536937734811E-16 ) ) ;
#3198 = CARTESIAN_POINT ( 'NONE',  ( 30.16254409397051717, -2.355871777561718172, -1.300000000000007372 ) ) ;
#3199 = VERTEX_POINT ( 'NONE', #1854 ) ;
#3200 = CARTESIAN_POINT ( 'NONE',  ( 29.73267463895672691, 8.799059453251871332, -22.25634645719492255 ) ) ;
#3201 = B_SPLINE_CURVE_WITH_KNOTS ( 'NONE', 2,
 ( #3703, #3095, #2742 ),
 .UNSPECIFIED., .F., .F.,
 ( 3, 3 ),
 ( 0.000000000000000000, 0.7967053436417098622 ),
 .UNSPECIFIED. ) ;
#3202 = VECTOR ( 'NONE', #951, 100.0000000000000142 ) ;
#3203 = ORIENTED_EDGE ( 'NONE', *, *, #3891, .T. ) ;
#3204 = VECTOR ( 'NONE', #4071, 100.0000000000000000 ) ;
#3205 = CARTESIAN_POINT ( 'NONE',  ( 40.23927785135777668, 0.07744651770170643545, -1.233333333333342274 ) ) ;
#3206 = EDGE_LOOP ( 'NONE', ( #2265, #387, #1880, #272, #564 ) ) ;
#3207 = ORIENTED_EDGE ( 'NONE', *, *, #216, .T. ) ;
#3208 = CARTESIAN_POINT ( 'NONE',  ( 45.65012766720320769, 2.747461128973377242, -0.7719818381934867579 ) ) ;
#3209 = CARTESIAN_POINT ( 'NONE',  ( 40.89218152794403949, 0.06662353513031199492, -1.170401928585732332 ) ) ;
#3210 = ORIENTED_EDGE ( 'NONE', *, *, #3002, .F. ) ;
#3211 = EDGE_CURVE ( 'NONE', #154, #1556, #2765, .T. ) ;
#3212 = EDGE_CURVE ( 'NONE', #3043, #2436, #2817, .T. ) ;
#3213 = CARTESIAN_POINT ( 'NONE',  ( 30.05936328639645083, 8.947391056962009870, -22.24793397913155246 ) ) ;
#3214 = CARTESIAN_POINT ( 'NONE',  ( 51.17145771247020036, 9.040730433910384889, -0.4999999999973828158 ) ) ;
#3215 = CARTESIAN_POINT ( 'NONE',  ( 29.81932708404258037, 0.2290744503742490890, -11.80057168090464792 ) ) ;
#3216 = EDGE_LOOP ( 'NONE', ( #2284, #979, #1256, #3873, #1569, #1368, #963, #2105, #2584 ) ) ;
#3217 = EDGE_CURVE ( 'NONE', #3543, #2674, #1095, .T. ) ;
#3218 = CARTESIAN_POINT ( 'NONE',  ( 29.45289206297297468, -0.4882314940259307456, 3.155808947497007545E-15 ) ) ;
#3219 = CARTESIAN_POINT ( 'NONE',  ( 45.37029156054220635, 3.494441370285926496, -0.8979192884013196263 ) ) ;
#3220 = ORIENTED_EDGE ( 'NONE', *, *, #32, .T. ) ;
#3221 = DIRECTION ( 'NONE',  ( 1.000000000000000000, 0.000000000000000000, 3.469446951953611231E-16 ) ) ;
#3222 = ORIENTED_EDGE ( 'NONE', *, *, #1654, .F. ) ;
#3223 = CARTESIAN_POINT ( 'NONE',  ( 29.99425810485458754, 3.247687197176706064, -16.95239721201884819 ) ) ;
#3224 = VERTEX_POINT ( 'NONE', #3865 ) ;
#3225 = CARTESIAN_POINT ( 'NONE',  ( 29.88705594506292229, 8.950247342535293527, -22.68090204209685368 ) ) ;
#3226 = VERTEX_POINT ( 'NONE', #2014 ) ;
#3227 = VECTOR ( 'NONE', #2914, 100.0000000000000000 ) ;
#3228 = CARTESIAN_POINT ( 'NONE',  ( 40.81279686167351173, -0.2773238743131973272, -0.6999999999996172617 ) ) ;
#3229 = ORIENTED_EDGE ( 'NONE', *, *, #3175, .T. ) ;
#3230 = CARTESIAN_POINT ( 'NONE',  ( 29.08956838170394477, -10.33918446186616080, -0.5000000000000032196 ) ) ;
#3231 = CARTESIAN_POINT ( 'NONE',  ( 40.56383937031547759, 0.05112971505239360254, -1.054797831804717978 ) ) ;
#3232 = CARTESIAN_POINT ( 'NONE',  ( 30.72195764656964911, -2.365145003225936904, -0.8000000000000072609 ) ) ;
#3233 = ORIENTED_EDGE ( 'NONE', *, *, #3769, .T. ) ;
#3234 = CARTESIAN_POINT ( 'NONE',  ( 29.60113989288019098, 8.454918192658066545, -22.16756122134490425 ) ) ;
#3235 = LINE ( 'NONE', #756, #844 ) ;
#3236 = DIRECTION ( 'NONE',  ( -0.01657441405230484707, -0.9998626349648348510, 0.000000000000000000 ) ) ;
#3237 = AXIS2_PLACEMENT_3D ( 'NONE', #410, #1680, #91 ) ;
#3238 = VERTEX_POINT ( 'NONE', #2304 ) ;
#3239 = DIRECTION ( 'NONE',  ( -1.665393298452077782E-16, 1.025709229455375713E-18, 1.000000000000000000 ) ) ;
#3240 = ORIENTED_EDGE ( 'NONE', *, *, #1782, .T. ) ;
#3241 = CARTESIAN_POINT ( 'NONE',  ( 30.13722941331931082, 8.946100295654769496, -21.97078005274589074 ) ) ;
#3242 = ORIENTED_EDGE ( 'NONE', *, *, #3046, .F. ) ;
#3243 = CARTESIAN_POINT ( 'NONE',  ( 29.60113989288019454, 8.454918192658050557, -22.16756122134489360 ) ) ;
#3244 = ORIENTED_EDGE ( 'NONE', *, *, #738, .T. ) ;
#3245 = DIRECTION ( 'NONE',  ( 2.220446049250313081E-16, 9.860761315262647568E-32, 1.000000000000000000 ) ) ;
#3246 = ORIENTED_EDGE ( 'NONE', *, *, #3363, .T. ) ;
#3247 = EDGE_CURVE ( 'NONE', #3043, #3670, #2283, .T. ) ;
#3248 = CARTESIAN_POINT ( 'NONE',  ( 29.43854127791119524, -1.353952219983621807, -2.500000000000004441 ) ) ;
#3249 = CYLINDRICAL_SURFACE ( 'NONE', #1948, 0.5000000000000004441 ) ;
#3250 = CARTESIAN_POINT ( 'NONE',  ( 30.08302393542357933, 6.246627905142966952, -19.98891532737466648 ) ) ;
#3251 = CARTESIAN_POINT ( 'NONE',  ( 29.73120779972006744, 6.129629132328642704, -20.30908544234678104 ) ) ;
#3252 = VECTOR ( 'NONE', #313, 100.0000000000000142 ) ;
#3253 = ORIENTED_EDGE ( 'NONE', *, *, #2608, .T. ) ;
#3254 = DIRECTION ( 'NONE',  ( -0.9998626349648348510, 0.01657441405230460074, 8.749341336752547834E-16 ) ) ;
#3255 = FILL_AREA_STYLE ('',( #130 ) ) ;
#3256 = CARTESIAN_POINT ( 'NONE',  ( 40.02987904148944409, -0.1262175772335856483, -0.7000000000000032863 ) ) ;
#3257 = VERTEX_POINT ( 'NONE', #1991 ) ;
#3258 = VECTOR ( 'NONE', #62, 100.0000000000000000 ) ;
#3259 = LINE ( 'NONE', #518, #424 ) ;
#3260 = LINE ( 'NONE', #2064, #2845 ) ;
#3261 = CIRCLE ( 'NONE', #3393, 0.4999999999999985567 ) ;
#3262 = B_SPLINE_CURVE_WITH_KNOTS ( 'NONE', 3,
 ( #2723, #2996, #2336, #2955 ),
 .UNSPECIFIED., .F., .F.,
 ( 4, 4 ),
 ( 0.009173688330302007254, 0.009284458319418544339 ),
 .UNSPECIFIED. ) ;
#3263 = VERTEX_POINT ( 'NONE', #1953 ) ;
#3264 = CARTESIAN_POINT ( 'NONE',  ( 29.60301689456384366, 8.568149577075253376, -22.24942100439585957 ) ) ;
#3265 = ORIENTED_EDGE ( 'NONE', *, *, #2521, .T. ) ;
#3266 = LINE ( 'NONE', #1351, #2764 ) ;
#3267 = EDGE_LOOP ( 'NONE', ( #2221, #3306, #2294 ) ) ;
#3268 = CARTESIAN_POINT ( 'NONE',  ( 29.46042919742130550, -0.03354880724023884264, -12.19359216471336893 ) ) ;
#3269 = CARTESIAN_POINT ( 'NONE',  ( 30.00494723860408541, 0.6367560416007492785, -11.47552833453502963 ) ) ;
#3270 = CARTESIAN_POINT ( 'NONE',  ( 40.92433530846895451, -0.2007882580353522461, -0.7128979204315168960 ) ) ;
#3271 = VECTOR ( 'NONE', #1931, 100.0000000000000000 ) ;
#3272 = DIRECTION ( 'NONE',  ( 2.220446049250313081E-16, 9.860761315262647568E-32, 1.000000000000000000 ) ) ;
#3273 = ORIENTED_EDGE ( 'NONE', *, *, #1871, .T. ) ;
#3274 = DIRECTION ( 'NONE',  ( -0.9998626349648349620, 0.01657441405230465972, 0.000000000000000000 ) ) ;
#3275 = CARTESIAN_POINT ( 'NONE',  ( 50.77576818653075463, 9.304077780756347948, -0.4999999999999961142 ) ) ;
#3276 = VECTOR ( 'NONE', #1864, 100.0000000000000000 ) ;
#3277 = CARTESIAN_POINT ( 'NONE',  ( 29.36470365497220314, 6.258535278550102277, -0.5000000000000032196 ) ) ;
#3278 = ORIENTED_EDGE ( 'NONE', *, *, #1287, .T. ) ;
#3279 =( BOUNDED_SURFACE ( )  B_SPLINE_SURFACE ( 3, 2, ( 
 ( #274, #1280, #3182 ),
 ( #972, #2248, #337 ),
 ( #1616, #1638, #2870 ),
 ( #1594, #28, #586 ),
 ( #1301, #1936, #3119 ),
 ( #3467, #2187, #1323 ),
 ( #626, #3200, #7 ),
 ( #930, #2560, #1257 ),
 ( #4050, #1570, #3815 ),
 ( #2579, #2497, #3444 ),
 ( #3752, #604, #3582 ),
 ( #2352, #3609, #690 ),
 ( #2019, #1715, #2618 ),
 ( #3912, #3934, #1674 ) ),
 .UNSPECIFIED., .F., .F., .T. ) 
 B_SPLINE_SURFACE_WITH_KNOTS ( ( 4, 2, 2, 2, 2, 2, 4 ),
 ( 3, 3 ),
 ( 0.001434506315943565469, 0.002608375999302182252, 0.003782245682660798601, 0.004956115366019414950, 0.006129985049378032166, 0.008477724416095264864, 0.01082546378281249930 ),
 ( 0.000000000000000000, 1.000000000000000000 ),
 .UNSPECIFIED. ) 
 GEOMETRIC_REPRESENTATION_ITEM ( )  RATIONAL_B_SPLINE_SURFACE ( (
 ( 1.000000000000000000, 0.9446194155785836433, 1.000000000000000000),
 ( 1.000000000000000000, 0.9405109470661783266, 1.000000000000000000),
 ( 1.000000000000000000, 0.9349359785537217915, 1.000000000000000000),
 ( 1.000000000000000000, 0.9220237091850113087, 1.000000000000000000),
 ( 1.000000000000000000, 0.9147535467223463224, 1.000000000000000000),
 ( 1.000000000000000000, 0.8988775039745998674, 1.000000000000000000),
 ( 1.000000000000000000, 0.8902372092998812603, 1.000000000000000000),
 ( 1.000000000000000000, 0.8722597289022918643, 1.000000000000000000),
 ( 1.000000000000000000, 0.8628544135110931546, 1.000000000000000000),
 ( 1.000000000000000000, 0.8334101959245120428, 1.000000000000000000),
 ( 1.000000000000000000, 0.8119907024401712414, 1.000000000000000000),
 ( 1.000000000000000000, 0.7670524946682263367, 1.000000000000000000),
 ( 1.000000000000000000, 0.7433759759781429777, 1.000000000000000000),
 ( 1.000000000000000000, 0.7181399124388060384, 1.000000000000000000) ) ) 
 REPRESENTATION_ITEM ( '' )  SURFACE ( )  );
#3280 = AXIS2_PLACEMENT_3D ( 'NONE', #833, #3353, #557 ) ;
#3281 = DIRECTION ( 'NONE',  ( -0.9998626349648349620, 0.01657441405230335868, 0.000000000000000000 ) ) ;
#3282 = ADVANCED_FACE ( 'NONE', ( #3561, #3831 ), #63, .F. ) ;
#3283 = ORIENTED_EDGE ( 'NONE', *, *, #2424, .T. ) ;
#3284 = CARTESIAN_POINT ( 'NONE',  ( 31.23829402084789564, -1.383786165277783642, 0.2999999999999996003 ) ) ;
#3285 = CARTESIAN_POINT ( 'NONE',  ( 29.66139369020008232, 8.953988076029492760, -22.21519993725626563 ) ) ;
#3286 = ORIENTED_EDGE ( 'NONE', *, *, #1296, .T. ) ;
#3287 = DIRECTION ( 'NONE',  ( 0.01657441405230464584, 0.9998626349648350731, 1.734723475976807094E-18 ) ) ;
#3288 = ORIENTED_EDGE ( 'NONE', *, *, #46, .F. ) ;
#3289 = VECTOR ( 'NONE', #2297, 100.0000000000000000 ) ;
#3290 = B_SPLINE_CURVE_WITH_KNOTS ( 'NONE', 3,
 ( #441, #1051, #2307, #1714, #1071, #1692, #2947, #3564, #2328, #3911, #2927, #735, #2617, #3315 ),
 .UNSPECIFIED., .F., .F.,
 ( 4, 2, 2, 2, 2, 2, 4 ),
 ( 0.000000000000000000, 0.0007858275687461169440, 0.001571655137492233888, 0.003143310274984476450, 0.003929137843730597622, 0.004714965412476718361, 0.006286620549969086473 ),
 .UNSPECIFIED. ) ;
#3291 = LINE ( 'NONE', #728, #3667 ) ;
#3292 = CARTESIAN_POINT ( 'NONE',  ( 29.84869146017683406, -2.350669139397241203, -1.000000000000006439 ) ) ;
#3293 = CARTESIAN_POINT ( 'NONE',  ( 40.74097544596121878, -0.1150649350399113729, -0.7980689704213773661 ) ) ;
#3294 = CARTESIAN_POINT ( 'NONE',  ( 31.22188896405205938, -2.373432210252088836, -0.9335907573130901582 ) ) ;
#3295 = VERTEX_POINT ( 'NONE', #380 ) ;
#3296 = ADVANCED_FACE ( 'NONE', ( #1338 ), #3846, .F. ) ;
#3297 = DIRECTION ( 'NONE',  ( -0.9998626349648349620, 0.01657441405230474646, 0.000000000000000000 ) ) ;
#3298 = CARTESIAN_POINT ( 'NONE',  ( 30.00776140279842608, 3.647660295067217007, -16.95211344052141555 ) ) ;
#3299 = ORIENTED_EDGE ( 'NONE', *, *, #2965, .T. ) ;
#3300 = EDGE_CURVE ( 'NONE', #2892, #1035, #3112, .T. ) ;
#3301 = EDGE_CURVE ( 'NONE', #3000, #1334, #2622, .T. ) ;
#3302 = CARTESIAN_POINT ( 'NONE',  ( 29.96516101513379482, 0.2477573789244775226, -11.74609225170760496 ) ) ;
#3303 = B_SPLINE_CURVE_WITH_KNOTS ( 'NONE', 3,
 ( #4041, #3499, #1889, #2240, #658, #1249, #3412, #982, #2549, #4067, #245, #3480, #639, #286, #2815, #1606, #3455, #17 ),
 .UNSPECIFIED., .F., .F.,
 ( 4, 2, 2, 2, 2, 2, 2, 2, 4 ),
 ( -0.003704884370640740190, -0.001829959523012231540, 4.496532461627711016E-05, 0.0009824277484305958368, 0.001919890172244915431, 0.002388621384152078263, 0.002857352596059239361, 0.003326083807966402194, 0.003794815019873564160 ),
 .UNSPECIFIED. ) ;
#3304 = ORIENTED_EDGE ( 'NONE', *, *, #3406, .F. ) ;
#3305 = DIRECTION ( 'NONE',  ( 0.01657441405230466666, 0.9998626349648349620, 1.734723475976807094E-18 ) ) ;
#3306 = ORIENTED_EDGE ( 'NONE', *, *, #4066, .F. ) ;
#3307 = CARTESIAN_POINT ( 'NONE',  ( 29.42042156158932187, -2.447036249936441088, -1.466951364637337774 ) ) ;
#3308 = ADVANCED_FACE ( 'NONE', ( #775 ), #2053, .T. ) ;
#3309 = ORIENTED_EDGE ( 'NONE', *, *, #3381, .T. ) ;
#3310 = CARTESIAN_POINT ( 'NONE',  ( 29.66897565985289731, 6.331969644938411967, -20.48530464016799613 ) ) ;
#3311 = FACE_OUTER_BOUND ( 'NONE', #257, .T. ) ;
#3312 = DIRECTION ( 'NONE',  ( -0.9998626349648349620, 0.01657441405230470483, 0.000000000000000000 ) ) ;
#3313 = CARTESIAN_POINT ( 'NONE',  ( 29.45289206297297468, -0.4882314940259307456, 3.155808947497007545E-15 ) ) ;
#3314 = ORIENTED_EDGE ( 'NONE', *, *, #2256, .T. ) ;
#3315 = CARTESIAN_POINT ( 'NONE',  ( 46.26952356825763246, 3.273591535754737158, -0.6999999999999999556 ) ) ;
#3316 = CARTESIAN_POINT ( 'NONE',  ( 45.37029156054220635, 3.494441370285926496, -0.8979192884013196263 ) ) ;
#3317 = CARTESIAN_POINT ( 'NONE',  ( 27.51161175479890275, -1.824979717385858624, -1.300000000000006262 ) ) ;
#3318 = VECTOR ( 'NONE', #2801, 100.0000000000000000 ) ;
#3319 = CARTESIAN_POINT ( 'NONE',  ( 30.05885587995373953, 8.945283828738483933, -22.24794809331386958 ) ) ;
#3320 = CARTESIAN_POINT ( 'NONE',  ( 31.23829402084789564, -1.383786165277783420, -0.8000000000000069278 ) ) ;
#3321 = ORIENTED_EDGE ( 'NONE', *, *, #847, .T. ) ;
#3322 = VERTEX_POINT ( 'NONE', #2109 ) ;
#3323 = CARTESIAN_POINT ( 'NONE',  ( 45.77146602680007703, 3.386350232764887114, -1.186243137191113073 ) ) ;
#3324 = FACE_OUTER_BOUND ( 'NONE', #739, .T. ) ;
#3326 = ORIENTED_EDGE ( 'NONE', *, *, #4003, .T. ) ;
#3325 = CIRCLE ( 'NONE', #3722, 16.46641791636911734 ) ;
#3327 = CARTESIAN_POINT ( 'NONE',  ( 29.45833516795250517, -0.1598725384681396466, -11.91871391825121762 ) ) ;
#3328 = EDGE_CURVE ( 'NONE', #1039, #1159, #2716, .T. ) ;
#3329 = CARTESIAN_POINT ( 'NONE',  ( 29.46522969765135613, 0.2560445859506310096, -12.27921898938788203 ) ) ;
#3330 = CARTESIAN_POINT ( 'NONE',  ( 48.85674956211384057, 6.835545300157844117, -0.6999999999999980682 ) ) ;
#3331 = DIRECTION ( 'NONE',  ( -0.9998626349648348510, 0.01657441405230462850, 0.000000000000000000 ) ) ;
#3332 = VERTEX_POINT ( 'NONE', #872 ) ;
#3333 = EDGE_CURVE ( 'NONE', #1410, #653, #3658, .T. ) ;
#3334 = EDGE_CURVE ( 'NONE', #1352, #29, #1876, .T. ) ;
#3335 = CARTESIAN_POINT ( 'NONE',  ( 29.65749168504785871, 6.871303974724026986, -20.20591331586489403 ) ) ;
#3336 = CARTESIAN_POINT ( 'NONE',  ( 28.78118743939269208, -9.333935142334325974, -0.8250000000000037303 ) ) ;
#3337 = CARTESIAN_POINT ( 'NONE',  ( 45.21989871406298533, 3.377221469125296416, -0.7653381685086106945 ) ) ;
#3338 = CARTESIAN_POINT ( 'NONE',  ( 29.52980122993776746, 3.867589398765557185, -17.16409042384519168 ) ) ;
#3339 = CARTESIAN_POINT ( 'NONE',  ( 29.79144678200886887, 8.839588923686674704, -21.88323088737643829 ) ) ;
#3340 = EDGE_CURVE ( 'NONE', #1520, #2333, #800, .T. ) ;
#3341 = B_SPLINE_CURVE_WITH_KNOTS ( 'NONE', 3,
 ( #2908, #3298, #1341, #2951 ),
 .UNSPECIFIED., .F., .F.,
 ( 4, 4 ),
 ( 0.000000000000000000, 0.0002065149350831888941 ),
 .UNSPECIFIED. ) ;
#3342 = ADVANCED_FACE ( 'NONE', ( #1766 ), #1780, .F. ) ;
#3343 = CARTESIAN_POINT ( 'NONE',  ( 29.96516101513376640, 0.2477573789244779945, -11.72997687891027319 ) ) ;
#3344 = EDGE_CURVE ( 'NONE', #29, #2232, #2444, .T. ) ;
#3345 = VERTEX_POINT ( 'NONE', #1166 ) ;
#3346 = CIRCLE ( 'NONE', #778, 0.1750000000000029310 ) ;
#3347 = DIRECTION ( 'NONE',  ( 0.9998626349648349620, -0.01657441405230463891, 0.000000000000000000 ) ) ;
#3348 = VECTOR ( 'NONE', #2448, 100.0000000000000142 ) ;
#3349 = VERTEX_POINT ( 'NONE', #2385 ) ;
#3350 = CARTESIAN_POINT ( 'NONE',  ( 51.14463425289144283, 8.097798341225010077, -0.4999999999999962808 ) ) ;
#3351 = DIRECTION ( 'NONE',  ( -0.01657441405230579770, -0.9998626349648348510, -1.937485524053559049E-31 ) ) ;
#3352 = DIRECTION ( 'NONE',  ( -0.01657441405230466666, -0.9998626349648348510, -1.734723475976806902E-18 ) ) ;
#3353 = DIRECTION ( 'NONE',  ( 4.107260948313247619E-12, -6.808306108680964590E-14, -1.000000000000000000 ) ) ;
#3354 = VERTEX_POINT ( 'NONE', #1128 ) ;
#3355 = CARTESIAN_POINT ( 'NONE',  ( 29.67824655659544320, 3.790154189167550314, -16.84606779258349007 ) ) ;
#3356 = CARTESIAN_POINT ( 'NONE',  ( 29.22216369412238279, -2.340283382147479774, -0.5000000000000032196 ) ) ;
#3357 = CARTESIAN_POINT ( 'NONE',  ( 28.46371040744795522, -2.509639300396905526, -1.000000000000006439 ) ) ;
#3358 = CARTESIAN_POINT ( 'NONE',  ( 50.38433179957346653, 8.756201862550073045, -0.7141183660428642721 ) ) ;
#3359 = DIRECTION ( 'NONE',  ( -0.01657441405230464238, -0.9998626349648349620, -1.734723475976807094E-18 ) ) ;
#3360 = B_SPLINE_CURVE_WITH_KNOTS ( 'NONE', 2,
 ( #3778, #608, #631 ),
 .UNSPECIFIED., .F., .F.,
 ( 3, 3 ),
 ( 0.000000000000000000, 1.000000000000000000 ),
 .UNSPECIFIED. ) ;
#3361 = ADVANCED_FACE ( 'NONE', ( #2420 ), #3029, .F. ) ;
#3362 = CARTESIAN_POINT ( 'NONE',  ( 29.61091095049063071, 6.654508929825815322, -20.00215235425126181 ) ) ;
#3363 = EDGE_CURVE ( 'NONE', #976, #653, #2272, .T. ) ;
#3364 = VERTEX_POINT ( 'NONE', #3697 ) ;
#3365 = CARTESIAN_POINT ( 'NONE',  ( 29.26525717065837640, 0.2593594687610915606, -0.5000000000000032196 ) ) ;
#3366 = AXIS2_PLACEMENT_3D ( 'NONE', #4065, #2315, #1366 ) ;
#3367 = ORIENTED_EDGE ( 'NONE', *, *, #1535, .T. ) ;
#3368 = DIRECTION ( 'NONE',  ( -0.01657441405230579770, -0.9998626349648348510, 0.000000000000000000 ) ) ;
#3369 = CARTESIAN_POINT ( 'NONE',  ( 39.96776550988501953, 0.3516263292549727248, -0.7511803146397950659 ) ) ;
#3370 = CARTESIAN_POINT ( 'NONE',  ( 51.15334978695155144, 8.597722558462491449, -1.184275066162313816 ) ) ;
#3371 = CARTESIAN_POINT ( 'NONE',  ( 48.72204735959149247, 5.757841259949413093, -0.4999999999999908407 ) ) ;
#3372 = ORIENTED_EDGE ( 'NONE', *, *, #2268, .F. ) ;
#3373 = CARTESIAN_POINT ( 'NONE',  ( 41.03893530837986248, -0.1725196525909055978, -0.7000000000000025091 ) ) ;
#3374 = CARTESIAN_POINT ( 'NONE',  ( 31.22188896405205938, -2.373432210252088836, -0.4999999999999986122 ) ) ;
#3375 = FACE_OUTER_BOUND ( 'NONE', #1222, .T. ) ;
#3376 = CARTESIAN_POINT ( 'NONE',  ( 51.59863108044612545, 9.717405461309331471, -0.7053710881836587898 ) ) ;
#3377 = DIRECTION ( 'NONE',  ( 0.01657441405230464931, 0.9998626349648349620, 3.469446951953613804E-18 ) ) ;
#3378 = DIRECTION ( 'NONE',  ( 1.000000000000000000, 0.000000000000000000, 0.000000000000000000 ) ) ;
#3379 = CARTESIAN_POINT ( 'NONE',  ( 30.08942187719838657, 6.632588030256367340, -19.98891532737465937 ) ) ;
#3380 = AXIS2_PLACEMENT_3D ( 'NONE', #1772, #4009, #1154 ) ;
#3381 = EDGE_CURVE ( 'NONE', #727, #646, #2752, .T. ) ;
#3382 = ORIENTED_EDGE ( 'NONE', *, *, #3642, .T. ) ;
#3383 = CARTESIAN_POINT ( 'NONE',  ( 29.64015039148676323, 0.1399526050806439159, -11.89652860511197119 ) ) ;
#3384 = VERTEX_POINT ( 'NONE', #533 ) ;
#3385 = VECTOR ( 'NONE', #2731, 100.0000000000000000 ) ;
#3386 = AXIS2_PLACEMENT_3D ( 'NONE', #80, #1417, #2967 ) ;
#3387 = DIRECTION ( 'NONE',  ( -3.372764553633511840E-16, -2.511834186424162314E-16, 1.000000000000000000 ) ) ;
#3388 = CARTESIAN_POINT ( 'NONE',  ( 45.85400271893194457, 3.884908755138780645, -0.6999999999999999556 ) ) ;
#3389 = CARTESIAN_POINT ( 'NONE',  ( 29.84911194900811182, 9.413924069142460382, -22.32398524856519018 ) ) ;
#3390 = DIRECTION ( 'NONE',  ( -0.9998626349648348510, 0.01657441405230465972, 0.000000000000000000 ) ) ;
#3391 = DIRECTION ( 'NONE',  ( -0.9998626349648349620, 0.01657441405230580117, -1.665334536937735304E-16 ) ) ;
#3392 = ORIENTED_EDGE ( 'NONE', *, *, #2782, .F. ) ;
#3393 = AXIS2_PLACEMENT_3D ( 'NONE', #2190, #1903, #3166 ) ;
#3394 = CARTESIAN_POINT ( 'NONE',  ( 40.56043274581007552, 0.4828795647841490624, -1.005097446114911364 ) ) ;
#3395 = CARTESIAN_POINT ( 'NONE',  ( 45.47016318416308422, 3.391202852591135297, -1.199999999999999956 ) ) ;
#3396 = CARTESIAN_POINT ( 'NONE',  ( 28.29855661976046832, -2.383944685117625806, -1.000000000000006217 ) ) ;
#3397 = CARTESIAN_POINT ( 'NONE',  ( 50.33155506623349140, 8.684191087760700256, -0.7033608681589473832 ) ) ;
#3398 = DIRECTION ( 'NONE',  ( 2.220446049250313081E-16, 9.860761315262647568E-32, 1.000000000000000000 ) ) ;
#3399 = VERTEX_POINT ( 'NONE', #3678 ) ;
#3400 = EDGE_CURVE ( 'NONE', #1159, #2988, #2519, .T. ) ;
#3401 = DIRECTION ( 'NONE',  ( -0.9998626349648349620, 0.01657441405230335868, 0.000000000000000000 ) ) ;
#3402 = CARTESIAN_POINT ( 'NONE',  ( 40.27037592089061491, 0.4769859681717056321, -1.221081100174091327 ) ) ;
#3403 = ORIENTED_EDGE ( 'NONE', *, *, #1468, .T. ) ;
#3404 = DIRECTION ( 'NONE',  ( 1.665393298452077782E-16, -1.025709229455379565E-18, -1.000000000000000000 ) ) ;
#3405 = ORIENTED_EDGE ( 'NONE', *, *, #985, .F. ) ;
#3406 = EDGE_CURVE ( 'NONE', #2583, #2642, #1109, .T. ) ;
#3407 = VERTEX_POINT ( 'NONE', #1498 ) ;
#3408 = CARTESIAN_POINT ( 'NONE',  ( 51.93437100625460090, 10.27478996622798668, -1.188380716559303218 ) ) ;
#3409 = CARTESIAN_POINT ( 'NONE',  ( 51.43443968877217287, 10.28307717325414039, -1.204199999999996162 ) ) ;
#3410 = CARTESIAN_POINT ( 'NONE',  ( 29.97335989938515866, 9.335693541047753286, -22.26674370807229053 ) ) ;
#3411 = LINE ( 'NONE', #3370, #385 ) ;
#3412 = CARTESIAN_POINT ( 'NONE',  ( 40.42375596254924375, 0.5425135723499756590, -0.9472179386198634754 ) ) ;
#3413 = ORIENTED_EDGE ( 'NONE', *, *, #1871, .F. ) ;
#3414 = VECTOR ( 'NONE', #1656, 100.0000000000000000 ) ;
#3415 = ADVANCED_FACE ( 'NONE', ( #165 ), #1819, .T. ) ;
#3416 = CARTESIAN_POINT ( 'NONE',  ( 29.71904140544622663, 6.798878950864446935, -20.13945247641134273 ) ) ;
#3417 = CARTESIAN_POINT ( 'NONE',  ( 29.71150088187330951, 6.483559973395645493, -19.84081499657055403 ) ) ;
#3418 = CARTESIAN_POINT ( 'NONE',  ( 27.23884348098842878, -1.317488509068562408, -1.300000000000006262 ) ) ;
#3419 = CARTESIAN_POINT ( 'NONE',  ( 50.72488984391127786, 9.231497872291761553, -1.007961298499796765 ) ) ;
#3420 = LINE ( 'NONE', #2537, #1015 ) ;
#3421 = ORIENTED_EDGE ( 'NONE', *, *, #3826, .T. ) ;
#3422 = EDGE_CURVE ( 'NONE', #1983, #666, #797, .T. ) ;
#3423 = EDGE_LOOP ( 'NONE', ( #2054, #2206, #4068, #3903, #2666 ) ) ;
#3424 = VECTOR ( 'NONE', #2238, 100.0000000000000142 ) ;
#3425 = CARTESIAN_POINT ( 'NONE',  ( 29.01758741871030978, -2.614692707898257584, -1.320353215388242907 ) ) ;
#3426 = EDGE_CURVE ( 'NONE', #3820, #2626, #1321, .T. ) ;
#3427 = VERTEX_POINT ( 'NONE', #3131 ) ;
#3428 = CARTESIAN_POINT ( 'NONE',  ( 41.03893530837986248, -0.1725196525909055978, -0.7000000000000025091 ) ) ;
#3429 = ORIENTED_EDGE ( 'NONE', *, *, #1637, .F. ) ;
#3430 = ORIENTED_EDGE ( 'NONE', *, *, #3046, .T. ) ;
#3431 = CARTESIAN_POINT ( 'NONE',  ( 29.96477847480372603, 0.2477637201773664200, -11.77832148343091845 ) ) ;
#3432 = CARTESIAN_POINT ( 'NONE',  ( 45.42739029660013728, 2.567049485028784606, -0.7042249976091390362 ) ) ;
#3433 = CARTESIAN_POINT ( 'NONE',  ( 30.01106943036153751, 0.6682111977658383717, -11.54957551633866153 ) ) ;
#3434 = CARTESIAN_POINT ( 'NONE',  ( 30.34492526675211366, -2.361985432197740042, -1.000000000000006883 ) ) ;
#3435 = CYLINDRICAL_SURFACE ( 'NONE', #1716, 0.4999999999999985567 ) ;
#3436 = ADVANCED_FACE ( 'NONE', ( #2774 ), #328, .F. ) ;
#3437 =( BOUNDED_CURVE ( )  B_SPLINE_CURVE ( 3, ( #1675, #3256, #3913, #2595 ),
 .UNSPECIFIED., .F., .T. ) 
 B_SPLINE_CURVE_WITH_KNOTS ( ( 4, 4 ),
 ( 4.712388980384692339, 6.283185307179586232 ),
 .UNSPECIFIED. ) 
 CURVE ( )  GEOMETRIC_REPRESENTATION_ITEM ( )  RATIONAL_B_SPLINE_CURVE ( ( 1.000000000000000000, 0.8047378541243654926, 0.8047378541243654926, 1.000000000000000000 ) ) 
 REPRESENTATION_ITEM ( '' )  );
#3438 = CARTESIAN_POINT ( 'NONE',  ( 30.04364942460926002, 3.634715583514148474, -16.65027219720726492 ) ) ;
#3439 = CYLINDRICAL_SURFACE ( 'NONE', #2934, 0.4999999999999985567 ) ;
#3440 = CARTESIAN_POINT ( 'NONE',  ( 29.52980122993775325, 4.147221655287303577, -17.29565549853147743 ) ) ;
#3441 = CARTESIAN_POINT ( 'NONE',  ( 29.37133342059312113, 6.658480332536035995, -20.00215235425126536 ) ) ;
#3442 = CARTESIAN_POINT ( 'NONE',  ( 48.85791097929691773, 6.335457355553139713, -1.023820657515036148 ) ) ;
#3443 = EDGE_LOOP ( 'NONE', ( #1398, #1037, #2671, #3508, #2516 ) ) ;
#3444 = CARTESIAN_POINT ( 'NONE',  ( 29.61045827722222512, 9.017055972682049614, -22.56704369399617605 ) ) ;
#3445 = CARTESIAN_POINT ( 'NONE',  ( 29.40945457291341825, 8.958164392955156430, -0.5000000000000032196 ) ) ;
#3446 = ORIENTED_EDGE ( 'NONE', *, *, #186, .F. ) ;
#3447 = DIRECTION ( 'NONE',  ( 0.01657441405230463891, 0.9998626349648349620, -0.000000000000000000 ) ) ;
#3448 = CIRCLE ( 'NONE', #3969, 0.2000000000000027589 ) ;
#3449 = VERTEX_POINT ( 'NONE', #1540 ) ;
#3450 = ORIENTED_EDGE ( 'NONE', *, *, #675, .T. ) ;
#3451 = CARTESIAN_POINT ( 'NONE',  ( 45.78455171353258635, 3.385991331051230180, -1.199999999999999956 ) ) ;
#3452 = DIRECTION ( 'NONE',  ( -0.01657441405230579770, -0.9998626349648348510, 0.000000000000000000 ) ) ;
#3453 = CARTESIAN_POINT ( 'NONE',  ( 40.12736081881187999, 0.4170832319423536383, -0.8748508095018167063 ) ) ;
#3454 = CARTESIAN_POINT ( 'NONE',  ( 29.85734902503346788, -2.706588934948906733, -1.000000000000006439 ) ) ;
#3455 = CARTESIAN_POINT ( 'NONE',  ( 40.27037592089062912, 0.4769859681717049660, -1.184105623895641335 ) ) ;
#3456 = ORIENTED_EDGE ( 'NONE', *, *, #3333, .F. ) ;
#3457 = EDGE_CURVE ( 'NONE', #1110, #3500, #2219, .T. ) ;
#3458 = ADVANCED_BREP_SHAPE_REPRESENTATION ( 'Part12-Split1', ( #197, #3080 ), #772 ) ;
#3459 = CARTESIAN_POINT ( 'NONE',  ( 29.61118902980984657, 3.486249617371655507, -16.44209230593316562 ) ) ;
#3460 = CARTESIAN_POINT ( 'NONE',  ( 29.99056428855568868, 3.247748428428510525, -16.95254934674220593 ) ) ;
#3461 = CARTESIAN_POINT ( 'NONE',  ( 29.58998555987169610, 7.782025578901055951, -21.03061701137890438 ) ) ;
#3462 = CARTESIAN_POINT ( 'NONE',  ( 30.07151209467601660, 8.947189669919799471, -21.97078005163794501 ) ) ;
#3463 = ORIENTED_EDGE ( 'NONE', *, *, #2121, .F. ) ;
#3464 = EDGE_CURVE ( 'NONE', #3295, #2489, #3088, .T. ) ;
#3465 =( BOUNDED_CURVE ( )  B_SPLINE_CURVE ( 3, ( #1822, #2819, #1865, #2840 ),
 .UNSPECIFIED., .F., .T. ) 
 B_SPLINE_CURVE_WITH_KNOTS ( ( 4, 4 ),
 ( -8.881784197001252323E-16, 1.570796326794896114 ),
 .UNSPECIFIED. ) 
 CURVE ( )  GEOMETRIC_REPRESENTATION_ITEM ( )  RATIONAL_B_SPLINE_CURVE ( ( 1.000000000000000000, 0.8047378541243649375, 0.8047378541243649375, 1.000000000000000000 ) ) 
 REPRESENTATION_ITEM ( '' )  );
#3466 = VECTOR ( 'NONE', #3010, 100.0000000000000142 ) ;
#3467 = CARTESIAN_POINT ( 'NONE',  ( 29.93335834844931398, 8.635347946233158822, -22.25122052197460221 ) ) ;
#3468 = CARTESIAN_POINT ( 'NONE',  ( 45.46303412731425908, 2.991266075201659991, -1.222340780251642611 ) ) ;
#3469 = EDGE_CURVE ( 'NONE', #1240, #1390, #3097, .T. ) ;
#3470 = ORIENTED_EDGE ( 'NONE', *, *, #4004, .F. ) ;
#3471 = CARTESIAN_POINT ( 'NONE',  ( 29.21567331897403363, 9.334971971771391708, -22.25672608094550853 ) ) ;
#3472 = ORIENTED_EDGE ( 'NONE', *, *, #2141, .T. ) ;
#3473 = EDGE_CURVE ( 'NONE', #3427, #3838, #898, .T. ) ;
#3474 = ORIENTED_EDGE ( 'NONE', *, *, #2949, .F. ) ;
#3475 = FACE_OUTER_BOUND ( 'NONE', #2414, .T. ) ;
#3476 = AXIS2_PLACEMENT_3D ( 'NONE', #3230, #2920, #1085 ) ;
#3477 = CARTESIAN_POINT ( 'NONE',  ( 50.77576818653075463, 9.304077780756347948, -1.204199999999997051 ) ) ;
#3478 = CARTESIAN_POINT ( 'NONE',  ( 51.19200433863299082, 9.072473460432666670, -1.025655199287611952 ) ) ;
#3479 = CARTESIAN_POINT ( 'NONE',  ( 27.51161175479890275, -1.824979717385858624, -1.300000000000006262 ) ) ;
#3480 = CARTESIAN_POINT ( 'NONE',  ( 40.30293022600822894, 0.4907808858062609469, -1.080380036741143357 ) ) ;
#3481 = EDGE_LOOP ( 'NONE', ( #2454, #1432, #26, #3768, #1162 ) ) ;
#3482 = VECTOR ( 'NONE', #2679, 100.0000000000000142 ) ;
#3483 = CARTESIAN_POINT ( 'NONE',  ( 29.67652936305529465, 3.539971359822111197, -16.51591505580137209 ) ) ;
#3484 = DIRECTION ( 'NONE',  ( -0.9998626349648349620, 0.01657441405230470483, 0.000000000000000000 ) ) ;
#3485 = CARTESIAN_POINT ( 'NONE',  ( 30.04364942460926002, 3.634715583514148474, -16.65027219720726492 ) ) ;
#3486 = CARTESIAN_POINT ( 'NONE',  ( 29.08956838170394477, -10.33918446186616080, -0.5000000000000029976 ) ) ;
#3487 = FACE_OUTER_BOUND ( 'NONE', #2729, .T. ) ;
#3488 = ORIENTED_EDGE ( 'NONE', *, *, #3002, .T. ) ;
#3489 = CARTESIAN_POINT ( 'NONE',  ( 50.81699721925828328, 9.363191871907149633, -0.9603266238604324379 ) ) ;
#3490 = EDGE_CURVE ( 'NONE', #943, #3226, #3303, .T. ) ;
#3491 = VECTOR ( 'NONE', #3949, 100.0000000000000142 ) ;
#3492 = ORIENTED_EDGE ( 'NONE', *, *, #612, .F. ) ;
#3493 = FACE_OUTER_BOUND ( 'NONE', #1148, .T. ) ;
#3494 = EDGE_CURVE ( 'NONE', #1608, #3118, #2795, .T. ) ;
#3495 = ORIENTED_EDGE ( 'NONE', *, *, #989, .T. ) ;
#3496 = VERTEX_POINT ( 'NONE', #4021 ) ;
#3497 = FACE_OUTER_BOUND ( 'NONE', #1081, .T. ) ;
#3498 = CARTESIAN_POINT ( 'NONE',  ( 45.76871418538776481, 2.982107765878923900, -1.090619036928935026 ) ) ;
#3499 = CARTESIAN_POINT ( 'NONE',  ( 40.73421829691626783, 0.6793344591327932225, -0.7915439035874908269 ) ) ;
#3500 = VERTEX_POINT ( 'NONE', #616 ) ;
#3501 = CARTESIAN_POINT ( 'NONE',  ( 29.52777238988374009, 3.363173445155306140, -16.27245178583585528 ) ) ;
#3502 = CARTESIAN_POINT ( 'NONE',  ( 31.23829402084788498, -1.383786165277783198, -0.7000000000000061728 ) ) ;
#3503 = CARTESIAN_POINT ( 'NONE',  ( 28.56745928467328000, -2.401741501370347365, -1.300000000000007372 ) ) ;
#3504 = DIRECTION ( 'NONE',  ( -0.01657441405230464584, -0.9998626349648348510, -1.734723475976806902E-18 ) ) ;
#3505 = CARTESIAN_POINT ( 'NONE',  ( 29.98019914655529661, -2.389866767460854469, -1.300000000000007372 ) ) ;
#3506 = ORIENTED_EDGE ( 'NONE', *, *, #3175, .F. ) ;
#3507 = PLANE ( 'NONE',  #3090 ) ;
#3508 = ORIENTED_EDGE ( 'NONE', *, *, #3672, .F. ) ;
#3509 = CARTESIAN_POINT ( 'NONE',  ( 42.70962778319242403, 1.691450028915983728, -0.7000000000000015099 ) ) ;
#3510 = ORIENTED_EDGE ( 'NONE', *, *, #1793, .F. ) ;
#3511 = EDGE_CURVE ( 'NONE', #2674, #1345, #2509, .T. ) ;
#3512 = ORIENTED_EDGE ( 'NONE', *, *, #3891, .F. ) ;
#3513 = CARTESIAN_POINT ( 'NONE',  ( 29.93176880724181999, 8.949506151230306017, -22.63970445853654923 ) ) ;
#3514 = FACE_OUTER_BOUND ( 'NONE', #3169, .T. ) ;
#3515 = DIRECTION ( 'NONE',  ( -0.9998626349648348510, 0.01657441405230463544, 0.000000000000000000 ) ) ;
#3516 = EDGE_CURVE ( 'NONE', #2379, #2360, #1205, .T. ) ;
#3517 = VECTOR ( 'NONE', #2380, 100.0000000000000142 ) ;
#3518 = VERTEX_POINT ( 'NONE', #3150 ) ;
#3519 = CYLINDRICAL_SURFACE ( 'NONE', #2950, 0.4999999999999985567 ) ;
#3520 = DIRECTION ( 'NONE',  ( 0.9998626349648349620, -0.01657441405230455217, 0.000000000000000000 ) ) ;
#3521 = CARTESIAN_POINT ( 'NONE',  ( 48.53971623804767432, 6.476071814518044256, -0.7327382970055325018 ) ) ;
#3522 = CARTESIAN_POINT ( 'NONE',  ( 30.05885587995373953, 8.945283828738483933, -22.24794809331386958 ) ) ;
#3523 = ORIENTED_EDGE ( 'NONE', *, *, #2539, .F. ) ;
#3524 = PLANE ( 'NONE',  #303 ) ;
#3525 = EDGE_CURVE ( 'NONE', #1069, #1196, #576, .T. ) ;
#3526 = CIRCLE ( 'NONE', #685, 0.5000000000000004441 ) ;
#3527 = ORIENTED_EDGE ( 'NONE', *, *, #3607, .T. ) ;
#3528 = B_SPLINE_CURVE_WITH_KNOTS ( 'NONE', 2,
 ( #72, #2487, #1583 ),
 .UNSPECIFIED., .F., .F.,
 ( 3, 3 ),
 ( 0.3935134651314654008, 0.6271975413135641997 ),
 .UNSPECIFIED. ) ;
#3529 = CARTESIAN_POINT ( 'NONE',  ( 50.73176923724148679, 8.379831103244516299, -0.4999999999999965583 ) ) ;
#3530 = ORIENTED_EDGE ( 'NONE', *, *, #1495, .T. ) ;
#3531 = B_SPLINE_CURVE_WITH_KNOTS ( 'NONE', 3,
 ( #3316, #2135, #561, #1188, #3337, #3033, #1823, #251, #481, #2062 ),
 .UNSPECIFIED., .F., .F.,
 ( 4, 2, 2, 2, 4 ),
 ( 0.000000000000000000, 0.001391189271754552812, 0.002782378543509105625, 0.004173567815263659955, 0.005564757087018213852 ),
 .UNSPECIFIED. ) ;
#3532 = EDGE_LOOP ( 'NONE', ( #3188, #1105, #3901, #2654, #2810 ) ) ;
#3533 = CARTESIAN_POINT ( 'NONE',  ( 30.10935841727382467, 8.946562303120449755, -22.22850158663535325 ) ) ;
#3534 = ADVANCED_FACE ( 'NONE', ( #265 ), #3435, .F. ) ;
#3535 = ORIENTED_EDGE ( 'NONE', *, *, #549, .T. ) ;
#3536 = CARTESIAN_POINT ( 'NONE',  ( 40.83483014126009181, 0.06757423135215206988, -0.8116461599263015136 ) ) ;
#3537 = ORIENTED_EDGE ( 'NONE', *, *, #1843, .T. ) ;
#3538 = B_SPLINE_CURVE_WITH_KNOTS ( 'NONE', 2,
 ( #3990, #2429, #1526 ),
 .UNSPECIFIED., .F., .F.,
 ( 3, 3 ),
 ( 0.6170516038548922166, 1.000000000000000000 ),
 .UNSPECIFIED. ) ;
#3539 = FACE_OUTER_BOUND ( 'NONE', #759, .T. ) ;
#3540 = DIRECTION ( 'NONE',  ( -0.000000000000000000, -0.000000000000000000, -1.000000000000000000 ) ) ;
#3541 = CARTESIAN_POINT ( 'NONE',  ( 40.60677961334561559, 0.007955120465067938573, -0.9516329057481888176 ) ) ;
#3542 = DIRECTION ( 'NONE',  ( -1.000000000000000000, 0.000000000000000000, 0.000000000000000000 ) ) ;
#3543 = VERTEX_POINT ( 'NONE', #307 ) ;
#3544 = EDGE_CURVE ( 'NONE', #3832, #3920, #3058, .T. ) ;
#3545 = AXIS2_PLACEMENT_3D ( 'NONE', #35, #2879, #2855 ) ;
#3546 = CARTESIAN_POINT ( 'NONE',  ( 29.20948204592048114, 8.961479275765617203, -21.85670886413236147 ) ) ;
#3547 = CARTESIAN_POINT ( 'NONE',  ( 30.73836270336547827, -1.375498958251631265, -0.8000000000000069278 ) ) ;
#3548 = ORIENTED_EDGE ( 'NONE', *, *, #1706, .F. ) ;
#3549 = DIRECTION ( 'NONE',  ( -0.9998626349648349620, 0.01657441405230465972, 0.000000000000000000 ) ) ;
#3550 = EDGE_LOOP ( 'NONE', ( #3203, #1018, #128, #3151 ) ) ;
#3551 = DIRECTION ( 'NONE',  ( -1.665393298452077782E-16, 1.025709229455379180E-18, 1.000000000000000000 ) ) ;
#3552 = EDGE_CURVE ( 'NONE', #381, #1077, #2531, .T. ) ;
#3553 = ORIENTED_EDGE ( 'NONE', *, *, #612, .T. ) ;
#3554 = CARTESIAN_POINT ( 'NONE',  ( 29.66137079404611754, 8.953988455571826321, -22.50555274077704837 ) ) ;
#3555 = EDGE_LOOP ( 'NONE', ( #3488, #3821, #1045, #2532 ) ) ;
#3556 = DIRECTION ( 'NONE',  ( 0.01657441405230463891, 0.9998626349648349620, -0.000000000000000000 ) ) ;
#3557 = VERTEX_POINT ( 'NONE', #373 ) ;
#3558 = DIRECTION ( 'NONE',  ( 1.000000000000000000, 0.000000000000000000, -2.220446049250313081E-16 ) ) ;
#3559 = LINE ( 'NONE', #3502, #2603 ) ;
#3560 = CARTESIAN_POINT ( 'NONE',  ( 40.56883358459370470, 0.04605763050168840134, -1.039031421789696097 ) ) ;
#3561 = FACE_OUTER_BOUND ( 'NONE', #314, .T. ) ;
#3562 = ORIENTED_EDGE ( 'NONE', *, *, #174, .T. ) ;
#3563 = PRODUCT ( 'Part12-Split1', 'Part12-Split1', '', ( #3668 ) ) ;
#3564 = CARTESIAN_POINT ( 'NONE',  ( 46.05609606107579879, 3.088113894226035328, -0.7459249826680447448 ) ) ;
#3565 = CARTESIAN_POINT ( 'NONE',  ( 29.46109986238636225, 0.006909506002096381383, -12.27921898938790157 ) ) ;
#3566 = FACE_OUTER_BOUND ( 'NONE', #992, .T. ) ;
#3567 = AXIS2_PLACEMENT_3D ( 'NONE', #761, #1428, #3281 ) ;
#3568 = EDGE_LOOP ( 'NONE', ( #1090, #3616, #3774, #425, #2894, #71, #2110, #3841, #3795, #409, #1599 ) ) ;
#3569 = CARTESIAN_POINT ( 'NONE',  ( 29.77320150544816002, 6.661811840717646760, -20.30007285814441786 ) ) ;
#3570 = CYLINDRICAL_SURFACE ( 'NONE', #396, 0.4999999999999985567 ) ;
#3571 = ORIENTED_EDGE ( 'NONE', *, *, #1668, .F. ) ;
#3572 = CARTESIAN_POINT ( 'NONE',  ( 29.60162008936701383, 8.483886367526462635, -22.18859493625798152 ) ) ;
#3573 = ORIENTED_EDGE ( 'NONE', *, *, #3187, .T. ) ;
#3574 = CARTESIAN_POINT ( 'NONE',  ( 31.03832149385491945, -2.370389269000775290, 0.2999999999999999889 ) ) ;
#3575 = ORIENTED_EDGE ( 'NONE', *, *, #1575, .F. ) ;
#3576 = FACE_OUTER_BOUND ( 'NONE', #2581, .T. ) ;
#3577 = CARTESIAN_POINT ( 'NONE',  ( 46.26952356825763246, 3.273591535754737158, -0.6999999999999999556 ) ) ;
#3578 = CARTESIAN_POINT ( 'NONE',  ( 40.83082201691703972, -0.1744939243178728061, -0.7450605989902696624 ) ) ;
#3579 = CARTESIAN_POINT ( 'NONE',  ( 29.77953532176178086, 8.850853730863622815, -22.31519312290037149 ) ) ;
#3580 = ORIENTED_EDGE ( 'NONE', *, *, #3516, .T. ) ;
#3581 = CARTESIAN_POINT ( 'NONE',  ( 31.03832149385491945, -2.370389269000775290, 0.2999999999999999889 ) ) ;
#3582 = CARTESIAN_POINT ( 'NONE',  ( 29.61131258595045423, 9.068592719327526197, -22.60281797911395785 ) ) ;
#3583 = ADVANCED_FACE ( 'NONE', ( #2342 ), #2586, .F. ) ;
#3584 = CARTESIAN_POINT ( 'NONE',  ( 51.16495597621619851, 9.297873703681396762, -1.184275066162314038 ) ) ;
#3585 = EDGE_CURVE ( 'NONE', #1682, #2004, #1986, .T. ) ;
#3586 = ORIENTED_EDGE ( 'NONE', *, *, #472, .F. ) ;
#3587 = AXIS2_PLACEMENT_3D ( 'NONE', #644, #3812, #2902 ) ;
#3588 = DIRECTION ( 'NONE',  ( 1.000000000000000000, 0.000000000000000000, 1.665393298452073591E-16 ) ) ;
#3589 = EDGE_CURVE ( 'NONE', #2480, #694, #2961, .T. ) ;
#3590 = CYLINDRICAL_SURFACE ( 'NONE', #3567, 0.4999999999999985567 ) ;
#3591 =( BOUNDED_CURVE ( )  B_SPLINE_CURVE ( 3, ( #4005, #2425, #3394, #1186 ),
 .UNSPECIFIED., .F., .T. ) 
 B_SPLINE_CURVE_WITH_KNOTS ( ( 4, 4 ),
 ( 5.268812940495203989, 6.223828424668647941 ),
 .UNSPECIFIED. ) 
 CURVE ( )  GEOMETRIC_REPRESENTATION_ITEM ( )  RATIONAL_B_SPLINE_CURVE ( ( 1.000000000000000000, 0.9254286931173270059, 0.9254286931173270059, 1.000000000000000000 ) ) 
 REPRESENTATION_ITEM ( '' )  );
#3592 = EDGE_CURVE ( 'NONE', #2436, #2166, #746, .T. ) ;
#3593 = ORIENTED_EDGE ( 'NONE', *, *, #1470, .F. ) ;
#3594 = CARTESIAN_POINT ( 'NONE',  ( 29.67300450814346391, 0.6018108741094038150, -11.37962395393648052 ) ) ;
#3595 = CARTESIAN_POINT ( 'NONE',  ( 29.60345764605445851, 8.594738206138266889, -22.26853755137988955 ) ) ;
#3596 = ORIENTED_EDGE ( 'NONE', *, *, #847, .F. ) ;
#3597 = DIRECTION ( 'NONE',  ( 0.01657441405230484707, 0.9998626349648348510, -4.132304650535057621E-17 ) ) ;
#3598 = ADVANCED_FACE ( 'NONE', ( #726 ), #1704, .F. ) ;
#3599 = B_SPLINE_SURFACE_WITH_KNOTS ( 'NONE', 2, 1, ( 
 ( #1981, #941 ),
 ( #2196, #2836 ),
 ( #3241, #3856 ) ),
 .UNSPECIFIED., .F., .F., .F.,
 ( 3, 3 ),
 ( 2, 2 ),
 ( 0.3935134650390837985, 0.9656990803894449638 ),
 ( 0.000000000000000000, 1.000000000000000000 ),
 .UNSPECIFIED. ) ;
#3600 = EDGE_LOOP ( 'NONE', ( #2157, #1488, #2496, #3993, #3596 ) ) ;
#3601 = DIRECTION ( 'NONE',  ( 0.01657441405230467013, 0.9998626349648350731, 1.734723475976807094E-18 ) ) ;
#3602 = CARTESIAN_POINT ( 'NONE',  ( 29.42213622111535187, -2.343598264957961863, -2.500000000000004441 ) ) ;
#3603 = CARTESIAN_POINT ( 'NONE',  ( 29.22216369412238279, -2.340283382147479330, -0.5000000000000032196 ) ) ;
#3604 = DIRECTION ( 'NONE',  ( -2.220446049250313081E-16, -9.860761315262647568E-32, -1.000000000000000000 ) ) ;
#3605 = ORIENTED_EDGE ( 'NONE', *, *, #3340, .F. ) ;
#3606 = EDGE_CURVE ( 'NONE', #2917, #3803, #3266, .T. ) ;
#3607 = EDGE_CURVE ( 'NONE', #3384, #812, #3001, .T. ) ;
#3608 = DIRECTION ( 'NONE',  ( -0.01657441405230579770, -0.9998626349648348510, -1.734723475976995836E-18 ) ) ;
#3609 = CARTESIAN_POINT ( 'NONE',  ( 29.67492890360045266, 9.166560309186138511, -22.26005441568530685 ) ) ;
#3610 = CARTESIAN_POINT ( 'NONE',  ( 30.05974497974183635, 6.647167883581976966, -20.29018020276336287 ) ) ;
#3611 = B_SPLINE_CURVE_WITH_KNOTS ( 'NONE', 3,
 ( #3970, #1153, #3034, #2115, #840, #1546, #3094, #3419, #2449, #1805, #2428, #3684, #1233, #2762, #4008, #1848, #860, #3358, #3397, #2779 ),
 .UNSPECIFIED., .F., .F.,
 ( 4, 2, 2, 2, 2, 2, 2, 2, 2, 4 ),
 ( -0.005475155950471257034, -0.004810864970005791601, -0.004146573989540327035, -0.003482283009074862035, -0.002817992028609396602, -0.001489410067678467037, -0.0001608281067475361703, 0.001167753854183393829, 0.002496335815114322960, 0.005153499736975957445 ),
 .UNSPECIFIED. ) ;
#3612 = ORIENTED_EDGE ( 'NONE', *, *, #1391, .F. ) ;
#3613 = AXIS2_PLACEMENT_3D ( 'NONE', #1835, #3711, #2122 ) ;
#3614 = EDGE_CURVE ( 'NONE', #3909, #2852, #1998, .T. ) ;
#3615 = CARTESIAN_POINT ( 'NONE',  ( 45.55983822428877517, 3.644929152054469768, -0.7636067882582067146 ) ) ;
#3616 = ORIENTED_EDGE ( 'NONE', *, *, #400, .T. ) ;
#3617 = CARTESIAN_POINT ( 'NONE',  ( 29.93550407257124490, 0.2482489929006060081, -11.78009954068492426 ) ) ;
#3618 = CARTESIAN_POINT ( 'NONE',  ( 29.55638897493903983, 5.755289078257224133, -19.48925470086114586 ) ) ;
#3619 = VERTEX_POINT ( 'NONE', #700 ) ;
#3620 = CARTESIAN_POINT ( 'NONE',  ( 48.87806865410586710, 6.835191899957789197, -0.6999999999999980682 ) ) ;
#3621 = VERTEX_POINT ( 'NONE', #2607 ) ;
#3622 = VECTOR ( 'NONE', #942, 100.0000000000000142 ) ;
#3623 = AXIS2_PLACEMENT_3D ( 'NONE', #285, #1561, #2814 ) ;
#3624 = CARTESIAN_POINT ( 'NONE',  ( 29.45289206297296403, -0.4882314940259307456, -1.300000000000003597 ) ) ;
#3625 = LINE ( 'NONE', #795, #171 ) ;
#3626 = CARTESIAN_POINT ( 'NONE',  ( 40.54985510992108999, 0.4726468949057769375, -1.180213750164890829 ) ) ;
#3627 = DIRECTION ( 'NONE',  ( 0.9998626349648348510, -0.01657441405230463891, 0.000000000000000000 ) ) ;
#3628 = ORIENTED_EDGE ( 'NONE', *, *, #3718, .T. ) ;
#3629 = CARTESIAN_POINT ( 'NONE',  ( 27.23884348098842878, -1.317488509068562408, 0.2999999999999999889 ) ) ;
#3630 = DIRECTION ( 'NONE',  ( 0.01657441405230463891, 0.9998626349648349620, -0.000000000000000000 ) ) ;
#3631 = FACE_OUTER_BOUND ( 'NONE', #1541, .T. ) ;
#3632 = DIRECTION ( 'NONE',  ( 0.01657441405230579770, 0.9998626349648348510, 1.734723475976998532E-18 ) ) ;
#3633 = ORIENTED_EDGE ( 'NONE', *, *, #1444, .F. ) ;
#3634 = CARTESIAN_POINT ( 'NONE',  ( 29.57959315461226169, 7.155096767207863806, -20.46425231158485047 ) ) ;
#3635 = CARTESIAN_POINT ( 'NONE',  ( 29.51582298185975262, 3.308118360655017298, -17.41895646210102200 ) ) ;
#3636 = EDGE_CURVE ( 'NONE', #1940, #2333, #3908, .T. ) ;
#3637 = CARTESIAN_POINT ( 'NONE',  ( 40.60339676773990192, 0.07141063089750780690, -1.200000000019092683 ) ) ;
#3638 = EDGE_CURVE ( 'NONE', #3958, #3909, #2898, .T. ) ;
#3639 = ORIENTED_EDGE ( 'NONE', *, *, #2331, .T. ) ;
#3640 = PLANE ( 'NONE',  #1285 ) ;
#3641 = CARTESIAN_POINT ( 'NONE',  ( 40.26215245205458615, 0.4735026994792420063, -0.9892716165645468740 ) ) ;
#3642 = EDGE_CURVE ( 'NONE', #694, #58, #2653, .T. ) ;
#3643 = DIRECTION ( 'NONE',  ( 0.9998626349648348510, -0.01657441405230465972, 3.341506680459168366E-16 ) ) ;
#3644 = CARTESIAN_POINT ( 'NONE',  ( 31.22188896405205938, -2.373432210252088836, -0.4999999999999986122 ) ) ;
#3645 = ORIENTED_EDGE ( 'NONE', *, *, #907, .F. ) ;
#3646 = EDGE_CURVE ( 'NONE', #58, #2291, #57, .T. ) ;
#3647 = CARTESIAN_POINT ( 'NONE',  ( 29.79476870922252374, 6.735454377352644073, -20.08127119336961997 ) ) ;
#3648 = CARTESIAN_POINT ( 'NONE',  ( 28.09988511733113725, -2.321679716840571839, -1.000000000000006661 ) ) ;
#3649 = CARTESIAN_POINT ( 'NONE',  ( 29.75402818089899526, 8.806955408310674471, -21.85714348110690963 ) ) ;
#3650 = ORIENTED_EDGE ( 'NONE', *, *, #3363, .F. ) ;
#3651 = CARTESIAN_POINT ( 'NONE',  ( 29.51325969068936317, 0.01648098890579890313, -12.05669338471223462 ) ) ;
#3652 = DIRECTION ( 'NONE',  ( 0.01657441405230463891, 0.9998626349648349620, -0.000000000000000000 ) ) ;
#3653 = VECTOR ( 'NONE', #1055, 100.0000000000000142 ) ;
#3654 = VERTEX_POINT ( 'NONE', #1967 ) ;
#3655 = CARTESIAN_POINT ( 'NONE',  ( 29.96516101514953689, 0.2477573789242166757, -11.84356860246805709 ) ) ;
#3656 = CARTESIAN_POINT ( 'NONE',  ( 29.51651404804489687, 0.6552494146773487627, -11.49999999999814015 ) ) ;
#3657 = LINE ( 'NONE', #871, #49 ) ;
#3658 = LINE ( 'NONE', #4001, #2954 ) ;
#3659 = ORIENTED_EDGE ( 'NONE', *, *, #54, .T. ) ;
#3660 = ADVANCED_FACE ( 'NONE', ( #36 ), #1600, .F. ) ;
#3661 = CARTESIAN_POINT ( 'NONE',  ( 49.16413588586898697, 5.930326206303922376, -0.4999999999999968914 ) ) ;
#3662 = VECTOR ( 'NONE', #3145, 100.0000000000000142 ) ;
#3663 = FACE_OUTER_BOUND ( 'NONE', #1855, .T. ) ;
#3664 = CARTESIAN_POINT ( 'NONE',  ( 28.16761433716045104, -2.334911114092379503, -1.000000000000006439 ) ) ;
#3665 = CARTESIAN_POINT ( 'NONE',  ( 51.16411115068007831, 8.597544170660041729, -0.4999999999999962808 ) ) ;
#3666 = PLANE ( 'NONE',  #2858 ) ;
#3667 = VECTOR ( 'NONE', #2655, 100.0000000000000142 ) ;
#3668 = PRODUCT_CONTEXT ( 'NONE', #1317, 'mechanical' ) ;
#3669 = CARTESIAN_POINT ( 'NONE',  ( 30.08942187719838657, 6.632588030256367340, -19.98891532737465937 ) ) ;
#3670 = VERTEX_POINT ( 'NONE', #1726 ) ;
#3671 = CARTESIAN_POINT ( 'NONE',  ( 45.33456488868646517, 2.493326978128878935, -0.7000000000000003997 ) ) ;
#3672 = EDGE_CURVE ( 'NONE', #1039, #3070, #2692, .T. ) ;
#3673 = MECHANICAL_DESIGN_GEOMETRIC_PRESENTATION_REPRESENTATION (  '', ( #2165 ), #3160 ) ;
#3674 = ORIENTED_EDGE ( 'NONE', *, *, #1083, .F. ) ;
#3675 = CARTESIAN_POINT ( 'NONE',  ( 50.76344319059204224, 9.286457888869110278, -1.216780417668076986 ) ) ;
#3676 = CARTESIAN_POINT ( 'NONE',  ( 30.07300747582644007, 9.308827798956054167, -22.24772025355663985 ) ) ;
#3677 = CARTESIAN_POINT ( 'NONE',  ( 51.17479413025235147, 9.297463250942374913, -1.199999999999996625 ) ) ;
#3678 = CARTESIAN_POINT ( 'NONE',  ( 29.96516101513376640, 0.2477573789244779945, -11.72997687891027319 ) ) ;
#3679 = ORIENTED_EDGE ( 'NONE', *, *, #1342, .F. ) ;
#3680 = AXIS2_PLACEMENT_3D ( 'NONE', #816, #2074, #3331 ) ;
#3681 = CARTESIAN_POINT ( 'NONE',  ( 29.78105284923472240, 6.745324698272700203, -20.09031526580934823 ) ) ;
#3682 = DIRECTION ( 'NONE',  ( -4.226547698092590360E-18, -2.549693222869526344E-16, 1.000000000000000000 ) ) ;
#3683 = CARTESIAN_POINT ( 'NONE',  ( 28.57475336820842315, -2.684110171109873821, -1.000000000000006661 ) ) ;
#3684 = CARTESIAN_POINT ( 'NONE',  ( 50.62873757320907941, 9.095455362270547184, -0.8601067286004783208 ) ) ;
#3685 = CARTESIAN_POINT ( 'NONE',  ( 29.60571985860492816, 8.731207694243591888, -22.36603401594316765 ) ) ;
#3686 = EDGE_CURVE ( 'NONE', #199, #1811, #792, .T. ) ;
#3687 = ADVANCED_FACE ( 'NONE', ( #767 ), #2672, .F. ) ;
#3688 = CARTESIAN_POINT ( 'NONE',  ( 29.02048592676135286, -2.439838267298876318, -1.467708857532948663 ) ) ;
#3689 = EDGE_LOOP ( 'NONE', ( #3059, #4023, #1042, #1141 ) ) ;
#3690 = CARTESIAN_POINT ( 'NONE',  ( 30.10799620482433170, 8.946584884095450718, -22.22026753681530664 ) ) ;
#3691 = VERTEX_POINT ( 'NONE', #2068 ) ;
#3692 = LINE ( 'NONE', #3451, #295 ) ;
#3693 = CYLINDRICAL_SURFACE ( 'NONE', #885, 0.4999999999999985567 ) ;
#3694 = CARTESIAN_POINT ( 'NONE',  ( 29.51495293980818602, 3.255632490840011606, -17.35602955787456025 ) ) ;
#3695 = ADVANCED_FACE ( 'NONE', ( #3324 ), #491, .T. ) ;
#3696 = LINE ( 'NONE', #3677, #2374 ) ;
#3697 = CARTESIAN_POINT ( 'NONE',  ( 49.27752137395131626, 6.422796374690702415, -0.6999999999999981792 ) ) ;
#3698 = ORIENTED_EDGE ( 'NONE', *, *, #2706, .F. ) ;
#3699 = DIRECTION ( 'NONE',  ( -0.9998626349648349620, 0.01657441405230474646, 0.000000000000000000 ) ) ;
#3700 = DIRECTION ( 'NONE',  ( 1.000000000000000000, 0.000000000000000000, 0.000000000000000000 ) ) ;
#3701 = FACE_BOUND ( 'NONE', #1557, .T. ) ;
#3702 = CARTESIAN_POINT ( 'NONE',  ( 29.52980122993776746, 4.147221655287334663, -17.44368426867221444 ) ) ;
#3703 = CARTESIAN_POINT ( 'NONE',  ( 31.22188896405205938, -2.373432210252088836, -0.4999999999999986122 ) ) ;
#3704 = ORIENTED_EDGE ( 'NONE', *, *, #699, .F. ) ;
#3705 = EDGE_CURVE ( 'NONE', #1853, #381, #1858, .T. ) ;
#3706 = CARTESIAN_POINT ( 'NONE',  ( 29.11429555651308121, 3.219290513521044783, -17.51027643837397108 ) ) ;
#3707 = EDGE_CURVE ( 'NONE', #2642, #3619, #3437, .T. ) ;
#3708 = CARTESIAN_POINT ( 'NONE',  ( 29.02219116712941371, -2.336968499337016780, -1.725857463464380848 ) ) ;
#3709 = VECTOR ( 'NONE', #2100, 100.0000000000000000 ) ;
#3710 = ORIENTED_EDGE ( 'NONE', *, *, #835, .T. ) ;
#3711 = DIRECTION ( 'NONE',  ( 0.01657441405230464931, 0.9998626349648349620, 3.469446951953613804E-18 ) ) ;
#3712 = EDGE_CURVE ( 'NONE', #900, #955, #2287, .T. ) ;
#3713 = VERTEX_POINT ( 'NONE', #2309 ) ;
#3714 = CIRCLE ( 'NONE', #1804, 0.2000000000000027589 ) ;
#3715 = CARTESIAN_POINT ( 'NONE',  ( 51.93437100625460090, 10.27478996622798668, -0.4999999999973823162 ) ) ;
#3716 = FACE_OUTER_BOUND ( 'NONE', #782, .T. ) ;
#3717 = CARTESIAN_POINT ( 'NONE',  ( 29.72188177001201481, 9.573737621904815143, -22.44147273967060485 ) ) ;
#3718 = EDGE_CURVE ( 'NONE', #2904, #2674, #1330, .T. ) ;
#3719 = CARTESIAN_POINT ( 'NONE',  ( 29.21835844898925671, 9.496954239366383277, -22.37895818625079869 ) ) ;
#3720 = CARTESIAN_POINT ( 'NONE',  ( 42.82639906484800463, 8.735755848471510987, -0.6999999999999996225 ) ) ;
#3721 = VERTEX_POINT ( 'NONE', #2662 ) ;
#3722 = AXIS2_PLACEMENT_3D ( 'NONE', #1771, #191, #2137 ) ;
#3723 = CARTESIAN_POINT ( 'NONE',  ( 29.99470278948739832, 6.652618872007244555, -20.00638353950308357 ) ) ;
#3724 = CARTESIAN_POINT ( 'NONE',  ( 29.60550229904452380, 6.326019628400195494, -19.68657327913052413 ) ) ;
#3725 = CARTESIAN_POINT ( 'NONE',  ( 29.52980122993776746, 4.149981806602214718, -17.29907655398483257 ) ) ;
#3726 = CARTESIAN_POINT ( 'NONE',  ( 30.83834896686196103, -1.377156399656861208, -1.000000000000007105 ) ) ;
#3727 = CYLINDRICAL_SURFACE ( 'NONE', #2790, 10.99999999999813660 ) ;
#3728 = ORIENTED_EDGE ( 'NONE', *, *, #246, .T. ) ;
#3729 = EDGE_CURVE ( 'NONE', #2015, #407, #1361, .T. ) ;
#3730 = EDGE_CURVE ( 'NONE', #2075, #3081, #3341, .T. ) ;
#3731 = CARTESIAN_POINT ( 'NONE',  ( 29.48608057976634811, 0.4924815345161230873, -11.10670159732920048 ) ) ;
#3732 = CARTESIAN_POINT ( 'NONE',  ( 27.68661175479890701, -1.824979717385858624, -1.000000000000006217 ) ) ;
#3733 = ORIENTED_EDGE ( 'NONE', *, *, #2259, .F. ) ;
#3734 = EDGE_CURVE ( 'NONE', #666, #2241, #2663, .T. ) ;
#3735 = CARTESIAN_POINT ( 'NONE',  ( 44.95531489403359160, 2.499613688148935697, -0.7000000000000005107 ) ) ;
#3736 = VERTEX_POINT ( 'NONE', #3584 ) ;
#3737 = ORIENTED_EDGE ( 'NONE', *, *, #2306, .T. ) ;
#3738 = CARTESIAN_POINT ( 'NONE',  ( 29.43109815211983360, -9.344708511468324375, -0.8250000000000035083 ) ) ;
#3739 = CYLINDRICAL_SURFACE ( 'NONE', #3099, 0.4999999999999985567 ) ;
#3740 = CARTESIAN_POINT ( 'NONE',  ( 31.22188896405206293, -2.373432210252088836, -0.7000000000000063949 ) ) ;
#3741 = CARTESIAN_POINT ( 'NONE',  ( 30.41441299041990476, -2.360046930458391756, -1.000000000000006883 ) ) ;
#3742 = CARTESIAN_POINT ( 'NONE',  ( 29.05294700898702231, -0.4816017284050085334, -1.300000000000003597 ) ) ;
#3743 = ORIENTED_EDGE ( 'NONE', *, *, #3211, .F. ) ;
#3744 = CIRCLE ( 'NONE', #2694, 21.35764531748080230 ) ;
#3745 = CARTESIAN_POINT ( 'NONE',  ( 49.16067685258733633, 6.333673546332420301, -1.134551451763502694 ) ) ;
#3746 = FACE_OUTER_BOUND ( 'NONE', #1229, .T. ) ;
#3747 = CARTESIAN_POINT ( 'NONE',  ( 29.64031987809511648, 3.253554321833741270, -17.10916841700934654 ) ) ;
#3748 = CARTESIAN_POINT ( 'NONE',  ( 48.60585049137159785, 6.550022023209918665, -0.7631151799820159454 ) ) ;
#3749 = CARTESIAN_POINT ( 'NONE',  ( 29.55638897493903983, 5.755289078257224133, -19.48925470086114586 ) ) ;
#3750 = VERTEX_POINT ( 'NONE', #1053 ) ;
#3751 = B_SPLINE_CURVE_WITH_KNOTS ( 'NONE', 3,
 ( #981, #638, #326, #2217, #2528, #960, #3478, #2548, #1002, #1910, #3172, #3784, #3805, #656, #1625, #1605, #3823, #347 ),
 .UNSPECIFIED., .F., .F.,
 ( 4, 2, 2, 2, 2, 2, 2, 2, 4 ),
 ( -0.005126606613573314250, -0.004493071938368928958, -0.003859537263164544534, -0.003226002587960159242, -0.002592467912755774817, -0.001325398562347130434, -5.832921193848518426E-05, 0.002475809488878803581, 0.005009948189696094081 ),
 .UNSPECIFIED. ) ;
#3752 = CARTESIAN_POINT ( 'NONE',  ( 30.06475631017730876, 8.960920565582954467, -22.24778209783181993 ) ) ;
#3753 = VECTOR ( 'NONE', #1765, 100.0000000000000142 ) ;
#3754 = CARTESIAN_POINT ( 'NONE',  ( 29.85034237596598317, 6.645866025219723916, -19.99773540573879416 ) ) ;
#3755 = B_SPLINE_CURVE_WITH_KNOTS ( 'NONE', 3,
 ( #2262, #553, #1815, #1885, #2173, #1265, #4083, #3782 ),
 .UNSPECIFIED., .F., .F.,
 ( 4, 2, 2, 4 ),
 ( 2.230712748000734402E-15, 0.001519284838113878298, 0.002278927257169701803, 0.003038569676225524874 ),
 .UNSPECIFIED. ) ;
#3756 = EDGE_LOOP ( 'NONE', ( #166, #55, #1471, #3650, #720, #3965, #3760, #2140 ) ) ;
#3757 = CARTESIAN_POINT ( 'NONE',  ( 49.26849197523915080, 6.411646406265929521, -0.4999999999999975020 ) ) ;
#3758 = VERTEX_POINT ( 'NONE', #3219 ) ;
#3759 = ADVANCED_FACE ( 'NONE', ( #1382 ), #2929, .F. ) ;
#3760 = ORIENTED_EDGE ( 'NONE', *, *, #3705, .T. ) ;
#3761 = CARTESIAN_POINT ( 'NONE',  ( 29.02219116712941371, -2.336968499337038985, -2.500000000000004441 ) ) ;
#3762 = CARTESIAN_POINT ( 'NONE',  ( 1.731060659212134094E-16, -2.353388759751703139E-17, -0.5000000000000136557 ) ) ;
#3763 = ADVANCED_FACE ( 'NONE', ( #3566 ), #3851, .F. ) ;
#3764 = DIRECTION ( 'NONE',  ( -0.01657441405230608913, -0.9998626349648349620, 0.000000000000000000 ) ) ;
#3765 = LINE ( 'NONE', #595, #787 ) ;
#3766 = DIRECTION ( 'NONE',  ( -1.665393298452077782E-16, 1.025709229455379565E-18, 1.000000000000000000 ) ) ;
#3767 = CIRCLE ( 'NONE', #2649, 0.4999999999999985567 ) ;
#3768 = ORIENTED_EDGE ( 'NONE', *, *, #88, .F. ) ;
#3769 = EDGE_CURVE ( 'NONE', #3557, #3181, #443, .T. ) ;
#3770 = CARTESIAN_POINT ( 'NONE',  ( 0.004050427652226690732, 0.2443447624941094964, -1.200000000000016165 ) ) ;
#3771 = CARTESIAN_POINT ( 'NONE',  ( 29.32161017843620954, 3.658892427641530887, -16.66641791636913439 ) ) ;
#3772 = CARTESIAN_POINT ( 'NONE',  ( 29.62102918974303734, 9.654753354620073225, -22.50000000000000000 ) ) ;
#3773 = CARTESIAN_POINT ( 'NONE',  ( 30.82194391006612832, -2.366802444631167290, -0.8000000000000069278 ) ) ;
#3774 = ORIENTED_EDGE ( 'NONE', *, *, #2268, .T. ) ;
#3775 = CARTESIAN_POINT ( 'NONE',  ( 50.78914507386361521, 9.323227338051538027, -1.057680118422637427 ) ) ;
#3776 = DIRECTION ( 'NONE',  ( -1.000000000000000000, 0.000000000000000000, 0.000000000000000000 ) ) ;
#3777 = VERTEX_POINT ( 'NONE', #111 ) ;
#3778 = CARTESIAN_POINT ( 'NONE',  ( 29.02219116712941371, -2.336968499337038985, -2.500000000000004441 ) ) ;
#3779 = AXIS2_PLACEMENT_3D ( 'NONE', #3277, #462, #383 ) ;
#3780 = ORIENTED_EDGE ( 'NONE', *, *, #1937, .F. ) ;
#3781 = ORIENTED_EDGE ( 'NONE', *, *, #1411, .T. ) ;
#3782 = CARTESIAN_POINT ( 'NONE',  ( 40.78935794662711345, 0.7043388805884038817, -0.7754253836860133253 ) ) ;
#3783 = PLANE ( 'NONE',  #546 ) ;
#3784 = CARTESIAN_POINT ( 'NONE',  ( 51.29598605696394031, 9.234329805737404584, -0.8598680036727247566 ) ) ;
#3785 = CARTESIAN_POINT ( 'NONE',  ( 29.99984436305698310, -2.511363585282667898, -1.000000000000006883 ) ) ;
#3786 = CARTESIAN_POINT ( 'NONE',  ( 29.42213622111535187, -2.343598264957979627, 3.155808947497007545E-15 ) ) ;
#3787 = ORIENTED_EDGE ( 'NONE', *, *, #3062, .F. ) ;
#3788 = CIRCLE ( 'NONE', #2873, 21.75764531748080444 ) ;
#3789 = PLANE ( 'NONE',  #1302 ) ;
#3790 = CARTESIAN_POINT ( 'NONE',  ( 45.84190424054542490, 2.906450311533736119, -0.9310047289394458581 ) ) ;
#3791 = CARTESIAN_POINT ( 'NONE',  ( 50.73176923724148679, 8.379831103244516299, -0.6999999999999971800 ) ) ;
#3792 = ADVANCED_FACE ( 'NONE', ( #3890 ), #1115, .T. ) ;
#3793 = DIRECTION ( 'NONE',  ( 0.9998626349648349620, -0.01657441405230464931, 0.000000000000000000 ) ) ;
#3794 = CARTESIAN_POINT ( 'NONE',  ( 30.23782383506047466, -2.357119666576611650, -1.300000000000007372 ) ) ;
#3795 = ORIENTED_EDGE ( 'NONE', *, *, #1413, .F. ) ;
#3796 = VECTOR ( 'NONE', #740, 100.0000000000000142 ) ;
#3797 = EDGE_CURVE ( 'NONE', #3199, #3721, #984, .T. ) ;
#3798 = CARTESIAN_POINT ( 'NONE',  ( 29.51561560321371402, 3.295608104858647192, -17.40407204481119052 ) ) ;
#3799 = ORIENTED_EDGE ( 'NONE', *, *, #2423, .F. ) ;
#3800 = CARTESIAN_POINT ( 'NONE',  ( 50.02560852304197425, 7.346089305902586908, -0.6999999999999976241 ) ) ;
#3801 = AXIS2_PLACEMENT_3D ( 'NONE', #1180, #958, #4016 ) ;
#3802 = ORIENTED_EDGE ( 'NONE', *, *, #3211, .T. ) ;
#3803 = VERTEX_POINT ( 'NONE', #1736 ) ;
#3804 = CARTESIAN_POINT ( 'NONE',  ( 41.07028422781502286, 1.718624920656745436, -0.7000000000000019540 ) ) ;
#3805 = CARTESIAN_POINT ( 'NONE',  ( 51.31640525517597951, 9.266354813438420379, -0.8397780223249381448 ) ) ;
#3806 = DIRECTION ( 'NONE',  ( 2.220446049250313081E-16, 9.860761315262647568E-32, 1.000000000000000000 ) ) ;
#3807 = ORIENTED_EDGE ( 'NONE', *, *, #3734, .F. ) ;
#3808 = AXIS2_PLACEMENT_3D ( 'NONE', #3844, #1436, #3045 ) ;
#3809 = CARTESIAN_POINT ( 'NONE',  ( 49.15955813270959140, 6.330457043866786648, -1.167001920150938510 ) ) ;
#3810 = CARTESIAN_POINT ( 'NONE',  ( 29.26525717065837640, 0.2593594687610915606, -0.5000000000000032196 ) ) ;
#3811 = LINE ( 'NONE', #1253, #1492 ) ;
#3812 = DIRECTION ( 'NONE',  ( -0.01657441405230464238, -0.9998626349648349620, -1.734723475976807480E-18 ) ) ;
#3813 = DIRECTION ( 'NONE',  ( 0.01657441405230484707, 0.9998626349648348510, 2.550043509685906922E-16 ) ) ;
#3814 = ORIENTED_EDGE ( 'NONE', *, *, #3585, .T. ) ;
#3815 = CARTESIAN_POINT ( 'NONE',  ( 29.60924696550294044, 8.943982781577165753, -22.51604313739728269 ) ) ;
#3816 = ADVANCED_FACE ( 'NONE', ( #149 ), #1425, .F. ) ;
#3817 = AXIS2_PLACEMENT_3D ( 'NONE', #143, #1438, #3627 ) ;
#3818 = ORIENTED_EDGE ( 'NONE', *, *, #1213, .F. ) ;
#3819 = DIRECTION ( 'NONE',  ( -0.9998626349648349620, 0.01657441405230466666, 0.000000000000000000 ) ) ;
#3820 = VERTEX_POINT ( 'NONE', #691 ) ;
#3821 = ORIENTED_EDGE ( 'NONE', *, *, #3937, .T. ) ;
#3822 = CARTESIAN_POINT ( 'NONE',  ( 29.70019432750141419, 8.953344889849674360, -22.45196240726954429 ) ) ;
#3823 = CARTESIAN_POINT ( 'NONE',  ( 51.55407693924261991, 9.644965758754983298, -0.7117764695181829637 ) ) ;
#3824 = CARTESIAN_POINT ( 'NONE',  ( 40.95158518503508560, -0.2134148962845804631, -0.6999999999998293143 ) ) ;
#3825 = ORIENTED_EDGE ( 'NONE', *, *, #2912, .T. ) ;
#3826 = EDGE_CURVE ( 'NONE', #727, #2892, #2402, .T. ) ;
#3827 = CARTESIAN_POINT ( 'NONE',  ( 29.52980122993776746, 4.147221655287334663, -17.44368426867221444 ) ) ;
#3828 = DIRECTION ( 'NONE',  ( 1.000000000000000000, 0.000000000000000000, 1.665393298452073591E-16 ) ) ;
#3829 = DIRECTION ( 'NONE',  ( 0.01657441405230466319, 0.9998626349648349620, 1.734723475976807094E-18 ) ) ;
#3830 = DIRECTION ( 'NONE',  ( 0.9998626349648348510, -0.01657441405230463891, 3.469446951953554531E-16 ) ) ;
#3831 = FACE_BOUND ( 'NONE', #1074, .T. ) ;
#3832 = VERTEX_POINT ( 'NONE', #4028 ) ;
#3833 = FACE_OUTER_BOUND ( 'NONE', #19, .T. ) ;
#3834 = ADVANCED_FACE ( 'NONE', ( #861 ), #3666, .F. ) ;
#3835 = ORIENTED_EDGE ( 'NONE', *, *, #1155, .T. ) ;
#3836 = FACE_OUTER_BOUND ( 'NONE', #1918, .T. ) ;
#3837 = ORIENTED_EDGE ( 'NONE', *, *, #3544, .F. ) ;
#3838 = VERTEX_POINT ( 'NONE', #1463 ) ;
#3839 = CARTESIAN_POINT ( 'NONE',  ( 29.81070761583387707, 8.951512945205690741, -22.73229765668425628 ) ) ;
#3840 = CARTESIAN_POINT ( 'NONE',  ( 30.06460749944761091, 6.246933188713488683, -20.28977609426087270 ) ) ;
#3841 = ORIENTED_EDGE ( 'NONE', *, *, #989, .F. ) ;
#3842 = EDGE_CURVE ( 'NONE', #100, #3345, #1472, .T. ) ;
#3843 = LINE ( 'NONE', #1025, #3914 ) ;
#3844 = CARTESIAN_POINT ( 'NONE',  ( 0.1184138846131285033, 7.143396943751471717, 1.239352081296894652E-17 ) ) ;
#3845 = CARTESIAN_POINT ( 'NONE',  ( 40.65798182647907311, -0.04167332459458036181, -0.8772707840112867750 ) ) ;
#3846 = CYLINDRICAL_SURFACE ( 'NONE', #842, 0.1750000000000029310 ) ;
#3847 = EDGE_LOOP ( 'NONE', ( #2214, #1579, #1636, #2085, #2354, #2341 ) ) ;
#3848 = CARTESIAN_POINT ( 'NONE',  ( 29.85762690830329902, 3.677400594415233037, -16.70255539357406604 ) ) ;
#3849 = DIRECTION ( 'NONE',  ( -1.000000000000000000, 0.000000000000000000, -3.382917932875483327E-16 ) ) ;
#3850 = EDGE_CURVE ( 'NONE', #2831, #3924, #1132, .T. ) ;
#3851 = PLANE ( 'NONE',  #3057 ) ;
#3852 = CIRCLE ( 'NONE', #2078, 0.1750000000000029310 ) ;
#3853 = VERTEX_POINT ( 'NONE', #1788 ) ;
#3854 = CARTESIAN_POINT ( 'NONE',  ( 29.57952447209468616, 7.146809560181840659, -20.78179387253660693 ) ) ;
#3855 = VERTEX_POINT ( 'NONE', #2722 ) ;
#3856 = CARTESIAN_POINT ( 'NONE',  ( 29.20948204594411735, 8.961479277191921611, -21.97078005274589074 ) ) ;
#3857 = VERTEX_POINT ( 'NONE', #210 ) ;
#3858 = CARTESIAN_POINT ( 'NONE',  ( 29.67091486620192242, 8.953830246435554585, -22.49790099810751798 ) ) ;
#3859 = ORIENTED_EDGE ( 'NONE', *, *, #3473, .F. ) ;
#3860 = CARTESIAN_POINT ( 'NONE',  ( 41.03935267508379070, 0.06418392448355278446, -0.8384762972922198410 ) ) ;
#3861 = ORIENTED_EDGE ( 'NONE', *, *, #3217, .F. ) ;
#3862 = DIRECTION ( 'NONE',  ( -2.220446049250313081E-16, 0.000000000000000000, -1.000000000000000000 ) ) ;
#3863 = LINE ( 'NONE', #1047, #1809 ) ;
#3864 = DIRECTION ( 'NONE',  ( 0.01657441405230463891, 0.9998626349648349620, -0.000000000000000000 ) ) ;
#3865 = CARTESIAN_POINT ( 'NONE',  ( 29.57189324557678489, 6.690594594587635946, -20.79008107972050112 ) ) ;
#3866 = ORIENTED_EDGE ( 'NONE', *, *, #4060, .T. ) ;
#3867 = VECTOR ( 'NONE', #3404, 100.0000000000000000 ) ;
#3868 = LINE ( 'NONE', #2351, #2025 ) ;
#3869 = CARTESIAN_POINT ( 'NONE',  ( 46.27954025300284968, 3.877854750882866242, -0.6999999999999997335 ) ) ;
#3870 = DIRECTION ( 'NONE',  ( 0.01657441405230463891, 0.9998626349648349620, -0.000000000000000000 ) ) ;
#3871 = EDGE_LOOP ( 'NONE', ( #828, #37, #2708, #3474 ) ) ;
#3872 = CARTESIAN_POINT ( 'NONE',  ( 31.22188896405206293, -2.373432210252088836, -1.300000000000007372 ) ) ;
#3873 = ORIENTED_EDGE ( 'NONE', *, *, #4069, .T. ) ;
#3874 = CARTESIAN_POINT ( 'NONE',  ( 30.06460749944761091, 6.246933188713487795, -19.48925470086114586 ) ) ;
#3875 = ORIENTED_EDGE ( 'NONE', *, *, #1093, .T. ) ;
#3876 = CARTESIAN_POINT ( 'NONE',  ( 29.99005229368043501, 8.948540003878795446, -22.56854567505996556 ) ) ;
#3877 = ORIENTED_EDGE ( 'NONE', *, *, #2299, .T. ) ;
#3878 = EDGE_CURVE ( 'NONE', #1774, #2480, #3054, .T. ) ;
#3879 = CARTESIAN_POINT ( 'NONE',  ( 49.10898578509949886, 5.931240412489066749, 1.633259418717722833E-14 ) ) ;
#3880 = ORIENTED_EDGE ( 'NONE', *, *, #1111, .T. ) ;
#3881 = ADVANCED_FACE ( 'NONE', ( #3971 ), #2082, .F. ) ;
#3882 = DIRECTION ( 'NONE',  ( 0.01657441405230466666, 0.9998626349648349620, 1.734723475976807480E-18 ) ) ;
#3883 = DIRECTION ( 'NONE',  ( -0.01657441405230579770, -0.9998626349648348510, -3.469446951953803700E-18 ) ) ;
#3884 = CARTESIAN_POINT ( 'NONE',  ( 31.03832149385492656, -1.380471282467322203, -1.300000000000007150 ) ) ;
#3885 = CARTESIAN_POINT ( 'NONE',  ( 27.68661175479890701, -1.824979717385858624, -1.300000000000006262 ) ) ;
#3886 = ORIENTED_EDGE ( 'NONE', *, *, #1263, .T. ) ;
#3887 = EDGE_CURVE ( 'NONE', #2480, #817, #3201, .T. ) ;
#3888 = CARTESIAN_POINT ( 'NONE',  ( 30.69523220694630439, -3.977375058421833032, -0.8000000000000075939 ) ) ;
#3889 = DIRECTION ( 'NONE',  ( 0.9998626349648349620, -0.01657441405230474646, 0.000000000000000000 ) ) ;
#3890 = FACE_OUTER_BOUND ( 'NONE', #791, .T. ) ;
#3891 = EDGE_CURVE ( 'NONE', #2436, #3043, #1935, .T. ) ;
#3892 = ORIENTED_EDGE ( 'NONE', *, *, #415, .F. ) ;
#3893 = EDGE_CURVE ( 'NONE', #3263, #2291, #3538, .T. ) ;
#3894 = PLANE ( 'NONE',  #3976 ) ;
#3895 = CARTESIAN_POINT ( 'NONE',  ( 45.37029156054220635, 3.494441370285926496, -0.8979192884013196263 ) ) ;
#3896 = B_SPLINE_CURVE_WITH_KNOTS ( 'NONE', 3,
 ( #3431, #2526, #611, #1245 ),
 .UNSPECIFIED., .F., .F.,
 ( 4, 4 ),
 ( 0.000000000000000000, 0.0002934485326546918110 ),
 .UNSPECIFIED. ) ;
#3897 = ORIENTED_EDGE ( 'NONE', *, *, #3638, .F. ) ;
#3898 = B_SPLINE_CURVE_WITH_KNOTS ( 'NONE', 3,
 ( #3794, #3198, #584, #3505, #3135, #2226, #1849, #991, #3117, #4075, #665, #1933 ),
 .UNSPECIFIED., .F., .F.,
 ( 4, 2, 2, 2, 2, 4 ),
 ( 0.000000000000000000, 0.002224976934176418116, 0.003337465401264706755, 0.004449953868352995827, 0.006674930802529419581, 0.008899907736705844202 ),
 .UNSPECIFIED. ) ;
#3899 = CARTESIAN_POINT ( 'NONE',  ( 29.27188693627929439, 0.6593045227470255565, -0.5000000000000032196 ) ) ;
#3900 = CARTESIAN_POINT ( 'NONE',  ( 45.62835096448771566, 2.729626136949673487, -0.7615164212502949503 ) ) ;
#3901 = ORIENTED_EDGE ( 'NONE', *, *, #3037, .T. ) ;
#3902 = DIRECTION ( 'NONE',  ( -0.9998626349648350731, 0.01657441405230465278, 0.000000000000000000 ) ) ;
#3903 = ORIENTED_EDGE ( 'NONE', *, *, #46, .T. ) ;
#3904 = CARTESIAN_POINT ( 'NONE',  ( 29.42213622111535187, -2.343598264957961863, -2.500000000000004441 ) ) ;
#3905 = DIRECTION ( 'NONE',  ( -0.9998626349648348510, 0.01657441405230465972, -3.469446951953554531E-16 ) ) ;
#3906 = CARTESIAN_POINT ( 'NONE',  ( 29.07191440928634663, 0.6626194055574862185, -11.49818166789215645 ) ) ;
#3907 = DIRECTION ( 'NONE',  ( -0.01657441405230463891, -0.9998626349648349620, 0.000000000000000000 ) ) ;
#3908 = CIRCLE ( 'NONE', #478, 0.5000000000000001110 ) ;
#3909 = VERTEX_POINT ( 'NONE', #1174 ) ;
#3910 = ADVANCED_FACE ( 'NONE', ( #3631 ), #542, .F. ) ;
#3911 = CARTESIAN_POINT ( 'NONE',  ( 46.11343848352746022, 3.137502671539881050, -0.7238188272920270672 ) ) ;
#3912 = CARTESIAN_POINT ( 'NONE',  ( 30.09899179283047133, 9.269936225970765165, -22.24688247531409147 ) ) ;
#3913 = CARTESIAN_POINT ( 'NONE',  ( 40.24039004699012878, 0.07742808117825478176, -0.9071067811865505259 ) ) ;
#3914 = VECTOR ( 'NONE', #3928, 100.0000000000000000 ) ;
#3915 = ORIENTED_EDGE ( 'NONE', *, *, #429, .F. ) ;
#3916 = AXIS2_PLACEMENT_3D ( 'NONE', #1613, #601, #1867 ) ;
#3917 = LINE ( 'NONE', #3017, #2111 ) ;
#3918 = VECTOR ( 'NONE', #4027, 100.0000000000000142 ) ;
#3919 = B_SPLINE_CURVE_WITH_KNOTS ( 'NONE', 2,
 ( #1773, #194, #2409 ),
 .UNSPECIFIED., .F., .F.,
 ( 3, 3 ),
 ( 0.9832991604359855309, 1.000000000000000000 ),
 .UNSPECIFIED. ) ;
#3920 = VERTEX_POINT ( 'NONE', #3076 ) ;
#3921 = VECTOR ( 'NONE', #2404, 100.0000000000000000 ) ;
#3922 = CARTESIAN_POINT ( 'NONE',  ( 29.50171627748390790, 0.5114615934273070152, -11.15408144681245339 ) ) ;
#3923 = DIRECTION ( 'NONE',  ( -3.382917932875482834E-16, -2.470467893844505313E-16, 1.000000000000000000 ) ) ;
#3924 = VERTEX_POINT ( 'NONE', #1211 ) ;
#3925 = CARTESIAN_POINT ( 'NONE',  ( 29.41754729455481510, -2.620428334968876616, -1.318539949699647496 ) ) ;
#3926 = B_SPLINE_SURFACE_WITH_KNOTS ( 'NONE', 2, 1, ( 
 ( #2901, #3177 ),
 ( #1686, #332 ),
 ( #40, #729 ) ),
 .UNSPECIFIED., .F., .F., .F.,
 ( 3, 3 ),
 ( 2, 2 ),
 ( 0.9834053267784964580, 1.000000000000000000 ),
 ( 0.000000000000000000, 1.000000000000000000 ),
 .UNSPECIFIED. ) ;
#3927 = ORIENTED_EDGE ( 'NONE', *, *, #2430, .T. ) ;
#3928 = DIRECTION ( 'NONE',  ( 0.000000000000000000, 0.000000000000000000, 1.000000000000000000 ) ) ;
#3929 = CARTESIAN_POINT ( 'NONE',  ( 50.75213648583756054, 8.604373347424306928, -1.216780417668076986 ) ) ;
#3930 = CARTESIAN_POINT ( 'NONE',  ( 41.00749275737234001, -0.1862050267496058176, -0.7007086584819024466 ) ) ;
#3931 = CARTESIAN_POINT ( 'NONE',  ( 41.92834321751641369, -2.120232104899134384, -0.9335907573130864945 ) ) ;
#3932 = ORIENTED_EDGE ( 'NONE', *, *, #3769, .F. ) ;
#3933 = DIRECTION ( 'NONE',  ( -0.9998626349648349620, 0.01657441405230474646, 0.000000000000000000 ) ) ;
#3934 = CARTESIAN_POINT ( 'NONE',  ( 29.61478324912959081, 9.277962801432598994, -22.26212039979890633 ) ) ;
#3935 = DIRECTION ( 'NONE',  ( 0.9998626349648348510, -0.01657441405230463891, 0.000000000000000000 ) ) ;
#3936 = VERTEX_POINT ( 'NONE', #2780 ) ;
#3937 = EDGE_CURVE ( 'NONE', #1511, #3349, #1190, .T. ) ;
#3938 = LINE ( 'NONE', #114, #1066 ) ;
#3939 = ORIENTED_EDGE ( 'NONE', *, *, #2142, .F. ) ;
#3940 = EDGE_CURVE ( 'NONE', #2232, #1811, #1545, .T. ) ;
#3941 = CARTESIAN_POINT ( 'NONE',  ( 29.62102918974303734, 9.654753354620073225, -23.00000000000000355 ) ) ;
#3942 = CARTESIAN_POINT ( 'NONE',  ( 45.77175446266352310, 3.386629261935739876, -1.179371013862488882 ) ) ;
#3943 = CARTESIAN_POINT ( 'NONE',  ( 40.48634198056216604, 0.07335101194750875964, -0.6999999999997992273 ) ) ;
#3944 = ORIENTED_EDGE ( 'NONE', *, *, #2597, .T. ) ;
#3945 = AXIS2_PLACEMENT_3D ( 'NONE', #468, #3923, #1431 ) ;
#3946 = CARTESIAN_POINT ( 'NONE',  ( 44.96360210105974886, 2.999545005631353511, -1.200000000000000400 ) ) ;
#3947 = CARTESIAN_POINT ( 'NONE',  ( 30.10935841738883667, 8.946562303118541948, -22.25672608094550853 ) ) ;
#3948 = CARTESIAN_POINT ( 'NONE',  ( 29.02219116712941371, -2.336968499337022998, -2.500000000000004441 ) ) ;
#3949 = DIRECTION ( 'NONE',  ( -0.9998626349648348510, 0.01657441405230463544, 2.282530889443096024E-16 ) ) ;
#3950 = EDGE_LOOP ( 'NONE', ( #3628, #3101, #1585, #1553, #2502, #3265 ) ) ;
#3951 = B_SPLINE_CURVE_WITH_KNOTS ( 'NONE', 3,
 ( #600, #2864, #2202, #1544, #3747, #2468, #2884, #1847, #3178, #3460 ),
 .UNSPECIFIED., .F., .F.,
 ( 4, 2, 2, 2, 4 ),
 ( 6.898634220914125738E-14, 0.001671017305307306248, 0.003342034610545626446, 0.005013051915783946211, 0.006684069221022266409 ),
 .UNSPECIFIED. ) ;
#3952 = CARTESIAN_POINT ( 'NONE',  ( 30.07123726506853600, 6.646878242699420625, -20.00215235425145011 ) ) ;
#3953 = FACE_OUTER_BOUND ( 'NONE', #2872, .T. ) ;
#3954 = CARTESIAN_POINT ( 'NONE',  ( 29.74235230381168549, 8.795315834750907058, -21.84784424283396120 ) ) ;
#3955 = CARTESIAN_POINT ( 'NONE',  ( 45.46073405852188642, 3.565841746326559925, -0.8199678713846343392 ) ) ;
#3956 = ORIENTED_EDGE ( 'NONE', *, *, #2909, .F. ) ;
#3957 = CARTESIAN_POINT ( 'NONE',  ( 29.51494521224122991, 3.255166320184295525, -17.35546929993360266 ) ) ;
#3958 = VERTEX_POINT ( 'NONE', #563 ) ;
#3959 = EDGE_LOOP ( 'NONE', ( #336, #3326, #3553, #1744, #1592, #3927 ) ) ;
#3960 = DIRECTION ( 'NONE',  ( 0.01657441405230464931, 0.9998626349648349620, 3.469446951953613418E-18 ) ) ;
#3961 = CARTESIAN_POINT ( 'NONE',  ( 0.1117841189922068185, 6.743451889765537999, -0.5000000000000138778 ) ) ;
#3962 = CARTESIAN_POINT ( 'NONE',  ( 48.66331438322081482, 6.614661267728491723, -0.7503696306707394736 ) ) ;
#3963 = B_SPLINE_CURVE_WITH_KNOTS ( 'NONE', 3,
 ( #2071, #1745, #529, #1816, #2127, #1143, #162, #3310, #1796, #219, #1435, #2441 ),
 .UNSPECIFIED., .F., .F.,
 ( 4, 2, 2, 2, 2, 4 ),
 ( 0.000000000000000000, 0.001805735249474693009, 0.003611470498949386019, 0.004514338123686747160, 0.005417205748424107868, 0.007222940997898746017 ),
 .UNSPECIFIED. ) ;
#3964 = CARTESIAN_POINT ( 'NONE',  ( 49.16689890726792811, 6.117321876983767837, -0.6333379531981635502 ) ) ;
#3965 = ORIENTED_EDGE ( 'NONE', *, *, #1116, .T. ) ;
#3966 = CARTESIAN_POINT ( 'NONE',  ( 29.72819705709908078, 3.747068201427037337, -16.79108721724890785 ) ) ;
#3967 = CARTESIAN_POINT ( 'NONE',  ( 51.43443968877217287, 10.28307717325414039, -0.6999999999999964029 ) ) ;
#3968 = DIRECTION ( 'NONE',  ( 0.01657441405230467013, 0.9998626349648350731, 1.734723475976807094E-18 ) ) ;
#3969 = AXIS2_PLACEMENT_3D ( 'NONE', #3773, #2205, #1133 ) ;
#3970 = CARTESIAN_POINT ( 'NONE',  ( 50.76344319059204224, 9.286457888869110278, -1.216780417668076986 ) ) ;
#3971 = FACE_OUTER_BOUND ( 'NONE', #367, .T. ) ;
#3972 = EDGE_CURVE ( 'NONE', #4078, #914, #350, .T. ) ;
#3973 = CARTESIAN_POINT ( 'NONE',  ( 45.51932591234911030, 3.612493046654535966, -0.7839057079569851094 ) ) ;
#3974 = EDGE_LOOP ( 'NONE', ( #3645, #6, #434, #3304, #702 ) ) ;
#3975 = CARTESIAN_POINT ( 'NONE',  ( 29.57959315461226524, 7.155096767207995256, 3.169069830047966363E-15 ) ) ;
#3976 = AXIS2_PLACEMENT_3D ( 'NONE', #2426, #3682, #2719 ) ;
#3977 = ORIENTED_EDGE ( 'NONE', *, *, #3406, .T. ) ;
#3978 =( BOUNDED_CURVE ( )  B_SPLINE_CURVE ( 3, ( #1907, #1515, #571, #3170 ),
 .UNSPECIFIED., .F., .F. ) 
 B_SPLINE_CURVE_WITH_KNOTS ( ( 4, 4 ),
 ( 1.570796326794891895, 1.587371499803889474 ),
 .UNSPECIFIED. ) 
 CURVE ( )  GEOMETRIC_REPRESENTATION_ITEM ( )  RATIONAL_B_SPLINE_CURVE ( ( 1.000000000000000000, 0.9999771054343515875, 0.9999771054343515875, 1.000000000000000000 ) ) 
 REPRESENTATION_ITEM ( '' )  );
#3979 = LINE ( 'NONE', #242, #3064 ) ;
#3980 = DIRECTION ( 'NONE',  ( -0.9998626349648348510, 0.01657441405230576301, -3.469446951953555517E-16 ) ) ;
#3981 = CARTESIAN_POINT ( 'NONE',  ( 48.77836892838771377, 6.745414175186215111, -0.7062642777398754346 ) ) ;
#3982 = CARTESIAN_POINT ( 'NONE',  ( 40.52347592407304688, 0.07273545403623046801, -1.199822049480608666 ) ) ;
#3983 = VERTEX_POINT ( 'NONE', #1277 ) ;
#3984 = EDGE_CURVE ( 'NONE', #3518, #3736, #406, .T. ) ;
#3985 = CARTESIAN_POINT ( 'NONE',  ( 30.31904579061175298, -1.868616763265141367, -1.300000000000007150 ) ) ;
#3986 = CIRCLE ( 'NONE', #2220, 19.50215235425126181 ) ;
#3987 = CARTESIAN_POINT ( 'NONE',  ( 29.61019713784543939, 9.001302564853174815, -22.55799077579186118 ) ) ;
#3988 = CYLINDRICAL_SURFACE ( 'NONE', #2956, 0.4999999999999985567 ) ;
#3989 = LINE ( 'NONE', #2536, #358 ) ;
#3990 = CARTESIAN_POINT ( 'NONE',  ( 40.27037592089061491, 0.4769859681717054101, -0.4999999999999995559 ) ) ;
#3991 = VECTOR ( 'NONE', #1314, 100.0000000000000142 ) ;
#3992 = DIRECTION ( 'NONE',  ( 1.665393298452077782E-16, -1.025709229455375713E-18, -1.000000000000000000 ) ) ;
#3993 = ORIENTED_EDGE ( 'NONE', *, *, #364, .T. ) ;
#3994 = VECTOR ( 'NONE', #683, 100.0000000000000000 ) ;
#3995 = CARTESIAN_POINT ( 'NONE',  ( 29.53544491381692794, 0.04146936133515709277, -12.01742479175530143 ) ) ;
#3996 = ORIENTED_EDGE ( 'NONE', *, *, #2451, .T. ) ;
#3997 = CARTESIAN_POINT ( 'NONE',  ( 28.46095761166079186, -48.26055042504044934, -0.5000000000000014433 ) ) ;
#3998 = DIRECTION ( 'NONE',  ( 0.01657441405230464584, 0.9998626349648350731, 1.734723475976807094E-18 ) ) ;
#3999 = CARTESIAN_POINT ( 'NONE',  ( 29.68608220240750484, 9.653674990923356347, -22.50000000000000000 ) ) ;
#4000 = CARTESIAN_POINT ( 'NONE',  ( 29.57189324557678489, 6.690594594587635946, -20.79008107972050112 ) ) ;
#4001 = CARTESIAN_POINT ( 'NONE',  ( 29.45289206297297468, -0.4882314940259307456, -10.97664068296517392 ) ) ;
#4002 = ORIENTED_EDGE ( 'NONE', *, *, #2476, .F. ) ;
#4003 = EDGE_CURVE ( 'NONE', #3750, #2592, #742, .T. ) ;
#4004 = EDGE_CURVE ( 'NONE', #763, #1467, #2495, .T. ) ;
#4005 = CARTESIAN_POINT ( 'NONE',  ( 40.78935794662711345, 0.7043388805884038817, -0.7754253836860133253 ) ) ;
#4006 = FACE_OUTER_BOUND ( 'NONE', #2401, .T. ) ;
#4007 = DIRECTION ( 'NONE',  ( -2.220446049250313081E-16, -9.860761315262647568E-32, -1.000000000000000000 ) ) ;
#4008 = CARTESIAN_POINT ( 'NONE',  ( 50.53492018350853243, 8.964166463413087982, -0.7825255447327523761 ) ) ;
#4009 = DIRECTION ( 'NONE',  ( -2.220446049250313081E-16, -9.860761315262647568E-32, -1.000000000000000000 ) ) ;
#4010 = CARTESIAN_POINT ( 'NONE',  ( 30.02151402291161730, 3.647290337804918181, -16.66641791636914149 ) ) ;
#4011 = CARTESIAN_POINT ( 'NONE',  ( 51.16776951974824073, 9.035034894794218729, -0.9564200617904331514 ) ) ;
#4012 = EDGE_CURVE ( 'NONE', #3621, #1345, #3152, .T. ) ;
#4013 = ORIENTED_EDGE ( 'NONE', *, *, #2701, .F. ) ;
#4014 = CARTESIAN_POINT ( 'NONE',  ( 29.47821409566914141, -0.01782040749446248823, -12.14694623329599033 ) ) ;
#4015 = ORIENTED_EDGE ( 'NONE', *, *, #2608, .F. ) ;
#4016 = DIRECTION ( 'NONE',  ( 0.9998626349648294109, -0.01657441405264604636, 0.000000000000000000 ) ) ;
#4017 = EDGE_CURVE ( 'NONE', #3407, #1349, #1464, .T. ) ;
#4018 = CARTESIAN_POINT ( 'NONE',  ( 29.96516101513378061, 0.2477573789244778835, -11.72997687890920204 ) ) ;
#4019 = FACE_OUTER_BOUND ( 'NONE', #1891, .T. ) ;
#4020 = PLANE ( 'NONE',  #922 ) ;
#4021 = CARTESIAN_POINT ( 'NONE',  ( 50.27832435838303127, 8.612227584705326677, -0.7006682098132330783 ) ) ;
#4022 = EDGE_CURVE ( 'NONE', #2269, #1084, #1491, .T. ) ;
#4023 = ORIENTED_EDGE ( 'NONE', *, *, #1281, .F. ) ;
#4024 = CARTESIAN_POINT ( 'NONE',  ( 29.53832603198531359, 4.039971737380422923, -17.16221802439183719 ) ) ;
#4025 = CARTESIAN_POINT ( 'NONE',  ( 29.56254280510919230, 6.126523007230184170, -19.48925470086116363 ) ) ;
#4026 = LINE ( 'NONE', #859, #3348 ) ;
#4027 = DIRECTION ( 'NONE',  ( -0.01657441405230484707, -0.9998626349648348510, -2.550043509685906922E-16 ) ) ;
#4028 = CARTESIAN_POINT ( 'NONE',  ( 44.96666634055321765, 3.184397306558728324, -0.7000000000000003997 ) ) ;
#4029 = VERTEX_POINT ( 'NONE', #968 ) ;
#4030 = ADVANCED_FACE ( 'NONE', ( #3487 ), #3727, .F. ) ;
#4031 = CARTESIAN_POINT ( 'NONE',  ( 29.53723284555643147, 0.5416523707240171737, -11.22932474130687908 ) ) ;
#4032 = CARTESIAN_POINT ( 'NONE',  ( 29.01867865259697865, -2.548863292400202152, -1.360626336088723409 ) ) ;
#4033 = VECTOR ( 'NONE', #3398, 100.0000000000000000 ) ;
#4034 = ORIENTED_EDGE ( 'NONE', *, *, #1727, .T. ) ;
#4035 = EDGE_LOOP ( 'NONE', ( #432, #3078, #610, #112, #1054, #825, #999, #1960 ) ) ;
#4036 = ORIENTED_EDGE ( 'NONE', *, *, #2087, .T. ) ;
#4037 = FACE_OUTER_BOUND ( 'NONE', #1912, .T. ) ;
#4038 = CARTESIAN_POINT ( 'NONE',  ( 51.93437100625460090, 10.27478996622798668, -0.4999999999999986122 ) ) ;
#4039 = DIRECTION ( 'NONE',  ( 0.9998626349648349620, -0.01657441405230455217, 0.000000000000000000 ) ) ;
#4040 = CARTESIAN_POINT ( 'NONE',  ( 30.37946592577736737, -2.359467623762609101, -1.000000000000006883 ) ) ;
#4041 = CARTESIAN_POINT ( 'NONE',  ( 40.78935794662711345, 0.7043388805884038817, -0.7754253836860133253 ) ) ;
#4042 = ORIENTED_EDGE ( 'NONE', *, *, #1421, .F. ) ;
#4043 = AXIS2_PLACEMENT_3D ( 'NONE', #2847, #2209, #3163 ) ;
#4044 = LINE ( 'NONE', #1230, #3276 ) ;
#4045 = CARTESIAN_POINT ( 'NONE',  ( 29.92778596196827934, 6.615405748724134227, -19.97009449814561677 ) ) ;
#4046 = CARTESIAN_POINT ( 'NONE',  ( 29.56250849944965253, 3.654899130585147038, -16.66641791636912373 ) ) ;
#4047 = DIRECTION ( 'NONE',  ( 0.000000000000000000, -0.000000000000000000, 1.000000000000000000 ) ) ;
#4048 = CARTESIAN_POINT ( 'NONE',  ( 51.16478839485137087, 9.297711587609139627, -1.189514827772171879 ) ) ;
#4049 = ORIENTED_EDGE ( 'NONE', *, *, #215, .F. ) ;
#4050 = CARTESIAN_POINT ( 'NONE',  ( 30.00466508474633542, 8.774395396342933751, -22.24942490790193617 ) ) ;
#4051 = EDGE_CURVE ( 'NONE', #1379, #900, #3420, .T. ) ;
#4052 = CARTESIAN_POINT ( 'NONE',  ( 29.84869146017683406, -2.350669139397241203, -1.000000000000006439 ) ) ;
#4053 = EDGE_CURVE ( 'NONE', #1334, #1661, #2555, .T. ) ;
#4054 = ORIENTED_EDGE ( 'NONE', *, *, #3036, .F. ) ;
#4055 = EDGE_CURVE ( 'NONE', #2241, #1853, #3898, .T. ) ;
#4056 = CARTESIAN_POINT ( 'NONE',  ( 29.26525717065837640, 0.2593594687610915606, -0.5000000000000032196 ) ) ;
#4057 = ORIENTED_EDGE ( 'NONE', *, *, #4012, .T. ) ;
#4058 = B_SPLINE_CURVE_WITH_KNOTS ( 'NONE', 3,
 ( #1204, #532, #222, #575 ),
 .UNSPECIFIED., .F., .F.,
 ( 4, 4 ),
 ( 1.110358541625920598E-16, 0.001999999999999860830 ),
 .UNSPECIFIED. ) ;
#4059 = VECTOR ( 'NONE', #3351, 100.0000000000000142 ) ;
#4060 = EDGE_CURVE ( 'NONE', #2852, #817, #359, .T. ) ;
#4061 = ORIENTED_EDGE ( 'NONE', *, *, #1530, .F. ) ;
#4062 = PRESENTATION_LAYER_ASSIGNMENT (  '', '', ( #2165 ) ) ;
#4063 = CARTESIAN_POINT ( 'NONE',  ( 51.93437100625460090, 10.27478996622798668, -0.6999999999999962919 ) ) ;
#4064 = CARTESIAN_POINT ( 'NONE',  ( 40.24572841237873178, 0.4665809341019984124, -1.233333333333342274 ) ) ;
#4065 = CARTESIAN_POINT ( 'NONE',  ( 29.96516101513376640, 0.2477573789244773006, -10.97664068296517392 ) ) ;
#4066 = EDGE_CURVE ( 'NONE', #2829, #1084, #1635, .T. ) ;
#4067 = CARTESIAN_POINT ( 'NONE',  ( 40.32804856955544892, 0.5014675194959505866, -1.042063443148836255 ) ) ;
#4068 = ORIENTED_EDGE ( 'NONE', *, *, #4022, .F. ) ;
#4069 = EDGE_CURVE ( 'NONE', #318, #1983, #3448, .T. ) ;
#4070 = CARTESIAN_POINT ( 'NONE',  ( 29.85827735167583796, 3.618679293468999969, -16.62495576934057695 ) ) ;
#4071 = DIRECTION ( 'NONE',  ( -1.665680818703648634E-16, -7.087759561701499957E-19, 1.000000000000000000 ) ) ;
#4072 = LINE ( 'NONE', #3196, #3142 ) ;
#4073 =( LENGTH_UNIT ( ) NAMED_UNIT ( * ) SI_UNIT ( .CENTI., .METRE. ) );
#4074 = PLANE ( 'NONE',  #3587 ) ;
#4075 = CARTESIAN_POINT ( 'NONE',  ( 29.54221487901713772, -2.589060118754383577, -1.300000000000007372 ) ) ;
#4076 = ORIENTED_EDGE ( 'NONE', *, *, #835, .F. ) ;
#4077 = CARTESIAN_POINT ( 'NONE',  ( 45.46303412731425908, 2.991266075201659991, -1.222340780251642611 ) ) ;
#4078 = VERTEX_POINT ( 'NONE', #152 ) ;
#4079 = CARTESIAN_POINT ( 'NONE',  ( 29.80536256539098616, 9.324425887578524197, -22.25614879436781379 ) ) ;
#4080 = ORIENTED_EDGE ( 'NONE', *, *, #4004, .T. ) ;
#4081 = ORIENTED_EDGE ( 'NONE', *, *, #3457, .F. ) ;
#4082 = EDGE_CURVE ( 'NONE', #3654, #1035, #544, .T. ) ;
#4083 = CARTESIAN_POINT ( 'NONE',  ( 40.80975225549342866, 0.7135871782628226967, -0.7628376344425729094 ) ) ;
#4084 = DIRECTION ( 'NONE',  ( -1.000000000000000000, 0.000000000000000000, -3.462121318424173032E-16 ) ) ;
#4085 = CYLINDRICAL_SURFACE ( 'NONE', #1239, 0.4999999999999999445 ) ;
#4086 = CYLINDRICAL_SURFACE ( 'NONE', #3366, 0.4999999999999985567 ) ;
#4087 = CARTESIAN_POINT ( 'NONE',  ( 44.96666634055321765, 3.184397306558728324, -0.7000000000000003997 ) ) ;
#4088 = AXIS2_PLACEMENT_3D ( 'NONE', #909, #2766, #1810 ) ;
#4089 = ORIENTED_EDGE ( 'NONE', *, *, #3168, .T. ) ;
ENDSEC;
END-ISO-10303-21;
