ISO-10303-21;
HEADER;
FILE_DESCRIPTION (( 'STEP AP214' ),
    '1' );
FILE_NAME ('Part3.STEP',
    '2026-07-01T20:05:37',
    ( '' ),
    ( '' ),
    'SwSTEP 2.0',
    'SolidWorks 2026',
    '' );
FILE_SCHEMA (( 'AUTOMOTIVE_DESIGN' ));
ENDSEC;

DATA;
#1 = AXIS2_PLACEMENT_3D ( 'NONE', #1185, #8, #1076 ) ;
#2 = DIRECTION ( 'NONE',  ( 0.000000000000000000, 0.000000000000000000, 1.000000000000000000 ) ) ;
#3 = ORIENTED_EDGE ( 'NONE', *, *, #1303, .T. ) ;
#4 = DIRECTION ( 'NONE',  ( 0.000000000000000000, 1.000000000000000000, 0.000000000000000000 ) ) ;
#5 = DIRECTION ( 'NONE',  ( 0.000000000000000000, 0.000000000000000000, 1.000000000000000000 ) ) ;
#6 = DIRECTION ( 'NONE',  ( 0.000000000000000000, 0.000000000000000000, 1.000000000000000000 ) ) ;
#7 = CLOSED_SHELL ( 'NONE', ( #655, #778, #1134, #1022, #1257, #718, #691, #449, #1199, #993, #992, #637, #342, #880, #839, #152, #1343, #443, #758, #72, #1109, #974, #288, #684, #552, #111, #779, #137, #170, #848, #676, #1006, #409, #1342, #1093, #1370, #369, #907, #242 ) ) ;
#8 = DIRECTION ( 'NONE',  ( 0.000000000000000000, 1.000000000000000000, 0.000000000000000000 ) ) ;
#9 = CARTESIAN_POINT ( 'NONE',  ( 33.58923933336897960, 3.715624698707424844, -9.266169862570947657 ) ) ;
#10 = EDGE_CURVE ( 'NONE', #398, #1299, #66, .T. ) ;
#11 = ORIENTED_EDGE ( 'NONE', *, *, #629, .F. ) ;
#12 = CARTESIAN_POINT ( 'NONE',  ( 36.50000000000000000, 7.100000000000000533, 11.75000000000000355 ) ) ;
#13 = LINE ( 'NONE', #660, #31 ) ;
#14 = VECTOR ( 'NONE', #109, 1000.000000000000000 ) ;
#15 = DIRECTION ( 'NONE',  ( 0.000000000000000000, 0.000000000000000000, -1.000000000000000000 ) ) ;
#16 = CARTESIAN_POINT ( 'NONE',  ( 33.81054440740673783, 5.247169773623745925, -8.612767141746543231 ) ) ;
#17 = VERTEX_POINT ( 'NONE', #842 ) ;
#18 = DIRECTION ( 'NONE',  ( 0.000000000000000000, 1.000000000000000000, 0.000000000000000000 ) ) ;
#19 = CARTESIAN_POINT ( 'NONE',  ( 36.50000000000000000, 3.099999999999999645, -10.00000000000000000 ) ) ;
#20 =( GEOMETRIC_REPRESENTATION_CONTEXT ( 3 ) GLOBAL_UNCERTAINTY_ASSIGNED_CONTEXT ( ( #103 ) ) GLOBAL_UNIT_ASSIGNED_CONTEXT ( ( #279, #1339, #40 ) ) REPRESENTATION_CONTEXT ( 'NONE', 'WORKASPACE' ) );
#21 = DIRECTION ( 'NONE',  ( 0.000000000000000000, 1.000000000000000000, 0.000000000000000000 ) ) ;
#22 = DIRECTION ( 'NONE',  ( -1.000000000000000000, 0.000000000000000000, 1.652117596168387756E-16 ) ) ;
#23 = CARTESIAN_POINT ( 'NONE',  ( 32.50000000000007105, 6.099999999999955236, -7.171842643844866139 ) ) ;
#24 = EDGE_LOOP ( 'NONE', ( #1165, #108, #805, #1376 ) ) ;
#25 = CARTESIAN_POINT ( 'NONE',  ( 62.50000000000000000, 6.099999999999999645, 15.00000000000000000 ) ) ;
#26 = DIRECTION ( 'NONE',  ( 0.000000000000000000, 0.000000000000000000, -1.000000000000000000 ) ) ;
#27 = EDGE_CURVE ( 'NONE', #305, #209, #1219, .T. ) ;
#28 = EDGE_CURVE ( 'NONE', #967, #360, #29, .T. ) ;
#29 = CIRCLE ( 'NONE', #1354, 3.000000000000000000 ) ;
#30 = CARTESIAN_POINT ( 'NONE',  ( 71.50000000000000000, 9.099999999999999645, -19.00000000000000355 ) ) ;
#31 = VECTOR ( 'NONE', #1097, 1000.000000000000000 ) ;
#32 = CARTESIAN_POINT ( 'NONE',  ( 34.19138429068092222, 5.439638498992102278, -11.96963434619835098 ) ) ;
#33 = ORIENTED_EDGE ( 'NONE', *, *, #487, .T. ) ;
#34 = DIRECTION ( 'NONE',  ( 0.000000000000000000, 0.000000000000000000, 1.000000000000000000 ) ) ;
#35 = AXIS2_PLACEMENT_3D ( 'NONE', #1217, #675, #897 ) ;
#36 = EDGE_CURVE ( 'NONE', #77, #372, #212, .T. ) ;
#37 = CIRCLE ( 'NONE', #219, 3.000000000000000888 ) ;
#38 = PLANE ( 'NONE',  #504 ) ;
#39 = ORIENTED_EDGE ( 'NONE', *, *, #96, .F. ) ;
#40 =( NAMED_UNIT ( * ) SI_UNIT ( $, .STERADIAN. ) SOLID_ANGLE_UNIT ( ) );
#41 = CARTESIAN_POINT ( 'NONE',  ( 33.58922480164315516, 3.715645026128092887, 10.73379813153631623 ) ) ;
#42 = CARTESIAN_POINT ( 'NONE',  ( 33.95460379091978353, 3.303031343476335646, -11.59115151187936910 ) ) ;
#43 = ORIENTED_EDGE ( 'NONE', *, *, #320, .F. ) ;
#44 = CARTESIAN_POINT ( 'NONE',  ( 32.49999999999999289, 6.099999999999999645, 9.570611241340255759 ) ) ;
#45 = CARTESIAN_POINT ( 'NONE',  ( 71.50000000000000000, 9.099999999999999645, 18.99999999999999645 ) ) ;
#46 = FACE_OUTER_BOUND ( 'NONE', #1361, .T. ) ;
#47 = VERTEX_POINT ( 'NONE', #867 ) ;
#48 = CIRCLE ( 'NONE', #281, 2.999999999999999112 ) ;
#49 = CARTESIAN_POINT ( 'NONE',  ( 33.58923933336901513, 3.715624698707424844, 9.266169862570771798 ) ) ;
#50 = CYLINDRICAL_SURFACE ( 'NONE', #835, 3.000000000000000888 ) ;
#51 = CARTESIAN_POINT ( 'NONE',  ( 35.50000000000000000, 6.099999999999999645, 16.00000000000000355 ) ) ;
#52 = CARTESIAN_POINT ( 'NONE',  ( 33.86960928085365197, 5.264904857683062822, -11.50138548500367719 ) ) ;
#53 = ORIENTED_EDGE ( 'NONE', *, *, #1075, .T. ) ;
#54 = CARTESIAN_POINT ( 'NONE',  ( 60.75000000000000000, 6.099999999999999645, 0.000000000000000000 ) ) ;
#55 = CIRCLE ( 'NONE', #485, 3.000000000000000888 ) ;
#56 = CARTESIAN_POINT ( 'NONE',  ( 36.50000000000000000, 7.100000000000000533, -10.00000000000000000 ) ) ;
#57 = DIRECTION ( 'NONE',  ( -0.000000000000000000, -1.000000000000000000, -0.000000000000000000 ) ) ;
#58 = ORIENTED_EDGE ( 'NONE', *, *, #278, .F. ) ;
#59 = CARTESIAN_POINT ( 'NONE',  ( 33.67944048943079594, 3.581683630545910546, -11.04137667609397333 ) ) ;
#60 = CARTESIAN_POINT ( 'NONE',  ( 33.70423590948303172, 5.222643990512787937, 8.859762308990987378 ) ) ;
#61 = CARTESIAN_POINT ( 'NONE',  ( 35.50000000000001421, 9.099999999999999645, 19.00000000000000355 ) ) ;
#62 = CARTESIAN_POINT ( 'NONE',  ( 36.50000000000000000, 3.099999999999999645, -3.999999999999998224 ) ) ;
#63 = EDGE_CURVE ( 'NONE', #467, #419, #861, .T. ) ;
#64 = ORIENTED_EDGE ( 'NONE', *, *, #487, .F. ) ;
#65 = ORIENTED_EDGE ( 'NONE', *, *, #481, .T. ) ;
#66 = CIRCLE ( 'NONE', #389, 1.750000000000003331 ) ;
#67 = LINE ( 'NONE', #731, #469 ) ;
#68 = ORIENTED_EDGE ( 'NONE', *, *, #1068, .T. ) ;
#69 = DIRECTION ( 'NONE',  ( 0.000000000000000000, 0.000000000000000000, 1.000000000000000000 ) ) ;
#70 = STYLED_ITEM ( 'NONE', ( #232 ), #1038 ) ;
#71 = CARTESIAN_POINT ( 'NONE',  ( 32.49999999999999289, 6.099999999999999645, 14.47213595499957783 ) ) ;
#72 = ADVANCED_FACE ( 'NONE', ( #100 ), #106, .F. ) ;
#73 = ORIENTED_EDGE ( 'NONE', *, *, #638, .F. ) ;
#74 = ORIENTED_EDGE ( 'NONE', *, *, #1240, .F. ) ;
#75 = CARTESIAN_POINT ( 'NONE',  ( 36.50000000000000000, 6.099999999999999645, 16.00000000000000000 ) ) ;
#76 = AXIS2_PLACEMENT_3D ( 'NONE', #236, #120, #1306 ) ;
#77 = VERTEX_POINT ( 'NONE', #124 ) ;
#78 = DIRECTION ( 'NONE',  ( 0.000000000000000000, 1.000000000000000000, 0.000000000000000000 ) ) ;
#79 = TOROIDAL_SURFACE ( 'NONE', #556, 6.000000000000001776, 3.000000000000000000 ) ;
#80 = CARTESIAN_POINT ( 'NONE',  ( 36.50000000000000000, 7.100000000000000533, 10.00000000000000000 ) ) ;
#81 = FACE_BOUND ( 'NONE', #291, .T. ) ;
#82 = ORIENTED_EDGE ( 'NONE', *, *, #528, .F. ) ;
#83 = DIRECTION ( 'NONE',  ( 0.000000000000000000, 1.000000000000000000, 0.000000000000000000 ) ) ;
#84 = CARTESIAN_POINT ( 'NONE',  ( 33.94351267477232170, 3.302256369019894056, -8.416131543203375642 ) ) ;
#85 = EDGE_CURVE ( 'NONE', #756, #1221, #427, .T. ) ;
#86 = EDGE_LOOP ( 'NONE', ( #1025, #142, #175, #1161, #522, #65, #39, #391, #148, #413, #1032, #3, #1309, #355, #703, #686 ) ) ;
#87 = CARTESIAN_POINT ( 'NONE',  ( 34.51737936569986687, 5.891447144378090250, 12.25161259751822840 ) ) ;
#88 = VERTEX_POINT ( 'NONE', #881 ) ;
#89 = PRODUCT_DEFINITION_FORMATION_WITH_SPECIFIED_SOURCE ( 'ANY', '', #1294, .NOT_KNOWN. ) ;
#90 = DIRECTION ( 'NONE',  ( 0.000000000000000000, 0.000000000000000000, -1.000000000000000000 ) ) ;
#91 = AXIS2_PLACEMENT_3D ( 'NONE', #494, #235, #689 ) ;
#92 = EDGE_LOOP ( 'NONE', ( #1326, #1215, #948, #538 ) ) ;
#93 = CARTESIAN_POINT ( 'NONE',  ( 34.33260438352735378, 3.099999999999998757, -7.913655213527541754 ) ) ;
#94 = VERTEX_POINT ( 'NONE', #544 ) ;
#95 = CARTESIAN_POINT ( 'NONE',  ( 33.80360783250959145, 3.441140267793362906, 11.31913972212023545 ) ) ;
#96 = EDGE_CURVE ( 'NONE', #904, #630, #557, .T. ) ;
#97 = EDGE_CURVE ( 'NONE', #309, #192, #325, .T. ) ;
#98 = CARTESIAN_POINT ( 'NONE',  ( 36.50000000000000000, 2.100000000000000089, -10.00000000000000000 ) ) ;
#99 =( GEOMETRIC_REPRESENTATION_CONTEXT ( 3 ) GLOBAL_UNCERTAINTY_ASSIGNED_CONTEXT ( ( #562 ) ) GLOBAL_UNIT_ASSIGNED_CONTEXT ( ( #984, #348, #773 ) ) REPRESENTATION_CONTEXT ( 'NONE', 'WORKASPACE' ) );
#100 = FACE_OUTER_BOUND ( 'NONE', #1301, .T. ) ;
#101 = CARTESIAN_POINT ( 'NONE',  ( 33.61691722026098006, 3.673703022338282498, -9.164083479635980467 ) ) ;
#102 = EDGE_LOOP ( 'NONE', ( #598, #1394, #1387, #988 ) ) ;
#103 = UNCERTAINTY_MEASURE_WITH_UNIT (LENGTH_MEASURE( 1.000000000000000082E-05 ), #279, 'distance_accuracy_value', 'NONE');
#104 = CARTESIAN_POINT ( 'NONE',  ( 32.49999999999999289, 6.099999999999998757, 13.87114360239024791 ) ) ;
#105 = DIRECTION ( 'NONE',  ( 0.000000000000000000, 1.000000000000000000, 0.000000000000000000 ) ) ;
#106 = PLANE ( 'NONE',  #743 ) ;
#107 = CARTESIAN_POINT ( 'NONE',  ( 34.51731960994388970, 5.892164225350152940, -7.748440850103164301 ) ) ;
#108 = ORIENTED_EDGE ( 'NONE', *, *, #1007, .T. ) ;
#109 = DIRECTION ( 'NONE',  ( -0.000000000000000000, -0.000000000000000000, 1.000000000000000000 ) ) ;
#110 = CARTESIAN_POINT ( 'NONE',  ( 74.50000000000000000, 6.099999999999999645, 18.99999999999999645 ) ) ;
#111 = ADVANCED_FACE ( 'NONE', ( #1089 ), #985, .F. ) ;
#112 = VECTOR ( 'NONE', #1034, 1000.000000000000000 ) ;
#113 = CARTESIAN_POINT ( 'NONE',  ( 71.50000000000000000, 9.099999999999999645, -16.00000000000000355 ) ) ;
#114 = TOROIDAL_SURFACE ( 'NONE', #653, 6.000000000000001776, 3.000000000000000000 ) ;
#115 = CARTESIAN_POINT ( 'NONE',  ( 64.25000000000000000, 2.099999999999999645, 15.00000000000000000 ) ) ;
#116 = EDGE_LOOP ( 'NONE', ( #1065, #230, #287, #11 ) ) ;
#117 = LINE ( 'NONE', #448, #789 ) ;
#118 = FACE_OUTER_BOUND ( 'NONE', #571, .T. ) ;
#119 = DIRECTION ( 'NONE',  ( 0.000000000000000000, 1.000000000000000000, 0.000000000000000000 ) ) ;
#120 = DIRECTION ( 'NONE',  ( 0.000000000000000000, 1.000000000000000000, 0.000000000000000000 ) ) ;
#121 = ORIENTED_EDGE ( 'NONE', *, *, #1029, .T. ) ;
#122 = CARTESIAN_POINT ( 'NONE',  ( 32.49999999999999289, 6.099999999999999645, 19.00000000000000355 ) ) ;
#123 = EDGE_LOOP ( 'NONE', ( #940, #501 ) ) ;
#124 = CARTESIAN_POINT ( 'NONE',  ( 36.50000000000000000, 6.099999999999999645, -16.00000000000000000 ) ) ;
#125 = CYLINDRICAL_SURFACE ( 'NONE', #1122, 1.750000000000001554 ) ;
#126 = FACE_OUTER_BOUND ( 'NONE', #1104, .T. ) ;
#127 = ORIENTED_EDGE ( 'NONE', *, *, #1391, .F. ) ;
#128 = DIRECTION ( 'NONE',  ( 0.000000000000000000, 1.000000000000000000, 0.000000000000000000 ) ) ;
#129 = EDGE_CURVE ( 'NONE', #665, #360, #55, .T. ) ;
#130 = EDGE_CURVE ( 'NONE', #911, #904, #314, .T. ) ;
#131 = SURFACE_STYLE_FILL_AREA ( #757 ) ;
#132 = DIRECTION ( 'NONE',  ( 0.000000000000000000, 0.000000000000000000, 1.000000000000000000 ) ) ;
#133 = CARTESIAN_POINT ( 'NONE',  ( 32.49999999999999289, 6.099999999999999645, -9.570611241340255759 ) ) ;
#134 = EDGE_LOOP ( 'NONE', ( #315, #74, #1081, #1384 ) ) ;
#135 = DIRECTION ( 'NONE',  ( 0.000000000000000000, 1.000000000000000000, 0.000000000000000000 ) ) ;
#136 = DIRECTION ( 'NONE',  ( 0.000000000000000000, -0.000000000000000000, 1.000000000000000000 ) ) ;
#137 = ADVANCED_FACE ( 'NONE', ( #216 ), #438, .T. ) ;
#138 = EDGE_CURVE ( 'NONE', #1150, #412, #642, .T. ) ;
#139 = VECTOR ( 'NONE', #1200, 1000.000000000000000 ) ;
#140 = VECTOR ( 'NONE', #1395, 1000.000000000000000 ) ;
#141 = CARTESIAN_POINT ( 'NONE',  ( 36.50000000000000000, 2.100000000000000089, -11.75000000000000355 ) ) ;
#142 = ORIENTED_EDGE ( 'NONE', *, *, #585, .T. ) ;
#143 = DIRECTION ( 'NONE',  ( 0.000000000000000000, 0.000000000000000000, 1.000000000000000000 ) ) ;
#144 = DIRECTION ( 'NONE',  ( 0.000000000000000000, 1.000000000000000000, 0.000000000000000000 ) ) ;
#145 = CIRCLE ( 'NONE', #938, 3.000000000000000888 ) ;
#146 = AXIS2_PLACEMENT_3D ( 'NONE', #416, #78, #207 ) ;
#147 = CARTESIAN_POINT ( 'NONE',  ( 32.49999999999999289, 6.099999999999998757, -13.35920661777077889 ) ) ;
#148 = ORIENTED_EDGE ( 'NONE', *, *, #1190, .T. ) ;
#149 = ORIENTED_EDGE ( 'NONE', *, *, #1362, .T. ) ;
#150 = CARTESIAN_POINT ( 'NONE',  ( 33.94983350268293520, 3.297029823370837498, 8.405828258810071674 ) ) ;
#151 = DIRECTION ( 'NONE',  ( 0.000000000000000000, -1.000000000000000000, 0.000000000000000000 ) ) ;
#152 = ADVANCED_FACE ( 'NONE', ( #964 ), #1191, .T. ) ;
#153 = CARTESIAN_POINT ( 'NONE',  ( 34.33960473046779782, 3.100000014933589121, -12.09260608712243190 ) ) ;
#154 = EDGE_LOOP ( 'NONE', ( #645, #1174, #899, #673 ) ) ;
#155 = CARTESIAN_POINT ( 'NONE',  ( 34.34016913105254076, 3.100000014458556663, 7.906889097647959552 ) ) ;
#156 = AXIS2_PLACEMENT_3D ( 'NONE', #80, #1144, #1251 ) ;
#157 = CARTESIAN_POINT ( 'NONE',  ( 36.50000000000000000, 7.100000000000000533, -10.00000000000000000 ) ) ;
#158 = CARTESIAN_POINT ( 'NONE',  ( 32.49999999999995026, 6.100000000000028955, -12.06831203192503743 ) ) ;
#159 = ORIENTED_EDGE ( 'NONE', *, *, #381, .T. ) ;
#160 = VECTOR ( 'NONE', #1121, 1000.000000000000000 ) ;
#161 = CARTESIAN_POINT ( 'NONE',  ( 34.19872597719309226, 3.149693183231035754, 8.063799964776098506 ) ) ;
#162 = AXIS2_PLACEMENT_3D ( 'NONE', #854, #404, #609 ) ;
#163 = PRODUCT_DEFINITION_CONTEXT ( 'detailed design', #403, 'design' ) ;
#164 = CARTESIAN_POINT ( 'NONE',  ( 71.50000000000000000, 6.099999999999999645, 15.99999999999999645 ) ) ;
#165 =( BOUNDED_SURFACE ( )  B_SPLINE_SURFACE ( 3, 2, ( 
 ( #1071, #761, #875 ),
 ( #321, #107, #1086 ),
 ( #862, #1312, #453 ),
 ( #1290, #537, #1208 ),
 ( #965, #559, #23 ),
 ( #1077, #1193, #856 ),
 ( #545, #16, #975 ),
 ( #101, #446, #354 ),
 ( #9, #229, #657 ),
 ( #987, #780, #634 ),
 ( #531, #1064, #133 ),
 ( #1337, #564, #1325 ),
 ( #576, #1220, #250 ),
 ( #996, #590, #692 ),
 ( #1331, #478, #1214 ),
 ( #1320, #685, #158 ),
 ( #915, #52, #376 ),
 ( #893, #812, #678 ),
 ( #1123, #1019, #359 ),
 ( #42, #32, #1110 ),
 ( #1013, #786, #147 ),
 ( #1346, #672, #460 ),
 ( #153, #364, #1234 ),
 ( #903, #792, #466 ) ),
 .UNSPECIFIED., .F., .F., .F. ) 
 B_SPLINE_SURFACE_WITH_KNOTS ( ( 4, 2, 2, 2, 2, 2, 2, 2, 2, 2, 2, 4 ),
 ( 3, 3 ),
 ( 0.005030768065242397988, 0.006309583356435253393, 0.007588398647628109665, 0.008227806293224537368, 0.008867213938820965938, 0.01014602923001382134, 0.01142484452120667675, 0.01206425216680310358, 0.01270365981239953215, 0.01334306745799596072, 0.01398247510359238929, 0.01526129039478524470 ),
 ( 0.000000000000000000, 1.000000000000000000 ),
 .UNSPECIFIED. ) 
 GEOMETRIC_REPRESENTATION_ITEM ( )  RATIONAL_B_SPLINE_SURFACE ( (
 ( 1.000000000000000000, 0.7071067811865474617, 1.000000000000000000),
 ( 1.000000000000000000, 0.7322850399142564193, 1.000000000000000000),
 ( 1.000000000000000000, 0.7589112830747083427, 1.000000000000000000),
 ( 1.000000000000000000, 0.8091984438047171713, 1.000000000000000000),
 ( 1.000000000000000000, 0.8320990105848324880, 1.000000000000000000),
 ( 1.000000000000000000, 0.8608282553582798924, 1.000000000000000000),
 ( 1.000000000000000000, 0.8695019395372229898, 1.000000000000000000),
 ( 1.000000000000000000, 0.8847764443794019495, 1.000000000000000000),
 ( 1.000000000000000000, 0.8913641295269161269, 1.000000000000000000),
 ( 1.000000000000000000, 0.9072432978302411577, 1.000000000000000000),
 ( 1.000000000000000000, 0.9128762107021785033, 1.000000000000000000),
 ( 1.000000000000000000, 0.9128656402004654558, 1.000000000000000000),
 ( 1.000000000000000000, 0.9072686914029909344, 1.000000000000000000),
 ( 1.000000000000000000, 0.8913675506299579832, 1.000000000000000000),
 ( 1.000000000000000000, 0.8847676738837336741, 1.000000000000000000),
 ( 1.000000000000000000, 0.8695313743563454212, 1.000000000000000000),
 ( 1.000000000000000000, 0.8608751792425537452, 1.000000000000000000),
 ( 1.000000000000000000, 0.8417437439847792469, 1.000000000000000000),
 ( 1.000000000000000000, 0.8312662605994587395, 1.000000000000000000),
 ( 1.000000000000000000, 0.8087497057246386678, 1.000000000000000000),
 ( 1.000000000000000000, 0.7966359807985990971, 1.000000000000000000),
 ( 1.000000000000000000, 0.7590071902545068028, 1.000000000000000000),
 ( 1.000000000000000000, 0.7323775314266176562, 1.000000000000000000),
 ( 1.000000000000000000, 0.7071067811865481278, 1.000000000000000000) ) ) 
 REPRESENTATION_ITEM ( '' )  SURFACE ( )  );
#166 = FACE_OUTER_BOUND ( 'NONE', #1352, .T. ) ;
#167 = ORIENTED_EDGE ( 'NONE', *, *, #10, .T. ) ;
#168 = APPLICATION_PROTOCOL_DEFINITION ( 'draft international standard', 'automotive_design', 1998, #403 ) ;
#169 = CARTESIAN_POINT ( 'NONE',  ( 74.50000000000000000, 9.099999999999999645, -19.00000000000000355 ) ) ;
#170 = ADVANCED_FACE ( 'NONE', ( #1289 ), #327, .T. ) ;
#171 = EDGE_CURVE ( 'NONE', #412, #377, #367, .T. ) ;
#172 = FACE_OUTER_BOUND ( 'NONE', #495, .T. ) ;
#173 = EDGE_LOOP ( 'NONE', ( #1356, #1242, #310, #702, #1253, #447 ) ) ;
#174 = CARTESIAN_POINT ( 'NONE',  ( 36.50000000000000000, 6.099999999999999645, -13.00000000000000178 ) ) ;
#175 = ORIENTED_EDGE ( 'NONE', *, *, #611, .F. ) ;
#176 = CARTESIAN_POINT ( 'NONE',  ( 32.49999999999999289, 6.099999999999999645, 14.18501871696784633 ) ) ;
#177 = ORIENTED_EDGE ( 'NONE', *, *, #28, .T. ) ;
#178 = EDGE_CURVE ( 'NONE', #294, #492, #606, .T. ) ;
#179 = CARTESIAN_POINT ( 'NONE',  ( 36.50000000000000000, 2.100000000000000089, -6.999999999999998224 ) ) ;
#180 = AXIS2_PLACEMENT_3D ( 'NONE', #458, #994, #358 ) ;
#181 = LINE ( 'NONE', #1037, #233 ) ;
#182 = ORIENTED_EDGE ( 'NONE', *, *, #1324, .T. ) ;
#183 = DIRECTION ( 'NONE',  ( -0.6666666666666671848, 0.000000000000000000, -0.7453559924999293429 ) ) ;
#184 = VERTEX_POINT ( 'NONE', #1213 ) ;
#185 = DIRECTION ( 'NONE',  ( -0.000000000000000000, 1.000000000000000000, -0.000000000000000000 ) ) ;
#186 = ADVANCED_BREP_SHAPE_REPRESENTATION ( 'Part3', ( #1038, #516 ), #20 ) ;
#187 = ORIENTED_EDGE ( 'NONE', *, *, #801, .T. ) ;
#188 = CARTESIAN_POINT ( 'NONE',  ( 36.50000000000000000, 6.099999999999999645, 8.249999999999996447 ) ) ;
#189 = DIRECTION ( 'NONE',  ( 0.000000000000000000, 0.000000000000000000, 1.000000000000000000 ) ) ;
#190 = DIRECTION ( 'NONE',  ( -0.000000000000000000, -1.000000000000000000, -0.000000000000000000 ) ) ;
#191 = EDGE_CURVE ( 'NONE', #941, #77, #1147, .T. ) ;
#192 = VERTEX_POINT ( 'NONE', #30 ) ;
#193 = EDGE_LOOP ( 'NONE', ( #1042, #187, #1268, #546, #197 ) ) ;
#194 = CARTESIAN_POINT ( 'NONE',  ( 32.49999999999999289, 3.099999999999999645, -5.527864045000422166 ) ) ;
#195 = VERTEX_POINT ( 'NONE', #784 ) ;
#196 = CARTESIAN_POINT ( 'NONE',  ( 34.50000000000000000, 6.099999999999994316, 12.23606797749978803 ) ) ;
#197 = ORIENTED_EDGE ( 'NONE', *, *, #1258, .T. ) ;
#198 = AXIS2_PLACEMENT_3D ( 'NONE', #755, #4, #1308 ) ;
#199 = CARTESIAN_POINT ( 'NONE',  ( 71.50000000000000000, 9.099999999999999645, 15.99999999999999645 ) ) ;
#200 = CARTESIAN_POINT ( 'NONE',  ( 62.50000000000000000, 6.099999999999999645, 16.75000000000000000 ) ) ;
#201 = ORIENTED_EDGE ( 'NONE', *, *, #322, .F. ) ;
#202 = ORIENTED_EDGE ( 'NONE', *, *, #450, .F. ) ;
#203 = EDGE_CURVE ( 'NONE', #967, #935, #971, .T. ) ;
#204 = EDGE_CURVE ( 'NONE', #620, #184, #249, .T. ) ;
#205 = DIRECTION ( 'NONE',  ( -0.000000000000000000, -1.000000000000000000, -0.000000000000000000 ) ) ;
#206 = ORIENTED_EDGE ( 'NONE', *, *, #863, .T. ) ;
#207 = DIRECTION ( 'NONE',  ( 0.000000000000000000, 0.000000000000000000, 1.000000000000000000 ) ) ;
#208 = CARTESIAN_POINT ( 'NONE',  ( 36.50000000000000000, 2.100000000000000089, 10.00000000000000000 ) ) ;
#209 = VERTEX_POINT ( 'NONE', #311 ) ;
#210 = DIRECTION ( 'NONE',  ( 0.000000000000000000, 0.000000000000000000, -1.000000000000000000 ) ) ;
#211 = CARTESIAN_POINT ( 'NONE',  ( 32.49999999999999289, 6.099999999999999645, 12.63827944425592165 ) ) ;
#212 = CIRCLE ( 'NONE', #995, 2.999999999999999112 ) ;
#213 = DIRECTION ( 'NONE',  ( 0.000000000000000000, 0.000000000000000000, 1.000000000000000000 ) ) ;
#214 = AXIS2_PLACEMENT_3D ( 'NONE', #264, #1120, #696 ) ;
#215 = CIRCLE ( 'NONE', #1130, 3.000000000000000888 ) ;
#216 = FACE_OUTER_BOUND ( 'NONE', #134, .T. ) ;
#217 = DIRECTION ( 'NONE',  ( -0.000000000000000000, 1.000000000000000000, -0.000000000000000000 ) ) ;
#218 = CARTESIAN_POINT ( 'NONE',  ( 36.50000000000000000, 3.099999999999999645, 10.00000000000000000 ) ) ;
#219 = AXIS2_PLACEMENT_3D ( 'NONE', #1099, #1226, #262 ) ;
#220 = EDGE_CURVE ( 'NONE', #360, #492, #431, .T. ) ;
#221 = CARTESIAN_POINT ( 'NONE',  ( 36.50000000000000000, 7.100000000000000533, 10.00000000000000000 ) ) ;
#222 = FACE_OUTER_BOUND ( 'NONE', #1040, .T. ) ;
#223 = ORIENTED_EDGE ( 'NONE', *, *, #592, .T. ) ;
#224 = FACE_OUTER_BOUND ( 'NONE', #560, .T. ) ;
#225 = PLANE ( 'NONE',  #640 ) ;
#226 = EDGE_CURVE ( 'NONE', #626, #47, #1096, .T. ) ;
#227 = DIRECTION ( 'NONE',  ( 0.000000000000000000, 1.000000000000000000, 0.000000000000000000 ) ) ;
#228 = CIRCLE ( 'NONE', #472, 2.999999999999999112 ) ;
#229 = CARTESIAN_POINT ( 'NONE',  ( 33.65692072370054433, 5.215728525398473536, -8.992526173678603740 ) ) ;
#230 = ORIENTED_EDGE ( 'NONE', *, *, #575, .F. ) ;
#231 = DIRECTION ( 'NONE',  ( -0.000000000000000000, -1.000000000000000000, -0.000000000000000000 ) ) ;
#232 = PRESENTATION_STYLE_ASSIGNMENT (( #1189 ) ) ;
#233 = VECTOR ( 'NONE', #833, 1000.000000000000000 ) ;
#234 = DIRECTION ( 'NONE',  ( -0.000000000000000000, -0.000000000000000000, 1.000000000000000000 ) ) ;
#235 = DIRECTION ( 'NONE',  ( 0.000000000000000000, -1.000000000000000000, 0.000000000000000000 ) ) ;
#236 = CARTESIAN_POINT ( 'NONE',  ( 36.50000000000000000, 7.100000000000000533, -10.00000000000000000 ) ) ;
#237 = ORIENTED_EDGE ( 'NONE', *, *, #890, .F. ) ;
#238 = CARTESIAN_POINT ( 'NONE',  ( 35.50000000000000000, 6.099999999999999645, -16.00000000000000000 ) ) ;
#239 = CYLINDRICAL_SURFACE ( 'NONE', #35, 1.750000000000003331 ) ;
#240 = DIRECTION ( 'NONE',  ( 0.000000000000000000, 0.000000000000000000, 1.000000000000000000 ) ) ;
#241 = AXIS2_PLACEMENT_3D ( 'NONE', #742, #1179, #1070 ) ;
#242 = ADVANCED_FACE ( 'NONE', ( #1371 ), #1265, .F. ) ;
#243 = FACE_OUTER_BOUND ( 'NONE', #649, .T. ) ;
#244 = EDGE_CURVE ( 'NONE', #484, #412, #1274, .T. ) ;
#245 = VERTEX_POINT ( 'NONE', #303 ) ;
#246 = DIRECTION ( 'NONE',  ( 0.000000000000000000, 0.000000000000000000, 1.000000000000000000 ) ) ;
#247 = LINE ( 'NONE', #1302, #1358 ) ;
#248 = CARTESIAN_POINT ( 'NONE',  ( 34.49999999999999289, 3.099999999999999645, 12.23606797749978981 ) ) ;
#249 = LINE ( 'NONE', #1098, #715 ) ;
#250 = CARTESIAN_POINT ( 'NONE',  ( 32.49999999999999289, 6.099999999999999645, -10.85037616181524989 ) ) ;
#251 = ORIENTED_EDGE ( 'NONE', *, *, #278, .T. ) ;
#252 = CARTESIAN_POINT ( 'NONE',  ( 34.12677592900053725, 3.191512642297444025, 8.161831028327453552 ) ) ;
#253 = DIRECTION ( 'NONE',  ( 0.000000000000000000, 1.000000000000000000, 0.000000000000000000 ) ) ;
#254 = CARTESIAN_POINT ( 'NONE',  ( 36.50000000000000000, 6.099999999999999645, -10.00000000000000000 ) ) ;
#255 = ORIENTED_EDGE ( 'NONE', *, *, #1135, .T. ) ;
#256 = CARTESIAN_POINT ( 'NONE',  ( 36.50000000000000000, 9.099999999999999645, 10.00000000000000000 ) ) ;
#257 = CARTESIAN_POINT ( 'NONE',  ( 33.49996094727241314, 5.205572808996723921, 9.699429617629320433 ) ) ;
#258 = EDGE_CURVE ( 'NONE', #47, #626, #713, .T. ) ;
#259 = EDGE_CURVE ( 'NONE', #94, #721, #737, .T. ) ;
#260 = DIRECTION ( 'NONE',  ( 0.000000000000000000, 0.000000000000000000, 1.000000000000000000 ) ) ;
#261 = VECTOR ( 'NONE', #1088, 1000.000000000000000 ) ;
#262 = DIRECTION ( 'NONE',  ( 0.000000000000000000, 0.000000000000000000, 1.000000000000000000 ) ) ;
#263 = ORIENTED_EDGE ( 'NONE', *, *, #1091, .F. ) ;
#264 = CARTESIAN_POINT ( 'NONE',  ( 71.50000000000000000, 9.099999999999999645, 15.99999999999999645 ) ) ;
#265 = DIRECTION ( 'NONE',  ( 0.000000000000000000, 0.000000000000000000, 1.000000000000000000 ) ) ;
#266 = DIRECTION ( 'NONE',  ( 0.000000000000000000, 0.000000000000000000, 1.000000000000000000 ) ) ;
#267 = DIRECTION ( 'NONE',  ( 0.000000000000000000, 0.000000000000000000, -1.000000000000000000 ) ) ;
#268 = ORIENTED_EDGE ( 'NONE', *, *, #450, .T. ) ;
#269 = CARTESIAN_POINT ( 'NONE',  ( 33.84423101562463643, 3.395357952964203729, 11.40953411141730456 ) ) ;
#270 = CARTESIAN_POINT ( 'NONE',  ( 32.49999999999999289, 6.099999999999999645, 5.813962625467822498 ) ) ;
#271 = CYLINDRICAL_SURFACE ( 'NONE', #520, 3.000000000000000888 ) ;
#272 = APPLICATION_CONTEXT ( 'automotive_design' ) ;
#273 = LINE ( 'NONE', #827, #888 ) ;
#274 = B_SPLINE_CURVE_WITH_KNOTS ( 'NONE', 3,
 ( #628, #93, #491, #84, #1172, #1026, #296, #400, #407, #523, #1049, #498, #1041, #714, #59, #622, #925, #518, #1280, #956, #950, #1149 ),
 .UNSPECIFIED., .F., .F.,
 ( 4, 2, 2, 2, 2, 2, 2, 2, 2, 2, 4 ),
 ( 0.000000000000000000, 0.0006605234200044410482, 0.001321046840008882096, 0.001981570260013323145, 0.002311831970015543452, 0.002642093680017764193, 0.003302617100022199603, 0.003963140520026635881, 0.004623663940031071291, 0.004953925650033296803, 0.005284187360035521447 ),
 .UNSPECIFIED. ) ;
#275 = VERTEX_POINT ( 'NONE', #1158 ) ;
#276 = ORIENTED_EDGE ( 'NONE', *, *, #1216, .T. ) ;
#277 = EDGE_CURVE ( 'NONE', #603, #377, #67, .T. ) ;
#278 = EDGE_CURVE ( 'NONE', #17, #864, #1328, .T. ) ;
#279 =( LENGTH_UNIT ( ) NAMED_UNIT ( * ) SI_UNIT ( .MILLI., .METRE. ) );
#280 = VECTOR ( 'NONE', #1250, 1000.000000000000000 ) ;
#281 = AXIS2_PLACEMENT_3D ( 'NONE', #690, #817, #5 ) ;
#282 = CARTESIAN_POINT ( 'NONE',  ( 33.68207834384675436, 3.583996335622674501, 8.965475817765607758 ) ) ;
#283 = AXIS2_PLACEMENT_3D ( 'NONE', #832, #318, #189 ) ;
#284 = CARTESIAN_POINT ( 'NONE',  ( 60.75000000000000000, 6.099999999999999645, -15.00000000000000000 ) ) ;
#285 = CARTESIAN_POINT ( 'NONE',  ( 36.50000000000000000, 7.100000000000000533, -13.00000000000000178 ) ) ;
#286 = VECTOR ( 'NONE', #217, 1000.000000000000000 ) ;
#287 = ORIENTED_EDGE ( 'NONE', *, *, #130, .F. ) ;
#288 = ADVANCED_FACE ( 'NONE', ( #614 ), #844, .T. ) ;
#289 = CARTESIAN_POINT ( 'NONE',  ( 36.50000000000000000, 6.099999999999999645, -10.00000000000000000 ) ) ;
#290 = DIRECTION ( 'NONE',  ( -1.000000000000000000, 0.000000000000000000, 8.260587980841938780E-17 ) ) ;
#291 = EDGE_LOOP ( 'NONE', ( #712, #633 ) ) ;
#292 = DIRECTION ( 'NONE',  ( 0.000000000000000000, -0.000000000000000000, 1.000000000000000000 ) ) ;
#293 = EDGE_LOOP ( 'NONE', ( #251, #723, #473, #1338 ) ) ;
#294 = VERTEX_POINT ( 'NONE', #75 ) ;
#295 = AXIS2_PLACEMENT_3D ( 'NONE', #1300, #659, #771 ) ;
#296 = CARTESIAN_POINT ( 'NONE',  ( 33.61598244953565029, 3.673632817974660458, -9.147930885326683637 ) ) ;
#297 = ORIENTED_EDGE ( 'NONE', *, *, #1303, .F. ) ;
#298 = CARTESIAN_POINT ( 'NONE',  ( 33.85057675750178419, 3.393367479791955077, 11.41115607820903932 ) ) ;
#299 = VECTOR ( 'NONE', #1023, 1000.000000000000000 ) ;
#300 = CARTESIAN_POINT ( 'NONE',  ( 36.50000000000000000, 3.099999999999999645, 10.00000000000000000 ) ) ;
#301 = LINE ( 'NONE', #1239, #350 ) ;
#302 = EDGE_LOOP ( 'NONE', ( #976, #753, #524, #933 ) ) ;
#303 = CARTESIAN_POINT ( 'NONE',  ( 74.50000000000000000, 6.099999999999999645, -16.00000000000000711 ) ) ;
#304 = DIRECTION ( 'NONE',  ( -0.000000000000000000, -1.000000000000000000, -0.000000000000000000 ) ) ;
#305 = VERTEX_POINT ( 'NONE', #708 ) ;
#306 = FACE_OUTER_BOUND ( 'NONE', #1094, .T. ) ;
#307 = CARTESIAN_POINT ( 'NONE',  ( 32.49999999999999289, 6.099999999999999645, 19.00000000000000355 ) ) ;
#308 = EDGE_CURVE ( 'NONE', #17, #275, #274, .T. ) ;
#309 = VERTEX_POINT ( 'NONE', #1386 ) ;
#310 = ORIENTED_EDGE ( 'NONE', *, *, #1390, .T. ) ;
#311 = CARTESIAN_POINT ( 'NONE',  ( 36.50000000000000000, 2.100000000000000089, 6.999999999999998224 ) ) ;
#312 = DIRECTION ( 'NONE',  ( 0.000000000000000000, 0.000000000000000000, 1.000000000000000000 ) ) ;
#313 = PLANE ( 'NONE',  #353 ) ;
#314 = CIRCLE ( 'NONE', #241, 3.000000000000000444 ) ;
#315 = ORIENTED_EDGE ( 'NONE', *, *, #97, .F. ) ;
#316 = LINE ( 'NONE', #174, #464 ) ;
#317 = FACE_OUTER_BOUND ( 'NONE', #658, .T. ) ;
#318 = DIRECTION ( 'NONE',  ( -0.000000000000000000, -1.000000000000000000, -0.000000000000000000 ) ) ;
#319 = DIRECTION ( 'NONE',  ( 2.312964634635742267E-15, 0.000000000000000000, 1.000000000000000000 ) ) ;
#320 = EDGE_CURVE ( 'NONE', #419, #467, #1078, .T. ) ;
#321 = CARTESIAN_POINT ( 'NONE',  ( 34.34016913105254076, 3.100000014458556663, -7.906889097647959552 ) ) ;
#322 = EDGE_CURVE ( 'NONE', #372, #454, #316, .T. ) ;
#323 = ORIENTED_EDGE ( 'NONE', *, *, #906, .T. ) ;
#324 = LINE ( 'NONE', #1388, #754 ) ;
#325 = CIRCLE ( 'NONE', #1102, 2.999999999999999112 ) ;
#326 = TOROIDAL_SURFACE ( 'NONE', #999, 6.000000000000001776, 3.000000000000000000 ) ;
#327 = CYLINDRICAL_SURFACE ( 'NONE', #791, 2.999999999999999112 ) ;
#328 = CARTESIAN_POINT ( 'NONE',  ( 60.75000000000000000, 2.099999999999999645, 15.00000000000000000 ) ) ;
#329 = ORIENTED_EDGE ( 'NONE', *, *, #728, .F. ) ;
#330 = CARTESIAN_POINT ( 'NONE',  ( 0.000000000000000000, 9.099999999999999645, 0.000000000000000000 ) ) ;
#331 = EDGE_CURVE ( 'NONE', #821, #1009, #682, .T. ) ;
#332 = CIRCLE ( 'NONE', #1295, 2.999999999999999112 ) ;
#333 = FACE_OUTER_BOUND ( 'NONE', #1209, .T. ) ;
#334 = AXIS2_PLACEMENT_3D ( 'NONE', #747, #1035, #69 ) ;
#335 = DIRECTION ( 'NONE',  ( 0.000000000000000000, -1.000000000000000000, 0.000000000000000000 ) ) ;
#336 = LINE ( 'NONE', #752, #286 ) ;
#337 = ORIENTED_EDGE ( 'NONE', *, *, #204, .F. ) ;
#338 = CARTESIAN_POINT ( 'NONE',  ( 36.50000000000000000, 2.100000000000000089, 11.75000000000000355 ) ) ;
#339 = ORIENTED_EDGE ( 'NONE', *, *, #829, .F. ) ;
#340 = CARTESIAN_POINT ( 'NONE',  ( 36.50000000000000000, 3.099999999999999645, -6.999999999999998224 ) ) ;
#341 = CIRCLE ( 'NONE', #627, 1.750000000000003331 ) ;
#342 = ADVANCED_FACE ( 'NONE', ( #222 ), #551, .F. ) ;
#343 = DIRECTION ( 'NONE',  ( 0.000000000000000000, 0.000000000000000000, 1.000000000000000000 ) ) ;
#344 = AXIS2_PLACEMENT_3D ( 'NONE', #157, #379, #1016 ) ;
#345 = CARTESIAN_POINT ( 'NONE',  ( 36.50000000000000000, 9.099999999999999645, -10.00000000000000000 ) ) ;
#346 = EDGE_LOOP ( 'NONE', ( #1100, #1132, #1196, #584 ) ) ;
#347 = CARTESIAN_POINT ( 'NONE',  ( 36.50000000000000000, 9.099999999999999645, -8.249999999999996447 ) ) ;
#348 =( NAMED_UNIT ( * ) PLANE_ANGLE_UNIT ( ) SI_UNIT ( $, .RADIAN. ) );
#349 = EDGE_CURVE ( 'NONE', #94, #756, #883, .T. ) ;
#350 = VECTOR ( 'NONE', #503, 1000.000000000000000 ) ;
#351 = DIRECTION ( 'NONE',  ( 0.000000000000000000, 0.000000000000000000, 1.000000000000000000 ) ) ;
#352 = CARTESIAN_POINT ( 'NONE',  ( 32.49999999999999289, 6.099999999999999645, 16.00000000000000355 ) ) ;
#353 = AXIS2_PLACEMENT_3D ( 'NONE', #502, #1059, #292 ) ;
#354 = CARTESIAN_POINT ( 'NONE',  ( 32.50000000000003553, 6.099999999999970335, -8.328166959437199424 ) ) ;
#355 = ORIENTED_EDGE ( 'NONE', *, *, #891, .T. ) ;
#356 = CARTESIAN_POINT ( 'NONE',  ( 74.50000000000000000, 6.099999999999999645, -19.00000000000000355 ) ) ;
#357 = SURFACE_SIDE_STYLE ('',( #131 ) ) ;
#358 = DIRECTION ( 'NONE',  ( 0.000000000000000000, 0.000000000000000000, 1.000000000000000000 ) ) ;
#359 = CARTESIAN_POINT ( 'NONE',  ( 32.49999999999999289, 6.099999999999997868, -12.82231215661884605 ) ) ;
#360 = VERTEX_POINT ( 'NONE', #1202 ) ;
#361 = LINE ( 'NONE', #122, #14 ) ;
#362 = FACE_OUTER_BOUND ( 'NONE', #764, .T. ) ;
#363 = AXIS2_PLACEMENT_3D ( 'NONE', #823, #510, #1363 ) ;
#364 = CARTESIAN_POINT ( 'NONE',  ( 34.51737936569986687, 5.891447144378223477, -12.25161259751823195 ) ) ;
#365 = ORIENTED_EDGE ( 'NONE', *, *, #349, .F. ) ;
#366 = CARTESIAN_POINT ( 'NONE',  ( 33.54814575269669774, 3.780685425422639856, 10.54547717248964567 ) ) ;
#367 = CIRCLE ( 'NONE', #1, 1.750000000000001554 ) ;
#368 = PRODUCT_DEFINITION ( 'UNKNOWN', '', #89, #163 ) ;
#369 = ADVANCED_FACE ( 'NONE', ( #126 ), #744, .F. ) ;
#370 = CARTESIAN_POINT ( 'NONE',  ( 33.86992751887321873, 5.265009172222200995, 8.498019937235721244 ) ) ;
#371 = CARTESIAN_POINT ( 'NONE',  ( 35.50000000000001421, 9.099999999999999645, -19.00000000000000000 ) ) ;
#372 = VERTEX_POINT ( 'NONE', #959 ) ;
#373 = CARTESIAN_POINT ( 'NONE',  ( 32.50000000000003553, 6.099999999999970335, 11.67203195555803852 ) ) ;
#374 = FACE_OUTER_BOUND ( 'NONE', #980, .T. ) ;
#375 = CIRCLE ( 'NONE', #198, 3.000000000000000888 ) ;
#376 = CARTESIAN_POINT ( 'NONE',  ( 32.49999999999999289, 6.099999999999999645, -12.26127678562641066 ) ) ;
#377 = VERTEX_POINT ( 'NONE', #1180 ) ;
#378 = CARTESIAN_POINT ( 'NONE',  ( 34.51731960994382575, 5.892164225350159157, 7.748440850103036404 ) ) ;
#379 = DIRECTION ( 'NONE',  ( -0.000000000000000000, 1.000000000000000000, -0.000000000000000000 ) ) ;
#380 = CARTESIAN_POINT ( 'NONE',  ( 36.50000000000000000, 3.099999999999999645, 13.00000000000000178 ) ) ;
#381 = EDGE_CURVE ( 'NONE', #679, #1287, #1004, .T. ) ;
#382 = EDGE_CURVE ( 'NONE', #209, #305, #145, .T. ) ;
#383 = AXIS2_PLACEMENT_3D ( 'NONE', #25, #135, #34 ) ;
#384 = DIRECTION ( 'NONE',  ( 0.000000000000000000, 1.000000000000000000, 0.000000000000000000 ) ) ;
#385 = ORIENTED_EDGE ( 'NONE', *, *, #322, .T. ) ;
#386 = CARTESIAN_POINT ( 'NONE',  ( 33.70429351780696692, 5.222660881202870087, 11.14035129104118660 ) ) ;
#387 = DIRECTION ( 'NONE',  ( -0.000000000000000000, 1.000000000000000000, -0.000000000000000000 ) ) ;
#388 = CARTESIAN_POINT ( 'NONE',  ( 36.50000000000000000, 6.099999999999999645, 11.75000000000000355 ) ) ;
#389 = AXIS2_PLACEMENT_3D ( 'NONE', #406, #83, #515 ) ;
#390 = EDGE_CURVE ( 'NONE', #853, #442, #336, .T. ) ;
#391 = ORIENTED_EDGE ( 'NONE', *, *, #575, .T. ) ;
#392 = CIRCLE ( 'NONE', #677, 1.750000000000003331 ) ;
#393 = DIRECTION ( 'NONE',  ( 0.000000000000000000, 1.000000000000000000, 0.000000000000000000 ) ) ;
#394 = CARTESIAN_POINT ( 'NONE',  ( 33.65692072370127619, 5.215728525398567683, 8.992526173678603740 ) ) ;
#395 = CIRCLE ( 'NONE', #283, 3.000000000000000888 ) ;
#396 = LINE ( 'NONE', #847, #889 ) ;
#397 = AXIS2_PLACEMENT_3D ( 'NONE', #869, #664, #2 ) ;
#398 = VERTEX_POINT ( 'NONE', #434 ) ;
#399 = ORIENTED_EDGE ( 'NONE', *, *, #36, .T. ) ;
#400 = CARTESIAN_POINT ( 'NONE',  ( 33.54831997373624120, 3.780404784132806117, -9.453666974778826670 ) ) ;
#401 = ORIENTED_EDGE ( 'NONE', *, *, #470, .F. ) ;
#402 = DIRECTION ( 'NONE',  ( 0.000000000000000000, 1.000000000000000000, 0.000000000000000000 ) ) ;
#403 = APPLICATION_CONTEXT ( 'automotive_design' ) ;
#404 = DIRECTION ( 'NONE',  ( 0.000000000000000000, 1.000000000000000000, 0.000000000000000000 ) ) ;
#405 = CARTESIAN_POINT ( 'NONE',  ( 36.50000000000000000, 7.100000000000000533, -10.00000000000000000 ) ) ;
#406 = CARTESIAN_POINT ( 'NONE',  ( 36.50000000000000000, 7.100000000000000533, -10.00000000000000000 ) ) ;
#407 = CARTESIAN_POINT ( 'NONE',  ( 33.53075869563715372, 3.810173595706638050, -9.558014462312835136 ) ) ;
#408 = DIRECTION ( 'NONE',  ( 0.000000000000000000, 0.000000000000000000, 1.000000000000000000 ) ) ;
#409 = ADVANCED_FACE ( 'NONE', ( #1186 ), #165, .F. ) ;
#410 = CARTESIAN_POINT ( 'NONE',  ( 36.50000000000000000, 7.100000000000000533, -6.999999999999999112 ) ) ;
#411 = DIRECTION ( 'NONE',  ( 0.000000000000000000, -0.000000000000000000, 1.000000000000000000 ) ) ;
#412 = VERTEX_POINT ( 'NONE', #1103 ) ;
#413 = ORIENTED_EDGE ( 'NONE', *, *, #203, .T. ) ;
#414 = DIRECTION ( 'NONE',  ( -0.000000000000000000, -1.000000000000000000, -0.000000000000000000 ) ) ;
#415 = ORIENTED_EDGE ( 'NONE', *, *, #1155, .T. ) ;
#416 = CARTESIAN_POINT ( 'NONE',  ( 36.50000000000000000, 7.100000000000000533, 10.00000000000000000 ) ) ;
#417 = AXIS2_PLACEMENT_3D ( 'NONE', #618, #514, #266 ) ;
#418 = CYLINDRICAL_SURFACE ( 'NONE', #1316, 2.999999999999999112 ) ;
#419 = VERTEX_POINT ( 'NONE', #141 ) ;
#420 = DIRECTION ( 'NONE',  ( 0.000000000000000000, 0.000000000000000000, -1.000000000000000000 ) ) ;
#421 = VERTEX_POINT ( 'NONE', #570 ) ;
#422 = DIRECTION ( 'NONE',  ( -0.000000000000000000, -1.000000000000000000, -0.000000000000000000 ) ) ;
#423 = ORIENTED_EDGE ( 'NONE', *, *, #320, .T. ) ;
#424 = CARTESIAN_POINT ( 'NONE',  ( 62.50000000000000000, 9.099999999999999645, 15.00000000000000000 ) ) ;
#425 = AXIS2_PLACEMENT_3D ( 'NONE', #113, #335, #432 ) ;
#426 = EDGE_CURVE ( 'NONE', #442, #613, #332, .T. ) ;
#427 = LINE ( 'NONE', #767, #139 ) ;
#428 = DIRECTION ( 'NONE',  ( -0.000000000000000000, 0.000000000000000000, 1.000000000000000000 ) ) ;
#429 = CARTESIAN_POINT ( 'NONE',  ( 34.49999999999998579, 3.100000000000000089, 12.23606797749978448 ) ) ;
#430 = CIRCLE ( 'NONE', #1304, 6.000000000000001776 ) ;
#431 = CIRCLE ( 'NONE', #1218, 3.000000000000000888 ) ;
#432 = DIRECTION ( 'NONE',  ( 0.000000000000000000, 0.000000000000000000, -1.000000000000000000 ) ) ;
#433 = EDGE_CURVE ( 'NONE', #435, #894, #1117, .T. ) ;
#434 = CARTESIAN_POINT ( 'NONE',  ( 36.50000000000000000, 7.100000000000000533, -8.249999999999996447 ) ) ;
#435 = VERTEX_POINT ( 'NONE', #804 ) ;
#436 = LINE ( 'NONE', #670, #1397 ) ;
#437 = CARTESIAN_POINT ( 'NONE',  ( 36.50000000000000000, 7.100000000000000533, -10.00000000000000000 ) ) ;
#438 = CYLINDRICAL_SURFACE ( 'NONE', #425, 2.999999999999999112 ) ;
#439 = DIRECTION ( 'NONE',  ( -1.000000000000000000, 0.000000000000000000, -0.000000000000000000 ) ) ;
#440 = ORIENTED_EDGE ( 'NONE', *, *, #890, .T. ) ;
#441 = FACE_OUTER_BOUND ( 'NONE', #969, .T. ) ;
#442 = VERTEX_POINT ( 'NONE', #371 ) ;
#443 = ADVANCED_FACE ( 'NONE', ( #243 ), #38, .F. ) ;
#444 = CIRCLE ( 'NONE', #334, 2.999999999999999112 ) ;
#445 = DIRECTION ( 'NONE',  ( 1.000000000000000000, -0.000000000000000000, 1.224646799147353207E-16 ) ) ;
#446 = CARTESIAN_POINT ( 'NONE',  ( 33.70423590948302461, 5.222643990512787937, -8.859762308990985602 ) ) ;
#447 = ORIENTED_EDGE ( 'NONE', *, *, #382, .T. ) ;
#448 = CARTESIAN_POINT ( 'NONE',  ( 35.50000000000000000, 9.099999999999999645, 19.00000000000000355 ) ) ;
#449 = ADVANCED_FACE ( 'NONE', ( #46 ), #797, .T. ) ;
#450 = EDGE_CURVE ( 'NONE', #372, #983, #37, .T. ) ;
#451 = DIRECTION ( 'NONE',  ( 0.000000000000000000, 0.000000000000000000, 1.000000000000000000 ) ) ;
#452 = LINE ( 'NONE', #1116, #902 ) ;
#453 = CARTESIAN_POINT ( 'NONE',  ( 32.50000000000004263, 6.099999999999984546, -6.127599929338845897 ) ) ;
#454 = VERTEX_POINT ( 'NONE', #711 ) ;
#455 = DIRECTION ( 'NONE',  ( 0.000000000000000000, 0.000000000000000000, 1.000000000000000000 ) ) ;
#456 = DIRECTION ( 'NONE',  ( 0.000000000000000000, 0.000000000000000000, 1.000000000000000000 ) ) ;
#457 = VECTOR ( 'NONE', #945, 1000.000000000000000 ) ;
#458 = CARTESIAN_POINT ( 'NONE',  ( 36.50000000000000000, 6.099999999999999645, -10.00000000000000000 ) ) ;
#459 = AXIS2_PLACEMENT_3D ( 'NONE', #98, #957, #1389 ) ;
#460 = CARTESIAN_POINT ( 'NONE',  ( 32.49999999999999289, 6.099999999999998757, -13.87114360239024791 ) ) ;
#461 = VERTEX_POINT ( 'NONE', #706 ) ;
#462 = LINE ( 'NONE', #1095, #261 ) ;
#463 = FACE_BOUND ( 'NONE', #811, .T. ) ;
#464 = VECTOR ( 'NONE', #1393, 1000.000000000000000 ) ;
#465 = EDGE_CURVE ( 'NONE', #894, #184, #896, .T. ) ;
#466 = CARTESIAN_POINT ( 'NONE',  ( 32.49999999999999289, 6.099999999999999645, -14.47213595499957073 ) ) ;
#467 = VERTEX_POINT ( 'NONE', #1232 ) ;
#468 = DIRECTION ( 'NONE',  ( 0.000000000000000000, 0.000000000000000000, -1.000000000000000000 ) ) ;
#469 = VECTOR ( 'NONE', #830, 1000.000000000000000 ) ;
#470 = EDGE_CURVE ( 'NONE', #613, #88, #1153, .T. ) ;
#471 = DIRECTION ( 'NONE',  ( 1.000000000000000000, -0.000000000000000000, 0.000000000000000000 ) ) ;
#472 = AXIS2_PLACEMENT_3D ( 'NONE', #164, #1137, #260 ) ;
#473 = ORIENTED_EDGE ( 'NONE', *, *, #529, .T. ) ;
#474 = DIRECTION ( 'NONE',  ( 1.000000000000000000, 0.000000000000000000, 0.000000000000000000 ) ) ;
#475 = CARTESIAN_POINT ( 'NONE',  ( 33.50002172733697137, 3.863893156635315851, 10.21530030419329904 ) ) ;
#476 = CARTESIAN_POINT ( 'NONE',  ( 32.49999999999999289, 9.099999999999999645, -16.00000000000000000 ) ) ;
#477 = CARTESIAN_POINT ( 'NONE',  ( 32.49999999999999289, 3.099999999999999645, 5.527864045000422166 ) ) ;
#478 = CARTESIAN_POINT ( 'NONE',  ( 33.70429351780550320, 5.222660881202870087, -11.14035129104100719 ) ) ;
#479 = ORIENTED_EDGE ( 'NONE', *, *, #1391, .T. ) ;
#480 = CARTESIAN_POINT ( 'NONE',  ( 32.49999999999999289, 6.099999999999999645, 9.148500804197967184 ) ) ;
#481 = EDGE_CURVE ( 'NONE', #461, #630, #1184, .T. ) ;
#482 = CARTESIAN_POINT ( 'NONE',  ( 36.50000000000000000, 7.100000000000000533, 8.249999999999996447 ) ) ;
#483 = CARTESIAN_POINT ( 'NONE',  ( 32.49999999999999289, 9.099999999999999645, 19.00000000000000355 ) ) ;
#484 = VERTEX_POINT ( 'NONE', #1345 ) ;
#485 = AXIS2_PLACEMENT_3D ( 'NONE', #958, #760, #319 ) ;
#486 = CARTESIAN_POINT ( 'NONE',  ( 33.84611881562186397, 3.393088042809510707, 8.585921321956117680 ) ) ;
#487 = EDGE_CURVE ( 'NONE', #1369, #1287, #1045, .T. ) ;
#488 = CARTESIAN_POINT ( 'NONE',  ( 64.25000000000000000, 9.099999999999999645, 15.00000000000000000 ) ) ;
#489 = ORIENTED_EDGE ( 'NONE', *, *, #1233, .T. ) ;
#490 = CARTESIAN_POINT ( 'NONE',  ( 33.61535638517793956, 3.674516990892919832, 9.149505760465739712 ) ) ;
#491 = CARTESIAN_POINT ( 'NONE',  ( 34.18961089897943140, 3.153694445391562073, -8.074806779990524319 ) ) ;
#492 = VERTEX_POINT ( 'NONE', #380 ) ;
#493 = CARTESIAN_POINT ( 'NONE',  ( 36.50000000000000000, 2.100000000000000089, 10.00000000000000000 ) ) ;
#494 = CARTESIAN_POINT ( 'NONE',  ( 35.50000000000000000, 9.099999999999999645, -16.00000000000000000 ) ) ;
#495 = EDGE_LOOP ( 'NONE', ( #1241, #597, #793, #401 ) ) ;
#496 = VERTEX_POINT ( 'NONE', #610 ) ;
#497 = AXIS2_PLACEMENT_3D ( 'NONE', #19, #1198, #873 ) ;
#498 = CARTESIAN_POINT ( 'NONE',  ( 33.49982131056242451, 3.864251671324243187, -10.22105020624191063 ) ) ;
#499 = ORIENTED_EDGE ( 'NONE', *, *, #1173, .T. ) ;
#500 = CARTESIAN_POINT ( 'NONE',  ( 33.99446703813572412, 5.316301935821742930, 11.71038242533914087 ) ) ;
#501 = ORIENTED_EDGE ( 'NONE', *, *, #226, .F. ) ;
#502 = CARTESIAN_POINT ( 'NONE',  ( 0.000000000000000000, 6.099999999999999645, 0.000000000000000000 ) ) ;
#503 = DIRECTION ( 'NONE',  ( -0.000000000000000000, -1.000000000000000000, -0.000000000000000000 ) ) ;
#504 = AXIS2_PLACEMENT_3D ( 'NONE', #483, #471, #669 ) ;
#505 = ORIENTED_EDGE ( 'NONE', *, *, #203, .F. ) ;
#506 = ORIENTED_EDGE ( 'NONE', *, *, #433, .T. ) ;
#507 = EDGE_CURVE ( 'NONE', #864, #935, #181, .T. ) ;
#508 = EDGE_CURVE ( 'NONE', #821, #626, #720, .T. ) ;
#509 = CIRCLE ( 'NONE', #574, 1.750000000000003331 ) ;
#510 = DIRECTION ( 'NONE',  ( 1.000000000000000000, 0.000000000000000000, 0.000000000000000000 ) ) ;
#511 = EDGE_LOOP ( 'NONE', ( #489, #415 ) ) ;
#512 = CARTESIAN_POINT ( 'NONE',  ( 36.50000000000000000, 3.099999999999999645, -10.00000000000000000 ) ) ;
#513 = DIRECTION ( 'NONE',  ( 0.000000000000000000, 1.000000000000000000, 0.000000000000000000 ) ) ;
#514 = DIRECTION ( 'NONE',  ( 0.000000000000000000, 1.000000000000000000, 0.000000000000000000 ) ) ;
#515 = DIRECTION ( 'NONE',  ( 0.000000000000000000, 0.000000000000000000, 1.000000000000000000 ) ) ;
#516 = AXIS2_PLACEMENT_3D ( 'NONE', #674, #143, #474 ) ;
#517 = CARTESIAN_POINT ( 'NONE',  ( 36.50000000000000000, 2.100000000000000089, -10.00000000000000000 ) ) ;
#518 = CARTESIAN_POINT ( 'NONE',  ( 34.12636334902678925, 3.191736271270555925, -11.83762470140835532 ) ) ;
#519 = DIRECTION ( 'NONE',  ( 0.000000000000000000, 0.000000000000000000, 1.000000000000000000 ) ) ;
#520 = AXIS2_PLACEMENT_3D ( 'NONE', #914, #697, #1344 ) ;
#521 = ORIENTED_EDGE ( 'NONE', *, *, #822, .F. ) ;
#522 = ORIENTED_EDGE ( 'NONE', *, *, #1154, .F. ) ;
#523 = CARTESIAN_POINT ( 'NONE',  ( 33.50660657312111823, 3.851956899019441494, -9.773414627618560502 ) ) ;
#524 = ORIENTED_EDGE ( 'NONE', *, *, #178, .T. ) ;
#525 = LINE ( 'NONE', #188, #140 ) ;
#526 = CIRCLE ( 'NONE', #1315, 3.000000000000000888 ) ;
#527 = DIRECTION ( 'NONE',  ( 0.000000000000000000, 0.000000000000000000, 1.000000000000000000 ) ) ;
#528 = EDGE_CURVE ( 'NONE', #983, #798, #301, .T. ) ;
#529 = EDGE_CURVE ( 'NONE', #496, #275, #1271, .T. ) ;
#530 = DIRECTION ( 'NONE',  ( 0.000000000000000000, 0.000000000000000000, 1.000000000000000000 ) ) ;
#531 = CARTESIAN_POINT ( 'NONE',  ( 33.49997830325843040, 3.863970833634366109, -9.785305620669822346 ) ) ;
#532 = DIRECTION ( 'NONE',  ( 8.260587980841938780E-17, -0.000000000000000000, 1.000000000000000000 ) ) ;
#533 = ORIENTED_EDGE ( 'NONE', *, *, #129, .F. ) ;
#534 = CARTESIAN_POINT ( 'NONE',  ( 32.49999999999999289, 6.099999999999999645, -5.527864045000420390 ) ) ;
#535 = EDGE_CURVE ( 'NONE', #360, #209, #273, .T. ) ;
#536 = DIRECTION ( 'NONE',  ( -0.000000000000000000, -0.000000000000000000, 1.000000000000000000 ) ) ;
#537 = CARTESIAN_POINT ( 'NONE',  ( 34.20145217776744317, 5.430996388198296998, -8.012747857219302716 ) ) ;
#538 = ORIENTED_EDGE ( 'NONE', *, *, #1029, .F. ) ;
#539 = LINE ( 'NONE', #1073, #1164 ) ;
#540 = AXIS2_PLACEMENT_3D ( 'NONE', #238, #231, #1314 ) ;
#541 = DIRECTION ( 'NONE',  ( 0.000000000000000000, 0.000000000000000000, -1.000000000000000000 ) ) ;
#542 = AXIS2_PLACEMENT_3D ( 'NONE', #707, #724, #836 ) ;
#543 = AXIS2_PLACEMENT_3D ( 'NONE', #973, #978, #563 ) ;
#544 = CARTESIAN_POINT ( 'NONE',  ( 64.25000000000000000, 6.099999999999999645, 15.00000000000000000 ) ) ;
#545 = CARTESIAN_POINT ( 'NONE',  ( 33.68207834384675436, 3.583996335622674501, -8.965475817765605981 ) ) ;
#546 = ORIENTED_EDGE ( 'NONE', *, *, #259, .T. ) ;
#547 = DIRECTION ( 'NONE',  ( 0.000000000000000000, -1.000000000000000000, 0.000000000000000000 ) ) ;
#548 = ORIENTED_EDGE ( 'NONE', *, *, #63, .T. ) ;
#549 = DIRECTION ( 'NONE',  ( -0.000000000000000000, -1.000000000000000000, -0.000000000000000000 ) ) ;
#550 = DIRECTION ( 'NONE',  ( 0.000000000000000000, 0.000000000000000000, -1.000000000000000000 ) ) ;
#551 = CYLINDRICAL_SURFACE ( 'NONE', #1249, 1.750000000000003331 ) ;
#552 = ADVANCED_FACE ( 'NONE', ( #81, #166 ), #930, .T. ) ;
#553 = ORIENTED_EDGE ( 'NONE', *, *, #932, .F. ) ;
#554 = CARTESIAN_POINT ( 'NONE',  ( 36.50000000000000000, 6.099999999999999645, -10.00000000000000000 ) ) ;
#555 = LINE ( 'NONE', #783, #1246 ) ;
#556 = AXIS2_PLACEMENT_3D ( 'NONE', #998, #128, #1210 ) ;
#557 = LINE ( 'NONE', #662, #928 ) ;
#558 = CARTESIAN_POINT ( 'NONE',  ( 74.50000000000000000, 9.099999999999999645, 18.99999999999999645 ) ) ;
#559 = CARTESIAN_POINT ( 'NONE',  ( 34.05954933881732671, 5.343148208728478288, -8.180806217569434935 ) ) ;
#560 = EDGE_LOOP ( 'NONE', ( #1385, #997, #770, #202 ) ) ;
#561 = DIRECTION ( 'NONE',  ( -0.000000000000000000, -1.000000000000000000, -0.000000000000000000 ) ) ;
#562 = UNCERTAINTY_MEASURE_WITH_UNIT (LENGTH_MEASURE( 1.000000000000000082E-05 ), #984, 'distance_accuracy_value', 'NONE');
#563 = DIRECTION ( 'NONE',  ( 0.000000000000000000, 0.000000000000000000, 1.000000000000000000 ) ) ;
#564 = CARTESIAN_POINT ( 'NONE',  ( 33.50003910825036968, 5.205572809003437662, -10.30142216253456944 ) ) ;
#565 = ORIENTED_EDGE ( 'NONE', *, *, #1240, .T. ) ;
#566 = DIRECTION ( 'NONE',  ( 0.000000000000000000, -0.000000000000000000, 1.000000000000000000 ) ) ;
#567 = CARTESIAN_POINT ( 'NONE',  ( 36.50000000000000000, 2.100000000000000089, -10.00000000000000000 ) ) ;
#568 = EDGE_CURVE ( 'NONE', #941, #983, #661, .T. ) ;
#569 = CIRCLE ( 'NONE', #1063, 3.000000000000000444 ) ;
#570 = CARTESIAN_POINT ( 'NONE',  ( 32.49999999999999289, 9.099999999999999645, 16.00000000000000355 ) ) ;
#571 = EDGE_LOOP ( 'NONE', ( #553, #237 ) ) ;
#572 = CARTESIAN_POINT ( 'NONE',  ( 33.50003910825186182, 5.205572809003437662, 10.30142216253419640 ) ) ;
#573 = AXIS2_PLACEMENT_3D ( 'NONE', #850, #393, #1140 ) ;
#574 = AXIS2_PLACEMENT_3D ( 'NONE', #1365, #402, #408 ) ;
#575 = EDGE_CURVE ( 'NONE', #904, #294, #1382, .T. ) ;
#576 = CARTESIAN_POINT ( 'NONE',  ( 33.52283643231884724, 3.821100382649710969, -10.42518808089360327 ) ) ;
#577 = ORIENTED_EDGE ( 'NONE', *, *, #1324, .F. ) ;
#578 = CARTESIAN_POINT ( 'NONE',  ( 36.50000000000000000, 7.100000000000000533, 10.00000000000000000 ) ) ;
#579 = ORIENTED_EDGE ( 'NONE', *, *, #1173, .F. ) ;
#580 = CARTESIAN_POINT ( 'NONE',  ( 32.49999999999995026, 6.100000000000021849, 7.737708694329350045 ) ) ;
#581 = DIRECTION ( 'NONE',  ( 0.000000000000000000, 0.000000000000000000, 1.000000000000000000 ) ) ;
#582 = DIRECTION ( 'NONE',  ( 0.000000000000000000, 0.000000000000000000, 1.000000000000000000 ) ) ;
#583 = CIRCLE ( 'NONE', #1263, 1.750000000000001554 ) ;
#584 = ORIENTED_EDGE ( 'NONE', *, *, #1258, .F. ) ;
#585 = EDGE_CURVE ( 'NONE', #1364, #245, #48, .T. ) ;
#586 = ORIENTED_EDGE ( 'NONE', *, *, #759, .F. ) ;
#587 = CARTESIAN_POINT ( 'NONE',  ( 34.49999999999999289, 3.099999999999999645, 7.763932022500211083 ) ) ;
#588 = CYLINDRICAL_SURFACE ( 'NONE', #955, 1.750000000000003331 ) ;
#589 = AXIS2_PLACEMENT_3D ( 'NONE', #405, #1031, #411 ) ;
#590 = CARTESIAN_POINT ( 'NONE',  ( 33.65689734125964350, 5.215723445667673097, -11.00743849285626652 ) ) ;
#591 = VERTEX_POINT ( 'NONE', #840 ) ;
#592 = EDGE_CURVE ( 'NONE', #88, #496, #1270, .T. ) ;
#593 = EDGE_CURVE ( 'NONE', #630, #421, #1163, .T. ) ;
#594 = CARTESIAN_POINT ( 'NONE',  ( 34.49999999999999289, 6.099999999999998757, 7.763932022500211083 ) ) ;
#595 = LINE ( 'NONE', #683, #299 ) ;
#596 = CARTESIAN_POINT ( 'NONE',  ( 32.49999999999999289, 9.099999999999999645, -16.00000000000000000 ) ) ;
#597 = ORIENTED_EDGE ( 'NONE', *, *, #390, .F. ) ;
#598 = ORIENTED_EDGE ( 'NONE', *, *, #1171, .F. ) ;
#599 = SHAPE_DEFINITION_REPRESENTATION ( #1053, #186 ) ;
#600 = CARTESIAN_POINT ( 'NONE',  ( 33.54298402451925654, 5.203866484695775618, 9.400809958287345225 ) ) ;
#601 = FACE_OUTER_BOUND ( 'NONE', #1264, .T. ) ;
#602 = DIRECTION ( 'NONE',  ( -0.000000000000000000, -1.000000000000000000, 0.000000000000000000 ) ) ;
#603 = VERTEX_POINT ( 'NONE', #200 ) ;
#604 = EDGE_LOOP ( 'NONE', ( #505, #177, #533, #1321 ) ) ;
#605 = CARTESIAN_POINT ( 'NONE',  ( 36.50000000000000000, 9.099999999999999645, -10.00000000000000000 ) ) ;
#606 = CIRCLE ( 'NONE', #543, 2.999999999999999112 ) ;
#607 = EDGE_LOOP ( 'NONE', ( #337, #947, #506, #884 ) ) ;
#608 = DIRECTION ( 'NONE',  ( 0.000000000000000000, 1.000000000000000000, 0.000000000000000000 ) ) ;
#609 = DIRECTION ( 'NONE',  ( 0.000000000000000000, 0.000000000000000000, 1.000000000000000000 ) ) ;
#610 = CARTESIAN_POINT ( 'NONE',  ( 32.49999999999999289, 6.099999999999999645, -14.47213595499957606 ) ) ;
#611 = EDGE_CURVE ( 'NONE', #916, #245, #647, .T. ) ;
#612 = ORIENTED_EDGE ( 'NONE', *, *, #96, .T. ) ;
#613 = VERTEX_POINT ( 'NONE', #476 ) ;
#614 = FACE_OUTER_BOUND ( 'NONE', #781, .T. ) ;
#615 = ORIENTED_EDGE ( 'NONE', *, *, #785, .T. ) ;
#616 = CARTESIAN_POINT ( 'NONE',  ( 34.33960473046778361, 3.100000014933589121, 12.09260608712242124 ) ) ;
#617 = FACE_OUTER_BOUND ( 'NONE', #346, .T. ) ;
#618 = CARTESIAN_POINT ( 'NONE',  ( 36.50000000000000000, 6.099999999999999645, 10.00000000000000000 ) ) ;
#619 = ORIENTED_EDGE ( 'NONE', *, *, #204, .T. ) ;
#620 = VERTEX_POINT ( 'NONE', #663 ) ;
#621 = VECTOR ( 'NONE', #989, 1000.000000000000000 ) ;
#622 = CARTESIAN_POINT ( 'NONE',  ( 33.84268682209813051, 3.396863576726279366, -11.40666556392204001 ) ) ;
#623 = ORIENTED_EDGE ( 'NONE', *, *, #226, .T. ) ;
#624 = CARTESIAN_POINT ( 'NONE',  ( 36.50000000000000000, 6.099999999999999645, 10.00000000000000000 ) ) ;
#625 = CARTESIAN_POINT ( 'NONE',  ( 35.50000000000001421, 6.099999999999999645, -19.00000000000000000 ) ) ;
#626 = VERTEX_POINT ( 'NONE', #1336 ) ;
#627 = AXIS2_PLACEMENT_3D ( 'NONE', #578, #794, #799 ) ;
#628 = CARTESIAN_POINT ( 'NONE',  ( 34.49999999999999289, 3.099999999999999645, -7.763932022500211083 ) ) ;
#629 = EDGE_CURVE ( 'NONE', #492, #911, #526, .T. ) ;
#630 = VERTEX_POINT ( 'NONE', #352 ) ;
#631 = CARTESIAN_POINT ( 'NONE',  ( 33.71929556549812901, 3.536528594339990672, 11.13063839282093248 ) ) ;
#632 = DIRECTION ( 'NONE',  ( 0.000000000000000000, -1.000000000000000000, 0.000000000000000000 ) ) ;
#633 = ORIENTED_EDGE ( 'NONE', *, *, #10, .F. ) ;
#634 = CARTESIAN_POINT ( 'NONE',  ( 32.49999999999999289, 6.099999999999999645, -9.148500804197967184 ) ) ;
#635 = COLOUR_RGB ( '',0.7921568627450980005, 0.8196078431372548767, 0.9333333333333333481 ) ;
#636 = CARTESIAN_POINT ( 'NONE',  ( 32.49999999999999289, 6.099999999999999645, 12.26127678562641066 ) ) ;
#637 = ADVANCED_FACE ( 'NONE', ( #374 ), #588, .F. ) ;
#638 = EDGE_CURVE ( 'NONE', #849, #195, #909, .T. ) ;
#639 = VECTOR ( 'NONE', #1380, 1000.000000000000000 ) ;
#640 = AXIS2_PLACEMENT_3D ( 'NONE', #567, #253, #136 ) ;
#641 = DIRECTION ( 'NONE',  ( 0.000000000000000000, 1.000000000000000000, 0.000000000000000000 ) ) ;
#642 = LINE ( 'NONE', #648, #1211 ) ;
#643 = VECTOR ( 'NONE', #979, 1000.000000000000000 ) ;
#644 = DIRECTION ( 'NONE',  ( 0.000000000000000000, 0.000000000000000000, 1.000000000000000000 ) ) ;
#645 = ORIENTED_EDGE ( 'NONE', *, *, #508, .F. ) ;
#646 = FACE_OUTER_BOUND ( 'NONE', #116, .T. ) ;
#647 = LINE ( 'NONE', #110, #1062 ) ;
#648 = CARTESIAN_POINT ( 'NONE',  ( 60.75000000000000000, 9.099999999999999645, 15.00000000000000000 ) ) ;
#649 = EDGE_LOOP ( 'NONE', ( #612, #1375, #787, #1055, #223, #841, #1118, #121 ) ) ;
#650 = FACE_BOUND ( 'NONE', #123, .T. ) ;
#651 = CIRCLE ( 'NONE', #946, 3.000000000000000888 ) ;
#652 = CARTESIAN_POINT ( 'NONE',  ( 36.50000000000000000, 6.099999999999999645, 3.999999999999998224 ) ) ;
#653 = AXIS2_PLACEMENT_3D ( 'NONE', #300, #513, #527 ) ;
#654 = PRODUCT_RELATED_PRODUCT_CATEGORY ( 'part', '', ( #1294 ) ) ;
#655 = ADVANCED_FACE ( 'NONE', ( #1201 ), #125, .F. ) ;
#656 = DIRECTION ( 'NONE',  ( -0.000000000000000000, -1.000000000000000000, -0.000000000000000000 ) ) ;
#657 = CARTESIAN_POINT ( 'NONE',  ( 32.49999999999999289, 6.099999999999999645, -8.532339725140040798 ) ) ;
#658 = EDGE_LOOP ( 'NONE', ( #1307, #206, #923, #738 ) ) ;
#659 = DIRECTION ( 'NONE',  ( -0.000000000000000000, 1.000000000000000000, -0.000000000000000000 ) ) ;
#660 = CARTESIAN_POINT ( 'NONE',  ( 36.50000000000000000, 6.099999999999999645, 13.00000000000000178 ) ) ;
#661 = CIRCLE ( 'NONE', #700, 3.000000000000000000 ) ;
#662 = CARTESIAN_POINT ( 'NONE',  ( 32.49999999999999289, 6.099999999999999645, 19.00000000000000355 ) ) ;
#663 = CARTESIAN_POINT ( 'NONE',  ( 36.50000000000000000, 7.100000000000000533, 6.999999999999998224 ) ) ;
#664 = DIRECTION ( 'NONE',  ( 0.000000000000000000, 1.000000000000000000, 0.000000000000000000 ) ) ;
#665 = VERTEX_POINT ( 'NONE', #1245 ) ;
#666 = FACE_BOUND ( 'NONE', #1148, .T. ) ;
#667 = DIRECTION ( 'NONE',  ( 0.000000000000000000, 1.000000000000000000, 0.000000000000000000 ) ) ;
#668 = DIRECTION ( 'NONE',  ( -0.000000000000000000, 1.000000000000000000, -0.000000000000000000 ) ) ;
#669 = DIRECTION ( 'NONE',  ( 0.000000000000000000, 0.000000000000000000, -1.000000000000000000 ) ) ;
#670 = CARTESIAN_POINT ( 'NONE',  ( 74.50000000000000000, 9.099999999999999645, 18.99999999999999645 ) ) ;
#671 = EDGE_CURVE ( 'NONE', #1009, #821, #879, .T. ) ;
#672 = CARTESIAN_POINT ( 'NONE',  ( 34.43365827226774911, 5.703320681819846527, -12.20881416300164801 ) ) ;
#673 = ORIENTED_EDGE ( 'NONE', *, *, #258, .T. ) ;
#674 = CARTESIAN_POINT ( 'NONE',  ( 0.000000000000000000, 0.000000000000000000, 0.000000000000000000 ) ) ;
#675 = DIRECTION ( 'NONE',  ( -0.000000000000000000, -1.000000000000000000, -0.000000000000000000 ) ) ;
#676 = ADVANCED_FACE ( 'NONE', ( #172 ), #1238, .T. ) ;
#677 = AXIS2_PLACEMENT_3D ( 'NONE', #437, #667, #1212 ) ;
#678 = CARTESIAN_POINT ( 'NONE',  ( 32.49999999999999289, 6.099999999999999645, -12.63827944425592165 ) ) ;
#679 = VERTEX_POINT ( 'NONE', #1350 ) ;
#680 = CARTESIAN_POINT ( 'NONE',  ( 33.67999016519426903, 3.580963953263305743, 8.957157455727800865 ) ) ;
#681 = CARTESIAN_POINT ( 'NONE',  ( 33.81054440740674494, 5.247169773623744149, 8.612767141746545008 ) ) ;
#682 = CIRCLE ( 'NONE', #76, 3.000000000000000888 ) ;
#683 = CARTESIAN_POINT ( 'NONE',  ( 64.25000000000000000, 2.099999999999999645, -15.00000000000000000 ) ) ;
#684 = ADVANCED_FACE ( 'NONE', ( #882 ), #808, .F. ) ;
#685 = CARTESIAN_POINT ( 'NONE',  ( 33.81033837163283096, 5.247118582031823131, -11.38677473151975938 ) ) ;
#686 = ORIENTED_EDGE ( 'NONE', *, *, #1319, .T. ) ;
#687 = CARTESIAN_POINT ( 'NONE',  ( 34.33267292661921744, 3.099999999999999645, 12.08640609327758852 ) ) ;
#688 = CARTESIAN_POINT ( 'NONE',  ( 32.50000000000004263, 6.099999999999984546, 6.127599929338845897 ) ) ;
#689 = DIRECTION ( 'NONE',  ( 0.000000000000000000, 0.000000000000000000, -1.000000000000000000 ) ) ;
#690 = CARTESIAN_POINT ( 'NONE',  ( 71.50000000000000000, 6.099999999999999645, -16.00000000000000355 ) ) ;
#691 = ADVANCED_FACE ( 'NONE', ( #777 ), #50, .F. ) ;
#692 = CARTESIAN_POINT ( 'NONE',  ( 32.49999999999999289, 6.099999999999999645, -11.46759626305861168 ) ) ;
#693 = VERTEX_POINT ( 'NONE', #482 ) ;
#694 = CARTESIAN_POINT ( 'NONE',  ( 34.33752672972084952, 3.114070400488485824, 7.917834043733413374 ) ) ;
#695 = VERTEX_POINT ( 'NONE', #284 ) ;
#696 = DIRECTION ( 'NONE',  ( 0.000000000000000000, 0.000000000000000000, 1.000000000000000000 ) ) ;
#697 = DIRECTION ( 'NONE',  ( -0.000000000000000000, 1.000000000000000000, -0.000000000000000000 ) ) ;
#698 = PRESENTATION_LAYER_ASSIGNMENT (  '', '', ( #70 ) ) ;
#699 = VERTEX_POINT ( 'NONE', #61 ) ;
#700 = AXIS2_PLACEMENT_3D ( 'NONE', #62, #920, #1351 ) ;
#701 = AXIS2_PLACEMENT_3D ( 'NONE', #208, #726, #1036 ) ;
#702 = ORIENTED_EDGE ( 'NONE', *, *, #129, .T. ) ;
#703 = ORIENTED_EDGE ( 'NONE', *, *, #592, .F. ) ;
#704 = CARTESIAN_POINT ( 'NONE',  ( 32.49999999999995026, 6.100000000000028955, 7.930951635365968144 ) ) ;
#705 = DIRECTION ( 'NONE',  ( -0.000000000000000000, 1.000000000000000000, -0.000000000000000000 ) ) ;
#706 = CARTESIAN_POINT ( 'NONE',  ( 35.50000000000001421, 6.099999999999999645, 19.00000000000000355 ) ) ;
#707 = CARTESIAN_POINT ( 'NONE',  ( 36.50000000000000000, 9.099999999999999645, -10.00000000000000000 ) ) ;
#708 = CARTESIAN_POINT ( 'NONE',  ( 36.50000000000000000, 2.100000000000000089, 13.00000000000000178 ) ) ;
#709 = LINE ( 'NONE', #169, #746 ) ;
#710 = FACE_OUTER_BOUND ( 'NONE', #511, .T. ) ;
#711 = CARTESIAN_POINT ( 'NONE',  ( 36.50000000000000000, 2.100000000000000089, -13.00000000000000178 ) ) ;
#712 = ORIENTED_EDGE ( 'NONE', *, *, #1028, .F. ) ;
#713 = CIRCLE ( 'NONE', #1146, 3.000000000000000888 ) ;
#714 = CARTESIAN_POINT ( 'NONE',  ( 33.61495411762236074, 3.675108799789227998, -10.84920197715746326 ) ) ;
#715 = VECTOR ( 'NONE', #185, 1000.000000000000000 ) ;
#716 = ORIENTED_EDGE ( 'NONE', *, *, #97, .T. ) ;
#717 = CARTESIAN_POINT ( 'NONE',  ( 34.01201567030547324, 3.260237675703971050, 11.67960330891889242 ) ) ;
#718 = ADVANCED_FACE ( 'NONE', ( #1311 ), #271, .F. ) ;
#719 = FACE_OUTER_BOUND ( 'NONE', #604, .T. ) ;
#720 = LINE ( 'NONE', #285, #457 ) ;
#721 = VERTEX_POINT ( 'NONE', #1127 ) ;
#722 = ORIENTED_EDGE ( 'NONE', *, *, #1155, .F. ) ;
#723 = ORIENTED_EDGE ( 'NONE', *, *, #1284, .F. ) ;
#724 = DIRECTION ( 'NONE',  ( 0.000000000000000000, 1.000000000000000000, 0.000000000000000000 ) ) ;
#725 = CARTESIAN_POINT ( 'NONE',  ( 32.49999999999999289, 6.099999999999999645, 14.47213595499957073 ) ) ;
#726 = DIRECTION ( 'NONE',  ( 0.000000000000000000, 1.000000000000000000, 0.000000000000000000 ) ) ;
#727 = DIRECTION ( 'NONE',  ( -0.000000000000000000, -0.000000000000000000, 1.000000000000000000 ) ) ;
#728 = EDGE_CURVE ( 'NONE', #916, #849, #228, .T. ) ;
#729 = EDGE_LOOP ( 'NONE', ( #1247, #716, #53, #1033, #276, #828, #182, #1054 ) ) ;
#730 = ORIENTED_EDGE ( 'NONE', *, *, #382, .F. ) ;
#731 = CARTESIAN_POINT ( 'NONE',  ( 62.50000000000000000, 2.099999999999999645, 16.75000000000000000 ) ) ;
#732 = ORIENTED_EDGE ( 'NONE', *, *, #568, .F. ) ;
#733 = CARTESIAN_POINT ( 'NONE',  ( 36.50000000000000000, 6.099999999999999645, 10.00000000000000000 ) ) ;
#734 = DIRECTION ( 'NONE',  ( 0.000000000000000000, 0.000000000000000000, 1.000000000000000000 ) ) ;
#735 = ORIENTED_EDGE ( 'NONE', *, *, #801, .F. ) ;
#736 = EDGE_CURVE ( 'NONE', #721, #1221, #595, .T. ) ;
#737 = LINE ( 'NONE', #1056, #966 ) ;
#738 = ORIENTED_EDGE ( 'NONE', *, *, #390, .T. ) ;
#739 = CARTESIAN_POINT ( 'NONE',  ( 34.19824088940114848, 3.149944879958642474, 11.93557180112812510 ) ) ;
#740 =( BOUNDED_SURFACE ( )  B_SPLINE_SURFACE ( 3, 2, ( 
 ( #900, #594, #587 ),
 ( #270, #378, #155 ),
 ( #688, #1329, #161 ),
 ( #1142, #927, #150 ),
 ( #815, #1357, #486 ),
 ( #580, #370, #918 ),
 ( #704, #681, #282 ),
 ( #1015, #60, #913 ),
 ( #1010, #394, #49 ),
 ( #480, #600, #1349 ),
 ( #44, #257, #1115 ),
 ( #1136, #572, #475 ),
 ( #908, #1005, #1341 ),
 ( #807, #795, #41 ),
 ( #373, #386, #1243 ),
 ( #1027, #800, #1230 ),
 ( #636, #831, #631 ),
 ( #211, #500, #95 ),
 ( #1175, #1151, #298 ),
 ( #1066, #858, #1043 ),
 ( #846, #837, #717 ),
 ( #104, #1286, #739 ),
 ( #176, #87, #616 ),
 ( #725, #196, #429 ) ),
 .UNSPECIFIED., .F., .F., .T. ) 
 B_SPLINE_SURFACE_WITH_KNOTS ( ( 4, 2, 2, 2, 2, 2, 2, 2, 2, 2, 2, 4 ),
 ( 3, 3 ),
 ( 0.005030768065242397988, 0.006309583356435253393, 0.007588398647628109665, 0.008227806293224537368, 0.008867213938820965938, 0.01014602923001382134, 0.01142484452120667675, 0.01206425216680310358, 0.01270365981239953215, 0.01334306745799596072, 0.01398247510359238929, 0.01526129039478524470 ),
 ( 0.000000000000000000, 1.000000000000000000 ),
 .UNSPECIFIED. ) 
 GEOMETRIC_REPRESENTATION_ITEM ( )  RATIONAL_B_SPLINE_SURFACE ( (
 ( 1.000000000000000000, 0.7071067811865474617, 1.000000000000000000),
 ( 1.000000000000000000, 0.7322850399142564193, 1.000000000000000000),
 ( 1.000000000000000000, 0.7589112830747083427, 1.000000000000000000),
 ( 1.000000000000000000, 0.8091984438047171713, 1.000000000000000000),
 ( 1.000000000000000000, 0.8320990105848323770, 1.000000000000000000),
 ( 1.000000000000000000, 0.8608282553582797814, 1.000000000000000000),
 ( 1.000000000000000000, 0.8695019395372228788, 1.000000000000000000),
 ( 1.000000000000000000, 0.8847764443794018385, 1.000000000000000000),
 ( 1.000000000000000000, 0.8913641295269161269, 1.000000000000000000),
 ( 1.000000000000000000, 0.9072432978302411577, 1.000000000000000000),
 ( 1.000000000000000000, 0.9128762107021785033, 1.000000000000000000),
 ( 1.000000000000000000, 0.9128656402004654558, 1.000000000000000000),
 ( 1.000000000000000000, 0.9072686914029909344, 1.000000000000000000),
 ( 1.000000000000000000, 0.8913675506299579832, 1.000000000000000000),
 ( 1.000000000000000000, 0.8847676738837336741, 1.000000000000000000),
 ( 1.000000000000000000, 0.8695313743563454212, 1.000000000000000000),
 ( 1.000000000000000000, 0.8608751792425538563, 1.000000000000000000),
 ( 1.000000000000000000, 0.8417437439847793579, 1.000000000000000000),
 ( 1.000000000000000000, 0.8312662605994468601, 1.000000000000000000),
 ( 1.000000000000000000, 0.8087497057246505472, 1.000000000000000000),
 ( 1.000000000000000000, 0.7966359807985990971, 1.000000000000000000),
 ( 1.000000000000000000, 0.7590071902545068028, 1.000000000000000000),
 ( 1.000000000000000000, 0.7323775314266176562, 1.000000000000000000),
 ( 1.000000000000000000, 0.7071067811865481278, 1.000000000000000000) ) ) 
 REPRESENTATION_ITEM ( '' )  SURFACE ( )  );
#741 = DIRECTION ( 'NONE',  ( -0.000000000000000000, 1.000000000000000000, -0.000000000000000000 ) ) ;
#742 = CARTESIAN_POINT ( 'NONE',  ( 32.49999999999999289, 3.099999999999999645, 14.47213595499957783 ) ) ;
#743 = AXIS2_PLACEMENT_3D ( 'NONE', #1283, #1305, #451 ) ;
#744 = PLANE ( 'NONE',  #751 ) ;
#745 = ORIENTED_EDGE ( 'NONE', *, *, #1381, .F. ) ;
#746 = VECTOR ( 'NONE', #290, 1000.000000000000000 ) ;
#747 = CARTESIAN_POINT ( 'NONE',  ( 35.50000000000000000, 9.099999999999999645, 16.00000000000000355 ) ) ;
#748 = ORIENTED_EDGE ( 'NONE', *, *, #171, .F. ) ;
#749 = AXIS2_PLACEMENT_3D ( 'NONE', #1205, #549, #26 ) ;
#750 = DIRECTION ( 'NONE',  ( 0.000000000000000000, -1.000000000000000000, 0.000000000000000000 ) ) ;
#751 = AXIS2_PLACEMENT_3D ( 'NONE', #328, #439, #428 ) ;
#752 = CARTESIAN_POINT ( 'NONE',  ( 35.50000000000000000, 9.099999999999999645, -19.00000000000000000 ) ) ;
#753 = ORIENTED_EDGE ( 'NONE', *, *, #1190, .F. ) ;
#754 = VECTOR ( 'NONE', #951, 1000.000000000000000 ) ;
#755 = CARTESIAN_POINT ( 'NONE',  ( 36.50000000000000000, 7.100000000000000533, 10.00000000000000000 ) ) ;
#756 = VERTEX_POINT ( 'NONE', #488 ) ;
#757 = FILL_AREA_STYLE ('',( #1293 ) ) ;
#758 = ADVANCED_FACE ( 'NONE', ( #601 ), #1090, .F. ) ;
#759 = EDGE_CURVE ( 'NONE', #591, #916, #452, .T. ) ;
#760 = DIRECTION ( 'NONE',  ( -0.000000000000000000, -1.000000000000000000, -0.000000000000000000 ) ) ;
#761 = CARTESIAN_POINT ( 'NONE',  ( 34.49999999999999289, 6.099999999999998757, -7.763932022500211083 ) ) ;
#762 = ORIENTED_EDGE ( 'NONE', *, *, #259, .F. ) ;
#763 = DIRECTION ( 'NONE',  ( 0.000000000000000000, 0.000000000000000000, 1.000000000000000000 ) ) ;
#764 = EDGE_LOOP ( 'NONE', ( #1107, #33, #1039, #1047 ) ) ;
#765 = DIRECTION ( 'NONE',  ( 0.000000000000000000, 1.000000000000000000, 0.000000000000000000 ) ) ;
#766 = AXIS2_PLACEMENT_3D ( 'NONE', #1207, #1030, #581 ) ;
#767 = CARTESIAN_POINT ( 'NONE',  ( 64.25000000000000000, 9.099999999999999645, 15.00000000000000000 ) ) ;
#768 = DIRECTION ( 'NONE',  ( 0.000000000000000000, 0.000000000000000000, 1.000000000000000000 ) ) ;
#769 = DIRECTION ( 'NONE',  ( -0.000000000000000000, -1.000000000000000000, -0.000000000000000000 ) ) ;
#770 = ORIENTED_EDGE ( 'NONE', *, *, #568, .T. ) ;
#771 = DIRECTION ( 'NONE',  ( 0.000000000000000000, 0.000000000000000000, 1.000000000000000000 ) ) ;
#772 = ORIENTED_EDGE ( 'NONE', *, *, #349, .T. ) ;
#773 =( NAMED_UNIT ( * ) SI_UNIT ( $, .STERADIAN. ) SOLID_ANGLE_UNIT ( ) );
#774 = VECTOR ( 'NONE', #1074, 1000.000000000000000 ) ;
#775 = AXIS2_PLACEMENT_3D ( 'NONE', #1108, #144, #6 ) ;
#776 = DIRECTION ( 'NONE',  ( 1.000000000000000000, -0.000000000000000000, 1.224646799147353207E-16 ) ) ;
#777 = FACE_OUTER_BOUND ( 'NONE', #1396, .T. ) ;
#778 = ADVANCED_FACE ( 'NONE', ( #719 ), #114, .F. ) ;
#779 = ADVANCED_FACE ( 'NONE', ( #1373, #710 ), #952, .T. ) ;
#780 = CARTESIAN_POINT ( 'NONE',  ( 33.54298402452072025, 5.203866484695957695, -9.400809958287345225 ) ) ;
#781 = EDGE_LOOP ( 'NONE', ( #82, #323, #1014, #499, #385, #1273 ) ) ;
#782 = DIRECTION ( 'NONE',  ( 1.000000000000000000, -0.000000000000000000, -1.652117596168387756E-16 ) ) ;
#783 = CARTESIAN_POINT ( 'NONE',  ( 36.50000000000000000, 9.099999999999999645, -11.75000000000000355 ) ) ;
#784 = CARTESIAN_POINT ( 'NONE',  ( 71.50000000000000000, 9.099999999999999645, 18.99999999999999645 ) ) ;
#785 = EDGE_CURVE ( 'NONE', #377, #756, #1012, .T. ) ;
#786 = CARTESIAN_POINT ( 'NONE',  ( 34.25678930731709926, 5.495956439145554207, -12.04002891720102575 ) ) ;
#787 = ORIENTED_EDGE ( 'NONE', *, *, #1216, .F. ) ;
#788 = APPLICATION_PROTOCOL_DEFINITION ( 'draft international standard', 'automotive_design', 1998, #272 ) ;
#789 = VECTOR ( 'NONE', #547, 1000.000000000000000 ) ;
#790 = DIRECTION ( 'NONE',  ( -0.000000000000000000, -1.000000000000000000, -0.000000000000000000 ) ) ;
#791 = AXIS2_PLACEMENT_3D ( 'NONE', #1084, #750, #550 ) ;
#792 = CARTESIAN_POINT ( 'NONE',  ( 34.50000000000000000, 6.099999999999994316, -12.23606797749978803 ) ) ;
#793 = ORIENTED_EDGE ( 'NONE', *, *, #1319, .F. ) ;
#794 = DIRECTION ( 'NONE',  ( 0.000000000000000000, 1.000000000000000000, 0.000000000000000000 ) ) ;
#795 = CARTESIAN_POINT ( 'NONE',  ( 33.65689734125963639, 5.215723445667580727, 11.00743849285626652 ) ) ;
#796 = AXIS2_PLACEMENT_3D ( 'NONE', #855, #21, #343 ) ;
#797 = CYLINDRICAL_SURFACE ( 'NONE', #1113, 3.000000000000000888 ) ;
#798 = VERTEX_POINT ( 'NONE', #179 ) ;
#799 = DIRECTION ( 'NONE',  ( 0.000000000000000000, 0.000000000000000000, 1.000000000000000000 ) ) ;
#800 = CARTESIAN_POINT ( 'NONE',  ( 33.81033837163133882, 5.247118582031823131, 11.38677473151957287 ) ) ;
#801 = EDGE_CURVE ( 'NONE', #484, #603, #583, .T. ) ;
#802 = CARTESIAN_POINT ( 'NONE',  ( 36.50000000000000000, 6.099999999999999645, 10.00000000000000000 ) ) ;
#803 = VECTOR ( 'NONE', #561, 1000.000000000000000 ) ;
#804 = CARTESIAN_POINT ( 'NONE',  ( 36.50000000000000000, 7.100000000000000533, 13.00000000000000178 ) ) ;
#805 = ORIENTED_EDGE ( 'NONE', *, *, #27, .T. ) ;
#806 = CARTESIAN_POINT ( 'NONE',  ( 33.94375047095137887, 3.302082869966505907, 11.58423110234235232 ) ) ;
#807 = CARTESIAN_POINT ( 'NONE',  ( 32.49999999999999289, 6.099999999999999645, 11.46759626305861168 ) ) ;
#808 = CYLINDRICAL_SURFACE ( 'NONE', #344, 3.000000000000000888 ) ;
#809 = CARTESIAN_POINT ( 'NONE',  ( 36.50000000000000000, 9.099999999999999645, 10.00000000000000000 ) ) ;
#810 = AXIS2_PLACEMENT_3D ( 'NONE', #218, #18, #455 ) ;
#811 = EDGE_LOOP ( 'NONE', ( #423, #548 ) ) ;
#812 = CARTESIAN_POINT ( 'NONE',  ( 33.99446703813423909, 5.316301935821742930, -11.71038242533932561 ) ) ;
#813 = ORIENTED_EDGE ( 'NONE', *, *, #529, .F. ) ;
#814 = DIRECTION ( 'NONE',  ( 0.000000000000000000, 0.000000000000000000, 1.000000000000000000 ) ) ;
#815 = CARTESIAN_POINT ( 'NONE',  ( 32.50000000000007105, 6.099999999999955236, 7.171842643844866139 ) ) ;
#816 = CARTESIAN_POINT ( 'NONE',  ( 36.50000000000000000, 3.099999999999999645, 10.00000000000000000 ) ) ;
#817 = DIRECTION ( 'NONE',  ( -0.000000000000000000, -1.000000000000000000, -0.000000000000000000 ) ) ;
#818 = AXIS2_PLACEMENT_3D ( 'NONE', #493, #1021, #824 ) ;
#819 = DIRECTION ( 'NONE',  ( 0.7453559924999295649, 0.000000000000000000, -0.6666666666666671848 ) ) ;
#820 = CIRCLE ( 'NONE', #459, 3.000000000000000888 ) ;
#821 = VERTEX_POINT ( 'NONE', #1269 ) ;
#822 = EDGE_CURVE ( 'NONE', #1221, #1150, #1374, .T. ) ;
#823 = CARTESIAN_POINT ( 'NONE',  ( 64.25000000000000000, 2.099999999999999645, 15.00000000000000000 ) ) ;
#824 = DIRECTION ( 'NONE',  ( 0.000000000000000000, 0.000000000000000000, 1.000000000000000000 ) ) ;
#825 = DIRECTION ( 'NONE',  ( 0.000000000000000000, 1.000000000000000000, 0.000000000000000000 ) ) ;
#826 = VECTOR ( 'NONE', #602, 1000.000000000000000 ) ;
#827 = CARTESIAN_POINT ( 'NONE',  ( 36.50000000000000000, 6.099999999999999645, 6.999999999999999112 ) ) ;
#828 = ORIENTED_EDGE ( 'NONE', *, *, #1171, .T. ) ;
#829 = EDGE_CURVE ( 'NONE', #1009, #47, #1152, .T. ) ;
#830 = DIRECTION ( 'NONE',  ( -0.000000000000000000, 1.000000000000000000, -0.000000000000000000 ) ) ;
#831 = CARTESIAN_POINT ( 'NONE',  ( 33.86960928085219535, 5.264904857683062822, 11.50138548500386193 ) ) ;
#832 = CARTESIAN_POINT ( 'NONE',  ( 36.50000000000000000, 3.099999999999999645, -10.00000000000000000 ) ) ;
#833 = DIRECTION ( 'NONE',  ( -0.000000000000000000, -0.000000000000000000, 1.000000000000000000 ) ) ;
#834 = ORIENTED_EDGE ( 'NONE', *, *, #433, .F. ) ;
#835 = AXIS2_PLACEMENT_3D ( 'NONE', #56, #387, #929 ) ;
#836 = DIRECTION ( 'NONE',  ( 0.000000000000000000, 0.000000000000000000, 1.000000000000000000 ) ) ;
#837 = CARTESIAN_POINT ( 'NONE',  ( 34.25678930731709926, 5.495956439145462724, 12.04002891720102930 ) ) ;
#838 = CARTESIAN_POINT ( 'NONE',  ( 62.50000000000000000, 9.099999999999999645, -15.00000000000000000 ) ) ;
#839 = ADVANCED_FACE ( 'NONE', ( #306, #1162 ), #1052, .F. ) ;
#840 = CARTESIAN_POINT ( 'NONE',  ( 74.50000000000000000, 9.099999999999999645, 15.99999999999999645 ) ) ;
#841 = ORIENTED_EDGE ( 'NONE', *, *, #1284, .T. ) ;
#842 = CARTESIAN_POINT ( 'NONE',  ( 34.49999999999999289, 3.099999999999999645, -7.763932022500211083 ) ) ;
#843 = AXIS2_PLACEMENT_3D ( 'NONE', #51, #57, #1145 ) ;
#844 = CYLINDRICAL_SURFACE ( 'NONE', #1262, 3.000000000000000888 ) ;
#845 = EDGE_LOOP ( 'NONE', ( #159, #68 ) ) ;
#846 = CARTESIAN_POINT ( 'NONE',  ( 32.49999999999999289, 6.099999999999998757, 13.35920661777077889 ) ) ;
#847 = CARTESIAN_POINT ( 'NONE',  ( 71.50000000000000000, 9.099999999999999645, -19.00000000000000355 ) ) ;
#848 = ADVANCED_FACE ( 'NONE', ( #1260 ), #418, .T. ) ;
#849 = VERTEX_POINT ( 'NONE', #1367 ) ;
#850 = CARTESIAN_POINT ( 'NONE',  ( 36.50000000000000000, 2.100000000000000089, -10.00000000000000000 ) ) ;
#851 = EDGE_LOOP ( 'NONE', ( #748, #1157, #521, #1227, #1223 ) ) ;
#852 = CARTESIAN_POINT ( 'NONE',  ( 36.50000000000000000, 3.099999999999999645, 10.00000000000000000 ) ) ;
#853 = VERTEX_POINT ( 'NONE', #625 ) ;
#854 = CARTESIAN_POINT ( 'NONE',  ( 36.50000000000000000, 6.099999999999999645, -10.00000000000000000 ) ) ;
#855 = CARTESIAN_POINT ( 'NONE',  ( 36.50000000000000000, 2.100000000000000089, 10.00000000000000000 ) ) ;
#856 = CARTESIAN_POINT ( 'NONE',  ( 32.49999999999995026, 6.100000000000021849, -7.737708694329350045 ) ) ;
#857 = EDGE_LOOP ( 'NONE', ( #722, #619, #479, #834 ) ) ;
#858 = CARTESIAN_POINT ( 'NONE',  ( 34.19138429068166118, 5.439638498991917537, 11.96963434619853572 ) ) ;
#859 = EDGE_LOOP ( 'NONE', ( #953, #745 ) ) ;
#860 = DIRECTION ( 'NONE',  ( 0.000000000000000000, 0.000000000000000000, -1.000000000000000000 ) ) ;
#861 = CIRCLE ( 'NONE', #1177, 1.750000000000003331 ) ;
#862 = CARTESIAN_POINT ( 'NONE',  ( 34.19872597719309226, 3.149693183231035754, -8.063799964776098506 ) ) ;
#863 = EDGE_CURVE ( 'NONE', #192, #1364, #396, .T. ) ;
#864 = VERTEX_POINT ( 'NONE', #534 ) ;
#865 = FACE_BOUND ( 'NONE', #851, .T. ) ;
#866 = LINE ( 'NONE', #1224, #931 ) ;
#867 = CARTESIAN_POINT ( 'NONE',  ( 36.50000000000000000, 9.099999999999999645, -6.999999999999999112 ) ) ;
#868 = VECTOR ( 'NONE', #1001, 1000.000000000000000 ) ;
#869 = CARTESIAN_POINT ( 'NONE',  ( 36.50000000000000000, 2.100000000000000089, 10.00000000000000000 ) ) ;
#870 = ORIENTED_EDGE ( 'NONE', *, *, #244, .F. ) ;
#871 = AXIS2_PLACEMENT_3D ( 'NONE', #733, #304, #1167 ) ;
#872 = CYLINDRICAL_SURFACE ( 'NONE', #295, 1.750000000000001554 ) ;
#873 = DIRECTION ( 'NONE',  ( 0.000000000000000000, 0.000000000000000000, 1.000000000000000000 ) ) ;
#874 = DIRECTION ( 'NONE',  ( 0.000000000000000000, 0.000000000000000000, -1.000000000000000000 ) ) ;
#875 = CARTESIAN_POINT ( 'NONE',  ( 32.49999999999999289, 6.099999999999999645, -5.527864045000423054 ) ) ;
#876 = ORIENTED_EDGE ( 'NONE', *, *, #1335, .F. ) ;
#877 = CARTESIAN_POINT ( 'NONE',  ( 62.50000000000000000, 6.099999999999999645, -15.00000000000000000 ) ) ;
#878 = DIRECTION ( 'NONE',  ( -0.000000000000000000, -0.000000000000000000, 1.000000000000000000 ) ) ;
#879 = CIRCLE ( 'NONE', #766, 3.000000000000000888 ) ;
#880 = ADVANCED_FACE ( 'NONE', ( #962, #1276 ), #313, .F. ) ;
#881 = CARTESIAN_POINT ( 'NONE',  ( 32.49999999999999289, 6.099999999999999645, -16.00000000000000000 ) ) ;
#882 = FACE_OUTER_BOUND ( 'NONE', #154, .T. ) ;
#883 = LINE ( 'NONE', #115, #643 ) ;
#884 = ORIENTED_EDGE ( 'NONE', *, *, #465, .T. ) ;
#885 = DIRECTION ( 'NONE',  ( -0.000000000000000000, 1.000000000000000000, -0.000000000000000000 ) ) ;
#886 = FACE_OUTER_BOUND ( 'NONE', #1347, .T. ) ;
#887 = B_SPLINE_CURVE_WITH_KNOTS ( 'NONE', 3,
 ( #1327, #687, #1222, #806, #269, #1348, #1119, #366, #1003, #912, #1112, #924, #1236, #490, #680, #905, #917, #252, #1105, #694, #1228, #1126 ),
 .UNSPECIFIED., .F., .F.,
 ( 4, 2, 2, 2, 2, 2, 2, 2, 2, 2, 4 ),
 ( 0.000000000000000000, 0.0006602529570232971512, 0.001320505914046594302, 0.001980758871069891128, 0.002310885349581542469, 0.002641011828093193375, 0.003301264785116495189, 0.003961517742139797002, 0.004621770699163098815, 0.004951897177674747554, 0.005282023656186397159 ),
 .UNSPECIFIED. ) ;
#888 = VECTOR ( 'NONE', #1128, 1000.000000000000000 ) ;
#889 = VECTOR ( 'NONE', #632, 1000.000000000000000 ) ;
#890 = EDGE_CURVE ( 'NONE', #798, #454, #820, .T. ) ;
#891 = EDGE_CURVE ( 'NONE', #77, #496, #1000, .T. ) ;
#892 = CARTESIAN_POINT ( 'NONE',  ( 36.50000000000000000, 6.099999999999999645, 10.00000000000000000 ) ) ;
#893 = CARTESIAN_POINT ( 'NONE',  ( 33.80360783250965540, 3.441140267793362906, -11.31913972212038821 ) ) ;
#894 = VERTEX_POINT ( 'NONE', #1282 ) ;
#895 = LINE ( 'NONE', #347, #803 ) ;
#896 = CIRCLE ( 'NONE', #1069, 3.000000000000000888 ) ;
#897 = DIRECTION ( 'NONE',  ( 0.000000000000000000, 0.000000000000000000, -1.000000000000000000 ) ) ;
#898 = DIRECTION ( 'NONE',  ( -0.000000000000000000, -1.000000000000000000, -0.000000000000000000 ) ) ;
#899 = ORIENTED_EDGE ( 'NONE', *, *, #829, .T. ) ;
#900 = CARTESIAN_POINT ( 'NONE',  ( 32.49999999999999289, 6.099999999999999645, 5.527864045000423054 ) ) ;
#901 = AXIS2_PLACEMENT_3D ( 'NONE', #194, #1355, #942 ) ;
#902 = VECTOR ( 'NONE', #151, 1000.000000000000000 ) ;
#903 = CARTESIAN_POINT ( 'NONE',  ( 34.49999999999998579, 3.100000000000000089, -12.23606797749978448 ) ) ;
#904 = VERTEX_POINT ( 'NONE', #71 ) ;
#905 = CARTESIAN_POINT ( 'NONE',  ( 33.84332045017159629, 3.396244279373600961, 8.592154195208610901 ) ) ;
#906 = EDGE_CURVE ( 'NONE', #983, #17, #395, .T. ) ;
#907 = ADVANCED_FACE ( 'NONE', ( #617 ), #1067, .F. ) ;
#908 = CARTESIAN_POINT ( 'NONE',  ( 32.49999999999999289, 6.099999999999999645, 10.85037616181524989 ) ) ;
#909 = LINE ( 'NONE', #45, #160 ) ;
#910 = CARTESIAN_POINT ( 'NONE',  ( 35.50000000000000000, 9.099999999999999645, -16.00000000000000000 ) ) ;
#911 = VERTEX_POINT ( 'NONE', #248 ) ;
#912 = CARTESIAN_POINT ( 'NONE',  ( 33.50641272361254863, 3.852299923829880068, 10.22425261883917535 ) ) ;
#913 = CARTESIAN_POINT ( 'NONE',  ( 33.61691722026098006, 3.673703022338282498, 9.164083479635982243 ) ) ;
#914 = CARTESIAN_POINT ( 'NONE',  ( 36.50000000000000000, 7.100000000000000533, 10.00000000000000000 ) ) ;
#915 = CARTESIAN_POINT ( 'NONE',  ( 33.71929556549805795, 3.536528594339990672, -11.13063839282077616 ) ) ;
#916 = VERTEX_POINT ( 'NONE', #1192 ) ;
#917 = CARTESIAN_POINT ( 'NONE',  ( 33.94245641781957090, 3.303124105307023495, 8.417849102136083062 ) ) ;
#918 = CARTESIAN_POINT ( 'NONE',  ( 33.71949906057247404, 3.536276761836980143, 8.868854347147834716 ) ) ;
#919 = DIRECTION ( 'NONE',  ( 0.000000000000000000, 0.000000000000000000, -1.000000000000000000 ) ) ;
#920 = DIRECTION ( 'NONE',  ( -1.000000000000000000, 0.000000000000000000, 0.000000000000000000 ) ) ;
#921 = EDGE_CURVE ( 'NONE', #935, #665, #569, .T. ) ;
#922 = ORIENTED_EDGE ( 'NONE', *, *, #611, .T. ) ;
#923 = ORIENTED_EDGE ( 'NONE', *, *, #1277, .T. ) ;
#924 = CARTESIAN_POINT ( 'NONE',  ( 33.49995609903470495, 3.864010554926110341, 9.777032008605877067 ) ) ;
#925 = CARTESIAN_POINT ( 'NONE',  ( 33.94243666525949976, 3.303188650338927168, -11.58206566395614168 ) ) ;
#926 = ORIENTED_EDGE ( 'NONE', *, *, #1225, .T. ) ;
#927 = CARTESIAN_POINT ( 'NONE',  ( 34.20145217776744317, 5.430996388198296998, 8.012747857219302716 ) ) ;
#928 = VECTOR ( 'NONE', #234, 1000.000000000000000 ) ;
#929 = DIRECTION ( 'NONE',  ( 0.000000000000000000, 0.000000000000000000, 1.000000000000000000 ) ) ;
#930 = PLANE ( 'NONE',  #589 ) ;
#931 = VECTOR ( 'NONE', #468, 1000.000000000000000 ) ;
#932 = EDGE_CURVE ( 'NONE', #454, #798, #215, .T. ) ;
#933 = ORIENTED_EDGE ( 'NONE', *, *, #220, .F. ) ;
#934 = DIRECTION ( 'NONE',  ( 0.000000000000000000, 0.000000000000000000, 1.000000000000000000 ) ) ;
#935 = VERTEX_POINT ( 'NONE', #991 ) ;
#936 = DIRECTION ( 'NONE',  ( -0.000000000000000000, 1.000000000000000000, -0.000000000000000000 ) ) ;
#937 = DIRECTION ( 'NONE',  ( 0.000000000000000000, -1.000000000000000000, 0.000000000000000000 ) ) ;
#938 = AXIS2_PLACEMENT_3D ( 'NONE', #1092, #1298, #644 ) ;
#939 = CIRCLE ( 'NONE', #146, 3.000000000000000888 ) ;
#940 = ORIENTED_EDGE ( 'NONE', *, *, #258, .F. ) ;
#941 = VERTEX_POINT ( 'NONE', #1322 ) ;
#942 = DIRECTION ( 'NONE',  ( 0.6666666666666671848, 0.000000000000000000, -0.7453559924999295649 ) ) ;
#943 = DIRECTION ( 'NONE',  ( 0.000000000000000000, 0.000000000000000000, 1.000000000000000000 ) ) ;
#944 = CARTESIAN_POINT ( 'NONE',  ( 62.50000000000000000, 6.099999999999999645, 15.00000000000000000 ) ) ;
#945 = DIRECTION ( 'NONE',  ( -0.000000000000000000, 1.000000000000000000, -0.000000000000000000 ) ) ;
#946 = AXIS2_PLACEMENT_3D ( 'NONE', #256, #1333, #814 ) ;
#947 = ORIENTED_EDGE ( 'NONE', *, *, #1233, .F. ) ;
#948 = ORIENTED_EDGE ( 'NONE', *, *, #130, .T. ) ;
#949 = AXIS2_PLACEMENT_3D ( 'NONE', #838, #641, #734 ) ;
#950 = CARTESIAN_POINT ( 'NONE',  ( 34.41632085697685284, 3.099999999999943245, -12.16122307666033642 ) ) ;
#951 = DIRECTION ( 'NONE',  ( 1.000000000000000000, -0.000000000000000000, -1.652117596168387756E-16 ) ) ;
#952 = PLANE ( 'NONE',  #156 ) ;
#953 = ORIENTED_EDGE ( 'NONE', *, *, #1183, .F. ) ;
#954 = EDGE_LOOP ( 'NONE', ( #1353, #73, #329, #586 ) ) ;
#955 = AXIS2_PLACEMENT_3D ( 'NONE', #802, #1011, #919 ) ;
#956 = CARTESIAN_POINT ( 'NONE',  ( 34.33726132959981214, 3.114117544706665353, -12.08189960881728275 ) ) ;
#957 = DIRECTION ( 'NONE',  ( 0.000000000000000000, 1.000000000000000000, 0.000000000000000000 ) ) ;
#958 = CARTESIAN_POINT ( 'NONE',  ( 36.50000000000000000, 3.099999999999999645, 10.00000000000000000 ) ) ;
#959 = CARTESIAN_POINT ( 'NONE',  ( 36.50000000000000000, 3.099999999999999645, -13.00000000000000178 ) ) ;
#960 = DIRECTION ( 'NONE',  ( 1.000000000000000000, 0.000000000000000000, -8.260587980841938780E-17 ) ) ;
#961 = ORIENTED_EDGE ( 'NONE', *, *, #508, .T. ) ;
#962 = FACE_BOUND ( 'NONE', #193, .T. ) ;
#963 = EDGE_CURVE ( 'NONE', #1299, #419, #555, .T. ) ;
#964 = FACE_OUTER_BOUND ( 'NONE', #173, .T. ) ;
#965 = CARTESIAN_POINT ( 'NONE',  ( 33.84611881562172186, 3.393088042809510707, -8.585921321956419661 ) ) ;
#966 = VECTOR ( 'NONE', #420, 1000.000000000000000 ) ;
#967 = VERTEX_POINT ( 'NONE', #652 ) ;
#968 = DIRECTION ( 'NONE',  ( 0.000000000000000000, 1.000000000000000000, 0.000000000000000000 ) ) ;
#969 = EDGE_LOOP ( 'NONE', ( #1111, #735, #1141, #1002 ) ) ;
#970 = CARTESIAN_POINT ( 'NONE',  ( 32.49999999999999289, 9.099999999999999645, 16.00000000000000355 ) ) ;
#971 = CIRCLE ( 'NONE', #1330, 6.000000000000000000 ) ;
#972 = CYLINDRICAL_SURFACE ( 'NONE', #749, 1.750000000000003331 ) ;
#973 = CARTESIAN_POINT ( 'NONE',  ( 36.50000000000000000, 3.099999999999999645, 16.00000000000000000 ) ) ;
#974 = ADVANCED_FACE ( 'NONE', ( #118, #463 ), #225, .F. ) ;
#975 = CARTESIAN_POINT ( 'NONE',  ( 32.49999999999995026, 6.100000000000028955, -7.930951635365968144 ) ) ;
#976 = ORIENTED_EDGE ( 'NONE', *, *, #28, .F. ) ;
#977 = CARTESIAN_POINT ( 'NONE',  ( 71.50000000000000000, 6.099999999999999645, -19.00000000000000355 ) ) ;
#978 = DIRECTION ( 'NONE',  ( -1.000000000000000000, 0.000000000000000000, 0.000000000000000000 ) ) ;
#979 = DIRECTION ( 'NONE',  ( -0.000000000000000000, 1.000000000000000000, -0.000000000000000000 ) ) ;
#980 = EDGE_LOOP ( 'NONE', ( #64, #1332, #1313, #1057 ) ) ;
#981 = AXIS2_PLACEMENT_3D ( 'NONE', #624, #1275, #312 ) ;
#982 = DIRECTION ( 'NONE',  ( 0.000000000000000000, 1.000000000000000000, 0.000000000000000000 ) ) ;
#983 = VERTEX_POINT ( 'NONE', #340 ) ;
#984 =( LENGTH_UNIT ( ) NAMED_UNIT ( * ) SI_UNIT ( .MILLI., .METRE. ) );
#985 = CYLINDRICAL_SURFACE ( 'NONE', #1024, 3.000000000000000888 ) ;
#986 = DIRECTION ( 'NONE',  ( -1.652117596168387756E-16, 0.000000000000000000, -1.000000000000000000 ) ) ;
#987 = CARTESIAN_POINT ( 'NONE',  ( 33.52294195624149609, 3.820927259022880218, -9.574250402097126411 ) ) ;
#988 = ORIENTED_EDGE ( 'NONE', *, *, #1362, .F. ) ;
#989 = DIRECTION ( 'NONE',  ( -1.000000000000000000, 0.000000000000000000, 8.260587980841938780E-17 ) ) ;
#990 = CIRCLE ( 'NONE', #383, 1.750000000000001554 ) ;
#991 = CARTESIAN_POINT ( 'NONE',  ( 32.49999999999999289, 6.099999999999999645, 5.527864045000422166 ) ) ;
#992 = ADVANCED_FACE ( 'NONE', ( #362 ), #239, .F. ) ;
#993 = ADVANCED_FACE ( 'NONE', ( #333 ), #972, .F. ) ;
#994 = DIRECTION ( 'NONE',  ( 0.000000000000000000, 1.000000000000000000, 0.000000000000000000 ) ) ;
#995 = AXIS2_PLACEMENT_3D ( 'NONE', #1206, #445, #874 ) ;
#996 = CARTESIAN_POINT ( 'NONE',  ( 33.58922480164315516, 3.715645026128092887, -10.73379813153631623 ) ) ;
#997 = ORIENTED_EDGE ( 'NONE', *, *, #191, .F. ) ;
#998 = CARTESIAN_POINT ( 'NONE',  ( 36.50000000000000000, 3.099999999999999645, -10.00000000000000000 ) ) ;
#999 = AXIS2_PLACEMENT_3D ( 'NONE', #852, #608, #519 ) ;
#1000 = CIRCLE ( 'NONE', #162, 6.000000000000001776 ) ;
#1001 = DIRECTION ( 'NONE',  ( -0.000000000000000000, 1.000000000000000000, -0.000000000000000000 ) ) ;
#1002 = ORIENTED_EDGE ( 'NONE', *, *, #171, .T. ) ;
#1003 = CARTESIAN_POINT ( 'NONE',  ( 33.53054390262524009, 3.810537653364247213, 10.44066370870418226 ) ) ;
#1004 = CIRCLE ( 'NONE', #397, 1.750000000000003331 ) ;
#1005 = CARTESIAN_POINT ( 'NONE',  ( 33.54280186128358565, 5.203852725465455187, 10.59844191519473533 ) ) ;
#1006 = ADVANCED_FACE ( 'NONE', ( #886 ), #1383, .F. ) ;
#1007 = EDGE_CURVE ( 'NONE', #492, #305, #13, .T. ) ;
#1008 = CARTESIAN_POINT ( 'NONE',  ( 36.50000000000000000, 7.100000000000000533, 13.00000000000000178 ) ) ;
#1009 = VERTEX_POINT ( 'NONE', #1083 ) ;
#1010 = CARTESIAN_POINT ( 'NONE',  ( 32.49999999999999289, 6.099999999999999645, 8.532339725140040798 ) ) ;
#1011 = DIRECTION ( 'NONE',  ( -0.000000000000000000, -1.000000000000000000, -0.000000000000000000 ) ) ;
#1012 = CIRCLE ( 'NONE', #1082, 1.750000000000001554 ) ;
#1013 = CARTESIAN_POINT ( 'NONE',  ( 34.01201567030547324, 3.260237675703971050, -11.67960330891889065 ) ) ;
#1014 = ORIENTED_EDGE ( 'NONE', *, *, #308, .T. ) ;
#1015 = CARTESIAN_POINT ( 'NONE',  ( 32.50000000000003553, 6.099999999999970335, 8.328166959437199424 ) ) ;
#1016 = DIRECTION ( 'NONE',  ( 0.000000000000000000, 0.000000000000000000, 1.000000000000000000 ) ) ;
#1017 = DIRECTION ( 'NONE',  ( 0.000000000000000000, 0.000000000000000000, 1.000000000000000000 ) ) ;
#1018 = AXIS2_PLACEMENT_3D ( 'NONE', #1252, #1368, #1138 ) ;
#1019 = CARTESIAN_POINT ( 'NONE',  ( 34.06050502929777224, 5.350411022627113766, -11.80475705495293326 ) ) ;
#1020 = ORIENTED_EDGE ( 'NONE', *, *, #891, .F. ) ;
#1021 = DIRECTION ( 'NONE',  ( 0.000000000000000000, 1.000000000000000000, 0.000000000000000000 ) ) ;
#1022 = ADVANCED_FACE ( 'NONE', ( #1317 ), #1060, .F. ) ;
#1023 = DIRECTION ( 'NONE',  ( -0.000000000000000000, 1.000000000000000000, -0.000000000000000000 ) ) ;
#1024 = AXIS2_PLACEMENT_3D ( 'NONE', #221, #668, #530 ) ;
#1025 = ORIENTED_EDGE ( 'NONE', *, *, #1277, .F. ) ;
#1026 = CARTESIAN_POINT ( 'NONE',  ( 33.68089714665319434, 3.579775334171850787, -8.954737292961734596 ) ) ;
#1027 = CARTESIAN_POINT ( 'NONE',  ( 32.49999999999995026, 6.100000000000028955, 12.06831203192503743 ) ) ;
#1028 = EDGE_CURVE ( 'NONE', #1299, #398, #392, .T. ) ;
#1029 = EDGE_CURVE ( 'NONE', #935, #904, #247, .T. ) ;
#1030 = DIRECTION ( 'NONE',  ( 0.000000000000000000, 1.000000000000000000, 0.000000000000000000 ) ) ;
#1031 = DIRECTION ( 'NONE',  ( 0.000000000000000000, 1.000000000000000000, 0.000000000000000000 ) ) ;
#1032 = ORIENTED_EDGE ( 'NONE', *, *, #507, .F. ) ;
#1033 = ORIENTED_EDGE ( 'NONE', *, *, #426, .T. ) ;
#1034 = DIRECTION ( 'NONE',  ( -0.000000000000000000, 1.000000000000000000, -0.000000000000000000 ) ) ;
#1035 = DIRECTION ( 'NONE',  ( 0.000000000000000000, 1.000000000000000000, 0.000000000000000000 ) ) ;
#1036 = DIRECTION ( 'NONE',  ( 0.000000000000000000, -0.000000000000000000, 1.000000000000000000 ) ) ;
#1037 = CARTESIAN_POINT ( 'NONE',  ( 32.49999999999999289, 6.099999999999999645, 19.00000000000000355 ) ) ;
#1038 = MANIFOLD_SOLID_BREP ( 'Cut-Extrude2', #7 ) ;
#1039 = ORIENTED_EDGE ( 'NONE', *, *, #381, .F. ) ;
#1040 = EDGE_LOOP ( 'NONE', ( #1072, #167, #1378, #1087 ) ) ;
#1041 = CARTESIAN_POINT ( 'NONE',  ( 33.52441321594687906, 3.818280495845783662, -10.43648256780862305 ) ) ;
#1042 = ORIENTED_EDGE ( 'NONE', *, *, #1091, .T. ) ;
#1043 = CARTESIAN_POINT ( 'NONE',  ( 33.95460379092012460, 3.303031343476335646, 11.59115151187996595 ) ) ;
#1044 = CARTESIAN_POINT ( 'NONE',  ( 62.50000000000000000, 2.099999999999999645, -15.00000000000000000 ) ) ;
#1045 = LINE ( 'NONE', #388, #1129 ) ;
#1046 = CIRCLE ( 'NONE', #981, 6.000000000000000000 ) ;
#1047 = ORIENTED_EDGE ( 'NONE', *, *, #1125, .F. ) ;
#1048 = EDGE_CURVE ( 'NONE', #591, #309, #866, .T. ) ;
#1049 = CARTESIAN_POINT ( 'NONE',  ( 33.50009079908039666, 3.863769596449314836, -9.885856989716463872 ) ) ;
#1050 = EDGE_LOOP ( 'NONE', ( #1020, #399, #579, #813 ) ) ;
#1051 = FACE_OUTER_BOUND ( 'NONE', #24, .T. ) ;
#1052 = PLANE ( 'NONE',  #701 ) ;
#1053 = PRODUCT_DEFINITION_SHAPE ( 'NONE', 'NONE',  #368 ) ;
#1054 = ORIENTED_EDGE ( 'NONE', *, *, #1085, .T. ) ;
#1055 = ORIENTED_EDGE ( 'NONE', *, *, #470, .T. ) ;
#1056 = CARTESIAN_POINT ( 'NONE',  ( 64.25000000000000000, 6.099999999999999645, 0.000000000000000000 ) ) ;
#1057 = ORIENTED_EDGE ( 'NONE', *, *, #1068, .F. ) ;
#1058 = CARTESIAN_POINT ( 'NONE',  ( 74.50000000000000000, 9.099999999999999645, -19.00000000000000355 ) ) ;
#1059 = DIRECTION ( 'NONE',  ( 0.000000000000000000, 1.000000000000000000, 0.000000000000000000 ) ) ;
#1060 = TOROIDAL_SURFACE ( 'NONE', #497, 6.000000000000001776, 3.000000000000000000 ) ;
#1061 = ORIENTED_EDGE ( 'NONE', *, *, #85, .T. ) ;
#1062 = VECTOR ( 'NONE', #541, 1000.000000000000000 ) ;
#1063 = AXIS2_PLACEMENT_3D ( 'NONE', #477, #819, #183 ) ;
#1064 = CARTESIAN_POINT ( 'NONE',  ( 33.49996094727389107, 5.205572808996723921, -9.699429617628947398 ) ) ;
#1065 = ORIENTED_EDGE ( 'NONE', *, *, #178, .F. ) ;
#1066 = CARTESIAN_POINT ( 'NONE',  ( 32.49999999999999289, 6.099999999999997868, 13.18230302355915740 ) ) ;
#1067 = CYLINDRICAL_SURFACE ( 'NONE', #1360, 1.750000000000001554 ) ;
#1068 = EDGE_CURVE ( 'NONE', #1287, #679, #1178, .T. ) ;
#1069 = AXIS2_PLACEMENT_3D ( 'NONE', #809, #1261, #1017 ) ;
#1070 = DIRECTION ( 'NONE',  ( 0.6666666666666671848, 0.000000000000000000, -0.7453559924999295649 ) ) ;
#1071 = CARTESIAN_POINT ( 'NONE',  ( 34.49999999999999289, 3.099999999999999645, -7.763932022500211083 ) ) ;
#1072 = ORIENTED_EDGE ( 'NONE', *, *, #1225, .F. ) ;
#1073 = CARTESIAN_POINT ( 'NONE',  ( 74.50000000000000000, 9.099999999999999645, -16.00000000000000711 ) ) ;
#1074 = DIRECTION ( 'NONE',  ( 0.000000000000000000, 1.000000000000000000, -0.000000000000000000 ) ) ;
#1075 = EDGE_CURVE ( 'NONE', #192, #442, #709, .T. ) ;
#1076 = DIRECTION ( 'NONE',  ( 0.000000000000000000, 0.000000000000000000, 1.000000000000000000 ) ) ;
#1077 = CARTESIAN_POINT ( 'NONE',  ( 33.71949906057254509, 3.536276761836980143, -8.868854347147680173 ) ) ;
#1078 = CIRCLE ( 'NONE', #573, 1.750000000000003331 ) ;
#1079 = ORIENTED_EDGE ( 'NONE', *, *, #27, .F. ) ;
#1080 = DIRECTION ( 'NONE',  ( 0.000000000000000000, 1.000000000000000000, 0.000000000000000000 ) ) ;
#1081 = ORIENTED_EDGE ( 'NONE', *, *, #585, .F. ) ;
#1082 = AXIS2_PLACEMENT_3D ( 'NONE', #424, #825, #1168 ) ;
#1083 = CARTESIAN_POINT ( 'NONE',  ( 36.50000000000000000, 7.100000000000000533, -6.999999999999999112 ) ) ;
#1084 = CARTESIAN_POINT ( 'NONE',  ( 35.50000000000000000, 9.099999999999999645, 16.00000000000000355 ) ) ;
#1085 = EDGE_CURVE ( 'NONE', #195, #591, #1106, .T. ) ;
#1086 = CARTESIAN_POINT ( 'NONE',  ( 32.49999999999999289, 6.099999999999999645, -5.813962625467822498 ) ) ;
#1087 = ORIENTED_EDGE ( 'NONE', *, *, #63, .F. ) ;
#1088 = DIRECTION ( 'NONE',  ( -0.000000000000000000, -0.000000000000000000, 1.000000000000000000 ) ) ;
#1089 = FACE_OUTER_BOUND ( 'NONE', #607, .T. ) ;
#1090 = PLANE ( 'NONE',  #1197 ) ;
#1091 = EDGE_CURVE ( 'NONE', #695, #484, #1237, .T. ) ;
#1092 = CARTESIAN_POINT ( 'NONE',  ( 36.50000000000000000, 2.100000000000000089, 10.00000000000000000 ) ) ;
#1093 = ADVANCED_FACE ( 'NONE', ( #1334 ), #740, .F. ) ;
#1094 = EDGE_LOOP ( 'NONE', ( #730, #1079 ) ) ;
#1095 = CARTESIAN_POINT ( 'NONE',  ( 32.49999999999999289, 9.099999999999999645, 19.00000000000000355 ) ) ;
#1096 = CIRCLE ( 'NONE', #542, 3.000000000000000888 ) ;
#1097 = DIRECTION ( 'NONE',  ( -0.000000000000000000, -1.000000000000000000, -0.000000000000000000 ) ) ;
#1098 = CARTESIAN_POINT ( 'NONE',  ( 36.50000000000000000, 7.100000000000000533, 6.999999999999999112 ) ) ;
#1099 = CARTESIAN_POINT ( 'NONE',  ( 36.50000000000000000, 3.099999999999999645, -10.00000000000000000 ) ) ;
#1100 = ORIENTED_EDGE ( 'NONE', *, *, #736, .T. ) ;
#1101 = LINE ( 'NONE', #356, #621 ) ;
#1102 = AXIS2_PLACEMENT_3D ( 'NONE', #1310, #227, #240 ) ;
#1103 = CARTESIAN_POINT ( 'NONE',  ( 60.75000000000000000, 9.099999999999999645, 15.00000000000000000 ) ) ;
#1104 = EDGE_LOOP ( 'NONE', ( #255, #1235, #870, #263 ) ) ;
#1105 = CARTESIAN_POINT ( 'NONE',  ( 34.19315589714895509, 3.159803983806193095, 8.079016918541798375 ) ) ;
#1106 = CIRCLE ( 'NONE', #214, 2.999999999999999112 ) ;
#1107 = ORIENTED_EDGE ( 'NONE', *, *, #1183, .T. ) ;
#1108 = CARTESIAN_POINT ( 'NONE',  ( 36.50000000000000000, 3.099999999999999645, -10.00000000000000000 ) ) ;
#1109 = ADVANCED_FACE ( 'NONE', ( #317 ), #1256, .F. ) ;
#1110 = CARTESIAN_POINT ( 'NONE',  ( 32.49999999999999289, 6.099999999999997868, -13.18230302355915740 ) ) ;
#1111 = ORIENTED_EDGE ( 'NONE', *, *, #277, .F. ) ;
#1112 = CARTESIAN_POINT ( 'NONE',  ( 33.50002203747823870, 3.863892600664776467, 10.11236884626169186 ) ) ;
#1113 = AXIS2_PLACEMENT_3D ( 'NONE', #254, #898, #267 ) ;
#1114 = VECTOR ( 'NONE', #936, 1000.000000000000000 ) ;
#1115 = CARTESIAN_POINT ( 'NONE',  ( 33.49997830325843040, 3.863970833634366109, 9.785305620670197158 ) ) ;
#1116 = CARTESIAN_POINT ( 'NONE',  ( 74.50000000000000000, 9.099999999999999645, 15.99999999999999645 ) ) ;
#1117 = LINE ( 'NONE', #1008, #868 ) ;
#1118 = ORIENTED_EDGE ( 'NONE', *, *, #507, .T. ) ;
#1119 = CARTESIAN_POINT ( 'NONE',  ( 33.61605643047906256, 3.673504672014062500, 10.85254023948326108 ) ) ;
#1120 = DIRECTION ( 'NONE',  ( 0.000000000000000000, 1.000000000000000000, 0.000000000000000000 ) ) ;
#1121 = DIRECTION ( 'NONE',  ( -0.000000000000000000, 1.000000000000000000, -0.000000000000000000 ) ) ;
#1122 = AXIS2_PLACEMENT_3D ( 'NONE', #1231, #705, #265 ) ;
#1123 = CARTESIAN_POINT ( 'NONE',  ( 33.85057675750213235, 3.393367479791955077, -11.41115607820963618 ) ) ;
#1124 = ORIENTED_EDGE ( 'NONE', *, *, #759, .T. ) ;
#1125 = EDGE_CURVE ( 'NONE', #693, #679, #525, .T. ) ;
#1126 = CARTESIAN_POINT ( 'NONE',  ( 34.49999999999999289, 3.099999999999999645, 7.763932022500211083 ) ) ;
#1127 = CARTESIAN_POINT ( 'NONE',  ( 64.25000000000000000, 6.099999999999999645, -15.00000000000000000 ) ) ;
#1128 = DIRECTION ( 'NONE',  ( -0.000000000000000000, -1.000000000000000000, -0.000000000000000000 ) ) ;
#1129 = VECTOR ( 'NONE', #190, 1000.000000000000000 ) ;
#1130 = AXIS2_PLACEMENT_3D ( 'NONE', #517, #765, #456 ) ;
#1131 = ORIENTED_EDGE ( 'NONE', *, *, #331, .F. ) ;
#1132 = ORIENTED_EDGE ( 'NONE', *, *, #822, .T. ) ;
#1133 = PRODUCT_CONTEXT ( 'NONE', #272, 'mechanical' ) ;
#1134 = ADVANCED_FACE ( 'NONE', ( #1372 ), #326, .F. ) ;
#1135 = EDGE_CURVE ( 'NONE', #695, #1150, #1281, .T. ) ;
#1136 = CARTESIAN_POINT ( 'NONE',  ( 32.49999999999999289, 6.099999999999999645, 10.43060060838672420 ) ) ;
#1137 = DIRECTION ( 'NONE',  ( -0.000000000000000000, -1.000000000000000000, -0.000000000000000000 ) ) ;
#1138 = DIRECTION ( 'NONE',  ( -0.6666666666666671848, 0.000000000000000000, -0.7453559924999295649 ) ) ;
#1139 = ORIENTED_EDGE ( 'NONE', *, *, #736, .F. ) ;
#1140 = DIRECTION ( 'NONE',  ( 0.000000000000000000, 0.000000000000000000, 1.000000000000000000 ) ) ;
#1141 = ORIENTED_EDGE ( 'NONE', *, *, #244, .T. ) ;
#1142 = CARTESIAN_POINT ( 'NONE',  ( 32.49999999999994316, 6.100000000000013856, 6.811656517833491797 ) ) ;
#1143 = ORIENTED_EDGE ( 'NONE', *, *, #1028, .T. ) ;
#1144 = DIRECTION ( 'NONE',  ( 0.000000000000000000, 1.000000000000000000, 0.000000000000000000 ) ) ;
#1145 = DIRECTION ( 'NONE',  ( 0.000000000000000000, 0.000000000000000000, 1.000000000000000000 ) ) ;
#1146 = AXIS2_PLACEMENT_3D ( 'NONE', #605, #1166, #934 ) ;
#1147 = CIRCLE ( 'NONE', #180, 6.000000000000001776 ) ;
#1148 = EDGE_LOOP ( 'NONE', ( #1194, #127 ) ) ;
#1149 = CARTESIAN_POINT ( 'NONE',  ( 34.49999999999999289, 3.099999999999999645, -12.23606797749978981 ) ) ;
#1150 = VERTEX_POINT ( 'NONE', #1160 ) ;
#1151 = CARTESIAN_POINT ( 'NONE',  ( 34.06050502929703327, 5.350411022627291402, 11.80475705495275207 ) ) ;
#1152 = LINE ( 'NONE', #410, #639 ) ;
#1153 = LINE ( 'NONE', #596, #826 ) ;
#1154 = EDGE_CURVE ( 'NONE', #461, #849, #324, .T. ) ;
#1155 = EDGE_CURVE ( 'NONE', #620, #435, #939, .T. ) ;
#1156 = ORIENTED_EDGE ( 'NONE', *, *, #331, .T. ) ;
#1157 = ORIENTED_EDGE ( 'NONE', *, *, #138, .F. ) ;
#1158 = CARTESIAN_POINT ( 'NONE',  ( 34.49999999999999289, 3.099999999999999645, -12.23606797749978981 ) ) ;
#1159 = EDGE_LOOP ( 'NONE', ( #772, #1061, #1139, #762 ) ) ;
#1160 = CARTESIAN_POINT ( 'NONE',  ( 60.75000000000000000, 9.099999999999999645, -15.00000000000000000 ) ) ;
#1161 = ORIENTED_EDGE ( 'NONE', *, *, #728, .T. ) ;
#1162 = FACE_BOUND ( 'NONE', #845, .T. ) ;
#1163 = LINE ( 'NONE', #970, #774 ) ;
#1164 = VECTOR ( 'NONE', #885, 1000.000000000000000 ) ;
#1165 = ORIENTED_EDGE ( 'NONE', *, *, #220, .T. ) ;
#1166 = DIRECTION ( 'NONE',  ( 0.000000000000000000, 1.000000000000000000, 0.000000000000000000 ) ) ;
#1167 = DIRECTION ( 'NONE',  ( 0.000000000000000000, 0.000000000000000000, -1.000000000000000000 ) ) ;
#1168 = DIRECTION ( 'NONE',  ( 0.000000000000000000, 0.000000000000000000, 1.000000000000000000 ) ) ;
#1169 = AXIS2_PLACEMENT_3D ( 'NONE', #330, #1080, #566 ) ;
#1170 = ORIENTED_EDGE ( 'NONE', *, *, #638, .T. ) ;
#1171 = EDGE_CURVE ( 'NONE', #421, #699, #444, .T. ) ;
#1172 = CARTESIAN_POINT ( 'NONE',  ( 33.84439772476966368, 3.395190777421952522, -8.590144837132394073 ) ) ;
#1173 = EDGE_CURVE ( 'NONE', #275, #372, #1296, .T. ) ;
#1174 = ORIENTED_EDGE ( 'NONE', *, *, #671, .F. ) ;
#1175 = CARTESIAN_POINT ( 'NONE',  ( 32.49999999999999289, 6.099999999999997868, 12.82231215661884605 ) ) ;
#1176 = DIRECTION ( 'NONE',  ( 0.000000000000000000, 0.000000000000000000, 1.000000000000000000 ) ) ;
#1177 = AXIS2_PLACEMENT_3D ( 'NONE', #1392, #119, #351 ) ;
#1178 = CIRCLE ( 'NONE', #818, 1.750000000000003331 ) ;
#1179 = DIRECTION ( 'NONE',  ( 0.7453559924999295649, -0.000000000000000000, 0.6666666666666671848 ) ) ;
#1180 = CARTESIAN_POINT ( 'NONE',  ( 62.50000000000000000, 9.099999999999999645, 16.75000000000000000 ) ) ;
#1181 = CARTESIAN_POINT ( 'NONE',  ( 36.50000000000000000, 7.100000000000000533, -11.75000000000000355 ) ) ;
#1182 = ORIENTED_EDGE ( 'NONE', *, *, #277, .T. ) ;
#1183 = EDGE_CURVE ( 'NONE', #693, #1369, #509, .T. ) ;
#1184 = CIRCLE ( 'NONE', #843, 2.999999999999999112 ) ;
#1185 = CARTESIAN_POINT ( 'NONE',  ( 62.50000000000000000, 9.099999999999999645, 15.00000000000000000 ) ) ;
#1186 = FACE_OUTER_BOUND ( 'NONE', #293, .T. ) ;
#1187 = CARTESIAN_POINT ( 'NONE',  ( 64.25000000000000000, 9.099999999999999645, -15.00000000000000000 ) ) ;
#1188 = ORIENTED_EDGE ( 'NONE', *, *, #963, .F. ) ;
#1189 = SURFACE_STYLE_USAGE ( .BOTH. , #357 ) ;
#1190 = EDGE_CURVE ( 'NONE', #294, #967, #1046, .T. ) ;
#1191 = CYLINDRICAL_SURFACE ( 'NONE', #1278, 3.000000000000000888 ) ;
#1192 = CARTESIAN_POINT ( 'NONE',  ( 74.50000000000000000, 6.099999999999999645, 15.99999999999999645 ) ) ;
#1193 = CARTESIAN_POINT ( 'NONE',  ( 33.86992751887248687, 5.265009172222200995, -8.498019937235536503 ) ) ;
#1194 = ORIENTED_EDGE ( 'NONE', *, *, #465, .F. ) ;
#1195 = PLANE ( 'NONE',  #1169 ) ;
#1196 = ORIENTED_EDGE ( 'NONE', *, *, #1135, .F. ) ;
#1197 = AXIS2_PLACEMENT_3D ( 'NONE', #558, #986, #22 ) ;
#1198 = DIRECTION ( 'NONE',  ( 0.000000000000000000, 1.000000000000000000, 0.000000000000000000 ) ) ;
#1199 = ADVANCED_FACE ( 'NONE', ( #1051 ), #1267, .T. ) ;
#1200 = DIRECTION ( 'NONE',  ( 0.000000000000000000, 0.000000000000000000, -1.000000000000000000 ) ) ;
#1201 = FACE_OUTER_BOUND ( 'NONE', #1279, .T. ) ;
#1202 = CARTESIAN_POINT ( 'NONE',  ( 36.50000000000000000, 3.099999999999999645, 6.999999999999998224 ) ) ;
#1203 = ORIENTED_EDGE ( 'NONE', *, *, #671, .T. ) ;
#1204 = VECTOR ( 'NONE', #727, 1000.000000000000000 ) ;
#1205 = CARTESIAN_POINT ( 'NONE',  ( 36.50000000000000000, 9.099999999999999645, -10.00000000000000000 ) ) ;
#1206 = CARTESIAN_POINT ( 'NONE',  ( 36.50000000000000000, 3.099999999999999645, -16.00000000000000000 ) ) ;
#1207 = CARTESIAN_POINT ( 'NONE',  ( 36.50000000000000000, 7.100000000000000533, -10.00000000000000000 ) ) ;
#1208 = CARTESIAN_POINT ( 'NONE',  ( 32.49999999999994316, 6.100000000000013856, -6.811656517833491797 ) ) ;
#1209 = EDGE_LOOP ( 'NONE', ( #1143, #926, #43, #1188 ) ) ;
#1210 = DIRECTION ( 'NONE',  ( 0.000000000000000000, 0.000000000000000000, 1.000000000000000000 ) ) ;
#1211 = VECTOR ( 'NONE', #536, 1000.000000000000000 ) ;
#1212 = DIRECTION ( 'NONE',  ( 0.000000000000000000, 0.000000000000000000, 1.000000000000000000 ) ) ;
#1213 = CARTESIAN_POINT ( 'NONE',  ( 36.50000000000000000, 9.099999999999999645, 6.999999999999998224 ) ) ;
#1214 = CARTESIAN_POINT ( 'NONE',  ( 32.50000000000003553, 6.099999999999970335, -11.67203195555803852 ) ) ;
#1215 = ORIENTED_EDGE ( 'NONE', *, *, #1390, .F. ) ;
#1216 = EDGE_CURVE ( 'NONE', #613, #421, #462, .T. ) ;
#1217 = CARTESIAN_POINT ( 'NONE',  ( 36.50000000000000000, 6.099999999999999645, 10.00000000000000000 ) ) ;
#1218 = AXIS2_PLACEMENT_3D ( 'NONE', #1377, #414, #1248 ) ;
#1219 = CIRCLE ( 'NONE', #796, 3.000000000000000888 ) ;
#1220 = CARTESIAN_POINT ( 'NONE',  ( 33.54280186128359276, 5.203852725465269558, -10.59844191519473533 ) ) ;
#1221 = VERTEX_POINT ( 'NONE', #1187 ) ;
#1222 = CARTESIAN_POINT ( 'NONE',  ( 34.18969385656210846, 3.153674354355759046, 11.92527539951647775 ) ) ;
#1223 = ORIENTED_EDGE ( 'NONE', *, *, #785, .F. ) ;
#1224 = CARTESIAN_POINT ( 'NONE',  ( 74.50000000000000000, 9.099999999999999645, 18.99999999999999645 ) ) ;
#1225 = EDGE_CURVE ( 'NONE', #398, #467, #895, .T. ) ;
#1226 = DIRECTION ( 'NONE',  ( -0.000000000000000000, -1.000000000000000000, -0.000000000000000000 ) ) ;
#1227 = ORIENTED_EDGE ( 'NONE', *, *, #85, .F. ) ;
#1228 = CARTESIAN_POINT ( 'NONE',  ( 34.41635393271548793, 3.099999999999996092, 7.838747339499700928 ) ) ;
#1229 = AXIS2_PLACEMENT_3D ( 'NONE', #877, #982, #763 ) ;
#1230 = CARTESIAN_POINT ( 'NONE',  ( 33.68195238372810252, 3.584166328596639417, 11.03415601588650397 ) ) ;
#1231 = CARTESIAN_POINT ( 'NONE',  ( 62.50000000000000000, 2.099999999999999645, 15.00000000000000000 ) ) ;
#1232 = CARTESIAN_POINT ( 'NONE',  ( 36.50000000000000000, 2.100000000000000089, -8.249999999999996447 ) ) ;
#1233 = EDGE_CURVE ( 'NONE', #435, #620, #375, .T. ) ;
#1234 = CARTESIAN_POINT ( 'NONE',  ( 32.49999999999999289, 6.099999999999999645, -14.18501871696784633 ) ) ;
#1235 = ORIENTED_EDGE ( 'NONE', *, *, #138, .T. ) ;
#1236 = CARTESIAN_POINT ( 'NONE',  ( 33.52471610216590392, 3.817757593297542051, 9.561599540027861721 ) ) ;
#1237 = LINE ( 'NONE', #54, #280 ) ;
#1238 = CYLINDRICAL_SURFACE ( 'NONE', #91, 2.999999999999999112 ) ;
#1239 = CARTESIAN_POINT ( 'NONE',  ( 36.50000000000000000, 6.099999999999999645, -6.999999999999999112 ) ) ;
#1240 = EDGE_CURVE ( 'NONE', #245, #309, #539, .T. ) ;
#1241 = ORIENTED_EDGE ( 'NONE', *, *, #426, .F. ) ;
#1242 = ORIENTED_EDGE ( 'NONE', *, *, #629, .T. ) ;
#1243 = CARTESIAN_POINT ( 'NONE',  ( 33.61695502679179981, 3.673654394195407402, 10.83601597785503401 ) ) ;
#1244 = AXIS2_PLACEMENT_3D ( 'NONE', #1058, #532, #960 ) ;
#1245 = CARTESIAN_POINT ( 'NONE',  ( 34.49999999999999289, 3.099999999999999645, 7.763932022500211083 ) ) ;
#1246 = VECTOR ( 'NONE', #790, 1000.000000000000000 ) ;
#1247 = ORIENTED_EDGE ( 'NONE', *, *, #1048, .T. ) ;
#1248 = DIRECTION ( 'NONE',  ( 0.000000000000000000, 0.000000000000000000, 1.000000000000000000 ) ) ;
#1249 = AXIS2_PLACEMENT_3D ( 'NONE', #345, #769, #1285 ) ;
#1250 = DIRECTION ( 'NONE',  ( 0.000000000000000000, 0.000000000000000000, 1.000000000000000000 ) ) ;
#1251 = DIRECTION ( 'NONE',  ( 0.000000000000000000, -0.000000000000000000, 1.000000000000000000 ) ) ;
#1252 = CARTESIAN_POINT ( 'NONE',  ( 32.49999999999999289, 3.099999999999999645, -14.47213595499957783 ) ) ;
#1253 = ORIENTED_EDGE ( 'NONE', *, *, #535, .T. ) ;
#1254 = CARTESIAN_POINT ( 'NONE',  ( 60.75000000000000000, 2.099999999999999645, 15.00000000000000000 ) ) ;
#1255 = ORIENTED_EDGE ( 'NONE', *, *, #906, .F. ) ;
#1256 = PLANE ( 'NONE',  #1244 ) ;
#1257 = ADVANCED_FACE ( 'NONE', ( #224 ), #79, .F. ) ;
#1258 = EDGE_CURVE ( 'NONE', #721, #695, #1340, .T. ) ;
#1259 = TOROIDAL_SURFACE ( 'NONE', #810, 6.000000000000001776, 3.000000000000000000 ) ;
#1260 = FACE_OUTER_BOUND ( 'NONE', #954, .T. ) ;
#1261 = DIRECTION ( 'NONE',  ( 0.000000000000000000, 1.000000000000000000, 0.000000000000000000 ) ) ;
#1262 = AXIS2_PLACEMENT_3D ( 'NONE', #289, #205, #210 ) ;
#1263 = AXIS2_PLACEMENT_3D ( 'NONE', #944, #105, #213 ) ;
#1264 = EDGE_LOOP ( 'NONE', ( #577, #149, #1272, #1170 ) ) ;
#1265 = PLANE ( 'NONE',  #363 ) ;
#1266 = ORIENTED_EDGE ( 'NONE', *, *, #528, .T. ) ;
#1267 = CYLINDRICAL_SURFACE ( 'NONE', #871, 3.000000000000000888 ) ;
#1268 = ORIENTED_EDGE ( 'NONE', *, *, #1335, .T. ) ;
#1269 = CARTESIAN_POINT ( 'NONE',  ( 36.50000000000000000, 7.100000000000000533, -13.00000000000000178 ) ) ;
#1270 = LINE ( 'NONE', #307, #1204 ) ;
#1271 = CIRCLE ( 'NONE', #1018, 3.000000000000000444 ) ;
#1272 = ORIENTED_EDGE ( 'NONE', *, *, #1154, .T. ) ;
#1273 = ORIENTED_EDGE ( 'NONE', *, *, #932, .T. ) ;
#1274 = LINE ( 'NONE', #1254, #112 ) ;
#1275 = DIRECTION ( 'NONE',  ( 0.000000000000000000, 1.000000000000000000, 0.000000000000000000 ) ) ;
#1276 = FACE_OUTER_BOUND ( 'NONE', #86, .T. ) ;
#1277 = EDGE_CURVE ( 'NONE', #1364, #853, #1101, .T. ) ;
#1278 = AXIS2_PLACEMENT_3D ( 'NONE', #1398, #656, #860 ) ;
#1279 = EDGE_LOOP ( 'NONE', ( #876, #1182, #615, #365 ) ) ;
#1280 = CARTESIAN_POINT ( 'NONE',  ( 34.19268113950447940, 3.159991495226929459, -11.92042292572224049 ) ) ;
#1281 = LINE ( 'NONE', #1379, #1114 ) ;
#1282 = CARTESIAN_POINT ( 'NONE',  ( 36.50000000000000000, 9.099999999999999645, 13.00000000000000178 ) ) ;
#1283 = CARTESIAN_POINT ( 'NONE',  ( 74.50000000000000000, 9.099999999999999645, 18.99999999999999645 ) ) ;
#1284 = EDGE_CURVE ( 'NONE', #496, #864, #361, .T. ) ;
#1285 = DIRECTION ( 'NONE',  ( 0.000000000000000000, 0.000000000000000000, -1.000000000000000000 ) ) ;
#1286 = CARTESIAN_POINT ( 'NONE',  ( 34.43365827226774911, 5.703320681820039262, 12.20881416300165512 ) ) ;
#1287 = VERTEX_POINT ( 'NONE', #338 ) ;
#1288 = MECHANICAL_DESIGN_GEOMETRIC_PRESENTATION_REPRESENTATION (  '', ( #70 ), #99 ) ;
#1289 = FACE_OUTER_BOUND ( 'NONE', #102, .T. ) ;
#1290 = CARTESIAN_POINT ( 'NONE',  ( 33.94983350268293520, 3.297029823370837498, -8.405828258810071674 ) ) ;
#1291 = ORIENTED_EDGE ( 'NONE', *, *, #1048, .F. ) ;
#1292 = FACE_OUTER_BOUND ( 'NONE', #729, .T. ) ;
#1293 = FILL_AREA_STYLE_COLOUR ( '', #635 ) ;
#1294 = PRODUCT ( 'Part3', 'Part3', '', ( #1133 ) ) ;
#1295 = AXIS2_PLACEMENT_3D ( 'NONE', #910, #384, #582 ) ;
#1296 = CIRCLE ( 'NONE', #1366, 3.000000000000000888 ) ;
#1297 = CARTESIAN_POINT ( 'NONE',  ( 36.50000000000000000, 3.099999999999999645, 3.999999999999998224 ) ) ;
#1298 = DIRECTION ( 'NONE',  ( 0.000000000000000000, 1.000000000000000000, 0.000000000000000000 ) ) ;
#1299 = VERTEX_POINT ( 'NONE', #1181 ) ;
#1300 = CARTESIAN_POINT ( 'NONE',  ( 62.50000000000000000, 2.099999999999999645, 15.00000000000000000 ) ) ;
#1301 = EDGE_LOOP ( 'NONE', ( #922, #565, #1291, #1124 ) ) ;
#1302 = CARTESIAN_POINT ( 'NONE',  ( 32.49999999999999289, 6.099999999999999645, 19.00000000000000355 ) ) ;
#1303 = EDGE_CURVE ( 'NONE', #864, #941, #430, .T. ) ;
#1304 = AXIS2_PLACEMENT_3D ( 'NONE', #554, #968, #246 ) ;
#1305 = DIRECTION ( 'NONE',  ( -1.000000000000000000, 0.000000000000000000, 0.000000000000000000 ) ) ;
#1306 = DIRECTION ( 'NONE',  ( 0.000000000000000000, 0.000000000000000000, 1.000000000000000000 ) ) ;
#1307 = ORIENTED_EDGE ( 'NONE', *, *, #1075, .F. ) ;
#1308 = DIRECTION ( 'NONE',  ( 0.000000000000000000, 0.000000000000000000, 1.000000000000000000 ) ) ;
#1309 = ORIENTED_EDGE ( 'NONE', *, *, #191, .T. ) ;
#1310 = CARTESIAN_POINT ( 'NONE',  ( 71.50000000000000000, 9.099999999999999645, -16.00000000000000355 ) ) ;
#1311 = FACE_OUTER_BOUND ( 'NONE', #857, .T. ) ;
#1312 = CARTESIAN_POINT ( 'NONE',  ( 34.43407969742544594, 5.703902163819552840, -7.790816986265397759 ) ) ;
#1313 = ORIENTED_EDGE ( 'NONE', *, *, #1125, .T. ) ;
#1314 = DIRECTION ( 'NONE',  ( 0.000000000000000000, 0.000000000000000000, 1.000000000000000000 ) ) ;
#1315 = AXIS2_PLACEMENT_3D ( 'NONE', #816, #1359, #768 ) ;
#1316 = AXIS2_PLACEMENT_3D ( 'NONE', #199, #937, #90 ) ;
#1317 = FACE_OUTER_BOUND ( 'NONE', #1050, .T. ) ;
#1318 = DIRECTION ( 'NONE',  ( 0.000000000000000000, 1.000000000000000000, 0.000000000000000000 ) ) ;
#1319 = EDGE_CURVE ( 'NONE', #88, #853, #1323, .T. ) ;
#1320 = CARTESIAN_POINT ( 'NONE',  ( 33.68195238372815226, 3.584166328596639417, -11.03415601588667272 ) ) ;
#1321 = ORIENTED_EDGE ( 'NONE', *, *, #921, .F. ) ;
#1322 = CARTESIAN_POINT ( 'NONE',  ( 36.50000000000000000, 6.099999999999999645, -3.999999999999998224 ) ) ;
#1323 = CIRCLE ( 'NONE', #540, 2.999999999999999112 ) ;
#1324 = EDGE_CURVE ( 'NONE', #699, #195, #436, .T. ) ;
#1325 = CARTESIAN_POINT ( 'NONE',  ( 32.49999999999999289, 6.099999999999999645, -10.43060060838672420 ) ) ;
#1326 = ORIENTED_EDGE ( 'NONE', *, *, #921, .T. ) ;
#1327 = CARTESIAN_POINT ( 'NONE',  ( 34.49999999999999289, 3.099999999999999645, 12.23606797749978981 ) ) ;
#1328 = CIRCLE ( 'NONE', #901, 3.000000000000000444 ) ;
#1329 = CARTESIAN_POINT ( 'NONE',  ( 34.43407969742544594, 5.703902163819552840, 7.790816986265397759 ) ) ;
#1330 = AXIS2_PLACEMENT_3D ( 'NONE', #892, #1318, #132 ) ;
#1331 = CARTESIAN_POINT ( 'NONE',  ( 33.61695502679174297, 3.673654394195407402, -10.83601597785486526 ) ) ;
#1332 = ORIENTED_EDGE ( 'NONE', *, *, #1381, .T. ) ;
#1333 = DIRECTION ( 'NONE',  ( 0.000000000000000000, 1.000000000000000000, 0.000000000000000000 ) ) ;
#1334 = FACE_OUTER_BOUND ( 'NONE', #92, .T. ) ;
#1335 = EDGE_CURVE ( 'NONE', #603, #94, #990, .T. ) ;
#1336 = CARTESIAN_POINT ( 'NONE',  ( 36.50000000000000000, 9.099999999999999645, -13.00000000000000178 ) ) ;
#1337 = CARTESIAN_POINT ( 'NONE',  ( 33.50002172733697137, 3.863893156635315851, -10.21530030419367030 ) ) ;
#1338 = ORIENTED_EDGE ( 'NONE', *, *, #308, .F. ) ;
#1339 =( NAMED_UNIT ( * ) PLANE_ANGLE_UNIT ( ) SI_UNIT ( $, .RADIAN. ) );
#1340 = CIRCLE ( 'NONE', #1229, 1.750000000000001554 ) ;
#1341 = CARTESIAN_POINT ( 'NONE',  ( 33.52283643231884724, 3.821100382649710969, 10.42518808089360327 ) ) ;
#1342 = ADVANCED_FACE ( 'NONE', ( #646 ), #1259, .F. ) ;
#1343 = ADVANCED_FACE ( 'NONE', ( #865, #666, #650, #1292 ), #1195, .T. ) ;
#1344 = DIRECTION ( 'NONE',  ( 0.000000000000000000, 0.000000000000000000, 1.000000000000000000 ) ) ;
#1345 = CARTESIAN_POINT ( 'NONE',  ( 60.75000000000000000, 6.099999999999999645, 15.00000000000000000 ) ) ;
#1346 = CARTESIAN_POINT ( 'NONE',  ( 34.19824088940114848, 3.149944879958642474, -11.93557180112812333 ) ) ;
#1347 = EDGE_LOOP ( 'NONE', ( #732, #297, #58, #1255 ) ) ;
#1348 = CARTESIAN_POINT ( 'NONE',  ( 33.68080870694351603, 3.579896242693445529, 11.04501471892681330 ) ) ;
#1349 = CARTESIAN_POINT ( 'NONE',  ( 33.52294195624141793, 3.820927259022880218, 9.574250402097478130 ) ) ;
#1350 = CARTESIAN_POINT ( 'NONE',  ( 36.50000000000000000, 2.100000000000000089, 8.249999999999996447 ) ) ;
#1351 = DIRECTION ( 'NONE',  ( 0.000000000000000000, 0.000000000000000000, 1.000000000000000000 ) ) ;
#1352 = EDGE_LOOP ( 'NONE', ( #1203, #1156 ) ) ;
#1353 = ORIENTED_EDGE ( 'NONE', *, *, #1085, .F. ) ;
#1354 = AXIS2_PLACEMENT_3D ( 'NONE', #1297, #776, #15 ) ;
#1355 = DIRECTION ( 'NONE',  ( 0.7453559924999295649, -0.000000000000000000, 0.6666666666666671848 ) ) ;
#1356 = ORIENTED_EDGE ( 'NONE', *, *, #1007, .F. ) ;
#1357 = CARTESIAN_POINT ( 'NONE',  ( 34.05954933881582747, 5.343148208728478288, 8.180806217569061900 ) ) ;
#1358 = VECTOR ( 'NONE', #878, 1000.000000000000000 ) ;
#1359 = DIRECTION ( 'NONE',  ( -0.000000000000000000, -1.000000000000000000, -0.000000000000000000 ) ) ;
#1360 = AXIS2_PLACEMENT_3D ( 'NONE', #1044, #741, #1176 ) ;
#1361 = EDGE_LOOP ( 'NONE', ( #268, #1266, #440, #201 ) ) ;
#1362 = EDGE_CURVE ( 'NONE', #699, #461, #117, .T. ) ;
#1363 = DIRECTION ( 'NONE',  ( 0.000000000000000000, 0.000000000000000000, -1.000000000000000000 ) ) ;
#1364 = VERTEX_POINT ( 'NONE', #977 ) ;
#1365 = CARTESIAN_POINT ( 'NONE',  ( 36.50000000000000000, 7.100000000000000533, 10.00000000000000000 ) ) ;
#1366 = AXIS2_PLACEMENT_3D ( 'NONE', #512, #422, #943 ) ;
#1367 = CARTESIAN_POINT ( 'NONE',  ( 71.50000000000000000, 6.099999999999999645, 18.99999999999999645 ) ) ;
#1368 = DIRECTION ( 'NONE',  ( 0.7453559924999295649, 0.000000000000000000, -0.6666666666666671848 ) ) ;
#1369 = VERTEX_POINT ( 'NONE', #12 ) ;
#1370 = ADVANCED_FACE ( 'NONE', ( #441 ), #872, .F. ) ;
#1371 = FACE_OUTER_BOUND ( 'NONE', #1159, .T. ) ;
#1372 = FACE_OUTER_BOUND ( 'NONE', #302, .T. ) ;
#1373 = FACE_BOUND ( 'NONE', #859, .T. ) ;
#1374 = CIRCLE ( 'NONE', #949, 1.750000000000001554 ) ;
#1375 = ORIENTED_EDGE ( 'NONE', *, *, #593, .T. ) ;
#1376 = ORIENTED_EDGE ( 'NONE', *, *, #535, .F. ) ;
#1377 = CARTESIAN_POINT ( 'NONE',  ( 36.50000000000000000, 3.099999999999999645, 10.00000000000000000 ) ) ;
#1378 = ORIENTED_EDGE ( 'NONE', *, *, #963, .T. ) ;
#1379 = CARTESIAN_POINT ( 'NONE',  ( 60.75000000000000000, 2.099999999999999645, -15.00000000000000000 ) ) ;
#1380 = DIRECTION ( 'NONE',  ( -0.000000000000000000, 1.000000000000000000, -0.000000000000000000 ) ) ;
#1381 = EDGE_CURVE ( 'NONE', #1369, #693, #341, .T. ) ;
#1382 = CIRCLE ( 'NONE', #417, 6.000000000000000000 ) ;
#1383 = TOROIDAL_SURFACE ( 'NONE', #775, 6.000000000000001776, 3.000000000000000000 ) ;
#1384 = ORIENTED_EDGE ( 'NONE', *, *, #863, .F. ) ;
#1385 = ORIENTED_EDGE ( 'NONE', *, *, #36, .F. ) ;
#1386 = CARTESIAN_POINT ( 'NONE',  ( 74.50000000000000000, 9.099999999999999645, -16.00000000000000711 ) ) ;
#1387 = ORIENTED_EDGE ( 'NONE', *, *, #481, .F. ) ;
#1388 = CARTESIAN_POINT ( 'NONE',  ( 74.50000000000000000, 6.099999999999999645, 18.99999999999999645 ) ) ;
#1389 = DIRECTION ( 'NONE',  ( 0.000000000000000000, 0.000000000000000000, 1.000000000000000000 ) ) ;
#1390 = EDGE_CURVE ( 'NONE', #911, #665, #887, .T. ) ;
#1391 = EDGE_CURVE ( 'NONE', #184, #894, #651, .T. ) ;
#1392 = CARTESIAN_POINT ( 'NONE',  ( 36.50000000000000000, 2.100000000000000089, -10.00000000000000000 ) ) ;
#1393 = DIRECTION ( 'NONE',  ( -0.000000000000000000, -1.000000000000000000, -0.000000000000000000 ) ) ;
#1394 = ORIENTED_EDGE ( 'NONE', *, *, #593, .F. ) ;
#1395 = DIRECTION ( 'NONE',  ( -0.000000000000000000, -1.000000000000000000, -0.000000000000000000 ) ) ;
#1396 = EDGE_LOOP ( 'NONE', ( #1131, #961, #623, #339 ) ) ;
#1397 = VECTOR ( 'NONE', #782, 1000.000000000000000 ) ;
#1398 = CARTESIAN_POINT ( 'NONE',  ( 36.50000000000000000, 6.099999999999999645, 10.00000000000000000 ) ) ;
ENDSEC;
END-ISO-10303-21;
