ISO-10303-21;
HEADER;
FILE_DESCRIPTION (( 'STEP AP203' ),
    '1' );
FILE_NAME ('Part2.STEP',
    '2026-06-17T17:57:20',
    ( '' ),
    ( '' ),
    'SwSTEP 2.0',
    'SolidWorks 2026',
    '' );
FILE_SCHEMA (( 'CONFIG_CONTROL_DESIGN' ));
ENDSEC;

DATA;
#1 = CARTESIAN_POINT ( 'NONE',  ( -3.500000000000000444, -0.4299999999999999933, 7.000000000000000888 ) ) ;
#2 = EDGE_CURVE ( 'NONE', #1816, #1621, #1633, .T. ) ;
#3 = EDGE_CURVE ( 'NONE', #1088, #2458, #1970, .T. ) ;
#4 = DIRECTION ( 'NONE',  ( 0.000000000000000000, -1.000000000000000000, 0.000000000000000000 ) ) ;
#5 = ORIENTED_EDGE ( 'NONE', *, *, #2080, .F. ) ;
#6 = VERTEX_POINT ( 'NONE', #593 ) ;
#7 = DIRECTION ( 'NONE',  ( 3.854941057726237604E-16, 0.000000000000000000, 1.000000000000000000 ) ) ;
#8 = ORIENTED_EDGE ( 'NONE', *, *, #2301, .F. ) ;
#9 = DIRECTION ( 'NONE',  ( -1.000000000000000000, 0.000000000000000000, -1.387778780781445676E-16 ) ) ;
#10 = DIRECTION ( 'NONE',  ( 0.000000000000000000, -1.000000000000000000, 0.000000000000000000 ) ) ;
#11 = ORIENTED_EDGE ( 'NONE', *, *, #161, .T. ) ;
#12 = CC_DESIGN_PERSON_AND_ORGANIZATION_ASSIGNMENT ( #760, #746, ( #398 ) ) ;
#13 = DIRECTION ( 'NONE',  ( 0.000000000000000000, 0.000000000000000000, -1.000000000000000000 ) ) ;
#14 = ORIENTED_EDGE ( 'NONE', *, *, #43, .F. ) ;
#15 = DIRECTION ( 'NONE',  ( 0.000000000000000000, -1.000000000000000000, 0.000000000000000000 ) ) ;
#16 = AXIS2_PLACEMENT_3D ( 'NONE', #2026, #1560, #1337 ) ;
#17 = VERTEX_POINT ( 'NONE', #1439 ) ;
#18 = VERTEX_POINT ( 'NONE', #2090 ) ;
#19 = EDGE_CURVE ( 'NONE', #283, #1189, #2349, .T. ) ;
#20 = DIRECTION ( 'NONE',  ( -0.000000000000000000, 1.000000000000000000, -0.000000000000000000 ) ) ;
#21 = DIRECTION ( 'NONE',  ( 0.6925259008188998644, 0.000000000000000000, -0.7213930112601392164 ) ) ;
#22 = CARTESIAN_POINT ( 'NONE',  ( -2.500000000000000444, -0.5300000000000000266, 6.325499285782553827 ) ) ;
#23 = ORIENTED_EDGE ( 'NONE', *, *, #1066, .T. ) ;
#24 = CARTESIAN_POINT ( 'NONE',  ( 1.188461662789698670, -0.4362702009384615276, 6.093905736354039426 ) ) ;
#25 =( BOUNDED_CURVE ( )  B_SPLINE_CURVE ( 3, ( #48, #235, #1714, #2165 ),
 .UNSPECIFIED., .F., .F. ) 
 B_SPLINE_CURVE_WITH_KNOTS ( ( 4, 4 ),
 ( 3.871320309816760119, 4.712388980384689674 ),
 .UNSPECIFIED. ) 
 CURVE ( )  GEOMETRIC_REPRESENTATION_ITEM ( )  RATIONAL_B_SPLINE_CURVE ( ( 1.000000000000000000, 0.9419139527835179715, 0.9419139527835179715, 1.000000000000000000 ) ) 
 REPRESENTATION_ITEM ( '' )  );
#26 = ORIENTED_EDGE ( 'NONE', *, *, #1538, .T. ) ;
#27 = VECTOR ( 'NONE', #1842, 100.0000000000000000 ) ;
#28 = FACE_OUTER_BOUND ( 'NONE', #820, .T. ) ;
#29 = AXIS2_PLACEMENT_3D ( 'NONE', #2694, #1996, #1555 ) ;
#30 = AXIS2_PLACEMENT_3D ( 'NONE', #626, #1470, #2105 ) ;
#31 = ORIENTED_EDGE ( 'NONE', *, *, #689, .F. ) ;
#32 = EDGE_CURVE ( 'NONE', #887, #49, #1891, .T. ) ;
#33 = DIRECTION ( 'NONE',  ( -0.000000000000000000, 1.000000000000000000, -0.000000000000000000 ) ) ;
#34 = LINE ( 'NONE', #889, #1968 ) ;
#35 = AXIS2_PLACEMENT_3D ( 'NONE', #2192, #1802, #1534 ) ;
#36 = DIRECTION ( 'NONE',  ( 0.000000000000000000, 0.000000000000000000, -1.000000000000000000 ) ) ;
#37 = VERTEX_POINT ( 'NONE', #365 ) ;
#38 = CARTESIAN_POINT ( 'NONE',  ( -1.133162870853925197, 0.08661876661662211430, 6.389999999999999680 ) ) ;
#39 = DIRECTION ( 'NONE',  ( 0.000000000000000000, -1.000000000000000000, 0.000000000000000000 ) ) ;
#40 = VERTEX_POINT ( 'NONE', #1678 ) ;
#41 = CARTESIAN_POINT ( 'NONE',  ( 2.168404344971008868E-17, -0.2299999999999999822, 5.065000000000000391 ) ) ;
#42 = CIRCLE ( 'NONE', #127, 0.3500000000000003109 ) ;
#43 = EDGE_CURVE ( 'NONE', #2732, #813, #2550, .T. ) ;
#44 = VERTEX_POINT ( 'NONE', #415 ) ;
#45 = DESIGN_CONTEXT ( 'detailed design', #1983, 'design' ) ;
#46 = CARTESIAN_POINT ( 'NONE',  ( -1.787030807762585605, -0.2299999999999999822, 6.492507580192037331 ) ) ;
#47 = LINE ( 'NONE', #914, #411 ) ;
#48 = CARTESIAN_POINT ( 'NONE',  ( -2.500000000000000444, -0.5300000000000000266, 6.315464400750007812 ) ) ;
#49 = VERTEX_POINT ( 'NONE', #2043 ) ;
#50 = AXIS2_PLACEMENT_3D ( 'NONE', #1974, #445, #1295 ) ;
#51 = CARTESIAN_POINT ( 'NONE',  ( -3.500000000000000444, -0.4299999999999999933, 7.000000000000000888 ) ) ;
#52 = DIRECTION ( 'NONE',  ( 0.000000000000000000, -0.000000000000000000, -1.000000000000000000 ) ) ;
#53 = ORIENTED_EDGE ( 'NONE', *, *, #763, .F. ) ;
#54 = DIRECTION ( 'NONE',  ( 1.000000000000000000, 0.000000000000000000, -0.000000000000000000 ) ) ;
#55 = VECTOR ( 'NONE', #313, 100.0000000000000000 ) ;
#56 = ORIENTED_EDGE ( 'NONE', *, *, #2126, .T. ) ;
#57 = LINE ( 'NONE', #69, #1188 ) ;
#58 = ORIENTED_EDGE ( 'NONE', *, *, #1190, .F. ) ;
#59 = DIRECTION ( 'NONE',  ( 0.000000000000000000, 0.000000000000000000, -1.000000000000000000 ) ) ;
#60 = DIRECTION ( 'NONE',  ( 0.000000000000000000, -0.000000000000000000, -1.000000000000000000 ) ) ;
#61 = EDGE_LOOP ( 'NONE', ( #1392, #2421, #935, #2544, #2393 ) ) ;
#62 = LINE ( 'NONE', #272, #1785 ) ;
#63 = CARTESIAN_POINT ( 'NONE',  ( 1.394846157932760455, -0.5300000000000000266, 6.243296703296703498 ) ) ;
#64 = DIRECTION ( 'NONE',  ( -1.000000000000000000, 0.000000000000000000, -1.387778780781445676E-16 ) ) ;
#65 = EDGE_CURVE ( 'NONE', #1325, #2727, #2210, .T. ) ;
#66 = AXIS2_PLACEMENT_3D ( 'NONE', #2290, #2074, #1919 ) ;
#67 = ADVANCED_FACE ( 'NONE', ( #2492 ), #1204, .F. ) ;
#68 = ORIENTED_EDGE ( 'NONE', *, *, #2762, .F. ) ;
#69 = CARTESIAN_POINT ( 'NONE',  ( 2.222280046064661452, -0.2299999999999999822, 4.522322816748576280 ) ) ;
#70 = EDGE_CURVE ( 'NONE', #1294, #448, #1491, .T. ) ;
#71 = CARTESIAN_POINT ( 'NONE',  ( 3.500000000000000444, -0.4299999999999999933, 7.175000000000000711 ) ) ;
#72 = CARTESIAN_POINT ( 'NONE',  ( 2.500000000000000000, -0.5300000000000000266, 0.000000000000000000 ) ) ;
#73 = ORIENTED_EDGE ( 'NONE', *, *, #1347, .T. ) ;
#74 = CARTESIAN_POINT ( 'NONE',  ( 2.168404344971008868E-17, -0.2299999999999999822, 4.890000000000000568 ) ) ;
#75 = AXIS2_PLACEMENT_3D ( 'NONE', #2324, #849, #7 ) ;
#76 =( BOUNDED_SURFACE ( )  B_SPLINE_SURFACE ( 3, 2, ( 
 ( #1593, #1576, #2495 ),
 ( #368, #733, #1163 ),
 ( #117, #764, #2688 ),
 ( #1177, #2480, #554 ),
 ( #2248, #312, #2032 ),
 ( #1608, #2046, #2465 ),
 ( #147, #2063, #2016 ),
 ( #1427, #1383, #1820 ) ),
 .UNSPECIFIED., .F., .F., .T. ) 
 B_SPLINE_SURFACE_WITH_KNOTS ( ( 4, 2, 2, 4 ),
 ( 3, 3 ),
 ( 3.866273897793352177, 4.077802668441186995, 4.289331439089020925, 4.712388980384689674 ),
 ( 0.000000000000000000, 1.000000000000000000 ),
 .UNSPECIFIED. ) 
 GEOMETRIC_REPRESENTATION_ITEM ( )  RATIONAL_B_SPLINE_SURFACE ( (
 ( 1.000000000000000000, 0.8483608296477893607, 1.000000000000000000),
 ( 1.000000000000000000, 0.8690007184286399067, 1.000000000000000000),
 ( 1.000000000000000000, 0.8893526984153635739, 1.000000000000000000),
 ( 1.000000000000000000, 0.9264311541009131457, 1.000000000000000000),
 ( 1.000000000000000000, 0.9431430293759021088, 1.000000000000000000),
 ( 1.000000000000000000, 0.9845183313121040891, 1.000000000000000000),
 ( 1.000000000000000000, 1.000214346061329529, 1.000000000000000000),
 ( 1.000000000000000000, 1.000000000000000000, 1.000000000000000000) ) ) 
 REPRESENTATION_ITEM ( '' )  SURFACE ( )  );
#77 = CARTESIAN_POINT ( 'NONE',  ( 0.3039926335722741846, -0.05367675687115403688, 4.669623980496098170 ) ) ;
#78 = CIRCLE ( 'NONE', #1460, 0.1750000000000001554 ) ;
#79 = CARTESIAN_POINT ( 'NONE',  ( 1.256543261244561727, -0.4608413202356360650, 3.660599516884308180 ) ) ;
#80 = EDGE_CURVE ( 'NONE', #322, #473, #2468, .T. ) ;
#81 = EDGE_CURVE ( 'NONE', #2155, #462, #1348, .T. ) ;
#82 = CARTESIAN_POINT ( 'NONE',  ( -0.3024072238376215860, -0.02942616884191629617, 5.096164636067140208 ) ) ;
#83 = ORIENTED_EDGE ( 'NONE', *, *, #481, .F. ) ;
#84 = CARTESIAN_POINT ( 'NONE',  ( 2.778606988739863670, -0.4299999999999999933, 5.815339793464979756 ) ) ;
#85 = DIRECTION ( 'NONE',  ( -0.000000000000000000, 1.000000000000000000, -0.000000000000000000 ) ) ;
#86 = DIRECTION ( 'NONE',  ( -0.000000000000000000, 1.000000000000000000, -0.000000000000000000 ) ) ;
#87 = ORIENTED_EDGE ( 'NONE', *, *, #560, .F. ) ;
#88 = CARTESIAN_POINT ( 'NONE',  ( -1.744191623938817770, -0.5300000000000000266, 4.589999999999999858 ) ) ;
#89 = CARTESIAN_POINT ( 'NONE',  ( -1.371446819711878096, -0.5277280547386729026, 3.563565914096734843 ) ) ;
#90 = CARTESIAN_POINT ( 'NONE',  ( 1.299975194797909017, -0.4843057735407430009, 3.635942233993886497 ) ) ;
#91 = CYLINDRICAL_SURFACE ( 'NONE', #2401, 0.9999999999999995559 ) ;
#92 = LINE ( 'NONE', #558, #111 ) ;
#93 = CIRCLE ( 'NONE', #1887, 0.3000000000000002665 ) ;
#94 = VERTEX_POINT ( 'NONE', #121 ) ;
#95 = CARTESIAN_POINT ( 'NONE',  ( 0.4031128874149274011, -0.2299999999999999822, 4.690000000000000391 ) ) ;
#96 = LINE ( 'NONE', #951, #1096 ) ;
#97 = ORIENTED_EDGE ( 'NONE', *, *, #70, .T. ) ;
#98 = ADVANCED_FACE ( 'NONE', ( #1373 ), #2647, .T. ) ;
#99 = APPLICATION_PROTOCOL_DEFINITION ( 'international standard', 'config_control_design', 1994, #1983 ) ;
#100 = DIRECTION ( 'NONE',  ( 0.000000000000000000, 0.000000000000000000, -1.000000000000000000 ) ) ;
#101 = VERTEX_POINT ( 'NONE', #946 ) ;
#102 = CARTESIAN_POINT ( 'NONE',  ( -1.133162870853925197, -0.2299999999999999822, 6.089999999999999858 ) ) ;
#103 = CARTESIAN_POINT ( 'NONE',  ( 0.3078795892758475206, 0.04502139108903328163, 4.723051151045543961 ) ) ;
#104 = EDGE_CURVE ( 'NONE', #1318, #537, #1567, .T. ) ;
#105 = DIRECTION ( 'NONE',  ( 0.000000000000000000, -1.000000000000000000, 0.000000000000000000 ) ) ;
#106 = FACE_OUTER_BOUND ( 'NONE', #1441, .T. ) ;
#107 = AXIS2_PLACEMENT_3D ( 'NONE', #577, #306, #141 ) ;
#108 = ORIENTED_EDGE ( 'NONE', *, *, #1258, .T. ) ;
#109 = CARTESIAN_POINT ( 'NONE',  ( 0.000000000000000000, -0.2299999999999999822, 4.590000000000000746 ) ) ;
#110 = CARTESIAN_POINT ( 'NONE',  ( 3.500000000000000444, -0.4299999999999999933, 7.000000000000000888 ) ) ;
#111 = VECTOR ( 'NONE', #1404, 100.0000000000000000 ) ;
#112 = ORIENTED_EDGE ( 'NONE', *, *, #1720, .F. ) ;
#113 = COORDINATED_UNIVERSAL_TIME_OFFSET ( 5, 0, .BEHIND. ) ;
#114 = EDGE_CURVE ( 'NONE', #399, #322, #410, .T. ) ;
#115 = CARTESIAN_POINT ( 'NONE',  ( 2.000000000000002220, -0.5300000000000000266, 6.089999999999999858 ) ) ;
#116 = ORIENTED_EDGE ( 'NONE', *, *, #1059, .T. ) ;
#117 = CARTESIAN_POINT ( 'NONE',  ( -2.463756002694448277, -0.5009452595420569310, 6.418718701458255183 ) ) ;
#118 = CARTESIAN_POINT ( 'NONE',  ( 0.000000000000000000, -0.5300000000000000266, 6.390000000000001457 ) ) ;
#119 = AXIS2_PLACEMENT_3D ( 'NONE', #1042, #1070, #1922 ) ;
#120 = LINE ( 'NONE', #1554, #488 ) ;
#121 = CARTESIAN_POINT ( 'NONE',  ( -2.500000000000000444, -0.5300000000000000266, 6.315464400750007812 ) ) ;
#122 = VECTOR ( 'NONE', #2478, 100.0000000000000000 ) ;
#123 = CARTESIAN_POINT ( 'NONE',  ( 1.864954995514144898, -0.4386330377026479432, 6.530799708941614767 ) ) ;
#124 = EDGE_CURVE ( 'NONE', #18, #1088, #921, .T. ) ;
#125 = ORIENTED_EDGE ( 'NONE', *, *, #1504, .T. ) ;
#126 = FACE_OUTER_BOUND ( 'NONE', #1799, .T. ) ;
#127 = AXIS2_PLACEMENT_3D ( 'NONE', #2221, #105, #329 ) ;
#128 = CYLINDRICAL_SURFACE ( 'NONE', #993, 0.2999999999999999334 ) ;
#129 = AXIS2_PLACEMENT_3D ( 'NONE', #1529, #2609, #2182 ) ;
#130 = CARTESIAN_POINT ( 'NONE',  ( 0.4031128874149221275, -0.1912315359462877506, 4.590000000000000746 ) ) ;
#131 = ORIENTED_EDGE ( 'NONE', *, *, #1581, .F. ) ;
#132 = LINE ( 'NONE', #326, #545 ) ;
#133 = DIRECTION ( 'NONE',  ( 0.000000000000000000, 1.000000000000000000, 0.000000000000000000 ) ) ;
#134 = CARTESIAN_POINT ( 'NONE',  ( 2.000000000000002220, -0.5300000000000000266, 5.190000000000001279 ) ) ;
#135 = DIRECTION ( 'NONE',  ( 1.000000000000000000, -0.000000000000000000, 1.734723475976807094E-16 ) ) ;
#136 = DIRECTION ( 'NONE',  ( 0.000000000000000000, -1.000000000000000000, 0.000000000000000000 ) ) ;
#137 = ADVANCED_FACE ( 'NONE', ( #106 ), #91, .F. ) ;
#138 = LINE ( 'NONE', #842, #2398 ) ;
#139 = EDGE_LOOP ( 'NONE', ( #1379, #1950, #56, #1000 ) ) ;
#140 = B_SPLINE_CURVE_WITH_KNOTS ( 'NONE', 3,
 ( #1084, #2353, #1726, #1489, #901, #1751, #2616, #1296, #22, #2584 ),
 .UNSPECIFIED., .F., .F.,
 ( 4, 2, 2, 2, 4 ),
 ( 0.000000000000000000, 0.0002984700657906440443, 0.0005969401315812880885, 0.0008954101973719320786, 0.001193880263162576177 ),
 .UNSPECIFIED. ) ;
#141 = DIRECTION ( 'NONE',  ( 0.000000000000000000, 0.000000000000000000, 1.000000000000000000 ) ) ;
#142 = LOCAL_TIME ( 13, 57, 20.00000000000000000, #2231 ) ;
#143 = ORIENTED_EDGE ( 'NONE', *, *, #413, .T. ) ;
#144 = DATE_AND_TIME ( #2448, #1520 ) ;
#145 = ORIENTED_EDGE ( 'NONE', *, *, #872, .F. ) ;
#146 = ORIENTED_EDGE ( 'NONE', *, *, #2440, .F. ) ;
#147 = CARTESIAN_POINT ( 'NONE',  ( -2.667185446416451722, -0.4300000000000001044, 6.571290784252220796 ) ) ;
#148 = AXIS2_PLACEMENT_3D ( 'NONE', #1987, #1378, #2431 ) ;
#149 = CARTESIAN_POINT ( 'NONE',  ( 2.463756002694499347, -0.5009452595420340604, 6.418718701458287157 ) ) ;
#150 = PRODUCT_DEFINITION_SHAPE ( 'NONE', 'NONE',  #470 ) ;
#151 = DIRECTION ( 'NONE',  ( 0.000000000000000000, 0.000000000000000000, 1.000000000000000000 ) ) ;
#152 = CARTESIAN_POINT ( 'NONE',  ( -1.363877287547997641, -0.5211033249512985188, 6.197763738587969584 ) ) ;
#153 = FACE_BOUND ( 'NONE', #1407, .T. ) ;
#154 = LINE ( 'NONE', #2054, #1495 ) ;
#155 = VERTEX_POINT ( 'NONE', #2269 ) ;
#156 = CARTESIAN_POINT ( 'NONE',  ( -1.735980859460422465, -0.4665959791724870742, 6.467421515781868635 ) ) ;
#157 = ORIENTED_EDGE ( 'NONE', *, *, #2019, .T. ) ;
#158 = EDGE_CURVE ( 'NONE', #1349, #1283, #1198, .T. ) ;
#159 = ORIENTED_EDGE ( 'NONE', *, *, #481, .T. ) ;
#160 = ORIENTED_EDGE ( 'NONE', *, *, #1362, .T. ) ;
#161 = EDGE_CURVE ( 'NONE', #996, #1812, #1277, .T. ) ;
#162 = FACE_BOUND ( 'NONE', #681, .T. ) ;
#163 = LINE ( 'NONE', #1056, #2337 ) ;
#164 = CARTESIAN_POINT ( 'NONE',  ( -0.3135322457671657626, -0.2299999999999999822, 4.734444444444444677 ) ) ;
#165 = ORIENTED_EDGE ( 'NONE', *, *, #2737, .F. ) ;
#166 = FACE_OUTER_BOUND ( 'NONE', #1789, .T. ) ;
#167 = CARTESIAN_POINT ( 'NONE',  ( 0.3078741233908429131, 0.04499723780746255064, 5.056959865797889364 ) ) ;
#168 = LINE ( 'NONE', #588, #2714 ) ;
#169 = EDGE_CURVE ( 'NONE', #322, #1771, #357, .T. ) ;
#170 = AXIS2_PLACEMENT_3D ( 'NONE', #2392, #2372, #207 ) ;
#171 = CYLINDRICAL_SURFACE ( 'NONE', #1009, 0.3500000000000003109 ) ;
#172 = CARTESIAN_POINT ( 'NONE',  ( 2.168404344971008868E-17, -0.2299999999999999822, 4.890000000000000568 ) ) ;
#173 = ORIENTED_EDGE ( 'NONE', *, *, #763, .T. ) ;
#174 = ORIENTED_EDGE ( 'NONE', *, *, #737, .F. ) ;
#175 = DIRECTION ( 'NONE',  ( 0.000000000000000000, -1.000000000000000000, 0.000000000000000000 ) ) ;
#176 = EDGE_CURVE ( 'NONE', #2514, #862, #562, .T. ) ;
#177 = CARTESIAN_POINT ( 'NONE',  ( 3.500000000000000444, -0.4299999999999999933, 7.000000000000000888 ) ) ;
#178 = VERTEX_POINT ( 'NONE', #753 ) ;
#179 = DIRECTION ( 'NONE',  ( -0.000000000000000000, 1.000000000000000000, -0.000000000000000000 ) ) ;
#180 = ORIENTED_EDGE ( 'NONE', *, *, #1219, .F. ) ;
#181 = CC_DESIGN_PERSON_AND_ORGANIZATION_ASSIGNMENT ( #2029, #2013, ( #238 ) ) ;
#182 = DIRECTION ( 'NONE',  ( -0.000000000000000000, 1.000000000000000000, -0.000000000000000000 ) ) ;
#183 = DIRECTION ( 'NONE',  ( 0.000000000000000000, 0.000000000000000000, 1.000000000000000000 ) ) ;
#184 = VECTOR ( 'NONE', #2309, 100.0000000000000000 ) ;
#185 = DIRECTION ( 'NONE',  ( 0.000000000000000000, 0.000000000000000000, 1.000000000000000000 ) ) ;
#186 = ORIENTED_EDGE ( 'NONE', *, *, #1362, .F. ) ;
#187 = ORIENTED_EDGE ( 'NONE', *, *, #673, .F. ) ;
#188 = VECTOR ( 'NONE', #1965, 100.0000000000000000 ) ;
#189 = CARTESIAN_POINT ( 'NONE',  ( -0.4031128874149274011, -0.2299999999999999822, 4.590000000000000746 ) ) ;
#190 = DIRECTION ( 'NONE',  ( -0.000000000000000000, 1.000000000000000000, -0.000000000000000000 ) ) ;
#191 = AXIS2_PLACEMENT_3D ( 'NONE', #1526, #2630, #1536 ) ;
#192 = CARTESIAN_POINT ( 'NONE',  ( 3.500000000000000444, 0.06999999999999999278, 6.700000000000000178 ) ) ;
#193 = VERTEX_POINT ( 'NONE', #1598 ) ;
#194 = CARTESIAN_POINT ( 'NONE',  ( -1.327759926200848817, -0.5000115226512417133, 6.160221843707767597 ) ) ;
#195 = EDGE_CURVE ( 'NONE', #1189, #564, #1388, .T. ) ;
#196 = VERTEX_POINT ( 'NONE', #2499 ) ;
#197 = DIRECTION ( 'NONE',  ( -0.000000000000000000, 1.000000000000000000, -0.000000000000000000 ) ) ;
#198 = EDGE_CURVE ( 'NONE', #671, #646, #1797, .T. ) ;
#199 = DIRECTION ( 'NONE',  ( -0.000000000000000000, 1.000000000000000000, -0.000000000000000000 ) ) ;
#200 = PLANE ( 'NONE',  #1135 ) ;
#201 = EDGE_LOOP ( 'NONE', ( #791, #1516, #2504 ) ) ;
#202 = ORIENTED_EDGE ( 'NONE', *, *, #32, .F. ) ;
#203 = PLANE ( 'NONE',  #1811 ) ;
#204 = DIRECTION ( 'NONE',  ( 0.000000000000000000, -0.000000000000000000, -1.000000000000000000 ) ) ;
#205 = ADVANCED_FACE ( 'NONE', ( #166 ), #1046, .F. ) ;
#206 = EDGE_CURVE ( 'NONE', #1847, #1121, #1131, .T. ) ;
#207 = DIRECTION ( 'NONE',  ( 0.000000000000000000, 0.000000000000000000, 1.000000000000000000 ) ) ;
#208 = ORIENTED_EDGE ( 'NONE', *, *, #1052, .F. ) ;
#209 = CARTESIAN_POINT ( 'NONE',  ( 0.4031128874149274011, -0.2299999999999999822, 4.590000000000000746 ) ) ;
#210 = AXIS2_PLACEMENT_3D ( 'NONE', #853, #1702, #631 ) ;
#211 = ORIENTED_EDGE ( 'NONE', *, *, #341, .F. ) ;
#212 = CARTESIAN_POINT ( 'NONE',  ( 1.630112555622212245, -0.2299999999999999822, 6.431208791208790743 ) ) ;
#213 = DIRECTION ( 'NONE',  ( -1.000000000000000000, 0.000000000000000000, -1.734723475976807094E-16 ) ) ;
#214 = AXIS2_PLACEMENT_3D ( 'NONE', #2241, #531, #1170 ) ;
#215 = CARTESIAN_POINT ( 'NONE',  ( -3.500000000000000444, -0.2299999999999999822, 6.825000000000000178 ) ) ;
#216 = ORIENTED_EDGE ( 'NONE', *, *, #1641, .T. ) ;
#217 = VERTEX_POINT ( 'NONE', #613 ) ;
#218 = CARTESIAN_POINT ( 'NONE',  ( 1.999999999999997335, -0.4299999999999999933, 4.589999999999999858 ) ) ;
#219 = LINE ( 'NONE', #2591, #1252 ) ;
#220 = VECTOR ( 'NONE', #919, 100.0000000000000000 ) ;
#221 = CARTESIAN_POINT ( 'NONE',  ( 3.500000000000000444, -0.4299999999999999933, 7.000000000000000888 ) ) ;
#222 = ORIENTED_EDGE ( 'NONE', *, *, #1677, .F. ) ;
#223 = LINE ( 'NONE', #2586, #2635 ) ;
#224 =( BOUNDED_CURVE ( )  B_SPLINE_CURVE ( 3, ( #1915, #439, #1089, #1942 ),
 .UNSPECIFIED., .F., .T. ) 
 B_SPLINE_CURVE_WITH_KNOTS ( ( 4, 4 ),
 ( 1.570796326794896558, 1.986314492932814924 ),
 .UNSPECIFIED. ) 
 CURVE ( )  GEOMETRIC_REPRESENTATION_ITEM ( )  RATIONAL_B_SPLINE_CURVE ( ( 1.000000000000000000, 0.9856637333066912143, 0.9856637333066912143, 1.000000000000000000 ) ) 
 REPRESENTATION_ITEM ( '' )  );
#225 = AXIS2_PLACEMENT_3D ( 'NONE', #2385, #1311, #54 ) ;
#226 = ORIENTED_EDGE ( 'NONE', *, *, #65, .T. ) ;
#227 = PLANE ( 'NONE',  #1693 ) ;
#228 = EDGE_CURVE ( 'NONE', #852, #1833, #1284, .T. ) ;
#229 = LINE ( 'NONE', #1496, #1984 ) ;
#230 = VERTEX_POINT ( 'NONE', #209 ) ;
#231 = ORIENTED_EDGE ( 'NONE', *, *, #532, .T. ) ;
#232 = CARTESIAN_POINT ( 'NONE',  ( 2.492535282747030845, -0.5299999999999999156, 6.354485839531760938 ) ) ;
#233 = DIRECTION ( 'NONE',  ( 0.7213930112601392164, 0.000000000000000000, 0.6925259008188998644 ) ) ;
#234 = EDGE_CURVE ( 'NONE', #2382, #2521, #1988, .T. ) ;
#235 = CARTESIAN_POINT ( 'NONE',  ( -2.557789891777612290, -0.4653889367864523230, 6.392517589786823606 ) ) ;
#236 = ORIENTED_EDGE ( 'NONE', *, *, #1059, .F. ) ;
#237 = CARTESIAN_POINT ( 'NONE',  ( 1.386193305114386654, -0.2299999999999999822, 3.540000000000000924 ) ) ;
#238 = SECURITY_CLASSIFICATION ( '', '', #1846 ) ;
#239 = EDGE_LOOP ( 'NONE', ( #2092, #325, #825, #745, #2528 ) ) ;
#240 = DIRECTION ( 'NONE',  ( -0.000000000000000000, 1.000000000000000000, -0.000000000000000000 ) ) ;
#241 = ORIENTED_EDGE ( 'NONE', *, *, #942, .F. ) ;
#242 = DIRECTION ( 'NONE',  ( 0.000000000000000000, 0.000000000000000000, -1.000000000000000000 ) ) ;
#243 = CARTESIAN_POINT ( 'NONE',  ( -1.459237942961266743, -0.2299999999999999822, 1.400845385503680651 ) ) ;
#244 = ADVANCED_FACE ( 'NONE', ( #1872 ), #1239, .F. ) ;
#245 = EDGE_CURVE ( 'NONE', #311, #196, #910, .T. ) ;
#246 = PLANE ( 'NONE',  #2679 ) ;
#247 = ORIENTED_EDGE ( 'NONE', *, *, #922, .T. ) ;
#248 = CARTESIAN_POINT ( 'NONE',  ( 2.500000000000000000, -0.4299999999999999933, 6.613606797749979727 ) ) ;
#249 = ORIENTED_EDGE ( 'NONE', *, *, #1033, .F. ) ;
#250 = CARTESIAN_POINT ( 'NONE',  ( 1.173614015515205056, -0.4338447082656827214, 6.090000000000000746 ) ) ;
#251 = VECTOR ( 'NONE', #316, 100.0000000000000000 ) ;
#252 = VECTOR ( 'NONE', #1365, 100.0000000000000000 ) ;
#253 = VERTEX_POINT ( 'NONE', #1899 ) ;
#254 = DIRECTION ( 'NONE',  ( 1.000000000000000000, -0.000000000000000000, -0.000000000000000000 ) ) ;
#255 = FACE_OUTER_BOUND ( 'NONE', #1782, .T. ) ;
#256 = AXIS2_PLACEMENT_3D ( 'NONE', #2014, #1989, #60 ) ;
#257 = CARTESIAN_POINT ( 'NONE',  ( 1.630112555622212245, -0.4918173658517469571, 6.431208791208790743 ) ) ;
#258 = ORIENTED_EDGE ( 'NONE', *, *, #943, .T. ) ;
#259 = DIRECTION ( 'NONE',  ( 0.000000000000000000, 0.000000000000000000, 1.000000000000000000 ) ) ;
#260 = CARTESIAN_POINT ( 'NONE',  ( 2.557789891777611846, -0.4653889367864523230, 6.392517589786823606 ) ) ;
#261 = ORIENTED_EDGE ( 'NONE', *, *, #1602, .F. ) ;
#262 = DIRECTION ( 'NONE',  ( -0.000000000000000000, 1.000000000000000000, -0.000000000000000000 ) ) ;
#263 = VECTOR ( 'NONE', #2763, 100.0000000000000000 ) ;
#264 = AXIS2_PLACEMENT_3D ( 'NONE', #2531, #358, #1225 ) ;
#265 = ADVANCED_FACE ( 'NONE', ( #1686 ), #1021, .F. ) ;
#266 = ORIENTED_EDGE ( 'NONE', *, *, #2225, .F. ) ;
#267 = CARTESIAN_POINT ( 'NONE',  ( -0.5464250776095467277, -0.2299999999999999822, 5.190000000000000391 ) ) ;
#268 = DIRECTION ( 'NONE',  ( -3.854941057726237604E-16, 0.000000000000000000, -1.000000000000000000 ) ) ;
#269 = DIRECTION ( 'NONE',  ( 0.000000000000000000, 0.000000000000000000, -1.000000000000000000 ) ) ;
#270 = ORIENTED_EDGE ( 'NONE', *, *, #492, .T. ) ;
#271 = AXIS2_PLACEMENT_3D ( 'NONE', #2601, #465, #1487 ) ;
#272 = CARTESIAN_POINT ( 'NONE',  ( 0.000000000000000000, -0.2299999999999999822, 6.089999999999999858 ) ) ;
#273 = LINE ( 'NONE', #1086, #220 ) ;
#274 = CARTESIAN_POINT ( 'NONE',  ( -4.704570066849101629E-16, -0.5300000000000000266, 3.390000000000000568 ) ) ;
#275 = EDGE_CURVE ( 'NONE', #2143, #497, #2557, .T. ) ;
#276 = AXIS2_PLACEMENT_3D ( 'NONE', #716, #2460, #926 ) ;
#277 = VECTOR ( 'NONE', #133, 100.0000000000000000 ) ;
#278 = ORIENTED_EDGE ( 'NONE', *, *, #2399, .T. ) ;
#279 = CARTESIAN_POINT ( 'NONE',  ( -2.723606797749979602, -0.4299999999999999933, 6.613606797749979727 ) ) ;
#280 = CARTESIAN_POINT ( 'NONE',  ( -2.723606797749979602, -0.7299999999999999822, 0.000000000000000000 ) ) ;
#281 = AXIS2_PLACEMENT_3D ( 'NONE', #724, #2022, #990 ) ;
#282 = PLANE ( 'NONE',  #1102 ) ;
#283 = VERTEX_POINT ( 'NONE', #600 ) ;
#284 = DIRECTION ( 'NONE',  ( 0.000000000000000000, -1.000000000000000000, 0.000000000000000000 ) ) ;
#285 = DIRECTION ( 'NONE',  ( 6.938893903907226405E-16, 0.000000000000000000, -1.000000000000000000 ) ) ;
#286 = EDGE_CURVE ( 'NONE', #1454, #383, #1475, .T. ) ;
#287 = EDGE_CURVE ( 'NONE', #1014, #2322, #504, .T. ) ;
#288 = DIRECTION ( 'NONE',  ( 1.000000000000000000, -0.000000000000000000, -0.000000000000000000 ) ) ;
#289 = VECTOR ( 'NONE', #1706, 100.0000000000000000 ) ;
#290 = DIRECTION ( 'NONE',  ( 0.000000000000000000, 0.000000000000000000, -1.000000000000000000 ) ) ;
#291 = VERTEX_POINT ( 'NONE', #406 ) ;
#292 = LINE ( 'NONE', #2459, #2725 ) ;
#293 = FACE_OUTER_BOUND ( 'NONE', #1172, .T. ) ;
#294 = EDGE_CURVE ( 'NONE', #1669, #2514, #1041, .T. ) ;
#295 = DIRECTION ( 'NONE',  ( 0.000000000000000000, -1.000000000000000000, 0.000000000000000000 ) ) ;
#296 = ORIENTED_EDGE ( 'NONE', *, *, #873, .T. ) ;
#297 = LINE ( 'NONE', #1563, #2128 ) ;
#298 = AXIS2_PLACEMENT_3D ( 'NONE', #995, #2258, #981 ) ;
#299 = CARTESIAN_POINT ( 'NONE',  ( 0.3121014744644505234, -0.08860519467958215267, 4.647846418468634333 ) ) ;
#300 = CIRCLE ( 'NONE', #1864, 0.1000000000000000888 ) ;
#301 = DIRECTION ( 'NONE',  ( -0.000000000000000000, 0.000000000000000000, 1.000000000000000000 ) ) ;
#302 = DIRECTION ( 'NONE',  ( 0.000000000000000000, 0.000000000000000000, -1.000000000000000000 ) ) ;
#303 = CARTESIAN_POINT ( 'NONE',  ( -0.3121014744644505234, -0.08860519467958215267, 5.132153581531368580 ) ) ;
#304 = EDGE_CURVE ( 'NONE', #1883, #230, #273, .T. ) ;
#305 = ORIENTED_EDGE ( 'NONE', *, *, #114, .F. ) ;
#306 = DIRECTION ( 'NONE',  ( -1.000000000000000000, 0.000000000000000000, 0.000000000000000000 ) ) ;
#307 = CARTESIAN_POINT ( 'NONE',  ( 1.787030807762585161, -0.2299999999999999822, 6.492507580192037331 ) ) ;
#308 = ORIENTED_EDGE ( 'NONE', *, *, #1997, .T. ) ;
#309 = PERSON_AND_ORGANIZATION ( #2287, #1338 ) ;
#310 = PLANE ( 'NONE',  #256 ) ;
#311 = VERTEX_POINT ( 'NONE', #1766 ) ;
#312 = CARTESIAN_POINT ( 'NONE',  ( -2.559927424238627403, -0.4762936684303861745, 6.449927424238628859 ) ) ;
#313 = DIRECTION ( 'NONE',  ( -1.000000000000000000, 0.000000000000000000, 0.000000000000000000 ) ) ;
#314 = CARTESIAN_POINT ( 'NONE',  ( -2.033466784912491221, -0.4299999999999999933, 6.613606797749979727 ) ) ;
#315 = DIRECTION ( 'NONE',  ( 0.8974924198079632376, 0.000000000000000000, -0.4410298815128594341 ) ) ;
#316 = DIRECTION ( 'NONE',  ( 1.000000000000000000, -0.000000000000000000, -0.000000000000000000 ) ) ;
#317 = APPROVAL_PERSON_ORGANIZATION ( #2716, #590, #792 ) ;
#318 = EDGE_CURVE ( 'NONE', #6, #1771, #1547, .T. ) ;
#319 = VERTEX_POINT ( 'NONE', #2374 ) ;
#320 = FACE_OUTER_BOUND ( 'NONE', #1353, .T. ) ;
#321 = DIRECTION ( 'NONE',  ( -1.000000000000000000, 0.000000000000000000, 0.000000000000000000 ) ) ;
#322 = VERTEX_POINT ( 'NONE', #1716 ) ;
#323 = PERSON_AND_ORGANIZATION ( #2287, #1338 ) ;
#324 = CARTESIAN_POINT ( 'NONE',  ( 0.000000000000000000, -0.5300000000000000266, 6.390000000000001457 ) ) ;
#325 = ORIENTED_EDGE ( 'NONE', *, *, #1167, .F. ) ;
#326 = CARTESIAN_POINT ( 'NONE',  ( 0.4031128874149274011, -0.5300000000000000266, 4.590000000000000746 ) ) ;
#327 = CARTESIAN_POINT ( 'NONE',  ( -1.379124375044668893, -0.5300000000000000266, 3.552243746035905314 ) ) ;
#328 = EDGE_CURVE ( 'NONE', #2778, #1816, #2167, .T. ) ;
#329 = DIRECTION ( 'NONE',  ( 0.000000000000000000, 0.000000000000000000, -1.000000000000000000 ) ) ;
#330 = DIRECTION ( 'NONE',  ( -0.000000000000000000, 1.000000000000000000, -0.000000000000000000 ) ) ;
#331 = FACE_OUTER_BOUND ( 'NONE', #1034, .T. ) ;
#332 = CIRCLE ( 'NONE', #1577, 0.3000000000000002665 ) ;
#333 = EDGE_LOOP ( 'NONE', ( #2758, #2303, #2082, #2200 ) ) ;
#334 = DIRECTION ( 'NONE',  ( -0.000000000000000000, 1.000000000000000000, -0.000000000000000000 ) ) ;
#335 = DIRECTION ( 'NONE',  ( 0.000000000000000000, 0.000000000000000000, 1.000000000000000000 ) ) ;
#336 = ORIENTED_EDGE ( 'NONE', *, *, #169, .F. ) ;
#337 = APPROVAL_DATE_TIME ( #1368, #1701 ) ;
#338 = ORIENTED_EDGE ( 'NONE', *, *, #228, .T. ) ;
#339 = LINE ( 'NONE', #1194, #1432 ) ;
#340 = CARTESIAN_POINT ( 'NONE',  ( 2.168404344971008868E-17, 0.06999999999999999278, 4.890000000000000568 ) ) ;
#341 = EDGE_CURVE ( 'NONE', #2587, #2077, #1916, .T. ) ;
#342 = VECTOR ( 'NONE', #692, 100.0000000000000000 ) ;
#343 = DIRECTION ( 'NONE',  ( -1.000000000000000000, 0.000000000000000000, 0.000000000000000000 ) ) ;
#344 = CARTESIAN_POINT ( 'NONE',  ( 2.501264886807077481, -0.5285610521426201691, 5.180804807676292256 ) ) ;
#345 = DIRECTION ( 'NONE',  ( 0.000000000000000000, 0.000000000000000000, -1.000000000000000000 ) ) ;
#346 = CARTESIAN_POINT ( 'NONE',  ( -0.3473288245886927972, -0.1526157532413922324, 4.606403386710280934 ) ) ;
#347 = ORIENTED_EDGE ( 'NONE', *, *, #158, .F. ) ;
#348 = DIRECTION ( 'NONE',  ( -0.000000000000000000, 1.000000000000000000, -0.000000000000000000 ) ) ;
#349 = CIRCLE ( 'NONE', #1071, 0.3000000000000002665 ) ;
#350 = CARTESIAN_POINT ( 'NONE',  ( 0.5169032396884539748, -0.2264632281048785667, 4.590000000000000746 ) ) ;
#351 = DATE_TIME_ROLE ( 'creation_date' ) ;
#352 = ORIENTED_EDGE ( 'NONE', *, *, #979, .T. ) ;
#353 = ORIENTED_EDGE ( 'NONE', *, *, #228, .F. ) ;
#354 =( NAMED_UNIT ( * ) PLANE_ANGLE_UNIT ( ) SI_UNIT ( $, .RADIAN. ) );
#355 = DIRECTION ( 'NONE',  ( -1.000000000000000000, 0.000000000000000000, 0.000000000000000000 ) ) ;
#356 = CARTESIAN_POINT ( 'NONE',  ( -1.231409510556083386, -0.4499902887671839991, 6.089999999999999858 ) ) ;
#357 = LINE ( 'NONE', #2484, #1138 ) ;
#358 = DIRECTION ( 'NONE',  ( 0.000000000000000000, -1.000000000000000000, 0.000000000000000000 ) ) ;
#359 = CARTESIAN_POINT ( 'NONE',  ( -0.3565570377802114721, -0.1618451604784614806, 4.600748315445461145 ) ) ;
#360 = EDGE_CURVE ( 'NONE', #2356, #6, #1309, .T. ) ;
#361 = EDGE_CURVE ( 'NONE', #594, #1233, #223, .T. ) ;
#362 = VERTEX_POINT ( 'NONE', #1728 ) ;
#363 = CYLINDRICAL_SURFACE ( 'NONE', #1943, 0.3000000000000002665 ) ;
#364 = PRODUCT_DEFINITION_FORMATION_WITH_SPECIFIED_SOURCE ( 'ANY', '', #398, .NOT_KNOWN. ) ;
#365 = CARTESIAN_POINT ( 'NONE',  ( -2.500000000000000444, -0.5300000000000000266, 3.390000000000000124 ) ) ;
#366 = ORIENTED_EDGE ( 'NONE', *, *, #1345, .T. ) ;
#367 = ORIENTED_EDGE ( 'NONE', *, *, #2577, .F. ) ;
#368 = CARTESIAN_POINT ( 'NONE',  ( -2.442817648452936918, -0.5152944800486434218, 6.403014935777190608 ) ) ;
#369 = AXIS2_PLACEMENT_3D ( 'NONE', #965, #1588, #548 ) ;
#370 = CARTESIAN_POINT ( 'NONE',  ( -1.744191623938817770, -0.5300000000000000266, 4.590000000000000746 ) ) ;
#371 = CARTESIAN_POINT ( 'NONE',  ( -1.212109249528542154, -0.4432087336529828558, 6.089999999999998970 ) ) ;
#372 = ORIENTED_EDGE ( 'NONE', *, *, #2663, .F. ) ;
#373 = ADVANCED_FACE ( 'NONE', ( #1321 ), #2619, .F. ) ;
#374 = EDGE_CURVE ( 'NONE', #1335, #217, #1537, .T. ) ;
#375 = CARTESIAN_POINT ( 'NONE',  ( 1.787030807762585161, -0.4555278165153078263, 6.492507580192037331 ) ) ;
#376 = CARTESIAN_POINT ( 'NONE',  ( -1.126385683979055363, -0.2299999999999999822, 3.690000000000000835 ) ) ;
#377 = DIRECTION ( 'NONE',  ( 0.000000000000000000, 0.000000000000000000, 1.000000000000000000 ) ) ;
#378 = ORIENTED_EDGE ( 'NONE', *, *, #1733, .T. ) ;
#379 = DIRECTION ( 'NONE',  ( 0.000000000000000000, -1.000000000000000000, 0.000000000000000000 ) ) ;
#380 = VECTOR ( 'NONE', #2333, 100.0000000000000000 ) ;
#381 = VERTEX_POINT ( 'NONE', #1551 ) ;
#382 = EDGE_LOOP ( 'NONE', ( #2205, #2093, #1651, #456 ) ) ;
#383 = VERTEX_POINT ( 'NONE', #868 ) ;
#384 = PLANE ( 'NONE',  #75 ) ;
#385 = AXIS2_PLACEMENT_3D ( 'NONE', #2007, #2212, #290 ) ;
#386 = DIRECTION ( 'NONE',  ( 0.000000000000000000, 0.000000000000000000, -1.000000000000000000 ) ) ;
#387 = CC_DESIGN_PERSON_AND_ORGANIZATION_ASSIGNMENT ( #323, #2655, ( #364 ) ) ;
#388 = DIRECTION ( 'NONE',  ( 0.000000000000000000, 0.000000000000000000, -1.000000000000000000 ) ) ;
#389 = ORIENTED_EDGE ( 'NONE', *, *, #625, .T. ) ;
#390 = DIRECTION ( 'NONE',  ( -0.000000000000000000, -1.000000000000000000, -0.000000000000000000 ) ) ;
#391 = VECTOR ( 'NONE', #1278, 100.0000000000000000 ) ;
#392 = ORIENTED_EDGE ( 'NONE', *, *, #104, .T. ) ;
#393 = CARTESIAN_POINT ( 'NONE',  ( 0.3135322457671657070, -0.2299999999999999822, 5.045555555555556460 ) ) ;
#394 = DIRECTION ( 'NONE',  ( -0.000000000000000000, 1.000000000000000000, -0.000000000000000000 ) ) ;
#395 = AXIS2_PLACEMENT_3D ( 'NONE', #927, #1329, #1574 ) ;
#396 = CARTESIAN_POINT ( 'NONE',  ( -1.126385683979055363, 0.08661876661662211430, 3.690000000000000835 ) ) ;
#397 = EDGE_CURVE ( 'NONE', #253, #1237, #1839, .T. ) ;
#398 = PRODUCT ( 'Part2', 'Part2', '', ( #565 ) ) ;
#399 = VERTEX_POINT ( 'NONE', #2410 ) ;
#400 = AXIS2_PLACEMENT_3D ( 'NONE', #2749, #1030, #611 ) ;
#401 = ORIENTED_EDGE ( 'NONE', *, *, #1673, .T. ) ;
#402 = CARTESIAN_POINT ( 'NONE',  ( -2.000000000000003109, -0.5300000000000000266, 3.689999999999999503 ) ) ;
#403 = CARTESIAN_POINT ( 'NONE',  ( 3.716417903378041565, -0.2299999999999999822, 6.792242229754329230 ) ) ;
#404 = DIRECTION ( 'NONE',  ( 0.000000000000000000, -1.000000000000000000, 0.000000000000000000 ) ) ;
#405 = ORIENTED_EDGE ( 'NONE', *, *, #206, .F. ) ;
#406 = CARTESIAN_POINT ( 'NONE',  ( -2.000000000000002665, -0.4299999999999999933, 4.589999999999999858 ) ) ;
#407 = ORIENTED_EDGE ( 'NONE', *, *, #461, .F. ) ;
#408 = CARTESIAN_POINT ( 'NONE',  ( 2.000000000000002220, -0.4299999999999999933, 6.089999999999999858 ) ) ;
#409 = DIRECTION ( 'NONE',  ( -0.000000000000000000, 1.000000000000000000, -0.000000000000000000 ) ) ;
#410 = B_SPLINE_CURVE_WITH_KNOTS ( 'NONE', 3,
 ( #1417, #975, #2707, #1825, #2455, #2439, #1611, #2236, #2052, #736, #1403, #344, #1582, #514 ),
 .UNSPECIFIED., .F., .F.,
 ( 4, 2, 2, 2, 2, 2, 4 ),
 ( 0.000000000000000000, 0.001720037672645057273, 0.002580056508967578863, 0.003440075345290100669, 0.005160113017935163797, 0.006020131854257685169, 0.006880150690580207409 ),
 .UNSPECIFIED. ) ;
#411 = VECTOR ( 'NONE', #1762, 100.0000000000000000 ) ;
#412 = CARTESIAN_POINT ( 'NONE',  ( -2.723606797749979158, -0.4299999999999999933, 5.753062728821090488 ) ) ;
#413 = EDGE_CURVE ( 'NONE', #155, #1095, #659, .T. ) ;
#414 = EDGE_CURVE ( 'NONE', #1629, #2514, #447, .T. ) ;
#415 = CARTESIAN_POINT ( 'NONE',  ( -0.5766281297335397182, -0.2299999999999999822, 5.190000000000001279 ) ) ;
#416 = ORIENTED_EDGE ( 'NONE', *, *, #2399, .F. ) ;
#417 = FACE_OUTER_BOUND ( 'NONE', #2559, .T. ) ;
#418 = CARTESIAN_POINT ( 'NONE',  ( 4.311536243478877165E-17, -0.2299999999999999822, 4.715000000000000746 ) ) ;
#419 = CARTESIAN_POINT ( 'NONE',  ( 1.744191623938817770, -0.5300000000000000266, 5.190000000000001279 ) ) ;
#420 = ORIENTED_EDGE ( 'NONE', *, *, #43, .T. ) ;
#421 = DIRECTION ( 'NONE',  ( 1.000000000000000000, 0.000000000000000000, -0.000000000000000000 ) ) ;
#422 = ORIENTED_EDGE ( 'NONE', *, *, #195, .T. ) ;
#423 = TOROIDAL_SURFACE ( 'NONE', #1979, 0.5236067977499789805, 0.2999999999999999889 ) ;
#424 = CARTESIAN_POINT ( 'NONE',  ( 2.608027014194755910, -0.4299999999999999378, 6.526921960083560847 ) ) ;
#425 = DIRECTION ( 'NONE',  ( -0.000000000000000000, 1.000000000000000000, -0.000000000000000000 ) ) ;
#426 = AXIS2_PLACEMENT_3D ( 'NONE', #1831, #2699, #1619 ) ;
#427 = DIRECTION ( 'NONE',  ( -0.000000000000000000, 1.000000000000000000, -0.000000000000000000 ) ) ;
#428 = ORIENTED_EDGE ( 'NONE', *, *, #1885, .F. ) ;
#429 = ORIENTED_EDGE ( 'NONE', *, *, #176, .F. ) ;
#430 = CARTESIAN_POINT ( 'NONE',  ( 2.435499285782554590, -0.5300000000000000266, 6.390000000000001457 ) ) ;
#431 = LINE ( 'NONE', #1523, #2239 ) ;
#432 = VECTOR ( 'NONE', #4, 100.0000000000000000 ) ;
#433 = DIRECTION ( 'NONE',  ( 1.000000000000000000, 0.000000000000000000, 0.000000000000000000 ) ) ;
#434 = ORIENTED_EDGE ( 'NONE', *, *, #1885, .T. ) ;
#435 = CARTESIAN_POINT ( 'NONE',  ( -1.133162870853924975, -0.4302223613824203152, 6.089999999999999858 ) ) ;
#436 = ADVANCED_FACE ( 'NONE', ( #2606, #2156 ), #471, .F. ) ;
#437 = VECTOR ( 'NONE', #528, 100.0000000000000142 ) ;
#438 = ORIENTED_EDGE ( 'NONE', *, *, #1173, .T. ) ;
#439 = CARTESIAN_POINT ( 'NONE',  ( -1.948295107299586881, -0.4299999999999999378, 6.571753235472640675 ) ) ;
#440 = DIRECTION ( 'NONE',  ( -0.000000000000000000, -1.000000000000000000, -0.000000000000000000 ) ) ;
#441 = CIRCLE ( 'NONE', #886, 0.3999999999999996891 ) ;
#442 = ORIENTED_EDGE ( 'NONE', *, *, #2369, .T. ) ;
#443 = ORIENTED_EDGE ( 'NONE', *, *, #1415, .F. ) ;
#444 = CARTESIAN_POINT ( 'NONE',  ( -3.716417903378041565, -0.2299999999999999822, 6.792242229754331007 ) ) ;
#445 = DIRECTION ( 'NONE',  ( 0.7213930112601389943, 0.000000000000000000, -0.6925259008189000864 ) ) ;
#446 = ORIENTED_EDGE ( 'NONE', *, *, #668, .T. ) ;
#447 = LINE ( 'NONE', #1298, #188 ) ;
#448 = VERTEX_POINT ( 'NONE', #237 ) ;
#449 = CARTESIAN_POINT ( 'NONE',  ( 2.168404344971008868E-17, -0.2299999999999999822, 4.890000000000000568 ) ) ;
#450 = ADVANCED_FACE ( 'NONE', ( #2595 ), #423, .F. ) ;
#451 = EDGE_CURVE ( 'NONE', #644, #2521, #2383, .T. ) ;
#452 = ORIENTED_EDGE ( 'NONE', *, *, #2, .T. ) ;
#453 = DIRECTION ( 'NONE',  ( 0.8974924198079631266, 0.000000000000000000, -0.4410298815128593786 ) ) ;
#454 = DIRECTION ( 'NONE',  ( 0.000000000000000000, 0.000000000000000000, -1.000000000000000000 ) ) ;
#455 = DIRECTION ( 'NONE',  ( -0.000000000000000000, -0.000000000000000000, -1.000000000000000000 ) ) ;
#456 = ORIENTED_EDGE ( 'NONE', *, *, #2665, .F. ) ;
#457 = CARTESIAN_POINT ( 'NONE',  ( 1.161429668268358473, -0.4313086923427460473, 6.090000000000000746 ) ) ;
#458 = AXIS2_PLACEMENT_3D ( 'NONE', #2130, #1790, #682 ) ;
#459 = ORIENTED_EDGE ( 'NONE', *, *, #2255, .T. ) ;
#460 = CARTESIAN_POINT ( 'NONE',  ( -1.595485062390438635, -0.4996750761701766463, 6.420947877849425112 ) ) ;
#461 = EDGE_CURVE ( 'NONE', #2098, #1095, #2481, .T. ) ;
#462 = VERTEX_POINT ( 'NONE', #1834 ) ;
#463 = DIRECTION ( 'NONE',  ( 0.000000000000000000, 1.000000000000000000, 0.000000000000000000 ) ) ;
#464 = EDGE_LOOP ( 'NONE', ( #1459, #266, #1876, #2297, #2011 ) ) ;
#465 = DIRECTION ( 'NONE',  ( -0.000000000000000000, 1.000000000000000000, -0.000000000000000000 ) ) ;
#466 = FACE_OUTER_BOUND ( 'NONE', #1755, .T. ) ;
#467 = ORIENTED_EDGE ( 'NONE', *, *, #2400, .T. ) ;
#468 = CARTESIAN_POINT ( 'NONE',  ( -2.500000000000000444, -0.2299999999999999822, 0.000000000000000000 ) ) ;
#469 = CIRCLE ( 'NONE', #878, 0.6499999999999999112 ) ;
#470 = PRODUCT_DEFINITION ( 'UNKNOWN', '', #364, #45 ) ;
#471 = PLANE ( 'NONE',  #1613 ) ;
#472 = EDGE_CURVE ( 'NONE', #1426, #564, #775, .T. ) ;
#473 = VERTEX_POINT ( 'NONE', #941 ) ;
#474 = PLANE ( 'NONE',  #225 ) ;
#475 = AXIS2_PLACEMENT_3D ( 'NONE', #563, #2698, #2490 ) ;
#476 = CIRCLE ( 'NONE', #30, 0.3500000000000003109 ) ;
#477 = VERTEX_POINT ( 'NONE', #511 ) ;
#478 = LINE ( 'NONE', #1305, #2675 ) ;
#479 = DIRECTION ( 'NONE',  ( 1.000000000000000000, 0.000000000000000000, -3.854941057726237604E-16 ) ) ;
#480 = TOROIDAL_SURFACE ( 'NONE', #2503, 0.6500000000000000222, 0.2999999999999999889 ) ;
#481 = EDGE_CURVE ( 'NONE', #1169, #660, #1631, .T. ) ;
#482 = PLANE ( 'NONE',  #395 ) ;
#483 = ORIENTED_EDGE ( 'NONE', *, *, #287, .F. ) ;
#484 = FACE_OUTER_BOUND ( 'NONE', #1193, .T. ) ;
#485 = CARTESIAN_POINT ( 'NONE',  ( -0.4031128874149274011, -0.2299999999999999822, 5.190000000000001279 ) ) ;
#486 = ADVANCED_FACE ( 'NONE', ( #2466 ), #2047, .F. ) ;
#487 = LINE ( 'NONE', #909, #2185 ) ;
#488 = VECTOR ( 'NONE', #767, 100.0000000000000000 ) ;
#489 = VECTOR ( 'NONE', #828, 100.0000000000000000 ) ;
#490 = ORIENTED_EDGE ( 'NONE', *, *, #579, .T. ) ;
#491 = EDGE_CURVE ( 'NONE', #497, #806, #544, .T. ) ;
#492 = EDGE_CURVE ( 'NONE', #101, #1283, #780, .T. ) ;
#493 = CARTESIAN_POINT ( 'NONE',  ( -0.4031128874149274011, -0.2299999999999999822, 4.690000000000000391 ) ) ;
#494 = ORIENTED_EDGE ( 'NONE', *, *, #2442, .F. ) ;
#495 = DIRECTION ( 'NONE',  ( 0.6925259008188998644, 0.000000000000000000, -0.7213930112601392164 ) ) ;
#496 = CARTESIAN_POINT ( 'NONE',  ( 1.126385683979055141, 0.08661876661662211430, 3.690000000000000835 ) ) ;
#497 = VERTEX_POINT ( 'NONE', #1594 ) ;
#498 = DIRECTION ( 'NONE',  ( 0.000000000000000000, -1.000000000000000000, 0.000000000000000000 ) ) ;
#499 = CARTESIAN_POINT ( 'NONE',  ( -3.500000000000000444, 0.06999999999999999278, 7.000000000000000888 ) ) ;
#500 = DIRECTION ( 'NONE',  ( 1.000000000000000000, 0.000000000000000000, 0.000000000000000000 ) ) ;
#501 = VECTOR ( 'NONE', #498, 100.0000000000000000 ) ;
#502 = CARTESIAN_POINT ( 'NONE',  ( -0.3158313484734076582, -0.1001495032602266605, 5.139577771740548862 ) ) ;
#503 = AXIS2_PLACEMENT_3D ( 'NONE', #1146, #1573, #520 ) ;
#504 = B_SPLINE_CURVE_WITH_KNOTS ( 'NONE', 3,
 ( #2515, #1431, #2298, #1224, #1032, #2738, #826, #2312, #1670, #2542, #1461, #2328 ),
 .UNSPECIFIED., .F., .F.,
 ( 4, 2, 2, 2, 2, 4 ),
 ( 0.000000000000000000, 0.001719599163023381293, 0.002579398744535061315, 0.003439198326046742204, 0.005158797489070102681, 0.006878396652093462724 ),
 .UNSPECIFIED. ) ;
#505 = VERTEX_POINT ( 'NONE', #2033 ) ;
#506 = CARTESIAN_POINT ( 'NONE',  ( 1.999999999999996891, -0.5300000000000000266, 3.689999999999999503 ) ) ;
#507 = FACE_OUTER_BOUND ( 'NONE', #1027, .T. ) ;
#508 = CARTESIAN_POINT ( 'NONE',  ( 0.4031128874149274011, -0.2299999999999999822, 5.090000000000000746 ) ) ;
#509 = EDGE_LOOP ( 'NONE', ( #14, #2522, #748, #1614, #860, #2364 ) ) ;
#510 = CARTESIAN_POINT ( 'NONE',  ( -2.500000000000000000, -0.4299999999999999933, 5.122813892646073342 ) ) ;
#511 = CARTESIAN_POINT ( 'NONE',  ( 1.536814114258678421, -0.5300000000000000266, 6.390000000000001457 ) ) ;
#512 = PLANE ( 'NONE',  #2049 ) ;
#513 = EDGE_CURVE ( 'NONE', #2537, #707, #539, .T. ) ;
#514 = CARTESIAN_POINT ( 'NONE',  ( 2.500000000000000000, -0.5300000000000000266, 5.122813892646072453 ) ) ;
#515 = AXIS2_PLACEMENT_3D ( 'NONE', #1420, #803, #1874 ) ;
#516 = FACE_OUTER_BOUND ( 'NONE', #1914, .T. ) ;
#517 = AXIS2_PLACEMENT_3D ( 'NONE', #543, #1168, #991 ) ;
#518 = ORIENTED_EDGE ( 'NONE', *, *, #1553, .F. ) ;
#519 = FACE_OUTER_BOUND ( 'NONE', #1054, .T. ) ;
#520 = DIRECTION ( 'NONE',  ( -0.8974924198079635707, 0.000000000000000000, -0.4410298815128587124 ) ) ;
#521 = VERTEX_POINT ( 'NONE', #1564 ) ;
#522 = DIRECTION ( 'NONE',  ( 0.000000000000000000, 0.000000000000000000, -1.000000000000000000 ) ) ;
#523 = ORIENTED_EDGE ( 'NONE', *, *, #513, .T. ) ;
#524 = DIRECTION ( 'NONE',  ( 0.000000000000000000, 0.000000000000000000, 1.000000000000000000 ) ) ;
#525 = CARTESIAN_POINT ( 'NONE',  ( -1.233276941850588670, -0.4498267219706849063, 3.671598217538095899 ) ) ;
#526 = CIRCLE ( 'NONE', #2091, 0.1000000000000000888 ) ;
#527 = DIRECTION ( 'NONE',  ( 0.000000000000000000, 0.000000000000000000, -1.000000000000000000 ) ) ;
#528 = DIRECTION ( 'NONE',  ( 0.8974924198079631266, 0.000000000000000000, -0.4410298815128593786 ) ) ;
#529 = DIRECTION ( 'NONE',  ( 0.000000000000000000, 0.000000000000000000, -1.000000000000000000 ) ) ;
#530 = ORIENTED_EDGE ( 'NONE', *, *, #570, .F. ) ;
#531 = DIRECTION ( 'NONE',  ( -0.000000000000000000, 1.000000000000000000, -0.000000000000000000 ) ) ;
#532 = EDGE_CURVE ( 'NONE', #732, #1722, #550, .T. ) ;
#533 = LINE ( 'NONE', #1815, #2345 ) ;
#534 = ORIENTED_EDGE ( 'NONE', *, *, #1936, .F. ) ;
#535 = PERSON_AND_ORGANIZATION_ROLE ( 'creator' ) ;
#536 = CARTESIAN_POINT ( 'NONE',  ( 2.000000000000002220, -0.5300000000000000266, 6.089999999999999858 ) ) ;
#537 = VERTEX_POINT ( 'NONE', #2249 ) ;
#538 = FACE_OUTER_BOUND ( 'NONE', #778, .T. ) ;
#539 = LINE ( 'NONE', #118, #55 ) ;
#540 = AXIS2_PLACEMENT_3D ( 'NONE', #1500, #2404, #2352 ) ;
#541 = CARTESIAN_POINT ( 'NONE',  ( 1.220408783009203635, -0.4460690967400553486, 3.675197779088386518 ) ) ;
#542 = DIRECTION ( 'NONE',  ( 0.000000000000000000, -1.000000000000000000, 0.000000000000000000 ) ) ;
#543 = CARTESIAN_POINT ( 'NONE',  ( 3.500000000000000444, -0.4299999999999999933, 5.122813892646076894 ) ) ;
#544 = CIRCLE ( 'NONE', #2112, 0.3000000000000002665 ) ;
#545 = VECTOR ( 'NONE', #779, 100.0000000000000000 ) ;
#546 = ORIENTED_EDGE ( 'NONE', *, *, #1720, .T. ) ;
#547 = CARTESIAN_POINT ( 'NONE',  ( 1.646000926249718166, -0.5300000000000000266, 3.690000000000000835 ) ) ;
#548 = DIRECTION ( 'NONE',  ( 0.000000000000000000, 0.000000000000000000, 1.000000000000000000 ) ) ;
#549 = ORIENTED_EDGE ( 'NONE', *, *, #1173, .F. ) ;
#550 = CIRCLE ( 'NONE', #2118, 0.3000000000000002665 ) ;
#551 = CALENDAR_DATE ( 2026, 17, 6 ) ;
#552 = CARTESIAN_POINT ( 'NONE',  ( -2.222280046064659675, -0.4299999999999999933, 4.522322816748581609 ) ) ;
#553 = ORIENTED_EDGE ( 'NONE', *, *, #726, .F. ) ;
#554 = CARTESIAN_POINT ( 'NONE',  ( -2.562788245004237631, -0.4758645296397431279, 6.399182060755663315 ) ) ;
#555 = DIRECTION ( 'NONE',  ( 0.000000000000000000, -1.000000000000000000, 0.000000000000000000 ) ) ;
#556 = CARTESIAN_POINT ( 'NONE',  ( -1.630112555622166504, -0.4918173658517577818, 6.431208791208777420 ) ) ;
#557 = CARTESIAN_POINT ( 'NONE',  ( 2.222280046064661452, -0.4299999999999999933, 4.522322816748576280 ) ) ;
#558 = CARTESIAN_POINT ( 'NONE',  ( 2.000000000000002220, -0.4299999999999999933, 5.190000000000001279 ) ) ;
#559 = ORIENTED_EDGE ( 'NONE', *, *, #1859, .F. ) ;
#560 = EDGE_CURVE ( 'NONE', #537, #1775, #972, .T. ) ;
#561 = DIRECTION ( 'NONE',  ( -0.000000000000000000, -0.000000000000000000, 1.000000000000000000 ) ) ;
#562 = CIRCLE ( 'NONE', #2624, 0.3999999999999996891 ) ;
#563 = CARTESIAN_POINT ( 'NONE',  ( 1.744191623938817770, -0.5300000000000000266, 4.890000000000000568 ) ) ;
#564 = VERTEX_POINT ( 'NONE', #734 ) ;
#565 = MECHANICAL_CONTEXT ( 'NONE', #2422, 'mechanical' ) ;
#566 = EDGE_LOOP ( 'NONE', ( #2407, #2134, #58, #1729, #2417, #2057 ) ) ;
#567 = CARTESIAN_POINT ( 'NONE',  ( -3.500000000000000444, -0.2299999999999999822, 6.700000000000000178 ) ) ;
#568 = DIRECTION ( 'NONE',  ( -0.000000000000000000, 1.000000000000000000, -0.000000000000000000 ) ) ;
#569 = CARTESIAN_POINT ( 'NONE',  ( -1.332432279956495824, -0.5149148864665777925, 6.089999999999999858 ) ) ;
#570 = EDGE_CURVE ( 'NONE', #473, #1117, #1263, .T. ) ;
#571 = CARTESIAN_POINT ( 'NONE',  ( -1.394846157932761122, -0.5300000000000000266, 6.243296703296703498 ) ) ;
#572 = EDGE_CURVE ( 'NONE', #996, #2458, #1300, .T. ) ;
#573 = CARTESIAN_POINT ( 'NONE',  ( 3.500000000000000444, -0.2299999999999999822, 7.000000000000000888 ) ) ;
#574 = DIRECTION ( 'NONE',  ( -0.000000000000000000, 1.000000000000000000, -0.000000000000000000 ) ) ;
#575 = AXIS2_PLACEMENT_3D ( 'NONE', #1884, #2751, #421 ) ;
#576 = ORIENTED_EDGE ( 'NONE', *, *, #701, .F. ) ;
#577 = CARTESIAN_POINT ( 'NONE',  ( 0.000000000000000000, -0.7299999999999999822, 6.613606797749979727 ) ) ;
#578 = CARTESIAN_POINT ( 'NONE',  ( 0.5766281297335397182, -0.2299999999999999822, 4.590000000000000746 ) ) ;
#579 = EDGE_CURVE ( 'NONE', #49, #1220, #1127, .T. ) ;
#580 = EDGE_CURVE ( 'NONE', #283, #1426, #1043, .T. ) ;
#581 = ORIENTED_EDGE ( 'NONE', *, *, #1649, .F. ) ;
#582 = VERTEX_POINT ( 'NONE', #2107 ) ;
#583 = DIRECTION ( 'NONE',  ( 0.000000000000000000, -1.000000000000000000, 0.000000000000000000 ) ) ;
#584 = CARTESIAN_POINT ( 'NONE',  ( 2.723606797749978714, -0.4299999999999999933, 5.122813892646072453 ) ) ;
#585 = ORIENTED_EDGE ( 'NONE', *, *, #2225, .T. ) ;
#586 = CARTESIAN_POINT ( 'NONE',  ( -1.188428512116718627, -0.4370981238086562026, 6.094814033343386228 ) ) ;
#587 = DIRECTION ( 'NONE',  ( 1.000000000000000000, -0.000000000000000000, 1.734723475976807094E-16 ) ) ;
#588 = CARTESIAN_POINT ( 'NONE',  ( -2.500000000000000444, -0.5300000000000000266, 0.000000000000000000 ) ) ;
#589 = ORIENTED_EDGE ( 'NONE', *, *, #2173, .T. ) ;
#590 = APPROVAL ( #2044, 'UNSPECIFIED' ) ;
#591 = DIRECTION ( 'NONE',  ( 3.854941057726237604E-16, 0.000000000000000000, 1.000000000000000000 ) ) ;
#592 = LOCAL_TIME ( 13, 57, 20.00000000000000000, #984 ) ;
#593 = CARTESIAN_POINT ( 'NONE',  ( 2.723606797749978714, -0.4299999999999999933, 6.613606797749979727 ) ) ;
#594 = VERTEX_POINT ( 'NONE', #1029 ) ;
#595 = ORIENTED_EDGE ( 'NONE', *, *, #823, .T. ) ;
#596 = CARTESIAN_POINT ( 'NONE',  ( 1.744191623938817770, -0.5300000000000000266, 5.190000000000001279 ) ) ;
#597 = CARTESIAN_POINT ( 'NONE',  ( 2.723606797749978714, -0.4300000000000001044, 6.613606797749979727 ) ) ;
#598 = DIRECTION ( 'NONE',  ( -1.734723475976808475E-15, 0.000000000000000000, -1.000000000000000000 ) ) ;
#599 = EDGE_LOOP ( 'NONE', ( #653, #73, #2461, #490 ) ) ;
#600 = CARTESIAN_POINT ( 'NONE',  ( 4.311536243478875317E-17, -0.2299999999999999822, 4.715000000000000746 ) ) ;
#601 = ORIENTED_EDGE ( 'NONE', *, *, #560, .T. ) ;
#602 = CARTESIAN_POINT ( 'NONE',  ( 0.3135322457671657070, 0.06999999999999999278, 5.045555555555556460 ) ) ;
#603 = EDGE_CURVE ( 'NONE', #2150, #462, #1653, .T. ) ;
#604 = CARTESIAN_POINT ( 'NONE',  ( 2.168404344971008868E-17, -0.2299999999999999822, 4.890000000000000568 ) ) ;
#605 = CARTESIAN_POINT ( 'NONE',  ( -1.646000926249718388, -0.5300000000000000266, 3.390000000000000568 ) ) ;
#606 = DIRECTION ( 'NONE',  ( 1.000000000000000000, 0.000000000000000000, 0.000000000000000000 ) ) ;
#607 = ORIENTED_EDGE ( 'NONE', *, *, #787, .F. ) ;
#608 = LINE ( 'NONE', #402, #1285 ) ;
#609 = CIRCLE ( 'NONE', #385, 0.3999999999999996891 ) ;
#610 = LINE ( 'NONE', #835, #1116 ) ;
#611 = DIRECTION ( 'NONE',  ( 0.000000000000000000, 0.000000000000000000, 1.000000000000000000 ) ) ;
#612 = ORIENTED_EDGE ( 'NONE', *, *, #374, .T. ) ;
#613 = CARTESIAN_POINT ( 'NONE',  ( -1.630112555622213133, -0.2299999999999999822, 6.431208791208792519 ) ) ;
#614 = AXIS2_PLACEMENT_3D ( 'NONE', #2308, #175, #1879 ) ;
#615 = ORIENTED_EDGE ( 'NONE', *, *, #942, .T. ) ;
#616 = CARTESIAN_POINT ( 'NONE',  ( 0.3039927029101906486, -0.05367728167582015708, 5.110376335979124107 ) ) ;
#617 = ADVANCED_FACE ( 'NONE', ( #1262, #1443 ), #2122, .T. ) ;
#618 = DIRECTION ( 'NONE',  ( 0.000000000000000000, -0.000000000000000000, 1.000000000000000000 ) ) ;
#619 = AXIS2_PLACEMENT_3D ( 'NONE', #915, #295, #522 ) ;
#620 = B_SPLINE_CURVE_WITH_KNOTS ( 'NONE', 3,
 ( #1672, #2709, #1627, #841, #1419, #2099, #2546, #1270, #1873, #616, #1463, #2331, #167, #602 ),
 .UNSPECIFIED., .F., .F.,
 ( 4, 2, 2, 2, 2, 2, 4 ),
 ( 0.000000000000000000, 0.0004208588781956990239, 0.0008417177563913980478, 0.001262576634587097126, 0.001683435512782796096, 0.002525153269174194252, 0.003366871025565592191 ),
 .UNSPECIFIED. ) ;
#621 = CARTESIAN_POINT ( 'NONE',  ( 2.168404344971008868E-17, 0.07000000000000000666, 4.240000000000001101 ) ) ;
#622 = CARTESIAN_POINT ( 'NONE',  ( -3.500000000000000444, -0.2299999999999999822, 6.700000000000000178 ) ) ;
#623 = VECTOR ( 'NONE', #1993, 100.0000000000000000 ) ;
#624 = VERTEX_POINT ( 'NONE', #1017 ) ;
#625 = EDGE_CURVE ( 'NONE', #1014, #94, #163, .T. ) ;
#626 = CARTESIAN_POINT ( 'NONE',  ( 2.168404344971008868E-17, 0.06999999999999999278, 4.890000000000000568 ) ) ;
#627 = VECTOR ( 'NONE', #1063, 100.0000000000000000 ) ;
#628 = CARTESIAN_POINT ( 'NONE',  ( 0.4031128874149221275, -0.1912315359462877506, 4.590000000000000746 ) ) ;
#629 = CARTESIAN_POINT ( 'NONE',  ( 0.4031128874149274011, -0.2299999999999999822, 4.690000000000000391 ) ) ;
#630 = ORIENTED_EDGE ( 'NONE', *, *, #949, .T. ) ;
#631 = DIRECTION ( 'NONE',  ( 0.000000000000000000, 0.000000000000000000, -1.000000000000000000 ) ) ;
#632 = ORIENTED_EDGE ( 'NONE', *, *, #19, .F. ) ;
#633 = CARTESIAN_POINT ( 'NONE',  ( 2.000000000000002220, -0.4299999999999999933, 5.190000000000001279 ) ) ;
#634 = DIRECTION ( 'NONE',  ( 0.000000000000000000, 0.000000000000000000, -1.000000000000000000 ) ) ;
#635 = VECTOR ( 'NONE', #1221, 100.0000000000000000 ) ;
#636 = CARTESIAN_POINT ( 'NONE',  ( -1.133162870853924975, 0.08661876661662211430, 6.089999999999999858 ) ) ;
#637 = ORIENTED_EDGE ( 'NONE', *, *, #2607, .F. ) ;
#638 = AXIS2_PLACEMENT_3D ( 'NONE', #51, #1977, #634 ) ;
#639 = VERTEX_POINT ( 'NONE', #403 ) ;
#640 = EDGE_CURVE ( 'NONE', #2288, #2444, #1667, .T. ) ;
#641 = FACE_OUTER_BOUND ( 'NONE', #2396, .T. ) ;
#642 = FACE_OUTER_BOUND ( 'NONE', #1411, .T. ) ;
#643 = CYLINDRICAL_SURFACE ( 'NONE', #170, 0.1750000000000001554 ) ;
#644 = VERTEX_POINT ( 'NONE', #1894 ) ;
#645 = CARTESIAN_POINT ( 'NONE',  ( 0.4031128874149274011, -0.1912315359462901099, 5.190000000000001279 ) ) ;
#646 = VERTEX_POINT ( 'NONE', #1235 ) ;
#647 = AXIS2_PLACEMENT_3D ( 'NONE', #986, #1791, #1578 ) ;
#648 = CARTESIAN_POINT ( 'NONE',  ( -1.459237942961266743, -0.4299999999999999933, 1.400845385503680651 ) ) ;
#649 = AXIS2_PLACEMENT_3D ( 'NONE', #1166, #2252, #1780 ) ;
#650 = DIRECTION ( 'NONE',  ( 0.000000000000000000, 1.000000000000000000, 0.000000000000000000 ) ) ;
#651 = ADVANCED_BREP_SHAPE_REPRESENTATION ( 'Part2', ( #2545, #2160 ), #2572 ) ;
#652 = EDGE_LOOP ( 'NONE', ( #392, #2166, #236, #534 ) ) ;
#653 = ORIENTED_EDGE ( 'NONE', *, *, #1435, .F. ) ;
#654 = DIRECTION ( 'NONE',  ( -0.000000000000000000, -1.000000000000000000, -0.000000000000000000 ) ) ;
#655 = PLANE ( 'NONE',  #50 ) ;
#656 = CIRCLE ( 'NONE', #515, 0.1750000000000001554 ) ;
#657 = CARTESIAN_POINT ( 'NONE',  ( 1.133162870853924531, -0.2299999999999999822, 6.389999999999999680 ) ) ;
#658 = ORIENTED_EDGE ( 'NONE', *, *, #124, .F. ) ;
#659 = LINE ( 'NONE', #1503, #2610 ) ;
#660 = VERTEX_POINT ( 'NONE', #1909 ) ;
#661 = CARTESIAN_POINT ( 'NONE',  ( 1.231512530525108451, -0.4500255902747818948, 6.089999999999999858 ) ) ;
#662 = EDGE_CURVE ( 'NONE', #1827, #2143, #610, .T. ) ;
#663 = ADVANCED_FACE ( 'NONE', ( #2094 ), #2426, .T. ) ;
#664 = CIRCLE ( 'NONE', #800, 0.1000000000000000888 ) ;
#665 = ORIENTED_EDGE ( 'NONE', *, *, #1731, .F. ) ;
#666 = DIRECTION ( 'NONE',  ( 0.000000000000000000, 0.000000000000000000, -1.000000000000000000 ) ) ;
#667 = CARTESIAN_POINT ( 'NONE',  ( -1.386193305114387098, -0.5300000000000000266, 3.540000000000000924 ) ) ;
#668 = EDGE_CURVE ( 'NONE', #1005, #671, #2197, .T. ) ;
#669 = DIRECTION ( 'NONE',  ( -0.000000000000000000, 1.000000000000000000, -0.000000000000000000 ) ) ;
#670 = ORIENTED_EDGE ( 'NONE', *, *, #1065, .F. ) ;
#671 = VERTEX_POINT ( 'NONE', #1093 ) ;
#672 = CARTESIAN_POINT ( 'NONE',  ( 1.285446492881111569, -0.4775818048660546156, 6.089999999999998970 ) ) ;
#673 = EDGE_CURVE ( 'NONE', #1253, #660, #2695, .T. ) ;
#674 = AXIS2_PLACEMENT_3D ( 'NONE', #2391, #1327, #2136 ) ;
#675 = EDGE_CURVE ( 'NONE', #2781, #1294, #1948, .T. ) ;
#676 = ORIENTED_EDGE ( 'NONE', *, *, #872, .T. ) ;
#677 = CARTESIAN_POINT ( 'NONE',  ( -2.502517589786822594, -0.4653889367864524895, 6.447789891777611082 ) ) ;
#678 = EDGE_CURVE ( 'NONE', #1803, #2521, #431, .T. ) ;
#679 = CARTESIAN_POINT ( 'NONE',  ( -4.704570066849101629E-16, -0.2299999999999999822, 3.390000000000000568 ) ) ;
#680 = DIRECTION ( 'NONE',  ( 0.000000000000000000, -1.000000000000000000, 0.000000000000000000 ) ) ;
#681 = EDGE_LOOP ( 'NONE', ( #2774, #576 ) ) ;
#682 = DIRECTION ( 'NONE',  ( 0.000000000000000000, 0.000000000000000000, -1.000000000000000000 ) ) ;
#683 = DIRECTION ( 'NONE',  ( 0.000000000000000000, -0.000000000000000000, 1.000000000000000000 ) ) ;
#684 = CC_DESIGN_APPROVAL ( #590, ( #238 ) ) ;
#685 = ADVANCED_FACE ( 'NONE', ( #1750 ), #1713, .F. ) ;
#686 = VERTEX_POINT ( 'NONE', #1119 ) ;
#687 = FACE_OUTER_BOUND ( 'NONE', #2263, .T. ) ;
#688 = EDGE_CURVE ( 'NONE', #1310, #537, #34, .T. ) ;
#689 = EDGE_CURVE ( 'NONE', #719, #1671, #1604, .T. ) ;
#690 = ADVANCED_FACE ( 'NONE', ( #255 ), #693, .F. ) ;
#691 = ORIENTED_EDGE ( 'NONE', *, *, #2419, .F. ) ;
#692 = DIRECTION ( 'NONE',  ( -1.000000000000000000, 0.000000000000000000, 0.000000000000000000 ) ) ;
#693 = PLANE ( 'NONE',  #1830 ) ;
#694 = CYLINDRICAL_SURFACE ( 'NONE', #1020, 0.1000000000000000888 ) ;
#695 = ORIENTED_EDGE ( 'NONE', *, *, #2369, .F. ) ;
#696 = CARTESIAN_POINT ( 'NONE',  ( -1.122394128499739407, -0.7299999999999999822, 3.690000000000000835 ) ) ;
#697 = DIRECTION ( 'NONE',  ( -0.000000000000000000, 1.000000000000000000, -0.000000000000000000 ) ) ;
#698 = ORIENTED_EDGE ( 'NONE', *, *, #2691, .F. ) ;
#699 = CARTESIAN_POINT ( 'NONE',  ( 1.267939225746024468, -0.4671096397703289882, 6.089999999999999858 ) ) ;
#700 = ADVANCED_FACE ( 'NONE', ( #2615 ), #1924, .T. ) ;
#701 = EDGE_CURVE ( 'NONE', #1220, #49, #1744, .T. ) ;
#702 = VECTOR ( 'NONE', #463, 100.0000000000000000 ) ;
#703 = VERTEX_POINT ( 'NONE', #877 ) ;
#704 = CYLINDRICAL_SURFACE ( 'NONE', #2368, 0.3000000000000002665 ) ;
#705 = FACE_OUTER_BOUND ( 'NONE', #1963, .T. ) ;
#706 = DIRECTION ( 'NONE',  ( 0.000000000000000000, -1.000000000000000000, 0.000000000000000000 ) ) ;
#707 = VERTEX_POINT ( 'NONE', #1961 ) ;
#708 = CARTESIAN_POINT ( 'NONE',  ( 2.168404344971008868E-17, -0.2299999999999999822, 4.890000000000000568 ) ) ;
#709 = DIRECTION ( 'NONE',  ( -0.000000000000000000, 1.000000000000000000, -0.000000000000000000 ) ) ;
#710 = CARTESIAN_POINT ( 'NONE',  ( 1.372119816501596867, -0.5300000000000001377, 3.564375997317094313 ) ) ;
#711 = CC_DESIGN_DATE_AND_TIME_ASSIGNMENT ( #144, #1191, ( #238 ) ) ;
#712 = VECTOR ( 'NONE', #1401, 100.0000000000000000 ) ;
#713 = DIRECTION ( 'NONE',  ( -0.000000000000000000, 1.000000000000000000, -0.000000000000000000 ) ) ;
#714 = ORIENTED_EDGE ( 'NONE', *, *, #532, .F. ) ;
#715 = CYLINDRICAL_SURFACE ( 'NONE', #2137, 0.1750000000000001554 ) ;
#716 = CARTESIAN_POINT ( 'NONE',  ( 1.346000926249723006, -0.2299999999999999822, 7.390000000000000568 ) ) ;
#717 = ADVANCED_FACE ( 'NONE', ( #642 ), #1279, .F. ) ;
#718 = DIRECTION ( 'NONE',  ( 0.000000000000000000, 0.000000000000000000, -1.000000000000000000 ) ) ;
#719 = VERTEX_POINT ( 'NONE', #2367 ) ;
#720 = CARTESIAN_POINT ( 'NONE',  ( 2.000000000000002220, -0.4299999999999999933, 5.190000000000001279 ) ) ;
#721 = CARTESIAN_POINT ( 'NONE',  ( -1.354971120681128127, -0.5200958466336511599, 3.584753138384513704 ) ) ;
#722 = DIRECTION ( 'NONE',  ( -0.000000000000000000, 1.000000000000000000, -0.000000000000000000 ) ) ;
#723 = VECTOR ( 'NONE', #2003, 100.0000000000000000 ) ;
#724 = CARTESIAN_POINT ( 'NONE',  ( 1.646000926249718166, -0.2299999999999999822, 3.690000000000000835 ) ) ;
#725 = CARTESIAN_POINT ( 'NONE',  ( -1.999999999999998002, -0.4299999999999999933, 6.089999999999999858 ) ) ;
#726 = EDGE_CURVE ( 'NONE', #1571, #639, #219, .T. ) ;
#727 = ORIENTED_EDGE ( 'NONE', *, *, #328, .T. ) ;
#728 = ADVANCED_FACE ( 'NONE', ( #2583 ), #655, .T. ) ;
#729 = FACE_OUTER_BOUND ( 'NONE', #2256, .T. ) ;
#730 = DIRECTION ( 'NONE',  ( 0.000000000000000000, 0.000000000000000000, -1.000000000000000000 ) ) ;
#731 = LINE ( 'NONE', #496, #2592 ) ;
#732 = VERTEX_POINT ( 'NONE', #2153 ) ;
#733 = CARTESIAN_POINT ( 'NONE',  ( -2.488748337216585949, -0.5391225033572465408, 6.378748337216815223 ) ) ;
#734 = CARTESIAN_POINT ( 'NONE',  ( 2.168404344971008868E-17, 0.06999999999999999278, 5.065000000000000391 ) ) ;
#735 = CARTESIAN_POINT ( 'NONE',  ( -3.500000000000000444, -0.2299999999999999822, 7.000000000000000888 ) ) ;
#736 = CARTESIAN_POINT ( 'NONE',  ( 2.510026739362885451, -0.5192168478306546930, 5.266880526476749758 ) ) ;
#737 = EDGE_CURVE ( 'NONE', #952, #322, #47, .T. ) ;
#738 = DIRECTION ( 'NONE',  ( 0.000000000000000000, -1.000000000000000000, 0.000000000000000000 ) ) ;
#739 = EDGE_CURVE ( 'NONE', #639, #1117, #1083, .T. ) ;
#740 = CIRCLE ( 'NONE', #1945, 1.000000000000000222 ) ;
#741 = ORIENTED_EDGE ( 'NONE', *, *, #1552, .F. ) ;
#742 = CARTESIAN_POINT ( 'NONE',  ( -0.5766281297335397182, -0.2299999999999999822, 4.590000000000000746 ) ) ;
#743 = LINE ( 'NONE', #2418, #2575 ) ;
#744 = CIRCLE ( 'NONE', #2318, 0.3000000000000002665 ) ;
#745 = ORIENTED_EDGE ( 'NONE', *, *, #1231, .T. ) ;
#746 = PERSON_AND_ORGANIZATION_ROLE ( 'design_owner' ) ;
#747 = FACE_OUTER_BOUND ( 'NONE', #1156, .T. ) ;
#748 = ORIENTED_EDGE ( 'NONE', *, *, #2457, .F. ) ;
#749 = LINE ( 'NONE', #971, #1658 ) ;
#750 = CARTESIAN_POINT ( 'NONE',  ( -1.181486045960392195, -0.4346694200160250987, 3.686120325610246606 ) ) ;
#751 = VECTOR ( 'NONE', #1738, 100.0000000000000000 ) ;
#752 = DIRECTION ( 'NONE',  ( 1.387778780781445429E-16, 0.000000000000000000, -1.000000000000000000 ) ) ;
#753 = CARTESIAN_POINT ( 'NONE',  ( -1.787030807762585605, -0.4555278165153083259, 6.492507580192037331 ) ) ;
#754 = VECTOR ( 'NONE', #404, 100.0000000000000000 ) ;
#755 = CARTESIAN_POINT ( 'NONE',  ( -0.3078795892759960684, 0.04502139108886324403, 5.056948848954156084 ) ) ;
#756 = ORIENTED_EDGE ( 'NONE', *, *, #1519, .T. ) ;
#757 = CARTESIAN_POINT ( 'NONE',  ( 0.000000000000000000, -0.4299999999999999933, 0.000000000000000000 ) ) ;
#758 = CARTESIAN_POINT ( 'NONE',  ( -3.500000000000000444, 0.06999999999999999278, 6.700000000000000178 ) ) ;
#759 = ORIENTED_EDGE ( 'NONE', *, *, #2228, .F. ) ;
#760 = PERSON_AND_ORGANIZATION ( #2287, #1338 ) ;
#761 = CARTESIAN_POINT ( 'NONE',  ( 1.126385683979055141, 0.08661876661662211430, 3.690000000000000835 ) ) ;
#762 = ORIENTED_EDGE ( 'NONE', *, *, #2228, .T. ) ;
#763 = EDGE_CURVE ( 'NONE', #2365, #660, #1725, .T. ) ;
#764 = CARTESIAN_POINT ( 'NONE',  ( -2.504259948039561756, -0.5215393986986951447, 6.394259948039433539 ) ) ;
#765 = CARTESIAN_POINT ( 'NONE',  ( 0.3024072238376215305, -0.02942616884191637250, 4.683835363932860929 ) ) ;
#766 = AXIS2_PLACEMENT_3D ( 'NONE', #900, #479, #268 ) ;
#767 = DIRECTION ( 'NONE',  ( -0.000000000000000000, -0.000000000000000000, -1.000000000000000000 ) ) ;
#768 = CARTESIAN_POINT ( 'NONE',  ( 2.168404344971008868E-17, -0.2299999999999999822, 4.890000000000000568 ) ) ;
#769 = EDGE_CURVE ( 'NONE', #1883, #994, #2380, .T. ) ;
#770 = CIRCLE ( 'NONE', #1931, 0.3000000000000002665 ) ;
#771 = ORIENTED_EDGE ( 'NONE', *, *, #1281, .T. ) ;
#772 = LINE ( 'NONE', #2273, #252 ) ;
#773 = LINE ( 'NONE', #1829, #2313 ) ;
#774 = DIRECTION ( 'NONE',  ( -0.000000000000000000, 1.000000000000000000, -0.000000000000000000 ) ) ;
#775 = CIRCLE ( 'NONE', #2208, 0.1750000000000001554 ) ;
#776 = ADVANCED_FACE ( 'NONE', ( #705 ), #2639, .F. ) ;
#777 = APPROVAL_DATE_TIME ( #1832, #590 ) ;
#778 = EDGE_LOOP ( 'NONE', ( #1900, #589 ) ) ;
#779 = DIRECTION ( 'NONE',  ( -0.000000000000000000, -1.000000000000000000, 0.000000000000000000 ) ) ;
#780 = LINE ( 'NONE', #1151, #911 ) ;
#781 = LINE ( 'NONE', #584, #924 ) ;
#782 = DIRECTION ( 'NONE',  ( -0.000000000000000000, 1.000000000000000000, -0.000000000000000000 ) ) ;
#783 = CARTESIAN_POINT ( 'NONE',  ( 1.386193305114386654, 0.08661876661662211430, 3.540000000000000924 ) ) ;
#784 = CARTESIAN_POINT ( 'NONE',  ( -2.778606988739864114, -0.2299999999999999822, 5.815339793464980644 ) ) ;
#785 = AXIS2_PLACEMENT_3D ( 'NONE', #757, #2227, #2505 ) ;
#786 = EDGE_CURVE ( 'NONE', #1571, #253, #770, .T. ) ;
#787 = EDGE_CURVE ( 'NONE', #2444, #582, #533, .T. ) ;
#788 = VERTEX_POINT ( 'NONE', #2684 ) ;
#789 = DIRECTION ( 'NONE',  ( 0.000000000000000000, -1.000000000000000000, 0.000000000000000000 ) ) ;
#790 = VECTOR ( 'NONE', #135, 100.0000000000000000 ) ;
#791 = ORIENTED_EDGE ( 'NONE', *, *, #318, .F. ) ;
#792 = APPROVAL_ROLE ( '' ) ;
#793 = EDGE_LOOP ( 'NONE', ( #1708, #1445, #2620, #202 ) ) ;
#794 = ORIENTED_EDGE ( 'NONE', *, *, #1602, .T. ) ;
#795 = CARTESIAN_POINT ( 'NONE',  ( -0.4031128874149221275, -0.1912315359462877784, 5.190000000000001279 ) ) ;
#796 = CARTESIAN_POINT ( 'NONE',  ( 2.562788245004205656, -0.4758645296397663871, 6.399182060755611801 ) ) ;
#797 = CIRCLE ( 'NONE', #1140, 0.3000000000000002665 ) ;
#798 = CARTESIAN_POINT ( 'NONE',  ( -1.153320752492462020, -0.4309970558268403362, 6.089999999999999858 ) ) ;
#799 = ORIENTED_EDGE ( 'NONE', *, *, #1192, .F. ) ;
#800 = AXIS2_PLACEMENT_3D ( 'NONE', #879, #669, #2381 ) ;
#801 = CARTESIAN_POINT ( 'NONE',  ( 0.5465437139214210926, -0.2299999999999999822, 5.190000000000001279 ) ) ;
#802 = PLANE ( 'NONE',  #1421 ) ;
#803 = DIRECTION ( 'NONE',  ( 0.000000000000000000, -1.000000000000000000, 0.000000000000000000 ) ) ;
#804 = ORIENTED_EDGE ( 'NONE', *, *, #1980, .T. ) ;
#805 = CARTESIAN_POINT ( 'NONE',  ( -3.500000000000000444, -0.2299999999999999822, 7.000000000000000888 ) ) ;
#806 = VERTEX_POINT ( 'NONE', #2627 ) ;
#807 = ORIENTED_EDGE ( 'NONE', *, *, #1733, .F. ) ;
#808 = ORIENTED_EDGE ( 'NONE', *, *, #2400, .F. ) ;
#809 = LINE ( 'NONE', #218, #391 ) ;
#810 = DIRECTION ( 'NONE',  ( 0.000000000000000000, 0.000000000000000000, -1.000000000000000000 ) ) ;
#811 = ADVANCED_FACE ( 'NONE', ( #2242 ), #1171, .F. ) ;
#812 = DIRECTION ( 'NONE',  ( -0.000000000000000000, 1.000000000000000000, -0.000000000000000000 ) ) ;
#813 = VERTEX_POINT ( 'NONE', #758 ) ;
#814 = DIRECTION ( 'NONE',  ( 1.000000000000000000, 0.000000000000000000, 0.000000000000000000 ) ) ;
#815 = EDGE_LOOP ( 'NONE', ( #416, #632 ) ) ;
#816 = DIRECTION ( 'NONE',  ( 0.000000000000000000, 0.000000000000000000, 1.000000000000000000 ) ) ;
#817 = CARTESIAN_POINT ( 'NONE',  ( -0.3078741233910102792, 0.04499723780727087757, 4.723040134202449281 ) ) ;
#818 = FACE_OUTER_BOUND ( 'NONE', #2764, .T. ) ;
#819 = ORIENTED_EDGE ( 'NONE', *, *, #786, .T. ) ;
#820 = EDGE_LOOP ( 'NONE', ( #1477, #923, #762, #1933, #1687, #2541, #1514, #2589 ) ) ;
#821 = DIRECTION ( 'NONE',  ( 0.000000000000000000, 0.000000000000000000, -1.000000000000000000 ) ) ;
#822 = CARTESIAN_POINT ( 'NONE',  ( 2.498993569089071887, -0.5311309538653056217, 6.314122492868770919 ) ) ;
#823 = EDGE_CURVE ( 'NONE', #1074, #846, #1343, .T. ) ;
#824 = CYLINDRICAL_SURFACE ( 'NONE', #847, 0.3000000000000002665 ) ;
#825 = ORIENTED_EDGE ( 'NONE', *, *, #158, .T. ) ;
#826 = CARTESIAN_POINT ( 'NONE',  ( -2.548208265845747889, -0.4863582827147310828, 5.430829839996889064 ) ) ;
#827 = ORIENTED_EDGE ( 'NONE', *, *, #922, .F. ) ;
#828 = DIRECTION ( 'NONE',  ( -0.000000000000000000, 1.000000000000000000, 0.000000000000000000 ) ) ;
#829 = LINE ( 'NONE', #1464, #1050 ) ;
#830 = ADVANCED_FACE ( 'NONE', ( #2654 ), #1130, .F. ) ;
#831 = CARTESIAN_POINT ( 'NONE',  ( -1.386193305114387098, -0.2299999999999999822, 3.540000000000000924 ) ) ;
#832 = CARTESIAN_POINT ( 'NONE',  ( 3.500000000000000444, -0.2299999999999999822, 7.175000000000000711 ) ) ;
#833 = ORIENTED_EDGE ( 'NONE', *, *, #1469, .T. ) ;
#834 = CARTESIAN_POINT ( 'NONE',  ( -2.000000000000002665, -0.4299999999999999933, 4.589999999999999858 ) ) ;
#835 = CARTESIAN_POINT ( 'NONE',  ( 1.999999999999997335, -0.4299999999999999933, 4.589999999999999858 ) ) ;
#836 = DIRECTION ( 'NONE',  ( -0.000000000000000000, 1.000000000000000000, -0.000000000000000000 ) ) ;
#837 = ORIENTED_EDGE ( 'NONE', *, *, #1415, .T. ) ;
#838 = CARTESIAN_POINT ( 'NONE',  ( 1.684005854306752203, -0.4795878369528481788, 6.447178600653360014 ) ) ;
#839 = AXIS2_PLACEMENT_3D ( 'NONE', #925, #2600, #666 ) ;
#840 = ORIENTED_EDGE ( 'NONE', *, *, #491, .T. ) ;
#841 = CARTESIAN_POINT ( 'NONE',  ( 0.3565570377802114166, -0.1618451604784614806, 5.179251684554539104 ) ) ;
#842 = CARTESIAN_POINT ( 'NONE',  ( -1.394846157932761122, 0.08661876661662211430, 6.243296703296703498 ) ) ;
#843 = VECTOR ( 'NONE', #1561, 100.0000000000000000 ) ;
#844 = EDGE_CURVE ( 'NONE', #2314, #2143, #2042, .T. ) ;
#845 = DIRECTION ( 'NONE',  ( 0.000000000000000000, -0.000000000000000000, -1.000000000000000000 ) ) ;
#846 = VERTEX_POINT ( 'NONE', #307 ) ;
#847 = AXIS2_PLACEMENT_3D ( 'NONE', #2720, #836, #2540 ) ;
#848 = EDGE_LOOP ( 'NONE', ( #278, #1556, #2573, #2373 ) ) ;
#849 = DIRECTION ( 'NONE',  ( -1.000000000000000000, 0.000000000000000000, 3.854941057726237604E-16 ) ) ;
#850 = CARTESIAN_POINT ( 'NONE',  ( 2.639017683834834038, -0.4390799789990988966, 6.500821312529783569 ) ) ;
#851 = CARTESIAN_POINT ( 'NONE',  ( 1.133162870853924531, 0.08661876661662211430, 6.089999999999999858 ) ) ;
#852 = VERTEX_POINT ( 'NONE', #1351 ) ;
#853 = CARTESIAN_POINT ( 'NONE',  ( -3.500000000000000444, -0.2299999999999999822, 5.122813892646077782 ) ) ;
#854 = B_SPLINE_CURVE_WITH_KNOTS ( 'NONE', 3,
 ( #2238, #755, #1361, #82, #2254, #303, #502, #1183, #934, #2270, #2037, #1612, #977, #1155 ),
 .UNSPECIFIED., .F., .F.,
 ( 4, 2, 2, 2, 2, 2, 4 ),
 ( -1.095445811515905384E-05, 0.0008299501782770376439, 0.001670854814669234462, 0.002091307132865332600, 0.002511759451061430955, 0.002932211769257529310, 0.003352664087453627664 ),
 .UNSPECIFIED. ) ;
#855 = ORIENTED_EDGE ( 'NONE', *, *, #1141, .F. ) ;
#856 = CARTESIAN_POINT ( 'NONE',  ( -1.126385683979055363, -0.4300265553672199537, 3.690000000000000835 ) ) ;
#857 = CARTESIAN_POINT ( 'NONE',  ( -3.500000000000000444, -0.4299999999999999933, 7.300000000000000711 ) ) ;
#858 = ORIENTED_EDGE ( 'NONE', *, *, #2562, .F. ) ;
#859 = LOCAL_TIME ( 13, 57, 20.00000000000000000, #2060 ) ;
#860 = ORIENTED_EDGE ( 'NONE', *, *, #2148, .T. ) ;
#861 = DIRECTION ( 'NONE',  ( -3.854941057726237604E-16, -0.000000000000000000, -1.000000000000000000 ) ) ;
#862 = VERTEX_POINT ( 'NONE', #1546 ) ;
#863 = DIRECTION ( 'NONE',  ( 0.6925259008188998644, 0.000000000000000000, -0.7213930112601392164 ) ) ;
#864 = EDGE_CURVE ( 'NONE', #2732, #880, #2703, .T. ) ;
#865 = ADVANCED_FACE ( 'NONE', ( #293 ), #128, .F. ) ;
#866 = ORIENTED_EDGE ( 'NONE', *, *, #2159, .F. ) ;
#867 = VECTOR ( 'NONE', #2164, 100.0000000000000000 ) ;
#868 = CARTESIAN_POINT ( 'NONE',  ( -2.000000000000003109, -0.5300000000000000266, 3.689999999999999503 ) ) ;
#869 = ORIENTED_EDGE ( 'NONE', *, *, #2440, .T. ) ;
#870 = DIRECTION ( 'NONE',  ( 0.000000000000000000, -0.000000000000000000, -1.000000000000000000 ) ) ;
#871 = CLOSED_SHELL ( 'NONE', ( #685, #1391, #1845, #2534, #2257, #1557, #450, #883, #373, #962, #1145, #1661, #1357, #2612, #67, #2486, #1904, #1154, #1758, #1312, #1436, #1104, #137, #98, #690, #811, #2187, #2268, #1759, #2453, #2048, #436, #1754, #2277, #205, #1291, #1012, #1542, #1558, #1881, #776, #2756, #728, #2388, #895, #617, #1079, #2739, #2188, #244, #486, #865, #663, #2713, #265, #1858, #1181, #717, #1268, #1690, #1446, #1162, #2568, #2360, #2211, #1710, #1969, #830, #700, #1126, #2147, #1390, #1256, #2652, #1944, #2251, #1981, #2237 ) ) ;
#872 = EDGE_CURVE ( 'NONE', #1812, #1133, #1187, .T. ) ;
#873 = EDGE_CURVE ( 'NONE', #1376, #644, #743, .T. ) ;
#874 = ORIENTED_EDGE ( 'NONE', *, *, #2163, .F. ) ;
#875 = EDGE_LOOP ( 'NONE', ( #601, #858, #165, #1304 ) ) ;
#876 = CARTESIAN_POINT ( 'NONE',  ( -2.608027014194756354, -0.4299999999999999378, 6.526921960083560847 ) ) ;
#877 = CARTESIAN_POINT ( 'NONE',  ( -1.999999999999998002, -0.5300000000000000266, 5.190000000000000391 ) ) ;
#878 = AXIS2_PLACEMENT_3D ( 'NONE', #2319, #379, #2117 ) ;
#879 = CARTESIAN_POINT ( 'NONE',  ( -0.4031128874149274011, -0.2299999999999999822, 4.690000000000000391 ) ) ;
#880 = VERTEX_POINT ( 'NONE', #2202 ) ;
#881 = CIRCLE ( 'NONE', #1579, 0.3000000000000002665 ) ;
#882 = CARTESIAN_POINT ( 'NONE',  ( 0.000000000000000000, 0.06999999999999999278, 0.000000000000000000 ) ) ;
#883 = ADVANCED_FACE ( 'NONE', ( #2446 ), #937, .F. ) ;
#884 = EDGE_LOOP ( 'NONE', ( #2617, #1531, #1650, #2523 ) ) ;
#885 = DIRECTION ( 'NONE',  ( -0.000000000000000000, 1.000000000000000000, -0.000000000000000000 ) ) ;
#886 = AXIS2_PLACEMENT_3D ( 'NONE', #1429, #1654, #598 ) ;
#887 = VERTEX_POINT ( 'NONE', #71 ) ;
#888 = CARTESIAN_POINT ( 'NONE',  ( 1.743757207371208429, -0.7299999999999999822, 6.047692307692307701 ) ) ;
#889 = CARTESIAN_POINT ( 'NONE',  ( 2.000000000000002220, -0.4299999999999999933, 5.190000000000001279 ) ) ;
#890 = CIRCLE ( 'NONE', #2413, 0.9999999999999995559 ) ;
#891 = CARTESIAN_POINT ( 'NONE',  ( -2.000000000000003109, -0.4299999999999999933, 3.689999999999999503 ) ) ;
#892 = ORIENTED_EDGE ( 'NONE', *, *, #3, .F. ) ;
#893 = CARTESIAN_POINT ( 'NONE',  ( -3.500000000000000444, 0.06999999999999999278, 7.175000000000000711 ) ) ;
#894 = DIRECTION ( 'NONE',  ( 1.000000000000000000, 0.000000000000000000, -0.000000000000000000 ) ) ;
#895 = ADVANCED_FACE ( 'NONE', ( #507 ), #2216, .F. ) ;
#896 = ORIENTED_EDGE ( 'NONE', *, *, #124, .T. ) ;
#897 = VECTOR ( 'NONE', #9, 100.0000000000000000 ) ;
#898 = EDGE_LOOP ( 'NONE', ( #2552, #1795, #422, #1246 ) ) ;
#899 = CARTESIAN_POINT ( 'NONE',  ( 1.999999999999997335, -0.4299999999999999933, 4.589999999999999858 ) ) ;
#900 = CARTESIAN_POINT ( 'NONE',  ( 1.999999999999996891, -0.4299999999999999933, 3.689999999999999503 ) ) ;
#901 = CARTESIAN_POINT ( 'NONE',  ( -2.473391453017908415, -0.5300000000000000266, 6.377409726918347843 ) ) ;
#902 = EDGE_LOOP ( 'NONE', ( #1218, #2261, #1330, #23, #1696 ) ) ;
#903 = DIRECTION ( 'NONE',  ( 0.000000000000000000, 0.000000000000000000, -1.000000000000000000 ) ) ;
#904 = CARTESIAN_POINT ( 'NONE',  ( 1.307971024243872460, -0.4870405185862224373, 6.144864345122388549 ) ) ;
#905 = APPROVAL_PERSON_ORGANIZATION ( #2262, #2377, #1396 ) ;
#906 = EDGE_CURVE ( 'NONE', #1803, #2732, #2070, .T. ) ;
#907 = EDGE_CURVE ( 'NONE', #1088, #497, #96, .T. ) ;
#908 = ORIENTED_EDGE ( 'NONE', *, *, #678, .F. ) ;
#909 = CARTESIAN_POINT ( 'NONE',  ( -3.367691035546142686, -0.4299999999999999933, 7.269247725942388882 ) ) ;
#910 = B_SPLINE_CURVE_WITH_KNOTS ( 'NONE', 3,
 ( #645, #2722, #1492, #1642, #801, #2341 ),
 .UNSPECIFIED., .F., .F.,
 ( 4, 2, 4 ),
 ( 0.003594810432695293156, 0.004489527484386229145, 0.005384244536077165133 ),
 .UNSPECIFIED. ) ;
#911 = VECTOR ( 'NONE', #1623, 100.0000000000000000 ) ;
#912 = ORIENTED_EDGE ( 'NONE', *, *, #1786, .F. ) ;
#913 = CARTESIAN_POINT ( 'NONE',  ( -1.646000926249718388, -0.2299999999999999822, 3.390000000000000568 ) ) ;
#914 = CARTESIAN_POINT ( 'NONE',  ( 2.500000000000000000, -0.5300000000000000266, 0.000000000000000000 ) ) ;
#915 = CARTESIAN_POINT ( 'NONE',  ( -1.646000926249718388, -0.5300000000000000266, 3.690000000000000835 ) ) ;
#916 = ORIENTED_EDGE ( 'NONE', *, *, #1231, .F. ) ;
#917 = CARTESIAN_POINT ( 'NONE',  ( 1.646000926249718166, -0.2299999999999999822, 3.390000000000000568 ) ) ;
#918 = AXIS2_PLACEMENT_3D ( 'NONE', #708, #1740, #1479 ) ;
#919 = DIRECTION ( 'NONE',  ( 1.000000000000000000, 0.000000000000000000, 0.000000000000000000 ) ) ;
#920 = CARTESIAN_POINT ( 'NONE',  ( -3.716417903378041565, -0.4299999999999999933, 6.792242229754331007 ) ) ;
#921 = CIRCLE ( 'NONE', #2497, 0.6499999999999999112 ) ;
#922 = EDGE_CURVE ( 'NONE', #2314, #1318, #2669, .T. ) ;
#923 = ORIENTED_EDGE ( 'NONE', *, *, #2512, .T. ) ;
#924 = VECTOR ( 'NONE', #388, 100.0000000000000000 ) ;
#925 = CARTESIAN_POINT ( 'NONE',  ( 2.168404344971008868E-17, 0.06999999999999999278, 4.890000000000000568 ) ) ;
#926 = DIRECTION ( 'NONE',  ( 0.000000000000000000, 0.000000000000000000, -1.000000000000000000 ) ) ;
#927 = CARTESIAN_POINT ( 'NONE',  ( -2.500000000000000444, -0.5300000000000000266, 0.000000000000000000 ) ) ;
#928 = EDGE_LOOP ( 'NONE', ( #999, #438, #695, #916, #1906, #1275 ) ) ;
#929 = DIRECTION ( 'NONE',  ( 1.734723475976807094E-16, 0.000000000000000000, -1.000000000000000000 ) ) ;
#930 = CARTESIAN_POINT ( 'NONE',  ( 0.3158313484734077137, -0.1001495032602265772, 4.640422228259452275 ) ) ;
#931 = VECTOR ( 'NONE', #179, 100.0000000000000000 ) ;
#932 = CYLINDRICAL_SURFACE ( 'NONE', #2329, 0.1750000000000001554 ) ;
#933 = EDGE_CURVE ( 'NONE', #40, #996, #773, .T. ) ;
#934 = CARTESIAN_POINT ( 'NONE',  ( -0.3318616097072867310, -0.1326881969596423183, 5.160876732827828661 ) ) ;
#935 = ORIENTED_EDGE ( 'NONE', *, *, #2562, .T. ) ;
#936 = LINE ( 'NONE', #109, #1061 ) ;
#937 = PLANE ( 'NONE',  #148 ) ;
#938 = DIRECTION ( 'NONE',  ( 0.000000000000000000, 0.000000000000000000, -1.000000000000000000 ) ) ;
#939 = ORIENTED_EDGE ( 'NONE', *, *, #988, .T. ) ;
#940 = DIRECTION ( 'NONE',  ( 0.000000000000000000, 0.000000000000000000, -1.000000000000000000 ) ) ;
#941 = CARTESIAN_POINT ( 'NONE',  ( 2.500000000000000000, -0.2299999999999999822, 5.122813892646072453 ) ) ;
#942 = EDGE_CURVE ( 'NONE', #671, #2537, #2543, .T. ) ;
#943 = EDGE_CURVE ( 'NONE', #399, #2169, #1451, .T. ) ;
#944 = CARTESIAN_POINT ( 'NONE',  ( 1.232929742540043616, -0.4506620482254699023, 3.670737345294493803 ) ) ;
#945 = LOCAL_TIME ( 13, 57, 20.00000000000000000, #953 ) ;
#946 = CARTESIAN_POINT ( 'NONE',  ( -2.723606797749979602, -0.4299999999999999933, 6.613606797749979727 ) ) ;
#947 = DIRECTION ( 'NONE',  ( 0.000000000000000000, 0.000000000000000000, -1.000000000000000000 ) ) ;
#948 = ORIENTED_EDGE ( 'NONE', *, *, #1234, .T. ) ;
#949 = EDGE_CURVE ( 'NONE', #1121, #2356, #1734, .T. ) ;
#950 = LINE ( 'NONE', #1828, #1952 ) ;
#951 = CARTESIAN_POINT ( 'NONE',  ( 0.000000000000000000, -0.2299999999999999822, 4.590000000000000746 ) ) ;
#952 = VERTEX_POINT ( 'NONE', #2485 ) ;
#953 = COORDINATED_UNIVERSAL_TIME_OFFSET ( 5, 0, .BEHIND. ) ;
#954 = CARTESIAN_POINT ( 'NONE',  ( 2.168404344971008868E-17, 0.06999999999999999278, 4.890000000000000568 ) ) ;
#955 = ORIENTED_EDGE ( 'NONE', *, *, #461, .T. ) ;
#956 = DIRECTION ( 'NONE',  ( 0.000000000000000000, -0.000000000000000000, -1.000000000000000000 ) ) ;
#957 = CARTESIAN_POINT ( 'NONE',  ( 0.3043380991322039431, 0.02000459728696162356, 4.710571208376975960 ) ) ;
#958 = DIRECTION ( 'NONE',  ( 0.000000000000000000, 0.000000000000000000, -1.000000000000000000 ) ) ;
#959 = CARTESIAN_POINT ( 'NONE',  ( 2.500000000000000000, -0.4299999999999999933, 5.122813892646072453 ) ) ;
#960 = LINE ( 'NONE', #725, #2085 ) ;
#961 = TOROIDAL_SURFACE ( 'NONE', #2171, 0.6236067977499789583, 0.2999999999999999889 ) ;
#962 = ADVANCED_FACE ( 'NONE', ( #331 ), #961, .F. ) ;
#963 = EDGE_LOOP ( 'NONE', ( #5, #1502, #125, #401, #1971 ) ) ;
#964 = DIRECTION ( 'NONE',  ( -0.000000000000000000, 1.000000000000000000, -0.000000000000000000 ) ) ;
#965 = CARTESIAN_POINT ( 'NONE',  ( 1.346000926249723006, -0.4299999999999999933, 7.390000000000000568 ) ) ;
#966 = TOROIDAL_SURFACE ( 'NONE', #1584, 0.6500000000000000222, 0.2999999999999999889 ) ;
#967 = ORIENTED_EDGE ( 'NONE', *, *, #1345, .F. ) ;
#968 = SHAPE_DEFINITION_REPRESENTATION ( #150, #651 ) ;
#969 = CARTESIAN_POINT ( 'NONE',  ( 2.168404344971008868E-17, 0.06999999999999999278, 4.890000000000000568 ) ) ;
#970 = ORIENTED_EDGE ( 'NONE', *, *, #1482, .T. ) ;
#971 = CARTESIAN_POINT ( 'NONE',  ( 1.999999999999997335, -0.5300000000000000266, 4.589999999999999858 ) ) ;
#972 = LINE ( 'NONE', #2207, #2347 ) ;
#973 = AXIS2_PLACEMENT_3D ( 'NONE', #2232, #1160, #100 ) ;
#974 = LINE ( 'NONE', #1137, #623 ) ;
#975 = CARTESIAN_POINT ( 'NONE',  ( 2.686961783660737346, -0.4300000000000001599, 5.707920337114486209 ) ) ;
#976 = VECTOR ( 'NONE', #64, 100.0000000000000000 ) ;
#977 = CARTESIAN_POINT ( 'NONE',  ( -0.3901269582574410921, -0.1853491468543358445, 5.190000000000002167 ) ) ;
#978 = AXIS2_PLACEMENT_3D ( 'NONE', #1114, #240, #1323 ) ;
#979 = EDGE_CURVE ( 'NONE', #1133, #1621, #1228, .T. ) ;
#980 = ORIENTED_EDGE ( 'NONE', *, *, #2080, .T. ) ;
#981 = DIRECTION ( 'NONE',  ( 0.000000000000000000, 0.000000000000000000, 1.000000000000000000 ) ) ;
#982 = DIRECTION ( 'NONE',  ( 0.000000000000000000, 0.000000000000000000, 1.000000000000000000 ) ) ;
#983 = ORIENTED_EDGE ( 'NONE', *, *, #1597, .F. ) ;
#984 = COORDINATED_UNIVERSAL_TIME_OFFSET ( 5, 0, .BEHIND. ) ;
#985 = ORIENTED_EDGE ( 'NONE', *, *, #198, .T. ) ;
#986 = CARTESIAN_POINT ( 'NONE',  ( 0.000000000000000000, -0.7299999999999999822, 6.613606797749979727 ) ) ;
#987 = PLANE ( 'NONE',  #1328 ) ;
#988 = EDGE_CURVE ( 'NONE', #2061, #1080, #960, .T. ) ;
#989 = EDGE_CURVE ( 'NONE', #686, #1395, #1569, .T. ) ;
#990 = DIRECTION ( 'NONE',  ( 0.000000000000000000, 0.000000000000000000, -1.000000000000000000 ) ) ;
#991 = DIRECTION ( 'NONE',  ( 1.249000902703300792E-14, 0.000000000000000000, -1.000000000000000000 ) ) ;
#992 = FACE_OUTER_BOUND ( 'NONE', #61, .T. ) ;
#993 = AXIS2_PLACEMENT_3D ( 'NONE', #280, #982, #2259 ) ;
#994 = VERTEX_POINT ( 'NONE', #1826 ) ;
#995 = CARTESIAN_POINT ( 'NONE',  ( -1.743757207371209095, 0.08661876661662211430, 6.047692307692307701 ) ) ;
#996 = VERTEX_POINT ( 'NONE', #2441 ) ;
#997 = AXIS2_PLACEMENT_3D ( 'NONE', #1741, #1927, #13 ) ;
#998 = APPROVAL_STATUS ( 'not_yet_approved' ) ;
#999 = ORIENTED_EDGE ( 'NONE', *, *, #513, .F. ) ;
#1000 = ORIENTED_EDGE ( 'NONE', *, *, #2744, .T. ) ;
#1001 = CARTESIAN_POINT ( 'NONE',  ( 0.000000000000000000, 0.06999999999999999278, 0.000000000000000000 ) ) ;
#1002 = CARTESIAN_POINT ( 'NONE',  ( 2.504259948039604389, -0.5215393986986898156, 6.394259948039475283 ) ) ;
#1003 = AXIS2_PLACEMENT_3D ( 'NONE', #1360, #1836, #315 ) ;
#1004 = CARTESIAN_POINT ( 'NONE',  ( -3.500000000000000444, 0.06999999999999999278, 7.000000000000000888 ) ) ;
#1005 = VERTEX_POINT ( 'NONE', #1346 ) ;
#1006 = CARTESIAN_POINT ( 'NONE',  ( -1.240806905864625609, -0.4525318322273683691, 6.108682043529083394 ) ) ;
#1007 = DIRECTION ( 'NONE',  ( 0.000000000000000000, -0.000000000000000000, -1.000000000000000000 ) ) ;
#1008 = FACE_OUTER_BOUND ( 'NONE', #2736, .T. ) ;
#1009 = AXIS2_PLACEMENT_3D ( 'NONE', #2132, #1694, #1465 ) ;
#1010 = EDGE_LOOP ( 'NONE', ( #1926, #2028, #980, #160, #108, #2186, #116, #2494 ) ) ;
#1011 = DIRECTION ( 'NONE',  ( 0.000000000000000000, 0.000000000000000000, 1.000000000000000000 ) ) ;
#1012 = ADVANCED_FACE ( 'NONE', ( #516 ), #1389, .F. ) ;
#1013 = EDGE_LOOP ( 'NONE', ( #112, #1161, #2530, #1485 ) ) ;
#1014 = VERTEX_POINT ( 'NONE', #2680 ) ;
#1015 = ORIENTED_EDGE ( 'NONE', *, *, #2148, .F. ) ;
#1016 = LINE ( 'NONE', #2078, #2199 ) ;
#1017 = CARTESIAN_POINT ( 'NONE',  ( -3.500000000000000444, 0.06999999999999999278, 7.300000000000000711 ) ) ;
#1018 = FACE_OUTER_BOUND ( 'NONE', #566, .T. ) ;
#1019 = ORIENTED_EDGE ( 'NONE', *, *, #275, .T. ) ;
#1020 = AXIS2_PLACEMENT_3D ( 'NONE', #508, #86, #1774 ) ;
#1021 = PLANE ( 'NONE',  #575 ) ;
#1022 = EDGE_CURVE ( 'NONE', #362, #1833, #2224, .T. ) ;
#1023 = CARTESIAN_POINT ( 'NONE',  ( -0.3043380188145627940, 0.02000381397622586974, 4.710570804661599276 ) ) ;
#1024 = DIRECTION ( 'NONE',  ( 0.000000000000000000, 0.000000000000000000, -1.000000000000000000 ) ) ;
#1025 = CARTESIAN_POINT ( 'NONE',  ( 0.5464250776095467277, -0.2299999999999999822, 4.590000000000000746 ) ) ;
#1026 = EDGE_LOOP ( 'NONE', ( #1679, #1422, #1045, #869, #434 ) ) ;
#1027 = EDGE_LOOP ( 'NONE', ( #2181, #1159, #630, #1912, #1398 ) ) ;
#1028 = CARTESIAN_POINT ( 'NONE',  ( 2.487409726918346387, -0.5300000000000000266, 6.363391453017907651 ) ) ;
#1029 = CARTESIAN_POINT ( 'NONE',  ( -0.3135322457671657070, -0.2299999999999999822, 5.045555555555556460 ) ) ;
#1030 = DIRECTION ( 'NONE',  ( -0.000000000000000000, 1.000000000000000000, -0.000000000000000000 ) ) ;
#1031 = ORIENTED_EDGE ( 'NONE', *, *, #1641, .F. ) ;
#1032 = CARTESIAN_POINT ( 'NONE',  ( -2.525585152632450203, -0.5044474501724471871, 5.349341834355027636 ) ) ;
#1033 = EDGE_CURVE ( 'NONE', #1233, #2778, #854, .T. ) ;
#1034 = EDGE_LOOP ( 'NONE', ( #1448, #2330, #2375 ) ) ;
#1035 = CYLINDRICAL_SURFACE ( 'NONE', #2636, 0.1750000000000001554 ) ;
#1036 = LINE ( 'NONE', #1889, #2213 ) ;
#1037 = CARTESIAN_POINT ( 'NONE',  ( -1.646000926249718388, -0.7299999999999999822, 3.690000000000000835 ) ) ;
#1038 = CIRCLE ( 'NONE', #2012, 0.3500000000000003109 ) ;
#1039 = DIRECTION ( 'NONE',  ( 0.000000000000000000, 0.000000000000000000, -1.000000000000000000 ) ) ;
#1040 = EDGE_LOOP ( 'NONE', ( #2637, #494, #985, #1742, #1700 ) ) ;
#1041 = B_SPLINE_CURVE_WITH_KNOTS ( 'NONE', 3,
 ( #2195, #457, #24, #2180, #1953, #904, #1527, #2424, #1333, #63 ),
 .UNSPECIFIED., .F., .F.,
 ( 4, 2, 2, 2, 4 ),
 ( 0.000000000000000000, 0.0008327671101847772001, 0.001665534220369554400, 0.002498301330554331817, 0.003331068440739108800 ),
 .UNSPECIFIED. ) ;
#1042 = CARTESIAN_POINT ( 'NONE',  ( -3.500000000000000444, 0.06999999999999999278, 7.000000000000000888 ) ) ;
#1043 = LINE ( 'NONE', #418, #1488 ) ;
#1044 = DIRECTION ( 'NONE',  ( -0.000000000000000000, 1.000000000000000000, -0.000000000000000000 ) ) ;
#1045 = ORIENTED_EDGE ( 'NONE', *, *, #1482, .F. ) ;
#1046 = CYLINDRICAL_SURFACE ( 'NONE', #1405, 0.3000000000000002665 ) ;
#1047 = ORIENTED_EDGE ( 'NONE', *, *, #1167, .T. ) ;
#1048 = CARTESIAN_POINT ( 'NONE',  ( 3.500000000000000444, -0.2299999999999999822, 7.000000000000000888 ) ) ;
#1049 = DIRECTION ( 'NONE',  ( 0.000000000000000000, 0.000000000000000000, -1.000000000000000000 ) ) ;
#1050 = VECTOR ( 'NONE', #574, 100.0000000000000000 ) ;
#1051 = CARTESIAN_POINT ( 'NONE',  ( -1.630112555622166504, -0.4918173658517577818, 6.431208791208777420 ) ) ;
#1052 = EDGE_CURVE ( 'NONE', #477, #2514, #609, .T. ) ;
#1053 = ORIENTED_EDGE ( 'NONE', *, *, #1022, .F. ) ;
#1054 = EDGE_LOOP ( 'NONE', ( #83, #698, #1506 ) ) ;
#1055 = CARTESIAN_POINT ( 'NONE',  ( 0.000000000000000000, -0.5300000000000000266, 5.190000000000001279 ) ) ;
#1056 = CARTESIAN_POINT ( 'NONE',  ( -2.500000000000000444, -0.5300000000000000266, 0.000000000000000000 ) ) ;
#1057 = DIRECTION ( 'NONE',  ( 0.000000000000000000, -1.000000000000000000, 0.000000000000000000 ) ) ;
#1058 = ORIENTED_EDGE ( 'NONE', *, *, #2644, .F. ) ;
#1059 = EDGE_CURVE ( 'NONE', #521, #1310, #92, .T. ) ;
#1060 = CARTESIAN_POINT ( 'NONE',  ( 1.736140146059480305, -0.4665614441720374872, 6.467499789590494430 ) ) ;
#1061 = VECTOR ( 'NONE', #1616, 100.0000000000000000 ) ;
#1062 = ORIENTED_EDGE ( 'NONE', *, *, #1115, .F. ) ;
#1063 = DIRECTION ( 'NONE',  ( -0.6925259008189001975, 0.000000000000000000, -0.7213930112601388833 ) ) ;
#1064 = FACE_OUTER_BOUND ( 'NONE', #884, .T. ) ;
#1065 = EDGE_CURVE ( 'NONE', #2365, #1941, #881, .T. ) ;
#1066 = EDGE_CURVE ( 'NONE', #2322, #644, #740, .T. ) ;
#1067 = VECTOR ( 'NONE', #1342, 100.0000000000000000 ) ;
#1068 = ORIENTED_EDGE ( 'NONE', *, *, #2419, .T. ) ;
#1069 = VERTEX_POINT ( 'NONE', #2086 ) ;
#1070 = DIRECTION ( 'NONE',  ( 0.000000000000000000, -1.000000000000000000, 0.000000000000000000 ) ) ;
#1071 = AXIS2_PLACEMENT_3D ( 'NONE', #2158, #262, #2358 ) ;
#1072 = DIRECTION ( 'NONE',  ( -0.000000000000000000, 1.000000000000000000, -0.000000000000000000 ) ) ;
#1073 = FACE_OUTER_BOUND ( 'NONE', #1748, .T. ) ;
#1074 = VERTEX_POINT ( 'NONE', #212 ) ;
#1075 = CARTESIAN_POINT ( 'NONE',  ( -1.630112555622213133, -0.4299999999999999933, 6.431208791208790743 ) ) ;
#1076 = ORIENTED_EDGE ( 'NONE', *, *, #2111, .T. ) ;
#1077 = CARTESIAN_POINT ( 'NONE',  ( 0.000000000000000000, -0.4299999999999999933, 0.000000000000000000 ) ) ;
#1078 = EDGE_CURVE ( 'NONE', #1395, #521, #1888, .T. ) ;
#1079 = ADVANCED_FACE ( 'NONE', ( #1837 ), #1035, .F. ) ;
#1080 = VERTEX_POINT ( 'NONE', #2300 ) ;
#1081 = AXIS2_PLACEMENT_3D ( 'NONE', #38, #2206, #259 ) ;
#1082 = ORIENTED_EDGE ( 'NONE', *, *, #245, .T. ) ;
#1083 = LINE ( 'NONE', #243, #1565 ) ;
#1084 = CARTESIAN_POINT ( 'NONE',  ( -2.425464400750007687, -0.5300000000000000266, 6.390000000000001457 ) ) ;
#1085 = EDGE_LOOP ( 'NONE', ( #1367, #231, #1259, #1695, #1290, #2073 ) ) ;
#1086 = CARTESIAN_POINT ( 'NONE',  ( 0.000000000000000000, -0.2299999999999999822, 4.590000000000000746 ) ) ;
#1087 = EDGE_CURVE ( 'NONE', #1664, #448, #1433, .T. ) ;
#1088 = VERTEX_POINT ( 'NONE', #2115 ) ;
#1089 = CARTESIAN_POINT ( 'NONE',  ( -1.864954995514145786, -0.4386330377026480543, 6.530799708941612991 ) ) ;
#1090 = EDGE_LOOP ( 'NONE', ( #1853, #208, #261, #367, #1866 ) ) ;
#1091 = EDGE_CURVE ( 'NONE', #193, #6, #2520, .T. ) ;
#1092 = CARTESIAN_POINT ( 'NONE',  ( 2.000000000000002220, -0.4299999999999999933, 6.089999999999999858 ) ) ;
#1093 = CARTESIAN_POINT ( 'NONE',  ( -1.394846157932761122, -0.5300000000000000266, 6.243296703296703498 ) ) ;
#1094 = CARTESIAN_POINT ( 'NONE',  ( 1.346000926249718788, 0.08661876661662211430, 6.089999999999999858 ) ) ;
#1095 = VERTEX_POINT ( 'NONE', #376 ) ;
#1096 = VECTOR ( 'NONE', #1618, 100.0000000000000000 ) ;
#1097 = DIRECTION ( 'NONE',  ( -0.000000000000000000, -1.000000000000000000, -0.000000000000000000 ) ) ;
#1098 = CARTESIAN_POINT ( 'NONE',  ( 1.346000926249718121, 0.08661876661662211430, 3.690000000000000835 ) ) ;
#1099 = ORIENTED_EDGE ( 'NONE', *, *, #2405, .F. ) ;
#1100 = CARTESIAN_POINT ( 'NONE',  ( 1.153390644696309142, -0.4309997418780344147, 6.089999999999999858 ) ) ;
#1101 = VECTOR ( 'NONE', #1934, 100.0000000000000000 ) ;
#1102 = AXIS2_PLACEMENT_3D ( 'NONE', #72, #1148, #1975 ) ;
#1103 = ORIENTED_EDGE ( 'NONE', *, *, #1673, .F. ) ;
#1104 = ADVANCED_FACE ( 'NONE', ( #2500, #2723 ), #1902, .F. ) ;
#1105 = DIRECTION ( 'NONE',  ( -0.000000000000000000, 1.000000000000000000, -0.000000000000000000 ) ) ;
#1106 = ORIENTED_EDGE ( 'NONE', *, *, #1769, .T. ) ;
#1107 = DIRECTION ( 'NONE',  ( -0.000000000000000000, 1.000000000000000000, -0.000000000000000000 ) ) ;
#1108 = VECTOR ( 'NONE', #288, 100.0000000000000000 ) ;
#1109 = CARTESIAN_POINT ( 'NONE',  ( 0.4031128874149274011, -0.2299999999999999822, 5.190000000000001279 ) ) ;
#1110 = ORIENTED_EDGE ( 'NONE', *, *, #1757, .F. ) ;
#1111 = LINE ( 'NONE', #510, #2611 ) ;
#1112 = DIRECTION ( 'NONE',  ( 0.000000000000000000, -1.000000000000000000, 0.000000000000000000 ) ) ;
#1113 = EDGE_LOOP ( 'NONE', ( #1549, #2564, #336, #305 ) ) ;
#1114 = CARTESIAN_POINT ( 'NONE',  ( 1.133162870853924531, -0.4299999999999999933, 6.389999999999999680 ) ) ;
#1115 = EDGE_CURVE ( 'NONE', #311, #1812, #620, .T. ) ;
#1116 = VECTOR ( 'NONE', #355, 100.0000000000000000 ) ;
#1117 = VERTEX_POINT ( 'NONE', #1688 ) ;
#1118 = CARTESIAN_POINT ( 'NONE',  ( -3.500000000000000444, 0.06999999999999999278, 6.825000000000000178 ) ) ;
#1119 = CARTESIAN_POINT ( 'NONE',  ( -1.744191623938817770, -0.5300000000000000266, 5.190000000000000391 ) ) ;
#1120 = DIRECTION ( 'NONE',  ( -1.000000000000000000, 0.000000000000000000, 0.000000000000000000 ) ) ;
#1121 = VERTEX_POINT ( 'NONE', #1254 ) ;
#1122 = CARTESIAN_POINT ( 'NONE',  ( 1.646000926249718166, -0.5300000000000000266, 3.690000000000000835 ) ) ;
#1123 = CARTESIAN_POINT ( 'NONE',  ( 2.723606797749978714, -0.4299999999999999933, 6.613606797749979727 ) ) ;
#1124 = VECTOR ( 'NONE', #2000, 100.0000000000000000 ) ;
#1125 = CARTESIAN_POINT ( 'NONE',  ( -0.3135322457671657070, -0.2299999999999999822, 4.734444444444444677 ) ) ;
#1126 = ADVANCED_FACE ( 'NONE', ( #2071 ), #2740, .T. ) ;
#1127 = CIRCLE ( 'NONE', #2706, 0.1750000000000001554 ) ;
#1128 = EDGE_LOOP ( 'NONE', ( #759, #1543, #2585, #1437, #353 ) ) ;
#1129 = CARTESIAN_POINT ( 'NONE',  ( -1.126385683979055363, -0.5300000000000000266, 3.390000000000000568 ) ) ;
#1130 = CYLINDRICAL_SURFACE ( 'NONE', #1707, 0.1000000000000000888 ) ;
#1131 = B_SPLINE_CURVE_WITH_KNOTS ( 'NONE', 3,
 ( #1447, #838, #1060, #375 ),
 .UNSPECIFIED., .F., .F.,
 ( 4, 4 ),
 ( 0.002897999528302974345, 0.004612682407687306550 ),
 .UNSPECIFIED. ) ;
#1132 = DIRECTION ( 'NONE',  ( -1.000000000000000000, 0.000000000000000000, 0.000000000000000000 ) ) ;
#1133 = VERTEX_POINT ( 'NONE', #393 ) ;
#1134 = DIRECTION ( 'NONE',  ( 0.000000000000000000, 0.000000000000000000, -1.000000000000000000 ) ) ;
#1135 = AXIS2_PLACEMENT_3D ( 'NONE', #1244, #1905, #845 ) ;
#1136 = CARTESIAN_POINT ( 'NONE',  ( -1.256877889883665889, -0.4604318734905000210, 3.661299166082168544 ) ) ;
#1137 = CARTESIAN_POINT ( 'NONE',  ( -1.744191623938817770, -0.5300000000000000266, 5.190000000000001279 ) ) ;
#1138 = VECTOR ( 'NONE', #1793, 100.0000000000000000 ) ;
#1139 = DIRECTION ( 'NONE',  ( -1.156482317317870344E-15, 0.000000000000000000, -1.000000000000000000 ) ) ;
#1140 = AXIS2_PLACEMENT_3D ( 'NONE', #547, #789, #1144 ) ;
#1141 = EDGE_CURVE ( 'NONE', #639, #732, #1776, .T. ) ;
#1142 = ORIENTED_EDGE ( 'NONE', *, *, #294, .T. ) ;
#1143 = CIRCLE ( 'NONE', #2223, 0.3500000000000003109 ) ;
#1144 = DIRECTION ( 'NONE',  ( 0.000000000000000000, 0.000000000000000000, -1.000000000000000000 ) ) ;
#1145 = ADVANCED_FACE ( 'NONE', ( #2560 ), #802, .F. ) ;
#1146 = CARTESIAN_POINT ( 'NONE',  ( -2.222280046064659675, -0.4299999999999999933, 4.522322816748581609 ) ) ;
#1147 = CALENDAR_DATE ( 2026, 17, 6 ) ;
#1148 = DIRECTION ( 'NONE',  ( -1.000000000000000000, 0.000000000000000000, 0.000000000000000000 ) ) ;
#1149 = ORIENTED_EDGE ( 'NONE', *, *, #603, .F. ) ;
#1150 = FACE_OUTER_BOUND ( 'NONE', #1232, .T. ) ;
#1151 = CARTESIAN_POINT ( 'NONE',  ( -1.346000926249718788, -0.4299999999999999933, 6.613606797749979727 ) ) ;
#1152 = CARTESIAN_POINT ( 'NONE',  ( 0.000000000000000000, -0.5300000000000000266, 4.590000000000000746 ) ) ;
#1153 = DIRECTION ( 'NONE',  ( 0.000000000000000000, 0.000000000000000000, 1.000000000000000000 ) ) ;
#1154 = ADVANCED_FACE ( 'NONE', ( #1241, #153 ), #1659, .F. ) ;
#1155 = CARTESIAN_POINT ( 'NONE',  ( -0.4031128874149221275, -0.1912315359462877784, 5.190000000000001279 ) ) ;
#1156 = EDGE_LOOP ( 'NONE', ( #2172, #174, #2177, #2152 ) ) ;
#1157 = CARTESIAN_POINT ( 'NONE',  ( 1.744191623938817770, -0.4299999999999999933, 4.589999999999999858 ) ) ;
#1158 = DIRECTION ( 'NONE',  ( 0.000000000000000000, -1.000000000000000000, 0.000000000000000000 ) ) ;
#1159 = ORIENTED_EDGE ( 'NONE', *, *, #2067, .F. ) ;
#1160 = DIRECTION ( 'NONE',  ( 0.000000000000000000, -1.000000000000000000, 0.000000000000000000 ) ) ;
#1161 = ORIENTED_EDGE ( 'NONE', *, *, #2301, .T. ) ;
#1162 = ADVANCED_FACE ( 'NONE', ( #1856 ), #1517, .F. ) ;
#1163 = CARTESIAN_POINT ( 'NONE',  ( -2.513014935777045267, -0.5152944800488079569, 6.332817648453105797 ) ) ;
#1164 = DIRECTION ( 'NONE',  ( 0.000000000000000000, 0.000000000000000000, -1.000000000000000000 ) ) ;
#1165 = CARTESIAN_POINT ( 'NONE',  ( 1.154394097630918603, -0.4313968865197638780, 3.689003548910021468 ) ) ;
#1166 = CARTESIAN_POINT ( 'NONE',  ( -1.744191623938817770, -0.2299999999999999822, 4.890000000000000568 ) ) ;
#1167 = EDGE_CURVE ( 'NONE', #1349, #880, #487, .T. ) ;
#1168 = DIRECTION ( 'NONE',  ( -0.000000000000000000, 1.000000000000000000, -0.000000000000000000 ) ) ;
#1169 = VERTEX_POINT ( 'NONE', #856 ) ;
#1170 = DIRECTION ( 'NONE',  ( 1.734723475976808475E-15, 0.000000000000000000, -1.000000000000000000 ) ) ;
#1171 = CYLINDRICAL_SURFACE ( 'NONE', #16, 1.000000000000000222 ) ;
#1172 = EDGE_LOOP ( 'NONE', ( #389, #2389, #1206, #483 ) ) ;
#1173 = EDGE_CURVE ( 'NONE', #2537, #1335, #1843, .T. ) ;
#1174 = APPROVAL_ROLE ( '' ) ;
#1175 = FACE_OUTER_BOUND ( 'NONE', #652, .T. ) ;
#1176 = EDGE_LOOP ( 'NONE', ( #2024, #2124, #2076, #157, #2687 ) ) ;
#1177 = CARTESIAN_POINT ( 'NONE',  ( -2.509182060755663635, -0.4758645296396832314, 6.452788245004319023 ) ) ;
#1178 = CARTESIAN_POINT ( 'NONE',  ( -1.386193305114387098, -0.5300000000000000266, 3.540000000000000924 ) ) ;
#1179 = DIRECTION ( 'NONE',  ( 0.000000000000000000, -1.000000000000000000, 0.000000000000000000 ) ) ;
#1180 = AXIS2_PLACEMENT_3D ( 'NONE', #2741, #1674, #1049 ) ;
#1181 = ADVANCED_FACE ( 'NONE', ( #2574 ), #474, .F. ) ;
#1182 = CARTESIAN_POINT ( 'NONE',  ( 2.168404344971008868E-17, -0.2299999999999999822, 5.065000000000000391 ) ) ;
#1183 = CARTESIAN_POINT ( 'NONE',  ( -0.3257286376339542100, -0.1221894777378927099, 5.153935126312489068 ) ) ;
#1184 = VECTOR ( 'NONE', #2693, 100.0000000000000000 ) ;
#1185 = ORIENTED_EDGE ( 'NONE', *, *, #472, .T. ) ;
#1186 = CARTESIAN_POINT ( 'NONE',  ( 1.999999999999996891, -0.4299999999999999933, 3.689999999999999503 ) ) ;
#1187 = LINE ( 'NONE', #2668, #2203 ) ;
#1188 = VECTOR ( 'NONE', #453, 100.0000000000000142 ) ;
#1189 = VERTEX_POINT ( 'NONE', #41 ) ;
#1190 = EDGE_CURVE ( 'NONE', #17, #1462, #349, .T. ) ;
#1191 = DATE_TIME_ROLE ( 'classification_date' ) ;
#1192 = EDGE_CURVE ( 'NONE', #862, #1669, #2361, .T. ) ;
#1193 = EDGE_LOOP ( 'NONE', ( #1103, #446, #615, #523, #26, #2075, #691, #2307, #1600, #1106, #1250, #2233, #1217, #637, #1592, #1031 ) ) ;
#1194 = CARTESIAN_POINT ( 'NONE',  ( 2.000000000000002220, -0.5300000000000000266, 6.089999999999999858 ) ) ;
#1195 = CARTESIAN_POINT ( 'NONE',  ( -2.778606988739864114, -0.4299999999999999933, 5.815339793464980644 ) ) ;
#1196 = AXIS2_PLACEMENT_3D ( 'NONE', #657, #680, #1524 ) ;
#1197 = DIRECTION ( 'NONE',  ( 1.000000000000000000, -0.000000000000000000, 1.734723475976807094E-16 ) ) ;
#1198 = LINE ( 'NONE', #557, #437 ) ;
#1199 = CARTESIAN_POINT ( 'NONE',  ( -3.500000000000000444, -0.4299999999999999933, 5.122813892646077782 ) ) ;
#1200 = DIRECTION ( 'NONE',  ( -0.000000000000000000, 1.000000000000000000, -0.000000000000000000 ) ) ;
#1201 = CIRCLE ( 'NONE', #2780, 0.3000000000000002665 ) ;
#1202 = ORIENTED_EDGE ( 'NONE', *, *, #1213, .F. ) ;
#1203 = LINE ( 'NONE', #84, #1227 ) ;
#1204 = PLANE ( 'NONE',  #2708 ) ;
#1205 = APPLICATION_PROTOCOL_DEFINITION ( 'international standard', 'config_control_design', 1994, #2422 ) ;
#1206 = ORIENTED_EDGE ( 'NONE', *, *, #2138, .F. ) ;
#1207 = ORIENTED_EDGE ( 'NONE', *, *, #1770, .F. ) ;
#1208 = CARTESIAN_POINT ( 'NONE',  ( 2.674245813316647347, -0.4300000000001384937, 6.564245813315126021 ) ) ;
#1209 = CARTESIAN_POINT ( 'NONE',  ( -0.4301324490586666549, -0.2034709046318050885, 4.590000000000000746 ) ) ;
#1210 = DIRECTION ( 'NONE',  ( 0.000000000000000000, -1.000000000000000000, 0.000000000000000000 ) ) ;
#1211 = CIRCLE ( 'NONE', #458, 0.3000000000000002665 ) ;
#1212 = CARTESIAN_POINT ( 'NONE',  ( 2.723606797749978714, -0.4299999999999999933, 6.613606797749979727 ) ) ;
#1213 = EDGE_CURVE ( 'NONE', #594, #1313, #1918, .T. ) ;
#1214 = CYLINDRICAL_SURFACE ( 'NONE', #918, 0.1750000000000001554 ) ;
#1215 = ORIENTED_EDGE ( 'NONE', *, *, #873, .F. ) ;
#1216 = LINE ( 'NONE', #396, #1355 ) ;
#1217 = ORIENTED_EDGE ( 'NONE', *, *, #1849, .F. ) ;
#1218 = ORIENTED_EDGE ( 'NONE', *, *, #234, .F. ) ;
#1219 = EDGE_CURVE ( 'NONE', #1571, #2169, #1301, .T. ) ;
#1220 = VERTEX_POINT ( 'NONE', #1955 ) ;
#1221 = DIRECTION ( 'NONE',  ( -0.000000000000000000, 1.000000000000000000, -0.000000000000000000 ) ) ;
#1222 = CYLINDRICAL_SURFACE ( 'NONE', #1958, 0.3000000000000002665 ) ;
#1223 = ORIENTED_EDGE ( 'NONE', *, *, #304, .F. ) ;
#1224 = CARTESIAN_POINT ( 'NONE',  ( -2.519536768336716026, -0.5099978809437277771, 5.321548141689637745 ) ) ;
#1225 = DIRECTION ( 'NONE',  ( 0.000000000000000000, -0.000000000000000000, -1.000000000000000000 ) ) ;
#1226 = DIRECTION ( 'NONE',  ( 0.000000000000000000, 0.000000000000000000, 1.000000000000000000 ) ) ;
#1227 = VECTOR ( 'NONE', #2445, 100.0000000000000000 ) ;
#1228 = CIRCLE ( 'NONE', #2034, 0.1000000000000000888 ) ;
#1229 = CARTESIAN_POINT ( 'NONE',  ( -1.999999999999998002, -0.4299999999999999933, 5.190000000000000391 ) ) ;
#1230 = CARTESIAN_POINT ( 'NONE',  ( 0.4590257856487721666, -0.2133348186394753987, 4.589999999999999858 ) ) ;
#1231 = EDGE_CURVE ( 'NONE', #1283, #178, #224, .T. ) ;
#1232 = EDGE_LOOP ( 'NONE', ( #2717, #1297, #2730, #833 ) ) ;
#1233 = VERTEX_POINT ( 'NONE', #2196 ) ;
#1234 = EDGE_CURVE ( 'NONE', #2311, #1376, #1201, .T. ) ;
#1235 = CARTESIAN_POINT ( 'NONE',  ( -1.133162870853924975, -0.4302223613824203152, 6.089999999999999858 ) ) ;
#1236 = CARTESIAN_POINT ( 'NONE',  ( 3.500000000000000444, -0.2299999999999999822, 6.825000000000000178 ) ) ;
#1237 = VERTEX_POINT ( 'NONE', #1494 ) ;
#1238 = VECTOR ( 'NONE', #455, 100.0000000000000000 ) ;
#1239 = CYLINDRICAL_SURFACE ( 'NONE', #1772, 0.2999999999999999334 ) ;
#1240 = ORIENTED_EDGE ( 'NONE', *, *, #1677, .T. ) ;
#1241 = FACE_OUTER_BOUND ( 'NONE', #1605, .T. ) ;
#1242 = CARTESIAN_POINT ( 'NONE',  ( -0.3318617600130597256, -0.1326884238489637602, 4.619123118981751652 ) ) ;
#1243 = AXIS2_PLACEMENT_3D ( 'NONE', #2482, #1344, #527 ) ;
#1244 = CARTESIAN_POINT ( 'NONE',  ( 0.000000000000000000, -0.4299999999999999933, 0.000000000000000000 ) ) ;
#1245 = ORIENTED_EDGE ( 'NONE', *, *, #1033, .T. ) ;
#1246 = ORIENTED_EDGE ( 'NONE', *, *, #472, .F. ) ;
#1247 = LINE ( 'NONE', #1442, #1994 ) ;
#1248 = CARTESIAN_POINT ( 'NONE',  ( 2.509182060755611232, -0.4758645296397063795, 6.452788245004287049 ) ) ;
#1249 = LINE ( 'NONE', #1236, #263 ) ;
#1250 = ORIENTED_EDGE ( 'NONE', *, *, #2019, .F. ) ;
#1251 = CARTESIAN_POINT ( 'NONE',  ( -1.161196008165389371, -0.4322921763308029131, 6.090996339106586888 ) ) ;
#1252 = VECTOR ( 'NONE', #1072, 100.0000000000000000 ) ;
#1253 = VERTEX_POINT ( 'NONE', #1743 ) ;
#1254 = CARTESIAN_POINT ( 'NONE',  ( 1.787030807762585161, -0.4555278165153078263, 6.492507580192037331 ) ) ;
#1255 = LINE ( 'NONE', #1838, #1625 ) ;
#1256 = ADVANCED_FACE ( 'NONE', ( #687 ), #2144, .F. ) ;
#1257 = DIRECTION ( 'NONE',  ( 0.000000000000000000, 0.000000000000000000, 1.000000000000000000 ) ) ;
#1258 = EDGE_CURVE ( 'NONE', #319, #1395, #1507, .T. ) ;
#1259 = ORIENTED_EDGE ( 'NONE', *, *, #2476, .F. ) ;
#1260 = ORIENTED_EDGE ( 'NONE', *, *, #1481, .T. ) ;
#1261 = DIRECTION ( 'NONE',  ( -1.000000000000000000, 0.000000000000000000, 0.000000000000000000 ) ) ;
#1262 = FACE_BOUND ( 'NONE', #1715, .T. ) ;
#1263 = CIRCLE ( 'NONE', #2483, 1.000000000000000222 ) ;
#1264 = CARTESIAN_POINT ( 'NONE',  ( 1.536814114258678421, -0.5300000000000000266, 6.390000000000001457 ) ) ;
#1265 = ORIENTED_EDGE ( 'NONE', *, *, #979, .F. ) ;
#1266 = AXIS2_PLACEMENT_3D ( 'NONE', #172, #2291, #1039 ) ;
#1267 = DIRECTION ( 'NONE',  ( 0.000000000000000000, 0.000000000000000000, 1.000000000000000000 ) ) ;
#1268 = ADVANCED_FACE ( 'NONE', ( #28 ), #227, .T. ) ;
#1269 = EDGE_LOOP ( 'NONE', ( #2384, #756 ) ) ;
#1270 = CARTESIAN_POINT ( 'NONE',  ( 0.3158314818073830188, -0.1001498609559808156, 5.139578003209093637 ) ) ;
#1271 = EDGE_CURVE ( 'NONE', #178, #2031, #1719, .T. ) ;
#1272 = DIRECTION ( 'NONE',  ( 0.000000000000000000, -1.000000000000000000, 0.000000000000000000 ) ) ;
#1273 = AXIS2_PLACEMENT_3D ( 'NONE', #1628, #2724, #1226 ) ;
#1274 = LINE ( 'NONE', #1229, #2622 ) ;
#1275 = ORIENTED_EDGE ( 'NONE', *, *, #2056, .T. ) ;
#1276 = ORIENTED_EDGE ( 'NONE', *, *, #286, .F. ) ;
#1277 = CIRCLE ( 'NONE', #2362, 0.3500000000000003109 ) ;
#1278 = DIRECTION ( 'NONE',  ( -1.000000000000000000, 0.000000000000000000, 0.000000000000000000 ) ) ;
#1279 = PLANE ( 'NONE',  #766 ) ;
#1280 = EDGE_CURVE ( 'NONE', #196, #44, #1692, .T. ) ;
#1281 = EDGE_CURVE ( 'NONE', #1395, #2155, #974, .T. ) ;
#1282 = FACE_OUTER_BOUND ( 'NONE', #1026, .T. ) ;
#1283 = VERTEX_POINT ( 'NONE', #314 ) ;
#1284 = LINE ( 'NONE', #2125, #2766 ) ;
#1285 = VECTOR ( 'NONE', #861, 100.0000000000000000 ) ;
#1286 = ORIENTED_EDGE ( 'NONE', *, *, #2266, .F. ) ;
#1287 = CARTESIAN_POINT ( 'NONE',  ( 1.346000926249718788, -0.5300000000000000266, 6.089999999999999858 ) ) ;
#1288 = VECTOR ( 'NONE', #1197, 100.0000000000000000 ) ;
#1289 = CARTESIAN_POINT ( 'NONE',  ( -2.500000000000000000, -0.2299999999999999822, 5.122813892646073342 ) ) ;
#1290 = ORIENTED_EDGE ( 'NONE', *, *, #2316, .T. ) ;
#1291 = ADVANCED_FACE ( 'NONE', ( #1386 ), #512, .T. ) ;
#1292 = EDGE_LOOP ( 'NONE', ( #2378, #2556, #955, #2133 ) ) ;
#1293 = CARTESIAN_POINT ( 'NONE',  ( 0.3135322457671657070, 0.06999999999999999278, 5.045555555555556460 ) ) ;
#1294 = VERTEX_POINT ( 'NONE', #2660 ) ;
#1295 = DIRECTION ( 'NONE',  ( -0.6925259008189000864, 0.000000000000000000, -0.7213930112601389943 ) ) ;
#1296 = CARTESIAN_POINT ( 'NONE',  ( -2.498773406794744023, -0.5300000000000000266, 6.335433944809437889 ) ) ;
#1297 = ORIENTED_EDGE ( 'NONE', *, *, #1258, .F. ) ;
#1298 = CARTESIAN_POINT ( 'NONE',  ( 1.394846157932760455, -0.4299999999999999933, 6.243296703296703498 ) ) ;
#1299 = EDGE_LOOP ( 'NONE', ( #1466, #1276, #741, #1607 ) ) ;
#1300 = B_SPLINE_CURVE_WITH_KNOTS ( 'NONE', 3,
 ( #1992, #103, #957, #765, #77, #299, #930, #2004, #1805, #2674, #2554, #2282, #2079, #628 ),
 .UNSPECIFIED., .F., .F.,
 ( 4, 2, 2, 2, 2, 2, 4 ),
 ( -1.095445811516075976E-05, 0.0008299501782770365597, 0.001670854814669234028, 0.002091307132865332600, 0.002511759451061430955, 0.002932211769257529743, 0.003352664087453628532 ),
 .UNSPECIFIED. ) ;
#1301 = LINE ( 'NONE', #648, #627 ) ;
#1302 = EDGE_CURVE ( 'NONE', #1664, #1069, #1717, .T. ) ;
#1303 = AXIS2_PLACEMENT_3D ( 'NONE', #1122, #2605, #940 ) ;
#1304 = ORIENTED_EDGE ( 'NONE', *, *, #688, .T. ) ;
#1305 = CARTESIAN_POINT ( 'NONE',  ( 1.999999999999996891, -0.5300000000000000266, 3.689999999999999503 ) ) ;
#1306 = CARTESIAN_POINT ( 'NONE',  ( -0.4031128874149274011, -0.5300000000000000266, 4.590000000000000746 ) ) ;
#1307 = FACE_OUTER_BOUND ( 'NONE', #1898, .T. ) ;
#1308 = ORIENTED_EDGE ( 'NONE', *, *, #304, .T. ) ;
#1309 = LINE ( 'NONE', #248, #1067 ) ;
#1310 = VERTEX_POINT ( 'NONE', #1359 ) ;
#1311 = DIRECTION ( 'NONE',  ( 0.000000000000000000, -0.000000000000000000, 1.000000000000000000 ) ) ;
#1312 = ADVANCED_FACE ( 'NONE', ( #2209 ), #932, .F. ) ;
#1313 = VERTEX_POINT ( 'NONE', #1125 ) ;
#1314 = CARTESIAN_POINT ( 'NONE',  ( 1.126385683979055141, -0.4299999999999999933, 3.689999999999999503 ) ) ;
#1315 = CARTESIAN_POINT ( 'NONE',  ( -3.500000000000000444, -0.4299999999999999933, 7.000000000000000888 ) ) ;
#1316 = EDGE_CURVE ( 'NONE', #1454, #2098, #1580, .T. ) ;
#1317 = CARTESIAN_POINT ( 'NONE',  ( 3.716417903378041565, -0.4299999999999999933, 6.792242229754329230 ) ) ;
#1318 = VERTEX_POINT ( 'NONE', #2437 ) ;
#1319 = VECTOR ( 'NONE', #2427, 100.0000000000000000 ) ;
#1320 = LINE ( 'NONE', #917, #2475 ) ;
#1321 = FACE_OUTER_BOUND ( 'NONE', #1292, .T. ) ;
#1322 = EDGE_LOOP ( 'NONE', ( #146, #2536, #581, #443 ) ) ;
#1323 = DIRECTION ( 'NONE',  ( 0.000000000000000000, 0.000000000000000000, 1.000000000000000000 ) ) ;
#1324 = VECTOR ( 'NONE', #2135, 100.0000000000000000 ) ;
#1325 = VERTEX_POINT ( 'NONE', #2690 ) ;
#1326 = FACE_OUTER_BOUND ( 'NONE', #2218, .T. ) ;
#1327 = DIRECTION ( 'NONE',  ( 0.000000000000000000, -1.000000000000000000, 0.000000000000000000 ) ) ;
#1328 = AXIS2_PLACEMENT_3D ( 'NONE', #2326, #343, #151 ) ;
#1329 = DIRECTION ( 'NONE',  ( -1.000000000000000000, 0.000000000000000000, 0.000000000000000000 ) ) ;
#1330 = ORIENTED_EDGE ( 'NONE', *, *, #287, .T. ) ;
#1331 = AXIS2_PLACEMENT_3D ( 'NONE', #573, #197, #2285 ) ;
#1332 = DIRECTION ( 'NONE',  ( 1.000000000000000000, 0.000000000000000000, 0.000000000000000000 ) ) ;
#1333 = CARTESIAN_POINT ( 'NONE',  ( 1.380962125931402662, -0.5299999999997264677, 6.218530939924853840 ) ) ;
#1334 = DIRECTION ( 'NONE',  ( 1.000000000000000000, -0.000000000000000000, 1.734723475976807094E-16 ) ) ;
#1335 = VERTEX_POINT ( 'NONE', #556 ) ;
#1336 = CARTESIAN_POINT ( 'NONE',  ( -0.5766281297335397182, -0.2299999999999999822, 5.190000000000001279 ) ) ;
#1337 = DIRECTION ( 'NONE',  ( 0.000000000000000000, 0.000000000000000000, 1.000000000000000000 ) ) ;
#1338 = ORGANIZATION ( 'UNSPECIFIED', 'UNSPECIFIED', '' ) ;
#1339 = DIRECTION ( 'NONE',  ( -0.000000000000000000, 1.000000000000000000, -0.000000000000000000 ) ) ;
#1340 = ORIENTED_EDGE ( 'NONE', *, *, #689, .T. ) ;
#1341 = LINE ( 'NONE', #2344, #2114 ) ;
#1342 = DIRECTION ( 'NONE',  ( 1.000000000000000000, 0.000000000000000000, -0.000000000000000000 ) ) ;
#1343 = CIRCLE ( 'NONE', #276, 0.9999999999999995559 ) ;
#1344 = DIRECTION ( 'NONE',  ( 0.000000000000000000, -1.000000000000000000, 0.000000000000000000 ) ) ;
#1345 = EDGE_CURVE ( 'NONE', #1812, #1233, #42, .T. ) ;
#1346 = CARTESIAN_POINT ( 'NONE',  ( -1.346000926249719010, -0.5300000000000000266, 6.089999999999999858 ) ) ;
#1347 = EDGE_CURVE ( 'NONE', #2752, #887, #1595, .T. ) ;
#1348 = CIRCLE ( 'NONE', #649, 0.3000000000000002665 ) ;
#1349 = VERTEX_POINT ( 'NONE', #1792 ) ;
#1350 = LINE ( 'NONE', #899, #342 ) ;
#1351 = CARTESIAN_POINT ( 'NONE',  ( 1.999999999999996891, -0.4299999999999999933, 3.689999999999999503 ) ) ;
#1352 = FACE_BOUND ( 'NONE', #815, .T. ) ;
#1353 = EDGE_LOOP ( 'NONE', ( #1840, #2335, #270, #347, #2670, #948, #296 ) ) ;
#1354 = CARTESIAN_POINT ( 'NONE',  ( -2.000000000000002665, -0.5300000000000000266, 4.589999999999999858 ) ) ;
#1355 = VECTOR ( 'NONE', #650, 100.0000000000000000 ) ;
#1356 = CARTESIAN_POINT ( 'NONE',  ( -1.346246041268674087, -0.5148062863219861063, 3.594498595941971075 ) ) ;
#1357 = ADVANCED_FACE ( 'NONE', ( #1807 ), #1982, .T. ) ;
#1358 = EDGE_CURVE ( 'NONE', #217, #2031, #890, .T. ) ;
#1359 = CARTESIAN_POINT ( 'NONE',  ( 2.000000000000002220, -0.4299999999999999933, 5.190000000000001279 ) ) ;
#1360 = CARTESIAN_POINT ( 'NONE',  ( 2.222280046064661452, -0.4299999999999999933, 4.522322816748576280 ) ) ;
#1361 = CARTESIAN_POINT ( 'NONE',  ( -0.3043380991322038875, 0.02000459728696167908, 5.069428791623027841 ) ) ;
#1362 = EDGE_CURVE ( 'NONE', #2061, #319, #120, .T. ) ;
#1363 = ORIENTED_EDGE ( 'NONE', *, *, #2068, .T. ) ;
#1364 = AXIS2_PLACEMENT_3D ( 'NONE', #221, #1057, #2593 ) ;
#1365 = DIRECTION ( 'NONE',  ( -0.000000000000000000, 1.000000000000000000, -0.000000000000000000 ) ) ;
#1366 = DIRECTION ( 'NONE',  ( 0.000000000000000000, 0.000000000000000000, -1.000000000000000000 ) ) ;
#1367 = ORIENTED_EDGE ( 'NONE', *, *, #2533, .F. ) ;
#1368 = DATE_AND_TIME ( #551, #859 ) ;
#1369 = FACE_OUTER_BOUND ( 'NONE', #2104, .T. ) ;
#1370 = ORIENTED_EDGE ( 'NONE', *, *, #1358, .F. ) ;
#1371 = CARTESIAN_POINT ( 'NONE',  ( 1.646000926249718166, -0.7299999999999999822, 3.690000000000000835 ) ) ;
#1372 = DIRECTION ( 'NONE',  ( 0.000000000000000000, 0.000000000000000000, 1.000000000000000000 ) ) ;
#1373 = FACE_OUTER_BOUND ( 'NONE', #239, .T. ) ;
#1374 = CARTESIAN_POINT ( 'NONE',  ( 2.033466784912490333, -0.4299999999999999933, 6.613606797749979727 ) ) ;
#1375 = EDGE_CURVE ( 'NONE', #952, #2279, #1610, .T. ) ;
#1376 = VERTEX_POINT ( 'NONE', #920 ) ;
#1377 = FACE_BOUND ( 'NONE', #1998, .T. ) ;
#1378 = DIRECTION ( 'NONE',  ( 0.000000000000000000, 0.000000000000000000, -1.000000000000000000 ) ) ;
#1379 = ORIENTED_EDGE ( 'NONE', *, *, #844, .T. ) ;
#1380 = CALENDAR_DATE ( 2026, 17, 6 ) ;
#1381 = PLANE ( 'NONE',  #35 ) ;
#1382 = ORIENTED_EDGE ( 'NONE', *, *, #1810, .F. ) ;
#1383 = CARTESIAN_POINT ( 'NONE',  ( -2.723606797749980046, -0.4300000000000001044, 6.613606797749979727 ) ) ;
#1384 = DIRECTION ( 'NONE',  ( 0.000000000000000000, 0.000000000000000000, -1.000000000000000000 ) ) ;
#1385 = VECTOR ( 'NONE', #1400, 100.0000000000000000 ) ;
#1386 = FACE_OUTER_BOUND ( 'NONE', #2157, .T. ) ;
#1387 = VECTOR ( 'NONE', #1991, 100.0000000000000000 ) ;
#1388 = LINE ( 'NONE', #1182, #1184 ) ;
#1389 = CYLINDRICAL_SURFACE ( 'NONE', #29, 0.3000000000000002665 ) ;
#1390 = ADVANCED_FACE ( 'NONE', ( #1767 ), #2735, .T. ) ;
#1391 = ADVANCED_FACE ( 'NONE', ( #1018 ), #1222, .T. ) ;
#1392 = ORIENTED_EDGE ( 'NONE', *, *, #1617, .T. ) ;
#1393 = FACE_OUTER_BOUND ( 'NONE', #2096, .T. ) ;
#1394 = DIRECTION ( 'NONE',  ( 0.000000000000000000, -1.000000000000000000, 0.000000000000000000 ) ) ;
#1395 = VERTEX_POINT ( 'NONE', #2513 ) ;
#1396 = APPROVAL_ROLE ( '' ) ;
#1397 = DIRECTION ( 'NONE',  ( -0.8974924198079635707, 0.000000000000000000, -0.4410298815128587124 ) ) ;
#1398 = ORIENTED_EDGE ( 'NONE', *, *, #2476, .T. ) ;
#1399 = PLANE ( 'NONE',  #1747 ) ;
#1400 = DIRECTION ( 'NONE',  ( -0.000000000000000000, 1.000000000000000000, -0.000000000000000000 ) ) ;
#1401 = DIRECTION ( 'NONE',  ( -0.000000000000000000, 1.000000000000000000, -0.000000000000000000 ) ) ;
#1402 = VECTOR ( 'NONE', #440, 100.0000000000000000 ) ;
#1403 = CARTESIAN_POINT ( 'NONE',  ( 2.506279131353848388, -0.5231612693559509752, 5.238371704011898444 ) ) ;
#1404 = DIRECTION ( 'NONE',  ( 1.000000000000000000, -0.000000000000000000, 1.734723475976807094E-16 ) ) ;
#1405 = AXIS2_PLACEMENT_3D ( 'NONE', #1656, #2779, #1267 ) ;
#1406 = DIRECTION ( 'NONE',  ( 1.000000000000000000, -0.000000000000000000, -0.000000000000000000 ) ) ;
#1407 = EDGE_LOOP ( 'NONE', ( #2613, #1932, #896, #2113, #840, #518, #1871, #2429, #2608 ) ) ;
#1408 = DIRECTION ( 'NONE',  ( -0.000000000000000000, -1.000000000000000000, -0.000000000000000000 ) ) ;
#1409 = AXIS2_PLACEMENT_3D ( 'NONE', #888, #2215, #242 ) ;
#1410 = CARTESIAN_POINT ( 'NONE',  ( 1.999999999999996891, -0.4299999999999999933, 3.689999999999999503 ) ) ;
#1411 = EDGE_LOOP ( 'NONE', ( #1363, #1684, #2464, #338 ) ) ;
#1412 = FACE_OUTER_BOUND ( 'NONE', #1712, .T. ) ;
#1413 = CARTESIAN_POINT ( 'NONE',  ( 2.539874627633420534, -0.4902477665459619161, 6.429874627633545003 ) ) ;
#1414 = B_SPLINE_CURVE_WITH_KNOTS ( 'NONE', 3,
 ( #2302, #2116, #2317, #359, #346, #1242, #1660, #1903, #2271, #2710, #2087, #1023, #817, #2532 ),
 .UNSPECIFIED., .F., .F.,
 ( 4, 2, 2, 2, 2, 2, 4 ),
 ( 0.000000000000000000, 0.0004208588781956990781, 0.0008417177563913981562, 0.001262576634587097343, 0.001683435512782796312, 0.002525153269174194685, 0.003366871025565592625 ),
 .UNSPECIFIED. ) ;
#1415 = EDGE_CURVE ( 'NONE', #505, #1313, #2081, .T. ) ;
#1416 = CARTESIAN_POINT ( 'NONE',  ( -1.284918439804183521, -0.4772295282843650455, 6.089999999999999858 ) ) ;
#1417 = CARTESIAN_POINT ( 'NONE',  ( 2.723606797749978714, -0.4299999999999999933, 5.753062728821089600 ) ) ;
#1418 = AXIS2_PLACEMENT_3D ( 'NONE', #1098, #683, #894 ) ;
#1419 = CARTESIAN_POINT ( 'NONE',  ( 0.3473288245886928527, -0.1526157532413922324, 5.173596613289719315 ) ) ;
#1420 = CARTESIAN_POINT ( 'NONE',  ( 2.168404344971008868E-17, -0.2299999999999999822, 4.890000000000000568 ) ) ;
#1421 = AXIS2_PLACEMENT_3D ( 'NONE', #408, #1478, #1644 ) ;
#1422 = ORIENTED_EDGE ( 'NONE', *, *, #2323, .F. ) ;
#1423 = CYLINDRICAL_SURFACE ( 'NONE', #298, 0.3999999999999996891 ) ;
#1424 = CARTESIAN_POINT ( 'NONE',  ( 0.000000000000000000, -0.2299999999999999822, 5.190000000000001279 ) ) ;
#1425 = ORIENTED_EDGE ( 'NONE', *, *, #737, .T. ) ;
#1426 = VERTEX_POINT ( 'NONE', #1458 ) ;
#1427 = CARTESIAN_POINT ( 'NONE',  ( -2.723606797749980046, -0.4300000000000001044, 6.613606797749979727 ) ) ;
#1428 = CARTESIAN_POINT ( 'NONE',  ( 2.424122492868769907, -0.5311309538653056217, 6.388993569089072899 ) ) ;
#1429 = CARTESIAN_POINT ( 'NONE',  ( 1.743757207371208429, -0.2299999999999999822, 6.047692307692307701 ) ) ;
#1430 = ORIENTED_EDGE ( 'NONE', *, *, #1065, .T. ) ;
#1431 = CARTESIAN_POINT ( 'NONE',  ( -2.500000000000000444, -0.5300000000000003597, 5.180935404007269263 ) ) ;
#1432 = VECTOR ( 'NONE', #2294, 100.0000000000000000 ) ;
#1433 = LINE ( 'NONE', #783, #489 ) ;
#1434 = CYLINDRICAL_SURFACE ( 'NONE', #1273, 0.3000000000000002665 ) ;
#1435 = EDGE_CURVE ( 'NONE', #2752, #1220, #1249, .T. ) ;
#1436 = ADVANCED_FACE ( 'NONE', ( #2555 ), #824, .T. ) ;
#1437 = ORIENTED_EDGE ( 'NONE', *, *, #1022, .T. ) ;
#1438 = FACE_OUTER_BOUND ( 'NONE', #1010, .T. ) ;
#1439 = CARTESIAN_POINT ( 'NONE',  ( 3.500000000000000444, 0.06999999999999999278, 7.300000000000000711 ) ) ;
#1440 = VERTEX_POINT ( 'NONE', #2296 ) ;
#1441 = EDGE_LOOP ( 'NONE', ( #442, #612, #2565, #2342 ) ) ;
#1442 = CARTESIAN_POINT ( 'NONE',  ( -4.704570066849101629E-16, -0.5300000000000000266, 3.390000000000000568 ) ) ;
#1443 = FACE_OUTER_BOUND ( 'NONE', #1490, .T. ) ;
#1444 = CARTESIAN_POINT ( 'NONE',  ( 2.500000000000000000, -0.2299999999999999822, 0.000000000000000000 ) ) ;
#1445 = ORIENTED_EDGE ( 'NONE', *, *, #1435, .T. ) ;
#1446 = ADVANCED_FACE ( 'NONE', ( #1870 ), #987, .F. ) ;
#1447 = CARTESIAN_POINT ( 'NONE',  ( 1.630112555622212245, -0.4918173658517469571, 6.431208791208790743 ) ) ;
#1448 = ORIENTED_EDGE ( 'NONE', *, *, #1504, .F. ) ;
#1449 = CARTESIAN_POINT ( 'NONE',  ( 1.646000926249718166, 0.08661876661662211430, 3.690000000000000835 ) ) ;
#1450 = CARTESIAN_POINT ( 'NONE',  ( 2.000000000000002220, -0.4299999999999999933, 6.089999999999999858 ) ) ;
#1451 = CIRCLE ( 'NONE', #517, 1.000000000000000222 ) ;
#1452 = CARTESIAN_POINT ( 'NONE',  ( 1.744191623938817770, -0.5300000000000000266, 4.589999999999999858 ) ) ;
#1453 = ORIENTED_EDGE ( 'NONE', *, *, #275, .F. ) ;
#1454 = VERTEX_POINT ( 'NONE', #2108 ) ;
#1455 = DIRECTION ( 'NONE',  ( 0.000000000000000000, 0.000000000000000000, -1.000000000000000000 ) ) ;
#1456 = CARTESIAN_POINT ( 'NONE',  ( 2.610821312529784333, -0.4390799789991483570, 6.529017683834724473 ) ) ;
#1457 = VECTOR ( 'NONE', #561, 100.0000000000000000 ) ;
#1458 = CARTESIAN_POINT ( 'NONE',  ( 4.311536243478875317E-17, 0.06999999999999999278, 4.715000000000000746 ) ) ;
#1459 = ORIENTED_EDGE ( 'NONE', *, *, #570, .T. ) ;
#1460 = AXIS2_PLACEMENT_3D ( 'NONE', #1004, #1852, #2310 ) ;
#1461 = CARTESIAN_POINT ( 'NONE',  ( -2.686959977038593017, -0.4299999999999999933, 5.707918111566303132 ) ) ;
#1462 = VERTEX_POINT ( 'NONE', #192 ) ;
#1463 = CARTESIAN_POINT ( 'NONE',  ( 0.3024072493057007316, -0.02942678972631245643, 5.096164991845769876 ) ) ;
#1464 = CARTESIAN_POINT ( 'NONE',  ( 3.500000000000000444, -0.4299999999999999933, 6.700000000000000178 ) ) ;
#1465 = DIRECTION ( 'NONE',  ( 0.000000000000000000, 0.000000000000000000, 1.000000000000000000 ) ) ;
#1466 = ORIENTED_EDGE ( 'NONE', *, *, #1869, .T. ) ;
#1467 = ORIENTED_EDGE ( 'NONE', *, *, #675, .T. ) ;
#1468 = UNCERTAINTY_MEASURE_WITH_UNIT (LENGTH_MEASURE( 1.000000000000000082E-05 ), #2281, 'distance_accuracy_value', 'NONE');
#1469 = EDGE_CURVE ( 'NONE', #703, #686, #1882, .T. ) ;
#1470 = DIRECTION ( 'NONE',  ( 0.000000000000000000, -1.000000000000000000, 0.000000000000000000 ) ) ;
#1471 = DIRECTION ( 'NONE',  ( -0.000000000000000000, 1.000000000000000000, -0.000000000000000000 ) ) ;
#1472 = EDGE_CURVE ( 'NONE', #6, #399, #781, .T. ) ;
#1473 = LINE ( 'NONE', #419, #1995 ) ;
#1474 = ORIENTED_EDGE ( 'NONE', *, *, #161, .F. ) ;
#1475 = LINE ( 'NONE', #2355, #2145 ) ;
#1476 = AXIS2_PLACEMENT_3D ( 'NONE', #2734, #2539, #810 ) ;
#1477 = ORIENTED_EDGE ( 'NONE', *, *, #1316, .T. ) ;
#1478 = DIRECTION ( 'NONE',  ( 0.000000000000000000, -0.000000000000000000, 1.000000000000000000 ) ) ;
#1479 = DIRECTION ( 'NONE',  ( 0.000000000000000000, 0.000000000000000000, 1.000000000000000000 ) ) ;
#1480 = CARTESIAN_POINT ( 'NONE',  ( 1.999999999999996891, -0.4299999999999999933, 3.689999999999999503 ) ) ;
#1481 = EDGE_CURVE ( 'NONE', #230, #40, #526, .T. ) ;
#1482 = EDGE_CURVE ( 'NONE', #994, #2149, #2184, .T. ) ;
#1483 = VECTOR ( 'NONE', #1512, 100.0000000000000000 ) ;
#1484 = ORIENTED_EDGE ( 'NONE', *, *, #2772, .T. ) ;
#1485 = ORIENTED_EDGE ( 'NONE', *, *, #2039, .T. ) ;
#1486 = DIRECTION ( 'NONE',  ( 0.000000000000000000, -1.000000000000000000, 0.000000000000000000 ) ) ;
#1487 = DIRECTION ( 'NONE',  ( 0.000000000000000000, 0.000000000000000000, 1.000000000000000000 ) ) ;
#1488 = VECTOR ( 'NONE', #1471, 100.0000000000000000 ) ;
#1489 = CARTESIAN_POINT ( 'NONE',  ( -2.464485839531760369, -0.5299999999999999156, 6.382535282747030081 ) ) ;
#1490 = EDGE_LOOP ( 'NONE', ( #2471, #2666, #258, #180, #819, #2750, #1535 ) ) ;
#1491 = CIRCLE ( 'NONE', #281, 0.3000000000000002665 ) ;
#1492 = CARTESIAN_POINT ( 'NONE',  ( 0.4585622385430205283, -0.2132135155217712297, 5.190000000000001279 ) ) ;
#1493 = ORIENTED_EDGE ( 'NONE', *, *, #2055, .F. ) ;
#1494 = CARTESIAN_POINT ( 'NONE',  ( 3.367691035546142686, -0.4299999999999999933, 7.269247725942387994 ) ) ;
#1495 = VECTOR ( 'NONE', #394, 100.0000000000000000 ) ;
#1496 = CARTESIAN_POINT ( 'NONE',  ( 0.000000000000000000, -0.2299999999999999822, 5.190000000000001279 ) ) ;
#1497 = ORIENTED_EDGE ( 'NONE', *, *, #1518, .F. ) ;
#1498 = ORIENTED_EDGE ( 'NONE', *, *, #1581, .T. ) ;
#1499 = CARTESIAN_POINT ( 'NONE',  ( 2.500000000000000000, -0.5300000000000000266, 6.315464400750007812 ) ) ;
#1500 = CARTESIAN_POINT ( 'NONE',  ( -1.646000926249718388, -0.5300000000000000266, 3.690000000000000835 ) ) ;
#1501 = PLANE ( 'NONE',  #1732 ) ;
#1502 = ORIENTED_EDGE ( 'NONE', *, *, #2370, .T. ) ;
#1503 = CARTESIAN_POINT ( 'NONE',  ( 0.000000000000000000, -0.2299999999999999822, 3.690000000000000835 ) ) ;
#1504 = EDGE_CURVE ( 'NONE', #646, #1005, #2729, .T. ) ;
#1505 = CIRCLE ( 'NONE', #614, 0.2999999999999999334 ) ;
#1506 = ORIENTED_EDGE ( 'NONE', *, *, #1769, .F. ) ;
#1507 = LINE ( 'NONE', #1756, #2558 ) ;
#1508 = AXIS2_PLACEMENT_3D ( 'NONE', #954, #706, #2217 ) ;
#1509 = EDGE_CURVE ( 'NONE', #1629, #1074, #441, .T. ) ;
#1510 = ORIENTED_EDGE ( 'NONE', *, *, #1091, .T. ) ;
#1511 = LINE ( 'NONE', #506, #1541 ) ;
#1512 = DIRECTION ( 'NONE',  ( -0.000000000000000000, -1.000000000000000000, -0.000000000000000000 ) ) ;
#1513 = LINE ( 'NONE', #891, #751 ) ;
#1514 = ORIENTED_EDGE ( 'NONE', *, *, #2055, .T. ) ;
#1515 = CARTESIAN_POINT ( 'NONE',  ( 2.636921960083561167, -0.4299999999999999378, 6.498027014194756923 ) ) ;
#1516 = ORIENTED_EDGE ( 'NONE', *, *, #1091, .F. ) ;
#1517 = PLANE ( 'NONE',  #129 ) ;
#1518 = EDGE_CURVE ( 'NONE', #2781, #473, #2066, .T. ) ;
#1519 = EDGE_CURVE ( 'NONE', #2077, #2587, #78, .T. ) ;
#1520 = LOCAL_TIME ( 13, 57, 20.00000000000000000, #113 ) ;
#1521 = EDGE_LOOP ( 'NONE', ( #452, #1966, #1082, #1636, #983, #2641, #771, #1923, #1877, #727 ) ) ;
#1522 = DIRECTION ( 'NONE',  ( -1.000000000000000000, 0.000000000000000000, 0.000000000000000000 ) ) ;
#1523 = CARTESIAN_POINT ( 'NONE',  ( 1.459237942961265633, -0.2299999999999999822, 1.400845385503678209 ) ) ;
#1524 = DIRECTION ( 'NONE',  ( 0.000000000000000000, 0.000000000000000000, -1.000000000000000000 ) ) ;
#1525 = ORIENTED_EDGE ( 'NONE', *, *, #1087, .F. ) ;
#1526 = CARTESIAN_POINT ( 'NONE',  ( 0.000000000000000000, -0.5300000000000000266, 0.000000000000000000 ) ) ;
#1527 = CARTESIAN_POINT ( 'NONE',  ( 1.327616019654547674, -0.4999200025584617513, 6.160096832754981655 ) ) ;
#1528 = EDGE_LOOP ( 'NONE', ( #1382, #372 ) ) ;
#1529 = CARTESIAN_POINT ( 'NONE',  ( 2.000000000000002220, -0.4299999999999999933, 5.190000000000001279 ) ) ;
#1530 = VECTOR ( 'NONE', #199, 100.0000000000000000 ) ;
#1531 = ORIENTED_EDGE ( 'NONE', *, *, #2665, .T. ) ;
#1532 = LINE ( 'NONE', #2403, #1910 ) ;
#1533 = CARTESIAN_POINT ( 'NONE',  ( 3.500000000000000444, 0.06999999999999999278, 7.000000000000000888 ) ) ;
#1534 = DIRECTION ( 'NONE',  ( -1.000000000000000000, 0.000000000000000000, -1.734723475976807094E-16 ) ) ;
#1535 = ORIENTED_EDGE ( 'NONE', *, *, #1801, .T. ) ;
#1536 = DIRECTION ( 'NONE',  ( 0.000000000000000000, -0.000000000000000000, -1.000000000000000000 ) ) ;
#1537 = LINE ( 'NONE', #1075, #2131 ) ;
#1538 = EDGE_CURVE ( 'NONE', #707, #94, #140, .T. ) ;
#1539 = ORIENTED_EDGE ( 'NONE', *, *, #81, .F. ) ;
#1540 = CARTESIAN_POINT ( 'NONE',  ( -1.536814114258679087, -0.5300000000000000266, 6.390000000000001457 ) ) ;
#1541 = VECTOR ( 'NONE', #254, 100.0000000000000000 ) ;
#1542 = ADVANCED_FACE ( 'NONE', ( #466 ), #1501, .T. ) ;
#1543 = ORIENTED_EDGE ( 'NONE', *, *, #1746, .T. ) ;
#1544 = FACE_OUTER_BOUND ( 'NONE', #1322, .T. ) ;
#1545 = ORIENTED_EDGE ( 'NONE', *, *, #1937, .F. ) ;
#1546 = CARTESIAN_POINT ( 'NONE',  ( 1.346000926249718788, -0.5300000000000000266, 6.089999999999999858 ) ) ;
#1547 =( BOUNDED_CURVE ( )  B_SPLINE_CURVE ( 3, ( #1123, #1515, #260, #1978 ),
 .UNSPECIFIED., .F., .F. ) 
 B_SPLINE_CURVE_WITH_KNOTS ( ( 4, 4 ),
 ( 1.570796326794896558, 2.411864997362826557 ),
 .UNSPECIFIED. ) 
 CURVE ( )  GEOMETRIC_REPRESENTATION_ITEM ( )  RATIONAL_B_SPLINE_CURVE ( ( 1.000000000000000000, 0.9419139527835179715, 0.9419139527835179715, 1.000000000000000000 ) ) 
 REPRESENTATION_ITEM ( '' )  );
#1548 = DIRECTION ( 'NONE',  ( -1.000000000000000000, 0.000000000000000000, -0.000000000000000000 ) ) ;
#1549 = ORIENTED_EDGE ( 'NONE', *, *, #1472, .F. ) ;
#1550 = FACE_OUTER_BOUND ( 'NONE', #1040, .T. ) ;
#1551 = CARTESIAN_POINT ( 'NONE',  ( 2.168404344971008868E-17, 0.06999999999999999278, 4.540000000000000036 ) ) ;
#1552 = EDGE_CURVE ( 'NONE', #291, #1454, #1513, .T. ) ;
#1553 = EDGE_CURVE ( 'NONE', #196, #806, #1949, .T. ) ;
#1554 = CARTESIAN_POINT ( 'NONE',  ( -1.999999999999998002, -0.4299999999999999933, 5.190000000000000391 ) ) ;
#1555 = DIRECTION ( 'NONE',  ( 0.000000000000000000, 0.000000000000000000, 1.000000000000000000 ) ) ;
#1556 = ORIENTED_EDGE ( 'NONE', *, *, #580, .T. ) ;
#1557 = ADVANCED_FACE ( 'NONE', ( #1073 ), #643, .F. ) ;
#1558 = ADVANCED_FACE ( 'NONE', ( #1282 ), #480, .F. ) ;
#1559 = CARTESIAN_POINT ( 'NONE',  ( 2.168404344971008868E-17, -0.2299999999999999822, 4.890000000000000568 ) ) ;
#1560 = DIRECTION ( 'NONE',  ( -0.000000000000000000, 1.000000000000000000, -0.000000000000000000 ) ) ;
#1561 = DIRECTION ( 'NONE',  ( -1.000000000000000000, 0.000000000000000000, -1.387778780781445676E-16 ) ) ;
#1562 = ORIENTED_EDGE ( 'NONE', *, *, #2677, .T. ) ;
#1563 = CARTESIAN_POINT ( 'NONE',  ( 2.000000000000002220, -0.4299999999999999933, 6.089999999999999858 ) ) ;
#1564 = CARTESIAN_POINT ( 'NONE',  ( 1.744191623938817770, -0.4299999999999999933, 5.190000000000001279 ) ) ;
#1565 = VECTOR ( 'NONE', #1935, 100.0000000000000000 ) ;
#1566 = CARTESIAN_POINT ( 'NONE',  ( 1.355352663356258480, -0.5206194316469175964, 3.585470276655918109 ) ) ;
#1567 = LINE ( 'NONE', #2006, #790 ) ;
#1568 = B_SPLINE_CURVE_WITH_KNOTS ( 'NONE', 3,
 ( #257, #1911, #2602, #1264 ),
 .UNSPECIFIED., .F., .F.,
 ( 4, 4 ),
 ( 0.000000000000000000, 0.001089067361748286694 ),
 .UNSPECIFIED. ) ;
#1569 = LINE ( 'NONE', #1583, #1319 ) ;
#1570 = EDGE_CURVE ( 'NONE', #887, #2752, #2412, .T. ) ;
#1571 = VERTEX_POINT ( 'NONE', #1317 ) ;
#1572 = FACE_OUTER_BOUND ( 'NONE', #333, .T. ) ;
#1573 = DIRECTION ( 'NONE',  ( 0.4410298815128587124, 0.000000000000000000, -0.8974924198079635707 ) ) ;
#1574 = DIRECTION ( 'NONE',  ( 0.000000000000000000, 0.000000000000000000, 1.000000000000000000 ) ) ;
#1575 = EDGE_LOOP ( 'NONE', ( #1110, #1946, #2293 ) ) ;
#1576 = CARTESIAN_POINT ( 'NONE',  ( -2.476136805528435403, -0.5569465926481077522, 6.366136805528435971 ) ) ;
#1577 = AXIS2_PLACEMENT_3D ( 'NONE', #621, #2088, #1011 ) ;
#1578 = DIRECTION ( 'NONE',  ( 0.000000000000000000, 0.000000000000000000, 1.000000000000000000 ) ) ;
#1579 = AXIS2_PLACEMENT_3D ( 'NONE', #1794, #2664, #1139 ) ;
#1580 = LINE ( 'NONE', #2020, #1108 ) ;
#1581 = EDGE_CURVE ( 'NONE', #1440, #1629, #2551, .T. ) ;
#1582 = CARTESIAN_POINT ( 'NONE',  ( 2.499999999999999112, -0.5299999999999981393, 5.151883813767408782 ) ) ;
#1583 = CARTESIAN_POINT ( 'NONE',  ( -1.744191623938817770, -0.5300000000000000266, 5.190000000000001279 ) ) ;
#1584 = AXIS2_PLACEMENT_3D ( 'NONE', #2775, #1486, #1455 ) ;
#1585 = ORIENTED_EDGE ( 'NONE', *, *, #1302, .T. ) ;
#1586 = VECTOR ( 'NONE', #1591, 100.0000000000000000 ) ;
#1587 = LINE ( 'NONE', #2712, #2631 ) ;
#1588 = DIRECTION ( 'NONE',  ( -0.000000000000000000, 1.000000000000000000, -0.000000000000000000 ) ) ;
#1589 = ORIENTED_EDGE ( 'NONE', *, *, #1896, .T. ) ;
#1590 = CALENDAR_DATE ( 2026, 17, 6 ) ;
#1591 = DIRECTION ( 'NONE',  ( -1.000000000000000000, 0.000000000000000000, 0.000000000000000000 ) ) ;
#1592 = ORIENTED_EDGE ( 'NONE', *, *, #1469, .F. ) ;
#1593 = CARTESIAN_POINT ( 'NONE',  ( -2.424122492868770795, -0.5311309538653053997, 6.388993569089072899 ) ) ;
#1594 = CARTESIAN_POINT ( 'NONE',  ( 1.744191623938817770, -0.2299999999999999822, 4.590000000000000746 ) ) ;
#1595 = CIRCLE ( 'NONE', #2683, 0.1750000000000001554 ) ;
#1596 = CARTESIAN_POINT ( 'NONE',  ( -4.704570066849101629E-16, -0.5300000000000000266, 3.390000000000000568 ) ) ;
#1597 = EDGE_CURVE ( 'NONE', #521, #806, #1473, .T. ) ;
#1598 = CARTESIAN_POINT ( 'NONE',  ( 2.425464400750006799, -0.5300000000000000266, 6.390000000000001457 ) ) ;
#1599 = DIRECTION ( 'NONE',  ( -0.000000000000000000, -1.000000000000000000, -0.000000000000000000 ) ) ;
#1600 = ORIENTED_EDGE ( 'NONE', *, *, #673, .T. ) ;
#1601 = DIRECTION ( 'NONE',  ( 0.000000000000000000, 0.000000000000000000, -1.000000000000000000 ) ) ;
#1602 = EDGE_CURVE ( 'NONE', #1847, #477, #1568, .T. ) ;
#1603 = CARTESIAN_POINT ( 'NONE',  ( 1.744191623938817770, -0.5300000000000000266, 4.590000000000000746 ) ) ;
#1604 = CIRCLE ( 'NONE', #2604, 0.1750000000000001554 ) ;
#1605 = EDGE_LOOP ( 'NONE', ( #1370, #2272, #226, #1760, #1498, #1865, #595, #1099, #714, #855, #2672, #530, #1497, #1467, #97, #1878, #143, #2721, #1430, #546, #2718, #2348, #908, #2278, #2350, #804 ) ) ;
#1606 = LINE ( 'NONE', #552, #1685 ) ;
#1607 = ORIENTED_EDGE ( 'NONE', *, *, #1859, .T. ) ;
#1608 = CARTESIAN_POINT ( 'NONE',  ( -2.610821312529776339, -0.4390799789991122193, 6.529017683834806185 ) ) ;
#1609 = DIRECTION ( 'NONE',  ( 0.000000000000000000, -1.000000000000000000, 0.000000000000000000 ) ) ;
#1610 = LINE ( 'NONE', #274, #976 ) ;
#1611 = CARTESIAN_POINT ( 'NONE',  ( 2.566901600779801562, -0.4739348355447006722, 5.483519323531676370 ) ) ;
#1612 = CARTESIAN_POINT ( 'NONE',  ( -0.3781207820484963067, -0.1783317880802154642, 5.187512592502082853 ) ) ;
#1613 = AXIS2_PLACEMENT_3D ( 'NONE', #882, #1112, #52 ) ;
#1614 = ORIENTED_EDGE ( 'NONE', *, *, #1234, .F. ) ;
#1615 = VECTOR ( 'NONE', #774, 100.0000000000000000 ) ;
#1616 = DIRECTION ( 'NONE',  ( 1.000000000000000000, 0.000000000000000000, 0.000000000000000000 ) ) ;
#1617 = EDGE_CURVE ( 'NONE', #1669, #2444, #2777, .T. ) ;
#1618 = DIRECTION ( 'NONE',  ( 1.000000000000000000, 0.000000000000000000, 0.000000000000000000 ) ) ;
#1619 = DIRECTION ( 'NONE',  ( 0.000000000000000000, 0.000000000000000000, -1.000000000000000000 ) ) ;
#1620 = APPROVAL_STATUS ( 'not_yet_approved' ) ;
#1621 = VERTEX_POINT ( 'NONE', #1109 ) ;
#1622 = CARTESIAN_POINT ( 'NONE',  ( 2.500000000000000000, -0.2299999999999999822, 3.390000000000001457 ) ) ;
#1623 = DIRECTION ( 'NONE',  ( 1.000000000000000000, 0.000000000000000000, -0.000000000000000000 ) ) ;
#1624 = CARTESIAN_POINT ( 'NONE',  ( -1.267722141420568160, -0.4669949272232629123, 6.089999999999999858 ) ) ;
#1625 = VECTOR ( 'NONE', #2501, 100.0000000000000000 ) ;
#1626 = DIRECTION ( 'NONE',  ( 0.000000000000000000, 0.000000000000000000, -1.000000000000000000 ) ) ;
#1627 = CARTESIAN_POINT ( 'NONE',  ( 0.3781208605104195430, -0.1783318344785609355, 5.187512609042307155 ) ) ;
#1628 = CARTESIAN_POINT ( 'NONE',  ( 3.500000000000000444, -0.4299999999999999933, 7.000000000000000888 ) ) ;
#1629 = VERTEX_POINT ( 'NONE', #1962 ) ;
#1630 = PLANE ( 'NONE',  #785 ) ;
#1631 = B_SPLINE_CURVE_WITH_KNOTS ( 'NONE', 3,
 ( #2496, #2017, #750, #525, #1136, #2234, #2643, #1356, #721, #89, #327, #1178 ),
 .UNSPECIFIED., .F., .F.,
 ( 4, 2, 2, 2, 2, 4 ),
 ( 0.000000000000000000, 0.0008267189508149767148, 0.001653437901629953430, 0.002480156852444930036, 0.002893516327852418881, 0.003306875803259908160 ),
 .UNSPECIFIED. ) ;
#1632 = VECTOR ( 'NONE', #1261, 100.0000000000000000 ) ;
#1633 = LINE ( 'NONE', #1424, #2438 ) ;
#1634 = VECTOR ( 'NONE', #433, 100.0000000000000000 ) ;
#1635 = ORIENTED_EDGE ( 'NONE', *, *, #678, .T. ) ;
#1636 = ORIENTED_EDGE ( 'NONE', *, *, #1553, .T. ) ;
#1637 =( NAMED_UNIT ( * ) SI_UNIT ( $, .STERADIAN. ) SOLID_ANGLE_UNIT ( ) );
#1638 = CARTESIAN_POINT ( 'NONE',  ( 2.442817648452834334, -0.5152944800486221055, 6.403014935777210148 ) ) ;
#1639 = DIRECTION ( 'NONE',  ( 0.000000000000000000, 0.000000000000000000, 1.000000000000000000 ) ) ;
#1640 = EDGE_LOOP ( 'NONE', ( #216, #1286, #186, #939 ) ) ;
#1641 = EDGE_CURVE ( 'NONE', #1080, #703, #1925, .T. ) ;
#1642 = CARTESIAN_POINT ( 'NONE',  ( 0.5169348022298630996, -0.2264864245463485137, 5.190000000000001279 ) ) ;
#1643 = EDGE_CURVE ( 'NONE', #94, #101, #25, .T. ) ;
#1644 = DIRECTION ( 'NONE',  ( 1.000000000000000000, 0.000000000000000000, -0.000000000000000000 ) ) ;
#1645 = LINE ( 'NONE', #2072, #1721 ) ;
#1646 = ORIENTED_EDGE ( 'NONE', *, *, #245, .F. ) ;
#1647 = LINE ( 'NONE', #2563, #380 ) ;
#1648 = ORIENTED_EDGE ( 'NONE', *, *, #1375, .F. ) ;
#1649 = EDGE_CURVE ( 'NONE', #1313, #1883, #664, .T. ) ;
#1650 = ORIENTED_EDGE ( 'NONE', *, *, #675, .F. ) ;
#1651 = ORIENTED_EDGE ( 'NONE', *, *, #70, .F. ) ;
#1652 = LINE ( 'NONE', #596, #1324 ) ;
#1653 = LINE ( 'NONE', #370, #635 ) ;
#1654 = DIRECTION ( 'NONE',  ( -0.000000000000000000, 1.000000000000000000, -0.000000000000000000 ) ) ;
#1655 = EDGE_LOOP ( 'NONE', ( #1474, #2743, #428, #222, #967 ) ) ;
#1656 = CARTESIAN_POINT ( 'NONE',  ( 1.744191623938817770, -0.5300000000000000266, 4.890000000000000568 ) ) ;
#1657 = ORIENTED_EDGE ( 'NONE', *, *, #2578, .T. ) ;
#1658 = VECTOR ( 'NONE', #1804, 100.0000000000000000 ) ;
#1659 = PLANE ( 'NONE',  #2050 ) ;
#1660 = CARTESIAN_POINT ( 'NONE',  ( -0.3257287854560150797, -0.1221897461383023575, 4.626064697302333606 ) ) ;
#1661 = ADVANCED_FACE ( 'NONE', ( #1307 ), #246, .F. ) ;
#1662 = PRODUCT_RELATED_PRODUCT_CATEGORY ( 'detail', '', ( #398 ) ) ;
#1663 = FACE_OUTER_BOUND ( 'NONE', #2008, .T. ) ;
#1664 = VERTEX_POINT ( 'NONE', #1818 ) ;
#1665 = ORIENTED_EDGE ( 'NONE', *, *, #206, .T. ) ;
#1666 = DIRECTION ( 'NONE',  ( 0.000000000000000000, -1.000000000000000000, 0.000000000000000000 ) ) ;
#1667 = LINE ( 'NONE', #2325, #184 ) ;
#1668 = CARTESIAN_POINT ( 'NONE',  ( -0.5169348022298632106, -0.2264864245463485137, 4.589999999999999858 ) ) ;
#1669 = VERTEX_POINT ( 'NONE', #2001 ) ;
#1670 = CARTESIAN_POINT ( 'NONE',  ( -2.599203628819885648, -0.4554550387678832912, 5.560735919717716413 ) ) ;
#1671 = VERTEX_POINT ( 'NONE', #1763 ) ;
#1672 = CARTESIAN_POINT ( 'NONE',  ( 0.4031128874149274011, -0.1912315359462901099, 5.190000000000001279 ) ) ;
#1673 = EDGE_CURVE ( 'NONE', #1005, #1080, #2246, .T. ) ;
#1674 = DIRECTION ( 'NONE',  ( -0.000000000000000000, 1.000000000000000000, -0.000000000000000000 ) ) ;
#1675 = AXIS2_PLACEMENT_3D ( 'NONE', #2053, #136, #2456 ) ;
#1676 = CARTESIAN_POINT ( 'NONE',  ( -1.683832950823221264, -0.4796270724088361193, 6.447127365420930900 ) ) ;
#1677 = EDGE_CURVE ( 'NONE', #1233, #505, #1143, .T. ) ;
#1678 = CARTESIAN_POINT ( 'NONE',  ( 0.3135322457671657070, -0.2299999999999999822, 4.734444444444444677 ) ) ;
#1679 = ORIENTED_EDGE ( 'NONE', *, *, #2275, .F. ) ;
#1680 = CARTESIAN_POINT ( 'NONE',  ( 2.499999999999999556, -0.5299999999999999156, 6.325497074425029176 ) ) ;
#1681 = CARTESIAN_POINT ( 'NONE',  ( 0.000000000000000000, -0.4299999999999999933, 0.000000000000000000 ) ) ;
#1682 = VECTOR ( 'NONE', #654, 100.0000000000000000 ) ;
#1683 = DIRECTION ( 'NONE',  ( 0.000000000000000000, 0.000000000000000000, 1.000000000000000000 ) ) ;
#1684 = ORIENTED_EDGE ( 'NONE', *, *, #2126, .F. ) ;
#1685 = VECTOR ( 'NONE', #1397, 100.0000000000000000 ) ;
#1686 = FACE_OUTER_BOUND ( 'NONE', #2518, .T. ) ;
#1687 = ORIENTED_EDGE ( 'NONE', *, *, #662, .T. ) ;
#1688 = CARTESIAN_POINT ( 'NONE',  ( 2.778606988739863670, -0.2299999999999999822, 5.815339793464979756 ) ) ;
#1689 = EDGE_CURVE ( 'NONE', #564, #1426, #2726, .T. ) ;
#1690 = ADVANCED_FACE ( 'NONE', ( #1175 ), #1381, .F. ) ;
#1691 = CARTESIAN_POINT ( 'NONE',  ( 2.500000000000000000, -0.5300000000000000266, 3.390000000000001457 ) ) ;
#1692 = CIRCLE ( 'NONE', #1243, 0.6499999999999999112 ) ;
#1693 = AXIS2_PLACEMENT_3D ( 'NONE', #1077, #15, #870 ) ;
#1694 = DIRECTION ( 'NONE',  ( -0.000000000000000000, 1.000000000000000000, -0.000000000000000000 ) ) ;
#1695 = ORIENTED_EDGE ( 'NONE', *, *, #397, .F. ) ;
#1696 = ORIENTED_EDGE ( 'NONE', *, *, #451, .T. ) ;
#1697 = CARTESIAN_POINT ( 'NONE',  ( 1.630112555622212245, -0.4918173658517469571, 6.431208791208790743 ) ) ;
#1698 = CARTESIAN_POINT ( 'NONE',  ( 2.559927424238471083, -0.4762936684304468482, 6.449927424238673268 ) ) ;
#1699 = CARTESIAN_POINT ( 'NONE',  ( 0.000000000000000000, -0.5300000000000000266, 0.000000000000000000 ) ) ;
#1700 = ORIENTED_EDGE ( 'NONE', *, *, #2168, .F. ) ;
#1701 = APPROVAL ( #998, 'UNSPECIFIED' ) ;
#1702 = DIRECTION ( 'NONE',  ( 0.000000000000000000, -1.000000000000000000, 0.000000000000000000 ) ) ;
#1703 = ORIENTED_EDGE ( 'NONE', *, *, #2275, .T. ) ;
#1704 = DIRECTION ( 'NONE',  ( 0.000000000000000000, -1.000000000000000000, 0.000000000000000000 ) ) ;
#1705 = CC_DESIGN_APPROVAL ( #2377, ( #470 ) ) ;
#1706 = DIRECTION ( 'NONE',  ( -0.000000000000000000, 1.000000000000000000, -0.000000000000000000 ) ) ;
#1707 = AXIS2_PLACEMENT_3D ( 'NONE', #1784, #85, #335 ) ;
#1708 = ORIENTED_EDGE ( 'NONE', *, *, #1570, .T. ) ;
#1709 = ORIENTED_EDGE ( 'NONE', *, *, #907, .F. ) ;
#1710 = ADVANCED_FACE ( 'NONE', ( #2204 ), #694, .F. ) ;
#1711 = CARTESIAN_POINT ( 'NONE',  ( 2.473411671429699865, -0.5299999999999999156, 6.377395392591187040 ) ) ;
#1712 = EDGE_LOOP ( 'NONE', ( #2599, #2657, #2230 ) ) ;
#1713 = CYLINDRICAL_SURFACE ( 'NONE', #271, 0.1750000000000001554 ) ;
#1714 = CARTESIAN_POINT ( 'NONE',  ( -2.636921960083562055, -0.4299999999999999378, 6.498027014194756923 ) ) ;
#1715 = EDGE_LOOP ( 'NONE', ( #2696, #2629 ) ) ;
#1716 = CARTESIAN_POINT ( 'NONE',  ( 2.500000000000000000, -0.5300000000000000266, 5.122813892646072453 ) ) ;
#1717 = B_SPLINE_CURVE_WITH_KNOTS ( 'NONE', 3,
 ( #2646, #710, #1566, #2005, #90, #2454, #79, #944, #541, #2467, #2425, #1165, #1824, #1779 ),
 .UNSPECIFIED., .F., .F.,
 ( 4, 2, 2, 2, 2, 2, 4 ),
 ( 0.000000000000000000, 0.0008293001454187876259, 0.001658600290837575252, 0.002073250363546971179, 0.002487900436256367323, 0.002902550508965763033, 0.003317200581675159177 ),
 .UNSPECIFIED. ) ;
#1718 = ORIENTED_EDGE ( 'NONE', *, *, #361, .F. ) ;
#1719 = LINE ( 'NONE', #2588, #712 ) ;
#1720 = EDGE_CURVE ( 'NONE', #1941, #2120, #2420, .T. ) ;
#1721 = VECTOR ( 'NONE', #2517, 100.0000000000000000 ) ;
#1722 = VERTEX_POINT ( 'NONE', #2640 ) ;
#1723 = ORIENTED_EDGE ( 'NONE', *, *, #1649, .T. ) ;
#1724 = DIRECTION ( 'NONE',  ( 3.854941057726237604E-16, 0.000000000000000000, 1.000000000000000000 ) ) ;
#1725 = LINE ( 'NONE', #667, #1483 ) ;
#1726 = CARTESIAN_POINT ( 'NONE',  ( -2.445471293751176667, -0.5300000000000001377, 6.388762554885577316 ) ) ;
#1727 = ORIENTED_EDGE ( 'NONE', *, *, #989, .F. ) ;
#1728 = CARTESIAN_POINT ( 'NONE',  ( 1.346000926249718121, -0.5300000000000000266, 3.690000000000000835 ) ) ;
#1729 = ORIENTED_EDGE ( 'NONE', *, *, #2316, .F. ) ;
#1730 = CARTESIAN_POINT ( 'NONE',  ( 1.317584391886598372, -0.5014398681326640572, 6.089999999999999858 ) ) ;
#1731 = EDGE_CURVE ( 'NONE', #193, #477, #2030, .T. ) ;
#1732 = AXIS2_PLACEMENT_3D ( 'NONE', #1699, #10, #2154 ) ;
#1733 = EDGE_CURVE ( 'NONE', #1816, #594, #300, .T. ) ;
#1734 =( BOUNDED_CURVE ( )  B_SPLINE_CURVE ( 3, ( #2634, #123, #1781, #1374 ),
 .UNSPECIFIED., .F., .F. ) 
 B_SPLINE_CURVE_WITH_KNOTS ( ( 4, 4 ),
 ( 1.155278160656980635, 1.570796326794897002 ),
 .UNSPECIFIED. ) 
 CURVE ( )  GEOMETRIC_REPRESENTATION_ITEM ( )  RATIONAL_B_SPLINE_CURVE ( ( 1.000000000000000000, 0.9856637333066913254, 0.9856637333066913254, 1.000000000000000000 ) ) 
 REPRESENTATION_ITEM ( '' )  );
#1735 = ORIENTED_EDGE ( 'NONE', *, *, #1115, .T. ) ;
#1736 = CARTESIAN_POINT ( 'NONE',  ( -2.500000000000000444, -0.5300000000000000266, 3.390000000000000124 ) ) ;
#1737 = DIRECTION ( 'NONE',  ( -0.000000000000000000, -1.000000000000000000, -0.000000000000000000 ) ) ;
#1738 = DIRECTION ( 'NONE',  ( -3.854941057726237604E-16, -0.000000000000000000, -1.000000000000000000 ) ) ;
#1739 = ORIENTED_EDGE ( 'NONE', *, *, #1597, .T. ) ;
#1740 = DIRECTION ( 'NONE',  ( -0.000000000000000000, 1.000000000000000000, -0.000000000000000000 ) ) ;
#1741 = CARTESIAN_POINT ( 'NONE',  ( 3.500000000000000444, -0.4299999999999999933, 7.000000000000000888 ) ) ;
#1742 = ORIENTED_EDGE ( 'NONE', *, *, #2370, .F. ) ;
#1743 = CARTESIAN_POINT ( 'NONE',  ( -1.646000926249718388, -0.5300000000000000266, 3.390000000000000568 ) ) ;
#1744 = CIRCLE ( 'NONE', #2106, 0.1750000000000001554 ) ;
#1745 = B_SPLINE_CURVE_WITH_KNOTS ( 'NONE', 3,
 ( #2304, #156, #1676, #1051 ),
 .UNSPECIFIED., .F., .F.,
 ( 4, 4 ),
 ( 0.000000000000000000, 0.001719785259465791668 ),
 .UNSPECIFIED. ) ;
#1746 = EDGE_CURVE ( 'NONE', #1976, #1069, #731, .T. ) ;
#1747 = AXIS2_PLACEMENT_3D ( 'NONE', #1001, #1850, #956 ) ;
#1748 = EDGE_LOOP ( 'NONE', ( #808, #459, #211, #2434 ) ) ;
#1749 = CARTESIAN_POINT ( 'NONE',  ( -0.4303850872532314353, -0.2035853451267282954, 5.190000000000001279 ) ) ;
#1750 = FACE_OUTER_BOUND ( 'NONE', #793, .T. ) ;
#1751 = CARTESIAN_POINT ( 'NONE',  ( -2.487395392591185139, -0.5299999999999999156, 6.363411671429698657 ) ) ;
#1752 = ORIENTED_EDGE ( 'NONE', *, *, #1280, .F. ) ;
#1753 = LINE ( 'NONE', #468, #723 ) ;
#1754 = ADVANCED_FACE ( 'NONE', ( #1369 ), #482, .T. ) ;
#1755 = EDGE_LOOP ( 'NONE', ( #1848, #1764, #2292, #68, #87, #1907, #827, #2507, #2226, #1053, #1076, #1844, #1648, #1425, #2247, #1589 ) ) ;
#1756 = CARTESIAN_POINT ( 'NONE',  ( 2.000000000000002220, -0.4299999999999999933, 5.190000000000001279 ) ) ;
#1757 = EDGE_CURVE ( 'NONE', #1069, #362, #1956, .T. ) ;
#1758 = ADVANCED_FACE ( 'NONE', ( #747 ), #282, .F. ) ;
#1759 = ADVANCED_FACE ( 'NONE', ( #2433, #1352 ), #310, .T. ) ;
#1760 = ORIENTED_EDGE ( 'NONE', *, *, #2623, .T. ) ;
#1761 = CARTESIAN_POINT ( 'NONE',  ( -0.5169032396884539748, -0.2264632281048785667, 5.190000000000001279 ) ) ;
#1762 = DIRECTION ( 'NONE',  ( 0.000000000000000000, 0.000000000000000000, 1.000000000000000000 ) ) ;
#1763 = CARTESIAN_POINT ( 'NONE',  ( -3.500000000000000444, -0.4299999999999999933, 6.825000000000000178 ) ) ;
#1764 = ORIENTED_EDGE ( 'NONE', *, *, #1052, .T. ) ;
#1765 = CARTESIAN_POINT ( 'NONE',  ( -1.744191623938817770, -0.5300000000000000266, 4.590000000000000746 ) ) ;
#1766 = CARTESIAN_POINT ( 'NONE',  ( 0.4031128874149274011, -0.1912315359462901099, 5.190000000000001279 ) ) ;
#1767 = FACE_OUTER_BOUND ( 'NONE', #1090, .T. ) ;
#1768 = TOROIDAL_SURFACE ( 'NONE', #2409, 0.6500000000000000222, 0.2999999999999999889 ) ;
#1769 = EDGE_CURVE ( 'NONE', #660, #788, #1813, .T. ) ;
#1770 = EDGE_CURVE ( 'NONE', #1095, #2365, #2183, .T. ) ;
#1771 = VERTEX_POINT ( 'NONE', #2671 ) ;
#1772 = AXIS2_PLACEMENT_3D ( 'NONE', #2571, #2097, #814 ) ;
#1773 = DIRECTION ( 'NONE',  ( 0.000000000000000000, -1.000000000000000000, 0.000000000000000000 ) ) ;
#1774 = DIRECTION ( 'NONE',  ( 0.000000000000000000, 0.000000000000000000, 1.000000000000000000 ) ) ;
#1775 = VERTEX_POINT ( 'NONE', #536 ) ;
#1776 = CIRCLE ( 'NONE', #1331, 0.3000000000000002665 ) ;
#1777 = LINE ( 'NONE', #2394, #501 ) ;
#1778 = CARTESIAN_POINT ( 'NONE',  ( -1.126385683979055363, 0.08661876661662211430, 3.690000000000000835 ) ) ;
#1779 = CARTESIAN_POINT ( 'NONE',  ( 1.126385683979055141, -0.4300265553672199537, 3.690000000000000835 ) ) ;
#1780 = DIRECTION ( 'NONE',  ( 0.000000000000000000, 0.000000000000000000, -1.000000000000000000 ) ) ;
#1781 = CARTESIAN_POINT ( 'NONE',  ( 1.948295107299586437, -0.4299999999999999378, 6.571753235472642451 ) ) ;
#1782 = EDGE_LOOP ( 'NONE', ( #1635, #2320, #1215, #1990 ) ) ;
#1783 = CYLINDRICAL_SURFACE ( 'NONE', #107, 0.3000000000000002665 ) ;
#1784 = CARTESIAN_POINT ( 'NONE',  ( -0.4031128874149274011, -0.2299999999999999822, 5.090000000000000746 ) ) ;
#1785 = VECTOR ( 'NONE', #1332, 100.0000000000000000 ) ;
#1786 = EDGE_CURVE ( 'NONE', #155, #1976, #2686, .T. ) ;
#1787 = DATE_AND_TIME ( #1590, #142 ) ;
#1788 = CARTESIAN_POINT ( 'NONE',  ( -4.704570066849101629E-16, -0.2299999999999999822, 3.390000000000000568 ) ) ;
#1789 = EDGE_LOOP ( 'NONE', ( #2450, #1453, #2002, #247, #2240, #1739 ) ) ;
#1790 = DIRECTION ( 'NONE',  ( 0.000000000000000000, -1.000000000000000000, 0.000000000000000000 ) ) ;
#1791 = DIRECTION ( 'NONE',  ( -1.000000000000000000, 0.000000000000000000, 0.000000000000000000 ) ) ;
#1792 = CARTESIAN_POINT ( 'NONE',  ( -3.367691035546142686, -0.4299999999999999933, 7.269247725942388882 ) ) ;
#1793 = DIRECTION ( 'NONE',  ( 0.000000000000000000, 0.000000000000000000, 1.000000000000000000 ) ) ;
#1794 = CARTESIAN_POINT ( 'NONE',  ( -1.646000926249718388, -0.2299999999999999822, 3.690000000000000835 ) ) ;
#1795 = ORIENTED_EDGE ( 'NONE', *, *, #19, .T. ) ;
#1796 = CARTESIAN_POINT ( 'NONE',  ( -2.500000000000000444, -0.2299999999999999822, 3.390000000000000124 ) ) ;
#1797 = B_SPLINE_CURVE_WITH_KNOTS ( 'NONE', 3,
 ( #571, #2284, #2069, #152, #2084, #194, #2765, #1855, #1006, #1913, #586, #1251, #2110, #435 ),
 .UNSPECIFIED., .F., .F.,
 ( 4, 2, 2, 2, 2, 2, 4 ),
 ( 0.000000000000000000, 0.0004182855809095561463, 0.0008365711618191122925, 0.001673142323638225452, 0.002509713485457338612, 0.002927999066366895192, 0.003346284647276452206 ),
 .UNSPECIFIED. ) ;
#1798 = DIRECTION ( 'NONE',  ( 0.000000000000000000, -1.000000000000000000, 0.000000000000000000 ) ) ;
#1799 = EDGE_LOOP ( 'NONE', ( #1545, #1525, #1585, #2767, #912 ) ) ;
#1800 = PERSON_AND_ORGANIZATION ( #2287, #1338 ) ;
#1801 = EDGE_CURVE ( 'NONE', #1237, #2356, #1606, .T. ) ;
#1802 = DIRECTION ( 'NONE',  ( 1.734723475976807094E-16, 0.000000000000000000, -1.000000000000000000 ) ) ;
#1803 = VERTEX_POINT ( 'NONE', #444 ) ;
#1804 = DIRECTION ( 'NONE',  ( -1.000000000000000000, 0.000000000000000000, 0.000000000000000000 ) ) ;
#1805 = CARTESIAN_POINT ( 'NONE',  ( 0.3318616097072867310, -0.1326881969596423183, 4.619123267172174252 ) ) ;
#1806 = VECTOR ( 'NONE', #587, 100.0000000000000000 ) ;
#1807 = FACE_OUTER_BOUND ( 'NONE', #1013, .T. ) ;
#1808 = CARTESIAN_POINT ( 'NONE',  ( -1.346000926249722562, -0.4299999999999999933, 7.390000000000000568 ) ) ;
#1809 = CARTESIAN_POINT ( 'NONE',  ( -1.743757207371209095, -0.7299999999999999822, 6.047692307692307701 ) ) ;
#1810 = EDGE_CURVE ( 'NONE', #624, #813, #2548, .T. ) ;
#1811 = AXIS2_PLACEMENT_3D ( 'NONE', #1055, #2151, #1908 ) ;
#1812 = VERTEX_POINT ( 'NONE', #1293 ) ;
#1813 = CIRCLE ( 'NONE', #619, 0.3000000000000002665 ) ;
#1814 = DIRECTION ( 'NONE',  ( 0.000000000000000000, 0.000000000000000000, 1.000000000000000000 ) ) ;
#1815 = CARTESIAN_POINT ( 'NONE',  ( 2.000000000000002220, -0.4299999999999999933, 6.089999999999999858 ) ) ;
#1816 = VERTEX_POINT ( 'NONE', #2566 ) ;
#1817 = PERSON_AND_ORGANIZATION ( #2287, #1338 ) ;
#1818 = CARTESIAN_POINT ( 'NONE',  ( 1.386193305114386654, -0.5300000000000000266, 3.540000000000000924 ) ) ;
#1819 = ORIENTED_EDGE ( 'NONE', *, *, #949, .F. ) ;
#1820 = CARTESIAN_POINT ( 'NONE',  ( -2.723606797749980046, -0.4300000000000001044, 6.613606797749979727 ) ) ;
#1821 = DIRECTION ( 'NONE',  ( 0.000000000000000000, -1.000000000000000000, 0.000000000000000000 ) ) ;
#1822 = AXIS2_PLACEMENT_3D ( 'NONE', #1596, #752, #2676 ) ;
#1823 = AXIS2_PLACEMENT_3D ( 'NONE', #1449, #2315, #816 ) ;
#1824 = CARTESIAN_POINT ( 'NONE',  ( 1.140391184384657253, -0.4302129176365633301, 3.690000000000000391 ) ) ;
#1825 = CARTESIAN_POINT ( 'NONE',  ( 2.613527003305002872, -0.4505430883539925380, 5.586461890146355636 ) ) ;
#1826 = CARTESIAN_POINT ( 'NONE',  ( -0.4031128874149274011, -0.1912315359462900821, 4.590000000000000746 ) ) ;
#1827 = VERTEX_POINT ( 'NONE', #2582 ) ;
#1828 = CARTESIAN_POINT ( 'NONE',  ( -1.133162870853924975, 0.08661876661662211430, 6.089999999999999858 ) ) ;
#1829 = CARTESIAN_POINT ( 'NONE',  ( 0.3135322457671657626, -0.2299999999999999822, 4.734444444444444677 ) ) ;
#1830 = AXIS2_PLACEMENT_3D ( 'NONE', #2190, #233, #21 ) ;
#1831 = CARTESIAN_POINT ( 'NONE',  ( -1.133162870853925197, -0.2299999999999999822, 6.389999999999999680 ) ) ;
#1832 = DATE_AND_TIME ( #1147, #592 ) ;
#1833 = VERTEX_POINT ( 'NONE', #2746 ) ;
#1834 = CARTESIAN_POINT ( 'NONE',  ( -1.744191623938817770, -0.2299999999999999822, 4.590000000000000746 ) ) ;
#1835 = CARTESIAN_POINT ( 'NONE',  ( -1.133162870853924975, -0.4302223613824203152, 6.089999999999999858 ) ) ;
#1836 = DIRECTION ( 'NONE',  ( 0.4410298815128594341, 0.000000000000000000, 0.8974924198079632376 ) ) ;
#1837 = FACE_OUTER_BOUND ( 'NONE', #599, .T. ) ;
#1838 = CARTESIAN_POINT ( 'NONE',  ( 3.367691035546142686, -0.4299999999999999933, 7.269247725942387994 ) ) ;
#1839 = CIRCLE ( 'NONE', #997, 0.3000000000000002665 ) ;
#1840 = ORIENTED_EDGE ( 'NONE', *, *, #1066, .F. ) ;
#1841 = VECTOR ( 'NONE', #782, 100.0000000000000000 ) ;
#1842 = DIRECTION ( 'NONE',  ( 1.000000000000000000, -0.000000000000000000, -0.000000000000000000 ) ) ;
#1843 = B_SPLINE_CURVE_WITH_KNOTS ( 'NONE', 3,
 ( #1540, #1967, #460, #2598 ),
 .UNSPECIFIED., .F., .F.,
 ( 4, 4 ),
 ( 0.000000000000000000, 0.001089067361747798803 ),
 .UNSPECIFIED. ) ;
#1844 = ORIENTED_EDGE ( 'NONE', *, *, #2596, .T. ) ;
#1845 = ADVANCED_FACE ( 'NONE', ( #417 ), #1768, .F. ) ;
#1846 = SECURITY_CLASSIFICATION_LEVEL ( 'unclassified' ) ;
#1847 = VERTEX_POINT ( 'NONE', #1697 ) ;
#1848 = ORIENTED_EDGE ( 'NONE', *, *, #1731, .T. ) ;
#1849 = EDGE_CURVE ( 'NONE', #2594, #2603, #2759, .T. ) ;
#1850 = DIRECTION ( 'NONE',  ( 0.000000000000000000, -1.000000000000000000, 0.000000000000000000 ) ) ;
#1851 = CARTESIAN_POINT ( 'NONE',  ( 2.528718701458366969, -0.5009452595419741083, 6.353756002694499472 ) ) ;
#1852 = DIRECTION ( 'NONE',  ( 0.000000000000000000, -1.000000000000000000, 0.000000000000000000 ) ) ;
#1853 = ORIENTED_EDGE ( 'NONE', *, *, #414, .T. ) ;
#1854 = AXIS2_PLACEMENT_3D ( 'NONE', #805, #427, #185 ) ;
#1855 = CARTESIAN_POINT ( 'NONE',  ( -1.264283511288457618, -0.4632714081696363562, 6.118982091442814131 ) ) ;
#1856 = FACE_OUTER_BOUND ( 'NONE', #875, .T. ) ;
#1857 = PLANE ( 'NONE',  #2260 ) ;
#1858 = ADVANCED_FACE ( 'NONE', ( #1893 ), #384, .F. ) ;
#1859 = EDGE_CURVE ( 'NONE', #291, #2603, #2553, .T. ) ;
#1860 = ORIENTED_EDGE ( 'NONE', *, *, #2018, .F. ) ;
#1861 = DIRECTION ( 'NONE',  ( -0.000000000000000000, -1.000000000000000000, -0.000000000000000000 ) ) ;
#1862 = VECTOR ( 'NONE', #1522, 100.0000000000000000 ) ;
#1863 = ORIENTED_EDGE ( 'NONE', *, *, #769, .T. ) ;
#1864 = AXIS2_PLACEMENT_3D ( 'NONE', #2656, #1339, #2463 ) ;
#1865 = ORIENTED_EDGE ( 'NONE', *, *, #1509, .T. ) ;
#1866 = ORIENTED_EDGE ( 'NONE', *, *, #1509, .F. ) ;
#1867 = DIRECTION ( 'NONE',  ( -1.000000000000000000, 0.000000000000000000, -1.387778780781445676E-16 ) ) ;
#1868 = CARTESIAN_POINT ( 'NONE',  ( 2.476136805528434515, -0.5569465926481083073, 6.366136805528435971 ) ) ;
#1869 = EDGE_CURVE ( 'NONE', #2603, #383, #608, .T. ) ;
#1870 = FACE_OUTER_BOUND ( 'NONE', #1640, .T. ) ;
#1871 = ORIENTED_EDGE ( 'NONE', *, *, #1280, .T. ) ;
#1872 = FACE_OUTER_BOUND ( 'NONE', #1113, .T. ) ;
#1873 = CARTESIAN_POINT ( 'NONE',  ( 0.3121015933631223760, -0.08860559375913573676, 5.132153835721825708 ) ) ;
#1874 = DIRECTION ( 'NONE',  ( 0.000000000000000000, 0.000000000000000000, -1.000000000000000000 ) ) ;
#1875 = PLANE ( 'NONE',  #66 ) ;
#1876 = ORIENTED_EDGE ( 'NONE', *, *, #943, .F. ) ;
#1877 = ORIENTED_EDGE ( 'NONE', *, *, #2018, .T. ) ;
#1878 = ORIENTED_EDGE ( 'NONE', *, *, #1937, .T. ) ;
#1879 = DIRECTION ( 'NONE',  ( 0.000000000000000000, 0.000000000000000000, -1.000000000000000000 ) ) ;
#1880 = CARTESIAN_POINT ( 'NONE',  ( 2.723606797749978714, -0.4300000000000001044, 6.613606797749979727 ) ) ;
#1881 = ADVANCED_FACE ( 'NONE', ( #641 ), #966, .F. ) ;
#1882 = LINE ( 'NONE', #134, #1288 ) ;
#1883 = VERTEX_POINT ( 'NONE', #189 ) ;
#1884 = CARTESIAN_POINT ( 'NONE',  ( 1.999999999999997335, -0.4299999999999999933, 4.589999999999999858 ) ) ;
#1885 = EDGE_CURVE ( 'NONE', #505, #381, #476, .T. ) ;
#1886 = ORIENTED_EDGE ( 'NONE', *, *, #823, .F. ) ;
#1887 = AXIS2_PLACEMENT_3D ( 'NONE', #2618, #1272, #1951 ) ;
#1888 = LINE ( 'NONE', #633, #1806 ) ;
#1889 = CARTESIAN_POINT ( 'NONE',  ( 1.999999999999996891, -0.4299999999999999933, 3.689999999999999503 ) ) ;
#1890 = LINE ( 'NONE', #605, #432 ) ;
#1891 = LINE ( 'NONE', #832, #1615 ) ;
#1892 = ORIENTED_EDGE ( 'NONE', *, *, #2168, .T. ) ;
#1893 = FACE_OUTER_BOUND ( 'NONE', #1299, .T. ) ;
#1894 = CARTESIAN_POINT ( 'NONE',  ( -2.778606988739864114, -0.4299999999999999933, 5.815339793464980644 ) ) ;
#1895 = EDGE_CURVE ( 'NONE', #1253, #37, #1247, .T. ) ;
#1896 = EDGE_CURVE ( 'NONE', #1771, #193, #2661, .T. ) ;
#1897 = DIRECTION ( 'NONE',  ( 0.000000000000000000, 0.000000000000000000, -1.000000000000000000 ) ) ;
#1898 = EDGE_LOOP ( 'NONE', ( #1892, #607, #2109, #1939 ) ) ;
#1899 = CARTESIAN_POINT ( 'NONE',  ( 3.500000000000000444, -0.4299999999999999933, 7.300000000000000711 ) ) ;
#1900 = ORIENTED_EDGE ( 'NONE', *, *, #1190, .T. ) ;
#1901 = TOROIDAL_SURFACE ( 'NONE', #2357, 0.5236067977499789805, 0.2999999999999999889 ) ;
#1902 = PLANE ( 'NONE',  #264 ) ;
#1903 = CARTESIAN_POINT ( 'NONE',  ( -0.3158314818073831298, -0.1001498609559807740, 4.640421996790908388 ) ) ;
#1904 = ADVANCED_FACE ( 'NONE', ( #2366 ), #203, .F. ) ;
#1905 = DIRECTION ( 'NONE',  ( 0.000000000000000000, -1.000000000000000000, 0.000000000000000000 ) ) ;
#1906 = ORIENTED_EDGE ( 'NONE', *, *, #492, .F. ) ;
#1907 = ORIENTED_EDGE ( 'NONE', *, *, #104, .F. ) ;
#1908 = DIRECTION ( 'NONE',  ( 1.000000000000000000, 0.000000000000000000, 0.000000000000000000 ) ) ;
#1909 = CARTESIAN_POINT ( 'NONE',  ( -1.386193305114387098, -0.5300000000000000266, 3.540000000000000924 ) ) ;
#1910 = VECTOR ( 'NONE', #20, 100.0000000000000000 ) ;
#1911 = CARTESIAN_POINT ( 'NONE',  ( 1.595485062390511466, -0.4996750761702838939, 6.420947877849409124 ) ) ;
#1912 = ORIENTED_EDGE ( 'NONE', *, *, #1801, .F. ) ;
#1913 = CARTESIAN_POINT ( 'NONE',  ( -1.201890337708170664, -0.4404156428043691784, 6.097667495775121793 ) ) ;
#1914 = EDGE_LOOP ( 'NONE', ( #1539, #1921, #1727, #2415, #2127, #2731 ) ) ;
#1915 = CARTESIAN_POINT ( 'NONE',  ( -2.033466784912491221, -0.4299999999999999933, 6.613606797749979727 ) ) ;
#1916 = CIRCLE ( 'NONE', #2280, 0.1750000000000001554 ) ;
#1917 = EDGE_CURVE ( 'NONE', #2143, #2150, #809, .T. ) ;
#1918 = CIRCLE ( 'NONE', #2414, 0.3500000000000003109 ) ;
#1919 = DIRECTION ( 'NONE',  ( -1.000000000000000000, 0.000000000000000000, -1.387778780781445429E-16 ) ) ;
#1920 = EDGE_LOOP ( 'NONE', ( #2715, #31, #2119, #2354 ) ) ;
#1921 = ORIENTED_EDGE ( 'NONE', *, *, #1281, .F. ) ;
#1922 = DIRECTION ( 'NONE',  ( 0.000000000000000000, 0.000000000000000000, -1.000000000000000000 ) ) ;
#1923 = ORIENTED_EDGE ( 'NONE', *, *, #2387, .T. ) ;
#1924 = CYLINDRICAL_SURFACE ( 'NONE', #540, 0.3000000000000002665 ) ;
#1925 = LINE ( 'NONE', #2569, #1238 ) ;
#1926 = ORIENTED_EDGE ( 'NONE', *, *, #640, .T. ) ;
#1927 = DIRECTION ( 'NONE',  ( 0.000000000000000000, -1.000000000000000000, 0.000000000000000000 ) ) ;
#1928 = ORIENTED_EDGE ( 'NONE', *, *, #864, .F. ) ;
#1929 = DIRECTION ( 'NONE',  ( 0.000000000000000000, 0.000000000000000000, -1.000000000000000000 ) ) ;
#1930 = APPROVAL_PERSON_ORGANIZATION ( #1817, #1701, #1174 ) ;
#1931 = AXIS2_PLACEMENT_3D ( 'NONE', #110, #1773, #1366 ) ;
#1932 = ORIENTED_EDGE ( 'NONE', *, *, #2323, .T. ) ;
#1933 = ORIENTED_EDGE ( 'NONE', *, *, #2253, .T. ) ;
#1934 = DIRECTION ( 'NONE',  ( -0.000000000000000000, 1.000000000000000000, -0.000000000000000000 ) ) ;
#1935 = DIRECTION ( 'NONE',  ( -0.6925259008189001975, 0.000000000000000000, -0.7213930112601388833 ) ) ;
#1936 = EDGE_CURVE ( 'NONE', #1318, #521, #1652, .T. ) ;
#1937 = EDGE_CURVE ( 'NONE', #448, #155, #1505, .T. ) ;
#1938 = DIRECTION ( 'NONE',  ( 0.000000000000000000, 1.000000000000000000, 0.000000000000000000 ) ) ;
#1939 = ORIENTED_EDGE ( 'NONE', *, *, #2623, .F. ) ;
#1940 = DIRECTION ( 'NONE',  ( -1.000000000000000000, 0.000000000000000000, 0.000000000000000000 ) ) ;
#1941 = VERTEX_POINT ( 'NONE', #913 ) ;
#1942 = CARTESIAN_POINT ( 'NONE',  ( -1.787030807762585605, -0.4555278165153083259, 6.492507580192037331 ) ) ;
#1943 = AXIS2_PLACEMENT_3D ( 'NONE', #2535, #2519, #1257 ) ;
#1944 = ADVANCED_FACE ( 'NONE', ( #1326 ), #704, .F. ) ;
#1945 = AXIS2_PLACEMENT_3D ( 'NONE', #1199, #738, #529 ) ;
#1946 = ORIENTED_EDGE ( 'NONE', *, *, #1302, .F. ) ;
#1947 = DIRECTION ( 'NONE',  ( 0.000000000000000000, 0.000000000000000000, 1.000000000000000000 ) ) ;
#1948 = LINE ( 'NONE', #679, #897 ) ;
#1949 = LINE ( 'NONE', #2140, #1634 ) ;
#1950 = ORIENTED_EDGE ( 'NONE', *, *, #662, .F. ) ;
#1951 = DIRECTION ( 'NONE',  ( 0.000000000000000000, 0.000000000000000000, -1.000000000000000000 ) ) ;
#1952 = VECTOR ( 'NONE', #1408, 100.0000000000000000 ) ;
#1953 = CARTESIAN_POINT ( 'NONE',  ( 1.264119662085481322, -0.4631858579079561333, 6.118891721605161926 ) ) ;
#1954 = EDGE_LOOP ( 'NONE', ( #173, #187, #8, #670 ) ) ;
#1955 = CARTESIAN_POINT ( 'NONE',  ( 3.500000000000000444, 0.06999999999999999278, 6.825000000000000178 ) ) ;
#1956 = CIRCLE ( 'NONE', #2321, 0.2999999999999999334 ) ;
#1957 = CC_DESIGN_DATE_AND_TIME_ASSIGNMENT ( #2276, #351, ( #470 ) ) ;
#1958 = AXIS2_PLACEMENT_3D ( 'NONE', #177, #812, #1683 ) ;
#1959 = ORIENTED_EDGE ( 'NONE', *, *, #2663, .T. ) ;
#1960 = LINE ( 'NONE', #1736, #1101 ) ;
#1961 = CARTESIAN_POINT ( 'NONE',  ( -2.425464400750007687, -0.5300000000000000266, 6.390000000000001457 ) ) ;
#1962 = CARTESIAN_POINT ( 'NONE',  ( 1.394846157932760455, -0.2299999999999999822, 6.243296703296703498 ) ) ;
#1963 = EDGE_LOOP ( 'NONE', ( #1886, #2062, #1665, #2579 ) ) ;
#1964 = DIRECTION ( 'NONE',  ( -0.000000000000000000, 1.000000000000000000, -0.000000000000000000 ) ) ;
#1965 = DIRECTION ( 'NONE',  ( 0.000000000000000000, -1.000000000000000000, 0.000000000000000000 ) ) ;
#1966 = ORIENTED_EDGE ( 'NONE', *, *, #2159, .T. ) ;
#1967 = CARTESIAN_POINT ( 'NONE',  ( -1.564265690512077756, -0.5114451874892900207, 6.406595928833485942 ) ) ;
#1968 = VECTOR ( 'NONE', #1737, 100.0000000000000000 ) ;
#1969 = ADVANCED_FACE ( 'NONE', ( #1544 ), #2416, .F. ) ;
#1970 = B_SPLINE_CURVE_WITH_KNOTS ( 'NONE', 3,
 ( #578, #1025, #350, #1230, #2103, #130 ),
 .UNSPECIFIED., .F., .F.,
 ( 4, 2, 4 ),
 ( 0.000000000000000000, 0.0008897379984941073110, 0.001779475996988214622 ),
 .UNSPECIFIED. ) ;
#1971 = ORIENTED_EDGE ( 'NONE', *, *, #988, .F. ) ;
#1972 = LINE ( 'NONE', #2390, #702 ) ;
#1973 = ORIENTED_EDGE ( 'NONE', *, *, #2645, .F. ) ;
#1974 = CARTESIAN_POINT ( 'NONE',  ( -1.459237942961266743, -0.4299999999999999933, 1.400845385503680651 ) ) ;
#1975 = DIRECTION ( 'NONE',  ( 0.000000000000000000, 0.000000000000000000, 1.000000000000000000 ) ) ;
#1976 = VERTEX_POINT ( 'NONE', #1314 ) ;
#1977 = DIRECTION ( 'NONE',  ( 0.000000000000000000, -1.000000000000000000, 0.000000000000000000 ) ) ;
#1978 = CARTESIAN_POINT ( 'NONE',  ( 2.500000000000000000, -0.5300000000000000266, 6.315464400750007812 ) ) ;
#1979 = AXIS2_PLACEMENT_3D ( 'NONE', #1371, #1821, #2265 ) ;
#1980 = EDGE_CURVE ( 'NONE', #880, #2031, #57, .T. ) ;
#1981 = ADVANCED_FACE ( 'NONE', ( #1986 ), #2770, .F. ) ;
#1982 = PLANE ( 'NONE',  #1822 ) ;
#1983 = APPLICATION_CONTEXT ( 'configuration controlled 3d designs of mechanical parts and assemblies' ) ;
#1984 = VECTOR ( 'NONE', #2363, 100.0000000000000000 ) ;
#1985 = ORIENTED_EDGE ( 'NONE', *, *, #374, .F. ) ;
#1986 = FACE_OUTER_BOUND ( 'NONE', #2141, .T. ) ;
#1987 = CARTESIAN_POINT ( 'NONE',  ( 1.999999999999996891, -0.4299999999999999933, 3.689999999999999503 ) ) ;
#1988 = CIRCLE ( 'NONE', #210, 1.000000000000000222 ) ;
#1989 = DIRECTION ( 'NONE',  ( 0.000000000000000000, -1.000000000000000000, 0.000000000000000000 ) ) ;
#1990 = ORIENTED_EDGE ( 'NONE', *, *, #2457, .T. ) ;
#1991 = DIRECTION ( 'NONE',  ( -0.000000000000000000, 1.000000000000000000, -0.000000000000000000 ) ) ;
#1992 = CARTESIAN_POINT ( 'NONE',  ( 0.3135322457671657070, 0.06999999999999999278, 4.734444444444444677 ) ) ;
#1993 = DIRECTION ( 'NONE',  ( -0.000000000000000000, 1.000000000000000000, -0.000000000000000000 ) ) ;
#1994 = VECTOR ( 'NONE', #1867, 100.0000000000000000 ) ;
#1995 = VECTOR ( 'NONE', #2176, 100.0000000000000000 ) ;
#1996 = DIRECTION ( 'NONE',  ( -0.000000000000000000, 1.000000000000000000, -0.000000000000000000 ) ) ;
#1997 = EDGE_CURVE ( 'NONE', #381, #996, #2038, .T. ) ;
#1998 = EDGE_LOOP ( 'NONE', ( #1340, #467 ) ) ;
#1999 = CARTESIAN_POINT ( 'NONE',  ( 2.778606988739863670, -0.4299999999999999933, 5.815339793464979756 ) ) ;
#2000 = DIRECTION ( 'NONE',  ( -0.000000000000000000, 1.000000000000000000, -0.000000000000000000 ) ) ;
#2001 = CARTESIAN_POINT ( 'NONE',  ( 1.133162870853924531, -0.4302223613824203152, 6.089999999999999858 ) ) ;
#2002 = ORIENTED_EDGE ( 'NONE', *, *, #844, .F. ) ;
#2003 = DIRECTION ( 'NONE',  ( 0.000000000000000000, 0.000000000000000000, 1.000000000000000000 ) ) ;
#2004 = CARTESIAN_POINT ( 'NONE',  ( 0.3257286376339542100, -0.1221894777378926267, 4.626064873687510293 ) ) ;
#2005 = CARTESIAN_POINT ( 'NONE',  ( 1.319551381869999762, -0.4977523702048126664, 3.620914529337947663 ) ) ;
#2006 = CARTESIAN_POINT ( 'NONE',  ( 2.000000000000002220, -0.5300000000000000266, 5.190000000000001279 ) ) ;
#2007 = CARTESIAN_POINT ( 'NONE',  ( 1.743757207371208429, -0.5300000000000000266, 6.047692307692307701 ) ) ;
#2008 = EDGE_LOOP ( 'NONE', ( #2306, #2488, #11, #676 ) ) ;
#2009 = CARTESIAN_POINT ( 'NONE',  ( -1.126385683979055141, -0.4299999999999999933, 3.689999999999999503 ) ) ;
#2010 = DIRECTION ( 'NONE',  ( 0.000000000000000000, 0.000000000000000000, -1.000000000000000000 ) ) ;
#2011 = ORIENTED_EDGE ( 'NONE', *, *, #80, .T. ) ;
#2012 = AXIS2_PLACEMENT_3D ( 'NONE', #74, #284, #903 ) ;
#2013 = PERSON_AND_ORGANIZATION_ROLE ( 'classification_officer' ) ;
#2014 = CARTESIAN_POINT ( 'NONE',  ( 0.000000000000000000, -0.2299999999999999822, 0.000000000000000000 ) ) ;
#2015 = VERTEX_POINT ( 'NONE', #2638 ) ;
#2016 = CARTESIAN_POINT ( 'NONE',  ( -2.681290784250101034, -0.4299999999999999933, 6.557185446418284158 ) ) ;
#2017 = CARTESIAN_POINT ( 'NONE',  ( -1.154416598546665895, -0.4303995448855740258, 3.690000000000000391 ) ) ;
#2018 = EDGE_CURVE ( 'NONE', #44, #2778, #2191, .T. ) ;
#2019 = EDGE_CURVE ( 'NONE', #383, #788, #1511, .T. ) ;
#2020 = CARTESIAN_POINT ( 'NONE',  ( 1.999999999999996891, -0.4299999999999999933, 3.689999999999999503 ) ) ;
#2021 =( BOUNDED_CURVE ( )  B_SPLINE_CURVE ( 3, ( #279, #876, #677, #2379 ),
 .UNSPECIFIED., .F., .F. ) 
 B_SPLINE_CURVE_WITH_KNOTS ( ( 4, 4 ),
 ( 1.570796326794896558, 2.411864997362826557 ),
 .UNSPECIFIED. ) 
 CURVE ( )  GEOMETRIC_REPRESENTATION_ITEM ( )  RATIONAL_B_SPLINE_CURVE ( ( 1.000000000000000000, 0.9419139527835179715, 0.9419139527835179715, 1.000000000000000000 ) ) 
 REPRESENTATION_ITEM ( '' )  );
#2022 = DIRECTION ( 'NONE',  ( -0.000000000000000000, 1.000000000000000000, -0.000000000000000000 ) ) ;
#2023 = CARTESIAN_POINT ( 'NONE',  ( 1.999999999999996891, -0.5300000000000000266, 3.689999999999999503 ) ) ;
#2024 = ORIENTED_EDGE ( 'NONE', *, *, #2359, .T. ) ;
#2025 = CARTESIAN_POINT ( 'NONE',  ( 3.500000000000000444, 0.06999999999999999278, 7.000000000000000888 ) ) ;
#2026 = CARTESIAN_POINT ( 'NONE',  ( -3.500000000000000444, -0.4299999999999999933, 5.122813892646077782 ) ) ;
#2027 = CIRCLE ( 'NONE', #1180, 0.1750000000000001554 ) ;
#2028 = ORIENTED_EDGE ( 'NONE', *, *, #787, .T. ) ;
#2029 = PERSON_AND_ORGANIZATION ( #2287, #1338 ) ;
#2030 = LINE ( 'NONE', #324, #1586 ) ;
#2031 = VERTEX_POINT ( 'NONE', #46 ) ;
#2032 = CARTESIAN_POINT ( 'NONE',  ( -2.581153697267591252, -0.4651329420898387967, 6.423669330440377578 ) ) ;
#2033 = CARTESIAN_POINT ( 'NONE',  ( -0.3135322457671657070, 0.06999999999999999278, 4.734444444444444677 ) ) ;
#2034 = AXIS2_PLACEMENT_3D ( 'NONE', #2648, #713, #345 ) ;
#2035 = CARTESIAN_POINT ( 'NONE',  ( -1.346000926249722562, -0.2299999999999999822, 7.390000000000000568 ) ) ;
#2036 = CARTESIAN_POINT ( 'NONE',  ( 2.168404344971008868E-17, 0.06999999999999999278, 4.890000000000000568 ) ) ;
#2037 = CARTESIAN_POINT ( 'NONE',  ( -0.3565569120515035828, -0.1618450507622262446, 5.179251622870871152 ) ) ;
#2038 = CIRCLE ( 'NONE', #839, 0.3500000000000003109 ) ;
#2039 = EDGE_CURVE ( 'NONE', #37, #2120, #1960, .T. ) ;
#2040 = ORIENTED_EDGE ( 'NONE', *, *, #2089, .F. ) ;
#2041 = VECTOR ( 'NONE', #1938, 100.0000000000000000 ) ;
#2042 = LINE ( 'NONE', #1603, #1124 ) ;
#2043 = CARTESIAN_POINT ( 'NONE',  ( 3.500000000000000444, 0.06999999999999999278, 7.175000000000000711 ) ) ;
#2044 = APPROVAL_STATUS ( 'not_yet_approved' ) ;
#2045 = ORIENTED_EDGE ( 'NONE', *, *, #1617, .F. ) ;
#2046 = CARTESIAN_POINT ( 'NONE',  ( -2.623716520485962267, -0.4428966321502552095, 6.513716520485964168 ) ) ;
#2047 = CYLINDRICAL_SURFACE ( 'NONE', #647, 0.3000000000000002665 ) ;
#2048 = ADVANCED_FACE ( 'NONE', ( #2201 ), #715, .F. ) ;
#2049 = AXIS2_PLACEMENT_3D ( 'NONE', #1152, #301, #500 ) ;
#2050 = AXIS2_PLACEMENT_3D ( 'NONE', #2343, #2129, #1007 ) ;
#2051 = CARTESIAN_POINT ( 'NONE',  ( -0.4585622385430203618, -0.2132135155217712297, 4.590000000000000746 ) ) ;
#2052 = CARTESIAN_POINT ( 'NONE',  ( 2.524639291037951150, -0.5050647969100483525, 5.350586793694865229 ) ) ;
#2053 = CARTESIAN_POINT ( 'NONE',  ( -1.743757207371209095, -0.5300000000000000266, 6.047692307692307701 ) ) ;
#2054 = CARTESIAN_POINT ( 'NONE',  ( -3.716417903378041565, -0.4299999999999999933, 6.792242229754331007 ) ) ;
#2055 = EDGE_CURVE ( 'NONE', #2150, #291, #1350, .T. ) ;
#2056 = EDGE_CURVE ( 'NONE', #101, #707, #2021, .T. ) ;
#2057 = ORIENTED_EDGE ( 'NONE', *, *, #726, .T. ) ;
#2058 = CARTESIAN_POINT ( 'NONE',  ( -1.744191623938817770, -0.4299999999999999933, 4.589999999999999858 ) ) ;
#2059 = DIRECTION ( 'NONE',  ( -1.000000000000000000, 0.000000000000000000, -0.000000000000000000 ) ) ;
#2060 = COORDINATED_UNIVERSAL_TIME_OFFSET ( 5, 0, .BEHIND. ) ;
#2061 = VERTEX_POINT ( 'NONE', #2189 ) ;
#2062 = ORIENTED_EDGE ( 'NONE', *, *, #2577, .T. ) ;
#2063 = CARTESIAN_POINT ( 'NONE',  ( -2.674245813314461095, -0.4300000000000001044, 6.564245813317504563 ) ) ;
#2064 = CARTESIAN_POINT ( 'NONE',  ( 2.533669330440173173, -0.4651329420897989397, 6.471153697267680194 ) ) ;
#2065 = CIRCLE ( 'NONE', #2244, 0.2999999999999999334 ) ;
#2066 = LINE ( 'NONE', #1444, #2139 ) ;
#2067 = EDGE_CURVE ( 'NONE', #1121, #846, #1532, .T. ) ;
#2068 = EDGE_CURVE ( 'NONE', #1833, #2015, #478, .T. ) ;
#2069 = CARTESIAN_POINT ( 'NONE',  ( -1.380281255526043305, -0.5279919987044321417, 6.219364639569624487 ) ) ;
#2070 = CIRCLE ( 'NONE', #2432, 0.3000000000000002665 ) ;
#2071 = FACE_OUTER_BOUND ( 'NONE', #382, .T. ) ;
#2072 = CARTESIAN_POINT ( 'NONE',  ( -2.222280046064659675, -0.2299999999999999822, 4.522322816748581609 ) ) ;
#2073 = ORIENTED_EDGE ( 'NONE', *, *, #2173, .F. ) ;
#2074 = DIRECTION ( 'NONE',  ( 1.387778780781445429E-16, 0.000000000000000000, -1.000000000000000000 ) ) ;
#2075 = ORIENTED_EDGE ( 'NONE', *, *, #625, .F. ) ;
#2076 = ORIENTED_EDGE ( 'NONE', *, *, #286, .T. ) ;
#2077 = VERTEX_POINT ( 'NONE', #1118 ) ;
#2078 = CARTESIAN_POINT ( 'NONE',  ( 2.000000000000002220, -0.4299999999999999933, 5.190000000000001279 ) ) ;
#2079 = CARTESIAN_POINT ( 'NONE',  ( 0.3901269582574410921, -0.1853491468543358167, 4.590000000000000746 ) ) ;
#2080 = EDGE_CURVE ( 'NONE', #582, #2061, #2162, .T. ) ;
#2081 = LINE ( 'NONE', #164, #754 ) ;
#2082 = ORIENTED_EDGE ( 'NONE', *, *, #572, .F. ) ;
#2083 = AXIS2_PLACEMENT_3D ( 'NONE', #604, #409, #183 ) ;
#2084 = CARTESIAN_POINT ( 'NONE',  ( -1.355047648129432680, -0.5162197719106468297, 6.187679340209443879 ) ) ;
#2085 = VECTOR ( 'NONE', #1599, 100.0000000000000000 ) ;
#2086 = CARTESIAN_POINT ( 'NONE',  ( 1.126385683979055141, -0.4300265553672199537, 3.690000000000000835 ) ) ;
#2087 = CARTESIAN_POINT ( 'NONE',  ( -0.3024072493057007316, -0.02942678972631257439, 4.683835008154231261 ) ) ;
#2088 = DIRECTION ( 'NONE',  ( -1.000000000000000000, -0.000000000000000000, -0.000000000000000000 ) ) ;
#2089 = EDGE_CURVE ( 'NONE', #2444, #1440, #1972, .T. ) ;
#2090 = CARTESIAN_POINT ( 'NONE',  ( 2.168404344971008868E-17, -0.2299999999999999822, 4.240000000000001101 ) ) ;
#2091 = AXIS2_PLACEMENT_3D ( 'NONE', #629, #1044, #1897 ) ;
#2092 = ORIENTED_EDGE ( 'NONE', *, *, #1980, .F. ) ;
#2093 = ORIENTED_EDGE ( 'NONE', *, *, #1087, .T. ) ;
#2094 = FACE_OUTER_BOUND ( 'NONE', #201, .T. ) ;
#2095 = CARTESIAN_POINT ( 'NONE',  ( -0.4031128874149274011, -0.1912315359462900821, 4.590000000000000746 ) ) ;
#2096 = EDGE_LOOP ( 'NONE', ( #241, #2597, #874, #1985, #549 ) ) ;
#2097 = DIRECTION ( 'NONE',  ( 0.000000000000000000, 0.000000000000000000, 1.000000000000000000 ) ) ;
#2098 = VERTEX_POINT ( 'NONE', #2009 ) ;
#2099 = CARTESIAN_POINT ( 'NONE',  ( 0.3318617600130597256, -0.1326884238489637602, 5.160876881018249485 ) ) ;
#2100 = CARTESIAN_POINT ( 'NONE',  ( 0.4031128874149221275, -0.1912315359462877506, 4.590000000000000746 ) ) ;
#2101 = LINE ( 'NONE', #636, #1402 ) ;
#2102 = EDGE_CURVE ( 'NONE', #462, #2149, #936, .T. ) ;
#2103 = CARTESIAN_POINT ( 'NONE',  ( 0.4303850872532314353, -0.2035853451267282954, 4.590000000000000746 ) ) ;
#2104 = EDGE_LOOP ( 'NONE', ( #1068, #1657, #1058, #2479 ) ) ;
#2105 = DIRECTION ( 'NONE',  ( 0.000000000000000000, 0.000000000000000000, -1.000000000000000000 ) ) ;
#2106 = AXIS2_PLACEMENT_3D ( 'NONE', #1533, #1107, #454 ) ;
#2107 = CARTESIAN_POINT ( 'NONE',  ( -1.133162870853924753, -0.4299999999999999933, 6.089999999999999858 ) ) ;
#2108 = CARTESIAN_POINT ( 'NONE',  ( -2.000000000000003109, -0.4299999999999999933, 3.689999999999999503 ) ) ;
#2109 = ORIENTED_EDGE ( 'NONE', *, *, #2089, .T. ) ;
#2110 = CARTESIAN_POINT ( 'NONE',  ( -1.147322046662227590, -0.4307665175111723976, 6.089999999999997193 ) ) ;
#2111 = EDGE_CURVE ( 'NONE', #362, #1664, #797, .T. ) ;
#2112 = AXIS2_PLACEMENT_3D ( 'NONE', #2704, #555, #2220 ) ;
#2113 = ORIENTED_EDGE ( 'NONE', *, *, #907, .T. ) ;
#2114 = VECTOR ( 'NONE', #425, 100.0000000000000000 ) ;
#2115 = CARTESIAN_POINT ( 'NONE',  ( 0.5766281297335397182, -0.2299999999999999822, 4.590000000000000746 ) ) ;
#2116 = CARTESIAN_POINT ( 'NONE',  ( -0.3901269992458128999, -0.1853491654213231532, 4.590000000000000746 ) ) ;
#2117 = DIRECTION ( 'NONE',  ( 0.000000000000000000, 0.000000000000000000, -1.000000000000000000 ) ) ;
#2118 = AXIS2_PLACEMENT_3D ( 'NONE', #2452, #568, #1164 ) ;
#2119 = ORIENTED_EDGE ( 'NONE', *, *, #2651, .T. ) ;
#2120 = VERTEX_POINT ( 'NONE', #1796 ) ;
#2121 = CARTESIAN_POINT ( 'NONE',  ( 1.999999999999997335, -0.5300000000000000266, 4.589999999999999858 ) ) ;
#2122 = PLANE ( 'NONE',  #2470 ) ;
#2123 = CARTESIAN_POINT ( 'NONE',  ( 2.168404344971008868E-17, 0.07000000000000000666, 4.890000000000000568 ) ) ;
#2124 = ORIENTED_EDGE ( 'NONE', *, *, #1316, .F. ) ;
#2125 = CARTESIAN_POINT ( 'NONE',  ( 1.999999999999996891, -0.4299999999999999933, 3.689999999999999503 ) ) ;
#2126 = EDGE_CURVE ( 'NONE', #1827, #2015, #292, .T. ) ;
#2127 = ORIENTED_EDGE ( 'NONE', *, *, #2692, .T. ) ;
#2128 = VECTOR ( 'NONE', #1097, 100.0000000000000000 ) ;
#2129 = DIRECTION ( 'NONE',  ( 0.000000000000000000, -1.000000000000000000, 0.000000000000000000 ) ) ;
#2130 = CARTESIAN_POINT ( 'NONE',  ( -1.744191623938817770, -0.5300000000000000266, 4.890000000000000568 ) ) ;
#2131 = VECTOR ( 'NONE', #709, 100.0000000000000000 ) ;
#2132 = CARTESIAN_POINT ( 'NONE',  ( 2.168404344971008868E-17, -0.2299999999999999822, 4.890000000000000568 ) ) ;
#2133 = ORIENTED_EDGE ( 'NONE', *, *, #413, .F. ) ;
#2134 = ORIENTED_EDGE ( 'NONE', *, *, #2533, .T. ) ;
#2135 = DIRECTION ( 'NONE',  ( -0.000000000000000000, 1.000000000000000000, -0.000000000000000000 ) ) ;
#2136 = DIRECTION ( 'NONE',  ( 0.000000000000000000, 0.000000000000000000, -1.000000000000000000 ) ) ;
#2137 = AXIS2_PLACEMENT_3D ( 'NONE', #1559, #1105, #1947 ) ;
#2138 = EDGE_CURVE ( 'NONE', #2322, #101, #2667, .T. ) ;
#2139 = VECTOR ( 'NONE', #1639, 100.0000000000000000 ) ;
#2140 = CARTESIAN_POINT ( 'NONE',  ( 0.000000000000000000, -0.2299999999999999822, 5.190000000000001279 ) ) ;
#2141 = EDGE_LOOP ( 'NONE', ( #2711, #799, #429 ) ) ;
#2142 = DIRECTION ( 'NONE',  ( -0.000000000000000000, -1.000000000000000000, -0.000000000000000000 ) ) ;
#2143 = VERTEX_POINT ( 'NONE', #1157 ) ;
#2144 = CYLINDRICAL_SURFACE ( 'NONE', #978, 0.3000000000000002665 ) ;
#2145 = VECTOR ( 'NONE', #2142, 100.0000000000000000 ) ;
#2146 = FACE_OUTER_BOUND ( 'NONE', #1085, .T. ) ;
#2147 = ADVANCED_FACE ( 'NONE', ( #1393 ), #1423, .T. ) ;
#2148 = EDGE_CURVE ( 'NONE', #2311, #624, #1587, .T. ) ;
#2149 = VERTEX_POINT ( 'NONE', #742 ) ;
#2150 = VERTEX_POINT ( 'NONE', #2058 ) ;
#2151 = DIRECTION ( 'NONE',  ( -0.000000000000000000, 0.000000000000000000, 1.000000000000000000 ) ) ;
#2152 = ORIENTED_EDGE ( 'NONE', *, *, #1518, .T. ) ;
#2153 = CARTESIAN_POINT ( 'NONE',  ( 3.500000000000000444, -0.2299999999999999822, 6.700000000000000178 ) ) ;
#2154 = DIRECTION ( 'NONE',  ( 0.000000000000000000, -0.000000000000000000, -1.000000000000000000 ) ) ;
#2155 = VERTEX_POINT ( 'NONE', #2489 ) ;
#2156 = FACE_BOUND ( 'NONE', #2581, .T. ) ;
#2157 = EDGE_LOOP ( 'NONE', ( #2402, #1484, #1223, #1863, #970, #2243, #1149, #2327, #1019, #1709 ) ) ;
#2158 = CARTESIAN_POINT ( 'NONE',  ( 3.500000000000000444, 0.06999999999999999278, 7.000000000000000888 ) ) ;
#2159 = EDGE_CURVE ( 'NONE', #1621, #311, #772, .T. ) ;
#2160 = AXIS2_PLACEMENT_3D ( 'NONE', #2493, #2700, #2245 ) ;
#2161 = ORIENTED_EDGE ( 'NONE', *, *, #361, .T. ) ;
#2162 = LINE ( 'NONE', #1092, #1862 ) ;
#2163 = EDGE_CURVE ( 'NONE', #217, #1325, #2179, .T. ) ;
#2164 = DIRECTION ( 'NONE',  ( 0.000000000000000000, 1.000000000000000000, -0.000000000000000000 ) ) ;
#2165 = CARTESIAN_POINT ( 'NONE',  ( -2.723606797749979602, -0.4299999999999999933, 6.613606797749979727 ) ) ;
#2166 = ORIENTED_EDGE ( 'NONE', *, *, #688, .F. ) ;
#2167 = LINE ( 'NONE', #485, #2509 ) ;
#2168 = EDGE_CURVE ( 'NONE', #2727, #582, #950, .T. ) ;
#2169 = VERTEX_POINT ( 'NONE', #1999 ) ;
#2170 = CARTESIAN_POINT ( 'NONE',  ( 1.212646626862566857, -0.4433751015039460452, 6.089999999999999858 ) ) ;
#2171 = AXIS2_PLACEMENT_3D ( 'NONE', #1809, #2469, #947 ) ;
#2172 = ORIENTED_EDGE ( 'NONE', *, *, #80, .F. ) ;
#2173 = EDGE_CURVE ( 'NONE', #1462, #17, #744, .T. ) ;
#2174 = CARTESIAN_POINT ( 'NONE',  ( -0.4590257856487721666, -0.2133348186394753987, 5.190000000000001279 ) ) ;
#2175 = DIRECTION ( 'NONE',  ( -0.000000000000000000, 1.000000000000000000, -0.000000000000000000 ) ) ;
#2176 = DIRECTION ( 'NONE',  ( -0.000000000000000000, 1.000000000000000000, -0.000000000000000000 ) ) ;
#2177 = ORIENTED_EDGE ( 'NONE', *, *, #2487, .T. ) ;
#2178 = CYLINDRICAL_SURFACE ( 'NONE', #1081, 0.3000000000000002665 ) ;
#2179 = CIRCLE ( 'NONE', #214, 0.3999999999999996891 ) ;
#2180 = CARTESIAN_POINT ( 'NONE',  ( 1.240468262544553557, -0.4523915280803875727, 6.108547833073324718 ) ) ;
#2181 = ORIENTED_EDGE ( 'NONE', *, *, #2405, .T. ) ;
#2182 = DIRECTION ( 'NONE',  ( 0.000000000000000000, 0.000000000000000000, -1.000000000000000000 ) ) ;
#2183 = CIRCLE ( 'NONE', #973, 0.2999999999999999334 ) ;
#2184 = B_SPLINE_CURVE_WITH_KNOTS ( 'NONE', 3,
 ( #2095, #1209, #2051, #1668, #2527, #2267 ),
 .UNSPECIFIED., .F., .F.,
 ( 4, 2, 4 ),
 ( 0.003594810432695292289, 0.004489527484386229145, 0.005384244536077165133 ),
 .UNSPECIFIED. ) ;
#2185 = VECTOR ( 'NONE', #885, 100.0000000000000000 ) ;
#2186 = ORIENTED_EDGE ( 'NONE', *, *, #1078, .T. ) ;
#2187 = ADVANCED_FACE ( 'NONE', ( #320, #1377 ), #1630, .T. ) ;
#2188 = ADVANCED_FACE ( 'NONE', ( #729 ), #1783, .F. ) ;
#2189 = CARTESIAN_POINT ( 'NONE',  ( -1.999999999999998002, -0.4299999999999999933, 6.089999999999999858 ) ) ;
#2190 = CARTESIAN_POINT ( 'NONE',  ( 1.459237942961265633, -0.4299999999999999933, 1.400845385503678209 ) ) ;
#2191 = B_SPLINE_CURVE_WITH_KNOTS ( 'NONE', 3,
 ( #1336, #267, #1761, #2174, #1749, #2614 ),
 .UNSPECIFIED., .F., .F.,
 ( 4, 2, 4 ),
 ( 0.000000000000000000, 0.0008897379984941073110, 0.001779475996988214622 ),
 .UNSPECIFIED. ) ;
#2192 = CARTESIAN_POINT ( 'NONE',  ( 2.000000000000002220, -0.4299999999999999933, 5.190000000000001279 ) ) ;
#2193 = ORIENTED_EDGE ( 'NONE', *, *, #1219, .T. ) ;
#2194 = LINE ( 'NONE', #1765, #1387 ) ;
#2195 = CARTESIAN_POINT ( 'NONE',  ( 1.133162870853924531, -0.4302223613824203152, 6.089999999999999858 ) ) ;
#2196 = CARTESIAN_POINT ( 'NONE',  ( -0.3135322457671657070, 0.06999999999999999278, 5.045555555555556460 ) ) ;
#2197 = CIRCLE ( 'NONE', #1476, 0.3999999999999996891 ) ;
#2198 = CC_DESIGN_PERSON_AND_ORGANIZATION_ASSIGNMENT ( #309, #2462, ( #470 ) ) ;
#2199 = VECTOR ( 'NONE', #2510, 100.0000000000000000 ) ;
#2200 = ORIENTED_EDGE ( 'NONE', *, *, #933, .F. ) ;
#2201 = FACE_OUTER_BOUND ( 'NONE', #898, .T. ) ;
#2202 = CARTESIAN_POINT ( 'NONE',  ( -3.367691035546142686, -0.2299999999999999822, 7.269247725942388882 ) ) ;
#2203 = VECTOR ( 'NONE', #1798, 100.0000000000000000 ) ;
#2204 = FACE_OUTER_BOUND ( 'NONE', #2625, .T. ) ;
#2205 = ORIENTED_EDGE ( 'NONE', *, *, #2596, .F. ) ;
#2206 = DIRECTION ( 'NONE',  ( -0.000000000000000000, 1.000000000000000000, -0.000000000000000000 ) ) ;
#2207 = CARTESIAN_POINT ( 'NONE',  ( 2.000000000000002220, -0.5300000000000000266, 5.190000000000001279 ) ) ;
#2208 = AXIS2_PLACEMENT_3D ( 'NONE', #340, #1609, #1384 ) ;
#2209 = FACE_OUTER_BOUND ( 'NONE', #1920, .T. ) ;
#2210 = CIRCLE ( 'NONE', #426, 0.3000000000000002665 ) ;
#2211 = ADVANCED_FACE ( 'NONE', ( #1572 ), #2682, .F. ) ;
#2212 = DIRECTION ( 'NONE',  ( 0.000000000000000000, -1.000000000000000000, 0.000000000000000000 ) ) ;
#2213 = VECTOR ( 'NONE', #1406, 100.0000000000000000 ) ;
#2214 = EDGE_LOOP ( 'NONE', ( #2305, #378, #2685, #1723, #1308, #1260, #1562, #352 ) ) ;
#2215 = DIRECTION ( 'NONE',  ( 0.000000000000000000, -1.000000000000000000, 0.000000000000000000 ) ) ;
#2216 = PLANE ( 'NONE',  #503 ) ;
#2217 = DIRECTION ( 'NONE',  ( 0.000000000000000000, 0.000000000000000000, -1.000000000000000000 ) ) ;
#2218 = EDGE_LOOP ( 'NONE', ( #1207, #407, #2570, #159, #53 ) ) ;
#2219 = CARTESIAN_POINT ( 'NONE',  ( -1.536814114258679087, -0.5300000000000000266, 6.390000000000001457 ) ) ;
#2220 = DIRECTION ( 'NONE',  ( 0.000000000000000000, 0.000000000000000000, -1.000000000000000000 ) ) ;
#2221 = CARTESIAN_POINT ( 'NONE',  ( 2.168404344971008868E-17, 0.06999999999999999278, 4.890000000000000568 ) ) ;
#2222 = DIRECTION ( 'NONE',  ( 0.000000000000000000, -1.000000000000000000, 0.000000000000000000 ) ) ;
#2223 = AXIS2_PLACEMENT_3D ( 'NONE', #969, #2628, #938 ) ;
#2224 = LINE ( 'NONE', #2023, #251 ) ;
#2225 = EDGE_CURVE ( 'NONE', #2169, #1117, #1203, .T. ) ;
#2226 = ORIENTED_EDGE ( 'NONE', *, *, #2068, .F. ) ;
#2227 = DIRECTION ( 'NONE',  ( 0.000000000000000000, -1.000000000000000000, 0.000000000000000000 ) ) ;
#2228 = EDGE_CURVE ( 'NONE', #1976, #852, #2472, .T. ) ;
#2229 = CARTESIAN_POINT ( 'NONE',  ( -3.500000000000000444, -0.2299999999999999822, 7.000000000000000888 ) ) ;
#2230 = ORIENTED_EDGE ( 'NONE', *, *, #1643, .F. ) ;
#2231 = COORDINATED_UNIVERSAL_TIME_OFFSET ( 5, 0, .BEHIND. ) ;
#2232 = CARTESIAN_POINT ( 'NONE',  ( -1.126385683979055363, -0.2299999999999999822, 3.390000000000000568 ) ) ;
#2233 = ORIENTED_EDGE ( 'NONE', *, *, #1869, .F. ) ;
#2234 = CARTESIAN_POINT ( 'NONE',  ( -1.300192250191731347, -0.4844287368094753465, 3.635810355477733680 ) ) ;
#2235 = CARTESIAN_POINT ( 'NONE',  ( 3.500000000000000444, -0.4299999999999999933, 7.000000000000000888 ) ) ;
#2236 = CARTESIAN_POINT ( 'NONE',  ( 2.538868010227679051, -0.4925655265031703145, 5.404504183971412523 ) ) ;
#2237 = ADVANCED_FACE ( 'NONE', ( #519 ), #1901, .F. ) ;
#2238 = CARTESIAN_POINT ( 'NONE',  ( -0.3135322457671657070, 0.06999999999999999278, 5.045555555555556460 ) ) ;
#2239 = VECTOR ( 'NONE', #863, 100.0000000000000000 ) ;
#2240 = ORIENTED_EDGE ( 'NONE', *, *, #1936, .T. ) ;
#2241 = CARTESIAN_POINT ( 'NONE',  ( -1.743757207371209095, -0.2299999999999999822, 6.047692307692307701 ) ) ;
#2242 = FACE_OUTER_BOUND ( 'NONE', #902, .T. ) ;
#2243 = ORIENTED_EDGE ( 'NONE', *, *, #2102, .F. ) ;
#2244 = AXIS2_PLACEMENT_3D ( 'NONE', #696, #1134, #2408 ) ;
#2245 = DIRECTION ( 'NONE',  ( 1.000000000000000000, 0.000000000000000000, 0.000000000000000000 ) ) ;
#2246 = LINE ( 'NONE', #115, #2371 ) ;
#2247 = ORIENTED_EDGE ( 'NONE', *, *, #169, .T. ) ;
#2248 = CARTESIAN_POINT ( 'NONE',  ( -2.533669330440178946, -0.4651329420898168698, 6.471153697267641114 ) ) ;
#2249 = CARTESIAN_POINT ( 'NONE',  ( 2.000000000000002220, -0.5300000000000000266, 5.190000000000001279 ) ) ;
#2250 = DIRECTION ( 'NONE',  ( 8.673617379884039416E-16, 0.000000000000000000, -1.000000000000000000 ) ) ;
#2251 = ADVANCED_FACE ( 'NONE', ( #126 ), #363, .F. ) ;
#2252 = DIRECTION ( 'NONE',  ( 0.000000000000000000, -1.000000000000000000, 0.000000000000000000 ) ) ;
#2253 = EDGE_CURVE ( 'NONE', #852, #1827, #2771, .T. ) ;
#2254 = CARTESIAN_POINT ( 'NONE',  ( -0.3039926335722741846, -0.05367675687115402994, 5.110376019503902079 ) ) ;
#2255 = EDGE_CURVE ( 'NONE', #1671, #2077, #2549, .T. ) ;
#2256 = EDGE_LOOP ( 'NONE', ( #405, #794, #665, #1510, #2757, #1819 ) ) ;
#2257 = ADVANCED_FACE ( 'NONE', ( #818 ), #2346, .T. ) ;
#2258 = DIRECTION ( 'NONE',  ( -0.000000000000000000, 1.000000000000000000, -0.000000000000000000 ) ) ;
#2259 = DIRECTION ( 'NONE',  ( 1.000000000000000000, 0.000000000000000000, 0.000000000000000000 ) ) ;
#2260 = AXIS2_PLACEMENT_3D ( 'NONE', #1450, #618, #2769 ) ;
#2261 = ORIENTED_EDGE ( 'NONE', *, *, #2578, .F. ) ;
#2262 = PERSON_AND_ORGANIZATION ( #2287, #1338 ) ;
#2263 = EDGE_LOOP ( 'NONE', ( #131, #2040, #2045, #1142, #2701 ) ) ;
#2264 = CYLINDRICAL_SURFACE ( 'NONE', #2748, 1.000000000000000222 ) ;
#2265 = DIRECTION ( 'NONE',  ( 0.000000000000000000, 0.000000000000000000, -1.000000000000000000 ) ) ;
#2266 = EDGE_CURVE ( 'NONE', #319, #703, #1274, .T. ) ;
#2267 = CARTESIAN_POINT ( 'NONE',  ( -0.5766281297335397182, -0.2299999999999999822, 4.590000000000000746 ) ) ;
#2268 = ADVANCED_FACE ( 'NONE', ( #1663 ), #171, .T. ) ;
#2269 = CARTESIAN_POINT ( 'NONE',  ( 1.126385683979055141, -0.2299999999999999822, 3.690000000000000835 ) ) ;
#2270 = CARTESIAN_POINT ( 'NONE',  ( -0.3473286819754386467, -0.1526156027414780347, 5.173596520590296066 ) ) ;
#2271 = CARTESIAN_POINT ( 'NONE',  ( -0.3121015933631223760, -0.08860559375913577840, 4.647846164278175429 ) ) ;
#2272 = ORIENTED_EDGE ( 'NONE', *, *, #2163, .T. ) ;
#2273 = CARTESIAN_POINT ( 'NONE',  ( 0.4031128874149274011, 0.07000000000000000666, 5.190000000000001279 ) ) ;
#2274 = DIRECTION ( 'NONE',  ( 0.000000000000000000, 0.000000000000000000, -1.000000000000000000 ) ) ;
#2275 = EDGE_CURVE ( 'NONE', #18, #381, #332, .T. ) ;
#2276 = DATE_AND_TIME ( #1380, #945 ) ;
#2277 = ADVANCED_FACE ( 'NONE', ( #1064 ), #1875, .T. ) ;
#2278 = ORIENTED_EDGE ( 'NONE', *, *, #906, .T. ) ;
#2279 = VERTEX_POINT ( 'NONE', #2728 ) ;
#2280 = AXIS2_PLACEMENT_3D ( 'NONE', #499, #39, #2395 ) ;
#2281 =( LENGTH_UNIT ( ) NAMED_UNIT ( * ) SI_UNIT ( .CENTI., .METRE. ) );
#2282 = CARTESIAN_POINT ( 'NONE',  ( 0.3781207820484963067, -0.1783317880802154087, 4.592487407497919172 ) ) ;
#2283 = CARTESIAN_POINT ( 'NONE',  ( -1.346000926249719010, -0.5300000000000000266, 6.089999999999999858 ) ) ;
#2284 = CARTESIAN_POINT ( 'NONE',  ( -1.387889464970863074, -0.5300000000000001377, 6.230887641452989456 ) ) ;
#2285 = DIRECTION ( 'NONE',  ( -4.625929269271481378E-15, 0.000000000000000000, -1.000000000000000000 ) ) ;
#2286 = FACE_OUTER_BOUND ( 'NONE', #848, .T. ) ;
#2287 = PERSON ( 'UNSPECIFIED', 'UNSPECIFIED', 'UNSPECIFIED', ('UNSPECIFIED'), ('UNSPECIFIED'), ('UNSPECIFIED') ) ;
#2288 = VERTEX_POINT ( 'NONE', #2742 ) ;
#2289 = CC_DESIGN_PERSON_AND_ORGANIZATION_ASSIGNMENT ( #1800, #535, ( #364 ) ) ;
#2290 = CARTESIAN_POINT ( 'NONE',  ( -4.704570066849101629E-16, -0.5300000000000000266, 3.390000000000000568 ) ) ;
#2291 = DIRECTION ( 'NONE',  ( 0.000000000000000000, -1.000000000000000000, 0.000000000000000000 ) ) ;
#2292 = ORIENTED_EDGE ( 'NONE', *, *, #176, .T. ) ;
#2293 = ORIENTED_EDGE ( 'NONE', *, *, #2111, .F. ) ;
#2294 = DIRECTION ( 'NONE',  ( -1.000000000000000000, 0.000000000000000000, 0.000000000000000000 ) ) ;
#2295 = CARTESIAN_POINT ( 'NONE',  ( 2.488748337216481588, -0.5391225033571822589, 6.378748337216769038 ) ) ;
#2296 = CARTESIAN_POINT ( 'NONE',  ( 1.133162870853924531, -0.2299999999999999822, 6.089999999999999858 ) ) ;
#2297 = ORIENTED_EDGE ( 'NONE', *, *, #114, .T. ) ;
#2298 = CARTESIAN_POINT ( 'NONE',  ( -2.505012212429225560, -0.5240911744378875525, 5.237762159840888110 ) ) ;
#2299 = AXIS2_PLACEMENT_3D ( 'NONE', #2473, #1394, #730 ) ;
#2300 = CARTESIAN_POINT ( 'NONE',  ( -1.999999999999998002, -0.5300000000000000266, 6.089999999999999858 ) ) ;
#2301 = EDGE_CURVE ( 'NONE', #1941, #1253, #1890, .T. ) ;
#2302 = CARTESIAN_POINT ( 'NONE',  ( -0.4031128874149274011, -0.1912315359462900821, 4.590000000000000746 ) ) ;
#2303 = ORIENTED_EDGE ( 'NONE', *, *, #2772, .F. ) ;
#2304 = CARTESIAN_POINT ( 'NONE',  ( -1.787030807762585605, -0.4555278165153083259, 6.492507580192037331 ) ) ;
#2305 = ORIENTED_EDGE ( 'NONE', *, *, #2, .F. ) ;
#2306 = ORIENTED_EDGE ( 'NONE', *, *, #2677, .F. ) ;
#2307 = ORIENTED_EDGE ( 'NONE', *, *, #1895, .F. ) ;
#2308 = CARTESIAN_POINT ( 'NONE',  ( 1.126385683979055141, -0.2299999999999999822, 3.390000000000000568 ) ) ;
#2309 = DIRECTION ( 'NONE',  ( -1.000000000000000000, 0.000000000000000000, 0.000000000000000000 ) ) ;
#2310 = DIRECTION ( 'NONE',  ( 0.000000000000000000, 0.000000000000000000, -1.000000000000000000 ) ) ;
#2311 = VERTEX_POINT ( 'NONE', #857 ) ;
#2312 = CARTESIAN_POINT ( 'NONE',  ( -2.576246574864566874, -0.4677240188376728391, 5.509860305441320882 ) ) ;
#2313 = VECTOR ( 'NONE', #2506, 100.0000000000000000 ) ;
#2314 = VERTEX_POINT ( 'NONE', #1452 ) ;
#2315 = DIRECTION ( 'NONE',  ( -0.000000000000000000, 1.000000000000000000, 0.000000000000000000 ) ) ;
#2316 = EDGE_CURVE ( 'NONE', #253, #17, #1647, .T. ) ;
#2317 = CARTESIAN_POINT ( 'NONE',  ( -0.3781208605104194875, -0.1783318344785609355, 4.592487390957694871 ) ) ;
#2318 = AXIS2_PLACEMENT_3D ( 'NONE', #2025, #348, #1601 ) ;
#2319 = CARTESIAN_POINT ( 'NONE',  ( 2.168404344971008868E-17, -0.2299999999999999822, 4.890000000000000568 ) ) ;
#2320 = ORIENTED_EDGE ( 'NONE', *, *, #451, .F. ) ;
#2321 = AXIS2_PLACEMENT_3D ( 'NONE', #2449, #269, #1120 ) ;
#2322 = VERTEX_POINT ( 'NONE', #412 ) ;
#2323 = EDGE_CURVE ( 'NONE', #2149, #18, #469, .T. ) ;
#2324 = CARTESIAN_POINT ( 'NONE',  ( -2.000000000000003109, -0.4299999999999999933, 3.689999999999999503 ) ) ;
#2325 = CARTESIAN_POINT ( 'NONE',  ( 2.000000000000002220, -0.4299999999999999933, 6.089999999999999858 ) ) ;
#2326 = CARTESIAN_POINT ( 'NONE',  ( -1.999999999999998002, -0.4299999999999999933, 5.190000000000000391 ) ) ;
#2327 = ORIENTED_EDGE ( 'NONE', *, *, #1917, .F. ) ;
#2328 = CARTESIAN_POINT ( 'NONE',  ( -2.723606797749979158, -0.4299999999999999933, 5.753062728821090488 ) ) ;
#2329 = AXIS2_PLACEMENT_3D ( 'NONE', #735, #722, #1372 ) ;
#2330 = ORIENTED_EDGE ( 'NONE', *, *, #198, .F. ) ;
#2331 = CARTESIAN_POINT ( 'NONE',  ( 0.3043380188145627940, 0.02000381397622599811, 5.069429195338401861 ) ) ;
#2332 = CYLINDRICAL_SURFACE ( 'NONE', #2083, 0.3500000000000003109 ) ;
#2333 = DIRECTION ( 'NONE',  ( -0.000000000000000000, 1.000000000000000000, -0.000000000000000000 ) ) ;
#2334 = DIRECTION ( 'NONE',  ( -0.000000000000000000, 1.000000000000000000, -0.000000000000000000 ) ) ;
#2335 = ORIENTED_EDGE ( 'NONE', *, *, #2138, .T. ) ;
#2336 = CARTESIAN_POINT ( 'NONE',  ( 2.498762554885577636, -0.5300000000000001377, 6.335471293751177235 ) ) ;
#2337 = VECTOR ( 'NONE', #2760, 100.0000000000000000 ) ;
#2338 = CARTESIAN_POINT ( 'NONE',  ( 3.500000000000000444, 0.06999999999999999278, 7.000000000000000888 ) ) ;
#2339 = DIRECTION ( 'NONE',  ( 0.000000000000000000, -1.000000000000000000, 0.000000000000000000 ) ) ;
#2340 = EDGE_LOOP ( 'NONE', ( #2650, #553, #2193, #585 ) ) ;
#2341 = CARTESIAN_POINT ( 'NONE',  ( 0.5766281297335397182, -0.2299999999999999822, 5.190000000000001279 ) ) ;
#2342 = ORIENTED_EDGE ( 'NONE', *, *, #1271, .F. ) ;
#2343 = CARTESIAN_POINT ( 'NONE',  ( 0.000000000000000000, -0.2299999999999999822, 0.000000000000000000 ) ) ;
#2344 = CARTESIAN_POINT ( 'NONE',  ( -3.500000000000000444, -0.2299999999999999822, 7.175000000000000711 ) ) ;
#2345 = VECTOR ( 'NONE', #321, 100.0000000000000000 ) ;
#2346 = CYLINDRICAL_SURFACE ( 'NONE', #1854, 0.3000000000000002665 ) ;
#2347 = VECTOR ( 'NONE', #2659, 100.0000000000000000 ) ;
#2348 = ORIENTED_EDGE ( 'NONE', *, *, #234, .T. ) ;
#2349 = CIRCLE ( 'NONE', #1266, 0.1750000000000001554 ) ;
#2350 = ORIENTED_EDGE ( 'NONE', *, *, #864, .T. ) ;
#2351 = CARTESIAN_POINT ( 'NONE',  ( 2.425464400750006799, -0.5300000000000000266, 6.390000000000001457 ) ) ;
#2352 = DIRECTION ( 'NONE',  ( 0.000000000000000000, 0.000000000000000000, 1.000000000000000000 ) ) ;
#2353 = CARTESIAN_POINT ( 'NONE',  ( -2.435497074425029052, -0.5299999999999999156, 6.389999999999999680 ) ) ;
#2354 = ORIENTED_EDGE ( 'NONE', *, *, #1519, .F. ) ;
#2355 = CARTESIAN_POINT ( 'NONE',  ( -2.000000000000003109, -0.4299999999999999933, 3.689999999999999503 ) ) ;
#2356 = VERTEX_POINT ( 'NONE', #2576 ) ;
#2357 = AXIS2_PLACEMENT_3D ( 'NONE', #1037, #2755, #1024 ) ;
#2358 = DIRECTION ( 'NONE',  ( 0.000000000000000000, 0.000000000000000000, -1.000000000000000000 ) ) ;
#2359 = EDGE_CURVE ( 'NONE', #1169, #2098, #1216, .T. ) ;
#2360 = ADVANCED_FACE ( 'NONE', ( #1438 ), #200, .T. ) ;
#2361 = B_SPLINE_CURVE_WITH_KNOTS ( 'NONE', 3,
 ( #1287, #2376, #1730, #672, #699, #661, #2170, #250, #1100, #2411 ),
 .UNSPECIFIED., .F., .F.,
 ( 4, 2, 2, 2, 4 ),
 ( 0.000000000000000000, 0.0006000980237942242675, 0.001200196047588448535, 0.001800294071382672802, 0.002400392095176897070 ),
 .UNSPECIFIED. ) ;
#2362 = AXIS2_PLACEMENT_3D ( 'NONE', #2036, #1210, #2678 ) ;
#2363 = DIRECTION ( 'NONE',  ( 1.000000000000000000, 0.000000000000000000, 0.000000000000000000 ) ) ;
#2364 = ORIENTED_EDGE ( 'NONE', *, *, #1810, .T. ) ;
#2365 = VERTEX_POINT ( 'NONE', #831 ) ;
#2366 = FACE_OUTER_BOUND ( 'NONE', #1521, .T. ) ;
#2367 = CARTESIAN_POINT ( 'NONE',  ( -3.500000000000000444, -0.4299999999999999933, 7.175000000000000711 ) ) ;
#2368 = AXIS2_PLACEMENT_3D ( 'NONE', #1129, #2626, #2430 ) ;
#2369 = EDGE_CURVE ( 'NONE', #178, #1335, #1745, .T. ) ;
#2370 = EDGE_CURVE ( 'NONE', #582, #646, #2101, .T. ) ;
#2371 = VECTOR ( 'NONE', #1132, 100.0000000000000000 ) ;
#2372 = DIRECTION ( 'NONE',  ( -0.000000000000000000, 1.000000000000000000, -0.000000000000000000 ) ) ;
#2373 = ORIENTED_EDGE ( 'NONE', *, *, #195, .F. ) ;
#2374 = CARTESIAN_POINT ( 'NONE',  ( -1.999999999999998002, -0.4299999999999999933, 5.190000000000000391 ) ) ;
#2375 = ORIENTED_EDGE ( 'NONE', *, *, #668, .F. ) ;
#2376 = CARTESIAN_POINT ( 'NONE',  ( 1.332430960217829252, -0.5149134192304820612, 6.089999999999999858 ) ) ;
#2377 = APPROVAL ( #1620, 'UNSPECIFIED' ) ;
#2378 = ORIENTED_EDGE ( 'NONE', *, *, #1786, .T. ) ;
#2379 = CARTESIAN_POINT ( 'NONE',  ( -2.425464400750007687, -0.5300000000000000266, 6.390000000000001457 ) ) ;
#2380 = LINE ( 'NONE', #1306, #867 ) ;
#2381 = DIRECTION ( 'NONE',  ( 1.734723475976805517E-15, 0.000000000000000000, -1.000000000000000000 ) ) ;
#2382 = VERTEX_POINT ( 'NONE', #1289 ) ;
#2383 = LINE ( 'NONE', #1195, #1385 ) ;
#2384 = ORIENTED_EDGE ( 'NONE', *, *, #341, .T. ) ;
#2385 = CARTESIAN_POINT ( 'NONE',  ( 1.999999999999997335, -0.4299999999999999933, 4.589999999999999858 ) ) ;
#2386 = CIRCLE ( 'NONE', #1303, 0.3000000000000002665 ) ;
#2387 = EDGE_CURVE ( 'NONE', #2155, #44, #229, .T. ) ;
#2388 = ADVANCED_FACE ( 'NONE', ( #2146 ), #1434, .T. ) ;
#2389 = ORIENTED_EDGE ( 'NONE', *, *, #1643, .T. ) ;
#2390 = CARTESIAN_POINT ( 'NONE',  ( 1.133162870853924531, 0.08661876661662211430, 6.089999999999999858 ) ) ;
#2391 = CARTESIAN_POINT ( 'NONE',  ( -1.646000926249718388, -0.5300000000000000266, 3.690000000000000835 ) ) ;
#2392 = CARTESIAN_POINT ( 'NONE',  ( -3.500000000000000444, -0.2299999999999999822, 7.000000000000000888 ) ) ;
#2393 = ORIENTED_EDGE ( 'NONE', *, *, #1192, .T. ) ;
#2394 = CARTESIAN_POINT ( 'NONE',  ( 1.630112555622212245, -0.4299999999999999933, 6.431208791208790743 ) ) ;
#2395 = DIRECTION ( 'NONE',  ( 0.000000000000000000, 0.000000000000000000, -1.000000000000000000 ) ) ;
#2396 = EDGE_LOOP ( 'NONE', ( #1646, #1735, #366, #1245, #1860, #1752 ) ) ;
#2397 = DIRECTION ( 'NONE',  ( 0.000000000000000000, -1.000000000000000000, 0.000000000000000000 ) ) ;
#2398 = VECTOR ( 'NONE', #1200, 100.0000000000000000 ) ;
#2399 = EDGE_CURVE ( 'NONE', #1189, #283, #656, .T. ) ;
#2400 = EDGE_CURVE ( 'NONE', #1671, #719, #2027, .T. ) ;
#2401 = AXIS2_PLACEMENT_3D ( 'NONE', #1808, #330, #1153 ) ;
#2402 = ORIENTED_EDGE ( 'NONE', *, *, #3, .T. ) ;
#2403 = CARTESIAN_POINT ( 'NONE',  ( 1.787030807762585161, -0.4299999999999999933, 6.492507580192037331 ) ) ;
#2404 = DIRECTION ( 'NONE',  ( 0.000000000000000000, 1.000000000000000000, 0.000000000000000000 ) ) ;
#2405 = EDGE_CURVE ( 'NONE', #1722, #846, #1645, .T. ) ;
#2406 = DIRECTION ( 'NONE',  ( 0.000000000000000000, -1.000000000000000000, -0.000000000000000000 ) ) ;
#2407 = ORIENTED_EDGE ( 'NONE', *, *, #1141, .T. ) ;
#2408 = DIRECTION ( 'NONE',  ( -1.000000000000000000, 0.000000000000000000, 0.000000000000000000 ) ) ;
#2409 = AXIS2_PLACEMENT_3D ( 'NONE', #2538, #1666, #821 ) ;
#2410 = CARTESIAN_POINT ( 'NONE',  ( 2.723606797749978714, -0.4299999999999999933, 5.753062728821089600 ) ) ;
#2411 = CARTESIAN_POINT ( 'NONE',  ( 1.133162870853924531, -0.4302223613824203152, 6.089999999999999858 ) ) ;
#2412 = CIRCLE ( 'NONE', #1364, 0.1750000000000001554 ) ;
#2413 = AXIS2_PLACEMENT_3D ( 'NONE', #2035, #2633, #2250 ) ;
#2414 = AXIS2_PLACEMENT_3D ( 'NONE', #449, #2397, #1929 ) ;
#2415 = ORIENTED_EDGE ( 'NONE', *, *, #2607, .T. ) ;
#2416 = CYLINDRICAL_SURFACE ( 'NONE', #2502, 0.1000000000000000888 ) ;
#2417 = ORIENTED_EDGE ( 'NONE', *, *, #786, .F. ) ;
#2418 = CARTESIAN_POINT ( 'NONE',  ( 1.459237942961265633, -0.4299999999999999933, 1.400845385503678209 ) ) ;
#2419 = EDGE_CURVE ( 'NONE', #37, #1014, #168, .T. ) ;
#2420 = LINE ( 'NONE', #1788, #843 ) ;
#2421 = ORIENTED_EDGE ( 'NONE', *, *, #640, .F. ) ;
#2422 = APPLICATION_CONTEXT ( 'configuration controlled 3d designs of mechanical parts and assemblies' ) ;
#2423 = PLANE ( 'NONE',  #191 ) ;
#2424 = CARTESIAN_POINT ( 'NONE',  ( 1.364059729821925915, -0.5215787366417121707, 6.196727824282750596 ) ) ;
#2425 = CARTESIAN_POINT ( 'NONE',  ( 1.181522760696885221, -0.4355611488602453285, 3.685207547781377269 ) ) ;
#2426 =( BOUNDED_SURFACE ( )  B_SPLINE_SURFACE ( 3, 2, ( 
 ( #597, #2776, #1880 ),
 ( #2525, #1208, #2747 ),
 ( #1456, #2567, #850 ),
 ( #2064, #1698, #2719 ),
 ( #1248, #1413, #796 ),
 ( #149, #1002, #1851 ),
 ( #1638, #2295, #2511 ),
 ( #1428, #1868, #822 ) ),
 .UNSPECIFIED., .F., .F., .F. ) 
 B_SPLINE_SURFACE_WITH_KNOTS ( ( 4, 2, 2, 4 ),
 ( 3, 3 ),
 ( 1.570796326794896558, 1.993853868090565307, 2.205382638738399681, 2.416911409386234055 ),
 ( 0.000000000000000000, 1.000000000000000000 ),
 .UNSPECIFIED. ) 
 GEOMETRIC_REPRESENTATION_ITEM ( )  RATIONAL_B_SPLINE_SURFACE ( (
 ( 1.000000000000000000, 1.000000000000000000, 1.000000000000000000),
 ( 1.000000000000000000, 1.000214346060871007, 1.000000000000000000),
 ( 1.000000000000000000, 0.9845183313127153779, 1.000000000000000000),
 ( 1.000000000000000000, 0.9431430293755957983, 1.000000000000000000),
 ( 1.000000000000000000, 0.9264311541008510842, 1.000000000000000000),
 ( 1.000000000000000000, 0.8893526984154261905, 1.000000000000000000),
 ( 1.000000000000000000, 0.8690007184285937214, 1.000000000000000000),
 ( 1.000000000000000000, 0.8483608296477889166, 1.000000000000000000) ) ) 
 REPRESENTATION_ITEM ( '' )  SURFACE ( )  );
#2427 = DIRECTION ( 'NONE',  ( -0.000000000000000000, 1.000000000000000000, -0.000000000000000000 ) ) ;
#2428 = CIRCLE ( 'NONE', #638, 0.3000000000000002665 ) ;
#2429 = ORIENTED_EDGE ( 'NONE', *, *, #2387, .F. ) ;
#2430 = DIRECTION ( 'NONE',  ( 0.000000000000000000, 0.000000000000000000, 1.000000000000000000 ) ) ;
#2431 = DIRECTION ( 'NONE',  ( -1.000000000000000000, 0.000000000000000000, -0.000000000000000000 ) ) ;
#2432 = AXIS2_PLACEMENT_3D ( 'NONE', #2229, #1158, #2010 ) ;
#2433 = FACE_OUTER_BOUND ( 'NONE', #2214, .T. ) ;
#2434 = ORIENTED_EDGE ( 'NONE', *, *, #2651, .F. ) ;
#2435 = DIRECTION ( 'NONE',  ( -0.000000000000000000, 1.000000000000000000, -0.000000000000000000 ) ) ;
#2436 = DIRECTION ( 'NONE',  ( -0.000000000000000000, 1.000000000000000000, -0.000000000000000000 ) ) ;
#2437 = CARTESIAN_POINT ( 'NONE',  ( 1.744191623938817770, -0.5300000000000000266, 5.190000000000001279 ) ) ;
#2438 = VECTOR ( 'NONE', #606, 100.0000000000000000 ) ;
#2439 = CARTESIAN_POINT ( 'NONE',  ( 2.577372571113912603, -0.4677294463901400245, 5.509541327291273660 ) ) ;
#2440 = EDGE_CURVE ( 'NONE', #994, #505, #1414, .T. ) ;
#2441 = CARTESIAN_POINT ( 'NONE',  ( 0.3135322457671657070, 0.06999999999999999278, 4.734444444444444677 ) ) ;
#2442 = EDGE_CURVE ( 'NONE', #671, #1325, #138, .T. ) ;
#2443 = AXIS2_PLACEMENT_3D ( 'NONE', #95, #334, #1814 ) ;
#2444 = VERTEX_POINT ( 'NONE', #2547 ) ;
#2445 = DIRECTION ( 'NONE',  ( -0.000000000000000000, 1.000000000000000000, -0.000000000000000000 ) ) ;
#2446 = FACE_OUTER_BOUND ( 'NONE', #1128, .T. ) ;
#2447 = ORIENTED_EDGE ( 'NONE', *, *, #572, .T. ) ;
#2448 = CALENDAR_DATE ( 2026, 17, 6 ) ;
#2449 = CARTESIAN_POINT ( 'NONE',  ( 1.122394128499739185, -0.7299999999999999822, 3.690000000000000835 ) ) ;
#2450 = ORIENTED_EDGE ( 'NONE', *, *, #491, .F. ) ;
#2451 = CARTESIAN_POINT ( 'NONE',  ( 3.500000000000000444, -0.4299999999999999933, 5.122813892646076894 ) ) ;
#2452 = CARTESIAN_POINT ( 'NONE',  ( 3.500000000000000444, -0.2299999999999999822, 7.000000000000000888 ) ) ;
#2453 = ADVANCED_FACE ( 'NONE', ( #1008 ), #2332, .T. ) ;
#2454 = CARTESIAN_POINT ( 'NONE',  ( 1.267759289793221278, -0.4664617058668482641, 3.654893806573802806 ) ) ;
#2455 = CARTESIAN_POINT ( 'NONE',  ( 2.600698682198165912, -0.4560221040628035238, 5.561056543514396822 ) ) ;
#2456 = DIRECTION ( 'NONE',  ( 0.000000000000000000, 0.000000000000000000, -1.000000000000000000 ) ) ;
#2457 = EDGE_CURVE ( 'NONE', #1376, #1803, #154, .T. ) ;
#2458 = VERTEX_POINT ( 'NONE', #2100 ) ;
#2459 = CARTESIAN_POINT ( 'NONE',  ( 1.999999999999997335, -0.4299999999999999933, 4.589999999999999858 ) ) ;
#2460 = DIRECTION ( 'NONE',  ( 0.000000000000000000, -1.000000000000000000, 0.000000000000000000 ) ) ;
#2461 = ORIENTED_EDGE ( 'NONE', *, *, #32, .T. ) ;
#2462 = PERSON_AND_ORGANIZATION_ROLE ( 'creator' ) ;
#2463 = DIRECTION ( 'NONE',  ( 8.673617379884027583E-16, 0.000000000000000000, -1.000000000000000000 ) ) ;
#2464 = ORIENTED_EDGE ( 'NONE', *, *, #2253, .F. ) ;
#2465 = CARTESIAN_POINT ( 'NONE',  ( -2.639017683834902872, -0.4390799789990681434, 6.500821312529379448 ) ) ;
#2466 = FACE_OUTER_BOUND ( 'NONE', #928, .T. ) ;
#2467 = CARTESIAN_POINT ( 'NONE',  ( 1.194712439100456436, -0.4385320038198242121, 3.682420195750500724 ) ) ;
#2468 = LINE ( 'NONE', #959, #1841 ) ;
#2469 = DIRECTION ( 'NONE',  ( 0.000000000000000000, -1.000000000000000000, 0.000000000000000000 ) ) ;
#2470 = AXIS2_PLACEMENT_3D ( 'NONE', #1681, #583, #204 ) ;
#2471 = ORIENTED_EDGE ( 'NONE', *, *, #360, .T. ) ;
#2472 = LINE ( 'NONE', #1186, #27 ) ;
#2473 = CARTESIAN_POINT ( 'NONE',  ( -3.500000000000000444, -0.2299999999999999822, 7.000000000000000888 ) ) ;
#2474 = ORIENTED_EDGE ( 'NONE', *, *, #328, .F. ) ;
#2475 = VECTOR ( 'NONE', #1964, 100.0000000000000000 ) ;
#2476 = EDGE_CURVE ( 'NONE', #1237, #1722, #1255, .T. ) ;
#2477 = APPROVAL_DATE_TIME ( #1787, #2377 ) ;
#2478 = DIRECTION ( 'NONE',  ( 0.000000000000000000, -1.000000000000000000, -0.000000000000000000 ) ) ;
#2479 = ORIENTED_EDGE ( 'NONE', *, *, #2039, .F. ) ;
#2480 = CARTESIAN_POINT ( 'NONE',  ( -2.539874627633459170, -0.4902477665459588629, 6.429874627633583195 ) ) ;
#2481 = LINE ( 'NONE', #1778, #277 ) ;
#2482 = CARTESIAN_POINT ( 'NONE',  ( 2.168404344971008868E-17, -0.2299999999999999822, 4.890000000000000568 ) ) ;
#2483 = AXIS2_PLACEMENT_3D ( 'NONE', #2689, #2436, #285 ) ;
#2484 = CARTESIAN_POINT ( 'NONE',  ( 2.500000000000000000, -0.5300000000000000266, 0.000000000000000000 ) ) ;
#2485 = CARTESIAN_POINT ( 'NONE',  ( 2.500000000000000000, -0.5300000000000000266, 3.390000000000001457 ) ) ;
#2486 = ADVANCED_FACE ( 'NONE', ( #992 ), #1857, .F. ) ;
#2487 = EDGE_CURVE ( 'NONE', #952, #2781, #2561, .T. ) ;
#2488 = ORIENTED_EDGE ( 'NONE', *, *, #933, .T. ) ;
#2489 = CARTESIAN_POINT ( 'NONE',  ( -1.744191623938817770, -0.2299999999999999822, 5.190000000000001279 ) ) ;
#2490 = DIRECTION ( 'NONE',  ( 0.000000000000000000, 0.000000000000000000, -1.000000000000000000 ) ) ;
#2491 = AXIS2_PLACEMENT_3D ( 'NONE', #720, #929, #213 ) ;
#2492 = FACE_OUTER_BOUND ( 'NONE', #1176, .T. ) ;
#2493 = CARTESIAN_POINT ( 'NONE',  ( 0.000000000000000000, 0.000000000000000000, 0.000000000000000000 ) ) ;
#2494 = ORIENTED_EDGE ( 'NONE', *, *, #2737, .T. ) ;
#2495 = CARTESIAN_POINT ( 'NONE',  ( -2.498993569089073219, -0.5311309538653053997, 6.314122492868770919 ) ) ;
#2496 = CARTESIAN_POINT ( 'NONE',  ( -1.126385683979055363, -0.4300265553672199537, 3.690000000000000835 ) ) ;
#2497 = AXIS2_PLACEMENT_3D ( 'NONE', #768, #2222, #302 ) ;
#2498 = CARTESIAN_POINT ( 'NONE',  ( -1.317354016538103467, -0.5012300325386425115, 6.090000000000000746 ) ) ;
#2499 = CARTESIAN_POINT ( 'NONE',  ( 0.5766281297335397182, -0.2299999999999999822, 5.190000000000001279 ) ) ;
#2500 = FACE_BOUND ( 'NONE', #1269, .T. ) ;
#2501 = DIRECTION ( 'NONE',  ( -0.000000000000000000, 1.000000000000000000, -0.000000000000000000 ) ) ;
#2502 = AXIS2_PLACEMENT_3D ( 'NONE', #493, #33, #2590 ) ;
#2503 = AXIS2_PLACEMENT_3D ( 'NONE', #2123, #2339, #36 ) ;
#2504 = ORIENTED_EDGE ( 'NONE', *, *, #1896, .F. ) ;
#2505 = DIRECTION ( 'NONE',  ( 0.000000000000000000, -0.000000000000000000, -1.000000000000000000 ) ) ;
#2506 = DIRECTION ( 'NONE',  ( -0.000000000000000000, 1.000000000000000000, -0.000000000000000000 ) ) ;
#2507 = ORIENTED_EDGE ( 'NONE', *, *, #2744, .F. ) ;
#2508 = ORIENTED_EDGE ( 'NONE', *, *, #2692, .F. ) ;
#2509 = VECTOR ( 'NONE', #2632, 100.0000000000000000 ) ;
#2510 = DIRECTION ( 'NONE',  ( 0.000000000000000000, 0.000000000000000000, 1.000000000000000000 ) ) ;
#2511 = CARTESIAN_POINT ( 'NONE',  ( 2.513014935777029280, -0.5152944800488249433, 6.332817648453061388 ) ) ;
#2512 = EDGE_CURVE ( 'NONE', #2098, #1976, #1036, .T. ) ;
#2513 = CARTESIAN_POINT ( 'NONE',  ( -1.744191623938817770, -0.4299999999999999933, 5.190000000000000391 ) ) ;
#2514 = VERTEX_POINT ( 'NONE', #2754 ) ;
#2515 = CARTESIAN_POINT ( 'NONE',  ( -2.500000000000000444, -0.5300000000000000266, 5.122813892646073342 ) ) ;
#2516 = DIRECTION ( 'NONE',  ( 0.000000000000000000, 0.000000000000000000, 1.000000000000000000 ) ) ;
#2517 = DIRECTION ( 'NONE',  ( -0.8974924198079635707, 0.000000000000000000, -0.4410298815128587124 ) ) ;
#2518 = EDGE_LOOP ( 'NONE', ( #2745, #559, #1493, #2508 ) ) ;
#2519 = DIRECTION ( 'NONE',  ( -0.000000000000000000, 1.000000000000000000, 0.000000000000000000 ) ) ;
#2520 =( BOUNDED_CURVE ( )  B_SPLINE_CURVE ( 3, ( #2753, #2768, #424, #1212 ),
 .UNSPECIFIED., .F., .F. ) 
 B_SPLINE_CURVE_WITH_KNOTS ( ( 4, 4 ),
 ( 3.871320309816759675, 4.712388980384689674 ),
 .UNSPECIFIED. ) 
 CURVE ( )  GEOMETRIC_REPRESENTATION_ITEM ( )  RATIONAL_B_SPLINE_CURVE ( ( 1.000000000000000000, 0.9419139527835179715, 0.9419139527835179715, 1.000000000000000000 ) ) 
 REPRESENTATION_ITEM ( '' )  );
#2521 = VERTEX_POINT ( 'NONE', #784 ) ;
#2522 = ORIENTED_EDGE ( 'NONE', *, *, #906, .F. ) ;
#2523 = ORIENTED_EDGE ( 'NONE', *, *, #2487, .F. ) ;
#2524 = CARTESIAN_POINT ( 'NONE',  ( 2.464504304886723673, -0.5300000000000000266, 6.382530613855116997 ) ) ;
#2525 = CARTESIAN_POINT ( 'NONE',  ( 2.667185446417589922, -0.4300000000000001044, 6.571290784250757966 ) ) ;
#2526 = CC_DESIGN_SECURITY_CLASSIFICATION ( #238, ( #364 ) ) ;
#2527 = CARTESIAN_POINT ( 'NONE',  ( -0.5465437139214210926, -0.2299999999999999822, 4.590000000000000746 ) ) ;
#2528 = ORIENTED_EDGE ( 'NONE', *, *, #1271, .T. ) ;
#2529 = CARTESIAN_POINT ( 'NONE',  ( 1.744191623938817770, -0.5300000000000000266, 4.590000000000000746 ) ) ;
#2530 = ORIENTED_EDGE ( 'NONE', *, *, #1895, .T. ) ;
#2531 = CARTESIAN_POINT ( 'NONE',  ( 0.000000000000000000, 0.06999999999999999278, 0.000000000000000000 ) ) ;
#2532 = CARTESIAN_POINT ( 'NONE',  ( -0.3135322457671657070, 0.06999999999999999278, 4.734444444444444677 ) ) ;
#2533 = EDGE_CURVE ( 'NONE', #732, #1462, #829, .T. ) ;
#2534 = ADVANCED_FACE ( 'NONE', ( #2286 ), #1214, .F. ) ;
#2535 = CARTESIAN_POINT ( 'NONE',  ( 1.126385683979055141, 0.08661876661662211430, 3.390000000000000568 ) ) ;
#2536 = ORIENTED_EDGE ( 'NONE', *, *, #769, .F. ) ;
#2537 = VERTEX_POINT ( 'NONE', #2219 ) ;
#2538 = CARTESIAN_POINT ( 'NONE',  ( 2.168404344971008868E-17, 0.07000000000000000666, 4.890000000000000568 ) ) ;
#2539 = DIRECTION ( 'NONE',  ( 0.000000000000000000, -1.000000000000000000, 0.000000000000000000 ) ) ;
#2540 = DIRECTION ( 'NONE',  ( 0.000000000000000000, 0.000000000000000000, 1.000000000000000000 ) ) ;
#2541 = ORIENTED_EDGE ( 'NONE', *, *, #1917, .T. ) ;
#2542 = CARTESIAN_POINT ( 'NONE',  ( -2.654430183824088907, -0.4366304714808605381, 5.659676528799900019 ) ) ;
#2543 = CIRCLE ( 'NONE', #1675, 0.3999999999999996891 ) ;
#2544 = ORIENTED_EDGE ( 'NONE', *, *, #2762, .T. ) ;
#2545 = MANIFOLD_SOLID_BREP ( 'Cut-Extrude4', #871 ) ;
#2546 = CARTESIAN_POINT ( 'NONE',  ( 0.3257287854560151352, -0.1221897461383023853, 5.153935302697667531 ) ) ;
#2547 = CARTESIAN_POINT ( 'NONE',  ( 1.133162870853924531, -0.4299999999999999933, 6.089999999999999858 ) ) ;
#2548 = CIRCLE ( 'NONE', #119, 0.3000000000000002665 ) ;
#2549 = LINE ( 'NONE', #215, #289 ) ;
#2550 = LINE ( 'NONE', #622, #2580 ) ;
#2551 = CIRCLE ( 'NONE', #1196, 0.3000000000000002665 ) ;
#2552 = ORIENTED_EDGE ( 'NONE', *, *, #580, .F. ) ;
#2553 = LINE ( 'NONE', #834, #1682 ) ;
#2554 = CARTESIAN_POINT ( 'NONE',  ( 0.3565569120515036383, -0.1618450507622261891, 4.600748377129129985 ) ) ;
#2555 = FACE_OUTER_BOUND ( 'NONE', #509, .T. ) ;
#2556 = ORIENTED_EDGE ( 'NONE', *, *, #2512, .F. ) ;
#2557 = LINE ( 'NONE', #2529, #931 ) ;
#2558 = VECTOR ( 'NONE', #1334, 100.0000000000000000 ) ;
#2559 = EDGE_LOOP ( 'NONE', ( #658, #1703, #308, #2447, #892 ) ) ;
#2560 = FACE_OUTER_BOUND ( 'NONE', #963, .T. ) ;
#2561 = LINE ( 'NONE', #1691, #1530 ) ;
#2562 = EDGE_CURVE ( 'NONE', #2288, #1775, #297, .T. ) ;
#2563 = CARTESIAN_POINT ( 'NONE',  ( 3.500000000000000444, -0.4299999999999999933, 7.300000000000000711 ) ) ;
#2564 = ORIENTED_EDGE ( 'NONE', *, *, #318, .T. ) ;
#2565 = ORIENTED_EDGE ( 'NONE', *, *, #1358, .T. ) ;
#2566 = CARTESIAN_POINT ( 'NONE',  ( -0.4031128874149274011, -0.2299999999999999822, 5.190000000000001279 ) ) ;
#2567 = CARTESIAN_POINT ( 'NONE',  ( 2.623716520486221171, -0.4428966321501610071, 6.513716520485837158 ) ) ;
#2568 = ADVANCED_FACE ( 'NONE', ( #1150 ), #2642, .F. ) ;
#2569 = CARTESIAN_POINT ( 'NONE',  ( -1.999999999999998002, -0.5300000000000000266, 5.190000000000000391 ) ) ;
#2570 = ORIENTED_EDGE ( 'NONE', *, *, #2359, .F. ) ;
#2571 = CARTESIAN_POINT ( 'NONE',  ( 2.723606797749978714, -0.7299999999999999822, 0.000000000000000000 ) ) ;
#2572 =( GEOMETRIC_REPRESENTATION_CONTEXT ( 3 ) GLOBAL_UNCERTAINTY_ASSIGNED_CONTEXT ( ( #1468 ) ) GLOBAL_UNIT_ASSIGNED_CONTEXT ( ( #2281, #354, #1637 ) ) REPRESENTATION_CONTEXT ( 'NONE', 'WORKASPACE' ) );
#2573 = ORIENTED_EDGE ( 'NONE', *, *, #1689, .F. ) ;
#2574 = FACE_OUTER_BOUND ( 'NONE', #139, .T. ) ;
#2575 = VECTOR ( 'NONE', #495, 100.0000000000000000 ) ;
#2576 = CARTESIAN_POINT ( 'NONE',  ( 2.033466784912490333, -0.4299999999999999933, 6.613606797749979727 ) ) ;
#2577 = EDGE_CURVE ( 'NONE', #1074, #1847, #1777, .T. ) ;
#2578 = EDGE_CURVE ( 'NONE', #1014, #2382, #1111, .T. ) ;
#2579 = ORIENTED_EDGE ( 'NONE', *, *, #2067, .T. ) ;
#2580 = VECTOR ( 'NONE', #2334, 100.0000000000000000 ) ;
#2581 = EDGE_LOOP ( 'NONE', ( #2773, #1185 ) ) ;
#2582 = CARTESIAN_POINT ( 'NONE',  ( 1.999999999999997335, -0.4299999999999999933, 4.589999999999999858 ) ) ;
#2583 = FACE_OUTER_BOUND ( 'NONE', #2340, .T. ) ;
#2584 = CARTESIAN_POINT ( 'NONE',  ( -2.500000000000000444, -0.5300000000000000266, 6.315464400750007812 ) ) ;
#2585 = ORIENTED_EDGE ( 'NONE', *, *, #1757, .T. ) ;
#2586 = CARTESIAN_POINT ( 'NONE',  ( -0.3135322457671657626, -0.2299999999999999822, 5.045555555555556460 ) ) ;
#2587 = VERTEX_POINT ( 'NONE', #893 ) ;
#2588 = CARTESIAN_POINT ( 'NONE',  ( -1.787030807762585605, -0.4299999999999999933, 6.492507580192037331 ) ) ;
#2589 = ORIENTED_EDGE ( 'NONE', *, *, #1552, .T. ) ;
#2590 = DIRECTION ( 'NONE',  ( 0.000000000000000000, 0.000000000000000000, 1.000000000000000000 ) ) ;
#2591 = CARTESIAN_POINT ( 'NONE',  ( 3.716417903378041565, -0.4299999999999999933, 6.792242229754329230 ) ) ;
#2592 = VECTOR ( 'NONE', #2406, 100.0000000000000000 ) ;
#2593 = DIRECTION ( 'NONE',  ( 0.000000000000000000, 0.000000000000000000, -1.000000000000000000 ) ) ;
#2594 = VERTEX_POINT ( 'NONE', #88 ) ;
#2595 = FACE_OUTER_BOUND ( 'NONE', #1575, .T. ) ;
#2596 = EDGE_CURVE ( 'NONE', #1664, #2279, #2386, .T. ) ;
#2597 = ORIENTED_EDGE ( 'NONE', *, *, #2442, .T. ) ;
#2598 = CARTESIAN_POINT ( 'NONE',  ( -1.630112555622166504, -0.4918173658517577818, 6.431208791208777420 ) ) ;
#2599 = ORIENTED_EDGE ( 'NONE', *, *, #1538, .F. ) ;
#2600 = DIRECTION ( 'NONE',  ( 0.000000000000000000, -1.000000000000000000, 0.000000000000000000 ) ) ;
#2601 = CARTESIAN_POINT ( 'NONE',  ( 3.500000000000000444, -0.2299999999999999822, 7.000000000000000888 ) ) ;
#2602 = CARTESIAN_POINT ( 'NONE',  ( 1.564265690512096185, -0.5114451874892764760, 6.406595928833497489 ) ) ;
#2603 = VERTEX_POINT ( 'NONE', #1354 ) ;
#2604 = AXIS2_PLACEMENT_3D ( 'NONE', #1315, #2175, #59 ) ;
#2605 = DIRECTION ( 'NONE',  ( 0.000000000000000000, -1.000000000000000000, 0.000000000000000000 ) ) ;
#2606 = FACE_OUTER_BOUND ( 'NONE', #1655, .T. ) ;
#2607 = EDGE_CURVE ( 'NONE', #686, #2594, #1211, .T. ) ;
#2608 = ORIENTED_EDGE ( 'NONE', *, *, #81, .T. ) ;
#2609 = DIRECTION ( 'NONE',  ( 1.000000000000000000, 0.000000000000000000, 0.000000000000000000 ) ) ;
#2610 = VECTOR ( 'NONE', #1940, 100.0000000000000000 ) ;
#2611 = VECTOR ( 'NONE', #2435, 100.0000000000000000 ) ;
#2612 = ADVANCED_FACE ( 'NONE', ( #484 ), #2423, .T. ) ;
#2613 = ORIENTED_EDGE ( 'NONE', *, *, #2102, .T. ) ;
#2614 = CARTESIAN_POINT ( 'NONE',  ( -0.4031128874149221275, -0.1912315359462877784, 5.190000000000001279 ) ) ;
#2615 = FACE_OUTER_BOUND ( 'NONE', #1954, .T. ) ;
#2616 = CARTESIAN_POINT ( 'NONE',  ( -2.492530613855119093, -0.5300000000000000266, 6.354504304886726906 ) ) ;
#2617 = ORIENTED_EDGE ( 'NONE', *, *, #1375, .T. ) ;
#2618 = CARTESIAN_POINT ( 'NONE',  ( -3.500000000000000444, 0.06999999999999999278, 7.000000000000000888 ) ) ;
#2619 = PLANE ( 'NONE',  #1418 ) ;
#2620 = ORIENTED_EDGE ( 'NONE', *, *, #701, .T. ) ;
#2621 = DIRECTION ( 'NONE',  ( 0.000000000000000000, 0.000000000000000000, -1.000000000000000000 ) ) ;
#2622 = VECTOR ( 'NONE', #1861, 100.0000000000000000 ) ;
#2623 = EDGE_CURVE ( 'NONE', #2727, #1440, #62, .T. ) ;
#2624 = AXIS2_PLACEMENT_3D ( 'NONE', #2662, #542, #1626 ) ;
#2625 = EDGE_LOOP ( 'NONE', ( #1062, #866, #1265, #145 ) ) ;
#2626 = DIRECTION ( 'NONE',  ( 0.000000000000000000, 1.000000000000000000, 0.000000000000000000 ) ) ;
#2627 = CARTESIAN_POINT ( 'NONE',  ( 1.744191623938817770, -0.2299999999999999822, 5.190000000000001279 ) ) ;
#2628 = DIRECTION ( 'NONE',  ( 0.000000000000000000, -1.000000000000000000, 0.000000000000000000 ) ) ;
#2629 = ORIENTED_EDGE ( 'NONE', *, *, #1347, .F. ) ;
#2630 = DIRECTION ( 'NONE',  ( 0.000000000000000000, -1.000000000000000000, 0.000000000000000000 ) ) ;
#2631 = VECTOR ( 'NONE', #964, 100.0000000000000000 ) ;
#2632 = DIRECTION ( 'NONE',  ( 0.000000000000000000, -1.000000000000000000, 0.000000000000000000 ) ) ;
#2633 = DIRECTION ( 'NONE',  ( -0.000000000000000000, 1.000000000000000000, -0.000000000000000000 ) ) ;
#2634 = CARTESIAN_POINT ( 'NONE',  ( 1.787030807762585161, -0.4555278165153078263, 6.492507580192037331 ) ) ;
#2635 = VECTOR ( 'NONE', #697, 100.0000000000000000 ) ;
#2636 = AXIS2_PLACEMENT_3D ( 'NONE', #1048, #182, #2516 ) ;
#2637 = ORIENTED_EDGE ( 'NONE', *, *, #65, .F. ) ;
#2638 = CARTESIAN_POINT ( 'NONE',  ( 1.999999999999997335, -0.5300000000000000266, 4.589999999999999858 ) ) ;
#2639 = CYLINDRICAL_SURFACE ( 'NONE', #369, 0.9999999999999995559 ) ;
#2640 = CARTESIAN_POINT ( 'NONE',  ( 3.367691035546143574, -0.2299999999999999822, 7.269247725942387994 ) ) ;
#2641 = ORIENTED_EDGE ( 'NONE', *, *, #1078, .F. ) ;
#2642 = PLANE ( 'NONE',  #2491 ) ;
#2643 = CARTESIAN_POINT ( 'NONE',  ( -1.319407848854763587, -0.4976536967996023630, 3.621031282872510193 ) ) ;
#2644 = EDGE_CURVE ( 'NONE', #2120, #2382, #1753, .T. ) ;
#2645 = EDGE_CURVE ( 'NONE', #1349, #2311, #2428, .T. ) ;
#2646 = CARTESIAN_POINT ( 'NONE',  ( 1.386193305114386654, -0.5300000000000000266, 3.540000000000000924 ) ) ;
#2647 = PLANE ( 'NONE',  #1003 ) ;
#2648 = CARTESIAN_POINT ( 'NONE',  ( 0.4031128874149274011, -0.2299999999999999822, 5.090000000000000746 ) ) ;
#2649 = CC_DESIGN_APPROVAL ( #1701, ( #364 ) ) ;
#2650 = ORIENTED_EDGE ( 'NONE', *, *, #739, .F. ) ;
#2651 = EDGE_CURVE ( 'NONE', #719, #2587, #1341, .T. ) ;
#2652 = ADVANCED_FACE ( 'NONE', ( #1550 ), #2178, .F. ) ;
#2653 = CARTESIAN_POINT ( 'NONE',  ( -2.723606797749979602, -0.4299999999999999933, 6.390000000000001457 ) ) ;
#2654 = FACE_OUTER_BOUND ( 'NONE', #2681, .T. ) ;
#2655 = PERSON_AND_ORGANIZATION_ROLE ( 'design_supplier' ) ;
#2656 = CARTESIAN_POINT ( 'NONE',  ( -0.4031128874149274011, -0.2299999999999999822, 5.090000000000000746 ) ) ;
#2657 = ORIENTED_EDGE ( 'NONE', *, *, #2056, .F. ) ;
#2658 = CARTESIAN_POINT ( 'NONE',  ( 3.500000000000000444, -0.4299999999999999933, 6.825000000000000178 ) ) ;
#2659 = DIRECTION ( 'NONE',  ( 0.000000000000000000, 0.000000000000000000, 1.000000000000000000 ) ) ;
#2660 = CARTESIAN_POINT ( 'NONE',  ( 1.646000926249718166, -0.2299999999999999822, 3.390000000000000568 ) ) ;
#2661 = B_SPLINE_CURVE_WITH_KNOTS ( 'NONE', 3,
 ( #1499, #1680, #2336, #232, #1028, #1711, #2524, #2733, #430, #2351 ),
 .UNSPECIFIED., .F., .F.,
 ( 4, 2, 2, 2, 4 ),
 ( 0.000000000000000000, 0.0002984700657906411711, 0.0005969401315812823423, 0.0008954101973719235134, 0.001193880263162564685 ),
 .UNSPECIFIED. ) ;
#2662 = CARTESIAN_POINT ( 'NONE',  ( 1.743757207371208429, -0.5300000000000000266, 6.047692307692307701 ) ) ;
#2663 = EDGE_CURVE ( 'NONE', #813, #624, #93, .T. ) ;
#2664 = DIRECTION ( 'NONE',  ( -0.000000000000000000, 1.000000000000000000, -0.000000000000000000 ) ) ;
#2665 = EDGE_CURVE ( 'NONE', #2279, #1294, #1320, .T. ) ;
#2666 = ORIENTED_EDGE ( 'NONE', *, *, #1472, .T. ) ;
#2667 = LINE ( 'NONE', #2653, #1457 ) ;
#2668 = CARTESIAN_POINT ( 'NONE',  ( 0.3135322457671657626, -0.2299999999999999822, 5.045555555555556460 ) ) ;
#2669 = CIRCLE ( 'NONE', #475, 0.3000000000000002665 ) ;
#2670 = ORIENTED_EDGE ( 'NONE', *, *, #2645, .T. ) ;
#2671 = CARTESIAN_POINT ( 'NONE',  ( 2.500000000000000000, -0.5300000000000000266, 6.315464400750007812 ) ) ;
#2672 = ORIENTED_EDGE ( 'NONE', *, *, #739, .T. ) ;
#2673 = FACE_OUTER_BOUND ( 'NONE', #464, .T. ) ;
#2674 = CARTESIAN_POINT ( 'NONE',  ( 0.3473286819754385357, -0.1526156027414780625, 4.606403479409705071 ) ) ;
#2675 = VECTOR ( 'NONE', #1724, 100.0000000000000000 ) ;
#2676 = DIRECTION ( 'NONE',  ( -1.000000000000000000, 0.000000000000000000, -1.387778780781445429E-16 ) ) ;
#2677 = EDGE_CURVE ( 'NONE', #40, #1133, #1038, .T. ) ;
#2678 = DIRECTION ( 'NONE',  ( 0.000000000000000000, 0.000000000000000000, -1.000000000000000000 ) ) ;
#2679 = AXIS2_PLACEMENT_3D ( 'NONE', #1094, #718, #1548 ) ;
#2680 = CARTESIAN_POINT ( 'NONE',  ( -2.500000000000000444, -0.5300000000000000266, 5.122813892646073342 ) ) ;
#2681 = EDGE_LOOP ( 'NONE', ( #807, #2474, #249, #1718 ) ) ;
#2682 = CYLINDRICAL_SURFACE ( 'NONE', #2443, 0.1000000000000000888 ) ;
#2683 = AXIS2_PLACEMENT_3D ( 'NONE', #2235, #1179, #958 ) ;
#2684 = CARTESIAN_POINT ( 'NONE',  ( -1.346000926249718121, -0.5300000000000000266, 3.690000000000000835 ) ) ;
#2685 = ORIENTED_EDGE ( 'NONE', *, *, #1213, .T. ) ;
#2686 = LINE ( 'NONE', #761, #122 ) ;
#2687 = ORIENTED_EDGE ( 'NONE', *, *, #2691, .T. ) ;
#2688 = CARTESIAN_POINT ( 'NONE',  ( -2.528718701458336326, -0.5009452595419969789, 6.353756002694447957 ) ) ;
#2689 = CARTESIAN_POINT ( 'NONE',  ( 3.500000000000000444, -0.2299999999999999822, 5.122813892646076894 ) ) ;
#2690 = CARTESIAN_POINT ( 'NONE',  ( -1.394846157932761122, -0.2299999999999999822, 6.243296703296703498 ) ) ;
#2691 = EDGE_CURVE ( 'NONE', #788, #1169, #2065, .T. ) ;
#2692 = EDGE_CURVE ( 'NONE', #2594, #2150, #2194, .T. ) ;
#2693 = DIRECTION ( 'NONE',  ( -0.000000000000000000, 1.000000000000000000, -0.000000000000000000 ) ) ;
#2694 = CARTESIAN_POINT ( 'NONE',  ( -1.744191623938817770, -0.5300000000000000266, 4.890000000000000568 ) ) ;
#2695 = CIRCLE ( 'NONE', #674, 0.3000000000000002665 ) ;
#2696 = ORIENTED_EDGE ( 'NONE', *, *, #1570, .F. ) ;
#2697 = DIRECTION ( 'NONE',  ( -0.000000000000000000, -1.000000000000000000, -0.000000000000000000 ) ) ;
#2698 = DIRECTION ( 'NONE',  ( 0.000000000000000000, -1.000000000000000000, 0.000000000000000000 ) ) ;
#2699 = DIRECTION ( 'NONE',  ( 0.000000000000000000, -1.000000000000000000, 0.000000000000000000 ) ) ;
#2700 = DIRECTION ( 'NONE',  ( 0.000000000000000000, 0.000000000000000000, 1.000000000000000000 ) ) ;
#2701 = ORIENTED_EDGE ( 'NONE', *, *, #414, .F. ) ;
#2702 = DIRECTION ( 'NONE',  ( -0.000000000000000000, 1.000000000000000000, -0.000000000000000000 ) ) ;
#2703 = CIRCLE ( 'NONE', #2299, 0.3000000000000002665 ) ;
#2704 = CARTESIAN_POINT ( 'NONE',  ( 1.744191623938817770, -0.2299999999999999822, 4.890000000000000568 ) ) ;
#2705 = CARTESIAN_POINT ( 'NONE',  ( -1.173138957525670767, -0.4337648005981812882, 6.089999999999999858 ) ) ;
#2706 = AXIS2_PLACEMENT_3D ( 'NONE', #2338, #190, #386 ) ;
#2707 = CARTESIAN_POINT ( 'NONE',  ( 2.655067488528203512, -0.4364744141671935695, 5.660684145476321483 ) ) ;
#2708 = AXIS2_PLACEMENT_3D ( 'NONE', #1410, #2274, #2059 ) ;
#2709 = CARTESIAN_POINT ( 'NONE',  ( 0.3901269992458128444, -0.1853491654213231810, 5.190000000000002167 ) ) ;
#2710 = CARTESIAN_POINT ( 'NONE',  ( -0.3039927029101907596, -0.05367728167582021953, 4.669623664020878806 ) ) ;
#2711 = ORIENTED_EDGE ( 'NONE', *, *, #294, .F. ) ;
#2712 = CARTESIAN_POINT ( 'NONE',  ( -3.500000000000000444, -0.2299999999999999822, 7.300000000000000711 ) ) ;
#2713 = ADVANCED_FACE ( 'NONE', ( #1412 ), #76, .T. ) ;
#2714 = VECTOR ( 'NONE', #377, 100.0000000000000000 ) ;
#2715 = ORIENTED_EDGE ( 'NONE', *, *, #2255, .F. ) ;
#2716 = PERSON_AND_ORGANIZATION ( #2287, #1338 ) ;
#2717 = ORIENTED_EDGE ( 'NONE', *, *, #989, .T. ) ;
#2718 = ORIENTED_EDGE ( 'NONE', *, *, #2644, .T. ) ;
#2719 = CARTESIAN_POINT ( 'NONE',  ( 2.581153697267624558, -0.4651329420898238087, 6.423669330440173297 ) ) ;
#2720 = CARTESIAN_POINT ( 'NONE',  ( -3.500000000000000444, -0.2299999999999999822, 7.000000000000000888 ) ) ;
#2721 = ORIENTED_EDGE ( 'NONE', *, *, #1770, .T. ) ;
#2722 = CARTESIAN_POINT ( 'NONE',  ( 0.4301324490586666549, -0.2034709046318050885, 5.190000000000000391 ) ) ;
#2723 = FACE_OUTER_BOUND ( 'NONE', #1528, .T. ) ;
#2724 = DIRECTION ( 'NONE',  ( -0.000000000000000000, 1.000000000000000000, -0.000000000000000000 ) ) ;
#2725 = VECTOR ( 'NONE', #2697, 100.0000000000000000 ) ;
#2726 = CIRCLE ( 'NONE', #1508, 0.1750000000000001554 ) ;
#2727 = VERTEX_POINT ( 'NONE', #102 ) ;
#2728 = CARTESIAN_POINT ( 'NONE',  ( 1.646000926249718166, -0.5300000000000000266, 3.390000000000000568 ) ) ;
#2729 = B_SPLINE_CURVE_WITH_KNOTS ( 'NONE', 3,
 ( #1835, #798, #2705, #371, #356, #1624, #1416, #2498, #569, #2283 ),
 .UNSPECIFIED., .F., .F.,
 ( 4, 2, 2, 2, 4 ),
 ( 0.0001144847216864443393, 0.0007145298734431473333, 0.001314575025199850354, 0.001914620176956553267, 0.002514665328713256397 ),
 .UNSPECIFIED. ) ;
#2730 = ORIENTED_EDGE ( 'NONE', *, *, #2266, .T. ) ;
#2731 = ORIENTED_EDGE ( 'NONE', *, *, #603, .T. ) ;
#2732 = VERTEX_POINT ( 'NONE', #567 ) ;
#2733 = CARTESIAN_POINT ( 'NONE',  ( 2.445433944809435545, -0.5300000000000000266, 6.388773406794745924 ) ) ;
#2734 = CARTESIAN_POINT ( 'NONE',  ( -1.743757207371209095, -0.5300000000000000266, 6.047692307692307701 ) ) ;
#2735 = CYLINDRICAL_SURFACE ( 'NONE', #400, 0.3999999999999996891 ) ;
#2736 = EDGE_LOOP ( 'NONE', ( #1240, #837, #1202, #2161 ) ) ;
#2737 = EDGE_CURVE ( 'NONE', #1310, #2288, #1016, .T. ) ;
#2738 = CARTESIAN_POINT ( 'NONE',  ( -2.539939163602328964, -0.4926127113020402626, 5.404029812466818683 ) ) ;
#2739 = ADVANCED_FACE ( 'NONE', ( #538, #162 ), #1399, .F. ) ;
#2740 = CYLINDRICAL_SURFACE ( 'NONE', #1823, 0.3000000000000002665 ) ;
#2741 = CARTESIAN_POINT ( 'NONE',  ( -3.500000000000000444, -0.4299999999999999933, 7.000000000000000888 ) ) ;
#2742 = CARTESIAN_POINT ( 'NONE',  ( 2.000000000000002220, -0.4299999999999999933, 6.089999999999999858 ) ) ;
#2743 = ORIENTED_EDGE ( 'NONE', *, *, #1997, .F. ) ;
#2744 = EDGE_CURVE ( 'NONE', #2015, #2314, #749, .T. ) ;
#2745 = ORIENTED_EDGE ( 'NONE', *, *, #1849, .T. ) ;
#2746 = CARTESIAN_POINT ( 'NONE',  ( 1.999999999999996891, -0.5300000000000000266, 3.689999999999999503 ) ) ;
#2747 = CARTESIAN_POINT ( 'NONE',  ( 2.681290784251124215, -0.4300000000000001044, 6.557185446417250319 ) ) ;
#2748 = AXIS2_PLACEMENT_3D ( 'NONE', #2451, #2702, #524 ) ;
#2749 = CARTESIAN_POINT ( 'NONE',  ( 1.743757207371208429, -0.4299999999999999933, 6.047692307692307701 ) ) ;
#2750 = ORIENTED_EDGE ( 'NONE', *, *, #397, .T. ) ;
#2751 = DIRECTION ( 'NONE',  ( 0.000000000000000000, -0.000000000000000000, 1.000000000000000000 ) ) ;
#2752 = VERTEX_POINT ( 'NONE', #2658 ) ;
#2753 = CARTESIAN_POINT ( 'NONE',  ( 2.425464400750006799, -0.5300000000000000266, 6.390000000000001457 ) ) ;
#2754 = CARTESIAN_POINT ( 'NONE',  ( 1.394846157932760455, -0.5300000000000000266, 6.243296703296703498 ) ) ;
#2755 = DIRECTION ( 'NONE',  ( 0.000000000000000000, -1.000000000000000000, 0.000000000000000000 ) ) ;
#2756 = ADVANCED_FACE ( 'NONE', ( #2673 ), #2264, .F. ) ;
#2757 = ORIENTED_EDGE ( 'NONE', *, *, #360, .F. ) ;
#2758 = ORIENTED_EDGE ( 'NONE', *, *, #1481, .F. ) ;
#2759 = LINE ( 'NONE', #2121, #1632 ) ;
#2760 = DIRECTION ( 'NONE',  ( 0.000000000000000000, 0.000000000000000000, 1.000000000000000000 ) ) ;
#2761 = VECTOR ( 'NONE', #591, 100.0000000000000000 ) ;
#2762 = EDGE_CURVE ( 'NONE', #1775, #862, #339, .T. ) ;
#2763 = DIRECTION ( 'NONE',  ( -0.000000000000000000, 1.000000000000000000, -0.000000000000000000 ) ) ;
#2764 = EDGE_LOOP ( 'NONE', ( #1928, #420, #1959, #1015, #1973, #1047 ) ) ;
#2765 = CARTESIAN_POINT ( 'NONE',  ( -1.307924236590111589, -0.4870186581470273279, 6.144843327333934013 ) ) ;
#2766 = VECTOR ( 'NONE', #390, 100.0000000000000000 ) ;
#2767 = ORIENTED_EDGE ( 'NONE', *, *, #1746, .F. ) ;
#2768 = CARTESIAN_POINT ( 'NONE',  ( 2.502517589786821706, -0.4653889367864524895, 6.447789891777611082 ) ) ;
#2769 = DIRECTION ( 'NONE',  ( 1.000000000000000000, 0.000000000000000000, -0.000000000000000000 ) ) ;
#2770 = TOROIDAL_SURFACE ( 'NONE', #1409, 0.6236067977499789583, 0.2999999999999999889 ) ;
#2771 = LINE ( 'NONE', #1480, #2761 ) ;
#2772 = EDGE_CURVE ( 'NONE', #2458, #230, #132, .T. ) ;
#2773 = ORIENTED_EDGE ( 'NONE', *, *, #1689, .T. ) ;
#2774 = ORIENTED_EDGE ( 'NONE', *, *, #579, .F. ) ;
#2775 = CARTESIAN_POINT ( 'NONE',  ( 2.168404344971008868E-17, 0.07000000000000000666, 4.890000000000000568 ) ) ;
#2776 = CARTESIAN_POINT ( 'NONE',  ( 2.723606797749978714, -0.4300000000000001044, 6.613606797749979727 ) ) ;
#2777 = LINE ( 'NONE', #851, #2041 ) ;
#2778 = VERTEX_POINT ( 'NONE', #795 ) ;
#2779 = DIRECTION ( 'NONE',  ( -0.000000000000000000, 1.000000000000000000, -0.000000000000000000 ) ) ;
#2780 = AXIS2_PLACEMENT_3D ( 'NONE', #1, #1704, #2621 ) ;
#2781 = VERTEX_POINT ( 'NONE', #1622 ) ;
ENDSEC;
END-ISO-10303-21;
