ISO-10303-21;
HEADER;
FILE_DESCRIPTION (( 'STEP AP214' ),
    '1' );
FILE_NAME ('Part10.STEP',
    '2026-08-04T23:37:17',
    ( '' ),
    ( '' ),
    'SwSTEP 2.0',
    'SolidWorks 2026',
    '' );
FILE_SCHEMA (( 'AUTOMOTIVE_DESIGN' ));
ENDSEC;

DATA;
#1 = CARTESIAN_POINT ( 'NONE',  ( -2.758828012168809796, 3.031651040709872902, 0.04999999999985862281 ) ) ;
#2 = DIRECTION ( 'NONE',  ( -0.000000000000000000, 1.000000000000000000, -0.000000000000000000 ) ) ;
#3 = VERTEX_POINT ( 'NONE', #871 ) ;
#4 = ADVANCED_FACE ( 'NONE', ( #586 ), #2592, .T. ) ;
#5 = CARTESIAN_POINT ( 'NONE',  ( -3.376261712667719017, 2.190745097260661467, -0.1700591147771668699 ) ) ;
#6 = CARTESIAN_POINT ( 'NONE',  ( 1.774401156561327575, 3.225355003299496648, -3.216151191724975433 ) ) ;
#7 = ORIENTED_EDGE ( 'NONE', *, *, #2588, .T. ) ;
#8 = CARTESIAN_POINT ( 'NONE',  ( -3.455038931788014800, 3.106274865038304522, -2.276516263773268101 ) ) ;
#9 = ORIENTED_EDGE ( 'NONE', *, *, #538, .F. ) ;
#10 = CARTESIAN_POINT ( 'NONE',  ( 2.222340509401954822, 3.731651040709872635, -2.746234482039002334 ) ) ;
#11 = EDGE_CURVE ( 'NONE', #2580, #2572, #396, .T. ) ;
#12 = EDGE_CURVE ( 'NONE', #1946, #2122, #1263, .T. ) ;
#13 = ORIENTED_EDGE ( 'NONE', *, *, #2585, .T. ) ;
#14 = CARTESIAN_POINT ( 'NONE',  ( -3.075881563341376079E-13, 1.349999999999788924, 0.7999999999997987610 ) ) ;
#15 = CARTESIAN_POINT ( 'NONE',  ( -2.758828012168809796, 3.031651040709872902, -2.700000000000141842 ) ) ;
#16 = CARTESIAN_POINT ( 'NONE',  ( -3.403471777398761056, 2.395745856181532574, -0.2261313655394886768 ) ) ;
#17 = CARTESIAN_POINT ( 'NONE',  ( 0.000000000000000000, 3.031651040709872902, 0.04999999999985862281 ) ) ;
#18 = CARTESIAN_POINT ( 'NONE',  ( 2.056872686624894531, 3.568180954676113181, -2.838950840843760037 ) ) ;
#19 = AXIS2_PLACEMENT_3D ( 'NONE', #2862, #1941, #658 ) ;
#20 = EDGE_LOOP ( 'NONE', ( #2590, #2305, #563, #1503 ) ) ;
#21 = CARTESIAN_POINT ( 'NONE',  ( -3.308828012168809618, 1.349999999999788480, -2.700000000000141842 ) ) ;
#22 = VECTOR ( 'NONE', #2722, 100.0000000000000000 ) ;
#23 = DIRECTION ( 'NONE',  ( 0.000000000000000000, 0.000000000000000000, -1.000000000000000000 ) ) ;
#24 = ORIENTED_EDGE ( 'NONE', *, *, #1231, .T. ) ;
#25 = CARTESIAN_POINT ( 'NONE',  ( -4.990042898701122276, 1.549999999999788436, 0.04999999999986265431 ) ) ;
#26 = EDGE_LOOP ( 'NONE', ( #292, #2519, #1069, #1898 ) ) ;
#27 = DIRECTION ( 'NONE',  ( 0.000000000000000000, 0.000000000000000000, 1.000000000000000000 ) ) ;
#28 = CARTESIAN_POINT ( 'NONE',  ( -0.5137430402940721397, 1.349999999999758060, -0.3500000000001536327 ) ) ;
#29 = VECTOR ( 'NONE', #2507, 100.0000000000000000 ) ;
#30 = CARTESIAN_POINT ( 'NONE',  ( -3.535280151744560229, 2.285379362156214622, -0.7645340800736681874 ) ) ;
#31 = CARTESIAN_POINT ( 'NONE',  ( -3.308828012168809618, 1.349999999999788480, -3.400000000000141576 ) ) ;
#32 = DIRECTION ( 'NONE',  ( 0.000000000000000000, 0.000000000000000000, 1.000000000000000000 ) ) ;
#33 = VERTEX_POINT ( 'NONE', #139 ) ;
#34 = CARTESIAN_POINT ( 'NONE',  ( -2.758828012168809796, 1.349999999999788480, 0.1999999999998586242 ) ) ;
#35 = CARTESIAN_POINT ( 'NONE',  ( -1.734935157291043639, 3.031651040709872902, 0.1999999999998586242 ) ) ;
#36 = ORIENTED_EDGE ( 'NONE', *, *, #1222, .T. ) ;
#37 = CARTESIAN_POINT ( 'NONE',  ( 1.734935157290552032, 3.083364158351146855, -3.400000000000141576 ) ) ;
#38 = ORIENTED_EDGE ( 'NONE', *, *, #510, .T. ) ;
#39 = EDGE_CURVE ( 'NONE', #2552, #1984, #1906, .T. ) ;
#40 = DIRECTION ( 'NONE',  ( 0.000000000000000000, 0.000000000000000000, 1.000000000000000000 ) ) ;
#41 = EDGE_CURVE ( 'NONE', #473, #2239, #2526, .T. ) ;
#42 = ADVANCED_FACE ( 'NONE', ( #1122 ), #2248, .F. ) ;
#43 =( NAMED_UNIT ( * ) SI_UNIT ( $, .STERADIAN. ) SOLID_ANGLE_UNIT ( ) );
#44 = EDGE_CURVE ( 'NONE', #903, #2751, #1132, .T. ) ;
#45 = LINE ( 'NONE', #2471, #1468 ) ;
#46 = CARTESIAN_POINT ( 'NONE',  ( -3.458828012168810417, 2.902560540030952652, -0.4578706030336373023 ) ) ;
#47 = CARTESIAN_POINT ( 'NONE',  ( -4.340042898701121921, 1.349999999999788480, 0.04999999999986265431 ) ) ;
#48 = CIRCLE ( 'NONE', #479, 1.949999999999999956 ) ;
#49 = DIRECTION ( 'NONE',  ( 0.000000000000000000, 1.000000000000000000, 0.000000000000000000 ) ) ;
#50 = DIRECTION ( 'NONE',  ( -0.000000000000000000, 1.000000000000000000, -0.000000000000000000 ) ) ;
#51 = VERTEX_POINT ( 'NONE', #706 ) ;
#52 = CARTESIAN_POINT ( 'NONE',  ( -3.458828012168809529, 3.581651040709872724, -3.400000000000141576 ) ) ;
#53 = LINE ( 'NONE', #2521, #837 ) ;
#54 = ORIENTED_EDGE ( 'NONE', *, *, #1798, .T. ) ;
#55 = CARTESIAN_POINT ( 'NONE',  ( 2.244994432064839618, 3.731651040709872635, -0.5000000000001413314 ) ) ;
#56 = VERTEX_POINT ( 'NONE', #205 ) ;
#57 = DIRECTION ( 'NONE',  ( 1.000000000000000000, 0.000000000000000000, 0.000000000000000000 ) ) ;
#58 = CARTESIAN_POINT ( 'NONE',  ( -3.384783167049350450, 2.257232728901382490, -0.1861190365383513512 ) ) ;
#59 = ADVANCED_FACE ( 'NONE', ( #2016 ), #1442, .F. ) ;
#60 = DIRECTION ( 'NONE',  ( -0.000000000000000000, 0.000000000000000000, -1.000000000000000000 ) ) ;
#61 = EDGE_CURVE ( 'NONE', #2795, #2615, #2844, .T. ) ;
#62 = AXIS2_PLACEMENT_3D ( 'NONE', #1073, #1966, #2867 ) ;
#63 = CYLINDRICAL_SURFACE ( 'NONE', #2002, 0.5499999999999998224 ) ;
#64 = CARTESIAN_POINT ( 'NONE',  ( 4.686030915030229060, 1.549999999999788436, -1.900000000000141798 ) ) ;
#65 = ORIENTED_EDGE ( 'NONE', *, *, #1151, .T. ) ;
#66 = LINE ( 'NONE', #1582, #1569 ) ;
#67 = LINE ( 'NONE', #2058, #29 ) ;
#68 = ORIENTED_EDGE ( 'NONE', *, *, #2832, .T. ) ;
#69 = CARTESIAN_POINT ( 'NONE',  ( -2.244994432065514189, 3.731651040709872635, -2.700000000000141842 ) ) ;
#70 = VECTOR ( 'NONE', #665, 100.0000000000000000 ) ;
#71 = ORIENTED_EDGE ( 'NONE', *, *, #1659, .F. ) ;
#72 = AXIS2_PLACEMENT_3D ( 'NONE', #1783, #1279, #2001 ) ;
#73 = CARTESIAN_POINT ( 'NONE',  ( 4.186030915030229060, 1.549999999999788436, -1.900000000000141798 ) ) ;
#74 = PRODUCT_DEFINITION_SHAPE ( 'NONE', 'NONE',  #732 ) ;
#75 = CIRCLE ( 'NONE', #1721, 2.500000000000729194 ) ;
#76 = CARTESIAN_POINT ( 'NONE',  ( -3.875182634417003058, 1.453505561299536009, -0.3532520963488475219 ) ) ;
#77 = AXIS2_PLACEMENT_3D ( 'NONE', #349, #1019, #2382 ) ;
#78 = FACE_OUTER_BOUND ( 'NONE', #1895, .T. ) ;
#79 = LINE ( 'NONE', #1650, #571 ) ;
#80 = ORIENTED_EDGE ( 'NONE', *, *, #2284, .T. ) ;
#81 = CARTESIAN_POINT ( 'NONE',  ( -3.458828012168809529, 2.427981436352395939, -0.9671840529198799663 ) ) ;
#82 = CARTESIAN_POINT ( 'NONE',  ( 1.774865199111747005, 3.224275402044409766, 0.01552531611625938487 ) ) ;
#83 = EDGE_CURVE ( 'NONE', #1166, #2309, #2713, .T. ) ;
#84 = EDGE_LOOP ( 'NONE', ( #98, #1920, #2657, #2696, #469 ) ) ;
#85 = CIRCLE ( 'NONE', #1727, 0.6999999999999999556 ) ;
#86 = CARTESIAN_POINT ( 'NONE',  ( -3.458828012168809529, 3.031651040709872902, -3.400000000000141576 ) ) ;
#87 = VERTEX_POINT ( 'NONE', #2561 ) ;
#88 = DIRECTION ( 'NONE',  ( 0.000000000000000000, 0.000000000000000000, -1.000000000000000000 ) ) ;
#89 = CARTESIAN_POINT ( 'NONE',  ( -3.359034622868327435, 2.051387849178516909, -0.1395160014716670394 ) ) ;
#90 = CARTESIAN_POINT ( 'NONE',  ( -3.926334913951183392, 1.701497985572996141, -0.3993891056350906688 ) ) ;
#91 = AXIS2_PLACEMENT_3D ( 'NONE', #2513, #689, #27 ) ;
#92 = CARTESIAN_POINT ( 'NONE',  ( -4.002756701187469623, 1.911415177557059364, -2.717111036249026501 ) ) ;
#93 = VERTEX_POINT ( 'NONE', #2331 ) ;
#94 = CARTESIAN_POINT ( 'NONE',  ( -3.556351960681588320, 2.599995167470632751, -1.660162785133041830 ) ) ;
#95 = ADVANCED_FACE ( 'NONE', ( #527 ), #1227, .F. ) ;
#96 = CYLINDRICAL_SURFACE ( 'NONE', #1962, 2.500000000000729194 ) ;
#97 = VECTOR ( 'NONE', #1333, 100.0000000000000000 ) ;
#98 = ORIENTED_EDGE ( 'NONE', *, *, #1566, .F. ) ;
#99 = LINE ( 'NONE', #2796, #2240 ) ;
#100 = ORIENTED_EDGE ( 'NONE', *, *, #354, .F. ) ;
#101 = EDGE_CURVE ( 'NONE', #1047, #933, #115, .T. ) ;
#102 = ORIENTED_EDGE ( 'NONE', *, *, #1355, .T. ) ;
#103 = DIRECTION ( 'NONE',  ( 1.000000000000000000, 0.000000000000000000, -0.000000000000000000 ) ) ;
#104 = VERTEX_POINT ( 'NONE', #2790 ) ;
#105 = CARTESIAN_POINT ( 'NONE',  ( 3.486030915030228883, 0.000000000000000000, -0.5000000000001413314 ) ) ;
#106 = CARTESIAN_POINT ( 'NONE',  ( -3.525168522491686662, 1.412537018134010669, -2.850000000031164493 ) ) ;
#107 = ORIENTED_EDGE ( 'NONE', *, *, #2852, .T. ) ;
#108 = CARTESIAN_POINT ( 'NONE',  ( -4.132870320268509978, 2.599995905160969123, -1.655191332394961412 ) ) ;
#109 = VERTEX_POINT ( 'NONE', #2302 ) ;
#110 = LINE ( 'NONE', #1017, #1770 ) ;
#111 = ORIENTED_EDGE ( 'NONE', *, *, #2879, .T. ) ;
#112 = CARTESIAN_POINT ( 'NONE',  ( -5.458828012168809529, 1.349999999999788480, 0.000000000000000000 ) ) ;
#113 = VECTOR ( 'NONE', #1082, 100.0000000000000000 ) ;
#114 = CARTESIAN_POINT ( 'NONE',  ( 0.000000000000000000, 3.031651040709872902, -3.250000000000141664 ) ) ;
#115 = CIRCLE ( 'NONE', #1772, 0.6999999999999999556 ) ;
#116 = SPHERICAL_SURFACE ( 'NONE', #148, 0.6999999999999999556 ) ;
#117 = ORIENTED_EDGE ( 'NONE', *, *, #2640, .F. ) ;
#118 = DIRECTION ( 'NONE',  ( 0.000000000000000000, 0.000000000000000000, -1.000000000000000000 ) ) ;
#119 = CARTESIAN_POINT ( 'NONE',  ( -3.555677809613383644, 1.903939771237092460, -2.724584418997756607 ) ) ;
#120 = VERTEX_POINT ( 'NONE', #47 ) ;
#121 = CARTESIAN_POINT ( 'NONE',  ( -3.539220900177354689, 2.557934354521483655, -1.276442372336064501 ) ) ;
#122 = EDGE_LOOP ( 'NONE', ( #2129, #2629, #2577, #520 ) ) ;
#123 = VECTOR ( 'NONE', #2468, 100.0000000000000000 ) ;
#124 = CARTESIAN_POINT ( 'NONE',  ( -0.5137430402940721397, 1.349999999999758060, -1.600000000000153744 ) ) ;
#125 = EDGE_LOOP ( 'NONE', ( #2458, #2035, #1673, #1426 ) ) ;
#126 = AXIS2_PLACEMENT_3D ( 'NONE', #1771, #2669, #2464 ) ;
#127 = LINE ( 'NONE', #1457, #501 ) ;
#128 = ADVANCED_FACE ( 'NONE', ( #1864, #2079 ), #1834, .F. ) ;
#129 = DIRECTION ( 'NONE',  ( 0.000000000000000000, 0.000000000000000000, -1.000000000000000000 ) ) ;
#130 = CARTESIAN_POINT ( 'NONE',  ( 3.486030915030228883, 3.031651040709872902, -3.400000000000141576 ) ) ;
#131 = FACE_OUTER_BOUND ( 'NONE', #2821, .T. ) ;
#132 = CARTESIAN_POINT ( 'NONE',  ( -4.142858332740000371, 2.563343275370458141, -1.298240947674801804 ) ) ;
#133 = ADVANCED_FACE ( 'NONE', ( #1411 ), #328, .F. ) ;
#134 = AXIS2_PLACEMENT_3D ( 'NONE', #657, #1380, #685 ) ;
#135 = EDGE_CURVE ( 'NONE', #155, #1867, #1666, .T. ) ;
#136 = CARTESIAN_POINT ( 'NONE',  ( -3.544969324979865277, 1.770273388894345379, -2.780860389507139541 ) ) ;
#137 = VERTEX_POINT ( 'NONE', #1212 ) ;
#138 = DIRECTION ( 'NONE',  ( 0.000000000000000000, 0.000000000000000000, -1.000000000000000000 ) ) ;
#139 = CARTESIAN_POINT ( 'NONE',  ( 3.486030915030228439, 3.581651040709872724, -2.700000000000141842 ) ) ;
#140 = DIRECTION ( 'NONE',  ( 0.000000000000000000, 0.000000000000000000, -1.000000000000000000 ) ) ;
#141 = ORIENTED_EDGE ( 'NONE', *, *, #1758, .F. ) ;
#142 = AXIS2_PLACEMENT_3D ( 'NONE', #631, #1512, #2392 ) ;
#143 = EDGE_LOOP ( 'NONE', ( #523, #731, #2164, #1827 ) ) ;
#144 = DIRECTION ( 'NONE',  ( 0.000000000000000000, 0.8257047275951127085, -0.5641025641025582127 ) ) ;
#145 = DIRECTION ( 'NONE',  ( -0.000000000000000000, 1.000000000000000000, 0.000000000000000000 ) ) ;
#146 = CYLINDRICAL_SURFACE ( 'NONE', #2474, 0.6999999999999999556 ) ;
#147 = VERTEX_POINT ( 'NONE', #966 ) ;
#148 = AXIS2_PLACEMENT_3D ( 'NONE', #1022, #145, #129 ) ;
#149 = FACE_OUTER_BOUND ( 'NONE', #1724, .T. ) ;
#150 = CARTESIAN_POINT ( 'NONE',  ( 3.486030915030228883, 3.031651040709872902, -2.700000000000141842 ) ) ;
#151 = ORIENTED_EDGE ( 'NONE', *, *, #173, .F. ) ;
#152 = CARTESIAN_POINT ( 'NONE',  ( 2.070372227172012192, 3.664621940435217606, -0.1978908213295559881 ) ) ;
#153 = CARTESIAN_POINT ( 'NONE',  ( -1.853672781181333162, 3.382969417078567798, -3.124679258535290938 ) ) ;
#154 = CARTESIAN_POINT ( 'NONE',  ( 0.000000000000000000, 3.031651040709872902, -3.400000000000141576 ) ) ;
#155 = VERTEX_POINT ( 'NONE', #2762 ) ;
#156 = ORIENTED_EDGE ( 'NONE', *, *, #2284, .F. ) ;
#157 = VECTOR ( 'NONE', #2188, 100.0000000000000000 ) ;
#158 = CARTESIAN_POINT ( 'NONE',  ( -2.123576394199423234, 3.697587647842804692, -0.2798508701382843022 ) ) ;
#159 =( NAMED_UNIT ( * ) PLANE_ANGLE_UNIT ( ) SI_UNIT ( $, .RADIAN. ) );
#160 = CARTESIAN_POINT ( 'NONE',  ( -4.158828012168809707, 1.349999999999758060, -1.600000000000153744 ) ) ;
#161 = PLANE ( 'NONE',  #1711 ) ;
#163 = AXIS2_PLACEMENT_3D ( 'NONE', #130, #1493, #2181 ) ;
#162 = LINE ( 'NONE', #641, #113 ) ;
#164 = AXIS2_PLACEMENT_3D ( 'NONE', #1320, #2031, #2473 ) ;
#165 = ORIENTED_EDGE ( 'NONE', *, *, #1662, .F. ) ;
#166 = CARTESIAN_POINT ( 'NONE',  ( -4.156775414677746028, 2.481062566799941305, -1.064999006584687047 ) ) ;
#167 = CARTESIAN_POINT ( 'NONE',  ( 3.486030915030228883, 3.731651040709872635, -2.700000000000141842 ) ) ;
#168 = ORIENTED_EDGE ( 'NONE', *, *, #809, .F. ) ;
#169 = CYLINDRICAL_SURFACE ( 'NONE', #62, 0.6999999999999999556 ) ;
#170 = CARTESIAN_POINT ( 'NONE',  ( -1.758798098518150610, 3.168776377882823070, -3.232991816874216440 ) ) ;
#171 = DIRECTION ( 'NONE',  ( 0.000000000000000000, 0.000000000000000000, 1.000000000000000000 ) ) ;
#172 = ORIENTED_EDGE ( 'NONE', *, *, #2135, .F. ) ;
#173 = EDGE_CURVE ( 'NONE', #1316, #783, #507, .T. ) ;
#174 = CARTESIAN_POINT ( 'NONE',  ( 4.686030915030229060, 1.549999999999788436, -1.600000000000141531 ) ) ;
#175 = PLANE ( 'NONE',  #2202 ) ;
#176 = EDGE_CURVE ( 'NONE', #56, #2668, #2760, .T. ) ;
#177 = LINE ( 'NONE', #1975, #877 ) ;
#178 = VECTOR ( 'NONE', #1191, 100.0000000000000000 ) ;
#179 = FILL_AREA_STYLE ('',( #2402 ) ) ;
#180 = TOROIDAL_SURFACE ( 'NONE', #703, 1.949999999999999956, 0.6999999999999999556 ) ;
#181 = DIRECTION ( 'NONE',  ( 0.000000000000000000, 1.000000000000000000, 0.000000000000000000 ) ) ;
#182 = CARTESIAN_POINT ( 'NONE',  ( -3.075881563341376079E-13, -5.438225099391067907, -1.600000000000201705 ) ) ;
#183 = ORIENTED_EDGE ( 'NONE', *, *, #83, .F. ) ;
#184 = CARTESIAN_POINT ( 'NONE',  ( -3.454771883267144350, 3.108770205212463722, -0.9368430947234815953 ) ) ;
#185 = CYLINDRICAL_SURFACE ( 'NONE', #1600, 0.6999999999999999556 ) ;
#186 = ORIENTED_EDGE ( 'NONE', *, *, #664, .F. ) ;
#187 = CARTESIAN_POINT ( 'NONE',  ( 2.161503226710055792, 3.714317104889524934, -0.3436038261570198982 ) ) ;
#188 = ORIENTED_EDGE ( 'NONE', *, *, #1021, .F. ) ;
#189 = EDGE_CURVE ( 'NONE', #2906, #473, #45, .T. ) ;
#190 = DIRECTION ( 'NONE',  ( 0.000000000000000000, 0.000000000000000000, 1.000000000000000000 ) ) ;
#191 = ORIENTED_EDGE ( 'NONE', *, *, #1237, .T. ) ;
#192 = EDGE_CURVE ( 'NONE', #1527, #1255, #1763, .T. ) ;
#193 = DIRECTION ( 'NONE',  ( 0.000000000000000000, -1.000000000000000000, 0.000000000000000000 ) ) ;
#194 = CARTESIAN_POINT ( 'NONE',  ( -1.778811284247012070, 3.278190470721010552, 0.1568657825757025781 ) ) ;
#195 = EDGE_CURVE ( 'NONE', #2295, #1873, #2052, .T. ) ;
#196 = VECTOR ( 'NONE', #2724, 100.0000000000000000 ) ;
#197 = ADVANCED_FACE ( 'NONE', ( #1832 ), #1847, .T. ) ;
#198 = FACE_OUTER_BOUND ( 'NONE', #1176, .T. ) ;
#199 = DIRECTION ( 'NONE',  ( -1.000000000000000000, 0.000000000000000000, 0.000000000000000000 ) ) ;
#200 = DIRECTION ( 'NONE',  ( 0.000000000000000000, -1.000000000000000000, 0.000000000000000000 ) ) ;
#201 = CARTESIAN_POINT ( 'NONE',  ( 4.686030915030229060, 1.549999999999788436, -1.600000000000141531 ) ) ;
#202 = FACE_BOUND ( 'NONE', #2555, .T. ) ;
#203 = VERTEX_POINT ( 'NONE', #1804 ) ;
#204 = FACE_OUTER_BOUND ( 'NONE', #122, .T. ) ;
#205 = CARTESIAN_POINT ( 'NONE',  ( -4.665042898701122098, 1.549999999999788436, 0.2249999999998630595 ) ) ;
#206 = CARTESIAN_POINT ( 'NONE',  ( 2.096111176215387228, 3.581651040709872724, -2.771674593648250529 ) ) ;
#207 = EDGE_LOOP ( 'NONE', ( #1910, #1550, #1131, #2397 ) ) ;
#208 = ORIENTED_EDGE ( 'NONE', *, *, #2451, .T. ) ;
#209 = DIRECTION ( 'NONE',  ( -1.000000000000000000, 0.000000000000000000, 0.000000000000000000 ) ) ;
#210 = DIRECTION ( 'NONE',  ( 0.000000000000000000, 0.000000000000000000, -1.000000000000000000 ) ) ;
#211 = CARTESIAN_POINT ( 'NONE',  ( 3.541056168199645082, 2.326111491348825666, -1.600000000000141531 ) ) ;
#212 = DIRECTION ( 'NONE',  ( 0.000000000000000000, 1.000000000000000000, -0.000000000000000000 ) ) ;
#213 = AXIS2_PLACEMENT_3D ( 'NONE', #2274, #1397, #720 ) ;
#214 = CARTESIAN_POINT ( 'NONE',  ( 3.486030915030228883, 3.031651040709872902, -3.250000000000141664 ) ) ;
#215 = ORIENTED_EDGE ( 'NONE', *, *, #838, .F. ) ;
#216 = DIRECTION ( 'NONE',  ( 0.000000000000000000, -1.000000000000000000, 0.000000000000000000 ) ) ;
#217 = CIRCLE ( 'NONE', #1246, 0.6999999999999999556 ) ;
#218 = AXIS2_PLACEMENT_3D ( 'NONE', #910, #2744, #899 ) ;
#219 = CARTESIAN_POINT ( 'NONE',  ( -4.048115542687064305, 2.020349907804317446, -0.5437581609396842097 ) ) ;
#220 = B_SPLINE_CURVE_WITH_KNOTS ( 'NONE', 3,
 ( #1945, #853, #646, #2848, #2204, #1996, #377, #1484, #600, #2905, #1287, #833, #2442, #1729, #1071, #2013, #1315, #614 ),
 .UNSPECIFIED., .F., .F.,
 ( 4, 2, 2, 2, 2, 2, 2, 2, 4 ),
 ( 0.000000000000000000, 0.001556453008524386885, 0.003112906017048773771, 0.004669359025573160439, 0.006225812034097547541, 0.007782265042621934643, 0.009338718051146320878, 0.01089517105967070798, 0.01245162406819509508 ),
 .UNSPECIFIED. ) ;
#221 = FACE_OUTER_BOUND ( 'NONE', #143, .T. ) ;
#222 = ORIENTED_EDGE ( 'NONE', *, *, #2092, .F. ) ;
#223 = ORIENTED_EDGE ( 'NONE', *, *, #1746, .T. ) ;
#224 = FACE_OUTER_BOUND ( 'NONE', #746, .T. ) ;
#225 = DIRECTION ( 'NONE',  ( 1.000000000000000000, -0.000000000000000000, -0.000000000000000000 ) ) ;
#226 = DIRECTION ( 'NONE',  ( -1.000000000000000000, 0.000000000000000000, 0.000000000000000000 ) ) ;
#227 = VECTOR ( 'NONE', #1786, 100.0000000000000000 ) ;
#228 = AXIS2_PLACEMENT_3D ( 'NONE', #552, #88, #2597 ) ;
#229 = EDGE_CURVE ( 'NONE', #239, #851, #1247, .T. ) ;
#230 = DIRECTION ( 'NONE',  ( 1.000000000000000000, -0.000000000000000000, -0.000000000000000000 ) ) ;
#231 = UNCERTAINTY_MEASURE_WITH_UNIT (LENGTH_MEASURE( 1.000000000000000082E-05 ), #2654, 'distance_accuracy_value', 'NONE');
#232 = AXIS2_PLACEMENT_3D ( 'NONE', #2282, #1377, #2271 ) ;
#233 = CARTESIAN_POINT ( 'NONE',  ( -4.665042898701122098, 1.349999999999788480, -3.425000000000145928 ) ) ;
#234 = ORIENTED_EDGE ( 'NONE', *, *, #1797, .F. ) ;
#235 = ADVANCED_FACE ( 'NONE', ( #2705 ), #2261, .T. ) ;
#236 = CARTESIAN_POINT ( 'NONE',  ( -3.975848959974760621, 1.843172638311186828, -0.4511257770750072282 ) ) ;
#237 = ORIENTED_EDGE ( 'NONE', *, *, #1438, .F. ) ;
#238 = DIRECTION ( 'NONE',  ( 0.000000000000000000, 0.000000000000000000, -1.000000000000000000 ) ) ;
#239 = VERTEX_POINT ( 'NONE', #2004 ) ;
#240 = CYLINDRICAL_SURFACE ( 'NONE', #2918, 0.5499999999999998224 ) ;
#241 = EDGE_LOOP ( 'NONE', ( #1147, #2336, #2511, #1549, #1576 ) ) ;
#242 = LINE ( 'NONE', #2227, #1689 ) ;
#243 = CARTESIAN_POINT ( 'NONE',  ( -3.446382785419870753, 3.163173854790753303, -1.433579714630228930 ) ) ;
#244 = CARTESIAN_POINT ( 'NONE',  ( -1.742842505793702701, 1.349999999999788480, -3.250000000000141664 ) ) ;
#245 = EDGE_LOOP ( 'NONE', ( #1924, #2491, #2255, #168 ) ) ;
#246 = CARTESIAN_POINT ( 'NONE',  ( -3.967042293805948194, 1.819817524987896284, -0.4413780967257571741 ) ) ;
#247 = CARTESIAN_POINT ( 'NONE',  ( 4.186030915030229060, 1.349999999999788480, -3.400000000000141576 ) ) ;
#248 = CARTESIAN_POINT ( 'NONE',  ( 1.818720358008593330, 3.325634928514067390, -3.166208098144130734 ) ) ;
#249 = EDGE_LOOP ( 'NONE', ( #2834, #949, #165, #547 ) ) ;
#250 = DIRECTION ( 'NONE',  ( 0.000000000000000000, 1.000000000000000000, 0.000000000000000000 ) ) ;
#251 = ORIENTED_EDGE ( 'NONE', *, *, #2495, .F. ) ;
#252 = ORIENTED_EDGE ( 'NONE', *, *, #1020, .F. ) ;
#253 = CARTESIAN_POINT ( 'NONE',  ( -2.758828012168809796, 3.031651040709872902, -0.5000000000001413314 ) ) ;
#254 = CARTESIAN_POINT ( 'NONE',  ( 1.742842505792973729, 3.031651040709872902, 0.04999999999985857424 ) ) ;
#255 = CARTESIAN_POINT ( 'NONE',  ( -4.665042898701122098, 1.349999999999788480, 0.04999999999986265431 ) ) ;
#256 = DIRECTION ( 'NONE',  ( -1.000000000000000000, 0.000000000000000000, 0.000000000000000000 ) ) ;
#257 = CARTESIAN_POINT ( 'NONE',  ( 1.873321386284174883, 3.410134721764684240, -3.100567036110992714 ) ) ;
#258 = AXIS2_PLACEMENT_3D ( 'NONE', #1938, #1474, #1268 ) ;
#259 = ORIENTED_EDGE ( 'NONE', *, *, #61, .T. ) ;
#260 = DIRECTION ( 'NONE',  ( 0.000000000000000000, -1.000000000000000000, 0.000000000000000000 ) ) ;
#261 = CARTESIAN_POINT ( 'NONE',  ( -3.458828012168809529, 1.349999999999788480, -3.400000000000141576 ) ) ;
#262 = ORIENTED_EDGE ( 'NONE', *, *, #760, .F. ) ;
#263 = CARTESIAN_POINT ( 'NONE',  ( -5.458828012168809529, 1.349999999999758060, -1.600000000000153744 ) ) ;
#264 = EDGE_CURVE ( 'NONE', #2831, #2175, #1972, .T. ) ;
#265 = ORIENTED_EDGE ( 'NONE', *, *, #1217, .T. ) ;
#266 = EDGE_CURVE ( 'NONE', #1685, #1280, #2398, .T. ) ;
#267 = FACE_OUTER_BOUND ( 'NONE', #2199, .T. ) ;
#268 = CIRCLE ( 'NONE', #653, 2.400000000000000355 ) ;
#269 = CARTESIAN_POINT ( 'NONE',  ( 4.186030915030229060, 1.549999999999788436, -1.900000000000141798 ) ) ;
#270 = CARTESIAN_POINT ( 'NONE',  ( -1.743898753735555252, 3.071957516248679632, 0.04888635532451895277 ) ) ;
#271 = CARTESIAN_POINT ( 'NONE',  ( -3.549660535660996263, 1.825396357018792770, -0.4397956270791155697 ) ) ;
#272 = PLANE ( 'NONE',  #1464 ) ;
#273 = CYLINDRICAL_SURFACE ( 'NONE', #2664, 0.3250000000000002887 ) ;
#274 = CARTESIAN_POINT ( 'NONE',  ( -3.458828012168809529, 2.960124218810227692, -2.700000000000141842 ) ) ;
#275 = EDGE_LOOP ( 'NONE', ( #2145, #1018, #1086 ) ) ;
#276 = CARTESIAN_POINT ( 'NONE',  ( -2.758828012168809796, 3.031651040709872902, -2.700000000000141842 ) ) ;
#277 = DIRECTION ( 'NONE',  ( 0.000000000000000000, 0.000000000000000000, 1.000000000000000000 ) ) ;
#278 = EDGE_LOOP ( 'NONE', ( #1628, #1306, #80 ) ) ;
#279 = DIRECTION ( 'NONE',  ( -1.000000000000000000, 0.000000000000000000, 0.000000000000000000 ) ) ;
#280 = EDGE_CURVE ( 'NONE', #399, #1984, #353, .T. ) ;
#281 = EDGE_LOOP ( 'NONE', ( #1822, #544, #2922, #2416 ) ) ;
#282 = ADVANCED_FACE ( 'NONE', ( #945 ), #293, .F. ) ;
#283 = EDGE_CURVE ( 'NONE', #147, #325, #66, .T. ) ;
#284 = EDGE_CURVE ( 'NONE', #2668, #1255, #2045, .T. ) ;
#285 = DIRECTION ( 'NONE',  ( 0.000000000000000000, 0.000000000000000000, -1.000000000000000000 ) ) ;
#286 = DIRECTION ( 'NONE',  ( 0.000000000000000000, 0.000000000000000000, -1.000000000000000000 ) ) ;
#287 = CARTESIAN_POINT ( 'NONE',  ( -3.889736930657038183, 1.554586609142948550, -0.3658046929931143554 ) ) ;
#288 = PRODUCT ( 'Part10', 'Part10', '', ( #2547 ) ) ;
#289 = DIRECTION ( 'NONE',  ( 0.000000000000000000, 0.000000000000000000, 1.000000000000000000 ) ) ;
#290 = FACE_OUTER_BOUND ( 'NONE', #405, .T. ) ;
#291 = CARTESIAN_POINT ( 'NONE',  ( 1.854021648241811482, 3.383480066905714789, -3.124255646267333653 ) ) ;
#292 = ORIENTED_EDGE ( 'NONE', *, *, #2268, .F. ) ;
#293 = PLANE ( 'NONE',  #1200 ) ;
#294 = DIRECTION ( 'NONE',  ( 0.000000000000000000, -0.000000000000000000, 1.000000000000000000 ) ) ;
#295 = VERTEX_POINT ( 'NONE', #1626 ) ;
#296 = DIRECTION ( 'NONE',  ( -0.000000000000000000, 1.000000000000000000, -0.000000000000000000 ) ) ;
#297 = LINE ( 'NONE', #475, #2203 ) ;
#298 = ORIENTED_EDGE ( 'NONE', *, *, #1845, .T. ) ;
#299 = CARTESIAN_POINT ( 'NONE',  ( -1.774401156561834725, 3.225355003299499312, 0.01615119172469145145 ) ) ;
#300 = CARTESIAN_POINT ( 'NONE',  ( -3.324282471423401830, 1.669155110265661879, -0.08732766051674573093 ) ) ;
#301 = AXIS2_PLACEMENT_3D ( 'NONE', #2789, #2515, #515 ) ;
#302 = DIRECTION ( 'NONE',  ( -1.000000000000000000, 0.000000000000000000, 0.000000000000000000 ) ) ;
#303 = CARTESIAN_POINT ( 'NONE',  ( -3.329575147244888900, 1.746459312643326989, -3.105437889772955984 ) ) ;
#304 = ORIENTED_EDGE ( 'NONE', *, *, #668, .T. ) ;
#305 = CARTESIAN_POINT ( 'NONE',  ( -3.447991710606908899, 3.154378023499099903, -1.901078622582691446 ) ) ;
#306 = CARTESIAN_POINT ( 'NONE',  ( -3.458828012168809529, 3.731651040709872635, -0.5000000000001413314 ) ) ;
#307 = ORIENTED_EDGE ( 'NONE', *, *, #266, .F. ) ;
#308 = AXIS2_PLACEMENT_3D ( 'NONE', #1605, #954, #1664 ) ;
#309 = ORIENTED_EDGE ( 'NONE', *, *, #2798, .T. ) ;
#310 = CIRCLE ( 'NONE', #1466, 0.3250000000000002887 ) ;
#311 = EDGE_CURVE ( 'NONE', #2828, #93, #2739, .T. ) ;
#312 = CARTESIAN_POINT ( 'NONE',  ( -1.802508471732874540, 3.294250408450950740, -0.01525795529607933305 ) ) ;
#313 = CARTESIAN_POINT ( 'NONE',  ( -2.758828012168809796, 3.031651040709872902, -2.700000000000141842 ) ) ;
#314 = EDGE_CURVE ( 'NONE', #2046, #2678, #1823, .T. ) ;
#315 = CIRCLE ( 'NONE', #2339, 2.400000000000000355 ) ;
#316 = CARTESIAN_POINT ( 'NONE',  ( -3.324282471423326779, 1.669155110265642117, -3.112672339483638861 ) ) ;
#317 = ORIENTED_EDGE ( 'NONE', *, *, #2715, .F. ) ;
#318 = EDGE_CURVE ( 'NONE', #1449, #970, #2535, .T. ) ;
#319 = CARTESIAN_POINT ( 'NONE',  ( -4.147750840938643435, 2.541599077553178265, -1.218377738936834209 ) ) ;
#320 = LINE ( 'NONE', #946, #2721 ) ;
#321 = ORIENTED_EDGE ( 'NONE', *, *, #1020, .T. ) ;
#322 = EDGE_CURVE ( 'NONE', #1485, #2788, #1016, .T. ) ;
#323 = AXIS2_PLACEMENT_3D ( 'NONE', #1281, #2177, #2021 ) ;
#324 = DIRECTION ( 'NONE',  ( 0.000000000000000000, 0.000000000000000000, -1.000000000000000000 ) ) ;
#325 = VERTEX_POINT ( 'NONE', #711 ) ;
#326 = CARTESIAN_POINT ( 'NONE',  ( 0.000000000000000000, 0.000000000000000000, -3.400000000000141576 ) ) ;
#327 = CARTESIAN_POINT ( 'NONE',  ( -1.974254557567399537, 3.514734390795726249, -0.2348731161664995015 ) ) ;
#328 = SPHERICAL_SURFACE ( 'NONE', #308, 0.5499999999999999334 ) ;
#329 = AXIS2_PLACEMENT_3D ( 'NONE', #2077, #721, #1130 ) ;
#330 = CARTESIAN_POINT ( 'NONE',  ( -3.432211830796613850, 2.616391418299125249, -2.891672293501665436 ) ) ;
#331 = ORIENTED_EDGE ( 'NONE', *, *, #2092, .T. ) ;
#332 = CARTESIAN_POINT ( 'NONE',  ( 3.486030915030228883, 3.031651040709872902, -2.700000000000141842 ) ) ;
#333 = DIRECTION ( 'NONE',  ( 0.000000000000000000, 0.000000000000000000, -1.000000000000000000 ) ) ;
#334 = AXIS2_PLACEMENT_3D ( 'NONE', #1821, #968, #2304 ) ;
#335 = ORIENTED_EDGE ( 'NONE', *, *, #2229, .F. ) ;
#336 = FACE_OUTER_BOUND ( 'NONE', #1717, .T. ) ;
#337 = EDGE_LOOP ( 'NONE', ( #7, #647 ) ) ;
#338 = CARTESIAN_POINT ( 'NONE',  ( -2.758828012168809796, 3.731651040709872635, -3.400000000000141576 ) ) ;
#339 = ORIENTED_EDGE ( 'NONE', *, *, #2666, .F. ) ;
#340 = DIRECTION ( 'NONE',  ( 0.000000000000000000, 0.000000000000000000, -1.000000000000000000 ) ) ;
#341 = CARTESIAN_POINT ( 'NONE',  ( -3.557531677054639463, 2.189964902770423549, -2.532457344385019127 ) ) ;
#342 = ORIENTED_EDGE ( 'NONE', *, *, #1968, .F. ) ;
#343 = DIRECTION ( 'NONE',  ( 0.000000000000000000, 0.000000000000000000, -1.000000000000000000 ) ) ;
#344 = VERTEX_POINT ( 'NONE', #958 ) ;
#345 = VECTOR ( 'NONE', #648, 100.0000000000000000 ) ;
#346 = EDGE_CURVE ( 'NONE', #2046, #2207, #2049, .T. ) ;
#347 = DIRECTION ( 'NONE',  ( -1.000000000000000000, 0.000000000000000000, -0.000000000000000000 ) ) ;
#348 = ORIENTED_EDGE ( 'NONE', *, *, #1274, .T. ) ;
#349 = CARTESIAN_POINT ( 'NONE',  ( -3.075881563341376079E-13, 1.349999999999788480, -1.600000000000201705 ) ) ;
#350 = AXIS2_PLACEMENT_3D ( 'NONE', #1123, #650, #1089 ) ;
#351 = EDGE_CURVE ( 'NONE', #1120, #2615, #1594, .T. ) ;
#352 = DIRECTION ( 'NONE',  ( 0.000000000000000000, 1.000000000000000000, 0.000000000000000000 ) ) ;
#353 = CIRCLE ( 'NONE', #549, 0.5499999999999998224 ) ;
#354 = EDGE_CURVE ( 'NONE', #1683, #2358, #1177, .T. ) ;
#355 = CARTESIAN_POINT ( 'NONE',  ( -2.758828012168809796, 3.031651040709872902, -3.400000000000141576 ) ) ;
#356 = DIRECTION ( 'NONE',  ( -3.469446951953616161E-16, 0.000000000000000000, 1.000000000000000000 ) ) ;
#357 = DIRECTION ( 'NONE',  ( -1.000000000000000000, 0.000000000000000000, 0.000000000000000000 ) ) ;
#358 = ORIENTED_EDGE ( 'NONE', *, *, #787, .T. ) ;
#359 = SHAPE_DEFINITION_REPRESENTATION ( #74, #2218 ) ;
#360 = CARTESIAN_POINT ( 'NONE',  ( -4.134013704596616989, 2.596365780181346228, -1.710299267258761136 ) ) ;
#361 = CARTESIAN_POINT ( 'NONE',  ( -3.563852940427518323, 2.114639031389879964, -2.596279863623404793 ) ) ;
#362 = ORIENTED_EDGE ( 'NONE', *, *, #1238, .T. ) ;
#363 = CARTESIAN_POINT ( 'NONE',  ( -3.542363628136019571, 2.565096456875146647, -1.304446902055909074 ) ) ;
#364 = DIRECTION ( 'NONE',  ( -1.000000000000000000, 0.000000000000000000, -0.000000000000000000 ) ) ;
#365 = VECTOR ( 'NONE', #372, 100.0000000000000000 ) ;
#366 = CARTESIAN_POINT ( 'NONE',  ( -2.123145071486554958, 3.696488576616317800, -2.920177339798047278 ) ) ;
#367 = ORIENTED_EDGE ( 'NONE', *, *, #1231, .F. ) ;
#368 = CARTESIAN_POINT ( 'NONE',  ( 4.186030915030229060, 3.731651040709872635, -0.5000000000001413314 ) ) ;
#369 = CIRCLE ( 'NONE', #749, 1.250000000000000000 ) ;
#370 = DIRECTION ( 'NONE',  ( -0.000000000000000000, 1.000000000000000000, -0.000000000000000000 ) ) ;
#371 = EDGE_LOOP ( 'NONE', ( #1207, #2766 ) ) ;
#372 = DIRECTION ( 'NONE',  ( -1.000000000000000000, 0.000000000000000000, 0.000000000000000000 ) ) ;
#373 = DIRECTION ( 'NONE',  ( -1.000000000000000000, 0.000000000000000000, 0.000000000000000000 ) ) ;
#374 = FACE_OUTER_BOUND ( 'NONE', #84, .T. ) ;
#375 = EDGE_LOOP ( 'NONE', ( #2238, #2194, #1059, #1930 ) ) ;
#376 = DIRECTION ( 'NONE',  ( 0.000000000000000000, -1.000000000000000000, 0.000000000000000000 ) ) ;
#377 = CARTESIAN_POINT ( 'NONE',  ( -4.081731263295916179, 2.101132794346201926, -2.600367639031520905 ) ) ;
#378 = ORIENTED_EDGE ( 'NONE', *, *, #2499, .F. ) ;
#379 = CARTESIAN_POINT ( 'NONE',  ( -3.075881563341376079E-13, 5.249999999999788614, -1.600000000000201705 ) ) ;
#380 = CARTESIAN_POINT ( 'NONE',  ( 4.686030915030229060, 1.549999999999788436, -1.775000000000142020 ) ) ;
#381 = CARTESIAN_POINT ( 'NONE',  ( -1.886061011399956300, 3.477715618498759653, -3.241349202293296816 ) ) ;
#382 = EDGE_LOOP ( 'NONE', ( #222, #1292, #569, #335 ) ) ;
#383 = CARTESIAN_POINT ( 'NONE',  ( -3.458828012168809529, 1.349999999999788480, -3.400000000000141576 ) ) ;
#384 = CYLINDRICAL_SURFACE ( 'NONE', #2385, 0.3250000000000002887 ) ;
#385 = ORIENTED_EDGE ( 'NONE', *, *, #2350, .F. ) ;
#386 = CARTESIAN_POINT ( 'NONE',  ( -2.070566374474486437, 3.664767375131070537, -0.1981707250983865687 ) ) ;
#387 = SURFACE_STYLE_USAGE ( .BOTH. , #2859 ) ;
#388 = CARTESIAN_POINT ( 'NONE',  ( -3.315042898700989227, 1.349999999999788480, -0.07500000000014769852 ) ) ;
#389 = CARTESIAN_POINT ( 'NONE',  ( -3.337501707146218521, 1.843128022667717580, -3.093988405077892079 ) ) ;
#390 = ORIENTED_EDGE ( 'NONE', *, *, #2495, .T. ) ;
#391 = CARTESIAN_POINT ( 'NONE',  ( -4.158828012168809707, 2.427981436352395939, -2.232815947080427854 ) ) ;
#392 = DIRECTION ( 'NONE',  ( 0.000000000000000000, 0.000000000000000000, -1.000000000000000000 ) ) ;
#393 = ORIENTED_EDGE ( 'NONE', *, *, #1613, .F. ) ;
#394 = CARTESIAN_POINT ( 'NONE',  ( 1.911181176824876538, 3.510828559080649836, 0.01216789992325379571 ) ) ;
#395 = EDGE_CURVE ( 'NONE', #2046, #792, #923, .T. ) ;
#396 = LINE ( 'NONE', #1932, #595 ) ;
#397 = EDGE_CURVE ( 'NONE', #2070, #1730, #1155, .T. ) ;
#398 = LINE ( 'NONE', #2635, #1890 ) ;
#399 = VERTEX_POINT ( 'NONE', #1365 ) ;
#400 = DIRECTION ( 'NONE',  ( 0.000000000000000000, -0.5062527576642189553, -0.8623851490821102805 ) ) ;
#401 = CARTESIAN_POINT ( 'NONE',  ( -3.458828012168809529, 3.731651040709872635, -3.400000000000141576 ) ) ;
#402 = CARTESIAN_POINT ( 'NONE',  ( -3.072819946343506565E-13, 1.349999999999788480, 0.9000000000005278222 ) ) ;
#403 = DIRECTION ( 'NONE',  ( 0.000000000000000000, -1.000000000000000000, 0.000000000000000000 ) ) ;
#404 = VECTOR ( 'NONE', #1373, 100.0000000000000000 ) ;
#405 = EDGE_LOOP ( 'NONE', ( #362, #1755, #191, #2649 ) ) ;
#406 = AXIS2_PLACEMENT_3D ( 'NONE', #2514, #2300, #286 ) ;
#407 = FACE_BOUND ( 'NONE', #960, .T. ) ;
#408 = ADVANCED_FACE ( 'NONE', ( #489 ), #1636, .F. ) ;
#409 = FACE_BOUND ( 'NONE', #2418, .T. ) ;
#410 = VERTEX_POINT ( 'NONE', #531 ) ;
#411 = CARTESIAN_POINT ( 'NONE',  ( 3.486030915030228883, 3.031651040709872902, -3.400000000000141576 ) ) ;
#412 = ORIENTED_EDGE ( 'NONE', *, *, #2830, .T. ) ;
#413 = EDGE_CURVE ( 'NONE', #2155, #1510, #1522, .T. ) ;
#414 = CARTESIAN_POINT ( 'NONE',  ( -4.665042898701122098, 1.349999999999788480, 0.04999999999986265431 ) ) ;
#415 = ORIENTED_EDGE ( 'NONE', *, *, #195, .T. ) ;
#416 = ADVANCED_FACE ( 'NONE', ( #1896 ), #2128, .T. ) ;
#417 = CARTESIAN_POINT ( 'NONE',  ( 4.036030915030228705, 3.031651040709872902, -2.700000000000141842 ) ) ;
#418 = CARTESIAN_POINT ( 'NONE',  ( -1.817683325758929103, 3.364062587083653355, 0.1164736780374075048 ) ) ;
#419 = CIRCLE ( 'NONE', #2583, 0.6999999999999997335 ) ;
#420 = SURFACE_STYLE_FILL_AREA ( #179 ) ;
#421 = CARTESIAN_POINT ( 'NONE',  ( -3.344114087768677912, 1.912748334479555723, -3.084235472635588504 ) ) ;
#422 = FACE_OUTER_BOUND ( 'NONE', #551, .T. ) ;
#423 = CARTESIAN_POINT ( 'NONE',  ( 2.244994432064839618, 3.731651040709872635, -0.5000000000001413314 ) ) ;
#424 = CARTESIAN_POINT ( 'NONE',  ( -4.126357974980774834, 2.218516689641676809, -0.6995888644223543507 ) ) ;
#425 = CYLINDRICAL_SURFACE ( 'NONE', #72, 0.1750000000000004052 ) ;
#426 = VERTEX_POINT ( 'NONE', #1931 ) ;
#427 = CARTESIAN_POINT ( 'NONE',  ( -3.458828012168809529, 3.031651040709872902, -3.400000000000141576 ) ) ;
#428 = CIRCLE ( 'NONE', #2120, 0.3250000000000002887 ) ;
#429 = LINE ( 'NONE', #2639, #2710 ) ;
#430 = CIRCLE ( 'NONE', #718, 0.6999999999999999556 ) ;
#431 = DIRECTION ( 'NONE',  ( 0.000000000000000000, -1.000000000000000000, 0.000000000000000000 ) ) ;
#432 = CARTESIAN_POINT ( 'NONE',  ( -3.458828012168809529, 1.349999999999788480, -3.250000000000141664 ) ) ;
#433 = B_SPLINE_CURVE_WITH_KNOTS ( 'NONE', 3,
 ( #2817, #1023, #862, #2371, #2130, #2380, #1469, #2396, #781, #381, #2337, #2162, #810, #990, #1455, #1430, #2808, #2105, #366, #1002, #2567, #2818, #1923, #1701 ),
 .UNSPECIFIED., .F., .F.,
 ( 4, 2, 2, 2, 2, 2, 2, 2, 2, 2, 2, 4 ),
 ( 0.000000000000000000, 0.001523090185885387108, 0.002284635278828089661, 0.003046180371770791998, 0.004569270557656196670, 0.006092360743541601342, 0.006853905836484304112, 0.007615450929427005147, 0.009138541115312424565, 0.009900086208255136008, 0.01066163130119784572, 0.01218472148708326513 ),
 .UNSPECIFIED. ) ;
#434 = CARTESIAN_POINT ( 'NONE',  ( -3.326605290492056444, 1.703271239591009456, -3.109535188737768241 ) ) ;
#435 = CYLINDRICAL_SURFACE ( 'NONE', #1167, 0.1750000000000001554 ) ;
#436 = FACE_BOUND ( 'NONE', #337, .T. ) ;
#437 = ORIENTED_EDGE ( 'NONE', *, *, #1393, .T. ) ;
#438 = CARTESIAN_POINT ( 'NONE',  ( 2.109982191768767557, 3.689183430663308449, -0.2588948671303586413 ) ) ;
#439 = CARTESIAN_POINT ( 'NONE',  ( -4.158828012168809707, 2.382130909493638260, -0.8948717948719406845 ) ) ;
#440 = DIRECTION ( 'NONE',  ( 0.000000000000000000, -1.000000000000000000, 0.000000000000000000 ) ) ;
#441 = ORIENTED_EDGE ( 'NONE', *, *, #1217, .F. ) ;
#442 = DIRECTION ( 'NONE',  ( 1.000000000000000000, -0.000000000000000000, 0.000000000000000000 ) ) ;
#443 = EDGE_CURVE ( 'NONE', #1243, #2785, #587, .T. ) ;
#444 = EDGE_CURVE ( 'NONE', #33, #426, #2591, .T. ) ;
#445 = DIRECTION ( 'NONE',  ( 0.000000000000000000, 0.000000000000000000, -1.000000000000000000 ) ) ;
#446 = AXIS2_PLACEMENT_3D ( 'NONE', #2803, #1917, #340 ) ;
#447 = EDGE_CURVE ( 'NONE', #695, #120, #987, .T. ) ;
#448 = EDGE_CURVE ( 'NONE', #1051, #944, #1707, .T. ) ;
#449 = VECTOR ( 'NONE', #2368, 100.0000000000000000 ) ;
#450 = MECHANICAL_DESIGN_GEOMETRIC_PRESENTATION_REPRESENTATION (  '', ( #2659 ), #1199 ) ;
#451 = LINE ( 'NONE', #2027, #1036 ) ;
#452 = EDGE_LOOP ( 'NONE', ( #2098, #1632, #1055, #1378 ) ) ;
#453 = VECTOR ( 'NONE', #1220, 100.0000000000000000 ) ;
#454 = EDGE_CURVE ( 'NONE', #3, #1449, #2232, .T. ) ;
#455 = CARTESIAN_POINT ( 'NONE',  ( -3.993695413143935724, 1.888939164908747248, -0.4718706599827442449 ) ) ;
#456 = DIRECTION ( 'NONE',  ( -1.000000000000000000, 0.000000000000000000, 0.000000000000000000 ) ) ;
#457 = EDGE_LOOP ( 'NONE', ( #259, #2617, #1761 ) ) ;
#458 = DIRECTION ( 'NONE',  ( 0.000000000000000000, -1.000000000000000000, 0.000000000000000000 ) ) ;
#459 = ORIENTED_EDGE ( 'NONE', *, *, #932, .T. ) ;
#460 = DIRECTION ( 'NONE',  ( 0.000000000000000000, 1.000000000000000000, 0.000000000000000000 ) ) ;
#461 = VECTOR ( 'NONE', #226, 100.0000000000000000 ) ;
#462 = ORIENTED_EDGE ( 'NONE', *, *, #2786, .F. ) ;
#463 = CARTESIAN_POINT ( 'NONE',  ( -4.990042898701122276, 1.549999999999788436, 0.9001000000005275892 ) ) ;
#464 = DIRECTION ( 'NONE',  ( 0.000000000000000000, 0.000000000000000000, -1.000000000000000000 ) ) ;
#465 = AXIS2_PLACEMENT_3D ( 'NONE', #1736, #2874, #1236 ) ;
#466 = CARTESIAN_POINT ( 'NONE',  ( -3.448352787486953730, 3.152421245735078426, -1.932985583310385724 ) ) ;
#467 = CIRCLE ( 'NONE', #1436, 0.1750000000000001554 ) ;
#468 = DIRECTION ( 'NONE',  ( 0.000000000000000000, 0.000000000000000000, -1.000000000000000000 ) ) ;
#469 = ORIENTED_EDGE ( 'NONE', *, *, #454, .F. ) ;
#470 = CARTESIAN_POINT ( 'NONE',  ( -4.098063508082400830, 2.142288227553909241, -0.6328285577244771032 ) ) ;
#471 = CARTESIAN_POINT ( 'NONE',  ( 3.486030915030228883, 3.731651040709872635, 0.1999999999998586242 ) ) ;
#472 = CARTESIAN_POINT ( 'NONE',  ( 1.742842505793087637, 3.031651040709872902, -3.250000000000141664 ) ) ;
#473 = VERTEX_POINT ( 'NONE', #835 ) ;
#474 = CARTESIAN_POINT ( 'NONE',  ( -2.758828012168809796, 3.031651040709872902, -2.700000000000141842 ) ) ;
#475 = CARTESIAN_POINT ( 'NONE',  ( 1.742842505792973729, -5.438225099391067907, 0.04999999999985849097 ) ) ;
#476 = ORIENTED_EDGE ( 'NONE', *, *, #189, .F. ) ;
#477 = VECTOR ( 'NONE', #2743, 100.0000000000000000 ) ;
#478 = DIRECTION ( 'NONE',  ( 0.000000000000000000, -1.000000000000000000, 0.000000000000000000 ) ) ;
#479 = AXIS2_PLACEMENT_3D ( 'NONE', #2413, #1748, #1542 ) ;
#480 = CARTESIAN_POINT ( 'NONE',  ( -3.449787927896927897, 3.144327985069450548, -1.183922664358081578 ) ) ;
#481 = DIRECTION ( 'NONE',  ( 0.000000000000000000, 1.000000000000000000, 0.000000000000000000 ) ) ;
#482 = CARTESIAN_POINT ( 'NONE',  ( -4.154083068854963479, 2.321366686398723456, -0.8116304715830781058 ) ) ;
#483 = EDGE_CURVE ( 'NONE', #2582, #1166, #2411, .T. ) ;
#484 = SPHERICAL_SURFACE ( 'NONE', #1015, 0.6999999999999999556 ) ;
#485 = DIRECTION ( 'NONE',  ( -0.000000000000000000, 1.000000000000000000, 0.000000000000000000 ) ) ;
#486 = CYLINDRICAL_SURFACE ( 'NONE', #2075, 0.6999999999999999556 ) ;
#487 = ORIENTED_EDGE ( 'NONE', *, *, #2904, .T. ) ;
#488 = ADVANCED_FACE ( 'NONE', ( #1335 ), #1196, .F. ) ;
#489 = FACE_OUTER_BOUND ( 'NONE', #2260, .T. ) ;
#490 = FACE_OUTER_BOUND ( 'NONE', #1065, .T. ) ;
#491 = ORIENTED_EDGE ( 'NONE', *, *, #1195, .T. ) ;
#492 = EDGE_CURVE ( 'NONE', #840, #783, #1302, .T. ) ;
#493 = CARTESIAN_POINT ( 'NONE',  ( -4.665042898701122098, 1.349999999999788480, -3.250000000000145661 ) ) ;
#494 = ORIENTED_EDGE ( 'NONE', *, *, #2835, .F. ) ;
#495 = LINE ( 'NONE', #1571, #979 ) ;
#496 = AXIS2_PLACEMENT_3D ( 'NONE', #276, #2252, #2071 ) ;
#497 =( LENGTH_UNIT ( ) NAMED_UNIT ( * ) SI_UNIT ( .CENTI., .METRE. ) );
#498 = CARTESIAN_POINT ( 'NONE',  ( -1.995280754523582223, 3.530433398263949751, -0.2657264825451157164 ) ) ;
#499 = EDGE_CURVE ( 'NONE', #137, #2788, #2459, .T. ) ;
#500 = CARTESIAN_POINT ( 'NONE',  ( -3.941757181555793021, 1.749301853560638165, -0.4144238042727327320 ) ) ;
#501 = VECTOR ( 'NONE', #352, 100.0000000000000000 ) ;
#502 = DIRECTION ( 'NONE',  ( 0.000000000000000000, -1.000000000000000000, 0.000000000000000000 ) ) ;
#503 = CARTESIAN_POINT ( 'NONE',  ( 1.742842505793087859, 3.051890583181599670, -3.250000000000140776 ) ) ;
#504 = ORIENTED_EDGE ( 'NONE', *, *, #2537, .F. ) ;
#505 = ADVANCED_FACE ( 'NONE', ( #204 ), #2234, .F. ) ;
#506 = CARTESIAN_POINT ( 'NONE',  ( -4.158828012013517927, 2.456296210908339717, -2.184582647198138883 ) ) ;
#507 = CIRCLE ( 'NONE', #1618, 2.500000000000729194 ) ;
#508 = CARTESIAN_POINT ( 'NONE',  ( -2.758828012168809796, 3.581651040709872724, -3.400000000000141576 ) ) ;
#509 = ORIENTED_EDGE ( 'NONE', *, *, #2465, .T. ) ;
#510 = EDGE_CURVE ( 'NONE', #535, #2552, #1500, .T. ) ;
#511 = ORIENTED_EDGE ( 'NONE', *, *, #2666, .T. ) ;
#512 = CARTESIAN_POINT ( 'NONE',  ( -4.340042898701121921, 1.349999999999788480, -2.850000000000153744 ) ) ;
#513 = AXIS2_PLACEMENT_3D ( 'NONE', #2011, #2483, #2245 ) ;
#514 = CARTESIAN_POINT ( 'NONE',  ( 4.186030915030229060, 1.349999999999788480, -1.900000000000141798 ) ) ;
#515 = DIRECTION ( 'NONE',  ( -1.000000000000000000, 0.000000000000000000, -0.000000000000000000 ) ) ;
#516 = AXIS2_PLACEMENT_3D ( 'NONE', #174, #2607, #2400 ) ;
#517 = CARTESIAN_POINT ( 'NONE',  ( -3.525168522493371093, 1.412537018134033318, -0.3499999999680963314 ) ) ;
#518 = CARTESIAN_POINT ( 'NONE',  ( 4.686030915030229060, 1.349999999999788480, -1.425000000000141043 ) ) ;
#519 = CARTESIAN_POINT ( 'NONE',  ( 1.763041985786459431, 3.189112316678095027, -3.228440450358149860 ) ) ;
#520 = ORIENTED_EDGE ( 'NONE', *, *, #572, .T. ) ;
#521 = CARTESIAN_POINT ( 'NONE',  ( -4.147758267744406702, 2.541560683260077447, -1.981733471923137202 ) ) ;
#522 = CARTESIAN_POINT ( 'NONE',  ( 2.035727657004281710, 3.555285303273945097, -0.3282864360908352430 ) ) ;
#523 = ORIENTED_EDGE ( 'NONE', *, *, #1976, .F. ) ;
#524 = CARTESIAN_POINT ( 'NONE',  ( 1.850837116969418439, 3.423195526466145999, -3.280688750511622676 ) ) ;
#525 = ORIENTED_EDGE ( 'NONE', *, *, #2195, .T. ) ;
#526 = CARTESIAN_POINT ( 'NONE',  ( -1.912860127850917857, 3.457473039920575530, -0.1501722248998344222 ) ) ;
#527 = FACE_OUTER_BOUND ( 'NONE', #1702, .T. ) ;
#528 = FACE_OUTER_BOUND ( 'NONE', #765, .T. ) ;
#529 = CARTESIAN_POINT ( 'NONE',  ( -4.029957553521014368, 1.977692728251795318, -2.682126662873969281 ) ) ;
#530 = ORIENTED_EDGE ( 'NONE', *, *, #2626, .F. ) ;
#531 = CARTESIAN_POINT ( 'NONE',  ( -1.734935157291043639, 1.349999999999788480, 0.1999999999998586242 ) ) ;
#532 = CARTESIAN_POINT ( 'NONE',  ( 1.742842505792973729, 3.031651040709872902, 0.04999999999985857424 ) ) ;
#533 = ORIENTED_EDGE ( 'NONE', *, *, #1049, .F. ) ;
#534 = DIRECTION ( 'NONE',  ( 0.000000000000000000, 0.000000000000000000, -1.000000000000000000 ) ) ;
#535 = VERTEX_POINT ( 'NONE', #2907 ) ;
#536 = EDGE_CURVE ( 'NONE', #1083, #2751, #1241, .T. ) ;
#537 = FACE_OUTER_BOUND ( 'NONE', #794, .T. ) ;
#538 = EDGE_CURVE ( 'NONE', #2769, #840, #542, .T. ) ;
#539 = ADVANCED_FACE ( 'NONE', ( #2415 ), #169, .T. ) ;
#540 = CARTESIAN_POINT ( 'NONE',  ( -1.763041985786964361, 3.189112316678099024, 0.02844045035786590611 ) ) ;
#541 = DIRECTION ( 'NONE',  ( -7.930164461608261228E-15, 0.000000000000000000, -1.000000000000000000 ) ) ;
#542 = CIRCLE ( 'NONE', #1563, 2.500000000000729194 ) ;
#543 = CARTESIAN_POINT ( 'NONE',  ( -3.941757181556055478, 1.749301853560724540, -2.785576195727541116 ) ) ;
#544 = ORIENTED_EDGE ( 'NONE', *, *, #1093, .F. ) ;
#545 = CARTESIAN_POINT ( 'NONE',  ( -3.448633504309543518, 3.150761664540523643, -1.944190701577333202 ) ) ;
#546 = CARTESIAN_POINT ( 'NONE',  ( 1.872563972812354205, 3.409133114806584874, -0.09848929868716804759 ) ) ;
#547 = ORIENTED_EDGE ( 'NONE', *, *, #2787, .T. ) ;
#548 = VECTOR ( 'NONE', #373, 100.0000000000000000 ) ;
#549 = AXIS2_PLACEMENT_3D ( 'NONE', #861, #2892, #1989 ) ;
#550 = DIRECTION ( 'NONE',  ( 1.000000000000000000, -0.000000000000000000, 0.000000000000000000 ) ) ;
#551 = EDGE_LOOP ( 'NONE', ( #1194, #2279, #1285, #1005, #714, #2292, #2395, #2716, #2393, #909, #779, #309, #2843, #620, #1640, #1953, #1487, #1447, #1164, #1324, #2088, #1303, #68, #603, #1011, #2427, #2704, #2033, #744, #1880, #530, #782, #1732, #2183, #1414, #1368, #1364, #415, #237, #660, #1235, #1681, #2253, #525, #437, #1417, #1495, #2103, #1922 ) ) ;
#552 = CARTESIAN_POINT ( 'NONE',  ( 0.000000000000000000, 0.000000000000000000, 0.04999999999985862281 ) ) ;
#553 = CARTESIAN_POINT ( 'NONE',  ( -3.316539563558591031, 1.491923191873276933, -0.07693837258816754732 ) ) ;
#554 = CARTESIAN_POINT ( 'NONE',  ( 4.036030915030228705, 3.731651040709872635, -3.400000000000141576 ) ) ;
#555 = AXIS2_PLACEMENT_3D ( 'NONE', #73, #992, #1875 ) ;
#556 = CARTESIAN_POINT ( 'NONE',  ( -3.376261712667796733, 2.190745097260519358, -3.029940885222977887 ) ) ;
#557 = ORIENTED_EDGE ( 'NONE', *, *, #499, .F. ) ;
#558 = CARTESIAN_POINT ( 'NONE',  ( -3.554796961879560957, 2.595657849067102063, -1.479760588855040693 ) ) ;
#559 = CARTESIAN_POINT ( 'NONE',  ( -3.075881563341376079E-13, 1.349999999999788924, -1.600000000000201705 ) ) ;
#560 = VERTEX_POINT ( 'NONE', #2647 ) ;
#561 = VECTOR ( 'NONE', #1521, 100.0000000000000000 ) ;
#562 = DIRECTION ( 'NONE',  ( -1.000000000000000000, 0.000000000000000000, 0.000000000000000000 ) ) ;
#563 = ORIENTED_EDGE ( 'NONE', *, *, #1798, .F. ) ;
#564 = DIRECTION ( 'NONE',  ( 0.000000000000000000, 0.000000000000000000, 1.000000000000000000 ) ) ;
#565 = CARTESIAN_POINT ( 'NONE',  ( -4.340042898701121921, 1.549999999999788436, -2.833896267925455792 ) ) ;
#566 = CARTESIAN_POINT ( 'NONE',  ( -4.151241596721692240, 2.523703279338768368, -1.166468911102245931 ) ) ;
#567 = ADVANCED_FACE ( 'NONE', ( #1384 ), #2078, .F. ) ;
#568 = DIRECTION ( 'NONE',  ( 0.000000000000000000, -1.000000000000000000, 0.000000000000000000 ) ) ;
#569 = ORIENTED_EDGE ( 'NONE', *, *, #662, .F. ) ;
#570 = CARTESIAN_POINT ( 'NONE',  ( -3.448625842880797432, 3.150806071207045367, -1.256297503990138731 ) ) ;
#571 = VECTOR ( 'NONE', #985, 100.0000000000000000 ) ;
#572 = EDGE_CURVE ( 'NONE', #1243, #1984, #1399, .T. ) ;
#573 = DIRECTION ( 'NONE',  ( 0.000000000000000000, 0.000000000000000000, -1.000000000000000000 ) ) ;
#574 = B_SPLINE_CURVE_WITH_KNOTS ( 'NONE', 3,
 ( #1757, #2401, #2877, #1044, #158, #386, #1956, #2435, #2226, #654, #2211, #1540, #1311, #418, #1937, #194, #1094, #1326, #1991, #2915 ),
 .UNSPECIFIED., .F., .F.,
 ( 4, 2, 2, 2, 2, 2, 2, 2, 2, 4 ),
 ( 1.734723475976806902E-18, 0.001521064739886499864, 0.003042129479772997993, 0.004563194219659495905, 0.006084258959545994251, 0.007605323699432492597, 0.008365856069375751311, 0.009126388439319009158, 0.01064745317920550924, 0.01216851791909201105 ),
 .UNSPECIFIED. ) ;
#575 = EDGE_CURVE ( 'NONE', #957, #1047, #1077, .T. ) ;
#576 = CARTESIAN_POINT ( 'NONE',  ( 4.686030915030229060, 1.549999999999788436, -1.600000000000141531 ) ) ;
#577 = ORIENTED_EDGE ( 'NONE', *, *, #971, .T. ) ;
#578 = EDGE_CURVE ( 'NONE', #87, #2005, #1615, .T. ) ;
#579 = DIRECTION ( 'NONE',  ( 0.000000000000000000, 0.8623851490821102805, -0.5062527576642189553 ) ) ;
#580 = CARTESIAN_POINT ( 'NONE',  ( -3.458828012168809529, 3.031651040709872902, -0.6128071225549264200 ) ) ;
#581 = DIRECTION ( 'NONE',  ( 0.000000000000000000, -1.000000000000000000, 0.000000000000000000 ) ) ;
#582 = CARTESIAN_POINT ( 'NONE',  ( -2.758828012168809796, 1.349999999999788480, -0.5000000000001413314 ) ) ;
#583 = CARTESIAN_POINT ( 'NONE',  ( -3.367338486060347691, 2.119349315762841801, -3.046121893872513198 ) ) ;
#584 = ORIENTED_EDGE ( 'NONE', *, *, #101, .F. ) ;
#585 = CARTESIAN_POINT ( 'NONE',  ( 4.686030915030229060, 1.349999999999788480, -1.600000000000141531 ) ) ;
#586 = FACE_OUTER_BOUND ( 'NONE', #382, .T. ) ;
#587 = CIRCLE ( 'NONE', #1860, 0.5499999999999998224 ) ;
#588 = CARTESIAN_POINT ( 'NONE',  ( 2.244994432064898682, 3.731651040709872635, -2.700000000000141842 ) ) ;
#589 = VERTEX_POINT ( 'NONE', #1877 ) ;
#590 = EDGE_CURVE ( 'NONE', #325, #1790, #1553, .T. ) ;
#591 = CIRCLE ( 'NONE', #213, 0.1750000000000004885 ) ;
#592 = DIRECTION ( 'NONE',  ( 0.000000000000000000, 0.000000000000000000, -1.000000000000000000 ) ) ;
#593 = VECTOR ( 'NONE', #1987, 100.0000000000000000 ) ;
#594 = CARTESIAN_POINT ( 'NONE',  ( -3.458828012168809529, 3.031651040709872902, 0.1999999999998586242 ) ) ;
#595 = VECTOR ( 'NONE', #573, 100.0000000000000000 ) ;
#596 = CARTESIAN_POINT ( 'NONE',  ( 3.486030915030228883, 3.031651040709872902, -3.400000000000141576 ) ) ;
#597 = CARTESIAN_POINT ( 'NONE',  ( 4.686030915030229060, 1.549999999999788436, -1.775000000000142020 ) ) ;
#598 = CARTESIAN_POINT ( 'NONE',  ( -3.458828012168809529, 2.960124218810227692, -2.700000000000141842 ) ) ;
#599 = CARTESIAN_POINT ( 'NONE',  ( -4.141295087443077172, 2.569676512115898870, -1.875063991692541787 ) ) ;
#600 = CARTESIAN_POINT ( 'NONE',  ( -4.030132118845969558, 1.978087642143913305, -2.681853123855987953 ) ) ;
#601 = VERTEX_POINT ( 'NONE', #1210 ) ;
#602 = CARTESIAN_POINT ( 'NONE',  ( 2.222347728789544785, 3.731651040709872191, -0.4537802520386278182 ) ) ;
#603 = ORIENTED_EDGE ( 'NONE', *, *, #413, .T. ) ;
#604 = AXIS2_PLACEMENT_3D ( 'NONE', #2687, #1110, #892 ) ;
#605 = CARTESIAN_POINT ( 'NONE',  ( 3.486030915030228883, 3.031651040709872902, -0.5000000000001413314 ) ) ;
#606 = ORIENTED_EDGE ( 'NONE', *, *, #1694, .F. ) ;
#607 = CIRCLE ( 'NONE', #1259, 0.5499999999999998224 ) ;
#608 = ORIENTED_EDGE ( 'NONE', *, *, #1195, .F. ) ;
#609 = CARTESIAN_POINT ( 'NONE',  ( -4.340042898701121921, 1.549999999999788436, -3.250000000000145661 ) ) ;
#610 = ADVANCED_FACE ( 'NONE', ( #2733 ), #1171, .F. ) ;
#611 = DIRECTION ( 'NONE',  ( -1.000000000000000000, 0.000000000000000000, -0.000000000000000000 ) ) ;
#612 = ORIENTED_EDGE ( 'NONE', *, *, #2410, .F. ) ;
#613 = CARTESIAN_POINT ( 'NONE',  ( -3.927377169644612920, 1.704939847666807395, -0.4003934493472738332 ) ) ;
#614 = CARTESIAN_POINT ( 'NONE',  ( -3.871257785233150006, 1.349999999999758060, -2.850000000000153744 ) ) ;
#615 = EDGE_LOOP ( 'NONE', ( #2037, #2662, #2159 ) ) ;
#616 = DIRECTION ( 'NONE',  ( 0.000000000000000000, -0.000000000000000000, 1.000000000000000000 ) ) ;
#617 = ORIENTED_EDGE ( 'NONE', *, *, #1660, .T. ) ;
#618 = AXIS2_PLACEMENT_3D ( 'NONE', #2288, #2, #908 ) ;
#619 = DIRECTION ( 'NONE',  ( 0.000000000000000000, -1.000000000000000000, 0.000000000000000000 ) ) ;
#620 = ORIENTED_EDGE ( 'NONE', *, *, #2904, .F. ) ;
#621 = AXIS2_PLACEMENT_3D ( 'NONE', #1188, #456, #1402 ) ;
#622 = CARTESIAN_POINT ( 'NONE',  ( -2.758828012168809796, 3.031651040709872902, 0.1999999999998586242 ) ) ;
#623 = CARTESIAN_POINT ( 'NONE',  ( 3.486030915030228883, 3.031651040709872902, -2.700000000000141842 ) ) ;
#624 = CARTESIAN_POINT ( 'NONE',  ( 4.686030915030229060, 1.349999999999788480, -1.600000000000141531 ) ) ;
#625 = ADVANCED_FACE ( 'NONE', ( #2111 ), #735, .F. ) ;
#626 = CARTESIAN_POINT ( 'NONE',  ( 3.486030915030228883, 3.031651040709872902, -2.700000000000141842 ) ) ;
#627 = ADVANCED_FACE ( 'NONE', ( #407, #149 ), #2391, .F. ) ;
#628 = VERTEX_POINT ( 'NONE', #1035 ) ;
#629 = CARTESIAN_POINT ( 'NONE',  ( -4.029853344858342012, 1.977424831526324978, -0.5177617033917422118 ) ) ;
#630 = ADVANCED_FACE ( 'NONE', ( #2140 ), #1679, .F. ) ;
#631 = CARTESIAN_POINT ( 'NONE',  ( 3.486030915030228883, 3.031651040709872902, -0.5000000000001413314 ) ) ;
#632 = ORIENTED_EDGE ( 'NONE', *, *, #934, .F. ) ;
#633 = CARTESIAN_POINT ( 'NONE',  ( -4.665042898701122098, 1.549999999999788436, -3.425000000000145928 ) ) ;
#634 = DIRECTION ( 'NONE',  ( -0.000000000000000000, 1.000000000000000000, -0.000000000000000000 ) ) ;
#635 = ORIENTED_EDGE ( 'NONE', *, *, #1151, .F. ) ;
#636 = DIRECTION ( 'NONE',  ( 0.000000000000000000, -1.000000000000000000, 0.000000000000000000 ) ) ;
#637 = EDGE_LOOP ( 'NONE', ( #2251, #1152, #1499 ) ) ;
#638 = CARTESIAN_POINT ( 'NONE',  ( 0.000000000000000000, 1.549999999999788436, 0.000000000000000000 ) ) ;
#639 = DIRECTION ( 'NONE',  ( 0.000000000000000000, -1.000000000000000000, 0.000000000000000000 ) ) ;
#640 = CARTESIAN_POINT ( 'NONE',  ( 4.036030915030228705, 2.326111491348825666, -1.425000000000141487 ) ) ;
#641 = CARTESIAN_POINT ( 'NONE',  ( 3.486030915030228883, 0.000000000000000000, -3.250000000000141664 ) ) ;
#642 = AXIS2_PLACEMENT_3D ( 'NONE', #2707, #2749, #1607 ) ;
#643 = ORIENTED_EDGE ( 'NONE', *, *, #1307, .F. ) ;
#644 = VECTOR ( 'NONE', #2697, 100.0000000000000000 ) ;
#645 = FACE_OUTER_BOUND ( 'NONE', #1001, .T. ) ;
#646 = CARTESIAN_POINT ( 'NONE',  ( -4.153928778906315067, 2.320426213611268995, -2.389554809924261836 ) ) ;
#647 = ORIENTED_EDGE ( 'NONE', *, *, #192, .T. ) ;
#648 = DIRECTION ( 'NONE',  ( 0.000000000000000000, 0.000000000000000000, 1.000000000000000000 ) ) ;
#649 = CARTESIAN_POINT ( 'NONE',  ( -3.458828012168809529, 3.031651040709872902, -2.700000000000141842 ) ) ;
#650 = DIRECTION ( 'NONE',  ( 1.000000000000000000, -0.000000000000000000, 0.000000000000000000 ) ) ;
#651 = EDGE_LOOP ( 'NONE', ( #1014, #2117, #1643, #2272 ) ) ;
#652 = CARTESIAN_POINT ( 'NONE',  ( -4.158828012168809707, 1.349999999999758060, -1.600000000000153744 ) ) ;
#653 = AXIS2_PLACEMENT_3D ( 'NONE', #1570, #296, #1524 ) ;
#654 = CARTESIAN_POINT ( 'NONE',  ( -1.911398787898054064, 3.511119542631812251, 0.01191645088785106381 ) ) ;
#655 = AXIS2_PLACEMENT_3D ( 'NONE', #1670, #2579, #1000 ) ;
#656 = CARTESIAN_POINT ( 'NONE',  ( 4.186030915030229060, 2.326111491348825666, -1.600000000000141531 ) ) ;
#657 = CARTESIAN_POINT ( 'NONE',  ( 3.486030915030228883, 3.731651040709872635, -2.700000000000141842 ) ) ;
#658 = DIRECTION ( 'NONE',  ( 0.000000000000000000, 0.000000000000000000, -1.000000000000000000 ) ) ;
#659 = CARTESIAN_POINT ( 'NONE',  ( -3.308828012168809618, 1.349999999999788480, -2.700000000000141842 ) ) ;
#660 = ORIENTED_EDGE ( 'NONE', *, *, #2830, .F. ) ;
#661 = CARTESIAN_POINT ( 'NONE',  ( 1.734935157290428132, 3.031651040709872902, 0.1999999999998586242 ) ) ;
#662 = EDGE_CURVE ( 'NONE', #601, #1581, #832, .T. ) ;
#663 = CARTESIAN_POINT ( 'NONE',  ( -4.073850210142186512, 2.082206019937615338, -0.5865882871530907483 ) ) ;
#664 = EDGE_CURVE ( 'NONE', #944, #2358, #2608, .T. ) ;
#665 = DIRECTION ( 'NONE',  ( 0.000000000000000000, 0.000000000000000000, 1.000000000000000000 ) ) ;
#666 = DIRECTION ( 'NONE',  ( 0.000000000000000000, -1.000000000000000000, 0.000000000000000000 ) ) ;
#667 = ORIENTED_EDGE ( 'NONE', *, *, #39, .T. ) ;
#668 = EDGE_CURVE ( 'NONE', #2005, #1042, #2611, .T. ) ;
#669 = ORIENTED_EDGE ( 'NONE', *, *, #448, .T. ) ;
#670 = DIRECTION ( 'NONE',  ( 0.000000000000000000, 0.000000000000000000, 1.000000000000000000 ) ) ;
#671 = EDGE_CURVE ( 'NONE', #970, #1047, #2674, .T. ) ;
#672 = DIRECTION ( 'NONE',  ( 0.000000000000000000, 0.000000000000000000, -1.000000000000000000 ) ) ;
#673 = EDGE_CURVE ( 'NONE', #759, #1859, #1846, .T. ) ;
#674 = CARTESIAN_POINT ( 'NONE',  ( 0.000000000000000000, 3.031651040709872902, -0.5000000000001413314 ) ) ;
#675 = FACE_BOUND ( 'NONE', #371, .T. ) ;
#676 = CARTESIAN_POINT ( 'NONE',  ( 4.686030915030229060, 1.349999999999788480, -1.300000000000141265 ) ) ;
#677 = ORIENTED_EDGE ( 'NONE', *, *, #1021, .T. ) ;
#678 = CARTESIAN_POINT ( 'NONE',  ( -4.002756701187482058, 1.911415177557099998, -0.4828889637513024136 ) ) ;
#679 = CARTESIAN_POINT ( 'NONE',  ( -4.158828012168809707, 2.382130909493649362, -2.305128205128351482 ) ) ;
#680 = VERTEX_POINT ( 'NONE', #2630 ) ;
#681 = ORIENTED_EDGE ( 'NONE', *, *, #483, .F. ) ;
#682 = CARTESIAN_POINT ( 'NONE',  ( -1.734935157291042973, -5.721067811867748709, 0.1999999999998586242 ) ) ;
#683 = PLANE ( 'NONE',  #1169 ) ;
#684 = AXIS2_PLACEMENT_3D ( 'NONE', #2093, #995, #2066 ) ;
#685 = DIRECTION ( 'NONE',  ( 0.000000000000000000, 0.000000000000000000, 1.000000000000000000 ) ) ;
#686 = CARTESIAN_POINT ( 'NONE',  ( -4.158828012168809707, 2.382130909493638260, -0.8948717948719405735 ) ) ;
#687 = AXIS2_PLACEMENT_3D ( 'NONE', #1547, #1969, #2870 ) ;
#688 = AXIS2_PLACEMENT_3D ( 'NONE', #2316, #2734, #2516 ) ;
#689 = DIRECTION ( 'NONE',  ( -1.000000000000000000, 0.000000000000000000, 0.000000000000000000 ) ) ;
#690 = EDGE_LOOP ( 'NONE', ( #913, #1465, #1038, #1661 ) ) ;
#691 = AXIS2_PLACEMENT_3D ( 'NONE', #1655, #2784, #324 ) ;
#692 = CARTESIAN_POINT ( 'NONE',  ( -4.029957553521025915, 1.977692728251713827, -0.5178733371262953522 ) ) ;
#693 = LINE ( 'NONE', #17, #2476 ) ;
#694 = CARTESIAN_POINT ( 'NONE',  ( -3.523533257354328097, 2.310306577863484812, -2.404866658259577683 ) ) ;
#695 = VERTEX_POINT ( 'NONE', #784 ) ;
#696 = CARTESIAN_POINT ( 'NONE',  ( 3.486030915030228883, 3.031651040709872902, -0.5000000000001413314 ) ) ;
#697 = ORIENTED_EDGE ( 'NONE', *, *, #1057, .F. ) ;
#698 = CARTESIAN_POINT ( 'NONE',  ( 2.043878064292624419, 3.644865315974486819, -3.040347337345624901 ) ) ;
#699 = ORIENTED_EDGE ( 'NONE', *, *, #2135, .T. ) ;
#700 = CIRCLE ( 'NONE', #655, 0.1750000000000001554 ) ;
#701 = EDGE_CURVE ( 'NONE', #933, #109, #1448, .T. ) ;
#702 = CARTESIAN_POINT ( 'NONE',  ( -2.758828012168809796, 3.031651040709872902, -0.5000000000001413314 ) ) ;
#703 = AXIS2_PLACEMENT_3D ( 'NONE', #1796, #209, #1294 ) ;
#704 = EDGE_CURVE ( 'NONE', #1647, #1449, #1777, .T. ) ;
#705 = ADVANCED_FACE ( 'NONE', ( #645 ), #1816, .F. ) ;
#706 = CARTESIAN_POINT ( 'NONE',  ( 1.742842505792973506, 1.349999999999788924, 0.04999999999985814403 ) ) ;
#707 = DIRECTION ( 'NONE',  ( 0.000000000000000000, 1.000000000000000000, 0.000000000000000000 ) ) ;
#708 = DIRECTION ( 'NONE',  ( 0.000000000000000000, -1.000000000000000000, 0.000000000000000000 ) ) ;
#709 = CARTESIAN_POINT ( 'NONE',  ( 4.186030915030229060, 1.549999999999788436, -1.900000000000141798 ) ) ;
#710 = ORIENTED_EDGE ( 'NONE', *, *, #444, .T. ) ;
#711 = CARTESIAN_POINT ( 'NONE',  ( -2.133072900770430991, 3.581651040709872724, -0.5000000000001413314 ) ) ;
#712 = CARTESIAN_POINT ( 'NONE',  ( 1.763678936215067328, 3.187764733817765261, 0.02773005500967894166 ) ) ;
#713 = CARTESIAN_POINT ( 'NONE',  ( 1.911398787897536700, 3.511119542631809587, -3.211916450888137486 ) ) ;
#714 = ORIENTED_EDGE ( 'NONE', *, *, #755, .F. ) ;
#715 = CIRCLE ( 'NONE', #329, 1.049999999999999822 ) ;
#716 = LINE ( 'NONE', #2731, #227 ) ;
#717 = EDGE_CURVE ( 'NONE', #104, #728, #1675, .T. ) ;
#718 = AXIS2_PLACEMENT_3D ( 'NONE', #839, #2019, #1305 ) ;
#719 = EDGE_CURVE ( 'NONE', #2563, #1936, #1258, .T. ) ;
#720 = DIRECTION ( 'NONE',  ( 0.000000000000000000, 0.000000000000000000, -1.000000000000000000 ) ) ;
#721 = DIRECTION ( 'NONE',  ( -1.000000000000000000, 0.000000000000000000, 0.000000000000000000 ) ) ;
#722 = CARTESIAN_POINT ( 'NONE',  ( -3.367360452789330161, 2.120534654177413714, -0.1535474291370350075 ) ) ;
#723 = EDGE_CURVE ( 'NONE', #1790, #1581, #1994, .T. ) ;
#724 = DIRECTION ( 'NONE',  ( -1.000000000000000000, 0.000000000000000000, 0.000000000000000000 ) ) ;
#725 = ADVANCED_FACE ( 'NONE', ( #2901 ), #435, .F. ) ;
#726 = DIRECTION ( 'NONE',  ( 0.000000000000000000, 0.000000000000000000, 1.000000000000000000 ) ) ;
#727 = FACE_OUTER_BOUND ( 'NONE', #20, .T. ) ;
#728 = VERTEX_POINT ( 'NONE', #1 ) ;
#729 = CARTESIAN_POINT ( 'NONE',  ( -3.493230479337642080, 2.473151338384241615, -2.151411179217549208 ) ) ;
#730 = CARTESIAN_POINT ( 'NONE',  ( 2.114623748662463942, 3.581651040709872724, -0.4642241941797982663 ) ) ;
#731 = ORIENTED_EDGE ( 'NONE', *, *, #176, .T. ) ;
#732 = PRODUCT_DEFINITION ( 'UNKNOWN', '', #1980, #1817 ) ;
#733 = DIRECTION ( 'NONE',  ( 0.000000000000000000, -1.000000000000000000, 0.000000000000000000 ) ) ;
#734 = DIRECTION ( 'NONE',  ( -1.000000000000000000, 0.000000000000000000, 0.000000000000000000 ) ) ;
#735 = CYLINDRICAL_SURFACE ( 'NONE', #1995, 0.1750000000000001554 ) ;
#736 = CARTESIAN_POINT ( 'NONE',  ( -3.350292596838170933, 1.972910891558357305, -0.1252505673426309307 ) ) ;
#737 = DIRECTION ( 'NONE',  ( -1.000000000000000000, 0.000000000000000000, 0.000000000000000000 ) ) ;
#738 = CARTESIAN_POINT ( 'NONE',  ( -3.494674294161354666, 2.352073460811814343, -2.349461300222736249 ) ) ;
#739 = CIRCLE ( 'NONE', #1572, 0.6999999999999999556 ) ;
#740 = ORIENTED_EDGE ( 'NONE', *, *, #809, .T. ) ;
#741 = CARTESIAN_POINT ( 'NONE',  ( -3.457803588674535966, 3.073021358606974562, -2.434737250721887847 ) ) ;
#742 = VECTOR ( 'NONE', #2726, 100.0000000000000000 ) ;
#743 = CARTESIAN_POINT ( 'NONE',  ( 1.853672781180620399, 3.382969417078570018, -0.07532074146499528888 ) ) ;
#744 = ORIENTED_EDGE ( 'NONE', *, *, #1791, .T. ) ;
#745 = DIRECTION ( 'NONE',  ( 0.000000000000000000, -1.000000000000000000, 0.000000000000000000 ) ) ;
#746 = EDGE_LOOP ( 'NONE', ( #2338, #2797, #1709, #1032, #740, #2632, #65, #962 ) ) ;
#747 = VECTOR ( 'NONE', #1674, 100.0000000000000000 ) ;
#748 = CARTESIAN_POINT ( 'NONE',  ( -1.933144816936808619, 3.478302354605495417, -0.1772549125753700716 ) ) ;
#749 = AXIS2_PLACEMENT_3D ( 'NONE', #160, #1939, #829 ) ;
#750 = CARTESIAN_POINT ( 'NONE',  ( -3.526775113154596131, 1.475586279371353671, -0.3546711760340475750 ) ) ;
#751 = CARTESIAN_POINT ( 'NONE',  ( -3.075881563341376079E-13, 5.249999999999788614, -1.600000000000201705 ) ) ;
#752 = FACE_OUTER_BOUND ( 'NONE', #26, .T. ) ;
#753 = ORIENTED_EDGE ( 'NONE', *, *, #2802, .T. ) ;
#754 = CARTESIAN_POINT ( 'NONE',  ( -3.453289426572962117, 3.120272800854382300, -1.004669272738752506 ) ) ;
#755 = EDGE_CURVE ( 'NONE', #2678, #1840, #786, .T. ) ;
#756 = CARTESIAN_POINT ( 'NONE',  ( 1.781176714418155393, 3.241890262870521955, 0.008576158995776237901 ) ) ;
#757 = ORIENTED_EDGE ( 'NONE', *, *, #847, .T. ) ;
#758 = CARTESIAN_POINT ( 'NONE',  ( -0.5137430402940721397, 1.349999999999788480, -2.650000000000153566 ) ) ;
#759 = VERTEX_POINT ( 'NONE', #897 ) ;
#760 = EDGE_CURVE ( 'NONE', #1456, #2223, #2727, .T. ) ;
#761 = EDGE_CURVE ( 'NONE', #2831, #2906, #268, .T. ) ;
#762 = LINE ( 'NONE', #1902, #1825 ) ;
#763 = CARTESIAN_POINT ( 'NONE',  ( -3.871257785233168214, 1.349999999999777600, -0.3500000000001538547 ) ) ;
#764 = CARTESIAN_POINT ( 'NONE',  ( -3.536325506037561794, 1.656228717813063023, -2.814461238772404617 ) ) ;
#765 = EDGE_LOOP ( 'NONE', ( #339, #831, #2383, #151, #757, #1223, #1406, #2171, #1903, #2621 ) ) ;
#766 = CARTESIAN_POINT ( 'NONE',  ( -3.493235178491489012, 2.473157510198511932, -1.048598480086604612 ) ) ;
#767 = CARTESIAN_POINT ( 'NONE',  ( 2.133072900769815927, 3.581651040709872724, -0.5000000000001413314 ) ) ;
#768 = VERTEX_POINT ( 'NONE', #1871 ) ;
#769 = PRODUCT_RELATED_PRODUCT_CATEGORY ( 'part', '', ( #288 ) ) ;
#770 = CARTESIAN_POINT ( 'NONE',  ( -3.075881563341376079E-13, 1.349999999999788480, -1.600000000000201705 ) ) ;
#771 = ORIENTED_EDGE ( 'NONE', *, *, #1698, .T. ) ;
#772 = ORIENTED_EDGE ( 'NONE', *, *, #1182, .F. ) ;
#773 = CARTESIAN_POINT ( 'NONE',  ( -3.444289477395009236, 2.718821990811756351, -0.3540993368081919446 ) ) ;
#774 = DIRECTION ( 'NONE',  ( 1.000000000000000000, 0.000000000000000000, -0.000000000000000000 ) ) ;
#775 = CARTESIAN_POINT ( 'NONE',  ( -4.073850210142039963, 2.082206019937681507, -2.613411712847171220 ) ) ;
#776 = VERTEX_POINT ( 'NONE', #2771 ) ;
#777 = CARTESIAN_POINT ( 'NONE',  ( -3.554789947735074840, 2.595638289004757571, -1.720475437110143391 ) ) ;
#778 = DIRECTION ( 'NONE',  ( 0.000000000000000000, 0.000000000000000000, -1.000000000000000000 ) ) ;
#779 = ORIENTED_EDGE ( 'NONE', *, *, #1797, .T. ) ;
#780 = VECTOR ( 'NONE', #2506, 100.0000000000000000 ) ;
#781 = CARTESIAN_POINT ( 'NONE',  ( -1.838827645955500412, 3.404586376801031822, -3.294097467993388317 ) ) ;
#782 = ORIENTED_EDGE ( 'NONE', *, *, #671, .T. ) ;
#783 = VERTEX_POINT ( 'NONE', #1314 ) ;
#784 = CARTESIAN_POINT ( 'NONE',  ( -4.340042898701121921, 1.349999999999758060, -0.3500000000001536327 ) ) ;
#785 = ADVANCED_FACE ( 'NONE', ( #198 ), #1814, .F. ) ;
#786 = CIRCLE ( 'NONE', #513, 0.5499999999999998224 ) ;
#787 = EDGE_CURVE ( 'NONE', #2076, #203, #2063, .T. ) ;
#788 = CIRCLE ( 'NONE', #77, 2.500000000000729194 ) ;
#789 = CARTESIAN_POINT ( 'NONE',  ( -3.532353413544304210, 1.597040899072478704, -2.827591922084337739 ) ) ;
#790 = ORIENTED_EDGE ( 'NONE', *, *, #590, .F. ) ;
#791 = DIRECTION ( 'NONE',  ( -0.000000000000000000, 1.000000000000000000, -0.000000000000000000 ) ) ;
#792 = VERTEX_POINT ( 'NONE', #2243 ) ;
#793 = DIRECTION ( 'NONE',  ( -0.000000000000000000, -0.000000000000000000, -1.000000000000000000 ) ) ;
#794 = EDGE_LOOP ( 'NONE', ( #2083, #1811, #111, #2854 ) ) ;
#795 = FACE_OUTER_BOUND ( 'NONE', #457, .T. ) ;
#796 = CARTESIAN_POINT ( 'NONE',  ( -4.990042898701122276, 1.549999999999788436, 0.9001000000005275892 ) ) ;
#797 = CARTESIAN_POINT ( 'NONE',  ( -4.340042898701121921, 1.349999999999788480, 0.9001000000005275892 ) ) ;
#798 = EDGE_CURVE ( 'NONE', #1388, #2831, #1308, .T. ) ;
#799 = FACE_OUTER_BOUND ( 'NONE', #2477, .T. ) ;
#800 = DIRECTION ( 'NONE',  ( 0.000000000000000000, -0.000000000000000000, -1.000000000000000000 ) ) ;
#801 = AXIS2_PLACEMENT_3D ( 'NONE', #1800, #2257, #1541 ) ;
#802 = ADVANCED_FACE ( 'NONE', ( #1353 ), #1097, .F. ) ;
#803 = DIRECTION ( 'NONE',  ( 0.000000000000000000, 0.000000000000000000, 1.000000000000000000 ) ) ;
#804 = VERTEX_POINT ( 'NONE', #1774 ) ;
#805 = EDGE_CURVE ( 'NONE', #2795, #2267, #1992, .T. ) ;
#806 = CARTESIAN_POINT ( 'NONE',  ( -4.137155409034262377, 2.585323721983394218, -1.792999117040930068 ) ) ;
#807 = AXIS2_PLACEMENT_3D ( 'NONE', #1592, #1853, #1866 ) ;
#808 = DIRECTION ( 'NONE',  ( 0.000000000000000000, 0.000000000000000000, 1.000000000000000000 ) ) ;
#809 = EDGE_CURVE ( 'NONE', #1965, #2606, #1328, .T. ) ;
#810 = CARTESIAN_POINT ( 'NONE',  ( -1.963581880273824298, 3.570355508593022087, -3.147521040135145665 ) ) ;
#811 = ORIENTED_EDGE ( 'NONE', *, *, #2108, .T. ) ;
#812 = CARTESIAN_POINT ( 'NONE',  ( -4.665042898701122098, 1.349999999999788480, -3.575000000000146283 ) ) ;
#813 = CARTESIAN_POINT ( 'NONE',  ( -3.308828012168809618, 3.031651040709872902, -3.400000000000141576 ) ) ;
#814 = DIRECTION ( 'NONE',  ( 0.000000000000000000, 0.000000000000000000, -1.000000000000000000 ) ) ;
#815 = DIRECTION ( 'NONE',  ( 0.000000000000000000, 0.000000000000000000, -1.000000000000000000 ) ) ;
#816 = CARTESIAN_POINT ( 'NONE',  ( -4.990042898701122276, 1.549999999999788436, -0.3661037320748518620 ) ) ;
#817 = ORIENTED_EDGE ( 'NONE', *, *, #2360, .T. ) ;
#818 = DIRECTION ( 'NONE',  ( 0.000000000000000000, 0.000000000000000000, 1.000000000000000000 ) ) ;
#819 = DIRECTION ( 'NONE',  ( 0.000000000000000000, 1.000000000000000000, -1.224646799147353207E-16 ) ) ;
#820 = AXIS2_PLACEMENT_3D ( 'NONE', #2850, #1947, #818 ) ;
#821 = DIRECTION ( 'NONE',  ( -1.000000000000000000, 0.000000000000000000, 0.000000000000000000 ) ) ;
#822 = VERTEX_POINT ( 'NONE', #14 ) ;
#823 = AXIS2_PLACEMENT_3D ( 'NONE', #1728, #1589, #1370 ) ;
#824 = AXIS2_PLACEMENT_3D ( 'NONE', #2712, #260, #1347 ) ;
#825 = ORIENTED_EDGE ( 'NONE', *, *, #41, .F. ) ;
#826 = DIRECTION ( 'NONE',  ( -0.000000000000000000, 0.000000000000000000, -1.000000000000000000 ) ) ;
#827 = CIRCLE ( 'NONE', #2480, 0.1750000000000001554 ) ;
#828 = DIRECTION ( 'NONE',  ( -0.000000000000000000, 1.000000000000000000, -0.000000000000000000 ) ) ;
#829 = DIRECTION ( 'NONE',  ( 0.000000000000000000, 0.000000000000000000, 1.000000000000000000 ) ) ;
#830 = CARTESIAN_POINT ( 'NONE',  ( -3.411880292068703024, 2.458602559227421214, -2.953081256021286460 ) ) ;
#831 = ORIENTED_EDGE ( 'NONE', *, *, #538, .T. ) ;
#832 = LINE ( 'NONE', #1706, #1056 ) ;
#833 = CARTESIAN_POINT ( 'NONE',  ( -3.943318731857276660, 1.753903888680803380, -2.783986783488540340 ) ) ;
#834 = EDGE_LOOP ( 'NONE', ( #612, #208, #2891, #557 ) ) ;
#835 = CARTESIAN_POINT ( 'NONE',  ( -1.742842505793702479, 3.031651040709872902, -3.250000000000141664 ) ) ;
#836 = CARTESIAN_POINT ( 'NONE',  ( -1.932678834188679362, 3.477845719063421548, -3.023377898523619933 ) ) ;
#837 = VECTOR ( 'NONE', #277, 100.0000000000000000 ) ;
#838 = EDGE_CURVE ( 'NONE', #1730, #2773, #1799, .T. ) ;
#839 = CARTESIAN_POINT ( 'NONE',  ( -2.758828012168809796, 3.031651040709872902, -0.5000000000001413314 ) ) ;
#840 = VERTEX_POINT ( 'NONE', #2896 ) ;
#841 = DIRECTION ( 'NONE',  ( 0.000000000000000000, 0.000000000000000000, -1.000000000000000000 ) ) ;
#842 = CIRCLE ( 'NONE', #2488, 0.6999999999999999556 ) ;
#843 = ADVANCED_FACE ( 'NONE', ( #878 ), #683, .F. ) ;
#844 = LINE ( 'NONE', #682, #561 ) ;
#845 = CARTESIAN_POINT ( 'NONE',  ( 3.486030915030228439, 1.349999999999788480, -3.250000000000141664 ) ) ;
#846 = ADVANCED_FACE ( 'NONE', ( #1477 ), #2389, .T. ) ;
#847 = EDGE_CURVE ( 'NONE', #1316, #1960, #1508, .T. ) ;
#848 = CARTESIAN_POINT ( 'NONE',  ( -3.075881563341376079E-13, -5.438225099391067907, -1.600000000000201705 ) ) ;
#849 = LINE ( 'NONE', #1741, #449 ) ;
#850 = CARTESIAN_POINT ( 'NONE',  ( -3.420788808167028794, 2.524810016313451033, -2.929334913526616013 ) ) ;
#851 = VERTEX_POINT ( 'NONE', #640 ) ;
#852 = DIRECTION ( 'NONE',  ( 0.000000000000000000, -1.000000000000000000, 0.000000000000000000 ) ) ;
#853 = CARTESIAN_POINT ( 'NONE',  ( -4.158828012168809707, 2.352332232657094124, -2.348745997185663015 ) ) ;
#854 = ORIENTED_EDGE ( 'NONE', *, *, #454, .T. ) ;
#855 = CARTESIAN_POINT ( 'NONE',  ( 1.757247002063382357, 3.206612919370163794, 0.1782411741957999618 ) ) ;
#856 = CARTESIAN_POINT ( 'NONE',  ( -4.665042898701122098, 1.549999999999788436, 0.04999999999986265431 ) ) ;
#857 = CARTESIAN_POINT ( 'NONE',  ( -1.872563972813063859, 3.409133114806580434, -3.101510701313118457 ) ) ;
#858 = VECTOR ( 'NONE', #2259, 100.0000000000000000 ) ;
#859 = ORIENTED_EDGE ( 'NONE', *, *, #536, .F. ) ;
#860 = VECTOR ( 'NONE', #440, 100.0000000000000000 ) ;
#861 = CARTESIAN_POINT ( 'NONE',  ( 3.486030915030228883, 3.031651040709872902, -0.5000000000001413314 ) ) ;
#862 = CARTESIAN_POINT ( 'NONE',  ( -1.740848671774459122, 3.133501014114463246, -3.394346873222447769 ) ) ;
#863 = CARTESIAN_POINT ( 'NONE',  ( 0.000000000000000000, 3.031651040709872902, -3.250000000000141664 ) ) ;
#864 = DIRECTION ( 'NONE',  ( -1.000000000000000000, 0.000000000000000000, -0.000000000000000000 ) ) ;
#865 = DIRECTION ( 'NONE',  ( -0.000000000000000000, 0.000000000000000000, -1.000000000000000000 ) ) ;
#866 = ORIENTED_EDGE ( 'NONE', *, *, #1515, .F. ) ;
#867 = CARTESIAN_POINT ( 'NONE',  ( -3.458828012168809529, 3.031651040709872902, -0.6128071225549264200 ) ) ;
#868 = FACE_BOUND ( 'NONE', #1392, .T. ) ;
#869 = EDGE_LOOP ( 'NONE', ( #2028, #1109, #2566, #2407, #1221, #927, #1769, #2161, #2119, #699 ) ) ;
#870 = CARTESIAN_POINT ( 'NONE',  ( 1.740848671773718381, 3.133501014114466798, 0.1943468732221645123 ) ) ;
#871 = CARTESIAN_POINT ( 'NONE',  ( -3.458828012168809529, 3.031651040709872902, -0.5000000000001413314 ) ) ;
#872 = LINE ( 'NONE', #1970, #1843 ) ;
#873 = ORIENTED_EDGE ( 'NONE', *, *, #510, .F. ) ;
#874 = AXIS2_PLACEMENT_3D ( 'NONE', #2574, #2746, #1437 ) ;
#875 = CYLINDRICAL_SURFACE ( 'NONE', #126, 0.5499999999999999334 ) ;
#876 = DIRECTION ( 'NONE',  ( 0.000000000000000000, -1.000000000000000000, 0.000000000000000000 ) ) ;
#877 = VECTOR ( 'NONE', #289, 100.0000000000000000 ) ;
#878 = FACE_OUTER_BOUND ( 'NONE', #690, .T. ) ;
#879 = CARTESIAN_POINT ( 'NONE',  ( -3.455164271071749393, 2.842517430864348604, -2.779121668125618783 ) ) ;
#880 = CIRCLE ( 'NONE', #2612, 0.6999999999999999556 ) ;
#881 = ADVANCED_FACE ( 'NONE', ( #374 ), #146, .T. ) ;
#882 = VECTOR ( 'NONE', #734, 100.0000000000000000 ) ;
#883 = DIRECTION ( 'NONE',  ( 1.000000000000000000, -0.000000000000000000, -0.000000000000000000 ) ) ;
#884 = EDGE_LOOP ( 'NONE', ( #1668, #2178, #494, #1419 ) ) ;
#885 = CARTESIAN_POINT ( 'NONE',  ( 1.788137285732984472, 3.299378663574795922, 0.1472122515337354887 ) ) ;
#886 = EDGE_CURVE ( 'NONE', #1280, #1965, #1340, .T. ) ;
#887 = CARTESIAN_POINT ( 'NONE',  ( -3.416339111170085818, 2.492241391099484282, -0.2595388639761847527 ) ) ;
#888 = ADVANCED_FACE ( 'NONE', ( #2168 ), #1525, .T. ) ;
#889 = DIRECTION ( 'NONE',  ( 0.000000000000000000, 0.000000000000000000, -1.000000000000000000 ) ) ;
#890 = EDGE_LOOP ( 'NONE', ( #156, #2863, #1942, #390, #71, #1614 ) ) ;
#891 = CIRCLE ( 'NONE', #936, 1.250000000000000000 ) ;
#892 = DIRECTION ( 'NONE',  ( 3.965082230804130614E-15, 0.000000000000000000, -1.000000000000000000 ) ) ;
#893 = AXIS2_PLACEMENT_3D ( 'NONE', #702, #2919, #2214 ) ;
#894 = DIRECTION ( 'NONE',  ( 1.000000000000000000, -0.000000000000000000, -0.000000000000000000 ) ) ;
#895 = AXIS2_PLACEMENT_3D ( 'NONE', #638, #193, #1990 ) ;
#896 = VECTOR ( 'NONE', #2927, 100.0000000000000000 ) ;
#897 = CARTESIAN_POINT ( 'NONE',  ( -4.158828012168809707, 2.427981436352395939, -0.9671840529198796332 ) ) ;
#898 = CARTESIAN_POINT ( 'NONE',  ( -3.458828012168809529, 3.731651040709872635, -3.400000000000141576 ) ) ;
#899 = DIRECTION ( 'NONE',  ( 0.000000000000000000, 0.000000000000000000, -1.000000000000000000 ) ) ;
#900 = CARTESIAN_POINT ( 'NONE',  ( -3.394392782869327885, 2.329200656075138820, -0.2059412029441829162 ) ) ;
#901 = CARTESIAN_POINT ( 'NONE',  ( -4.665042898701122098, 1.549999999999788436, -3.250000000000145661 ) ) ;
#902 = ORIENTED_EDGE ( 'NONE', *, *, #673, .F. ) ;
#903 = VERTEX_POINT ( 'NONE', #2437 ) ;
#904 = CARTESIAN_POINT ( 'NONE',  ( -4.340042898701121921, 1.549999999999788436, -0.3661037320748518620 ) ) ;
#905 = VECTOR ( 'NONE', #1557, 100.0000000000000000 ) ;
#906 = DIRECTION ( 'NONE',  ( 0.000000000000000000, 0.000000000000000000, -1.000000000000000000 ) ) ;
#907 = CARTESIAN_POINT ( 'NONE',  ( -3.454772328151761052, 3.108765747566559323, -2.263180001155517207 ) ) ;
#908 = DIRECTION ( 'NONE',  ( 0.000000000000000000, 0.000000000000000000, -1.000000000000000000 ) ) ;
#909 = ORIENTED_EDGE ( 'NONE', *, *, #311, .F. ) ;
#910 = CARTESIAN_POINT ( 'NONE',  ( 3.486030915030228883, 3.031651040709872902, -2.700000000000141842 ) ) ;
#911 = CARTESIAN_POINT ( 'NONE',  ( -2.035727657004972713, 3.555285303273945985, -2.871713563909449540 ) ) ;
#912 = CARTESIAN_POINT ( 'NONE',  ( -3.535280151744842669, 2.285379362156082284, -2.435465919926524503 ) ) ;
#913 = ORIENTED_EDGE ( 'NONE', *, *, #1054, .T. ) ;
#914 = CARTESIAN_POINT ( 'NONE',  ( -3.450061824079338368, 3.142171513783813985, -2.029115422632409071 ) ) ;
#915 = ORIENTED_EDGE ( 'NONE', *, *, #847, .F. ) ;
#916 = DIRECTION ( 'NONE',  ( -1.000000000000000000, 0.000000000000000000, 0.000000000000000000 ) ) ;
#917 = ADVANCED_FACE ( 'NONE', ( #2212 ), #161, .F. ) ;
#918 = ORIENTED_EDGE ( 'NONE', *, *, #1566, .T. ) ;
#919 = DIRECTION ( 'NONE',  ( 1.000000000000000000, 0.000000000000000000, -0.000000000000000000 ) ) ;
#920 = EDGE_CURVE ( 'NONE', #944, #1735, #849, .T. ) ;
#921 = CARTESIAN_POINT ( 'NONE',  ( -4.158828012168809707, 2.352344618529738973, -0.8512721326269330202 ) ) ;
#922 = CIRCLE ( 'NONE', #2800, 0.3250000000000002887 ) ;
#923 = CIRCLE ( 'NONE', #2430, 0.5499999999999998224 ) ;
#924 = CARTESIAN_POINT ( 'NONE',  ( -4.105595649450953566, 2.161789370705420765, -0.6491380852490852282 ) ) ;
#925 = CARTESIAN_POINT ( 'NONE',  ( -3.308828012168809618, 3.031651040709872902, -2.700000000000141842 ) ) ;
#926 = CARTESIAN_POINT ( 'NONE',  ( 4.186030915030229060, 3.731651040709872635, -0.5000000000001413314 ) ) ;
#927 = ORIENTED_EDGE ( 'NONE', *, *, #1630, .F. ) ;
#928 = DIRECTION ( 'NONE',  ( 0.000000000000000000, -1.000000000000000000, 0.000000000000000000 ) ) ;
#929 = CARTESIAN_POINT ( 'NONE',  ( -4.665042898701122098, 1.349999999999788480, 0.2249999999998630595 ) ) ;
#930 = EDGE_LOOP ( 'NONE', ( #2003, #188, #2759, #509 ) ) ;
#931 = CARTESIAN_POINT ( 'NONE',  ( -2.758828012168809796, 3.031651040709872902, -0.5000000000001413314 ) ) ;
#932 = EDGE_CURVE ( 'NONE', #104, #2046, #1927, .T. ) ;
#933 = VERTEX_POINT ( 'NONE', #1369 ) ;
#934 = EDGE_CURVE ( 'NONE', #1051, #2828, #495, .T. ) ;
#935 = CARTESIAN_POINT ( 'NONE',  ( -3.458828012168809529, 2.960124218810211261, -0.5000000000001413314 ) ) ;
#936 = AXIS2_PLACEMENT_3D ( 'NONE', #652, #1539, #2450 ) ;
#937 = EDGE_CURVE ( 'NONE', #1984, #2741, #2024, .T. ) ;
#938 = EDGE_CURVE ( 'NONE', #840, #2769, #75, .T. ) ;
#939 = VECTOR ( 'NONE', #2700, 100.0000000000000000 ) ;
#940 = CARTESIAN_POINT ( 'NONE',  ( -4.990042898701122276, 1.349999999999788480, -3.250000000000145661 ) ) ;
#941 = CARTESIAN_POINT ( 'NONE',  ( -1.854021648242329734, 3.383480066905717010, -0.07574435373295249074 ) ) ;
#942 = DIRECTION ( 'NONE',  ( 0.000000000000000000, 0.000000000000000000, -1.000000000000000000 ) ) ;
#943 = CARTESIAN_POINT ( 'NONE',  ( 1.933144816936279264, 3.478302354605493196, -3.022745087424915322 ) ) ;
#944 = VERTEX_POINT ( 'NONE', #1114 ) ;
#945 = FACE_OUTER_BOUND ( 'NONE', #125, .T. ) ;
#946 = CARTESIAN_POINT ( 'NONE',  ( 4.686030915030229060, 1.549999999999788436, -1.900000000000141798 ) ) ;
#947 = ORIENTED_EDGE ( 'NONE', *, *, #2406, .T. ) ;
#948 = LINE ( 'NONE', #25, #983 ) ;
#949 = ORIENTED_EDGE ( 'NONE', *, *, #1973, .F. ) ;
#950 = CIRCLE ( 'NONE', #2121, 1.250000000000000000 ) ;
#951 = CARTESIAN_POINT ( 'NONE',  ( -0.5137430402940721397, 1.349999999999758060, -2.850000000000153744 ) ) ;
#952 = DIRECTION ( 'NONE',  ( -0.000000000000000000, 1.000000000000000000, -0.000000000000000000 ) ) ;
#953 = CARTESIAN_POINT ( 'NONE',  ( -1.742842505793589236, 3.031651040709872014, 0.04999999999985849097 ) ) ;
#954 = DIRECTION ( 'NONE',  ( -0.000000000000000000, 1.000000000000000000, 0.000000000000000000 ) ) ;
#955 = DIRECTION ( 'NONE',  ( 0.000000000000000000, 0.000000000000000000, 1.000000000000000000 ) ) ;
#956 = CARTESIAN_POINT ( 'NONE',  ( -4.154083068855239702, 2.321366686398689705, -2.388369528417266352 ) ) ;
#957 = VERTEX_POINT ( 'NONE', #935 ) ;
#958 = CARTESIAN_POINT ( 'NONE',  ( 4.036030915030228705, 1.349999999999788480, -2.700000000000141842 ) ) ;
#959 = CARTESIAN_POINT ( 'NONE',  ( 3.486030915030228883, 0.000000000000000000, -0.5000000000001413314 ) ) ;
#960 = EDGE_LOOP ( 'NONE', ( #172, #2297 ) ) ;
#961 = DIRECTION ( 'NONE',  ( 0.000000000000000000, 0.000000000000000000, 1.000000000000000000 ) ) ;
#962 = ORIENTED_EDGE ( 'NONE', *, *, #1100, .F. ) ;
#963 = AXIS2_PLACEMENT_3D ( 'NONE', #2825, #376, #800 ) ;
#964 = EDGE_CURVE ( 'NONE', #1261, #2643, #2916, .T. ) ;
#965 = CARTESIAN_POINT ( 'NONE',  ( -3.420788808167032347, 2.524810016313439931, -0.2706650864736755424 ) ) ;
#966 = CARTESIAN_POINT ( 'NONE',  ( -2.758828012168809796, 3.581651040709872724, -0.5000000000001413314 ) ) ;
#967 = CARTESIAN_POINT ( 'NONE',  ( -3.458828012168809529, 3.031651040709872902, -2.700000000000141842 ) ) ;
#968 = DIRECTION ( 'NONE',  ( -0.000000000000000000, -1.000000000000000000, -0.000000000000000000 ) ) ;
#969 = AXIS2_PLACEMENT_3D ( 'NONE', #2362, #347, #2351 ) ;
#970 = VERTEX_POINT ( 'NONE', #2273 ) ;
#971 = EDGE_CURVE ( 'NONE', #728, #147, #2101, .T. ) ;
#972 = CARTESIAN_POINT ( 'NONE',  ( -3.450849542690315186, 3.137191469193345572, -2.071077339870908141 ) ) ;
#973 = CYLINDRICAL_SURFACE ( 'NONE', #1874, 0.6999999999999999556 ) ;
#974 = ORIENTED_EDGE ( 'NONE', *, *, #964, .T. ) ;
#975 = EDGE_CURVE ( 'NONE', #1840, #2906, #1829, .T. ) ;
#976 = CARTESIAN_POINT ( 'NONE',  ( 4.186030915030229060, 1.349999999999788480, -0.5000000000001413314 ) ) ;
#977 = EDGE_LOOP ( 'NONE', ( #681, #2324, #1232, #1651 ) ) ;
#978 = EDGE_CURVE ( 'NONE', #2678, #1351, #716, .T. ) ;
#979 = VECTOR ( 'NONE', #2717, 100.0000000000000000 ) ;
#980 = DIRECTION ( 'NONE',  ( 0.000000000000000000, -1.000000000000000000, 0.000000000000000000 ) ) ;
#981 = CIRCLE ( 'NONE', #1349, 2.400000000000000355 ) ;
#982 = CARTESIAN_POINT ( 'NONE',  ( -3.344114087768684129, 1.912748334479549950, -0.1157645273647061879 ) ) ;
#983 = VECTOR ( 'NONE', #1644, 100.0000000000000000 ) ;
#984 = CARTESIAN_POINT ( 'NONE',  ( -3.315042898700988783, 1.349999999999788702, -0.07500000000014774015 ) ) ;
#985 = DIRECTION ( 'NONE',  ( 1.000000000000000000, 0.000000000000000000, 0.000000000000000000 ) ) ;
#986 = ORIENTED_EDGE ( 'NONE', *, *, #2017, .F. ) ;
#987 = LINE ( 'NONE', #1881, #345 ) ;
#988 = LINE ( 'NONE', #1206, #2531 ) ;
#989 = ORIENTED_EDGE ( 'NONE', *, *, #719, .T. ) ;
#990 = CARTESIAN_POINT ( 'NONE',  ( -1.990268064777023671, 3.597222067466082862, -3.113046000797523138 ) ) ;
#991 = EDGE_LOOP ( 'NONE', ( #915, #378, #304, #2131 ) ) ;
#992 = DIRECTION ( 'NONE',  ( 0.000000000000000000, 0.000000000000000000, -1.000000000000000000 ) ) ;
#993 =( GEOMETRIC_REPRESENTATION_CONTEXT ( 3 ) GLOBAL_UNCERTAINTY_ASSIGNED_CONTEXT ( ( #2026 ) ) GLOBAL_UNIT_ASSIGNED_CONTEXT ( ( #497, #2720, #43 ) ) REPRESENTATION_CONTEXT ( 'NONE', 'WORKASPACE' ) );
#994 = AXIS2_PLACEMENT_3D ( 'NONE', #2233, #2170, #1964 ) ;
#995 = DIRECTION ( 'NONE',  ( 0.000000000000000000, 0.000000000000000000, -1.000000000000000000 ) ) ;
#996 = CARTESIAN_POINT ( 'NONE',  ( -3.342581463078230009, 1.898336857495223517, -0.1135235023805190313 ) ) ;
#997 = CARTESIAN_POINT ( 'NONE',  ( -3.362935152999396049, 2.082915338979434150, -3.053725084559181902 ) ) ;
#998 = ORIENTED_EDGE ( 'NONE', *, *, #2154, .F. ) ;
#999 = CARTESIAN_POINT ( 'NONE',  ( -4.158828012012913966, 2.456295934751711041, -1.015416882378310515 ) ) ;
#1000 = DIRECTION ( 'NONE',  ( 0.000000000000000000, 0.000000000000000000, -1.000000000000000000 ) ) ;
#1001 = EDGE_LOOP ( 'NONE', ( #2602, #1807, #1645 ) ) ;
#1002 = CARTESIAN_POINT ( 'NONE',  ( -2.148879108017914152, 3.709037230930437801, -2.877862192185850265 ) ) ;
#1003 = EDGE_LOOP ( 'NONE', ( #2443, #321, #2431, #358 ) ) ;
#1004 = ADVANCED_FACE ( 'NONE', ( #2050 ), #1602, .F. ) ;
#1005 = ORIENTED_EDGE ( 'NONE', *, *, #975, .F. ) ;
#1006 = DIRECTION ( 'NONE',  ( 0.000000000000000000, 0.000000000000000000, -1.000000000000000000 ) ) ;
#1007 = ADVANCED_FACE ( 'NONE', ( #2244 ), #1354, .T. ) ;
#1008 = EDGE_CURVE ( 'NONE', #1656, #589, #2512, .T. ) ;
#1009 = CARTESIAN_POINT ( 'NONE',  ( -4.125392506663670744, 2.215680016208330549, -0.6968738469053518125 ) ) ;
#1010 = CARTESIAN_POINT ( 'NONE',  ( -3.871257785233149562, 1.349999999999758060, -2.850000000000153744 ) ) ;
#1011 = ORIENTED_EDGE ( 'NONE', *, *, #2826, .T. ) ;
#1012 = CARTESIAN_POINT ( 'NONE',  ( -4.137142155187386372, 2.585371173294226832, -1.407309451396729916 ) ) ;
#1013 = CIRCLE ( 'NONE', #2903, 2.400000000000000355 ) ;
#1014 = ORIENTED_EDGE ( 'NONE', *, *, #920, .F. ) ;
#1015 = AXIS2_PLACEMENT_3D ( 'NONE', #1690, #707, #1372 ) ;
#1016 = CIRCLE ( 'NONE', #824, 0.1750000000000001554 ) ;
#1017 = CARTESIAN_POINT ( 'NONE',  ( 1.734935157290427910, 2.231651040709872635, 0.1999999999998586242 ) ) ;
#1018 = ORIENTED_EDGE ( 'NONE', *, *, #280, .T. ) ;
#1019 = DIRECTION ( 'NONE',  ( 0.000000000000000000, -1.000000000000000000, 0.000000000000000000 ) ) ;
#1020 = EDGE_CURVE ( 'NONE', #851, #239, #2399, .T. ) ;
#1021 = EDGE_CURVE ( 'NONE', #1936, #1510, #2453, .T. ) ;
#1022 = CARTESIAN_POINT ( 'NONE',  ( 3.486030915030228883, 3.031651040709872902, -0.5000000000001413314 ) ) ;
#1023 = CARTESIAN_POINT ( 'NONE',  ( -1.734935157291168650, 3.083371174056303232, -3.400000000000143352 ) ) ;
#1024 = EDGE_CURVE ( 'NONE', #295, #104, #242, .T. ) ;
#1025 = DIRECTION ( 'NONE',  ( 0.000000000000000000, -1.000000000000000000, 0.000000000000000000 ) ) ;
#1026 = CARTESIAN_POINT ( 'NONE',  ( -3.551885978565396229, 2.224310856818163096, -2.499918104101613636 ) ) ;
#1027 = ORIENTED_EDGE ( 'NONE', *, *, #1746, .F. ) ;
#1028 = DIRECTION ( 'NONE',  ( -1.000000000000000000, -0.000000000000000000, 0.000000000000000000 ) ) ;
#1029 = VERTEX_POINT ( 'NONE', #1977 ) ;
#1030 = AXIS2_PLACEMENT_3D ( 'NONE', #2689, #431, #2671 ) ;
#1031 = CARTESIAN_POINT ( 'NONE',  ( -4.990042898701122276, 1.549999999999788436, -2.833896267925455348 ) ) ;
#1032 = ORIENTED_EDGE ( 'NONE', *, *, #2010, .F. ) ;
#1033 = CYLINDRICAL_SURFACE ( 'NONE', #2810, 0.6999999999999999556 ) ;
#1034 = DIRECTION ( 'NONE',  ( 0.000000000000000000, -1.000000000000000000, 0.000000000000000000 ) ) ;
#1035 = CARTESIAN_POINT ( 'NONE',  ( 4.186030915030229060, 3.031651040709872902, -0.5000000000001413314 ) ) ;
#1036 = VECTOR ( 'NONE', #1802, 100.0000000000000000 ) ;
#1037 = CARTESIAN_POINT ( 'NONE',  ( -3.315042898700979457, 1.349999999999758060, -3.125000000000147882 ) ) ;
#1038 = ORIENTED_EDGE ( 'NONE', *, *, #311, .T. ) ;
#1039 = CARTESIAN_POINT ( 'NONE',  ( 0.000000000000000000, 3.031651040709872902, -0.5000000000001413314 ) ) ;
#1040 = CARTESIAN_POINT ( 'NONE',  ( -1.774865199112470426, 3.224275402044405325, -3.215525316116544463 ) ) ;
#1041 = LINE ( 'NONE', #1933, #453 ) ;
#1042 = VERTEX_POINT ( 'NONE', #355 ) ;
#1043 = VERTEX_POINT ( 'NONE', #402 ) ;
#1044 = CARTESIAN_POINT ( 'NONE',  ( -2.149271664929199410, 3.710104485701422483, -0.3220603782430374595 ) ) ;
#1045 = LINE ( 'NONE', #594, #548 ) ;
#1046 = DIRECTION ( 'NONE',  ( 0.000000000000000000, 0.000000000000000000, -1.000000000000000000 ) ) ;
#1047 = VERTEX_POINT ( 'NONE', #388 ) ;
#1048 = CARTESIAN_POINT ( 'NONE',  ( -4.138438913397656904, 2.580687637727421269, -1.820633025809640593 ) ) ;
#1049 = EDGE_CURVE ( 'NONE', #2606, #628, #1492, .T. ) ;
#1050 = CARTESIAN_POINT ( 'NONE',  ( 4.036030915030228705, 1.349999999999788480, -0.5000000000001413314 ) ) ;
#1051 = VERTEX_POINT ( 'NONE', #2404 ) ;
#1052 = CARTESIAN_POINT ( 'NONE',  ( -4.665042898701122098, 1.549999999999788436, -3.250000000000145661 ) ) ;
#1053 = ADVANCED_FACE ( 'NONE', ( #2880 ), #116, .T. ) ;
#1054 = EDGE_CURVE ( 'NONE', #2322, #1051, #2137, .T. ) ;
#1055 = ORIENTED_EDGE ( 'NONE', *, *, #1390, .T. ) ;
#1056 = VECTOR ( 'NONE', #2845, 100.0000000000000000 ) ;
#1057 = EDGE_CURVE ( 'NONE', #1696, #1685, #2598, .T. ) ;
#1058 = FACE_OUTER_BOUND ( 'NONE', #1334, .T. ) ;
#1059 = ORIENTED_EDGE ( 'NONE', *, *, #1238, .F. ) ;
#1060 = CARTESIAN_POINT ( 'NONE',  ( -3.072942411023422537E-13, -5.438225099391067907, -4.000000000000201617 ) ) ;
#1061 = EDGE_CURVE ( 'NONE', #2322, #1683, #2167, .T. ) ;
#1062 = DIRECTION ( 'NONE',  ( 1.000000000000000000, 0.000000000000000000, 0.000000000000000000 ) ) ;
#1063 = AXIS2_PLACEMENT_3D ( 'NONE', #1066, #2653, #826 ) ;
#1064 = CLOSED_SHELL ( 'NONE', ( #1396, #725, #2312, #625, #1914, #1361, #1117, #2719, #1954, #2048, #1743, #567, #1133, #4, #2061, #1760, #2270, #2408, #1327, #1657, #1889, #235, #2593, #2099, #2902, #1631, #539, #881, #1882, #2681, #1395, #1714, #282, #1004, #1332, #1891, #2015, #705, #785, #2314, #1885, #2619, #1269, #408, #488, #59, #2104, #917, #843, #2403, #1467, #627, #802, #2685, #846, #2185, #1740, #1310, #128, #2366, #888, #1053, #505, #2412, #1007, #1473, #197, #1312, #630, #133, #42, #610, #1700, #2423, #1475, #2546, #2095, #95, #416, #1849 ) ) ;
#1065 = EDGE_LOOP ( 'NONE', ( #1979, #1884, #859, #635 ) ) ;
#1066 = CARTESIAN_POINT ( 'NONE',  ( -4.340042898701121921, 1.549999999999788436, 0.000000000000000000 ) ) ;
#1067 = DIRECTION ( 'NONE',  ( 0.000000000000000000, 0.000000000000000000, 1.000000000000000000 ) ) ;
#1068 = CARTESIAN_POINT ( 'NONE',  ( -3.322322743093825803, 1.633034494828786487, -3.115327585601927574 ) ) ;
#1069 = ORIENTED_EDGE ( 'NONE', *, *, #1118, .F. ) ;
#1070 = CARTESIAN_POINT ( 'NONE',  ( -3.976446642172382973, 1.845832662667014734, -0.4514674645440680534 ) ) ;
#1071 = CARTESIAN_POINT ( 'NONE',  ( -3.890469073575698822, 1.558696904301410280, -2.833556657154561620 ) ) ;
#1072 = ORIENTED_EDGE ( 'NONE', *, *, #1659, .T. ) ;
#1073 = CARTESIAN_POINT ( 'NONE',  ( 0.000000000000000000, 3.031651040709872902, -0.5000000000001413314 ) ) ;
#1074 = VERTEX_POINT ( 'NONE', #596 ) ;
#1075 = CARTESIAN_POINT ( 'NONE',  ( -3.079134169858833602E-13, 3.731651040709872635, -1.600000000000201705 ) ) ;
#1076 = ORIENTED_EDGE ( 'NONE', *, *, #1791, .F. ) ;
#1077 = B_SPLINE_CURVE_WITH_KNOTS ( 'NONE', 3,
 ( #1863, #46, #2573, #773, #2289, #965, #1635, #1663, #58, #722, #89, #982, #2776, #2124, #2761, #553, #2330, #2529 ),
 .UNSPECIFIED., .F., .F.,
 ( 4, 2, 2, 2, 2, 2, 2, 2, 4 ),
 ( 0.000000000000000000, 0.002114828923910632482, 0.004229657847821264964, 0.006344486771731897880, 0.008459315695642529928, 0.01057414461955316111, 0.01268897354346379576, 0.01480380246737442868, 0.01691863139128505292 ),
 .UNSPECIFIED. ) ;
#1078 = FACE_OUTER_BOUND ( 'NONE', #651, .T. ) ;
#1079 = AXIS2_PLACEMENT_3D ( 'NONE', #1150, #2074, #2493 ) ;
#1080 = DIRECTION ( 'NONE',  ( 0.000000000000000000, 0.5062527576642191773, -0.8623851490821102805 ) ) ;
#1081 = DIRECTION ( 'NONE',  ( 0.000000000000000000, 1.000000000000000000, 0.000000000000000000 ) ) ;
#1082 = DIRECTION ( 'NONE',  ( -0.000000000000000000, -1.000000000000000000, -0.000000000000000000 ) ) ;
#1083 = VERTEX_POINT ( 'NONE', #1476 ) ;
#1084 = CARTESIAN_POINT ( 'NONE',  ( -3.457681271595949735, 3.075117798594189100, -0.7739397567765491370 ) ) ;
#1085 = FACE_OUTER_BOUND ( 'NONE', #890, .T. ) ;
#1086 = ORIENTED_EDGE ( 'NONE', *, *, #39, .F. ) ;
#1087 = DIRECTION ( 'NONE',  ( 0.000000000000000000, 0.000000000000000000, 1.000000000000000000 ) ) ;
#1088 = ORIENTED_EDGE ( 'NONE', *, *, #2802, .F. ) ;
#1089 = DIRECTION ( 'NONE',  ( 0.000000000000000000, 0.000000000000000000, -1.000000000000000000 ) ) ;
#1090 = ORIENTED_EDGE ( 'NONE', *, *, #1148, .F. ) ;
#1091 = AXIS2_PLACEMENT_3D ( 'NONE', #150, #2865, #2886 ) ;
#1092 = CARTESIAN_POINT ( 'NONE',  ( 4.186030915030229060, 3.731651040709872635, -3.400000000000141576 ) ) ;
#1093 = EDGE_CURVE ( 'NONE', #137, #768, #2341, .T. ) ;
#1094 = CARTESIAN_POINT ( 'NONE',  ( -1.763056169667414519, 3.232255433963668434, 0.1725335283535948672 ) ) ;
#1095 = CARTESIAN_POINT ( 'NONE',  ( -2.758828012168809796, 3.031651040709872902, -3.250000000000141664 ) ) ;
#1096 = EDGE_CURVE ( 'NONE', #109, #759, #369, .T. ) ;
#1097 = CYLINDRICAL_SURFACE ( 'NONE', #2584, 0.1750000000000001554 ) ;
#1098 = CARTESIAN_POINT ( 'NONE',  ( 4.036030915030228705, 3.031651040709872902, -0.5000000000001413314 ) ) ;
#1099 = DIRECTION ( 'NONE',  ( 0.000000000000000000, -1.000000000000000000, 0.000000000000000000 ) ) ;
#1100 = EDGE_CURVE ( 'NONE', #776, #1083, #1283, .T. ) ;
#1101 = DIRECTION ( 'NONE',  ( 0.000000000000000000, -0.000000000000000000, -1.000000000000000000 ) ) ;
#1102 = ORIENTED_EDGE ( 'NONE', *, *, #572, .F. ) ;
#1103 = CARTESIAN_POINT ( 'NONE',  ( 3.486030915030228439, 0.000000000000000000, 0.04999999999985862281 ) ) ;
#1104 = CARTESIAN_POINT ( 'NONE',  ( -3.432211830796611629, 2.616391418299185645, -0.3083277064986090221 ) ) ;
#1105 = DIRECTION ( 'NONE',  ( -0.000000000000000000, 1.000000000000000000, 0.000000000000000000 ) ) ;
#1106 = ORIENTED_EDGE ( 'NONE', *, *, #2231, .T. ) ;
#1107 = DIRECTION ( 'NONE',  ( 0.000000000000000000, 0.000000000000000000, 1.000000000000000000 ) ) ;
#1108 = VECTOR ( 'NONE', #1780, 100.0000000000000000 ) ;
#1109 = ORIENTED_EDGE ( 'NONE', *, *, #798, .F. ) ;
#1110 = DIRECTION ( 'NONE',  ( -0.000000000000000000, 1.000000000000000000, -0.000000000000000000 ) ) ;
#1111 = CARTESIAN_POINT ( 'NONE',  ( -4.665042898701122098, 1.349999999999788480, -3.250000000000145661 ) ) ;
#1112 = VECTOR ( 'NONE', #485, 100.0000000000000000 ) ;
#1113 = DIRECTION ( 'NONE',  ( 1.000000000000000000, 0.000000000000000000, 0.000000000000000000 ) ) ;
#1114 = CARTESIAN_POINT ( 'NONE',  ( -4.665042898701122098, 1.549999999999788436, -3.575000000000146283 ) ) ;
#1115 = AXIS2_PLACEMENT_3D ( 'NONE', #2530, #2125, #1172 ) ;
#1116 = DIRECTION ( 'NONE',  ( 0.000000000000000000, 0.000000000000000000, -1.000000000000000000 ) ) ;
#1117 = ADVANCED_FACE ( 'NONE', ( #1958 ), #2860, .F. ) ;
#1118 = EDGE_CURVE ( 'NONE', #2615, #1042, #842, .T. ) ;
#1119 = CARTESIAN_POINT ( 'NONE',  ( -3.458828012168809529, 3.731651040709872635, -2.700000000000141842 ) ) ;
#1120 = VERTEX_POINT ( 'NONE', #69 ) ;
#1121 = CARTESIAN_POINT ( 'NONE',  ( 2.043708695642743933, 3.644736108309450273, -0.1594101173645741665 ) ) ;
#1122 = FACE_OUTER_BOUND ( 'NONE', #1204, .T. ) ;
#1123 = CARTESIAN_POINT ( 'NONE',  ( 0.000000000000000000, 3.031651040709872902, -0.5000000000001413314 ) ) ;
#1124 = ORIENTED_EDGE ( 'NONE', *, *, #1574, .F. ) ;
#1125 = ORIENTED_EDGE ( 'NONE', *, *, #1186, .F. ) ;
#1126 = CIRCLE ( 'NONE', #1304, 1.049999999999999822 ) ;
#1127 = FACE_OUTER_BOUND ( 'NONE', #1452, .T. ) ;
#1128 = VECTOR ( 'NONE', #2856, 100.0000000000000000 ) ;
#1129 = CARTESIAN_POINT ( 'NONE',  ( -4.340042898701121921, 1.349999999999788480, -0.000000000000000000 ) ) ;
#1130 = DIRECTION ( 'NONE',  ( 0.000000000000000000, 0.000000000000000000, 1.000000000000000000 ) ) ;
#1131 = ORIENTED_EDGE ( 'NONE', *, *, #2136, .T. ) ;
#1132 = LINE ( 'NONE', #2909, #22 ) ;
#1133 = ADVANCED_FACE ( 'NONE', ( #1418 ), #1842, .F. ) ;
#1134 = CARTESIAN_POINT ( 'NONE',  ( -3.458828012168809529, 2.914437705914521004, -2.733436800354999363 ) ) ;
#1135 = ORIENTED_EDGE ( 'NONE', *, *, #701, .T. ) ;
#1136 = CARTESIAN_POINT ( 'NONE',  ( -4.142871073231227719, 2.563289678002584449, -1.901972653764267385 ) ) ;
#1137 = CIRCLE ( 'NONE', #91, 1.250000000000000000 ) ;
#1138 = ORIENTED_EDGE ( 'NONE', *, *, #2885, .F. ) ;
#1139 = DIRECTION ( 'NONE',  ( 0.000000000000000000, -1.000000000000000000, -0.000000000000000000 ) ) ;
#1140 = ORIENTED_EDGE ( 'NONE', *, *, #1851, .T. ) ;
#1141 = CARTESIAN_POINT ( 'NONE',  ( 3.486030915030228439, 3.731651040709872635, -3.400000000000141576 ) ) ;
#1142 = EDGE_LOOP ( 'NONE', ( #1479, #317, #1854, #1536 ) ) ;
#1143 = EDGE_CURVE ( 'NONE', #957, #109, #1876, .T. ) ;
#1144 = CARTESIAN_POINT ( 'NONE',  ( -3.448343375876059547, 2.760555719397204122, -0.3756279497078399698 ) ) ;
#1145 = FACE_OUTER_BOUND ( 'NONE', #1249, .T. ) ;
#1146 = FACE_OUTER_BOUND ( 'NONE', #1142, .T. ) ;
#1147 = ORIENTED_EDGE ( 'NONE', *, *, #578, .F. ) ;
#1148 = EDGE_CURVE ( 'NONE', #33, #2785, #607, .T. ) ;
#1149 = DIRECTION ( 'NONE',  ( 1.000000000000000000, 0.000000000000000000, -0.000000000000000000 ) ) ;
#1150 = CARTESIAN_POINT ( 'NONE',  ( -4.158828012168809707, 2.960124218810211261, -0.5000000000001413314 ) ) ;
#1151 = EDGE_CURVE ( 'NONE', #628, #1083, #2523, .T. ) ;
#1152 = ORIENTED_EDGE ( 'NONE', *, *, #1148, .T. ) ;
#1153 = DIRECTION ( 'NONE',  ( 1.000000000000000000, 0.000000000000000000, 0.000000000000000000 ) ) ;
#1154 = CIRCLE ( 'NONE', #2189, 2.500000000000729194 ) ;
#1155 = CIRCLE ( 'NONE', #2801, 0.6999999999999999556 ) ;
#1156 = LINE ( 'NONE', #514, #1546 ) ;
#1157 = DIRECTION ( 'NONE',  ( -0.000000000000000000, 1.000000000000000000, -0.000000000000000000 ) ) ;
#1158 = CARTESIAN_POINT ( 'NONE',  ( -3.458828012168809529, 2.960124218810211261, -0.5000000000001413314 ) ) ;
#1159 = LINE ( 'NONE', #247, #404 ) ;
#1160 = CARTESIAN_POINT ( 'NONE',  ( 4.186030915030229060, 3.031651040709872902, -2.700000000000141842 ) ) ;
#1161 = ORIENTED_EDGE ( 'NONE', *, *, #283, .T. ) ;
#1162 = DIRECTION ( 'NONE',  ( 1.836970198721029688E-16, 0.000000000000000000, -1.000000000000000000 ) ) ;
#1163 = DIRECTION ( 'NONE',  ( 0.000000000000000000, 0.000000000000000000, 1.000000000000000000 ) ) ;
#1164 = ORIENTED_EDGE ( 'NONE', *, *, #2276, .T. ) ;
#1165 = CARTESIAN_POINT ( 'NONE',  ( 1.807298731797012392, 3.343022164324994883, -3.327384738494754135 ) ) ;
#1166 = VERTEX_POINT ( 'NONE', #55 ) ;
#1167 = AXIS2_PLACEMENT_3D ( 'NONE', #1331, #230, #1116 ) ;
#1168 = DIRECTION ( 'NONE',  ( -1.000000000000000000, 0.000000000000000000, 0.000000000000000000 ) ) ;
#1169 = AXIS2_PLACEMENT_3D ( 'NONE', #463, #919, #865 ) ;
#1170 = CARTESIAN_POINT ( 'NONE',  ( -4.990042898701122276, 1.349999999999758060, -1.600000000000153744 ) ) ;
#1171 = PLANE ( 'NONE',  #684 ) ;
#1172 = DIRECTION ( 'NONE',  ( -1.000000000000000000, 0.000000000000000000, -0.000000000000000000 ) ) ;
#1173 = FACE_OUTER_BOUND ( 'NONE', #615, .T. ) ;
#1174 = CARTESIAN_POINT ( 'NONE',  ( -4.665042898701122098, 1.549999999999788436, 0.04999999999986265431 ) ) ;
#1175 = CARTESIAN_POINT ( 'NONE',  ( -4.158828011978877193, 2.352847240664080353, -2.347992154581182156 ) ) ;
#1176 = EDGE_LOOP ( 'NONE', ( #1394, #2651, #2470, #2534 ) ) ;
#1177 = LINE ( 'NONE', #1838, #2090 ) ;
#1178 = DIRECTION ( 'NONE',  ( 0.000000000000000000, -1.000000000000000000, 0.000000000000000000 ) ) ;
#1179 = ORIENTED_EDGE ( 'NONE', *, *, #351, .T. ) ;
#1180 = DIRECTION ( 'NONE',  ( -1.000000000000000000, 0.000000000000000000, 0.000000000000000000 ) ) ;
#1181 = ORIENTED_EDGE ( 'NONE', *, *, #2276, .F. ) ;
#1182 = EDGE_CURVE ( 'NONE', #1351, #1784, #1872, .T. ) ;
#1183 = CARTESIAN_POINT ( 'NONE',  ( -0.5137430402940721397, 1.349999999999758060, -1.600000000000153744 ) ) ;
#1184 = EDGE_CURVE ( 'NONE', #155, #2163, #948, .T. ) ;
#1185 = DIRECTION ( 'NONE',  ( 1.000000000000000000, 0.000000000000000000, -0.000000000000000000 ) ) ;
#1186 = EDGE_CURVE ( 'NONE', #2788, #1485, #467, .T. ) ;
#1187 = CARTESIAN_POINT ( 'NONE',  ( -3.871257785206628999, 1.401615599418043923, -0.3500000000001546874 ) ) ;
#1188 = CARTESIAN_POINT ( 'NONE',  ( -3.458828012168809529, 3.031651040709872902, -2.700000000000141842 ) ) ;
#1189 = ORIENTED_EDGE ( 'NONE', *, *, #483, .T. ) ;
#1190 = DIRECTION ( 'NONE',  ( 0.000000000000000000, 0.000000000000000000, 1.000000000000000000 ) ) ;
#1191 = DIRECTION ( 'NONE',  ( 0.000000000000000000, -0.000000000000000000, 1.000000000000000000 ) ) ;
#1192 = EDGE_LOOP ( 'NONE', ( #854, #491, #251 ) ) ;
#1193 = CARTESIAN_POINT ( 'NONE',  ( -2.758828012168809796, 3.031651040709872902, -2.700000000000141842 ) ) ;
#1194 = ORIENTED_EDGE ( 'NONE', *, *, #2353, .F. ) ;
#1195 = EDGE_CURVE ( 'NONE', #1449, #1809, #85, .T. ) ;
#1196 = TOROIDAL_SURFACE ( 'NONE', #2325, 1.949999999999999956, 0.6999999999999999556 ) ;
#1197 = CARTESIAN_POINT ( 'NONE',  ( -1.742842505793588348, 3.051890583181598782, 0.04999999999985856730 ) ) ;
#1198 = CARTESIAN_POINT ( 'NONE',  ( -3.317005323282428364, 1.511468675624884961, -0.07753663517003964167 ) ) ;
#1199 =( GEOMETRIC_REPRESENTATION_CONTEXT ( 3 ) GLOBAL_UNCERTAINTY_ASSIGNED_CONTEXT ( ( #231 ) ) GLOBAL_UNIT_ASSIGNED_CONTEXT ( ( #2654, #159, #1313 ) ) REPRESENTATION_CONTEXT ( 'NONE', 'WORKASPACE' ) );
#1200 = AXIS2_PLACEMENT_3D ( 'NONE', #52, #250, #2492 ) ;
#1201 = DIRECTION ( 'NONE',  ( 0.000000000000000000, 0.000000000000000000, 1.000000000000000000 ) ) ;
#1202 = CARTESIAN_POINT ( 'NONE',  ( -3.416339111170061393, 2.492241391099630388, -2.940461136024162592 ) ) ;
#1203 = AXIS2_PLACEMENT_3D ( 'NONE', #770, #1899, #1248 ) ;
#1204 = EDGE_LOOP ( 'NONE', ( #1654, #1090, #710, #2209 ) ) ;
#1205 = CARTESIAN_POINT ( 'NONE',  ( -3.445849166218715176, 3.165822326380498541, -1.686098478535994261 ) ) ;
#1206 = CARTESIAN_POINT ( 'NONE',  ( 3.541056168199645082, 2.326111491348825666, -1.425000000000141709 ) ) ;
#1207 = ORIENTED_EDGE ( 'NONE', *, *, #1093, .T. ) ;
#1208 = ORIENTED_EDGE ( 'NONE', *, *, #2231, .F. ) ;
#1209 = CIRCLE ( 'NONE', #2858, 0.1750000000000004885 ) ;
#1210 = CARTESIAN_POINT ( 'NONE',  ( -2.758828012168809796, 1.349999999999788480, 0.04999999999985862281 ) ) ;
#1211 = CIRCLE ( 'NONE', #2861, 1.250000000000000000 ) ;
#1212 = CARTESIAN_POINT ( 'NONE',  ( -4.665042898701122098, 1.549999999999788436, -3.425000000000145928 ) ) ;
#1213 = LINE ( 'NONE', #2113, #97 ) ;
#1214 = EDGE_LOOP ( 'NONE', ( #2439, #1749, #1338, #367 ) ) ;
#1215 = CARTESIAN_POINT ( 'NONE',  ( -4.134013877217460831, 2.596365201297410330, -1.710305095486968074 ) ) ;
#1216 = CARTESIAN_POINT ( 'NONE',  ( -1.742842505793589014, 1.349999999999788480, 0.04999999999985862281 ) ) ;
#1217 = EDGE_CURVE ( 'NONE', #1873, #1029, #1211, .T. ) ;
#1218 = ORIENTED_EDGE ( 'NONE', *, *, #938, .T. ) ;
#1219 = EDGE_CURVE ( 'NONE', #2309, #1696, #2022, .T. ) ;
#1220 = DIRECTION ( 'NONE',  ( -0.000000000000000000, 1.000000000000000000, -0.000000000000000000 ) ) ;
#1221 = ORIENTED_EDGE ( 'NONE', *, *, #1703, .F. ) ;
#1222 = EDGE_CURVE ( 'NONE', #51, #2815, #297, .T. ) ;
#1223 = ORIENTED_EDGE ( 'NONE', *, *, #2268, .T. ) ;
#1224 = CIRCLE ( 'NONE', #334, 0.6999999999999999556 ) ;
#1225 = CARTESIAN_POINT ( 'NONE',  ( 4.036030915030228705, 3.031651040709872902, -3.400000000000141576 ) ) ;
#1226 = VECTOR ( 'NONE', #2840, 100.0000000000000000 ) ;
#1227 = PLANE ( 'NONE',  #1115 ) ;
#1228 = CARTESIAN_POINT ( 'NONE',  ( -3.967042293805793207, 1.819817524987845880, -2.758621903274569576 ) ) ;
#1229 = ORIENTED_EDGE ( 'NONE', *, *, #2895, .F. ) ;
#1230 = CARTESIAN_POINT ( 'NONE',  ( -3.518357289320714010, 2.514915357000957918, -1.143204140358443643 ) ) ;
#1231 = EDGE_CURVE ( 'NONE', #2223, #957, #2388, .T. ) ;
#1232 = ORIENTED_EDGE ( 'NONE', *, *, #397, .T. ) ;
#1233 = EDGE_CURVE ( 'NONE', #2606, #1074, #2018, .T. ) ;
#1234 = CARTESIAN_POINT ( 'NONE',  ( 3.486030915030228883, 3.031651040709872902, -2.700000000000141842 ) ) ;
#1235 = ORIENTED_EDGE ( 'NONE', *, *, #2900, .T. ) ;
#1236 = DIRECTION ( 'NONE',  ( 0.000000000000000000, 0.000000000000000000, -1.000000000000000000 ) ) ;
#1237 = EDGE_CURVE ( 'NONE', #2239, #792, #2007, .T. ) ;
#1238 = EDGE_CURVE ( 'NONE', #2207, #473, #1325, .T. ) ;
#1239 = LINE ( 'NONE', #114, #747 ) ;
#1240 = CARTESIAN_POINT ( 'NONE',  ( -4.151245509007017276, 2.523677769448536168, -2.033596506064011322 ) ) ;
#1241 = CIRCLE ( 'NONE', #2897, 0.6999999999999999556 ) ;
#1242 = CARTESIAN_POINT ( 'NONE',  ( -3.394392782869314562, 2.329200656075280040, -2.994058797056125876 ) ) ;
#1243 = VERTEX_POINT ( 'NONE', #417 ) ;
#1244 = CARTESIAN_POINT ( 'NONE',  ( -3.458828012168809529, 3.581651040709872724, -2.700000000000141842 ) ) ;
#1245 = ORIENTED_EDGE ( 'NONE', *, *, #723, .F. ) ;
#1246 = AXIS2_PLACEMENT_3D ( 'NONE', #1234, #2620, #562 ) ;
#1247 = CIRCLE ( 'NONE', #406, 0.1750000000000001554 ) ;
#1248 = DIRECTION ( 'NONE',  ( 0.000000000000000000, 0.000000000000000000, -1.000000000000000000 ) ) ;
#1249 = EDGE_LOOP ( 'NONE', ( #307, #697, #1997, #2872 ) ) ;
#1250 = DIRECTION ( 'NONE',  ( 0.000000000000000000, 0.000000000000000000, 1.000000000000000000 ) ) ;
#1251 = CARTESIAN_POINT ( 'NONE',  ( -0.5137430402940721397, 1.349999999999758060, -2.850000000000153744 ) ) ;
#1252 = DIRECTION ( 'NONE',  ( -0.000000000000000000, 1.000000000000000000, -0.000000000000000000 ) ) ;
#1253 = VECTOR ( 'NONE', #1329, 100.0000000000000000 ) ;
#1254 = DIRECTION ( 'NONE',  ( 0.000000000000000000, 0.000000000000000000, 1.000000000000000000 ) ) ;
#1255 = VERTEX_POINT ( 'NONE', #2241 ) ;
#1256 = DIRECTION ( 'NONE',  ( -0.000000000000000000, 1.000000000000000000, -0.000000000000000000 ) ) ;
#1257 = AXIS2_PLACEMENT_3D ( 'NONE', #261, #2335, #1163 ) ;
#1258 = CIRCLE ( 'NONE', #1781, 0.3000000000000002665 ) ;
#1259 = AXIS2_PLACEMENT_3D ( 'NONE', #2323, #1366, #2087 ) ;
#1260 = CARTESIAN_POINT ( 'NONE',  ( -3.380792356665937692, 2.225807676987976436, -3.021346608267067690 ) ) ;
#1261 = VERTEX_POINT ( 'NONE', #904 ) ;
#1262 = CARTESIAN_POINT ( 'NONE',  ( -4.156778846570338359, 2.481027672833470366, -1.064924558894483120 ) ) ;
#1263 = LINE ( 'NONE', #380, #1424 ) ;
#1264 = CARTESIAN_POINT ( 'NONE',  ( -4.990042898701122276, 1.349999999999758060, -1.600000000000153744 ) ) ;
#1265 = ORIENTED_EDGE ( 'NONE', *, *, #2852, .F. ) ;
#1266 = ORIENTED_EDGE ( 'NONE', *, *, #1976, .T. ) ;
#1267 = CARTESIAN_POINT ( 'NONE',  ( -3.075881563341376079E-13, 1.349999999999788480, -1.600000000000201705 ) ) ;
#1268 = DIRECTION ( 'NONE',  ( 0.000000000000000000, 0.000000000000000000, -1.000000000000000000 ) ) ;
#1269 = ADVANCED_FACE ( 'NONE', ( #1127 ), #180, .F. ) ;
#1270 = DIRECTION ( 'NONE',  ( 0.000000000000000000, -1.000000000000000000, 0.000000000000000000 ) ) ;
#1271 = DIRECTION ( 'NONE',  ( 1.000000000000000000, 0.000000000000000000, 3.469446951953616161E-16 ) ) ;
#1272 = EDGE_CURVE ( 'NONE', #3, #2223, #2420, .T. ) ;
#1273 = CARTESIAN_POINT ( 'NONE',  ( -4.132867917016018744, 2.600003793301200350, -1.544987550945507326 ) ) ;
#1274 = EDGE_CURVE ( 'NONE', #410, #1647, #844, .T. ) ;
#1275 = CARTESIAN_POINT ( 'NONE',  ( -2.758828012168809796, 3.031651040709872902, -3.400000000000141576 ) ) ;
#1276 = ORIENTED_EDGE ( 'NONE', *, *, #937, .F. ) ;
#1277 = DIRECTION ( 'NONE',  ( 0.000000000000000000, -1.000000000000000000, 0.000000000000000000 ) ) ;
#1278 = CARTESIAN_POINT ( 'NONE',  ( -1.763678936215792525, 3.187764733817759932, -3.227730055009963461 ) ) ;
#1279 = DIRECTION ( 'NONE',  ( 0.000000000000000000, -1.000000000000000000, 0.000000000000000000 ) ) ;
#1280 = VERTEX_POINT ( 'NONE', #2196 ) ;
#1281 = CARTESIAN_POINT ( 'NONE',  ( -3.458828012168809529, 1.349999999999758060, -1.600000000000153744 ) ) ;
#1282 = ORIENTED_EDGE ( 'NONE', *, *, #2108, .F. ) ;
#1283 = LINE ( 'NONE', #2180, #2110 ) ;
#1284 = CARTESIAN_POINT ( 'NONE',  ( -1.734935157291167984, 3.031651040709872902, -3.400000000000141576 ) ) ;
#1285 = ORIENTED_EDGE ( 'NONE', *, *, #761, .T. ) ;
#1286 = CARTESIAN_POINT ( 'NONE',  ( -3.942993709352148546, 1.752948602916337029, -0.4156818680033226299 ) ) ;
#1287 = CARTESIAN_POINT ( 'NONE',  ( -3.976706712170121616, 1.846500985886488033, -2.748237704389079106 ) ) ;
#1288 = EDGE_LOOP ( 'NONE', ( #1934, #533, #2424, #215 ) ) ;
#1289 = CARTESIAN_POINT ( 'NONE',  ( 2.123145071485865731, 3.696488576616317800, -0.2798226602022373388 ) ) ;
#1290 = DIRECTION ( 'NONE',  ( 0.000000000000000000, -1.000000000000000000, 0.000000000000000000 ) ) ;
#1291 = DIRECTION ( 'NONE',  ( 0.000000000000000000, 0.000000000000000000, -1.000000000000000000 ) ) ;
#1292 = ORIENTED_EDGE ( 'NONE', *, *, #723, .T. ) ;
#1293 = VECTOR ( 'NONE', #1081, 100.0000000000000000 ) ;
#1294 = DIRECTION ( 'NONE',  ( 0.000000000000000000, 0.000000000000000000, 1.000000000000000000 ) ) ;
#1295 = DIRECTION ( 'NONE',  ( 0.000000000000000000, 1.000000000000000000, 0.000000000000000000 ) ) ;
#1296 = CARTESIAN_POINT ( 'NONE',  ( -2.758828012168809796, 0.000000000000000000, -0.5000000000001413314 ) ) ;
#1297 = CARTESIAN_POINT ( 'NONE',  ( -3.359034622868319886, 2.051387849178524014, -3.060483998528627403 ) ) ;
#1298 = EDGE_LOOP ( 'NONE', ( #667, #1564, #13, #38 ) ) ;
#1299 = CARTESIAN_POINT ( 'NONE',  ( -4.097608933441387435, 2.140181865908623138, -0.6301281746255452676 ) ) ;
#1300 = CARTESIAN_POINT ( 'NONE',  ( 0.000000000000000000, 1.349999999999788480, 0.000000000000000000 ) ) ;
#1301 = ORIENTED_EDGE ( 'NONE', *, *, #920, .T. ) ;
#1302 = LINE ( 'NONE', #1544, #157 ) ;
#1303 = ORIENTED_EDGE ( 'NONE', *, *, #2010, .T. ) ;
#1304 = AXIS2_PLACEMENT_3D ( 'NONE', #2072, #2728, #2102 ) ;
#1305 = DIRECTION ( 'NONE',  ( 1.000000000000000000, 0.000000000000000000, 0.000000000000000000 ) ) ;
#1306 = ORIENTED_EDGE ( 'NONE', *, *, #2752, .T. ) ;
#1307 = EDGE_CURVE ( 'NONE', #2223, #759, #2014, .T. ) ;
#1308 = CIRCLE ( 'NONE', #2298, 2.400000000000000355 ) ;
#1309 = CARTESIAN_POINT ( 'NONE',  ( -3.458828012168809529, 1.349999999999788480, 0.04999999999985849097 ) ) ;
#1310 = ADVANCED_FACE ( 'NONE', ( #224, #2434 ), #175, .T. ) ;
#1311 = CARTESIAN_POINT ( 'NONE',  ( -1.839443360992111476, 3.404114879195534016, 0.09313398224693787697 ) ) ;
#1312 = ADVANCED_FACE ( 'NONE', ( #2652 ), #240, .F. ) ;
#1313 =( NAMED_UNIT ( * ) SI_UNIT ( $, .STERADIAN. ) SOLID_ANGLE_UNIT ( ) );
#1314 = CARTESIAN_POINT ( 'NONE',  ( -3.075881563341376079E-13, 1.349999999999788480, -4.100000000000931344 ) ) ;
#1315 = CARTESIAN_POINT ( 'NONE',  ( -3.871257785233150006, 1.402724368823255352, -2.850000000000154632 ) ) ;
#1316 = VERTEX_POINT ( 'NONE', #1785 ) ;
#1317 = CARTESIAN_POINT ( 'NONE',  ( -4.158828012168809707, 1.349999999999758060, -1.600000000000153744 ) ) ;
#1318 = CARTESIAN_POINT ( 'NONE',  ( -2.056156703787590523, 3.565060858416894352, -2.838450068980458152 ) ) ;
#1319 = EDGE_CURVE ( 'NONE', #51, #535, #2638, .T. ) ;
#1320 = CARTESIAN_POINT ( 'NONE',  ( -3.075881563341376079E-13, 5.249999999999788614, -1.600000000000201705 ) ) ;
#1321 = DIRECTION ( 'NONE',  ( 1.000000000000000000, 0.000000000000000000, 0.000000000000000000 ) ) ;
#1322 = VERTEX_POINT ( 'NONE', #1350 ) ;
#1323 = VECTOR ( 'NONE', #1321, 100.0000000000000000 ) ;
#1324 = ORIENTED_EDGE ( 'NONE', *, *, #266, .T. ) ;
#1325 = LINE ( 'NONE', #863, #1963 ) ;
#1326 = CARTESIAN_POINT ( 'NONE',  ( -1.740853495589884892, 3.133776146786354744, 0.1943442460777796976 ) ) ;
#1327 = ADVANCED_FACE ( 'NONE', ( #2254, #2210 ), #1505, .F. ) ;
#1328 = LINE ( 'NONE', #2009, #1678 ) ;
#1329 = DIRECTION ( 'NONE',  ( -0.000000000000000000, -0.000000000000000000, -1.000000000000000000 ) ) ;
#1330 = CARTESIAN_POINT ( 'NONE',  ( -3.393887934068367862, 2.324860050865424910, -2.995340986029199293 ) ) ;
#1331 = CARTESIAN_POINT ( 'NONE',  ( 3.541056168199645082, 2.326111491348825666, -1.600000000000141531 ) ) ;
#1332 = ADVANCED_FACE ( 'NONE', ( #2893 ), #875, .F. ) ;
#1333 = DIRECTION ( 'NONE',  ( 0.000000000000000000, -1.000000000000000000, 0.000000000000000000 ) ) ;
#1334 = EDGE_LOOP ( 'NONE', ( #342, #2505, #2730, #223 ) ) ;
#1335 = FACE_OUTER_BOUND ( 'NONE', #1214, .T. ) ;
#1336 = CARTESIAN_POINT ( 'NONE',  ( -3.548307024061736481, 2.240396169600299192, -0.7163670115489282342 ) ) ;
#1337 = DIRECTION ( 'NONE',  ( 0.000000000000000000, 0.000000000000000000, -1.000000000000000000 ) ) ;
#1338 = ORIENTED_EDGE ( 'NONE', *, *, #1143, .F. ) ;
#1339 = AXIS2_PLACEMENT_3D ( 'NONE', #105, #852, #815 ) ;
#1340 = CIRCLE ( 'NONE', #1948, 0.6999999999999999556 ) ;
#1341 = DIRECTION ( 'NONE',  ( 3.552713678800503296E-15, 0.000000000000000000, -1.000000000000000000 ) ) ;
#1342 = DIRECTION ( 'NONE',  ( -0.000000000000000000, -1.000000000000000000, -0.000000000000000000 ) ) ;
#1343 = CARTESIAN_POINT ( 'NONE',  ( -4.665042898701122098, 1.349999999999788480, -3.250000000000145661 ) ) ;
#1344 = CARTESIAN_POINT ( 'NONE',  ( -3.557526770984851705, 1.929687465528784118, -0.4882127249866463070 ) ) ;
#1345 = CARTESIAN_POINT ( 'NONE',  ( 3.486030915030228883, 3.031651040709872902, 0.04999999999985862281 ) ) ;
#1346 = EDGE_LOOP ( 'NONE', ( #1870, #2352 ) ) ;
#1347 = DIRECTION ( 'NONE',  ( 0.000000000000000000, 0.000000000000000000, -1.000000000000000000 ) ) ;
#1348 = ORIENTED_EDGE ( 'NONE', *, *, #2715, .T. ) ;
#1349 = AXIS2_PLACEMENT_3D ( 'NONE', #559, #2116, #333 ) ;
#1350 = CARTESIAN_POINT ( 'NONE',  ( 1.742842505793087637, 3.031651040709872902, -3.250000000000141664 ) ) ;
#1351 = VERTEX_POINT ( 'NONE', #2914 ) ;
#1352 = VECTOR ( 'NONE', #1688, 100.0000000000000000 ) ;
#1353 = FACE_OUTER_BOUND ( 'NONE', #1003, .T. ) ;
#1354 = CYLINDRICAL_SURFACE ( 'NONE', #134, 0.6999999999999999556 ) ;
#1355 = EDGE_CURVE ( 'NONE', #1859, #2485, #891, .T. ) ;
#1356 = CARTESIAN_POINT ( 'NONE',  ( -3.446383387866776893, 3.163170862593088550, -1.766501941973705803 ) ) ;
#1357 = LINE ( 'NONE', #951, #858 ) ;
#1358 = ORIENTED_EDGE ( 'NONE', *, *, #2348, .T. ) ;
#1359 = EDGE_CURVE ( 'NONE', #1429, #87, #1676, .T. ) ;
#1360 = CARTESIAN_POINT ( 'NONE',  ( -3.362935152999444011, 2.082915338979440367, -0.1462749154411825125 ) ) ;
#1361 = ADVANCED_FACE ( 'NONE', ( #1897 ), #96, .T. ) ;
#1362 = CARTESIAN_POINT ( 'NONE',  ( 0.000000000000000000, 3.031651040709872902, 0.04999999999985862281 ) ) ;
#1363 = CARTESIAN_POINT ( 'NONE',  ( 1.974254557566865964, 3.514734390795725361, -2.965126883833785865 ) ) ;
#1364 = ORIENTED_EDGE ( 'NONE', *, *, #2625, .T. ) ;
#1365 = CARTESIAN_POINT ( 'NONE',  ( 3.486030915030228439, 3.581651040709872724, -0.5000000000001413314 ) ) ;
#1366 = DIRECTION ( 'NONE',  ( -1.000000000000000000, 0.000000000000000000, 0.000000000000000000 ) ) ;
#1367 = AXIS2_PLACEMENT_3D ( 'NONE', #1075, #2193, #171 ) ;
#1368 = ORIENTED_EDGE ( 'NONE', *, *, #2445, .F. ) ;
#1369 = CARTESIAN_POINT ( 'NONE',  ( -3.871257785233168214, 1.349999999999758060, -0.3500000000001536327 ) ) ;
#1370 = DIRECTION ( 'NONE',  ( 0.000000000000000000, -0.000000000000000000, -1.000000000000000000 ) ) ;
#1371 = CARTESIAN_POINT ( 'NONE',  ( -3.428445760142050602, 2.585969634977970166, -0.2956062750237823389 ) ) ;
#1372 = DIRECTION ( 'NONE',  ( 1.000000000000000000, 0.000000000000000000, 0.000000000000000000 ) ) ;
#1373 = DIRECTION ( 'NONE',  ( 0.000000000000000000, 0.000000000000000000, 1.000000000000000000 ) ) ;
#1374 = CYLINDRICAL_SURFACE ( 'NONE', #621, 0.6999999999999999556 ) ;
#1375 = ORIENTED_EDGE ( 'NONE', *, *, #2283, .T. ) ;
#1376 = CARTESIAN_POINT ( 'NONE',  ( -2.758828012168809796, 1.349999999999788480, -0.5000000000001413314 ) ) ;
#1377 = DIRECTION ( 'NONE',  ( 0.000000000000000000, 0.000000000000000000, -1.000000000000000000 ) ) ;
#1378 = ORIENTED_EDGE ( 'NONE', *, *, #2747, .F. ) ;
#1379 = VECTOR ( 'NONE', #2873, 100.0000000000000000 ) ;
#1380 = DIRECTION ( 'NONE',  ( 0.000000000000000000, 1.000000000000000000, 0.000000000000000000 ) ) ;
#1381 = PRESENTATION_LAYER_ASSIGNMENT (  '', '', ( #2659 ) ) ;
#1382 = AXIS2_PLACEMENT_3D ( 'NONE', #2475, #1502, #1337 ) ;
#1383 = AXIS2_PLACEMENT_3D ( 'NONE', #2851, #2869, #364 ) ;
#1384 = FACE_OUTER_BOUND ( 'NONE', #2319, .T. ) ;
#1385 = CARTESIAN_POINT ( 'NONE',  ( -3.544969324980149938, 1.770273388894491262, -0.4191396104931007227 ) ) ;
#1386 = FACE_OUTER_BOUND ( 'NONE', #1192, .T. ) ;
#1387 = CARTESIAN_POINT ( 'NONE',  ( 1.734935157290428132, 3.031651040709872902, 0.1999999999998586242 ) ) ;
#1388 = VERTEX_POINT ( 'NONE', #2347 ) ;
#1389 = CARTESIAN_POINT ( 'NONE',  ( -4.156779165124016018, 2.481020305451895336, -2.135087981233677823 ) ) ;
#1390 = EDGE_CURVE ( 'NONE', #203, #2076, #700, .T. ) ;
#1391 = LINE ( 'NONE', #306, #2107 ) ;
#1392 = EDGE_LOOP ( 'NONE', ( #1027, #1282 ) ) ;
#1393 = EDGE_CURVE ( 'NONE', #822, #51, #981, .T. ) ;
#1394 = ORIENTED_EDGE ( 'NONE', *, *, #346, .F. ) ;
#1395 = ADVANCED_FACE ( 'NONE', ( #795 ), #2596, .T. ) ;
#1396 = ADVANCED_FACE ( 'NONE', ( #1504 ), #1913, .F. ) ;
#1397 = DIRECTION ( 'NONE',  ( 0.000000000000000000, -1.000000000000000000, 0.000000000000000000 ) ) ;
#1398 = CARTESIAN_POINT ( 'NONE',  ( -4.990042898701122276, 1.549999999999788436, -0.000000000000000000 ) ) ;
#1399 = LINE ( 'NONE', #1225, #1944 ) ;
#1400 = CARTESIAN_POINT ( 'NONE',  ( -3.329575147244859146, 1.746459312643206419, -0.09456211022728334969 ) ) ;
#1401 = DIRECTION ( 'NONE',  ( 0.000000000000000000, 0.000000000000000000, -1.000000000000000000 ) ) ;
#1402 = DIRECTION ( 'NONE',  ( 0.000000000000000000, 0.000000000000000000, 1.000000000000000000 ) ) ;
#1403 = ORIENTED_EDGE ( 'NONE', *, *, #1054, .F. ) ;
#1404 = CARTESIAN_POINT ( 'NONE',  ( -3.528059752932795945, 2.534004404897543861, -2.005569700240190656 ) ) ;
#1405 = FACE_OUTER_BOUND ( 'NONE', #1519, .T. ) ;
#1406 = ORIENTED_EDGE ( 'NONE', *, *, #2537, .T. ) ;
#1407 = CARTESIAN_POINT ( 'NONE',  ( 1.778811284246512692, 3.278190470721003891, -3.356865782575988000 ) ) ;
#1408 = ORIENTED_EDGE ( 'NONE', *, *, #932, .F. ) ;
#1409 = CIRCLE ( 'NONE', #1793, 1.250000000000000000 ) ;
#1410 = CARTESIAN_POINT ( 'NONE',  ( -1.873321386284694912, 3.410134721764685573, -0.09943296388929344365 ) ) ;
#1411 = FACE_OUTER_BOUND ( 'NONE', #637, .T. ) ;
#1412 = CARTESIAN_POINT ( 'NONE',  ( -3.075881563341376079E-13, 5.249999999999788614, -1.600000000000201705 ) ) ;
#1413 = CARTESIAN_POINT ( 'NONE',  ( -3.993695413144061401, 1.888939164908740365, -2.728129340017566573 ) ) ;
#1414 = ORIENTED_EDGE ( 'NONE', *, *, #447, .T. ) ;
#1415 = DIRECTION ( 'NONE',  ( 0.000000000000000000, -1.000000000000000000, 0.000000000000000000 ) ) ;
#1416 = CARTESIAN_POINT ( 'NONE',  ( 1.912048744399597711, 3.456592693250478021, -0.1491037881806781262 ) ) ;
#1417 = ORIENTED_EDGE ( 'NONE', *, *, #1319, .T. ) ;
#1418 = FACE_OUTER_BOUND ( 'NONE', #375, .T. ) ;
#1419 = ORIENTED_EDGE ( 'NONE', *, *, #1660, .F. ) ;
#1420 = AXIS2_PLACEMENT_3D ( 'NONE', #1039, #2346, #343 ) ;
#1421 = EDGE_CURVE ( 'NONE', #1043, #410, #788, .T. ) ;
#1422 = CARTESIAN_POINT ( 'NONE',  ( -1.751139588083158838, 3.131582239238186460, 0.04120199215410409038 ) ) ;
#1423 = AXIS2_PLACEMENT_3D ( 'NONE', #182, #2405, #1705 ) ;
#1424 = VECTOR ( 'NONE', #1290, 100.0000000000000000 ) ;
#1425 = CARTESIAN_POINT ( 'NONE',  ( -3.526775113154863472, 1.475586279371335241, -2.845328823966279064 ) ) ;
#1426 = ORIENTED_EDGE ( 'NONE', *, *, #1537, .F. ) ;
#1427 = CARTESIAN_POINT ( 'NONE',  ( -4.138438996465245268, 2.580687364347364010, -1.820635065114916129 ) ) ;
#1428 = PLANE ( 'NONE',  #1257 ) ;
#1429 = VERTEX_POINT ( 'NONE', #2419 ) ;
#1430 = CARTESIAN_POINT ( 'NONE',  ( -2.043708695643443374, 3.644736108309450273, -3.040589882635711394 ) ) ;
#1431 = ORIENTED_EDGE ( 'NONE', *, *, #1445, .F. ) ;
#1432 = DIRECTION ( 'NONE',  ( -0.000000000000000000, 1.000000000000000000, -0.000000000000000000 ) ) ;
#1433 = CIRCLE ( 'NONE', #1534, 0.1750000000000004885 ) ;
#1434 = EDGE_CURVE ( 'NONE', #1166, #1730, #1718, .T. ) ;
#1435 = CARTESIAN_POINT ( 'NONE',  ( -2.096111176215935235, 3.581651040709874056, -0.4283254063520329780 ) ) ;
#1436 = AXIS2_PLACEMENT_3D ( 'NONE', #493, #745, #534 ) ;
#1437 = DIRECTION ( 'NONE',  ( 0.000000000000000000, 0.000000000000000000, -1.000000000000000000 ) ) ;
#1438 = EDGE_CURVE ( 'NONE', #560, #1873, #1935, .T. ) ;
#1439 = CARTESIAN_POINT ( 'NONE',  ( -3.403471777398798359, 2.395745856181258571, -2.973868634460697269 ) ) ;
#1440 = ORIENTED_EDGE ( 'NONE', *, *, #704, .T. ) ;
#1441 = CARTESIAN_POINT ( 'NONE',  ( -3.457803429397788619, 3.073027105164773953, -0.7652823118776185263 ) ) ;
#1442 =( BOUNDED_SURFACE ( )  B_SPLINE_SURFACE ( 3, 2, ( 
 ( #1158, #2500, #439 ),
 ( #2923, #2053, #1578 ),
 ( #1805, #1533, #482 ),
 ( #1144, #1766, #2446 ),
 ( #1819, #30, #424 ),
 ( #1104, #1336, #924 ),
 ( #1371, #2487, #470 ),
 ( #2706, #2460, #1999 ),
 ( #887, #2665, #663 ),
 ( #16, #1782, #219 ),
 ( #900, #1792, #692 ),
 ( #2694, #2030, #678 ),
 ( #5, #1559, #455 ),
 ( #2041, #1344, #236 ),
 ( #1360, #2263, #246 ),
 ( #736, #271, #500 ),
 ( #996, #1385, #90 ),
 ( #1400, #2777, #2290 ),
 ( #300, #2094, #287 ),
 ( #1198, #750, #76 ),
 ( #2067, #517, #1187 ),
 ( #984, #1878, #763 ) ),
 .UNSPECIFIED., .F., .F., .F. ) 
 B_SPLINE_SURFACE_WITH_KNOTS ( ( 4, 2, 2, 2, 2, 2, 2, 2, 2, 2, 4 ),
 ( 3, 3 ),
 ( 0.000000000000000000, 0.002388715638112025048, 0.004777431276224050095, 0.005971789095280063270, 0.007166146914336075577, 0.009554862552448100191, 0.01074922037150411250, 0.01194357819056012654, 0.01433229382867215115, 0.01672100946678417577, 0.01910972510489620038 ),
 ( 0.000000000000000000, 1.000000000000000000 ),
 .UNSPECIFIED. ) 
 GEOMETRIC_REPRESENTATION_ITEM ( )  RATIONAL_B_SPLINE_SURFACE ( (
 ( 1.000000000000000000, 0.7071067811865475727, 1.000000000000000000),
 ( 1.000000000000000000, 0.7166383427456749500, 1.000000000000000000),
 ( 1.000000000000000000, 0.7271325379468505101, 1.000000000000000000),
 ( 1.000000000000000000, 0.7489440624170633498, 1.000000000000000000),
 ( 1.000000000000000000, 0.7602602014372737971, 1.000000000000000000),
 ( 1.000000000000000000, 0.7772071380933334162, 1.000000000000000000),
 ( 1.000000000000000000, 0.7828691542605074050, 1.000000000000000000),
 ( 1.000000000000000000, 0.7940187689643823932, 1.000000000000000000),
 ( 1.000000000000000000, 0.7994916279074915089, 1.000000000000000000),
 ( 1.000000000000000000, 0.8155051106935928829, 1.000000000000000000),
 ( 1.000000000000000000, 0.8256385643832816479, 1.000000000000000000),
 ( 1.000000000000000000, 0.8396979749250195191, 1.000000000000000000),
 ( 1.000000000000000000, 0.8441950240844375841, 1.000000000000000000),
 ( 1.000000000000000000, 0.8527597874652015353, 1.000000000000000000),
 ( 1.000000000000000000, 0.8568366522131863894, 1.000000000000000000),
 ( 1.000000000000000000, 0.8682142013175850881, 1.000000000000000000),
 ( 1.000000000000000000, 0.8747054148686348451, 1.000000000000000000),
 ( 1.000000000000000000, 0.8852967128130095897, 1.000000000000000000),
 ( 1.000000000000000000, 0.8893982244806762916, 1.000000000000000000),
 ( 1.000000000000000000, 0.8949662891439434942, 1.000000000000000000),
 ( 1.000000000000000000, 0.8964309284020752777, 1.000000000000000000),
 ( 1.000000000000000000, 0.8964214570007927874, 1.000000000000000000) ) ) 
 REPRESENTATION_ITEM ( '' )  SURFACE ( )  );
#1443 = CARTESIAN_POINT ( 'NONE',  ( -3.075881563341376079E-13, 5.249999999999788614, -1.600000000000201705 ) ) ;
#1444 = ORIENTED_EDGE ( 'NONE', *, *, #1471, .T. ) ;
#1445 = EDGE_CURVE ( 'NONE', #1456, #1859, #419, .T. ) ;
#1446 = PLANE ( 'NONE',  #969 ) ;
#1447 = ORIENTED_EDGE ( 'NONE', *, *, #173, .T. ) ;
#1448 = B_SPLINE_CURVE_WITH_KNOTS ( 'NONE', 3,
 ( #2356, #1928, #1480, #1745, #2864, #613, #1286, #1070, #2644, #629, #1511, #2425, #1299, #1009, #1904, #2456, #921, #686 ),
 .UNSPECIFIED., .F., .F.,
 ( 4, 2, 2, 2, 2, 2, 2, 2, 4 ),
 ( 0.000000000000000000, 0.001581955291575790328, 0.003163910583151580656, 0.004745865874727370551, 0.006327821166303161313, 0.007909776457878952075, 0.009491731749454741102, 0.01107368704103053186, 0.01265564233260632263 ),
 .UNSPECIFIED. ) ;
#1449 = VERTEX_POINT ( 'NONE', #622 ) ;
#1450 = CARTESIAN_POINT ( 'NONE',  ( -4.137142337976521311, 2.585370516058261625, -1.407305330343675998 ) ) ;
#1451 = CARTESIAN_POINT ( 'NONE',  ( -4.340042898701121921, 1.349999999999758060, -1.600000000000153744 ) ) ;
#1452 = EDGE_LOOP ( 'NONE', ( #54, #2285, #1431, #2462 ) ) ;
#1453 = CARTESIAN_POINT ( 'NONE',  ( -3.450843538926961163, 3.137231004919326605, -1.129236204629607832 ) ) ;
#1454 = CARTESIAN_POINT ( 'NONE',  ( 3.486030915030228883, 3.031651040709872902, -0.5000000000001413314 ) ) ;
#1455 = CARTESIAN_POINT ( 'NONE',  ( -2.003636818616253645, 3.609750567153300338, -3.095309536430401298 ) ) ;
#1456 = VERTEX_POINT ( 'NONE', #2364 ) ;
#1457 = CARTESIAN_POINT ( 'NONE',  ( -2.758828012168809796, 0.000000000000000000, -3.250000000000141664 ) ) ;
#1458 = CARTESIAN_POINT ( 'NONE',  ( 3.486030915030228883, 1.349999999999788480, -2.700000000000141842 ) ) ;
#1459 = CARTESIAN_POINT ( 'NONE',  ( -5.458828012168809529, 0.000000000000000000, 0.000000000000000000 ) ) ;
#1460 = CARTESIAN_POINT ( 'NONE',  ( -4.141281980275094199, 2.569729115387347829, -1.325165524974484255 ) ) ;
#1461 = CARTESIAN_POINT ( 'NONE',  ( -3.420503128608905374, 2.523850385667048890, -2.928802892233721256 ) ) ;
#1462 = ORIENTED_EDGE ( 'NONE', *, *, #322, .F. ) ;
#1463 = CARTESIAN_POINT ( 'NONE',  ( -3.547642814860884286, 2.577576726688719511, -1.361807189035255217 ) ) ;
#1464 = AXIS2_PLACEMENT_3D ( 'NONE', #31, #1835, #726 ) ;
#1465 = ORIENTED_EDGE ( 'NONE', *, *, #934, .T. ) ;
#1466 = AXIS2_PLACEMENT_3D ( 'NONE', #414, #1535, #2447 ) ;
#1467 = ADVANCED_FACE ( 'NONE', ( #1078 ), #384, .T. ) ;
#1468 = VECTOR ( 'NONE', #952, 100.0000000000000000 ) ;
#1469 = CARTESIAN_POINT ( 'NONE',  ( -1.788137285733716997, 3.299378663574791037, -3.347212251534021465 ) ) ;
#1470 = ORIENTED_EDGE ( 'NONE', *, *, #761, .F. ) ;
#1471 = EDGE_CURVE ( 'NONE', #1803, #344, #2624, .T. ) ;
#1472 = DIRECTION ( 'NONE',  ( -1.776356839400251648E-15, 0.000000000000000000, -1.000000000000000000 ) ) ;
#1473 = ADVANCED_FACE ( 'NONE', ( #490 ), #973, .T. ) ;
#1474 = DIRECTION ( 'NONE',  ( 0.000000000000000000, -1.000000000000000000, 0.000000000000000000 ) ) ;
#1475 = ADVANCED_FACE ( 'NONE', ( #1627 ), #1883, .F. ) ;
#1476 = CARTESIAN_POINT ( 'NONE',  ( 4.186030915030229060, 1.349999999999788480, -0.5000000000001413314 ) ) ;
#1477 = FACE_OUTER_BOUND ( 'NONE', #930, .T. ) ;
#1478 = CYLINDRICAL_SURFACE ( 'NONE', #19, 0.1750000000000004052 ) ;
#1479 = ORIENTED_EDGE ( 'NONE', *, *, #1219, .F. ) ;
#1480 = CARTESIAN_POINT ( 'NONE',  ( -3.875347383574887505, 1.455380170982019106, -0.3533888190422521114 ) ) ;
#1481 = VECTOR ( 'NONE', #1153, 100.0000000000000000 ) ;
#1482 = VECTOR ( 'NONE', #1551, 100.0000000000000000 ) ;
#1483 = AXIS2_PLACEMENT_3D ( 'NONE', #848, #1507, #2422 ) ;
#1484 = CARTESIAN_POINT ( 'NONE',  ( -4.047930111381036866, 2.019920840076783630, -2.656476197552365193 ) ) ;
#1485 = VERTEX_POINT ( 'NONE', #1653 ) ;
#1486 = CARTESIAN_POINT ( 'NONE',  ( 3.486030915030228883, 1.349999999999788480, -0.5000000000001413314 ) ) ;
#1487 = ORIENTED_EDGE ( 'NONE', *, *, #2499, .T. ) ;
#1488 = DIRECTION ( 'NONE',  ( -0.000000000000000000, -0.000000000000000000, -1.000000000000000000 ) ) ;
#1489 = ORIENTED_EDGE ( 'NONE', *, *, #1568, .T. ) ;
#1490 = EDGE_LOOP ( 'NONE', ( #2414, #947, #385 ) ) ;
#1491 = LINE ( 'NONE', #609, #2296 ) ;
#1492 = LINE ( 'NONE', #2151, #1226 ) ;
#1493 = DIRECTION ( 'NONE',  ( 0.000000000000000000, -0.000000000000000000, 1.000000000000000000 ) ) ;
#1494 = CARTESIAN_POINT ( 'NONE',  ( 4.686030915030229060, 1.549999999999788436, -1.300000000000141265 ) ) ;
#1495 = ORIENTED_EDGE ( 'NONE', *, *, #2585, .F. ) ;
#1496 = DIRECTION ( 'NONE',  ( 0.000000000000000000, 0.000000000000000000, -1.000000000000000000 ) ) ;
#1497 = VECTOR ( 'NONE', #568, 100.0000000000000000 ) ;
#1498 = LINE ( 'NONE', #2216, #1747 ) ;
#1499 = ORIENTED_EDGE ( 'NONE', *, *, #443, .F. ) ;
#1500 = LINE ( 'NONE', #1103, #2837 ) ;
#1501 = ORIENTED_EDGE ( 'NONE', *, *, #1061, .T. ) ;
#1502 = DIRECTION ( 'NONE',  ( 0.000000000000000000, -1.000000000000000000, 0.000000000000000000 ) ) ;
#1503 = ORIENTED_EDGE ( 'NONE', *, *, #1915, .F. ) ;
#1504 = FACE_OUTER_BOUND ( 'NONE', #2913, .T. ) ;
#1505 = PLANE ( 'NONE',  #895 ) ;
#1506 = FACE_OUTER_BOUND ( 'NONE', #2883, .T. ) ;
#1507 = DIRECTION ( 'NONE',  ( -0.000000000000000000, 1.000000000000000000, -0.000000000000000000 ) ) ;
#1508 = LINE ( 'NONE', #2824, #2708 ) ;
#1509 = CARTESIAN_POINT ( 'NONE',  ( 4.686030915030229060, 1.549999999999788436, -1.425000000000141265 ) ) ;
#1510 = VERTEX_POINT ( 'NONE', #1869 ) ;
#1511 = CARTESIAN_POINT ( 'NONE',  ( -4.047660478724980138, 2.019282429867877759, -0.5431189051159313053 ) ) ;
#1512 = DIRECTION ( 'NONE',  ( -1.000000000000000000, 0.000000000000000000, -0.000000000000000000 ) ) ;
#1513 = ORIENTED_EDGE ( 'NONE', *, *, #1606, .T. ) ;
#1514 = DIRECTION ( 'NONE',  ( 0.000000000000000000, -1.000000000000000000, 0.000000000000000000 ) ) ;
#1515 = EDGE_CURVE ( 'NONE', #1351, #1986, #1126, .T. ) ;
#1516 = CARTESIAN_POINT ( 'NONE',  ( -2.758828012168809796, 0.000000000000000000, 0.04999999999985862281 ) ) ;
#1517 = ORIENTED_EDGE ( 'NONE', *, *, #1438, .T. ) ;
#1518 = CARTESIAN_POINT ( 'NONE',  ( 4.686030915030229060, 1.549999999999788436, -1.600000000000141531 ) ) ;
#1519 = EDGE_LOOP ( 'NONE', ( #1612, #24, #918 ) ) ;
#1520 = AXIS2_PLACEMENT_3D ( 'NONE', #751, #49, #955 ) ;
#1521 = DIRECTION ( 'NONE',  ( -0.000000000000000000, 1.000000000000000000, -0.000000000000000000 ) ) ;
#1522 = CIRCLE ( 'NONE', #2287, 0.3000000000000002665 ) ;
#1523 = FACE_OUTER_BOUND ( 'NONE', #207, .T. ) ;
#1524 = DIRECTION ( 'NONE',  ( 0.000000000000000000, 0.000000000000000000, -1.000000000000000000 ) ) ;
#1525 = CYLINDRICAL_SURFACE ( 'NONE', #163, 0.6999999999999999556 ) ;
#1526 = LINE ( 'NONE', #2213, #2524 ) ;
#1527 = VERTEX_POINT ( 'NONE', #929 ) ;
#1528 = DIRECTION ( 'NONE',  ( 1.000000000000000000, 0.000000000000000000, 0.000000000000000000 ) ) ;
#1529 = EDGE_CURVE ( 'NONE', #851, #203, #988, .T. ) ;
#1530 = PLANE ( 'NONE',  #994 ) ;
#1531 = ORIENTED_EDGE ( 'NONE', *, *, #176, .F. ) ;
#1532 = CARTESIAN_POINT ( 'NONE',  ( 1.816541280217331522, 3.364127048113134233, 0.1178242620865750240 ) ) ;
#1533 = CARTESIAN_POINT ( 'NONE',  ( -3.494674294161633110, 2.352073460811802796, -0.8505386997774162516 ) ) ;
#1534 = AXIS2_PLACEMENT_3D ( 'NONE', #624, #876, #672 ) ;
#1535 = DIRECTION ( 'NONE',  ( -0.000000000000000000, 1.000000000000000000, -0.000000000000000000 ) ) ;
#1536 = ORIENTED_EDGE ( 'NONE', *, *, #2449, .F. ) ;
#1537 = EDGE_CURVE ( 'NONE', #792, #147, #2294, .T. ) ;
#1538 = AXIS2_PLACEMENT_3D ( 'NONE', #656, #1113, #1554 ) ;
#1539 = DIRECTION ( 'NONE',  ( -1.000000000000000000, 0.000000000000000000, 0.000000000000000000 ) ) ;
#1540 = CARTESIAN_POINT ( 'NONE',  ( -1.850837116969928919, 3.423195526466149552, 0.08068875051133751752 ) ) ;
#1541 = DIRECTION ( 'NONE',  ( 0.000000000000000000, 0.000000000000000000, -1.000000000000000000 ) ) ;
#1542 = DIRECTION ( 'NONE',  ( 0.000000000000000000, 0.000000000000000000, 1.000000000000000000 ) ) ;
#1543 = ORIENTED_EDGE ( 'NONE', *, *, #1061, .F. ) ;
#1544 = CARTESIAN_POINT ( 'NONE',  ( -3.075881563341376079E-13, 5.249999999999788614, -4.100000000000930456 ) ) ;
#1545 = CARTESIAN_POINT ( 'NONE',  ( -1.994468612871041602, 3.529870030883099030, -2.935491458002816856 ) ) ;
#1546 = VECTOR ( 'NONE', #2498, 100.0000000000000000 ) ;
#1547 = CARTESIAN_POINT ( 'NONE',  ( -2.758828012168809796, 3.031651040709872902, -0.5000000000001413314 ) ) ;
#1548 = LINE ( 'NONE', #2853, #1951 ) ;
#1549 = ORIENTED_EDGE ( 'NONE', *, *, #2575, .T. ) ;
#1550 = ORIENTED_EDGE ( 'NONE', *, *, #2660, .T. ) ;
#1551 = DIRECTION ( 'NONE',  ( 1.000000000000000000, 0.000000000000000000, 0.000000000000000000 ) ) ;
#1552 = LINE ( 'NONE', #2838, #1293 ) ;
#1553 = B_SPLINE_CURVE_WITH_KNOTS ( 'NONE', 3,
 ( #1648, #1435, #2342, #498, #327, #748, #526, #1410, #941, #2315, #312, #299, #540, #1422, #1833, #270, #1197, #953 ),
 .UNSPECIFIED., .F., .F.,
 ( 4, 2, 2, 2, 2, 2, 2, 2, 4 ),
 ( 0.000000000000000000, 0.002370593064625664461, 0.003555889596938499944, 0.004741186129251334994, 0.005926482661564170043, 0.007111779193877005960, 0.008297075726189840142, 0.008889723992346259401, 0.009482372258502678661 ),
 .UNSPECIFIED. ) ;
#1554 = DIRECTION ( 'NONE',  ( 0.000000000000000000, 0.000000000000000000, -1.000000000000000000 ) ) ;
#1555 = DIRECTION ( 'NONE',  ( 0.000000000000000000, 0.000000000000000000, -1.000000000000000000 ) ) ;
#1556 = CARTESIAN_POINT ( 'NONE',  ( -1.742842505793589236, -5.438225099391067907, 0.04999999999985849097 ) ) ;
#1557 = DIRECTION ( 'NONE',  ( 0.000000000000000000, -1.000000000000000000, 0.000000000000000000 ) ) ;
#1558 = ORIENTED_EDGE ( 'NONE', *, *, #2017, .T. ) ;
#1559 = CARTESIAN_POINT ( 'NONE',  ( -3.560581086710162158, 1.979232194971927594, -0.5149481189100558742 ) ) ;
#1560 = CYLINDRICAL_SURFACE ( 'NONE', #1617, 0.1750000000000004885 ) ;
#1561 = ORIENTED_EDGE ( 'NONE', *, *, #1057, .T. ) ;
#1562 = CARTESIAN_POINT ( 'NONE',  ( -3.477624023416868937, 2.450338252212801216, -2.194731836880055909 ) ) ;
#1563 = AXIS2_PLACEMENT_3D ( 'NONE', #379, #1277, #2172 ) ;
#1564 = ORIENTED_EDGE ( 'NONE', *, *, #937, .T. ) ;
#1565 = DIRECTION ( 'NONE',  ( -0.000000000000000000, 0.000000000000000000, -1.000000000000000000 ) ) ;
#1566 = EDGE_CURVE ( 'NONE', #957, #3, #1391, .T. ) ;
#1567 = COLOUR_RGB ( '',0.7921568627450980005, 0.8196078431372548767, 0.9333333333333333481 ) ;
#1568 = EDGE_CURVE ( 'NONE', #344, #2741, #53, .T. ) ;
#1569 = VECTOR ( 'NONE', #1149, 100.0000000000000000 ) ;
#1570 = CARTESIAN_POINT ( 'NONE',  ( -3.075881563341376079E-13, 1.349999999999788924, -1.600000000000201705 ) ) ;
#1571 = CARTESIAN_POINT ( 'NONE',  ( -4.990042898701122276, 1.549999999999788436, -3.250000000000145661 ) ) ;
#1572 = AXIS2_PLACEMENT_3D ( 'NONE', #605, #1488, #2118 ) ;
#1573 = DIRECTION ( 'NONE',  ( 0.000000000000000000, 0.000000000000000000, -1.000000000000000000 ) ) ;
#1574 = EDGE_CURVE ( 'NONE', #1936, #2580, #67, .T. ) ;
#1575 = PLANE ( 'NONE',  #2690 ) ;
#1576 = ORIENTED_EDGE ( 'NONE', *, *, #668, .F. ) ;
#1577 = CARTESIAN_POINT ( 'NONE',  ( -3.458828012168809529, 1.349999999999788480, -3.400000000000141576 ) ) ;
#1578 = CARTESIAN_POINT ( 'NONE',  ( -4.158828011978877193, 2.352847240664042605, -0.8520078454190711525 ) ) ;
#1579 = CYLINDRICAL_SURFACE ( 'NONE', #2047, 2.500000000000729194 ) ;
#1580 = CARTESIAN_POINT ( 'NONE',  ( -3.548307024061599257, 2.240396169600377352, -2.483632988451422108 ) ) ;
#1581 = VERTEX_POINT ( 'NONE', #1216 ) ;
#1582 = CARTESIAN_POINT ( 'NONE',  ( -3.458828012168809529, 3.581651040709872724, -0.5000000000001413314 ) ) ;
#1583 = EDGE_LOOP ( 'NONE', ( #1916, #1925, #1844, #1124 ) ) ;
#1584 = AXIS2_PLACEMENT_3D ( 'NONE', #2132, #1062, #1250 ) ;
#1585 = CARTESIAN_POINT ( 'NONE',  ( 1.740853495589391287, 3.133776146786351191, -3.394344246078063509 ) ) ;
#1586 = ORIENTED_EDGE ( 'NONE', *, *, #1973, .T. ) ;
#1587 = VECTOR ( 'NONE', #1139, 100.0000000000000000 ) ;
#1588 = CARTESIAN_POINT ( 'NONE',  ( -3.457681250051288568, 3.075117359437697928, -2.426060851385979600 ) ) ;
#1589 = DIRECTION ( 'NONE',  ( 0.000000000000000000, -1.000000000000000000, 0.000000000000000000 ) ) ;
#1590 = CARTESIAN_POINT ( 'NONE',  ( -0.5137430402940721397, 1.349999999999788480, -0.5500000000001538103 ) ) ;
#1591 = DIRECTION ( 'NONE',  ( -1.000000000000000000, 0.000000000000000000, -0.000000000000000000 ) ) ;
#1592 = CARTESIAN_POINT ( 'NONE',  ( 3.486030915030228883, 1.349999999999788480, -0.5000000000001413314 ) ) ;
#1593 = ORIENTED_EDGE ( 'NONE', *, *, #1845, .F. ) ;
#1594 = LINE ( 'NONE', #2084, #780 ) ;
#1596 = CARTESIAN_POINT ( 'NONE',  ( 2.095534065141308577, 3.578196380806095256, -0.4294121366949145147 ) ) ;
#1595 = CARTESIAN_POINT ( 'NONE',  ( -2.133072900770493163, 3.581651040709872724, -2.700000000000141842 ) ) ;
#1597 = VECTOR ( 'NONE', #2484, 100.0000000000000000 ) ;
#1598 = ORIENTED_EDGE ( 'NONE', *, *, #492, .F. ) ;
#1599 = CARTESIAN_POINT ( 'NONE',  ( 1.886222284155804729, 3.477934058818542784, -3.241163103818887947 ) ) ;
#1600 = AXIS2_PLACEMENT_3D ( 'NONE', #1275, #1778, #2631 ) ;
#1601 = ORIENTED_EDGE ( 'NONE', *, *, #1762, .F. ) ;
#1602 = CYLINDRICAL_SURFACE ( 'NONE', #2038, 0.5499999999999999334 ) ;
#1603 = DIRECTION ( 'NONE',  ( 0.000000000000000000, -0.000000000000000000, 1.000000000000000000 ) ) ;
#1604 = CARTESIAN_POINT ( 'NONE',  ( -4.665042898701122098, 1.549999999999788436, -3.250000000000145661 ) ) ;
#1605 = CARTESIAN_POINT ( 'NONE',  ( 3.486030915030228883, 3.031651040709872902, -2.700000000000141842 ) ) ;
#1606 = EDGE_CURVE ( 'NONE', #601, #295, #2059, .T. ) ;
#1607 = DIRECTION ( 'NONE',  ( 1.000000000000000000, 0.000000000000000000, 0.000000000000000000 ) ) ;
#1608 = CARTESIAN_POINT ( 'NONE',  ( -4.158828012168809707, 2.382130909493648918, -2.305128205128351038 ) ) ;
#1609 = EDGE_LOOP ( 'NONE', ( #1444, #298, #2000, #1586 ) ) ;
#1610 = DIRECTION ( 'NONE',  ( -1.000000000000000000, 0.000000000000000000, 0.000000000000000000 ) ) ;
#1611 = CARTESIAN_POINT ( 'NONE',  ( 1.742842505792974617, 3.072095397861652977, 0.04999999999985858812 ) ) ;
#1612 = ORIENTED_EDGE ( 'NONE', *, *, #1272, .T. ) ;
#1613 = EDGE_CURVE ( 'NONE', #2563, #2155, #320, .T. ) ;
#1614 = ORIENTED_EDGE ( 'NONE', *, *, #61, .F. ) ;
#1615 = CIRCLE ( 'NONE', #2748, 0.6999999999999999556 ) ;
#1616 = CYLINDRICAL_SURFACE ( 'NONE', #2486, 1.250000000000000000 ) ;
#1617 = AXIS2_PLACEMENT_3D ( 'NONE', #1518, #2924, #2683 ) ;
#1618 = AXIS2_PLACEMENT_3D ( 'NONE', #2112, #2343, #1637 ) ;
#1619 = LINE ( 'NONE', #1590, #477 ) ;
#1620 = DIRECTION ( 'NONE',  ( 0.000000000000000000, -1.000000000000000000, 0.000000000000000000 ) ) ;
#1621 = CARTESIAN_POINT ( 'NONE',  ( -3.079134169858833602E-13, 3.731651040709872635, -1.600000000000201705 ) ) ;
#1622 = FACE_OUTER_BOUND ( 'NONE', #2147, .T. ) ;
#1623 = LINE ( 'NONE', #1362, #1768 ) ;
#1624 = CARTESIAN_POINT ( 'NONE',  ( -3.448343375876059103, 2.760555719397354668, -2.824372050292447867 ) ) ;
#1625 = ORIENTED_EDGE ( 'NONE', *, *, #2136, .F. ) ;
#1626 = CARTESIAN_POINT ( 'NONE',  ( -3.308828012168809618, 1.349999999999788480, -0.5000000000001413314 ) ) ;
#1627 = FACE_OUTER_BOUND ( 'NONE', #884, .T. ) ;
#1628 = ORIENTED_EDGE ( 'NONE', *, *, #805, .T. ) ;
#1629 = CARTESIAN_POINT ( 'NONE',  ( 2.149271664928654513, 3.710104485701422927, -2.877939621757246158 ) ) ;
#1630 = EDGE_CURVE ( 'NONE', #2815, #680, #1733, .T. ) ;
#1631 = ADVANCED_FACE ( 'NONE', ( #1405 ), #1428, .T. ) ;
#1632 = ORIENTED_EDGE ( 'NONE', *, *, #1529, .T. ) ;
#1633 = AXIS2_PLACEMENT_3D ( 'NONE', #1376, #1178, #2768 ) ;
#1634 = AXIS2_PLACEMENT_3D ( 'NONE', #2387, #1270, #1046 ) ;
#1635 = CARTESIAN_POINT ( 'NONE',  ( -3.411880292068705689, 2.458602559227411000, -0.2469187439790054006 ) ) ;
#1636 =( BOUNDED_SURFACE ( )  B_SPLINE_SURFACE ( 3, 2, ( 
 ( #2280, #2056, #2753 ),
 ( #2306, #1562, #506 ),
 ( #741, #729, #1389 ),
 ( #8, #2293, #1868 ),
 ( #2034, #1404, #521 ),
 ( #972, #2478, #1136 ),
 ( #914, #1808, #1641 ),
 ( #545, #1909, #1427 ),
 ( #305, #2564, #806 ),
 ( #2816, #777, #1215 ),
 ( #1205, #94, #108 ),
 ( #2378, #2160, #2320 ),
 ( #1669, #558, #2793 ),
 ( #2115, #2144, #1012 ),
 ( #570, #1463, #2100 ),
 ( #2780, #363, #2603 ),
 ( #1453, #121, #1921 ),
 ( #754, #2359, #319 ),
 ( #1652, #1230, #2553 ),
 ( #1441, #766, #1262 ),
 ( #1697, #2334, #999 ),
 ( #2806, #81, #2578 ) ),
 .UNSPECIFIED., .F., .F., .F. ) 
 B_SPLINE_SURFACE_WITH_KNOTS ( ( 4, 2, 2, 2, 2, 2, 2, 2, 2, 2, 4 ),
 ( 3, 3 ),
 ( 0.000000000000000000, 0.002572483694081994544, 0.005144967388163989089, 0.006431209235204985927, 0.007717451082245983633, 0.01028993477632797818, 0.01286241847040997185, 0.01414866031745096869, 0.01543490216449196727, 0.01800738585857396268, 0.02057986955265595636 ),
 ( 0.000000000000000000, 1.000000000000000000 ),
 .UNSPECIFIED. ) 
 GEOMETRIC_REPRESENTATION_ITEM ( )  RATIONAL_B_SPLINE_SURFACE ( (
 ( 1.000000000000000000, 0.7071067811865473507, 1.000000000000000000),
 ( 1.000000000000000000, 0.7167307463463539197, 1.000000000000000000),
 ( 1.000000000000000000, 0.7256707908067790980, 1.000000000000000000),
 ( 1.000000000000000000, 0.7415576175239785295, 1.000000000000000000),
 ( 1.000000000000000000, 0.7485055239191911181, 1.000000000000000000),
 ( 1.000000000000000000, 0.7570712212197229229, 1.000000000000000000),
 ( 1.000000000000000000, 0.7596179067951120967, 1.000000000000000000),
 ( 1.000000000000000000, 0.7640392065632817253, 1.000000000000000000),
 ( 1.000000000000000000, 0.7659171554392901760, 1.000000000000000000),
 ( 1.000000000000000000, 0.7704062709500580919, 1.000000000000000000),
 ( 1.000000000000000000, 0.7719043455432308409, 1.000000000000000000),
 ( 1.000000000000000000, 0.7719077049963956050, 1.000000000000000000),
 ( 1.000000000000000000, 0.7704129827657474339, 1.000000000000000000),
 ( 1.000000000000000000, 0.7659363981968255741, 1.000000000000000000),
 ( 1.000000000000000000, 0.7640621769793007889, 1.000000000000000000),
 ( 1.000000000000000000, 0.7596394301227318291, 1.000000000000000000),
 ( 1.000000000000000000, 0.7570913326429030699, 1.000000000000000000),
 ( 1.000000000000000000, 0.7485203996727124443, 1.000000000000000000),
 ( 1.000000000000000000, 0.7415677033057846979, 1.000000000000000000),
 ( 1.000000000000000000, 0.7256733845263235727, 1.000000000000000000),
 ( 1.000000000000000000, 0.7167306239231895360, 1.000000000000000000),
 ( 1.000000000000000000, 0.7071067811865473507, 1.000000000000000000) ) ) 
 REPRESENTATION_ITEM ( '' )  SURFACE ( )  );
#1637 = DIRECTION ( 'NONE',  ( 0.000000000000000000, 0.000000000000000000, -1.000000000000000000 ) ) ;
#1638 = CARTESIAN_POINT ( 'NONE',  ( 4.686030915030229060, 1.549999999999788436, -1.425000000000141043 ) ) ;
#1639 = CARTESIAN_POINT ( 'NONE',  ( -3.456455540546227390, 2.865332030774162764, -2.764928232166653288 ) ) ;
#1640 = ORIENTED_EDGE ( 'NONE', *, *, #1359, .T. ) ;
#1641 = CARTESIAN_POINT ( 'NONE',  ( -4.141295635974897138, 2.569674350542801466, -1.875073988865798569 ) ) ;
#1642 = CARTESIAN_POINT ( 'NONE',  ( 1.801947923424666476, 3.293016361256591917, -0.01462475408154829265 ) ) ;
#1643 = ORIENTED_EDGE ( 'NONE', *, *, #1758, .T. ) ;
#1644 = DIRECTION ( 'NONE',  ( 0.000000000000000000, -1.000000000000000000, 0.000000000000000000 ) ) ;
#1645 = ORIENTED_EDGE ( 'NONE', *, *, #2756, .F. ) ;
#1646 = CARTESIAN_POINT ( 'NONE',  ( -3.075881563341376079E-13, 3.581651040709872724, -1.600000000000201705 ) ) ;
#1647 = VERTEX_POINT ( 'NONE', #35 ) ;
#1648 = CARTESIAN_POINT ( 'NONE',  ( -2.133072900770430991, 3.581651040709872724, -0.5000000000001413314 ) ) ;
#1649 = DIRECTION ( 'NONE',  ( 0.000000000000000000, 1.000000000000000000, 0.000000000000000000 ) ) ;
#1650 = CARTESIAN_POINT ( 'NONE',  ( -3.458828012168809529, 1.349999999999788480, 0.1999999999998586242 ) ) ;
#1651 = ORIENTED_EDGE ( 'NONE', *, *, #1434, .F. ) ;
#1652 = CARTESIAN_POINT ( 'NONE',  ( -3.455036884319855783, 3.106295658321391873, -0.9235904570403489222 ) ) ;
#1653 = CARTESIAN_POINT ( 'NONE',  ( -4.665042898701122098, 1.349999999999788480, -3.075000000000145395 ) ) ;
#1654 = ORIENTED_EDGE ( 'NONE', *, *, #1662, .T. ) ;
#1655 = CARTESIAN_POINT ( 'NONE',  ( -4.665042898701122098, 1.549999999999788436, -3.250000000000145661 ) ) ;
#1656 = VERTEX_POINT ( 'NONE', #512 ) ;
#1657 = ADVANCED_FACE ( 'NONE', ( #267 ), #1616, .T. ) ;
#1658 = CARTESIAN_POINT ( 'NONE',  ( 1.734935157290552477, 1.349999999999788480, -3.400000000000141576 ) ) ;
#1659 = EDGE_CURVE ( 'NONE', #2615, #1809, #2134, .T. ) ;
#1660 = EDGE_CURVE ( 'NONE', #680, #399, #762, .T. ) ;
#1661 = ORIENTED_EDGE ( 'NONE', *, *, #2882, .T. ) ;
#1662 = EDGE_CURVE ( 'NONE', #1322, #2785, #1239, .T. ) ;
#1663 = CARTESIAN_POINT ( 'NONE',  ( -3.393887934068372303, 2.324860050865416028, -0.2046590139710939837 ) ) ;
#1664 = DIRECTION ( 'NONE',  ( 0.000000000000000000, 0.000000000000000000, -1.000000000000000000 ) ) ;
#1665 = AXIS2_PLACEMENT_3D ( 'NONE', #626, #611, #814 ) ;
#1666 = CIRCLE ( 'NONE', #874, 0.3250000000000002887 ) ;
#1667 = CARTESIAN_POINT ( 'NONE',  ( -3.315042898687851292, 1.430520335094129125, -3.125000000017329693 ) ) ;
#1668 = ORIENTED_EDGE ( 'NONE', *, *, #1703, .T. ) ;
#1669 = CARTESIAN_POINT ( 'NONE',  ( -3.446418382120839397, 3.163003062819102151, -1.428261231802599562 ) ) ;
#1670 = CARTESIAN_POINT ( 'NONE',  ( 4.186030915030229060, 2.326111491348825666, -1.600000000000141531 ) ) ;
#1671 = ORIENTED_EDGE ( 'NONE', *, *, #1434, .T. ) ;
#1672 = DIRECTION ( 'NONE',  ( 1.000000000000000000, 0.000000000000000000, 0.000000000000000000 ) ) ;
#1673 = ORIENTED_EDGE ( 'NONE', *, *, #283, .F. ) ;
#1674 = DIRECTION ( 'NONE',  ( 1.000000000000000000, -0.000000000000000000, 0.000000000000000000 ) ) ;
#1675 = CIRCLE ( 'NONE', #893, 0.5499999999999998224 ) ;
#1676 = CIRCLE ( 'NONE', #604, 0.6999999999999999556 ) ;
#1677 = ORIENTED_EDGE ( 'NONE', *, *, #2625, .F. ) ;
#1678 = VECTOR ( 'NONE', #2023, 100.0000000000000000 ) ;
#1679 = CYLINDRICAL_SURFACE ( 'NONE', #1339, 0.5499999999999999334 ) ;
#1680 = LINE ( 'NONE', #1879, #1497 ) ;
#1681 = ORIENTED_EDGE ( 'NONE', *, *, #1606, .F. ) ;
#1682 = DIRECTION ( 'NONE',  ( 0.000000000000000000, 0.000000000000000000, -1.000000000000000000 ) ) ;
#1683 = VERTEX_POINT ( 'NONE', #565 ) ;
#1684 = FACE_OUTER_BOUND ( 'NONE', #2698, .T. ) ;
#1685 = VERTEX_POINT ( 'NONE', #1658 ) ;
#1686 = FACE_OUTER_BOUND ( 'NONE', #2805, .T. ) ;
#1687 = CARTESIAN_POINT ( 'NONE',  ( 4.686030915030229060, 1.349999999999788480, -1.900000000000141798 ) ) ;
#1688 = DIRECTION ( 'NONE',  ( -0.000000000000000000, -0.000000000000000000, -1.000000000000000000 ) ) ;
#1689 = VECTOR ( 'NONE', #212, 100.0000000000000000 ) ;
#1690 = CARTESIAN_POINT ( 'NONE',  ( -2.758828012168809796, 3.031651040709872902, -0.5000000000001413314 ) ) ;
#1691 = CIRCLE ( 'NONE', #1091, 0.5499999999999998224 ) ;
#1692 = ORIENTED_EDGE ( 'NONE', *, *, #413, .F. ) ;
#1693 = CARTESIAN_POINT ( 'NONE',  ( -4.147755424103161559, 2.541574169989881948, -1.981688627992705509 ) ) ;
#1694 = EDGE_CURVE ( 'NONE', #2086, #1946, #1209, .T. ) ;
#1695 = CARTESIAN_POINT ( 'NONE',  ( -4.048115542687333424, 2.020349907804197098, -2.656241839060707211 ) ) ;
#1696 = VERTEX_POINT ( 'NONE', #1926 ) ;
#1697 = CARTESIAN_POINT ( 'NONE',  ( -3.458828012168809529, 3.053737454576295640, -0.6880541016517172093 ) ) ;
#1698 = EDGE_CURVE ( 'NONE', #93, #1029, #2384, .T. ) ;
#1699 = CARTESIAN_POINT ( 'NONE',  ( -1.742842505793702479, 3.072095397861651644, -3.250000000000141664 ) ) ;
#1700 = ADVANCED_FACE ( 'NONE', ( #1686 ), #2148, .T. ) ;
#1701 = CARTESIAN_POINT ( 'NONE',  ( -2.244994432065514189, 3.731651040709872635, -2.700000000000141842 ) ) ;
#1702 = EDGE_LOOP ( 'NONE', ( #817, #2799, #2544, #2114 ) ) ;
#1703 = EDGE_CURVE ( 'NONE', #680, #426, #315, .T. ) ;
#1704 = PLANE ( 'NONE',  #555 ) ;
#1705 = DIRECTION ( 'NONE',  ( 0.000000000000000000, 0.000000000000000000, 1.000000000000000000 ) ) ;
#1706 = CARTESIAN_POINT ( 'NONE',  ( -3.458828012168809529, 1.349999999999788480, 0.04999999999985849097 ) ) ;
#1707 = CIRCLE ( 'NONE', #2517, 0.3250000000000002887 ) ;
#1708 = LINE ( 'NONE', #2299, #905 ) ;
#1709 = ORIENTED_EDGE ( 'NONE', *, *, #2502, .T. ) ;
#1710 = CARTESIAN_POINT ( 'NONE',  ( 1.779464047598975585, 3.277060840870182901, 0.1560260116110074313 ) ) ;
#1711 = AXIS2_PLACEMENT_3D ( 'NONE', #797, #199, #1940 ) ;
#1712 = CIRCLE ( 'NONE', #687, 0.5499999999999998224 ) ;
#1713 = CARTESIAN_POINT ( 'NONE',  ( -1.781176714418877705, 3.241890262870517958, -3.208576158996059302 ) ) ;
#1714 = ADVANCED_FACE ( 'NONE', ( #2109 ), #1033, .T. ) ;
#1715 = VECTOR ( 'NONE', #793, 100.0000000000000000 ) ;
#1716 = CARTESIAN_POINT ( 'NONE',  ( -4.990042898701122276, 1.349999999999758060, -0.3500000000001536327 ) ) ;
#1717 = EDGE_LOOP ( 'NONE', ( #669, #1301, #234, #632 ) ) ;
#1718 = LINE ( 'NONE', #368, #2152 ) ;
#1719 = ORIENTED_EDGE ( 'NONE', *, *, #1918, .F. ) ;
#1720 = DIRECTION ( 'NONE',  ( 0.000000000000000000, -1.000000000000000000, 0.000000000000000000 ) ) ;
#1721 = AXIS2_PLACEMENT_3D ( 'NONE', #2672, #478, #464 ) ;
#1722 = CARTESIAN_POINT ( 'NONE',  ( 1.734935157290552477, 2.231651040709872635, -3.400000000000141576 ) ) ;
#1723 = CARTESIAN_POINT ( 'NONE',  ( -3.437014633307430067, 2.655149413189922036, -2.875640271320169195 ) ) ;
#1724 = EDGE_LOOP ( 'NONE', ( #2586, #9 ) ) ;
#1725 = CARTESIAN_POINT ( 'NONE',  ( -4.142870028981479713, 2.563293898733415510, -1.901954827958415972 ) ) ;
#1726 = AXIS2_PLACEMENT_3D ( 'NONE', #1756, #1080, #2481 ) ;
#1727 = AXIS2_PLACEMENT_3D ( 'NONE', #931, #2542, #961 ) ;
#1728 = CARTESIAN_POINT ( 'NONE',  ( -4.340042898701121921, 1.549999999999788436, 0.9001000000005275892 ) ) ;
#1729 = CARTESIAN_POINT ( 'NONE',  ( -3.901450928328970669, 1.608998718647440151, -2.823907946710175754 ) ) ;
#1730 = VERTEX_POINT ( 'NONE', #2340 ) ;
#1731 = CARTESIAN_POINT ( 'NONE',  ( 1.963581880273116864, 3.570355508593025196, -0.05247895986514138078 ) ) ;
#1732 = ORIENTED_EDGE ( 'NONE', *, *, #101, .T. ) ;
#1733 = B_SPLINE_CURVE_WITH_KNOTS ( 'NONE', 3,
 ( #532, #1611, #2281, #1856, #712, #82, #756, #1642, #1824, #743, #546, #1416, #2538, #1839, #2554, #522, #2740, #1596, #730, #767 ),
 .UNSPECIFIED., .F., .F.,
 ( 4, 2, 2, 2, 2, 2, 2, 2, 2, 4 ),
 ( 1.084202172485504314E-19, 0.001192015444239391412, 0.001788023166359077251, 0.002384030888478763308, 0.003576046332718121109, 0.004768061776957478910, 0.005960077221196836278, 0.007152092665436194513, 0.008344108109675552748, 0.009536123553914910983 ),
 .UNSPECIFIED. ) ;
#1734 = LINE ( 'NONE', #2890, #1323 ) ;
#1735 = VERTEX_POINT ( 'NONE', #812 ) ;
#1736 = CARTESIAN_POINT ( 'NONE',  ( 3.486030915030228883, 1.349999999999788480, -2.700000000000141842 ) ) ;
#1737 = DIRECTION ( 'NONE',  ( 1.000000000000000000, 0.000000000000000000, -0.000000000000000000 ) ) ;
#1738 = CARTESIAN_POINT ( 'NONE',  ( -2.758828012168809796, 3.731651040709872635, -0.5000000000001413314 ) ) ;
#1739 = CARTESIAN_POINT ( 'NONE',  ( -3.072942411023422537E-13, 5.249999999999788614, -4.000000000000201617 ) ) ;
#1740 = ADVANCED_FACE ( 'NONE', ( #537 ), #1704, .T. ) ;
#1741 = CARTESIAN_POINT ( 'NONE',  ( -4.665042898701122098, 1.549999999999788436, -3.575000000000146283 ) ) ;
#1742 = CARTESIAN_POINT ( 'NONE',  ( -3.316539563558582593, 1.491923191873278931, -3.123061627412128338 ) ) ;
#1743 = ADVANCED_FACE ( 'NONE', ( #2774 ), #1892, .T. ) ;
#1744 = ORIENTED_EDGE ( 'NONE', *, *, #2885, .T. ) ;
#1745 = CARTESIAN_POINT ( 'NONE',  ( -3.890255000863181767, 1.557419742977025123, -0.3662571308622002975 ) ) ;
#1746 = EDGE_CURVE ( 'NONE', #2122, #2062, #1433, .T. ) ;
#1747 = VECTOR ( 'NONE', #883, 100.0000000000000000 ) ;
#1748 = DIRECTION ( 'NONE',  ( 1.000000000000000000, -0.000000000000000000, -0.000000000000000000 ) ) ;
#1749 = ORIENTED_EDGE ( 'NONE', *, *, #1096, .F. ) ;
#1750 = CARTESIAN_POINT ( 'NONE',  ( 1.838827645954775880, 3.404586376801035819, 0.09409746799310308996 ) ) ;
#1751 = LINE ( 'NONE', #1516, #2842 ) ;
#1752 = ORIENTED_EDGE ( 'NONE', *, *, #1537, .T. ) ;
#1753 = CARTESIAN_POINT ( 'NONE',  ( 4.686030915030229060, 1.349999999999788480, -1.775000000000142020 ) ) ;
#1754 = DIRECTION ( 'NONE',  ( 0.000000000000000000, -1.000000000000000000, 0.000000000000000000 ) ) ;
#1755 = ORIENTED_EDGE ( 'NONE', *, *, #41, .T. ) ;
#1756 = CARTESIAN_POINT ( 'NONE',  ( -4.158828012168809707, 3.031651040709872902, -0.6128071225549264200 ) ) ;
#1757 = CARTESIAN_POINT ( 'NONE',  ( -2.244994432065455570, 3.731651040709872635, -0.5000000000001413314 ) ) ;
#1758 = EDGE_CURVE ( 'NONE', #2358, #589, #1491, .T. ) ;
#1759 = CARTESIAN_POINT ( 'NONE',  ( -3.384783167049345565, 2.257232728901393148, -3.013880963461941676 ) ) ;
#1760 = ADVANCED_FACE ( 'NONE', ( #1523 ), #2857, .T. ) ;
#1761 = ORIENTED_EDGE ( 'NONE', *, *, #2575, .F. ) ;
#1762 = EDGE_CURVE ( 'NONE', #1779, #1647, #574, .T. ) ;
#1763 = CIRCLE ( 'NONE', #2570, 0.1750000000000004052 ) ;
#1764 = PLANE ( 'NONE',  #2735 ) ;
#1765 = ORIENTED_EDGE ( 'NONE', *, *, #2626, .T. ) ;
#1766 = CARTESIAN_POINT ( 'NONE',  ( -3.523533257354054982, 2.310306577863474153, -0.7951333417408527060 ) ) ;
#1767 = CARTESIAN_POINT ( 'NONE',  ( 2.133072900769877656, 3.581651040709872724, -2.700000000000141842 ) ) ;
#1768 = VECTOR ( 'NONE', #2042, 100.0000000000000000 ) ;
#1769 = ORIENTED_EDGE ( 'NONE', *, *, #1222, .F. ) ;
#1770 = VECTOR ( 'NONE', #1911, 100.0000000000000000 ) ;
#1771 = CARTESIAN_POINT ( 'NONE',  ( -2.758828012168809796, 0.000000000000000000, -0.5000000000001413314 ) ) ;
#1772 = AXIS2_PLACEMENT_3D ( 'NONE', #1850, #2548, #541 ) ;
#1773 = CARTESIAN_POINT ( 'NONE',  ( -1.742842505793589236, 3.031651040709872014, 0.04999999999985849097 ) ) ;
#1774 = CARTESIAN_POINT ( 'NONE',  ( 4.186030915030229060, 1.349999999999788480, -1.900000000000141798 ) ) ;
#1775 = DIRECTION ( 'NONE',  ( 0.000000000000000000, 1.000000000000000000, 0.000000000000000000 ) ) ;
#1776 = CYLINDRICAL_SURFACE ( 'NONE', #1423, 2.400000000000000355 ) ;
#1777 = LINE ( 'NONE', #2025, #2440 ) ;
#1778 = DIRECTION ( 'NONE',  ( 0.000000000000000000, -0.000000000000000000, 1.000000000000000000 ) ) ;
#1779 = VERTEX_POINT ( 'NONE', #2179 ) ;
#1780 = DIRECTION ( 'NONE',  ( 0.000000000000000000, -1.000000000000000000, 0.000000000000000000 ) ) ;
#1781 = AXIS2_PLACEMENT_3D ( 'NONE', #201, #1099, #1573 ) ;
#1782 = CARTESIAN_POINT ( 'NONE',  ( -3.563852940427243876, 2.114639031390149970, -0.6037201363768319728 ) ) ;
#1783 = CARTESIAN_POINT ( 'NONE',  ( -4.665042898701122098, 1.549999999999788436, 0.04999999999986265431 ) ) ;
#1784 = VERTEX_POINT ( 'NONE', #2894 ) ;
#1785 = CARTESIAN_POINT ( 'NONE',  ( -1.734935157291168206, 1.349999999999788480, -3.400000000000141576 ) ) ;
#1786 = DIRECTION ( 'NONE',  ( 0.000000000000000000, 0.000000000000000000, 1.000000000000000000 ) ) ;
#1787 = CARTESIAN_POINT ( 'NONE',  ( -3.458828012168809529, 3.031651040709872902, -2.587192877445380734 ) ) ;
#1788 = VECTOR ( 'NONE', #906, 100.0000000000000000 ) ;
#1789 = CARTESIAN_POINT ( 'NONE',  ( -3.458828012168809529, 3.031651040709872902, -2.700000000000141842 ) ) ;
#1790 = VERTEX_POINT ( 'NONE', #1773 ) ;
#1791 = EDGE_CURVE ( 'NONE', #903, #1043, #1154, .T. ) ;
#1792 = CARTESIAN_POINT ( 'NONE',  ( -3.564119999279177442, 2.072391982419751422, -0.5726378830621456917 ) ) ;
#1793 = AXIS2_PLACEMENT_3D ( 'NONE', #1170, #1185, #468 ) ;
#1794 = LINE ( 'NONE', #154, #593 ) ;
#1795 = EDGE_LOOP ( 'NONE', ( #1887, #117, #2355, #2779 ) ) ;
#1796 = CARTESIAN_POINT ( 'NONE',  ( -4.158828012168809707, 1.349999999999758060, -1.600000000000153744 ) ) ;
#1797 = EDGE_CURVE ( 'NONE', #2828, #1735, #922, .T. ) ;
#1798 = EDGE_CURVE ( 'NONE', #2267, #2485, #2569, .T. ) ;
#1799 = LINE ( 'NONE', #1141, #939 ) ;
#1800 = CARTESIAN_POINT ( 'NONE',  ( 4.036030915030228705, 2.326111491348825666, -1.600000000000141531 ) ) ;
#1801 = CARTESIAN_POINT ( 'NONE',  ( -3.449789611752196450, 3.144317484615850145, -2.016168460412344654 ) ) ;
#1802 = DIRECTION ( 'NONE',  ( 0.000000000000000000, 0.000000000000000000, 1.000000000000000000 ) ) ;
#1803 = VERTEX_POINT ( 'NONE', #845 ) ;
#1804 = CARTESIAN_POINT ( 'NONE',  ( 4.186030915030229060, 2.326111491348825666, -1.425000000000141487 ) ) ;
#1805 = CARTESIAN_POINT ( 'NONE',  ( -3.456455540546226501, 2.865332030774284888, -0.4350717678336332717 ) ) ;
#1806 = CARTESIAN_POINT ( 'NONE',  ( -3.442592993601321982, 2.704886035844118464, -2.852320685759448082 ) ) ;
#1807 = ORIENTED_EDGE ( 'NONE', *, *, #346, .T. ) ;
#1808 = CARTESIAN_POINT ( 'NONE',  ( -3.542337289893610741, 2.565036012163199874, -1.895798038977149602 ) ) ;
#1809 = VERTEX_POINT ( 'NONE', #1738 ) ;
#1810 = CARTESIAN_POINT ( 'NONE',  ( 1.990543923852876596, 3.598338069404385831, -3.113199550987133080 ) ) ;
#1811 = ORIENTED_EDGE ( 'NONE', *, *, #2502, .F. ) ;
#1812 = AXIS2_PLACEMENT_3D ( 'NONE', #2642, #2841, #2673 ) ;
#1813 = AXIS2_PLACEMENT_3D ( 'NONE', #554, #774, #60 ) ;
#1814 = CYLINDRICAL_SURFACE ( 'NONE', #1030, 0.5499999999999998224 ) ;
#1815 = DIRECTION ( 'NONE',  ( 1.000000000000000000, -0.000000000000000000, 0.000000000000000000 ) ) ;
#1816 = SPHERICAL_SURFACE ( 'NONE', #2536, 0.5499999999999999334 ) ;
#1817 = PRODUCT_DEFINITION_CONTEXT ( 'detailed design', #1841, 'design' ) ;
#1818 = DIRECTION ( 'NONE',  ( 1.000000000000000000, 0.000000000000000000, 0.000000000000000000 ) ) ;
#1819 = CARTESIAN_POINT ( 'NONE',  ( -3.442592993601331752, 2.704886035843966585, -0.3476793142408740600 ) ) ;
#1820 = DIRECTION ( 'NONE',  ( 0.000000000000000000, 0.000000000000000000, -1.000000000000000000 ) ) ;
#1821 = CARTESIAN_POINT ( 'NONE',  ( -2.758828012168809796, 3.031651040709872902, -2.700000000000141842 ) ) ;
#1822 = ORIENTED_EDGE ( 'NONE', *, *, #2451, .F. ) ;
#1823 = LINE ( 'NONE', #21, #742 ) ;
#1824 = CARTESIAN_POINT ( 'NONE',  ( 1.818407793543795892, 3.325060594122020152, -0.03342963213396030892 ) ) ;
#1825 = VECTOR ( 'NONE', #103, 100.0000000000000000 ) ;
#1826 = CARTESIAN_POINT ( 'NONE',  ( 2.123576394198880557, 3.697587647842804692, -2.920149129862000592 ) ) ;
#1827 = ORIENTED_EDGE ( 'NONE', *, *, #192, .F. ) ;
#1828 = AXIS2_PLACEMENT_3D ( 'NONE', #623, #1955, #2699 ) ;
#1829 = LINE ( 'NONE', #432, #1481 ) ;
#1830 = EDGE_CURVE ( 'NONE', #1042, #1960, #429, .T. ) ;
#1831 = LINE ( 'NONE', #2275, #2820 ) ;
#1832 = FACE_OUTER_BOUND ( 'NONE', #2912, .T. ) ;
#1833 = CARTESIAN_POINT ( 'NONE',  ( -1.748032848327833122, 3.111759006727326859, 0.04450303655015763055 ) ) ;
#1834 = PLANE ( 'NONE',  #1813 ) ;
#1835 = DIRECTION ( 'NONE',  ( -1.000000000000000000, 0.000000000000000000, 0.000000000000000000 ) ) ;
#1836 = CARTESIAN_POINT ( 'NONE',  ( 1.802508471732363393, 3.294250408450946743, -3.184742044704205632 ) ) ;
#1837 = ORIENTED_EDGE ( 'NONE', *, *, #448, .F. ) ;
#1838 = CARTESIAN_POINT ( 'NONE',  ( -4.340042898701121921, 1.549999999999788436, 0.9001000000005275892 ) ) ;
#1839 = CARTESIAN_POINT ( 'NONE',  ( 1.973801826409717464, 3.514375884250207971, -0.2342187334040047586 ) ) ;
#1840 = VERTEX_POINT ( 'NONE', #2623 ) ;
#1841 = APPLICATION_CONTEXT ( 'automotive_design' ) ;
#1842 = PLANE ( 'NONE',  #232 ) ;
#1843 = VECTOR ( 'NONE', #2650, 100.0000000000000000 ) ;
#1844 = ORIENTED_EDGE ( 'NONE', *, *, #11, .F. ) ;
#1845 = EDGE_CURVE ( 'NONE', #344, #1243, #1552, .T. ) ;
#1846 = B_SPLINE_CURVE_WITH_KNOTS ( 'NONE', 3,
 ( #2587, #2813, #166, #566, #2184, #132, #1460, #1943, #1450, #2373, #1273, #2169, #360, #1961, #1048, #599, #1725, #1693, #1240, #2600, #2157, #391 ),
 .UNSPECIFIED., .F., .F.,
 ( 4, 2, 2, 2, 2, 2, 2, 2, 2, 2, 4 ),
 ( 0.000000000000000000, 0.001651268293542208993, 0.003302536587084417986, 0.004128170733855522807, 0.004953804880626627195, 0.006605073174168835971, 0.008256341467711045615, 0.009081975614482155207, 0.009907609761253264799, 0.01155887805479548572, 0.01321014634833770490 ),
 .UNSPECIFIED. ) ;
#1847 = SPHERICAL_SURFACE ( 'NONE', #218, 0.6999999999999999556 ) ;
#1848 = DIRECTION ( 'NONE',  ( 0.000000000000000000, -0.000000000000000000, 1.000000000000000000 ) ) ;
#1849 = ADVANCED_FACE ( 'NONE', ( #1506 ), #2421, .T. ) ;
#1850 = CARTESIAN_POINT ( 'NONE',  ( -3.871257785233169102, 1.349999999999788480, 0.3499999999998461564 ) ) ;
#1851 = EDGE_CURVE ( 'NONE', #1029, #1784, #177, .T. ) ;
#1852 = LINE ( 'NONE', #2317, #2429 ) ;
#1853 = DIRECTION ( 'NONE',  ( 0.000000000000000000, -1.000000000000000000, 0.000000000000000000 ) ) ;
#1854 = ORIENTED_EDGE ( 'NONE', *, *, #1918, .T. ) ;
#1855 = DIRECTION ( 'NONE',  ( -0.000000000000000000, -0.000000000000000000, -1.000000000000000000 ) ) ;
#1856 = CARTESIAN_POINT ( 'NONE',  ( 1.758798098517424080, 3.168776377882825734, 0.03299181687393278745 ) ) ;
#1857 = ORIENTED_EDGE ( 'NONE', *, *, #395, .T. ) ;
#1858 = DIRECTION ( 'NONE',  ( 0.000000000000000000, 0.000000000000000000, 1.000000000000000000 ) ) ;
#1859 = VERTEX_POINT ( 'NONE', #2080 ) ;
#1860 = AXIS2_PLACEMENT_3D ( 'NONE', #332, #791, #1682 ) ;
#1861 = CIRCLE ( 'NONE', #2374, 0.1750000000000004885 ) ;
#1862 = VECTOR ( 'NONE', #458, 100.0000000000000000 ) ;
#1863 = CARTESIAN_POINT ( 'NONE',  ( -3.458828012168809529, 2.960124218810211261, -0.5000000000001413314 ) ) ;
#1864 = FACE_BOUND ( 'NONE', #2247, .T. ) ;
#1865 = LINE ( 'NONE', #471, #1112 ) ;
#1866 = DIRECTION ( 'NONE',  ( 0.000000000000000000, 0.000000000000000000, -1.000000000000000000 ) ) ;
#1867 = VERTEX_POINT ( 'NONE', #2549 ) ;
#1868 = CARTESIAN_POINT ( 'NONE',  ( -4.151249851463465923, 2.523653006003580224, -2.033664271647942723 ) ) ;
#1869 = CARTESIAN_POINT ( 'NONE',  ( 4.686030915030229060, 1.349999999999788480, -1.300000000000141265 ) ) ;
#1870 = ORIENTED_EDGE ( 'NONE', *, *, #787, .F. ) ;
#1871 = CARTESIAN_POINT ( 'NONE',  ( -4.665042898701122098, 1.549999999999788436, -3.075000000000145395 ) ) ;
#1872 = LINE ( 'NONE', #758, #2249 ) ;
#1873 = VERTEX_POINT ( 'NONE', #2138 ) ;
#1874 = AXIS2_PLACEMENT_3D ( 'NONE', #959, #2781, #23 ) ;
#1875 = DIRECTION ( 'NONE',  ( -1.000000000000000000, 0.000000000000000000, -0.000000000000000000 ) ) ;
#1876 = CIRCLE ( 'NONE', #1079, 0.6999999999999999556 ) ;
#1877 = CARTESIAN_POINT ( 'NONE',  ( -4.340042898701121921, 1.349999999999788480, -3.250000000000145661 ) ) ;
#1878 = CARTESIAN_POINT ( 'NONE',  ( -3.525168522502031720, 1.349999999999781597, -0.3500000000001539102 ) ) ;
#1879 = CARTESIAN_POINT ( 'NONE',  ( -4.340042898701121921, 1.549999999999788436, 0.04999999999986265431 ) ) ;
#1880 = ORIENTED_EDGE ( 'NONE', *, *, #1421, .T. ) ;
#1881 = CARTESIAN_POINT ( 'NONE',  ( -4.340042898701121921, 1.349999999999788480, 0.000000000000000000 ) ) ;
#1882 = ADVANCED_FACE ( 'NONE', ( #1386 ), #484, .T. ) ;
#1883 = PLANE ( 'NONE',  #2540 ) ;
#1884 = ORIENTED_EDGE ( 'NONE', *, *, #2012, .F. ) ;
#1885 = ADVANCED_FACE ( 'NONE', ( #799 ), #2599, .T. ) ;
#1886 = CYLINDRICAL_SURFACE ( 'NONE', #691, 0.3250000000000002887 ) ;
#1887 = ORIENTED_EDGE ( 'NONE', *, *, #2445, .T. ) ;
#1888 = VECTOR ( 'NONE', #1818, 100.0000000000000000 ) ;
#1889 = ADVANCED_FACE ( 'NONE', ( #131 ), #272, .F. ) ;
#1890 = VECTOR ( 'NONE', #619, 100.0000000000000000 ) ;
#1891 = ADVANCED_FACE ( 'NONE', ( #1173 ), #2390, .F. ) ;
#1892 = PLANE ( 'NONE',  #2675 ) ;
#1893 = DIRECTION ( 'NONE',  ( 0.000000000000000000, 0.000000000000000000, 1.000000000000000000 ) ) ;
#1894 = CARTESIAN_POINT ( 'NONE',  ( -3.342581463078180715, 1.898336857495074081, -3.086476497619836223 ) ) ;
#1895 = EDGE_LOOP ( 'NONE', ( #1403, #1501, #2345, #186, #1837 ) ) ;
#1896 = FACE_OUTER_BOUND ( 'NONE', #977, .T. ) ;
#1897 = FACE_OUTER_BOUND ( 'NONE', #2525, .T. ) ;
#1898 = ORIENTED_EDGE ( 'NONE', *, *, #351, .F. ) ;
#1899 = DIRECTION ( 'NONE',  ( 0.000000000000000000, -1.000000000000000000, 0.000000000000000000 ) ) ;
#1900 = ORIENTED_EDGE ( 'NONE', *, *, #284, .F. ) ;
#1901 = ORIENTED_EDGE ( 'NONE', *, *, #314, .F. ) ;
#1902 = CARTESIAN_POINT ( 'NONE',  ( -3.458828012168809529, 3.581651040709872724, -0.5000000000001413314 ) ) ;
#1903 = ORIENTED_EDGE ( 'NONE', *, *, #1274, .F. ) ;
#1904 = CARTESIAN_POINT ( 'NONE',  ( -4.137105227343642611, 2.251595709740823903, -0.7326637017620876158 ) ) ;
#1905 = AXIS2_PLACEMENT_3D ( 'NONE', #2452, #2008, #144 ) ;
#1906 = CIRCLE ( 'NONE', #2375, 0.5499999999999999334 ) ;
#1907 = CARTESIAN_POINT ( 'NONE',  ( -4.990042898701122276, 1.349999999999788480, -0.000000000000000000 ) ) ;
#1908 = ORIENTED_EDGE ( 'NONE', *, *, #704, .F. ) ;
#1909 = CARTESIAN_POINT ( 'NONE',  ( -3.547616043159993904, 2.577511645407564167, -1.838524279533968464 ) ) ;
#1910 = ORIENTED_EDGE ( 'NONE', *, *, #447, .F. ) ;
#1911 = DIRECTION ( 'NONE',  ( 0.000000000000000000, -1.000000000000000000, 0.000000000000000000 ) ) ;
#1912 = ORIENTED_EDGE ( 'NONE', *, *, #2900, .F. ) ;
#1913 = CYLINDRICAL_SURFACE ( 'NONE', #516, 0.1750000000000004885 ) ;
#1914 = ADVANCED_FACE ( 'NONE', ( #1622 ), #1478, .F. ) ;
#1915 = EDGE_CURVE ( 'NONE', #87, #2267, #2149, .T. ) ;
#1916 = ORIENTED_EDGE ( 'NONE', *, *, #719, .F. ) ;
#1917 = DIRECTION ( 'NONE',  ( 0.000000000000000000, -1.000000000000000000, 0.000000000000000000 ) ) ;
#1918 = EDGE_CURVE ( 'NONE', #2773, #1074, #2139, .T. ) ;
#1919 = CARTESIAN_POINT ( 'NONE',  ( -3.428445760142044385, 2.585969634977979492, -2.904393724976519042 ) ) ;
#1920 = ORIENTED_EDGE ( 'NONE', *, *, #575, .T. ) ;
#1921 = CARTESIAN_POINT ( 'NONE',  ( -4.142859065704347366, 2.563340364831118823, -1.298228336300245367 ) ) ;
#1922 = ORIENTED_EDGE ( 'NONE', *, *, #1471, .F. ) ;
#1923 = CARTESIAN_POINT ( 'NONE',  ( -2.222347728790222909, 3.731651040709872635, -2.746219747961656132 ) ) ;
#1924 = ORIENTED_EDGE ( 'NONE', *, *, #886, .F. ) ;
#1925 = ORIENTED_EDGE ( 'NONE', *, *, #2879, .F. ) ;
#1926 = CARTESIAN_POINT ( 'NONE',  ( 1.734935157290553143, 3.031651040709872902, -3.400000000000141576 ) ) ;
#1927 = LINE ( 'NONE', #813, #1253 ) ;
#1928 = CARTESIAN_POINT ( 'NONE',  ( -3.871257785233167326, 1.402765630818461062, -0.3500000000001536327 ) ) ;
#1929 = LINE ( 'NONE', #1907, #2641 ) ;
#1930 = ORIENTED_EDGE ( 'NONE', *, *, #2225, .F. ) ;
#1931 = CARTESIAN_POINT ( 'NONE',  ( 2.133072900769877656, 3.581651040709872724, -2.700000000000141842 ) ) ;
#1932 = CARTESIAN_POINT ( 'NONE',  ( 4.186030915030229060, 1.549999999999788436, -1.300000000000141487 ) ) ;
#1933 = CARTESIAN_POINT ( 'NONE',  ( -3.075881563341376079E-13, -5.438225099391067907, 0.7999999999997987610 ) ) ;
#1934 = ORIENTED_EDGE ( 'NONE', *, *, #2350, .T. ) ;
#1935 = LINE ( 'NONE', #112, #2441 ) ;
#1936 = VERTEX_POINT ( 'NONE', #1494 ) ;
#1937 = CARTESIAN_POINT ( 'NONE',  ( -1.807298731797515545, 3.343022164324999768, 0.1273847384944693240 ) ) ;
#1938 = CARTESIAN_POINT ( 'NONE',  ( 4.686030915030229060, 1.549999999999788436, -1.600000000000141531 ) ) ;
#1939 = DIRECTION ( 'NONE',  ( -1.000000000000000000, 0.000000000000000000, 0.000000000000000000 ) ) ;
#1940 = DIRECTION ( 'NONE',  ( 0.000000000000000000, 0.000000000000000000, 1.000000000000000000 ) ) ;
#1941 = DIRECTION ( 'NONE',  ( 0.000000000000000000, -1.000000000000000000, 0.000000000000000000 ) ) ;
#1942 = ORIENTED_EDGE ( 'NONE', *, *, #1272, .F. ) ;
#1943 = CARTESIAN_POINT ( 'NONE',  ( -4.138423912262048532, 2.580743377135140015, -1.379673326117441423 ) ) ;
#1944 = VECTOR ( 'NONE', #1848, 100.0000000000000000 ) ;
#1945 = CARTESIAN_POINT ( 'NONE',  ( -4.158828012168809707, 2.382130909493649362, -2.305128205128351482 ) ) ;
#1946 = VERTEX_POINT ( 'NONE', #597 ) ;
#1947 = DIRECTION ( 'NONE',  ( 0.000000000000000000, 1.000000000000000000, -0.000000000000000000 ) ) ;
#1948 = AXIS2_PLACEMENT_3D ( 'NONE', #1458, #1034, #2655 ) ;
#1949 = VECTOR ( 'NONE', #403, 100.0000000000000000 ) ;
#1950 = CARTESIAN_POINT ( 'NONE',  ( -1.912048744400302036, 3.456592693250476245, -3.050896211819608350 ) ) ;
#1951 = VECTOR ( 'NONE', #1754, 100.0000000000000000 ) ;
#1952 = FACE_OUTER_BOUND ( 'NONE', #281, .T. ) ;
#1953 = ORIENTED_EDGE ( 'NONE', *, *, #578, .T. ) ;
#1954 = ADVANCED_FACE ( 'NONE', ( #2656 ), #1776, .F. ) ;
#1955 = DIRECTION ( 'NONE',  ( -0.000000000000000000, 1.000000000000000000, 0.000000000000000000 ) ) ;
#1956 = CARTESIAN_POINT ( 'NONE',  ( -2.043878064293157326, 3.644865315974489484, -0.1596526626546601602 ) ) ;
#1957 = FACE_OUTER_BOUND ( 'NONE', #2494, .T. ) ;
#1958 = FACE_OUTER_BOUND ( 'NONE', #2807, .T. ) ;
#1959 = CARTESIAN_POINT ( 'NONE',  ( -3.315042898700980345, 1.420957710312076072, -3.125000000000146549 ) ) ;
#1960 = VERTEX_POINT ( 'NONE', #1284 ) ;
#1961 = CARTESIAN_POINT ( 'NONE',  ( -4.137155244573930801, 2.585324313919158623, -1.792995430077983565 ) ) ;
#1962 = AXIS2_PLACEMENT_3D ( 'NONE', #1443, #2794, #778 ) ;
#1963 = VECTOR ( 'NONE', #442, 100.0000000000000000 ) ;
#1964 = DIRECTION ( 'NONE',  ( 0.000000000000000000, -0.000000000000000000, -1.000000000000000000 ) ) ;
#1965 = VERTEX_POINT ( 'NONE', #1993 ) ;
#1966 = DIRECTION ( 'NONE',  ( 1.000000000000000000, -0.000000000000000000, 0.000000000000000000 ) ) ;
#1967 = CARTESIAN_POINT ( 'NONE',  ( -1.818407793544513096, 3.325060594122016600, -3.166570367866325952 ) ) ;
#1968 = EDGE_CURVE ( 'NONE', #2086, #2062, #2182, .T. ) ;
#1969 = DIRECTION ( 'NONE',  ( -0.000000000000000000, 0.000000000000000000, -1.000000000000000000 ) ) ;
#1970 = CARTESIAN_POINT ( 'NONE',  ( 3.486030915030228883, 0.000000000000000000, -3.400000000000141576 ) ) ;
#1971 = EDGE_LOOP ( 'NONE', ( #1513, #2693, #2889, #2925 ) ) ;
#1972 = LINE ( 'NONE', #1060, #644 ) ;
#1973 = EDGE_CURVE ( 'NONE', #2785, #1803, #162, .T. ) ;
#1974 = CARTESIAN_POINT ( 'NONE',  ( 3.486030915030228883, 3.731651040709872635, -2.700000000000141842 ) ) ;
#1975 = CARTESIAN_POINT ( 'NONE',  ( -5.458828012168809529, 1.349999999999788480, 0.000000000000000000 ) ) ;
#1976 = EDGE_CURVE ( 'NONE', #56, #1527, #1526, .T. ) ;
#1977 = CARTESIAN_POINT ( 'NONE',  ( -5.458828012168809529, 1.349999999999758060, -2.850000000000153744 ) ) ;
#1978 = CARTESIAN_POINT ( 'NONE',  ( -3.367360452789323944, 2.120534654177421263, -3.046452570863259268 ) ) ;
#1979 = ORIENTED_EDGE ( 'NONE', *, *, #2406, .F. ) ;
#1980 = PRODUCT_DEFINITION_FORMATION_WITH_SPECIFIED_SOURCE ( 'ANY', '', #288, .NOT_KNOWN. ) ;
#1981 = CARTESIAN_POINT ( 'NONE',  ( -3.445314005680171654, 3.168478690159952205, -1.600029672026313410 ) ) ;
#1982 = AXIS2_PLACEMENT_3D ( 'NONE', #2457, #2645, #392 ) ;
#1983 = CARTESIAN_POINT ( 'NONE',  ( -4.665042898701122098, 1.549999999999788436, -0.1250000000001377509 ) ) ;
#1984 = VERTEX_POINT ( 'NONE', #1098 ) ;
#1985 = DIRECTION ( 'NONE',  ( 1.000000000000000000, 0.000000000000000000, 0.000000000000000000 ) ) ;
#1986 = VERTEX_POINT ( 'NONE', #2265 ) ;
#1987 = DIRECTION ( 'NONE',  ( 1.000000000000000000, -0.000000000000000000, -0.000000000000000000 ) ) ;
#1988 = ORIENTED_EDGE ( 'NONE', *, *, #673, .T. ) ;
#1989 = DIRECTION ( 'NONE',  ( 1.000000000000000000, -1.892425610156517368E-15, 0.000000000000000000 ) ) ;
#1990 = DIRECTION ( 'NONE',  ( 0.000000000000000000, -0.000000000000000000, -1.000000000000000000 ) ) ;
#1991 = CARTESIAN_POINT ( 'NONE',  ( -1.734935157291044305, 3.083364158351149520, 0.1999999999998587075 ) ) ;
#1992 = LINE ( 'NONE', #2256, #896 ) ;
#1993 = CARTESIAN_POINT ( 'NONE',  ( 4.186030915030229060, 1.349999999999788480, -2.700000000000141842 ) ) ;
#1994 = LINE ( 'NONE', #1556, #123 ) ;
#1995 = AXIS2_PLACEMENT_3D ( 'NONE', #1604, #1620, #118 ) ;
#1996 = CARTESIAN_POINT ( 'NONE',  ( -4.097800605821774411, 2.140653537142346963, -2.569502928041864642 ) ) ;
#1997 = ORIENTED_EDGE ( 'NONE', *, *, #2449, .T. ) ;
#1998 = DIRECTION ( 'NONE',  ( 0.000000000000000000, 1.000000000000000000, 0.000000000000000000 ) ) ;
#1999 = CARTESIAN_POINT ( 'NONE',  ( -4.082178245081891532, 2.102468195936309403, -0.6015347535451245342 ) ) ;
#2000 = ORIENTED_EDGE ( 'NONE', *, *, #443, .T. ) ;
#2001 = DIRECTION ( 'NONE',  ( 0.000000000000000000, 0.000000000000000000, -1.000000000000000000 ) ) ;
#2002 = AXIS2_PLACEMENT_3D ( 'NONE', #967, #302, #1201 ) ;
#2003 = ORIENTED_EDGE ( 'NONE', *, *, #2826, .F. ) ;
#2004 = CARTESIAN_POINT ( 'NONE',  ( 4.036030915030228705, 2.326111491348825666, -1.775000000000141798 ) ) ;
#2005 = VERTEX_POINT ( 'NONE', #2736 ) ;
#2006 = CIRCLE ( 'NONE', #2329, 1.250000000000000000 ) ;
#2007 = LINE ( 'NONE', #2875, #1128 ) ;
#2008 = DIRECTION ( 'NONE',  ( 0.000000000000000000, -0.5641025641025581017, -0.8257047275951128196 ) ) ;
#2009 = CARTESIAN_POINT ( 'NONE',  ( 4.186030915030229060, 3.731651040709872635, -2.700000000000141842 ) ) ;
#2010 = EDGE_CURVE ( 'NONE', #1965, #804, #1159, .T. ) ;
#2011 = CARTESIAN_POINT ( 'NONE',  ( -2.758828012168809796, 1.349999999999788480, -2.700000000000141842 ) ) ;
#2012 = EDGE_CURVE ( 'NONE', #2751, #2070, #1865, .T. ) ;
#2013 = CARTESIAN_POINT ( 'NONE',  ( -3.875306105328250261, 1.455283616551835468, -2.846648219972719218 ) ) ;
#2014 = CIRCLE ( 'NONE', #1726, 0.6999999999999998446 ) ;
#2015 = ADVANCED_FACE ( 'NONE', ( #2489 ), #2550, .F. ) ;
#2016 = FACE_OUTER_BOUND ( 'NONE', #2910, .T. ) ;
#2017 = EDGE_CURVE ( 'NONE', #2552, #2815, #693, .T. ) ;
#2018 = CIRCLE ( 'NONE', #1828, 0.6999999999999999556 ) ;
#2019 = DIRECTION ( 'NONE',  ( -0.000000000000000000, 0.000000000000000000, -1.000000000000000000 ) ) ;
#2020 = EDGE_LOOP ( 'NONE', ( #1161, #2539, #331, #577 ) ) ;
#2021 = DIRECTION ( 'NONE',  ( 0.000000000000000000, 1.690243386849196745E-14, 1.000000000000000000 ) ) ;
#2022 = B_SPLINE_CURVE_WITH_KNOTS ( 'NONE', 3,
 ( #2757, #10, #2556, #1629, #1826, #2036, #698, #1810, #2729, #713, #1599, #524, #2510, #2060, #1165, #1407, #2714, #1585, #37, #2310 ),
 .UNSPECIFIED., .F., .F.,
 ( 4, 2, 2, 2, 2, 2, 2, 2, 2, 4 ),
 ( 0.000000000000000000, 0.001521064739886462350, 0.003042129479772924701, 0.004563194219659387485, 0.006084258959545849402, 0.007605323699432312186, 0.008365856069375548348, 0.009126388439318785378, 0.01064745317920524730, 0.01216851791909170748 ),
 .UNSPECIFIED. ) ;
#2023 = DIRECTION ( 'NONE',  ( 0.000000000000000000, 1.000000000000000000, 0.000000000000000000 ) ) ;
#2024 = LINE ( 'NONE', #2467, #2618 ) ;
#2025 = CARTESIAN_POINT ( 'NONE',  ( -3.458828012168809529, 3.031651040709872902, 0.1999999999998586242 ) ) ;
#2026 = UNCERTAINTY_MEASURE_WITH_UNIT (LENGTH_MEASURE( 1.000000000000000082E-05 ), #497, 'distance_accuracy_value', 'NONE');
#2027 = CARTESIAN_POINT ( 'NONE',  ( -3.308828012168809618, 1.349999999999788480, -3.400000000000141576 ) ) ;
#2028 = ORIENTED_EDGE ( 'NONE', *, *, #264, .F. ) ;
#2029 = DIRECTION ( 'NONE',  ( 0.000000000000000000, 0.000000000000000000, -1.000000000000000000 ) ) ;
#2030 = CARTESIAN_POINT ( 'NONE',  ( -3.561787864921688307, 2.003112472801294341, -0.5289421214906134816 ) ) ;
#2031 = DIRECTION ( 'NONE',  ( 0.000000000000000000, 1.000000000000000000, 0.000000000000000000 ) ) ;
#2032 = CARTESIAN_POINT ( 'NONE',  ( -4.137858739651711915, 2.254202384223904509, -2.464579551658432344 ) ) ;
#2033 = ORIENTED_EDGE ( 'NONE', *, *, #44, .F. ) ;
#2034 = CARTESIAN_POINT ( 'NONE',  ( -3.453293139976016501, 3.120242853305212449, -2.195504216202534220 ) ) ;
#2035 = ORIENTED_EDGE ( 'NONE', *, *, #2895, .T. ) ;
#2036 = CARTESIAN_POINT ( 'NONE',  ( 2.070566374473949978, 3.664767375131069205, -3.001829274901898437 ) ) ;
#2037 = ORIENTED_EDGE ( 'NONE', *, *, #717, .F. ) ;
#2038 = AXIS2_PLACEMENT_3D ( 'NONE', #674, #1815, #1555 ) ;
#2039 = ORIENTED_EDGE ( 'NONE', *, *, #2882, .F. ) ;
#2040 = DIRECTION ( 'NONE',  ( -1.000000000000000000, 0.000000000000000000, 0.000000000000000000 ) ) ;
#2041 = CARTESIAN_POINT ( 'NONE',  ( -3.367338486060437841, 2.119349315762707242, -0.1538781061279346773 ) ) ;
#2042 = DIRECTION ( 'NONE',  ( -1.000000000000000000, 0.000000000000000000, -0.000000000000000000 ) ) ;
#2043 = CARTESIAN_POINT ( 'NONE',  ( 1.748032848327331301, 3.111759006727325971, -3.244503036550441699 ) ) ;
#2044 = ORIENTED_EDGE ( 'NONE', *, *, #135, .T. ) ;
#2045 = LINE ( 'NONE', #2269, #2242 ) ;
#2046 = VERTEX_POINT ( 'NONE', #925 ) ;
#2047 = AXIS2_PLACEMENT_3D ( 'NONE', #1412, #502, #1820 ) ;
#2048 = ADVANCED_FACE ( 'NONE', ( #528 ), #1579, .T. ) ;
#2049 = CIRCLE ( 'NONE', #496, 0.5499999999999998224 ) ;
#2050 = FACE_OUTER_BOUND ( 'NONE', #2020, .T. ) ;
#2051 = DIRECTION ( 'NONE',  ( 0.000000000000000000, 0.000000000000000000, -1.000000000000000000 ) ) ;
#2052 = LINE ( 'NONE', #28, #882 ) ;
#2053 = CARTESIAN_POINT ( 'NONE',  ( -3.477432883228375626, 2.368605717267590727, -0.8750743039280201030 ) ) ;
#2054 = LINE ( 'NONE', #926, #196 ) ;
#2055 = ORIENTED_EDGE ( 'NONE', *, *, #83, .T. ) ;
#2056 = CARTESIAN_POINT ( 'NONE',  ( -3.458828012168809529, 2.427981436352395939, -2.232815947080427410 ) ) ;
#2057 = AXIS2_PLACEMENT_3D ( 'NONE', #582, #1025, #1496 ) ;
#2058 = CARTESIAN_POINT ( 'NONE',  ( 4.686030915030229060, 1.549999999999788436, -1.300000000000141265 ) ) ;
#2059 = CIRCLE ( 'NONE', #1633, 0.5499999999999999334 ) ;
#2060 = CARTESIAN_POINT ( 'NONE',  ( 1.817683325758425283, 3.364062587083649358, -3.316473678037694217 ) ) ;
#2061 = ADVANCED_FACE ( 'NONE', ( #2096 ), #273, .T. ) ;
#2062 = VERTEX_POINT ( 'NONE', #518 ) ;
#2063 = CIRCLE ( 'NONE', #1538, 0.1750000000000001554 ) ;
#2064 = EDGE_CURVE ( 'NONE', #2175, #2205, #2610, .T. ) ;
#2065 = EDGE_CURVE ( 'NONE', #933, #695, #1852, .T. ) ;
#2066 = DIRECTION ( 'NONE',  ( -1.000000000000000000, 0.000000000000000000, -0.000000000000000000 ) ) ;
#2067 = CARTESIAN_POINT ( 'NONE',  ( -3.315042898687975637, 1.430520335094157991, -0.07499999998311668303 ) ) ;
#2068 = DIRECTION ( 'NONE',  ( 0.000000000000000000, 0.000000000000000000, -1.000000000000000000 ) ) ;
#2069 = CARTESIAN_POINT ( 'NONE',  ( -3.477432883228289917, 2.368605717267524113, -2.324925696072595915 ) ) ;
#2070 = VERTEX_POINT ( 'NONE', #2764 ) ;
#2071 = DIRECTION ( 'NONE',  ( 0.000000000000000000, 0.000000000000000000, -1.000000000000000000 ) ) ;
#2072 = CARTESIAN_POINT ( 'NONE',  ( -3.308828012168809618, 1.349999999999758060, -1.600000000000153744 ) ) ;
#2073 = ORIENTED_EDGE ( 'NONE', *, *, #2571, .T. ) ;
#2074 = DIRECTION ( 'NONE',  ( 0.000000000000000000, 0.5641025641025704251, -0.8257047275951043819 ) ) ;
#2075 = AXIS2_PLACEMENT_3D ( 'NONE', #2737, #2278, #32 ) ;
#2076 = VERTEX_POINT ( 'NONE', #2081 ) ;
#2077 = CARTESIAN_POINT ( 'NONE',  ( -5.458828012168809529, 1.349999999999758060, -1.600000000000153744 ) ) ;
#2078 = PLANE ( 'NONE',  #301 ) ;
#2079 = FACE_OUTER_BOUND ( 'NONE', #2508, .T. ) ;
#2080 = CARTESIAN_POINT ( 'NONE',  ( -4.158828012168809707, 2.427981436352395939, -2.232815947080427854 ) ) ;
#2081 = CARTESIAN_POINT ( 'NONE',  ( 4.186030915030229060, 2.326111491348825666, -1.775000000000141798 ) ) ;
#2082 = CARTESIAN_POINT ( 'NONE',  ( 1.995280754523046873, 3.530433398263949751, -2.934273517455168179 ) ) ;
#2083 = ORIENTED_EDGE ( 'NONE', *, *, #2832, .F. ) ;
#2084 = CARTESIAN_POINT ( 'NONE',  ( -3.458828012168809529, 3.731651040709872635, -2.700000000000141842 ) ) ;
#2085 = DIRECTION ( 'NONE',  ( -0.000000000000000000, 1.000000000000000000, -0.000000000000000000 ) ) ;
#2086 = VERTEX_POINT ( 'NONE', #1638 ) ;
#2087 = DIRECTION ( 'NONE',  ( 0.000000000000000000, 0.000000000000000000, 1.000000000000000000 ) ) ;
#2088 = ORIENTED_EDGE ( 'NONE', *, *, #886, .T. ) ;
#2089 = VECTOR ( 'NONE', #1256, 100.0000000000000000 ) ;
#2090 = VECTOR ( 'NONE', #1855, 100.0000000000000000 ) ;
#2091 = AXIS2_PLACEMENT_3D ( 'NONE', #856, #634, #2648 ) ;
#2092 = EDGE_CURVE ( 'NONE', #1790, #728, #1623, .T. ) ;
#2093 = CARTESIAN_POINT ( 'NONE',  ( 0.000000000000000000, 0.000000000000000000, -3.250000000000141664 ) ) ;
#2094 = CARTESIAN_POINT ( 'NONE',  ( -3.532353413544591536, 1.597040899072493136, -0.3724080779159549826 ) ) ;
#2095 = ADVANCED_FACE ( 'NONE', ( #1145 ), #2532, .T. ) ;
#2096 = FACE_OUTER_BOUND ( 'NONE', #1795, .T. ) ;
#2097 = CARTESIAN_POINT ( 'NONE',  ( -3.875182634417258853, 1.453505561299524018, -2.846747903651460909 ) ) ;
#2098 = ORIENTED_EDGE ( 'NONE', *, *, #229, .T. ) ;
#2099 = ADVANCED_FACE ( 'NONE', ( #290 ), #63, .F. ) ;
#2100 = CARTESIAN_POINT ( 'NONE',  ( -4.138423673607738884, 2.580744295971401758, -1.379677887172099160 ) ) ;
#2101 = CIRCLE ( 'NONE', #2917, 0.5499999999999998224 ) ;
#2102 = DIRECTION ( 'NONE',  ( 0.000000000000000000, 0.000000000000000000, -1.000000000000000000 ) ) ;
#2103 = ORIENTED_EDGE ( 'NONE', *, *, #1568, .F. ) ;
#2104 = ADVANCED_FACE ( 'NONE', ( #78, #675 ), #2847, .F. ) ;
#2105 = CARTESIAN_POINT ( 'NONE',  ( -2.109982191769459448, 3.689183430663308005, -2.941105132869926031 ) ) ;
#2106 = EDGE_LOOP ( 'NONE', ( #1601, #2595, #608, #1908 ) ) ;
#2107 = VECTOR ( 'NONE', #2085, 100.0000000000000000 ) ;
#2108 = EDGE_CURVE ( 'NONE', #2062, #2122, #591, .T. ) ;
#2109 = FACE_OUTER_BOUND ( 'NONE', #241, .T. ) ;
#2110 = VECTOR ( 'NONE', #1067, 100.0000000000000000 ) ;
#2111 = FACE_OUTER_BOUND ( 'NONE', #834, .T. ) ;
#2112 = CARTESIAN_POINT ( 'NONE',  ( -3.075881563341376079E-13, 1.349999999999788480, -1.600000000000201705 ) ) ;
#2113 = CARTESIAN_POINT ( 'NONE',  ( -3.072819946343506565E-13, 5.249999999999788614, 0.9000000000005278222 ) ) ;
#2114 = ORIENTED_EDGE ( 'NONE', *, *, #2156, .T. ) ;
#2115 = CARTESIAN_POINT ( 'NONE',  ( -3.447985083683374974, 3.154415035521899391, -1.299402744179779079 ) ) ;
#2116 = DIRECTION ( 'NONE',  ( -0.000000000000000000, 1.000000000000000000, -0.000000000000000000 ) ) ;
#2117 = ORIENTED_EDGE ( 'NONE', *, *, #664, .T. ) ;
#2118 = DIRECTION ( 'NONE',  ( 1.000000000000000000, 0.000000000000000000, 0.000000000000000000 ) ) ;
#2119 = ORIENTED_EDGE ( 'NONE', *, *, #2313, .T. ) ;
#2120 = AXIS2_PLACEMENT_3D ( 'NONE', #1343, #733, #2051 ) ;
#2121 = AXIS2_PLACEMENT_3D ( 'NONE', #1451, #2814, #803 ) ;
#2122 = VERTEX_POINT ( 'NONE', #1753 ) ;
#2123 = DIRECTION ( 'NONE',  ( 0.000000000000000000, 0.000000000000000000, 1.000000000000000000 ) ) ;
#2124 = CARTESIAN_POINT ( 'NONE',  ( -3.326605290492064437, 1.703271239591005681, -0.09046481126252599314 ) ) ;
#2125 = DIRECTION ( 'NONE',  ( 0.000000000000000000, 0.000000000000000000, -1.000000000000000000 ) ) ;
#2126 = CARTESIAN_POINT ( 'NONE',  ( -3.549660535660990934, 1.825396357018784999, -2.760204372920988636 ) ) ;
#2127 = ORIENTED_EDGE ( 'NONE', *, *, #1694, .T. ) ;
#2128 = CYLINDRICAL_SURFACE ( 'NONE', #1420, 0.6999999999999999556 ) ;
#2129 = ORIENTED_EDGE ( 'NONE', *, *, #280, .F. ) ;
#2130 = CARTESIAN_POINT ( 'NONE',  ( -1.764029619052496445, 3.230757356277758063, -3.371530172833899552 ) ) ;
#2131 = ORIENTED_EDGE ( 'NONE', *, *, #1830, .T. ) ;
#2132 = CARTESIAN_POINT ( 'NONE',  ( -2.758828012168809796, 3.031651040709872902, -2.700000000000141842 ) ) ;
#2133 = AXIS2_PLACEMENT_3D ( 'NONE', #313, #942, #724 ) ;
#2134 = LINE ( 'NONE', #338, #2763 ) ;
#2135 = EDGE_CURVE ( 'NONE', #2205, #2175, #2286, .T. ) ;
#2136 = EDGE_CURVE ( 'NONE', #1261, #1867, #2192, .T. ) ;
#2137 = LINE ( 'NONE', #796, #1352 ) ;
#2138 = CARTESIAN_POINT ( 'NONE',  ( -5.458828012168809529, 1.349999999999758060, -0.3500000000001536327 ) ) ;
#2139 = CIRCLE ( 'NONE', #1665, 0.6999999999999999556 ) ;
#2140 = FACE_OUTER_BOUND ( 'NONE', #1298, .T. ) ;
#2141 = AXIS2_PLACEMENT_3D ( 'NONE', #124, #821, #2146 ) ;
#2142 = CARTESIAN_POINT ( 'NONE',  ( -3.561787864921684310, 2.003112472801227284, -2.671057878509693229 ) ) ;
#2143 = EDGE_LOOP ( 'NONE', ( #617, #462, #1558, #2634 ) ) ;
#2144 = CARTESIAN_POINT ( 'NONE',  ( -3.549789387422386699, 2.582915407118928641, -1.391260426992676269 ) ) ;
#2145 = ORIENTED_EDGE ( 'NONE', *, *, #2786, .T. ) ;
#2146 = DIRECTION ( 'NONE',  ( 0.000000000000000000, 0.000000000000000000, 1.000000000000000000 ) ) ;
#2147 = EDGE_LOOP ( 'NONE', ( #1106, #1266, #2522, #1900 ) ) ;
#2148 = PLANE ( 'NONE',  #228 ) ;
#2149 = B_SPLINE_CURVE_WITH_KNOTS ( 'NONE', 3,
 ( #2899, #1959, #1742, #1068, #434, #389, #421, #1297, #1978, #1759, #1330, #830, #850, #1723, #2228, #879, #2628, #2438 ),
 .UNSPECIFIED., .F., .F.,
 ( 4, 2, 2, 2, 2, 2, 2, 2, 4 ),
 ( 0.000000000000000000, 0.002128507988071892936, 0.004257015976143785872, 0.006385523964215678375, 0.008514031952287571745, 0.01064253994035946511, 0.01277104792843135675, 0.01489955591650325012, 0.01702806390457514349 ),
 .UNSPECIFIED. ) ;
#2150 = CARTESIAN_POINT ( 'NONE',  ( -3.075881563341376079E-13, 5.249999999999788614, 0.7999999999997987610 ) ) ;
#2151 = CARTESIAN_POINT ( 'NONE',  ( 4.186030915030229060, 3.031651040709872902, -3.400000000000141576 ) ) ;
#2152 = VECTOR ( 'NONE', #2637, 100.0000000000000000 ) ;
#2153 = CARTESIAN_POINT ( 'NONE',  ( 4.686030915030229060, 1.549999999999788436, -1.300000000000141265 ) ) ;
#2154 = EDGE_CURVE ( 'NONE', #104, #147, #1712, .T. ) ;
#2155 = VERTEX_POINT ( 'NONE', #1687 ) ;
#2156 = EDGE_CURVE ( 'NONE', #2070, #2582, #1045, .T. ) ;
#2157 = CARTESIAN_POINT ( 'NONE',  ( -4.158828012168809707, 2.456332920474499915, -2.184520113643096728 ) ) ;
#2158 = CARTESIAN_POINT ( 'NONE',  ( -3.871257785206610347, 1.401615599418022384, -2.850000000000153744 ) ) ;
#2159 = ORIENTED_EDGE ( 'NONE', *, *, #971, .F. ) ;
#2160 = CARTESIAN_POINT ( 'NONE',  ( -3.556355531839842321, 2.600004824373773005, -1.540039837534987299 ) ) ;
#2161 = ORIENTED_EDGE ( 'NONE', *, *, #1393, .F. ) ;
#2162 = CARTESIAN_POINT ( 'NONE',  ( -1.950260413417942873, 3.556002554996742226, -3.164259897494041240 ) ) ;
#2163 = VERTEX_POINT ( 'NONE', #2198 ) ;
#2164 = ORIENTED_EDGE ( 'NONE', *, *, #284, .T. ) ;
#2165 = DIRECTION ( 'NONE',  ( 0.000000000000000000, 0.000000000000000000, -1.000000000000000000 ) ) ;
#2166 = CARTESIAN_POINT ( 'NONE',  ( -3.075881563341376079E-13, 1.349999999999788924, -1.600000000000201705 ) ) ;
#2167 = LINE ( 'NONE', #2823, #2627 ) ;
#2168 = FACE_OUTER_BOUND ( 'NONE', #1288, .T. ) ;
#2169 = CARTESIAN_POINT ( 'NONE',  ( -4.132870230208125939, 2.599996200764377097, -1.655184697997012400 ) ) ;
#2170 = DIRECTION ( 'NONE',  ( 0.000000000000000000, -1.000000000000000000, 0.000000000000000000 ) ) ;
#2171 = ORIENTED_EDGE ( 'NONE', *, *, #1762, .T. ) ;
#2172 = DIRECTION ( 'NONE',  ( 0.000000000000000000, 0.000000000000000000, -1.000000000000000000 ) ) ;
#2173 = CARTESIAN_POINT ( 'NONE',  ( -1.801947923425386788, 3.293016361256588365, -3.185375245918737441 ) ) ;
#2174 = CARTESIAN_POINT ( 'NONE',  ( 3.486030915030228883, 3.031651040709872902, -0.5000000000001413314 ) ) ;
#2175 = VERTEX_POINT ( 'NONE', #1739 ) ;
#2176 = CARTESIAN_POINT ( 'NONE',  ( -4.665042898701122098, 1.549999999999788436, -3.250000000000145661 ) ) ;
#2177 = DIRECTION ( 'NONE',  ( 1.000000000000000000, -0.000000000000000000, -0.000000000000000000 ) ) ;
#2178 = ORIENTED_EDGE ( 'NONE', *, *, #444, .F. ) ;
#2179 = CARTESIAN_POINT ( 'NONE',  ( -2.244994432065455570, 3.731651040709872635, -0.5000000000001413314 ) ) ;
#2180 = CARTESIAN_POINT ( 'NONE',  ( 4.186030915030229060, 1.349999999999788480, -3.400000000000141576 ) ) ;
#2181 = DIRECTION ( 'NONE',  ( 1.000000000000000000, 0.000000000000000000, 0.000000000000000000 ) ) ;
#2182 = LINE ( 'NONE', #1509, #1949 ) ;
#2183 = ORIENTED_EDGE ( 'NONE', *, *, #2065, .T. ) ;
#2184 = CARTESIAN_POINT ( 'NONE',  ( -4.147748250571154927, 2.541611284078793886, -1.218418729697375191 ) ) ;
#2185 = ADVANCED_FACE ( 'NONE', ( #1957 ), #2386, .T. ) ;
#2186 = CARTESIAN_POINT ( 'NONE',  ( -3.072819946343506565E-13, 5.249999999999788614, 0.9000000000005278222 ) ) ;
#2187 = ORIENTED_EDGE ( 'NONE', *, *, #12, .F. ) ;
#2188 = DIRECTION ( 'NONE',  ( 0.000000000000000000, -1.000000000000000000, 0.000000000000000000 ) ) ;
#2189 = AXIS2_PLACEMENT_3D ( 'NONE', #1267, #1720, #2165 ) ;
#2190 = VECTOR ( 'NONE', #1190, 100.0000000000000000 ) ;
#2191 = CARTESIAN_POINT ( 'NONE',  ( -1.742842505793702479, 3.031651040709872902, -3.250000000000141664 ) ) ;
#2192 = LINE ( 'NONE', #2682, #70 ) ;
#2193 = DIRECTION ( 'NONE',  ( 0.000000000000000000, 1.000000000000000000, 0.000000000000000000 ) ) ;
#2194 = ORIENTED_EDGE ( 'NONE', *, *, #189, .T. ) ;
#2195 = EDGE_CURVE ( 'NONE', #1581, #822, #1013, .T. ) ;
#2196 = CARTESIAN_POINT ( 'NONE',  ( 3.486030915030228439, 1.349999999999788480, -3.400000000000141576 ) ) ;
#2197 = DIRECTION ( 'NONE',  ( 0.000000000000000000, -0.000000000000000000, 1.000000000000000000 ) ) ;
#2198 = CARTESIAN_POINT ( 'NONE',  ( -4.990042898701122276, 1.349999999999788480, 0.04999999999986265431 ) ) ;
#2199 = EDGE_LOOP ( 'NONE', ( #2377, #2217, #2836, #2686, #1135, #2433, #1988, #102, #2361, #487, #1088, #1543, #2039, #771, #441, #2684 ) ) ;
#2200 = CARTESIAN_POINT ( 'NONE',  ( -3.452995398934183946, 3.122498925025075867, -1.018857316812078473 ) ) ;
#2201 = MANIFOLD_SOLID_BREP ( 'Cut-Extrude8', #1064 ) ;
#2202 = AXIS2_PLACEMENT_3D ( 'NONE', #1092, #1737, #1565 ) ;
#2203 = VECTOR ( 'NONE', #370, 100.0000000000000000 ) ;
#2204 = CARTESIAN_POINT ( 'NONE',  ( -4.125694723441632128, 2.216551299791023055, -2.502306925667692639 ) ) ;
#2205 = VERTEX_POINT ( 'NONE', #2150 ) ;
#2206 = CARTESIAN_POINT ( 'NONE',  ( 1.950260413417233885, 3.556002554996745779, -0.03574010250624581192 ) ) ;
#2207 = VERTEX_POINT ( 'NONE', #1095 ) ;
#2208 = DIRECTION ( 'NONE',  ( 0.000000000000000000, 0.000000000000000000, -1.000000000000000000 ) ) ;
#2209 = ORIENTED_EDGE ( 'NONE', *, *, #2545, .T. ) ;
#2210 = FACE_BOUND ( 'NONE', #2866, .T. ) ;
#2211 = CARTESIAN_POINT ( 'NONE',  ( -1.886222284156319207, 3.477934058818545004, 0.04116310381860148471 ) ) ;
#2212 = FACE_OUTER_BOUND ( 'NONE', #2379, .T. ) ;
#2213 = CARTESIAN_POINT ( 'NONE',  ( -4.665042898701122098, 1.549999999999788436, 0.2249999999998630595 ) ) ;
#2214 = DIRECTION ( 'NONE',  ( -1.000000000000000000, 0.000000000000000000, 0.000000000000000000 ) ) ;
#2215 = AXIS2_PLACEMENT_3D ( 'NONE', #2504, #50, #2765 ) ;
#2216 = CARTESIAN_POINT ( 'NONE',  ( 3.541056168199645082, 2.326111491348825666, -1.775000000000141798 ) ) ;
#2217 = ORIENTED_EDGE ( 'NONE', *, *, #964, .F. ) ;
#2218 = ADVANCED_BREP_SHAPE_REPRESENTATION ( 'Part10', ( #2201, #2497 ), #993 ) ;
#2219 = DIRECTION ( 'NONE',  ( -1.000000000000000000, 0.000000000000000000, 0.000000000000000000 ) ) ;
#2220 = CARTESIAN_POINT ( 'NONE',  ( -2.095534065141991587, 3.578196380806096588, -2.770587863305369325 ) ) ;
#2221 = FACE_OUTER_BOUND ( 'NONE', #2143, .T. ) ;
#2222 = ORIENTED_EDGE ( 'NONE', *, *, #1219, .T. ) ;
#2223 = VERTEX_POINT ( 'NONE', #580 ) ;
#2224 = DIRECTION ( 'NONE',  ( -0.000000000000000000, -0.000000000000000000, -1.000000000000000000 ) ) ;
#2225 = EDGE_CURVE ( 'NONE', #1840, #2207, #127, .T. ) ;
#2226 = CARTESIAN_POINT ( 'NONE',  ( -1.963812554633365570, 3.571628277340265445, -0.05236948166383492004 ) ) ;
#2227 = CARTESIAN_POINT ( 'NONE',  ( -3.308828012168809618, 1.349999999999788480, -0.5000000000001413314 ) ) ;
#2228 = CARTESIAN_POINT ( 'NONE',  ( -3.444289477395009236, 2.718821990811769673, -2.845900663192097113 ) ) ;
#2229 = EDGE_CURVE ( 'NONE', #728, #601, #1751, .T. ) ;
#2230 = DIRECTION ( 'NONE',  ( 0.000000000000000000, 0.000000000000000000, 1.000000000000000000 ) ) ;
#2231 = EDGE_CURVE ( 'NONE', #2668, #56, #2327, .T. ) ;
#2232 = CIRCLE ( 'NONE', #820, 0.6999999999999999556 ) ;
#2233 = CARTESIAN_POINT ( 'NONE',  ( 4.686030915030229060, 1.549999999999788436, -1.600000000000141531 ) ) ;
#2234 = CYLINDRICAL_SURFACE ( 'NONE', #2367, 0.5499999999999998224 ) ;
#2235 = CARTESIAN_POINT ( 'NONE',  ( -2.133072900770493163, 3.581651040709872724, -2.700000000000141842 ) ) ;
#2236 = CARTESIAN_POINT ( 'NONE',  ( 3.486030915030228883, 3.031651040709872902, -0.5000000000001413314 ) ) ;
#2237 = AXIS2_PLACEMENT_3D ( 'NONE', #1459, #357, #1254 ) ;
#2238 = ORIENTED_EDGE ( 'NONE', *, *, #975, .T. ) ;
#2239 = VERTEX_POINT ( 'NONE', #1595 ) ;
#2240 = VECTOR ( 'NONE', #1672, 100.0000000000000000 ) ;
#2241 = CARTESIAN_POINT ( 'NONE',  ( -4.665042898701122098, 1.349999999999788480, -0.1250000000001377509 ) ) ;
#2242 = VECTOR ( 'NONE', #928, 100.0000000000000000 ) ;
#2243 = CARTESIAN_POINT ( 'NONE',  ( -2.758828012168809796, 3.581651040709872724, -2.700000000000141842 ) ) ;
#2244 = FACE_OUTER_BOUND ( 'NONE', #245, .T. ) ;
#2245 = DIRECTION ( 'NONE',  ( 0.000000000000000000, 0.000000000000000000, -1.000000000000000000 ) ) ;
#2246 = LINE ( 'NONE', #676, #1597 ) ;
#2247 = EDGE_LOOP ( 'NONE', ( #2711, #252 ) ) ;
#2248 = CYLINDRICAL_SURFACE ( 'NONE', #2613, 0.5499999999999998224 ) ;
#2249 = VECTOR ( 'NONE', #916, 100.0000000000000000 ) ;
#2250 = CARTESIAN_POINT ( 'NONE',  ( 1.912860127850390946, 3.457473039920572866, -3.049827775100450555 ) ) ;
#2251 = ORIENTED_EDGE ( 'NONE', *, *, #2718, .F. ) ;
#2252 = DIRECTION ( 'NONE',  ( 0.000000000000000000, -1.000000000000000000, 0.000000000000000000 ) ) ;
#2253 = ORIENTED_EDGE ( 'NONE', *, *, #662, .T. ) ;
#2254 = FACE_OUTER_BOUND ( 'NONE', #2926, .T. ) ;
#2255 = ORIENTED_EDGE ( 'NONE', *, *, #1233, .F. ) ;
#2256 = CARTESIAN_POINT ( 'NONE',  ( -3.458828012168809529, 1.349999999999788480, -2.700000000000141842 ) ) ;
#2257 = DIRECTION ( 'NONE',  ( -1.000000000000000000, -0.000000000000000000, 0.000000000000000000 ) ) ;
#2258 = CARTESIAN_POINT ( 'NONE',  ( -3.452996289411772945, 3.122491904591650602, -2.181184037130883713 ) ) ;
#2259 = DIRECTION ( 'NONE',  ( -1.000000000000000000, 0.000000000000000000, 0.000000000000000000 ) ) ;
#2260 = EDGE_LOOP ( 'NONE', ( #2646, #902, #643, #262 ) ) ;
#2261 = PLANE ( 'NONE',  #2527 ) ;
#2262 =( BOUNDED_SURFACE ( )  B_SPLINE_SURFACE ( 3, 2, ( 
 ( #1608, #2291, #274 ),
 ( #1175, #2069, #1134 ),
 ( #956, #738, #1639 ),
 ( #2032, #694, #1624 ),
 ( #2533, #912, #1806 ),
 ( #2709, #1580, #330 ),
 ( #2791, #1026, #1919 ),
 ( #2318, #341, #1461 ),
 ( #775, #2376, #1202 ),
 ( #1695, #361, #1439 ),
 ( #529, #2357, #1242 ),
 ( #92, #2142, #1260 ),
 ( #1413, #2344, #556 ),
 ( #2576, #2551, #583 ),
 ( #1228, #119, #997 ),
 ( #543, #2126, #2589 ),
 ( #2778, #136, #1894 ),
 ( #2562, #764, #303 ),
 ( #2332, #789, #316 ),
 ( #2097, #1425, #2601 ),
 ( #2158, #106, #1667 ),
 ( #1010, #2804, #1037 ) ),
 .UNSPECIFIED., .F., .F., .F. ) 
 B_SPLINE_SURFACE_WITH_KNOTS ( ( 4, 2, 2, 2, 2, 2, 2, 2, 2, 2, 4 ),
 ( 3, 3 ),
 ( 0.000000000000000000, 0.002388715638112102243, 0.004777431276224204486, 0.005971789095280255824, 0.007166146914336306295, 0.009554862552448408972, 0.01074922037150445944, 0.01194357819056051165, 0.01433229382867261259, 0.01672100946678471700, 0.01910972510489681794 ),
 ( 0.000000000000000000, 1.000000000000000000 ),
 .UNSPECIFIED. ) 
 GEOMETRIC_REPRESENTATION_ITEM ( )  RATIONAL_B_SPLINE_SURFACE ( (
 ( 1.000000000000000000, 0.7071067811865474617, 1.000000000000000000),
 ( 1.000000000000000000, 0.7166383427456755051, 1.000000000000000000),
 ( 1.000000000000000000, 0.7271325379468509542, 1.000000000000000000),
 ( 1.000000000000000000, 0.7489440624170644600, 1.000000000000000000),
 ( 1.000000000000000000, 0.7602602014373202044, 1.000000000000000000),
 ( 1.000000000000000000, 0.7772071380933135432, 1.000000000000000000),
 ( 1.000000000000000000, 0.7828691542604654385, 1.000000000000000000),
 ( 1.000000000000000000, 0.7940187689644303548, 1.000000000000000000),
 ( 1.000000000000000000, 0.7994916279075171550, 1.000000000000000000),
 ( 1.000000000000000000, 0.8155051106935523597, 1.000000000000000000),
 ( 1.000000000000000000, 0.8256385643832858667, 1.000000000000000000),
 ( 1.000000000000000000, 0.8396979749250241820, 1.000000000000000000),
 ( 1.000000000000000000, 0.8441950240844424691, 1.000000000000000000),
 ( 1.000000000000000000, 0.8527597874652068644, 1.000000000000000000),
 ( 1.000000000000000000, 0.8568366522132140339, 1.000000000000000000),
 ( 1.000000000000000000, 0.8682142013175462303, 1.000000000000000000),
 ( 1.000000000000000000, 0.8747054148686406183, 1.000000000000000000),
 ( 1.000000000000000000, 0.8852967128130155849, 1.000000000000000000),
 ( 1.000000000000000000, 0.8893982244806819537, 1.000000000000000000),
 ( 1.000000000000000000, 0.8949662891439493784, 1.000000000000000000),
 ( 1.000000000000000000, 0.8964309284020801627, 1.000000000000000000),
 ( 1.000000000000000000, 0.8964214570007976723, 1.000000000000000000) ) ) 
 REPRESENTATION_ITEM ( '' )  SURFACE ( )  );
#2263 = CARTESIAN_POINT ( 'NONE',  ( -3.555677809613388973, 1.903939771237095568, -0.4754155810026574613 ) ) ;
#2264 = VECTOR ( 'NONE', #2614, 100.0000000000000000 ) ;
#2265 = CARTESIAN_POINT ( 'NONE',  ( -3.308828012168809618, 1.349999999999788480, -0.5500000000001538103 ) ) ;
#2266 = CARTESIAN_POINT ( 'NONE',  ( 1.751139588082655685, 3.131582239238183352, -3.241201992154387757 ) ) ;
#2267 = VERTEX_POINT ( 'NONE', #598 ) ;
#2268 = EDGE_CURVE ( 'NONE', #1960, #1120, #433, .T. ) ;
#2269 = CARTESIAN_POINT ( 'NONE',  ( -4.665042898701122098, 1.549999999999788436, -0.1250000000001377509 ) ) ;
#2270 = ADVANCED_FACE ( 'NONE', ( #2605 ), #1446, .T. ) ;
#2271 = DIRECTION ( 'NONE',  ( -1.000000000000000000, 0.000000000000000000, -0.000000000000000000 ) ) ;
#2272 = ORIENTED_EDGE ( 'NONE', *, *, #2798, .F. ) ;
#2273 = CARTESIAN_POINT ( 'NONE',  ( -2.758828012168809796, 1.349999999999788480, 0.1999999999998586242 ) ) ;
#2274 = CARTESIAN_POINT ( 'NONE',  ( 4.686030915030229060, 1.349999999999788480, -1.600000000000141531 ) ) ;
#2275 = CARTESIAN_POINT ( 'NONE',  ( 3.486030915030228439, 3.581651040709872724, -3.400000000000141576 ) ) ;
#2276 = EDGE_CURVE ( 'NONE', #783, #1685, #2908, .T. ) ;
#2277 = CARTESIAN_POINT ( 'NONE',  ( -2.114623748663142955, 3.581651040709872724, -2.735775805820486184 ) ) ;
#2278 = DIRECTION ( 'NONE',  ( -1.000000000000000000, 0.000000000000000000, 0.000000000000000000 ) ) ;
#2279 = ORIENTED_EDGE ( 'NONE', *, *, #798, .T. ) ;
#2280 = CARTESIAN_POINT ( 'NONE',  ( -3.458828012168809529, 3.031651040709872902, -2.587192877445380734 ) ) ;
#2281 = CARTESIAN_POINT ( 'NONE',  ( 1.747037384667140758, 3.111384732247659102, 0.04559790893266307821 ) ) ;
#2282 = CARTESIAN_POINT ( 'NONE',  ( 0.000000000000000000, 0.000000000000000000, -3.250000000000141664 ) ) ;
#2283 = EDGE_CURVE ( 'NONE', #2643, #2295, #2006, .T. ) ;
#2284 = EDGE_CURVE ( 'NONE', #1456, #2795, #2594, .T. ) ;
#2285 = ORIENTED_EDGE ( 'NONE', *, *, #1355, .F. ) ;
#2286 = CIRCLE ( 'NONE', #164, 2.400000000000000355 ) ;
#2287 = AXIS2_PLACEMENT_3D ( 'NONE', #585, #1415, #138 ) ;
#2288 = CARTESIAN_POINT ( 'NONE',  ( -3.075881563341376079E-13, 3.581651040709872724, -1.600000000000201705 ) ) ;
#2289 = CARTESIAN_POINT ( 'NONE',  ( -3.437014633307432288, 2.655149413189909602, -0.3243597286801205848 ) ) ;
#2290 = CARTESIAN_POINT ( 'NONE',  ( -3.900322282357375325, 1.604140585028387633, -0.3750796284774058353 ) ) ;
#2291 = CARTESIAN_POINT ( 'NONE',  ( -3.458828012168809529, 2.382130909493649362, -2.305128205128351038 ) ) ;
#2292 = ORIENTED_EDGE ( 'NONE', *, *, #978, .T. ) ;
#2293 = CARTESIAN_POINT ( 'NONE',  ( -3.518342187951006395, 2.514888652878886521, -2.056860587338134927 ) ) ;
#2294 = LINE ( 'NONE', #508, #178 ) ;
#2295 = VERTEX_POINT ( 'NONE', #1716 ) ;
#2296 = VECTOR ( 'NONE', #639, 100.0000000000000000 ) ;
#2297 = ORIENTED_EDGE ( 'NONE', *, *, #2064, .F. ) ;
#2298 = AXIS2_PLACEMENT_3D ( 'NONE', #2541, #2466, #1341 ) ;
#2299 = CARTESIAN_POINT ( 'NONE',  ( 1.742842505793087193, -5.438225099391067907, -3.250000000000141664 ) ) ;
#2300 = DIRECTION ( 'NONE',  ( -1.000000000000000000, -0.000000000000000000, 0.000000000000000000 ) ) ;
#2301 = DIRECTION ( 'NONE',  ( 0.000000000000000000, -1.000000000000000000, 0.000000000000000000 ) ) ;
#2302 = CARTESIAN_POINT ( 'NONE',  ( -4.158828012168809707, 2.382130909493638260, -0.8948717948719405735 ) ) ;
#2303 = DIRECTION ( 'NONE',  ( -1.000000000000000000, 0.000000000000000000, -0.000000000000000000 ) ) ;
#2304 = DIRECTION ( 'NONE',  ( 0.000000000000000000, 0.000000000000000000, 1.000000000000000000 ) ) ;
#2305 = ORIENTED_EDGE ( 'NONE', *, *, #2742, .F. ) ;
#2306 = CARTESIAN_POINT ( 'NONE',  ( -3.458828012168809529, 3.053737673541816910, -2.511945152345429477 ) ) ;
#2307 = CARTESIAN_POINT ( 'NONE',  ( -3.458828012168809529, 3.581651040709872724, -3.400000000000141576 ) ) ;
#2308 = VECTOR ( 'NONE', #285, 100.0000000000000000 ) ;
#2309 = VERTEX_POINT ( 'NONE', #588 ) ;
#2310 = CARTESIAN_POINT ( 'NONE',  ( 1.734935157290553143, 3.031651040709872902, -3.400000000000141576 ) ) ;
#2311 = ORIENTED_EDGE ( 'NONE', *, *, #1968, .T. ) ;
#2312 = ADVANCED_FACE ( 'NONE', ( #336 ), #1886, .T. ) ;
#2313 = EDGE_CURVE ( 'NONE', #822, #2205, #1041, .T. ) ;
#2314 = ADVANCED_FACE ( 'NONE', ( #1684 ), #2833, .F. ) ;
#2315 = CARTESIAN_POINT ( 'NONE',  ( -1.818720358009107585, 3.325634928514071387, -0.03379190185615353614 ) ) ;
#2316 = CARTESIAN_POINT ( 'NONE',  ( -4.665042898701122098, 1.549999999999788436, 0.04999999999986265431 ) ) ;
#2317 = CARTESIAN_POINT ( 'NONE',  ( -0.5137430402940721397, 1.349999999999758060, -0.3500000000001536327 ) ) ;
#2318 = CARTESIAN_POINT ( 'NONE',  ( -4.082178245082024759, 2.102468195936280537, -2.598465246455206934 ) ) ;
#2319 = EDGE_LOOP ( 'NONE', ( #1765, #348, #1440, #2636 ) ) ;
#2320 = CARTESIAN_POINT ( 'NONE',  ( -4.132867827247654446, 2.600004087946114595, -1.544994307488304575 ) ) ;
#2321 = DIRECTION ( 'NONE',  ( 1.000000000000000000, -0.000000000000000000, -0.000000000000000000 ) ) ;
#2322 = VERTEX_POINT ( 'NONE', #1031 ) ;
#2323 = CARTESIAN_POINT ( 'NONE',  ( 3.486030915030228439, 3.031651040709872902, -2.700000000000141842 ) ) ;
#2324 = ORIENTED_EDGE ( 'NONE', *, *, #2156, .F. ) ;
#2325 = AXIS2_PLACEMENT_3D ( 'NONE', #1317, #2219, #1087 ) ;
#2326 = DIRECTION ( 'NONE',  ( 0.000000000000000000, -0.000000000000000000, 1.000000000000000000 ) ) ;
#2327 = CIRCLE ( 'NONE', #2091, 0.1750000000000004052 ) ;
#2328 = AXIS2_PLACEMENT_3D ( 'NONE', #1621, #1649, #1893 ) ;
#2329 = AXIS2_PLACEMENT_3D ( 'NONE', #1264, #550, #140 ) ;
#2330 = CARTESIAN_POINT ( 'NONE',  ( -3.315042898700990559, 1.420957710312075628, -0.07500000000014805934 ) ) ;
#2331 = CARTESIAN_POINT ( 'NONE',  ( -4.990042898701122276, 1.349999999999788480, -2.850000000000153744 ) ) ;
#2332 = CARTESIAN_POINT ( 'NONE',  ( -3.889736930656741976, 1.554586609142931897, -2.834195307007195908 ) ) ;
#2333 = ORIENTED_EDGE ( 'NONE', *, *, #1319, .F. ) ;
#2334 = CARTESIAN_POINT ( 'NONE',  ( -3.477623791968202926, 2.450337976916197924, -1.005267694161453340 ) ) ;
#2335 = DIRECTION ( 'NONE',  ( -1.000000000000000000, 0.000000000000000000, 0.000000000000000000 ) ) ;
#2336 = ORIENTED_EDGE ( 'NONE', *, *, #1915, .T. ) ;
#2337 = CARTESIAN_POINT ( 'NONE',  ( -1.911181176825591965, 3.510828559080646727, -3.212167899923541015 ) ) ;
#2338 = ORIENTED_EDGE ( 'NONE', *, *, #2465, .F. ) ;
#2339 = AXIS2_PLACEMENT_3D ( 'NONE', #1646, #1432, #1472 ) ;
#2340 = CARTESIAN_POINT ( 'NONE',  ( 3.486030915030228883, 3.731651040709872635, -0.5000000000001413314 ) ) ;
#2341 = CIRCLE ( 'NONE', #1634, 0.1750000000000001554 ) ;
#2342 = CARTESIAN_POINT ( 'NONE',  ( -2.056872686625437208, 3.568180954676113181, -0.3610491591565234692 ) ) ;
#2343 = DIRECTION ( 'NONE',  ( 0.000000000000000000, -1.000000000000000000, 0.000000000000000000 ) ) ;
#2344 = CARTESIAN_POINT ( 'NONE',  ( -3.560581086710579157, 1.979232194971787484, -2.685051881090164017 ) ) ;
#2345 = ORIENTED_EDGE ( 'NONE', *, *, #354, .T. ) ;
#2346 = DIRECTION ( 'NONE',  ( 1.000000000000000000, -0.000000000000000000, 0.000000000000000000 ) ) ;
#2347 = CARTESIAN_POINT ( 'NONE',  ( 1.742842505793087193, 1.349999999999788480, -3.250000000000141664 ) ) ;
#2348 = EDGE_CURVE ( 'NONE', #2773, #2606, #217, .T. ) ;
#2349 = ORIENTED_EDGE ( 'NONE', *, *, #2195, .F. ) ;
#2350 = EDGE_CURVE ( 'NONE', #1730, #628, #739, .T. ) ;
#2351 = DIRECTION ( 'NONE',  ( -0.000000000000000000, 0.000000000000000000, 1.000000000000000000 ) ) ;
#2352 = ORIENTED_EDGE ( 'NONE', *, *, #1390, .F. ) ;
#2353 = EDGE_CURVE ( 'NONE', #1388, #1803, #99, .T. ) ;
#2354 = CIRCLE ( 'NONE', #1367, 2.500000000000729194 ) ;
#2355 = ORIENTED_EDGE ( 'NONE', *, *, #135, .F. ) ;
#2356 = CARTESIAN_POINT ( 'NONE',  ( -3.871257785233168214, 1.349999999999758060, -0.3500000000001536327 ) ) ;
#2357 = CARTESIAN_POINT ( 'NONE',  ( -3.564119999279174333, 2.072391982419895307, -2.627362116938158909 ) ) ;
#2358 = VERTEX_POINT ( 'NONE', #2581 ) ;
#2359 = CARTESIAN_POINT ( 'NONE',  ( -3.528080368087177288, 2.534044901577727327, -1.194539199094516446 ) ) ;
#2360 = EDGE_CURVE ( 'NONE', #2582, #903, #110, .T. ) ;
#2361 = ORIENTED_EDGE ( 'NONE', *, *, #2742, .T. ) ;
#2362 = CARTESIAN_POINT ( 'NONE',  ( -4.990042898701122276, 1.549999999999788436, 0.000000000000000000 ) ) ;
#2363 = ORIENTED_EDGE ( 'NONE', *, *, #2360, .F. ) ;
#2364 = CARTESIAN_POINT ( 'NONE',  ( -3.458828012168809529, 3.031651040709872902, -2.587192877445380734 ) ) ;
#2365 = EDGE_CURVE ( 'NONE', #1946, #2086, #1861, .T. ) ;
#2366 = ADVANCED_FACE ( 'NONE', ( #1058 ), #1560, .F. ) ;
#2367 = AXIS2_PLACEMENT_3D ( 'NONE', #411, #616, #1985 ) ;
#2368 = DIRECTION ( 'NONE',  ( 0.000000000000000000, -1.000000000000000000, 0.000000000000000000 ) ) ;
#2369 = AXIS2_PLACEMENT_3D ( 'NONE', #401, #1295, #2197 ) ;
#2370 = EDGE_LOOP ( 'NONE', ( #998, #459, #1857, #1752 ) ) ;
#2371 = CARTESIAN_POINT ( 'NONE',  ( -1.757247002064119989, 3.206612919370159354, -3.378241174196084717 ) ) ;
#2372 = APPLICATION_PROTOCOL_DEFINITION ( 'draft international standard', 'automotive_design', 1998, #2921 ) ;
#2373 = CARTESIAN_POINT ( 'NONE',  ( -4.134008929537725585, 2.596380871063983076, -1.489904973373736619 ) ) ;
#2374 = AXIS2_PLACEMENT_3D ( 'NONE', #576, #636, #1291 ) ;
#2375 = AXIS2_PLACEMENT_3D ( 'NONE', #1454, #819, #808 ) ;
#2376 = CARTESIAN_POINT ( 'NONE',  ( -3.559618190151788042, 2.171782105525419837, -2.548671883864173981 ) ) ;
#2377 = ORIENTED_EDGE ( 'NONE', *, *, #2283, .F. ) ;
#2378 = CARTESIAN_POINT ( 'NONE',  ( -3.445847919708177276, 3.165828708953035697, -1.514191119681728814 ) ) ;
#2379 = EDGE_LOOP ( 'NONE', ( #100, #753, #2809, #141 ) ) ;
#2380 = CARTESIAN_POINT ( 'NONE',  ( -1.779464047599708554, 3.277060840870176683, -3.356026011611292770 ) ) ;
#2381 = EDGE_LOOP ( 'NONE', ( #504, #1179, #1072, #2073 ) ) ;
#2382 = DIRECTION ( 'NONE',  ( 0.000000000000000000, 0.000000000000000000, -1.000000000000000000 ) ) ;
#2383 = ORIENTED_EDGE ( 'NONE', *, *, #492, .T. ) ;
#2384 = LINE ( 'NONE', #1251, #365 ) ;
#2385 = AXIS2_PLACEMENT_3D ( 'NONE', #2176, #2855, #841 ) ;
#2386 = CYLINDRICAL_SURFACE ( 'NONE', #258, 0.3000000000000002665 ) ;
#2387 = CARTESIAN_POINT ( 'NONE',  ( -4.665042898701122098, 1.549999999999788436, -3.250000000000145661 ) ) ;
#2388 = CIRCLE ( 'NONE', #323, 1.949999999999999956 ) ;
#2389 = PLANE ( 'NONE',  #2676 ) ;
#2390 = SPHERICAL_SURFACE ( 'NONE', #1812, 0.5499999999999999334 ) ;
#2391 = PLANE ( 'NONE',  #963 ) ;
#2392 = DIRECTION ( 'NONE',  ( 0.000000000000000000, 0.000000000000000000, -1.000000000000000000 ) ) ;
#2393 = ORIENTED_EDGE ( 'NONE', *, *, #1698, .F. ) ;
#2394 = DIRECTION ( 'NONE',  ( 0.000000000000000000, 0.000000000000000000, -1.000000000000000000 ) ) ;
#2395 = ORIENTED_EDGE ( 'NONE', *, *, #1182, .T. ) ;
#2396 = CARTESIAN_POINT ( 'NONE',  ( -1.816541280218059606, 3.364127048113130236, -3.317824262086860987 ) ) ;
#2397 = ORIENTED_EDGE ( 'NONE', *, *, #2640, .T. ) ;
#2398 = LINE ( 'NONE', #383, #1379 ) ;
#2399 = CIRCLE ( 'NONE', #801, 0.1750000000000001554 ) ;
#2400 = DIRECTION ( 'NONE',  ( 0.000000000000000000, 0.000000000000000000, -1.000000000000000000 ) ) ;
#2401 = CARTESIAN_POINT ( 'NONE',  ( -2.222340509402509046, 3.731651040709872635, -0.4537655179612805068 ) ) ;
#2402 = FILL_AREA_STYLE_COLOUR ( '', #1567 ) ;
#2403 = ADVANCED_FACE ( 'NONE', ( #1952 ), #2871, .F. ) ;
#2404 = CARTESIAN_POINT ( 'NONE',  ( -4.990042898701122276, 1.549999999999788436, -3.250000000000145661 ) ) ;
#2405 = DIRECTION ( 'NONE',  ( -0.000000000000000000, 1.000000000000000000, -0.000000000000000000 ) ) ;
#2406 = EDGE_CURVE ( 'NONE', #2070, #628, #880, .T. ) ;
#2407 = ORIENTED_EDGE ( 'NONE', *, *, #2545, .F. ) ;
#2408 = ADVANCED_FACE ( 'NONE', ( #221 ), #425, .F. ) ;
#2409 = CARTESIAN_POINT ( 'NONE',  ( -2.758828012168809796, 0.000000000000000000, -3.400000000000141576 ) ) ;
#2410 = EDGE_CURVE ( 'NONE', #768, #137, #827, .T. ) ;
#2411 = B_SPLINE_CURVE_WITH_KNOTS ( 'NONE', 3,
 ( #661, #2829, #870, #855, #2679, #1710, #885, #1532, #1750, #2663, #394, #2206, #1731, #2428, #2888, #1121, #152, #438, #1289, #2444, #187, #2633, #602, #423 ),
 .UNSPECIFIED., .F., .F.,
 ( 4, 2, 2, 2, 2, 2, 2, 2, 2, 2, 2, 4 ),
 ( 0.000000000000000000, 0.001523090185885441752, 0.002284635278828162520, 0.003046180371770883504, 0.004569270557656325039, 0.006092360743541767008, 0.006853905836484493197, 0.007615450929427220253, 0.009138541115312674365, 0.009900086208255396217, 0.01066163130119812154, 0.01218472148708356698 ),
 .UNSPECIFIED. ) ;
#2412 = ADVANCED_FACE ( 'NONE', ( #2417 ), #2461, .F. ) ;
#2413 = CARTESIAN_POINT ( 'NONE',  ( -3.458828012168809529, 1.349999999999758060, -1.600000000000153744 ) ) ;
#2414 = ORIENTED_EDGE ( 'NONE', *, *, #397, .F. ) ;
#2415 = FACE_OUTER_BOUND ( 'NONE', #2106, .T. ) ;
#2416 = ORIENTED_EDGE ( 'NONE', *, *, #1186, .T. ) ;
#2417 = FACE_OUTER_BOUND ( 'NONE', #275, .T. ) ;
#2418 = EDGE_LOOP ( 'NONE', ( #1125, #1462 ) ) ;
#2419 = CARTESIAN_POINT ( 'NONE',  ( -3.871257785233150006, 1.349999999999758060, -2.850000000000153744 ) ) ;
#2420 = LINE ( 'NONE', #427, #2723 ) ;
#2421 = PLANE ( 'NONE',  #2369 ) ;
#2422 = DIRECTION ( 'NONE',  ( 0.000000000000000000, 0.000000000000000000, 1.000000000000000000 ) ) ;
#2423 = ADVANCED_FACE ( 'NONE', ( #2221 ), #2432, .F. ) ;
#2424 = ORIENTED_EDGE ( 'NONE', *, *, #2348, .F. ) ;
#2425 = CARTESIAN_POINT ( 'NONE',  ( -4.081488459111904277, 2.100540145966778738, -0.5991872757876510747 ) ) ;
#2426 = FACE_OUTER_BOUND ( 'NONE', #1583, .T. ) ;
#2427 = ORIENTED_EDGE ( 'NONE', *, *, #1100, .T. ) ;
#2428 = CARTESIAN_POINT ( 'NONE',  ( 1.990268064776317569, 3.597222067466083306, -0.08695399920276326855 ) ) ;
#2429 = VECTOR ( 'NONE', #737, 100.0000000000000000 ) ;
#2430 = AXIS2_PLACEMENT_3D ( 'NONE', #474, #1162, #1610 ) ;
#2431 = ORIENTED_EDGE ( 'NONE', *, *, #2747, .T. ) ;
#2432 = CYLINDRICAL_SURFACE ( 'NONE', #350, 0.5499999999999999334 ) ;
#2433 = ORIENTED_EDGE ( 'NONE', *, *, #1096, .T. ) ;
#2434 = FACE_BOUND ( 'NONE', #1346, .T. ) ;
#2435 = CARTESIAN_POINT ( 'NONE',  ( -1.990543923853401509, 3.598338069404388051, -0.08680044901315397965 ) ) ;
#2436 = PRESENTATION_STYLE_ASSIGNMENT (( #387 ) ) ;
#2437 = CARTESIAN_POINT ( 'NONE',  ( 1.734935157290427910, 1.349999999999788480, 0.1999999999998589573 ) ) ;
#2438 = CARTESIAN_POINT ( 'NONE',  ( -3.458828012168809529, 2.960124218810227692, -2.700000000000141842 ) ) ;
#2439 = ORIENTED_EDGE ( 'NONE', *, *, #1307, .T. ) ;
#2440 = VECTOR ( 'NONE', #2658, 100.0000000000000000 ) ;
#2441 = VECTOR ( 'NONE', #564, 100.0000000000000000 ) ;
#2442 = CARTESIAN_POINT ( 'NONE',  ( -3.927864076802493720, 1.706519468665610217, -2.799135049418401078 ) ) ;
#2443 = ORIENTED_EDGE ( 'NONE', *, *, #1529, .F. ) ;
#2444 = CARTESIAN_POINT ( 'NONE',  ( 2.148879108017228035, 3.709037230930436913, -0.3221378078144337964 ) ) ;
#2445 = EDGE_CURVE ( 'NONE', #2163, #120, #310, .T. ) ;
#2446 = CARTESIAN_POINT ( 'NONE',  ( -4.137858739651989026, 2.254202384223852551, -0.7354204483418167460 ) ) ;
#2447 = DIRECTION ( 'NONE',  ( 0.000000000000000000, 0.000000000000000000, -1.000000000000000000 ) ) ;
#2448 = ORIENTED_EDGE ( 'NONE', *, *, #1184, .F. ) ;
#2449 = EDGE_CURVE ( 'NONE', #1696, #1074, #1794, .T. ) ;
#2450 = DIRECTION ( 'NONE',  ( 0.000000000000000000, 0.000000000000000000, 1.000000000000000000 ) ) ;
#2451 = EDGE_CURVE ( 'NONE', #768, #1485, #1548, .T. ) ;
#2452 = CARTESIAN_POINT ( 'NONE',  ( -4.158828012168809707, 2.960124218810227692, -2.700000000000141842 ) ) ;
#2453 = LINE ( 'NONE', #2701, #2454 ) ;
#2454 = VECTOR ( 'NONE', #2482, 100.0000000000000000 ) ;
#2455 = CIRCLE ( 'NONE', #618, 2.400000000000000355 ) ;
#2456 = CARTESIAN_POINT ( 'NONE',  ( -4.153826944537029497, 2.319824075941772978, -0.8096909846219758622 ) ) ;
#2457 = CARTESIAN_POINT ( 'NONE',  ( -2.758828012168809796, 3.031651040709872902, -2.700000000000141842 ) ) ;
#2458 = ORIENTED_EDGE ( 'NONE', *, *, #1237, .F. ) ;
#2459 = LINE ( 'NONE', #633, #1108 ) ;
#2460 = CARTESIAN_POINT ( 'NONE',  ( -3.557531677054500463, 2.189964902770344946, -0.6675426556153506441 ) ) ;
#2461 = SPHERICAL_SURFACE ( 'NONE', #2846, 0.5499999999999999334 ) ;
#2462 = ORIENTED_EDGE ( 'NONE', *, *, #2752, .F. ) ;
#2463 = ORIENTED_EDGE ( 'NONE', *, *, #1143, .T. ) ;
#2464 = DIRECTION ( 'NONE',  ( 0.000000000000000000, 0.000000000000000000, 1.000000000000000000 ) ) ;
#2465 = EDGE_CURVE ( 'NONE', #2580, #776, #2695, .T. ) ;
#2466 = DIRECTION ( 'NONE',  ( -0.000000000000000000, 1.000000000000000000, -0.000000000000000000 ) ) ;
#2467 = CARTESIAN_POINT ( 'NONE',  ( 4.036030915030228705, 3.731651040709872635, -0.5000000000001413314 ) ) ;
#2468 = DIRECTION ( 'NONE',  ( 0.000000000000000000, -1.000000000000000000, 0.000000000000000000 ) ) ;
#2469 = LINE ( 'NONE', #1398, #2308 ) ;
#2470 = ORIENTED_EDGE ( 'NONE', *, *, #755, .T. ) ;
#2471 = CARTESIAN_POINT ( 'NONE',  ( -1.742842505793702701, -5.438225099391067907, -3.250000000000141664 ) ) ;
#2472 = DIRECTION ( 'NONE',  ( 0.000000000000000000, 0.000000000000000000, 1.000000000000000000 ) ) ;
#2473 = DIRECTION ( 'NONE',  ( 0.000000000000000000, 0.000000000000000000, 1.000000000000000000 ) ) ;
#2474 = AXIS2_PLACEMENT_3D ( 'NONE', #1296, #181, #2881 ) ;
#2475 = CARTESIAN_POINT ( 'NONE',  ( -4.665042898701122098, 1.549999999999788436, -3.250000000000145661 ) ) ;
#2476 = VECTOR ( 'NONE', #1591, 100.0000000000000000 ) ;
#2477 = EDGE_LOOP ( 'NONE', ( #1517, #265, #1140, #1138 ) ) ;
#2478 = CARTESIAN_POINT ( 'NONE',  ( -3.539195574920455112, 2.557878222604939022, -1.923764801212488829 ) ) ;
#2479 = ORIENTED_EDGE ( 'NONE', *, *, #838, .T. ) ;
#2480 = AXIS2_PLACEMENT_3D ( 'NONE', #901, #666, #2208 ) ;
#2481 = DIRECTION ( 'NONE',  ( 0.000000000000000000, 0.8623851490821101695, 0.5062527576642191773 ) ) ;
#2482 = DIRECTION ( 'NONE',  ( 0.000000000000000000, -1.000000000000000000, 0.000000000000000000 ) ) ;
#2483 = DIRECTION ( 'NONE',  ( 0.000000000000000000, -1.000000000000000000, 0.000000000000000000 ) ) ;
#2484 = DIRECTION ( 'NONE',  ( -1.000000000000000000, 0.000000000000000000, -3.469446951953616161E-16 ) ) ;
#2485 = VERTEX_POINT ( 'NONE', #679 ) ;
#2486 = AXIS2_PLACEMENT_3D ( 'NONE', #1183, #1168, #40 ) ;
#2487 = CARTESIAN_POINT ( 'NONE',  ( -3.551885978565538338, 2.224310856818223048, -0.7000818958986149143 ) ) ;
#2488 = AXIS2_PLACEMENT_3D ( 'NONE', #1193, #1180, #2772 ) ;
#2489 = FACE_OUTER_BOUND ( 'NONE', #2370, .T. ) ;
#2490 = CARTESIAN_POINT ( 'NONE',  ( 1.743898753735054541, 3.071957516248680964, -3.248886355324802189 ) ) ;
#2491 = ORIENTED_EDGE ( 'NONE', *, *, #2543, .F. ) ;
#2492 = DIRECTION ( 'NONE',  ( 0.000000000000000000, -0.000000000000000000, 1.000000000000000000 ) ) ;
#2493 = DIRECTION ( 'NONE',  ( 0.000000000000000000, 0.8257047275951043819, 0.5641025641025704251 ) ) ;
#2494 = EDGE_LOOP ( 'NONE', ( #1692, #393, #989, #677 ) ) ;
#2495 = EDGE_CURVE ( 'NONE', #3, #1809, #430, .T. ) ;
#2496 = CARTESIAN_POINT ( 'NONE',  ( -3.448350925626551877, 3.152431704149087022, -1.267141119303786700 ) ) ;
#2497 = AXIS2_PLACEMENT_3D ( 'NONE', #2775, #2123, #57 ) ;
#2498 = DIRECTION ( 'NONE',  ( 1.000000000000000000, 0.000000000000000000, 0.000000000000000000 ) ) ;
#2499 = EDGE_CURVE ( 'NONE', #2005, #1316, #1734, .T. ) ;
#2500 = CARTESIAN_POINT ( 'NONE',  ( -3.458828012168809529, 2.382130909493637816, -0.8948717948719406845 ) ) ;
#2501 = CIRCLE ( 'NONE', #807, 0.5499999999999999334 ) ;
#2502 = EDGE_CURVE ( 'NONE', #2572, #804, #398, .T. ) ;
#2503 = CARTESIAN_POINT ( 'NONE',  ( 0.000000000000000000, 0.000000000000000000, -3.400000000000141576 ) ) ;
#2504 = CARTESIAN_POINT ( 'NONE',  ( -4.665042898701122098, 1.349999999999788480, 0.04999999999986265431 ) ) ;
#2505 = ORIENTED_EDGE ( 'NONE', *, *, #2365, .F. ) ;
#2506 = DIRECTION ( 'NONE',  ( -1.000000000000000000, 0.000000000000000000, 0.000000000000000000 ) ) ;
#2507 = DIRECTION ( 'NONE',  ( -1.000000000000000000, 0.000000000000000000, -3.469446951953616161E-16 ) ) ;
#2508 = EDGE_LOOP ( 'NONE', ( #1489, #1276, #1102, #1593 ) ) ;
#2509 = B_SPLINE_CURVE_WITH_KNOTS ( 'NONE', 3,
 ( #1767, #206, #18, #2082, #1363, #943, #2250, #257, #291, #248, #1836, #6, #519, #2266, #2043, #2490, #503, #472 ),
 .UNSPECIFIED., .F., .F.,
 ( 4, 2, 2, 2, 2, 2, 2, 2, 4 ),
 ( 0.000000000000000000, 0.002370593064625592904, 0.003555889596938392391, 0.004741186129251192746, 0.005926482661563991367, 0.007111779193876796058, 0.008297075726189602485, 0.008889723992346014805, 0.009482372258502428861 ),
 .UNSPECIFIED. ) ;
#2510 = CARTESIAN_POINT ( 'NONE',  ( 1.839443360991604326, 3.404114879195530907, -3.293133982247224534 ) ) ;
#2511 = ORIENTED_EDGE ( 'NONE', *, *, #805, .F. ) ;
#2512 = LINE ( 'NONE', #1129, #1788 ) ;
#2513 = CARTESIAN_POINT ( 'NONE',  ( -4.340042898701121921, 1.349999999999758060, -1.600000000000153744 ) ) ;
#2514 = CARTESIAN_POINT ( 'NONE',  ( 4.036030915030228705, 2.326111491348825666, -1.600000000000141531 ) ) ;
#2515 = DIRECTION ( 'NONE',  ( 0.000000000000000000, 0.000000000000000000, -1.000000000000000000 ) ) ;
#2516 = DIRECTION ( 'NONE',  ( 0.000000000000000000, 0.000000000000000000, -1.000000000000000000 ) ) ;
#2517 = AXIS2_PLACEMENT_3D ( 'NONE', #1052, #1514, #2616 ) ;
#2518 = CARTESIAN_POINT ( 'NONE',  ( 4.186030915030229060, 1.549999999999788436, -1.300000000000141487 ) ) ;
#2519 = ORIENTED_EDGE ( 'NONE', *, *, #1830, .F. ) ;
#2520 = DIRECTION ( 'NONE',  ( -1.000000000000000000, -0.000000000000000000, -0.000000000000000000 ) ) ;
#2521 = CARTESIAN_POINT ( 'NONE',  ( 4.036030915030228705, 1.349999999999788480, -3.400000000000141576 ) ) ;
#2522 = ORIENTED_EDGE ( 'NONE', *, *, #2588, .F. ) ;
#2523 = LINE ( 'NONE', #976, #1587 ) ;
#2524 = VECTOR ( 'NONE', #200, 100.0000000000000000 ) ;
#2525 = EDGE_LOOP ( 'NONE', ( #1218, #511, #1076, #2363, #1189, #2055, #2222, #1561, #1181, #1598 ) ) ;
#2526 = B_SPLINE_CURVE_WITH_KNOTS ( 'NONE', 3,
 ( #2191, #1699, #2604, #170, #1278, #1040, #1713, #2173, #1967, #153, #857, #1950, #836, #2680, #1545, #911, #1318, #2220, #2277, #2235 ),
 .UNSPECIFIED., .F., .F.,
 ( 4, 2, 2, 2, 2, 2, 2, 2, 2, 4 ),
 ( 0.000000000000000000, 0.001192015444239348477, 0.001788023166359020656, 0.002384030888478692618, 0.003576046332718033072, 0.004768061776957368755, 0.005960077221196696633, 0.007152092665436025377, 0.008344108109675353255, 0.009536123553914681999 ),
 .UNSPECIFIED. ) ;
#2527 = AXIS2_PLACEMENT_3D ( 'NONE', #1577, #2040, #1107 ) ;
#2528 = CARTESIAN_POINT ( 'NONE',  ( -3.072942411023422537E-13, 1.349999999999788924, -4.000000000000201617 ) ) ;
#2529 = CARTESIAN_POINT ( 'NONE',  ( -3.315042898700989227, 1.349999999999788480, -0.07500000000014769852 ) ) ;
#2530 = CARTESIAN_POINT ( 'NONE',  ( 0.000000000000000000, 0.000000000000000000, 0.1999999999998586242 ) ) ;
#2531 = VECTOR ( 'NONE', #2321, 100.0000000000000000 ) ;
#2532 = PLANE ( 'NONE',  #2758 ) ;
#2533 = CARTESIAN_POINT ( 'NONE',  ( -4.126357974980770393, 2.218516689641667483, -2.500411135577961463 ) ) ;
#2534 = ORIENTED_EDGE ( 'NONE', *, *, #2225, .T. ) ;
#2535 = LINE ( 'NONE', #34, #1862 ) ;
#2536 = AXIS2_PLACEMENT_3D ( 'NONE', #15, #1528, #2230 ) ;
#2537 = EDGE_CURVE ( 'NONE', #1120, #1779, #2354, .T. ) ;
#2538 = CARTESIAN_POINT ( 'NONE',  ( 1.932678834187977257, 3.477845719063422880, -0.1766221014766661546 ) ) ;
#2539 = ORIENTED_EDGE ( 'NONE', *, *, #590, .T. ) ;
#2540 = AXIS2_PLACEMENT_3D ( 'NONE', #2307, #2754, #294 ) ;
#2541 = CARTESIAN_POINT ( 'NONE',  ( -3.075881563341376079E-13, 1.349999999999788924, -1.600000000000201705 ) ) ;
#2542 = DIRECTION ( 'NONE',  ( -1.000000000000000000, 0.000000000000000000, 0.000000000000000000 ) ) ;
#2543 = EDGE_CURVE ( 'NONE', #1074, #1280, #872, .T. ) ;
#2544 = ORIENTED_EDGE ( 'NONE', *, *, #2012, .T. ) ;
#2545 = EDGE_CURVE ( 'NONE', #426, #1322, #2509, .T. ) ;
#2546 = ADVANCED_FACE ( 'NONE', ( #1146 ), #1374, .T. ) ;
#2547 = PRODUCT_CONTEXT ( 'NONE', #2921, 'mechanical' ) ;
#2548 = DIRECTION ( 'NONE',  ( -0.000000000000000000, 1.000000000000000000, -0.000000000000000000 ) ) ;
#2549 = CARTESIAN_POINT ( 'NONE',  ( -4.340042898701121921, 1.549999999999788436, 0.04999999999986265431 ) ) ;
#2550 = CYLINDRICAL_SURFACE ( 'NONE', #642, 0.5499999999999998224 ) ;
#2551 = CARTESIAN_POINT ( 'NONE',  ( -3.557526770984431153, 1.929687465528921120, -2.711787275013748388 ) ) ;
#2552 = VERTEX_POINT ( 'NONE', #1345 ) ;
#2553 = CARTESIAN_POINT ( 'NONE',  ( -4.151245756527329966, 2.523679664059040650, -1.166404139129964879 ) ) ;
#2554 = CARTESIAN_POINT ( 'NONE',  ( 1.994468612870346380, 3.529870030883099918, -0.2645085419974674279 ) ) ;
#2555 = EDGE_LOOP ( 'NONE', ( #2783, #2127 ) ) ;
#2556 = CARTESIAN_POINT ( 'NONE',  ( 2.198634521034433131, 3.727121228431492295, -2.791009911561559420 ) ) ;
#2557 = ORIENTED_EDGE ( 'NONE', *, *, #701, .F. ) ;
#2558 = CARTESIAN_POINT ( 'NONE',  ( -2.758828012168809796, 1.349999999999788480, -2.700000000000141842 ) ) ;
#2559 = EDGE_LOOP ( 'NONE', ( #1677, #2448, #107, #1375 ) ) ;
#2560 = DIRECTION ( 'NONE',  ( 0.000000000000000000, 0.000000000000000000, -1.000000000000000000 ) ) ;
#2561 = CARTESIAN_POINT ( 'NONE',  ( -3.315042898700979457, 1.349999999999788480, -3.125000000000147882 ) ) ;
#2562 = CARTESIAN_POINT ( 'NONE',  ( -3.900322282357355341, 1.604140585028482224, -2.824920371522877893 ) ) ;
#2563 = VERTEX_POINT ( 'NONE', #64 ) ;
#2564 = CARTESIAN_POINT ( 'NONE',  ( -3.549767507686372614, 2.582860598558319065, -1.809069472283734603 ) ) ;
#2565 = DIRECTION ( 'NONE',  ( 0.000000000000000000, -1.000000000000000000, 0.000000000000000000 ) ) ;
#2566 = ORIENTED_EDGE ( 'NONE', *, *, #2787, .F. ) ;
#2567 = CARTESIAN_POINT ( 'NONE',  ( -2.161503226710741021, 3.714317104889524490, -2.856396173843263941 ) ) ;
#2568 = ORIENTED_EDGE ( 'NONE', *, *, #575, .F. ) ;
#2569 = CIRCLE ( 'NONE', #1905, 0.6999999999999999556 ) ;
#2570 = AXIS2_PLACEMENT_3D ( 'NONE', #255, #1157, #2029 ) ;
#2571 = EDGE_CURVE ( 'NONE', #1809, #1779, #2054, .T. ) ;
#2572 = VERTEX_POINT ( 'NONE', #709 ) ;
#2573 = CARTESIAN_POINT ( 'NONE',  ( -3.455164271071749393, 2.842517430864333949, -0.4208783318746677216 ) ) ;
#2574 = CARTESIAN_POINT ( 'NONE',  ( -4.665042898701122098, 1.549999999999788436, 0.04999999999986265431 ) ) ;
#2575 = EDGE_CURVE ( 'NONE', #2795, #1042, #1224, .T. ) ;
#2576 = CARTESIAN_POINT ( 'NONE',  ( -3.975848959974607411, 1.843172638311189271, -2.748874222925299371 ) ) ;
#2577 = ORIENTED_EDGE ( 'NONE', *, *, #2718, .T. ) ;
#2578 = CARTESIAN_POINT ( 'NONE',  ( -4.158828012168809707, 2.427981436352395939, -0.9671840529198796332 ) ) ;
#2579 = DIRECTION ( 'NONE',  ( 1.000000000000000000, 0.000000000000000000, 0.000000000000000000 ) ) ;
#2580 = VERTEX_POINT ( 'NONE', #2518 ) ;
#2581 = CARTESIAN_POINT ( 'NONE',  ( -4.340042898701121921, 1.549999999999788436, -3.250000000000145661 ) ) ;
#2582 = VERTEX_POINT ( 'NONE', #1387 ) ;
#2583 = AXIS2_PLACEMENT_3D ( 'NONE', #2622, #400, #579 ) ;
#2584 = AXIS2_PLACEMENT_3D ( 'NONE', #211, #225, #445 ) ;
#2585 = EDGE_CURVE ( 'NONE', #2741, #535, #2501, .T. ) ;
#2586 = ORIENTED_EDGE ( 'NONE', *, *, #938, .F. ) ;
#2587 = CARTESIAN_POINT ( 'NONE',  ( -4.158828012168809707, 2.427981436352395939, -0.9671840529198796332 ) ) ;
#2588 = EDGE_CURVE ( 'NONE', #1255, #1527, #2878, .T. ) ;
#2589 = CARTESIAN_POINT ( 'NONE',  ( -3.350292596838244652, 1.972910891558347535, -3.074749432657529979 ) ) ;
#2590 = ORIENTED_EDGE ( 'NONE', *, *, #1359, .F. ) ;
#2591 = LINE ( 'NONE', #1244, #2702 ) ;
#2592 = PLANE ( 'NONE',  #1383 ) ;
#2593 = ADVANCED_FACE ( 'NONE', ( #752 ), #486, .T. ) ;
#2594 = LINE ( 'NONE', #86, #1715 ) ;
#2595 = ORIENTED_EDGE ( 'NONE', *, *, #2571, .F. ) ;
#2596 = SPHERICAL_SURFACE ( 'NONE', #1584, 0.6999999999999999556 ) ;
#2597 = DIRECTION ( 'NONE',  ( -1.000000000000000000, 0.000000000000000000, -0.000000000000000000 ) ) ;
#2598 = LINE ( 'NONE', #1722, #2770 ) ;
#2599 = PLANE ( 'NONE',  #2237 ) ;
#2600 = CARTESIAN_POINT ( 'NONE',  ( -4.156775675776757772, 2.481055915269309242, -2.135012105566747920 ) ) ;
#2601 = CARTESIAN_POINT ( 'NONE',  ( -3.317005323282483875, 1.511468675624860314, -3.122463364830169397 ) ) ;
#2602 = ORIENTED_EDGE ( 'NONE', *, *, #395, .F. ) ;
#2603 = CARTESIAN_POINT ( 'NONE',  ( -4.141282206225097795, 2.569728245509841358, -1.325161206208867126 ) ) ;
#2604 = CARTESIAN_POINT ( 'NONE',  ( -1.747037384667869953, 3.111384732247656437, -3.245597908932947195 ) ) ;
#2605 = FACE_OUTER_BOUND ( 'NONE', #2559, .T. ) ;
#2606 = VERTEX_POINT ( 'NONE', #1160 ) ;
#2607 = DIRECTION ( 'NONE',  ( 0.000000000000000000, -1.000000000000000000, 0.000000000000000000 ) ) ;
#2608 = CIRCLE ( 'NONE', #446, 0.3250000000000002887 ) ;
#2609 = DIRECTION ( 'NONE',  ( 1.000000000000000000, -0.000000000000000000, -0.000000000000000000 ) ) ;
#2610 = CIRCLE ( 'NONE', #1520, 2.400000000000000355 ) ;
#2611 = LINE ( 'NONE', #2409, #2089 ) ;
#2612 = AXIS2_PLACEMENT_3D ( 'NONE', #2236, #2911, #190 ) ;
#2613 = AXIS2_PLACEMENT_3D ( 'NONE', #649, #256, #2472 ) ;
#2614 = DIRECTION ( 'NONE',  ( -1.000000000000000000, 0.000000000000000000, 0.000000000000000000 ) ) ;
#2615 = VERTEX_POINT ( 'NONE', #2750 ) ;
#2616 = DIRECTION ( 'NONE',  ( 0.000000000000000000, 0.000000000000000000, -1.000000000000000000 ) ) ;
#2617 = ORIENTED_EDGE ( 'NONE', *, *, #1118, .T. ) ;
#2618 = VECTOR ( 'NONE', #1342, 100.0000000000000000 ) ;
#2619 = ADVANCED_FACE ( 'NONE', ( #727 ), #2262, .F. ) ;
#2620 = DIRECTION ( 'NONE',  ( 0.000000000000000000, 0.000000000000000000, -1.000000000000000000 ) ) ;
#2621 = ORIENTED_EDGE ( 'NONE', *, *, #1421, .F. ) ;
#2622 = CARTESIAN_POINT ( 'NONE',  ( -4.158828012168809707, 3.031651040709872902, -2.587192877445380734 ) ) ;
#2623 = CARTESIAN_POINT ( 'NONE',  ( -2.758828012168809796, 1.349999999999788480, -3.250000000000141664 ) ) ;
#2624 = CIRCLE ( 'NONE', #465, 0.5499999999999998224 ) ;
#2625 = EDGE_CURVE ( 'NONE', #2163, #2295, #1929, .T. ) ;
#2626 = EDGE_CURVE ( 'NONE', #970, #410, #79, .T. ) ;
#2627 = VECTOR ( 'NONE', #2609, 100.0000000000000000 ) ;
#2628 = CARTESIAN_POINT ( 'NONE',  ( -3.458828012168835286, 2.902560540030972192, -2.742129396966667798 ) ) ;
#2629 = ORIENTED_EDGE ( 'NONE', *, *, #2835, .T. ) ;
#2630 = CARTESIAN_POINT ( 'NONE',  ( 2.133072900769815927, 3.581651040709872724, -0.5000000000001413314 ) ) ;
#2631 = DIRECTION ( 'NONE',  ( 1.000000000000000000, 0.000000000000000000, 0.000000000000000000 ) ) ;
#2632 = ORIENTED_EDGE ( 'NONE', *, *, #1049, .T. ) ;
#2633 = CARTESIAN_POINT ( 'NONE',  ( 2.198616948661673565, 3.727123010705601036, -0.4089526911355456096 ) ) ;
#2634 = ORIENTED_EDGE ( 'NONE', *, *, #1630, .T. ) ;
#2635 = CARTESIAN_POINT ( 'NONE',  ( 4.186030915030229060, 1.549999999999788436, -1.900000000000141798 ) ) ;
#2636 = ORIENTED_EDGE ( 'NONE', *, *, #318, .T. ) ;
#2637 = DIRECTION ( 'NONE',  ( 1.000000000000000000, -0.000000000000000000, 0.000000000000000000 ) ) ;
#2638 = LINE ( 'NONE', #1309, #1482 ) ;
#2639 = CARTESIAN_POINT ( 'NONE',  ( 0.000000000000000000, 3.031651040709872902, -3.400000000000141576 ) ) ;
#2640 = EDGE_CURVE ( 'NONE', #1867, #120, #1680, .T. ) ;
#2641 = VECTOR ( 'NONE', #2827, 100.0000000000000000 ) ;
#2642 = CARTESIAN_POINT ( 'NONE',  ( -2.758828012168809796, 3.031651040709872902, -0.5000000000001413314 ) ) ;
#2643 = VERTEX_POINT ( 'NONE', #816 ) ;
#2644 = CARTESIAN_POINT ( 'NONE',  ( -3.994278207126833458, 1.890770286097764208, -0.4719622579296604559 ) ) ;
#2645 = DIRECTION ( 'NONE',  ( -1.000000000000000000, 0.000000000000000000, -1.224646799147353207E-16 ) ) ;
#2646 = ORIENTED_EDGE ( 'NONE', *, *, #1445, .T. ) ;
#2647 = CARTESIAN_POINT ( 'NONE',  ( -5.458828012168809529, 1.349999999999788480, -0.5500000000001538103 ) ) ;
#2648 = DIRECTION ( 'NONE',  ( 0.000000000000000000, 0.000000000000000000, -1.000000000000000000 ) ) ;
#2649 = ORIENTED_EDGE ( 'NONE', *, *, #2756, .T. ) ;
#2650 = DIRECTION ( 'NONE',  ( -0.000000000000000000, -1.000000000000000000, -0.000000000000000000 ) ) ;
#2651 = ORIENTED_EDGE ( 'NONE', *, *, #314, .T. ) ;
#2652 = FACE_OUTER_BOUND ( 'NONE', #1609, .T. ) ;
#2653 = DIRECTION ( 'NONE',  ( 1.000000000000000000, 0.000000000000000000, -0.000000000000000000 ) ) ;
#2654 =( LENGTH_UNIT ( ) NAMED_UNIT ( * ) SI_UNIT ( .CENTI., .METRE. ) );
#2655 = DIRECTION ( 'NONE',  ( 0.000000000000000000, 0.000000000000000000, -1.000000000000000000 ) ) ;
#2656 = FACE_OUTER_BOUND ( 'NONE', #869, .T. ) ;
#2657 = ORIENTED_EDGE ( 'NONE', *, *, #671, .F. ) ;
#2658 = DIRECTION ( 'NONE',  ( -1.000000000000000000, 0.000000000000000000, 0.000000000000000000 ) ) ;
#2659 = STYLED_ITEM ( 'NONE', ( #2436 ), #2201 ) ;
#2660 = EDGE_CURVE ( 'NONE', #695, #1261, #950, .T. ) ;
#2661 = DIRECTION ( 'NONE',  ( 0.000000000000000000, -1.000000000000000000, 0.000000000000000000 ) ) ;
#2662 = ORIENTED_EDGE ( 'NONE', *, *, #2154, .T. ) ;
#2663 = CARTESIAN_POINT ( 'NONE',  ( 1.886061011399238208, 3.477715618498764538, 0.04134920229301031203 ) ) ;
#2664 = AXIS2_PLACEMENT_3D ( 'NONE', #1174, #708, #2068 ) ;
#2665 = CARTESIAN_POINT ( 'NONE',  ( -3.559618190151927486, 2.171782105525271955, -0.6513281161361635929 ) ) ;
#2666 = EDGE_CURVE ( 'NONE', #2769, #1043, #1213, .T. ) ;
#2667 = CARTESIAN_POINT ( 'NONE',  ( 4.186030915030229060, 1.549999999999788436, -1.300000000000141487 ) ) ;
#2668 = VERTEX_POINT ( 'NONE', #1983 ) ;
#2669 = DIRECTION ( 'NONE',  ( 0.000000000000000000, 1.000000000000000000, 0.000000000000000000 ) ) ;
#2670 = DIRECTION ( 'NONE',  ( 0.000000000000000000, 0.000000000000000000, -1.000000000000000000 ) ) ;
#2671 = DIRECTION ( 'NONE',  ( 0.000000000000000000, 0.000000000000000000, -1.000000000000000000 ) ) ;
#2672 = CARTESIAN_POINT ( 'NONE',  ( -3.075881563341376079E-13, 5.249999999999788614, -1.600000000000201705 ) ) ;
#2673 = DIRECTION ( 'NONE',  ( 1.000000000000000000, 0.000000000000000000, 0.000000000000000000 ) ) ;
#2674 = CIRCLE ( 'NONE', #2057, 0.6999999999999999556 ) ;
#2675 = AXIS2_PLACEMENT_3D ( 'NONE', #326, #2670, #864 ) ;
#2676 = AXIS2_PLACEMENT_3D ( 'NONE', #2153, #356, #1271 ) ;
#2677 = CARTESIAN_POINT ( 'NONE',  ( 3.486030915030228439, 1.349999999999788480, 0.1999999999998586242 ) ) ;
#2678 = VERTEX_POINT ( 'NONE', #659 ) ;
#2679 = CARTESIAN_POINT ( 'NONE',  ( 1.764029619051760811, 3.230757356277763392, 0.1715301728336146303 ) ) ;
#2680 = CARTESIAN_POINT ( 'NONE',  ( -1.973801826410414684, 3.514375884250206639, -2.965781266596280386 ) ) ;
#2681 = ADVANCED_FACE ( 'NONE', ( #1085 ), #185, .T. ) ;
#2682 = CARTESIAN_POINT ( 'NONE',  ( -4.340042898701121921, 1.549999999999788436, 0.000000000000000000 ) ) ;
#2683 = DIRECTION ( 'NONE',  ( 0.000000000000000000, 0.000000000000000000, -1.000000000000000000 ) ) ;
#2684 = ORIENTED_EDGE ( 'NONE', *, *, #195, .F. ) ;
#2685 = ADVANCED_FACE ( 'NONE', ( #202, #2426 ), #1530, .F. ) ;
#2686 = ORIENTED_EDGE ( 'NONE', *, *, #2065, .F. ) ;
#2687 = CARTESIAN_POINT ( 'NONE',  ( -3.871257785233150006, 1.349999999999758504, -3.550000000000153921 ) ) ;
#2688 = DIRECTION ( 'NONE',  ( 0.000000000000000000, -1.000000000000000000, 0.000000000000000000 ) ) ;
#2689 = CARTESIAN_POINT ( 'NONE',  ( -2.758828012168809796, 1.349999999999788480, -2.700000000000141842 ) ) ;
#2690 = AXIS2_PLACEMENT_3D ( 'NONE', #898, #481, #1603 ) ;
#2691 = CARTESIAN_POINT ( 'NONE',  ( -3.458828012168810417, 3.055204654792031072, -2.506947242496617267 ) ) ;
#2692 = LINE ( 'NONE', #269, #1888 ) ;
#2693 = ORIENTED_EDGE ( 'NONE', *, *, #1024, .T. ) ;
#2694 = CARTESIAN_POINT ( 'NONE',  ( -3.380792356665941245, 2.225807676988046602, -0.1786533917332210619 ) ) ;
#2695 = LINE ( 'NONE', #2667, #860 ) ;
#2696 = ORIENTED_EDGE ( 'NONE', *, *, #318, .F. ) ;
#2697 = DIRECTION ( 'NONE',  ( -0.000000000000000000, 1.000000000000000000, -0.000000000000000000 ) ) ;
#2698 = EDGE_LOOP ( 'NONE', ( #772, #2755, #412, #1744 ) ) ;
#2699 = DIRECTION ( 'NONE',  ( 0.000000000000000000, 0.000000000000000000, 1.000000000000000000 ) ) ;
#2700 = DIRECTION ( 'NONE',  ( -0.000000000000000000, 0.000000000000000000, -1.000000000000000000 ) ) ;
#2701 = CARTESIAN_POINT ( 'NONE',  ( 4.686030915030229060, 1.549999999999788436, -1.300000000000141265 ) ) ;
#2702 = VECTOR ( 'NONE', #1028, 100.0000000000000000 ) ;
#2703 = FACE_OUTER_BOUND ( 'NONE', #2381, .T. ) ;
#2704 = ORIENTED_EDGE ( 'NONE', *, *, #536, .T. ) ;
#2705 = FACE_OUTER_BOUND ( 'NONE', #278, .T. ) ;
#2706 = CARTESIAN_POINT ( 'NONE',  ( -3.420503128608905818, 2.523850385667041785, -0.2711971077665621954 ) ) ;
#2707 = CARTESIAN_POINT ( 'NONE',  ( -2.758828012168809796, 3.031651040709872902, -3.400000000000141576 ) ) ;
#2708 = VECTOR ( 'NONE', #1252, 100.0000000000000000 ) ;
#2709 = CARTESIAN_POINT ( 'NONE',  ( -4.105595649450948237, 2.161789370705436308, -2.550861914751209270 ) ) ;
#2710 = VECTOR ( 'NONE', #894, 100.0000000000000000 ) ;
#2711 = ORIENTED_EDGE ( 'NONE', *, *, #229, .F. ) ;
#2712 = CARTESIAN_POINT ( 'NONE',  ( -4.665042898701122098, 1.349999999999788480, -3.250000000000145661 ) ) ;
#2713 = CIRCLE ( 'NONE', #2328, 2.500000000000729194 ) ;
#2714 = CARTESIAN_POINT ( 'NONE',  ( 1.763056169666916695, 3.232255433963663993, -3.372533528353879095 ) ) ;
#2715 = EDGE_CURVE ( 'NONE', #2773, #2309, #2920, .T. ) ;
#2716 = ORIENTED_EDGE ( 'NONE', *, *, #1851, .F. ) ;
#2717 = DIRECTION ( 'NONE',  ( 0.000000000000000000, -1.000000000000000000, 0.000000000000000000 ) ) ;
#2718 = EDGE_CURVE ( 'NONE', #33, #1243, #1691, .T. ) ;
#2719 = ADVANCED_FACE ( 'NONE', ( #409, #436, #868, #422 ), #1764, .T. ) ;
#2720 =( NAMED_UNIT ( * ) PLANE_ANGLE_UNIT ( ) SI_UNIT ( $, .RADIAN. ) );
#2721 = VECTOR ( 'NONE', #2565, 100.0000000000000000 ) ;
#2722 = DIRECTION ( 'NONE',  ( 1.000000000000000000, 0.000000000000000000, 0.000000000000000000 ) ) ;
#2723 = VECTOR ( 'NONE', #2224, 100.0000000000000000 ) ;
#2724 = DIRECTION ( 'NONE',  ( 1.000000000000000000, -0.000000000000000000, 0.000000000000000000 ) ) ;
#2725 = ORIENTED_EDGE ( 'NONE', *, *, #2313, .F. ) ;
#2726 = DIRECTION ( 'NONE',  ( -0.000000000000000000, -1.000000000000000000, 0.000000000000000000 ) ) ;
#2727 = B_SPLINE_CURVE_WITH_KNOTS ( 'NONE', 3,
 ( #1787, #2691, #1588, #907, #2258, #1801, #466, #1356, #1981, #243, #2496, #480, #2200, #184, #1084, #2884, #867 ),
 .UNSPECIFIED., .F., .F.,
 ( 4, 2, 2, 2, 1, 2, 2, 2, 4 ),
 ( 0.000000000000000000, 0.002494417961874958230, 0.004988835923749916461, 0.007483253885624872523, 0.009977671847499829452, 0.01247208980937478465, 0.01496650777124973984, 0.01746092573312469504, 0.01995534369499964503 ),
 .UNSPECIFIED. ) ;
#2728 = DIRECTION ( 'NONE',  ( 1.000000000000000000, 0.000000000000000000, 0.000000000000000000 ) ) ;
#2729 = CARTESIAN_POINT ( 'NONE',  ( 1.963812554632842211, 3.571628277340265001, -3.147630518336452798 ) ) ;
#2730 = ORIENTED_EDGE ( 'NONE', *, *, #12, .T. ) ;
#2731 = CARTESIAN_POINT ( 'NONE',  ( -3.308828012168809618, 1.349999999999788480, -3.400000000000141576 ) ) ;
#2732 = DIRECTION ( 'NONE',  ( -0.000000000000000000, 0.000000000000000000, -1.000000000000000000 ) ) ;
#2733 = FACE_OUTER_BOUND ( 'NONE', #249, .T. ) ;
#2734 = DIRECTION ( 'NONE',  ( -0.000000000000000000, 1.000000000000000000, -0.000000000000000000 ) ) ;
#2735 = AXIS2_PLACEMENT_3D ( 'NONE', #1300, #2661, #1101 ) ;
#2736 = CARTESIAN_POINT ( 'NONE',  ( -2.758828012168809796, 1.349999999999788480, -3.400000000000141576 ) ) ;
#2737 = CARTESIAN_POINT ( 'NONE',  ( -3.458828012168809529, 3.031651040709872902, -2.700000000000141842 ) ) ;
#2738 = ORIENTED_EDGE ( 'NONE', *, *, #264, .T. ) ;
#2739 = LINE ( 'NONE', #2767, #2190 ) ;
#2740 = CARTESIAN_POINT ( 'NONE',  ( 2.056156703786903517, 3.565060858416894796, -0.3615499310198260763 ) ) ;
#2741 = VERTEX_POINT ( 'NONE', #1050 ) ;
#2742 = EDGE_CURVE ( 'NONE', #2485, #1429, #220, .T. ) ;
#2743 = DIRECTION ( 'NONE',  ( -1.000000000000000000, 0.000000000000000000, 0.000000000000000000 ) ) ;
#2744 = DIRECTION ( 'NONE',  ( -0.000000000000000000, 1.000000000000000000, 0.000000000000000000 ) ) ;
#2745 = CARTESIAN_POINT ( 'NONE',  ( -2.758828012168809796, 1.349999999999788480, -2.700000000000141842 ) ) ;
#2746 = DIRECTION ( 'NONE',  ( -0.000000000000000000, 1.000000000000000000, -0.000000000000000000 ) ) ;
#2747 = EDGE_CURVE ( 'NONE', #239, #2076, #1498, .T. ) ;
#2748 = AXIS2_PLACEMENT_3D ( 'NONE', #2745, #2301, #2560 ) ;
#2749 = DIRECTION ( 'NONE',  ( 0.000000000000000000, -0.000000000000000000, 1.000000000000000000 ) ) ;
#2750 = CARTESIAN_POINT ( 'NONE',  ( -2.758828012168809796, 3.731651040709872635, -2.700000000000141842 ) ) ;
#2751 = VERTEX_POINT ( 'NONE', #2677 ) ;
#2752 = EDGE_CURVE ( 'NONE', #2267, #1456, #48, .T. ) ;
#2753 = CARTESIAN_POINT ( 'NONE',  ( -4.158828012168809707, 2.427981436352395939, -2.232815947080427854 ) ) ;
#2754 = DIRECTION ( 'NONE',  ( 0.000000000000000000, 1.000000000000000000, 0.000000000000000000 ) ) ;
#2755 = ORIENTED_EDGE ( 'NONE', *, *, #1515, .T. ) ;
#2756 = EDGE_CURVE ( 'NONE', #792, #2207, #2782, .T. ) ;
#2757 = CARTESIAN_POINT ( 'NONE',  ( 2.244994432064898682, 3.731651040709872635, -2.700000000000141842 ) ) ;
#2758 = AXIS2_PLACEMENT_3D ( 'NONE', #2503, #1401, #2303 ) ;
#2759 = ORIENTED_EDGE ( 'NONE', *, *, #1574, .T. ) ;
#2760 = CIRCLE ( 'NONE', #688, 0.1750000000000004052 ) ;
#2761 = CARTESIAN_POINT ( 'NONE',  ( -3.322322743093834685, 1.633034494828784045, -0.08467241439836722949 ) ) ;
#2762 = CARTESIAN_POINT ( 'NONE',  ( -4.990042898701122276, 1.549999999999788436, 0.04999999999986265431 ) ) ;
#2763 = VECTOR ( 'NONE', #2326, 100.0000000000000000 ) ;
#2764 = CARTESIAN_POINT ( 'NONE',  ( 3.486030915030228883, 3.031651040709872902, 0.1999999999998586242 ) ) ;
#2765 = DIRECTION ( 'NONE',  ( 0.000000000000000000, 0.000000000000000000, -1.000000000000000000 ) ) ;
#2766 = ORIENTED_EDGE ( 'NONE', *, *, #2410, .T. ) ;
#2767 = CARTESIAN_POINT ( 'NONE',  ( -4.990042898701122276, 1.349999999999788480, 0.000000000000000000 ) ) ;
#2768 = DIRECTION ( 'NONE',  ( 0.000000000000000000, 0.000000000000000000, -1.000000000000000000 ) ) ;
#2769 = VERTEX_POINT ( 'NONE', #2186 ) ;
#2770 = VECTOR ( 'NONE', #581, 100.0000000000000000 ) ;
#2771 = CARTESIAN_POINT ( 'NONE',  ( 4.186030915030229060, 1.349999999999788480, -1.300000000000141487 ) ) ;
#2772 = DIRECTION ( 'NONE',  ( 0.000000000000000000, 0.000000000000000000, 1.000000000000000000 ) ) ;
#2773 = VERTEX_POINT ( 'NONE', #167 ) ;
#2774 = FACE_OUTER_BOUND ( 'NONE', #991, .T. ) ;
#2775 = CARTESIAN_POINT ( 'NONE',  ( 0.000000000000000000, 0.000000000000000000, 0.000000000000000000 ) ) ;
#2776 = CARTESIAN_POINT ( 'NONE',  ( -3.337501707146226071, 1.843128022667712029, -0.1060115949224020720 ) ) ;
#2777 = CARTESIAN_POINT ( 'NONE',  ( -3.536325506037296229, 1.656228717812936901, -0.3855387612279752574 ) ) ;
#2778 = CARTESIAN_POINT ( 'NONE',  ( -3.926334913951164740, 1.701497985572883564, -2.800610894365245684 ) ) ;
#2779 = ORIENTED_EDGE ( 'NONE', *, *, #1184, .T. ) ;
#2780 = CARTESIAN_POINT ( 'NONE',  ( -3.450055109204431592, 3.142213551858332732, -1.171251481683996509 ) ) ;
#2781 = DIRECTION ( 'NONE',  ( 0.000000000000000000, -1.000000000000000000, 0.000000000000000000 ) ) ;
#2782 = CIRCLE ( 'NONE', #1982, 0.5499999999999998224 ) ;
#2783 = ORIENTED_EDGE ( 'NONE', *, *, #2365, .T. ) ;
#2784 = DIRECTION ( 'NONE',  ( 0.000000000000000000, -1.000000000000000000, 0.000000000000000000 ) ) ;
#2785 = VERTEX_POINT ( 'NONE', #214 ) ;
#2786 = EDGE_CURVE ( 'NONE', #2552, #399, #2876, .T. ) ;
#2787 = EDGE_CURVE ( 'NONE', #1322, #1388, #1708, .T. ) ;
#2788 = VERTEX_POINT ( 'NONE', #233 ) ;
#2789 = CARTESIAN_POINT ( 'NONE',  ( 0.000000000000000000, 0.000000000000000000, 0.1999999999998586242 ) ) ;
#2790 = CARTESIAN_POINT ( 'NONE',  ( -3.308828012168809618, 3.031651040709872902, -0.5000000000001413314 ) ) ;
#2791 = CARTESIAN_POINT ( 'NONE',  ( -4.098063508082255169, 2.142288227553948765, -2.567171442275799187 ) ) ;
#2792 = ORIENTED_EDGE ( 'NONE', *, *, #2064, .T. ) ;
#2793 = CARTESIAN_POINT ( 'NONE',  ( -4.134008752093974337, 2.596381464690890706, -1.489911046028601804 ) ) ;
#2794 = DIRECTION ( 'NONE',  ( 0.000000000000000000, -1.000000000000000000, 0.000000000000000000 ) ) ;
#2795 = VERTEX_POINT ( 'NONE', #1789 ) ;
#2796 = CARTESIAN_POINT ( 'NONE',  ( -3.458828012168809529, 1.349999999999788480, -3.250000000000141664 ) ) ;
#2797 = ORIENTED_EDGE ( 'NONE', *, *, #11, .T. ) ;
#2798 = EDGE_CURVE ( 'NONE', #1735, #589, #428, .T. ) ;
#2799 = ORIENTED_EDGE ( 'NONE', *, *, #44, .T. ) ;
#2800 = AXIS2_PLACEMENT_3D ( 'NONE', #1111, #2688, #210 ) ;
#2801 = AXIS2_PLACEMENT_3D ( 'NONE', #696, #2520, #238 ) ;
#2802 = EDGE_CURVE ( 'NONE', #1683, #1656, #1137, .T. ) ;
#2803 = CARTESIAN_POINT ( 'NONE',  ( -4.665042898701122098, 1.549999999999788436, -3.250000000000145661 ) ) ;
#2804 = CARTESIAN_POINT ( 'NONE',  ( -3.525168522502023283, 1.349999999999758060, -2.850000000000154188 ) ) ;
#2805 = EDGE_LOOP ( 'NONE', ( #873, #2333, #36, #986 ) ) ;
#2806 = CARTESIAN_POINT ( 'NONE',  ( -3.458828012168809529, 3.031651040709872902, -0.6128071225549260870 ) ) ;
#2807 = EDGE_LOOP ( 'NONE', ( #1470, #2738, #2792, #2725, #2349, #1245, #790, #1229, #825, #476 ) ) ;
#2808 = CARTESIAN_POINT ( 'NONE',  ( -2.070372227172709856, 3.664621940435218939, -3.002109178670730572 ) ) ;
#2809 = ORIENTED_EDGE ( 'NONE', *, *, #1008, .T. ) ;
#2810 = AXIS2_PLACEMENT_3D ( 'NONE', #2558, #2822, #1006 ) ;
#2811 = CARTESIAN_POINT ( 'NONE',  ( 4.686030915030229060, 1.549999999999788436, -1.600000000000141531 ) ) ;
#2812 = APPLICATION_PROTOCOL_DEFINITION ( 'draft international standard', 'automotive_design', 1998, #1841 ) ;
#2813 = CARTESIAN_POINT ( 'NONE',  ( -4.158828012168808819, 2.456332200672746602, -1.015478660198273042 ) ) ;
#2814 = DIRECTION ( 'NONE',  ( -1.000000000000000000, -0.000000000000000000, -0.000000000000000000 ) ) ;
#2815 = VERTEX_POINT ( 'NONE', #254 ) ;
#2816 = CARTESIAN_POINT ( 'NONE',  ( -3.446420944682389909, 3.162990377372888240, -1.772075948961731040 ) ) ;
#2817 = CARTESIAN_POINT ( 'NONE',  ( -1.734935157291167984, 3.031651040709872902, -3.400000000000141576 ) ) ;
#2818 = CARTESIAN_POINT ( 'NONE',  ( -2.198616948662355686, 3.727123010705601924, -2.791047308864738952 ) ) ;
#2819 = ORIENTED_EDGE ( 'NONE', *, *, #978, .F. ) ;
#2820 = VECTOR ( 'NONE', #2732, 100.0000000000000000 ) ;
#2821 = EDGE_LOOP ( 'NONE', ( #866, #2819, #1901, #1408, #2849, #1912 ) ) ;
#2822 = DIRECTION ( 'NONE',  ( 0.000000000000000000, -1.000000000000000000, 0.000000000000000000 ) ) ;
#2823 = CARTESIAN_POINT ( 'NONE',  ( -0.5137430402940721397, 1.549999999999788436, -2.833896267925455792 ) ) ;
#2824 = CARTESIAN_POINT ( 'NONE',  ( -1.734935157291167540, -5.721067811867748709, -3.400000000000141576 ) ) ;
#2825 = CARTESIAN_POINT ( 'NONE',  ( -3.075881563341376079E-13, 5.249999999999788614, -1.600000000000201705 ) ) ;
#2826 = EDGE_CURVE ( 'NONE', #1510, #776, #2246, .T. ) ;
#2827 = DIRECTION ( 'NONE',  ( 0.000000000000000000, 0.000000000000000000, -1.000000000000000000 ) ) ;
#2828 = VERTEX_POINT ( 'NONE', #940 ) ;
#2829 = CARTESIAN_POINT ( 'NONE',  ( 1.734935157290427910, 3.083371174056305009, 0.1999999999998586242 ) ) ;
#2830 = EDGE_CURVE ( 'NONE', #1986, #560, #1619, .T. ) ;
#2831 = VERTEX_POINT ( 'NONE', #2528 ) ;
#2832 = EDGE_CURVE ( 'NONE', #804, #2155, #1156, .T. ) ;
#2833 = CYLINDRICAL_SURFACE ( 'NONE', #2141, 1.049999999999999822 ) ;
#2834 = ORIENTED_EDGE ( 'NONE', *, *, #2353, .T. ) ;
#2835 = EDGE_CURVE ( 'NONE', #399, #33, #1831, .T. ) ;
#2836 = ORIENTED_EDGE ( 'NONE', *, *, #2660, .F. ) ;
#2837 = VECTOR ( 'NONE', #1998, 100.0000000000000000 ) ;
#2838 = CARTESIAN_POINT ( 'NONE',  ( 4.036030915030228705, 3.731651040709872635, -2.700000000000141842 ) ) ;
#2839 = DIRECTION ( 'NONE',  ( 0.000000000000000000, 0.000000000000000000, -1.000000000000000000 ) ) ;
#2840 = DIRECTION ( 'NONE',  ( 0.000000000000000000, -0.000000000000000000, 1.000000000000000000 ) ) ;
#2841 = DIRECTION ( 'NONE',  ( 0.000000000000000000, 1.000000000000000000, 0.000000000000000000 ) ) ;
#2842 = VECTOR ( 'NONE', #2868, 100.0000000000000000 ) ;
#2843 = ORIENTED_EDGE ( 'NONE', *, *, #1008, .F. ) ;
#2844 = CIRCLE ( 'NONE', #2133, 0.6999999999999999556 ) ;
#2845 = DIRECTION ( 'NONE',  ( 1.000000000000000000, 0.000000000000000000, 0.000000000000000000 ) ) ;
#2846 = AXIS2_PLACEMENT_3D ( 'NONE', #2174, #1105, #889 ) ;
#2847 = PLANE ( 'NONE',  #823 ) ;
#2848 = CARTESIAN_POINT ( 'NONE',  ( -4.137388975206354402, 2.252571119054029403, -2.466307802682194072 ) ) ;
#2849 = ORIENTED_EDGE ( 'NONE', *, *, #1024, .F. ) ;
#2850 = CARTESIAN_POINT ( 'NONE',  ( -2.758828012168809796, 3.031651040709872902, -0.5000000000001413314 ) ) ;
#2851 = CARTESIAN_POINT ( 'NONE',  ( 0.000000000000000000, 0.000000000000000000, 0.04999999999985862281 ) ) ;
#2852 = EDGE_CURVE ( 'NONE', #155, #2643, #2469, .T. ) ;
#2853 = CARTESIAN_POINT ( 'NONE',  ( -4.665042898701122098, 1.549999999999788436, -3.075000000000145395 ) ) ;
#2854 = ORIENTED_EDGE ( 'NONE', *, *, #1613, .T. ) ;
#2855 = DIRECTION ( 'NONE',  ( 0.000000000000000000, -1.000000000000000000, 0.000000000000000000 ) ) ;
#2856 = DIRECTION ( 'NONE',  ( -1.000000000000000000, -0.000000000000000000, 0.000000000000000000 ) ) ;
#2857 = PLANE ( 'NONE',  #1063 ) ;
#2858 = AXIS2_PLACEMENT_3D ( 'NONE', #2811, #980, #592 ) ;
#2859 = SURFACE_SIDE_STYLE ('',( #420 ) ) ;
#2860 = CYLINDRICAL_SURFACE ( 'NONE', #1483, 2.400000000000000355 ) ;
#2861 = AXIS2_PLACEMENT_3D ( 'NONE', #263, #279, #1858 ) ;
#2862 = CARTESIAN_POINT ( 'NONE',  ( -4.665042898701122098, 1.549999999999788436, 0.04999999999986265431 ) ) ;
#2863 = ORIENTED_EDGE ( 'NONE', *, *, #760, .T. ) ;
#2864 = CARTESIAN_POINT ( 'NONE',  ( -3.901037598382128824, 1.607246985657440508, -0.3757197378864314263 ) ) ;
#2865 = DIRECTION ( 'NONE',  ( 0.000000000000000000, -6.123233995736766036E-17, -1.000000000000000000 ) ) ;
#2866 = EDGE_LOOP ( 'NONE', ( #1208, #1531 ) ) ;
#2867 = DIRECTION ( 'NONE',  ( 0.000000000000000000, 0.000000000000000000, -1.000000000000000000 ) ) ;
#2868 = DIRECTION ( 'NONE',  ( -0.000000000000000000, -1.000000000000000000, -0.000000000000000000 ) ) ;
#2869 = DIRECTION ( 'NONE',  ( 0.000000000000000000, 0.000000000000000000, -1.000000000000000000 ) ) ;
#2870 = DIRECTION ( 'NONE',  ( 1.000000000000000000, 0.000000000000000000, 0.000000000000000000 ) ) ;
#2871 = CYLINDRICAL_SURFACE ( 'NONE', #1382, 0.1750000000000001554 ) ;
#2872 = ORIENTED_EDGE ( 'NONE', *, *, #2543, .T. ) ;
#2873 = DIRECTION ( 'NONE',  ( 1.000000000000000000, 0.000000000000000000, 0.000000000000000000 ) ) ;
#2874 = DIRECTION ( 'NONE',  ( 0.000000000000000000, -1.000000000000000000, 0.000000000000000000 ) ) ;
#2875 = CARTESIAN_POINT ( 'NONE',  ( -3.458828012168809529, 3.581651040709872724, -2.700000000000141842 ) ) ;
#2876 = CIRCLE ( 'NONE', #142, 0.5499999999999999334 ) ;
#2877 = CARTESIAN_POINT ( 'NONE',  ( -2.198634521034983358, 3.727121228431491851, -0.4089900884387246971 ) ) ;
#2878 = CIRCLE ( 'NONE', #2215, 0.1750000000000004052 ) ;
#2879 = EDGE_CURVE ( 'NONE', #2572, #2563, #2692, .T. ) ;
#2880 = FACE_OUTER_BOUND ( 'NONE', #1490, .T. ) ;
#2881 = DIRECTION ( 'NONE',  ( 0.000000000000000000, 0.000000000000000000, 1.000000000000000000 ) ) ;
#2882 = EDGE_CURVE ( 'NONE', #93, #2322, #1409, .T. ) ;
#2883 = EDGE_LOOP ( 'NONE', ( #183, #1671, #2479, #1348 ) ) ;
#2884 = CARTESIAN_POINT ( 'NONE',  ( -3.458828012168809529, 3.055203587986593305, -0.6930491229667832265 ) ) ;
#2885 = EDGE_CURVE ( 'NONE', #560, #1784, #715, .T. ) ;
#2886 = DIRECTION ( 'NONE',  ( 0.000000000000000000, 1.000000000000000000, 0.000000000000000000 ) ) ;
#2887 = ORIENTED_EDGE ( 'NONE', *, *, #1233, .T. ) ;
#2888 = CARTESIAN_POINT ( 'NONE',  ( 2.003636818615549764, 3.609750567153302558, -0.1046904635698844427 ) ) ;
#2889 = ORIENTED_EDGE ( 'NONE', *, *, #717, .T. ) ;
#2890 = CARTESIAN_POINT ( 'NONE',  ( -3.458828012168809529, 1.349999999999788480, -3.400000000000141576 ) ) ;
#2891 = ORIENTED_EDGE ( 'NONE', *, *, #322, .T. ) ;
#2892 = DIRECTION ( 'NONE',  ( -0.000000000000000000, 0.000000000000000000, -1.000000000000000000 ) ) ;
#2893 = FACE_OUTER_BOUND ( 'NONE', #1971, .T. ) ;
#2894 = CARTESIAN_POINT ( 'NONE',  ( -5.458828012168809529, 1.349999999999788480, -2.650000000000153566 ) ) ;
#2895 = EDGE_CURVE ( 'NONE', #2239, #325, #2455, .T. ) ;
#2896 = CARTESIAN_POINT ( 'NONE',  ( -3.075881563341376079E-13, 5.249999999999788614, -4.100000000000930456 ) ) ;
#2897 = AXIS2_PLACEMENT_3D ( 'NONE', #1486, #216, #2394 ) ;
#2898 = DIRECTION ( 'NONE',  ( -1.000000000000000000, 6.123233995736766036E-17, -0.000000000000000000 ) ) ;
#2899 = CARTESIAN_POINT ( 'NONE',  ( -3.315042898700979457, 1.349999999999788480, -3.125000000000147882 ) ) ;
#2900 = EDGE_CURVE ( 'NONE', #1986, #295, #451, .T. ) ;
#2901 = FACE_OUTER_BOUND ( 'NONE', #452, .T. ) ;
#2902 = ADVANCED_FACE ( 'NONE', ( #2703 ), #1575, .T. ) ;
#2903 = AXIS2_PLACEMENT_3D ( 'NONE', #2166, #828, #2839 ) ;
#2904 = EDGE_CURVE ( 'NONE', #1429, #1656, #1357, .T. ) ;
#2905 = CARTESIAN_POINT ( 'NONE',  ( -3.994565733997617496, 1.891486624272753936, -2.727693443957448949 ) ) ;
#2906 = VERTEX_POINT ( 'NONE', #244 ) ;
#2907 = CARTESIAN_POINT ( 'NONE',  ( 3.486030915030228439, 1.349999999999788480, 0.04999999999985862281 ) ) ;
#2908 = CIRCLE ( 'NONE', #1203, 2.500000000000729194 ) ;
#2909 = CARTESIAN_POINT ( 'NONE',  ( -3.458828012168809529, 1.349999999999788480, 0.1999999999998586242 ) ) ;
#2910 = EDGE_LOOP ( 'NONE', ( #584, #2568, #2463, #2557 ) ) ;
#2911 = DIRECTION ( 'NONE',  ( 0.000000000000000000, 1.000000000000000000, 0.000000000000000000 ) ) ;
#2912 = EDGE_LOOP ( 'NONE', ( #1358, #2887, #1719 ) ) ;
#2913 = EDGE_LOOP ( 'NONE', ( #606, #2311, #811, #2187 ) ) ;
#2914 = CARTESIAN_POINT ( 'NONE',  ( -3.308828012168809618, 1.349999999999788480, -2.650000000000153566 ) ) ;
#2915 = CARTESIAN_POINT ( 'NONE',  ( -1.734935157291043639, 3.031651040709872902, 0.1999999999998586242 ) ) ;
#2916 = LINE ( 'NONE', #2928, #461 ) ;
#2917 = AXIS2_PLACEMENT_3D ( 'NONE', #253, #2898, #1775 ) ;
#2918 = AXIS2_PLACEMENT_3D ( 'NONE', #1974, #460, #670 ) ;
#2919 = DIRECTION ( 'NONE',  ( 1.224646799147353207E-16, 1.000000000000000000, -0.000000000000000000 ) ) ;
#2920 = LINE ( 'NONE', #1119, #2264 ) ;
#2921 = APPLICATION_CONTEXT ( 'automotive_design' ) ;
#2922 = ORIENTED_EDGE ( 'NONE', *, *, #499, .T. ) ;
#2923 = CARTESIAN_POINT ( 'NONE',  ( -3.458828012168809529, 2.914437705914321608, -0.4665631996453953878 ) ) ;
#2924 = DIRECTION ( 'NONE',  ( 0.000000000000000000, -1.000000000000000000, 0.000000000000000000 ) ) ;
#2925 = ORIENTED_EDGE ( 'NONE', *, *, #2229, .T. ) ;
#2926 = EDGE_LOOP ( 'NONE', ( #2044, #1625, #974, #1265 ) ) ;
#2927 = DIRECTION ( 'NONE',  ( 0.000000000000000000, -1.000000000000000000, 0.000000000000000000 ) ) ;
#2928 = CARTESIAN_POINT ( 'NONE',  ( -0.5137430402940721397, 1.549999999999788436, -0.3661037320748518620 ) ) ;
ENDSEC;
END-ISO-10303-21;
