ISO-10303-21;
HEADER;
FILE_DESCRIPTION (( 'STEP AP214' ),
    '1' );
FILE_NAME ('Part8.STEP',
    '2026-08-02T19:23:34',
    ( '' ),
    ( '' ),
    'SwSTEP 2.0',
    'SolidWorks 2026',
    '' );
FILE_SCHEMA (( 'AUTOMOTIVE_DESIGN' ));
ENDSEC;

DATA;
#1 = DIRECTION ( 'NONE',  ( -0.000000000000000000, -1.000000000000000000, -0.000000000000000000 ) ) ;
#2 = LINE ( 'NONE', #922, #2779 ) ;
#3 = EDGE_CURVE ( 'NONE', #2682, #2889, #1631, .T. ) ;
#4 = AXIS2_PLACEMENT_3D ( 'NONE', #1360, #2037, #1606 ) ;
#5 = ORIENTED_EDGE ( 'NONE', *, *, #2351, .T. ) ;
#6 = CARTESIAN_POINT ( 'NONE',  ( -33.88106107771405817, 35.09592977565635863, -45.75133516838924663 ) ) ;
#7 = VECTOR ( 'NONE', #960, 1000.000000000000114 ) ;
#8 = CIRCLE ( 'NONE', #753, 1.750000000000001554 ) ;
#9 = VERTEX_POINT ( 'NONE', #1390 ) ;
#10 = CARTESIAN_POINT ( 'NONE',  ( 7.500000000000001776, 33.09999999999982379, 48.90000000001317915 ) ) ;
#11 = AXIS2_PLACEMENT_3D ( 'NONE', #2440, #2240, #235 ) ;
#12 = CARTESIAN_POINT ( 'NONE',  ( -47.14119418568311204, 43.09999999999982379, -36.53623759484863598 ) ) ;
#13 = CIRCLE ( 'NONE', #1739, 1.749999999999994671 ) ;
#14 = CARTESIAN_POINT ( 'NONE',  ( 8.696624465077947619, 33.09999999999982379, 51.90000000001315783 ) ) ;
#15 = ADVANCED_FACE ( 'NONE', ( #283 ), #24, .T. ) ;
#16 = VECTOR ( 'NONE', #2597, 1000.000000000000000 ) ;
#17 = CARTESIAN_POINT ( 'NONE',  ( -88.12565251853617099, 35.34137665030664266, -18.27256036956865515 ) ) ;
#18 = DIRECTION ( 'NONE',  ( 0.000000000000000000, 1.000000000000000000, -0.000000000000000000 ) ) ;
#19 = ORIENTED_EDGE ( 'NONE', *, *, #228, .F. ) ;
#20 = ORIENTED_EDGE ( 'NONE', *, *, #1719, .F. ) ;
#21 = CARTESIAN_POINT ( 'NONE',  ( -33.52049568426443216, 34.12195291398338526, -45.70345529587373790 ) ) ;
#22 = ORIENTED_EDGE ( 'NONE', *, *, #2791, .F. ) ;
#23 = EDGE_LOOP ( 'NONE', ( #2728, #446, #925, #320 ) ) ;
#24 = PLANE ( 'NONE',  #751 ) ;
#25 = DIRECTION ( 'NONE',  ( -1.000000000000000000, 0.000000000000000000, 0.000000000000000000 ) ) ;
#26 = DIRECTION ( 'NONE',  ( -0.9999998474985171137, 0.000000000000000000, 0.0005522707150728029413 ) ) ;
#27 = ORIENTED_EDGE ( 'NONE', *, *, #2073, .T. ) ;
#28 = CARTESIAN_POINT ( 'NONE',  ( -87.40084215071028950, 37.94453266517969325, -21.47556150257906182 ) ) ;
#29 = CARTESIAN_POINT ( 'NONE',  ( -50.60660752680998797, 38.09999999999983089, -68.29327400723603603 ) ) ;
#30 = VERTEX_POINT ( 'NONE', #2489 ) ;
#31 = CARTESIAN_POINT ( 'NONE',  ( 68.16484623269165866, 38.09999999999983089, -50.77946177416125551 ) ) ;
#32 = ORIENTED_EDGE ( 'NONE', *, *, #2259, .T. ) ;
#33 = CARTESIAN_POINT ( 'NONE',  ( 0.000000000000000000, 43.09999999999982379, 91.75000000000001421 ) ) ;
#34 = ORIENTED_EDGE ( 'NONE', *, *, #179, .F. ) ;
#35 = ORIENTED_EDGE ( 'NONE', *, *, #1564, .F. ) ;
#36 = DIRECTION ( 'NONE',  ( -0.000000000000000000, -1.000000000000000000, 0.000000000000000000 ) ) ;
#37 = EDGE_CURVE ( 'NONE', #2636, #2715, #665, .T. ) ;
#38 = CARTESIAN_POINT ( 'NONE',  ( -93.32623722737464789, 33.09999999999982379, -17.75425146210877969 ) ) ;
#39 = EDGE_CURVE ( 'NONE', #1541, #501, #374, .T. ) ;
#40 = ORIENTED_EDGE ( 'NONE', *, *, #384, .T. ) ;
#41 = ADVANCED_FACE ( 'NONE', ( #52 ), #2011, .F. ) ;
#42 = CARTESIAN_POINT ( 'NONE',  ( 43.10078504085115725, 38.09999999999983089, -43.05264240887811411 ) ) ;
#43 = DIRECTION ( 'NONE',  ( 0.000000000000000000, 1.000000000000000000, 0.000000000000000000 ) ) ;
#44 = CARTESIAN_POINT ( 'NONE',  ( 7.471334866736771829, 38.09999999999983089, -0.004126200078652713689 ) ) ;
#45 = VECTOR ( 'NONE', #1832, 1000.000000000000000 ) ;
#46 = ORIENTED_EDGE ( 'NONE', *, *, #2405, .F. ) ;
#47 = LINE ( 'NONE', #2721, #1395 ) ;
#48 = CIRCLE ( 'NONE', #2247, 1.750000000000001554 ) ;
#49 = VERTEX_POINT ( 'NONE', #2701 ) ;
#50 = EDGE_CURVE ( 'NONE', #2759, #2897, #955, .T. ) ;
#51 = AXIS2_PLACEMENT_3D ( 'NONE', #996, #2155, #319 ) ;
#52 = FACE_OUTER_BOUND ( 'NONE', #2620, .T. ) ;
#53 = FACE_OUTER_BOUND ( 'NONE', #1018, .T. ) ;
#54 = EDGE_LOOP ( 'NONE', ( #2398, #1558, #1823, #2402, #744 ) ) ;
#55 = DIRECTION ( 'NONE',  ( 0.000000000000000000, 0.000000000000000000, 1.000000000000000000 ) ) ;
#56 = CIRCLE ( 'NONE', #858, 4.999999999999999112 ) ;
#57 = DIRECTION ( 'NONE',  ( 0.000000000000000000, 1.000000000000000000, -0.000000000000000000 ) ) ;
#58 = AXIS2_PLACEMENT_3D ( 'NONE', #2603, #1474, #1046 ) ;
#59 = B_SPLINE_CURVE_WITH_KNOTS ( 'NONE', 3,
 ( #2278, #2752, #447, #244, #903, #1801 ),
 .UNSPECIFIED., .F., .F.,
 ( 4, 2, 4 ),
 ( 0.000000000000000000, 0.001178502960113377582, 0.002357005920226755164 ),
 .UNSPECIFIED. ) ;
#60 = DIRECTION ( 'NONE',  ( 0.000000000000000000, 1.000000000000000000, -0.000000000000000000 ) ) ;
#61 = VERTEX_POINT ( 'NONE', #1834 ) ;
#62 = DIRECTION ( 'NONE',  ( -0.000000000000000000, -1.000000000000000000, -0.000000000000000000 ) ) ;
#63 = ORIENTED_EDGE ( 'NONE', *, *, #2028, .F. ) ;
#64 = CARTESIAN_POINT ( 'NONE',  ( 63.63001565316833563, 43.09999999999982379, -65.39920351408611054 ) ) ;
#65 = CARTESIAN_POINT ( 'NONE',  ( -87.92283076250572549, 43.05513779677565367, -19.22819622854403221 ) ) ;
#66 = ORIENTED_EDGE ( 'NONE', *, *, #1556, .F. ) ;
#67 = CARTESIAN_POINT ( 'NONE',  ( -43.96334273597047115, 43.09999999999982379, -33.35720202267093981 ) ) ;
#68 = DIRECTION ( 'NONE',  ( 0.000000000000000000, 0.000000000000000000, 1.000000000000000000 ) ) ;
#69 = LINE ( 'NONE', #2063, #1317 ) ;
#70 = EDGE_LOOP ( 'NONE', ( #2660, #83, #2100, #2408, #2225, #2723 ) ) ;
#71 = DIRECTION ( 'NONE',  ( 0.000000000000000000, 1.000000000000000000, -0.000000000000000000 ) ) ;
#72 = B_SPLINE_CURVE_WITH_KNOTS ( 'NONE', 3,
 ( #872, #414, #182, #1966, #1921, #1247, #814, #198, #1095, #1281, #1982, #2832, #2898, #1260, #605, #387, #213, #1769 ),
 .UNSPECIFIED., .F., .F.,
 ( 4, 2, 2, 2, 2, 2, 2, 2, 4 ),
 ( 0.000000000000000000, 0.0009883908459329053368, 0.001976781691865810674, 0.002965172537798716011, 0.003953563383731621347, 0.004941954229664527118, 0.005930345075597432021, 0.006918735921530336924, 0.007907126767463242695 ),
 .UNSPECIFIED. ) ;
#73 = DIRECTION ( 'NONE',  ( -0.7069750533469192355, 0.000000000000000000, -0.7072384844909958002 ) ) ;
#74 = VERTEX_POINT ( 'NONE', #64 ) ;
#75 = CARTESIAN_POINT ( 'NONE',  ( -93.03614691576734685, 43.05391264887503411, -19.22036096370224811 ) ) ;
#76 = LINE ( 'NONE', #284, #2410 ) ;
#77 = ORIENTED_EDGE ( 'NONE', *, *, #2242, .F. ) ;
#78 = CARTESIAN_POINT ( 'NONE',  ( -45.98639037866330881, 36.35632954010011986, -34.76135821932644632 ) ) ;
#79 = DIRECTION ( 'NONE',  ( -0.000000000000000000, -1.000000000000000000, -0.000000000000000000 ) ) ;
#80 = DIRECTION ( 'NONE',  ( 0.000000000000000000, 1.000000000000000000, -0.000000000000000000 ) ) ;
#81 = DIRECTION ( 'NONE',  ( 0.000000000000000000, 0.000000000000000000, 1.000000000000000000 ) ) ;
#82 = EDGE_CURVE ( 'NONE', #376, #1300, #473, .T. ) ;
#83 = ORIENTED_EDGE ( 'NONE', *, *, #516, .T. ) ;
#84 = CARTESIAN_POINT ( 'NONE',  ( 45.65567671185427656, 34.41680593336142380, -33.65969155510322253 ) ) ;
#85 = LINE ( 'NONE', #1339, #1835 ) ;
#86 = VECTOR ( 'NONE', #2642, 1000.000000000000000 ) ;
#87 = DIRECTION ( 'NONE',  ( -1.000000000000000000, 0.000000000000000000, 0.000000000000000000 ) ) ;
#88 = ORIENTED_EDGE ( 'NONE', *, *, #1539, .T. ) ;
#89 = ORIENTED_EDGE ( 'NONE', *, *, #1168, .T. ) ;
#90 = LINE ( 'NONE', #2118, #2053 ) ;
#91 = VECTOR ( 'NONE', #828, 1000.000000000000000 ) ;
#92 = VECTOR ( 'NONE', #2314, 1000.000000000000000 ) ;
#93 = CARTESIAN_POINT ( 'NONE',  ( -50.60660752680998797, 38.09999999999983089, -68.29327400723603603 ) ) ;
#94 = VERTEX_POINT ( 'NONE', #2250 ) ;
#95 = CARTESIAN_POINT ( 'NONE',  ( -87.74964387392122944, 43.09999999999982379, 20.00000000000000000 ) ) ;
#96 = VECTOR ( 'NONE', #1803, 1000.000000000000000 ) ;
#97 = FACE_OUTER_BOUND ( 'NONE', #1241, .T. ) ;
#98 = VECTOR ( 'NONE', #2517, 1000.000000000000000 ) ;
#99 = DIRECTION ( 'NONE',  ( -1.000000000000000000, 0.000000000000000000, -4.625929269271485914E-16 ) ) ;
#100 = ADVANCED_FACE ( 'NONE', ( #722 ), #1338, .F. ) ;
#101 = CARTESIAN_POINT ( 'NONE',  ( -40.60481604905307051, 33.09999999999982379, -29.99821433125165981 ) ) ;
#102 = EDGE_LOOP ( 'NONE', ( #293, #720, #2027, #1633 ) ) ;
#103 = AXIS2_PLACEMENT_3D ( 'NONE', #2125, #586, #1242 ) ;
#104 = CARTESIAN_POINT ( 'NONE',  ( -88.23143745298615670, 38.09999999999983089, -20.00000000000000000 ) ) ;
#105 = AXIS2_PLACEMENT_3D ( 'NONE', #393, #584, #1733 ) ;
#106 = CARTESIAN_POINT ( 'NONE',  ( 5.297711755685933888, 38.09999999999983089, -5.295738471851143103 ) ) ;
#107 = ORIENTED_EDGE ( 'NONE', *, *, #2890, .F. ) ;
#108 = VERTEX_POINT ( 'NONE', #696 ) ;
#109 = DIRECTION ( 'NONE',  ( 0.000000000000000000, 0.000000000000000000, 1.000000000000000000 ) ) ;
#110 = EDGE_CURVE ( 'NONE', #2799, #1236, #1497, .T. ) ;
#111 = CYLINDRICAL_SURFACE ( 'NONE', #1405, 1.750000000000001554 ) ;
#112 = ORIENTED_EDGE ( 'NONE', *, *, #2309, .F. ) ;
#113 = CYLINDRICAL_SURFACE ( 'NONE', #207, 3.000000000000002665 ) ;
#114 = CARTESIAN_POINT ( 'NONE',  ( -88.23143745298615670, 38.09999999999983089, -15.00000000000000000 ) ) ;
#115 = CYLINDRICAL_SURFACE ( 'NONE', #1927, 5.000000000000000000 ) ;
#116 = CARTESIAN_POINT ( 'NONE',  ( -93.12098269441540310, 36.18040107858291776, -18.80207904298641353 ) ) ;
#117 = VERTEX_POINT ( 'NONE', #2503 ) ;
#118 = CARTESIAN_POINT ( 'NONE',  ( -88.23143745298615670, 31.09999999999982734, -9.999999999999998224 ) ) ;
#119 = ORIENTED_EDGE ( 'NONE', *, *, #1602, .T. ) ;
#120 = ORIENTED_EDGE ( 'NONE', *, *, #649, .T. ) ;
#121 = DIRECTION ( 'NONE',  ( 0.000000000000000000, 1.000000000000000000, -0.000000000000000000 ) ) ;
#122 = DIRECTION ( 'NONE',  ( 0.000000000000000000, 1.000000000000000000, 0.000000000000000000 ) ) ;
#123 = EDGE_LOOP ( 'NONE', ( #166, #1033 ) ) ;
#124 = LINE ( 'NONE', #302, #2021 ) ;
#125 = ADVANCED_FACE ( 'NONE', ( #1163 ), #2461, .F. ) ;
#126 = CARTESIAN_POINT ( 'NONE',  ( -88.23143745298615670, 33.09999999999982379, 12.75425146210877969 ) ) ;
#127 = EDGE_CURVE ( 'NONE', #1601, #1079, #59, .T. ) ;
#128 = LINE ( 'NONE', #177, #2643 ) ;
#129 = ADVANCED_FACE ( 'NONE', ( #272 ), #1792, .F. ) ;
#130 = DIRECTION ( 'NONE',  ( 1.000000000000000000, -0.000000000000000000, -0.000000000000000000 ) ) ;
#131 = CARTESIAN_POINT ( 'NONE',  ( 32.11953467483635194, 43.09999999999982379, -42.72613639260982410 ) ) ;
#132 = ORIENTED_EDGE ( 'NONE', *, *, #322, .T. ) ;
#133 = CARTESIAN_POINT ( 'NONE',  ( -93.32623722737464789, 36.09999999999982379, -9.999999999999998224 ) ) ;
#134 = ORIENTED_EDGE ( 'NONE', *, *, #652, .F. ) ;
#135 = ORIENTED_EDGE ( 'NONE', *, *, #1239, .T. ) ;
#136 = CARTESIAN_POINT ( 'NONE',  ( -93.32623722737464789, 36.09999999999982379, 9.999999999999996447 ) ) ;
#137 = EDGE_CURVE ( 'NONE', #2799, #2158, #1540, .T. ) ;
#138 = EDGE_CURVE ( 'NONE', #1480, #871, #2101, .T. ) ;
#139 = EDGE_CURVE ( 'NONE', #2368, #160, #2528, .T. ) ;
#140 = AXIS2_PLACEMENT_3D ( 'NONE', #1431, #2148, #535 ) ;
#141 = CARTESIAN_POINT ( 'NONE',  ( 63.63001565316833563, 38.09999999999983089, -65.39920351408611054 ) ) ;
#142 = ORIENTED_EDGE ( 'NONE', *, *, #1518, .T. ) ;
#143 = CARTESIAN_POINT ( 'NONE',  ( -63.63873973550113305, 38.09999999999983089, -61.89048086616842426 ) ) ;
#144 = VECTOR ( 'NONE', #936, 1000.000000000000000 ) ;
#145 = FACE_OUTER_BOUND ( 'NONE', #2711, .T. ) ;
#146 = DIRECTION ( 'NONE',  ( -0.000000000000000000, -1.000000000000000000, 0.000000000000000000 ) ) ;
#147 = VECTOR ( 'NONE', #1755, 1000.000000000000000 ) ;
#148 = DIRECTION ( 'NONE',  ( 0.000000000000000000, 0.000000000000000000, 1.000000000000000000 ) ) ;
#149 = AXIS2_PLACEMENT_3D ( 'NONE', #759, #2795, #1648 ) ;
#150 = DIRECTION ( 'NONE',  ( -0.7069750533469532083, 0.000000000000000000, -0.7072384844909619384 ) ) ;
#151 = EDGE_LOOP ( 'NONE', ( #2226, #2357, #545, #2078, #1912, #998, #1262, #1528, #1328, #2192, #1894, #2471, #1009, #2371, #2367, #2881, #770, #1425, #2020, #1566, #2150, #1877, #135, #495, #856, #1923, #952, #622, #1535, #2041, #2818, #1499, #827, #2765, #1217, #20, #359, #174, #1817, #1157 ) ) ;
#152 = ORIENTED_EDGE ( 'NONE', *, *, #1086, .F. ) ;
#153 = CARTESIAN_POINT ( 'NONE',  ( -35.30907790938739765, 43.09999999999982379, -35.29592579138827801 ) ) ;
#154 = AXIS2_PLACEMENT_3D ( 'NONE', #2044, #2727, #2772 ) ;
#155 = ORIENTED_EDGE ( 'NONE', *, *, #2086, .F. ) ;
#156 = ORIENTED_EDGE ( 'NONE', *, *, #2563, .F. ) ;
#157 = CARTESIAN_POINT ( 'NONE',  ( 7.500000000000001776, 43.09999999999982379, 45.90000000001318625 ) ) ;
#158 = AXIS2_PLACEMENT_3D ( 'NONE', #1467, #2180, #1225 ) ;
#159 = DIRECTION ( 'NONE',  ( -0.000000000000000000, -1.000000000000000000, -0.000000000000000000 ) ) ;
#160 = VERTEX_POINT ( 'NONE', #299 ) ;
#161 = CARTESIAN_POINT ( 'NONE',  ( -87.16067819455396659, 38.09999999999982379, 22.43051797370407385 ) ) ;
#162 = DIRECTION ( 'NONE',  ( 4.625929269271486900E-16, -0.000000000000000000, 1.000000000000000000 ) ) ;
#163 = DIRECTION ( 'NONE',  ( 0.000000000000000000, 0.000000000000000000, -1.000000000000000000 ) ) ;
#164 = CARTESIAN_POINT ( 'NONE',  ( -92.31475211167780515, 38.09999999999983800, -22.42985027641785578 ) ) ;
#165 = FACE_OUTER_BOUND ( 'NONE', #542, .T. ) ;
#166 = ORIENTED_EDGE ( 'NONE', *, *, #1145, .F. ) ;
#167 = CYLINDRICAL_SURFACE ( 'NONE', #609, 5.000000000000000888 ) ;
#168 = EDGE_CURVE ( 'NONE', #1415, #2416, #90, .T. ) ;
#169 = EDGE_CURVE ( 'NONE', #2738, #61, #1773, .T. ) ;
#170 = ORIENTED_EDGE ( 'NONE', *, *, #384, .F. ) ;
#171 = CARTESIAN_POINT ( 'NONE',  ( -9.374999999999994671, 43.09999999999982379, 51.24187424941257518 ) ) ;
#172 = ADVANCED_FACE ( 'NONE', ( #1034 ), #1641, .F. ) ;
#173 = LINE ( 'NONE', #803, #203 ) ;
#174 = ORIENTED_EDGE ( 'NONE', *, *, #1007, .T. ) ;
#175 = CARTESIAN_POINT ( 'NONE',  ( 40.60404844782677003, 33.09999999999982379, -29.99898221035794421 ) ) ;
#176 = DIRECTION ( 'NONE',  ( 0.000000000000000000, 0.000000000000000000, 1.000000000000000000 ) ) ;
#177 = CARTESIAN_POINT ( 'NONE',  ( -12.49999999999999822, 38.09999999999983089, 89.07585860400118349 ) ) ;
#178 = CARTESIAN_POINT ( 'NONE',  ( 35.82775474846081920, 37.33061821794558455, -46.54563972894797530 ) ) ;
#179 = EDGE_CURVE ( 'NONE', #1857, #1876, #2006, .T. ) ;
#180 = CARTESIAN_POINT ( 'NONE',  ( 8.696624465077947619, 33.09999999999982379, 51.90000000001315783 ) ) ;
#181 = ORIENTED_EDGE ( 'NONE', *, *, #2733, .F. ) ;
#182 = CARTESIAN_POINT ( 'NONE',  ( -93.31994307333047800, 33.76270165981456017, 17.78742802555837699 ) ) ;
#183 = ADVANCED_FACE ( 'NONE', ( #515 ), #1006, .F. ) ;
#184 = ORIENTED_EDGE ( 'NONE', *, *, #1866, .F. ) ;
#185 = CARTESIAN_POINT ( 'NONE',  ( -12.49999999999999822, 43.09999999999982379, 55.14499799841156857 ) ) ;
#186 = LINE ( 'NONE', #1515, #1049 ) ;
#187 = VERTEX_POINT ( 'NONE', #752 ) ;
#188 = DIRECTION ( 'NONE',  ( 0.7071068302586164256, 0.000000000000000000, 0.7071067321144751672 ) ) ;
#189 = FACE_OUTER_BOUND ( 'NONE', #1441, .T. ) ;
#190 = VECTOR ( 'NONE', #2311, 1000.000000000000000 ) ;
#191 = DIRECTION ( 'NONE',  ( 0.000000000000000000, 0.000000000000000000, 1.000000000000000000 ) ) ;
#192 = VECTOR ( 'NONE', #445, 1000.000000000000000 ) ;
#193 = CARTESIAN_POINT ( 'NONE',  ( -7.500000000000000000, 37.59833352571778420, 54.65535425332990371 ) ) ;
#194 = VECTOR ( 'NONE', #2736, 1000.000000000000000 ) ;
#195 = DIRECTION ( 'NONE',  ( 0.000000000000000000, 0.000000000000000000, 1.000000000000000000 ) ) ;
#196 = ADVANCED_FACE ( 'NONE', ( #969 ), #1403, .F. ) ;
#197 = ORIENTED_EDGE ( 'NONE', *, *, #1278, .F. ) ;
#198 = CARTESIAN_POINT ( 'NONE',  ( -93.12222340021915556, 36.17244573703099775, 18.79592542766933150 ) ) ;
#199 = CIRCLE ( 'NONE', #2638, 5.000000000000004441 ) ;
#200 = VERTEX_POINT ( 'NONE', #1238 ) ;
#201 = AXIS2_PLACEMENT_3D ( 'NONE', #2496, #2718, #703 ) ;
#202 = DIRECTION ( 'NONE',  ( 0.000000000000000000, 1.000000000000000000, 0.000000000000000000 ) ) ;
#203 = VECTOR ( 'NONE', #330, 1000.000000000000000 ) ;
#204 = VERTEX_POINT ( 'NONE', #2527 ) ;
#205 = EDGE_LOOP ( 'NONE', ( #2022, #2130, #847, #830 ) ) ;
#206 = CARTESIAN_POINT ( 'NONE',  ( -5.308492306702587094, 43.09999999999982379, -5.310470342837045443 ) ) ;
#207 = AXIS2_PLACEMENT_3D ( 'NONE', #2613, #350, #1010 ) ;
#208 = EDGE_CURVE ( 'NONE', #2323, #1870, #2324, .T. ) ;
#209 = CARTESIAN_POINT ( 'NONE',  ( 32.11953467483635194, 43.09999999999982379, -42.72613639260982410 ) ) ;
#210 = DIRECTION ( 'NONE',  ( 0.000000000000000000, 1.000000000000000000, -0.000000000000000000 ) ) ;
#211 = CARTESIAN_POINT ( 'NONE',  ( -32.11716389755839884, 43.09999999999982379, -42.72455555549271367 ) ) ;
#212 = DIRECTION ( 'NONE',  ( 0.000000000000000000, 1.000000000000000000, -0.000000000000000000 ) ) ;
#213 = CARTESIAN_POINT ( 'NONE',  ( -92.31472659101018507, 38.09999999999983800, 22.42995372485248495 ) ) ;
#214 = ORIENTED_EDGE ( 'NONE', *, *, #557, .F. ) ;
#215 = CYLINDRICAL_SURFACE ( 'NONE', #1626, 1.750000000000001554 ) ;
#216 = ORIENTED_EDGE ( 'NONE', *, *, #739, .T. ) ;
#217 = EDGE_LOOP ( 'NONE', ( #1791, #2870, #1292, #1620 ) ) ;
#218 = CARTESIAN_POINT ( 'NONE',  ( -88.09080388062274380, 35.63194141631210954, 18.43954420767086333 ) ) ;
#219 = CARTESIAN_POINT ( 'NONE',  ( -87.07608190771517798, 38.09999999999983089, 22.75425146210878324 ) ) ;
#220 = EDGE_CURVE ( 'NONE', #2007, #1789, #1194, .T. ) ;
#221 = DIRECTION ( 'NONE',  ( 0.000000000000000000, 0.000000000000000000, 1.000000000000000000 ) ) ;
#222 = EDGE_CURVE ( 'NONE', #2146, #372, #800, .T. ) ;
#223 = FACE_OUTER_BOUND ( 'NONE', #1371, .T. ) ;
#224 = SURFACE_STYLE_FILL_AREA ( #1827 ) ;
#225 = EDGE_LOOP ( 'NONE', ( #2117, #1192, #1543, #1771, #1151 ) ) ;
#226 = CARTESIAN_POINT ( 'NONE',  ( 7.517769852101967132, 38.09999999999983089, 84.07597621431207813 ) ) ;
#227 = ORIENTED_EDGE ( 'NONE', *, *, #2791, .T. ) ;
#228 = EDGE_CURVE ( 'NONE', #1322, #871, #1583, .T. ) ;
#229 = EDGE_CURVE ( 'NONE', #938, #2072, #2289, .T. ) ;
#230 = ORIENTED_EDGE ( 'NONE', *, *, #2802, .F. ) ;
#231 = EDGE_CURVE ( 'NONE', #1453, #2368, #2084, .T. ) ;
#232 = DIRECTION ( 'NONE',  ( -0.000000000000000000, -1.000000000000000000, -0.000000000000000000 ) ) ;
#233 = CYLINDRICAL_SURFACE ( 'NONE', #389, 5.000000000000004441 ) ;
#234 = CARTESIAN_POINT ( 'NONE',  ( -93.32623722737464789, 42.56728256376937480, 17.75425146210877969 ) ) ;
#235 = DIRECTION ( 'NONE',  ( 0.000000000000000000, 0.000000000000000000, 1.000000000000000000 ) ) ;
#236 = AXIS2_PLACEMENT_3D ( 'NONE', #647, #1952, #1491 ) ;
#237 = AXIS2_PLACEMENT_3D ( 'NONE', #2284, #2317, #306 ) ;
#238 = ORIENTED_EDGE ( 'NONE', *, *, #1432, .F. ) ;
#239 = CARTESIAN_POINT ( 'NONE',  ( -32.44673841153869631, 43.09999999999982379, -45.70639737553190685 ) ) ;
#240 = CIRCLE ( 'NONE', #2164, 5.000000000000000888 ) ;
#241 = AXIS2_PLACEMENT_3D ( 'NONE', #10, #2070, #487 ) ;
#242 = AXIS2_PLACEMENT_3D ( 'NONE', #1254, #351, #2152 ) ;
#243 = ORIENTED_EDGE ( 'NONE', *, *, #2499, .T. ) ;
#244 = CARTESIAN_POINT ( 'NONE',  ( -93.18676037146599356, 42.87781415238486460, 18.47632829120930964 ) ) ;
#245 = MECHANICAL_DESIGN_GEOMETRIC_PRESENTATION_REPRESENTATION (  '', ( #1136 ), #2493 ) ;
#246 = DIRECTION ( 'NONE',  ( 0.000000000000000000, 0.000000000000000000, 1.000000000000000000 ) ) ;
#247 = AXIS2_PLACEMENT_3D ( 'NONE', #643, #890, #476 ) ;
#248 = LINE ( 'NONE', #1143, #2454 ) ;
#249 = ORIENTED_EDGE ( 'NONE', *, *, #2554, .F. ) ;
#250 = AXIS2_PLACEMENT_3D ( 'NONE', #634, #1064, #400 ) ;
#251 = CARTESIAN_POINT ( 'NONE',  ( 0.000000000000000000, 38.09999999999983089, 0.000000000000000000 ) ) ;
#252 = PLANE ( 'NONE',  #2406 ) ;
#253 = ORIENTED_EDGE ( 'NONE', *, *, #110, .F. ) ;
#254 = VECTOR ( 'NONE', #904, 1000.000000000000000 ) ;
#255 = CARTESIAN_POINT ( 'NONE',  ( -32.11716389755839884, 43.09999999999982379, -44.47455555549271367 ) ) ;
#256 = ORIENTED_EDGE ( 'NONE', *, *, #2684, .T. ) ;
#257 = DIRECTION ( 'NONE',  ( 0.000000000000000000, 1.000000000000000000, -0.000000000000000000 ) ) ;
#258 = EDGE_CURVE ( 'NONE', #2850, #1149, #1569, .T. ) ;
#259 = ADVANCED_FACE ( 'NONE', ( #2595 ), #1464, .T. ) ;
#260 = ORIENTED_EDGE ( 'NONE', *, *, #739, .F. ) ;
#261 = EDGE_CURVE ( 'NONE', #61, #1524, #2224, .T. ) ;
#262 = CARTESIAN_POINT ( 'NONE',  ( -55.92044861017913604, 43.09999999999981668, -15.00000000000000000 ) ) ;
#263 = LINE ( 'NONE', #1418, #671 ) ;
#264 = ORIENTED_EDGE ( 'NONE', *, *, #2223, .F. ) ;
#265 = LINE ( 'NONE', #42, #7 ) ;
#266 =( NAMED_UNIT ( * ) PLANE_ANGLE_UNIT ( ) SI_UNIT ( $, .RADIAN. ) );
#267 = ADVANCED_FACE ( 'NONE', ( #625 ), #1100, .T. ) ;
#268 = CARTESIAN_POINT ( 'NONE',  ( -29.87000327265468158, 33.09999999999982379, -40.73702715924716955 ) ) ;
#269 = ORIENTED_EDGE ( 'NONE', *, *, #1785, .F. ) ;
#270 = CARTESIAN_POINT ( 'NONE',  ( 32.11953467483635194, 33.09999999999982379, -42.72613639260982410 ) ) ;
#271 = EDGE_CURVE ( 'NONE', #954, #1184, #1514, .T. ) ;
#272 = FACE_OUTER_BOUND ( 'NONE', #668, .T. ) ;
#273 = CARTESIAN_POINT ( 'NONE',  ( -54.14279994926496897, 38.09999999999983089, -64.75839874050143408 ) ) ;
#274 = ORIENTED_EDGE ( 'NONE', *, *, #231, .F. ) ;
#275 = DIRECTION ( 'NONE',  ( 0.000000000000000000, -1.000000000000000000, 0.000000000000000000 ) ) ;
#276 = DIRECTION ( 'NONE',  ( -1.000000000000000000, 0.000000000000000000, 0.000000000000000000 ) ) ;
#277 = CYLINDRICAL_SURFACE ( 'NONE', #378, 5.000000000000000888 ) ;
#278 = ORIENTED_EDGE ( 'NONE', *, *, #2036, .T. ) ;
#279 = CARTESIAN_POINT ( 'NONE',  ( -53.58346679309293137, 43.09999999999982379, -72.31052541942638356 ) ) ;
#280 = VECTOR ( 'NONE', #1051, 1000.000000000000114 ) ;
#281 = ORIENTED_EDGE ( 'NONE', *, *, #168, .F. ) ;
#282 = AXIS2_PLACEMENT_3D ( 'NONE', #484, #2077, #494 ) ;
#283 = FACE_OUTER_BOUND ( 'NONE', #217, .T. ) ;
#284 = CARTESIAN_POINT ( 'NONE',  ( -88.23143745298615670, 38.09999999999983089, -17.75425146210877969 ) ) ;
#285 = EDGE_LOOP ( 'NONE', ( #2181, #349, #862, #1861, #1132 ) ) ;
#286 = VECTOR ( 'NONE', #1534, 1000.000000000000000 ) ;
#287 = ADVANCED_FACE ( 'NONE', ( #1968 ), #215, .F. ) ;
#288 = DIRECTION ( 'NONE',  ( 0.000000000000000000, 0.000000000000000000, 1.000000000000000000 ) ) ;
#289 = VECTOR ( 'NONE', #2692, 1000.000000000000000 ) ;
#290 = FACE_OUTER_BOUND ( 'NONE', #205, .T. ) ;
#291 = CIRCLE ( 'NONE', #2262, 5.000000000000000888 ) ;
#292 = FACE_OUTER_BOUND ( 'NONE', #298, .T. ) ;
#293 = ORIENTED_EDGE ( 'NONE', *, *, #346, .F. ) ;
#294 = CARTESIAN_POINT ( 'NONE',  ( 46.76735662434005292, 37.65655088599475420, -36.44524694844069046 ) ) ;
#295 =( LENGTH_UNIT ( ) NAMED_UNIT ( * ) SI_UNIT ( .MILLI., .METRE. ) );
#296 = CARTESIAN_POINT ( 'NONE',  ( -92.87087810503356877, 43.09999999999982379, 20.00000000000000000 ) ) ;
#297 = EDGE_LOOP ( 'NONE', ( #817, #841, #1666, #63 ) ) ;
#298 = EDGE_LOOP ( 'NONE', ( #2626, #1139, #749, #1762, #77, #555 ) ) ;
#299 = CARTESIAN_POINT ( 'NONE',  ( 7.517769852101967132, 43.09999999999982379, 84.07597621431207813 ) ) ;
#300 = DIRECTION ( 'NONE',  ( -0.7067115387850341213, 0.000000000000000000, -0.7075018027878722249 ) ) ;
#301 = ORIENTED_EDGE ( 'NONE', *, *, #2154, .F. ) ;
#302 = CARTESIAN_POINT ( 'NONE',  ( -93.32623722737464789, 38.09999999999983089, -17.75425146210877969 ) ) ;
#303 = ADVANCED_FACE ( 'NONE', ( #818 ), #1111, .T. ) ;
#304 = FACE_OUTER_BOUND ( 'NONE', #1904, .T. ) ;
#305 = LINE ( 'NONE', #2569, #98 ) ;
#306 = DIRECTION ( 'NONE',  ( -0.7072384844909618273, 0.000000000000000000, 0.7069750533469533194 ) ) ;
#307 = ORIENTED_EDGE ( 'NONE', *, *, #790, .F. ) ;
#308 = CARTESIAN_POINT ( 'NONE',  ( -68.28595117242603862, 43.09999999999982379, -50.61648814839930566 ) ) ;
#309 = PLANE ( 'NONE',  #620 ) ;
#310 = ORIENTED_EDGE ( 'NONE', *, *, #442, .F. ) ;
#311 = ORIENTED_EDGE ( 'NONE', *, *, #3, .F. ) ;
#312 = DIRECTION ( 'NONE',  ( 0.000000000000000000, 1.000000000000000000, 0.000000000000000000 ) ) ;
#313 = EDGE_CURVE ( 'NONE', #2416, #1149, #743, .T. ) ;
#314 = DIRECTION ( 'NONE',  ( 0.000000000000000000, -1.000000000000000000, 0.000000000000000000 ) ) ;
#315 = VERTEX_POINT ( 'NONE', #1494 ) ;
#316 = CARTESIAN_POINT ( 'NONE',  ( -45.75746593808855778, 35.08407596826752695, -33.90216254061128609 ) ) ;
#317 = CYLINDRICAL_SURFACE ( 'NONE', #2777, 4.999999999999997335 ) ;
#318 = CARTESIAN_POINT ( 'NONE',  ( -43.96334273597047115, 33.09999999999982379, -33.35720202267093981 ) ) ;
#319 = DIRECTION ( 'NONE',  ( 0.000000000000000000, 0.000000000000000000, -1.000000000000000000 ) ) ;
#320 = ORIENTED_EDGE ( 'NONE', *, *, #1793, .T. ) ;
#321 = DIRECTION ( 'NONE',  ( -1.000000000000000000, 0.000000000000000000, 0.000000000000000000 ) ) ;
#322 = EDGE_CURVE ( 'NONE', #1640, #582, #1725, .T. ) ;
#323 = CIRCLE ( 'NONE', #2481, 1.750000000000001554 ) ;
#324 = CARTESIAN_POINT ( 'NONE',  ( 53.59488972595769951, 38.09999999999983089, -72.30205941231852762 ) ) ;
#325 = ORIENTED_EDGE ( 'NONE', *, *, #931, .T. ) ;
#326 = ORIENTED_EDGE ( 'NONE', *, *, #1099, .F. ) ;
#327 = DIRECTION ( 'NONE',  ( 1.000000000000000000, 0.000000000000000000, -0.000000000000000000 ) ) ;
#328 = AXIS2_PLACEMENT_3D ( 'NONE', #1746, #637, #1309 ) ;
#329 = CIRCLE ( 'NONE', #424, 1.750000000000001554 ) ;
#330 = DIRECTION ( 'NONE',  ( -0.000000000000000000, -1.000000000000000000, -0.000000000000000000 ) ) ;
#331 = ORIENTED_EDGE ( 'NONE', *, *, #719, .T. ) ;
#332 = CARTESIAN_POINT ( 'NONE',  ( 30.98816382493798471, 33.09999999999982379, -41.39103340032787059 ) ) ;
#333 = VECTOR ( 'NONE', #1502, 1000.000000000000000 ) ;
#334 = DIRECTION ( 'NONE',  ( 0.000000000000000000, 0.000000000000000000, 1.000000000000000000 ) ) ;
#335 = AXIS2_PLACEMENT_3D ( 'NONE', #717, #1394, #68 ) ;
#336 = DIRECTION ( 'NONE',  ( 0.000000000000000000, 0.000000000000000000, 1.000000000000000000 ) ) ;
#337 = VECTOR ( 'NONE', #1319, 1000.000000000000000 ) ;
#338 = FACE_OUTER_BOUND ( 'NONE', #1463, .T. ) ;
#339 = ORIENTED_EDGE ( 'NONE', *, *, #2867, .F. ) ;
#340 = AXIS2_PLACEMENT_3D ( 'NONE', #1980, #2397, #1962 ) ;
#341 = CARTESIAN_POINT ( 'NONE',  ( 45.64446722559168990, 33.37073322930474717, -33.43109336340311444 ) ) ;
#342 = ORIENTED_EDGE ( 'NONE', *, *, #1953, .T. ) ;
#343 = ORIENTED_EDGE ( 'NONE', *, *, #467, .T. ) ;
#344 = DIRECTION ( 'NONE',  ( -0.000000000000000000, -1.000000000000000000, -0.000000000000000000 ) ) ;
#345 = ADVANCED_FACE ( 'NONE', ( #2206 ), #595, .F. ) ;
#346 = EDGE_CURVE ( 'NONE', #2375, #2673, #1481, .T. ) ;
#347 = EDGE_CURVE ( 'NONE', #429, #1857, #874, .T. ) ;
#348 = DIRECTION ( 'NONE',  ( 0.000000000000000000, 0.000000000000000000, 1.000000000000000000 ) ) ;
#349 = ORIENTED_EDGE ( 'NONE', *, *, #271, .T. ) ;
#350 = DIRECTION ( 'NONE',  ( -0.000000000000000000, -1.000000000000000000, -0.000000000000000000 ) ) ;
#351 = DIRECTION ( 'NONE',  ( 0.000000000000000000, 1.000000000000000000, -0.000000000000000000 ) ) ;
#352 = DIRECTION ( 'NONE',  ( -1.000000000000000000, 0.000000000000000000, 0.000000000000000000 ) ) ;
#353 = CARTESIAN_POINT ( 'NONE',  ( -92.39180508272795578, 38.06872489928636583, -22.11015960363888411 ) ) ;
#354 = CARTESIAN_POINT ( 'NONE',  ( 45.69461120695795131, 43.09999999999982379, -32.55330567052737223 ) ) ;
#355 = ORIENTED_EDGE ( 'NONE', *, *, #775, .F. ) ;
#356 = CARTESIAN_POINT ( 'NONE',  ( -93.32623722737464789, 43.09999999999982379, 33.59587337216297698 ) ) ;
#357 = EDGE_CURVE ( 'NONE', #376, #362, #391, .T. ) ;
#358 = ORIENTED_EDGE ( 'NONE', *, *, #2552, .T. ) ;
#359 = ORIENTED_EDGE ( 'NONE', *, *, #1530, .T. ) ;
#360 = CARTESIAN_POINT ( 'NONE',  ( 7.500000000000000000, 43.09999999999982379, 47.15000000001317204 ) ) ;
#361 = CYLINDRICAL_SURFACE ( 'NONE', #2734, 4.999999999999997335 ) ;
#362 = VERTEX_POINT ( 'NONE', #2165 ) ;
#363 = DIRECTION ( 'NONE',  ( 0.7067115387850341213, -0.000000000000000000, 0.7075018027878722249 ) ) ;
#364 = DIRECTION ( 'NONE',  ( -0.000000000000000000, -1.000000000000000000, 0.000000000000000000 ) ) ;
#365 = CARTESIAN_POINT ( 'NONE',  ( -88.23143745298615670, 36.09999999999982379, -14.99999999999999822 ) ) ;
#366 = DIRECTION ( 'NONE',  ( 0.000000000000000000, -5.551115123125785858E-15, 1.000000000000000000 ) ) ;
#367 = DIRECTION ( 'NONE',  ( 0.000000000000000000, 0.000000000000000000, -1.000000000000000000 ) ) ;
#368 = VERTEX_POINT ( 'NONE', #157 ) ;
#369 = EDGE_LOOP ( 'NONE', ( #1282, #1407, #2505, #2178 ) ) ;
#370 = DIRECTION ( 'NONE',  ( 1.000000000000000000, 0.000000000000000000, 0.000000000000000000 ) ) ;
#371 = VERTEX_POINT ( 'NONE', #651 ) ;
#372 = VERTEX_POINT ( 'NONE', #2854 ) ;
#373 = DIRECTION ( 'NONE',  ( 0.000000000000000000, 1.000000000000000000, 0.000000000000000000 ) ) ;
#374 = CIRCLE ( 'NONE', #514, 5.000000000000004441 ) ;
#375 = DIRECTION ( 'NONE',  ( -9.251858538542979716E-16, 0.000000000000000000, -1.000000000000000000 ) ) ;
#376 = VERTEX_POINT ( 'NONE', #1283 ) ;
#377 = CARTESIAN_POINT ( 'NONE',  ( -63.63873973550113305, 43.09999999999982379, -65.39048086616843136 ) ) ;
#378 = AXIS2_PLACEMENT_3D ( 'NONE', #2521, #1577, #2480 ) ;
#379 = DIRECTION ( 'NONE',  ( 0.000000000000000000, 0.000000000000000000, 1.000000000000000000 ) ) ;
#380 = CARTESIAN_POINT ( 'NONE',  ( 45.69461120695795131, 33.09999999999982379, -32.55330567052737223 ) ) ;
#381 = AXIS2_PLACEMENT_3D ( 'NONE', #1742, #1117, #868 ) ;
#382 = CARTESIAN_POINT ( 'NONE',  ( 50.64206923083142442, 43.09999999999982379, -33.27625733005246644 ) ) ;
#383 = VECTOR ( 'NONE', #2328, 1000.000000000000114 ) ;
#384 = EDGE_CURVE ( 'NONE', #2670, #1144, #2179, .T. ) ;
#385 = DIRECTION ( 'NONE',  ( 0.000000000000000000, 1.000000000000000000, 0.000000000000000000 ) ) ;
#386 = VERTEX_POINT ( 'NONE', #171 ) ;
#387 = CARTESIAN_POINT ( 'NONE',  ( -92.39212749594693719, 38.06874321297507890, 22.10885433773572117 ) ) ;
#388 = CIRCLE ( 'NONE', #1875, 5.000000000000004441 ) ;
#389 = AXIS2_PLACEMENT_3D ( 'NONE', #2252, #2894, #1127 ) ;
#390 = ORIENTED_EDGE ( 'NONE', *, *, #1265, .F. ) ;
#391 = LINE ( 'NONE', #1263, #560 ) ;
#392 = CIRCLE ( 'NONE', #103, 3.000000000000731415 ) ;
#393 = CARTESIAN_POINT ( 'NONE',  ( 0.000000000000000000, 33.09999999999982379, 0.000000000000000000 ) ) ;
#394 = ORIENTED_EDGE ( 'NONE', *, *, #499, .F. ) ;
#395 = DIRECTION ( 'NONE',  ( -0.000000000000000000, -1.000000000000000000, -0.000000000000000000 ) ) ;
#396 = FACE_BOUND ( 'NONE', #123, .T. ) ;
#397 = DIRECTION ( 'NONE',  ( 0.7072384844909962442, 0.000000000000000000, -0.7069750533469189024 ) ) ;
#398 = EDGE_CURVE ( 'NONE', #871, #537, #1955, .T. ) ;
#399 = CARTESIAN_POINT ( 'NONE',  ( -7.570303018922874827, 37.34656065230301181, 54.21187804173374047 ) ) ;
#400 = DIRECTION ( 'NONE',  ( 0.000000000000000000, 0.000000000000000000, 1.000000000000000000 ) ) ;
#401 = VERTEX_POINT ( 'NONE', #1297 ) ;
#402 = DIRECTION ( 'NONE',  ( 0.000000000000000000, 0.000000000000000000, -1.000000000000000000 ) ) ;
#403 = ORIENTED_EDGE ( 'NONE', *, *, #220, .T. ) ;
#404 = CARTESIAN_POINT ( 'NONE',  ( 0.000000000000000000, 43.09999999999982379, 0.000000000000000000 ) ) ;
#405 = LINE ( 'NONE', #1299, #1325 ) ;
#406 = VERTEX_POINT ( 'NONE', #861 ) ;
#407 = CARTESIAN_POINT ( 'NONE',  ( -87.51133733255736047, 37.79196652564998971, 21.01879475695332289 ) ) ;
#408 = ADVANCED_FACE ( 'NONE', ( #1729 ), #1538, .F. ) ;
#409 = CARTESIAN_POINT ( 'NONE',  ( -36.53222169062751590, 43.09999999999982379, -47.14125847552929827 ) ) ;
#410 = CARTESIAN_POINT ( 'NONE',  ( 38.66026934979837648, 43.09999999999982379, -38.66027471571948126 ) ) ;
#411 = CARTESIAN_POINT ( 'NONE',  ( -7.938761056440673869, 36.35458887698878527, 53.07181381348186022 ) ) ;
#412 = CARTESIAN_POINT ( 'NONE',  ( 8.451309426847871009, 34.85304811080696652, 52.21050400993728147 ) ) ;
#413 = ORIENTED_EDGE ( 'NONE', *, *, #1043, .T. ) ;
#414 = CARTESIAN_POINT ( 'NONE',  ( -93.32623722737464789, 33.43423460102258105, 17.75425146210877969 ) ) ;
#415 = ORIENTED_EDGE ( 'NONE', *, *, #516, .F. ) ;
#416 = DIRECTION ( 'NONE',  ( 0.000000000000000000, 0.000000000000000000, -1.000000000000000000 ) ) ;
#417 = EDGE_CURVE ( 'NONE', #1940, #1389, #2102, .T. ) ;
#418 = ORIENTED_EDGE ( 'NONE', *, *, #1061, .T. ) ;
#419 = DIRECTION ( 'NONE',  ( 0.000000000000000000, 1.000000000000000000, -0.000000000000000000 ) ) ;
#420 = DIRECTION ( 'NONE',  ( 0.000000000000000000, -1.000000000000000000, -1.445602896647340149E-16 ) ) ;
#421 = AXIS2_PLACEMENT_3D ( 'NONE', #683, #1140, #2712 ) ;
#422 = FACE_OUTER_BOUND ( 'NONE', #2515, .T. ) ;
#423 = LINE ( 'NONE', #1533, #147 ) ;
#424 = AXIS2_PLACEMENT_3D ( 'NONE', #2827, #811, #2128 ) ;
#425 = CARTESIAN_POINT ( 'NONE',  ( -87.74964387392122944, 43.09999999999982379, -20.00000000000000000 ) ) ;
#426 = ORIENTED_EDGE ( 'NONE', *, *, #357, .F. ) ;
#427 = DIRECTION ( 'NONE',  ( 0.000000000000000000, 0.000000000000000000, 1.000000000000000000 ) ) ;
#428 = AXIS2_PLACEMENT_3D ( 'NONE', #768, #2336, #2464 ) ;
#429 = VERTEX_POINT ( 'NONE', #2709 ) ;
#430 = DIRECTION ( 'NONE',  ( 0.000000000000000000, 0.000000000000000000, -1.000000000000000000 ) ) ;
#431 = AXIS2_PLACEMENT_3D ( 'NONE', #1244, #1677, #191 ) ;
#432 = VERTEX_POINT ( 'NONE', #708 ) ;
#433 = VERTEX_POINT ( 'NONE', #885 ) ;
#434 = CARTESIAN_POINT ( 'NONE',  ( 50.61739585229337024, 43.09999999999982379, -68.28527833385638246 ) ) ;
#435 = AXIS2_PLACEMENT_3D ( 'NONE', #774, #363, #821 ) ;
#436 = EDGE_CURVE ( 'NONE', #2038, #2751, #323, .T. ) ;
#437 = EDGE_CURVE ( 'NONE', #1524, #520, #1598, .T. ) ;
#438 = DIRECTION ( 'NONE',  ( -0.000000000000000000, -1.000000000000000000, -0.000000000000000000 ) ) ;
#439 = LINE ( 'NONE', #458, #1404 ) ;
#440 = DIRECTION ( 'NONE',  ( 0.7068508214848310267, 0.000000000000000000, 0.7073626482690611450 ) ) ;
#441 = EDGE_CURVE ( 'NONE', #1853, #2146, #1213, .T. ) ;
#442 = EDGE_CURVE ( 'NONE', #1037, #2575, #1346, .T. ) ;
#443 = ORIENTED_EDGE ( 'NONE', *, *, #959, .T. ) ;
#444 = EDGE_CURVE ( 'NONE', #2836, #2759, #2286, .T. ) ;
#445 = DIRECTION ( 'NONE',  ( -1.000000000000000000, 0.000000000000000000, 0.000000000000000000 ) ) ;
#446 = ORIENTED_EDGE ( 'NONE', *, *, #2855, .T. ) ;
#447 = CARTESIAN_POINT ( 'NONE',  ( -93.03458352372184947, 43.05509749149723575, 19.22792979551346093 ) ) ;
#448 = B_SPLINE_CURVE_WITH_KNOTS ( 'NONE', 3,
 ( #1860, #2071, #65, #2741, #1381, #1822 ),
 .UNSPECIFIED., .F., .F.,
 ( 4, 2, 4 ),
 ( 0.000000000000000000, 0.001181114303945590737, 0.002362228607891181473 ),
 .UNSPECIFIED. ) ;
#449 = LINE ( 'NONE', #457, #2403 ) ;
#450 = PLANE ( 'NONE',  #2592 ) ;
#451 = CARTESIAN_POINT ( 'NONE',  ( -32.11716389755839884, 33.09999999999982379, -42.72455555549271367 ) ) ;
#452 = ORIENTED_EDGE ( 'NONE', *, *, #1069, .T. ) ;
#453 = ORIENTED_EDGE ( 'NONE', *, *, #694, .F. ) ;
#454 = CARTESIAN_POINT ( 'NONE',  ( -33.39219204214764147, 33.09999999999982379, -45.69185294594871038 ) ) ;
#455 = ORIENTED_EDGE ( 'NONE', *, *, #2737, .T. ) ;
#456 = DIRECTION ( 'NONE',  ( 0.7071067811864991670, 0.000000000000000000, -0.7071067811865958674 ) ) ;
#457 = CARTESIAN_POINT ( 'NONE',  ( 32.45075359847975704, 43.09999999999982379, -45.70779600172358670 ) ) ;
#458 = CARTESIAN_POINT ( 'NONE',  ( 13.25410844780600073, 38.09999999999983089, 89.01869808783884253 ) ) ;
#459 = AXIS2_PLACEMENT_3D ( 'NONE', #564, #2624, #832 ) ;
#460 = CARTESIAN_POINT ( 'NONE',  ( -88.23143745298614249, 33.43472450077288727, -17.75425146210878324 ) ) ;
#461 = CARTESIAN_POINT ( 'NONE',  ( 7.500000000000001776, 43.09999999999982379, 45.90000000001318625 ) ) ;
#462 = EDGE_CURVE ( 'NONE', #1402, #773, #47, .T. ) ;
#463 = CIRCLE ( 'NONE', #2396, 2.999999999999988898 ) ;
#464 = EDGE_CURVE ( 'NONE', #2069, #9, #2008, .T. ) ;
#465 = DIRECTION ( 'NONE',  ( -0.000000000000000000, -0.000000000000000000, -1.000000000000000000 ) ) ;
#466 = AXIS2_PLACEMENT_3D ( 'NONE', #2824, #2377, #2126 ) ;
#467 = EDGE_CURVE ( 'NONE', #372, #362, #463, .T. ) ;
#468 = VERTEX_POINT ( 'NONE', #279 ) ;
#469 = CARTESIAN_POINT ( 'NONE',  ( -45.70785522343555130, 43.09999999999982379, -32.45022004480016875 ) ) ;
#470 = PRODUCT_DEFINITION_SHAPE ( 'NONE', 'NONE',  #2768 ) ;
#471 = CIRCLE ( 'NONE', #1224, 95.00000000000001421 ) ;
#472 = EDGE_LOOP ( 'NONE', ( #326, #650, #1430, #1367, #1800 ) ) ;
#473 = LINE ( 'NONE', #1153, #2013 ) ;
#474 = VECTOR ( 'NONE', #397, 1000.000000000000000 ) ;
#475 = CIRCLE ( 'NONE', #2456, 90.00000000000001421 ) ;
#476 = DIRECTION ( 'NONE',  ( 0.000000000000000000, 0.000000000000000000, 1.000000000000000000 ) ) ;
#477 = ORIENTED_EDGE ( 'NONE', *, *, #2049, .T. ) ;
#478 = ADVANCED_FACE ( 'NONE', ( #1175 ), #721, .F. ) ;
#479 = AXIS2_PLACEMENT_3D ( 'NONE', #508, #2785, #2762 ) ;
#480 = CARTESIAN_POINT ( 'NONE',  ( -87.07608190771517798, 38.09999999999983089, -22.75425146210878324 ) ) ;
#481 = LINE ( 'NONE', #2273, #2641 ) ;
#482 = VECTOR ( 'NONE', #1635, 1000.000000000000000 ) ;
#483 = EDGE_CURVE ( 'NONE', #1389, #187, #2459, .T. ) ;
#484 = CARTESIAN_POINT ( 'NONE',  ( 0.000000000000000000, 38.09999999999983089, 0.000000000000000000 ) ) ;
#485 = ORIENTED_EDGE ( 'NONE', *, *, #1294, .F. ) ;
#486 = DIRECTION ( 'NONE',  ( 0.000000000000000000, 1.000000000000000000, 0.000000000000000000 ) ) ;
#487 = DIRECTION ( 'NONE',  ( 0.000000000000000000, 0.000000000000000000, 1.000000000000000000 ) ) ;
#488 = B_SPLINE_CURVE_WITH_KNOTS ( 'NONE', 3,
 ( #1961, #2005, #1321, #1784, #881, #2861, #1979, #2457, #1107, #1991, #178, #2878, #2425, #633 ),
 .UNSPECIFIED., .F., .F.,
 ( 4, 2, 2, 2, 2, 2, 4 ),
 ( 0.000000000000000000, 0.001540213004996693509, 0.002310319507495044600, 0.003080426009993396125, 0.004620639014990094405, 0.005390745517488436389, 0.006160852019986778373 ),
 .UNSPECIFIED. ) ;
#489 = CARTESIAN_POINT ( 'NONE',  ( -93.32623722737464789, 38.09999999999983089, -15.00000000000000000 ) ) ;
#490 = VERTEX_POINT ( 'NONE', #33 ) ;
#491 = EDGE_CURVE ( 'NONE', #693, #2738, #2502, .T. ) ;
#492 = CARTESIAN_POINT ( 'NONE',  ( -93.32623722737464789, 33.09999999999982379, -12.75425146210877614 ) ) ;
#493 = LINE ( 'NONE', #1438, #572 ) ;
#494 = DIRECTION ( 'NONE',  ( 0.000000000000000000, 0.000000000000000000, 1.000000000000000000 ) ) ;
#495 = ORIENTED_EDGE ( 'NONE', *, *, #82, .T. ) ;
#496 = DIRECTION ( 'NONE',  ( -0.000000000000000000, -1.000000000000000000, -0.000000000000000000 ) ) ;
#497 = VERTEX_POINT ( 'NONE', #239 ) ;
#498 = VERTEX_POINT ( 'NONE', #2023 ) ;
#499 = EDGE_CURVE ( 'NONE', #2656, #108, #1336, .T. ) ;
#500 = LINE ( 'NONE', #489, #1976 ) ;
#501 = VERTEX_POINT ( 'NONE', #2233 ) ;
#502 = CARTESIAN_POINT ( 'NONE',  ( -43.07067608001965908, 33.09999999999983089, -43.08672495956955117 ) ) ;
#503 = DIRECTION ( 'NONE',  ( 0.000000000000000000, 1.000000000000000000, 0.000000000000000000 ) ) ;
#504 = DIRECTION ( 'NONE',  ( 0.000000000000000000, 1.000000000000000000, -0.000000000000000000 ) ) ;
#505 = AXIS2_PLACEMENT_3D ( 'NONE', #1527, #1703, #416 ) ;
#506 = VERTEX_POINT ( 'NONE', #226 ) ;
#507 = CARTESIAN_POINT ( 'NONE',  ( -53.58346679309293137, 38.09999999999983089, -72.31052541942638356 ) ) ;
#508 = CARTESIAN_POINT ( 'NONE',  ( -42.72613639261329865, 43.09999999999982379, -32.11953467481176006 ) ) ;
#509 = VECTOR ( 'NONE', #2301, 1000.000000000000000 ) ;
#510 = LINE ( 'NONE', #1400, #667 ) ;
#511 = ORIENTED_EDGE ( 'NONE', *, *, #1821, .F. ) ;
#512 = ORIENTED_EDGE ( 'NONE', *, *, #1508, .T. ) ;
#513 = CIRCLE ( 'NONE', #1355, 2.999999999999981792 ) ;
#514 = AXIS2_PLACEMENT_3D ( 'NONE', #942, #36, #1123 ) ;
#515 = FACE_OUTER_BOUND ( 'NONE', #2458, .T. ) ;
#516 = EDGE_CURVE ( 'NONE', #2607, #2636, #1799, .T. ) ;
#517 = AXIS2_PLACEMENT_3D ( 'NONE', #1676, #2810, #1198 ) ;
#518 = CARTESIAN_POINT ( 'NONE',  ( -29.87000327265468158, 43.09999999999982379, -40.73702715924716955 ) ) ;
#519 = EDGE_CURVE ( 'NONE', #2337, #2064, #2039, .T. ) ;
#520 = VERTEX_POINT ( 'NONE', #118 ) ;
#521 = VECTOR ( 'NONE', #2860, 1000.000000000000000 ) ;
#522 = FACE_OUTER_BOUND ( 'NONE', #977, .T. ) ;
#523 = DIRECTION ( 'NONE',  ( 0.7067115387850337882, 0.000000000000000000, 0.7075018027878726690 ) ) ;
#524 = CIRCLE ( 'NONE', #340, 3.000000000000002665 ) ;
#525 = DIRECTION ( 'NONE',  ( 0.000000000000000000, 0.000000000000000000, 1.000000000000000000 ) ) ;
#526 = VERTEX_POINT ( 'NONE', #1235 ) ;
#527 = ORIENTED_EDGE ( 'NONE', *, *, #1901, .F. ) ;
#528 = DIRECTION ( 'NONE',  ( 0.000000000000000000, 1.000000000000000000, -0.000000000000000000 ) ) ;
#529 =( NAMED_UNIT ( * ) PLANE_ANGLE_UNIT ( ) SI_UNIT ( $, .RADIAN. ) );
#530 = ADVANCED_FACE ( 'NONE', ( #2800 ), #2353, .F. ) ;
#531 = CARTESIAN_POINT ( 'NONE',  ( -7.499999999999998224, 43.09999999999982379, 48.90000000001317915 ) ) ;
#532 = VERTEX_POINT ( 'NONE', #558 ) ;
#533 = EDGE_CURVE ( 'NONE', #368, #1442, #1398, .T. ) ;
#534 = EDGE_LOOP ( 'NONE', ( #197, #2841, #884, #2544 ) ) ;
#535 = DIRECTION ( 'NONE',  ( 0.000000000000000000, 0.000000000000000000, 1.000000000000000000 ) ) ;
#536 = CARTESIAN_POINT ( 'NONE',  ( 32.11953467483635194, 43.09999999999982379, -44.47613639260982410 ) ) ;
#537 = VERTEX_POINT ( 'NONE', #2304 ) ;
#538 = CARTESIAN_POINT ( 'NONE',  ( -88.16075977661709828, 42.74385420483374531, 18.10549088187200439 ) ) ;
#539 = DIRECTION ( 'NONE',  ( -0.000000000000000000, -1.000000000000000000, 0.000000000000000000 ) ) ;
#540 = DIRECTION ( 'NONE',  ( 0.000000000000000000, 0.000000000000000000, 1.000000000000000000 ) ) ;
#541 = CARTESIAN_POINT ( 'NONE',  ( -93.17644135182263199, 35.77150238742402877, -18.52456951155521381 ) ) ;
#542 = EDGE_LOOP ( 'NONE', ( #989, #1435, #756, #1167 ) ) ;
#543 = CARTESIAN_POINT ( 'NONE',  ( 46.48563085303035081, 37.41301844174390823, -36.06550686996420296 ) ) ;
#544 = DIRECTION ( 'NONE',  ( 0.000000000000000000, 1.000000000000000000, -0.000000000000000000 ) ) ;
#545 = ORIENTED_EDGE ( 'NONE', *, *, #1473, .T. ) ;
#546 = ORIENTED_EDGE ( 'NONE', *, *, #652, .T. ) ;
#547 = CARTESIAN_POINT ( 'NONE',  ( -63.63873973550113305, 38.09999999999983089, -63.64048086616843136 ) ) ;
#548 = DIRECTION ( 'NONE',  ( 0.7072384844909618273, 0.000000000000000000, -0.7069750533469534304 ) ) ;
#549 = VERTEX_POINT ( 'NONE', #953 ) ;
#550 = CARTESIAN_POINT ( 'NONE',  ( -7.499999999999999112, 38.09999999999983089, 0.000000000000000000 ) ) ;
#551 = CARTESIAN_POINT ( 'NONE',  ( 0.000000000000000000, 33.09999999999982379, 0.000000000000000000 ) ) ;
#552 = CYLINDRICAL_SURFACE ( 'NONE', #1828, 1.750000000000001554 ) ;
#553 = DIRECTION ( 'NONE',  ( 0.000000000000000000, 1.000000000000000000, -0.000000000000000000 ) ) ;
#554 = EDGE_CURVE ( 'NONE', #204, #433, #1542, .T. ) ;
#555 = ORIENTED_EDGE ( 'NONE', *, *, #648, .F. ) ;
#556 = ORIENTED_EDGE ( 'NONE', *, *, #228, .T. ) ;
#557 = EDGE_CURVE ( 'NONE', #1655, #1964, #2823, .T. ) ;
#558 = CARTESIAN_POINT ( 'NONE',  ( 9.375672032814170720, 43.09999999999982379, 51.24133603427196704 ) ) ;
#559 = ADVANCED_FACE ( 'NONE', ( #1413 ), #2066, .F. ) ;
#560 = VECTOR ( 'NONE', #1942, 1000.000000000000000 ) ;
#561 = DIRECTION ( 'NONE',  ( -1.000000000000000000, 0.000000000000000000, 0.000000000000000000 ) ) ;
#562 = ORIENTED_EDGE ( 'NONE', *, *, #2520, .T. ) ;
#563 = EDGE_LOOP ( 'NONE', ( #403, #455, #1951, #1221, #2720, #2138 ) ) ;
#564 = CARTESIAN_POINT ( 'NONE',  ( -32.11716389755839884, 43.09999999999982379, -42.72455555549271367 ) ) ;
#565 = VECTOR ( 'NONE', #926, 1000.000000000000000 ) ;
#566 = CIRCLE ( 'NONE', #2249, 1.750000000000001554 ) ;
#567 = FACE_OUTER_BOUND ( 'NONE', #1774, .T. ) ;
#568 = ORIENTED_EDGE ( 'NONE', *, *, #2295, .T. ) ;
#569 = CARTESIAN_POINT ( 'NONE',  ( -33.35437024091556424, 43.09999999999982379, -43.96222290335188632 ) ) ;
#570 = VECTOR ( 'NONE', #850, 1000.000000000000000 ) ;
#571 = DIRECTION ( 'NONE',  ( 0.000000000000000000, 0.000000000000000000, -1.000000000000000000 ) ) ;
#572 = VECTOR ( 'NONE', #99, 1000.000000000000000 ) ;
#573 = EDGE_CURVE ( 'NONE', #1015, #638, #1668, .T. ) ;
#574 = DIRECTION ( 'NONE',  ( 0.000000000000000000, 1.000000000000000000, 0.000000000000000000 ) ) ;
#575 = AXIS2_PLACEMENT_3D ( 'NONE', #2856, #122, #348 ) ;
#576 = CYLINDRICAL_SURFACE ( 'NONE', #663, 4.999999999999997335 ) ;
#577 = EDGE_CURVE ( 'NONE', #1184, #1493, #1287, .T. ) ;
#578 = EDGE_LOOP ( 'NONE', ( #1578, #452, #1674, #860 ) ) ;
#579 = CIRCLE ( 'NONE', #1365, 1.750000000000001554 ) ;
#580 = CARTESIAN_POINT ( 'NONE',  ( 45.77339918948148068, 35.81774748711853817, -34.42752816888820178 ) ) ;
#581 = EDGE_LOOP ( 'NONE', ( #2035, #35, #735, #788, #1619 ) ) ;
#582 = VERTEX_POINT ( 'NONE', #507 ) ;
#583 = DIRECTION ( 'NONE',  ( 0.000000000000000000, 1.000000000000000000, -0.000000000000000000 ) ) ;
#584 = DIRECTION ( 'NONE',  ( 0.000000000000000000, 1.000000000000000000, -0.000000000000000000 ) ) ;
#585 = ORIENTED_EDGE ( 'NONE', *, *, #169, .F. ) ;
#586 = DIRECTION ( 'NONE',  ( 0.000000000000000000, 1.000000000000000000, -0.000000000000000000 ) ) ;
#587 = CYLINDRICAL_SURFACE ( 'NONE', #2298, 5.000000000000004441 ) ;
#588 = CARTESIAN_POINT ( 'NONE',  ( 0.000000000000000000, 38.09999999999983089, 0.000000000000000000 ) ) ;
#589 = CARTESIAN_POINT ( 'NONE',  ( -93.32623722737464789, 33.09999999999982379, -17.75425146210877969 ) ) ;
#590 = CARTESIAN_POINT ( 'NONE',  ( 8.624933239602507129, 34.12647569920239476, 51.98018812170784031 ) ) ;
#591 = ORIENTED_EDGE ( 'NONE', *, *, #313, .F. ) ;
#592 = FACE_OUTER_BOUND ( 'NONE', #798, .T. ) ;
#593 = ORIENTED_EDGE ( 'NONE', *, *, #1735, .T. ) ;
#594 = VERTEX_POINT ( 'NONE', #1906 ) ;
#595 = CYLINDRICAL_SURFACE ( 'NONE', #2875, 1.749999999999994671 ) ;
#596 = EDGE_CURVE ( 'NONE', #74, #1870, #2444, .T. ) ;
#597 = PLANE ( 'NONE',  #105 ) ;
#598 = ORIENTED_EDGE ( 'NONE', *, *, #1521, .T. ) ;
#599 = PLANE ( 'NONE',  #1280 ) ;
#600 = PLANE ( 'NONE',  #896 ) ;
#601 = CARTESIAN_POINT ( 'NONE',  ( -32.11716389755839884, 43.09999999999982379, -45.72455555549271367 ) ) ;
#602 = DIRECTION ( 'NONE',  ( 0.000000000000000000, 0.000000000000000000, 1.000000000000000000 ) ) ;
#603 = CARTESIAN_POINT ( 'NONE',  ( 64.63128853876649771, 38.09999999999983089, -54.31697078810061896 ) ) ;
#604 = ORIENTED_EDGE ( 'NONE', *, *, #1164, .F. ) ;
#605 = CARTESIAN_POINT ( 'NONE',  ( -92.54195465518891695, 37.94391926465105058, 21.47308296336346345 ) ) ;
#606 = ORIENTED_EDGE ( 'NONE', *, *, #900, .T. ) ;
#607 = CARTESIAN_POINT ( 'NONE',  ( 42.72613639263387597, 43.09999999999982379, -32.11953467481232138 ) ) ;
#608 = VECTOR ( 'NONE', #2546, 1000.000000000000000 ) ;
#609 = AXIS2_PLACEMENT_3D ( 'NONE', #1512, #370, #402 ) ;
#610 = CARTESIAN_POINT ( 'NONE',  ( -68.28595117242603862, 38.09999999999983089, -50.61648814839930566 ) ) ;
#611 = ORIENTED_EDGE ( 'NONE', *, *, #2511, .T. ) ;
#612 = EDGE_CURVE ( 'NONE', #1196, #2670, #2761, .T. ) ;
#613 = CARTESIAN_POINT ( 'NONE',  ( -88.23143745298615670, 33.09999999999982379, 17.75425146210877969 ) ) ;
#614 = ADVANCED_BREP_SHAPE_REPRESENTATION ( 'Part8', ( #1661, #1232 ), #2500 ) ;
#615 = CIRCLE ( 'NONE', #2724, 5.000000000000004441 ) ;
#616 = DIRECTION ( 'NONE',  ( 0.000000000000000000, 1.000000000000000000, -0.000000000000000000 ) ) ;
#617 = DIRECTION ( 'NONE',  ( 0.000000000000000000, 1.000000000000000000, -0.000000000000000000 ) ) ;
#618 = AXIS2_PLACEMENT_3D ( 'NONE', #1272, #879, #379 ) ;
#619 = FACE_OUTER_BOUND ( 'NONE', #982, .T. ) ;
#620 = AXIS2_PLACEMENT_3D ( 'NONE', #1204, #87, #2787 ) ;
#621 = DIRECTION ( 'NONE',  ( 0.000000000000000000, 1.000000000000000000, 0.000000000000000000 ) ) ;
#622 = ORIENTED_EDGE ( 'NONE', *, *, #2194, .T. ) ;
#623 = CARTESIAN_POINT ( 'NONE',  ( -41.39145498280529267, 43.09999999999982379, -30.98766651362295832 ) ) ;
#624 = VERTEX_POINT ( 'NONE', #746 ) ;
#625 = FACE_OUTER_BOUND ( 'NONE', #2538, .T. ) ;
#626 = EDGE_CURVE ( 'NONE', #1079, #1037, #2156, .T. ) ;
#627 = CIRCLE ( 'NONE', #250, 1.750000000000001554 ) ;
#628 = DIRECTION ( 'NONE',  ( 0.7071067811865959785, 0.000000000000000000, 0.7071067811864991670 ) ) ;
#629 = VERTEX_POINT ( 'NONE', #1426 ) ;
#630 = CARTESIAN_POINT ( 'NONE',  ( -88.07257009000117876, 35.77456668229261538, 18.52650432819375226 ) ) ;
#631 = FACE_OUTER_BOUND ( 'NONE', #2545, .T. ) ;
#632 = CARTESIAN_POINT ( 'NONE',  ( 7.517769852101967132, 38.09999999999983089, 84.07597621431203549 ) ) ;
#633 = CARTESIAN_POINT ( 'NONE',  ( 36.53766040462003417, 37.78221178757862475, -47.14103626112489565 ) ) ;
#634 = CARTESIAN_POINT ( 'NONE',  ( -7.499999999999998224, 33.09999999999982379, 48.90000000001317915 ) ) ;
#635 = EDGE_CURVE ( 'NONE', #2064, #520, #1353, .T. ) ;
#636 = ORIENTED_EDGE ( 'NONE', *, *, #2873, .F. ) ;
#637 = DIRECTION ( 'NONE',  ( 0.000000000000000000, 1.000000000000000000, -0.000000000000000000 ) ) ;
#638 = VERTEX_POINT ( 'NONE', #2112 ) ;
#639 = CARTESIAN_POINT ( 'NONE',  ( -33.35437024091556424, 43.09999999999982379, -43.96222290335188632 ) ) ;
#640 = EDGE_LOOP ( 'NONE', ( #1412, #1347 ) ) ;
#641 = CARTESIAN_POINT ( 'NONE',  ( -32.11716389755839884, 43.09999999999982379, -42.72455555549271367 ) ) ;
#642 = CARTESIAN_POINT ( 'NONE',  ( -50.60660752680998797, 43.09999999999982379, -68.29327400723603603 ) ) ;
#643 = CARTESIAN_POINT ( 'NONE',  ( -63.63873973550113305, 38.09999999999983089, -63.64048086616843136 ) ) ;
#644 = CARTESIAN_POINT ( 'NONE',  ( 37.77823275102507949, 38.09999999999983089, -48.38114652097825541 ) ) ;
#645 = SURFACE_SIDE_STYLE ('',( #224 ) ) ;
#646 = EDGE_LOOP ( 'NONE', ( #269, #963, #40, #2322 ) ) ;
#647 = CARTESIAN_POINT ( 'NONE',  ( 12.51776908959455525, 38.09999999999983089, 84.07321486073666961 ) ) ;
#648 = EDGE_CURVE ( 'NONE', #1375, #1261, #1126, .T. ) ;
#649 = EDGE_CURVE ( 'NONE', #371, #2337, #1820, .T. ) ;
#650 = ORIENTED_EDGE ( 'NONE', *, *, #1505, .F. ) ;
#651 = CARTESIAN_POINT ( 'NONE',  ( -93.32623722737464789, 31.09999999999982734, -10.00000000000000000 ) ) ;
#652 = EDGE_CURVE ( 'NONE', #506, #1453, #2394, .T. ) ;
#653 = ORIENTED_EDGE ( 'NONE', *, *, #1349, .T. ) ;
#654 = VERTEX_POINT ( 'NONE', #1525 ) ;
#655 = CARTESIAN_POINT ( 'NONE',  ( -88.12374663470261282, 35.34088532264307503, 18.28146049919773830 ) ) ;
#656 = FACE_OUTER_BOUND ( 'NONE', #151, .T. ) ;
#657 = AXIS2_PLACEMENT_3D ( 'NONE', #2819, #785, #1417 ) ;
#658 = DIRECTION ( 'NONE',  ( 5.551115123125785858E-15, 0.000000000000000000, 1.000000000000000000 ) ) ;
#659 = CIRCLE ( 'NONE', #1128, 2.999999999999999112 ) ;
#660 = EDGE_CURVE ( 'NONE', #2897, #2788, #2010, .T. ) ;
#661 = CARTESIAN_POINT ( 'NONE',  ( -8.565916430693444994, 34.37088807297713799, 52.05756912570910799 ) ) ;
#662 = ADVANCED_FACE ( 'NONE', ( #592 ), #167, .F. ) ;
#663 = AXIS2_PLACEMENT_3D ( 'NONE', #382, #1214, #2230 ) ;
#664 = FILL_AREA_STYLE_COLOUR ( '', #2256 ) ;
#665 = CIRCLE ( 'NONE', #2296, 4.999999999999997335 ) ;
#666 = CARTESIAN_POINT ( 'NONE',  ( -32.11716389755839884, 33.09999999999982379, -42.72455555549271367 ) ) ;
#667 = VECTOR ( 'NONE', #2308, 1000.000000000000000 ) ;
#668 = EDGE_LOOP ( 'NONE', ( #1651, #673, #230, #2050 ) ) ;
#669 = VECTOR ( 'NONE', #1074, 1000.000000000000000 ) ;
#670 = DIRECTION ( 'NONE',  ( -0.7069750533469192355, 0.000000000000000000, -0.7072384844909958002 ) ) ;
#671 = VECTOR ( 'NONE', #1195, 1000.000000000000000 ) ;
#672 = VERTEX_POINT ( 'NONE', #2399 ) ;
#673 = ORIENTED_EDGE ( 'NONE', *, *, #2316, .F. ) ;
#674 = CARTESIAN_POINT ( 'NONE',  ( -32.11716389755839884, 33.09999999999982379, -44.47455555549271367 ) ) ;
#675 = DIRECTION ( 'NONE',  ( 0.000000000000000000, -0.000000000000000000, -1.000000000000000000 ) ) ;
#676 = CARTESIAN_POINT ( 'NONE',  ( 63.63001565316833563, 43.09999999999982379, -63.64920351408611054 ) ) ;
#677 = CARTESIAN_POINT ( 'NONE',  ( -8.696056258251131155, 33.09999999999982379, 51.90000000001317204 ) ) ;
#678 = CARTESIAN_POINT ( 'NONE',  ( -93.32623722737464789, 38.09999999999983089, 17.75425146210877969 ) ) ;
#679 = VERTEX_POINT ( 'NONE', #2657 ) ;
#680 = ORIENTED_EDGE ( 'NONE', *, *, #1133, .F. ) ;
#681 = CARTESIAN_POINT ( 'NONE',  ( -33.59562937760617984, 34.37088807297715221, -45.71128628407831940 ) ) ;
#682 = ORIENTED_EDGE ( 'NONE', *, *, #1294, .T. ) ;
#683 = CARTESIAN_POINT ( 'NONE',  ( 50.61739585229337024, 38.09999999999983089, -68.28527833385638246 ) ) ;
#684 = LINE ( 'NONE', #1794, #96 ) ;
#685 = CARTESIAN_POINT ( 'NONE',  ( 32.11953467483635194, 43.09999999999982379, -45.72613639260980989 ) ) ;
#686 = EDGE_CURVE ( 'NONE', #2382, #2263, #2203, .T. ) ;
#687 = EDGE_CURVE ( 'NONE', #2072, #938, #48, .T. ) ;
#688 = CARTESIAN_POINT ( 'NONE',  ( -92.87087810503356877, 43.09999999999982379, -20.00000000000000000 ) ) ;
#689 = CARTESIAN_POINT ( 'NONE',  ( 32.11953467483635194, 43.09999999999982379, -42.72613639260982410 ) ) ;
#690 = LINE ( 'NONE', #718, #144 ) ;
#691 = ORIENTED_EDGE ( 'NONE', *, *, #347, .F. ) ;
#692 = DIRECTION ( 'NONE',  ( 0.7072384844909618273, 0.000000000000000000, -0.7069750533469534304 ) ) ;
#693 = VERTEX_POINT ( 'NONE', #1536 ) ;
#694 = EDGE_CURVE ( 'NONE', #187, #1667, #2877, .T. ) ;
#695 = ORIENTED_EDGE ( 'NONE', *, *, #2665, .F. ) ;
#696 = CARTESIAN_POINT ( 'NONE',  ( 36.53766040462001996, 43.09999999999982379, -47.14103626112489565 ) ) ;
#697 = DIRECTION ( 'NONE',  ( -0.000000000000000000, -1.000000000000000000, -0.000000000000000000 ) ) ;
#698 = ADVANCED_FACE ( 'NONE', ( #1939 ), #842, .F. ) ;
#699 = DIRECTION ( 'NONE',  ( 0.000000000000000000, 1.000000000000000000, 0.000000000000000000 ) ) ;
#700 = ORIENTED_EDGE ( 'NONE', *, *, #2194, .F. ) ;
#701 = AXIS2_PLACEMENT_3D ( 'NONE', #2767, #583, #1909 ) ;
#702 = CARTESIAN_POINT ( 'NONE',  ( -88.22476064610074786, 33.76365078478323056, -17.78752435875026094 ) ) ;
#703 = DIRECTION ( 'NONE',  ( 0.000000000000000000, 1.387778780781445676E-15, 1.000000000000000000 ) ) ;
#704 = CIRCLE ( 'NONE', #2722, 1.750000000000001554 ) ;
#705 = DIRECTION ( 'NONE',  ( 0.000000000000000000, 0.000000000000000000, 1.000000000000000000 ) ) ;
#706 = AXIS2_PLACEMENT_3D ( 'NONE', #2467, #2187, #892 ) ;
#707 = VERTEX_POINT ( 'NONE', #1726 ) ;
#708 = CARTESIAN_POINT ( 'NONE',  ( -72.30277182962757365, 38.09999999999983089, -53.59392862771692023 ) ) ;
#709 = AXIS2_PLACEMENT_3D ( 'NONE', #2299, #1864, #1199 ) ;
#710 = EDGE_CURVE ( 'NONE', #2836, #1468, #2637, .T. ) ;
#711 = DIRECTION ( 'NONE',  ( 0.7068508214848310267, 0.000000000000000000, 0.7073626482690611450 ) ) ;
#712 = VECTOR ( 'NONE', #1611, 1000.000000000000000 ) ;
#713 = AXIS2_PLACEMENT_3D ( 'NONE', #1752, #2661, #2674 ) ;
#714 = FACE_OUTER_BOUND ( 'NONE', #1609, .T. ) ;
#715 = ORIENTED_EDGE ( 'NONE', *, *, #139, .F. ) ;
#716 = CARTESIAN_POINT ( 'NONE',  ( -5.311260739369705774, 43.09999999999982379, 5.309282408829519184 ) ) ;
#717 = CARTESIAN_POINT ( 'NONE',  ( 0.000000000000000000, 43.09999999999982379, 0.000000000000000000 ) ) ;
#718 = CARTESIAN_POINT ( 'NONE',  ( -88.23143745298615670, 43.09999999999981668, -15.00000000000000000 ) ) ;
#719 = EDGE_CURVE ( 'NONE', #2700, #2358, #2851, .T. ) ;
#720 = ORIENTED_EDGE ( 'NONE', *, *, #1378, .F. ) ;
#721 = PLANE ( 'NONE',  #2484 ) ;
#722 = FACE_OUTER_BOUND ( 'NONE', #2913, .T. ) ;
#723 = CARTESIAN_POINT ( 'NONE',  ( 48.22184485181347213, 33.09999999999983089, -37.92585608999441149 ) ) ;
#724 = ORIENTED_EDGE ( 'NONE', *, *, #1653, .T. ) ;
#725 = CARTESIAN_POINT ( 'NONE',  ( -87.68614976497831037, 37.45644980193954154, -20.27851856385308693 ) ) ;
#726 = DIRECTION ( 'NONE',  ( 0.000000000000000000, 1.000000000000000000, 0.000000000000000000 ) ) ;
#727 = CARTESIAN_POINT ( 'NONE',  ( -93.32623722737464789, 33.09999999999982379, 12.75425146210877969 ) ) ;
#728 = ADVANCED_FACE ( 'NONE', ( #1293 ), #1712, .F. ) ;
#729 = ORIENTED_EDGE ( 'NONE', *, *, #1539, .F. ) ;
#730 = CARTESIAN_POINT ( 'NONE',  ( 45.92123456390604019, 36.42692734265715870, -34.93516028556170028 ) ) ;
#731 = EDGE_CURVE ( 'NONE', #2248, #1102, #2681, .T. ) ;
#732 = ORIENTED_EDGE ( 'NONE', *, *, #687, .F. ) ;
#733 = DIRECTION ( 'NONE',  ( -0.000000000000000000, -1.000000000000000000, 0.000000000000000000 ) ) ;
#734 = DIRECTION ( 'NONE',  ( 0.000000000000000000, 1.000000000000000000, 0.000000000000000000 ) ) ;
#735 = ORIENTED_EDGE ( 'NONE', *, *, #2735, .F. ) ;
#736 = CYLINDRICAL_SURFACE ( 'NONE', #2207, 4.999999999999998224 ) ;
#737 = CARTESIAN_POINT ( 'NONE',  ( 0.000000000000000000, 38.09999999999983089, 0.000000000000000000 ) ) ;
#738 = EDGE_CURVE ( 'NONE', #1830, #2830, #72, .T. ) ;
#739 = EDGE_CURVE ( 'NONE', #117, #2038, #2290, .T. ) ;
#740 = AXIS2_PLACEMENT_3D ( 'NONE', #404, #1068, #2900 ) ;
#741 = EDGE_CURVE ( 'NONE', #2754, #1971, #659, .T. ) ;
#742 = DIRECTION ( 'NONE',  ( 0.000000000000000000, 1.000000000000000000, -0.000000000000000000 ) ) ;
#743 = CIRCLE ( 'NONE', #740, 95.00000000000001421 ) ;
#744 = ORIENTED_EDGE ( 'NONE', *, *, #2271, .F. ) ;
#745 = ORIENTED_EDGE ( 'NONE', *, *, #1841, .T. ) ;
#746 = CARTESIAN_POINT ( 'NONE',  ( -63.63873973550113305, 43.09999999999982379, -61.89048086616842426 ) ) ;
#747 = CIRCLE ( 'NONE', #1440, 5.000000000000000000 ) ;
#748 = DIRECTION ( 'NONE',  ( 0.000000000000000000, 0.000000000000000000, 1.000000000000000000 ) ) ;
#749 = ORIENTED_EDGE ( 'NONE', *, *, #258, .F. ) ;
#750 = VECTOR ( 'NONE', #1808, 1000.000000000000000 ) ;
#751 = AXIS2_PLACEMENT_3D ( 'NONE', #1350, #456, #2740 ) ;
#752 = CARTESIAN_POINT ( 'NONE',  ( 72.17454306990882174, 38.09999999999983089, -53.76648893734721213 ) ) ;
#753 = AXIS2_PLACEMENT_3D ( 'NONE', #1219, #1191, #906 ) ;
#754 = EDGE_CURVE ( 'NONE', #911, #654, #1035, .T. ) ;
#755 = DIRECTION ( 'NONE',  ( 0.000000000000000000, 1.000000000000000000, -0.000000000000000000 ) ) ;
#756 = ORIENTED_EDGE ( 'NONE', *, *, #1556, .T. ) ;
#757 = CARTESIAN_POINT ( 'NONE',  ( -38.65208199660304444, 33.09999999999982379, -38.66648443149870218 ) ) ;
#758 = CIRCLE ( 'NONE', #2113, 5.000000000000004441 ) ;
#759 = CARTESIAN_POINT ( 'NONE',  ( 0.000000000000000000, 38.09999999999983089, 0.000000000000000000 ) ) ;
#760 = AXIS2_PLACEMENT_3D ( 'NONE', #2325, #1183, #1600 ) ;
#761 = CYLINDRICAL_SURFACE ( 'NONE', #2300, 5.000000000000000888 ) ;
#762 = VECTOR ( 'NONE', #1862, 1000.000000000000000 ) ;
#763 = CARTESIAN_POINT ( 'NONE',  ( -93.27580699523097962, 34.73521645607323904, -18.01778775290956958 ) ) ;
#764 = CIRCLE ( 'NONE', #479, 3.000000000000731415 ) ;
#765 = EDGE_LOOP ( 'NONE', ( #2253, #1907, #1748, #1580, #1671 ) ) ;
#766 = ORIENTED_EDGE ( 'NONE', *, *, #37, .F. ) ;
#767 = DIRECTION ( 'NONE',  ( 0.000000000000000000, 0.000000000000000000, -1.000000000000000000 ) ) ;
#768 = CARTESIAN_POINT ( 'NONE',  ( -12.49999999999999822, 43.09999999999982379, 55.14499799841156857 ) ) ;
#769 = ORIENTED_EDGE ( 'NONE', *, *, #2831, .F. ) ;
#770 = ORIENTED_EDGE ( 'NONE', *, *, #1465, .T. ) ;
#771 = CARTESIAN_POINT ( 'NONE',  ( -92.95476532852973151, 43.09999999999983089, -19.61046599460589945 ) ) ;
#772 = CYLINDRICAL_SURFACE ( 'NONE', #1044, 5.000000000000004441 ) ;
#773 = VERTEX_POINT ( 'NONE', #1323 ) ;
#774 = CARTESIAN_POINT ( 'NONE',  ( 5.121059810962342418, 38.09999999999983089, 5.126786318883723936 ) ) ;
#775 = EDGE_CURVE ( 'NONE', #2064, #1261, #690, .T. ) ;
#776 = CARTESIAN_POINT ( 'NONE',  ( -35.30907790938739765, 33.09999999999982379, -35.29592579138827801 ) ) ;
#777 = ADVANCED_FACE ( 'NONE', ( #292 ), #277, .T. ) ;
#778 = CARTESIAN_POINT ( 'NONE',  ( 13.25410844780600073, 43.09999999999982379, 89.01869808783882831 ) ) ;
#779 = CYLINDRICAL_SURFACE ( 'NONE', #802, 95.00000000000001421 ) ;
#780 = EDGE_LOOP ( 'NONE', ( #920, #1670, #2189, #181 ) ) ;
#781 = DIRECTION ( 'NONE',  ( -0.000000000000000000, -1.000000000000000000, 0.000000000000000000 ) ) ;
#782 = DIRECTION ( 'NONE',  ( -1.000000000000000000, 0.000000000000000000, 0.000000000000000000 ) ) ;
#783 = ORIENTED_EDGE ( 'NONE', *, *, #754, .F. ) ;
#784 = ORIENTED_EDGE ( 'NONE', *, *, #2563, .T. ) ;
#785 = DIRECTION ( 'NONE',  ( 0.000000000000000000, 1.000000000000000000, 0.000000000000000000 ) ) ;
#786 = EDGE_CURVE ( 'NONE', #429, #672, #704, .T. ) ;
#787 = CARTESIAN_POINT ( 'NONE',  ( 1.163414459189985801E-14, 43.09999999999982379, -95.00000000000001421 ) ) ;
#788 = ORIENTED_EDGE ( 'NONE', *, *, #2136, .F. ) ;
#789 = DIRECTION ( 'NONE',  ( -0.7069750508932143296, 0.000000000000000000, 0.7072384869437868815 ) ) ;
#790 = EDGE_CURVE ( 'NONE', #2571, #117, #1374, .T. ) ;
#791 = DIRECTION ( 'NONE',  ( 0.000000000000000000, 0.000000000000000000, 1.000000000000000000 ) ) ;
#792 = DIRECTION ( 'NONE',  ( 1.000000000000000000, 0.000000000000000000, 0.000000000000000000 ) ) ;
#793 = DIRECTION ( 'NONE',  ( 0.000000000000000000, 0.000000000000000000, 1.000000000000000000 ) ) ;
#794 = UNCERTAINTY_MEASURE_WITH_UNIT (LENGTH_MEASURE( 1.000000000000000082E-05 ), #295, 'distance_accuracy_value', 'NONE');
#795 = ORIENTED_EDGE ( 'NONE', *, *, #50, .T. ) ;
#796 = ORIENTED_EDGE ( 'NONE', *, *, #1866, .T. ) ;
#797 = CARTESIAN_POINT ( 'NONE',  ( 45.67629058895247596, 34.91167249539721951, -33.86970036700752473 ) ) ;
#798 = EDGE_LOOP ( 'NONE', ( #2482, #1311, #1995, #2672 ) ) ;
#799 = EDGE_LOOP ( 'NONE', ( #732, #2042, #1516, #2539 ) ) ;
#800 = LINE ( 'NONE', #2135, #2442 ) ;
#801 = AXIS2_PLACEMENT_3D ( 'NONE', #2443, #2621, #1078 ) ;
#802 = AXIS2_PLACEMENT_3D ( 'NONE', #1887, #2109, #148 ) ;
#803 = CARTESIAN_POINT ( 'NONE',  ( -7.499999999999999112, 43.09999999999982379, 45.90000000001317915 ) ) ;
#804 = ORIENTED_EDGE ( 'NONE', *, *, #1086, .T. ) ;
#805 = CARTESIAN_POINT ( 'NONE',  ( -46.54590404506046752, 37.33018436234176107, -35.82648399763524338 ) ) ;
#806 = AXIS2_PLACEMENT_3D ( 'NONE', #2844, #2776, #1707 ) ;
#807 = DIRECTION ( 'NONE',  ( 0.000000000000000000, 0.000000000000000000, -1.000000000000000000 ) ) ;
#808 = CIRCLE ( 'NONE', #11, 2.999999999999995559 ) ;
#809 = LINE ( 'NONE', #1256, #669 ) ;
#810 = CIRCLE ( 'NONE', #991, 5.000000000000000888 ) ;
#811 = DIRECTION ( 'NONE',  ( 0.000000000000000000, 1.000000000000000000, -0.000000000000000000 ) ) ;
#812 = DIRECTION ( 'NONE',  ( -0.000000000000000000, -1.000000000000000000, -0.000000000000000000 ) ) ;
#813 = ORIENTED_EDGE ( 'NONE', *, *, #483, .T. ) ;
#814 = CARTESIAN_POINT ( 'NONE',  ( -93.19584441993325186, 35.62721502355346104, 18.42742213491699488 ) ) ;
#815 = ADVANCED_FACE ( 'NONE', ( #2498 ), #1187, .F. ) ;
#816 = ORIENTED_EDGE ( 'NONE', *, *, #731, .T. ) ;
#817 = ORIENTED_EDGE ( 'NONE', *, *, #1231, .F. ) ;
#818 = FACE_OUTER_BOUND ( 'NONE', #297, .T. ) ;
#819 = CARTESIAN_POINT ( 'NONE',  ( -63.63873973550113305, 43.09999999999982379, -63.64048086616843136 ) ) ;
#820 = ORIENTED_EDGE ( 'NONE', *, *, #491, .T. ) ;
#821 = DIRECTION ( 'NONE',  ( 0.7075018027878722249, 0.000000000000000000, -0.7067115387850341213 ) ) ;
#822 = DIRECTION ( 'NONE',  ( 0.000000000000000000, 1.000000000000000000, -0.000000000000000000 ) ) ;
#823 = PLANE ( 'NONE',  #2065 ) ;
#824 = CARTESIAN_POINT ( 'NONE',  ( -92.61115523036080788, 37.84538178051235491, -21.17071779493335981 ) ) ;
#825 = CARTESIAN_POINT ( 'NONE',  ( 7.938978329745813411, 36.35694671410364265, 53.07382635877961974 ) ) ;
#826 = ORIENTED_EDGE ( 'NONE', *, *, #2743, .T. ) ;
#827 = ORIENTED_EDGE ( 'NONE', *, *, #2086, .T. ) ;
#828 = DIRECTION ( 'NONE',  ( -0.000000000000000000, -1.000000000000000000, -0.000000000000000000 ) ) ;
#829 = EDGE_CURVE ( 'NONE', #2358, #1830, #747, .T. ) ;
#830 = ORIENTED_EDGE ( 'NONE', *, *, #1807, .T. ) ;
#831 = ORIENTED_EDGE ( 'NONE', *, *, #491, .F. ) ;
#832 = DIRECTION ( 'NONE',  ( 0.000000000000000000, 0.000000000000000000, -1.000000000000000000 ) ) ;
#833 = CARTESIAN_POINT ( 'NONE',  ( 50.64206923083142442, 33.09999999999982379, -33.27625733005246644 ) ) ;
#834 = ORIENTED_EDGE ( 'NONE', *, *, #357, .T. ) ;
#835 = CARTESIAN_POINT ( 'NONE',  ( -87.80917458853117807, 37.10166663435357748, 19.73895414975438811 ) ) ;
#836 = CARTESIAN_POINT ( 'NONE',  ( -43.07067608001965908, 38.09999999999983089, -43.08672495956955117 ) ) ;
#837 = CARTESIAN_POINT ( 'NONE',  ( 7.500000000000000000, 43.09999999999982379, 50.65000000001317915 ) ) ;
#838 = LINE ( 'NONE', #2895, #1495 ) ;
#839 = CARTESIAN_POINT ( 'NONE',  ( 7.582096851679493987, 37.33082745392722757, 54.22318837019909665 ) ) ;
#840 = ADVANCED_FACE ( 'NONE', ( #2093 ), #1200, .F. ) ;
#841 = ORIENTED_EDGE ( 'NONE', *, *, #1807, .F. ) ;
#842 = CYLINDRICAL_SURFACE ( 'NONE', #2632, 5.000000000000000000 ) ;
#843 = EDGE_LOOP ( 'NONE', ( #2687, #1112, #2388, #1888, #156, #636 ) ) ;
#844 = DIRECTION ( 'NONE',  ( -1.000000000000000000, 0.000000000000000000, 4.625929269271486900E-16 ) ) ;
#845 = AXIS2_PLACEMENT_3D ( 'NONE', #308, #781, #2369 ) ;
#846 = FACE_OUTER_BOUND ( 'NONE', #534, .T. ) ;
#847 = ORIENTED_EDGE ( 'NONE', *, *, #1168, .F. ) ;
#848 = CYLINDRICAL_SURFACE ( 'NONE', #1978, 4.999999999999997335 ) ;
#849 = VECTOR ( 'NONE', #465, 1000.000000000000000 ) ;
#850 = DIRECTION ( 'NONE',  ( -0.000000000000000000, -1.000000000000000000, -0.000000000000000000 ) ) ;
#851 = DIRECTION ( 'NONE',  ( 0.7071068302586164256, 0.000000000000000000, 0.7071067321144751672 ) ) ;
#852 = VECTOR ( 'NONE', #697, 1000.000000000000000 ) ;
#853 = CYLINDRICAL_SURFACE ( 'NONE', #706, 1.750000000000001554 ) ;
#854 = CIRCLE ( 'NONE', #2452, 1.750000000000001554 ) ;
#855 = FACE_OUTER_BOUND ( 'NONE', #1997, .T. ) ;
#856 = ORIENTED_EDGE ( 'NONE', *, *, #1622, .T. ) ;
#857 = CARTESIAN_POINT ( 'NONE',  ( -93.32623722737464789, 28.09999999999982734, 12.75425146210877969 ) ) ;
#858 = AXIS2_PLACEMENT_3D ( 'NONE', #2269, #2465, #880 ) ;
#859 = AXIS2_PLACEMENT_3D ( 'NONE', #1919, #812, #2829 ) ;
#860 = ORIENTED_EDGE ( 'NONE', *, *, #1757, .F. ) ;
#861 = CARTESIAN_POINT ( 'NONE',  ( 7.502761353996475258, 38.09999999999983089, 56.90000000001318625 ) ) ;
#862 = ORIENTED_EDGE ( 'NONE', *, *, #2346, .T. ) ;
#863 = DIRECTION ( 'NONE',  ( 0.000000000000000000, 0.000000000000000000, 1.000000000000000000 ) ) ;
#864 = CARTESIAN_POINT ( 'NONE',  ( -41.39145498280529267, 33.09999999999982379, -30.98766651362295832 ) ) ;
#865 = CARTESIAN_POINT ( 'NONE',  ( -7.499999999999998224, 43.09999999999982379, 50.65000000001317915 ) ) ;
#866 = EDGE_CURVE ( 'NONE', #1986, #1493, #69, .T. ) ;
#867 = ADVANCED_FACE ( 'NONE', ( #1840 ), #1851, .T. ) ;
#868 = DIRECTION ( 'NONE',  ( 0.000000000000000000, 0.000000000000000000, 1.000000000000000000 ) ) ;
#869 = EDGE_CURVE ( 'NONE', #2700, #914, #1829, .T. ) ;
#870 = CARTESIAN_POINT ( 'NONE',  ( 7.793371709805064107, 36.71709362857673398, 53.41073684214509143 ) ) ;
#871 = VERTEX_POINT ( 'NONE', #2746 ) ;
#872 = CARTESIAN_POINT ( 'NONE',  ( -93.32623722737464789, 33.09999999999983089, 17.75425146210877969 ) ) ;
#873 = ORIENTED_EDGE ( 'NONE', *, *, #1963, .F. ) ;
#874 = LINE ( 'NONE', #1761, #1859 ) ;
#875 = ORIENTED_EDGE ( 'NONE', *, *, #2097, .T. ) ;
#876 = ORIENTED_EDGE ( 'NONE', *, *, #1266, .T. ) ;
#877 = CARTESIAN_POINT ( 'NONE',  ( -88.01380619160626395, 36.18339936961789505, 18.80440850410800380 ) ) ;
#878 = EDGE_CURVE ( 'NONE', #1476, #638, #2160, .T. ) ;
#879 = DIRECTION ( 'NONE',  ( 0.000000000000000000, 1.000000000000000000, -0.000000000000000000 ) ) ;
#880 = DIRECTION ( 'NONE',  ( 0.000000000000000000, 0.000000000000000000, 1.000000000000000000 ) ) ;
#881 = CARTESIAN_POINT ( 'NONE',  ( 33.90304349881826340, 35.08434013575790544, -45.75720841533998851 ) ) ;
#882 = CARTESIAN_POINT ( 'NONE',  ( 0.000000000000000000, 38.09999999999983089, 0.000000000000000000 ) ) ;
#883 = DIRECTION ( 'NONE',  ( 0.000000000000000000, 1.000000000000000000, -0.000000000000000000 ) ) ;
#884 = ORIENTED_EDGE ( 'NONE', *, *, #596, .T. ) ;
#885 = CARTESIAN_POINT ( 'NONE',  ( -9.374999999999994671, 33.09999999999982379, 51.24187424941257518 ) ) ;
#886 = ORIENTED_EDGE ( 'NONE', *, *, #1963, .T. ) ;
#887 = VERTEX_POINT ( 'NONE', #255 ) ;
#888 = CYLINDRICAL_SURFACE ( 'NONE', #2265, 1.750000000000001554 ) ;
#889 = FACE_OUTER_BOUND ( 'NONE', #1954, .T. ) ;
#890 = DIRECTION ( 'NONE',  ( 0.000000000000000000, 1.000000000000000000, 0.000000000000000000 ) ) ;
#891 = VECTOR ( 'NONE', #1813, 1000.000000000000000 ) ;
#892 = DIRECTION ( 'NONE',  ( 0.000000000000000000, 0.000000000000000000, -1.000000000000000000 ) ) ;
#893 = AXIS2_PLACEMENT_3D ( 'NONE', #211, #2633, #2666 ) ;
#894 =( LENGTH_UNIT ( ) NAMED_UNIT ( * ) SI_UNIT ( .MILLI., .METRE. ) );
#895 = VECTOR ( 'NONE', #1368, 1000.000000000000000 ) ;
#896 = AXIS2_PLACEMENT_3D ( 'NONE', #551, #1900, #2583 ) ;
#897 = EDGE_LOOP ( 'NONE', ( #784, #1392, #562, #1797, #2766 ) ) ;
#898 = VECTOR ( 'NONE', #974, 1000.000000000000000 ) ;
#899 = CARTESIAN_POINT ( 'NONE',  ( -88.23143745298615670, 38.09999999999983089, 15.00000000000000000 ) ) ;
#900 = EDGE_CURVE ( 'NONE', #1713, #1640, #615, .T. ) ;
#901 = ORIENTED_EDGE ( 'NONE', *, *, #2591, .F. ) ;
#902 = EDGE_CURVE ( 'NONE', #624, #2805, #1444, .T. ) ;
#903 = CARTESIAN_POINT ( 'NONE',  ( -93.25946388833473577, 42.74373277623868006, 18.10524933397091729 ) ) ;
#904 = DIRECTION ( 'NONE',  ( -1.000000000000000000, 0.000000000000000000, 0.000000000000000000 ) ) ;
#905 = AXIS2_PLACEMENT_3D ( 'NONE', #131, #2635, #367 ) ;
#906 = DIRECTION ( 'NONE',  ( 0.000000000000000000, 0.000000000000000000, 1.000000000000000000 ) ) ;
#907 = FACE_OUTER_BOUND ( 'NONE', #799, .T. ) ;
#908 = CARTESIAN_POINT ( 'NONE',  ( -88.09315945810297421, 35.63008389703148282, -18.42907653437419668 ) ) ;
#909 = LINE ( 'NONE', #934, #286 ) ;
#910 = ORIENTED_EDGE ( 'NONE', *, *, #444, .F. ) ;
#911 = VERTEX_POINT ( 'NONE', #268 ) ;
#912 = CARTESIAN_POINT ( 'NONE',  ( -88.23143745298615670, 36.09999999999982379, -14.99999999999999822 ) ) ;
#913 = ADVANCED_FACE ( 'NONE', ( #976 ), #2757, .F. ) ;
#914 = VERTEX_POINT ( 'NONE', #1411 ) ;
#915 = ORIENTED_EDGE ( 'NONE', *, *, #2002, .F. ) ;
#916 = DIRECTION ( 'NONE',  ( -0.7071068302586164256, 0.000000000000000000, -0.7071067321144751672 ) ) ;
#917 = PRODUCT ( 'Part8', 'Part8', '', ( #1891 ) ) ;
#918 = DIRECTION ( 'NONE',  ( -0.000000000000000000, -1.000000000000000000, -0.000000000000000000 ) ) ;
#919 = DIRECTION ( 'NONE',  ( 0.000000000000000000, -1.000000000000000000, -1.445602896647340149E-16 ) ) ;
#920 = ORIENTED_EDGE ( 'NONE', *, *, #986, .F. ) ;
#921 = PLANE ( 'NONE',  #2585 ) ;
#922 = CARTESIAN_POINT ( 'NONE',  ( 36.18959861263080313, 33.09999999999982379, -36.18959861263575561 ) ) ;
#923 = CARTESIAN_POINT ( 'NONE',  ( -88.23143745298615670, 28.09999999999982734, 33.59587337216297698 ) ) ;
#924 = ADVANCED_FACE ( 'NONE', ( #1811 ), #1160, .T. ) ;
#925 = ORIENTED_EDGE ( 'NONE', *, *, #322, .F. ) ;
#926 = DIRECTION ( 'NONE',  ( 1.000000000000000000, -0.000000000000000000, -0.000000000000000000 ) ) ;
#927 = EDGE_LOOP ( 'NONE', ( #453, #2043, #700, #2668 ) ) ;
#928 = ORIENTED_EDGE ( 'NONE', *, *, #1592, .T. ) ;
#929 = CARTESIAN_POINT ( 'NONE',  ( -88.23143745298615670, 33.09999999999983089, -17.75425146210877969 ) ) ;
#930 = ORIENTED_EDGE ( 'NONE', *, *, #2737, .F. ) ;
#931 = EDGE_CURVE ( 'NONE', #406, #506, #2048, .T. ) ;
#932 = AXIS2_PLACEMENT_3D ( 'NONE', #185, #1749, #430 ) ;
#933 = FACE_BOUND ( 'NONE', #2760, .T. ) ;
#934 = CARTESIAN_POINT ( 'NONE',  ( -32.44673841153869631, 43.09999999999982379, -45.70639737553190685 ) ) ;
#935 = AXIS2_PLACEMENT_3D ( 'NONE', #1461, #528, #2320 ) ;
#936 = DIRECTION ( 'NONE',  ( 0.000000000000000000, 1.000000000000000000, -1.445602896647340149E-16 ) ) ;
#937 = AXIS2_PLACEMENT_3D ( 'NONE', #1615, #504, #2261 ) ;
#938 = VERTEX_POINT ( 'NONE', #2570 ) ;
#939 = CARTESIAN_POINT ( 'NONE',  ( -93.32623722737464789, 36.09999999999982379, 14.99999999999999822 ) ) ;
#940 = VECTOR ( 'NONE', #1340, 1000.000000000000000 ) ;
#941 = VECTOR ( 'NONE', #1886, 1000.000000000000000 ) ;
#942 = CARTESIAN_POINT ( 'NONE',  ( -12.49999999999999822, 43.09999999999982379, 84.07585860400118349 ) ) ;
#943 = AXIS2_PLACEMENT_3D ( 'NONE', #1370, #210, #221 ) ;
#944 = CIRCLE ( 'NONE', #2693, 5.000000000000000888 ) ;
#945 = CYLINDRICAL_SURFACE ( 'NONE', #1506, 5.000000000000000888 ) ;
#946 = ORIENTED_EDGE ( 'NONE', *, *, #1998, .T. ) ;
#947 = PRODUCT_DEFINITION_FORMATION_WITH_SPECIFIED_SOURCE ( 'ANY', '', #917, .NOT_KNOWN. ) ;
#948 = DIRECTION ( 'NONE',  ( 0.000000000000000000, 1.000000000000000000, 0.000000000000000000 ) ) ;
#949 = FACE_OUTER_BOUND ( 'NONE', #1705, .T. ) ;
#950 = EDGE_CURVE ( 'NONE', #2789, #2608, #2770, .T. ) ;
#951 = DIRECTION ( 'NONE',  ( 0.000000000000000000, 1.387778780781445676E-15, -1.000000000000000000 ) ) ;
#952 = ORIENTED_EDGE ( 'NONE', *, *, #1783, .T. ) ;
#953 = CARTESIAN_POINT ( 'NONE',  ( -45.69295856810626333, 33.09999999999982379, -33.39566819130205744 ) ) ;
#954 = VERTEX_POINT ( 'NONE', #2365 ) ;
#955 = LINE ( 'NONE', #2725, #895 ) ;
#956 = ADVANCED_FACE ( 'NONE', ( #338 ), #779, .T. ) ;
#957 = FACE_OUTER_BOUND ( 'NONE', #1537, .T. ) ;
#958 = EDGE_LOOP ( 'NONE', ( #19, #2773, #1366, #2176 ) ) ;
#959 = EDGE_CURVE ( 'NONE', #526, #2318, #1155, .T. ) ;
#960 = DIRECTION ( 'NONE',  ( -0.7067115387850336772, -0.000000000000000000, -0.7075018027878725579 ) ) ;
#961 = CARTESIAN_POINT ( 'NONE',  ( 7.501792850011884006, 43.09999999999982379, 55.14632411161200309 ) ) ;
#962 = DIRECTION ( 'NONE',  ( 0.000000000000000000, 0.000000000000000000, 1.000000000000000000 ) ) ;
#963 = ORIENTED_EDGE ( 'NONE', *, *, #987, .T. ) ;
#964 = DIRECTION ( 'NONE',  ( 0.000000000000000000, 0.000000000000000000, 1.000000000000000000 ) ) ;
#965 = CARTESIAN_POINT ( 'NONE',  ( 5.297711755685933888, 38.09999999999983089, -5.295738471851143103 ) ) ;
#966 = EDGE_CURVE ( 'NONE', #532, #368, #513, .T. ) ;
#967 = CARTESIAN_POINT ( 'NONE',  ( -32.11716389755839884, 43.09999999999982379, -42.72455555549271367 ) ) ;
#968 = ORIENTED_EDGE ( 'NONE', *, *, #1694, .F. ) ;
#969 = FACE_OUTER_BOUND ( 'NONE', #958, .T. ) ;
#970 = CYLINDRICAL_SURFACE ( 'NONE', #154, 4.999999999999997335 ) ;
#971 = VERTEX_POINT ( 'NONE', #101 ) ;
#972 = PLANE ( 'NONE',  #435 ) ;
#973 = CARTESIAN_POINT ( 'NONE',  ( 7.500000000000000000, 33.09999999999982379, 50.65000000001317915 ) ) ;
#974 = DIRECTION ( 'NONE',  ( 0.000000000000000000, 1.000000000000000000, 0.000000000000000000 ) ) ;
#975 = VECTOR ( 'NONE', #844, 1000.000000000000000 ) ;
#976 = FACE_OUTER_BOUND ( 'NONE', #927, .T. ) ;
#977 = EDGE_LOOP ( 'NONE', ( #1929, #1941, #928, #606, #132, #593, #2088, #2052, #1526, #2782, #227, #598, #2068, #1686, #527, #119, #1259, #2512, #682, #2658, #2815, #325, #546, #2441, #1122, #2133 ) ) ;
#978 = CARTESIAN_POINT ( 'NONE',  ( 45.65076046786864339, 34.16314494698540472, -33.57645895248761292 ) ) ;
#979 = CIRCLE ( 'NONE', #2634, 5.000000000000000888 ) ;
#980 = CARTESIAN_POINT ( 'NONE',  ( -7.499999999999999112, 38.09999999999983089, 0.000000000000000000 ) ) ;
#981 = ORIENTED_EDGE ( 'NONE', *, *, #1361, .F. ) ;
#982 = EDGE_LOOP ( 'NONE', ( #281, #611, #443, #2821, #2381, #591 ) ) ;
#983 = CIRCLE ( 'NONE', #1176, 5.000000000000000888 ) ;
#984 = DIRECTION ( 'NONE',  ( -0.000000000000000000, -1.000000000000000000, -0.000000000000000000 ) ) ;
#985 = ADVANCED_FACE ( 'NONE', ( #1233 ), #1650, .F. ) ;
#986 = EDGE_CURVE ( 'NONE', #2375, #1763, #2879, .T. ) ;
#987 = EDGE_CURVE ( 'NONE', #887, #2670, #329, .T. ) ;
#988 = CARTESIAN_POINT ( 'NONE',  ( 0.000000000000000000, 33.09999999999982379, 12.75425146210877969 ) ) ;
#989 = ORIENTED_EDGE ( 'NONE', *, *, #222, .F. ) ;
#990 = CARTESIAN_POINT ( 'NONE',  ( -45.69295856810626333, 33.62289271424010195, -33.39566819130205744 ) ) ;
#991 = AXIS2_PLACEMENT_3D ( 'NONE', #1354, #2238, #1547 ) ;
#992 = DIRECTION ( 'NONE',  ( 1.387778780781445478E-15, 0.000000000000000000, 1.000000000000000000 ) ) ;
#993 = VECTOR ( 'NONE', #548, 1000.000000000000114 ) ;
#994 = CARTESIAN_POINT ( 'NONE',  ( 0.000000000000000000, 38.09999999999983089, 0.000000000000000000 ) ) ;
#995 = AXIS2_PLACEMENT_3D ( 'NONE', #1008, #1896, #2807 ) ;
#996 = CARTESIAN_POINT ( 'NONE',  ( -42.72613639261329865, 43.09999999999982379, -32.11953467481176006 ) ) ;
#997 = ADVANCED_FACE ( 'NONE', ( #1257 ), #2379, .T. ) ;
#998 = ORIENTED_EDGE ( 'NONE', *, *, #2550, .T. ) ;
#999 = ORIENTED_EDGE ( 'NONE', *, *, #82, .F. ) ;
#1000 = DIRECTION ( 'NONE',  ( 1.000000000000000000, -0.000000000000000000, -0.000000000000000000 ) ) ;
#1001 = DIRECTION ( 'NONE',  ( 1.000000000000000000, 0.000000000000000000, 0.000000000000000000 ) ) ;
#1002 = EDGE_CURVE ( 'NONE', #2857, #372, #2826, .T. ) ;
#1003 = FACE_OUTER_BOUND ( 'NONE', #2911, .T. ) ;
#1004 = ORIENTED_EDGE ( 'NONE', *, *, #1953, .F. ) ;
#1005 = VERTEX_POINT ( 'NONE', #1679 ) ;
#1006 = CYLINDRICAL_SURFACE ( 'NONE', #1081, 1.750000000000001554 ) ;
#1007 = EDGE_CURVE ( 'NONE', #94, #1541, #2847, .T. ) ;
#1008 = CARTESIAN_POINT ( 'NONE',  ( 0.000000000000000000, 38.09999999999983089, 0.000000000000000000 ) ) ;
#1009 = ORIENTED_EDGE ( 'NONE', *, *, #1082, .T. ) ;
#1010 = DIRECTION ( 'NONE',  ( 0.000000000000000000, 0.000000000000000000, -1.000000000000000000 ) ) ;
#1011 = FACE_BOUND ( 'NONE', #2450, .T. ) ;
#1012 = CYLINDRICAL_SURFACE ( 'NONE', #2018, 95.00000000000001421 ) ;
#1013 = DIRECTION ( 'NONE',  ( 0.000000000000000000, 1.000000000000000000, 0.000000000000000000 ) ) ;
#1014 = ORIENTED_EDGE ( 'NONE', *, *, #950, .T. ) ;
#1015 = VERTEX_POINT ( 'NONE', #1487 ) ;
#1016 = CARTESIAN_POINT ( 'NONE',  ( 0.000000000000000000, 33.09999999999983089, 22.75425146210877969 ) ) ;
#1017 = ADVANCED_FACE ( 'NONE', ( #2586 ), #576, .F. ) ;
#1018 = EDGE_LOOP ( 'NONE', ( #915, #2814, #766, #415, #1193 ) ) ;
#1019 = ORIENTED_EDGE ( 'NONE', *, *, #1735, .F. ) ;
#1020 = CARTESIAN_POINT ( 'NONE',  ( 63.63001565316833563, 38.09999999999983089, -61.89920351408611054 ) ) ;
#1021 = CARTESIAN_POINT ( 'NONE',  ( -40.60481604905307051, 43.09999999999982379, -29.99821433125165981 ) ) ;
#1022 = ORIENTED_EDGE ( 'NONE', *, *, #2855, .F. ) ;
#1023 = CARTESIAN_POINT ( 'NONE',  ( -7.499999999999998224, 43.09999999999982379, 50.65000000001317915 ) ) ;
#1024 = CARTESIAN_POINT ( 'NONE',  ( -12.49999999999999822, 38.09999999999983089, 84.07585860400118349 ) ) ;
#1025 = LINE ( 'NONE', #632, #1096 ) ;
#1026 = ADVANCED_FACE ( 'NONE', ( #223 ), #853, .F. ) ;
#1027 = CARTESIAN_POINT ( 'NONE',  ( -93.22470026333719773, 35.33813248788821682, -18.28009073782581950 ) ) ;
#1028 = CARTESIAN_POINT ( 'NONE',  ( 63.63001565316833563, 38.09999999999983089, -63.64920351408611054 ) ) ;
#1029 = ORIENTED_EDGE ( 'NONE', *, *, #626, .F. ) ;
#1030 = CARTESIAN_POINT ( 'NONE',  ( -55.92044861017913604, 36.09999999999982379, 9.999999999999996447 ) ) ;
#1031 = AXIS2_PLACEMENT_3D ( 'NONE', #2359, #2576, #109 ) ;
#1032 = ORIENTED_EDGE ( 'NONE', *, *, #2499, .F. ) ;
#1033 = ORIENTED_EDGE ( 'NONE', *, *, #2518, .F. ) ;
#1034 = FACE_OUTER_BOUND ( 'NONE', #563, .T. ) ;
#1035 = CIRCLE ( 'NONE', #1727, 3.000000000000002665 ) ;
#1036 = CYLINDRICAL_SURFACE ( 'NONE', #2218, 4.999999999999997335 ) ;
#1037 = VERTEX_POINT ( 'NONE', #2414 ) ;
#1038 = CARTESIAN_POINT ( 'NONE',  ( -46.96806475766742039, 37.69008039488227979, -36.36304365581083431 ) ) ;
#1039 = CIRCLE ( 'NONE', #2726, 2.999999999999995559 ) ;
#1040 = DIRECTION ( 'NONE',  ( 0.000000000000000000, 0.000000000000000000, 1.000000000000000000 ) ) ;
#1041 = VECTOR ( 'NONE', #2846, 1000.000000000000000 ) ;
#1042 = CARTESIAN_POINT ( 'NONE',  ( -45.70785522343555130, 43.09999999999982379, -32.45022004480016875 ) ) ;
#1043 = EDGE_CURVE ( 'NONE', #2788, #1144, #566, .T. ) ;
#1044 = AXIS2_PLACEMENT_3D ( 'NONE', #93, #2547, #2055 ) ;
#1045 = CARTESIAN_POINT ( 'NONE',  ( -92.53965095503274085, 37.93790806975681562, -21.48111650206782741 ) ) ;
#1046 = DIRECTION ( 'NONE',  ( 0.000000000000000000, 0.000000000000000000, 1.000000000000000000 ) ) ;
#1047 = EDGE_LOOP ( 'NONE', ( #1483, #910, #1687, #1734, #2708 ) ) ;
#1048 = ORIENTED_EDGE ( 'NONE', *, *, #137, .T. ) ;
#1049 = VECTOR ( 'NONE', #2420, 1000.000000000000000 ) ;
#1050 = ADVANCED_FACE ( 'NONE', ( #619 ), #1722, .T. ) ;
#1051 = DIRECTION ( 'NONE',  ( 0.7069750508932143296, 0.000000000000000000, -0.7072384869437868815 ) ) ;
#1052 = EDGE_LOOP ( 'NONE', ( #2697, #331, #886, #1893 ) ) ;
#1053 = ORIENTED_EDGE ( 'NONE', *, *, #866, .F. ) ;
#1054 = DIRECTION ( 'NONE',  ( 1.000000000000000000, -0.000000000000000000, 0.000000000000000000 ) ) ;
#1055 = FACE_OUTER_BOUND ( 'NONE', #1416, .T. ) ;
#1056 = ORIENTED_EDGE ( 'NONE', *, *, #635, .T. ) ;
#1057 = CARTESIAN_POINT ( 'NONE',  ( -87.35993654240515127, 37.97678228405862910, 21.63949567630429982 ) ) ;
#1058 = EDGE_CURVE ( 'NONE', #30, #2656, #2191, .T. ) ;
#1059 = ADVANCED_FACE ( 'NONE', ( #1949 ), #2200, .F. ) ;
#1060 = DIRECTION ( 'NONE',  ( -0.000000000000000000, -1.000000000000000000, 0.000000000000000000 ) ) ;
#1061 = EDGE_CURVE ( 'NONE', #1402, #2607, #423, .T. ) ;
#1062 = DIRECTION ( 'NONE',  ( 0.000000000000000000, 1.000000000000000000, 0.000000000000000000 ) ) ;
#1063 = CARTESIAN_POINT ( 'NONE',  ( -93.19364360429575811, 35.62889546270306340, -18.43776690187034362 ) ) ;
#1064 = DIRECTION ( 'NONE',  ( -0.000000000000000000, -1.000000000000000000, 0.000000000000000000 ) ) ;
#1065 = ORIENTED_EDGE ( 'NONE', *, *, #1058, .F. ) ;
#1066 = CARTESIAN_POINT ( 'NONE',  ( -63.63873973550113305, 38.09999999999983089, -63.64048086616843136 ) ) ;
#1067 = ORIENTED_EDGE ( 'NONE', *, *, #2405, .T. ) ;
#1068 = DIRECTION ( 'NONE',  ( 0.000000000000000000, 1.000000000000000000, -0.000000000000000000 ) ) ;
#1069 = EDGE_CURVE ( 'NONE', #532, #2799, #2239, .T. ) ;
#1070 = DIRECTION ( 'NONE',  ( 0.000000000000000000, 1.000000000000000000, -0.000000000000000000 ) ) ;
#1071 = ORIENTED_EDGE ( 'NONE', *, *, #179, .T. ) ;
#1072 = CARTESIAN_POINT ( 'NONE',  ( 0.000000000000000000, 38.09999999999983089, 0.000000000000000000 ) ) ;
#1073 = LINE ( 'NONE', #836, #1873 ) ;
#1074 = DIRECTION ( 'NONE',  ( -0.000000000000000000, -0.000000000000000000, -1.000000000000000000 ) ) ;
#1075 = CARTESIAN_POINT ( 'NONE',  ( 9.375672032814170720, 43.09999999999982379, 51.24133603427196704 ) ) ;
#1076 = CARTESIAN_POINT ( 'NONE',  ( 7.627538711123823312, 37.18819411871848502, 54.01014710179134681 ) ) ;
#1077 = ORIENTED_EDGE ( 'NONE', *, *, #2213, .F. ) ;
#1078 = DIRECTION ( 'NONE',  ( 0.000000000000000000, 0.000000000000000000, 1.000000000000000000 ) ) ;
#1079 = VERTEX_POINT ( 'NONE', #234 ) ;
#1080 = CARTESIAN_POINT ( 'NONE',  ( -88.23143745298615670, 31.09999999999982734, 9.999999999999996447 ) ) ;
#1081 = AXIS2_PLACEMENT_3D ( 'NONE', #1926, #2838, #1621 ) ;
#1082 = EDGE_CURVE ( 'NONE', #2263, #2029, #1173, .T. ) ;
#1083 = VECTOR ( 'NONE', #2417, 1000.000000000000000 ) ;
#1084 = ORIENTED_EDGE ( 'NONE', *, *, #986, .T. ) ;
#1085 = CARTESIAN_POINT ( 'NONE',  ( -87.96890831167010560, 36.43416940149948857, 19.01389259957058187 ) ) ;
#1086 = EDGE_CURVE ( 'NONE', #1986, #2656, #488, .T. ) ;
#1087 = AXIS2_PLACEMENT_3D ( 'NONE', #2555, #1935, #2348 ) ;
#1088 = EDGE_CURVE ( 'NONE', #362, #2754, #838, .T. ) ;
#1089 = DIRECTION ( 'NONE',  ( 1.000000000000000000, 0.000000000000000000, -4.625929269271486900E-16 ) ) ;
#1090 = LINE ( 'NONE', #865, #1275 ) ;
#1091 = VECTOR ( 'NONE', #438, 1000.000000000000000 ) ;
#1092 = VECTOR ( 'NONE', #782, 1000.000000000000000 ) ;
#1093 = DIRECTION ( 'NONE',  ( -0.000000000000000000, -1.000000000000000000, 0.000000000000000000 ) ) ;
#1094 = ORIENTED_EDGE ( 'NONE', *, *, #1266, .F. ) ;
#1095 = CARTESIAN_POINT ( 'NONE',  ( -93.07903110047324446, 36.42883580588321024, 19.00921319003668586 ) ) ;
#1096 = VECTOR ( 'NONE', #2378, 1000.000000000000000 ) ;
#1097 = VECTOR ( 'NONE', #1104, 1000.000000000000000 ) ;
#1098 = ORIENTED_EDGE ( 'NONE', *, *, #1475, .T. ) ;
#1099 = EDGE_CURVE ( 'NONE', #2789, #204, #2639, .T. ) ;
#1100 = CYLINDRICAL_SURFACE ( 'NONE', #505, 2.999999999999988898 ) ;
#1101 = VERTEX_POINT ( 'NONE', #1129 ) ;
#1102 = VERTEX_POINT ( 'NONE', #1383 ) ;
#1103 = EDGE_CURVE ( 'NONE', #679, #1964, #1796, .T. ) ;
#1104 = DIRECTION ( 'NONE',  ( 0.7072384844909962442, 0.000000000000000000, -0.7069750533469189024 ) ) ;
#1105 = CARTESIAN_POINT ( 'NONE',  ( 7.500000000000000000, 43.09999999999982379, 47.15000000001317204 ) ) ;
#1106 = CARTESIAN_POINT ( 'NONE',  ( -93.32623722737464789, 38.09999999999983089, -15.00000000000000000 ) ) ;
#1107 = CARTESIAN_POINT ( 'NONE',  ( 35.10364035412874983, 36.71688012196914741, -46.12110317697466400 ) ) ;
#1108 = CARTESIAN_POINT ( 'NONE',  ( 0.000000000000000000, 38.09999999999983089, 91.75000000000001421 ) ) ;
#1109 = DIRECTION ( 'NONE',  ( 0.000000000000000000, 0.000000000000000000, 1.000000000000000000 ) ) ;
#1110 = ORIENTED_EDGE ( 'NONE', *, *, #1841, .F. ) ;
#1111 = CYLINDRICAL_SURFACE ( 'NONE', #2340, 5.000000000000000888 ) ;
#1112 = ORIENTED_EDGE ( 'NONE', *, *, #1099, .T. ) ;
#1113 = ORIENTED_EDGE ( 'NONE', *, *, #222, .T. ) ;
#1114 = CARTESIAN_POINT ( 'NONE',  ( -93.32623722737464789, 42.56728256376937480, -17.75425146210877969 ) ) ;
#1115 = FACE_OUTER_BOUND ( 'NONE', #1246, .T. ) ;
#1116 = DIRECTION ( 'NONE',  ( -0.000000000000000000, -1.000000000000000000, 0.000000000000000000 ) ) ;
#1117 = DIRECTION ( 'NONE',  ( 0.000000000000000000, 1.000000000000000000, 0.000000000000000000 ) ) ;
#1118 = CARTESIAN_POINT ( 'NONE',  ( -47.14119418568311204, 37.78187654411910756, -36.53623759484863598 ) ) ;
#1119 = EDGE_CURVE ( 'NONE', #1964, #2501, #1575, .T. ) ;
#1120 = ORIENTED_EDGE ( 'NONE', *, *, #3, .T. ) ;
#1121 = CARTESIAN_POINT ( 'NONE',  ( -35.09987476376542048, 36.71749325645630790, -46.12130561054861744 ) ) ;
#1122 = ORIENTED_EDGE ( 'NONE', *, *, #1694, .T. ) ;
#1123 = DIRECTION ( 'NONE',  ( 0.000000000000000000, 0.000000000000000000, 1.000000000000000000 ) ) ;
#1124 = VECTOR ( 'NONE', #312, 1000.000000000000000 ) ;
#1125 = CARTESIAN_POINT ( 'NONE',  ( 0.000000000000000000, 38.09999999999983089, 95.00000000000001421 ) ) ;
#1126 = CIRCLE ( 'NONE', #1314, 5.000000000000000888 ) ;
#1127 = DIRECTION ( 'NONE',  ( 0.000000000000000000, 0.000000000000000000, 1.000000000000000000 ) ) ;
#1128 = AXIS2_PLACEMENT_3D ( 'NONE', #2910, #883, #2680 ) ;
#1129 = CARTESIAN_POINT ( 'NONE',  ( 0.000000000000000000, 38.09999999999983089, 95.00000000000001421 ) ) ;
#1130 = VECTOR ( 'NONE', #1408, 1000.000000000000000 ) ;
#1131 = DIRECTION ( 'NONE',  ( 0.7071067811865959785, 0.000000000000000000, 0.7071067811864991670 ) ) ;
#1132 = ORIENTED_EDGE ( 'NONE', *, *, #2619, .T. ) ;
#1133 = EDGE_CURVE ( 'NONE', #2072, #2805, #2717, .T. ) ;
#1134 = AXIS2_PLACEMENT_3D ( 'NONE', #209, #1947, #2859 ) ;
#1135 = ORIENTED_EDGE ( 'NONE', *, *, #554, .T. ) ;
#1136 = STYLED_ITEM ( 'NONE', ( #2047 ), #1661 ) ;
#1137 = CARTESIAN_POINT ( 'NONE',  ( -88.23143745298615670, 31.09999999999982734, -14.99999999999999822 ) ) ;
#1138 = VECTOR ( 'NONE', #2906, 1000.000000000000000 ) ;
#1139 = ORIENTED_EDGE ( 'NONE', *, *, #2550, .F. ) ;
#1140 = DIRECTION ( 'NONE',  ( 0.000000000000000000, 1.000000000000000000, 0.000000000000000000 ) ) ;
#1141 = VECTOR ( 'NONE', #1436, 1000.000000000000000 ) ;
#1142 = LINE ( 'NONE', #2098, #2828 ) ;
#1143 = CARTESIAN_POINT ( 'NONE',  ( -88.23143745298615670, 43.09999999999981668, 15.00000000000000000 ) ) ;
#1144 = VERTEX_POINT ( 'NONE', #1838 ) ;
#1145 = EDGE_CURVE ( 'NONE', #490, #2673, #1778, .T. ) ;
#1146 = DIRECTION ( 'NONE',  ( -0.7072384844909962442, 0.000000000000000000, 0.7069750533469189024 ) ) ;
#1147 = DIRECTION ( 'NONE',  ( 0.7069750533469189024, -0.000000000000000000, 0.7072384844909962442 ) ) ;
#1148 = CARTESIAN_POINT ( 'NONE',  ( -63.63873973550113305, 43.09999999999982379, -63.64048086616843136 ) ) ;
#1149 = VERTEX_POINT ( 'NONE', #688 ) ;
#1150 = CARTESIAN_POINT ( 'NONE',  ( -36.53222169062750169, 37.78187654411912177, -47.14125847552929827 ) ) ;
#1151 = ORIENTED_EDGE ( 'NONE', *, *, #1990, .T. ) ;
#1152 = ORIENTED_EDGE ( 'NONE', *, *, #261, .T. ) ;
#1153 = CARTESIAN_POINT ( 'NONE',  ( 35.31620666127303565, 43.09999999999982379, -35.29065289400688243 ) ) ;
#1154 = ADVANCED_FACE ( 'NONE', ( #1589 ), #736, .F. ) ;
#1155 = B_SPLINE_CURVE_WITH_KNOTS ( 'NONE', 3,
 ( #2395, #164, #353, #2142, #1045, #824, #2602, #1245, #1458, #1424, #2797, #2174, #116, #541, #1063, #1027, #2780, #763, #1665, #2616, #2330, #589 ),
 .UNSPECIFIED., .F., .F.,
 ( 4, 2, 2, 2, 2, 2, 2, 2, 2, 2, 4 ),
 ( 0.000000000000000000, 0.0009884049360381350416, 0.001482607404057209718, 0.001976809872076284395, 0.002965214808114440687, 0.003953619744152597412, 0.004942024680190754138, 0.005436227148209833368, 0.005930429616228912598, 0.006918834552267046772, 0.007907239488305182681 ),
 .UNSPECIFIED. ) ;
#1156 = LINE ( 'NONE', #2792, #2783 ) ;
#1157 = ORIENTED_EDGE ( 'NONE', *, *, #1361, .T. ) ;
#1158 = CARTESIAN_POINT ( 'NONE',  ( -87.47703788242328926, 37.85090085471582455, -21.16275001949173173 ) ) ;
#1159 = B_SPLINE_CURVE_WITH_KNOTS ( 'NONE', 3,
 ( #1356, #460, #702, #1185, #1627, #17, #908, #2516, #2255, #2494, #1372, #725, #2074, #1158, #28, #2730, #1613, #480 ),
 .UNSPECIFIED., .F., .F.,
 ( 4, 2, 2, 2, 2, 2, 2, 2, 4 ),
 ( 0.000000000000000000, 0.0009898298528110967102, 0.001979659705622193420, 0.002969489558433290131, 0.003959319411244386841, 0.004949149264055483985, 0.005938979116866580261, 0.006928808969677676538, 0.007918638822488773682 ),
 .UNSPECIFIED. ) ;
#1160 = PLANE ( 'NONE',  #237 ) ;
#1161 = ORIENTED_EDGE ( 'NONE', *, *, #1164, .T. ) ;
#1162 = DIRECTION ( 'NONE',  ( 0.000000000000000000, 0.000000000000000000, 1.000000000000000000 ) ) ;
#1163 = FACE_OUTER_BOUND ( 'NONE', #780, .T. ) ;
#1164 = EDGE_CURVE ( 'NONE', #2857, #1986, #2532, .T. ) ;
#1165 = CARTESIAN_POINT ( 'NONE',  ( 5.121059810962342418, 38.09999999999983089, 5.126786318883723936 ) ) ;
#1166 = ADVANCED_FACE ( 'NONE', ( #522, #933, #1393, #2059 ), #921, .F. ) ;
#1167 = ORIENTED_EDGE ( 'NONE', *, *, #1002, .T. ) ;
#1168 = EDGE_CURVE ( 'NONE', #2234, #594, #1159, .T. ) ;
#1169 = DIRECTION ( 'NONE',  ( 0.000000000000000000, 1.000000000000000000, -0.000000000000000000 ) ) ;
#1170 = DIRECTION ( 'NONE',  ( 0.000000000000000000, 0.000000000000000000, 1.000000000000000000 ) ) ;
#1171 = AXIS2_PLACEMENT_3D ( 'NONE', #1994, #2221, #1109 ) ;
#1172 = CARTESIAN_POINT ( 'NONE',  ( 42.72613639263387597, 43.09999999999982379, -32.11953467481232138 ) ) ;
#1173 = CIRCLE ( 'NONE', #893, 3.000000000000002665 ) ;
#1174 = ORIENTED_EDGE ( 'NONE', *, *, #2335, .T. ) ;
#1175 = FACE_OUTER_BOUND ( 'NONE', #1252, .T. ) ;
#1176 = AXIS2_PLACEMENT_3D ( 'NONE', #1693, #1211, #2568 ) ;
#1177 = CIRCLE ( 'NONE', #2833, 90.00000000000001421 ) ;
#1178 = EDGE_CURVE ( 'NONE', #433, #386, #2046, .T. ) ;
#1179 = ORIENTED_EDGE ( 'NONE', *, *, #1088, .F. ) ;
#1180 = DIRECTION ( 'NONE',  ( 0.000000000000000000, 1.000000000000000000, -1.445602896647340149E-16 ) ) ;
#1181 = CIRCLE ( 'NONE', #431, 4.999999999999997335 ) ;
#1182 = AXIS2_PLACEMENT_3D ( 'NONE', #434, #2212, #863 ) ;
#1183 = DIRECTION ( 'NONE',  ( 0.000000000000000000, 1.000000000000000000, 0.000000000000000000 ) ) ;
#1184 = VERTEX_POINT ( 'NONE', #2272 ) ;
#1185 = CARTESIAN_POINT ( 'NONE',  ( -88.19840340363467135, 34.41039736434891694, -17.91775797706337059 ) ) ;
#1186 = DIRECTION ( 'NONE',  ( -0.000000000000000000, -1.000000000000000000, -0.000000000000000000 ) ) ;
#1187 = PLANE ( 'NONE',  #4 ) ;
#1188 = ORIENTED_EDGE ( 'NONE', *, *, #127, .F. ) ;
#1189 = CARTESIAN_POINT ( 'NONE',  ( 45.69203722190535188, 35.14989090891540968, -33.99540118440474146 ) ) ;
#1190 = APPLICATION_PROTOCOL_DEFINITION ( 'draft international standard', 'automotive_design', 1998, #2869 ) ;
#1191 = DIRECTION ( 'NONE',  ( 0.000000000000000000, 1.000000000000000000, -0.000000000000000000 ) ) ;
#1192 = ORIENTED_EDGE ( 'NONE', *, *, #2389, .F. ) ;
#1193 = ORIENTED_EDGE ( 'NONE', *, *, #1061, .F. ) ;
#1194 = LINE ( 'NONE', #1858, #1124 ) ;
#1195 = DIRECTION ( 'NONE',  ( -0.7069750533469190135, 0.000000000000000000, -0.7072384844909961332 ) ) ;
#1196 = VERTEX_POINT ( 'NONE', #67 ) ;
#1197 = DIRECTION ( 'NONE',  ( 0.000000000000000000, 1.000000000000000000, 0.000000000000000000 ) ) ;
#1198 = DIRECTION ( 'NONE',  ( 0.000000000000000000, 0.000000000000000000, 1.000000000000000000 ) ) ;
#1199 = DIRECTION ( 'NONE',  ( 0.000000000000000000, 0.000000000000000000, -1.000000000000000000 ) ) ;
#1200 = CYLINDRICAL_SURFACE ( 'NONE', #282, 90.00000000000001421 ) ;
#1201 = EDGE_CURVE ( 'NONE', #1924, #30, #265, .T. ) ;
#1202 = ORIENTED_EDGE ( 'NONE', *, *, #436, .T. ) ;
#1203 = DIRECTION ( 'NONE',  ( -0.000000000000000000, 0.000000000000000000, -1.000000000000000000 ) ) ;
#1204 = CARTESIAN_POINT ( 'NONE',  ( -88.23143745298615670, 43.09999999999982379, 33.59587337216297698 ) ) ;
#1205 = ORIENTED_EDGE ( 'NONE', *, *, #137, .F. ) ;
#1206 = ORIENTED_EDGE ( 'NONE', *, *, #2909, .F. ) ;
#1207 = DIRECTION ( 'NONE',  ( 0.000000000000000000, 1.000000000000000000, -0.000000000000000000 ) ) ;
#1208 = FACE_OUTER_BOUND ( 'NONE', #2147, .T. ) ;
#1209 = ORIENTED_EDGE ( 'NONE', *, *, #2213, .T. ) ;
#1210 = CARTESIAN_POINT ( 'NONE',  ( -87.92448023676072921, 43.05395690070986348, 19.22064950091402125 ) ) ;
#1211 = DIRECTION ( 'NONE',  ( 1.000000000000000000, -0.000000000000000000, -0.000000000000000000 ) ) ;
#1212 = CARTESIAN_POINT ( 'NONE',  ( 7.501792850011884894, 37.78237342364305817, 55.14632411161200309 ) ) ;
#1213 = CIRCLE ( 'NONE', #1678, 2.999999999999988898 ) ;
#1214 = DIRECTION ( 'NONE',  ( -0.000000000000000000, -1.000000000000000000, -0.000000000000000000 ) ) ;
#1215 = AXIS2_PLACEMENT_3D ( 'NONE', #1016, #1890, #2557 ) ;
#1216 = EDGE_CURVE ( 'NONE', #1830, #2007, #1825, .T. ) ;
#1217 = ORIENTED_EDGE ( 'NONE', *, *, #533, .T. ) ;
#1218 = DIRECTION ( 'NONE',  ( 0.000000000000000000, 0.000000000000000000, 1.000000000000000000 ) ) ;
#1219 = CARTESIAN_POINT ( 'NONE',  ( -32.11716389755839884, 43.09999999999982379, -42.72455555549271367 ) ) ;
#1220 = ORIENTED_EDGE ( 'NONE', *, *, #738, .T. ) ;
#1221 = ORIENTED_EDGE ( 'NONE', *, *, #573, .T. ) ;
#1222 = CIRCLE ( 'NONE', #517, 1.749999999999994671 ) ;
#1223 = DIRECTION ( 'NONE',  ( 0.000000000000000000, 1.000000000000000000, 0.000000000000000000 ) ) ;
#1224 = AXIS2_PLACEMENT_3D ( 'NONE', #737, #57, #2535 ) ;
#1225 = DIRECTION ( 'NONE',  ( 0.000000000000000000, -0.000000000000000000, 1.000000000000000000 ) ) ;
#1226 = EDGE_LOOP ( 'NONE', ( #1206, #2853, #256, #1313 ) ) ;
#1227 = DIRECTION ( 'NONE',  ( 0.000000000000000000, 1.000000000000000000, 0.000000000000000000 ) ) ;
#1228 = AXIS2_PLACEMENT_3D ( 'NONE', #1586, #1116, #1573 ) ;
#1229 = CARTESIAN_POINT ( 'NONE',  ( 7.500000000000001776, 33.09999999999982379, 45.90000000001318625 ) ) ;
#1230 = CARTESIAN_POINT ( 'NONE',  ( 0.000000000000000000, 43.09999999999982379, 0.000000000000000000 ) ) ;
#1231 = EDGE_CURVE ( 'NONE', #2318, #49, #979, .T. ) ;
#1232 = AXIS2_PLACEMENT_3D ( 'NONE', #1618, #2236, #1001 ) ;
#1233 = FACE_OUTER_BOUND ( 'NONE', #23, .T. ) ;
#1234 = EDGE_LOOP ( 'NONE', ( #1460, #876, #1510, #1447, #32, #2565, #355, #1056, #2385, #1315, #2473, #1625 ) ) ;
#1235 = CARTESIAN_POINT ( 'NONE',  ( -92.23472253115484421, 38.09999999999983089, -22.75425146210877969 ) ) ;
#1236 = VERTEX_POINT ( 'NONE', #1229 ) ;
#1237 = ORIENTED_EDGE ( 'NONE', *, *, #2119, .F. ) ;
#1238 = CARTESIAN_POINT ( 'NONE',  ( -12.49999999999999822, 38.09999999999983089, 89.07585860400118349 ) ) ;
#1239 = EDGE_CURVE ( 'NONE', #2146, #376, #1730, .T. ) ;
#1240 = DIRECTION ( 'NONE',  ( 0.000000000000000000, 1.000000000000000000, -0.000000000000000000 ) ) ;
#1241 = EDGE_LOOP ( 'NONE', ( #1249, #2293, #2082, #981 ) ) ;
#1242 = DIRECTION ( 'NONE',  ( 0.000000000000000000, 0.000000000000000000, 1.000000000000000000 ) ) ;
#1243 = LINE ( 'NONE', #776, #383 ) ;
#1244 = CARTESIAN_POINT ( 'NONE',  ( -68.28595117242603862, 38.09999999999983089, -50.61648814839930566 ) ) ;
#1245 = CARTESIAN_POINT ( 'NONE',  ( -92.74800417640820172, 37.60678035870556357, -20.56460237828635584 ) ) ;
#1246 = EDGE_LOOP ( 'NONE', ( #875, #820, #2804, #1326 ) ) ;
#1247 = CARTESIAN_POINT ( 'NONE',  ( -93.22649204440753579, 35.33868124058336946, 18.27123762596680479 ) ) ;
#1248 = ORIENTED_EDGE ( 'NONE', *, *, #1999, .T. ) ;
#1249 = ORIENTED_EDGE ( 'NONE', *, *, #2049, .F. ) ;
#1250 = DIRECTION ( 'NONE',  ( 0.000000000000000000, 1.000000000000000000, 0.000000000000000000 ) ) ;
#1251 = DIRECTION ( 'NONE',  ( 0.000000000000000000, 1.000000000000000000, -0.000000000000000000 ) ) ;
#1252 = EDGE_LOOP ( 'NONE', ( #745, #46, #2319, #2808 ) ) ;
#1253 = CARTESIAN_POINT ( 'NONE',  ( -45.73882630124667514, 34.85270231367153571, -33.78867622669386606 ) ) ;
#1254 = CARTESIAN_POINT ( 'NONE',  ( 0.000000000000000000, 43.09999999999982379, 0.000000000000000000 ) ) ;
#1255 = ADVANCED_FACE ( 'NONE', ( #145 ), #317, .F. ) ;
#1256 = CARTESIAN_POINT ( 'NONE',  ( -93.32623722737464789, 28.09999999999982734, 33.59587337216297698 ) ) ;
#1257 = FACE_OUTER_BOUND ( 'NONE', #1226, .T. ) ;
#1258 = CARTESIAN_POINT ( 'NONE',  ( -88.23143745298615670, 38.09999999999983089, 15.00000000000000000 ) ) ;
#1259 = ORIENTED_EDGE ( 'NONE', *, *, #878, .T. ) ;
#1260 = CARTESIAN_POINT ( 'NONE',  ( -92.61396001322576410, 37.85002015406488596, 21.16006009523153608 ) ) ;
#1261 = VERTEX_POINT ( 'NONE', #114 ) ;
#1262 = ORIENTED_EDGE ( 'NONE', *, *, #1802, .F. ) ;
#1263 = CARTESIAN_POINT ( 'NONE',  ( 29.87377323208440671, 43.09999999999982379, -40.73702715924716955 ) ) ;
#1264 = AXIS2_PLACEMENT_3D ( 'NONE', #1759, #2428, #2190 ) ;
#1265 = EDGE_CURVE ( 'NONE', #971, #911, #1243, .T. ) ;
#1266 = EDGE_CURVE ( 'NONE', #2007, #2700, #240, .T. ) ;
#1267 = AXIS2_PLACEMENT_3D ( 'NONE', #2297, #1169, #2033 ) ;
#1268 = DIRECTION ( 'NONE',  ( 1.000000000000000000, 0.000000000000000000, -9.251858538542971828E-16 ) ) ;
#1269 = ORIENTED_EDGE ( 'NONE', *, *, #444, .T. ) ;
#1270 = DIRECTION ( 'NONE',  ( 0.000000000000000000, 0.000000000000000000, 1.000000000000000000 ) ) ;
#1271 = CIRCLE ( 'NONE', #2060, 5.000000000000004441 ) ;
#1272 = CARTESIAN_POINT ( 'NONE',  ( 0.000000000000000000, 38.09999999999983089, 90.00000000000001421 ) ) ;
#1273 = VECTOR ( 'NONE', #574, 1000.000000000000000 ) ;
#1274 = CARTESIAN_POINT ( 'NONE',  ( 54.15227111902797219, 43.09999999999982379, -64.74908591140139436 ) ) ;
#1275 = VECTOR ( 'NONE', #1989, 1000.000000000000000 ) ;
#1276 = CARTESIAN_POINT ( 'NONE',  ( -7.499999999999999112, 33.09999999999983089, 56.90000000001317204 ) ) ;
#1277 = CARTESIAN_POINT ( 'NONE',  ( -12.49999999999999822, 38.09999999999983089, 84.07585860400118349 ) ) ;
#1278 = EDGE_CURVE ( 'NONE', #2370, #2323, #1222, .T. ) ;
#1279 = ORIENTED_EDGE ( 'NONE', *, *, #1680, .T. ) ;
#1280 = AXIS2_PLACEMENT_3D ( 'NONE', #2327, #2343, #789 ) ;
#1281 = CARTESIAN_POINT ( 'NONE',  ( -92.98298588141334164, 36.88730694220821960, 19.47358604068646670 ) ) ;
#1282 = ORIENTED_EDGE ( 'NONE', *, *, #1377, .F. ) ;
#1283 = CARTESIAN_POINT ( 'NONE',  ( 29.87377323208440671, 43.09999999999982379, -40.73702715924716955 ) ) ;
#1284 = LINE ( 'NONE', #1944, #2120 ) ;
#1285 = ORIENTED_EDGE ( 'NONE', *, *, #229, .T. ) ;
#1286 = LINE ( 'NONE', #2422, #1745 ) ;
#1287 = B_SPLINE_CURVE_WITH_KNOTS ( 'NONE', 3,
 ( #1634, #2095, #294, #543, #1843, #2590, #2748, #730, #1443, #580, #1617, #1189, #797, #84, #978, #2523, #341, #2131 ),
 .UNSPECIFIED., .F., .F.,
 ( 4, 2, 2, 2, 2, 2, 2, 2, 4 ),
 ( 0.000000000000000000, 0.0007976873067000427985, 0.001595374613400085597, 0.002393061920100128179, 0.003190749226800171194, 0.003988436533500214209, 0.004786123840200256357, 0.005583811146900299373, 0.006381498453600342388 ),
 .UNSPECIFIED. ) ;
#1288 = PLANE ( 'NONE',  #2349 ) ;
#1289 = DIRECTION ( 'NONE',  ( -0.7072384844909959112, -0.000000000000000000, 0.7069750533469193465 ) ) ;
#1290 = DIRECTION ( 'NONE',  ( 0.000000000000000000, 0.000000000000000000, 1.000000000000000000 ) ) ;
#1291 = CARTESIAN_POINT ( 'NONE',  ( 7.502103409939917533, 37.99298227576436204, 55.70865680859392910 ) ) ;
#1292 = ORIENTED_EDGE ( 'NONE', *, *, #2389, .T. ) ;
#1293 = FACE_OUTER_BOUND ( 'NONE', #2350, .T. ) ;
#1294 = EDGE_CURVE ( 'NONE', #200, #1419, #1271, .T. ) ;
#1295 = ADVANCED_FACE ( 'NONE', ( #1455 ), #587, .F. ) ;
#1296 = ORIENTED_EDGE ( 'NONE', *, *, #2872, .T. ) ;
#1297 = CARTESIAN_POINT ( 'NONE',  ( 7.501792850011884006, 43.09999999999982379, 55.14632411161202441 ) ) ;
#1298 = EDGE_CURVE ( 'NONE', #679, #2069, #2490, .T. ) ;
#1299 = CARTESIAN_POINT ( 'NONE',  ( -88.23143745298615670, 43.09999999999982379, -20.00000000000000000 ) ) ;
#1300 = VERTEX_POINT ( 'NONE', #1914 ) ;
#1301 = CARTESIAN_POINT ( 'NONE',  ( -87.39846685607521692, 37.93848181071057013, 21.48332942008399371 ) ) ;
#1302 = DIRECTION ( 'NONE',  ( 0.000000000000000000, 0.000000000000000000, 1.000000000000000000 ) ) ;
#1303 = CARTESIAN_POINT ( 'NONE',  ( -37.77296432433374207, 33.09999999999983089, -48.38246343142066763 ) ) ;
#1304 = ADVANCED_FACE ( 'NONE', ( #1011, #2614 ), #600, .F. ) ;
#1305 = CARTESIAN_POINT ( 'NONE',  ( -8.241232454092077830, 35.53669619776053423, 52.50570029735430921 ) ) ;
#1306 = ADVANCED_FACE ( 'NONE', ( #304 ), #1885, .F. ) ;
#1307 = CARTESIAN_POINT ( 'NONE',  ( 8.241621373812664686, 35.52945369390877772, 52.52287352796218300 ) ) ;
#1308 = ORIENTED_EDGE ( 'NONE', *, *, #1785, .T. ) ;
#1309 = DIRECTION ( 'NONE',  ( 0.000000000000000000, 0.000000000000000000, 1.000000000000000000 ) ) ;
#1310 = EDGE_CURVE ( 'NONE', #2575, #1789, #983, .T. ) ;
#1311 = ORIENTED_EDGE ( 'NONE', *, *, #519, .F. ) ;
#1312 = CARTESIAN_POINT ( 'NONE',  ( 0.000000000000000000, 38.09999999999983089, 0.000000000000000000 ) ) ;
#1313 = ORIENTED_EDGE ( 'NONE', *, *, #2279, .F. ) ;
#1314 = AXIS2_PLACEMENT_3D ( 'NONE', #104, #1000, #2177 ) ;
#1315 = ORIENTED_EDGE ( 'NONE', *, *, #2183, .T. ) ;
#1316 = DIRECTION ( 'NONE',  ( -0.000000000000000000, -1.000000000000000000, -0.000000000000000000 ) ) ;
#1317 = VECTOR ( 'NONE', #2508, 1000.000000000000114 ) ;
#1318 = FACE_BOUND ( 'NONE', #1047, .T. ) ;
#1319 = DIRECTION ( 'NONE',  ( -0.000000000000000000, -1.000000000000000000, -0.000000000000000000 ) ) ;
#1320 = CIRCLE ( 'NONE', #1636, 3.000000000000002665 ) ;
#1321 = CARTESIAN_POINT ( 'NONE',  ( 33.50389963453967113, 34.12640991674778945, -45.69868925393721781 ) ) ;
#1322 = VERTEX_POINT ( 'NONE', #973 ) ;
#1323 = CARTESIAN_POINT ( 'NONE',  ( -54.14279994926497608, 43.09999999999982379, -64.75839874050144829 ) ) ;
#1324 = CIRCLE ( 'NONE', #2307, 1.750000000000001554 ) ;
#1325 = VECTOR ( 'NONE', #1488, 1000.000000000000000 ) ;
#1326 = ORIENTED_EDGE ( 'NONE', *, *, #442, .T. ) ;
#1327 = CARTESIAN_POINT ( 'NONE',  ( 47.10851153690624926, 38.09999999999983089, -36.81376634399182990 ) ) ;
#1328 = ORIENTED_EDGE ( 'NONE', *, *, #1103, .F. ) ;
#1329 = ORIENTED_EDGE ( 'NONE', *, *, #1664, .F. ) ;
#1330 = CARTESIAN_POINT ( 'NONE',  ( -50.67738660813809304, 43.09999999999982379, -33.00136232811404113 ) ) ;
#1331 = EDGE_CURVE ( 'NONE', #2781, #468, #2883, .T. ) ;
#1332 = CARTESIAN_POINT ( 'NONE',  ( -7.499999999999998224, 33.09999999999982379, 48.90000000001317915 ) ) ;
#1333 = CARTESIAN_POINT ( 'NONE',  ( -12.49999999999999822, 38.09999999999983089, 84.07585860400118349 ) ) ;
#1334 = CARTESIAN_POINT ( 'NONE',  ( -8.678435777197968548, 33.61797602870468182, 51.92036734610407933 ) ) ;
#1335 = ORIENTED_EDGE ( 'NONE', *, *, #1475, .F. ) ;
#1336 = LINE ( 'NONE', #2739, #1585 ) ;
#1337 = VERTEX_POINT ( 'NONE', #1863 ) ;
#1338 = PLANE ( 'NONE',  #2401 ) ;
#1339 = CARTESIAN_POINT ( 'NONE',  ( 5.264307508432168807E-14, 38.09999999999983089, 56.90000000001316494 ) ) ;
#1340 = DIRECTION ( 'NONE',  ( 0.000000000000000000, 1.000000000000000000, 0.000000000000000000 ) ) ;
#1341 = ADVANCED_FACE ( 'NONE', ( #97 ), #2600, .F. ) ;
#1342 = CARTESIAN_POINT ( 'NONE',  ( 7.471334866736771829, 38.09999999999983089, -0.004126200078652713689 ) ) ;
#1343 = DIRECTION ( 'NONE',  ( -0.7068508214848310267, 0.000000000000000000, -0.7073626482690611450 ) ) ;
#1344 = CARTESIAN_POINT ( 'NONE',  ( 54.15227111902797219, 38.09999999999983089, -64.74908591140139436 ) ) ;
#1345 = ORIENTED_EDGE ( 'NONE', *, *, #271, .F. ) ;
#1346 = LINE ( 'NONE', #899, #1918 ) ;
#1347 = ORIENTED_EDGE ( 'NONE', *, *, #2429, .F. ) ;
#1348 = EDGE_LOOP ( 'NONE', ( #1513, #1848, #2267, #556 ) ) ;
#1349 = EDGE_CURVE ( 'NONE', #1101, #1415, #1688, .T. ) ;
#1350 = CARTESIAN_POINT ( 'NONE',  ( 36.18959861263080313, 43.09999999999982379, -36.18959861263575561 ) ) ;
#1351 = VECTOR ( 'NONE', #1223, 1000.000000000000000 ) ;
#1352 = CARTESIAN_POINT ( 'NONE',  ( 43.96357317383426988, 43.09999999999982379, -33.35697162776499880 ) ) ;
#1353 = CIRCLE ( 'NONE', #2582, 5.000000000000000000 ) ;
#1354 = CARTESIAN_POINT ( 'NONE',  ( -93.32623722737464789, 38.09999999999983089, -20.00000000000000000 ) ) ;
#1355 = AXIS2_PLACEMENT_3D ( 'NONE', #1917, #553, #1472 ) ;
#1356 = CARTESIAN_POINT ( 'NONE',  ( -88.23143745298615670, 33.09999999999983089, -17.75425146210877969 ) ) ;
#1357 = CIRCLE ( 'NONE', #1826, 95.00000000000001421 ) ;
#1358 = DIRECTION ( 'NONE',  ( -0.000000000000000000, -1.000000000000000000, -0.000000000000000000 ) ) ;
#1359 = VECTOR ( 'NONE', #1186, 1000.000000000000000 ) ;
#1360 = CARTESIAN_POINT ( 'NONE',  ( -5.311260739369705774, 38.09999999999983089, 5.309282408829519184 ) ) ;
#1361 = EDGE_CURVE ( 'NONE', #501, #1015, #1590, .T. ) ;
#1362 = ORIENTED_EDGE ( 'NONE', *, *, #417, .T. ) ;
#1363 = AXIS2_PLACEMENT_3D ( 'NONE', #2477, #1766, #658 ) ;
#1364 = DIRECTION ( 'NONE',  ( 0.000000000000000000, 1.000000000000000000, -0.000000000000000000 ) ) ;
#1365 = AXIS2_PLACEMENT_3D ( 'NONE', #2360, #1070, #2579 ) ;
#1366 = ORIENTED_EDGE ( 'NONE', *, *, #2577, .T. ) ;
#1367 = ORIENTED_EDGE ( 'NONE', *, *, #1178, .F. ) ;
#1368 = DIRECTION ( 'NONE',  ( -0.000000000000000000, -1.000000000000000000, -0.000000000000000000 ) ) ;
#1369 = CIRCLE ( 'NONE', #1881, 1.750000000000001554 ) ;
#1370 = CARTESIAN_POINT ( 'NONE',  ( -50.67738660813809304, 33.09999999999982379, -33.00136232811404113 ) ) ;
#1371 = EDGE_LOOP ( 'NONE', ( #112, #1758, #1883, #2817 ) ) ;
#1372 = CARTESIAN_POINT ( 'NONE',  ( -87.81123447721799380, 37.09509647957136735, -19.72983211631013489 ) ) ;
#1373 = LINE ( 'NONE', #678, #1503 ) ;
#1374 = LINE ( 'NONE', #1630, #509 ) ;
#1375 = VERTEX_POINT ( 'NONE', #1422 ) ;
#1376 = CARTESIAN_POINT ( 'NONE',  ( -34.14207594013651459, 35.53669619776052002, -45.79867842308719617 ) ) ;
#1377 = EDGE_CURVE ( 'NONE', #2370, #74, #1437, .T. ) ;
#1378 = EDGE_CURVE ( 'NONE', #1763, #2375, #1868, .T. ) ;
#1379 = ADVANCED_FACE ( 'NONE', ( #189 ), #2423, .F. ) ;
#1380 = DIRECTION ( 'NONE',  ( 0.000000000000000000, 1.000000000000000000, -0.000000000000000000 ) ) ;
#1381 = CARTESIAN_POINT ( 'NONE',  ( -88.16076967956834665, 42.74382946462663568, -18.10544166821598111 ) ) ;
#1382 = ORIENTED_EDGE ( 'NONE', *, *, #1653, .F. ) ;
#1383 = CARTESIAN_POINT ( 'NONE',  ( 30.98816382493798471, 43.09999999999982379, -41.39103340032787059 ) ) ;
#1384 = LINE ( 'NONE', #1850, #898 ) ;
#1385 = ADVANCED_FACE ( 'NONE', ( #656, #1318, #2690, #396, #1975, #2171, #2215 ), #1288, .T. ) ;
#1386 = CARTESIAN_POINT ( 'NONE',  ( 7.500000000000001776, 43.09999999999982379, 48.90000000001317915 ) ) ;
#1387 = ORIENTED_EDGE ( 'NONE', *, *, #829, .T. ) ;
#1388 = DIRECTION ( 'NONE',  ( 0.000000000000000000, 1.000000000000000000, -0.000000000000000000 ) ) ;
#1389 = VERTEX_POINT ( 'NONE', #1765 ) ;
#1390 = CARTESIAN_POINT ( 'NONE',  ( -45.70785522343555130, 33.09999999999982379, -32.45022004480016875 ) ) ;
#1391 = DIRECTION ( 'NONE',  ( 0.000000000000000000, 0.000000000000000000, 1.000000000000000000 ) ) ;
#1392 = ORIENTED_EDGE ( 'NONE', *, *, #1805, .T. ) ;
#1393 = FACE_BOUND ( 'NONE', #2045, .T. ) ;
#1394 = DIRECTION ( 'NONE',  ( 0.000000000000000000, 1.000000000000000000, -0.000000000000000000 ) ) ;
#1395 = VECTOR ( 'NONE', #670, 1000.000000000000114 ) ;
#1396 = DIRECTION ( 'NONE',  ( 0.000000000000000000, 1.000000000000000000, -0.000000000000000000 ) ) ;
#1397 = EDGE_LOOP ( 'NONE', ( #1751, #1335, #2281, #1905 ) ) ;
#1398 = LINE ( 'NONE', #1854, #2529 ) ;
#1399 = AXIS2_PLACEMENT_3D ( 'NONE', #2551, #539, #2107 ) ;
#1400 = CARTESIAN_POINT ( 'NONE',  ( -93.32623722737464789, 43.09999999999981668, -15.00000000000000000 ) ) ;
#1401 = VECTOR ( 'NONE', #851, 1000.000000000000000 ) ;
#1402 = VERTEX_POINT ( 'NONE', #409 ) ;
#1403 = CYLINDRICAL_SURFACE ( 'NONE', #2392, 1.750000000000008438 ) ;
#1404 = VECTOR ( 'NONE', #699, 1000.000000000000000 ) ;
#1405 = AXIS2_PLACEMENT_3D ( 'NONE', #1716, #159, #1673 ) ;
#1406 = CARTESIAN_POINT ( 'NONE',  ( -42.72613639261329865, 33.09999999999982379, -32.11953467481176006 ) ) ;
#1407 = ORIENTED_EDGE ( 'NONE', *, *, #2628, .F. ) ;
#1408 = DIRECTION ( 'NONE',  ( 1.000000000000000000, -0.000000000000000000, 0.000000000000000000 ) ) ;
#1409 = DIRECTION ( 'NONE',  ( 0.000000000000000000, 0.000000000000000000, 1.000000000000000000 ) ) ;
#1410 = ADVANCED_FACE ( 'NONE', ( #631 ), #2675, .T. ) ;
#1411 = CARTESIAN_POINT ( 'NONE',  ( -88.23143745298615670, 28.09999999999982734, -12.75425146210877614 ) ) ;
#1412 = ORIENTED_EDGE ( 'NONE', *, *, #902, .F. ) ;
#1413 = FACE_OUTER_BOUND ( 'NONE', #2863, .T. ) ;
#1414 = DIRECTION ( 'NONE',  ( 1.000000000000000000, 0.000000000000000000, 0.000000000000000000 ) ) ;
#1415 = VERTEX_POINT ( 'NONE', #2391 ) ;
#1416 = EDGE_LOOP ( 'NONE', ( #253, #1048, #2793, #1135, #2134, #1110 ) ) ;
#1417 = DIRECTION ( 'NONE',  ( 0.000000000000000000, 0.000000000000000000, 1.000000000000000000 ) ) ;
#1418 = CARTESIAN_POINT ( 'NONE',  ( -5.311260739369705774, 38.09999999999983089, 5.309282408829519184 ) ) ;
#1419 = VERTEX_POINT ( 'NONE', #1959 ) ;
#1420 = CARTESIAN_POINT ( 'NONE',  ( -88.08536502413535629, 42.87557515609413628, 18.46932756508354956 ) ) ;
#1421 = EDGE_CURVE ( 'NONE', #1196, #1920, #1738, .T. ) ;
#1422 = CARTESIAN_POINT ( 'NONE',  ( -88.23143745298615670, 42.56728256376937480, -17.75425146210877969 ) ) ;
#1423 = DIRECTION ( 'NONE',  ( 0.000000000000000000, 0.000000000000000000, 1.000000000000000000 ) ) ;
#1424 = CARTESIAN_POINT ( 'NONE',  ( -92.92782092481179745, 37.09921614694885506, -19.73568239685483405 ) ) ;
#1425 = ORIENTED_EDGE ( 'NONE', *, *, #1331, .F. ) ;
#1426 = CARTESIAN_POINT ( 'NONE',  ( 0.000000000000000000, 43.09999999999982379, 95.00000000000001421 ) ) ;
#1427 = FACE_OUTER_BOUND ( 'NONE', #2211, .T. ) ;
#1428 = DIRECTION ( 'NONE',  ( 0.000000000000000000, 0.000000000000000000, 1.000000000000000000 ) ) ;
#1429 = ORIENTED_EDGE ( 'NONE', *, *, #1201, .F. ) ;
#1430 = ORIENTED_EDGE ( 'NONE', *, *, #1530, .F. ) ;
#1431 = CARTESIAN_POINT ( 'NONE',  ( 12.51776908959455525, 43.09999999999982379, 84.07321486073666961 ) ) ;
#1432 = EDGE_CURVE ( 'NONE', #433, #1005, #1039, .T. ) ;
#1433 = B_SPLINE_CURVE_WITH_KNOTS ( 'NONE', 3,
 ( #2376, #990, #2842, #1253, #316, #1913, #2809, #78, #2822, #2151, #805, #1692, #1038, #1647 ),
 .UNSPECIFIED., .F., .F.,
 ( 4, 2, 2, 2, 2, 2, 4 ),
 ( 0.000000000000000000, 0.001540011857600386523, 0.002310017786400583688, 0.003080023715200781286, 0.004620035572801171712, 0.005390041501601368010, 0.006160047430401564307 ),
 .UNSPECIFIED. ) ;
#1434 = DIRECTION ( 'NONE',  ( -1.000000000000000000, 0.000000000000000000, 0.000000000000000000 ) ) ;
#1435 = ORIENTED_EDGE ( 'NONE', *, *, #441, .F. ) ;
#1436 = DIRECTION ( 'NONE',  ( 0.000000000000000000, 0.000000000000000000, 1.000000000000000000 ) ) ;
#1437 = LINE ( 'NONE', #2345, #333 ) ;
#1438 = CARTESIAN_POINT ( 'NONE',  ( -2.123301534596221831E-14, 33.09999999999982379, 45.90000000001317915 ) ) ;
#1439 = CARTESIAN_POINT ( 'NONE',  ( 0.000000000000000000, 38.09999999999983089, 0.000000000000000000 ) ) ;
#1440 = AXIS2_PLACEMENT_3D ( 'NONE', #727, #1867, #951 ) ;
#1441 = EDGE_LOOP ( 'NONE', ( #2623, #2525, #2361, #1152 ) ) ;
#1442 = VERTEX_POINT ( 'NONE', #1988 ) ;
#1443 = CARTESIAN_POINT ( 'NONE',  ( 45.86365736704724583, 36.23045412569041446, -34.75819949354559668 ) ) ;
#1444 = CIRCLE ( 'NONE', #2294, 1.750000000000001554 ) ;
#1445 = ADVANCED_FACE ( 'NONE', ( #889 ), #2893, .F. ) ;
#1446 = LINE ( 'NONE', #2355, #1092 ) ;
#1447 = ORIENTED_EDGE ( 'NONE', *, *, #1782, .T. ) ;
#1448 = ORIENTED_EDGE ( 'NONE', *, *, #1178, .T. ) ;
#1449 = AXIS2_PLACEMENT_3D ( 'NONE', #1485, #364, #992 ) ;
#1450 = DIRECTION ( 'NONE',  ( 0.000000000000000000, 0.000000000000000000, -1.000000000000000000 ) ) ;
#1451 = CIRCLE ( 'NONE', #2885, 90.00000000000001421 ) ;
#1452 = CARTESIAN_POINT ( 'NONE',  ( 36.18959861263080313, 43.09999999999982379, -36.18959861263575561 ) ) ;
#1453 = VERTEX_POINT ( 'NONE', #2228 ) ;
#1454 = LINE ( 'NONE', #757, #1833 ) ;
#1455 = FACE_OUTER_BOUND ( 'NONE', #1967, .T. ) ;
#1456 = AXIS2_PLACEMENT_3D ( 'NONE', #1277, #621, #195 ) ;
#1457 = FACE_BOUND ( 'NONE', #1717, .T. ) ;
#1458 = CARTESIAN_POINT ( 'NONE',  ( -92.81089567227965631, 37.45612155169399671, -20.27842957461536244 ) ) ;
#1459 = CARTESIAN_POINT ( 'NONE',  ( 7.502429727383290725, 38.09999999999983089, 56.29952173172463858 ) ) ;
#1460 = ORIENTED_EDGE ( 'NONE', *, *, #220, .F. ) ;
#1461 = CARTESIAN_POINT ( 'NONE',  ( -12.49999999999999822, 33.09999999999982379, 55.14499799841156857 ) ) ;
#1462 = VERTEX_POINT ( 'NONE', #1720 ) ;
#1463 = EDGE_LOOP ( 'NONE', ( #653, #1957, #1731, #2612 ) ) ;
#1464 = CYLINDRICAL_SURFACE ( 'NONE', #459, 3.000000000000002665 ) ;
#1465 = EDGE_CURVE ( 'NONE', #773, #468, #199, .T. ) ;
#1466 = EDGE_CURVE ( 'NONE', #2509, #498, #1073, .T. ) ;
#1467 = CARTESIAN_POINT ( 'NONE',  ( -93.32623722737464789, 28.09999999999982734, 33.59587337216297698 ) ) ;
#1468 = VERTEX_POINT ( 'NONE', #864 ) ;
#1469 = LINE ( 'NONE', #143, #762 ) ;
#1470 = DIRECTION ( 'NONE',  ( -0.000000000000000000, -1.000000000000000000, -0.000000000000000000 ) ) ;
#1471 = FACE_OUTER_BOUND ( 'NONE', #1897, .T. ) ;
#1472 = DIRECTION ( 'NONE',  ( 0.000000000000000000, 0.000000000000000000, 1.000000000000000000 ) ) ;
#1473 = EDGE_CURVE ( 'NONE', #1601, #629, #1357, .T. ) ;
#1474 = DIRECTION ( 'NONE',  ( 0.000000000000000000, 1.000000000000000000, -0.000000000000000000 ) ) ;
#1475 = EDGE_CURVE ( 'NONE', #2263, #911, #1753, .T. ) ;
#1476 = VERTEX_POINT ( 'NONE', #219 ) ;
#1477 = DIRECTION ( 'NONE',  ( 1.000000000000000000, 0.000000000000000000, 0.000000000000000000 ) ) ;
#1478 = ADVANCED_FACE ( 'NONE', ( #1115 ), #2198, .F. ) ;
#1479 = ORIENTED_EDGE ( 'NONE', *, *, #519, .T. ) ;
#1480 = VERTEX_POINT ( 'NONE', #1105 ) ;
#1481 = LINE ( 'NONE', #2193, #2630 ) ;
#1482 = PLANE ( 'NONE',  #158 ) ;
#1483 = ORIENTED_EDGE ( 'NONE', *, *, #1508, .F. ) ;
#1484 = FACE_OUTER_BOUND ( 'NONE', #285, .T. ) ;
#1485 = CARTESIAN_POINT ( 'NONE',  ( -50.67738660813809304, 43.09999999999982379, -33.00136232811404113 ) ) ;
#1486 = CARTESIAN_POINT ( 'NONE',  ( -93.32623722737464789, 31.09999999999982734, -9.999999999999998224 ) ) ;
#1487 = CARTESIAN_POINT ( 'NONE',  ( -13.23529411764705976, 43.09999999999982379, 89.02149734541303872 ) ) ;
#1488 = DIRECTION ( 'NONE',  ( 1.000000000000000000, -0.000000000000000000, -0.000000000000000000 ) ) ;
#1489 = ORIENTED_EDGE ( 'NONE', *, *, #1082, .F. ) ;
#1490 = VECTOR ( 'NONE', #1984, 1000.000000000000000 ) ;
#1491 = DIRECTION ( 'NONE',  ( 0.000000000000000000, 0.000000000000000000, 1.000000000000000000 ) ) ;
#1492 = AXIS2_PLACEMENT_3D ( 'NONE', #133, #1700, #2605 ) ;
#1493 = VERTEX_POINT ( 'NONE', #2905 ) ;
#1494 = CARTESIAN_POINT ( 'NONE',  ( 64.63128853876649771, 43.09999999999982379, -54.31697078810061896 ) ) ;
#1495 = VECTOR ( 'NONE', #440, 1000.000000000000114 ) ;
#1496 = VECTOR ( 'NONE', #1, 1000.000000000000000 ) ;
#1497 = CIRCLE ( 'NONE', #241, 2.999999999999981792 ) ;
#1498 = FACE_OUTER_BOUND ( 'NONE', #1052, .T. ) ;
#1499 = ORIENTED_EDGE ( 'NONE', *, *, #2520, .F. ) ;
#1500 = LINE ( 'NONE', #2409, #1747 ) ;
#1501 = AXIS2_PLACEMENT_3D ( 'NONE', #2663, #2411, #675 ) ;
#1502 = DIRECTION ( 'NONE',  ( 0.000000000000000000, 1.000000000000000000, 0.000000000000000000 ) ) ;
#1503 = VECTOR ( 'NONE', #43, 1000.000000000000000 ) ;
#1504 = CYLINDRICAL_SURFACE ( 'NONE', #2062, 90.00000000000001421 ) ;
#1505 = EDGE_CURVE ( 'NONE', #94, #2789, #2081, .T. ) ;
#1506 = AXIS2_PLACEMENT_3D ( 'NONE', #988, #2312, #2514 ) ;
#1507 = CARTESIAN_POINT ( 'NONE',  ( -7.499999999999999112, 37.78187654411911467, 55.14499799841156857 ) ) ;
#1508 = EDGE_CURVE ( 'NONE', #2759, #887, #8, .T. ) ;
#1509 = CARTESIAN_POINT ( 'NONE',  ( -33.39219204214764147, 33.09999999999982379, -45.69185294594871038 ) ) ;
#1510 = ORIENTED_EDGE ( 'NONE', *, *, #869, .T. ) ;
#1511 = VECTOR ( 'NONE', #385, 1000.000000000000000 ) ;
#1512 = CARTESIAN_POINT ( 'NONE',  ( -55.92044861017913604, 36.09999999999982379, -9.999999999999998224 ) ) ;
#1513 = ORIENTED_EDGE ( 'NONE', *, *, #398, .T. ) ;
#1514 = LINE ( 'NONE', #1327, #1490 ) ;
#1515 = CARTESIAN_POINT ( 'NONE',  ( 7.471334866736771829, 43.09999999999982379, -0.004126200078652713689 ) ) ;
#1516 = ORIENTED_EDGE ( 'NONE', *, *, #2429, .T. ) ;
#1517 = CARTESIAN_POINT ( 'NONE',  ( 32.45075359847975704, 33.09999999999982379, -45.70779600172358670 ) ) ;
#1518 = EDGE_CURVE ( 'NONE', #1101, #629, #1561, .T. ) ;
#1519 = DIRECTION ( 'NONE',  ( 0.000000000000000000, 0.000000000000000000, 1.000000000000000000 ) ) ;
#1520 = CARTESIAN_POINT ( 'NONE',  ( -64.74975874997106473, 43.09999999999982379, -54.15136341513390050 ) ) ;
#1521 = EDGE_CURVE ( 'NONE', #594, #526, #684, .T. ) ;
#1522 = CARTESIAN_POINT ( 'NONE',  ( 36.93545340616590522, 37.99292722321853688, -47.53868109332223924 ) ) ;
#1523 = DIRECTION ( 'NONE',  ( -0.7072384844909619384, 0.000000000000000000, 0.7069750533469532083 ) ) ;
#1524 = VERTEX_POINT ( 'NONE', #2703 ) ;
#1525 = CARTESIAN_POINT ( 'NONE',  ( -32.11716389755839884, 33.09999999999982379, -45.72455555549271367 ) ) ;
#1526 = ORIENTED_EDGE ( 'NONE', *, *, #2271, .T. ) ;
#1527 = CARTESIAN_POINT ( 'NONE',  ( 32.11953467483635194, 43.09999999999982379, -42.72613639260982410 ) ) ;
#1528 = ORIENTED_EDGE ( 'NONE', *, *, #557, .T. ) ;
#1529 = DIRECTION ( 'NONE',  ( -0.7069750533469187914, 0.000000000000000000, -0.7072384844909964663 ) ) ;
#1530 = EDGE_CURVE ( 'NONE', #386, #94, #1732, .T. ) ;
#1531 = CARTESIAN_POINT ( 'NONE',  ( -55.92044861017913604, 43.09999999999981668, 15.00000000000000000 ) ) ;
#1532 = DIRECTION ( 'NONE',  ( 0.000000000000000000, 0.000000000000000000, 1.000000000000000000 ) ) ;
#1533 = CARTESIAN_POINT ( 'NONE',  ( -36.53222169062750879, 38.09999999999983089, -47.14125847552929827 ) ) ;
#1534 = DIRECTION ( 'NONE',  ( 0.000000000000000000, 1.000000000000000000, 0.000000000000000000 ) ) ;
#1535 = ORIENTED_EDGE ( 'NONE', *, *, #417, .F. ) ;
#1536 = CARTESIAN_POINT ( 'NONE',  ( -88.23143745298615670, 36.09999999999982379, 14.99999999999999822 ) ) ;
#1537 = EDGE_LOOP ( 'NONE', ( #2593, #2326, #1094, #1869 ) ) ;
#1538 = CYLINDRICAL_SURFACE ( 'NONE', #932, 4.999999999999997335 ) ;
#1539 = EDGE_CURVE ( 'NONE', #2029, #654, #1572, .T. ) ;
#1540 = CIRCLE ( 'NONE', #701, 4.999999999999997335 ) ;
#1541 = VERTEX_POINT ( 'NONE', #2237 ) ;
#1542 = CIRCLE ( 'NONE', #935, 4.999999999999997335 ) ;
#1543 = ORIENTED_EDGE ( 'NONE', *, *, #731, .F. ) ;
#1544 = CARTESIAN_POINT ( 'NONE',  ( -88.13851096951964337, 35.19227306090274254, 18.21008332995831580 ) ) ;
#1545 = AXIS2_PLACEMENT_3D ( 'NONE', #1386, #1594, #2719 ) ;
#1546 = DIRECTION ( 'NONE',  ( 0.000000000000000000, 1.000000000000000000, -0.000000000000000000 ) ) ;
#1547 = DIRECTION ( 'NONE',  ( 0.000000000000000000, 0.000000000000000000, -1.000000000000000000 ) ) ;
#1548 = AXIS2_PLACEMENT_3D ( 'NONE', #531, #918, #1584 ) ;
#1549 = CARTESIAN_POINT ( 'NONE',  ( -8.613517556802968045, 34.12195291398338526, 51.99891310262082555 ) ) ;
#1550 = PRESENTATION_LAYER_ASSIGNMENT (  '', '', ( #1136 ) ) ;
#1551 = SURFACE_STYLE_USAGE ( .BOTH. , #645 ) ;
#1552 = DIRECTION ( 'NONE',  ( 0.000000000000000000, 1.000000000000000000, -0.000000000000000000 ) ) ;
#1553 = VECTOR ( 'NONE', #1708, 1000.000000000000000 ) ;
#1554 = ORIENTED_EDGE ( 'NONE', *, *, #1505, .T. ) ;
#1555 = CARTESIAN_POINT ( 'NONE',  ( -2.123301534596221831E-14, 43.09999999999982379, 45.90000000001317915 ) ) ;
#1556 = EDGE_CURVE ( 'NONE', #1853, #2857, #449, .T. ) ;
#1557 = ORIENTED_EDGE ( 'NONE', *, *, #710, .F. ) ;
#1558 = ORIENTED_EDGE ( 'NONE', *, *, #1564, .T. ) ;
#1559 = CARTESIAN_POINT ( 'NONE',  ( -7.499999999999998224, 43.09999999999982379, 47.15000000001317915 ) ) ;
#1560 = EDGE_CURVE ( 'NONE', #672, #1876, #2014, .T. ) ;
#1561 = LINE ( 'NONE', #1125, #940 ) ;
#1562 = CARTESIAN_POINT ( 'NONE',  ( 40.60404844782677003, 43.09999999999982379, -29.99898221035794421 ) ) ;
#1563 = CARTESIAN_POINT ( 'NONE',  ( 35.31620666127303565, 43.09999999999982379, -35.29065289400688243 ) ) ;
#1564 = EDGE_CURVE ( 'NONE', #1682, #679, #1874, .T. ) ;
#1565 = EDGE_CURVE ( 'NONE', #2509, #1337, #2559, .T. ) ;
#1566 = ORIENTED_EDGE ( 'NONE', *, *, #2843, .F. ) ;
#1567 = EDGE_CURVE ( 'NONE', #2029, #497, #1320, .T. ) ;
#1568 = CARTESIAN_POINT ( 'NONE',  ( -33.39219204214771963, 33.36150078908656269, -45.69185294594863223 ) ) ;
#1569 = B_SPLINE_CURVE_WITH_KNOTS ( 'NONE', 3,
 ( #1657, #1672, #2790, #75, #771, #2562 ),
 .UNSPECIFIED., .F., .F.,
 ( 4, 2, 4 ),
 ( 0.000000000000000000, 0.001178434968592876600, 0.002356869937185753199 ),
 .UNSPECIFIED. ) ;
#1570 = ORIENTED_EDGE ( 'NONE', *, *, #1901, .T. ) ;
#1571 = CARTESIAN_POINT ( 'NONE',  ( -7.499999999999998224, 43.09999999999982379, 48.90000000001317915 ) ) ;
#1572 = LINE ( 'NONE', #2475, #2110 ) ;
#1573 = DIRECTION ( 'NONE',  ( -1.040834085586084848E-15, 0.000000000000000000, 1.000000000000000000 ) ) ;
#1574 = ADVANCED_FACE ( 'NONE', ( #1003 ), #2764, .T. ) ;
#1575 = LINE ( 'NONE', #2282, #1865 ) ;
#1576 = DIRECTION ( 'NONE',  ( 0.000000000000000000, 0.000000000000000000, 1.000000000000000000 ) ) ;
#1577 = DIRECTION ( 'NONE',  ( 1.000000000000000000, 0.000000000000000000, 0.000000000000000000 ) ) ;
#1578 = ORIENTED_EDGE ( 'NONE', *, *, #966, .F. ) ;
#1579 = DIRECTION ( 'NONE',  ( 0.000000000000000000, 0.000000000000000000, 1.000000000000000000 ) ) ;
#1580 = ORIENTED_EDGE ( 'NONE', *, *, #2316, .T. ) ;
#1581 = ORIENTED_EDGE ( 'NONE', *, *, #169, .T. ) ;
#1582 = CARTESIAN_POINT ( 'NONE',  ( 0.000000000000000000, 38.09999999999983089, 90.00000000000001421 ) ) ;
#1583 = CIRCLE ( 'NONE', #2763, 1.750000000000008438 ) ;
#1584 = DIRECTION ( 'NONE',  ( 0.000000000000000000, 0.000000000000000000, -1.000000000000000000 ) ) ;
#1585 = VECTOR ( 'NONE', #486, 1000.000000000000000 ) ;
#1586 = CARTESIAN_POINT ( 'NONE',  ( 12.50179208750447124, 43.09999999999982379, 55.14356275803663010 ) ) ;
#1587 = EDGE_LOOP ( 'NONE', ( #2162, #1557, #1269, #795 ) ) ;
#1588 = AXIS2_PLACEMENT_3D ( 'NONE', #1439, #1013, #1697 ) ;
#1589 = FACE_OUTER_BOUND ( 'NONE', #70, .T. ) ;
#1590 = CIRCLE ( 'NONE', #1399, 5.000000000000004441 ) ;
#1591 =( NAMED_UNIT ( * ) SI_UNIT ( $, .STERADIAN. ) SOLID_ANGLE_UNIT ( ) );
#1592 = EDGE_CURVE ( 'NONE', #30, #1713, #1142, .T. ) ;
#1593 = ADVANCED_FACE ( 'NONE', ( #2030 ), #2803, .T. ) ;
#1594 = DIRECTION ( 'NONE',  ( -0.000000000000000000, -1.000000000000000000, -0.000000000000000000 ) ) ;
#1595 = EDGE_CURVE ( 'NONE', #2099, #2337, #510, .T. ) ;
#1596 = ORIENTED_EDGE ( 'NONE', *, *, #2090, .T. ) ;
#1597 = VECTOR ( 'NONE', #2491, 1000.000000000000000 ) ;
#1598 = LINE ( 'NONE', #1137, #45 ) ;
#1599 = DIRECTION ( 'NONE',  ( 0.7071067321144751672, 0.000000000000000000, -0.7071068302586164256 ) ) ;
#1600 = DIRECTION ( 'NONE',  ( 0.000000000000000000, 0.000000000000000000, 1.000000000000000000 ) ) ;
#1601 = VERTEX_POINT ( 'NONE', #296 ) ;
#1602 = EDGE_CURVE ( 'NONE', #2830, #1476, #1637, .T. ) ;
#1603 = CARTESIAN_POINT ( 'NONE',  ( -88.23143745298615670, 33.09999999999982379, 17.75425146210877969 ) ) ;
#1604 = CARTESIAN_POINT ( 'NONE',  ( 0.000000000000000000, 38.09999999999983089, 90.00000000000001421 ) ) ;
#1605 = ADVANCED_FACE ( 'NONE', ( #2321 ), #309, .F. ) ;
#1606 = DIRECTION ( 'NONE',  ( -0.7069750533469190135, 0.000000000000000000, -0.7072384844909961332 ) ) ;
#1607 = ORIENTED_EDGE ( 'NONE', *, *, #1069, .F. ) ;
#1608 = DIRECTION ( 'NONE',  ( -4.625929269271485914E-16, 0.000000000000000000, 1.000000000000000000 ) ) ;
#1609 = EDGE_LOOP ( 'NONE', ( #1019, #1022, #2449, #2556 ) ) ;
#1610 = CARTESIAN_POINT ( 'NONE',  ( 38.66026934979837648, 43.09999999999982379, -38.66027471571948126 ) ) ;
#1611 = DIRECTION ( 'NONE',  ( 0.000000000000000000, 1.000000000000000000, 0.000000000000000000 ) ) ;
#1612 = ORIENTED_EDGE ( 'NONE', *, *, #436, .F. ) ;
#1613 = CARTESIAN_POINT ( 'NONE',  ( -87.16064824009164624, 38.09999999999983800, -22.43063260358869826 ) ) ;
#1614 = LINE ( 'NONE', #2075, #941 ) ;
#1615 = CARTESIAN_POINT ( 'NONE',  ( 0.000000000000000000, 38.09999999999983089, 0.000000000000000000 ) ) ;
#1616 = ORIENTED_EDGE ( 'NONE', *, *, #577, .T. ) ;
#1617 = CARTESIAN_POINT ( 'NONE',  ( 45.74057787026136879, 35.60210429749847805, -34.27393824843383641 ) ) ;
#1618 = CARTESIAN_POINT ( 'NONE',  ( 0.000000000000000000, 0.000000000000000000, 0.000000000000000000 ) ) ;
#1619 = ORIENTED_EDGE ( 'NONE', *, *, #464, .F. ) ;
#1620 = ORIENTED_EDGE ( 'NONE', *, *, #347, .T. ) ;
#1621 = DIRECTION ( 'NONE',  ( 0.000000000000000000, 0.000000000000000000, -1.000000000000000000 ) ) ;
#1622 = EDGE_CURVE ( 'NONE', #1300, #2604, #2254, .T. ) ;
#1623 = AXIS2_PLACEMENT_3D ( 'NONE', #1571, #733, #2235 ) ;
#1624 = LINE ( 'NONE', #1165, #1931 ) ;
#1625 = ORIENTED_EDGE ( 'NONE', *, *, #1310, .T. ) ;
#1626 = AXIS2_PLACEMENT_3D ( 'NONE', #607, #2432, #2419 ) ;
#1627 = CARTESIAN_POINT ( 'NONE',  ( -88.17837038933336657, 34.73170508738792250, -18.01643943066580178 ) ) ;
#1628 = FACE_OUTER_BOUND ( 'NONE', #1937, .T. ) ;
#1629 = AXIS2_PLACEMENT_3D ( 'NONE', #2159, #2882, #2669 ) ;
#1630 = CARTESIAN_POINT ( 'NONE',  ( 33.35832042627341565, 43.09999999999982379, -43.96222290335107630 ) ) ;
#1631 = CIRCLE ( 'NONE', #1623, 1.750000000000001554 ) ;
#1632 = EDGE_LOOP ( 'NONE', ( #2445, #2492 ) ) ;
#1633 = ORIENTED_EDGE ( 'NONE', *, *, #1145, .T. ) ;
#1634 = CARTESIAN_POINT ( 'NONE',  ( 47.10851153690624926, 37.84591880743360548, -36.81376634399182990 ) ) ;
#1635 = DIRECTION ( 'NONE',  ( -0.000000000000000000, -1.000000000000000000, -0.000000000000000000 ) ) ;
#1636 = AXIS2_PLACEMENT_3D ( 'NONE', #967, #2251, #246 ) ;
#1637 = LINE ( 'NONE', #2543, #1781 ) ;
#1638 = AXIS2_PLACEMENT_3D ( 'NONE', #2153, #792, #163 ) ;
#1639 = ORIENTED_EDGE ( 'NONE', *, *, #2073, .F. ) ;
#1640 = VERTEX_POINT ( 'NONE', #324 ) ;
#1641 = CYLINDRICAL_SURFACE ( 'NONE', #657, 90.00000000000001421 ) ;
#1642 = EDGE_CURVE ( 'NONE', #1322, #1462, #1446, .T. ) ;
#1643 = CIRCLE ( 'NONE', #2835, 4.999999999999997335 ) ;
#1644 = CIRCLE ( 'NONE', #1933, 95.00000000000001421 ) ;
#1645 = LINE ( 'NONE', #2280, #993 ) ;
#1646 = ORIENTED_EDGE ( 'NONE', *, *, #1473, .F. ) ;
#1647 = CARTESIAN_POINT ( 'NONE',  ( -47.14119418568311204, 37.78187654411910756, -36.53623759484863598 ) ) ;
#1648 = DIRECTION ( 'NONE',  ( 0.000000000000000000, 0.000000000000000000, 1.000000000000000000 ) ) ;
#1649 = DIRECTION ( 'NONE',  ( 0.7075018027878730020, 0.000000000000000000, -0.7067115387850334551 ) ) ;
#1650 = CYLINDRICAL_SURFACE ( 'NONE', #1588, 90.00000000000001421 ) ;
#1651 = ORIENTED_EDGE ( 'NONE', *, *, #900, .F. ) ;
#1652 = DIRECTION ( 'NONE',  ( 0.7072384844909619384, 0.000000000000000000, -0.7069750533469532083 ) ) ;
#1653 = EDGE_CURVE ( 'NONE', #2009, #2682, #1669, .T. ) ;
#1654 = CARTESIAN_POINT ( 'NONE',  ( 42.72613639263387597, 43.09999999999982379, -32.11953467481232138 ) ) ;
#1655 = VERTEX_POINT ( 'NONE', #2019 ) ;
#1656 = ORIENTED_EDGE ( 'NONE', *, *, #738, .F. ) ;
#1657 = CARTESIAN_POINT ( 'NONE',  ( -93.32623722737464789, 42.56728256376937480, -17.75425146210877969 ) ) ;
#1658 = CARTESIAN_POINT ( 'NONE',  ( 63.63001565316833563, 38.09999999999983089, -61.89920351408611054 ) ) ;
#1659 = ORIENTED_EDGE ( 'NONE', *, *, #37, .T. ) ;
#1660 = CARTESIAN_POINT ( 'NONE',  ( -93.32623722737464789, 36.09999999999982379, 14.99999999999999822 ) ) ;
#1661 = MANIFOLD_SOLID_BREP ( 'Fillet8', #1922 ) ;
#1662 = DIRECTION ( 'NONE',  ( 0.000000000000000000, 1.000000000000000000, 0.000000000000000000 ) ) ;
#1663 = FACE_OUTER_BOUND ( 'NONE', #2852, .T. ) ;
#1664 = EDGE_CURVE ( 'NONE', #1940, #2368, #1973, .T. ) ;
#1665 = CARTESIAN_POINT ( 'NONE',  ( -93.29455369703111955, 34.42015928462451768, -17.92012308787141350 ) ) ;
#1666 = ORIENTED_EDGE ( 'NONE', *, *, #1782, .F. ) ;
#1667 = VERTEX_POINT ( 'NONE', #2695 ) ;
#1668 = LINE ( 'NONE', #2572, #2054 ) ;
#1669 = LINE ( 'NONE', #2573, #2689 ) ;
#1670 = ORIENTED_EDGE ( 'NONE', *, *, #346, .T. ) ;
#1671 = ORIENTED_EDGE ( 'NONE', *, *, #1592, .F. ) ;
#1672 = CARTESIAN_POINT ( 'NONE',  ( -93.25945550568272324, 42.74375492760547246, -18.10529339786018355 ) ) ;
#1673 = DIRECTION ( 'NONE',  ( 0.000000000000000000, 0.000000000000000000, -1.000000000000000000 ) ) ;
#1674 = ORIENTED_EDGE ( 'NONE', *, *, #110, .T. ) ;
#1675 = FACE_OUTER_BOUND ( 'NONE', #1397, .T. ) ;
#1676 = CARTESIAN_POINT ( 'NONE',  ( 63.63001565316833563, 38.09999999999983089, -63.64920351408611054 ) ) ;
#1677 = DIRECTION ( 'NONE',  ( 0.000000000000000000, 1.000000000000000000, -0.000000000000000000 ) ) ;
#1678 = AXIS2_PLACEMENT_3D ( 'NONE', #2472, #257, #2483 ) ;
#1679 = CARTESIAN_POINT ( 'NONE',  ( -7.499999999999999112, 33.09999999999982379, 45.90000000001317915 ) ) ;
#1680 = EDGE_CURVE ( 'NONE', #1830, #1079, #1373, .T. ) ;
#1681 = VECTOR ( 'NONE', #496, 1000.000000000000000 ) ;
#1682 = VERTEX_POINT ( 'NONE', #1118 ) ;
#1683 = EDGE_CURVE ( 'NONE', #2751, #1857, #2, .T. ) ;
#1684 = DIRECTION ( 'NONE',  ( -1.000000000000000000, 0.000000000000000000, -4.625929269271485914E-16 ) ) ;
#1685 = EDGE_CURVE ( 'NONE', #2715, #497, #909, .T. ) ;
#1686 = ORIENTED_EDGE ( 'NONE', *, *, #1349, .F. ) ;
#1687 = ORIENTED_EDGE ( 'NONE', *, *, #2652, .F. ) ;
#1688 = CIRCLE ( 'NONE', #149, 95.00000000000001421 ) ;
#1689 = DIRECTION ( 'NONE',  ( 0.000000000000000000, 0.000000000000000000, 1.000000000000000000 ) ) ;
#1690 = LINE ( 'NONE', #2123, #16 ) ;
#1691 = ORIENTED_EDGE ( 'NONE', *, *, #741, .F. ) ;
#1692 = CARTESIAN_POINT ( 'NONE',  ( -46.81588509314906332, 37.58095727067516378, -36.18558384464679278 ) ) ;
#1693 = CARTESIAN_POINT ( 'NONE',  ( -88.23143745298615670, 38.09999999999983089, 20.00000000000000000 ) ) ;
#1694 = EDGE_CURVE ( 'NONE', #707, #187, #1451, .T. ) ;
#1695 = CARTESIAN_POINT ( 'NONE',  ( -32.99602926817252779, 43.09999999999982379, -50.67613374226389311 ) ) ;
#1696 = AXIS2_PLACEMENT_3D ( 'NONE', #965, #1872, #2558 ) ;
#1697 = DIRECTION ( 'NONE',  ( 0.000000000000000000, 0.000000000000000000, 1.000000000000000000 ) ) ;
#1698 = PLANE ( 'NONE',  #2649 ) ;
#1699 = ORIENTED_EDGE ( 'NONE', *, *, #1990, .F. ) ;
#1700 = DIRECTION ( 'NONE',  ( 1.000000000000000000, 0.000000000000000000, -0.000000000000000000 ) ) ;
#1701 = EDGE_LOOP ( 'NONE', ( #1179, #1842, #2352, #1161, #2104, #243, #1691 ) ) ;
#1702 = ORIENTED_EDGE ( 'NONE', *, *, #2665, .T. ) ;
#1703 = DIRECTION ( 'NONE',  ( -0.000000000000000000, -1.000000000000000000, -0.000000000000000000 ) ) ;
#1704 = DIRECTION ( 'NONE',  ( 0.000000000000000000, 0.000000000000000000, 1.000000000000000000 ) ) ;
#1705 = EDGE_LOOP ( 'NONE', ( #1065, #1429, #2594, #1616, #1053, #804 ) ) ;
#1706 = CARTESIAN_POINT ( 'NONE',  ( 2.143131898507867311E-16, 43.09999999999982379, 88.25000000000001421 ) ) ;
#1707 = DIRECTION ( 'NONE',  ( 0.000000000000000000, 0.000000000000000000, 1.000000000000000000 ) ) ;
#1708 = DIRECTION ( 'NONE',  ( 1.000000000000000000, -0.000000000000000000, 0.000000000000000000 ) ) ;
#1709 = CARTESIAN_POINT ( 'NONE',  ( -7.499999999999999112, 43.09999999999982379, 0.000000000000000000 ) ) ;
#1710 = CARTESIAN_POINT ( 'NONE',  ( 50.64206923083142442, 43.09999999999982379, -33.27625733005246644 ) ) ;
#1711 = EDGE_LOOP ( 'NONE', ( #1938, #2645, #2434, #2144 ) ) ;
#1712 = PLANE ( 'NONE',  #1264 ) ;
#1713 = VERTEX_POINT ( 'NONE', #1344 ) ;
#1714 = DIRECTION ( 'NONE',  ( -0.000000000000000000, -1.000000000000000000, -0.000000000000000000 ) ) ;
#1715 = PRODUCT_RELATED_PRODUCT_CATEGORY ( 'part', '', ( #917 ) ) ;
#1716 = CARTESIAN_POINT ( 'NONE',  ( -32.11716389755839884, 43.09999999999982379, -42.72455555549271367 ) ) ;
#1717 = EDGE_LOOP ( 'NONE', ( #2902, #413, #695, #1760, #1174 ) ) ;
#1718 = CARTESIAN_POINT ( 'NONE',  ( -88.17794768776137460, 34.73737400282148258, 18.01850562080654683 ) ) ;
#1719 = EDGE_CURVE ( 'NONE', #386, #1442, #808, .T. ) ;
#1720 = CARTESIAN_POINT ( 'NONE',  ( -7.499999999999998224, 33.09999999999982379, 50.65000000001317915 ) ) ;
#1721 = CARTESIAN_POINT ( 'NONE',  ( 2.181125650462115506E-14, 43.09999999999982379, 47.15000000001317204 ) ) ;
#1722 = CYLINDRICAL_SURFACE ( 'NONE', #381, 95.00000000000001421 ) ;
#1723 = CARTESIAN_POINT ( 'NONE',  ( 7.519371891628166438, 37.58154501917145041, 54.66819004225430945 ) ) ;
#1724 = ORIENTED_EDGE ( 'NONE', *, *, #577, .F. ) ;
#1725 = CIRCLE ( 'NONE', #1819, 90.00000000000001421 ) ;
#1726 = CARTESIAN_POINT ( 'NONE',  ( 13.25410844780600073, 38.09999999999983089, 89.01869808783882831 ) ) ;
#1727 = AXIS2_PLACEMENT_3D ( 'NONE', #666, #1552, #427 ) ;
#1728 = VERTEX_POINT ( 'NONE', #425 ) ;
#1729 = FACE_OUTER_BOUND ( 'NONE', #472, .T. ) ;
#1730 = CIRCLE ( 'NONE', #466, 2.999999999999988898 ) ;
#1731 = ORIENTED_EDGE ( 'NONE', *, *, #2430, .F. ) ;
#1732 = CIRCLE ( 'NONE', #428, 4.999999999999997335 ) ;
#1733 = DIRECTION ( 'NONE',  ( 0.000000000000000000, 0.000000000000000000, 1.000000000000000000 ) ) ;
#1734 = ORIENTED_EDGE ( 'NONE', *, *, #612, .T. ) ;
#1735 = EDGE_CURVE ( 'NONE', #582, #1337, #758, .T. ) ;
#1736 = CARTESIAN_POINT ( 'NONE',  ( 9.375672032814170720, 33.09999999999982379, 51.24133603427196704 ) ) ;
#1737 = VECTOR ( 'NONE', #2745, 1000.000000000000000 ) ;
#1738 = LINE ( 'NONE', #2453, #1091 ) ;
#1739 = AXIS2_PLACEMENT_3D ( 'NONE', #676, #2217, #1532 ) ;
#1740 = CARTESIAN_POINT ( 'NONE',  ( 0.000000000000000000, 33.09999999999982379, 0.000000000000000000 ) ) ;
#1741 = VECTOR ( 'NONE', #1227, 1000.000000000000000 ) ;
#1742 = CARTESIAN_POINT ( 'NONE',  ( 0.000000000000000000, 38.09999999999983089, 0.000000000000000000 ) ) ;
#1743 = FACE_OUTER_BOUND ( 'NONE', #2589, .T. ) ;
#1744 = ORIENTED_EDGE ( 'NONE', *, *, #1998, .F. ) ;
#1745 = VECTOR ( 'NONE', #188, 1000.000000000000000 ) ;
#1746 = CARTESIAN_POINT ( 'NONE',  ( 68.16484623269165866, 38.09999999999983089, -50.77946177416125551 ) ) ;
#1747 = VECTOR ( 'NONE', #395, 1000.000000000000000 ) ;
#1748 = ORIENTED_EDGE ( 'NONE', *, *, #2843, .T. ) ;
#1749 = DIRECTION ( 'NONE',  ( -0.000000000000000000, -1.000000000000000000, -0.000000000000000000 ) ) ;
#1750 = EDGE_CURVE ( 'NONE', #2571, #2248, #854, .T. ) ;
#1751 = ORIENTED_EDGE ( 'NONE', *, *, #1265, .T. ) ;
#1752 = CARTESIAN_POINT ( 'NONE',  ( 33.00278513788543222, 43.09999999999982379, -50.67722868357987664 ) ) ;
#1753 = LINE ( 'NONE', #2874, #570 ) ;
#1754 = CARTESIAN_POINT ( 'NONE',  ( -63.63873973550113305, 38.09999999999983089, -65.39048086616843136 ) ) ;
#1755 = DIRECTION ( 'NONE',  ( 0.000000000000000000, -1.000000000000000000, 0.000000000000000000 ) ) ;
#1756 = CARTESIAN_POINT ( 'NONE',  ( -36.53222169062750169, 37.78187654411912177, -47.14125847552929827 ) ) ;
#1757 = EDGE_CURVE ( 'NONE', #368, #1236, #2479, .T. ) ;
#1758 = ORIENTED_EDGE ( 'NONE', *, *, #1421, .F. ) ;
#1759 = CARTESIAN_POINT ( 'NONE',  ( 0.000000000000000000, 43.09999999999982379, 50.65000000001317915 ) ) ;
#1760 = ORIENTED_EDGE ( 'NONE', *, *, #2309, .T. ) ;
#1761 = CARTESIAN_POINT ( 'NONE',  ( 41.39103340034410650, 43.09999999999982379, -30.98816382492316635 ) ) ;
#1762 = ORIENTED_EDGE ( 'NONE', *, *, #2090, .F. ) ;
#1763 = VERTEX_POINT ( 'NONE', #1108 ) ;
#1764 = DIRECTION ( 'NONE',  ( -0.000000000000000000, -1.000000000000000000, -0.000000000000000000 ) ) ;
#1765 = CARTESIAN_POINT ( 'NONE',  ( 72.17454306990882174, 43.09999999999982379, -53.76648893734721213 ) ) ;
#1766 = DIRECTION ( 'NONE',  ( -0.000000000000000000, -1.000000000000000000, 0.000000000000000000 ) ) ;
#1767 = CARTESIAN_POINT ( 'NONE',  ( -7.791929638688217530, 36.71749325645630790, 53.41101453490078654 ) ) ;
#1768 = LINE ( 'NONE', #2678, #1359 ) ;
#1769 = CARTESIAN_POINT ( 'NONE',  ( -92.23472253115484421, 38.09999999999983089, 22.75425146210877969 ) ) ;
#1770 = ADVANCED_FACE ( 'NONE', ( #2257 ), #252, .F. ) ;
#1771 = ORIENTED_EDGE ( 'NONE', *, *, #1750, .F. ) ;
#1772 = DIRECTION ( 'NONE',  ( 1.000000000000000000, -0.000000000000000000, -0.000000000000000000 ) ) ;
#1773 = CIRCLE ( 'NONE', #1916, 5.000000000000000000 ) ;
#1774 = EDGE_LOOP ( 'NONE', ( #2418, #1983, #214, #184 ) ) ;
#1775 = VECTOR ( 'NONE', #692, 1000.000000000000114 ) ;
#1776 = ORIENTED_EDGE ( 'NONE', *, *, #2628, .T. ) ;
#1777 = DIRECTION ( 'NONE',  ( 0.000000000000000000, 0.000000000000000000, -1.000000000000000000 ) ) ;
#1778 = CIRCLE ( 'NONE', #2447, 1.750000000000001554 ) ;
#1779 = DIRECTION ( 'NONE',  ( 0.000000000000000000, 0.000000000000000000, 1.000000000000000000 ) ) ;
#1780 = CARTESIAN_POINT ( 'NONE',  ( -93.32623722737464789, 31.09999999999982734, -14.99999999999999822 ) ) ;
#1781 = VECTOR ( 'NONE', #1414, 1000.000000000000000 ) ;
#1782 = EDGE_CURVE ( 'NONE', #914, #2234, #2536, .T. ) ;
#1783 = EDGE_CURVE ( 'NONE', #954, #315, #481, .T. ) ;
#1784 = CARTESIAN_POINT ( 'NONE',  ( 33.78954378415403426, 34.85293558958443327, -45.73857973064358617 ) ) ;
#1785 = EDGE_CURVE ( 'NONE', #887, #2788, #1768, .T. ) ;
#1786 = CARTESIAN_POINT ( 'NONE',  ( 12.51776908959455525, 43.09999999999982379, 84.07321486073666961 ) ) ;
#1787 = CIRCLE ( 'NONE', #2260, 1.750000000000001554 ) ;
#1788 = CIRCLE ( 'NONE', #58, 1.750000000000008438 ) ;
#1789 = VERTEX_POINT ( 'NONE', #2732 ) ;
#1790 = CARTESIAN_POINT ( 'NONE',  ( -34.75622348627803859, 36.35458887698877106, -45.98521595579259724 ) ) ;
#1791 = ORIENTED_EDGE ( 'NONE', *, *, #1683, .F. ) ;
#1792 = CYLINDRICAL_SURFACE ( 'NONE', #421, 5.000000000000004441 ) ;
#1793 = EDGE_CURVE ( 'NONE', #1640, #2781, #1614, .T. ) ;
#1794 = CARTESIAN_POINT ( 'NONE',  ( -93.32623722737464789, 38.09999999999983089, -22.75425146210877969 ) ) ;
#1795 = LINE ( 'NONE', #2455, #1138 ) ;
#1796 = LINE ( 'NONE', #716, #92 ) ;
#1797 = ORIENTED_EDGE ( 'NONE', *, *, #2058, .T. ) ;
#1798 = CARTESIAN_POINT ( 'NONE',  ( -33.41905313005283773, 33.61797602870468182, -45.69380027639859065 ) ) ;
#1799 = B_SPLINE_CURVE_WITH_KNOTS ( 'NONE', 3,
 ( #1150, #2246, #2276, #1121, #1790, #1376, #6, #681, #21, #1798, #1568, #454 ),
 .UNSPECIFIED., .F., .F.,
 ( 4, 2, 2, 2, 2, 4 ),
 ( 0.000000000000000000, 0.001540621154965273300, 0.003081242309930546600, 0.004621863464895820117, 0.005392174042378447552, 0.006162484619861074986 ),
 .UNSPECIFIED. ) ;
#1800 = ORIENTED_EDGE ( 'NONE', *, *, #554, .F. ) ;
#1801 = CARTESIAN_POINT ( 'NONE',  ( -93.32623722737464789, 42.56728256376937480, 17.75425146210877969 ) ) ;
#1802 = EDGE_CURVE ( 'NONE', #1655, #1728, #2166, .T. ) ;
#1803 = DIRECTION ( 'NONE',  ( -1.000000000000000000, 0.000000000000000000, -0.000000000000000000 ) ) ;
#1804 = FACE_OUTER_BOUND ( 'NONE', #897, .T. ) ;
#1805 = EDGE_CURVE ( 'NONE', #1812, #401, #2778, .T. ) ;
#1806 = ORIENTED_EDGE ( 'NONE', *, *, #1310, .F. ) ;
#1807 = EDGE_CURVE ( 'NONE', #2234, #2318, #305, .T. ) ;
#1808 = DIRECTION ( 'NONE',  ( 0.000000000000000000, 1.000000000000000000, 0.000000000000000000 ) ) ;
#1809 = DIRECTION ( 'NONE',  ( -0.000000000000000000, -1.000000000000000000, 0.000000000000000000 ) ) ;
#1810 = ORIENTED_EDGE ( 'NONE', *, *, #1278, .T. ) ;
#1811 = FACE_OUTER_BOUND ( 'NONE', #1587, .T. ) ;
#1812 = VERTEX_POINT ( 'NONE', #1212 ) ;
#1813 = DIRECTION ( 'NONE',  ( -0.000000000000000000, -1.000000000000000000, -0.000000000000000000 ) ) ;
#1814 = ADVANCED_FACE ( 'NONE', ( #1839 ), #552, .F. ) ;
#1815 = ORIENTED_EDGE ( 'NONE', *, *, #1239, .F. ) ;
#1816 = ADVANCED_FACE ( 'NONE', ( #2507 ), #2329, .T. ) ;
#1817 = ORIENTED_EDGE ( 'NONE', *, *, #39, .T. ) ;
#1818 = DIRECTION ( 'NONE',  ( 0.000000000000000000, -1.445602896647340149E-16, -1.000000000000000000 ) ) ;
#1819 = AXIS2_PLACEMENT_3D ( 'NONE', #1312, #1996, #2609 ) ;
#1820 = CIRCLE ( 'NONE', #1492, 5.000000000000000888 ) ;
#1821 = EDGE_CURVE ( 'NONE', #1453, #707, #388, .T. ) ;
#1822 = CARTESIAN_POINT ( 'NONE',  ( -88.23143745298615670, 42.56728256376937480, -17.75425146210877969 ) ) ;
#1823 = ORIENTED_EDGE ( 'NONE', *, *, #1103, .T. ) ;
#1824 = AXIS2_PLACEMENT_3D ( 'NONE', #1903, #2813, #793 ) ;
#1825 = LINE ( 'NONE', #1603, #1130 ) ;
#1826 = AXIS2_PLACEMENT_3D ( 'NONE', #2629, #616, #1779 ) ;
#1827 = FILL_AREA_STYLE ('',( #664 ) ) ;
#1828 = AXIS2_PLACEMENT_3D ( 'NONE', #1604, #726, #1423 ) ;
#1829 = LINE ( 'NONE', #923, #849 ) ;
#1830 = VERTEX_POINT ( 'NONE', #2315 ) ;
#1831 = VECTOR ( 'NONE', #1977, 1000.000000000000000 ) ;
#1832 = DIRECTION ( 'NONE',  ( 0.000000000000000000, 0.000000000000000000, -1.000000000000000000 ) ) ;
#1833 = VECTOR ( 'NONE', #2794, 1000.000000000000000 ) ;
#1834 = CARTESIAN_POINT ( 'NONE',  ( -93.32623722737464789, 31.09999999999982734, 9.999999999999989342 ) ) ;
#1835 = VECTOR ( 'NONE', #2287, 1000.000000000000000 ) ;
#1836 = DIRECTION ( 'NONE',  ( -0.000000000000000000, -1.000000000000000000, -0.000000000000000000 ) ) ;
#1837 = ORIENTED_EDGE ( 'NONE', *, *, #2845, .F. ) ;
#1838 = CARTESIAN_POINT ( 'NONE',  ( -33.35437024091556424, 33.09999999999982379, -43.96222290335188632 ) ) ;
#1839 = FACE_OUTER_BOUND ( 'NONE', #102, .T. ) ;
#1840 = FACE_OUTER_BOUND ( 'NONE', #578, .T. ) ;
#1841 = EDGE_CURVE ( 'NONE', #1236, #1005, #493, .T. ) ;
#1842 = ORIENTED_EDGE ( 'NONE', *, *, #467, .F. ) ;
#1843 = CARTESIAN_POINT ( 'NONE',  ( 46.36266053674273735, 37.27263087747243731, -35.87140387832987187 ) ) ;
#1844 = CARTESIAN_POINT ( 'NONE',  ( 7.500000000000000000, 43.09999999999982379, 50.65000000001317915 ) ) ;
#1845 = ORIENTED_EDGE ( 'NONE', *, *, #626, .T. ) ;
#1846 = CARTESIAN_POINT ( 'NONE',  ( -32.99602926817252779, 33.09999999999982379, -50.67613374226389311 ) ) ;
#1847 = LINE ( 'NONE', #273, #712 ) ;
#1848 = ORIENTED_EDGE ( 'NONE', *, *, #2552, .F. ) ;
#1849 = DIRECTION ( 'NONE',  ( -1.000000000000000000, -0.000000000000000000, 0.000000000000000000 ) ) ;
#1850 = CARTESIAN_POINT ( 'NONE',  ( -72.30277182962758786, 38.09999999999983089, -53.59392862771692734 ) ) ;
#1851 = CYLINDRICAL_SURFACE ( 'NONE', #1545, 2.999999999999981792 ) ;
#1852 = EDGE_CURVE ( 'NONE', #2302, #1015, #1177, .T. ) ;
#1853 = VERTEX_POINT ( 'NONE', #2127 ) ;
#1854 = CARTESIAN_POINT ( 'NONE',  ( -2.123301534596221831E-14, 43.09999999999982379, 45.90000000001317915 ) ) ;
#1855 = DIRECTION ( 'NONE',  ( -0.000000000000000000, -1.000000000000000000, -0.000000000000000000 ) ) ;
#1856 = EDGE_LOOP ( 'NONE', ( #1945, #568, #2332, #89, #22, #796 ) ) ;
#1857 = VERTEX_POINT ( 'NONE', #2108 ) ;
#1858 = CARTESIAN_POINT ( 'NONE',  ( -88.23143745298615670, 38.09999999999983089, 17.75425146210877969 ) ) ;
#1859 = VECTOR ( 'NONE', #2671, 1000.000000000000000 ) ;
#1860 = CARTESIAN_POINT ( 'NONE',  ( -87.74964387392122944, 43.09999999999982379, -20.00000000000000000 ) ) ;
#1861 = ORIENTED_EDGE ( 'NONE', *, *, #2292, .T. ) ;
#1862 = DIRECTION ( 'NONE',  ( 0.000000000000000000, 1.000000000000000000, 0.000000000000000000 ) ) ;
#1863 = CARTESIAN_POINT ( 'NONE',  ( -54.14279994926497608, 38.09999999999983089, -64.75839874050144829 ) ) ;
#1864 = DIRECTION ( 'NONE',  ( -0.000000000000000000, -1.000000000000000000, -0.000000000000000000 ) ) ;
#1865 = VECTOR ( 'NONE', #275, 1000.000000000000000 ) ;
#1866 = EDGE_CURVE ( 'NONE', #432, #1655, #1384, .T. ) ;
#1867 = DIRECTION ( 'NONE',  ( -1.000000000000000000, -0.000000000000000000, 0.000000000000000000 ) ) ;
#1868 = CIRCLE ( 'NONE', #618, 1.750000000000001554 ) ;
#1869 = ORIENTED_EDGE ( 'NONE', *, *, #1216, .F. ) ;
#1870 = VERTEX_POINT ( 'NONE', #2347 ) ;
#1871 = DIRECTION ( 'NONE',  ( -1.000000000000000000, -0.000000000000000000, 0.000000000000000000 ) ) ;
#1872 = DIRECTION ( 'NONE',  ( 0.7072384844909959112, 0.000000000000000000, -0.7069750533469193465 ) ) ;
#1873 = VECTOR ( 'NONE', #2916, 1000.000000000000000 ) ;
#1874 = LINE ( 'NONE', #12, #2587 ) ;
#1875 = AXIS2_PLACEMENT_3D ( 'NONE', #2553, #2092, #1409 ) ;
#1876 = VERTEX_POINT ( 'NONE', #2283 ) ;
#1877 = ORIENTED_EDGE ( 'NONE', *, *, #441, .T. ) ;
#1878 = DIRECTION ( 'NONE',  ( 0.000000000000000000, 0.000000000000000000, 1.000000000000000000 ) ) ;
#1879 = CIRCLE ( 'NONE', #1363, 4.999999999999997335 ) ;
#1880 = ADVANCED_FACE ( 'NONE', ( #1628 ), #1012, .T. ) ;
#1881 = AXIS2_PLACEMENT_3D ( 'NONE', #2774, #1884, #2362 ) ;
#1882 = CARTESIAN_POINT ( 'NONE',  ( -93.32623722737464789, 36.09999999999982379, -14.99999999999999822 ) ) ;
#1883 = ORIENTED_EDGE ( 'NONE', *, *, #2652, .T. ) ;
#1884 = DIRECTION ( 'NONE',  ( 0.000000000000000000, 1.000000000000000000, -0.000000000000000000 ) ) ;
#1885 = CYLINDRICAL_SURFACE ( 'NONE', #2534, 4.999999999999997335 ) ;
#1886 = DIRECTION ( 'NONE',  ( 0.000000000000000000, 1.000000000000000000, 0.000000000000000000 ) ) ;
#1887 = CARTESIAN_POINT ( 'NONE',  ( 0.000000000000000000, 38.09999999999983089, 0.000000000000000000 ) ) ;
#1888 = ORIENTED_EDGE ( 'NONE', *, *, #2606, .T. ) ;
#1889 = EDGE_LOOP ( 'NONE', ( #1724, #1345, #249, #2431, #1032 ) ) ;
#1890 = DIRECTION ( 'NONE',  ( 1.000000000000000000, 0.000000000000000000, 0.000000000000000000 ) ) ;
#1891 = PRODUCT_CONTEXT ( 'NONE', #2869, 'mechanical' ) ;
#1892 = DIRECTION ( 'NONE',  ( 0.7072384844909962442, 0.000000000000000000, -0.7069750533469189024 ) ) ;
#1893 = ORIENTED_EDGE ( 'NONE', *, *, #2028, .T. ) ;
#1894 = ORIENTED_EDGE ( 'NONE', *, *, #2909, .T. ) ;
#1895 = CARTESIAN_POINT ( 'NONE',  ( 7.500000000000001776, 33.09999999999982379, 48.90000000001317915 ) ) ;
#1896 = DIRECTION ( 'NONE',  ( 0.000000000000000000, 1.000000000000000000, -0.000000000000000000 ) ) ;
#1897 = EDGE_LOOP ( 'NONE', ( #278, #1659, #901, #783, #390, #2742, #2205 ) ) ;
#1898 = LINE ( 'NONE', #2549, #1741 ) ;
#1899 = ADVANCED_FACE ( 'NONE', ( #290 ), #761, .F. ) ;
#1900 = DIRECTION ( 'NONE',  ( 0.000000000000000000, 1.000000000000000000, -0.000000000000000000 ) ) ;
#1901 = EDGE_CURVE ( 'NONE', #2830, #1101, #471, .T. ) ;
#1902 = LINE ( 'NONE', #2413, #1553 ) ;
#1903 = CARTESIAN_POINT ( 'NONE',  ( 32.11953467483635194, 33.09999999999982379, -42.72613639260982410 ) ) ;
#1904 = EDGE_LOOP ( 'NONE', ( #1205, #1607, #155, #2258, #2561 ) ) ;
#1905 = ORIENTED_EDGE ( 'NONE', *, *, #2279, .T. ) ;
#1906 = CARTESIAN_POINT ( 'NONE',  ( -87.07608190771517798, 38.09999999999983089, -22.75425146210878324 ) ) ;
#1907 = ORIENTED_EDGE ( 'NONE', *, *, #499, .T. ) ;
#1908 = ORIENTED_EDGE ( 'NONE', *, *, #786, .T. ) ;
#1909 = DIRECTION ( 'NONE',  ( 0.000000000000000000, 0.000000000000000000, 1.000000000000000000 ) ) ;
#1910 = ADVANCED_FACE ( 'NONE', ( #949 ), #115, .F. ) ;
#1911 = LINE ( 'NONE', #1452, #2216 ) ;
#1912 = ORIENTED_EDGE ( 'NONE', *, *, #313, .T. ) ;
#1913 = CARTESIAN_POINT ( 'NONE',  ( -45.81120754468594924, 35.52897673772156395, -34.15780590427149122 ) ) ;
#1914 = CARTESIAN_POINT ( 'NONE',  ( 40.60404844782677003, 43.09999999999982379, -29.99898221035794421 ) ) ;
#1915 = DIRECTION ( 'NONE',  ( -0.7069750533469193465, 1.665334536937733548E-14, -0.7072384844909956891 ) ) ;
#1916 = AXIS2_PLACEMENT_3D ( 'NONE', #136, #327, #1450 ) ;
#1917 = CARTESIAN_POINT ( 'NONE',  ( 7.500000000000001776, 43.09999999999982379, 48.90000000001317915 ) ) ;
#1918 = VECTOR ( 'NONE', #1772, 1000.000000000000000 ) ;
#1919 = CARTESIAN_POINT ( 'NONE',  ( 32.11953467483635194, 43.09999999999982379, -42.72613639260982410 ) ) ;
#1920 = VERTEX_POINT ( 'NONE', #318 ) ;
#1921 = CARTESIAN_POINT ( 'NONE',  ( -93.27621140704442837, 34.72948023857678379, 18.01569673476119604 ) ) ;
#1922 = CLOSED_SHELL ( 'NONE', ( #2622, #2076, #267, #2651, #2121, #2373, #125, #956, #1880, #1816, #2834, #559, #1605, #997, #2654, #2488, #924, #1026, #2567, #259, #1385, #2024, #1943, #2699, #1770, #985, #2886, #815, #840, #1050, #172, #1593, #1814, #345, #2210, #2243, #1166, #867, #478, #1574, #1410, #196, #728, #183, #2439, #1059, #2662, #287, #15, #1445, #100, #2610, #1304, #2463, #1478, #1379, #41, #1295, #1341, #2306, #2519, #913, #129, #2331, #303, #662, #698, #1992, #777, #530, #1899, #1910, #2476, #1154, #1306, #408, #1017, #1255, #2305, #2812 ) ) ;
#1923 = ORIENTED_EDGE ( 'NONE', *, *, #2554, .T. ) ;
#1924 = VERTEX_POINT ( 'NONE', #2796 ) ;
#1925 = AXIS2_PLACEMENT_3D ( 'NONE', #980, #25, #748 ) ;
#1926 = CARTESIAN_POINT ( 'NONE',  ( -7.499999999999998224, 43.09999999999982379, 48.90000000001317915 ) ) ;
#1927 = AXIS2_PLACEMENT_3D ( 'NONE', #2756, #523, #1649 ) ;
#1928 = DIRECTION ( 'NONE',  ( -1.000000000000000000, 0.000000000000000000, 9.251858538542971828E-16 ) ) ;
#1929 = ORIENTED_EDGE ( 'NONE', *, *, #2292, .F. ) ;
#1930 = CARTESIAN_POINT ( 'NONE',  ( -88.23143745298615670, 42.56728256376937480, 17.75425146210877969 ) ) ;
#1931 = VECTOR ( 'NONE', #2087, 1000.000000000000000 ) ;
#1932 = CARTESIAN_POINT ( 'NONE',  ( 33.00278513788543222, 43.09999999999982379, -50.67722868357987664 ) ) ;
#1933 = AXIS2_PLACEMENT_3D ( 'NONE', #2341, #1240, #2167 ) ;
#1934 = CARTESIAN_POINT ( 'NONE',  ( -88.23143745298615670, 33.09999999999982379, 17.75425146210877969 ) ) ;
#1935 = DIRECTION ( 'NONE',  ( 0.000000000000000000, 1.000000000000000000, -0.000000000000000000 ) ) ;
#1936 = CARTESIAN_POINT ( 'NONE',  ( 8.696624465077947619, 33.62299099652913270, 51.90000000001314362 ) ) ;
#1937 = EDGE_LOOP ( 'NONE', ( #1570, #142, #1646, #2056, #2241, #1220 ) ) ;
#1938 = ORIENTED_EDGE ( 'NONE', *, *, #741, .T. ) ;
#1939 = FACE_OUTER_BOUND ( 'NONE', #2111, .T. ) ;
#1940 = VERTEX_POINT ( 'NONE', #778 ) ;
#1941 = ORIENTED_EDGE ( 'NONE', *, *, #1201, .T. ) ;
#1942 = DIRECTION ( 'NONE',  ( -0.000000000000000000, -1.000000000000000000, -0.000000000000000000 ) ) ;
#1943 = ADVANCED_FACE ( 'NONE', ( #1663 ), #1504, .F. ) ;
#1944 = CARTESIAN_POINT ( 'NONE',  ( 4.801714581505020670E-14, 33.09999999999982379, 51.90000000001316494 ) ) ;
#1945 = ORIENTED_EDGE ( 'NONE', *, *, #1802, .T. ) ;
#1946 = CARTESIAN_POINT ( 'NONE',  ( -87.47408107046106807, 37.84624987447205058, 21.17334627881799491 ) ) ;
#1947 = DIRECTION ( 'NONE',  ( -0.000000000000000000, -1.000000000000000000, -0.000000000000000000 ) ) ;
#1948 = CARTESIAN_POINT ( 'NONE',  ( 32.11953467483635194, 43.09999999999982379, -44.47613639260982410 ) ) ;
#1949 = FACE_OUTER_BOUND ( 'NONE', #2598, .T. ) ;
#1950 = CARTESIAN_POINT ( 'NONE',  ( 33.35832042627341565, 43.09999999999982379, -43.96222290335107630 ) ) ;
#1951 = ORIENTED_EDGE ( 'NONE', *, *, #1852, .T. ) ;
#1952 = DIRECTION ( 'NONE',  ( 0.000000000000000000, 1.000000000000000000, -0.000000000000000000 ) ) ;
#1953 = EDGE_CURVE ( 'NONE', #1419, #1541, #2584, .T. ) ;
#1954 = EDGE_LOOP ( 'NONE', ( #1744, #816, #2427, #1612 ) ) ;
#1955 = LINE ( 'NONE', #2866, #975 ) ;
#1956 = CYLINDRICAL_SURFACE ( 'NONE', #575, 1.749999999999994671 ) ;
#1957 = ORIENTED_EDGE ( 'NONE', *, *, #168, .T. ) ;
#1958 = FACE_OUTER_BOUND ( 'NONE', #2460, .T. ) ;
#1959 = CARTESIAN_POINT ( 'NONE',  ( -7.499999999999999112, 38.09999999999983089, 84.07585860400118349 ) ) ;
#1960 = DIRECTION ( 'NONE',  ( 0.000000000000000000, 0.000000000000000000, 1.000000000000000000 ) ) ;
#1961 = CARTESIAN_POINT ( 'NONE',  ( 33.39650247369019809, 33.09999999999982379, -45.69275412155363369 ) ) ;
#1962 = DIRECTION ( 'NONE',  ( 0.000000000000000000, 0.000000000000000000, 1.000000000000000000 ) ) ;
#1963 = EDGE_CURVE ( 'NONE', #2358, #49, #809, .T. ) ;
#1964 = VERTEX_POINT ( 'NONE', #1520 ) ;
#1965 = AXIS2_PLACEMENT_3D ( 'NONE', #1582, #2513, #2268 ) ;
#1966 = CARTESIAN_POINT ( 'NONE',  ( -93.29509508547006646, 34.40858685506105985, 17.91729901428085370 ) ) ;
#1967 = EDGE_LOOP ( 'NONE', ( #274, #134, #2837, #715 ) ) ;
#1968 = FACE_OUTER_BOUND ( 'NONE', #2313, .T. ) ;
#1969 = VECTOR ( 'NONE', #602, 1000.000000000000000 ) ;
#1970 = B_SPLINE_CURVE_WITH_KNOTS ( 'NONE', 3,
 ( #2169, #161, #1987, #1057, #1301, #1946, #407, #2858, #2197, #835, #2904, #1085, #877, #630, #218, #655, #1544, #1718, #2627, #2915, #2451, #613 ),
 .UNSPECIFIED., .F., .F.,
 ( 4, 2, 2, 2, 2, 2, 2, 2, 2, 2, 4 ),
 ( 0.000000000000000000, 0.0009898433381040402240, 0.001484765007156058601, 0.001979686676208076979, 0.002969530014312096820, 0.003959373352416116661, 0.004949216690520135201, 0.005444138359572144904, 0.005939060028624154608, 0.006928903366728154933, 0.007918746704832153524 ),
 .UNSPECIFIED. ) ;
#1971 = VERTEX_POINT ( 'NONE', #380 ) ;
#1972 = DIRECTION ( 'NONE',  ( 0.000000000000000000, 0.000000000000000000, -1.000000000000000000 ) ) ;
#1973 = CIRCLE ( 'NONE', #2729, 5.000000000000004441 ) ;
#1974 = EDGE_CURVE ( 'NONE', #1480, #2889, #2424, .T. ) ;
#1975 = FACE_BOUND ( 'NONE', #640, .T. ) ;
#1976 = VECTOR ( 'NONE', #1434, 1000.000000000000000 ) ;
#1977 = DIRECTION ( 'NONE',  ( -0.000000000000000000, -1.000000000000000000, -0.000000000000000000 ) ) ;
#1978 = AXIS2_PLACEMENT_3D ( 'NONE', #1330, #1764, #1972 ) ;
#1979 = CARTESIAN_POINT ( 'NONE',  ( 34.30159738533648550, 35.74368894611757241, -45.84619851802801804 ) ) ;
#1980 = CARTESIAN_POINT ( 'NONE',  ( -32.11716389755839884, 33.09999999999982379, -42.72455555549271367 ) ) ;
#1981 = EDGE_LOOP ( 'NONE', ( #2548, #2116, #724, #1120 ) ) ;
#1982 = CARTESIAN_POINT ( 'NONE',  ( -92.92975877009308761, 37.09264523595977892, 19.72659645787262406 ) ) ;
#1983 = ORIENTED_EDGE ( 'NONE', *, *, #1119, .F. ) ;
#1984 = DIRECTION ( 'NONE',  ( 0.000000000000000000, -1.000000000000000000, 0.000000000000000000 ) ) ;
#1985 = VERTEX_POINT ( 'NONE', #1274 ) ;
#1986 = VERTEX_POINT ( 'NONE', #2615 ) ;
#1987 = CARTESIAN_POINT ( 'NONE',  ( -87.24214009499307565, 38.06885190591787449, 22.11140282562323023 ) ) ;
#1988 = CARTESIAN_POINT ( 'NONE',  ( -7.499999999999999112, 43.09999999999982379, 45.90000000001317915 ) ) ;
#1989 = DIRECTION ( 'NONE',  ( -0.000000000000000000, -1.000000000000000000, -0.000000000000000000 ) ) ;
#1990 = EDGE_CURVE ( 'NONE', #2571, #672, #2172, .T. ) ;
#1991 = CARTESIAN_POINT ( 'NONE',  ( 35.64491090998393474, 37.18797884667852571, -46.42727109881485603 ) ) ;
#1992 = ADVANCED_FACE ( 'NONE', ( #2825 ), #2601, .T. ) ;
#1993 = CARTESIAN_POINT ( 'NONE',  ( -5.308492306702587094, 38.09999999999983089, -5.310470342837045443 ) ) ;
#1994 = CARTESIAN_POINT ( 'NONE',  ( 32.11953467483635194, 33.09999999999982379, -42.72613639260982410 ) ) ;
#1995 = ORIENTED_EDGE ( 'NONE', *, *, #649, .F. ) ;
#1996 = DIRECTION ( 'NONE',  ( 0.000000000000000000, 1.000000000000000000, -0.000000000000000000 ) ) ;
#1997 = EDGE_LOOP ( 'NONE', ( #2266, #946, #260, #307 ) ) ;
#1998 = EDGE_CURVE ( 'NONE', #2248, #2038, #2631, .T. ) ;
#1999 = EDGE_CURVE ( 'NONE', #2607, #2509, #2731, .T. ) ;
#2000 = EDGE_LOOP ( 'NONE', ( #2245, #88, #2640, #2574 ) ) ;
#2001 = FACE_OUTER_BOUND ( 'NONE', #581, .T. ) ;
#2002 = EDGE_CURVE ( 'NONE', #497, #1402, #1643, .T. ) ;
#2003 = CARTESIAN_POINT ( 'NONE',  ( 2.181125650462115506E-14, 43.09999999999982379, 47.15000000001317204 ) ) ;
#2004 = LINE ( 'NONE', #2664, #337 ) ;
#2005 = CARTESIAN_POINT ( 'NONE',  ( 33.39650247369018388, 33.62295901598561443, -45.69275412155362659 ) ) ;
#2006 = CIRCLE ( 'NONE', #1031, 1.750000000000001554 ) ;
#2007 = VERTEX_POINT ( 'NONE', #1934 ) ;
#2008 = LINE ( 'NONE', #469, #1681 ) ;
#2009 = VERTEX_POINT ( 'NONE', #837 ) ;
#2010 = CIRCLE ( 'NONE', #1629, 1.750000000000001554 ) ;
#2011 = PLANE ( 'NONE',  #2161 ) ;
#2012 = SHAPE_DEFINITION_REPRESENTATION ( #470, #614 ) ;
#2013 = VECTOR ( 'NONE', #711, 1000.000000000000114 ) ;
#2014 = LINE ( 'NONE', #1352, #852 ) ;
#2015 = LINE ( 'NONE', #2704, #1831 ) ;
#2016 = AXIS2_PLACEMENT_3D ( 'NONE', #2003, #162, #1089 ) ;
#2017 = DIRECTION ( 'NONE',  ( 0.000000000000000000, 1.000000000000000000, -0.000000000000000000 ) ) ;
#2018 = AXIS2_PLACEMENT_3D ( 'NONE', #994, #503, #336 ) ;
#2019 = CARTESIAN_POINT ( 'NONE',  ( -72.30277182962757365, 43.09999999999982379, -53.59392862771692023 ) ) ;
#2020 = ORIENTED_EDGE ( 'NONE', *, *, #2802, .T. ) ;
#2021 = VECTOR ( 'NONE', #1197, 1000.000000000000000 ) ;
#2022 = ORIENTED_EDGE ( 'NONE', *, *, #959, .F. ) ;
#2023 = CARTESIAN_POINT ( 'NONE',  ( -48.38193681938937374, 38.09999999999983089, -37.77744255074002666 ) ) ;
#2024 = ADVANCED_FACE ( 'NONE', ( #1457, #1471 ), #823, .F. ) ;
#2025 = EDGE_CURVE ( 'NONE', #2501, #432, #1181, .T. ) ;
#2026 = ORIENTED_EDGE ( 'NONE', *, *, #2707, .F. ) ;
#2027 = ORIENTED_EDGE ( 'NONE', *, *, #2733, .T. ) ;
#2028 = EDGE_CURVE ( 'NONE', #49, #914, #1902, .T. ) ;
#2029 = VERTEX_POINT ( 'NONE', #601 ) ;
#2030 = FACE_OUTER_BOUND ( 'NONE', #2522, .T. ) ;
#2031 = LINE ( 'NONE', #1562, #1597 ) ;
#2032 = ORIENTED_EDGE ( 'NONE', *, *, #398, .F. ) ;
#2033 = DIRECTION ( 'NONE',  ( 0.000000000000000000, 0.000000000000000000, 1.000000000000000000 ) ) ;
#2034 = DIRECTION ( 'NONE',  ( 0.7072384844909962442, 0.000000000000000000, -0.7069750533469189024 ) ) ;
#2035 = ORIENTED_EDGE ( 'NONE', *, *, #1298, .F. ) ;
#2036 = EDGE_CURVE ( 'NONE', #549, #2636, #2811, .T. ) ;
#2037 = DIRECTION ( 'NONE',  ( 0.7072384844909961332, 0.000000000000000000, -0.7069750533469190135 ) ) ;
#2038 = VERTEX_POINT ( 'NONE', #2185 ) ;
#2039 = LINE ( 'NONE', #912, #565 ) ;
#2040 = EDGE_CURVE ( 'NONE', #520, #371, #2141, .T. ) ;
#2041 = ORIENTED_EDGE ( 'NONE', *, *, #1664, .T. ) ;
#2042 = ORIENTED_EDGE ( 'NONE', *, *, #1133, .T. ) ;
#2043 = ORIENTED_EDGE ( 'NONE', *, *, #483, .F. ) ;
#2044 = CARTESIAN_POINT ( 'NONE',  ( -32.99602926817252779, 43.09999999999982379, -50.67613374226389311 ) ) ;
#2045 = EDGE_LOOP ( 'NONE', ( #2486, #1084 ) ) ;
#2046 = LINE ( 'NONE', #2533, #750 ) ;
#2047 = PRESENTATION_STYLE_ASSIGNMENT (( #1551 ) ) ;
#2048 = LINE ( 'NONE', #44, #194 ) ;
#2049 = EDGE_CURVE ( 'NONE', #200, #501, #128, .T. ) ;
#2050 = ORIENTED_EDGE ( 'NONE', *, *, #1793, .F. ) ;
#2051 = CARTESIAN_POINT ( 'NONE',  ( 32.11953467483635194, 33.09999999999982379, -42.72613639260982410 ) ) ;
#2052 = ORIENTED_EDGE ( 'NONE', *, *, #1466, .T. ) ;
#2053 = VECTOR ( 'NONE', #1250, 1000.000000000000000 ) ;
#2054 = VECTOR ( 'NONE', #62, 1000.000000000000000 ) ;
#2055 = DIRECTION ( 'NONE',  ( 0.000000000000000000, 0.000000000000000000, 1.000000000000000000 ) ) ;
#2056 = ORIENTED_EDGE ( 'NONE', *, *, #127, .T. ) ;
#2057 = AXIS2_PLACEMENT_3D ( 'NONE', #1563, #2653, #1343 ) ;
#2058 = EDGE_CURVE ( 'NONE', #160, #506, #1025, .T. ) ;
#2059 = FACE_BOUND ( 'NONE', #2485, .T. ) ;
#2060 = AXIS2_PLACEMENT_3D ( 'NONE', #1024, #822, #334 ) ;
#2061 = CARTESIAN_POINT ( 'NONE',  ( 0.000000000000000000, 33.09999999999983089, -22.75425146210877969 ) ) ;
#2062 = AXIS2_PLACEMENT_3D ( 'NONE', #588, #1062, #2393 ) ;
#2063 = CARTESIAN_POINT ( 'NONE',  ( 39.56327602691179379, 33.09999999999982379, -39.51908471495294606 ) ) ;
#2064 = VERTEX_POINT ( 'NONE', #365 ) ;
#2065 = AXIS2_PLACEMENT_3D ( 'NONE', #1740, #617, #2199 ) ;
#2066 = PLANE ( 'NONE',  #2769 ) ;
#2067 = AXIS2_PLACEMENT_3D ( 'NONE', #1028, #2175, #2667 ) ;
#2068 = ORIENTED_EDGE ( 'NONE', *, *, #2511, .F. ) ;
#2069 = VERTEX_POINT ( 'NONE', #1042 ) ;
#2070 = DIRECTION ( 'NONE',  ( 0.000000000000000000, 1.000000000000000000, -0.000000000000000000 ) ) ;
#2071 = CARTESIAN_POINT ( 'NONE',  ( -87.83837638293513805, 43.09999999999981668, -19.61068769669952516 ) ) ;
#2072 = VERTEX_POINT ( 'NONE', #1754 ) ;
#2073 = EDGE_CURVE ( 'NONE', #2889, #537, #2015, .T. ) ;
#2074 = CARTESIAN_POINT ( 'NONE',  ( -87.61930012259934131, 37.60717692056485362, -20.56580635657855183 ) ) ;
#2075 = CARTESIAN_POINT ( 'NONE',  ( 53.59488972595769951, 38.09999999999983089, -72.30205941231852762 ) ) ;
#2076 = ADVANCED_FACE ( 'NONE', ( #422 ), #233, .F. ) ;
#2077 = DIRECTION ( 'NONE',  ( 0.000000000000000000, 1.000000000000000000, 0.000000000000000000 ) ) ;
#2078 = ORIENTED_EDGE ( 'NONE', *, *, #2430, .T. ) ;
#2079 = CARTESIAN_POINT ( 'NONE',  ( 63.63001565316833563, 43.09999999999982379, -63.64920351408611054 ) ) ;
#2080 = PLANE ( 'NONE',  #1696 ) ;
#2081 = LINE ( 'NONE', #2524, #2208 ) ;
#2082 = ORIENTED_EDGE ( 'NONE', *, *, #573, .F. ) ;
#2083 = ORIENTED_EDGE ( 'NONE', *, *, #1683, .T. ) ;
#2084 = LINE ( 'NONE', #2806, #1351 ) ;
#2085 = EDGE_CURVE ( 'NONE', #1102, #2751, #2004, .T. ) ;
#2086 = EDGE_CURVE ( 'NONE', #401, #532, #2691, .T. ) ;
#2087 = DIRECTION ( 'NONE',  ( 0.7075018027878722249, 0.000000000000000000, -0.7067115387850341213 ) ) ;
#2088 = ORIENTED_EDGE ( 'NONE', *, *, #1565, .F. ) ;
#2089 = CARTESIAN_POINT ( 'NONE',  ( -32.44673841153869631, 33.09999999999982379, -45.70639737553190685 ) ) ;
#2090 = EDGE_CURVE ( 'NONE', #2099, #2850, #810, .T. ) ;
#2091 = CARTESIAN_POINT ( 'NONE',  ( 12.50179208750447124, 43.09999999999982379, 55.14356275803663010 ) ) ;
#2092 = DIRECTION ( 'NONE',  ( 0.000000000000000000, 1.000000000000000000, -0.000000000000000000 ) ) ;
#2093 = FACE_OUTER_BOUND ( 'NONE', #1856, .T. ) ;
#2094 = ORIENTED_EDGE ( 'NONE', *, *, #1565, .T. ) ;
#2095 = CARTESIAN_POINT ( 'NONE',  ( 46.92667587613789948, 37.76070129390606667, -36.63213378967008538 ) ) ;
#2096 = LINE ( 'NONE', #1844, #482 ) ;
#2097 = EDGE_CURVE ( 'NONE', #2575, #693, #248, .T. ) ;
#2098 = CARTESIAN_POINT ( 'NONE',  ( -5.308492306702587094, 38.09999999999983089, -5.310470342837045443 ) ) ;
#2099 = VERTEX_POINT ( 'NONE', #1106 ) ;
#2100 = ORIENTED_EDGE ( 'NONE', *, *, #2036, .F. ) ;
#2101 = LINE ( 'NONE', #360, #608 ) ;
#2102 = CIRCLE ( 'NONE', #2578, 90.00000000000001421 ) ;
#2103 = CARTESIAN_POINT ( 'NONE',  ( -87.74964387392122944, 43.09999999999982379, 20.00000000000000000 ) ) ;
#2104 = ORIENTED_EDGE ( 'NONE', *, *, #866, .T. ) ;
#2105 = CARTESIAN_POINT ( 'NONE',  ( -87.83838704058901214, 43.09999999999983089, 19.61064093643291528 ) ) ;
#2106 = AXIS2_PLACEMENT_3D ( 'NONE', #2541, #1871, #767 ) ;
#2107 = DIRECTION ( 'NONE',  ( 0.000000000000000000, 0.000000000000000000, 1.000000000000000000 ) ) ;
#2108 = CARTESIAN_POINT ( 'NONE',  ( 41.39103340034410650, 33.09999999999982379, -30.98816382492316635 ) ) ;
#2109 = DIRECTION ( 'NONE',  ( 0.000000000000000000, 1.000000000000000000, 0.000000000000000000 ) ) ;
#2110 = VECTOR ( 'NONE', #2713, 1000.000000000000000 ) ;
#2111 = EDGE_LOOP ( 'NONE', ( #2421, #2277, #585, #831 ) ) ;
#2112 = CARTESIAN_POINT ( 'NONE',  ( -13.23529411764705976, 38.09999999999983089, 89.02149734541303872 ) ) ;
#2113 = AXIS2_PLACEMENT_3D ( 'NONE', #29, #18, #2706 ) ;
#2114 = DIRECTION ( 'NONE',  ( 0.000000000000000000, 1.000000000000000000, 0.000000000000000000 ) ) ;
#2115 = CIRCLE ( 'NONE', #943, 5.000000000000000888 ) ;
#2116 = ORIENTED_EDGE ( 'NONE', *, *, #2577, .F. ) ;
#2117 = ORIENTED_EDGE ( 'NONE', *, *, #786, .F. ) ;
#2118 = CARTESIAN_POINT ( 'NONE',  ( 1.163414459189985801E-14, 38.09999999999983089, -95.00000000000001421 ) ) ;
#2119 = EDGE_CURVE ( 'NONE', #2682, #1462, #1090, .T. ) ;
#2120 = VECTOR ( 'NONE', #1928, 1000.000000000000000 ) ;
#2121 = ADVANCED_FACE ( 'NONE', ( #907 ), #2917, .F. ) ;
#2122 = EDGE_CURVE ( 'NONE', #1870, #74, #13, .T. ) ;
#2123 = CARTESIAN_POINT ( 'NONE',  ( 45.69461120695795131, 43.09999999999982379, -32.55330567052737223 ) ) ;
#2124 = EDGE_LOOP ( 'NONE', ( #485, #477, #2338, #1004 ) ) ;
#2125 = CARTESIAN_POINT ( 'NONE',  ( -42.72613639261329865, 33.09999999999982379, -32.11953467481176006 ) ) ;
#2126 = DIRECTION ( 'NONE',  ( 0.000000000000000000, 0.000000000000000000, 1.000000000000000000 ) ) ;
#2127 = CARTESIAN_POINT ( 'NONE',  ( 32.45075359847975704, 43.09999999999982379, -45.70779600172358670 ) ) ;
#2128 = DIRECTION ( 'NONE',  ( 0.000000000000000000, 0.000000000000000000, 1.000000000000000000 ) ) ;
#2129 = ORIENTED_EDGE ( 'NONE', *, *, #229, .F. ) ;
#2130 = ORIENTED_EDGE ( 'NONE', *, *, #1521, .F. ) ;
#2131 = CARTESIAN_POINT ( 'NONE',  ( 45.64446722559168279, 33.09999999999982379, -33.43109336340310023 ) ) ;
#2132 = EDGE_CURVE ( 'NONE', #638, #200, #2888, .T. ) ;
#2133 = ORIENTED_EDGE ( 'NONE', *, *, #694, .T. ) ;
#2134 = ORIENTED_EDGE ( 'NONE', *, *, #1432, .T. ) ;
#2135 = CARTESIAN_POINT ( 'NONE',  ( 32.11953467483635194, 43.09999999999982379, -45.72613639260980989 ) ) ;
#2136 = EDGE_CURVE ( 'NONE', #9, #549, #2115, .T. ) ;
#2137 = CARTESIAN_POINT ( 'NONE',  ( 12.51776908959455525, 43.09999999999982379, 89.07321486073666961 ) ) ;
#2138 = ORIENTED_EDGE ( 'NONE', *, *, #2845, .T. ) ;
#2139 = CARTESIAN_POINT ( 'NONE',  ( -88.23143745298615670, 28.09999999999982734, 12.75425146210877969 ) ) ;
#2140 = DIRECTION ( 'NONE',  ( 1.000000000000000000, -0.000000000000000000, -0.000000000000000000 ) ) ;
#2141 = LINE ( 'NONE', #1486, #2540 ) ;
#2142 = CARTESIAN_POINT ( 'NONE',  ( -92.50321271536478207, 37.97633662046738579, -21.63750998548070825 ) ) ;
#2143 = CARTESIAN_POINT ( 'NONE',  ( -38.65208199660304444, 43.09999999999982379, -38.66648443149870218 ) ) ;
#2144 = ORIENTED_EDGE ( 'NONE', *, *, #2154, .T. ) ;
#2145 = DIRECTION ( 'NONE',  ( 0.000000000000000000, 1.000000000000000000, -0.000000000000000000 ) ) ;
#2146 = VERTEX_POINT ( 'NONE', #685 ) ;
#2147 = EDGE_LOOP ( 'NONE', ( #680, #2129, #2384, #2270 ) ) ;
#2148 = DIRECTION ( 'NONE',  ( -0.000000000000000000, -1.000000000000000000, 0.000000000000000000 ) ) ;
#2149 = DIRECTION ( 'NONE',  ( 0.000000000000000000, 0.000000000000000000, 1.000000000000000000 ) ) ;
#2150 = ORIENTED_EDGE ( 'NONE', *, *, #2831, .T. ) ;
#2151 = CARTESIAN_POINT ( 'NONE',  ( -46.42754999022480433, 37.18753249816499107, -35.64367915654073471 ) ) ;
#2152 = DIRECTION ( 'NONE',  ( 0.000000000000000000, 0.000000000000000000, 1.000000000000000000 ) ) ;
#2153 = CARTESIAN_POINT ( 'NONE',  ( 0.000000000000000000, 38.09999999999983089, 20.00000000000000000 ) ) ;
#2154 = EDGE_CURVE ( 'NONE', #1300, #2754, #2031, .T. ) ;
#2155 = DIRECTION ( 'NONE',  ( -0.000000000000000000, -1.000000000000000000, -0.000000000000000000 ) ) ;
#2156 = CIRCLE ( 'NONE', #2106, 5.000000000000000888 ) ;
#2157 = DIRECTION ( 'NONE',  ( -1.387778780781445478E-15, 0.000000000000000000, 1.000000000000000000 ) ) ;
#2158 = VERTEX_POINT ( 'NONE', #14 ) ;
#2159 = CARTESIAN_POINT ( 'NONE',  ( -32.11716389755839884, 33.09999999999982379, -42.72455555549271367 ) ) ;
#2160 = CIRCLE ( 'NONE', #937, 90.00000000000001421 ) ;
#2161 = AXIS2_PLACEMENT_3D ( 'NONE', #262, #1818, #1180 ) ;
#2162 = ORIENTED_EDGE ( 'NONE', *, *, #2335, .F. ) ;
#2163 = ORIENTED_EDGE ( 'NONE', *, *, #1602, .F. ) ;
#2164 = AXIS2_PLACEMENT_3D ( 'NONE', #126, #2140, #791 ) ;
#2165 = CARTESIAN_POINT ( 'NONE',  ( 29.87377323208440671, 33.09999999999982379, -40.73702715924716955 ) ) ;
#2166 = CIRCLE ( 'NONE', #335, 90.00000000000001421 ) ;
#2167 = DIRECTION ( 'NONE',  ( 0.000000000000000000, 0.000000000000000000, 1.000000000000000000 ) ) ;
#2168 = ORIENTED_EDGE ( 'NONE', *, *, #1007, .F. ) ;
#2169 = CARTESIAN_POINT ( 'NONE',  ( -87.07608190771517798, 38.09999999999983089, 22.75425146210878324 ) ) ;
#2170 = VECTOR ( 'NONE', #314, 1000.000000000000000 ) ;
#2171 = FACE_BOUND ( 'NONE', #1981, .T. ) ;
#2172 = LINE ( 'NONE', #410, #1401 ) ;
#2173 = EDGE_CURVE ( 'NONE', #2738, #1037, #1795, .T. ) ;
#2174 = CARTESIAN_POINT ( 'NONE',  ( -93.07860769408894441, 36.43124069605999438, -19.01129454845164801 ) ) ;
#2175 = DIRECTION ( 'NONE',  ( 0.000000000000000000, 1.000000000000000000, -0.000000000000000000 ) ) ;
#2176 = ORIENTED_EDGE ( 'NONE', *, *, #138, .T. ) ;
#2177 = DIRECTION ( 'NONE',  ( 0.000000000000000000, 0.000000000000000000, 1.000000000000000000 ) ) ;
#2178 = ORIENTED_EDGE ( 'NONE', *, *, #2122, .T. ) ;
#2179 = LINE ( 'NONE', #639, #2244 ) ;
#2180 = DIRECTION ( 'NONE',  ( 0.000000000000000000, 1.000000000000000000, 0.000000000000000000 ) ) ;
#2181 = ORIENTED_EDGE ( 'NONE', *, *, #1783, .F. ) ;
#2182 = CARTESIAN_POINT ( 'NONE',  ( -7.499999999999999112, 37.78187654411911467, 55.14499799841156857 ) ) ;
#2183 = EDGE_CURVE ( 'NONE', #1524, #693, #56, .T. ) ;
#2184 = DIRECTION ( 'NONE',  ( -0.000000000000000000, -1.000000000000000000, 0.000000000000000000 ) ) ;
#2185 = CARTESIAN_POINT ( 'NONE',  ( 32.11953467483635194, 33.09999999999982379, -44.47613639260982410 ) ) ;
#2186 = B_SPLINE_CURVE_WITH_KNOTS ( 'NONE', 3,
 ( #180, #1936, #590, #412, #2848, #1307, #2862, #825, #870, #1076, #839, #1723, #2655, #2426 ),
 .UNSPECIFIED., .F., .F.,
 ( 4, 2, 2, 2, 2, 2, 4 ),
 ( 0.000000000000000000, 0.001540310028030114284, 0.002310465042045180099, 0.003080620056060246349, 0.004620930084090372342, 0.005391085098105445096, 0.006161240112120516116 ),
 .UNSPECIFIED. ) ;
#2187 = DIRECTION ( 'NONE',  ( -0.000000000000000000, -1.000000000000000000, -0.000000000000000000 ) ) ;
#2188 = LINE ( 'NONE', #603, #1511 ) ;
#2189 = ORIENTED_EDGE ( 'NONE', *, *, #2518, .T. ) ;
#2190 = DIRECTION ( 'NONE',  ( 1.000000000000000000, 0.000000000000000000, -0.000000000000000000 ) ) ;
#2191 =( BOUNDED_CURVE ( )  B_SPLINE_CURVE ( 3, ( #644, #2907, #1522, #2219 ),
 .UNSPECIFIED., .F., .F. ) 
 B_SPLINE_CURVE_WITH_KNOTS ( ( 4, 4 ),
 ( 4.712388980384690562, 5.070837175366384564 ),
 .UNSPECIFIED. ) 
 CURVE ( )  GEOMETRIC_REPRESENTATION_ITEM ( )  RATIONAL_B_SPLINE_CURVE ( ( 1.000000000000000000, 0.9893215374135522211, 0.9893215374135522211, 1.000000000000000000 ) ) 
 REPRESENTATION_ITEM ( '' )  );
#2192 = ORIENTED_EDGE ( 'NONE', *, *, #1298, .T. ) ;
#2193 = CARTESIAN_POINT ( 'NONE',  ( 2.143131898507868544E-16, 38.09999999999983089, 88.25000000000001421 ) ) ;
#2194 = EDGE_CURVE ( 'NONE', #315, #1389, #1879, .T. ) ;
#2195 = DIRECTION ( 'NONE',  ( 0.000000000000000000, 0.000000000000000000, 1.000000000000000000 ) ) ;
#2196 = ORIENTED_EDGE ( 'NONE', *, *, #462, .F. ) ;
#2197 = CARTESIAN_POINT ( 'NONE',  ( -87.68542048902857289, 37.45792305005053890, 20.28162928631476092 ) ) ;
#2198 = PLANE ( 'NONE',  #2448 ) ;
#2199 = DIRECTION ( 'NONE',  ( 0.000000000000000000, 0.000000000000000000, 1.000000000000000000 ) ) ;
#2200 = PLANE ( 'NONE',  #2057 ) ;
#2201 = FACE_OUTER_BOUND ( 'NONE', #2124, .T. ) ;
#2202 = ORIENTED_EDGE ( 'NONE', *, *, #1719, .T. ) ;
#2203 = LINE ( 'NONE', #153, #280 ) ;
#2204 = VECTOR ( 'NONE', #1652, 1000.000000000000000 ) ;
#2205 = ORIENTED_EDGE ( 'NONE', *, *, #2136, .T. ) ;
#2206 = FACE_OUTER_BOUND ( 'NONE', #369, .T. ) ;
#2207 = AXIS2_PLACEMENT_3D ( 'NONE', #502, #1146, #2506 ) ;
#2208 = VECTOR ( 'NONE', #232, 1000.000000000000000 ) ;
#2209 = ORIENTED_EDGE ( 'NONE', *, *, #1974, .T. ) ;
#2210 = ADVANCED_FACE ( 'NONE', ( #1804 ), #450, .F. ) ;
#2211 = EDGE_LOOP ( 'NONE', ( #2196, #418, #1248, #2094, #5 ) ) ;
#2212 = DIRECTION ( 'NONE',  ( -0.000000000000000000, -1.000000000000000000, 0.000000000000000000 ) ) ;
#2213 = EDGE_CURVE ( 'NONE', #707, #1940, #439, .T. ) ;
#2214 = VECTOR ( 'NONE', #1358, 1000.000000000000000 ) ;
#2215 = FACE_BOUND ( 'NONE', #225, .T. ) ;
#2216 = VECTOR ( 'NONE', #628, 1000.000000000000000 ) ;
#2217 = DIRECTION ( 'NONE',  ( 0.000000000000000000, 1.000000000000000000, -0.000000000000000000 ) ) ;
#2218 = AXIS2_PLACEMENT_3D ( 'NONE', #610, #2407, #2195 ) ;
#2219 = CARTESIAN_POINT ( 'NONE',  ( 36.53766040462003417, 37.78221178757862475, -47.14103626112489565 ) ) ;
#2220 = DIRECTION ( 'NONE',  ( 0.000000000000000000, 1.000000000000000000, -0.000000000000000000 ) ) ;
#2221 = DIRECTION ( 'NONE',  ( 0.000000000000000000, 1.000000000000000000, -0.000000000000000000 ) ) ;
#2222 = ORIENTED_EDGE ( 'NONE', *, *, #660, .F. ) ;
#2223 = EDGE_CURVE ( 'NONE', #371, #61, #2229, .T. ) ;
#2224 = LINE ( 'NONE', #1080, #86 ) ;
#2225 = ORIENTED_EDGE ( 'NONE', *, *, #2771, .F. ) ;
#2226 = ORIENTED_EDGE ( 'NONE', *, *, #1852, .F. ) ;
#2227 = CARTESIAN_POINT ( 'NONE',  ( -41.39145498280529267, 43.09999999999982379, -30.98766651362295832 ) ) ;
#2228 = CARTESIAN_POINT ( 'NONE',  ( 12.51776908959455525, 38.09999999999983089, 89.07321486073666961 ) ) ;
#2229 = LINE ( 'NONE', #1780, #289 ) ;
#2230 = DIRECTION ( 'NONE',  ( 0.000000000000000000, 0.000000000000000000, -1.000000000000000000 ) ) ;
#2231 = DIRECTION ( 'NONE',  ( -1.700029006457269375E-14, 0.000000000000000000, 1.000000000000000000 ) ) ;
#2232 = ORIENTED_EDGE ( 'NONE', *, *, #2242, .T. ) ;
#2233 = CARTESIAN_POINT ( 'NONE',  ( -12.49999999999999822, 43.09999999999982379, 89.07585860400118349 ) ) ;
#2234 = VERTEX_POINT ( 'NONE', #929 ) ;
#2235 = DIRECTION ( 'NONE',  ( 0.000000000000000000, 0.000000000000000000, 1.000000000000000000 ) ) ;
#2236 = DIRECTION ( 'NONE',  ( 0.000000000000000000, 0.000000000000000000, 1.000000000000000000 ) ) ;
#2237 = CARTESIAN_POINT ( 'NONE',  ( -7.499999999999999112, 43.09999999999982379, 84.07585860400118349 ) ) ;
#2238 = DIRECTION ( 'NONE',  ( -1.000000000000000000, -0.000000000000000000, 0.000000000000000000 ) ) ;
#2239 = LINE ( 'NONE', #1075, #1496 ) ;
#2240 = DIRECTION ( 'NONE',  ( -0.000000000000000000, -1.000000000000000000, 0.000000000000000000 ) ) ;
#2241 = ORIENTED_EDGE ( 'NONE', *, *, #1680, .F. ) ;
#2242 = EDGE_CURVE ( 'NONE', #1261, #2099, #500, .T. ) ;
#2243 = ADVANCED_FACE ( 'NONE', ( #1208 ), #2291, .F. ) ;
#2244 = VECTOR ( 'NONE', #1714, 1000.000000000000000 ) ;
#2245 = ORIENTED_EDGE ( 'NONE', *, *, #1567, .F. ) ;
#2246 = CARTESIAN_POINT ( 'NONE',  ( -36.18605577782739857, 37.59833352571778420, -46.79496357531722595 ) ) ;
#2247 = AXIS2_PLACEMENT_3D ( 'NONE', #1066, #2145, #2864 ) ;
#2248 = VERTEX_POINT ( 'NONE', #536 ) ;
#2249 = AXIS2_PLACEMENT_3D ( 'NONE', #451, #2438, #1290 ) ;
#2250 = CARTESIAN_POINT ( 'NONE',  ( -7.499999999999999112, 43.09999999999982379, 55.14499799841156857 ) ) ;
#2251 = DIRECTION ( 'NONE',  ( 0.000000000000000000, 1.000000000000000000, -0.000000000000000000 ) ) ;
#2252 = CARTESIAN_POINT ( 'NONE',  ( 12.51776908959455525, 38.09999999999983089, 84.07321486073666961 ) ) ;
#2253 = ORIENTED_EDGE ( 'NONE', *, *, #1058, .T. ) ;
#2254 = CIRCLE ( 'NONE', #2354, 2.999999999999999112 ) ;
#2255 = CARTESIAN_POINT ( 'NONE',  ( -87.96934860830072012, 36.43179941067060668, -19.01184632687856535 ) ) ;
#2256 = COLOUR_RGB ( '',0.7921568627450980005, 0.8196078431372548767, 0.9333333333333333481 ) ;
#2257 = FACE_OUTER_BOUND ( 'NONE', #765, .T. ) ;
#2258 = ORIENTED_EDGE ( 'NONE', *, *, #1805, .F. ) ;
#2259 = EDGE_CURVE ( 'NONE', #2234, #1375, #76, .T. ) ;
#2260 = AXIS2_PLACEMENT_3D ( 'NONE', #1406, #755, #1391 ) ;
#2261 = DIRECTION ( 'NONE',  ( 0.000000000000000000, 0.000000000000000000, 1.000000000000000000 ) ) ;
#2262 = AXIS2_PLACEMENT_3D ( 'NONE', #833, #1251, #2149 ) ;
#2263 = VERTEX_POINT ( 'NONE', #518 ) ;
#2264 = DIRECTION ( 'NONE',  ( 1.000000000000000000, 0.000000000000000000, 4.625929269271485914E-16 ) ) ;
#2265 = AXIS2_PLACEMENT_3D ( 'NONE', #641, #1316, #1777 ) ;
#2266 = ORIENTED_EDGE ( 'NONE', *, *, #1750, .T. ) ;
#2267 = ORIENTED_EDGE ( 'NONE', *, *, #1642, .F. ) ;
#2268 = DIRECTION ( 'NONE',  ( 0.000000000000000000, 0.000000000000000000, 1.000000000000000000 ) ) ;
#2269 = CARTESIAN_POINT ( 'NONE',  ( -88.23143745298615670, 36.09999999999982379, 9.999999999999996447 ) ) ;
#2270 = ORIENTED_EDGE ( 'NONE', *, *, #902, .T. ) ;
#2271 = EDGE_CURVE ( 'NONE', #498, #2501, #263, .T. ) ;
#2272 = CARTESIAN_POINT ( 'NONE',  ( 47.10851153690624926, 37.84591880743360548, -36.81376634399182990 ) ) ;
#2273 = CARTESIAN_POINT ( 'NONE',  ( 5.121059810962342418, 43.09999999999982379, 5.126786318883723936 ) ) ;
#2274 = CARTESIAN_POINT ( 'NONE',  ( 50.61739585229337024, 38.09999999999983089, -68.28527833385638246 ) ) ;
#2275 = ORIENTED_EDGE ( 'NONE', *, *, #1216, .T. ) ;
#2276 = CARTESIAN_POINT ( 'NONE',  ( -35.82280815891796522, 37.34656065230301181, -46.53102261207361323 ) ) ;
#2277 = ORIENTED_EDGE ( 'NONE', *, *, #261, .F. ) ;
#2278 = CARTESIAN_POINT ( 'NONE',  ( -92.87087810503356877, 43.09999999999982379, 20.00000000000000000 ) ) ;
#2279 = EDGE_CURVE ( 'NONE', #2382, #971, #1156, .T. ) ;
#2280 = CARTESIAN_POINT ( 'NONE',  ( -36.18184952339263560, 33.09999999999982379, -36.19533150690417500 ) ) ;
#2281 = ORIENTED_EDGE ( 'NONE', *, *, #686, .F. ) ;
#2282 = CARTESIAN_POINT ( 'NONE',  ( -64.74975874997106473, 38.09999999999983089, -54.15136341513390050 ) ) ;
#2283 = CARTESIAN_POINT ( 'NONE',  ( 43.96357317383426988, 33.09999999999982379, -33.35697162776499880 ) ) ;
#2284 = CARTESIAN_POINT ( 'NONE',  ( -36.18184952339263560, 43.09999999999982379, -36.19533150690417500 ) ) ;
#2285 = ORIENTED_EDGE ( 'NONE', *, *, #687, .T. ) ;
#2286 = LINE ( 'NONE', #2510, #1775 ) ;
#2287 = DIRECTION ( 'NONE',  ( 1.000000000000000000, -0.000000000000000000, -9.251858538542971828E-16 ) ) ;
#2288 = DIRECTION ( 'NONE',  ( 0.000000000000000000, 0.000000000000000000, 1.000000000000000000 ) ) ;
#2289 = CIRCLE ( 'NONE', #2679, 1.750000000000001554 ) ;
#2290 = CIRCLE ( 'NONE', #1171, 1.750000000000001554 ) ;
#2291 = CYLINDRICAL_SURFACE ( 'NONE', #760, 1.750000000000001554 ) ;
#2292 = EDGE_CURVE ( 'NONE', #1924, #1667, #1624, .T. ) ;
#2293 = ORIENTED_EDGE ( 'NONE', *, *, #2132, .F. ) ;
#2294 = AXIS2_PLACEMENT_3D ( 'NONE', #1148, #1396, #705 ) ;
#2295 = EDGE_CURVE ( 'NONE', #1728, #1375, #448, .T. ) ;
#2296 = AXIS2_PLACEMENT_3D ( 'NONE', #1846, #1380, #2288 ) ;
#2297 = CARTESIAN_POINT ( 'NONE',  ( 33.00278513788543222, 33.09999999999982379, -50.67722868357987664 ) ) ;
#2298 = AXIS2_PLACEMENT_3D ( 'NONE', #2363, #1662, #1040 ) ;
#2299 = CARTESIAN_POINT ( 'NONE',  ( -32.11716389755839884, 43.09999999999982379, -42.72455555549271367 ) ) ;
#2300 = AXIS2_PLACEMENT_3D ( 'NONE', #2061, #276, #1170 ) ;
#2301 = DIRECTION ( 'NONE',  ( -0.000000000000000000, -1.000000000000000000, -0.000000000000000000 ) ) ;
#2302 = VERTEX_POINT ( 'NONE', #2103 ) ;
#2303 = AXIS2_PLACEMENT_3D ( 'NONE', #1333, #2437, #2676 ) ;
#2304 = CARTESIAN_POINT ( 'NONE',  ( -7.499999999999998224, 33.09999999999982379, 47.15000000001317915 ) ) ;
#2305 = ADVANCED_FACE ( 'NONE', ( #53 ), #970, .F. ) ;
#2306 = ADVANCED_FACE ( 'NONE', ( #714 ), #772, .F. ) ;
#2307 = AXIS2_PLACEMENT_3D ( 'NONE', #819, #2840, #1704 ) ;
#2308 = DIRECTION ( 'NONE',  ( 0.000000000000000000, -1.000000000000000000, 1.445602896647340149E-16 ) ) ;
#2309 = EDGE_CURVE ( 'NONE', #1920, #1468, #1787, .T. ) ;
#2310 = ORIENTED_EDGE ( 'NONE', *, *, #790, .T. ) ;
#2311 = DIRECTION ( 'NONE',  ( 0.000000000000000000, 1.000000000000000000, 0.000000000000000000 ) ) ;
#2312 = DIRECTION ( 'NONE',  ( -1.000000000000000000, 0.000000000000000000, -0.000000000000000000 ) ) ;
#2313 = EDGE_LOOP ( 'NONE', ( #34, #691, #1908, #2526 ) ) ;
#2314 = DIRECTION ( 'NONE',  ( -0.7069750533469190135, 0.000000000000000000, -0.7072384844909961332 ) ) ;
#2315 = CARTESIAN_POINT ( 'NONE',  ( -93.32623722737464789, 33.09999999999983089, 17.75425146210877969 ) ) ;
#2316 = EDGE_CURVE ( 'NONE', #1985, #1713, #2530, .T. ) ;
#2317 = DIRECTION ( 'NONE',  ( -0.7069750533469534304, 0.000000000000000000, -0.7072384844909619384 ) ) ;
#2318 = VERTEX_POINT ( 'NONE', #38 ) ;
#2319 = ORIENTED_EDGE ( 'NONE', *, *, #533, .F. ) ;
#2320 = DIRECTION ( 'NONE',  ( 0.000000000000000000, 0.000000000000000000, 1.000000000000000000 ) ) ;
#2321 = FACE_OUTER_BOUND ( 'NONE', #1234, .T. ) ;
#2322 = ORIENTED_EDGE ( 'NONE', *, *, #1043, .F. ) ;
#2323 = VERTEX_POINT ( 'NONE', #1658 ) ;
#2324 = LINE ( 'NONE', #1020, #190 ) ;
#2325 = CARTESIAN_POINT ( 'NONE',  ( -63.63873973550113305, 38.09999999999983089, -63.64048086616843136 ) ) ;
#2326 = ORIENTED_EDGE ( 'NONE', *, *, #719, .F. ) ;
#2327 = CARTESIAN_POINT ( 'NONE',  ( -35.30907790938739765, 43.09999999999982379, -35.29592579138827801 ) ) ;
#2328 = DIRECTION ( 'NONE',  ( 0.7069750508932143296, 0.000000000000000000, -0.7072384869437868815 ) ) ;
#2329 = CYLINDRICAL_SURFACE ( 'NONE', #709, 3.000000000000002665 ) ;
#2330 = CARTESIAN_POINT ( 'NONE',  ( -93.32623722737463368, 33.43437302923413768, -17.75425146210877614 ) ) ;
#2331 = ADVANCED_FACE ( 'NONE', ( #957 ), #945, .T. ) ;
#2332 = ORIENTED_EDGE ( 'NONE', *, *, #2259, .F. ) ;
#2333 = ORIENTED_EDGE ( 'NONE', *, *, #138, .F. ) ;
#2334 = CARTESIAN_POINT ( 'NONE',  ( -88.23143745298615670, 36.09999999999982379, -9.999999999999998224 ) ) ;
#2335 = EDGE_CURVE ( 'NONE', #1468, #2897, #1645, .T. ) ;
#2336 = DIRECTION ( 'NONE',  ( -0.000000000000000000, -1.000000000000000000, 0.000000000000000000 ) ) ;
#2337 = VERTEX_POINT ( 'NONE', #1882 ) ;
#2338 = ORIENTED_EDGE ( 'NONE', *, *, #39, .F. ) ;
#2339 = CARTESIAN_POINT ( 'NONE',  ( 7.500000000000001776, 43.09999999999982379, 48.90000000001317915 ) ) ;
#2340 = AXIS2_PLACEMENT_3D ( 'NONE', #2386, #1054, #2446 ) ;
#2341 = CARTESIAN_POINT ( 'NONE',  ( 0.000000000000000000, 43.09999999999982379, 0.000000000000000000 ) ) ;
#2342 = ORIENTED_EDGE ( 'NONE', *, *, #50, .F. ) ;
#2343 = DIRECTION ( 'NONE',  ( -0.7072384869437868815, 0.000000000000000000, -0.7069750508932143296 ) ) ;
#2344 = AXIS2_PLACEMENT_3D ( 'NONE', #2079, #71, #964 ) ;
#2345 = CARTESIAN_POINT ( 'NONE',  ( 63.63001565316833563, 38.09999999999983089, -65.39920351408611054 ) ) ;
#2346 = EDGE_CURVE ( 'NONE', #1184, #1924, #2495, .T. ) ;
#2347 = CARTESIAN_POINT ( 'NONE',  ( 63.63001565316833563, 43.09999999999982379, -61.89920351408611054 ) ) ;
#2348 = DIRECTION ( 'NONE',  ( 0.000000000000000000, 0.000000000000000000, 1.000000000000000000 ) ) ;
#2349 = AXIS2_PLACEMENT_3D ( 'NONE', #2648, #1546, #1302 ) ;
#2350 = EDGE_LOOP ( 'NONE', ( #2710, #1237, #1382, #1296 ) ) ;
#2351 = EDGE_CURVE ( 'NONE', #1337, #773, #1847, .T. ) ;
#2352 = ORIENTED_EDGE ( 'NONE', *, *, #1002, .F. ) ;
#2353 = CYLINDRICAL_SURFACE ( 'NONE', #1215, 5.000000000000000888 ) ;
#2354 = AXIS2_PLACEMENT_3D ( 'NONE', #1654, #544, #1428 ) ;
#2355 = CARTESIAN_POINT ( 'NONE',  ( 0.000000000000000000, 33.09999999999982379, 50.65000000001317915 ) ) ;
#2356 = AXIS2_PLACEMENT_3D ( 'NONE', #723, #300, #2564 ) ;
#2357 = ORIENTED_EDGE ( 'NONE', *, *, #2890, .T. ) ;
#2358 = VERTEX_POINT ( 'NONE', #2753 ) ;
#2359 = CARTESIAN_POINT ( 'NONE',  ( 42.72613639263387597, 33.09999999999982379, -32.11953467481232138 ) ) ;
#2360 = CARTESIAN_POINT ( 'NONE',  ( 0.000000000000000000, 43.09999999999982379, 90.00000000000001421 ) ) ;
#2361 = ORIENTED_EDGE ( 'NONE', *, *, #2223, .T. ) ;
#2362 = DIRECTION ( 'NONE',  ( 0.000000000000000000, 0.000000000000000000, 1.000000000000000000 ) ) ;
#2363 = CARTESIAN_POINT ( 'NONE',  ( 12.51776908959455525, 38.09999999999983089, 84.07321486073666961 ) ) ;
#2364 = CARTESIAN_POINT ( 'NONE',  ( -39.53580081328506424, 33.09999999999982379, -39.55053253711457728 ) ) ;
#2365 = CARTESIAN_POINT ( 'NONE',  ( 47.10851153690624926, 43.09999999999982379, -36.81376634399182990 ) ) ;
#2366 = CARTESIAN_POINT ( 'NONE',  ( 7.502761353996475258, 38.09999999999983089, 56.90000000001318625 ) ) ;
#2367 = ORIENTED_EDGE ( 'NONE', *, *, #2002, .T. ) ;
#2368 = VERTEX_POINT ( 'NONE', #2137 ) ;
#2369 = DIRECTION ( 'NONE',  ( 0.000000000000000000, 0.000000000000000000, 1.000000000000000000 ) ) ;
#2370 = VERTEX_POINT ( 'NONE', #141 ) ;
#2371 = ORIENTED_EDGE ( 'NONE', *, *, #1567, .T. ) ;
#2372 = DIRECTION ( 'NONE',  ( 0.000000000000000000, 0.000000000000000000, -1.000000000000000000 ) ) ;
#2373 = ADVANCED_FACE ( 'NONE', ( #846 ), #1956, .F. ) ;
#2374 = CARTESIAN_POINT ( 'NONE',  ( 5.264307508432168807E-14, 33.09999999999983089, 56.90000000001316494 ) ) ;
#2375 = VERTEX_POINT ( 'NONE', #2820 ) ;
#2376 = CARTESIAN_POINT ( 'NONE',  ( -45.69295856810626333, 33.09999999999982379, -33.39566819130205744 ) ) ;
#2377 = DIRECTION ( 'NONE',  ( 0.000000000000000000, 1.000000000000000000, -0.000000000000000000 ) ) ;
#2378 = DIRECTION ( 'NONE',  ( 0.000000000000000000, -1.000000000000000000, 0.000000000000000000 ) ) ;
#2379 = CYLINDRICAL_SURFACE ( 'NONE', #51, 3.000000000000731415 ) ;
#2380 = CARTESIAN_POINT ( 'NONE',  ( -7.499999999999999112, 38.09999999999983089, 56.90000000001317204 ) ) ;
#2381 = ORIENTED_EDGE ( 'NONE', *, *, #258, .T. ) ;
#2382 = VERTEX_POINT ( 'NONE', #1021 ) ;
#2383 = DIRECTION ( 'NONE',  ( 0.000000000000000000, 0.000000000000000000, -1.000000000000000000 ) ) ;
#2384 = ORIENTED_EDGE ( 'NONE', *, *, #2716, .T. ) ;
#2385 = ORIENTED_EDGE ( 'NONE', *, *, #437, .F. ) ;
#2386 = CARTESIAN_POINT ( 'NONE',  ( -93.32623722737464789, 33.09999999999982379, -12.75425146210877614 ) ) ;
#2387 = FACE_OUTER_BOUND ( 'NONE', #843, .T. ) ;
#2388 = ORIENTED_EDGE ( 'NONE', *, *, #2466, .F. ) ;
#2389 = EDGE_CURVE ( 'NONE', #1102, #429, #1911, .T. ) ;
#2390 = CARTESIAN_POINT ( 'NONE',  ( -92.23472253115484421, 38.09999999999983089, 22.75425146210877969 ) ) ;
#2391 = CARTESIAN_POINT ( 'NONE',  ( 1.163414459189985801E-14, 38.09999999999983089, -95.00000000000001421 ) ) ;
#2392 = AXIS2_PLACEMENT_3D ( 'NONE', #2339, #344, #2372 ) ;
#2393 = DIRECTION ( 'NONE',  ( 0.000000000000000000, 0.000000000000000000, 1.000000000000000000 ) ) ;
#2394 = CIRCLE ( 'NONE', #236, 5.000000000000004441 ) ;
#2395 = CARTESIAN_POINT ( 'NONE',  ( -92.23472253115484421, 38.09999999999983089, -22.75425146210877969 ) ) ;
#2396 = AXIS2_PLACEMENT_3D ( 'NONE', #270, #1364, #1162 ) ;
#2397 = DIRECTION ( 'NONE',  ( 0.000000000000000000, 1.000000000000000000, -0.000000000000000000 ) ) ;
#2398 = ORIENTED_EDGE ( 'NONE', *, *, #2771, .T. ) ;
#2399 = CARTESIAN_POINT ( 'NONE',  ( 43.96357317383426988, 43.09999999999982379, -33.35697162776499880 ) ) ;
#2400 = AXIS2_PLACEMENT_3D ( 'NONE', #31, #2537, #525 ) ;
#2401 = AXIS2_PLACEMENT_3D ( 'NONE', #1610, #1599, #916 ) ;
#2402 = ORIENTED_EDGE ( 'NONE', *, *, #1119, .T. ) ;
#2403 = VECTOR ( 'NONE', #1855, 1000.000000000000000 ) ;
#2404 = CARTESIAN_POINT ( 'NONE',  ( 63.63001565316833563, 38.09999999999983089, -63.64920351408611054 ) ) ;
#2405 = EDGE_CURVE ( 'NONE', #1442, #1005, #173, .T. ) ;
#2406 = AXIS2_PLACEMENT_3D ( 'NONE', #1993, #1147, #2034 ) ;
#2407 = DIRECTION ( 'NONE',  ( 0.000000000000000000, 1.000000000000000000, 0.000000000000000000 ) ) ;
#2408 = ORIENTED_EDGE ( 'NONE', *, *, #2735, .T. ) ;
#2409 = CARTESIAN_POINT ( 'NONE',  ( -53.58346679309293847, 38.09999999999983089, -72.31052541942639778 ) ) ;
#2410 = VECTOR ( 'NONE', #734, 1000.000000000000000 ) ;
#2411 = DIRECTION ( 'NONE',  ( 0.000000000000000000, -1.000000000000000000, 0.000000000000000000 ) ) ;
#2412 = CIRCLE ( 'NONE', #995, 95.00000000000001421 ) ;
#2413 = CARTESIAN_POINT ( 'NONE',  ( -93.32623722737464789, 28.09999999999982734, -12.75425146210877614 ) ) ;
#2414 = CARTESIAN_POINT ( 'NONE',  ( -93.32623722737464789, 38.09999999999983089, 15.00000000000000000 ) ) ;
#2415 = CARTESIAN_POINT ( 'NONE',  ( 7.501792850011884894, 37.78237342364305817, 55.14632411161200309 ) ) ;
#2416 = VERTEX_POINT ( 'NONE', #787 ) ;
#2417 = DIRECTION ( 'NONE',  ( -1.000000000000000000, 0.000000000000000000, -0.000000000000000000 ) ) ;
#2418 = ORIENTED_EDGE ( 'NONE', *, *, #2025, .F. ) ;
#2419 = DIRECTION ( 'NONE',  ( 0.000000000000000000, 0.000000000000000000, -1.000000000000000000 ) ) ;
#2420 = DIRECTION ( 'NONE',  ( 0.0005522707150728029413, 0.000000000000000000, 0.9999998474985170027 ) ) ;
#2421 = ORIENTED_EDGE ( 'NONE', *, *, #2183, .F. ) ;
#2422 = CARTESIAN_POINT ( 'NONE',  ( 38.66026934979837648, 33.09999999999982379, -38.66027471571948126 ) ) ;
#2423 = PLANE ( 'NONE',  #1501 ) ;
#2424 = LINE ( 'NONE', #1721, #1041 ) ;
#2425 = CARTESIAN_POINT ( 'NONE',  ( 36.36443106716205875, 37.69045025540933125, -46.96787144787416679 ) ) ;
#2426 = CARTESIAN_POINT ( 'NONE',  ( 7.501792850011884894, 37.78237342364305817, 55.14632411161200309 ) ) ;
#2427 = ORIENTED_EDGE ( 'NONE', *, *, #2085, .T. ) ;
#2428 = DIRECTION ( 'NONE',  ( 0.000000000000000000, -0.000000000000000000, 1.000000000000000000 ) ) ;
#2429 = EDGE_CURVE ( 'NONE', #2805, #624, #1324, .T. ) ;
#2430 = EDGE_CURVE ( 'NONE', #629, #2416, #1644, .T. ) ;
#2431 = ORIENTED_EDGE ( 'NONE', *, *, #2433, .F. ) ;
#2432 = DIRECTION ( 'NONE',  ( -0.000000000000000000, -1.000000000000000000, -0.000000000000000000 ) ) ;
#2433 = EDGE_CURVE ( 'NONE', #1971, #2604, #1690, .T. ) ;
#2434 = ORIENTED_EDGE ( 'NONE', *, *, #1622, .F. ) ;
#2435 = CARTESIAN_POINT ( 'NONE',  ( 53.59488972595769951, 43.09999999999982379, -72.30205941231852762 ) ) ;
#2436 = DIRECTION ( 'NONE',  ( 0.000000000000000000, -1.445602896647340149E-16, 1.000000000000000000 ) ) ;
#2437 = DIRECTION ( 'NONE',  ( 0.000000000000000000, 1.000000000000000000, -0.000000000000000000 ) ) ;
#2438 = DIRECTION ( 'NONE',  ( 0.000000000000000000, 1.000000000000000000, -0.000000000000000000 ) ) ;
#2439 = ADVANCED_FACE ( 'NONE', ( #2611, #1055 ), #597, .F. ) ;
#2440 = CARTESIAN_POINT ( 'NONE',  ( -7.499999999999998224, 43.09999999999982379, 48.90000000001317915 ) ) ;
#2441 = ORIENTED_EDGE ( 'NONE', *, *, #1821, .T. ) ;
#2442 = VECTOR ( 'NONE', #984, 1000.000000000000000 ) ;
#2443 = CARTESIAN_POINT ( 'NONE',  ( 32.11953467483635194, 43.09999999999982379, -42.72613639260982410 ) ) ;
#2444 = CIRCLE ( 'NONE', #2344, 1.749999999999994671 ) ;
#2445 = ORIENTED_EDGE ( 'NONE', *, *, #2122, .F. ) ;
#2446 = DIRECTION ( 'NONE',  ( 0.000000000000000000, 0.000000000000000000, -1.000000000000000000 ) ) ;
#2447 = AXIS2_PLACEMENT_3D ( 'NONE', #2744, #2478, #55 ) ;
#2448 = AXIS2_PLACEMENT_3D ( 'NONE', #1531, #2436, #420 ) ;
#2449 = ORIENTED_EDGE ( 'NONE', *, *, #1465, .F. ) ;
#2450 = EDGE_LOOP ( 'NONE', ( #1071, #339, #216, #1202, #2083 ) ) ;
#2451 = CARTESIAN_POINT ( 'NONE',  ( -88.23143745298611407, 33.43488033993781983, 17.75425146210877614 ) ) ;
#2452 = AXIS2_PLACEMENT_3D ( 'NONE', #689, #212, #1576 ) ;
#2453 = CARTESIAN_POINT ( 'NONE',  ( -43.96334273597047115, 43.09999999999982379, -33.35720202267093981 ) ) ;
#2454 = VECTOR ( 'NONE', #919, 1000.000000000000000 ) ;
#2455 = CARTESIAN_POINT ( 'NONE',  ( -93.32623722737464789, 43.09999999999981668, 15.00000000000000000 ) ) ;
#2456 = AXIS2_PLACEMENT_3D ( 'NONE', #1072, #419, #1270 ) ;
#2457 = CARTESIAN_POINT ( 'NONE',  ( 34.76238425360426731, 36.35674589017221336, -45.98608023033686720 ) ) ;
#2458 = EDGE_LOOP ( 'NONE', ( #358, #1639, #311, #2696 ) ) ;
#2459 = LINE ( 'NONE', #2698, #891 ) ;
#2460 = EDGE_LOOP ( 'NONE', ( #512, #1308, #2222, #2342 ) ) ;
#2461 = CYLINDRICAL_SURFACE ( 'NONE', #1965, 1.750000000000001554 ) ;
#2462 = LINE ( 'NONE', #2702, #254 ) ;
#2463 = ADVANCED_FACE ( 'NONE', ( #1498 ), #1482, .F. ) ;
#2464 = DIRECTION ( 'NONE',  ( 0.000000000000000000, 0.000000000000000000, 1.000000000000000000 ) ) ;
#2465 = DIRECTION ( 'NONE',  ( -1.000000000000000000, 0.000000000000000000, 0.000000000000000000 ) ) ;
#2466 = EDGE_CURVE ( 'NONE', #2158, #204, #1284, .T. ) ;
#2467 = CARTESIAN_POINT ( 'NONE',  ( -42.72613639261329865, 43.09999999999982379, -32.11953467481176006 ) ) ;
#2468 = DIRECTION ( 'NONE',  ( 0.000000000000000000, 0.000000000000000000, 1.000000000000000000 ) ) ;
#2469 = EDGE_LOOP ( 'NONE', ( #1806, #310, #1029, #1188, #107, #930 ) ) ;
#2470 = B_SPLINE_CURVE_WITH_KNOTS ( 'NONE', 3,
 ( #1930, #538, #1420, #1210, #2105, #95 ),
 .UNSPECIFIED., .F., .F.,
 ( 4, 2, 4 ),
 ( 0.000000000000000000, 0.001181038960007102165, 0.002362077920014204330 ),
 .UNSPECIFIED. ) ;
#2471 = ORIENTED_EDGE ( 'NONE', *, *, #686, .T. ) ;
#2472 = CARTESIAN_POINT ( 'NONE',  ( 32.11953467483635194, 43.09999999999982379, -42.72613639260982410 ) ) ;
#2473 = ORIENTED_EDGE ( 'NONE', *, *, #2097, .F. ) ;
#2474 = ORIENTED_EDGE ( 'NONE', *, *, #1231, .T. ) ;
#2475 = CARTESIAN_POINT ( 'NONE',  ( -32.11716389755839884, 43.09999999999982379, -45.72455555549271367 ) ) ;
#2476 = ADVANCED_FACE ( 'NONE', ( #2387 ), #361, .F. ) ;
#2477 = CARTESIAN_POINT ( 'NONE',  ( 68.16484623269165866, 43.09999999999982379, -50.77946177416125551 ) ) ;
#2478 = DIRECTION ( 'NONE',  ( 0.000000000000000000, 1.000000000000000000, -0.000000000000000000 ) ) ;
#2479 = LINE ( 'NONE', #461, #2214 ) ;
#2480 = DIRECTION ( 'NONE',  ( 0.000000000000000000, 0.000000000000000000, -1.000000000000000000 ) ) ;
#2481 = AXIS2_PLACEMENT_3D ( 'NONE', #2051, #1388, #1579 ) ;
#2482 = ORIENTED_EDGE ( 'NONE', *, *, #635, .F. ) ;
#2483 = DIRECTION ( 'NONE',  ( 0.000000000000000000, 0.000000000000000000, 1.000000000000000000 ) ) ;
#2484 = AXIS2_PLACEMENT_3D ( 'NONE', #1555, #1608, #2264 ) ;
#2485 = EDGE_LOOP ( 'NONE', ( #1285, #2285 ) ) ;
#2486 = ORIENTED_EDGE ( 'NONE', *, *, #1378, .T. ) ;
#2487 = AXIS2_PLACEMENT_3D ( 'NONE', #1276, #130, #366 ) ;
#2488 = ADVANCED_FACE ( 'NONE', ( #2868 ), #111, .F. ) ;
#2489 = CARTESIAN_POINT ( 'NONE',  ( 37.77823275102507949, 38.09999999999983089, -48.38114652097825541 ) ) ;
#2490 = CIRCLE ( 'NONE', #1449, 5.000000000000000888 ) ;
#2491 = DIRECTION ( 'NONE',  ( -0.000000000000000000, -1.000000000000000000, -0.000000000000000000 ) ) ;
#2492 = ORIENTED_EDGE ( 'NONE', *, *, #596, .F. ) ;
#2493 =( GEOMETRIC_REPRESENTATION_CONTEXT ( 3 ) GLOBAL_UNCERTAINTY_ASSIGNED_CONTEXT ( ( #2617 ) ) GLOBAL_UNIT_ASSIGNED_CONTEXT ( ( #894, #266, #1591 ) ) REPRESENTATION_CONTEXT ( 'NONE', 'WORKASPACE' ) );
#2494 = CARTESIAN_POINT ( 'NONE',  ( -87.86761169054024379, 36.88995127924205519, -19.47663757238445115 ) ) ;
#2495 = CIRCLE ( 'NONE', #2356, 5.000000000000005329 ) ;
#2496 = CARTESIAN_POINT ( 'NONE',  ( -88.23143745298615670, 33.09999999999982379, -12.75425146210877614 ) ) ;
#2497 = CIRCLE ( 'NONE', #1182, 5.000000000000004441 ) ;
#2498 = FACE_OUTER_BOUND ( 'NONE', #54, .T. ) ;
#2499 = EDGE_CURVE ( 'NONE', #1493, #1971, #291, .T. ) ;
#2500 =( GEOMETRIC_REPRESENTATION_CONTEXT ( 3 ) GLOBAL_UNCERTAINTY_ASSIGNED_CONTEXT ( ( #794 ) ) GLOBAL_UNIT_ASSIGNED_CONTEXT ( ( #295, #529, #2749 ) ) REPRESENTATION_CONTEXT ( 'NONE', 'WORKASPACE' ) );
#2501 = VERTEX_POINT ( 'NONE', #2644 ) ;
#2502 = LINE ( 'NONE', #939, #192 ) ;
#2503 = CARTESIAN_POINT ( 'NONE',  ( 33.35832042627341565, 33.09999999999982379, -43.96222290335107630 ) ) ;
#2504 = CARTESIAN_POINT ( 'NONE',  ( 54.15227111902797930, 38.09999999999983089, -64.74908591140139436 ) ) ;
#2505 = ORIENTED_EDGE ( 'NONE', *, *, #208, .T. ) ;
#2506 = DIRECTION ( 'NONE',  ( 0.7069750533469187914, 0.000000000000000000, 0.7072384844909964663 ) ) ;
#2507 = FACE_OUTER_BOUND ( 'NONE', #2000, .T. ) ;
#2508 = DIRECTION ( 'NONE',  ( 0.7067115387850336772, 0.000000000000000000, 0.7075018027878725579 ) ) ;
#2509 = VERTEX_POINT ( 'NONE', #2625 ) ;
#2510 = CARTESIAN_POINT ( 'NONE',  ( -36.18184952339263560, 43.09999999999982379, -36.19533150690417500 ) ) ;
#2511 = EDGE_CURVE ( 'NONE', #1415, #526, #2412, .T. ) ;
#2512 = ORIENTED_EDGE ( 'NONE', *, *, #2132, .T. ) ;
#2513 = DIRECTION ( 'NONE',  ( 0.000000000000000000, 1.000000000000000000, 0.000000000000000000 ) ) ;
#2514 = DIRECTION ( 'NONE',  ( 0.000000000000000000, 0.000000000000000000, 1.000000000000000000 ) ) ;
#2515 = EDGE_LOOP ( 'NONE', ( #511, #2899, #1329, #1077 ) ) ;
#2516 = CARTESIAN_POINT ( 'NONE',  ( -88.01510875668761003, 36.17553944587083947, -18.79830406629899997 ) ) ;
#2517 = DIRECTION ( 'NONE',  ( -1.000000000000000000, -0.000000000000000000, -0.000000000000000000 ) ) ;
#2518 = EDGE_CURVE ( 'NONE', #2673, #490, #579, .T. ) ;
#2519 = ADVANCED_FACE ( 'NONE', ( #567 ), #1036, .F. ) ;
#2520 = EDGE_CURVE ( 'NONE', #401, #160, #186, .T. ) ;
#2521 = CARTESIAN_POINT ( 'NONE',  ( -55.92044861017913604, 38.09999999999983089, -20.00000000000000000 ) ) ;
#2522 = EDGE_LOOP ( 'NONE', ( #2168, #1554, #1014, #826, #342 ) ) ;
#2523 = CARTESIAN_POINT ( 'NONE',  ( 45.64519103346653850, 33.64112679863308131, -33.46197879365108463 ) ) ;
#2524 = CARTESIAN_POINT ( 'NONE',  ( -7.499999999999999112, 33.09999999999982379, 55.14499799841156857 ) ) ;
#2525 = ORIENTED_EDGE ( 'NONE', *, *, #2040, .T. ) ;
#2526 = ORIENTED_EDGE ( 'NONE', *, *, #1560, .T. ) ;
#2527 = CARTESIAN_POINT ( 'NONE',  ( -8.696056258251131155, 33.09999999999982379, 51.90000000001317204 ) ) ;
#2528 = CIRCLE ( 'NONE', #140, 5.000000000000004441 ) ;
#2529 = VECTOR ( 'NONE', #1684, 1000.000000000000000 ) ;
#2530 = LINE ( 'NONE', #2504, #2170 ) ;
#2531 = ORIENTED_EDGE ( 'NONE', *, *, #1595, .T. ) ;
#2532 = CIRCLE ( 'NONE', #1267, 4.999999999999997335 ) ;
#2533 = CARTESIAN_POINT ( 'NONE',  ( -9.374999999999994671, 43.09999999999982379, 51.24187424941257518 ) ) ;
#2534 = AXIS2_PLACEMENT_3D ( 'NONE', #2091, #79, #807 ) ;
#2535 = DIRECTION ( 'NONE',  ( 0.000000000000000000, 0.000000000000000000, 1.000000000000000000 ) ) ;
#2536 = CIRCLE ( 'NONE', #201, 5.000000000000000000 ) ;
#2537 = DIRECTION ( 'NONE',  ( 0.000000000000000000, 1.000000000000000000, 0.000000000000000000 ) ) ;
#2538 = EDGE_LOOP ( 'NONE', ( #1815, #1113, #343, #426 ) ) ;
#2539 = ORIENTED_EDGE ( 'NONE', *, *, #2716, .F. ) ;
#2540 = VECTOR ( 'NONE', #352, 1000.000000000000000 ) ;
#2541 = CARTESIAN_POINT ( 'NONE',  ( -93.32623722737464789, 38.09999999999983089, 20.00000000000000000 ) ) ;
#2542 = CARTESIAN_POINT ( 'NONE',  ( -30.98579304765987175, 33.09999999999982379, -41.38945256321088806 ) ) ;
#2543 = CARTESIAN_POINT ( 'NONE',  ( 0.000000000000000000, 38.09999999999983089, 22.75425146210877969 ) ) ;
#2544 = ORIENTED_EDGE ( 'NONE', *, *, #208, .F. ) ;
#2545 = EDGE_LOOP ( 'NONE', ( #2032, #2333, #2209, #27 ) ) ;
#2546 = DIRECTION ( 'NONE',  ( -0.000000000000000000, -1.000000000000000000, -0.000000000000000000 ) ) ;
#2547 = DIRECTION ( 'NONE',  ( 0.000000000000000000, 1.000000000000000000, 0.000000000000000000 ) ) ;
#2548 = ORIENTED_EDGE ( 'NONE', *, *, #1974, .F. ) ;
#2549 = CARTESIAN_POINT ( 'NONE',  ( 0.000000000000000000, 38.09999999999983089, 91.75000000000001421 ) ) ;
#2550 = EDGE_CURVE ( 'NONE', #1149, #1728, #405, .T. ) ;
#2551 = CARTESIAN_POINT ( 'NONE',  ( -12.49999999999999822, 43.09999999999982379, 84.07585860400118349 ) ) ;
#2552 = EDGE_CURVE ( 'NONE', #1462, #537, #627, .T. ) ;
#2553 = CARTESIAN_POINT ( 'NONE',  ( 12.51776908959455525, 38.09999999999983089, 84.07321486073666961 ) ) ;
#2554 = EDGE_CURVE ( 'NONE', #2604, #954, #944, .T. ) ;
#2555 = CARTESIAN_POINT ( 'NONE',  ( 0.000000000000000000, 38.09999999999983089, 90.00000000000001421 ) ) ;
#2556 = ORIENTED_EDGE ( 'NONE', *, *, #2351, .F. ) ;
#2557 = DIRECTION ( 'NONE',  ( 0.000000000000000000, 0.000000000000000000, -1.000000000000000000 ) ) ;
#2558 = DIRECTION ( 'NONE',  ( -0.7069750533469192355, 0.000000000000000000, -0.7072384844909958002 ) ) ;
#2559 = LINE ( 'NONE', #106, #2685 ) ;
#2560 = ORIENTED_EDGE ( 'NONE', *, *, #775, .T. ) ;
#2561 = ORIENTED_EDGE ( 'NONE', *, *, #2606, .F. ) ;
#2562 = CARTESIAN_POINT ( 'NONE',  ( -92.87087810503356877, 43.09999999999982379, -20.00000000000000000 ) ) ;
#2563 = EDGE_CURVE ( 'NONE', #406, #1812, #2798, .T. ) ;
#2564 = DIRECTION ( 'NONE',  ( 0.7075018027878722249, -6.938893903907221278E-15, -0.7067115387850340102 ) ) ;
#2565 = ORIENTED_EDGE ( 'NONE', *, *, #648, .T. ) ;
#2566 = LINE ( 'NONE', #550, #1141 ) ;
#2567 = ADVANCED_FACE ( 'NONE', ( #1743 ), #1698, .F. ) ;
#2568 = DIRECTION ( 'NONE',  ( 0.000000000000000000, 0.000000000000000000, 1.000000000000000000 ) ) ;
#2569 = CARTESIAN_POINT ( 'NONE',  ( 0.000000000000000000, 33.09999999999982379, -17.75425146210877969 ) ) ;
#2570 = CARTESIAN_POINT ( 'NONE',  ( -63.63873973550113305, 38.09999999999983089, -61.89048086616842426 ) ) ;
#2571 = VERTEX_POINT ( 'NONE', #1950 ) ;
#2572 = CARTESIAN_POINT ( 'NONE',  ( -13.23529411764705976, 38.09999999999983089, 89.02149734541303872 ) ) ;
#2573 = CARTESIAN_POINT ( 'NONE',  ( 0.000000000000000000, 43.09999999999982379, 50.65000000001317915 ) ) ;
#2574 = ORIENTED_EDGE ( 'NONE', *, *, #1685, .T. ) ;
#2575 = VERTEX_POINT ( 'NONE', #1258 ) ;
#2576 = DIRECTION ( 'NONE',  ( 0.000000000000000000, 1.000000000000000000, -0.000000000000000000 ) ) ;
#2577 = EDGE_CURVE ( 'NONE', #2009, #1480, #1788, .T. ) ;
#2578 = AXIS2_PLACEMENT_3D ( 'NONE', #2659, #2683, #2912 ) ;
#2579 = DIRECTION ( 'NONE',  ( 0.000000000000000000, 0.000000000000000000, 1.000000000000000000 ) ) ;
#2580 = ORIENTED_EDGE ( 'NONE', *, *, #754, .T. ) ;
#2581 = CARTESIAN_POINT ( 'NONE',  ( 36.53766040462003417, 37.78221178757862475, -47.14103626112489565 ) ) ;
#2582 = AXIS2_PLACEMENT_3D ( 'NONE', #2334, #321, #1218 ) ;
#2583 = DIRECTION ( 'NONE',  ( 0.000000000000000000, 0.000000000000000000, 1.000000000000000000 ) ) ;
#2584 = LINE ( 'NONE', #2876, #1273 ) ;
#2585 = AXIS2_PLACEMENT_3D ( 'NONE', #251, #2017, #288 ) ;
#2586 = FACE_OUTER_BOUND ( 'NONE', #1889, .T. ) ;
#2587 = VECTOR ( 'NONE', #2114, 1000.000000000000000 ) ;
#2588 = PRODUCT_DEFINITION_CONTEXT ( 'detailed design', #2758, 'design' ) ;
#2589 = EDGE_LOOP ( 'NONE', ( #1702, #170, #2884, #2849 ) ) ;
#2590 = CARTESIAN_POINT ( 'NONE',  ( 46.15182019574227468, 36.96044015460556409, -35.48663919320615179 ) ) ;
#2591 = EDGE_CURVE ( 'NONE', #654, #2715, #524, .T. ) ;
#2592 = AXIS2_PLACEMENT_3D ( 'NONE', #1342, #26, #2714 ) ;
#2593 = ORIENTED_EDGE ( 'NONE', *, *, #829, .F. ) ;
#2594 = ORIENTED_EDGE ( 'NONE', *, *, #2346, .F. ) ;
#2595 = FACE_OUTER_BOUND ( 'NONE', #2865, .T. ) ;
#2596 = AXIS2_PLACEMENT_3D ( 'NONE', #2891, #2646, #1529 ) ;
#2597 = DIRECTION ( 'NONE',  ( 0.000000000000000000, 1.000000000000000000, 0.000000000000000000 ) ) ;
#2598 = EDGE_LOOP ( 'NONE', ( #2914, #301, #999, #834 ) ) ;
#2599 = FACE_OUTER_BOUND ( 'NONE', #1711, .T. ) ;
#2600 = CYLINDRICAL_SURFACE ( 'NONE', #806, 5.000000000000004441 ) ;
#2601 = CYLINDRICAL_SURFACE ( 'NONE', #1638, 5.000000000000000888 ) ;
#2602 = CARTESIAN_POINT ( 'NONE',  ( -92.64637911404815895, 37.79093672150479932, -21.01599925002578573 ) ) ;
#2603 = CARTESIAN_POINT ( 'NONE',  ( 7.500000000000001776, 43.09999999999982379, 48.90000000001317915 ) ) ;
#2604 = VERTEX_POINT ( 'NONE', #354 ) ;
#2605 = DIRECTION ( 'NONE',  ( 0.000000000000000000, 0.000000000000000000, -1.000000000000000000 ) ) ;
#2606 = EDGE_CURVE ( 'NONE', #2158, #1812, #2186, .T. ) ;
#2607 = VERTEX_POINT ( 'NONE', #1756 ) ;
#2608 = VERTEX_POINT ( 'NONE', #2380 ) ;
#2609 = DIRECTION ( 'NONE',  ( 0.000000000000000000, 0.000000000000000000, 1.000000000000000000 ) ) ;
#2610 = ADVANCED_FACE ( 'NONE', ( #165 ), #2618, .T. ) ;
#2611 = FACE_BOUND ( 'NONE', #1348, .T. ) ;
#2612 = ORIENTED_EDGE ( 'NONE', *, *, #1518, .F. ) ;
#2613 = CARTESIAN_POINT ( 'NONE',  ( 42.72613639263387597, 43.09999999999982379, -32.11953467481232138 ) ) ;
#2614 = FACE_OUTER_BOUND ( 'NONE', #1701, .T. ) ;
#2615 = CARTESIAN_POINT ( 'NONE',  ( 33.39650247369019809, 33.09999999999982379, -45.69275412155363369 ) ) ;
#2616 = CARTESIAN_POINT ( 'NONE',  ( -93.31993813087126455, 33.76527683693196735, -17.78745929757952737 ) ) ;
#2617 = UNCERTAINTY_MEASURE_WITH_UNIT (LENGTH_MEASURE( 1.000000000000000082E-05 ), #894, 'distance_accuracy_value', 'NONE');
#2618 = CYLINDRICAL_SURFACE ( 'NONE', #905, 2.999999999999988898 ) ;
#2619 = EDGE_CURVE ( 'NONE', #1667, #315, #2188, .T. ) ;
#2620 = EDGE_LOOP ( 'NONE', ( #2531, #1479, #2560, #2232 ) ) ;
#2621 = DIRECTION ( 'NONE',  ( 0.000000000000000000, 1.000000000000000000, -0.000000000000000000 ) ) ;
#2622 = ADVANCED_FACE ( 'NONE', ( #2201 ), #2880, .F. ) ;
#2623 = ORIENTED_EDGE ( 'NONE', *, *, #437, .T. ) ;
#2624 = DIRECTION ( 'NONE',  ( -0.000000000000000000, -1.000000000000000000, -0.000000000000000000 ) ) ;
#2625 = CARTESIAN_POINT ( 'NONE',  ( -37.77296432433374918, 38.09999999999983089, -48.38246343142066763 ) ) ;
#2626 = ORIENTED_EDGE ( 'NONE', *, *, #2295, .F. ) ;
#2627 = CARTESIAN_POINT ( 'NONE',  ( -88.19782108254527486, 34.42211771823326671, 17.92062952135568210 ) ) ;
#2628 = EDGE_CURVE ( 'NONE', #2323, #2370, #2839, .T. ) ;
#2629 = CARTESIAN_POINT ( 'NONE',  ( 0.000000000000000000, 43.09999999999982379, 0.000000000000000000 ) ) ;
#2630 = VECTOR ( 'NONE', #373, 1000.000000000000000 ) ;
#2631 = LINE ( 'NONE', #1948, #521 ) ;
#2632 = AXIS2_PLACEMENT_3D ( 'NONE', #1030, #1477, #2383 ) ;
#2633 = DIRECTION ( 'NONE',  ( 0.000000000000000000, 1.000000000000000000, -0.000000000000000000 ) ) ;
#2634 = AXIS2_PLACEMENT_3D ( 'NONE', #492, #1849, #2755 ) ;
#2635 = DIRECTION ( 'NONE',  ( -0.000000000000000000, -1.000000000000000000, -0.000000000000000000 ) ) ;
#2636 = VERTEX_POINT ( 'NONE', #1509 ) ;
#2637 = LINE ( 'NONE', #623, #91 ) ;
#2638 = AXIS2_PLACEMENT_3D ( 'NONE', #642, #2184, #176 ) ;
#2639 = B_SPLINE_CURVE_WITH_KNOTS ( 'NONE', 3,
 ( #1507, #193, #399, #1767, #411, #1305, #2677, #661, #1549, #1334, #2694, #677 ),
 .UNSPECIFIED., .F., .F.,
 ( 4, 2, 2, 2, 2, 4 ),
 ( 0.000000000000000000, 0.001540621154965263542, 0.003081242309930527085, 0.004621863464895790627, 0.005392174042378425000, 0.006162484619861059373 ),
 .UNSPECIFIED. ) ;
#2640 = ORIENTED_EDGE ( 'NONE', *, *, #2591, .T. ) ;
#2641 = VECTOR ( 'NONE', #2908, 1000.000000000000000 ) ;
#2642 = DIRECTION ( 'NONE',  ( 1.000000000000000000, -0.000000000000000000, -0.000000000000000000 ) ) ;
#2643 = VECTOR ( 'NONE', #2650, 1000.000000000000000 ) ;
#2644 = CARTESIAN_POINT ( 'NONE',  ( -64.74975874997106473, 38.09999999999983089, -54.15136341513390050 ) ) ;
#2645 = ORIENTED_EDGE ( 'NONE', *, *, #2433, .T. ) ;
#2646 = DIRECTION ( 'NONE',  ( 0.7072384844909961332, 0.000000000000000000, -0.7069750533469190135 ) ) ;
#2647 = AXIS2_PLACEMENT_3D ( 'NONE', #1303, #1289, #1915 ) ;
#2648 = CARTESIAN_POINT ( 'NONE',  ( 0.000000000000000000, 43.09999999999982379, 0.000000000000000000 ) ) ;
#2649 = AXIS2_PLACEMENT_3D ( 'NONE', #2143, #150, #1523 ) ;
#2650 = DIRECTION ( 'NONE',  ( 0.000000000000000000, 1.000000000000000000, 0.000000000000000000 ) ) ;
#2651 = ADVANCED_FACE ( 'NONE', ( #855 ), #2896, .F. ) ;
#2652 = EDGE_CURVE ( 'NONE', #1196, #2836, #1369, .T. ) ;
#2653 = DIRECTION ( 'NONE',  ( 0.7073626482690611450, 0.000000000000000000, -0.7068508214848310267 ) ) ;
#2654 = ADVANCED_FACE ( 'NONE', ( #1675 ), #599, .F. ) ;
#2655 = CARTESIAN_POINT ( 'NONE',  ( 7.501657564783901222, 37.69062859759532813, 54.90136234981558516 ) ) ;
#2656 = VERTEX_POINT ( 'NONE', #2581 ) ;
#2657 = CARTESIAN_POINT ( 'NONE',  ( -47.14119418568311914, 43.09999999999982379, -36.53623759484863598 ) ) ;
#2658 = ORIENTED_EDGE ( 'NONE', *, *, #2743, .F. ) ;
#2659 = CARTESIAN_POINT ( 'NONE',  ( 0.000000000000000000, 43.09999999999982379, 0.000000000000000000 ) ) ;
#2660 = ORIENTED_EDGE ( 'NONE', *, *, #1999, .F. ) ;
#2661 = DIRECTION ( 'NONE',  ( -0.000000000000000000, -1.000000000000000000, 0.000000000000000000 ) ) ;
#2662 = ADVANCED_FACE ( 'NONE', ( #2599 ), #113, .T. ) ;
#2663 = CARTESIAN_POINT ( 'NONE',  ( -55.92044861017913604, 31.09999999999982734, -14.99999999999999822 ) ) ;
#2664 = CARTESIAN_POINT ( 'NONE',  ( 30.98816382493798471, 43.09999999999982379, -41.39103340032787059 ) ) ;
#2665 = EDGE_CURVE ( 'NONE', #1920, #1144, #1454, .T. ) ;
#2666 = DIRECTION ( 'NONE',  ( 0.000000000000000000, 0.000000000000000000, 1.000000000000000000 ) ) ;
#2667 = DIRECTION ( 'NONE',  ( 0.000000000000000000, 0.000000000000000000, 1.000000000000000000 ) ) ;
#2668 = ORIENTED_EDGE ( 'NONE', *, *, #2619, .F. ) ;
#2669 = DIRECTION ( 'NONE',  ( 0.000000000000000000, 0.000000000000000000, 1.000000000000000000 ) ) ;
#2670 = VERTEX_POINT ( 'NONE', #569 ) ;
#2671 = DIRECTION ( 'NONE',  ( -0.000000000000000000, -1.000000000000000000, -0.000000000000000000 ) ) ;
#2672 = ORIENTED_EDGE ( 'NONE', *, *, #2040, .F. ) ;
#2673 = VERTEX_POINT ( 'NONE', #1706 ) ;
#2674 = DIRECTION ( 'NONE',  ( 0.000000000000000000, 0.000000000000000000, 1.000000000000000000 ) ) ;
#2675 = PLANE ( 'NONE',  #2016 ) ;
#2676 = DIRECTION ( 'NONE',  ( 0.000000000000000000, 0.000000000000000000, 1.000000000000000000 ) ) ;
#2677 = CARTESIAN_POINT ( 'NONE',  ( -8.392361709805651770, 35.09592977565633731, 52.28768632936538552 ) ) ;
#2678 = CARTESIAN_POINT ( 'NONE',  ( -32.11716389755839884, 43.09999999999982379, -44.47455555549271367 ) ) ;
#2679 = AXIS2_PLACEMENT_3D ( 'NONE', #547, #1207, #1878 ) ;
#2680 = DIRECTION ( 'NONE',  ( 0.000000000000000000, 0.000000000000000000, 1.000000000000000000 ) ) ;
#2681 = CIRCLE ( 'NONE', #801, 1.750000000000001554 ) ;
#2682 = VERTEX_POINT ( 'NONE', #1023 ) ;
#2683 = DIRECTION ( 'NONE',  ( 0.000000000000000000, 1.000000000000000000, -0.000000000000000000 ) ) ;
#2684 = EDGE_CURVE ( 'NONE', #9, #971, #392, .T. ) ;
#2685 = VECTOR ( 'NONE', #73, 1000.000000000000114 ) ;
#2686 = ORIENTED_EDGE ( 'NONE', *, *, #1595, .F. ) ;
#2687 = ORIENTED_EDGE ( 'NONE', *, *, #950, .F. ) ;
#2688 = CARTESIAN_POINT ( 'NONE',  ( -30.98579304765987175, 43.09999999999982379, -41.38945256321088806 ) ) ;
#2689 = VECTOR ( 'NONE', #561, 1000.000000000000000 ) ;
#2690 = FACE_BOUND ( 'NONE', #1632, .T. ) ;
#2691 = CIRCLE ( 'NONE', #1228, 4.999999999999997335 ) ;
#2692 = DIRECTION ( 'NONE',  ( 0.000000000000000000, 0.000000000000000000, 1.000000000000000000 ) ) ;
#2693 = AXIS2_PLACEMENT_3D ( 'NONE', #1710, #1093, #2157 ) ;
#2694 = CARTESIAN_POINT ( 'NONE',  ( -8.696056258251013915, 33.36150078908655559, 51.90000000001315072 ) ) ;
#2695 = CARTESIAN_POINT ( 'NONE',  ( 64.63128853876649771, 38.09999999999983089, -54.31697078810061896 ) ) ;
#2696 = ORIENTED_EDGE ( 'NONE', *, *, #2119, .T. ) ;
#2697 = ORIENTED_EDGE ( 'NONE', *, *, #869, .F. ) ;
#2698 = CARTESIAN_POINT ( 'NONE',  ( 72.17454306990882174, 38.09999999999983089, -53.76648893734721213 ) ) ;
#2699 = ADVANCED_FACE ( 'NONE', ( #1484 ), #972, .T. ) ;
#2700 = VERTEX_POINT ( 'NONE', #2139 ) ;
#2701 = CARTESIAN_POINT ( 'NONE',  ( -93.32623722737464789, 28.09999999999982734, -12.75425146210877614 ) ) ;
#2702 = CARTESIAN_POINT ( 'NONE',  ( -93.32623722737464789, 43.09999999999982379, 20.00000000000000000 ) ) ;
#2703 = CARTESIAN_POINT ( 'NONE',  ( -88.23143745298615670, 31.09999999999982734, 9.999999999999996447 ) ) ;
#2704 = CARTESIAN_POINT ( 'NONE',  ( -7.499999999999998224, 43.09999999999982379, 47.15000000001317915 ) ) ;
#2705 = CARTESIAN_POINT ( 'NONE',  ( -63.63873973550113305, 38.09999999999983089, -65.39048086616843136 ) ) ;
#2706 = DIRECTION ( 'NONE',  ( 0.000000000000000000, 0.000000000000000000, 1.000000000000000000 ) ) ;
#2707 = EDGE_CURVE ( 'NONE', #2318, #2850, #124, .T. ) ;
#2708 = ORIENTED_EDGE ( 'NONE', *, *, #987, .F. ) ;
#2709 = CARTESIAN_POINT ( 'NONE',  ( 41.39103340034410650, 43.09999999999982379, -30.98816382492316635 ) ) ;
#2710 = ORIENTED_EDGE ( 'NONE', *, *, #1642, .T. ) ;
#2711 = EDGE_LOOP ( 'NONE', ( #604, #66, #769, #394, #152 ) ) ;
#2712 = DIRECTION ( 'NONE',  ( 0.000000000000000000, 0.000000000000000000, 1.000000000000000000 ) ) ;
#2713 = DIRECTION ( 'NONE',  ( -0.000000000000000000, -1.000000000000000000, -0.000000000000000000 ) ) ;
#2714 = DIRECTION ( 'NONE',  ( 0.0005522707150728028329, 0.000000000000000000, 0.9999998474985170027 ) ) ;
#2715 = VERTEX_POINT ( 'NONE', #2089 ) ;
#2716 = EDGE_CURVE ( 'NONE', #938, #624, #1469, .T. ) ;
#2717 = LINE ( 'NONE', #2705, #2775 ) ;
#2718 = DIRECTION ( 'NONE',  ( 1.000000000000000000, -0.000000000000000000, -0.000000000000000000 ) ) ;
#2719 = DIRECTION ( 'NONE',  ( 0.000000000000000000, 0.000000000000000000, -1.000000000000000000 ) ) ;
#2720 = ORIENTED_EDGE ( 'NONE', *, *, #878, .F. ) ;
#2721 = CARTESIAN_POINT ( 'NONE',  ( 5.297711755685933888, 43.09999999999982379, -5.295738471851143103 ) ) ;
#2722 = AXIS2_PLACEMENT_3D ( 'NONE', #1172, #60, #962 ) ;
#2723 = ORIENTED_EDGE ( 'NONE', *, *, #1466, .F. ) ;
#2724 = AXIS2_PLACEMENT_3D ( 'NONE', #2274, #742, #81 ) ;
#2725 = CARTESIAN_POINT ( 'NONE',  ( -30.98579304765987175, 43.09999999999982379, -41.38945256321088806 ) ) ;
#2726 = AXIS2_PLACEMENT_3D ( 'NONE', #1332, #1060, #1519 ) ;
#2727 = DIRECTION ( 'NONE',  ( -0.000000000000000000, -1.000000000000000000, -0.000000000000000000 ) ) ;
#2728 = ORIENTED_EDGE ( 'NONE', *, *, #1331, .T. ) ;
#2729 = AXIS2_PLACEMENT_3D ( 'NONE', #1786, #1809, #2231 ) ;
#2730 = CARTESIAN_POINT ( 'NONE',  ( -87.24246476308627507, 38.06887254447868685, -22.11016265354191290 ) ) ;
#2731 = CIRCLE ( 'NONE', #2647, 5.000000000000003553 ) ;
#2732 = CARTESIAN_POINT ( 'NONE',  ( -88.23143745298615670, 42.56728256376937480, 17.75425146210877969 ) ) ;
#2733 = EDGE_CURVE ( 'NONE', #1763, #490, #1898, .T. ) ;
#2734 = AXIS2_PLACEMENT_3D ( 'NONE', #2374, #1268, #375 ) ;
#2735 = EDGE_CURVE ( 'NONE', #549, #1682, #1433, .T. ) ;
#2736 = DIRECTION ( 'NONE',  ( 0.0005522707150728029413, 0.000000000000000000, 0.9999998474985170027 ) ) ;
#2737 = EDGE_CURVE ( 'NONE', #1789, #2302, #2470, .T. ) ;
#2738 = VERTEX_POINT ( 'NONE', #1660 ) ;
#2739 = CARTESIAN_POINT ( 'NONE',  ( 36.53766040462002707, 43.09999999999982379, -47.14103626112489565 ) ) ;
#2740 = DIRECTION ( 'NONE',  ( -0.7071067811865958674, 0.000000000000000000, -0.7071067811864991670 ) ) ;
#2741 = CARTESIAN_POINT ( 'NONE',  ( -88.08383739385861588, 42.87790422328325235, -18.47661466470219338 ) ) ;
#2742 = ORIENTED_EDGE ( 'NONE', *, *, #2684, .F. ) ;
#2743 = EDGE_CURVE ( 'NONE', #2608, #1419, #2566, .T. ) ;
#2744 = CARTESIAN_POINT ( 'NONE',  ( 0.000000000000000000, 43.09999999999982379, 90.00000000000001421 ) ) ;
#2745 = DIRECTION ( 'NONE',  ( 0.000000000000000000, 1.000000000000000000, 0.000000000000000000 ) ) ;
#2746 = CARTESIAN_POINT ( 'NONE',  ( 7.500000000000000000, 33.09999999999982379, 47.15000000001317204 ) ) ;
#2747 = EDGE_LOOP ( 'NONE', ( #1656, #2275, #1837, #2163 ) ) ;
#2748 = CARTESIAN_POINT ( 'NONE',  ( 46.06521390053190856, 36.79117032575805979, -35.29878897473704313 ) ) ;
#2749 =( NAMED_UNIT ( * ) SI_UNIT ( $, .STERADIAN. ) SOLID_ANGLE_UNIT ( ) );
#2750 = ORIENTED_EDGE ( 'NONE', *, *, #2173, .F. ) ;
#2751 = VERTEX_POINT ( 'NONE', #332 ) ;
#2752 = CARTESIAN_POINT ( 'NONE',  ( -92.95475629065673218, 43.09999999999981668, 19.61050796236603588 ) ) ;
#2753 = CARTESIAN_POINT ( 'NONE',  ( -93.32623722737464789, 28.09999999999982734, 12.75425146210877969 ) ) ;
#2754 = VERTEX_POINT ( 'NONE', #175 ) ;
#2755 = DIRECTION ( 'NONE',  ( 0.000000000000000000, 0.000000000000000000, -1.000000000000000000 ) ) ;
#2756 = CARTESIAN_POINT ( 'NONE',  ( 43.10078504085115725, 33.09999999999983089, -43.05264240887811411 ) ) ;
#2757 = CYLINDRICAL_SURFACE ( 'NONE', #2400, 4.999999999999997335 ) ;
#2758 = APPLICATION_CONTEXT ( 'automotive_design' ) ;
#2759 = VERTEX_POINT ( 'NONE', #2688 ) ;
#2760 = EDGE_LOOP ( 'NONE', ( #1776, #1810 ) ) ;
#2761 = LINE ( 'NONE', #2816, #2204 ) ;
#2762 = DIRECTION ( 'NONE',  ( 0.000000000000000000, 0.000000000000000000, 1.000000000000000000 ) ) ;
#2763 = AXIS2_PLACEMENT_3D ( 'NONE', #1895, #121, #1689 ) ;
#2764 = CYLINDRICAL_SURFACE ( 'NONE', #1548, 2.999999999999995559 ) ;
#2765 = ORIENTED_EDGE ( 'NONE', *, *, #966, .T. ) ;
#2766 = ORIENTED_EDGE ( 'NONE', *, *, #931, .F. ) ;
#2767 = CARTESIAN_POINT ( 'NONE',  ( 12.50179208750447124, 33.09999999999982379, 55.14356275803663010 ) ) ;
#2768 = PRODUCT_DEFINITION ( 'UNKNOWN', '', #947, #2588 ) ;
#2769 = AXIS2_PLACEMENT_3D ( 'NONE', #356, #2784, #1203 ) ;
#2770 = CIRCLE ( 'NONE', #2487, 4.999999999999997335 ) ;
#2771 = EDGE_CURVE ( 'NONE', #498, #1682, #2786, .T. ) ;
#2772 = DIRECTION ( 'NONE',  ( 0.000000000000000000, 0.000000000000000000, -1.000000000000000000 ) ) ;
#2773 = ORIENTED_EDGE ( 'NONE', *, *, #2872, .F. ) ;
#2774 = CARTESIAN_POINT ( 'NONE',  ( -42.72613639261329865, 43.09999999999982379, -32.11953467481176006 ) ) ;
#2775 = VECTOR ( 'NONE', #948, 1000.000000000000000 ) ;
#2776 = DIRECTION ( 'NONE',  ( 0.000000000000000000, 1.000000000000000000, 0.000000000000000000 ) ) ;
#2777 = AXIS2_PLACEMENT_3D ( 'NONE', #1932, #1470, #571 ) ;
#2778 = LINE ( 'NONE', #961, #1737 ) ;
#2779 = VECTOR ( 'NONE', #1131, 1000.000000000000000 ) ;
#2780 = CARTESIAN_POINT ( 'NONE',  ( -93.23862102263990437, 35.18966888563323892, -18.20889236957173196 ) ) ;
#2781 = VERTEX_POINT ( 'NONE', #2435 ) ;
#2782 = ORIENTED_EDGE ( 'NONE', *, *, #2025, .T. ) ;
#2783 = VECTOR ( 'NONE', #1836, 1000.000000000000000 ) ;
#2784 = DIRECTION ( 'NONE',  ( 1.000000000000000000, 0.000000000000000000, -0.000000000000000000 ) ) ;
#2785 = DIRECTION ( 'NONE',  ( 0.000000000000000000, 1.000000000000000000, -0.000000000000000000 ) ) ;
#2786 = CIRCLE ( 'NONE', #2596, 4.999999999999998224 ) ;
#2787 = DIRECTION ( 'NONE',  ( 0.000000000000000000, 0.000000000000000000, 1.000000000000000000 ) ) ;
#2788 = VERTEX_POINT ( 'NONE', #674 ) ;
#2789 = VERTEX_POINT ( 'NONE', #2182 ) ;
#2790 = CARTESIAN_POINT ( 'NONE',  ( -93.18820828136277612, 42.87547815585075739, -18.46902124685031410 ) ) ;
#2791 = EDGE_CURVE ( 'NONE', #432, #594, #475, .T. ) ;
#2792 = CARTESIAN_POINT ( 'NONE',  ( -40.60481604905307051, 43.09999999999982379, -29.99821433125165981 ) ) ;
#2793 = ORIENTED_EDGE ( 'NONE', *, *, #2466, .T. ) ;
#2794 = DIRECTION ( 'NONE',  ( 0.7072384844909619384, 0.000000000000000000, -0.7069750533469532083 ) ) ;
#2795 = DIRECTION ( 'NONE',  ( 0.000000000000000000, 1.000000000000000000, -0.000000000000000000 ) ) ;
#2796 = CARTESIAN_POINT ( 'NONE',  ( 48.22184485181347213, 38.09999999999983089, -37.92585608999441149 ) ) ;
#2797 = CARTESIAN_POINT ( 'NONE',  ( -92.98228098947164710, 36.89028345217559490, -19.47695953358854837 ) ) ;
#2798 =( BOUNDED_CURVE ( )  B_SPLINE_CURVE ( 3, ( #2366, #1459, #1291, #2415 ),
 .UNSPECIFIED., .F., .F. ) 
 B_SPLINE_CURVE_WITH_KNOTS ( ( 4, 4 ),
 ( 1.570796326794891007, 1.929152363253125335 ),
 .UNSPECIFIED. ) 
 CURVE ( )  GEOMETRIC_REPRESENTATION_ITEM ( )  RATIONAL_B_SPLINE_CURVE ( ( 1.000000000000000000, 0.9893270129655965528, 0.9893270129655965528, 1.000000000000000000 ) ) 
 REPRESENTATION_ITEM ( '' )  );
#2799 = VERTEX_POINT ( 'NONE', #1736 ) ;
#2800 = FACE_OUTER_BOUND ( 'NONE', #2747, .T. ) ;
#2801 = APPLICATION_PROTOCOL_DEFINITION ( 'draft international standard', 'automotive_design', 1998, #2758 ) ;
#2802 = EDGE_CURVE ( 'NONE', #2781, #1985, #2497, .T. ) ;
#2803 = PLANE ( 'NONE',  #1925 ) ;
#2804 = ORIENTED_EDGE ( 'NONE', *, *, #2173, .T. ) ;
#2805 = VERTEX_POINT ( 'NONE', #377 ) ;
#2806 = CARTESIAN_POINT ( 'NONE',  ( 12.51776908959455525, 38.09999999999983089, 89.07321486073666961 ) ) ;
#2807 = DIRECTION ( 'NONE',  ( 0.000000000000000000, 0.000000000000000000, 1.000000000000000000 ) ) ;
#2808 = ORIENTED_EDGE ( 'NONE', *, *, #1757, .T. ) ;
#2809 = CARTESIAN_POINT ( 'NONE',  ( -45.84648657118430748, 35.74333930099527379, -34.30065545265046723 ) ) ;
#2810 = DIRECTION ( 'NONE',  ( 0.000000000000000000, 1.000000000000000000, -0.000000000000000000 ) ) ;
#2811 = LINE ( 'NONE', #2364, #474 ) ;
#2812 = ADVANCED_FACE ( 'NONE', ( #2001 ), #848, .F. ) ;
#2813 = DIRECTION ( 'NONE',  ( 0.000000000000000000, 1.000000000000000000, -0.000000000000000000 ) ) ;
#2814 = ORIENTED_EDGE ( 'NONE', *, *, #1685, .F. ) ;
#2815 = ORIENTED_EDGE ( 'NONE', *, *, #2873, .T. ) ;
#2816 = CARTESIAN_POINT ( 'NONE',  ( -38.65208199660304444, 43.09999999999982379, -38.66648443149870218 ) ) ;
#2817 = ORIENTED_EDGE ( 'NONE', *, *, #710, .T. ) ;
#2818 = ORIENTED_EDGE ( 'NONE', *, *, #139, .T. ) ;
#2819 = CARTESIAN_POINT ( 'NONE',  ( 0.000000000000000000, 38.09999999999983089, 0.000000000000000000 ) ) ;
#2820 = CARTESIAN_POINT ( 'NONE',  ( 2.143131898507867311E-16, 38.09999999999983089, 88.25000000000001421 ) ) ;
#2821 = ORIENTED_EDGE ( 'NONE', *, *, #2707, .T. ) ;
#2822 = CARTESIAN_POINT ( 'NONE',  ( -46.12141893386100122, 36.71643746689618837, -35.10254212858727385 ) ) ;
#2823 = CIRCLE ( 'NONE', #845, 4.999999999999997335 ) ;
#2824 = CARTESIAN_POINT ( 'NONE',  ( 32.11953467483635194, 43.09999999999982379, -42.72613639260982410 ) ) ;
#2825 = FACE_OUTER_BOUND ( 'NONE', #2469, .T. ) ;
#2826 = CIRCLE ( 'NONE', #1824, 2.999999999999988898 ) ;
#2827 = CARTESIAN_POINT ( 'NONE',  ( -32.11716389755839884, 43.09999999999982379, -42.72455555549271367 ) ) ;
#2828 = VECTOR ( 'NONE', #1892, 1000.000000000000000 ) ;
#2829 = DIRECTION ( 'NONE',  ( 0.000000000000000000, 0.000000000000000000, -1.000000000000000000 ) ) ;
#2830 = VERTEX_POINT ( 'NONE', #2390 ) ;
#2831 = EDGE_CURVE ( 'NONE', #108, #1853, #2892, .T. ) ;
#2832 = CARTESIAN_POINT ( 'NONE',  ( -92.81165433507872820, 37.45444678300535912, 20.27499673157328175 ) ) ;
#2833 = AXIS2_PLACEMENT_3D ( 'NONE', #1230, #80, #540 ) ;
#2834 = ADVANCED_FACE ( 'NONE', ( #1958 ), #888, .F. ) ;
#2835 = AXIS2_PLACEMENT_3D ( 'NONE', #1695, #146, #1960 ) ;
#2836 = VERTEX_POINT ( 'NONE', #2227 ) ;
#2837 = ORIENTED_EDGE ( 'NONE', *, *, #2058, .F. ) ;
#2838 = DIRECTION ( 'NONE',  ( -0.000000000000000000, -1.000000000000000000, -0.000000000000000000 ) ) ;
#2839 = CIRCLE ( 'NONE', #2067, 1.749999999999994671 ) ;
#2840 = DIRECTION ( 'NONE',  ( 0.000000000000000000, 1.000000000000000000, -0.000000000000000000 ) ) ;
#2841 = ORIENTED_EDGE ( 'NONE', *, *, #1377, .T. ) ;
#2842 = CARTESIAN_POINT ( 'NONE',  ( -45.69890662918698609, 34.12627353664318264, -33.50306086108038528 ) ) ;
#2843 = EDGE_CURVE ( 'NONE', #108, #1985, #2871, .T. ) ;
#2844 = CARTESIAN_POINT ( 'NONE',  ( -12.49999999999999822, 38.09999999999983089, 84.07585860400118349 ) ) ;
#2845 = EDGE_CURVE ( 'NONE', #1476, #2007, #1970, .T. ) ;
#2846 = DIRECTION ( 'NONE',  ( -1.000000000000000000, 0.000000000000000000, 4.625929269271486900E-16 ) ) ;
#2847 = LINE ( 'NONE', #1709, #1969 ) ;
#2848 = CARTESIAN_POINT ( 'NONE',  ( 8.384286191999771987, 35.08446755777052317, 52.30398325555574246 ) ) ;
#2849 = ORIENTED_EDGE ( 'NONE', *, *, #1421, .T. ) ;
#2850 = VERTEX_POINT ( 'NONE', #1114 ) ;
#2851 = LINE ( 'NONE', #857, #1083 ) ;
#2852 = EDGE_LOOP ( 'NONE', ( #968, #1209, #1362, #813 ) ) ;
#2853 = ORIENTED_EDGE ( 'NONE', *, *, #464, .T. ) ;
#2854 = CARTESIAN_POINT ( 'NONE',  ( 32.11953467483635194, 33.09999999999982379, -45.72613639260980989 ) ) ;
#2855 = EDGE_CURVE ( 'NONE', #468, #582, #1500, .T. ) ;
#2856 = CARTESIAN_POINT ( 'NONE',  ( 63.63001565316833563, 38.09999999999983089, -63.64920351408611054 ) ) ;
#2857 = VERTEX_POINT ( 'NONE', #1517 ) ;
#2858 = CARTESIAN_POINT ( 'NONE',  ( -87.61886491742288285, 37.60826036638439973, 20.56769529268418495 ) ) ;
#2859 = DIRECTION ( 'NONE',  ( 0.000000000000000000, 0.000000000000000000, -1.000000000000000000 ) ) ;
#2860 = DIRECTION ( 'NONE',  ( -0.000000000000000000, -1.000000000000000000, -0.000000000000000000 ) ) ;
#2861 = CARTESIAN_POINT ( 'NONE',  ( 34.15872358184271462, 35.52929849404936391, -45.81092917881215953 ) ) ;
#2862 = CARTESIAN_POINT ( 'NONE',  ( 8.165615004975808944, 35.74385759760743753, 52.64890088785193001 ) ) ;
#2863 = EDGE_LOOP ( 'NONE', ( #873, #1387, #1279, #1845, #2750, #1581, #264, #120, #2686, #1596, #2026, #2474 ) ) ;
#2864 = DIRECTION ( 'NONE',  ( 0.000000000000000000, 0.000000000000000000, 1.000000000000000000 ) ) ;
#2865 = EDGE_LOOP ( 'NONE', ( #729, #1489, #1098, #2580 ) ) ;
#2866 = CARTESIAN_POINT ( 'NONE',  ( 2.181125650462115506E-14, 33.09999999999982379, 47.15000000001317204 ) ) ;
#2867 = EDGE_CURVE ( 'NONE', #117, #1876, #1286, .T. ) ;
#2868 = FACE_OUTER_BOUND ( 'NONE', #646, .T. ) ;
#2869 = APPLICATION_CONTEXT ( 'automotive_design' ) ;
#2870 = ORIENTED_EDGE ( 'NONE', *, *, #2085, .F. ) ;
#2871 = LINE ( 'NONE', #206, #1097 ) ;
#2872 = EDGE_CURVE ( 'NONE', #2009, #1322, #2096, .T. ) ;
#2873 = EDGE_CURVE ( 'NONE', #2608, #406, #85, .T. ) ;
#2874 = CARTESIAN_POINT ( 'NONE',  ( -29.87000327265468158, 43.09999999999982379, -40.73702715924716955 ) ) ;
#2875 = AXIS2_PLACEMENT_3D ( 'NONE', #2404, #202, #2887 ) ;
#2876 = CARTESIAN_POINT ( 'NONE',  ( -7.499999999999999112, 38.09999999999983089, 84.07585860400118349 ) ) ;
#2877 = CIRCLE ( 'NONE', #328, 4.999999999999997335 ) ;
#2878 = CARTESIAN_POINT ( 'NONE',  ( 36.18693327657430814, 37.58135380288168648, -46.81566407560097787 ) ) ;
#2879 = CIRCLE ( 'NONE', #1087, 1.750000000000001554 ) ;
#2880 = CYLINDRICAL_SURFACE ( 'NONE', #1456, 5.000000000000004441 ) ;
#2881 = ORIENTED_EDGE ( 'NONE', *, *, #462, .T. ) ;
#2882 = DIRECTION ( 'NONE',  ( 0.000000000000000000, 1.000000000000000000, -0.000000000000000000 ) ) ;
#2883 = CIRCLE ( 'NONE', #242, 90.00000000000001421 ) ;
#2884 = ORIENTED_EDGE ( 'NONE', *, *, #612, .F. ) ;
#2885 = AXIS2_PLACEMENT_3D ( 'NONE', #882, #2220, #2468 ) ;
#2886 = ADVANCED_FACE ( 'NONE', ( #1427 ), #2080, .T. ) ;
#2887 = DIRECTION ( 'NONE',  ( 0.000000000000000000, 0.000000000000000000, 1.000000000000000000 ) ) ;
#2888 = CIRCLE ( 'NONE', #2303, 5.000000000000004441 ) ;
#2889 = VERTEX_POINT ( 'NONE', #1559 ) ;
#2890 = EDGE_CURVE ( 'NONE', #2302, #1601, #2462, .T. ) ;
#2891 = CARTESIAN_POINT ( 'NONE',  ( -48.38193681938936663, 33.09999999999983089, -37.77744255074003377 ) ) ;
#2892 = CIRCLE ( 'NONE', #713, 4.999999999999997335 ) ;
#2893 = CYLINDRICAL_SURFACE ( 'NONE', #1134, 1.750000000000001554 ) ;
#2894 = DIRECTION ( 'NONE',  ( 0.000000000000000000, 1.000000000000000000, 0.000000000000000000 ) ) ;
#2895 = CARTESIAN_POINT ( 'NONE',  ( 35.31620666127303565, 33.09999999999982379, -35.29065289400688243 ) ) ;
#2896 = CYLINDRICAL_SURFACE ( 'NONE', #859, 1.750000000000001554 ) ;
#2897 = VERTEX_POINT ( 'NONE', #2542 ) ;
#2898 = CARTESIAN_POINT ( 'NONE',  ( -92.74842046804192819, 37.60568500277355497, 20.56269032127101681 ) ) ;
#2899 = ORIENTED_EDGE ( 'NONE', *, *, #231, .T. ) ;
#2900 = DIRECTION ( 'NONE',  ( 0.000000000000000000, 0.000000000000000000, 1.000000000000000000 ) ) ;
#2901 = ORIENTED_EDGE ( 'NONE', *, *, #2867, .T. ) ;
#2902 = ORIENTED_EDGE ( 'NONE', *, *, #660, .T. ) ;
#2903 = ORIENTED_EDGE ( 'NONE', *, *, #1560, .F. ) ;
#2904 = CARTESIAN_POINT ( 'NONE',  ( -87.86684626721128666, 36.89300640379558871, 19.48009929105302618 ) ) ;
#2905 = CARTESIAN_POINT ( 'NONE',  ( 45.64446722559168279, 33.09999999999982379, -33.43109336340310023 ) ) ;
#2906 = DIRECTION ( 'NONE',  ( -0.000000000000000000, 1.000000000000000000, 1.445602896647340149E-16 ) ) ;
#2907 = CARTESIAN_POINT ( 'NONE',  ( 37.35344098637108345, 38.09999999999983089, -47.95651298213211078 ) ) ;
#2908 = DIRECTION ( 'NONE',  ( 0.7075018027878722249, 0.000000000000000000, -0.7067115387850341213 ) ) ;
#2909 = EDGE_CURVE ( 'NONE', #2069, #2382, #764, .T. ) ;
#2910 = CARTESIAN_POINT ( 'NONE',  ( 42.72613639263387597, 33.09999999999982379, -32.11953467481232138 ) ) ;
#2911 = EDGE_LOOP ( 'NONE', ( #238, #1448, #2202, #1067 ) ) ;
#2912 = DIRECTION ( 'NONE',  ( 0.000000000000000000, 0.000000000000000000, 1.000000000000000000 ) ) ;
#2913 = EDGE_LOOP ( 'NONE', ( #2901, #2903, #1699, #2310 ) ) ;
#2914 = ORIENTED_EDGE ( 'NONE', *, *, #1088, .T. ) ;
#2915 = CARTESIAN_POINT ( 'NONE',  ( -88.22474850234586086, 33.76646095395224734, 17.78758999550433728 ) ) ;
#2916 = DIRECTION ( 'NONE',  ( -0.7072384844909962442, 0.000000000000000000, 0.7069750533469189024 ) ) ;
#2917 = CYLINDRICAL_SURFACE ( 'NONE', #247, 1.750000000000001554 ) ;
ENDSEC;
END-ISO-10303-21;
