ISO-10303-21;
HEADER;
FILE_DESCRIPTION (( 'STEP AP214' ),
    '1' );
FILE_NAME ('Part12-Split2.STEP',
    '2026-08-11T01:51:17',
    ( '' ),
    ( '' ),
    'SwSTEP 2.0',
    'SolidWorks 2026',
    '' );
FILE_SCHEMA (( 'AUTOMOTIVE_DESIGN' ));
ENDSEC;

DATA;
#1 = AXIS2_PLACEMENT_3D ( 'NONE', #2717, #3984, #1152 ) ;
#2 = VECTOR ( 'NONE', #3197, 100.0000000000000142 ) ;
#3 = PLANE ( 'NONE',  #4085 ) ;
#4 = CARTESIAN_POINT ( 'NONE',  ( 51.59863108044611124, 9.717405461309315484, -0.2946289118163343268 ) ) ;
#5 = ORIENTED_EDGE ( 'NONE', *, *, #1979, .F. ) ;
#6 = EDGE_CURVE ( 'NONE', #64, #613, #1081, .T. ) ;
#7 = CARTESIAN_POINT ( 'NONE',  ( 29.41452373806752618, -10.34457114643315911, -0.1750000000000036249 ) ) ;
#8 = CYLINDRICAL_SURFACE ( 'NONE', #3822, 0.4999999999999985567 ) ;
#9 = CARTESIAN_POINT ( 'NONE',  ( 29.07226507363854395, 0.6837734676000201128, 10.54957551633862778 ) ) ;
#10 = ORIENTED_EDGE ( 'NONE', *, *, #2318, .T. ) ;
#11 = CARTESIAN_POINT ( 'NONE',  ( 48.85674956211384057, 6.835545300157845894, -0.2999999999999981570 ) ) ;
#12 = ADVANCED_FACE ( 'NONE', ( #2727 ), #468, .F. ) ;
#13 = CARTESIAN_POINT ( 'NONE',  ( 49.16286127853453536, 6.346536117543038813, 0.06978710356952599891 ) ) ;
#14 = EDGE_CURVE ( 'NONE', #986, #4006, #2023, .T. ) ;
#15 = CARTESIAN_POINT ( 'NONE',  ( 29.01833197916112184, -2.569776599739957312, 0.3439705406646763608 ) ) ;
#16 = CARTESIAN_POINT ( 'NONE',  ( 29.93394944315046402, 0.6383298149911743602, 10.47646548656146592 ) ) ;
#17 = CARTESIAN_POINT ( 'NONE',  ( 29.96828437849604754, 3.635268028891432746, 15.64935204714753780 ) ) ;
#18 = CARTESIAN_POINT ( 'NONE',  ( 29.96516101513061869, 0.2477573789245302582, 10.84356860246838217 ) ) ;
#19 = CARTESIAN_POINT ( 'NONE',  ( 40.31970610058894522, 0.4979165572142639773, 0.2377333333333366827 ) ) ;
#20 = ORIENTED_EDGE ( 'NONE', *, *, #1744, .F. ) ;
#21 = CARTESIAN_POINT ( 'NONE',  ( 50.82791525886369755, 9.378903448242926544, -0.4999999999999959477 ) ) ;
#22 = DIRECTION ( 'NONE',  ( -0.01657441405230485054, -0.9998626349648350731, 0.000000000000000000 ) ) ;
#23 = ORIENTED_EDGE ( 'NONE', *, *, #2179, .F. ) ;
#24 = AXIS2_PLACEMENT_3D ( 'NONE', #1161, #828, #1203 ) ;
#25 = CARTESIAN_POINT ( 'NONE',  ( 30.07123726506852890, 6.646878242699422401, 5.001225937380148124E-15 ) ) ;
#26 = CARTESIAN_POINT ( 'NONE',  ( 29.57959315461226169, 7.155096767207866471, 19.46425231158483626 ) ) ;
#27 = DIRECTION ( 'NONE',  ( 0.01657441405230464238, 0.9998626349648350731, 0.000000000000000000 ) ) ;
#28 = VERTEX_POINT ( 'NONE', #2082 ) ;
#29 = ADVANCED_FACE ( 'NONE', ( #528 ), #3300, .T. ) ;
#30 = CARTESIAN_POINT ( 'NONE',  ( 28.46290131800966350, -2.364714990035085229, 0.2999999999999999889 ) ) ;
#31 = EDGE_CURVE ( 'NONE', #1188, #465, #3033, .T. ) ;
#32 = CARTESIAN_POINT ( 'NONE',  ( 40.55045158031593644, 0.4732239127485872721, 0.1703389830508403868 ) ) ;
#33 = ORIENTED_EDGE ( 'NONE', *, *, #759, .T. ) ;
#34 = MANIFOLD_SOLID_BREP ( 'Stock-Part12-1', #2333 ) ;
#35 = CARTESIAN_POINT ( 'NONE',  ( 29.62102918974301957, 9.654753354620073225, 21.74663514059541924 ) ) ;
#36 = LINE ( 'NONE', #1620, #329 ) ;
#37 = CARTESIAN_POINT ( 'NONE',  ( 29.22108413575708497, 9.661383120241334055, 21.99999999999999289 ) ) ;
#38 = VECTOR ( 'NONE', #98, 100.0000000000000000 ) ;
#39 = B_SPLINE_CURVE_WITH_KNOTS ( 'NONE', 3,
 ( #3654, #2076, #1388, #2098, #848, #1487, #3364, #2741, #1179, #545, #4008, #3051, #2436, #1797, #233, #1037 ),
 .UNSPECIFIED., .F., .F.,
 ( 4, 2, 2, 2, 2, 2, 2, 4 ),
 ( 0.000000000000000000, 0.001525371695783292502, 0.002288057543674937560, 0.003050743391566582401, 0.003813429239458227243, 0.004576115087349872518, 0.005338800935241517359, 0.006101486783133162201 ),
 .UNSPECIFIED. ) ;
#40 = ORIENTED_EDGE ( 'NONE', *, *, #3301, .F. ) ;
#41 = LINE ( 'NONE', #82, #716 ) ;
#42 = EDGE_CURVE ( 'NONE', #3089, #4034, #3282, .T. ) ;
#43 = FACE_OUTER_BOUND ( 'NONE', #147, .T. ) ;
#44 = ORIENTED_EDGE ( 'NONE', *, *, #1286, .T. ) ;
#45 = LINE ( 'NONE', #7, #378 ) ;
#46 = VECTOR ( 'NONE', #2000, 100.0000000000000000 ) ;
#47 = CIRCLE ( 'NONE', #3937, 0.2000000000000027589 ) ;
#48 = CARTESIAN_POINT ( 'NONE',  ( 29.07191440928634307, 0.6626194055574862185, 10.49818166789214757 ) ) ;
#49 = FACE_OUTER_BOUND ( 'NONE', #410, .T. ) ;
#50 = EDGE_LOOP ( 'NONE', ( #518, #3571, #3907, #4065 ) ) ;
#51 = CARTESIAN_POINT ( 'NONE',  ( 42.79656511955386122, 6.936003105534807922, -0.3000000000000001554 ) ) ;
#52 = CARTESIAN_POINT ( 'NONE',  ( 45.16746527949426593, 3.336872206826934306, -0.2594131874179540498 ) ) ;
#53 = EDGE_LOOP ( 'NONE', ( #1042, #977, #3663, #3209 ) ) ;
#54 = CARTESIAN_POINT ( 'NONE',  ( 41.03893530837986248, -0.1725196525909055978, -0.3000000000000025424 ) ) ;
#55 = CARTESIAN_POINT ( 'NONE',  ( 29.57952447209467550, 7.146809560181840659, 19.45676392269215071 ) ) ;
#56 = EDGE_CURVE ( 'NONE', #2117, #1987, #2360, .T. ) ;
#57 = CARTESIAN_POINT ( 'NONE',  ( 30.04364942460926002, 3.634715583514160908, 15.65027219720725959 ) ) ;
#58 = CARTESIAN_POINT ( 'NONE',  ( 29.77803311916359519, 8.829761370312091628, 20.87536355540009581 ) ) ;
#59 = ORIENTED_EDGE ( 'NONE', *, *, #1772, .F. ) ;
#60 = EDGE_CURVE ( 'NONE', #1890, #3933, #3318, .T. ) ;
#61 = CARTESIAN_POINT ( 'NONE',  ( 46.46169554002519675, 3.095087534996605605, 0.2210811001740908555 ) ) ;
#62 = CARTESIAN_POINT ( 'NONE',  ( 30.85269975192374048, -0.5114356736991294561, -0.2000000000000000111 ) ) ;
#63 = CIRCLE ( 'NONE', #2367, 1.292999993180115270 ) ;
#64 = VERTEX_POINT ( 'NONE', #1549 ) ;
#65 = AXIS2_PLACEMENT_3D ( 'NONE', #2524, #2828, #3473 ) ;
#66 = ORIENTED_EDGE ( 'NONE', *, *, #3102, .F. ) ;
#67 = CARTESIAN_POINT ( 'NONE',  ( 30.00631659681625152, 8.948270395549592138, 21.54375944022162059 ) ) ;
#68 = CARTESIAN_POINT ( 'NONE',  ( 29.45289206297297468, -0.4882314940259307456, 16.45197147569836105 ) ) ;
#69 = LINE ( 'NONE', #2581, #1623 ) ;
#70 = EDGE_LOOP ( 'NONE', ( #3636, #1822, #3356, #2293 ) ) ;
#71 = CARTESIAN_POINT ( 'NONE',  ( 29.96516101513376640, 0.2477573789244779945, 10.47664068296516682 ) ) ;
#72 = CARTESIAN_POINT ( 'NONE',  ( 40.56043274581006841, 0.4828795647841491734, 0.005097446114908447609 ) ) ;
#73 = ORIENTED_EDGE ( 'NONE', *, *, #2606, .F. ) ;
#74 = EDGE_CURVE ( 'NONE', #3381, #3291, #3168, .T. ) ;
#75 = CARTESIAN_POINT ( 'NONE',  ( 30.06452425882642387, 8.959941552755786631, 21.24778861738430180 ) ) ;
#76 = CARTESIAN_POINT ( 'NONE',  ( 29.51887285879833556, 3.319856307860630018, 15.21232374803579468 ) ) ;
#77 = B_SPLINE_CURVE_WITH_KNOTS ( 'NONE', 2,
 ( #2187, #629, #1878 ),
 .UNSPECIFIED., .F., .F.,
 ( 3, 3 ),
 ( 0.6596861749284756993, 0.7967053436417098622 ),
 .UNSPECIFIED. ) ;
#78 = CARTESIAN_POINT ( 'NONE',  ( 29.57959315461226524, 7.155096767207995256, 3.169069830047966363E-15 ) ) ;
#79 = EDGE_CURVE ( 'NONE', #2297, #542, #2169, .T. ) ;
#80 = ORIENTED_EDGE ( 'NONE', *, *, #189, .F. ) ;
#81 = EDGE_CURVE ( 'NONE', #551, #2232, #3390, .T. ) ;
#82 = CARTESIAN_POINT ( 'NONE',  ( 29.20948204592047048, 8.961479275765617203, 21.25672608094550142 ) ) ;
#83 = CARTESIAN_POINT ( 'NONE',  ( 29.04276639057132314, -1.095754356822500108, 6.365437551427184815 ) ) ;
#84 = VERTEX_POINT ( 'NONE', #1512 ) ;
#85 = VERTEX_POINT ( 'NONE', #569 ) ;
#86 = CARTESIAN_POINT ( 'NONE',  ( 30.04883720167204686, 8.947565544617084754, 21.46338268617896361 ) ) ;
#87 = CYLINDRICAL_SURFACE ( 'NONE', #392, 11.29999999999813198 ) ;
#88 = CARTESIAN_POINT ( 'NONE',  ( 29.96516101513376640, 0.2477573789244774116, 9.976640682965166818 ) ) ;
#89 = ORIENTED_EDGE ( 'NONE', *, *, #1914, .F. ) ;
#90 = CARTESIAN_POINT ( 'NONE',  ( 45.76871418538775771, 2.982107765878923900, 0.09061903692893490125 ) ) ;
#91 = CARTESIAN_POINT ( 'NONE',  ( 29.07190158887170739, 0.6618460054538586324, 10.49818166789216711 ) ) ;
#92 = CIRCLE ( 'NONE', #1803, 0.1750000000000029310 ) ;
#93 = VERTEX_POINT ( 'NONE', #892 ) ;
#94 = ADVANCED_FACE ( 'NONE', ( #936 ), #635, .F. ) ;
#95 =( BOUNDED_CURVE ( )  B_SPLINE_CURVE ( 3, ( #2662, #90, #3560, #2909 ),
 .UNSPECIFIED., .F., .F. ) 
 B_SPLINE_CURVE_WITH_KNOTS ( ( 4, 4 ),
 ( 0.04126968627631745490, 0.5680514534925525938 ),
 .UNSPECIFIED. ) 
 CURVE ( )  GEOMETRIC_REPRESENTATION_ITEM ( )  RATIONAL_B_SPLINE_CURVE ( ( 1.000000000000000000, 0.9770084625071544515, 0.9770084625071544515, 1.000000000000000000 ) ) 
 REPRESENTATION_ITEM ( '' )  );
#96 = CARTESIAN_POINT ( 'NONE',  ( 29.57189324557678134, 6.690594594587867761, 19.79008107972049402 ) ) ;
#97 = ORIENTED_EDGE ( 'NONE', *, *, #2690, .F. ) ;
#98 = DIRECTION ( 'NONE',  ( -2.220446049250313081E-16, 5.804399753985538537E-16, 1.000000000000000000 ) ) ;
#99 = CARTESIAN_POINT ( 'NONE',  ( 45.37029156054219214, 3.494441370285926496, -0.1020807115986766683 ) ) ;
#100 = CARTESIAN_POINT ( 'NONE',  ( 46.11343848349901009, 3.137502671515306929, -0.2761811726988582794 ) ) ;
#101 = VERTEX_POINT ( 'NONE', #2766 ) ;
#102 = CARTESIAN_POINT ( 'NONE',  ( 29.60571056506467613, 6.460330386391365920, 19.59516944727710097 ) ) ;
#103 = EDGE_CURVE ( 'NONE', #3327, #3782, #278, .T. ) ;
#104 = CARTESIAN_POINT ( 'NONE',  ( 45.77146602680007703, 3.386350232764887114, 0.1862431371911132394 ) ) ;
#105 = VERTEX_POINT ( 'NONE', #3411 ) ;
#106 = ORIENTED_EDGE ( 'NONE', *, *, #56, .F. ) ;
#107 = CARTESIAN_POINT ( 'NONE',  ( 35.84396239381612048, -1.270105317562479241, -0.3000000000000045963 ) ) ;
#108 = DIRECTION ( 'NONE',  ( 0.9998626349648348510, -0.01657441405230573525, 1.665334536937734811E-16 ) ) ;
#109 = CARTESIAN_POINT ( 'NONE',  ( 29.99558813191475792, 3.327921970892989467, 15.95239721201883931 ) ) ;
#110 = EDGE_LOOP ( 'NONE', ( #1128, #2935, #186, #2363, #274, #4049, #3474 ) ) ;
#111 = CARTESIAN_POINT ( 'NONE',  ( 0.1184138846131285033, 7.143396943751471717, 1.239352081296894652E-17 ) ) ;
#112 = LINE ( 'NONE', #3951, #3382 ) ;
#113 = ORIENTED_EDGE ( 'NONE', *, *, #1583, .F. ) ;
#114 = CIRCLE ( 'NONE', #641, 0.7930761456019163047 ) ;
#115 = AXIS2_PLACEMENT_3D ( 'NONE', #3439, #2545, #2487 ) ;
#116 = EDGE_CURVE ( 'NONE', #2305, #1592, #3427, .T. ) ;
#117 = EDGE_CURVE ( 'NONE', #3116, #2631, #2953, .T. ) ;
#118 = CARTESIAN_POINT ( 'NONE',  ( 29.77275776503039495, 0.2135171878377922772, 10.81718559156596449 ) ) ;
#119 = VERTEX_POINT ( 'NONE', #914 ) ;
#120 = CARTESIAN_POINT ( 'NONE',  ( 29.47185946328843542, 0.6559896409115761884, 10.50000000229203501 ) ) ;
#121 = CARTESIAN_POINT ( 'NONE',  ( 45.64243449292247590, 3.711456702561973575, -0.2691470867952008850 ) ) ;
#122 = ORIENTED_EDGE ( 'NONE', *, *, #3479, .T. ) ;
#123 = CARTESIAN_POINT ( 'NONE',  ( 29.64481259571036986, 6.373279168213251467, 19.52072732404077016 ) ) ;
#124 = DIRECTION ( 'NONE',  ( -0.9998626349648348510, 0.01657441405230448625, 0.000000000000000000 ) ) ;
#125 = VERTEX_POINT ( 'NONE', #609 ) ;
#126 = EDGE_CURVE ( 'NONE', #1942, #560, #3886, .T. ) ;
#127 = ORIENTED_EDGE ( 'NONE', *, *, #3123, .F. ) ;
#128 = CARTESIAN_POINT ( 'NONE',  ( 30.03594555786951403, 8.947779245414299254, 21.49083361213726562 ) ) ;
#129 =( GEOMETRIC_REPRESENTATION_CONTEXT ( 3 ) GLOBAL_UNCERTAINTY_ASSIGNED_CONTEXT ( ( #3274 ) ) GLOBAL_UNIT_ASSIGNED_CONTEXT ( ( #2646, #1080, #1755 ) ) REPRESENTATION_CONTEXT ( 'NONE', 'WORKASPACE' ) );
#130 = DIRECTION ( 'NONE',  ( -0.9998626349648349620, 0.01657441405230335868, 0.000000000000000000 ) ) ;
#131 = DIRECTION ( 'NONE',  ( 3.382917932875482834E-16, 2.470467893844505313E-16, -1.000000000000000000 ) ) ;
#132 = CARTESIAN_POINT ( 'NONE',  ( 29.58342464737874877, 5.914429608735813026, 19.11483311017090614 ) ) ;
#133 = VECTOR ( 'NONE', #373, 100.0000000000000142 ) ;
#134 = ORIENTED_EDGE ( 'NONE', *, *, #3297, .F. ) ;
#135 = EDGE_CURVE ( 'NONE', #3674, #3513, #2441, .T. ) ;
#136 = CARTESIAN_POINT ( 'NONE',  ( 50.78965783578978943, 9.323963105861231782, 0.05849998563405316848 ) ) ;
#137 = CARTESIAN_POINT ( 'NONE',  ( 29.20522942728162974, 0.6604094836830698423, 10.49999999999813305 ) ) ;
#138 = SURFACE_STYLE_USAGE ( .BOTH. , #3639 ) ;
#139 = CARTESIAN_POINT ( 'NONE',  ( 40.48634198056211631, 0.07335101194750953679, 0.1999999999999973188 ) ) ;
#140 = ORIENTED_EDGE ( 'NONE', *, *, #259, .T. ) ;
#141 = EDGE_CURVE ( 'NONE', #998, #3116, #2805, .T. ) ;
#142 = CARTESIAN_POINT ( 'NONE',  ( 29.26525717065837640, 0.2593594687610915606, -0.5000000000000032196 ) ) ;
#143 = DIRECTION ( 'NONE',  ( -3.372764553633511840E-16, -2.511834186424162314E-16, 1.000000000000000000 ) ) ;
#144 = ORIENTED_EDGE ( 'NONE', *, *, #1255, .T. ) ;
#145 = CARTESIAN_POINT ( 'NONE',  ( 29.57189324557678134, 6.690594594587867761, 19.79008107972049402 ) ) ;
#146 = CARTESIAN_POINT ( 'NONE',  ( 29.22216369412238279, -2.340283382147479330, -0.5000000000000032196 ) ) ;
#147 = EDGE_LOOP ( 'NONE', ( #2019, #183, #2004, #1841 ) ) ;
#148 = CARTESIAN_POINT ( 'NONE',  ( 40.56383937031549181, 0.05112971505239367886, 0.05479783180471317627 ) ) ;
#149 = DIRECTION ( 'NONE',  ( -1.000000000000000000, 0.000000000000000000, -3.469446951953611231E-16 ) ) ;
#150 = CARTESIAN_POINT ( 'NONE',  ( 44.96666634055321765, 3.184397306558732321, -0.3000000000000003775 ) ) ;
#151 = ORIENTED_EDGE ( 'NONE', *, *, #1575, .T. ) ;
#152 = DIRECTION ( 'NONE',  ( -0.9998626349648348510, 0.01657441405230464584, -3.341506680459168366E-16 ) ) ;
#153 = CARTESIAN_POINT ( 'NONE',  ( 27.51161175479890275, -1.824979717385858624, 0.2999999999999999889 ) ) ;
#154 = ORIENTED_EDGE ( 'NONE', *, *, #2908, .T. ) ;
#155 = EDGE_CURVE ( 'NONE', #1305, #423, #77, .T. ) ;
#156 = CIRCLE ( 'NONE', #1276, 19.50215235425126181 ) ;
#157 = CARTESIAN_POINT ( 'NONE',  ( 29.51325969068937027, 0.01648098890579495143, 11.05669338471222218 ) ) ;
#158 = EDGE_LOOP ( 'NONE', ( #1555, #3695, #2343, #3577, #2322 ) ) ;
#159 = CARTESIAN_POINT ( 'NONE',  ( 29.57959315461226169, 7.155096767207866471, 19.46425231158483626 ) ) ;
#160 = CARTESIAN_POINT ( 'NONE',  ( 40.54379318881267835, 0.07155198322723954618, 0.1703389830508404146 ) ) ;
#161 = ORIENTED_EDGE ( 'NONE', *, *, #103, .T. ) ;
#162 = CARTESIAN_POINT ( 'NONE',  ( 29.57495785919146414, 6.597124620472914813, 19.71134163286519581 ) ) ;
#163 = DIRECTION ( 'NONE',  ( 0.01657441405230579770, 0.9998626349648348510, 3.469446951953803700E-18 ) ) ;
#164 = ORIENTED_EDGE ( 'NONE', *, *, #999, .F. ) ;
#165 = FACE_OUTER_BOUND ( 'NONE', #893, .T. ) ;
#166 = ADVANCED_FACE ( 'NONE', ( #319 ), #8, .F. ) ;
#167 = CARTESIAN_POINT ( 'NONE',  ( 40.95782391070446948, -0.1990062033184897827, -0.2937454765944853552 ) ) ;
#168 = CYLINDRICAL_SURFACE ( 'NONE', #2485, 0.4999999999999985567 ) ;
#169 = FACE_OUTER_BOUND ( 'NONE', #2918, .T. ) ;
#170 = VERTEX_POINT ( 'NONE', #3056 ) ;
#171 = AXIS2_PLACEMENT_3D ( 'NONE', #633, #1882, #1595 ) ;
#172 = LINE ( 'NONE', #1470, #2484 ) ;
#173 = CARTESIAN_POINT ( 'NONE',  ( 28.46095761166079186, -48.26055042504044934, -0.5000000000000014433 ) ) ;
#174 = CARTESIAN_POINT ( 'NONE',  ( 29.62102918974302668, 9.654753354620073225, 8.706924070622789853E-15 ) ) ;
#175 = CARTESIAN_POINT ( 'NONE',  ( 40.98806621021854113, 0.06503408436978259932, -0.1657669687871632380 ) ) ;
#176 = VERTEX_POINT ( 'NONE', #239 ) ;
#177 = CARTESIAN_POINT ( 'NONE',  ( 44.95531489403359160, 2.499613688148935253, -0.3000000000000004885 ) ) ;
#178 = VECTOR ( 'NONE', #1510, 100.0000000000000000 ) ;
#179 = AXIS2_PLACEMENT_3D ( 'NONE', #822, #3988, #3339 ) ;
#180 = CIRCLE ( 'NONE', #3405, 21.35764531748080230 ) ;
#181 = CARTESIAN_POINT ( 'NONE',  ( 44.97023186668066330, 3.399490059617286786, 0.1999999999999996225 ) ) ;
#182 = EDGE_CURVE ( 'NONE', #3393, #2458, #2747, .T. ) ;
#183 = ORIENTED_EDGE ( 'NONE', *, *, #3625, .T. ) ;
#184 = CARTESIAN_POINT ( 'NONE',  ( 29.72988719032644411, 6.251076041810856410, 19.41579671639257043 ) ) ;
#185 = CARTESIAN_POINT ( 'NONE',  ( 29.96477847480372247, 0.2477637201773665032, 10.77832148343091312 ) ) ;
#186 = ORIENTED_EDGE ( 'NONE', *, *, #3035, .T. ) ;
#187 = CARTESIAN_POINT ( 'NONE',  ( 45.89917366083120243, 2.954585571161271851, -0.1424706263449857235 ) ) ;
#188 = ADVANCED_FACE ( 'NONE', ( #3173 ), #358, .T. ) ;
#189 = EDGE_CURVE ( 'NONE', #1117, #3568, #1472, .T. ) ;
#190 = DIRECTION ( 'NONE',  ( 0.01657441405230579770, 0.9998626349648348510, 0.000000000000000000 ) ) ;
#191 = LINE ( 'NONE', #3677, #1751 ) ;
#192 = CARTESIAN_POINT ( 'NONE',  ( 31.23829402084788498, -1.383786165277783198, -0.4999999999999986122 ) ) ;
#193 = VERTEX_POINT ( 'NONE', #48 ) ;
#194 = VECTOR ( 'NONE', #887, 100.0000000000000142 ) ;
#195 = FACE_OUTER_BOUND ( 'NONE', #2582, .T. ) ;
#196 = CYLINDRICAL_SURFACE ( 'NONE', #487, 0.4999999999999985567 ) ;
#197 = DIRECTION ( 'NONE',  ( -0.01657441405230464238, -0.9998626349648349620, 0.000000000000000000 ) ) ;
#198 = AXIS2_PLACEMENT_3D ( 'NONE', #1382, #2960, #416 ) ;
#199 = AXIS2_PLACEMENT_3D ( 'NONE', #559, #620, #842 ) ;
#200 = AXIS2_PLACEMENT_3D ( 'NONE', #3865, #1673, #3808 ) ;
#201 = DIRECTION ( 'NONE',  ( -0.9998626349648349620, 0.01657441405230465972, 0.000000000000000000 ) ) ;
#202 = VERTEX_POINT ( 'NONE', #1898 ) ;
#203 = CARTESIAN_POINT ( 'NONE',  ( 40.31891989010851773, 0.4975799693401451451, 0.05467334305897533081 ) ) ;
#204 = PLANE ( 'NONE',  #65 ) ;
#205 = ADVANCED_FACE ( 'NONE', ( #1633 ), #1325, .F. ) ;
#206 = CARTESIAN_POINT ( 'NONE',  ( 29.60554422236940653, 8.720612320660318773, 21.35850234387881486 ) ) ;
#207 = ORIENTED_EDGE ( 'NONE', *, *, #1835, .T. ) ;
#208 = CARTESIAN_POINT ( 'NONE',  ( 29.88677977435357747, 6.684080640645668758, 19.03439973098682358 ) ) ;
#209 = CYLINDRICAL_SURFACE ( 'NONE', #1, 0.4999999999999999445 ) ;
#210 = ORIENTED_EDGE ( 'NONE', *, *, #1762, .T. ) ;
#211 = EDGE_CURVE ( 'NONE', #1502, #3993, #1672, .T. ) ;
#212 = DIRECTION ( 'NONE',  ( -0.9998626349648348510, 0.01657441405230464584, 0.000000000000000000 ) ) ;
#213 = LINE ( 'NONE', #1094, #3936 ) ;
#214 = CARTESIAN_POINT ( 'NONE',  ( 39.73217152248156481, -0.4142160292780104891, -0.3000000000000029865 ) ) ;
#215 = ORIENTED_EDGE ( 'NONE', *, *, #1105, .T. ) ;
#216 = CARTESIAN_POINT ( 'NONE',  ( 40.54203898306122511, 0.07242773994132563342, 0.1994629970045604939 ) ) ;
#217 = CARTESIAN_POINT ( 'NONE',  ( 29.45694249062517045, -0.2438867315338178188, 10.72997687891118801 ) ) ;
#218 = ORIENTED_EDGE ( 'NONE', *, *, #2455, .F. ) ;
#219 = ORIENTED_EDGE ( 'NONE', *, *, #2306, .F. ) ;
#220 = CARTESIAN_POINT ( 'NONE',  ( 29.91226777364345679, 8.913854224638951607, 21.27011726052299423 ) ) ;
#221 = ORIENTED_EDGE ( 'NONE', *, *, #1293, .F. ) ;
#222 = DIRECTION ( 'NONE',  ( -0.9998626349648349620, 0.01657441405230466666, 0.000000000000000000 ) ) ;
#223 = ADVANCED_FACE ( 'NONE', ( #1610 ), #3219, .F. ) ;
#224 = CARTESIAN_POINT ( 'NONE',  ( 29.99056428855567091, 3.247748428428510525, 15.95254934674219882 ) ) ;
#225 = VECTOR ( 'NONE', #241, 100.0000000000000142 ) ;
#226 = FACE_OUTER_BOUND ( 'NONE', #3132, .T. ) ;
#227 = ORIENTED_EDGE ( 'NONE', *, *, #3050, .T. ) ;
#228 = CARTESIAN_POINT ( 'NONE',  ( 48.77399023488833052, 6.422207254498172091, -0.1303060519285202112 ) ) ;
#229 = DIRECTION ( 'NONE',  ( 0.000000000000000000, 0.000000000000000000, 1.000000000000000000 ) ) ;
#230 = ORIENTED_EDGE ( 'NONE', *, *, #2573, .T. ) ;
#231 = CARTESIAN_POINT ( 'NONE',  ( 29.99558813191476503, 3.327921970893008119, 15.95239721201883754 ) ) ;
#232 = LINE ( 'NONE', #1178, #657 ) ;
#233 = CARTESIAN_POINT ( 'NONE',  ( 29.41714836865162397, -2.644493807417254150, 0.3092709559832254040 ) ) ;
#234 = CARTESIAN_POINT ( 'NONE',  ( 0.06869064245621436804, 4.143809038856966609, 0.1999999999999848288 ) ) ;
#235 = ORIENTED_EDGE ( 'NONE', *, *, #2802, .T. ) ;
#236 = EDGE_CURVE ( 'NONE', #2850, #119, #1355, .T. ) ;
#237 = PLANE ( 'NONE',  #451 ) ;
#238 = DIRECTION ( 'NONE',  ( -0.01657441405230484707, -0.9998626349648348510, 0.000000000000000000 ) ) ;
#239 = CARTESIAN_POINT ( 'NONE',  ( 29.55638897493903627, 5.755289078257224133, 18.48925470086113876 ) ) ;
#240 = VERTEX_POINT ( 'NONE', #704 ) ;
#241 = DIRECTION ( 'NONE',  ( -0.01657441405230465278, -0.9998626349648348510, -3.469446951953612648E-18 ) ) ;
#242 = VERTEX_POINT ( 'NONE', #1955 ) ;
#243 = CARTESIAN_POINT ( 'NONE',  ( 29.21567331897402298, 9.334971971771397037, 21.25672608094553340 ) ) ;
#244 = VECTOR ( 'NONE', #346, 100.0000000000000142 ) ;
#245 = CARTESIAN_POINT ( 'NONE',  ( 51.16462018305792725, 9.297631901322384707, 0.1947577683692660322 ) ) ;
#246 = CARTESIAN_POINT ( 'NONE',  ( 41.05550690469878816, 0.8271730007075069890, -0.3000000000000022649 ) ) ;
#247 = CARTESIAN_POINT ( 'NONE',  ( 28.42764847665003458, -10.32821202006048011, -0.5000000000000033307 ) ) ;
#248 = ORIENTED_EDGE ( 'NONE', *, *, #1660, .T. ) ;
#249 = CYLINDRICAL_SURFACE ( 'NONE', #3954, 0.5000000000000004441 ) ;
#250 = ORIENTED_EDGE ( 'NONE', *, *, #3297, .T. ) ;
#251 = CARTESIAN_POINT ( 'NONE',  ( 29.62102918974302668, 9.654753354620073225, 21.49999999999999645 ) ) ;
#252 = EDGE_CURVE ( 'NONE', #3221, #3038, #2266, .T. ) ;
#253 = CARTESIAN_POINT ( 'NONE',  ( 29.27188693627929439, 0.6593045227470255565, 10.49999999999996270 ) ) ;
#254 = VERTEX_POINT ( 'NONE', #1654 ) ;
#255 = CYLINDRICAL_SURFACE ( 'NONE', #2870, 0.4999999999999985567 ) ;
#256 = DIRECTION ( 'NONE',  ( 1.665393298452077782E-16, -1.025709229455375713E-18, -1.000000000000000000 ) ) ;
#257 = CARTESIAN_POINT ( 'NONE',  ( 29.61091095049062005, 6.654508929825824204, 19.00215235425125471 ) ) ;
#258 = VERTEX_POINT ( 'NONE', #3196 ) ;
#259 = EDGE_CURVE ( 'NONE', #1459, #1054, #2580, .T. ) ;
#260 = PLANE ( 'NONE',  #1009 ) ;
#261 = ORIENTED_EDGE ( 'NONE', *, *, #1808, .F. ) ;
#262 = CARTESIAN_POINT ( 'NONE',  ( 40.27037592089061491, 0.4769859681717054101, 0.1999999999999975409 ) ) ;
#263 = EDGE_CURVE ( 'NONE', #1571, #2535, #886, .T. ) ;
#264 = CARTESIAN_POINT ( 'NONE',  ( 50.45990299980368832, 8.860196578341913209, -0.2575833019724181328 ) ) ;
#265 = CARTESIAN_POINT ( 'NONE',  ( 51.37988804222361239, 9.366322535890390100, -0.2136707076811561745 ) ) ;
#266 = CYLINDRICAL_SURFACE ( 'NONE', #199, 0.5000000000000004441 ) ;
#267 = ORIENTED_EDGE ( 'NONE', *, *, #436, .T. ) ;
#268 =( NAMED_UNIT ( * ) SI_UNIT ( $, .STERADIAN. ) SOLID_ANGLE_UNIT ( ) );
#269 = EDGE_LOOP ( 'NONE', ( #459, #1435, #3548, #3347, #3366, #1532, #3255, #3254, #3159, #929, #3589 ) ) ;
#270 = CARTESIAN_POINT ( 'NONE',  ( 29.84869146017683406, -2.350669139397241203, 0.000000000000000000 ) ) ;
#271 = ADVANCED_FACE ( 'NONE', ( #2598 ), #87, .T. ) ;
#272 = B_SPLINE_SURFACE_WITH_KNOTS ( 'NONE', 2, 1, ( 
 ( #3334, #3311 ),
 ( #2453, #865 ),
 ( #2052, #3380 ) ),
 .UNSPECIFIED., .F., .F., .F.,
 ( 3, 3 ),
 ( 2, 2 ),
 ( 0.8291263594274619342, 0.9200451456492194646 ),
 ( 0.000000000000000000, 1.000000000000000000 ),
 .UNSPECIFIED. ) ;
#273 = DIRECTION ( 'NONE',  ( 0.9998626349648349620, -0.01657441405230446890, 0.000000000000000000 ) ) ;
#274 = ORIENTED_EDGE ( 'NONE', *, *, #3058, .T. ) ;
#275 = CARTESIAN_POINT ( 'NONE',  ( 29.66135397217179204, 8.953988734422841489, 21.50556622439120602 ) ) ;
#276 = FACE_OUTER_BOUND ( 'NONE', #1953, .T. ) ;
#277 = CARTESIAN_POINT ( 'NONE',  ( 29.52980122993776391, 4.147221655287334663, 3.171905057654767021E-15 ) ) ;
#278 = B_SPLINE_CURVE_WITH_KNOTS ( 'NONE', 3,
 ( #1802, #2505, #854, #2143 ),
 .UNSPECIFIED., .F., .F.,
 ( 4, 4 ),
 ( 0.002000000000026139722, 0.008846646864380910275 ),
 .UNSPECIFIED. ) ;
#279 = VERTEX_POINT ( 'NONE', #26 ) ;
#280 = CARTESIAN_POINT ( 'NONE',  ( 27.68661175479890701, -1.824979717385858624, 0.2999999999999999889 ) ) ;
#281 = ORIENTED_EDGE ( 'NONE', *, *, #3379, .F. ) ;
#282 = DIRECTION ( 'NONE',  ( 0.000000000000000000, 0.000000000000000000, -1.000000000000000000 ) ) ;
#283 = EDGE_CURVE ( 'NONE', #3038, #2297, #1201, .T. ) ;
#284 = DIRECTION ( 'NONE',  ( 0.01657441405230484707, 0.9998626349648348510, 0.000000000000000000 ) ) ;
#285 = CARTESIAN_POINT ( 'NONE',  ( 30.03236638130484337, 6.647522593332751306, 19.00215235425143234 ) ) ;
#286 = CARTESIAN_POINT ( 'NONE',  ( 30.05311192830296108, 6.247024610426944236, 19.29018020276335577 ) ) ;
#287 = B_SPLINE_CURVE_WITH_KNOTS ( 'NONE', 3,
 ( #1329, #448, #466, #2317, #136, #729, #1015, #1408, #1391, #3280, #787, #2339, #3598, #3298, #2583, #3579, #1348, #3848, #1983, #2967 ),
 .UNSPECIFIED., .F., .F.,
 ( 4, 2, 2, 2, 2, 2, 2, 2, 2, 4 ),
 ( 4.336808689942017736E-19, 0.001075817863034901969, 0.001613726794552328668, 0.002151635726069754933, 0.002689544657587180764, 0.003227453589104607463, 0.004303271452139583592, 0.005379089315174561889, 0.006454907178209538451, 0.008606542904279668518 ),
 .UNSPECIFIED. ) ;
#288 = VERTEX_POINT ( 'NONE', #1266 ) ;
#289 = CIRCLE ( 'NONE', #115, 0.1749999999999973799 ) ;
#290 = DIRECTION ( 'NONE',  ( -0.9998626349648348510, 0.01657441405230448625, 0.000000000000000000 ) ) ;
#291 = CARTESIAN_POINT ( 'NONE',  ( 41.05550690469878816, 0.8271730007075069890, -0.3000000000000022649 ) ) ;
#292 = ORIENTED_EDGE ( 'NONE', *, *, #759, .F. ) ;
#293 = ADVANCED_FACE ( 'NONE', ( #2225 ), #1918, .F. ) ;
#294 = DIRECTION ( 'NONE',  ( -1.000000000000000000, 0.000000000000000000, -3.382917932875483327E-16 ) ) ;
#295 = CARTESIAN_POINT ( 'NONE',  ( 41.04214198028613936, -0.1710117696352218275, -0.3000000000000023759 ) ) ;
#296 = CARTESIAN_POINT ( 'NONE',  ( 29.22108413575707075, 9.661383120241001876, 21.49999999999999645 ) ) ;
#297 = CARTESIAN_POINT ( 'NONE',  ( 28.06486146246741598, -2.321099140532349558, -0.000000000000000000 ) ) ;
#298 = ORIENTED_EDGE ( 'NONE', *, *, #3105, .F. ) ;
#299 = EDGE_CURVE ( 'NONE', #1357, #2559, #2687, .T. ) ;
#300 = CARTESIAN_POINT ( 'NONE',  ( 28.56874710363969783, -2.402260418114767759, 0.2999999999999999889 ) ) ;
#301 = B_SPLINE_CURVE_WITH_KNOTS ( 'NONE', 3,
 ( #91, #730, #137, #1392 ),
 .UNSPECIFIED., .F., .F.,
 ( 4, 4 ),
 ( 5.551792708129602992E-17, 0.001999999999999916341 ),
 .UNSPECIFIED. ) ;
#302 = VERTEX_POINT ( 'NONE', #3904 ) ;
#303 = CARTESIAN_POINT ( 'NONE',  ( 49.17170539236661142, 6.525603661768237806, -0.1977907389169913932 ) ) ;
#304 = CARTESIAN_POINT ( 'NONE',  ( 29.02116700942575278, -2.398751499143996213, 0.5317161229980874593 ) ) ;
#305 = VECTOR ( 'NONE', #770, 100.0000000000000000 ) ;
#306 = CARTESIAN_POINT ( 'NONE',  ( 30.10935841738882601, 8.946562303118541948, 21.16756122134467333 ) ) ;
#307 = CARTESIAN_POINT ( 'NONE',  ( 29.84209239268534830, 3.613745036667282751, 15.61804098377555228 ) ) ;
#308 = CARTESIAN_POINT ( 'NONE',  ( 40.55045158031593644, 0.4732239127485872721, 0.1703389830508403868 ) ) ;
#309 = EDGE_CURVE ( 'NONE', #1455, #623, #2314, .T. ) ;
#310 = ORIENTED_EDGE ( 'NONE', *, *, #3137, .F. ) ;
#311 = CARTESIAN_POINT ( 'NONE',  ( 40.27037592089062201, 0.4769859681717068534, -0.5000000000000017764 ) ) ;
#312 = VECTOR ( 'NONE', #1202, 100.0000000000000142 ) ;
#313 = CIRCLE ( 'NONE', #2549, 0.8016513616222679106 ) ;
#314 = CARTESIAN_POINT ( 'NONE',  ( 29.27188693627929439, 0.6593045227470255565, -0.5000000000000032196 ) ) ;
#315 = ORIENTED_EDGE ( 'NONE', *, *, #189, .T. ) ;
#316 = EDGE_CURVE ( 'NONE', #699, #2312, #3873, .T. ) ;
#317 = EDGE_CURVE ( 'NONE', #1352, #1243, #462, .T. ) ;
#318 = CARTESIAN_POINT ( 'NONE',  ( 0.01233763467837861207, 0.7442760799765270052, 1.985179957108101255E-18 ) ) ;
#319 = FACE_OUTER_BOUND ( 'NONE', #3602, .T. ) ;
#320 = CARTESIAN_POINT ( 'NONE',  ( 28.59337944174939850, -2.752046606587633004, -3.043444850389706418E-32 ) ) ;
#321 = ORIENTED_EDGE ( 'NONE', *, *, #2501, .F. ) ;
#322 = CARTESIAN_POINT ( 'NONE',  ( 31.03832149385491945, -2.370389269000775290, 0.2999999999999999889 ) ) ;
#323 = CARTESIAN_POINT ( 'NONE',  ( 29.60571985860492816, 8.731207694243703799, 21.36603401594301133 ) ) ;
#324 = AXIS2_PLACEMENT_3D ( 'NONE', #3555, #421, #3472 ) ;
#325 = CARTESIAN_POINT ( 'NONE',  ( 29.61389510529485136, 9.224384929413661283, 21.71010237477396032 ) ) ;
#326 = CARTESIAN_POINT ( 'NONE',  ( 29.51565070209934305, 3.297725468655259728, 15.18155782080859240 ) ) ;
#327 = AXIS2_PLACEMENT_3D ( 'NONE', #3428, #2097, #290 ) ;
#328 = CARTESIAN_POINT ( 'NONE',  ( 29.58431944599098529, 0.2540704719803796863, 11.11846177859625762 ) ) ;
#329 = VECTOR ( 'NONE', #3816, 100.0000000000000142 ) ;
#330 = DIRECTION ( 'NONE',  ( 1.000000000000000000, 0.000000000000000000, 3.469446951953611231E-16 ) ) ;
#331 = ORIENTED_EDGE ( 'NONE', *, *, #816, .T. ) ;
#332 = LINE ( 'NONE', #1585, #1576 ) ;
#333 = B_SPLINE_CURVE_WITH_KNOTS ( 'NONE', 3,
 ( #775, #2298, #3322, #3934 ),
 .UNSPECIFIED., .F., .F.,
 ( 4, 4 ),
 ( 0.000000000000000000, 0.0002065149350832457334 ),
 .UNSPECIFIED. ) ;
#334 = PLANE ( 'NONE',  #2614 ) ;
#335 = VERTEX_POINT ( 'NONE', #520 ) ;
#336 = PRODUCT_RELATED_PRODUCT_CATEGORY ( 'part', '', ( #2702 ) ) ;
#337 = B_SPLINE_CURVE_WITH_KNOTS ( 'NONE', 3,
 ( #57, #1601, #17, #1274, #1867, #4084, #307, #3145, #1886, #1257, #2254, #3125, #2178, #963, #2896, #3794, #1927, #76, #326, #1561 ),
 .UNSPECIFIED., .F., .F.,
 ( 4, 2, 2, 2, 2, 2, 2, 2, 2, 4 ),
 ( 0.000000000000000000, 0.001124253563744343279, 0.001686380345616506462, 0.002248507127488669644, 0.003372760691232996010, 0.004497014254977321941, 0.005621267818721648740, 0.006745521382465974672, 0.007869774946210300604, 0.008994028509954626535 ),
 .UNSPECIFIED. ) ;
#338 = DIRECTION ( 'NONE',  ( 0.01657441405230613424, 0.9998626349648350731, -2.634384475364939190E-16 ) ) ;
#339 = DIRECTION ( 'NONE',  ( 3.462121318424173032E-16, -4.706777519503276240E-17, -1.000000000000000000 ) ) ;
#340 = CARTESIAN_POINT ( 'NONE',  ( 40.27037592089061491, 0.4769859681717054101, -0.4999999999999995559 ) ) ;
#341 = VERTEX_POINT ( 'NONE', #2374 ) ;
#342 = B_SPLINE_SURFACE_WITH_KNOTS ( 'NONE', 2, 1, ( 
 ( #4012, #3701 ),
 ( #3343, #1529 ),
 ( #2781, #1184 ) ),
 .UNSPECIFIED., .F., .F., .F.,
 ( 3, 3 ),
 ( 2, 2 ),
 ( 0.000000000000000000, 0.04407246274747603221 ),
 ( 0.000000000000000000, 1.000000000000000000 ),
 .UNSPECIFIED. ) ;
#343 = CARTESIAN_POINT ( 'NONE',  ( 45.76454556512562988, 2.986268013230909624, 0.1931223917527584710 ) ) ;
#344 = CARTESIAN_POINT ( 'NONE',  ( 49.16855731101320970, 6.433099945520702079, -0.1054409075533691148 ) ) ;
#345 = EDGE_LOOP ( 'NONE', ( #2174, #2332, #3100, #408, #3407 ) ) ;
#346 = DIRECTION ( 'NONE',  ( -0.9998626349648348510, 0.01657441405230573525, -1.665334536937734811E-16 ) ) ;
#347 = EDGE_CURVE ( 'NONE', #2232, #3359, #3552, .T. ) ;
#348 = CARTESIAN_POINT ( 'NONE',  ( 29.73809316404644676, 8.450095667356940510, 21.25503507381289836 ) ) ;
#349 = FACE_OUTER_BOUND ( 'NONE', #896, .T. ) ;
#350 = CARTESIAN_POINT ( 'NONE',  ( 29.86287869971992492, 8.887674045457597316, 20.92176126392594426 ) ) ;
#351 = CARTESIAN_POINT ( 'NONE',  ( 31.23829402084788498, -1.383786165277783198, -0.5000000000000031086 ) ) ;
#352 = VERTEX_POINT ( 'NONE', #3633 ) ;
#353 = CARTESIAN_POINT ( 'NONE',  ( 51.55347005379618253, 9.629117628013402097, -0.4999999999999988898 ) ) ;
#354 = CARTESIAN_POINT ( 'NONE',  ( 29.73650142293563547, 6.507686394778208872, 18.86436220032643263 ) ) ;
#355 = ORIENTED_EDGE ( 'NONE', *, *, #861, .F. ) ;
#356 = AXIS2_PLACEMENT_3D ( 'NONE', #876, #4015, #201 ) ;
#357 = DIRECTION ( 'NONE',  ( -0.9998626349648349620, 0.01657441405230613424, 0.000000000000000000 ) ) ;
#358 = PLANE ( 'NONE',  #2028 ) ;
#359 = CARTESIAN_POINT ( 'NONE',  ( 30.73836270336547827, -1.375498958251630821, 0.2999999999999999889 ) ) ;
#360 = ORIENTED_EDGE ( 'NONE', *, *, #3735, .T. ) ;
#361 =( BOUNDED_CURVE ( )  B_SPLINE_CURVE ( 3, ( #3269, #713, #413, #3305 ),
 .UNSPECIFIED., .F., .F. ) 
 B_SPLINE_CURVE_WITH_KNOTS ( ( 4, 4 ),
 ( 1.554221153785902532, 1.570796326794900111 ),
 .UNSPECIFIED. ) 
 CURVE ( )  GEOMETRIC_REPRESENTATION_ITEM ( )  RATIONAL_B_SPLINE_CURVE ( ( 1.000000000000000000, 0.9999771054343515875, 0.9999771054343515875, 1.000000000000000000 ) ) 
 REPRESENTATION_ITEM ( '' )  );
#362 = ADVANCED_FACE ( 'NONE', ( #1093 ), #3312, .F. ) ;
#363 = CARTESIAN_POINT ( 'NONE',  ( 44.96360210105974886, 2.999545005631353067, 0.1999999999999996225 ) ) ;
#364 = CARTESIAN_POINT ( 'NONE',  ( 39.76788485010717977, 1.740214392842945212, -0.3000000000000024869 ) ) ;
#365 = EDGE_LOOP ( 'NONE', ( #2069, #2029, #3524, #774, #3957 ) ) ;
#366 = CARTESIAN_POINT ( 'NONE',  ( 29.80411693604833090, 3.700676490733162183, 15.73199023144796982 ) ) ;
#367 = EDGE_CURVE ( 'NONE', #1117, #3685, #3525, .T. ) ;
#368 = DIRECTION ( 'NONE',  ( 1.000000000000000000, 0.000000000000000000, 0.000000000000000000 ) ) ;
#369 = CYLINDRICAL_SURFACE ( 'NONE', #3756, 0.1749999999999973799 ) ;
#370 = FACE_OUTER_BOUND ( 'NONE', #2949, .T. ) ;
#371 = AXIS2_PLACEMENT_3D ( 'NONE', #1574, #1556, #3158 ) ;
#372 = ORIENTED_EDGE ( 'NONE', *, *, #2527, .T. ) ;
#373 = DIRECTION ( 'NONE',  ( -0.9998626349648348510, 0.01657441405230573525, -1.665334536937734811E-16 ) ) ;
#374 = DIRECTION ( 'NONE',  ( -0.9998626349648350731, 0.01657441405230466666, 0.000000000000000000 ) ) ;
#375 = ORIENTED_EDGE ( 'NONE', *, *, #2020, .T. ) ;
#376 = ORIENTED_EDGE ( 'NONE', *, *, #3909, .T. ) ;
#377 = CARTESIAN_POINT ( 'NONE',  ( 29.88680478220791059, 8.950251505984358147, 21.68110830145722190 ) ) ;
#378 = VECTOR ( 'NONE', #1528, 100.0000000000000142 ) ;
#379 = VECTOR ( 'NONE', #2871, 100.0000000000000142 ) ;
#380 = CARTESIAN_POINT ( 'NONE',  ( 29.54238148720352797, -2.588952979705376301, 0.3000000000000000999 ) ) ;
#381 = ADVANCED_FACE ( 'NONE', ( #3653 ), #498, .T. ) ;
#382 = DIRECTION ( 'NONE',  ( -0.000000000000000000, -1.000000000000000000, -0.000000000000000000 ) ) ;
#383 = ORIENTED_EDGE ( 'NONE', *, *, #387, .T. ) ;
#384 = CARTESIAN_POINT ( 'NONE',  ( 51.15292145991758588, 8.597729658707429223, -0.2999999999999969358 ) ) ;
#385 = CARTESIAN_POINT ( 'NONE',  ( 49.17692562738010054, 6.764742518066692689, -0.2967613680031131462 ) ) ;
#386 = ORIENTED_EDGE ( 'NONE', *, *, #445, .F. ) ;
#387 = EDGE_CURVE ( 'NONE', #2850, #3563, #2395, .T. ) ;
#388 = ADVANCED_FACE ( 'NONE', ( #3945 ), #1445, .F. ) ;
#389 = FACE_OUTER_BOUND ( 'NONE', #3724, .T. ) ;
#390 = CARTESIAN_POINT ( 'NONE',  ( 50.25248679141511587, 8.612655886071983957, 0.2000000000000028144 ) ) ;
#391 = CARTESIAN_POINT ( 'NONE',  ( 29.98046289409458254, 8.932216830704211574, 20.95797254752206484 ) ) ;
#392 = AXIS2_PLACEMENT_3D ( 'NONE', #3864, #1033, #3241 ) ;
#393 = ORIENTED_EDGE ( 'NONE', *, *, #1040, .F. ) ;
#394 = DIRECTION ( 'NONE',  ( -0.000000000000000000, -3.252606517456499990E-16, 1.000000000000000000 ) ) ;
#395 = CARTESIAN_POINT ( 'NONE',  ( 31.22188896405206293, -2.373432210252088836, 0.2999999999999989897 ) ) ;
#396 = VECTOR ( 'NONE', #163, 100.0000000000000142 ) ;
#397 = VERTEX_POINT ( 'NONE', #1796 ) ;
#398 = B_SPLINE_CURVE_WITH_KNOTS ( 'NONE', 2,
 ( #1668, #3253, #3902 ),
 .UNSPECIFIED., .F., .F.,
 ( 3, 3 ),
 ( 0.8297279928420306927, 0.9200451456492194646 ),
 .UNSPECIFIED. ) ;
#399 = VECTOR ( 'NONE', #794, 100.0000000000000000 ) ;
#400 = ORIENTED_EDGE ( 'NONE', *, *, #2455, .T. ) ;
#401 = CARTESIAN_POINT ( 'NONE',  ( 29.95201306085773041, 8.949170568491361166, 21.61752085298597947 ) ) ;
#402 = EDGE_CURVE ( 'NONE', #85, #973, #3418, .T. ) ;
#403 = DIRECTION ( 'NONE',  ( 0.01657441405230465278, 0.9998626349648350731, 3.469446951953613418E-18 ) ) ;
#404 = FACE_OUTER_BOUND ( 'NONE', #1859, .T. ) ;
#405 = VERTEX_POINT ( 'NONE', #1834 ) ;
#406 = CARTESIAN_POINT ( 'NONE',  ( 29.96516101513376640, 0.2477573789244774116, 11.27921898938787493 ) ) ;
#407 = CARTESIAN_POINT ( 'NONE',  ( 30.04204292387592190, 3.203911531239151067, 16.51027643808249579 ) ) ;
#408 = ORIENTED_EDGE ( 'NONE', *, *, #883, .T. ) ;
#409 = CARTESIAN_POINT ( 'NONE',  ( 41.11998170848556100, 0.06284736190265909073, 0.1217030853136965990 ) ) ;
#410 = EDGE_LOOP ( 'NONE', ( #3717, #3866, #1186, #80, #586 ) ) ;
#411 = CARTESIAN_POINT ( 'NONE',  ( 29.73505424044398637, 8.797839572386738638, 21.25629854915327144 ) ) ;
#412 = ADVANCED_FACE ( 'NONE', ( #544 ), #2161, .T. ) ;
#413 = CARTESIAN_POINT ( 'NONE',  ( 29.57954736679137042, 7.152334586228276336, 19.78731851910382034 ) ) ;
#414 = CARTESIAN_POINT ( 'NONE',  ( 29.51528459274236482, 3.275639676349910268, 15.15077155702975986 ) ) ;
#415 = ORIENTED_EDGE ( 'NONE', *, *, #2046, .T. ) ;
#416 = DIRECTION ( 'NONE',  ( -0.9998626349648348510, 0.01657441405230465625, 0.000000000000000000 ) ) ;
#417 = CARTESIAN_POINT ( 'NONE',  ( 29.57189324557678134, 6.690594594587867761, 19.79008107972049402 ) ) ;
#418 = ORIENTED_EDGE ( 'NONE', *, *, #3728, .T. ) ;
#419 = ORIENTED_EDGE ( 'NONE', *, *, #3379, .T. ) ;
#420 = DIRECTION ( 'NONE',  ( 0.9998626349648349620, -0.01657441405230464238, 3.341506680459168859E-16 ) ) ;
#421 = DIRECTION ( 'NONE',  ( -0.9998626349648349620, 0.01657441405230485054, 5.391004716954934500E-18 ) ) ;
#422 = CARTESIAN_POINT ( 'NONE',  ( 36.15711095679572651, -1.262375930377485522, -0.5000000000000017764 ) ) ;
#423 = VERTEX_POINT ( 'NONE', #930 ) ;
#424 = EDGE_CURVE ( 'NONE', #1535, #2289, #1851, .T. ) ;
#425 = EDGE_CURVE ( 'NONE', #3741, #3061, #1216, .T. ) ;
#426 = CARTESIAN_POINT ( 'NONE',  ( 50.77576818653075463, 9.304077780756347948, -0.4999999999999961142 ) ) ;
#427 = PLANE ( 'NONE',  #3714 ) ;
#428 = ORIENTED_EDGE ( 'NONE', *, *, #1474, .T. ) ;
#429 = AXIS2_PLACEMENT_3D ( 'NONE', #3344, #197, #1393 ) ;
#430 = DIRECTION ( 'NONE',  ( -3.372764553633511840E-16, -2.511834186424162314E-16, 1.000000000000000000 ) ) ;
#431 = ORIENTED_EDGE ( 'NONE', *, *, #3661, .F. ) ;
#432 = CARTESIAN_POINT ( 'NONE',  ( 29.59724660098295601, 0.5744372648355102751, 10.31103262311531488 ) ) ;
#433 = EDGE_CURVE ( 'NONE', #176, #1999, #2740, .T. ) ;
#434 = ORIENTED_EDGE ( 'NONE', *, *, #3817, .F. ) ;
#435 = CARTESIAN_POINT ( 'NONE',  ( 29.58902191046173158, 7.033580627947504382, 19.35416897787860080 ) ) ;
#436 = EDGE_CURVE ( 'NONE', #1728, #3327, #585, .T. ) ;
#437 = CARTESIAN_POINT ( 'NONE',  ( 30.83834896686195748, -1.377156399656861208, 0.000000000000000000 ) ) ;
#438 = AXIS2_PLACEMENT_3D ( 'NONE', #755, #3268, #1718 ) ;
#439 = ORIENTED_EDGE ( 'NONE', *, *, #3301, .T. ) ;
#440 = ORIENTED_EDGE ( 'NONE', *, *, #1706, .T. ) ;
#441 = DIRECTION ( 'NONE',  ( 1.665680818703648634E-16, 7.087759561701499957E-19, -1.000000000000000000 ) ) ;
#442 = DIRECTION ( 'NONE',  ( -0.01657441405230464584, -0.9998626349648348510, -1.734723475976806902E-18 ) ) ;
#443 = CARTESIAN_POINT ( 'NONE',  ( 29.40945457291341825, 8.958164392955156430, -0.5000000000000037748 ) ) ;
#444 = CARTESIAN_POINT ( 'NONE',  ( 29.61847485945670755, 3.861335857714562891, 15.93672307658387588 ) ) ;
#445 = EDGE_CURVE ( 'NONE', #1584, #973, #232, .T. ) ;
#446 = ORIENTED_EDGE ( 'NONE', *, *, #2511, .F. ) ;
#447 = EDGE_CURVE ( 'NONE', #3990, #3315, #3889, .T. ) ;
#448 = CARTESIAN_POINT ( 'NONE',  ( 50.77576818653074753, 9.304077780756351501, 0.1635716386447301496 ) ) ;
#449 = CARTESIAN_POINT ( 'NONE',  ( 48.58388118061192529, 6.525395280724752389, -0.2482118714469681853 ) ) ;
#450 = ORIENTED_EDGE ( 'NONE', *, *, #984, .F. ) ;
#451 = AXIS2_PLACEMENT_3D ( 'NONE', #2725, #4031, #3972 ) ;
#452 = CARTESIAN_POINT ( 'NONE',  ( 29.57130594758611153, 6.655165449725573446, 19.00215235425143234 ) ) ;
#453 = ORIENTED_EDGE ( 'NONE', *, *, #740, .F. ) ;
#454 = DIRECTION ( 'NONE',  ( 0.9998626349648348510, -0.01657441405230466319, 3.341506680459168366E-16 ) ) ;
#455 = CARTESIAN_POINT ( 'NONE',  ( 46.42476917595798369, 3.079472613207920872, -0.4999999999999972244 ) ) ;
#456 = ORIENTED_EDGE ( 'NONE', *, *, #1827, .F. ) ;
#457 = CARTESIAN_POINT ( 'NONE',  ( 29.68360425774872624, 6.310240056955191079, 19.46664441292031711 ) ) ;
#458 = CARTESIAN_POINT ( 'NONE',  ( 45.77117533074655853, 3.386213067216843786, 0.1931223917527587763 ) ) ;
#459 = ORIENTED_EDGE ( 'NONE', *, *, #1453, .F. ) ;
#460 = MECHANICAL_DESIGN_GEOMETRIC_PRESENTATION_REPRESENTATION (  '', ( #4018 ), #129 ) ;
#461 = EDGE_CURVE ( 'NONE', #2631, #2649, #3090, .T. ) ;
#462 = LINE ( 'NONE', #3257, #1963 ) ;
#463 = CARTESIAN_POINT ( 'NONE',  ( 29.07191440930249726, 0.6626194065324986227, 10.50000000229203501 ) ) ;
#464 = CARTESIAN_POINT ( 'NONE',  ( 49.16689364919073313, 6.117315216770871089, -0.3657549741526054943 ) ) ;
#465 = VERTEX_POINT ( 'NONE', #868 ) ;
#466 = CARTESIAN_POINT ( 'NONE',  ( 50.77848710658477671, 9.307965853354231101, 0.1279908701491813128 ) ) ;
#467 = LINE ( 'NONE', #1713, #3048 ) ;
#468 = PLANE ( 'NONE',  #429 ) ;
#469 = CARTESIAN_POINT ( 'NONE',  ( 40.67163519096438762, -0.3413191807352847218, -0.2999999999991282418 ) ) ;
#470 = ORIENTED_EDGE ( 'NONE', *, *, #2537, .T. ) ;
#471 = CARTESIAN_POINT ( 'NONE',  ( 49.27752137395131626, 6.422796374690702415, -0.2999999999999981570 ) ) ;
#472 = CARTESIAN_POINT ( 'NONE',  ( 27.51161175479890275, -1.824979717385858624, 0.2999999999999999889 ) ) ;
#473 = EDGE_CURVE ( 'NONE', #3982, #3226, #529, .T. ) ;
#474 = VERTEX_POINT ( 'NONE', #3363 ) ;
#475 = CARTESIAN_POINT ( 'NONE',  ( 29.66965318893869252, 6.330906087310633978, 19.48439186630560727 ) ) ;
#476 = CARTESIAN_POINT ( 'NONE',  ( 29.75768964650868753, 9.517669813653888866, 21.40028705157121536 ) ) ;
#477 = VERTEX_POINT ( 'NONE', #2761 ) ;
#478 = DIRECTION ( 'NONE',  ( 0.01657441405230608913, 0.9998626349648349620, 0.000000000000000000 ) ) ;
#479 = DIRECTION ( 'NONE',  ( -0.9998626349648350731, 0.01657441405230466666, 0.000000000000000000 ) ) ;
#480 = CARTESIAN_POINT ( 'NONE',  ( 29.55705863082630103, 5.795686518422505706, 19.00676639899297626 ) ) ;
#481 = ORIENTED_EDGE ( 'NONE', *, *, #135, .T. ) ;
#482 = B_SPLINE_CURVE_WITH_KNOTS ( 'NONE', 3,
 ( #3754, #674, #2815, #618 ),
 .UNSPECIFIED., .F., .F.,
 ( 4, 4 ),
 ( 2.775557561562891043E-17, 0.0007907658699615932379 ),
 .UNSPECIFIED. ) ;
#483 = DIRECTION ( 'NONE',  ( -0.9998626349648349620, 0.01657441405230474646, 0.000000000000000000 ) ) ;
#484 = CARTESIAN_POINT ( 'NONE',  ( 27.68661175479890701, -1.824979717385858624, 0.000000000000000000 ) ) ;
#485 = DIRECTION ( 'NONE',  ( 0.01657441405230573872, 0.9998626349648349620, 1.322917018095942701E-18 ) ) ;
#486 = EDGE_CURVE ( 'NONE', #1264, #2133, #3696, .T. ) ;
#487 = AXIS2_PLACEMENT_3D ( 'NONE', #2707, #1840, #1492 ) ;
#488 = CARTESIAN_POINT ( 'NONE',  ( 40.94944809683324394, 0.06567424490690280947, 0.1607577195134968773 ) ) ;
#489 = ORIENTED_EDGE ( 'NONE', *, *, #3625, .F. ) ;
#490 = DIRECTION ( 'NONE',  ( -0.000000000000000000, -0.000000000000000000, -1.000000000000000000 ) ) ;
#491 = CARTESIAN_POINT ( 'NONE',  ( 30.05936328639636912, 8.947391056962011646, 21.24793397913154891 ) ) ;
#492 = B_SPLINE_CURVE_WITH_KNOTS ( 'NONE', 3,
 ( #2176, #3443, #15, #2514, #616, #2851, #4081, #1864, #304, #1295, #3498, #1557, #3122, #1254, #943, #2194 ),
 .UNSPECIFIED., .F., .F.,
 ( 4, 2, 2, 2, 2, 2, 2, 4 ),
 ( 1.592264493058081649E-17, 0.001525179478885734441, 0.002287769218328589843, 0.003050358957771445029, 0.003812948697214300214, 0.004575538436657155400, 0.005338128176100010586, 0.006100717915542865771 ),
 .UNSPECIFIED. ) ;
#493 = ADVANCED_FACE ( 'NONE', ( #2118 ), #3383, .F. ) ;
#494 = ORIENTED_EDGE ( 'NONE', *, *, #1006, .T. ) ;
#495 = CARTESIAN_POINT ( 'NONE',  ( 29.45289206297296758, -0.4882314940259307456, 19.79008107956275353 ) ) ;
#496 = EDGE_LOOP ( 'NONE', ( #1384, #3940, #870, #3869, #1551, #1396, #1014 ) ) ;
#497 = CARTESIAN_POINT ( 'NONE',  ( 29.06528464366542153, 0.2626743515715522226, 10.49818166789214757 ) ) ;
#498 = PLANE ( 'NONE',  #1247 ) ;
#499 = CARTESIAN_POINT ( 'NONE',  ( 29.36470365497220314, 6.258535278550102277, -0.5000000000000032196 ) ) ;
#500 = CARTESIAN_POINT ( 'NONE',  ( 29.48916818089678671, 1.700149629984721855, 12.95463335751546907 ) ) ;
#501 = ORIENTED_EDGE ( 'NONE', *, *, #60, .T. ) ;
#502 = VECTOR ( 'NONE', #2528, 100.0000000000000142 ) ;
#503 = CARTESIAN_POINT ( 'NONE',  ( 28.76461302534038467, -10.33379777729916071, -0.8250000000000037303 ) ) ;
#504 = EDGE_CURVE ( 'NONE', #2403, #699, #1240, .T. ) ;
#505 = CARTESIAN_POINT ( 'NONE',  ( 29.68608220240749773, 9.653674990923356347, 21.49999999999999645 ) ) ;
#506 = CARTESIAN_POINT ( 'NONE',  ( 29.43109815211983360, -9.344708511468324375, -0.8250000000000035083 ) ) ;
#507 = EDGE_LOOP ( 'NONE', ( #2417, #230 ) ) ;
#508 = CARTESIAN_POINT ( 'NONE',  ( 29.52980122993775680, 4.147221655287334663, 16.44368426867221089 ) ) ;
#509 = ADVANCED_FACE ( 'NONE', ( #2776 ), #2476, .F. ) ;
#510 = CIRCLE ( 'NONE', #2147, 10.99999999999813660 ) ;
#511 = VECTOR ( 'NONE', #3355, 100.0000000000000142 ) ;
#512 = VECTOR ( 'NONE', #2204, 100.0000000000000142 ) ;
#513 = CARTESIAN_POINT ( 'NONE',  ( 28.46389239122836656, -2.509790739476526866, -0.000000000000000000 ) ) ;
#514 = CYLINDRICAL_SURFACE ( 'NONE', #2418, 0.4999999999999999445 ) ;
#515 = VERTEX_POINT ( 'NONE', #3027 ) ;
#516 = CARTESIAN_POINT ( 'NONE',  ( 29.67792399432639527, 6.847293106123297335, 19.18387965309053200 ) ) ;
#517 = CARTESIAN_POINT ( 'NONE',  ( 30.07303310607720093, 9.308826305250066824, 21.24771944642147758 ) ) ;
#518 = ORIENTED_EDGE ( 'NONE', *, *, #2720, .F. ) ;
#519 = CARTESIAN_POINT ( 'NONE',  ( 45.78363905644533816, 3.398126266189259503, -0.1037851554312373970 ) ) ;
#520 = CARTESIAN_POINT ( 'NONE',  ( 51.93437100625460090, 10.27478996622798668, -0.4999999999999986122 ) ) ;
#521 = CARTESIAN_POINT ( 'NONE',  ( 30.02980122993776391, 4.147221655287334663, 3.255189098589949502E-15 ) ) ;
#522 = CARTESIAN_POINT ( 'NONE',  ( 40.24039004699012878, 0.07742808117825474012, 0.1999999999999971800 ) ) ;
#523 = ORIENTED_EDGE ( 'NONE', *, *, #3118, .T. ) ;
#524 = VECTOR ( 'NONE', #190, 100.0000000000000142 ) ;
#525 = EDGE_CURVE ( 'NONE', #833, #3627, #2285, .T. ) ;
#526 = CARTESIAN_POINT ( 'NONE',  ( 49.10898578509949886, 5.931240412489066749, 1.633259418717722833E-14 ) ) ;
#527 = DIRECTION ( 'NONE',  ( 1.000000000000000000, 0.000000000000000000, 1.734723475976805615E-16 ) ) ;
#528 = FACE_OUTER_BOUND ( 'NONE', #158, .T. ) ;
#529 = CIRCLE ( 'NONE', #327, 1.292999993180115270 ) ;
#530 = ORIENTED_EDGE ( 'NONE', *, *, #14, .F. ) ;
#531 = AXIS2_PLACEMENT_3D ( 'NONE', #3963, #3235, #1667 ) ;
#532 = AXIS2_PLACEMENT_3D ( 'NONE', #1521, #3106, #2494 ) ;
#533 = FACE_OUTER_BOUND ( 'NONE', #594, .T. ) ;
#534 = ORIENTED_EDGE ( 'NONE', *, *, #317, .T. ) ;
#535 = DIRECTION ( 'NONE',  ( -1.000000000000000000, 0.000000000000000000, -1.665393298452073591E-16 ) ) ;
#536 = CARTESIAN_POINT ( 'NONE',  ( 40.23602883476098668, 0.4624950352177497059, 0.09087682512380801381 ) ) ;
#537 = B_SPLINE_SURFACE_WITH_KNOTS ( 'NONE', 2, 1, ( 
 ( #2795, #19 ),
 ( #2534, #1911 ),
 ( #351, #3800 ) ),
 .UNSPECIFIED., .F., .F., .F.,
 ( 3, 3 ),
 ( 2, 2 ),
 ( 0.6147539134780132253, 1.000000000000000000 ),
 ( 0.000000000000000000, 1.000000000000000000 ),
 .UNSPECIFIED. ) ;
#538 = DIRECTION ( 'NONE',  ( 3.382917932875482834E-16, 2.470467893844505313E-16, -1.000000000000000000 ) ) ;
#539 = VERTEX_POINT ( 'NONE', #625 ) ;
#540 = CARTESIAN_POINT ( 'NONE',  ( 29.78095860322490651, 6.745394531694877571, 19.09037926800747798 ) ) ;
#541 = CARTESIAN_POINT ( 'NONE',  ( 30.03460221568814603, 8.943563363612264894, 20.96749026911697200 ) ) ;
#542 = VERTEX_POINT ( 'NONE', #4028 ) ;
#543 = CARTESIAN_POINT ( 'NONE',  ( 49.16413588586898697, 5.930326206303922376, -0.4999999999999968914 ) ) ;
#544 = FACE_OUTER_BOUND ( 'NONE', #3422, .T. ) ;
#545 = CARTESIAN_POINT ( 'NONE',  ( 29.41958990249244366, -2.497206642288164247, 0.4098098738814787700 ) ) ;
#546 = LINE ( 'NONE', #3678, #1301 ) ;
#547 = ORIENTED_EDGE ( 'NONE', *, *, #2625, .F. ) ;
#548 = CARTESIAN_POINT ( 'NONE',  ( 51.27584988001838440, 10.03823547873488309, -0.2999999999999966027 ) ) ;
#549 = PLANE ( 'NONE',  #3648 ) ;
#550 = CARTESIAN_POINT ( 'NONE',  ( 29.21823170537923886, 9.489308346156489549, 21.37332977853472116 ) ) ;
#551 = VERTEX_POINT ( 'NONE', #1465 ) ;
#552 = CARTESIAN_POINT ( 'NONE',  ( 30.04737031611198717, 6.247218924177251331, 19.29037837007850342 ) ) ;
#553 = ORIENTED_EDGE ( 'NONE', *, *, #1377, .F. ) ;
#554 = CARTESIAN_POINT ( 'NONE',  ( 30.09961078566584902, 9.307277383580247587, 21.24688247531408081 ) ) ;
#555 = VECTOR ( 'NONE', #238, 100.0000000000000142 ) ;
#556 = CARTESIAN_POINT ( 'NONE',  ( 31.22188896405205938, -2.373432210252088836, -0.06640924268692437182 ) ) ;
#557 = ADVANCED_FACE ( 'NONE', ( #3987 ), #661, .F. ) ;
#558 = CARTESIAN_POINT ( 'NONE',  ( 44.96666634055321765, 3.184397306558732321, -0.3000000000000003775 ) ) ;
#559 = CARTESIAN_POINT ( 'NONE',  ( 30.07952447209468261, 7.146809560181840659, 3.252336556894853104E-15 ) ) ;
#560 = VERTEX_POINT ( 'NONE', #1931 ) ;
#561 = DIRECTION ( 'NONE',  ( 1.000000000000000000, 0.000000000000000000, 3.469446951953611231E-16 ) ) ;
#562 = ORIENTED_EDGE ( 'NONE', *, *, #3210, .F. ) ;
#563 = CARTESIAN_POINT ( 'NONE',  ( 29.43109815211983360, -9.344708511468324375, -0.1750000000000036249 ) ) ;
#564 = ADVANCED_FACE ( 'NONE', ( #696, #3211, #3838 ), #3, .T. ) ;
#565 = DIRECTION ( 'NONE',  ( -0.9998626349648349620, 0.01657441405230463891, 0.000000000000000000 ) ) ;
#566 = ORIENTED_EDGE ( 'NONE', *, *, #2625, .T. ) ;
#567 = LINE ( 'NONE', #2420, #1947 ) ;
#568 = CARTESIAN_POINT ( 'NONE',  ( 29.56250849944966319, 3.654899130585159028, 15.66641791636911840 ) ) ;
#569 = CARTESIAN_POINT ( 'NONE',  ( 30.03722196870026195, 3.246974998476841012, 15.65027219720725959 ) ) ;
#570 = ADVANCED_FACE ( 'NONE', ( #1005 ), #1262, .T. ) ;
#571 = ORIENTED_EDGE ( 'NONE', *, *, #3362, .F. ) ;
#572 = AXIS2_PLACEMENT_3D ( 'NONE', #3664, #2753, #222 ) ;
#573 = CARTESIAN_POINT ( 'NONE',  ( 29.77998567065792557, 8.851133362444945973, 21.31500771675078099 ) ) ;
#574 = ORIENTED_EDGE ( 'NONE', *, *, #2144, .F. ) ;
#575 = CARTESIAN_POINT ( 'NONE',  ( 40.32796630358540568, 0.5014324615895240367, 0.04217312344664127244 ) ) ;
#576 = EDGE_CURVE ( 'NONE', #3089, #515, #1027, .T. ) ;
#577 = VECTOR ( 'NONE', #3153, 100.0000000000000000 ) ;
#578 = CIRCLE ( 'NONE', #836, 0.4999999999999985567 ) ;
#579 = CARTESIAN_POINT ( 'NONE',  ( 27.23884348098842878, -1.317488509068562408, 0.000000000000000000 ) ) ;
#580 = CARTESIAN_POINT ( 'NONE',  ( 51.16901108406805321, 9.036943621815911598, 0.09951153682466692962 ) ) ;
#581 = B_SPLINE_CURVE_WITH_KNOTS ( 'NONE', 3,
 ( #99, #3250, #2957, #2301, #2634, #1354, #3626, #1104, #1737, #121, #1376, #2346, #3899, #1065 ),
 .UNSPECIFIED., .F., .F.,
 ( 4, 2, 2, 2, 2, 2, 4 ),
 ( 0.000000000000000000, 0.0008400835358268443067, 0.001680167071653688613, 0.002520250607480532812, 0.003360334143307377227, 0.005040501214960940723, 0.006720668286614503786 ),
 .UNSPECIFIED. ) ;
#582 = LINE ( 'NONE', #1237, #3620 ) ;
#583 = ORIENTED_EDGE ( 'NONE', *, *, #283, .T. ) ;
#584 = CARTESIAN_POINT ( 'NONE',  ( 29.20948204592047048, 8.961479275765615427, 20.97078005239324128 ) ) ;
#585 = LINE ( 'NONE', #847, #3351 ) ;
#586 = ORIENTED_EDGE ( 'NONE', *, *, #367, .T. ) ;
#587 = ADVANCED_FACE ( 'NONE', ( #3802 ), #2878, .F. ) ;
#588 = DIRECTION ( 'NONE',  ( -0.9998626349648350731, 0.01657441405230608567, 1.110358039051908822E-14 ) ) ;
#589 = CYLINDRICAL_SURFACE ( 'NONE', #2124, 0.4999999999999999445 ) ;
#590 = CARTESIAN_POINT ( 'NONE',  ( 51.59863108044611124, 9.717405461309315484, -0.2946289118163343268 ) ) ;
#591 = AXIS2_PLACEMENT_3D ( 'NONE', #3492, #2016, #478 ) ;
#592 = ORIENTED_EDGE ( 'NONE', *, *, #2749, .F. ) ;
#593 = CARTESIAN_POINT ( 'NONE',  ( 28.20650355318428737, -2.323447097718346566, 0.2999999999999999334 ) ) ;
#594 = EDGE_LOOP ( 'NONE', ( #3279, #1793, #1605, #668, #1053, #2596, #1720, #3469, #743, #431, #2966, #3108, #3528, #1826, #1071 ) ) ;
#595 = CARTESIAN_POINT ( 'NONE',  ( 40.35670346552647203, 0.5136964394908550835, 0.006845421783107921362 ) ) ;
#596 = AXIS2_PLACEMENT_3D ( 'NONE', #3758, #1849, #1542 ) ;
#597 = VECTOR ( 'NONE', #2507, 100.0000000000000142 ) ;
#598 = CARTESIAN_POINT ( 'NONE',  ( 50.76344319059204224, 9.286457888869106725, 0.2167804176680831474 ) ) ;
#599 = CARTESIAN_POINT ( 'NONE',  ( 48.62715771743974358, 6.573989821970307901, -0.2237955846799044857 ) ) ;
#600 = EDGE_CURVE ( 'NONE', #3965, #105, #3189, .T. ) ;
#601 = PLANE ( 'NONE',  #532 ) ;
#602 = CARTESIAN_POINT ( 'NONE',  ( 45.93334130091479039, 2.983469938458037429, 0.1999999999999997891 ) ) ;
#603 = DIRECTION ( 'NONE',  ( -1.000000000000000000, 0.000000000000000000, -3.382917932875483327E-16 ) ) ;
#604 = ADVANCED_FACE ( 'NONE', ( #3129 ), #2857, .F. ) ;
#605 = CARTESIAN_POINT ( 'NONE',  ( 29.96516101513376640, 0.2477573789244779945, 10.47664068296516682 ) ) ;
#606 = ORIENTED_EDGE ( 'NONE', *, *, #1466, .T. ) ;
#607 = DIRECTION ( 'NONE',  ( 0.01657441405230465278, 0.9998626349648348510, 2.526198420459838063E-16 ) ) ;
#608 = CARTESIAN_POINT ( 'NONE',  ( 0.1184138846131284339, 7.143396943751471717, 0.1999999999999856060 ) ) ;
#609 = CARTESIAN_POINT ( 'NONE',  ( 45.84190424054542490, 2.906450311533736119, -0.06899527106055475256 ) ) ;
#610 = CARTESIAN_POINT ( 'NONE',  ( 40.24814097596405560, 0.4675976875576031699, 0.1974825668912263965 ) ) ;
#611 = ORIENTED_EDGE ( 'NONE', *, *, #2361, .T. ) ;
#612 = CARTESIAN_POINT ( 'NONE',  ( 29.11429555651360701, 3.219290513553822120, 16.51027643818689938 ) ) ;
#613 = VERTEX_POINT ( 'NONE', #1303 ) ;
#614 = CARTESIAN_POINT ( 'NONE',  ( 29.99848976963260228, 0.2472048984560679119, 10.47552833453502608 ) ) ;
#615 = EDGE_CURVE ( 'NONE', #3788, #789, #41, .T. ) ;
#616 = CARTESIAN_POINT ( 'NONE',  ( 29.01964157627402940, -2.490774276284072997, 0.4096220351919925839 ) ) ;
#617 = CARTESIAN_POINT ( 'NONE',  ( 51.15292145991758588, 8.597729658707429223, -0.4999999999999964473 ) ) ;
#618 = CARTESIAN_POINT ( 'NONE',  ( 30.10935841738882601, 8.946562303118541948, 21.16756122134467333 ) ) ;
#619 = EDGE_CURVE ( 'NONE', #2859, #3978, #1320, .T. ) ;
#620 = DIRECTION ( 'NONE',  ( 1.665393298452077782E-16, -1.025709229455379180E-18, -1.000000000000000000 ) ) ;
#621 = ADVANCED_FACE ( 'NONE', ( #2557 ), #821, .T. ) ;
#622 = SHAPE_DEFINITION_REPRESENTATION ( #3803, #2053 ) ;
#623 = VERTEX_POINT ( 'NONE', #2519 ) ;
#624 = VECTOR ( 'NONE', #2768, 100.0000000000000000 ) ;
#625 = CARTESIAN_POINT ( 'NONE',  ( 29.01680430430896962, -2.661934608959339865, 0.2999999999999977685 ) ) ;
#626 = CYLINDRICAL_SURFACE ( 'NONE', #1824, 0.4999999999999985567 ) ;
#627 = EDGE_LOOP ( 'NONE', ( #3264, #2800, #553, #2652, #2856, #3046, #4074, #2959, #1651, #1194, #235, #2628, #523, #1635 ) ) ;
#628 = FACE_OUTER_BOUND ( 'NONE', #722, .T. ) ;
#629 = CARTESIAN_POINT ( 'NONE',  ( 47.55365091106784803, 4.402952564739578634, -0.2999999999999991562 ) ) ;
#630 = CARTESIAN_POINT ( 'NONE',  ( 40.03902020813136176, 0.3806884899612000273, -0.2050408308637818033 ) ) ;
#631 = ORIENTED_EDGE ( 'NONE', *, *, #3609, .T. ) ;
#632 = CARTESIAN_POINT ( 'NONE',  ( 29.82954176466262197, -2.841692990704773436, 5.753854040569953847E-16 ) ) ;
#633 = CARTESIAN_POINT ( 'NONE',  ( 30.31904579061175298, -1.868616763265141367, 0.2999999999999999889 ) ) ;
#634 = CARTESIAN_POINT ( 'NONE',  ( 29.72789225320373419, 3.747277024990349759, 15.79135379376917214 ) ) ;
#635 = B_SPLINE_SURFACE_WITH_KNOTS ( 'NONE', 2, 1, ( 
 ( #3134, #3113 ),
 ( #1821, #550 ),
 ( #3096, #296 ) ),
 .UNSPECIFIED., .F., .F., .F.,
 ( 3, 3 ),
 ( 2, 2 ),
 ( 0.9834053270158960025, 1.000000000000000000 ),
 ( 0.000000000000000000, 1.000000000000000000 ),
 .UNSPECIFIED. ) ;
#636 = CYLINDRICAL_SURFACE ( 'NONE', #894, 0.5000000000000004441 ) ;
#637 = CYLINDRICAL_SURFACE ( 'NONE', #923, 0.4999999999999999445 ) ;
#638 = LINE ( 'NONE', #78, #721 ) ;
#639 = ORIENTED_EDGE ( 'NONE', *, *, #790, .T. ) ;
#640 = CARTESIAN_POINT ( 'NONE',  ( 40.27037592089062201, 0.4769859681717066868, 0.2210811001740880799 ) ) ;
#641 = AXIS2_PLACEMENT_3D ( 'NONE', #1363, #3843, #3530 ) ;
#642 = AXIS2_PLACEMENT_3D ( 'NONE', #2723, #2704, #785 ) ;
#643 = CARTESIAN_POINT ( 'NONE',  ( 29.56350863864255984, 6.184787562379483461, 18.54724977129041363 ) ) ;
#644 = ORIENTED_EDGE ( 'NONE', *, *, #1147, .F. ) ;
#645 = CARTESIAN_POINT ( 'NONE',  ( 42.70962778319242403, 1.691450028915983728, -0.3000000000000014877 ) ) ;
#646 = CARTESIAN_POINT ( 'NONE',  ( 29.94526745040494475, -2.399807729812680535, 0.3000000000000000999 ) ) ;
#647 = DIRECTION ( 'NONE',  ( -1.665393298452077782E-16, 1.025709229455375713E-18, 1.000000000000000000 ) ) ;
#648 = ORIENTED_EDGE ( 'NONE', *, *, #1711, .F. ) ;
#649 = ADVANCED_FACE ( 'NONE', ( #1565 ), #3821, .F. ) ;
#650 =( BOUNDED_CURVE ( )  B_SPLINE_CURVE ( 3, ( #2307, #3569, #739, #1991 ),
 .UNSPECIFIED., .F., .F. ) 
 B_SPLINE_CURVE_WITH_KNOTS ( ( 4, 4 ),
 ( 4.712388980384690562, 6.283185307179586232 ),
 .UNSPECIFIED. ) 
 CURVE ( )  GEOMETRIC_REPRESENTATION_ITEM ( )  RATIONAL_B_SPLINE_CURVE ( ( 1.000000000000000000, 0.8047378541243652705, 0.8047378541243652705, 1.000000000000000000 ) ) 
 REPRESENTATION_ITEM ( '' )  );
#651 = CARTESIAN_POINT ( 'NONE',  ( 29.99995103657447260, -2.511251168980135340, -0.000000000000000000 ) ) ;
#652 = DIRECTION ( 'NONE',  ( -0.01657441405230466666, -0.9998626349648348510, -1.734723475976806902E-18 ) ) ;
#653 = EDGE_LOOP ( 'NONE', ( #1742, #1833, #3456, #2877 ) ) ;
#654 = CARTESIAN_POINT ( 'NONE',  ( 29.97830792796568034, 3.649426693210381600, 15.66829508931560078 ) ) ;
#655 = CARTESIAN_POINT ( 'NONE',  ( 29.60613022487420665, 8.755963314504839445, 21.38361920298760666 ) ) ;
#656 = CARTESIAN_POINT ( 'NONE',  ( 50.27832435838269731, 8.612227584704886141, -0.2999999999999972133 ) ) ;
#657 = VECTOR ( 'NONE', #3049, 100.0000000000000142 ) ;
#658 = CARTESIAN_POINT ( 'NONE',  ( 29.96251729863893587, 8.927394058639661623, 20.95399087480760869 ) ) ;
#659 = PRODUCT_CONTEXT ( 'NONE', #3413, 'mechanical' ) ;
#660 = EDGE_LOOP ( 'NONE', ( #2567, #4037, #3341, #1427, #1854, #140 ) ) ;
#661 = PLANE ( 'NONE',  #1771 ) ;
#662 = EDGE_CURVE ( 'NONE', #3563, #3246, #967, .T. ) ;
#663 = CARTESIAN_POINT ( 'NONE',  ( 29.56254280510919230, 6.126523007230195716, 18.48925470086115652 ) ) ;
#664 = EDGE_LOOP ( 'NONE', ( #2286, #1469, #3386, #2223, #2467, #690, #489, #3303, #1346, #3824, #3188, #1608, #3903, #885, #1063, #44, #113 ) ) ;
#665 = DIRECTION ( 'NONE',  ( -0.01657441405230608220, -0.9998626349648349620, 0.000000000000000000 ) ) ;
#666 = CARTESIAN_POINT ( 'NONE',  ( 30.08909389536838574, -2.364936302958357217, 0.2999999999999999889 ) ) ;
#667 = CARTESIAN_POINT ( 'NONE',  ( 29.93548988415750145, 0.2473930673332052077, 10.78009954068491538 ) ) ;
#668 = ORIENTED_EDGE ( 'NONE', *, *, #3968, .F. ) ;
#669 = CARTESIAN_POINT ( 'NONE',  ( 48.62715771743974358, 6.573989821970307901, -0.2237955846799044857 ) ) ;
#670 = CARTESIAN_POINT ( 'NONE',  ( 45.31498811945960625, 3.451083615455924125, -0.1651323455296010712 ) ) ;
#671 = ORIENTED_EDGE ( 'NONE', *, *, #2061, .F. ) ;
#672 = CARTESIAN_POINT ( 'NONE',  ( 45.42803154451506487, 2.567560637125292811, -0.2957203607139672341 ) ) ;
#673 = CARTESIAN_POINT ( 'NONE',  ( 29.60702184643028545, 8.809750982420188947, 21.42169860244244717 ) ) ;
#674 = CARTESIAN_POINT ( 'NONE',  ( 30.10799440682853501, 8.946584913900272440, 21.22028475853420204 ) ) ;
#675 = CARTESIAN_POINT ( 'NONE',  ( 45.46353341854216268, 2.991257798605200691, 0.1999999999999996225 ) ) ;
#676 = EDGE_CURVE ( 'NONE', #1966, #4070, #2433, .T. ) ;
#677 = VERTEX_POINT ( 'NONE', #1261 ) ;
#678 = DIRECTION ( 'NONE',  ( -0.9998626349648348510, 0.01657441405230463544, 0.000000000000000000 ) ) ;
#679 = DIRECTION ( 'NONE',  ( 0.9998626349648349620, -0.01657441405230446890, 0.000000000000000000 ) ) ;
#680 = ORIENTED_EDGE ( 'NONE', *, *, #486, .F. ) ;
#681 = CIRCLE ( 'NONE', #3583, 0.6620108421965272827 ) ;
#682 = ORIENTED_EDGE ( 'NONE', *, *, #1133, .T. ) ;
#683 = EDGE_CURVE ( 'NONE', #1459, #3763, #332, .T. ) ;
#684 = CARTESIAN_POINT ( 'NONE',  ( 30.08942187719837591, 6.632588030256374445, 18.98891532737465582 ) ) ;
#685 = CARTESIAN_POINT ( 'NONE',  ( 29.98096667609675947, -2.389669761018779148, 0.3000000000000000999 ) ) ;
#686 = DIRECTION ( 'NONE',  ( -0.9998626349648349620, 0.01657441405230465972, 0.000000000000000000 ) ) ;
#687 = VERTEX_POINT ( 'NONE', #2940 ) ;
#688 = CYLINDRICAL_SURFACE ( 'NONE', #749, 0.5000000000000004441 ) ;
#689 = CARTESIAN_POINT ( 'NONE',  ( 49.16938010758668298, 6.453785097957684513, -0.1305919782910097138 ) ) ;
#690 = ORIENTED_EDGE ( 'NONE', *, *, #1563, .F. ) ;
#691 = B_SPLINE_CURVE_WITH_KNOTS ( 'NONE', 2,
 ( #217, #2440, #872 ),
 .UNSPECIFIED., .F., .F.,
 ( 3, 3 ),
 ( 0.3874948551636004379, 0.4129444514982799630 ),
 .UNSPECIFIED. ) ;
#692 = CARTESIAN_POINT ( 'NONE',  ( 29.96925571959386758, 0.6383599065346251544, 10.47791452303875914 ) ) ;
#693 = DIRECTION ( 'NONE',  ( -1.000000000000000000, 0.000000000000000000, 0.000000000000000000 ) ) ;
#694 = EDGE_CURVE ( 'NONE', #2182, #2232, #1088, .T. ) ;
#695 = EDGE_LOOP ( 'NONE', ( #440, #2043, #2127, #2547 ) ) ;
#696 = FACE_BOUND ( 'NONE', #507, .T. ) ;
#697 = CARTESIAN_POINT ( 'NONE',  ( 29.61893044623886695, 6.354516584784109412, 18.71455490766767582 ) ) ;
#698 = ORIENTED_EDGE ( 'NONE', *, *, #2895, .T. ) ;
#699 = VERTEX_POINT ( 'NONE', #2997 ) ;
#700 = CARTESIAN_POINT ( 'NONE',  ( 29.60564895666631458, 8.726930487282054116, 21.36299438341183432 ) ) ;
#701 = AXIS2_PLACEMENT_3D ( 'NONE', #1730, #2764, #2986 ) ;
#702 = AXIS2_PLACEMENT_3D ( 'NONE', #521, #765, #3613 ) ;
#703 = VECTOR ( 'NONE', #1028, 100.0000000000000142 ) ;
#704 = CARTESIAN_POINT ( 'NONE',  ( 29.56254280510919230, 6.126523007230195716, 18.48925470086115652 ) ) ;
#705 = LINE ( 'NONE', #2288, #3330 ) ;
#706 = VERTEX_POINT ( 'NONE', #1684 ) ;
#707 = EDGE_CURVE ( 'NONE', #551, #1930, #3621, .T. ) ;
#708 = CARTESIAN_POINT ( 'NONE',  ( 28.78118743939269208, -9.333935142334325974, -0.8250000000000037303 ) ) ;
#709 = DIRECTION ( 'NONE',  ( 0.000000000000000000, 0.000000000000000000, 1.000000000000000000 ) ) ;
#710 = EDGE_LOOP ( 'NONE', ( #1061, #1786, #3345, #2326, #1894, #2051, #33, #1360, #754 ) ) ;
#711 = CARTESIAN_POINT ( 'NONE',  ( 29.53544491381692083, 0.04146936133516604395, 11.01742479175528899 ) ) ;
#712 = CARTESIAN_POINT ( 'NONE',  ( 29.71424301674710122, 9.044510905791661060, 21.25836686377625639 ) ) ;
#713 = CARTESIAN_POINT ( 'NONE',  ( 29.57952447209467550, 7.149572120640776518, 19.78455605351631519 ) ) ;
#714 = CARTESIAN_POINT ( 'NONE',  ( 29.50549211068368294, 0.2553771683660658876, 10.82124682586463926 ) ) ;
#715 = EDGE_LOOP ( 'NONE', ( #1196, #1260, #2412, #3239, #1103, #810 ) ) ;
#716 = VECTOR ( 'NONE', #3466, 100.0000000000000142 ) ;
#717 = CARTESIAN_POINT ( 'NONE',  ( 29.47185946327227768, 0.6559896399365641173, 3.157794127454116328E-15 ) ) ;
#718 = EDGE_CURVE ( 'NONE', #2535, #3504, #1891, .T. ) ;
#719 = VECTOR ( 'NONE', #760, 100.0000000000000000 ) ;
#720 = CARTESIAN_POINT ( 'NONE',  ( 29.36470365497220314, 6.258535278550102277, -0.5000000000000032196 ) ) ;
#721 = VECTOR ( 'NONE', #1929, 100.0000000000000000 ) ;
#722 = EDGE_LOOP ( 'NONE', ( #864, #144, #3086 ) ) ;
#723 = AXIS2_PLACEMENT_3D ( 'NONE', #3845, #1655, #3827 ) ;
#724 = EDGE_LOOP ( 'NONE', ( #731, #1131, #1158, #2898, #824, #1327, #534, #2681 ) ) ;
#725 = CARTESIAN_POINT ( 'NONE',  ( 29.63773605831050162, 8.954380241285807784, 21.18811628131288316 ) ) ;
#726 = CARTESIAN_POINT ( 'NONE',  ( 29.88469443224189703, 6.223862366393389856, 19.31613068642781172 ) ) ;
#727 = CARTESIAN_POINT ( 'NONE',  ( 28.59850047294034070, -2.821286399468161399, 6.846696022789178986E-16 ) ) ;
#728 = ORIENTED_EDGE ( 'NONE', *, *, #3879, .T. ) ;
#729 = CARTESIAN_POINT ( 'NONE',  ( 50.79739654116417569, 9.335056755850583698, 0.02488460824528612031 ) ) ;
#730 = CARTESIAN_POINT ( 'NONE',  ( 29.13856764454672543, 0.6612566285563858948, 10.49939398950457203 ) ) ;
#731 = ORIENTED_EDGE ( 'NONE', *, *, #2969, .T. ) ;
#732 = CARTESIAN_POINT ( 'NONE',  ( 40.67993573315440159, 0.07014186810948427886, -0.2238366483176379984 ) ) ;
#733 = ORIENTED_EDGE ( 'NONE', *, *, #2969, .F. ) ;
#734 = CARTESIAN_POINT ( 'NONE',  ( 29.46850754357323154, 0.4537828378202838908, 10.00984230880383663 ) ) ;
#735 = EDGE_CURVE ( 'NONE', #3391, #3288, #3352, .T. ) ;
#736 = DIRECTION ( 'NONE',  ( -1.000000000000000000, 0.000000000000000000, -3.382917932875483327E-16 ) ) ;
#737 = ORIENTED_EDGE ( 'NONE', *, *, #867, .F. ) ;
#738 = EDGE_CURVE ( 'NONE', #3053, #1966, #2636, .T. ) ;
#739 = CARTESIAN_POINT ( 'NONE',  ( 29.77175451392145078, 6.251787722195214059, 18.98925470086113876 ) ) ;
#740 = EDGE_CURVE ( 'NONE', #3238, #3508, #3600, .T. ) ;
#741 = FACE_OUTER_BOUND ( 'NONE', #2778, .T. ) ;
#742 = VERTEX_POINT ( 'NONE', #1400 ) ;
#743 = ORIENTED_EDGE ( 'NONE', *, *, #3483, .F. ) ;
#744 = CARTESIAN_POINT ( 'NONE',  ( 29.71423907418356691, 8.953112074422485023, 21.37692350187309387 ) ) ;
#745 = CARTESIAN_POINT ( 'NONE',  ( 40.54379318881267835, 0.07155198322723954618, 0.1703389830508404146 ) ) ;
#746 = CARTESIAN_POINT ( 'NONE',  ( 49.10069857807334159, 5.431309095006647603, -0.4999999999999968914 ) ) ;
#747 = DIRECTION ( 'NONE',  ( 0.01657441405230464931, 0.9998626349648349620, 3.469446951953613418E-18 ) ) ;
#748 = ORIENTED_EDGE ( 'NONE', *, *, #3632, .F. ) ;
#749 = AXIS2_PLACEMENT_3D ( 'NONE', #3476, #2173, #3200 ) ;
#750 = FACE_OUTER_BOUND ( 'NONE', #1977, .T. ) ;
#751 = CARTESIAN_POINT ( 'NONE',  ( 48.72204735959149247, 5.757841259949413093, -0.4999999999999970579 ) ) ;
#752 = EDGE_LOOP ( 'NONE', ( #2769, #481, #2868, #2263, #3120 ) ) ;
#753 = CARTESIAN_POINT ( 'NONE',  ( 40.81279686167543730, -0.2773238743125049921, -0.3000000000004395262 ) ) ;
#754 = ORIENTED_EDGE ( 'NONE', *, *, #3791, .T. ) ;
#755 = CARTESIAN_POINT ( 'NONE',  ( 30.31904579061175298, -1.868616763265141367, 0.000000000000000000 ) ) ;
#756 = CARTESIAN_POINT ( 'NONE',  ( 50.77576818653075463, 9.304077780756347948, -0.4999999999999961142 ) ) ;
#757 = ADVANCED_FACE ( 'NONE', ( #3628 ), #1721, .F. ) ;
#758 = ORIENTED_EDGE ( 'NONE', *, *, #42, .F. ) ;
#759 = EDGE_CURVE ( 'NONE', #2316, #4016, #1159, .T. ) ;
#760 = DIRECTION ( 'NONE',  ( 2.875202515709274621E-20, 1.734485185625528116E-18, -1.000000000000000000 ) ) ;
#761 = CARTESIAN_POINT ( 'NONE',  ( 29.51495293980827128, 3.255632490845136839, 15.15077155702974565 ) ) ;
#762 = ORIENTED_EDGE ( 'NONE', *, *, #182, .T. ) ;
#763 = B_SPLINE_CURVE_WITH_KNOTS ( 'NONE', 3,
 ( #1049, #2978, #435, #1830, #2716, #1765, #516, #2756, #3691, #540, #2428, #2090, #2470, #208, #2112, #1499, #285, #2155 ),
 .UNSPECIFIED., .F., .F.,
 ( 4, 2, 2, 2, 2, 2, 2, 2, 4 ),
 ( 0.0001106846522027015399, 0.002401984393569709178, 0.003547634264253218730, 0.004693284134936729149, 0.005838934005620239134, 0.006411758940962005403, 0.006984583876303770804, 0.008130233746987458598, 0.009275883617671145526 ),
 .UNSPECIFIED. ) ;
#764 = CARTESIAN_POINT ( 'NONE',  ( 40.79024796835975764, -0.1506369274178760986, -0.2338461435858218140 ) ) ;
#765 = DIRECTION ( 'NONE',  ( 1.665680818703648634E-16, 7.087759561701498994E-19, -1.000000000000000000 ) ) ;
#766 = CARTESIAN_POINT ( 'NONE',  ( 29.51628296686845232, 3.335867264561419798, 16.45197147569837881 ) ) ;
#767 = ORIENTED_EDGE ( 'NONE', *, *, #1124, .T. ) ;
#768 = TOROIDAL_SURFACE ( 'NONE', #2280, 1.292999993180113050, 0.5000000000000000000 ) ;
#769 = CARTESIAN_POINT ( 'NONE',  ( 30.04736538869588358, 6.246921674498820742, 19.29037837007849987 ) ) ;
#770 = DIRECTION ( 'NONE',  ( -0.03402189877562407372, -0.9994210876320858139, 3.526173297340641285E-17 ) ) ;
#771 = B_SPLINE_CURVE_WITH_KNOTS ( 'NONE', 3,
 ( #491, #1682, #2937, #1085 ),
 .UNSPECIFIED., .F., .F.,
 ( 4, 4 ),
 ( 0.000000000000000000, 1.000000000000000000 ),
 .UNSPECIFIED. ) ;
#772 = EDGE_CURVE ( 'NONE', #1455, #193, #1068, .T. ) ;
#773 = CARTESIAN_POINT ( 'NONE',  ( 40.85939262495381286, -0.2559977403155172526, -0.2999999999994539812 ) ) ;
#774 = ORIENTED_EDGE ( 'NONE', *, *, #931, .F. ) ;
#775 = CARTESIAN_POINT ( 'NONE',  ( 30.02151402291161020, 3.647290337804917737, 15.95153242091817170 ) ) ;
#776 = CARTESIAN_POINT ( 'NONE',  ( 48.35134989619359658, 5.943799508593357039, -0.2999999999999985456 ) ) ;
#777 = VERTEX_POINT ( 'NONE', #3271 ) ;
#778 = CARTESIAN_POINT ( 'NONE',  ( 45.37029156054219214, 3.494441370285926496, -0.1020807115986766683 ) ) ;
#779 = CARTESIAN_POINT ( 'NONE',  ( 45.77088273402486607, 3.386217917502318819, 0.2000000000000000944 ) ) ;
#780 = ORIENTED_EDGE ( 'NONE', *, *, #433, .T. ) ;
#781 = CARTESIAN_POINT ( 'NONE',  ( 40.97485766438256150, -0.1958023285808043745, -0.2961960076326154434 ) ) ;
#782 = EDGE_CURVE ( 'NONE', #3221, #1243, #2299, .T. ) ;
#783 = AXIS2_PLACEMENT_3D ( 'NONE', #1603, #3208, #2517 ) ;
#784 = CARTESIAN_POINT ( 'NONE',  ( 42.70962778319242403, 1.691450028915983728, -0.3000000000000014877 ) ) ;
#785 = DIRECTION ( 'NONE',  ( -0.9998626349648350731, 0.01657441405230466319, 0.000000000000000000 ) ) ;
#786 = ORIENTED_EDGE ( 'NONE', *, *, #2193, .T. ) ;
#787 = CARTESIAN_POINT ( 'NONE',  ( 50.83551226491201191, 9.389837911085011868, -0.08195203876679477140 ) ) ;
#788 = DIRECTION ( 'NONE',  ( 0.9998626349648349620, -0.01657441405230485054, 0.000000000000000000 ) ) ;
#789 = VERTEX_POINT ( 'NONE', #2919 ) ;
#790 = EDGE_CURVE ( 'NONE', #1459, #2009, #2616, .T. ) ;
#791 = CARTESIAN_POINT ( 'NONE',  ( 29.47387797315034064, -0.01977234335691070016, 11.16373099697539040 ) ) ;
#792 = VERTEX_POINT ( 'NONE', #1703 ) ;
#793 = CARTESIAN_POINT ( 'NONE',  ( 42.82639906484800463, 8.735755848471510987, -0.2999999999999997113 ) ) ;
#794 = DIRECTION ( 'NONE',  ( -0.000000000000000000, -0.000000000000000000, -1.000000000000000000 ) ) ;
#795 = ORIENTED_EDGE ( 'NONE', *, *, #1939, .F. ) ;
#796 = CARTESIAN_POINT ( 'NONE',  ( 30.07123726506852179, 6.646878242699422401, 19.28977609426086559 ) ) ;
#797 = CARTESIAN_POINT ( 'NONE',  ( 29.81515647205691266, 9.446490643090468708, 21.34793496607455765 ) ) ;
#798 = VERTEX_POINT ( 'NONE', #2030 ) ;
#799 = EDGE_CURVE ( 'NONE', #176, #1942, #650, .T. ) ;
#800 = CARTESIAN_POINT ( 'NONE',  ( 50.77576818653075463, 9.304077780756347948, 0.2000000000000032863 ) ) ;
#801 = CARTESIAN_POINT ( 'NONE',  ( 40.65798182647906600, -0.04167332459458030630, -0.1227292159887187484 ) ) ;
#802 = DIRECTION ( 'NONE',  ( -0.01657441405230464584, -0.9998626349648348510, -0.000000000000000000 ) ) ;
#803 = CARTESIAN_POINT ( 'NONE',  ( 29.42105666275003273, 9.658068237430541103, -0.5000000000000032196 ) ) ;
#804 = ORIENTED_EDGE ( 'NONE', *, *, #1018, .T. ) ;
#805 = EDGE_CURVE ( 'NONE', #2133, #866, #763, .T. ) ;
#806 = LINE ( 'NONE', #3074, #1823 ) ;
#807 = LINE ( 'NONE', #3317, #1928 ) ;
#808 = ORIENTED_EDGE ( 'NONE', *, *, #2586, .F. ) ;
#809 = DIRECTION ( 'NONE',  ( 0.9998626349648348510, -0.01657441405230464584, 3.341506680459168366E-16 ) ) ;
#810 = ORIENTED_EDGE ( 'NONE', *, *, #2974, .F. ) ;
#811 = CARTESIAN_POINT ( 'NONE',  ( 49.27850982085636389, 6.424017661062631390, -0.4333292190538554634 ) ) ;
#812 = CARTESIAN_POINT ( 'NONE',  ( 28.50871298640988272, -2.563093360133130716, 0.000000000000000000 ) ) ;
#813 = CARTESIAN_POINT ( 'NONE',  ( 30.10935841751624764, 8.946562303116429860, 21.22877072285692535 ) ) ;
#814 = ORIENTED_EDGE ( 'NONE', *, *, #74, .F. ) ;
#815 = LINE ( 'NONE', #1539, #1253 ) ;
#816 = EDGE_CURVE ( 'NONE', #1535, #706, #815, .T. ) ;
#817 = CARTESIAN_POINT ( 'NONE',  ( 29.97291066106154034, 9.335887458972928599, 21.26688421761898340 ) ) ;
#818 = ORIENTED_EDGE ( 'NONE', *, *, #1943, .F. ) ;
#819 = CARTESIAN_POINT ( 'NONE',  ( 46.00059799663183924, 3.040566657817226570, -0.2259603905754348774 ) ) ;
#820 = CARTESIAN_POINT ( 'NONE',  ( 30.06460749944760025, 6.246933188713487795, 18.48925470086113876 ) ) ;
#821 = B_SPLINE_SURFACE_WITH_KNOTS ( 'NONE', 2, 1, ( 
 ( #21, #2592 ),
 ( #3486, #61 ),
 ( #311, #640 ) ),
 .UNSPECIFIED., .F., .F., .F.,
 ( 3, 3 ),
 ( 2, 2 ),
 ( 0.04063458747845023061, 0.6170516038548922166 ),
 ( 0.000000000000000000, 1.000000000000000000 ),
 .UNSPECIFIED. ) ;
#822 = CARTESIAN_POINT ( 'NONE',  ( 50.25248679141511587, 8.612655886071983957, 0.2000000000000028144 ) ) ;
#823 = CARTESIAN_POINT ( 'NONE',  ( 29.56254706017893952, 5.835603979033790800, 19.04317734311750954 ) ) ;
#824 = ORIENTED_EDGE ( 'NONE', *, *, #735, .F. ) ;
#825 = VECTOR ( 'NONE', #284, 100.0000000000000142 ) ;
#826 = FACE_OUTER_BOUND ( 'NONE', #3175, .T. ) ;
#827 = B_SPLINE_CURVE_WITH_KNOTS ( 'NONE', 3,
 ( #2530, #3792, #960, #2213, #1906, #2548, #3813, #978, #2233, #672, #1924, #3181 ),
 .UNSPECIFIED., .F., .F.,
 ( 4, 2, 2, 2, 2, 4 ),
 ( 0.000000000000000000, 0.001767173304879021689, 0.002650759957318477023, 0.003534346609757931922, 0.005301519914636957514, 0.007068693219515983540 ),
 .UNSPECIFIED. ) ;
#828 = DIRECTION ( 'NONE',  ( 0.01657441405230464931, 0.9998626349648349620, 3.469446951953613804E-18 ) ) ;
#829 = DIRECTION ( 'NONE',  ( -0.9998626349648348510, 0.01657441405230463544, -3.469446951953554531E-16 ) ) ;
#830 = ORIENTED_EDGE ( 'NONE', *, *, #402, .T. ) ;
#831 = EDGE_CURVE ( 'NONE', #560, #1890, #4021, .T. ) ;
#832 = LINE ( 'NONE', #506, #2653 ) ;
#833 = VERTEX_POINT ( 'NONE', #3023 ) ;
#834 = DIRECTION ( 'NONE',  ( 0.01657441405230464931, 0.9998626349648349620, 3.469446951953613418E-18 ) ) ;
#835 = AXIS2_PLACEMENT_3D ( 'NONE', #645, #1284, #294 ) ;
#836 = AXIS2_PLACEMENT_3D ( 'NONE', #2641, #2077, #1116 ) ;
#837 = CARTESIAN_POINT ( 'NONE',  ( 28.52860871027597511, -2.591853770721872952, -0.000000000000000000 ) ) ;
#838 = B_SPLINE_CURVE_WITH_KNOTS ( 'NONE', 3,
 ( #1614, #918, #1860, #2526, #2249, #651, #2190, #4056, #1227, #1593, #2565, #1902, #1290, #632 ),
 .UNSPECIFIED., .F., .F.,
 ( 4, 2, 2, 2, 2, 2, 4 ),
 ( 0.000000000000000000, 0.002068634898781629167, 0.004137269797563258335, 0.005171587246954011119, 0.006205904696344763903, 0.007240222145735516687, 0.008274539595126270339 ),
 .UNSPECIFIED. ) ;
#839 = CARTESIAN_POINT ( 'NONE',  ( 50.60598012272349422, 9.063474667004534524, -0.1622216051667062509 ) ) ;
#840 = EDGE_LOOP ( 'NONE', ( #1336, #3440, #3151, #66, #386, #644, #453 ) ) ;
#841 = CARTESIAN_POINT ( 'NONE',  ( 51.16180721187838287, 9.025845928228967807, 0.1410412994145781029 ) ) ;
#842 = DIRECTION ( 'NONE',  ( -1.000000000000000000, 0.000000000000000000, -1.665393298452073591E-16 ) ) ;
#843 = VERTEX_POINT ( 'NONE', #4062 ) ;
#844 = CARTESIAN_POINT ( 'NONE',  ( 45.99148456033356069, 3.599193352380716249, -0.2999999999999998224 ) ) ;
#845 = EDGE_CURVE ( 'NONE', #3243, #1638, #2309, .T. ) ;
#846 = ADVANCED_FACE ( 'NONE', ( #2792 ), #1460, .F. ) ;
#847 = CARTESIAN_POINT ( 'NONE',  ( 51.16411115068007120, 8.597544170660041729, -0.4999999999999962808 ) ) ;
#848 = CARTESIAN_POINT ( 'NONE',  ( 29.42147980514730321, -2.383196998123933152, 0.5779752106360243058 ) ) ;
#849 = DIRECTION ( 'NONE',  ( -0.0008781193980950778577, 0.9999996144530869380, -4.737177263702401262E-17 ) ) ;
#850 = ORIENTED_EDGE ( 'NONE', *, *, #1627, .F. ) ;
#851 = VECTOR ( 'NONE', #1307, 100.0000000000000142 ) ;
#852 = DIRECTION ( 'NONE',  ( -0.01657441405230579770, -0.9998626349648348510, -3.469446951953803700E-18 ) ) ;
#853 = DIRECTION ( 'NONE',  ( -0.9998626349648350731, 0.01657441405230465278, 0.000000000000000000 ) ) ;
#854 = CARTESIAN_POINT ( 'NONE',  ( 51.16776951974818388, 9.035034894794128135, -0.04357993820781908695 ) ) ;
#855 = AXIS2_PLACEMENT_3D ( 'NONE', #2203, #2282, #3549 ) ;
#856 = ORIENTED_EDGE ( 'NONE', *, *, #2012, .T. ) ;
#857 = EDGE_CURVE ( 'NONE', #3401, #2268, #1236, .T. ) ;
#858 = DIRECTION ( 'NONE',  ( -0.9998626349648348510, 0.01657441405230465625, 0.000000000000000000 ) ) ;
#859 = ORIENTED_EDGE ( 'NONE', *, *, #3265, .F. ) ;
#860 = PLANE ( 'NONE',  #4060 ) ;
#861 = EDGE_CURVE ( 'NONE', #3381, #3782, #2146, .T. ) ;
#862 = CARTESIAN_POINT ( 'NONE',  ( 50.76422303559144922, 9.287571973902188915, 0.1941098339650374482 ) ) ;
#863 = CARTESIAN_POINT ( 'NONE',  ( 45.33456488868646517, 2.493326978128878491, -0.3000000000000004330 ) ) ;
#864 = ORIENTED_EDGE ( 'NONE', *, *, #1964, .F. ) ;
#865 = CARTESIAN_POINT ( 'NONE',  ( 50.02560852304163319, 7.346089305902101962, -0.2999999999999976019 ) ) ;
#866 = VERTEX_POINT ( 'NONE', #4001 ) ;
#867 = EDGE_CURVE ( 'NONE', #1188, #4034, #881, .T. ) ;
#868 = CARTESIAN_POINT ( 'NONE',  ( 31.02191643705909385, -2.370117327441628063, -0.5000000000000028866 ) ) ;
#869 = CARTESIAN_POINT ( 'NONE',  ( 29.21567331897402298, 9.334971971771397037, 21.25672608094553340 ) ) ;
#870 = ORIENTED_EDGE ( 'NONE', *, *, #1328, .F. ) ;
#871 = LINE ( 'NONE', #526, #178 ) ;
#872 = CARTESIAN_POINT ( 'NONE',  ( 29.46109986238636935, 0.006909506002091697630, 11.27921898938789802 ) ) ;
#873 = DIRECTION ( 'NONE',  ( 0.01657441405230579770, 0.9998626349648348510, 1.937485524053559049E-31 ) ) ;
#874 = VERTEX_POINT ( 'NONE', #1173 ) ;
#875 = B_SPLINE_CURVE_WITH_KNOTS ( 'NONE', 3,
 ( #3938, #1664, #3605, #1700 ),
 .UNSPECIFIED., .F., .F.,
 ( 4, 4 ),
 ( 0.000000000000000000, 0.0001106846522027015399 ),
 .UNSPECIFIED. ) ;
#876 = CARTESIAN_POINT ( 'NONE',  ( 29.37133342059312113, 6.658480332536035995, -0.5000000000000032196 ) ) ;
#877 = ORIENTED_EDGE ( 'NONE', *, *, #3776, .F. ) ;
#878 = CARTESIAN_POINT ( 'NONE',  ( 40.78935794662710634, 0.7043388805884007731, -0.2245746163139903384 ) ) ;
#879 = AXIS2_PLACEMENT_3D ( 'NONE', #1825, #3704, #3060 ) ;
#880 = CARTESIAN_POINT ( 'NONE',  ( 30.75271348842726482, -0.5097782322938990696, 0.2999999999999999889 ) ) ;
#881 = LINE ( 'NONE', #1210, #2824 ) ;
#882 = VERTEX_POINT ( 'NONE', #3104 ) ;
#883 = EDGE_CURVE ( 'NONE', #3228, #677, #3582, .T. ) ;
#884 = CARTESIAN_POINT ( 'NONE',  ( 29.52980122993776746, 4.149981090735569644, 16.29907566670755870 ) ) ;
#885 = ORIENTED_EDGE ( 'NONE', *, *, #3918, .F. ) ;
#886 =( BOUNDED_CURVE ( )  B_SPLINE_CURVE ( 3, ( #1012, #3807, #726, #971 ),
 .UNSPECIFIED., .F., .F. ) 
 B_SPLINE_CURVE_WITH_KNOTS ( ( 4, 4 ),
 ( 3.176078591650036920, 3.667699953046133832 ),
 .UNSPECIFIED. ) 
 CURVE ( )  GEOMETRIC_REPRESENTATION_ITEM ( )  RATIONAL_B_SPLINE_CURVE ( ( 1.000000000000000000, 0.9799602469832140450, 0.9799602469832140450, 1.000000000000000000 ) ) 
 REPRESENTATION_ITEM ( '' )  );
#887 = DIRECTION ( 'NONE',  ( -0.01657441405230464584, -0.9998626349648348510, -0.000000000000000000 ) ) ;
#888 = DIRECTION ( 'NONE',  ( -0.01657441405230464238, -0.9998626349648349620, -1.734723475976807094E-18 ) ) ;
#889 = ORIENTED_EDGE ( 'NONE', *, *, #3645, .T. ) ;
#890 = CARTESIAN_POINT ( 'NONE',  ( 29.42213622111535187, -2.343598264958009825, 1.499999999999996225 ) ) ;
#891 = CARTESIAN_POINT ( 'NONE',  ( 46.27954025300284968, 3.877854750882866242, -0.2999999999999997669 ) ) ;
#892 = CARTESIAN_POINT ( 'NONE',  ( 29.02219116712941371, -2.336968499337087390, 1.499999999999996225 ) ) ;
#893 = EDGE_LOOP ( 'NONE', ( #2354, #648, #4005, #1732 ) ) ;
#894 = AXIS2_PLACEMENT_3D ( 'NONE', #3144, #3814, #2195 ) ;
#895 = CARTESIAN_POINT ( 'NONE',  ( 29.60936138601598699, 8.734975367074101271, 21.36737564705965298 ) ) ;
#896 = EDGE_LOOP ( 'NONE', ( #3426, #2443, #1153, #2892, #1141, #1662 ) ) ;
#897 = EDGE_CURVE ( 'NONE', #1900, #3401, #3376, .T. ) ;
#898 = LINE ( 'NONE', #614, #3927 ) ;
#899 = EDGE_CURVE ( 'NONE', #1778, #3685, #1069, .T. ) ;
#900 = CIRCLE ( 'NONE', #3203, 0.4999999999999985567 ) ;
#901 = ADVANCED_FACE ( 'NONE', ( #1909 ), #926, .T. ) ;
#902 = DIRECTION ( 'NONE',  ( 0.01657441405230484707, 0.9998626349648348510, -4.132304650535057621E-17 ) ) ;
#903 = CARTESIAN_POINT ( 'NONE',  ( 51.23945012987321235, 9.146066115003907981, -0.06912792898340280878 ) ) ;
#904 = CARTESIAN_POINT ( 'NONE',  ( 30.10525603427360153, 8.946630307056260278, 21.24651367581768469 ) ) ;
#905 = ORIENTED_EDGE ( 'NONE', *, *, #2945, .F. ) ;
#906 = LINE ( 'NONE', #2158, #3892 ) ;
#907 = ORIENTED_EDGE ( 'NONE', *, *, #1649, .F. ) ;
#908 = CARTESIAN_POINT ( 'NONE',  ( 42.70962778319242403, 1.691450028915983728, -0.3000000000000014877 ) ) ;
#909 = CARTESIAN_POINT ( 'NONE',  ( 29.94213383819217000, 0.6481940468865399207, 10.78009954068491538 ) ) ;
#910 = ORIENTED_EDGE ( 'NONE', *, *, #1733, .F. ) ;
#911 = ADVANCED_FACE ( 'NONE', ( #349 ), #637, .F. ) ;
#912 = LINE ( 'NONE', #1917, #3539 ) ;
#913 = DIRECTION ( 'NONE',  ( 3.462121318424173032E-16, -4.706777519503276240E-17, -1.000000000000000000 ) ) ;
#914 = CARTESIAN_POINT ( 'NONE',  ( 30.23782383506047822, -2.357119666576611650, 0.2999999999999999334 ) ) ;
#915 = CARTESIAN_POINT ( 'NONE',  ( 28.43923997113533275, -2.485493928332777269, 0.000000000000000000 ) ) ;
#916 = VECTOR ( 'NONE', #2925, 100.0000000000000142 ) ;
#917 = ORIENTED_EDGE ( 'NONE', *, *, #4079, .F. ) ;
#918 = CARTESIAN_POINT ( 'NONE',  ( 30.34444227091363899, -2.358887047454387265, -5.366507301242259894E-16 ) ) ;
#919 = EDGE_LOOP ( 'NONE', ( #210, #1439, #2829, #20, #2913 ) ) ;
#920 = EDGE_CURVE ( 'NONE', #742, #1973, #482, .T. ) ;
#921 = CARTESIAN_POINT ( 'NONE',  ( 29.45289206297297468, -0.4882314940259307456, 3.155808947497007545E-15 ) ) ;
#922 = EDGE_CURVE ( 'NONE', #1799, #3912, #2833, .T. ) ;
#923 = AXIS2_PLACEMENT_3D ( 'NONE', #3835, #1580, #2836 ) ;
#924 = CARTESIAN_POINT ( 'NONE',  ( 43.32035187062144388, 0.9000505734030583849, -0.3000000000000015432 ) ) ;
#925 = CARTESIAN_POINT ( 'NONE',  ( 50.72452396733988422, 9.230977430243456183, 0.007098035743054264754 ) ) ;
#926 = PLANE ( 'NONE',  #3559 ) ;
#927 = DIRECTION ( 'NONE',  ( 0.01657441405230463891, 0.9998626349648349620, -0.000000000000000000 ) ) ;
#928 = FACE_OUTER_BOUND ( 'NONE', #3615, .T. ) ;
#929 = ORIENTED_EDGE ( 'NONE', *, *, #2258, .T. ) ;
#930 = CARTESIAN_POINT ( 'NONE',  ( 48.72204735959149247, 5.757841259949413093, -0.2999999999999985456 ) ) ;
#931 = EDGE_CURVE ( 'NONE', #1625, #3920, #36, .T. ) ;
#932 = CARTESIAN_POINT ( 'NONE',  ( 40.24572841237873178, 0.4665809341019960255, 0.2333333333333363069 ) ) ;
#933 = B_SPLINE_CURVE_WITH_KNOTS ( 'NONE', 3,
 ( #308, #1562, #2774, #3446 ),
 .UNSPECIFIED., .F., .F.,
 ( 4, 4 ),
 ( 0.000000000000000000, 0.0002972873641302978286 ),
 .UNSPECIFIED. ) ;
#934 = ORIENTED_EDGE ( 'NONE', *, *, #2465, .T. ) ;
#935 = DIRECTION ( 'NONE',  ( -0.9998626349648348510, 0.01657441405230524953, -1.334402673828314818E-16 ) ) ;
#936 = FACE_OUTER_BOUND ( 'NONE', #3630, .T. ) ;
#937 = B_SPLINE_CURVE_WITH_KNOTS ( 'NONE', 3,
 ( #3295, #480, #823, #132, #1157, #1748, #1426, #1136, #3005, #3655 ),
 .UNSPECIFIED., .F., .F.,
 ( 4, 2, 2, 2, 4 ),
 ( 2.851708117983869718E-16, 0.001626997474528551254, 0.003253994949056817580, 0.004880992423585083471, 0.006507989898113349797 ),
 .UNSPECIFIED. ) ;
#938 = CARTESIAN_POINT ( 'NONE',  ( 28.20098505762425489, -2.347382812896236182, -0.000000000000000000 ) ) ;
#939 = ORIENTED_EDGE ( 'NONE', *, *, #1722, .F. ) ;
#940 = CARTESIAN_POINT ( 'NONE',  ( 49.16621105951234227, 6.116450768821839468, -0.2999999999999987121 ) ) ;
#941 = VERTEX_POINT ( 'NONE', #2197 ) ;
#942 = CARTESIAN_POINT ( 'NONE',  ( 49.17749571059676583, 6.797204907840938226, -0.2999999999999978795 ) ) ;
#943 = CARTESIAN_POINT ( 'NONE',  ( 29.02219116712942792, -2.336968499337019889, 0.7516542889038804187 ) ) ;
#944 = CARTESIAN_POINT ( 'NONE',  ( 29.71033015920231790, 8.688459969020437157, 21.25604430198407968 ) ) ;
#945 = FACE_OUTER_BOUND ( 'NONE', #70, .T. ) ;
#946 = PLANE ( 'NONE',  #3019 ) ;
#947 = ORIENTED_EDGE ( 'NONE', *, *, #155, .F. ) ;
#948 = VECTOR ( 'NONE', #829, 100.0000000000000142 ) ;
#949 = CARTESIAN_POINT ( 'NONE',  ( 31.23829402084789564, -1.383786165277783642, 0.2999999999999996003 ) ) ;
#950 = EDGE_CURVE ( 'NONE', #3221, #1999, #1415, .T. ) ;
#951 = CARTESIAN_POINT ( 'NONE',  ( 51.17145771247020036, 9.040730433910384889, -0.4999999999973828158 ) ) ;
#952 = VERTEX_POINT ( 'NONE', #3185 ) ;
#953 = CARTESIAN_POINT ( 'NONE',  ( 29.45289206297297468, -0.4882314940259307456, 3.155808947497007545E-15 ) ) ;
#954 = CARTESIAN_POINT ( 'NONE',  ( 40.54380722007322646, 0.07239842842256831446, 0.1703389830508404701 ) ) ;
#955 = CARTESIAN_POINT ( 'NONE',  ( 39.90619924491100790, 0.3267662602876802436, -0.2742892121323318166 ) ) ;
#956 = ORIENTED_EDGE ( 'NONE', *, *, #1146, .F. ) ;
#957 = FACE_OUTER_BOUND ( 'NONE', #1475, .T. ) ;
#958 = DIRECTION ( 'NONE',  ( 0.01657441405230463891, 0.9998626349648348510, 0.000000000000000000 ) ) ;
#959 = VECTOR ( 'NONE', #1084, 100.0000000000000000 ) ;
#960 = CARTESIAN_POINT ( 'NONE',  ( 45.77314879775172329, 2.848985707733838080, -0.1468259096302639011 ) ) ;
#961 = B_SPLINE_SURFACE_WITH_KNOTS ( 'NONE', 2, 1, ( 
 ( #3787, #4073 ),
 ( #3980, #3665 ),
 ( #1760, #9 ) ),
 .UNSPECIFIED., .F., .F., .F.,
 ( 3, 3 ),
 ( 2, 2 ),
 ( 0.000000000000000000, 0.3958745458293171926 ),
 ( 0.000000000000000000, 1.000000000000000000 ),
 .UNSPECIFIED. ) ;
#962 = FACE_OUTER_BOUND ( 'NONE', #1698, .T. ) ;
#963 = CARTESIAN_POINT ( 'NONE',  ( 29.57717944503010088, 3.447380887901304369, 15.38862250548189969 ) ) ;
#964 = CARTESIAN_POINT ( 'NONE',  ( 29.45694249062516690, -0.2438867315338361375, 10.72997687891114538 ) ) ;
#965 = LINE ( 'NONE', #602, #1052 ) ;
#966 = ORIENTED_EDGE ( 'NONE', *, *, #3470, .T. ) ;
#967 = LINE ( 'NONE', #1281, #1903 ) ;
#968 = CARTESIAN_POINT ( 'NONE',  ( 29.83971824079822355, 6.578288670993464038, 18.93343118702587446 ) ) ;
#969 = ORIENTED_EDGE ( 'NONE', *, *, #1072, .F. ) ;
#970 = CARTESIAN_POINT ( 'NONE',  ( 29.78379555157514247, 8.951959058182042739, 21.74571932102849203 ) ) ;
#971 = CARTESIAN_POINT ( 'NONE',  ( 29.81243586272541179, 6.183488279899009399, 19.35769687038437326 ) ) ;
#972 = LINE ( 'NONE', #2843, #3022 ) ;
#973 = VERTEX_POINT ( 'NONE', #2235 ) ;
#974 = B_SPLINE_CURVE_WITH_KNOTS ( 'NONE', 2,
 ( #2181, #1848, #4004 ),
 .UNSPECIFIED., .F., .F.,
 ( 3, 3 ),
 ( 0.9458531777683888420, 0.9585772340791319790 ),
 .UNSPECIFIED. ) ;
#975 = CARTESIAN_POINT ( 'NONE',  ( 48.66335256864446279, 6.614704221257329486, -0.2496576537089087444 ) ) ;
#976 = CARTESIAN_POINT ( 'NONE',  ( 49.17095078505752781, 6.499884301795587405, -0.1766882592136226893 ) ) ;
#977 = ORIENTED_EDGE ( 'NONE', *, *, #3542, .T. ) ;
#978 = CARTESIAN_POINT ( 'NONE',  ( 45.56409838834216686, 2.677198893371150135, -0.2652212406526714417 ) ) ;
#979 = EDGE_CURVE ( 'NONE', #3513, #1973, #2108, .T. ) ;
#980 = VECTOR ( 'NONE', #3930, 100.0000000000000142 ) ;
#981 = CARTESIAN_POINT ( 'NONE',  ( 30.31904579061175298, -1.868616763265141367, 0.2999999999999999889 ) ) ;
#982 = CARTESIAN_POINT ( 'NONE',  ( 29.51628296686845232, 3.335867264561419798, 16.45197147569837881 ) ) ;
#983 = CARTESIAN_POINT ( 'NONE',  ( 0.01896740029930046867, 1.144221133962461057, 1.985179957108101255E-18 ) ) ;
#984 = EDGE_CURVE ( 'NONE', #792, #3805, #337, .T. ) ;
#985 = CARTESIAN_POINT ( 'NONE',  ( 50.73176923724148679, 8.379831103244523405, -0.4999999999999964473 ) ) ;
#986 = VERTEX_POINT ( 'NONE', #2532 ) ;
#987 = PRODUCT_DEFINITION ( 'UNKNOWN', '', #3350, #1869 ) ;
#988 = CARTESIAN_POINT ( 'NONE',  ( 51.15566641419783878, 9.016383975765910108, -0.4999999999999991673 ) ) ;
#989 = CARTESIAN_POINT ( 'NONE',  ( 29.79249615816383212, 6.550123324096038147, 18.90583238833136903 ) ) ;
#990 = VERTEX_POINT ( 'NONE', #2218 ) ;
#991 = ADVANCED_FACE ( 'NONE', ( #945 ), #369, .F. ) ;
#992 = CARTESIAN_POINT ( 'NONE',  ( 29.67102752831481638, 8.953828378870605675, 21.49781405236995724 ) ) ;
#993 = CARTESIAN_POINT ( 'NONE',  ( 29.83944402930193718, -2.436862696811047613, 0.2999999999999999889 ) ) ;
#994 = CARTESIAN_POINT ( 'NONE',  ( 31.23829402084788498, -1.383786165277783198, -0.4999999999999986122 ) ) ;
#995 = EDGE_LOOP ( 'NONE', ( #1670, #3285, #571, #2922, #3251 ) ) ;
#996 = CARTESIAN_POINT ( 'NONE',  ( 49.21528125210483040, 6.331436357895678491, -0.2999999999999981570 ) ) ;
#997 = CYLINDRICAL_SURFACE ( 'NONE', #171, 0.1749999999999973799 ) ;
#998 = VERTEX_POINT ( 'NONE', #1945 ) ;
#999 = EDGE_CURVE ( 'NONE', #1029, #2125, #3222, .T. ) ;
#1000 = CARTESIAN_POINT ( 'NONE',  ( 29.61019713784543939, 9.001302564853391530, 21.55799077579177592 ) ) ;
#1001 = CARTESIAN_POINT ( 'NONE',  ( 29.67745710386504143, 8.621848872691142418, 21.25614089595479328 ) ) ;
#1002 = CARTESIAN_POINT ( 'NONE',  ( 40.76048524534686379, -0.3034283397540648020, -0.3000000000000026534 ) ) ;
#1003 = CARTESIAN_POINT ( 'NONE',  ( 29.53809838140536215, 0.2548366642859311582, 10.91976858246143856 ) ) ;
#1004 = ORIENTED_EDGE ( 'NONE', *, *, #3914, .T. ) ;
#1005 = FACE_OUTER_BOUND ( 'NONE', #3093, .T. ) ;
#1006 = EDGE_CURVE ( 'NONE', #1264, #3851, #361, .T. ) ;
#1007 = CARTESIAN_POINT ( 'NONE',  ( 29.65044927988910572, 6.408185979496562545, 18.76714937553143514 ) ) ;
#1008 = EDGE_LOOP ( 'NONE', ( #1205, #2521, #3485, #3198, #428, #383, #3925, #470 ) ) ;
#1009 = AXIS2_PLACEMENT_3D ( 'NONE', #1165, #3320, #2729 ) ;
#1010 = ORIENTED_EDGE ( 'NONE', *, *, #1711, .T. ) ;
#1011 = CARTESIAN_POINT ( 'NONE',  ( 29.98944327801531529, 8.948550099343357545, 21.56940653441163036 ) ) ;
#1012 = CARTESIAN_POINT ( 'NONE',  ( 30.04736538869588358, 6.246921674498820742, 19.29037837007849987 ) ) ;
#1013 = CARTESIAN_POINT ( 'NONE',  ( 29.54871347048149133, 3.255072852956454099, 16.24948891403537488 ) ) ;
#1014 = ORIENTED_EDGE ( 'NONE', *, *, #347, .T. ) ;
#1015 = CARTESIAN_POINT ( 'NONE',  ( 50.80182032151434868, 9.341402012182880910, 0.008622383608504811600 ) ) ;
#1016 = CARTESIAN_POINT ( 'NONE',  ( 45.11386150680860396, 3.295827077140706773, -0.2787783749121329202 ) ) ;
#1017 = ORIENTED_EDGE ( 'NONE', *, *, #1438, .F. ) ;
#1018 = EDGE_CURVE ( 'NONE', #254, #352, #771, .T. ) ;
#1019 = EDGE_CURVE ( 'NONE', #279, #2133, #875, .T. ) ;
#1020 = LINE ( 'NONE', #452, #2399 ) ;
#1021 = CARTESIAN_POINT ( 'NONE',  ( 29.64624339306423195, 0.5933914916366347381, 10.35846257211169785 ) ) ;
#1022 = CARTESIAN_POINT ( 'NONE',  ( 30.07205583258206261, 9.000294491599943214, 21.24758088582654025 ) ) ;
#1023 = CARTESIAN_POINT ( 'NONE',  ( 29.60113989288025849, 8.454918192662232101, 20.57462005477973932 ) ) ;
#1024 = AXIS2_PLACEMENT_3D ( 'NONE', #2914, #1123, #2688 ) ;
#1025 = B_SPLINE_CURVE_WITH_KNOTS ( 'NONE', 3,
 ( #1951, #3804, #1359, #2879, #3213, #968, #3527, #989, #1321, #354, #2576, #2222, #1007, #697, #2594, #2558, #643, #663 ),
 .UNSPECIFIED., .F., .F.,
 ( 4, 2, 2, 2, 2, 2, 2, 2, 4 ),
 ( 0.000000000000000000, 0.001223429306529110958, 0.002446858613058221915, 0.003058573266322769588, 0.003670287919587316827, 0.004893717226116454239, 0.006117146532645590350, 0.007340575839174728195, 0.009787434452233031643 ),
 .UNSPECIFIED. ) ;
#1026 = ORIENTED_EDGE ( 'NONE', *, *, #600, .T. ) ;
#1027 = LINE ( 'NONE', #949, #2295 ) ;
#1028 = DIRECTION ( 'NONE',  ( -0.9998626349648348510, 0.01657441405230576301, -3.469446951953546643E-16 ) ) ;
#1029 = VERTEX_POINT ( 'NONE', #3231 ) ;
#1030 = VERTEX_POINT ( 'NONE', #2915 ) ;
#1031 = CARTESIAN_POINT ( 'NONE',  ( 29.68776262333489768, 8.953550966369807185, 21.26181151146166215 ) ) ;
#1032 = VECTOR ( 'NONE', #935, 100.0000000000000142 ) ;
#1033 = DIRECTION ( 'NONE',  ( 0.01657441405230464238, 0.9998626349648350731, 0.000000000000000000 ) ) ;
#1034 = CARTESIAN_POINT ( 'NONE',  ( 29.22108413575708497, 9.661383120241001876, 20.85670886413235792 ) ) ;
#1035 = ORIENTED_EDGE ( 'NONE', *, *, #309, .F. ) ;
#1036 = EDGE_CURVE ( 'NONE', #3238, #101, #581, .T. ) ;
#1037 = CARTESIAN_POINT ( 'NONE',  ( 29.41674935829490778, -2.668564374580253418, 0.2999999999999978795 ) ) ;
#1038 = CARTESIAN_POINT ( 'NONE',  ( 29.46828849945848461, 0.4405688548064812804, 9.976640682965170370 ) ) ;
#1039 = EDGE_LOOP ( 'NONE', ( #1630, #2903, #2996, #2452, #298 ) ) ;
#1040 = EDGE_CURVE ( 'NONE', #2172, #3415, #3877, .T. ) ;
#1041 = CARTESIAN_POINT ( 'NONE',  ( 29.86755956889640728, 0.2409931094288449704, 10.78769344265832508 ) ) ;
#1042 = ORIENTED_EDGE ( 'NONE', *, *, #2153, .T. ) ;
#1043 = EDGE_CURVE ( 'NONE', #2708, #240, #1168, .T. ) ;
#1044 = CYLINDRICAL_SURFACE ( 'NONE', #2477, 10.99999999999813660 ) ;
#1045 = FACE_OUTER_BOUND ( 'NONE', #1507, .T. ) ;
#1046 = CARTESIAN_POINT ( 'NONE',  ( 46.26952356825763246, 3.273591535754742043, -0.2999999999999999334 ) ) ;
#1047 = VERTEX_POINT ( 'NONE', #776 ) ;
#1048 = AXIS2_PLACEMENT_3D ( 'NONE', #2839, #1648, #2900 ) ;
#1049 = CARTESIAN_POINT ( 'NONE',  ( 29.57952447209467550, 7.146809560181840659, 19.45676392269215071 ) ) ;
#1050 = VECTOR ( 'NONE', #3307, 100.0000000000000000 ) ;
#1051 = CYLINDRICAL_SURFACE ( 'NONE', #1098, 0.2000000000000027589 ) ;
#1052 = VECTOR ( 'NONE', #1889, 100.0000000000000142 ) ;
#1053 = ORIENTED_EDGE ( 'NONE', *, *, #1852, .T. ) ;
#1054 = VERTEX_POINT ( 'NONE', #3287 ) ;
#1055 = CARTESIAN_POINT ( 'NONE',  ( 29.60465723160098506, 8.667104008181642172, 21.32036626962806025 ) ) ;
#1056 = CARTESIAN_POINT ( 'NONE',  ( 40.54581001587591516, 0.06951077564462018743, 0.1358362734493145374 ) ) ;
#1057 = CARTESIAN_POINT ( 'NONE',  ( 29.72657112231736320, 3.252124561600410413, 16.03607894622521712 ) ) ;
#1058 = EDGE_LOOP ( 'NONE', ( #372, #2281, #2357, #2882, #501 ) ) ;
#1059 = CARTESIAN_POINT ( 'NONE',  ( 30.49404579061175014, -1.868616763265141367, 0.2999999999999999889 ) ) ;
#1060 = CARTESIAN_POINT ( 'NONE',  ( 29.20948204595018183, 8.961479277557852896, 20.97078005303012915 ) ) ;
#1061 = ORIENTED_EDGE ( 'NONE', *, *, #3441, .T. ) ;
#1062 = CARTESIAN_POINT ( 'NONE',  ( 51.93437100625460090, 10.27478996622798668, -0.4999999999999986122 ) ) ;
#1063 = ORIENTED_EDGE ( 'NONE', *, *, #2987, .T. ) ;
#1064 = CARTESIAN_POINT ( 'NONE',  ( 29.52980122993775325, 3.867589398765557629, 16.16409042384518102 ) ) ;
#1065 = CARTESIAN_POINT ( 'NONE',  ( 45.85400271893195168, 3.884908755138781977, -0.2999999999999999889 ) ) ;
#1066 = B_SPLINE_CURVE_WITH_KNOTS ( 'NONE', 3,
 ( #1941, #942, #385, #3515, #3201, #3121, #2512, #3771, #2891, #303, #976, #689, #344, #1922, #1252, #2192, #13, #1862, #1270, #3458 ),
 .UNSPECIFIED., .F., .F.,
 ( 4, 2, 2, 2, 2, 2, 2, 2, 2, 4 ),
 ( 0.000000000000000000, 0.0009765091345464277893, 0.001464763701819621301, 0.001953018269092814813, 0.002929527403639240000, 0.003906036538185665187, 0.004882545672732089941, 0.005859054807278515561, 0.006835563941824941182, 0.007812073076371365069 ),
 .UNSPECIFIED. ) ;
#1067 = ORIENTED_EDGE ( 'NONE', *, *, #1520, .F. ) ;
#1068 = LINE ( 'NONE', #3590, #719 ) ;
#1069 = B_SPLINE_CURVE_WITH_KNOTS ( 'NONE', 2,
 ( #3399, #1002, #2571 ),
 .UNSPECIFIED., .F., .F.,
 ( 3, 3 ),
 ( 0.3769880855403204278, 0.4023990127107521242 ),
 .UNSPECIFIED. ) ;
#1070 = CARTESIAN_POINT ( 'NONE',  ( 50.77165332997418545, 9.298186877850335819, -0.02189348831821954014 ) ) ;
#1071 = ORIENTED_EDGE ( 'NONE', *, *, #3395, .T. ) ;
#1072 = EDGE_CURVE ( 'NONE', #2559, #202, #2995, .T. ) ;
#1073 = CARTESIAN_POINT ( 'NONE',  ( 40.56883358459370470, 0.04605763050168858869, 0.03903142178969139231 ) ) ;
#1074 = CARTESIAN_POINT ( 'NONE',  ( 44.96360210105974886, 2.999545005631353511, 0.1999999999999996225 ) ) ;
#1075 = B_SPLINE_CURVE_WITH_KNOTS ( 'NONE', 2,
 ( #3262, #2950, #1078 ),
 .UNSPECIFIED., .F., .F.,
 ( 3, 3 ),
 ( 0.000000000000000000, 0.7967053436417098622 ),
 .UNSPECIFIED. ) ;
#1076 = ORIENTED_EDGE ( 'NONE', *, *, #1808, .T. ) ;
#1077 = CIRCLE ( 'NONE', #1865, 19.50215235425126181 ) ;
#1078 = CARTESIAN_POINT ( 'NONE',  ( 48.72204735959149247, 5.757841259949413093, -0.4999999999999970579 ) ) ;
#1079 = FACE_OUTER_BOUND ( 'NONE', #2368, .T. ) ;
#1080 =( NAMED_UNIT ( * ) PLANE_ANGLE_UNIT ( ) SI_UNIT ( $, .RADIAN. ) );
#1081 = CIRCLE ( 'NONE', #3117, 0.8016513616222679106 ) ;
#1082 = CARTESIAN_POINT ( 'NONE',  ( 41.04285810721555805, 0.06412581601820759036, -0.3000000000000024314 ) ) ;
#1083 = ORIENTED_EDGE ( 'NONE', *, *, #1762, .F. ) ;
#1084 = DIRECTION ( 'NONE',  ( 1.665680818703648634E-16, 7.087759561701499957E-19, -1.000000000000000000 ) ) ;
#1085 = CARTESIAN_POINT ( 'NONE',  ( 30.05885587995366492, 8.945283828738480381, 21.24794809331386602 ) ) ;
#1086 = ADVANCED_FACE ( 'NONE', ( #1045 ), #2325, .F. ) ;
#1087 = ORIENTED_EDGE ( 'NONE', *, *, #2375, .T. ) ;
#1088 = LINE ( 'NONE', #717, #1050 ) ;
#1089 = LINE ( 'NONE', #761, #2167 ) ;
#1090 = CIRCLE ( 'NONE', #3261, 0.4999999999999985567 ) ;
#1091 = ORIENTED_EDGE ( 'NONE', *, *, #2606, .T. ) ;
#1092 = EDGE_CURVE ( 'NONE', #699, #3381, #2739, .T. ) ;
#1093 = FACE_OUTER_BOUND ( 'NONE', #2047, .T. ) ;
#1094 = CARTESIAN_POINT ( 'NONE',  ( 29.42213622111535187, -2.343598264958009825, 1.499999999999996225 ) ) ;
#1095 = CARTESIAN_POINT ( 'NONE',  ( 29.51528459274236482, 3.275639676349910268, 15.15077155702975986 ) ) ;
#1096 = ORIENTED_EDGE ( 'NONE', *, *, #3043, .T. ) ;
#1097 = CIRCLE ( 'NONE', #1750, 0.4999999999999985567 ) ;
#1098 = AXIS2_PLACEMENT_3D ( 'NONE', #62, #22, #679 ) ;
#1099 = CARTESIAN_POINT ( 'NONE',  ( 28.78118743939269208, -9.333935142334325974, -0.1750000000000037081 ) ) ;
#1100 = LINE ( 'NONE', #173, #305 ) ;
#1101 = DIRECTION ( 'NONE',  ( -0.01657441405230464238, -0.9998626349648349620, 0.000000000000000000 ) ) ;
#1102 = CARTESIAN_POINT ( 'NONE',  ( 29.58586724368139542, 7.533585394852870820, 20.49858392123649153 ) ) ;
#1103 = ORIENTED_EDGE ( 'NONE', *, *, #3959, .T. ) ;
#1104 = CARTESIAN_POINT ( 'NONE',  ( 45.55983822428920860, 3.644929152054813937, -0.2363932117419891565 ) ) ;
#1105 = EDGE_CURVE ( 'NONE', #105, #1900, #3921, .T. ) ;
#1106 = EDGE_LOOP ( 'NONE', ( #2107, #1666, #23, #3273, #2238, #2402, #3538, #1442, #3847, #1004, #4030, #3310, #97, #1962, #3820, #1656, #1035, #3529 ) ) ;
#1107 = CARTESIAN_POINT ( 'NONE',  ( 45.47016318416308422, 3.391202852591134409, 0.2000000000000000111 ) ) ;
#1108 = AXIS2_PLACEMENT_3D ( 'NONE', #820, #2622, #3403 ) ;
#1109 = EDGE_CURVE ( 'NONE', #3748, #254, #3437, .T. ) ;
#1110 = CARTESIAN_POINT ( 'NONE',  ( 45.85400271893195168, 3.884908755138781977, -0.2999999999999999889 ) ) ;
#1111 = EDGE_LOOP ( 'NONE', ( #3370, #2372, #2865, #2675 ) ) ;
#1112 = CARTESIAN_POINT ( 'NONE',  ( 29.52986991245529680, 4.155508862310840712, 16.30592310456528793 ) ) ;
#1113 = EDGE_CURVE ( 'NONE', #706, #2009, #2973, .T. ) ;
#1114 = CARTESIAN_POINT ( 'NONE',  ( 40.71857224584126556, -0.09623529628688107240, -0.1839501175465301785 ) ) ;
#1115 = CARTESIAN_POINT ( 'NONE',  ( 28.59657810428498692, -2.493693956469361872, 0.000000000000000000 ) ) ;
#1116 = DIRECTION ( 'NONE',  ( -0.9998626349648349620, 0.01657441405230474646, 0.000000000000000000 ) ) ;
#1117 = VERTEX_POINT ( 'NONE', #160 ) ;
#1118 = CARTESIAN_POINT ( 'NONE',  ( 40.54264117998302197, 0.07241775750896539687, 0.1897516765234421587 ) ) ;
#1119 = CARTESIAN_POINT ( 'NONE',  ( 29.43854127791119524, -1.353952219983597605, 1.499999999999998890 ) ) ;
#1120 = DIRECTION ( 'NONE',  ( 0.9998626349648348510, -0.01657441405230463891, 3.341506680459168366E-16 ) ) ;
#1121 = DIRECTION ( 'NONE',  ( -0.000000000000000000, -0.000000000000000000, -1.000000000000000000 ) ) ;
#1122 = ORIENTED_EDGE ( 'NONE', *, *, #1772, .T. ) ;
#1123 = DIRECTION ( 'NONE',  ( -3.462121318424173032E-16, 4.706777519503276240E-17, 1.000000000000000000 ) ) ;
#1124 = EDGE_CURVE ( 'NONE', #3359, #1218, #2275, .T. ) ;
#1125 = CARTESIAN_POINT ( 'NONE',  ( 40.14872895616260706, 0.4259625031563214481, -0.09853633092601359056 ) ) ;
#1126 = B_SPLINE_CURVE_WITH_KNOTS ( 'NONE', 3,
 ( #2793, #3672, #541, #391, #658, #1645, #2553, #350, #1946, #58, #3186, #1258, #2897, #2257, #1318, #1581, #3854, #1023 ),
 .UNSPECIFIED., .F., .F.,
 ( 4, 2, 2, 2, 2, 2, 2, 2, 4 ),
 ( 0.000000000000000000, 0.001116862487595755588, 0.001675293731393637069, 0.002233724975191518983, 0.003350587462787291918, 0.004467449950383065721, 0.005584312437978839090, 0.006701174925574611592, 0.008934899900766256342 ),
 .UNSPECIFIED. ) ;
#1127 = CARTESIAN_POINT ( 'NONE',  ( 30.06460749944760025, 6.246933188713487795, 18.98925470086113876 ) ) ;
#1128 = ORIENTED_EDGE ( 'NONE', *, *, #2258, .F. ) ;
#1129 = CARTESIAN_POINT ( 'NONE',  ( 30.05974497974182214, 6.647167883581976966, 19.29018020276335577 ) ) ;
#1130 = DIRECTION ( 'NONE',  ( 0.01657441405230608913, 0.9998626349648349620, 0.000000000000000000 ) ) ;
#1131 = ORIENTED_EDGE ( 'NONE', *, *, #3057, .T. ) ;
#1132 = CARTESIAN_POINT ( 'NONE',  ( 46.05609606105326037, 3.088113894206703236, -0.2540750173215961527 ) ) ;
#1133 = EDGE_CURVE ( 'NONE', #3202, #2202, #4027, .T. ) ;
#1134 = CARTESIAN_POINT ( 'NONE',  ( 40.67711678403341580, -0.05960920597759436501, -0.1443825807089313684 ) ) ;
#1135 = CARTESIAN_POINT ( 'NONE',  ( 29.41452373806752618, -10.34457114643315911, -0.5000000000000029976 ) ) ;
#1136 = CARTESIAN_POINT ( 'NONE',  ( 29.73108967222651344, 6.129567043655544722, 19.30902956102523405 ) ) ;
#1137 = ORIENTED_EDGE ( 'NONE', *, *, #3429, .T. ) ;
#1138 = CARTESIAN_POINT ( 'NONE',  ( 49.16724287765156021, 6.117757567723009160, -0.4333287127132650629 ) ) ;
#1139 = CARTESIAN_POINT ( 'NONE',  ( 29.22216369412238279, -2.340283382147479774, -0.5000000000000034417 ) ) ;
#1140 = CARTESIAN_POINT ( 'NONE',  ( 29.22216369412238279, -2.340283382147479774, -0.5000000000000032196 ) ) ;
#1141 = ORIENTED_EDGE ( 'NONE', *, *, #3057, .F. ) ;
#1142 = CARTESIAN_POINT ( 'NONE',  ( 40.52347592407304688, 0.07273545403623044026, 0.1998220494806070835 ) ) ;
#1143 = ORIENTED_EDGE ( 'NONE', *, *, #3199, .F. ) ;
#1144 = CARTESIAN_POINT ( 'NONE',  ( 40.52203892539461805, 0.5851772632036202904, -0.1182141534444832442 ) ) ;
#1145 = CARTESIAN_POINT ( 'NONE',  ( 40.12734271921971896, 0.4170757028557695034, -0.1251725526571229319 ) ) ;
#1146 = EDGE_CURVE ( 'NONE', #3061, #3315, #2689, .T. ) ;
#1147 = EDGE_CURVE ( 'NONE', #3508, #1584, #3561, .T. ) ;
#1148 = ADVANCED_FACE ( 'NONE', ( #2065, #1531 ), #204, .F. ) ;
#1149 = CARTESIAN_POINT ( 'NONE',  ( 50.38362582267946976, 8.755236362619962520, -0.2860558563460789405 ) ) ;
#1150 = EDGE_LOOP ( 'NONE', ( #1659, #2656 ) ) ;
#1151 = CARTESIAN_POINT ( 'NONE',  ( 51.50995286343324864, 9.573823056998334025, -0.2761768091072481779 ) ) ;
#1152 = DIRECTION ( 'NONE',  ( -0.01657441405230608913, -0.9998626349648349620, 0.000000000000000000 ) ) ;
#1153 = ORIENTED_EDGE ( 'NONE', *, *, #3180, .F. ) ;
#1154 = CARTESIAN_POINT ( 'NONE',  ( 29.51582121740297282, 3.308011918617152602, 16.41882981979725997 ) ) ;
#1155 = DIRECTION ( 'NONE',  ( 0.01657441405230464931, 0.9998626349648349620, 3.469446951953613418E-18 ) ) ;
#1156 = FACE_OUTER_BOUND ( 'NONE', #1039, .T. ) ;
#1157 = CARTESIAN_POINT ( 'NONE',  ( 29.59904895256321211, 5.953687761566199832, 19.15039211998446689 ) ) ;
#1158 = ORIENTED_EDGE ( 'NONE', *, *, #931, .T. ) ;
#1159 = B_SPLINE_CURVE_WITH_KNOTS ( 'NONE', 3,
 ( #796, #1739, #1129, #1974 ),
 .UNSPECIFIED., .F., .F.,
 ( 4, 4 ),
 ( 0.000000000000000000, 0.0001725263028967287708 ),
 .UNSPECIFIED. ) ;
#1160 = CARTESIAN_POINT ( 'NONE',  ( 30.72195764656964201, -2.365145003225936460, -0.2000000000000000111 ) ) ;
#1161 = CARTESIAN_POINT ( 'NONE',  ( 0.06206087683529257909, 3.743863984871032891, 1.368481137968632239E-17 ) ) ;
#1162 = ORIENTED_EDGE ( 'NONE', *, *, #2929, .T. ) ;
#1163 = ORIENTED_EDGE ( 'NONE', *, *, #2217, .T. ) ;
#1164 = ADVANCED_FACE ( 'NONE', ( #3325 ), #961, .F. ) ;
#1165 = CARTESIAN_POINT ( 'NONE',  ( 29.05294700898703297, -0.4816017284050085334, 3.089195566019497995E-15 ) ) ;
#1166 = ORIENTED_EDGE ( 'NONE', *, *, #3236, .F. ) ;
#1167 = CARTESIAN_POINT ( 'NONE',  ( 40.29558342314044239, 0.4876627201054585248, 0.09425753883277514233 ) ) ;
#1168 = B_SPLINE_CURVE_WITH_KNOTS ( 'NONE', 2,
 ( #1334, #2027, #2365 ),
 .UNSPECIFIED., .F., .F.,
 ( 3, 3 ),
 ( 0.6896374195886108005, 0.8135633663519704628 ),
 .UNSPECIFIED. ) ;
#1169 = AXIS2_PLACEMENT_3D ( 'NONE', #111, #1657, #3928 ) ;
#1170 = EDGE_CURVE ( 'NONE', #2684, #874, #2171, .T. ) ;
#1171 = EDGE_CURVE ( 'NONE', #3001, #3401, #1508, .T. ) ;
#1172 = CARTESIAN_POINT ( 'NONE',  ( 50.75499508474196375, 9.274392758526209590, 0.1056516145403938456 ) ) ;
#1173 = CARTESIAN_POINT ( 'NONE',  ( 29.32161017843620954, 3.658892427641530887, 15.66641791636911663 ) ) ;
#1174 = CARTESIAN_POINT ( 'NONE',  ( 29.67490954655029967, -2.347788410294622263, 1.499999999999998890 ) ) ;
#1175 = ORIENTED_EDGE ( 'NONE', *, *, #1583, .T. ) ;
#1176 = CARTESIAN_POINT ( 'NONE',  ( 29.58830939182408670, 3.231839771771813474, 15.96859319677697542 ) ) ;
#1177 = ORIENTED_EDGE ( 'NONE', *, *, #3609, .F. ) ;
#1178 = CARTESIAN_POINT ( 'NONE',  ( 45.46303412731425908, 2.991266075201659991, 0.2223407802516422505 ) ) ;
#1179 = CARTESIAN_POINT ( 'NONE',  ( 29.42016398213926820, -2.462574902876867089, 0.4473647184588356862 ) ) ;
#1180 = CARTESIAN_POINT ( 'NONE',  ( 29.76102900497483716, 0.6477169620797924576, 10.49183570673655375 ) ) ;
#1181 = ORIENTED_EDGE ( 'NONE', *, *, #3588, .F. ) ;
#1182 = AXIS2_PLACEMENT_3D ( 'NONE', #1222, #4052, #1185 ) ;
#1183 = CARTESIAN_POINT ( 'NONE',  ( 48.85791097929693905, 6.335457355553137937, 0.2000000000000018985 ) ) ;
#1184 = CARTESIAN_POINT ( 'NONE',  ( 50.77576818653075463, 9.304077780756347948, 0.2042000000000034343 ) ) ;
#1185 = DIRECTION ( 'NONE',  ( -0.9998626349648349620, 0.01657441405230613424, 0.000000000000000000 ) ) ;
#1186 = ORIENTED_EDGE ( 'NONE', *, *, #2410, .F. ) ;
#1187 = CARTESIAN_POINT ( 'NONE',  ( 29.62709807832714759, 8.748140382128497095, 21.36681510368962833 ) ) ;
#1188 = VERTEX_POINT ( 'NONE', #3040 ) ;
#1189 = CARTESIAN_POINT ( 'NONE',  ( 40.27210028039772993, 0.4777149198339905034, 0.1685021496002848118 ) ) ;
#1190 = EDGE_CURVE ( 'NONE', #242, #1930, #3081, .T. ) ;
#1191 = CARTESIAN_POINT ( 'NONE',  ( 50.67016512333879774, 9.153901524646283150, -0.08863262788087028499 ) ) ;
#1192 = CARTESIAN_POINT ( 'NONE',  ( 30.08302393542356867, 6.246627905142966952, 18.98891532737466292 ) ) ;
#1193 = DIRECTION ( 'NONE',  ( 0.9998626349648348510, -0.01657441405230463544, -0.000000000000000000 ) ) ;
#1194 = ORIENTED_EDGE ( 'NONE', *, *, #718, .T. ) ;
#1195 = CARTESIAN_POINT ( 'NONE',  ( 29.51494528117184046, 3.255170478469777251, 16.35547429763167315 ) ) ;
#1196 = ORIENTED_EDGE ( 'NONE', *, *, #1036, .F. ) ;
#1197 = CARTESIAN_POINT ( 'NONE',  ( 42.84628836171076927, 9.935591010429309478, -0.2999999999999993783 ) ) ;
#1198 = LINE ( 'NONE', #234, #2014 ) ;
#1199 = ORIENTED_EDGE ( 'NONE', *, *, #3479, .F. ) ;
#1200 = ADVANCED_FACE ( 'NONE', ( #3512 ), #1958, .F. ) ;
#1201 =( BOUNDED_CURVE ( )  B_SPLINE_CURVE ( 3, ( #2523, #3785, #1285, #2542 ),
 .UNSPECIFIED., .F., .F. ) 
 B_SPLINE_CURVE_WITH_KNOTS ( ( 4, 4 ),
 ( 1.570796326794896558, 1.587371499803894137 ),
 .UNSPECIFIED. ) 
 CURVE ( )  GEOMETRIC_REPRESENTATION_ITEM ( )  RATIONAL_B_SPLINE_CURVE ( ( 1.000000000000000000, 0.9999771054343515875, 0.9999771054343515875, 1.000000000000000000 ) ) 
 REPRESENTATION_ITEM ( '' )  );
#1202 = DIRECTION ( 'NONE',  ( -0.01657441405230484707, -0.9998626349648348510, 1.203706215242022675E-35 ) ) ;
#1203 = DIRECTION ( 'NONE',  ( -0.9998626349648348510, 0.01657441405230464584, 0.000000000000000000 ) ) ;
#1204 = DIRECTION ( 'NONE',  ( 1.665680818703648634E-16, 7.087759561701499957E-19, -1.000000000000000000 ) ) ;
#1205 = ORIENTED_EDGE ( 'NONE', *, *, #425, .T. ) ;
#1206 = CYLINDRICAL_SURFACE ( 'NONE', #2529, 0.1750000000000029310 ) ;
#1207 = ORIENTED_EDGE ( 'NONE', *, *, #3199, .T. ) ;
#1208 = DIRECTION ( 'NONE',  ( 1.665393298452077782E-16, -1.025709229455379180E-18, -1.000000000000000000 ) ) ;
#1209 = CARTESIAN_POINT ( 'NONE',  ( 50.55904950531924413, 8.997800449002015810, -0.2010228903559777847 ) ) ;
#1210 = CARTESIAN_POINT ( 'NONE',  ( 31.22188896405205938, -2.373432210252088836, -0.7000000000000063949 ) ) ;
#1211 = CARTESIAN_POINT ( 'NONE',  ( 29.57952447209467550, 7.146809560181840659, 19.78179387253659982 ) ) ;
#1212 = ORIENTED_EDGE ( 'NONE', *, *, #3490, .T. ) ;
#1213 = ADVANCED_FACE ( 'NONE', ( #3493 ), #3533, .F. ) ;
#1214 = CYLINDRICAL_SURFACE ( 'NONE', #2826, 0.5000000000000004441 ) ;
#1215 = VERTEX_POINT ( 'NONE', #3888 ) ;
#1216 = LINE ( 'NONE', #2456, #2160 ) ;
#1217 = CARTESIAN_POINT ( 'NONE',  ( 40.94010902154791864, 0.7733708493773925330, -0.2872616465435719468 ) ) ;
#1218 = VERTEX_POINT ( 'NONE', #667 ) ;
#1219 = ADVANCED_FACE ( 'NONE', ( #404 ), #3155, .F. ) ;
#1220 = DIRECTION ( 'NONE',  ( -0.9998626349648349620, 0.01657441405230580117, -1.665334536937735304E-16 ) ) ;
#1221 = DIRECTION ( 'NONE',  ( -1.000000000000000000, 0.000000000000000000, -3.462121318424173032E-16 ) ) ;
#1222 = CARTESIAN_POINT ( 'NONE',  ( 30.12096050722544049, 9.646466147593919516, 21.74663514059541924 ) ) ;
#1223 = CARTESIAN_POINT ( 'NONE',  ( 28.59829324136192596, -2.786211380768412571, 6.846696022789177999E-16 ) ) ;
#1224 = ORIENTED_EDGE ( 'NONE', *, *, #867, .T. ) ;
#1225 = VECTOR ( 'NONE', #1618, 100.0000000000000142 ) ;
#1226 = B_SPLINE_CURVE_WITH_KNOTS ( 'NONE', 2,
 ( #3924, #500, #1095 ),
 .UNSPECIFIED., .F., .F.,
 ( 3, 3 ),
 ( 0.3935134651481852486, 0.6271975413135638666 ),
 .UNSPECIFIED. ) ;
#1227 = CARTESIAN_POINT ( 'NONE',  ( 29.90785547337994643, -2.613406747014588305, 0.000000000000000000 ) ) ;
#1228 = VERTEX_POINT ( 'NONE', #1034 ) ;
#1229 = CARTESIAN_POINT ( 'NONE',  ( 40.27037592089062912, 0.4769859681717054656, 0.1840794217395957111 ) ) ;
#1230 = CARTESIAN_POINT ( 'NONE',  ( 29.65605091404955829, 3.813708876401109560, 15.87611325952028807 ) ) ;
#1231 = CIRCLE ( 'NONE', #2938, 0.5000000000000001110 ) ;
#1232 = AXIS2_PLACEMENT_3D ( 'NONE', #2947, #131, #149 ) ;
#1233 = CIRCLE ( 'NONE', #2872, 0.1749999999999973799 ) ;
#1234 = CARTESIAN_POINT ( 'NONE',  ( 36.28800998878274697, -2.253622014754586900, -0.3000000000000047073 ) ) ;
#1235 = ADVANCED_FACE ( 'NONE', ( #49 ), #1981, .F. ) ;
#1236 = LINE ( 'NONE', #2734, #3017 ) ;
#1237 = CARTESIAN_POINT ( 'NONE',  ( 28.78118743939269208, -9.333935142334325974, -0.5000000000000032196 ) ) ;
#1238 = CARTESIAN_POINT ( 'NONE',  ( 0.000000000000000000, 0.000000000000000000, 0.000000000000000000 ) ) ;
#1239 = ORIENTED_EDGE ( 'NONE', *, *, #2308, .T. ) ;
#1240 = LINE ( 'NONE', #1197, #1251 ) ;
#1241 = EDGE_CURVE ( 'NONE', #28, #3965, #2906, .T. ) ;
#1242 = CARTESIAN_POINT ( 'NONE',  ( 27.23884348098842878, -1.317488509068562408, 0.2999999999999999889 ) ) ;
#1243 = VERTEX_POINT ( 'NONE', #109 ) ;
#1244 = LINE ( 'NONE', #3172, #1558 ) ;
#1245 = CARTESIAN_POINT ( 'NONE',  ( 29.47185946327227768, 0.6559896399365651165, 11.27921898938787493 ) ) ;
#1246 = CARTESIAN_POINT ( 'NONE',  ( 29.45694249062519887, -0.2438867315317866380, 3.156232876325736255E-15 ) ) ;
#1247 = AXIS2_PLACEMENT_3D ( 'NONE', #2035, #1746, #1424 ) ;
#1248 = ORIENTED_EDGE ( 'NONE', *, *, #252, .F. ) ;
#1249 = CARTESIAN_POINT ( 'NONE',  ( 29.01680430430896962, -2.661934608959339865, 0.2999999999999977685 ) ) ;
#1250 = ORIENTED_EDGE ( 'NONE', *, *, #1563, .T. ) ;
#1251 = VECTOR ( 'NONE', #3715, 100.0000000000000142 ) ;
#1252 = CARTESIAN_POINT ( 'NONE',  ( 49.16585339637369145, 6.381044591686528378, -0.02175419871485369250 ) ) ;
#1253 = VECTOR ( 'NONE', #3983, 100.0000000000000000 ) ;
#1254 = CARTESIAN_POINT ( 'NONE',  ( 29.02215908576421555, -2.338903829192747530, 0.7260614938434114540 ) ) ;
#1255 = EDGE_CURVE ( 'NONE', #1669, #3116, #972, .T. ) ;
#1256 = CARTESIAN_POINT ( 'NONE',  ( 30.04543440656242836, 8.884563106493594375, 21.24833087221623273 ) ) ;
#1257 = CARTESIAN_POINT ( 'NONE',  ( 29.70355015327729831, 3.557086286597956004, 15.53944724013398826 ) ) ;
#1258 = CARTESIAN_POINT ( 'NONE',  ( 29.70984268571923437, 8.759661764429333530, 20.81935906291130323 ) ) ;
#1259 = FACE_OUTER_BOUND ( 'NONE', #2220, .T. ) ;
#1260 = ORIENTED_EDGE ( 'NONE', *, *, #740, .T. ) ;
#1261 = CARTESIAN_POINT ( 'NONE',  ( 41.05550690469878816, 0.8271730007075069890, -0.3000000000000022649 ) ) ;
#1262 = B_SPLINE_SURFACE_WITH_KNOTS ( 'NONE', 2, 1, ( 
 ( #988, #3167 ),
 ( #353, #1606 ),
 ( #3780, #2536 ) ),
 .UNSPECIFIED., .F., .F., .F.,
 ( 3, 3 ),
 ( 2, 2 ),
 ( 0.9476357906707415513, 1.000000000000000000 ),
 ( 0.000000000000000000, 1.000000000000000000 ),
 .UNSPECIFIED. ) ;
#1263 = FACE_OUTER_BOUND ( 'NONE', #365, .T. ) ;
#1264 = VERTEX_POINT ( 'NONE', #1919 ) ;
#1265 = DIRECTION ( 'NONE',  ( 0.000000000000000000, 0.000000000000000000, 1.000000000000000000 ) ) ;
#1266 = CARTESIAN_POINT ( 'NONE',  ( 30.09961078566584902, 9.307277383580247587, 21.24688247531408081 ) ) ;
#1267 = CARTESIAN_POINT ( 'NONE',  ( 39.80957101581588375, 0.2881765691064449020, -0.2967369125164356913 ) ) ;
#1268 = EDGE_LOOP ( 'NONE', ( #2227, #1091, #250, #2479, #4076, #1705 ) ) ;
#1269 = CARTESIAN_POINT ( 'NONE',  ( 48.81730534664956167, 6.790038363506145203, -0.3000000000075496720 ) ) ;
#1270 = CARTESIAN_POINT ( 'NONE',  ( 49.15955813345277647, 6.330457043854466725, 0.1670018991375564199 ) ) ;
#1271 = CARTESIAN_POINT ( 'NONE',  ( 30.02151402291161020, 3.647290337804917737, 15.66641791636912195 ) ) ;
#1272 = CARTESIAN_POINT ( 'NONE',  ( 29.82922333821860406, 0.6319169198986660518, 10.45724220868175180 ) ) ;
#1273 = B_SPLINE_CURVE_WITH_KNOTS ( 'NONE', 3,
 ( #1753, #1138, #2706, #3008 ),
 .UNSPECIFIED., .F., .F.,
 ( 4, 4 ),
 ( 0.002000069308100059506, 0.004000138616200177993 ),
 .UNSPECIFIED. ) ;
#1274 = CARTESIAN_POINT ( 'NONE',  ( 29.91307235971036249, 3.628594466166624954, 15.63929916627820127 ) ) ;
#1275 = EDGE_CURVE ( 'NONE', #1900, #3260, #2975, .T. ) ;
#1276 = AXIS2_PLACEMENT_3D ( 'NONE', #2168, #2804, #3433 ) ;
#1277 = CARTESIAN_POINT ( 'NONE',  ( 29.45763779614204481, -0.2019419602720361195, 10.82506052480421310 ) ) ;
#1278 =( NAMED_UNIT ( * ) PLANE_ANGLE_UNIT ( ) SI_UNIT ( $, .RADIAN. ) );
#1279 = B_SPLINE_CURVE_WITH_KNOTS ( 'NONE', 2,
 ( #2013, #2352, #1110 ),
 .UNSPECIFIED., .F., .F.,
 ( 3, 3 ),
 ( 0.1950968719087230741, 0.3370897608443996218 ),
 .UNSPECIFIED. ) ;
#1280 = EDGE_LOOP ( 'NONE', ( #850, #1390, #910, #671 ) ) ;
#1281 = CARTESIAN_POINT ( 'NONE',  ( 29.43854127791119524, -1.353952219983603822, 3.155808947497007545E-15 ) ) ;
#1282 = DIRECTION ( 'NONE',  ( 1.000000000000000000, 0.000000000000000000, 0.000000000000000000 ) ) ;
#1283 = ORIENTED_EDGE ( 'NONE', *, *, #1627, .T. ) ;
#1284 = DIRECTION ( 'NONE',  ( 3.382917932875483327E-16, 2.470467893844505313E-16, -1.000000000000000000 ) ) ;
#1285 = CARTESIAN_POINT ( 'NONE',  ( 29.52980122993775680, 4.149984215746267857, 16.44644644965192626 ) ) ;
#1286 = EDGE_CURVE ( 'NONE', #3812, #2591, #2506, .T. ) ;
#1287 = CARTESIAN_POINT ( 'NONE',  ( 27.23884348098842878, -2.307406495602015717, 0.000000000000000000 ) ) ;
#1288 = B_SPLINE_CURVE_WITH_KNOTS ( 'NONE', 3,
 ( #593, #1843, #3119, #30, #2230, #300, #1940, #1310, #2866, #3514, #1572, #1249 ),
 .UNSPECIFIED., .F., .F.,
 ( 4, 2, 2, 2, 2, 4 ),
 ( 0.000000000000000000, 0.002224976934176368677, 0.003337465401264631728, 0.004449953868352895213, 0.006674930802529421316, 0.008899907736705948286 ),
 .UNSPECIFIED. ) ;
#1289 = ORIENTED_EDGE ( 'NONE', *, *, #857, .F. ) ;
#1290 = CARTESIAN_POINT ( 'NONE',  ( 29.83091392186864610, -2.806580049711332236, -0.000000000000000000 ) ) ;
#1291 = CARTESIAN_POINT ( 'NONE',  ( 40.64648524886008829, 0.5661256573099445744, -0.1371478369997936042 ) ) ;
#1292 = ORIENTED_EDGE ( 'NONE', *, *, #3353, .T. ) ;
#1293 = EDGE_CURVE ( 'NONE', #288, #3748, #3174, .T. ) ;
#1294 = AXIS2_PLACEMENT_3D ( 'NONE', #2086, #282, #1536 ) ;
#1295 = CARTESIAN_POINT ( 'NONE',  ( 29.02153295797534227, -2.376675407653310312, 0.5777124264040357504 ) ) ;
#1296 = CARTESIAN_POINT ( 'NONE',  ( 30.09899179283047133, 9.269936225971097343, 21.24688247531408436 ) ) ;
#1297 = CARTESIAN_POINT ( 'NONE',  ( 29.42105666275003273, 9.658068237430541103, -0.5000000000000032196 ) ) ;
#1298 = LINE ( 'NONE', #2236, #3757 ) ;
#1299 = EDGE_CURVE ( 'NONE', #1215, #405, #2926, .T. ) ;
#1301 = VECTOR ( 'NONE', #849, 100.0000000000000000 ) ;
#1300 = DIRECTION ( 'NONE',  ( 0.01657441405230463891, 0.9998626349648349620, -0.000000000000000000 ) ) ;
#1302 = VERTEX_POINT ( 'NONE', #359 ) ;
#1303 = CARTESIAN_POINT ( 'NONE',  ( 28.42062245136759557, -2.326996480554356150, -0.5000000000000036637 ) ) ;
#1304 = FACE_OUTER_BOUND ( 'NONE', #2392, .T. ) ;
#1305 = VERTEX_POINT ( 'NONE', #1634 ) ;
#1306 = FACE_OUTER_BOUND ( 'NONE', #1369, .T. ) ;
#1307 = DIRECTION ( 'NONE',  ( -0.01657441405230465278, -0.9998626349648348510, -3.469446951953612648E-18 ) ) ;
#1308 = CARTESIAN_POINT ( 'NONE',  ( 29.87961611655549632, 3.249587582004983322, 15.96634802857574087 ) ) ;
#1309 = ORIENTED_EDGE ( 'NONE', *, *, #1315, .T. ) ;
#1310 = CARTESIAN_POINT ( 'NONE',  ( 28.70373873530073183, -2.463940463280489102, 0.2999999999999999889 ) ) ;
#1311 = FACE_OUTER_BOUND ( 'NONE', #1385, .T. ) ;
#1312 = ORIENTED_EDGE ( 'NONE', *, *, #3230, .T. ) ;
#1313 = CARTESIAN_POINT ( 'NONE',  ( 29.53833485325345620, 4.040221886366214044, 16.16252821541438678 ) ) ;
#1314 = CARTESIAN_POINT ( 'NONE',  ( 29.60806369678898875, 8.872601303226231195, 21.46602673850569332 ) ) ;
#1315 = EDGE_CURVE ( 'NONE', #335, #2312, #705, .T. ) ;
#1316 = VECTOR ( 'NONE', #3694, 100.0000000000000142 ) ;
#1317 = DIRECTION ( 'NONE',  ( 0.01657441405230466666, 0.9998626349648349620, 1.734723475976807480E-18 ) ) ;
#1318 = CARTESIAN_POINT ( 'NONE',  ( 29.64551787008423034, 8.654898383166784726, 20.73556059906456639 ) ) ;
#1319 = ORIENTED_EDGE ( 'NONE', *, *, #3544, .T. ) ;
#1320 = LINE ( 'NONE', #2575, #133 ) ;
#1321 = CARTESIAN_POINT ( 'NONE',  ( 29.77793033753411578, 6.539922901467713601, 18.89585929268908870 ) ) ;
#1322 = ORIENTED_EDGE ( 'NONE', *, *, #799, .T. ) ;
#1323 = EDGE_LOOP ( 'NONE', ( #3551, #3768, #3809, #2971, #4024 ) ) ;
#1324 = CARTESIAN_POINT ( 'NONE',  ( 29.60278722721967171, 8.554294740655880247, 21.23944454867274345 ) ) ;
#1325 = PLANE ( 'NONE',  #324 ) ;
#1326 = CARTESIAN_POINT ( 'NONE',  ( 29.77449403957345808, 3.251330158203961762, 16.00746226909258496 ) ) ;
#1327 = ORIENTED_EDGE ( 'NONE', *, *, #2180, .T. ) ;
#1328 = EDGE_CURVE ( 'NONE', #1900, #1987, #69, .T. ) ;
#1329 = CARTESIAN_POINT ( 'NONE',  ( 50.77576818653075463, 9.304077780756347948, 0.2000000000000032863 ) ) ;
#1330 = LINE ( 'NONE', #3477, #2138 ) ;
#1331 = ORIENTED_EDGE ( 'NONE', *, *, #2050, .T. ) ;
#1332 = EDGE_CURVE ( 'NONE', #3202, #64, #1362, .T. ) ;
#1333 = CARTESIAN_POINT ( 'NONE',  ( 29.95620097094971968, 8.666875511328065329, 21.25070095663117442 ) ) ;
#1334 = CARTESIAN_POINT ( 'NONE',  ( 29.52986991245529680, 4.155508862310840712, 16.30592310456528793 ) ) ;
#1335 = FACE_OUTER_BOUND ( 'NONE', #3013, .T. ) ;
#1336 = ORIENTED_EDGE ( 'NONE', *, *, #2465, .F. ) ;
#1337 = DIRECTION ( 'NONE',  ( 0.01657441405230463891, 0.9998626349648349620, -0.000000000000000000 ) ) ;
#1338 = EDGE_CURVE ( 'NONE', #941, #1029, #2808, .T. ) ;
#1339 = LINE ( 'NONE', #2310, #3738 ) ;
#1340 = ORIENTED_EDGE ( 'NONE', *, *, #1957, .F. ) ;
#1341 = ORIENTED_EDGE ( 'NONE', *, *, #387, .F. ) ;
#1342 = CARTESIAN_POINT ( 'NONE',  ( 29.60345872789113031, 8.594803468673037017, 21.26858447510058880 ) ) ;
#1343 = DIRECTION ( 'NONE',  ( -0.9998626349648350731, 0.01657441405230462850, 0.000000000000000000 ) ) ;
#1344 = DIRECTION ( 'NONE',  ( -1.000000000000000000, 0.000000000000000000, 0.000000000000000000 ) ) ;
#1345 = ADVANCED_FACE ( 'NONE', ( #2640 ), #3923, .F. ) ;
#1346 = ORIENTED_EDGE ( 'NONE', *, *, #436, .F. ) ;
#1347 = EDGE_CURVE ( 'NONE', #1973, #2859, #2396, .T. ) ;
#1348 = CARTESIAN_POINT ( 'NONE',  ( 50.97629860168323290, 9.594253149000124381, -0.2563886625967656818 ) ) ;
#1349 = CARTESIAN_POINT ( 'NONE',  ( 48.53971623806148017, 6.476071814533404414, -0.2672617029890938523 ) ) ;
#1350 = ORIENTED_EDGE ( 'NONE', *, *, #3718, .F. ) ;
#1351 = CARTESIAN_POINT ( 'NONE',  ( 40.83483014126198896, 0.06757423135229470579, -0.1883538400734098006 ) ) ;
#1352 = VERTEX_POINT ( 'NONE', #3969 ) ;
#1353 = DIRECTION ( 'NONE',  ( -0.01657441405230464238, -0.9998626349648349620, -1.734723475976807094E-18 ) ) ;
#1354 = CARTESIAN_POINT ( 'NONE',  ( 45.49948527754335714, 3.596662679629832660, -0.2048668296643438858 ) ) ;
#1355 = B_SPLINE_CURVE_WITH_KNOTS ( 'NONE', 3,
 ( #2885, #2207, #380, #2561, #3511, #993, #2244, #646, #685, #666, #1590, #1936 ),
 .UNSPECIFIED., .F., .F.,
 ( 4, 2, 2, 2, 2, 4 ),
 ( 6.059128614320847718E-17, 0.002224602696949780009, 0.004449205393899499303, 0.005561506742374435278, 0.006673808090849370385, 0.008898410787799080138 ),
 .UNSPECIFIED. ) ;
#1356 = CARTESIAN_POINT ( 'NONE',  ( 46.07509337957937845, 3.104439888300515094, -0.2622714650562321670 ) ) ;
#1357 = VERTEX_POINT ( 'NONE', #2659 ) ;
#1358 = CARTESIAN_POINT ( 'NONE',  ( 29.43109815211983360, -9.344708511468324375, -0.5000000000000029976 ) ) ;
#1359 = CARTESIAN_POINT ( 'NONE',  ( 30.00751474966062560, 6.631764608195854116, 18.98685323980581430 ) ) ;
#1360 = ORIENTED_EDGE ( 'NONE', *, *, #2993, .T. ) ;
#1361 = VERTEX_POINT ( 'NONE', #3946 ) ;
#1362 = B_SPLINE_CURVE_WITH_KNOTS ( 'NONE', 3,
 ( #727, #3242, #1115, #2017 ),
 .UNSPECIFIED., .F., .F.,
 ( 4, 4 ),
 ( 0.000000000000000000, 0.004913971239142208257 ),
 .UNSPECIFIED. ) ;
#1363 = CARTESIAN_POINT ( 'NONE',  ( 29.21402111880147956, -2.831489695086466973, -0.5000000000000032196 ) ) ;
#1364 = AXIS2_PLACEMENT_3D ( 'NONE', #318, #2522, #2224 ) ;
#1365 = VECTOR ( 'NONE', #2840, 100.0000000000000000 ) ;
#1366 = CARTESIAN_POINT ( 'NONE',  ( 40.86009493123800240, -0.1873491726358345877, -0.2672988696140593534 ) ) ;
#1367 = CARTESIAN_POINT ( 'NONE',  ( 29.40945457291341825, 8.958164392955156430, -0.5000000000000032196 ) ) ;
#1368 = ADVANCED_FACE ( 'NONE', ( #1404 ), #3905, .F. ) ;
#1369 = EDGE_LOOP ( 'NONE', ( #2807, #2585, #1880, #1418, #3306, #1696, #1993, #1463 ) ) ;
#1370 = CARTESIAN_POINT ( 'NONE',  ( 30.14404579061175582, -1.868616763265141367, 0.2999999999999999889 ) ) ;
#1371 = CARTESIAN_POINT ( 'NONE',  ( 29.07191440928633597, 0.6626194055575029829, 10.49999999999999467 ) ) ;
#1372 = VERTEX_POINT ( 'NONE', #3634 ) ;
#1373 = CARTESIAN_POINT ( 'NONE',  ( 48.72204735959149247, 5.757841259949413093, -0.6999999999999985123 ) ) ;
#1374 = ORIENTED_EDGE ( 'NONE', *, *, #1299, .F. ) ;
#1375 = CARTESIAN_POINT ( 'NONE',  ( 29.47199796375852898, 0.4668045547407824181, 10.04248348167995708 ) ) ;
#1376 = CARTESIAN_POINT ( 'NONE',  ( 45.68420687059842322, 3.745361950737152057, -0.2806602857865388989 ) ) ;
#1377 = EDGE_CURVE ( 'NONE', #1616, #93, #213, .T. ) ;
#1378 = COLOUR_RGB ( '',0.7921568627450980005, 0.8196078431372548767, 0.9333333333333333481 ) ;
#1379 = ORIENTED_EDGE ( 'NONE', *, *, #1170, .F. ) ;
#1380 = B_SPLINE_CURVE_WITH_KNOTS ( 'NONE', 2,
 ( #1412, #3227, #1062 ),
 .UNSPECIFIED., .F., .F.,
 ( 3, 3 ),
 ( 0.9486755597194591605, 1.000000000000000000 ),
 .UNSPECIFIED. ) ;
#1381 = AXIS2_PLACEMENT_3D ( 'NONE', #563, #3734, #4066 ) ;
#1382 = CARTESIAN_POINT ( 'NONE',  ( 29.32161017843620954, 3.658892427641530887, -0.5000000000000032196 ) ) ;
#1383 = CARTESIAN_POINT ( 'NONE',  ( 29.43854127791119524, -1.353952219983633576, 0.3000000000000006550 ) ) ;
#1384 = ORIENTED_EDGE ( 'NONE', *, *, #1632, .F. ) ;
#1385 = EDGE_LOOP ( 'NONE', ( #1916, #2838, #566, #2284, #3770, #2715, #3030, #1010 ) ) ;
#1386 = LINE ( 'NONE', #2693, #3404 ) ;
#1387 = CARTESIAN_POINT ( 'NONE',  ( 40.83082201691704682, -0.1744939243178722510, -0.2549394010097352781 ) ) ;
#1388 = CARTESIAN_POINT ( 'NONE',  ( 29.42200999627168656, -2.351212863241681106, 0.6755762886751610630 ) ) ;
#1389 = CARTESIAN_POINT ( 'NONE',  ( 29.96477847480372247, 0.2477637201773665032, 10.77832148343091312 ) ) ;
#1390 = ORIENTED_EDGE ( 'NONE', *, *, #1597, .F. ) ;
#1391 = CARTESIAN_POINT ( 'NONE',  ( 50.81714980005273929, 9.363416559817942186, -0.03813258626704382759 ) ) ;
#1392 = CARTESIAN_POINT ( 'NONE',  ( 29.27188693627929439, 0.6593045227470255565, 10.49999999999996270 ) ) ;
#1393 = DIRECTION ( 'NONE',  ( 0.9998626349648348510, -0.01657441405230463891, 0.000000000000000000 ) ) ;
#1394 = ADVANCED_FACE ( 'NONE', ( #1775 ), #168, .F. ) ;
#1395 = CARTESIAN_POINT ( 'NONE',  ( 29.68868553434430524, 0.1727347620517038218, 10.86069187240843803 ) ) ;
#1396 = ORIENTED_EDGE ( 'NONE', *, *, #694, .T. ) ;
#1397 = LINE ( 'NONE', #793, #2667 ) ;
#1398 = CARTESIAN_POINT ( 'NONE',  ( 30.09899179283047133, 9.269936225971095567, 21.24688247531408081 ) ) ;
#1399 = ORIENTED_EDGE ( 'NONE', *, *, #1043, .T. ) ;
#1400 = CARTESIAN_POINT ( 'NONE',  ( 30.10525603427360153, 8.946630307056260278, 21.24651367581768469 ) ) ;
#1401 = DIRECTION ( 'NONE',  ( 0.9998626349648349620, -0.01657441405230466666, 3.341506680459168859E-16 ) ) ;
#1402 = EDGE_LOOP ( 'NONE', ( #818, #1959, #917, #1096, #1484, #2635, #2408, #682, #2624, #1374 ) ) ;
#1403 = CARTESIAN_POINT ( 'NONE',  ( 40.77758815537368520, -0.1419513152467241079, -0.2262270789625459577 ) ) ;
#1404 = FACE_OUTER_BOUND ( 'NONE', #695, .T. ) ;
#1405 = CARTESIAN_POINT ( 'NONE',  ( 49.16903249795637265, 6.288760321869646397, -0.2965637762119263665 ) ) ;
#1406 = EDGE_LOOP ( 'NONE', ( #2577, #780, #4026, #2488, #3698, #1399 ) ) ;
#1407 = VECTOR ( 'NONE', #809, 100.0000000000000142 ) ;
#1408 = CARTESIAN_POINT ( 'NONE',  ( 50.81169678944436896, 9.355581685214604093, -0.02288637087212043800 ) ) ;
#1409 = ADVANCED_FACE ( 'NONE', ( #3313 ), #2336, .T. ) ;
#1410 = FACE_OUTER_BOUND ( 'NONE', #2574, .T. ) ;
#1411 = AXIS2_PLACEMENT_3D ( 'NONE', #174, #485, #1433 ) ;
#1412 = CARTESIAN_POINT ( 'NONE',  ( 51.17145771247020036, 9.040730433910384889, -0.4999999999973828158 ) ) ;
#1413 = EDGE_LOOP ( 'NONE', ( #2661, #1764, #3216, #1817 ) ) ;
#1414 = CARTESIAN_POINT ( 'NONE',  ( 29.99347799689046568, 3.274381100601641226, 15.95244783077056994 ) ) ;
#1415 = B_SPLINE_CURVE_WITH_KNOTS ( 'NONE', 2,
 ( #982, #3501, #3445 ),
 .UNSPECIFIED., .F., .F.,
 ( 3, 3 ),
 ( 0.6710009487834682762, 0.8117909662077986699 ),
 .UNSPECIFIED. ) ;
#1416 = ADVANCED_FACE ( 'NONE', ( #2983 ), #3004, .F. ) ;
#1417 = CARTESIAN_POINT ( 'NONE',  ( 29.93550407257124490, 0.2482489929006059526, 10.78009954068491716 ) ) ;
#1418 = ORIENTED_EDGE ( 'NONE', *, *, #1613, .T. ) ;
#1419 = DIRECTION ( 'NONE',  ( 0.000000000000000000, 0.000000000000000000, 1.000000000000000000 ) ) ;
#1420 = DIRECTION ( 'NONE',  ( 0.01657441405230463891, 0.9998626349648349620, -0.000000000000000000 ) ) ;
#1421 = VECTOR ( 'NONE', #2972, 100.0000000000000142 ) ;
#1422 = ORIENTED_EDGE ( 'NONE', *, *, #504, .F. ) ;
#1423 = CARTESIAN_POINT ( 'NONE',  ( 29.02219116712941371, -2.336968499337017668, 0.7774384456261534959 ) ) ;
#1424 = DIRECTION ( 'NONE',  ( 0.9998626349648348510, -0.01657441405230463891, 0.000000000000000000 ) ) ;
#1425 = CARTESIAN_POINT ( 'NONE',  ( 29.95687380810761624, -0.2521739385579394588, 3.239499603172622996E-15 ) ) ;
#1426 = CARTESIAN_POINT ( 'NONE',  ( 29.66654242915290851, 6.063552475037727874, 19.24956834483696255 ) ) ;
#1427 = ORIENTED_EDGE ( 'NONE', *, *, #1842, .F. ) ;
#1428 = ADVANCED_FACE ( 'NONE', ( #1156 ), #2415, .F. ) ;
#1429 = AXIS2_PLACEMENT_3D ( 'NONE', #708, #3536, #1960 ) ;
#1430 = AXIS2_PLACEMENT_3D ( 'NONE', #784, #1747, #2722 ) ;
#1431 = CARTESIAN_POINT ( 'NONE',  ( 30.73836270336547827, -1.375498958251630821, -0.2000000000000000111 ) ) ;
#1432 = CARTESIAN_POINT ( 'NONE',  ( 48.40374646375612855, 6.325614241937763005, -0.2999999999949665708 ) ) ;
#1433 = DIRECTION ( 'NONE',  ( -0.9998626349648348510, 0.01657441405230573525, 0.000000000000000000 ) ) ;
#1434 = LINE ( 'NONE', #1082, #2849 ) ;
#1435 = ORIENTED_EDGE ( 'NONE', *, *, #2318, .F. ) ;
#1436 = CARTESIAN_POINT ( 'NONE',  ( 29.53717412015607735, 0.5416176701751946876, 10.22923827867193225 ) ) ;
#1437 = CARTESIAN_POINT ( 'NONE',  ( 28.38586654237514395, -2.441172815005093533, -0.000000000000000000 ) ) ;
#1438 = EDGE_CURVE ( 'NONE', #2642, #3763, #191, .T. ) ;
#1439 = ORIENTED_EDGE ( 'NONE', *, *, #899, .T. ) ;
#1440 = CARTESIAN_POINT ( 'NONE',  ( 45.43567369614502383, 3.426855057791609926, -0.01437893998642042828 ) ) ;
#1441 = CARTESIAN_POINT ( 'NONE',  ( 29.86711484156607810, 9.398795905511626358, 21.31286600761411876 ) ) ;
#1442 = ORIENTED_EDGE ( 'NONE', *, *, #3506, .T. ) ;
#1443 = CARTESIAN_POINT ( 'NONE',  ( 45.77175446266352310, 3.386629261935739876, 0.1793710138624886319 ) ) ;
#1444 = AXIS2_PLACEMENT_3D ( 'NONE', #3481, #3774, #2493 ) ;
#1445 = CYLINDRICAL_SURFACE ( 'NONE', #1108, 0.4999999999999985567 ) ;
#1446 = DIRECTION ( 'NONE',  ( 0.01657441405230465278, 0.9998626349648350731, 3.469446951953613418E-18 ) ) ;
#1447 = DIRECTION ( 'NONE',  ( -0.01657441405230464238, -0.9998626349648349620, 0.000000000000000000 ) ) ;
#1448 = VECTOR ( 'NONE', #3576, 100.0000000000000142 ) ;
#1449 = VERTEX_POINT ( 'NONE', #3277 ) ;
#1450 = CARTESIAN_POINT ( 'NONE',  ( 29.61478324912965121, 9.277962801432877882, 21.74663514059545122 ) ) ;
#1451 = FACE_OUTER_BOUND ( 'NONE', #3832, .T. ) ;
#1452 = EDGE_LOOP ( 'NONE', ( #1312, #3097, #3952, #1680, #1806, #2038 ) ) ;
#1453 = EDGE_CURVE ( 'NONE', #1728, #1966, #3258, .T. ) ;
#1454 = FACE_OUTER_BOUND ( 'NONE', #3948, .T. ) ;
#1455 = VERTEX_POINT ( 'NONE', #463 ) ;
#1456 = CARTESIAN_POINT ( 'NONE',  ( 29.32161017843620954, 3.658892427641530887, -0.5000000000000032196 ) ) ;
#1457 = CARTESIAN_POINT ( 'NONE',  ( 29.52158270542919638, 3.655577544831070558, 15.66641791636912195 ) ) ;
#1458 = CARTESIAN_POINT ( 'NONE',  ( 29.70578442560394805, 8.953252224520259261, 21.31075059397339189 ) ) ;
#1459 = VERTEX_POINT ( 'NONE', #1135 ) ;
#1460 = CYLINDRICAL_SURFACE ( 'NONE', #1968, 0.4999999999999985567 ) ;
#1461 = CARTESIAN_POINT ( 'NONE',  ( 29.92796673665366214, 9.357739057905977376, 21.28277763059974603 ) ) ;
#1462 = B_SPLINE_CURVE_WITH_KNOTS ( 'NONE', 3,
 ( #3849, #2848, #3811, #3141, #1016, #2270, #52, #2831, #3496, #670, #3177, #1615 ),
 .UNSPECIFIED., .F., .F.,
 ( 4, 2, 2, 2, 2, 4 ),
 ( 2.145734436807298652E-17, 0.001392309926827037855, 0.002088464890240486743, 0.002784619853653936064, 0.004176929780480969148, 0.005569239707308002232 ),
 .UNSPECIFIED. ) ;
#1463 = ORIENTED_EDGE ( 'NONE', *, *, #2193, .F. ) ;
#1464 = CARTESIAN_POINT ( 'NONE',  ( 45.84190424054542490, 2.906450311533736119, -0.06899527106055475256 ) ) ;
#1465 = CARTESIAN_POINT ( 'NONE',  ( 29.46109986238636935, 0.006909506002091697630, 11.27921898938789802 ) ) ;
#1466 = EDGE_CURVE ( 'NONE', #423, #2686, #2148, .T. ) ;
#1467 = DIRECTION ( 'NONE',  ( 0.000000000000000000, 0.000000000000000000, -1.000000000000000000 ) ) ;
#1468 = CARTESIAN_POINT ( 'NONE',  ( 51.16495597621619851, 9.297873703681396762, 0.1842750661623203112 ) ) ;
#1469 = ORIENTED_EDGE ( 'NONE', *, *, #1957, .T. ) ;
#1470 = CARTESIAN_POINT ( 'NONE',  ( 29.08956838170394477, -10.33918446186616080, -0.5000000000000029976 ) ) ;
#1471 = CARTESIAN_POINT ( 'NONE',  ( 29.80326345882101791, 3.646828615558908027, 15.66103125771015669 ) ) ;
#1472 = LINE ( 'NONE', #954, #3687 ) ;
#1473 = ADVANCED_FACE ( 'NONE', ( #2964 ), #2036, .F. ) ;
#1474 = EDGE_CURVE ( 'NONE', #3226, #2850, #39, .T. ) ;
#1475 = EDGE_LOOP ( 'NONE', ( #2939, #1224, #3333, #1283, #1596, #2025, #3021, #1087, #2389 ) ) ;
#1476 = CARTESIAN_POINT ( 'NONE',  ( 29.97284736512569481, 8.933234655739310526, 21.25572576639315159 ) ) ;
#1477 = EDGE_LOOP ( 'NONE', ( #73, #3875, #2694 ) ) ;
#1478 = FACE_OUTER_BOUND ( 'NONE', #2989, .T. ) ;
#1479 = CARTESIAN_POINT ( 'NONE',  ( 50.73879870932837122, 9.251296282013267813, 0.04460445235682135301 ) ) ;
#1480 = CARTESIAN_POINT ( 'NONE',  ( 30.01488425729068155, 3.247345283818983130, 16.45197147569836105 ) ) ;
#1481 = CARTESIAN_POINT ( 'NONE',  ( 29.03260236254530824, -1.708906158863316538, 14.45986411484235035 ) ) ;
#1482 = ORIENTED_EDGE ( 'NONE', *, *, #3523, .F. ) ;
#1483 = LINE ( 'NONE', #543, #3423 ) ;
#1484 = ORIENTED_EDGE ( 'NONE', *, *, #525, .F. ) ;
#1485 = DIRECTION ( 'NONE',  ( -0.9998626349648348510, 0.01657441405230573525, -1.665334536937734811E-16 ) ) ;
#1486 = AXIS2_PLACEMENT_3D ( 'NONE', #1497, #4017, #3725 ) ;
#1487 = CARTESIAN_POINT ( 'NONE',  ( 29.42111493944516809, -2.405207766118767410, 0.5320406911309277787 ) ) ;
#1488 = CARTESIAN_POINT ( 'NONE',  ( 29.22108413575708497, 9.661383120240994771, 8.640310689145281091E-15 ) ) ;
#1489 = ORIENTED_EDGE ( 'NONE', *, *, #899, .F. ) ;
#1490 = EDGE_CURVE ( 'NONE', #3710, #2157, #1636, .T. ) ;
#1491 = CARTESIAN_POINT ( 'NONE',  ( 30.01488425729068510, 3.247345283818983130, 15.15077155702974565 ) ) ;
#1492 = DIRECTION ( 'NONE',  ( -0.9998626349648349620, 0.01657441405230335868, 0.000000000000000000 ) ) ;
#1493 = CARTESIAN_POINT ( 'NONE',  ( 29.37133342059312113, 6.658480332536035995, 19.00215235425125471 ) ) ;
#1494 = ORIENTED_EDGE ( 'NONE', *, *, #3791, .F. ) ;
#1495 = DIRECTION ( 'NONE',  ( -2.220446049250313081E-16, 5.804399753985538537E-16, 1.000000000000000000 ) ) ;
#1496 = ORIENTED_EDGE ( 'NONE', *, *, #3180, .T. ) ;
#1497 = CARTESIAN_POINT ( 'NONE',  ( 30.82194391006612477, -2.366802444631166846, -0.2000000000000000111 ) ) ;
#1498 = CARTESIAN_POINT ( 'NONE',  ( 50.27832435838304548, 8.612227584705321348, -0.2993317901867602604 ) ) ;
#1499 = CARTESIAN_POINT ( 'NONE',  ( 29.99456261208354135, 6.652621255821294710, 19.00638366893975117 ) ) ;
#1500 = ADVANCED_FACE ( 'NONE', ( #2626 ), #2930, .F. ) ;
#1501 = LINE ( 'NONE', #3709, #1642 ) ;
#1502 = VERTEX_POINT ( 'NONE', #2644 ) ;
#1503 = CARTESIAN_POINT ( 'NONE',  ( 29.37133342059312113, 6.658480332536035995, 19.00215235425125471 ) ) ;
#1504 = ORIENTED_EDGE ( 'NONE', *, *, #920, .F. ) ;
#1505 = CARTESIAN_POINT ( 'NONE',  ( 29.95687380810761624, -0.2521739385579394033, 10.72997687891029628 ) ) ;
#1506 = CARTESIAN_POINT ( 'NONE',  ( 40.87303080729587634, 0.7424325910666070838, -0.2683480741643176071 ) ) ;
#1507 = EDGE_LOOP ( 'NONE', ( #795, #1949, #3059, #2185, #1212, #2670, #606 ) ) ;
#1508 = B_SPLINE_CURVE_WITH_KNOTS ( 'NONE', 3,
 ( #2087, #3643, #1267, #3767, #955, #2209, #3455, #630, #1899, #3960, #3435, #1145, #1125, #3349, #2387, #2406, #536, #1788, #610, #1858 ),
 .UNSPECIFIED., .F., .F.,
 ( 4, 2, 2, 2, 2, 2, 2, 2, 2, 4 ),
 ( 1.563658610346375379E-18, 0.001060494806273515117, 0.002120989612547028932, 0.003181484418820542531, 0.003711731821957364383, 0.004241979225094186234, 0.005302474031367717180, 0.006362968837641248127, 0.007423463643914780807, 0.008483958450188311753 ),
 .UNSPECIFIED. ) ;
#1509 = VECTOR ( 'NONE', #3702, 100.0000000000000000 ) ;
#1510 = DIRECTION ( 'NONE',  ( 3.330499076652585451E-16, -3.785903644536287438E-18, -1.000000000000000000 ) ) ;
#1511 = CARTESIAN_POINT ( 'NONE',  ( 30.04364942460926002, 3.634715583514160908, 15.65027219720725959 ) ) ;
#1512 = CARTESIAN_POINT ( 'NONE',  ( 39.73217152248156481, -0.4142160292780104891, -0.3000000000000029865 ) ) ;
#1513 = ORIENTED_EDGE ( 'NONE', *, *, #1537, .F. ) ;
#1514 = LINE ( 'NONE', #552, #225 ) ;
#1515 = ORIENTED_EDGE ( 'NONE', *, *, #3043, .F. ) ;
#1516 = CARTESIAN_POINT ( 'NONE',  ( 40.27862643847750235, 0.4804764976776764174, 0.1379604934895854729 ) ) ;
#1517 = ADVANCED_FACE ( 'NONE', ( #750 ), #2601, .T. ) ;
#1518 = CARTESIAN_POINT ( 'NONE',  ( 50.53458214858881092, 8.963695278118171572, -0.2177055097532816230 ) ) ;
#1519 = CARTESIAN_POINT ( 'NONE',  ( 40.27037592089062201, 0.4769859681717087962, -0.2553365848441299657 ) ) ;
#1520 = EDGE_CURVE ( 'NONE', #3321, #798, #2358, .T. ) ;
#1521 = CARTESIAN_POINT ( 'NONE',  ( 29.43109815211983360, -9.344708511468324375, -0.8250000000000035083 ) ) ;
#1522 = VERTEX_POINT ( 'NONE', #71 ) ;
#1523 = APPLICATION_PROTOCOL_DEFINITION ( 'draft international standard', 'automotive_design', 1998, #2931 ) ;
#1524 = ORIENTED_EDGE ( 'NONE', *, *, #2393, .T. ) ;
#1525 = DIRECTION ( 'NONE',  ( 1.000000000000000000, 0.000000000000000000, -1.779132396961811740E-12 ) ) ;
#1526 = CARTESIAN_POINT ( 'NONE',  ( 29.22108413575708497, 9.661383120240994771, 21.49999999999999645 ) ) ;
#1527 = EDGE_LOOP ( 'NONE', ( #3623, #2464, #2385, #956 ) ) ;
#1528 = DIRECTION ( 'NONE',  ( -0.9998626349648348510, 0.01657441405230524953, -1.334402673828314818E-16 ) ) ;
#1529 = CARTESIAN_POINT ( 'NONE',  ( 51.11043873219347233, 9.782862538669716557, 0.2042000000000036841 ) ) ;
#1530 = CARTESIAN_POINT ( 'NONE',  ( 49.27752137395131626, 6.422796374690702415, -0.2999999999999981570 ) ) ;
#1531 = FACE_OUTER_BOUND ( 'NONE', #2928, .T. ) ;
#1532 = ORIENTED_EDGE ( 'NONE', *, *, #1852, .F. ) ;
#1533 = EDGE_CURVE ( 'NONE', #1625, #125, #95, .T. ) ;
#1534 = CARTESIAN_POINT ( 'NONE',  ( 29.85371949902656397, 8.889574565052592803, 21.28796992237908370 ) ) ;
#1535 = VERTEX_POINT ( 'NONE', #1099 ) ;
#1536 = DIRECTION ( 'NONE',  ( -1.000000000000000000, 0.000000000000000000, -0.000000000000000000 ) ) ;
#1537 = EDGE_CURVE ( 'NONE', #3965, #2403, #287, .T. ) ;
#1538 = CARTESIAN_POINT ( 'NONE',  ( 29.61788138588787689, 9.464859977573663485, 21.87407340029110969 ) ) ;
#1539 = CARTESIAN_POINT ( 'NONE',  ( 28.78118743939269208, -9.333935142334325974, -0.8250000000000037303 ) ) ;
#1540 = EDGE_CURVE ( 'NONE', #623, #193, #510, .T. ) ;
#1541 = CARTESIAN_POINT ( 'NONE',  ( 29.05294700898703297, -0.4816017284049938785, 0.2999999999999977685 ) ) ;
#1542 = DIRECTION ( 'NONE',  ( 0.9998626349648349620, -0.01657441405230470483, 2.307182223049160062E-14 ) ) ;
#1543 = ORIENTED_EDGE ( 'NONE', *, *, #2908, .F. ) ;
#1544 = CARTESIAN_POINT ( 'NONE',  ( 28.78118743939269208, -9.333935142334325974, -0.1750000000000037081 ) ) ;
#1545 = CARTESIAN_POINT ( 'NONE',  ( 40.83016160440857334, 0.7228422962148801645, -0.2497593978005949455 ) ) ;
#1546 = ORIENTED_EDGE ( 'NONE', *, *, #2845, .F. ) ;
#1547 = CARTESIAN_POINT ( 'NONE',  ( 29.45289206297297468, -0.4882314940259307456, 3.155808947497007545E-15 ) ) ;
#1548 = LINE ( 'NONE', #608, #1729 ) ;
#1549 = CARTESIAN_POINT ( 'NONE',  ( 28.59563592806793153, -2.329897624897717900, -8.673617379884035472E-17 ) ) ;
#1550 = DIRECTION ( 'NONE',  ( -0.9998626349648349620, 0.01657441405230474646, 3.200564813177218556E-14 ) ) ;
#1551 = ORIENTED_EDGE ( 'NONE', *, *, #2246, .T. ) ;
#1552 = ADVANCED_FACE ( 'NONE', ( #1694 ), #3867, .F. ) ;
#1553 = CIRCLE ( 'NONE', #2541, 0.4999999999999985567 ) ;
#1554 = CARTESIAN_POINT ( 'NONE',  ( 45.76425296840394452, 2.986272863516385545, 0.1999999999999997335 ) ) ;
#1555 = ORIENTED_EDGE ( 'NONE', *, *, #461, .T. ) ;
#1556 = DIRECTION ( 'NONE',  ( 0.01657441405230485054, 0.9998626349648350731, 0.000000000000000000 ) ) ;
#1557 = CARTESIAN_POINT ( 'NONE',  ( 29.02193589392654260, -2.352368026370412757, 0.6500674708195870455 ) ) ;
#1558 = VECTOR ( 'NONE', #1265, 100.0000000000000000 ) ;
#1559 = AXIS2_PLACEMENT_3D ( 'NONE', #3052, #4009, #3507 ) ;
#1560 = CARTESIAN_POINT ( 'NONE',  ( 40.47805477353603010, -0.4265803055350975703, -0.3000000000000028200 ) ) ;
#1561 = CARTESIAN_POINT ( 'NONE',  ( 29.51528459274236482, 3.275639676349910268, 15.15077155702975986 ) ) ;
#1562 = CARTESIAN_POINT ( 'NONE',  ( 40.54985510992108999, 0.4726468949057769375, 0.1802137501648861106 ) ) ;
#1563 = EDGE_CURVE ( 'NONE', #2172, #105, #3784, .T. ) ;
#1564 = EDGE_LOOP ( 'NONE', ( #1920, #2811, #2434, #2311, #3214 ) ) ;
#1565 = FACE_OUTER_BOUND ( 'NONE', #1406, .T. ) ;
#1566 = CARTESIAN_POINT ( 'NONE',  ( 40.78935794662710634, 0.7043388805884007731, -0.2245746163139903384 ) ) ;
#1567 = ORIENTED_EDGE ( 'NONE', *, *, #845, .T. ) ;
#1568 = CARTESIAN_POINT ( 'NONE',  ( 27.23884348098842878, -2.307406495602015717, 0.2999999999999999889 ) ) ;
#1569 = DIRECTION ( 'NONE',  ( 2.220446049250313081E-16, -2.357666062893808267E-18, -1.000000000000000000 ) ) ;
#1570 = DIRECTION ( 'NONE',  ( -0.01657441405230464931, -0.9998626349648349620, -3.469446951953613418E-18 ) ) ;
#1571 = VERTEX_POINT ( 'NONE', #769 ) ;
#1572 = CARTESIAN_POINT ( 'NONE',  ( 28.95522059930031844, -2.620489180864985279, 0.2999999999999999889 ) ) ;
#1573 = VECTOR ( 'NONE', #2183, 100.0000000000000000 ) ;
#1574 = CARTESIAN_POINT ( 'NONE',  ( 30.75271348842725772, -0.5097782322938990696, -0.2000000000000000111 ) ) ;
#1575 = EDGE_CURVE ( 'NONE', #1449, #258, #1675, .T. ) ;
#1576 = VECTOR ( 'NONE', #1419, 100.0000000000000000 ) ;
#1577 = AXIS2_PLACEMENT_3D ( 'NONE', #2495, #3819, #3732 ) ;
#1578 = CARTESIAN_POINT ( 'NONE',  ( 27.23884348098842878, -1.317488509068562408, 0.2999999999999999889 ) ) ;
#1579 = CARTESIAN_POINT ( 'NONE',  ( 29.67534817099494404, 9.165507253948074862, 21.26003804739994862 ) ) ;
#1580 = DIRECTION ( 'NONE',  ( -0.9998626349648349620, 0.01657441405230464931, -3.341506680459168859E-16 ) ) ;
#1581 = CARTESIAN_POINT ( 'NONE',  ( 29.61300358919094577, 8.570754375921424639, 20.66806420072044759 ) ) ;
#1582 = CYLINDRICAL_SURFACE ( 'NONE', #1577, 10.99999999999813660 ) ;
#1583 = EDGE_CURVE ( 'NONE', #1188, #2591, #1075, .T. ) ;
#1584 = VERTEX_POINT ( 'NONE', #2021 ) ;
#1585 = CARTESIAN_POINT ( 'NONE',  ( 29.41452373806752618, -10.34457114643315911, -0.8250000000000035083 ) ) ;
#1586 = DIRECTION ( 'NONE',  ( 0.01657441405230576648, 0.9998626349648349620, 2.567390744445676965E-16 ) ) ;
#1587 = EDGE_LOOP ( 'NONE', ( #3006, #3042, #2844, #1952, #1289 ) ) ;
#1588 = ADVANCED_FACE ( 'NONE', ( #3388 ), #237, .F. ) ;
#1589 = LINE ( 'NONE', #25, #3329 ) ;
#1590 = CARTESIAN_POINT ( 'NONE',  ( 30.16252427858189833, -2.355871449088142278, 0.3000000000000000444 ) ) ;
#1591 = CARTESIAN_POINT ( 'NONE',  ( 29.64052257121743139, 3.253550961852462287, 16.10896446080518629 ) ) ;
#1592 = VERTEX_POINT ( 'NONE', #2379 ) ;
#1593 = CARTESIAN_POINT ( 'NONE',  ( 29.87214450221291173, -2.673784914612403529, -0.000000000000000000 ) ) ;
#1594 = EDGE_CURVE ( 'NONE', #240, #176, #3637, .T. ) ;
#1595 = DIRECTION ( 'NONE',  ( -1.000000000000000000, 0.000000000000000000, 0.000000000000000000 ) ) ;
#1596 = ORIENTED_EDGE ( 'NONE', *, *, #3879, .F. ) ;
#1597 = EDGE_CURVE ( 'NONE', #515, #1768, #2102, .T. ) ;
#1598 =( BOUNDED_CURVE ( )  B_SPLINE_CURVE ( 3, ( #1759, #3749, #3039, #3999 ),
 .UNSPECIFIED., .F., .F. ) 
 B_SPLINE_CURVE_WITH_KNOTS ( ( 4, 4 ),
 ( 4.712388980384688786, 6.283185307179586232 ),
 .UNSPECIFIED. ) 
 CURVE ( )  GEOMETRIC_REPRESENTATION_ITEM ( )  RATIONAL_B_SPLINE_CURVE ( ( 1.000000000000000000, 0.8047378541243648264, 0.8047378541243648264, 1.000000000000000000 ) ) 
 REPRESENTATION_ITEM ( '' )  );
#1599 = CARTESIAN_POINT ( 'NONE',  ( 29.99970657919887529, 3.647651833063241700, 15.66641791636911663 ) ) ;
#1600 = CARTESIAN_POINT ( 'NONE',  ( 50.27832435838304548, 8.612227584705321348, -0.2993317901867602604 ) ) ;
#1601 = CARTESIAN_POINT ( 'NONE',  ( 30.00566410483108015, 3.636629661127611879, 15.65197232288795348 ) ) ;
#1602 = AXIS2_PLACEMENT_3D ( 'NONE', #3599, #2022, #3281 ) ;
#1603 = CARTESIAN_POINT ( 'NONE',  ( -0.1467767402237516450, -8.854405215685872577, 0.000000000000000000 ) ) ;
#1604 = DIRECTION ( 'NONE',  ( -0.9998626349648348510, 0.01657441405230573525, -1.665334536937734811E-16 ) ) ;
#1605 = ORIENTED_EDGE ( 'NONE', *, *, #3699, .F. ) ;
#1606 = CARTESIAN_POINT ( 'NONE',  ( 51.55347005379618253, 9.629117628013402097, 0.1883807165592957245 ) ) ;
#1607 = CARTESIAN_POINT ( 'NONE',  ( 29.42105666275003273, 9.658068237430541103, -0.5000000000000032196 ) ) ;
#1608 = ORIENTED_EDGE ( 'NONE', *, *, #3542, .F. ) ;
#1609 = CARTESIAN_POINT ( 'NONE',  ( 30.11471456661206503, 9.269675594406724173, 21.74663514059541569 ) ) ;
#1610 = FACE_OUTER_BOUND ( 'NONE', #1058, .T. ) ;
#1611 = DIRECTION ( 'NONE',  ( 0.01657441405230579770, 0.9998626349648348510, 1.734723475976995836E-18 ) ) ;
#1612 = ORIENTED_EDGE ( 'NONE', *, *, #3212, .F. ) ;
#1613 = EDGE_CURVE ( 'NONE', #952, #3607, #2079, .T. ) ;
#1614 = CARTESIAN_POINT ( 'NONE',  ( 30.41441299041990476, -2.360046930458391756, 0.000000000000000000 ) ) ;
#1615 = CARTESIAN_POINT ( 'NONE',  ( 45.37029156054219214, 3.494441370285926496, -0.1020807115986766683 ) ) ;
#1616 = VERTEX_POINT ( 'NONE', #890 ) ;
#1617 = CARTESIAN_POINT ( 'NONE',  ( 29.91545857179730916, 3.660041861881054626, 15.68093712655201877 ) ) ;
#1618 = DIRECTION ( 'NONE',  ( -0.01657441405230465278, -0.9998626349648348510, -3.469446951953612648E-18 ) ) ;
#1619 =( BOUNDED_SURFACE ( )  B_SPLINE_SURFACE ( 3, 2, ( 
 ( #3783, #275, #3806 ),
 ( #970, #992, #700 ),
 ( #2883, #2388, #206 ),
 ( #1631, #3020, #1978 ),
 ( #377, #1954, #3217 ),
 ( #2287, #3885, #2597 ),
 ( #401, #1653, #1055 ),
 ( #1011, #744, #2904 ),
 ( #67, #3554, #2313 ),
 ( #128, #1763, #2714 ),
 ( #86, #1458, #1342 ),
 ( #2243, #2068, #3646 ),
 ( #3862, #1031, #1324 ),
 ( #1995, #3981, #3573 ),
 ( #813, #725, #3326 ),
 ( #2265, #3510, #2944 ) ),
 .UNSPECIFIED., .F., .F., .F. ) 
 B_SPLINE_SURFACE_WITH_KNOTS ( ( 4, 2, 2, 2, 2, 2, 2, 4 ),
 ( 3, 3 ),
 ( 0.001480711492703780125, 0.002387951913587338729, 0.003295192334470897766, 0.004202432755354456803, 0.005109673176238015840, 0.006016913597121574878, 0.006924154018005133915, 0.008738634859772251989 ),
 ( 0.000000000000000000, 1.000000000000000000 ),
 .UNSPECIFIED. ) 
 GEOMETRIC_REPRESENTATION_ITEM ( )  RATIONAL_B_SPLINE_SURFACE ( (
 ( 1.000000000000000000, 0.8815055010737434804, 1.000000000000000000),
 ( 1.000000000000000000, 0.8786678763779346424, 1.000000000000000000),
 ( 1.000000000000000000, 0.8750709772402507358, 1.000000000000000000),
 ( 1.000000000000000000, 0.8664488913619785571, 1.000000000000000000),
 ( 1.000000000000000000, 0.8613721208542177710, 1.000000000000000000),
 ( 1.000000000000000000, 0.8501317257607816646, 1.000000000000000000),
 ( 1.000000000000000000, 0.8439551092477056704, 1.000000000000000000),
 ( 1.000000000000000000, 0.8305000040842626108, 1.000000000000000000),
 ( 1.000000000000000000, 0.8232368212506698812, 1.000000000000000000),
 ( 1.000000000000000000, 0.8080030257878961786, 1.000000000000000000),
 ( 1.000000000000000000, 0.7999848451750402045, 1.000000000000000000),
 ( 1.000000000000000000, 0.7831018966594531783, 1.000000000000000000),
 ( 1.000000000000000000, 0.7742561709694694150, 1.000000000000000000),
 ( 1.000000000000000000, 0.7470209400960080570, 1.000000000000000000),
 ( 1.000000000000000000, 0.7276816579037255206, 1.000000000000000000),
 ( 1.000000000000000000, 0.7071067811855120677, 1.000000000000000000) ) ) 
 REPRESENTATION_ITEM ( '' )  SURFACE ( )  );
#1620 = CARTESIAN_POINT ( 'NONE',  ( 45.76511764071254618, 2.986258530110613929, 0.1793710138624887152 ) ) ;
#1621 = CARTESIAN_POINT ( 'NONE',  ( 29.95898854158014402, 0.2478596981119616238, 10.95645299639973658 ) ) ;
#1622 = CIRCLE ( 'NONE', #3935, 11.29999999999813198 ) ;
#1623 = VECTOR ( 'NONE', #2267, 100.0000000000000000 ) ;
#1624 = VECTOR ( 'NONE', #2498, 100.0000000000000000 ) ;
#1625 = VERTEX_POINT ( 'NONE', #3719 ) ;
#1626 = CARTESIAN_POINT ( 'NONE',  ( 31.03832149385491945, -2.370389269000775290, 0.2999999999999999889 ) ) ;
#1627 = EDGE_CURVE ( 'NONE', #1768, #3431, #900, .T. ) ;
#1628 = CARTESIAN_POINT ( 'NONE',  ( 29.07190158887170739, 0.6618460054538586324, 10.49818166789216711 ) ) ;
#1629 = ORIENTED_EDGE ( 'NONE', *, *, #1092, .T. ) ;
#1630 = ORIENTED_EDGE ( 'NONE', *, *, #79, .F. ) ;
#1631 = CARTESIAN_POINT ( 'NONE',  ( 29.86235026368619216, 8.950656880984137587, 21.69993612433300001 ) ) ;
#1632 = EDGE_CURVE ( 'NONE', #2117, #3359, #1622, .T. ) ;
#1633 = FACE_OUTER_BOUND ( 'NONE', #2210, .T. ) ;
#1634 = CARTESIAN_POINT ( 'NONE',  ( 46.26952356825763246, 3.273591535754742043, -0.2999999999999999334 ) ) ;
#1635 = ORIENTED_EDGE ( 'NONE', *, *, #1964, .T. ) ;
#1636 = LINE ( 'NONE', #1712, #2279 ) ;
#1637 = FACE_OUTER_BOUND ( 'NONE', #1280, .T. ) ;
#1638 = VERTEX_POINT ( 'NONE', #1183 ) ;
#1639 = AXIS2_PLACEMENT_3D ( 'NONE', #2435, #1155, #3069 ) ;
#1640 = CARTESIAN_POINT ( 'NONE',  ( 29.73224515560737302, 0.6166163020012654927, 10.41720362133853328 ) ) ;
#1641 = ADVANCED_FACE ( 'NONE', ( #195 ), #255, .F. ) ;
#1642 = VECTOR ( 'NONE', #229, 100.0000000000000000 ) ;
#1643 = DIRECTION ( 'NONE',  ( -0.9998626349648349620, 0.01657441405230335868, 0.000000000000000000 ) ) ;
#1644 = VECTOR ( 'NONE', #2045, 100.0000000000000142 ) ;
#1645 = CARTESIAN_POINT ( 'NONE',  ( 29.92797821923133839, 8.916065896181732953, 20.94472896649923399 ) ) ;
#1646 = ORIENTED_EDGE ( 'NONE', *, *, #790, .F. ) ;
#1647 = EDGE_CURVE ( 'NONE', #1302, #3563, #567, .T. ) ;
#1648 = DIRECTION ( 'NONE',  ( -0.01657441405230464238, -0.9998626349648349620, -1.734723475976807480E-18 ) ) ;
#1649 = EDGE_CURVE ( 'NONE', #1778, #84, #806, .T. ) ;
#1650 = CARTESIAN_POINT ( 'NONE',  ( 31.02191643705909385, -2.370117327441628063, -1.300000000000007816 ) ) ;
#1651 = ORIENTED_EDGE ( 'NONE', *, *, #3236, .T. ) ;
#1652 = EDGE_LOOP ( 'NONE', ( #631, #215, #2942, #3147, #3111, #4014, #934, #2976, #2271, #2544, #3497, #3731, #2015, #415 ) ) ;
#1653 = CARTESIAN_POINT ( 'NONE',  ( 29.71179206144788054, 8.953152637796714330, 21.40865180983366756 ) ) ;
#1654 = CARTESIAN_POINT ( 'NONE',  ( 30.05936328639636912, 8.947391056962011646, 21.24793397913154891 ) ) ;
#1655 = DIRECTION ( 'NONE',  ( 0.01657441405230464238, 0.9998626349648350731, 0.000000000000000000 ) ) ;
#1656 = ORIENTED_EDGE ( 'NONE', *, *, #2246, .F. ) ;
#1657 = DIRECTION ( 'NONE',  ( 0.01657441405230466319, 0.9998626349648349620, 1.734723475976807480E-18 ) ) ;
#1658 = CARTESIAN_POINT ( 'NONE',  ( 27.68661175479890701, -1.824979717385858624, 0.000000000000000000 ) ) ;
#1659 = ORIENTED_EDGE ( 'NONE', *, *, #3050, .F. ) ;
#1660 = EDGE_CURVE ( 'NONE', #2289, #2752, #3367, .T. ) ;
#1661 = CARTESIAN_POINT ( 'NONE',  ( 40.95158518503546929, -0.2134148962852428222, -0.3000000000005511036 ) ) ;
#1662 = ORIENTED_EDGE ( 'NONE', *, *, #4019, .F. ) ;
#1663 = CARTESIAN_POINT ( 'NONE',  ( 29.66296787541449120, 8.606715998301860182, 21.25623891824113798 ) ) ;
#1664 = CARTESIAN_POINT ( 'NONE',  ( 29.57954732181683966, 7.152331873109699423, 19.46175451855502914 ) ) ;
#1665 = CARTESIAN_POINT ( 'NONE',  ( 29.45694249062517045, -0.2438867315338178188, 10.72997687891118801 ) ) ;
#1666 = ORIENTED_EDGE ( 'NONE', *, *, #3798, .T. ) ;
#1667 = DIRECTION ( 'NONE',  ( -0.9998626349648318534, 0.01657441405249482011, 0.000000000000000000 ) ) ;
#1668 = CARTESIAN_POINT ( 'NONE',  ( 49.27850982085636389, 6.424017661062631390, -0.4999999999999995559 ) ) ;
#1669 = VERTEX_POINT ( 'NONE', #1450 ) ;
#1670 = ORIENTED_EDGE ( 'NONE', *, *, #2382, .F. ) ;
#1671 = DIRECTION ( 'NONE',  ( 0.01657441405230464584, 0.9998626349648349620, 0.000000000000000000 ) ) ;
#1672 = LINE ( 'NONE', #1980, #851 ) ;
#1673 = DIRECTION ( 'NONE',  ( 0.01657441405230465278, 0.9998626349648350731, 3.469446951953613418E-18 ) ) ;
#1674 = ORIENTED_EDGE ( 'NONE', *, *, #2410, .T. ) ;
#1675 = LINE ( 'NONE', #1059, #46 ) ;
#1676 = CARTESIAN_POINT ( 'NONE',  ( 30.99519099743574913, -3.982347382637524191, -1.300000000000007816 ) ) ;
#1677 = ORIENTED_EDGE ( 'NONE', *, *, #2020, .F. ) ;
#1678 = EDGE_CURVE ( 'NONE', #477, #1814, #1273, .T. ) ;
#1679 = CARTESIAN_POINT ( 'NONE',  ( 40.99722724009564701, -0.1921366347010487197, -0.3000000000029370839 ) ) ;
#1680 = ORIENTED_EDGE ( 'NONE', *, *, #707, .F. ) ;
#1681 = CARTESIAN_POINT ( 'NONE',  ( 49.27818031268048315, 6.423610487506842048, -0.3666625529919675941 ) ) ;
#1682 = CARTESIAN_POINT ( 'NONE',  ( 30.05919415096656877, 8.946688647553322937, 21.24793868556927734 ) ) ;
#1683 = ORIENTED_EDGE ( 'NONE', *, *, #1275, .T. ) ;
#1684 = CARTESIAN_POINT ( 'NONE',  ( 28.78118743939269208, -9.333935142334325974, -0.5000000000000032196 ) ) ;
#1685 = FACE_OUTER_BOUND ( 'NONE', #3995, .T. ) ;
#1686 = ORIENTED_EDGE ( 'NONE', *, *, #1925, .T. ) ;
#1687 = EDGE_LOOP ( 'NONE', ( #1482, #1543, #439, #2114, #261, #310, #3565, #127, #2078, #2483, #3025, #3436, #3760 ) ) ;
#1688 = CARTESIAN_POINT ( 'NONE',  ( 29.51495293980818602, 3.255632490840013826, 16.35602955787442525 ) ) ;
#1689 = VECTOR ( 'NONE', #441, 100.0000000000000000 ) ;
#1690 = DIRECTION ( 'NONE',  ( -0.01657441405230464238, -0.9998626349648349620, -1.734723475976807094E-18 ) ) ;
#1691 = DIRECTION ( 'NONE',  ( -0.9998626349648348510, 0.01657441405230466319, -3.469446951953554531E-16 ) ) ;
#1692 = CARTESIAN_POINT ( 'NONE',  ( 29.87604679567472132, 3.671009550738883576, 15.69453761647071843 ) ) ;
#1693 = ORIENTED_EDGE ( 'NONE', *, *, #2200, .F. ) ;
#1694 = FACE_OUTER_BOUND ( 'NONE', #2120, .T. ) ;
#1695 = DIRECTION ( 'NONE',  ( 1.000000000000000000, 0.000000000000000000, 0.000000000000000000 ) ) ;
#1696 = ORIENTED_EDGE ( 'NONE', *, *, #2647, .T. ) ;
#1697 = CARTESIAN_POINT ( 'NONE',  ( 29.46464985272704951, -0.01610279836065905620, 11.21448884579683458 ) ) ;
#1698 = EDGE_LOOP ( 'NONE', ( #3842, #3746, #3170, #1812, #3128 ) ) ;
#1699 = CARTESIAN_POINT ( 'NONE',  ( 29.48525232076823954, 0.4924719530410018309, 10.10669397460848629 ) ) ;
#1700 = CARTESIAN_POINT ( 'NONE',  ( 29.57952447209467550, 7.146809560181840659, 19.45676392269215071 ) ) ;
#1701 = VECTOR ( 'NONE', #873, 100.0000000000000142 ) ;
#1702 = ORIENTED_EDGE ( 'NONE', *, *, #117, .F. ) ;
#1703 = CARTESIAN_POINT ( 'NONE',  ( 30.04364942460926002, 3.634715583514160908, 15.65027219720725959 ) ) ;
#1704 = CARTESIAN_POINT ( 'NONE',  ( 42.84628836171076927, 9.935591010429311254, 0.2000000000000006217 ) ) ;
#1705 = ORIENTED_EDGE ( 'NONE', *, *, #3123, .T. ) ;
#1706 = EDGE_CURVE ( 'NONE', #3415, #2403, #3182, .T. ) ;
#1707 = CARTESIAN_POINT ( 'NONE',  ( 29.97179078075468794, 0.6477024329104120737, 11.27921898938787493 ) ) ;
#1708 = DIRECTION ( 'NONE',  ( -0.9998626349648349620, 0.01657441405230474646, 0.000000000000000000 ) ) ;
#1709 = CARTESIAN_POINT ( 'NONE',  ( 49.27815816306974739, 6.423583115897356421, -0.3623653167197493641 ) ) ;
#1710 = VERTEX_POINT ( 'NONE', #3950 ) ;
#1711 = EDGE_CURVE ( 'NONE', #2686, #3812, #871, .T. ) ;
#1712 = CARTESIAN_POINT ( 'NONE',  ( 44.95531489403359870, 2.499613688148935697, -0.3000000000000005440 ) ) ;
#1713 = CARTESIAN_POINT ( 'NONE',  ( 30.06460749944760025, 6.246933188713487795, 19.00112679945515026 ) ) ;
#1714 = DIRECTION ( 'NONE',  ( 0.9998626349648349620, -0.01657441405230455217, 0.000000000000000000 ) ) ;
#1715 = CARTESIAN_POINT ( 'NONE',  ( 29.93548988415750145, 0.2473930673332052077, 10.78009954068491538 ) ) ;
#1716 = ORIENTED_EDGE ( 'NONE', *, *, #1338, .F. ) ;
#1717 = ADVANCED_FACE ( 'NONE', ( #826 ), #2613, .T. ) ;
#1718 = DIRECTION ( 'NONE',  ( 1.000000000000000000, 0.000000000000000000, 0.000000000000000000 ) ) ;
#1719 = CARTESIAN_POINT ( 'NONE',  ( 30.05936328639636912, 8.947391056962011646, 21.24793397913154891 ) ) ;
#1720 = ORIENTED_EDGE ( 'NONE', *, *, #772, .T. ) ;
#1721 = PLANE ( 'NONE',  #3891 ) ;
#1722 = EDGE_CURVE ( 'NONE', #3679, #2752, #172, .T. ) ;
#1723 = CARTESIAN_POINT ( 'NONE',  ( 29.77074479646998384, 9.499344681685267133, 21.38681384282450182 ) ) ;
#1724 = ORIENTED_EDGE ( 'NONE', *, *, #1649, .T. ) ;
#1725 = CARTESIAN_POINT ( 'NONE',  ( 40.81681575667239059, -0.1668831859715828869, -0.2481811406989504198 ) ) ;
#1726 = DIRECTION ( 'NONE',  ( 1.000000000000000000, 0.000000000000000000, 1.665393298452073591E-16 ) ) ;
#1727 = CARTESIAN_POINT ( 'NONE',  ( 49.27745834194479357, 6.422718499500404299, -0.2937218178819818171 ) ) ;
#1728 = VERTEX_POINT ( 'NONE', #3342 ) ;
#1729 = VECTOR ( 'NONE', #2480, 100.0000000000000142 ) ;
#1730 = CARTESIAN_POINT ( 'NONE',  ( 29.22216369412238279, -2.340283382147479774, -0.5000000000000032196 ) ) ;
#1731 = CARTESIAN_POINT ( 'NONE',  ( 48.62715771743974358, 6.573989821970307901, -0.2237955846799044857 ) ) ;
#1732 = ORIENTED_EDGE ( 'NONE', *, *, #2863, .F. ) ;
#1733 = EDGE_CURVE ( 'NONE', #1302, #515, #3475, .T. ) ;
#1734 = CARTESIAN_POINT ( 'NONE',  ( 40.48634198056217315, 0.07335101194750841269, -0.3000000000001907807 ) ) ;
#1735 = ORIENTED_EDGE ( 'NONE', *, *, #2501, .T. ) ;
#1736 = CARTESIAN_POINT ( 'NONE',  ( 29.26525717065837640, 0.2593594687610915606, -0.5000000000000032196 ) ) ;
#1737 = CARTESIAN_POINT ( 'NONE',  ( 45.58046641526231468, 3.661500636547296850, -0.2454298453503468980 ) ) ;
#1738 = ORIENTED_EDGE ( 'NONE', *, *, #3058, .F. ) ;
#1739 = CARTESIAN_POINT ( 'NONE',  ( 30.06549077205418641, 6.646973500539086643, 19.28997938598704920 ) ) ;
#1740 = CARTESIAN_POINT ( 'NONE',  ( 44.97348800051238271, 3.595918515097133561, -0.3000000000000002109 ) ) ;
#1741 = AXIS2_PLACEMENT_3D ( 'NONE', #1456, #834, #3686 ) ;
#1742 = ORIENTED_EDGE ( 'NONE', *, *, #347, .F. ) ;
#1743 = DIRECTION ( 'NONE',  ( 0.01657441405230463891, 0.9998626349648348510, 0.000000000000000000 ) ) ;
#1744 = EDGE_CURVE ( 'NONE', #952, #1117, #3688, .T. ) ;
#1745 = EDGE_CURVE ( 'NONE', #2642, #1535, #2682, .T. ) ;
#1746 = DIRECTION ( 'NONE',  ( -0.01657441405230464238, -0.9998626349648349620, 0.000000000000000000 ) ) ;
#1747 = DIRECTION ( 'NONE',  ( 3.382917932875483327E-16, 2.470467893844505313E-16, -1.000000000000000000 ) ) ;
#1748 = CARTESIAN_POINT ( 'NONE',  ( 29.64062328845301053, 6.028092846559404805, 19.21761777580460517 ) ) ;
#1749 = ORIENTED_EDGE ( 'NONE', *, *, #309, .T. ) ;
#1750 = AXIS2_PLACEMENT_3D ( 'NONE', #1609, #338, #357 ) ;
#1751 = VECTOR ( 'NONE', #802, 100.0000000000000142 ) ;
#1752 = AXIS2_PLACEMENT_3D ( 'NONE', #803, #2037, #2099 ) ;
#1753 = CARTESIAN_POINT ( 'NONE',  ( 49.16724287765156021, 6.117757567723009160, -0.4999999999999995559 ) ) ;
#1754 = CARTESIAN_POINT ( 'NONE',  ( 29.43109815211983360, -9.344708511468324375, -0.1750000000000036249 ) ) ;
#1755 =( NAMED_UNIT ( * ) SI_UNIT ( $, .STERADIAN. ) SOLID_ANGLE_UNIT ( ) );
#1756 = B_SPLINE_CURVE_WITH_KNOTS ( 'NONE', 2,
 ( #1866, #1538, #3103 ),
 .UNSPECIFIED., .F., .F.,
 ( 3, 3 ),
 ( 0.9832991604359857529, 1.000000000000000000 ),
 .UNSPECIFIED. ) ;
#1757 = CARTESIAN_POINT ( 'NONE',  ( 40.50490851072439824, 0.07304324031202372169, 0.1999999999999996503 ) ) ;
#1758 = VERTEX_POINT ( 'NONE', #3742 ) ;
#1759 = CARTESIAN_POINT ( 'NONE',  ( 44.95531489403359160, 2.499613688148935253, -0.3000000000000004885 ) ) ;
#1760 = CARTESIAN_POINT ( 'NONE',  ( 30.01106943036153751, 0.6682111977658415913, 10.54957551633862778 ) ) ;
#1761 = B_SPLINE_CURVE_WITH_KNOTS ( 'NONE', 3,
 ( #2921, #104, #458, #779 ),
 .UNSPECIFIED., .F., .F.,
 ( 4, 4 ),
 ( 0.000000000000000000, 0.0002065149350831558801 ),
 .UNSPECIFIED. ) ;
#1762 = EDGE_CURVE ( 'NONE', #4006, #1778, #1231, .T. ) ;
#1763 = CARTESIAN_POINT ( 'NONE',  ( 29.70956926787773966, 8.953189484359112882, 21.32735853355807620 ) ) ;
#1764 = ORIENTED_EDGE ( 'NONE', *, *, #424, .F. ) ;
#1765 = CARTESIAN_POINT ( 'NONE',  ( 29.66053242034593040, 6.872332614732039602, 19.20684389354448030 ) ) ;
#1766 = AXIS2_PLACEMENT_3D ( 'NONE', #2701, #2639, #3575 ) ;
#1767 = LINE ( 'NONE', #3024, #2692 ) ;
#1768 = VERTEX_POINT ( 'NONE', #2803 ) ;
#1769 = CARTESIAN_POINT ( 'NONE',  ( 29.20948204592047048, 8.961479275765617203, 20.85670886413235792 ) ) ;
#1770 = ADVANCED_FACE ( 'NONE', ( #2166 ), #2780, .F. ) ;
#1771 = AXIS2_PLACEMENT_3D ( 'NONE', #1626, #1337, #678 ) ;
#1772 = EDGE_CURVE ( 'NONE', #2458, #405, #2186, .T. ) ;
#1773 = CARTESIAN_POINT ( 'NONE',  ( 40.74097544596123299, -0.1150649350399131632, -0.2019310295786301557 ) ) ;
#1774 = VECTOR ( 'NONE', #1743, 100.0000000000000142 ) ;
#1775 = FACE_OUTER_BOUND ( 'NONE', #840, .T. ) ;
#1776 = CARTESIAN_POINT ( 'NONE',  ( 40.02987904148943699, -0.1262175772335863977, -0.3000000000000028200 ) ) ;
#1777 = AXIS2_PLACEMENT_3D ( 'NONE', #746, #2886, #2245 ) ;
#1778 = VERTEX_POINT ( 'NONE', #2825 ) ;
#1779 =( BOUNDED_SURFACE ( )  B_SPLINE_SURFACE ( 3, 2, ( 
 ( #1296, #2531, #3461 ),
 ( #2835, #3545, #325 ),
 ( #3520, #1579, #3229 ),
 ( #75, #712, #2852 ),
 ( #1256, #2216, #2894 ),
 ( #3480, #1967, #2550 ),
 ( #1333, #411, #1314 ),
 ( #3500, #2570, #673 ),
 ( #3773, #944, #2873 ),
 ( #1926, #3834, #655 ),
 ( #3852, #1001, #1907 ),
 ( #348, #1663, #4083 ) ),
 .UNSPECIFIED., .F., .F., .F. ) 
 B_SPLINE_SURFACE_WITH_KNOTS ( ( 4, 2, 2, 2, 2, 4 ),
 ( 3, 3 ),
 ( 0.01141603625725481214, 0.01377314116635239283, 0.01613024607544997352, 0.01848735098454755421, 0.01966590343909634109, 0.02084445589364513143 ),
 ( 0.000000000000000000, 1.000000000000000000 ),
 .UNSPECIFIED. ) 
 GEOMETRIC_REPRESENTATION_ITEM ( )  RATIONAL_B_SPLINE_SURFACE ( (
 ( 1.000000000000000000, 0.7181399124388350153, 1.000000000000000000),
 ( 1.000000000000000000, 0.7435601915613735402, 1.000000000000000000),
 ( 1.000000000000000000, 0.7674593308488716348, 1.000000000000000000),
 ( 1.000000000000000000, 0.8122663422663473076, 1.000000000000000000),
 ( 1.000000000000000000, 0.8332656103924931390, 1.000000000000000000),
 ( 1.000000000000000000, 0.8728261920902349313, 1.000000000000000000),
 ( 1.000000000000000000, 0.8909615484346325998, 1.000000000000000000),
 ( 1.000000000000000000, 0.9148641711206416671, 1.000000000000000000),
 ( 1.000000000000000000, 0.9221179557316188102, 1.000000000000000000),
 ( 1.000000000000000000, 0.9349323869458031622, 1.000000000000000000),
 ( 1.000000000000000000, 0.9405299921200409585, 1.000000000000000000),
 ( 1.000000000000000000, 0.9446157220662562137, 1.000000000000000000) ) ) 
 REPRESENTATION_ITEM ( '' )  SURFACE ( )  );
#1780 = DIRECTION ( 'NONE',  ( 0.01657441405230468054, 0.9998626349648349620, -0.000000000000000000 ) ) ;
#1781 = CARTESIAN_POINT ( 'NONE',  ( 29.96503411859173127, 0.2477594824492584114, 10.76220813900177475 ) ) ;
#1782 = CARTESIAN_POINT ( 'NONE',  ( 31.23829402084788498, -1.383786165277783198, -0.3000000000000061506 ) ) ;
#1783 = ORIENTED_EDGE ( 'NONE', *, *, #2198, .F. ) ;
#1784 = B_SPLINE_SURFACE_WITH_KNOTS ( 'NONE', 2, 1, ( 
 ( #2492, #556 ),
 ( #2814, #3753 ),
 ( #3082, #4040 ) ),
 .UNSPECIFIED., .F., .F., .F.,
 ( 3, 3 ),
 ( 2, 2 ),
 ( 0.000000000000000000, 0.7967053436417098622 ),
 ( 0.000000000000000000, 1.000000000000000000 ),
 .UNSPECIFIED. ) ;
#1785 = CARTESIAN_POINT ( 'NONE',  ( 31.03832149385492656, -1.380471282467322203, -1.300000000000007150 ) ) ;
#1786 = ORIENTED_EDGE ( 'NONE', *, *, #3918, .T. ) ;
#1787 = CARTESIAN_POINT ( 'NONE',  ( 29.52980122993775680, 4.147221655287334663, 16.44368426867221089 ) ) ;
#1788 = CARTESIAN_POINT ( 'NONE',  ( 40.24665777319953719, 0.4669718140999835065, 0.1616599133163443280 ) ) ;
#1789 = CARTESIAN_POINT ( 'NONE',  ( 40.27037592089061491, 0.4769859681717054101, 0.1999999999999975409 ) ) ;
#1790 = ORIENTED_EDGE ( 'NONE', *, *, #525, .T. ) ;
#1791 = CARTESIAN_POINT ( 'NONE',  ( 48.85791097929693905, 6.335457355553139713, 0.02382065751504007511 ) ) ;
#1792 = CARTESIAN_POINT ( 'NONE',  ( 29.57952447209467550, 6.865639597738128153, 19.50066253301466190 ) ) ;
#1793 = ORIENTED_EDGE ( 'NONE', *, *, #615, .T. ) ;
#1794 = UNCERTAINTY_MEASURE_WITH_UNIT (LENGTH_MEASURE( 1.000000000000000082E-05 ), #2201, 'distance_accuracy_value', 'NONE');
#1795 = CARTESIAN_POINT ( 'NONE',  ( 29.51628296686845232, 3.335867264561419798, 16.45197147569837881 ) ) ;
#1796 = CARTESIAN_POINT ( 'NONE',  ( 31.03832149385492656, -1.380471282467322203, -0.2000000000000000111 ) ) ;
#1797 = CARTESIAN_POINT ( 'NONE',  ( 29.41753247269625149, -2.621322473519172913, 0.3203532153882358013 ) ) ;
#1798 = CARTESIAN_POINT ( 'NONE',  ( 51.43443968877217287, 10.28307717325414039, -0.2999999999999964362 ) ) ;
#1799 = VERTEX_POINT ( 'NONE', #1838 ) ;
#1800 = CARTESIAN_POINT ( 'NONE',  ( 29.27188693627929439, 0.6593045227470255565, -0.5000000000000032196 ) ) ;
#1801 = CARTESIAN_POINT ( 'NONE',  ( 29.96516101513380193, 0.2477573789244774949, 10.74609225170762095 ) ) ;
#1802 = CARTESIAN_POINT ( 'NONE',  ( 51.17145771247020036, 9.040730433910384889, -0.4999999999973828158 ) ) ;
#1803 = AXIS2_PLACEMENT_3D ( 'NONE', #1658, #2292, #1695 ) ;
#1804 = ORIENTED_EDGE ( 'NONE', *, *, #3776, .T. ) ;
#1805 = CARTESIAN_POINT ( 'NONE',  ( 29.69283681985049839, 8.794157539284091385, 21.34930314221946546 ) ) ;
#1806 = ORIENTED_EDGE ( 'NONE', *, *, #81, .T. ) ;
#1807 = CARTESIAN_POINT ( 'NONE',  ( 51.93437100625460090, 10.27478996622798668, -0.2999999999999962697 ) ) ;
#1808 = EDGE_CURVE ( 'NONE', #3393, #1215, #912, .T. ) ;
#1809 = LINE ( 'NONE', #880, #825 ) ;
#1810 = CARTESIAN_POINT ( 'NONE',  ( 48.85791097929693905, 6.335457355553137937, 0.2000000000000018985 ) ) ;
#1811 = CARTESIAN_POINT ( 'NONE',  ( 29.22216369412238279, -2.340283382147479330, -0.5000000000000032196 ) ) ;
#1812 = ORIENTED_EDGE ( 'NONE', *, *, #1018, .F. ) ;
#1813 = LINE ( 'NONE', #1769, #1316 ) ;
#1814 = VERTEX_POINT ( 'NONE', #4071 ) ;
#1815 = DIRECTION ( 'NONE',  ( 3.382917932875483327E-16, 2.470467893844505313E-16, -1.000000000000000000 ) ) ;
#1816 = AXIS2_PLACEMENT_3D ( 'NONE', #2274, #3793, #2515 ) ;
#1817 = ORIENTED_EDGE ( 'NONE', *, *, #1438, .T. ) ;
#1818 = EDGE_CURVE ( 'NONE', #3748, #1669, #1097, .T. ) ;
#1819 = CARTESIAN_POINT ( 'NONE',  ( 29.56467618196518998, 6.255220395739641503, 18.48925470086113876 ) ) ;
#1820 = DIRECTION ( 'NONE',  ( 0.9998626349648348510, -0.01657441405230463891, 3.469446951953554531E-16 ) ) ;
#1821 = CARTESIAN_POINT ( 'NONE',  ( 30.10769022465213496, 9.474564067027289482, 21.37332977853472116 ) ) ;
#1822 = ORIENTED_EDGE ( 'NONE', *, *, #2130, .T. ) ;
#1823 = VECTOR ( 'NONE', #2439, 100.0000000000000142 ) ;
#1824 = AXIS2_PLACEMENT_3D ( 'NONE', #1872, #3468, #3781 ) ;
#1825 = CARTESIAN_POINT ( 'NONE',  ( 27.68661175479890701, -1.824979717385858624, 0.2999999999999999889 ) ) ;
#1826 = ORIENTED_EDGE ( 'NONE', *, *, #3861, .T. ) ;
#1827 = EDGE_CURVE ( 'NONE', #1047, #302, #3453, .T. ) ;
#1828 = PLANE ( 'NONE',  #1294 ) ;
#1829 = CARTESIAN_POINT ( 'NONE',  ( 31.23829402084788498, -1.383786165277783198, -0.7000000000000061728 ) ) ;
#1830 = CARTESIAN_POINT ( 'NONE',  ( 29.61851180571298769, 6.951052797970421970, 19.27888409695145810 ) ) ;
#1831 = CARTESIAN_POINT ( 'NONE',  ( 41.03893530837986248, -0.1725196525909055978, -0.3000000000000025424 ) ) ;
#1832 = ORIENTED_EDGE ( 'NONE', *, *, #2046, .F. ) ;
#1833 = ORIENTED_EDGE ( 'NONE', *, *, #81, .F. ) ;
#1834 = CARTESIAN_POINT ( 'NONE',  ( 27.23884348098842878, -2.307406495602015717, 0.000000000000000000 ) ) ;
#1835 = EDGE_CURVE ( 'NONE', #866, #2316, #1589, .T. ) ;
#1836 = CARTESIAN_POINT ( 'NONE',  ( 29.46179702410692158, 0.04896625399436346088, 10.26953390177861891 ) ) ;
#1837 = ORIENTED_EDGE ( 'NONE', *, *, #3968, .T. ) ;
#1838 = CARTESIAN_POINT ( 'NONE',  ( 50.27832435838269731, 8.612227584704886141, -0.2999999999999972133 ) ) ;
#1839 = VECTOR ( 'NONE', #3818, 100.0000000000000000 ) ;
#1840 = DIRECTION ( 'NONE',  ( 0.01657441405230467013, 0.9998626349648350731, 1.734723475976807094E-18 ) ) ;
#1841 = ORIENTED_EDGE ( 'NONE', *, *, #3519, .F. ) ;
#1842 = EDGE_CURVE ( 'NONE', #3763, #2289, #45, .T. ) ;
#1843 = CARTESIAN_POINT ( 'NONE',  ( 28.28178329427424842, -2.324694986733240043, 0.2999999999999999889 ) ) ;
#1844 = EDGE_LOOP ( 'NONE', ( #1693, #2057, #1738, #2907 ) ) ;
#1845 = CARTESIAN_POINT ( 'NONE',  ( 28.76461302534038467, -10.33379777729916071, -0.1750000000000037081 ) ) ;
#1846 = CARTESIAN_POINT ( 'NONE',  ( 51.16495597621619851, 9.297873703681396762, 0.1842750661623203112 ) ) ;
#1847 = CARTESIAN_POINT ( 'NONE',  ( 51.29650080294734238, 9.235136245353698925, -0.1406702203961616993 ) ) ;
#1848 = CARTESIAN_POINT ( 'NONE',  ( 29.60341546078604225, 8.592193351539465951, 21.26723635000520574 ) ) ;
#1849 = DIRECTION ( 'NONE',  ( 0.01657441405230464238, 0.9998626349648349620, 1.734723475976807094E-18 ) ) ;
#1850 = VERTEX_POINT ( 'NONE', #2206 ) ;
#1851 = LINE ( 'NONE', #1544, #194 ) ;
#1852 = EDGE_CURVE ( 'NONE', #941, #3978, #1244, .T. ) ;
#1853 = CARTESIAN_POINT ( 'NONE',  ( 51.15334978695155144, 8.597722558462491449, 0.1842750661623201447 ) ) ;
#1854 = ORIENTED_EDGE ( 'NONE', *, *, #683, .F. ) ;
#1855 = FACE_OUTER_BOUND ( 'NONE', #3412, .T. ) ;
#1856 = FACE_OUTER_BOUND ( 'NONE', #919, .T. ) ;
#1857 = DIRECTION ( 'NONE',  ( -1.665393298452077782E-16, 1.025709229455379565E-18, 1.000000000000000000 ) ) ;
#1858 = CARTESIAN_POINT ( 'NONE',  ( 40.24572841237873178, 0.4665809341019960255, 0.2333333333333363069 ) ) ;
#1859 = EDGE_LOOP ( 'NONE', ( #446, #456, #859, #3890, #2609, #2933 ) ) ;
#1860 = CARTESIAN_POINT ( 'NONE',  ( 30.27631171797092691, -2.369866339218670070, -1.521722425194988960E-32 ) ) ;
#1861 = ORIENTED_EDGE ( 'NONE', *, *, #782, .T. ) ;
#1862 = CARTESIAN_POINT ( 'NONE',  ( 49.16068356375984649, 6.333673814633193899, 0.1343605927146064027 ) ) ;
#1863 = ADVANCED_FACE ( 'NONE', ( #1855 ), #3112, .F. ) ;
#1864 = CARTESIAN_POINT ( 'NONE',  ( 29.02095270918038494, -2.411679305058660461, 0.5092354725854636444 ) ) ;
#1865 = AXIS2_PLACEMENT_3D ( 'NONE', #2932, #2683, #3868 ) ;
#1866 = CARTESIAN_POINT ( 'NONE',  ( 29.61478324912965121, 9.277962801432877882, 21.74663514059545122 ) ) ;
#1867 = CARTESIAN_POINT ( 'NONE',  ( 29.89470732978324463, 3.625559961282272425, 15.63487442312177755 ) ) ;
#1868 = CARTESIAN_POINT ( 'NONE',  ( 51.16041098557722222, 9.023694097582353635, 0.1842750661623203390 ) ) ;
#1869 = PRODUCT_DEFINITION_CONTEXT ( 'detailed design', #2931, 'design' ) ;
#1870 = ORIENTED_EDGE ( 'NONE', *, *, #1706, .F. ) ;
#1871 = DIRECTION ( 'NONE',  ( 0.000000000000000000, 0.000000000000000000, -1.000000000000000000 ) ) ;
#1872 = CARTESIAN_POINT ( 'NONE',  ( 46.26462328035577798, 2.977978379414514709, 0.2000000000000000389 ) ) ;
#1873 = ORIENTED_EDGE ( 'NONE', *, *, #6, .T. ) ;
#1874 = ADVANCED_FACE ( 'NONE', ( #628 ), #1877, .F. ) ;
#1875 = ADVANCED_FACE ( 'NONE', ( #1306 ), #3133, .T. ) ;
#1876 = EDGE_CURVE ( 'NONE', #2458, #1710, #3491, .T. ) ;
#1877 = PLANE ( 'NONE',  #3138 ) ;
#1878 = CARTESIAN_POINT ( 'NONE',  ( 48.72204735959149247, 5.757841259949413093, -0.2999999999999985456 ) ) ;
#1879 = CARTESIAN_POINT ( 'NONE',  ( 28.26596541996517331, -2.371765187213029424, 0.000000000000000000 ) ) ;
#1880 = ORIENTED_EDGE ( 'NONE', *, *, #2927, .T. ) ;
#1881 = CARTESIAN_POINT ( 'NONE',  ( 29.45694249062519887, -0.2438867315317865825, 9.976640682965166818 ) ) ;
#1882 = DIRECTION ( 'NONE',  ( -0.000000000000000000, -0.000000000000000000, -1.000000000000000000 ) ) ;
#1883 = CARTESIAN_POINT ( 'NONE',  ( 29.75598082980539516, 3.727261744758124440, 15.76580061717572612 ) ) ;
#1884 = CIRCLE ( 'NONE', #1752, 21.75764531748080444 ) ;
#1885 = DIRECTION ( 'NONE',  ( 0.000000000000000000, 0.000000000000000000, 1.000000000000000000 ) ) ;
#1886 = CARTESIAN_POINT ( 'NONE',  ( 29.76050192928325799, 3.585951455274204669, 15.57927436189744874 ) ) ;
#1887 = PLANE ( 'NONE',  #783 ) ;
#1888 = ADVANCED_FACE ( 'NONE', ( #2560 ), #1619, .F. ) ;
#1889 = DIRECTION ( 'NONE',  ( 0.9998626349648348510, -0.01657441405230464584, 3.341506680459168366E-16 ) ) ;
#1890 = VERTEX_POINT ( 'NONE', #684 ) ;
#1891 = B_SPLINE_CURVE_WITH_KNOTS ( 'NONE', 3,
 ( #2671, #3941, #184, #457, #475, #123, #2390, #102, #2048, #162, #2350, #145 ),
 .UNSPECIFIED., .F., .F.,
 ( 4, 2, 2, 2, 2, 4 ),
 ( 3.925231146709437917E-17, 0.001807626835306700439, 0.002711440252960017373, 0.003615253670613334525, 0.005422880505919938469, 0.007230507341226542414 ),
 .UNSPECIFIED. ) ;
#1892 = CARTESIAN_POINT ( 'NONE',  ( 29.45289206297297468, -0.4882314940259307456, 3.155808947497007545E-15 ) ) ;
#1893 = DIRECTION ( 'NONE',  ( 0.01657441405230466319, 0.9998626349648349620, 1.734723475976807094E-18 ) ) ;
#1894 = ORIENTED_EDGE ( 'NONE', *, *, #2383, .T. ) ;
#1895 = ADVANCED_FACE ( 'NONE', ( #3240 ), #514, .F. ) ;
#1896 = EDGE_CURVE ( 'NONE', #3001, #3089, #3283, .T. ) ;
#1897 = CARTESIAN_POINT ( 'NONE',  ( 29.43109815211983360, -9.344708511468324375, -0.1750000000000036249 ) ) ;
#1898 = CARTESIAN_POINT ( 'NONE',  ( 27.51161175479890275, -1.824979717385858624, 0.000000000000000000 ) ) ;
#1899 = CARTESIAN_POINT ( 'NONE',  ( 40.05253307778421856, 0.3862289579596528966, -0.1949770215582092014 ) ) ;
#1900 = VERTEX_POINT ( 'NONE', #3194 ) ;
#1901 = VECTOR ( 'NONE', #1204, 100.0000000000000000 ) ;
#1902 = CARTESIAN_POINT ( 'NONE',  ( 29.83715251327128826, -2.771707113539292777, -0.000000000000000000 ) ) ;
#1903 = VECTOR ( 'NONE', #2819, 100.0000000000000000 ) ;
#1904 = CARTESIAN_POINT ( 'NONE',  ( 27.23884348098842878, -2.307406495602015717, 0.2999999999999999889 ) ) ;
#1905 = ORIENTED_EDGE ( 'NONE', *, *, #3007, .F. ) ;
#1906 = CARTESIAN_POINT ( 'NONE',  ( 45.69322904637066785, 2.782888083651689826, -0.2039246650226195501 ) ) ;
#1907 = CARTESIAN_POINT ( 'NONE',  ( 29.60587788319216074, 8.740740633583408581, 21.37281001351244214 ) ) ;
#1908 =( BOUNDED_CURVE ( )  B_SPLINE_CURVE ( 3, ( #508, #1064, #2026, #2323 ),
 .UNSPECIFIED., .F., .F. ) 
 B_SPLINE_CURVE_WITH_KNOTS ( ( 4, 4 ),
 ( 1.587371499803894137, 3.100322967313466460 ),
 .UNSPECIFIED. ) 
 CURVE ( )  GEOMETRIC_REPRESENTATION_ITEM ( )  RATIONAL_B_SPLINE_CURVE ( ( 1.000000000000000000, 0.8181729646123365729, 0.8181729646123365729, 1.000000000000000000 ) ) 
 REPRESENTATION_ITEM ( '' )  );
#1909 = FACE_OUTER_BOUND ( 'NONE', #2818, .T. ) ;
#1910 = CARTESIAN_POINT ( 'NONE',  ( 29.46042919741791977, -0.03354880724416821336, 11.19359216471649532 ) ) ;
#1911 = CARTESIAN_POINT ( 'NONE',  ( 36.18662385841152940, -1.261647468968081220, 0.2377333333333347676 ) ) ;
#1912 = ORIENTED_EDGE ( 'NONE', *, *, #2895, .F. ) ;
#1913 = DIRECTION ( 'NONE',  ( -1.000000000000000000, 0.000000000000000000, -0.000000000000000000 ) ) ;
#1914 = EDGE_CURVE ( 'NONE', #3627, #3202, #114, .T. ) ;
#1915 = DIRECTION ( 'NONE',  ( 0.000000000000000000, 0.000000000000000000, 1.000000000000000000 ) ) ;
#1916 = ORIENTED_EDGE ( 'NONE', *, *, #2987, .F. ) ;
#1917 = CARTESIAN_POINT ( 'NONE',  ( 27.23884348098842878, -1.317488509068562408, 0.2999999999999999889 ) ) ;
#1918 = CYLINDRICAL_SURFACE ( 'NONE', #591, 0.4999999999999999445 ) ;
#1919 = CARTESIAN_POINT ( 'NONE',  ( 29.57952447209467550, 7.146809560181840659, 19.78179387253659982 ) ) ;
#1920 = ORIENTED_EDGE ( 'NONE', *, *, #831, .F. ) ;
#1921 = CARTESIAN_POINT ( 'NONE',  ( 31.23829402084788498, -1.383786165277783198, -0.3000000000000061506 ) ) ;
#1922 = CARTESIAN_POINT ( 'NONE',  ( 49.16678803138748322, 6.396570569235277226, -0.05083484387363387813 ) ) ;
#1923 = ORIENTED_EDGE ( 'NONE', *, *, #2240, .T. ) ;
#1924 = CARTESIAN_POINT ( 'NONE',  ( 45.38133477118634573, 2.530322742514554690, -0.3000000000003926748 ) ) ;
#1925 = EDGE_CURVE ( 'NONE', #1930, #687, #3256, .T. ) ;
#1926 = CARTESIAN_POINT ( 'NONE',  ( 29.80478445075305416, 8.490063075958099503, 21.25393035423975263 ) ) ;
#1927 = CARTESIAN_POINT ( 'NONE',  ( 29.53085573251851770, 3.363369558565041384, 15.27266336374574252 ) ) ;
#1928 = VECTOR ( 'NONE', #256, 100.0000000000000000 ) ;
#1929 = DIRECTION ( 'NONE',  ( 1.665393298452077782E-16, -1.025709229455379565E-18, -1.000000000000000000 ) ) ;
#1930 = VERTEX_POINT ( 'NONE', #1688 ) ;
#1931 = CARTESIAN_POINT ( 'NONE',  ( 30.08302393542356867, 6.246627905142966952, 18.98891532737465582 ) ) ;
#1932 = LINE ( 'NONE', #1650, #1365 ) ;
#1933 = ORIENTED_EDGE ( 'NONE', *, *, #2382, .T. ) ;
#1934 = ORIENTED_EDGE ( 'NONE', *, *, #1332, .T. ) ;
#1935 = CARTESIAN_POINT ( 'NONE',  ( 31.23829402084788498, -1.383786165277783198, -0.3000000000000061506 ) ) ;
#1936 = CARTESIAN_POINT ( 'NONE',  ( 30.23782383506047822, -2.357119666576611650, 0.2999999999999999334 ) ) ;
#1937 = CARTESIAN_POINT ( 'NONE',  ( 30.09363564360722876, 8.946822934682913342, 21.24688247531408081 ) ) ;
#1938 = ORIENTED_EDGE ( 'NONE', *, *, #816, .F. ) ;
#1939 = EDGE_CURVE ( 'NONE', #1047, #2686, #1386, .T. ) ;
#1940 = CARTESIAN_POINT ( 'NONE',  ( 28.60299647623811836, -2.416780879909434354, 0.3000000000000000444 ) ) ;
#1941 = CARTESIAN_POINT ( 'NONE',  ( 49.17804298027966325, 6.830219318211856461, -0.2999999999999979905 ) ) ;
#1942 = VERTEX_POINT ( 'NONE', #1127 ) ;
#1943 = EDGE_CURVE ( 'NONE', #3592, #1215, #3419, .T. ) ;
#1944 = CARTESIAN_POINT ( 'NONE',  ( 29.86407461624404647, 0.6351451205700446856, 10.46622201462058932 ) ) ;
#1945 = CARTESIAN_POINT ( 'NONE',  ( 29.62102918974302668, 9.654753354620412509, 21.99999999999999289 ) ) ;
#1946 = CARTESIAN_POINT ( 'NONE',  ( 29.83253719260675041, 8.869752695473110293, 20.90737763638984958 ) ) ;
#1947 = VECTOR ( 'NONE', #3680, 100.0000000000000142 ) ;
#1948 = VECTOR ( 'NONE', #1691, 100.0000000000000142 ) ;
#1949 = ORIENTED_EDGE ( 'NONE', *, *, #1827, .T. ) ;
#1950 = CARTESIAN_POINT ( 'NONE',  ( 0.000000000000000000, 0.000000000000000000, 0.000000000000000000 ) ) ;
#1951 = CARTESIAN_POINT ( 'NONE',  ( 30.08942187719837591, 6.632588030256374445, 18.98891532737465582 ) ) ;
#1952 = ORIENTED_EDGE ( 'NONE', *, *, #4055, .F. ) ;
#1953 = EDGE_LOOP ( 'NONE', ( #393, #1250, #2962, #2980, #1870 ) ) ;
#1954 = CARTESIAN_POINT ( 'NONE',  ( 29.70013673633525642, 8.953345844520654850, 21.45210575345615567 ) ) ;
#1955 = CARTESIAN_POINT ( 'NONE',  ( 29.99056428855567091, 3.247748428428510525, 15.95254934674219882 ) ) ;
#1956 = B_SPLINE_CURVE_WITH_KNOTS ( 'NONE', 2,
 ( #2901, #83, #1628 ),
 .UNSPECIFIED., .F., .F.,
 ( 3, 3 ),
 ( 0.000000000000000000, 0.3934269130146778592 ),
 .UNSPECIFIED. ) ;
#1957 = EDGE_CURVE ( 'NONE', #465, #2923, #2449, .T. ) ;
#1958 = CYLINDRICAL_SURFACE ( 'NONE', #2890, 0.4999999999999985567 ) ;
#1959 = ORIENTED_EDGE ( 'NONE', *, *, #2657, .T. ) ;
#1960 = DIRECTION ( 'NONE',  ( -0.01657441405230464584, -0.9998626349648348510, 0.000000000000000000 ) ) ;
#1961 = FACE_OUTER_BOUND ( 'NONE', #1106, .T. ) ;
#1962 = ORIENTED_EDGE ( 'NONE', *, *, #984, .T. ) ;
#1963 = VECTOR ( 'NONE', #442, 100.0000000000000142 ) ;
#1964 = EDGE_CURVE ( 'NONE', #1669, #998, #1756, .T. ) ;
#1965 = CARTESIAN_POINT ( 'NONE',  ( 29.48829194067578285, -0.01013258513829620733, 11.11490986413785720 ) ) ;
#1966 = VERTEX_POINT ( 'NONE', #617 ) ;
#1967 = CARTESIAN_POINT ( 'NONE',  ( 29.73715630901303086, 8.858752162605163960, 21.25664250919738052 ) ) ;
#1968 = AXIS2_PLACEMENT_3D ( 'NONE', #1480, #3357, #2409 ) ;
#1969 = VECTOR ( 'NONE', #2373, 100.0000000000000000 ) ;
#1970 = CARTESIAN_POINT ( 'NONE',  ( -0.1467767402237514784, -8.854405215685872577, -0.5000000000000133227 ) ) ;
#1971 = VECTOR ( 'NONE', #143, 100.0000000000000000 ) ;
#1972 = CARTESIAN_POINT ( 'NONE',  ( 29.42213622111535187, -2.343598264958009825, 1.499999999999996225 ) ) ;
#1973 = VERTEX_POINT ( 'NONE', #306 ) ;
#1974 = CARTESIAN_POINT ( 'NONE',  ( 30.05400500914900874, 6.647461227841615639, 19.29037837007849987 ) ) ;
#1975 = CARTESIAN_POINT ( 'NONE',  ( 30.02370493687717001, -2.353570283740597624, -0.5000000000000031086 ) ) ;
#1976 = EDGE_LOOP ( 'NONE', ( #1674, #219, #106, #3517 ) ) ;
#1977 = EDGE_LOOP ( 'NONE', ( #1546, #207, #3801, #2618, #1239, #2405 ) ) ;
#1978 = CARTESIAN_POINT ( 'NONE',  ( 29.60529534869547064, 8.705598849447037324, 21.34781737152216152 ) ) ;
#1979 = EDGE_CURVE ( 'NONE', #1592, #3053, #3726, .T. ) ;
#1980 = CARTESIAN_POINT ( 'NONE',  ( 48.85094188680758975, 5.935517926483887763, 0.2184189660978972380 ) ) ;
#1981 = CYLINDRICAL_SURFACE ( 'NONE', #723, 0.4999999999999985567 ) ;
#1982 = ORIENTED_EDGE ( 'NONE', *, *, #2228, .F. ) ;
#1983 = CARTESIAN_POINT ( 'NONE',  ( 51.07423000722545225, 9.738322597014095194, -0.2999999999999956035 ) ) ;
#1984 = CARTESIAN_POINT ( 'NONE',  ( 48.51739294328382357, 6.451231083877006611, -0.2750660915585290689 ) ) ;
#1985 = ORIENTED_EDGE ( 'NONE', *, *, #473, .F. ) ;
#1986 = CARTESIAN_POINT ( 'NONE',  ( 40.60339676774237461, 0.07141063089746681192, 0.2000000000179703863 ) ) ;
#1987 = VERTEX_POINT ( 'NONE', #1789 ) ;
#1988 = CARTESIAN_POINT ( 'NONE',  ( 29.58998555987169965, 7.782025578901055951, 20.03061701137889372 ) ) ;
#1989 = CARTESIAN_POINT ( 'NONE',  ( 51.59863108044611124, 9.717405461309315484, -0.2946289118163343268 ) ) ;
#1990 = ORIENTED_EDGE ( 'NONE', *, *, #1190, .F. ) ;
#1991 = CARTESIAN_POINT ( 'NONE',  ( 30.06460749944760025, 6.246933188713487795, 18.98925470086113876 ) ) ;
#1992 = CARTESIAN_POINT ( 'NONE',  ( 30.09961078566584902, 9.307277383580247587, 21.24688247531408081 ) ) ;
#1993 = ORIENTED_EDGE ( 'NONE', *, *, #3416, .T. ) ;
#1994 = ORIENTED_EDGE ( 'NONE', *, *, #3798, .F. ) ;
#1995 = CARTESIAN_POINT ( 'NONE',  ( 30.10210258776324110, 8.946682580764992565, 21.28915344383288399 ) ) ;
#1996 = CARTESIAN_POINT ( 'NONE',  ( 29.47185946327227768, 0.6559896399365648945, 10.49999999999995737 ) ) ;
#1997 = DIRECTION ( 'NONE',  ( 1.665393298452077782E-16, -1.025709229455379565E-18, -1.000000000000000000 ) ) ;
#1998 = CARTESIAN_POINT ( 'NONE',  ( 29.52980122993775680, 4.147221655288381825, 16.29565549853279194 ) ) ;
#1999 = VERTEX_POINT ( 'NONE', #3124 ) ;
#2000 = DIRECTION ( 'NONE',  ( -0.000000000000000000, -0.000000000000000000, -1.000000000000000000 ) ) ;
#2001 = FACE_OUTER_BOUND ( 'NONE', #1687, .T. ) ;
#2002 = SURFACE_STYLE_FILL_AREA ( #2952 ) ;
#2003 = CARTESIAN_POINT ( 'NONE',  ( 29.46712674854923719, -0.01892790751510263839, 11.19732725391453521 ) ) ;
#2004 = ORIENTED_EDGE ( 'NONE', *, *, #1040, .T. ) ;
#2005 = CARTESIAN_POINT ( 'NONE',  ( 27.86161175479890773, -1.824979717385858624, 0.2999999999999999889 ) ) ;
#2006 = AXIS2_PLACEMENT_3D ( 'NONE', #3668, #538, #2111 ) ;
#2007 = CARTESIAN_POINT ( 'NONE',  ( 51.62819232965971850, 9.765534048217926255, -0.2999999999999963807 ) ) ;
#2008 = EDGE_CURVE ( 'NONE', #3260, #3089, #3041, .T. ) ;
#2009 = VERTEX_POINT ( 'NONE', #2407 ) ;
#2010 = CARTESIAN_POINT ( 'NONE',  ( 29.48233099670127899, 1.287691911486196661, 13.99096871023896504 ) ) ;
#2011 =( BOUNDED_CURVE ( )  B_SPLINE_CURVE ( 3, ( #522, #3340, #1776, #214 ),
 .UNSPECIFIED., .F., .F. ) 
 B_SPLINE_CURVE_WITH_KNOTS ( ( 4, 4 ),
 ( 3.141592653589793116, 4.712388980384689674 ),
 .UNSPECIFIED. ) 
 CURVE ( )  GEOMETRIC_REPRESENTATION_ITEM ( )  RATIONAL_B_SPLINE_CURVE ( ( 1.000000000000000000, 0.8047378541243649375, 0.8047378541243649375, 1.000000000000000000 ) ) 
 REPRESENTATION_ITEM ( '' )  );
#2012 = EDGE_CURVE ( 'NONE', #4034, #1778, #3088, .T. ) ;
#2013 = CARTESIAN_POINT ( 'NONE',  ( 48.35682992392472102, 6.274385848004486732, -0.2999999999999984901 ) ) ;
#2014 = VECTOR ( 'NONE', #3697, 100.0000000000000142 ) ;
#2015 = ORIENTED_EDGE ( 'NONE', *, *, #3939, .T. ) ;
#2016 = DIRECTION ( 'NONE',  ( 0.9998626349648349620, -0.01657441405230464931, 3.341506680459168859E-16 ) ) ;
#2017 = CARTESIAN_POINT ( 'NONE',  ( 28.59563592806793153, -2.329897624897717900, -8.673617379884035472E-17 ) ) ;
#2018 = CYLINDRICAL_SURFACE ( 'NONE', #642, 21.35764531748080586 ) ;
#2019 = ORIENTED_EDGE ( 'NONE', *, *, #1315, .F. ) ;
#2020 = EDGE_CURVE ( 'NONE', #1372, #397, #2772, .T. ) ;
#2021 = CARTESIAN_POINT ( 'NONE',  ( 45.46966389293517352, 3.391211129187593265, 0.2223407802516420562 ) ) ;
#2022 = DIRECTION ( 'NONE',  ( -0.01657441405230468054, -0.9998626349648349620, 0.000000000000000000 ) ) ;
#2023 = LINE ( 'NONE', #3659, #3387 ) ;
#2024 = DIRECTION ( 'NONE',  ( -0.01657441405230463891, -0.9998626349648348510, -2.526198420459838063E-16 ) ) ;
#2025 = ORIENTED_EDGE ( 'NONE', *, *, #3718, .T. ) ;
#2026 = CARTESIAN_POINT ( 'NONE',  ( 29.72173036849547501, 3.664224198546956579, 15.96393427190561987 ) ) ;
#2027 = CARTESIAN_POINT ( 'NONE',  ( 29.54496785172415230, 5.066302166511784222, 17.43393758446876163 ) ) ;
#2028 = AXIS2_PLACEMENT_3D ( 'NONE', #3154, #339, #3826 ) ;
#2029 = ORIENTED_EDGE ( 'NONE', *, *, #3490, .F. ) ;
#2030 = CARTESIAN_POINT ( 'NONE',  ( 30.14404579061175582, -1.868616763265141367, 0.000000000000000000 ) ) ;
#2031 = FACE_OUTER_BOUND ( 'NONE', #3779, .T. ) ;
#2032 = ORIENTED_EDGE ( 'NONE', *, *, #3588, .T. ) ;
#2033 =( BOUNDED_SURFACE ( )  B_SPLINE_SURFACE ( 3, 2, ( 
 ( #1727, #1405, #2337 ),
 ( #1709, #2416, #464 ),
 ( #2397, #2965, #3365 ),
 ( #3029, #2948, #2984 ) ),
 .UNSPECIFIED., .F., .F., .F. ) 
 B_SPLINE_SURFACE_WITH_KNOTS ( ( 4, 4 ),
 ( 3, 3 ),
 ( 0.1066084249710993331, 0.1086450207203013690 ),
 ( 0.000000000000000000, 1.000000000000000000 ),
 .UNSPECIFIED. ) 
 GEOMETRIC_REPRESENTATION_ITEM ( )  RATIONAL_B_SPLINE_SURFACE ( (
 ( 1.000000000000000000, 0.9454025249352326910, 1.000000000000000000),
 ( 1.000000000000000000, 0.9454160726460929531, 1.000000000000000000),
 ( 1.000000000000000000, 0.9454228802261758213, 1.000000000000000000),
 ( 1.000000000000000000, 0.9454228802908569707, 1.000000000000000000) ) ) 
 REPRESENTATION_ITEM ( '' )  SURFACE ( )  );
#2034 = ADVANCED_FACE ( 'NONE', ( #226 ), #1784, .T. ) ;
#2035 = CARTESIAN_POINT ( 'NONE',  ( 29.08956838170394477, -10.33918446186616080, -0.5000000000000032196 ) ) ;
#2036 = CYLINDRICAL_SURFACE ( 'NONE', #4067, 0.5000000000000004441 ) ;
#2037 = DIRECTION ( 'NONE',  ( 0.01657441405230466666, 0.9998626349648349620, 1.734723475976807094E-18 ) ) ;
#2038 = ORIENTED_EDGE ( 'NONE', *, *, #694, .F. ) ;
#2039 = DIRECTION ( 'NONE',  ( 0.01657441405230464238, 0.9998626349648350731, 0.000000000000000000 ) ) ;
#2040 = DIRECTION ( 'NONE',  ( -0.01657441405230464238, -0.9998626349648349620, 0.000000000000000000 ) ) ;
#2041 = ORIENTED_EDGE ( 'NONE', *, *, #1914, .T. ) ;
#2042 = CARTESIAN_POINT ( 'NONE',  ( 29.46097800161226488, -0.0004418268563659841284, 11.26365430428477588 ) ) ;
#2043 = ORIENTED_EDGE ( 'NONE', *, *, #504, .T. ) ;
#2044 = DIRECTION ( 'NONE',  ( -0.9998626349648348510, 0.01657441405230464584, 0.000000000000000000 ) ) ;
#2045 = DIRECTION ( 'NONE',  ( 0.9998626349648348510, -0.01657441405230524606, 3.469446951953554531E-16 ) ) ;
#2046 = EDGE_CURVE ( 'NONE', #2125, #2425, #2504, .T. ) ;
#2047 = EDGE_LOOP ( 'NONE', ( #2525, #281, #355 ) ) ;
#2048 = CARTESIAN_POINT ( 'NONE',  ( 29.59231616714997415, 6.505214485540859570, 19.63340128517781480 ) ) ;
#2049 = CARTESIAN_POINT ( 'NONE',  ( 50.76344319059204224, 9.286457888869106725, 0.2167804176680831474 ) ) ;
#2050 = EDGE_CURVE ( 'NONE', #3291, #28, #2643, .T. ) ;
#2051 = ORIENTED_EDGE ( 'NONE', *, *, #2884, .F. ) ;
#2052 = CARTESIAN_POINT ( 'NONE',  ( 50.73176923724147258, 8.379831103244516299, -0.4999999999999985567 ) ) ;
#2053 = ADVANCED_BREP_SHAPE_REPRESENTATION ( 'Part12-Split2', ( #34, #3617 ), #2821 ) ;
#2054 = CARTESIAN_POINT ( 'NONE',  ( 41.03893530837986248, -0.1725196525909055978, -0.3000000000000025424 ) ) ;
#2055 = DIRECTION ( 'NONE',  ( 1.000000000000000000, 0.000000000000000000, 0.000000000000000000 ) ) ;
#2056 = CARTESIAN_POINT ( 'NONE',  ( 29.42213622111535187, -2.343598264957939659, 0.7774384456261533849 ) ) ;
#2057 = ORIENTED_EDGE ( 'NONE', *, *, #2153, .F. ) ;
#2058 = CIRCLE ( 'NONE', #356, 19.80215235425126963 ) ;
#2059 = DIRECTION ( 'NONE',  ( 0.9998626349648349620, -0.01657441405230463544, 0.000000000000000000 ) ) ;
#2060 = CARTESIAN_POINT ( 'NONE',  ( 42.79656511955386122, 6.936003105534807922, 0.1999999999999998723 ) ) ;
#2061 = EDGE_CURVE ( 'NONE', #3431, #1302, #1809, .T. ) ;
#2062 = CARTESIAN_POINT ( 'NONE',  ( 0.1117841189922068185, 6.743451889765537999, -0.5000000000000138778 ) ) ;
#2063 = ORIENTED_EDGE ( 'NONE', *, *, #2712, .F. ) ;
#2064 = CARTESIAN_POINT ( 'NONE',  ( 29.57507617552699486, 0.5638635677263182933, 10.28466899172950377 ) ) ;
#2065 = FACE_BOUND ( 'NONE', #1150, .T. ) ;
#2066 = ADVANCED_FACE ( 'NONE', ( #2129 ), #3398, .T. ) ;
#2067 = ADVANCED_FACE ( 'NONE', ( #962 ), #1779, .F. ) ;
#2068 = CARTESIAN_POINT ( 'NONE',  ( 29.69492498661746183, 8.953432238086286077, 21.27795822097401057 ) ) ;
#2069 = ORIENTED_EDGE ( 'NONE', *, *, #3909, .F. ) ;
#2070 = CARTESIAN_POINT ( 'NONE',  ( 51.19221348010538719, 9.072796993919022057, 0.02510764948424023396 ) ) ;
#2071 = CARTESIAN_POINT ( 'NONE',  ( 29.99701183577151298, 9.326669927048607533, 21.26023453006369124 ) ) ;
#2072 = CIRCLE ( 'NONE', #1741, 16.16641791636911663 ) ;
#2073 = ORIENTED_EDGE ( 'NONE', *, *, #1597, .T. ) ;
#2074 = CARTESIAN_POINT ( 'NONE',  ( 50.27832435838271152, 8.612227584705326677, -0.2999999999999972133 ) ) ;
#2075 = CARTESIAN_POINT ( 'NONE',  ( 51.65303380369044106, 8.589439450864375658, 0.2000000000000032585 ) ) ;
#2076 = CARTESIAN_POINT ( 'NONE',  ( 29.42213622111534832, -2.343598264957939215, 0.7258574634643740753 ) ) ;
#2077 = DIRECTION ( 'NONE',  ( 0.01657441405230466319, 0.9998626349648349620, 1.734723475976807094E-18 ) ) ;
#2078 = ORIENTED_EDGE ( 'NONE', *, *, #662, .F. ) ;
#2079 = CIRCLE ( 'NONE', #2672, 11.29999999999813198 ) ;
#2080 = DIRECTION ( 'NONE',  ( 0.9998626349648348510, -0.01657441405230463891, 3.469446951953554531E-16 ) ) ;
#2081 = CARTESIAN_POINT ( 'NONE',  ( 49.10898578509949886, 5.931240412489066749, -0.2999999999999982681 ) ) ;
#2082 = CARTESIAN_POINT ( 'NONE',  ( 51.16445146266697463, 9.297634698148190324, 0.2000000000000032863 ) ) ;
#2083 = ORIENTED_EDGE ( 'NONE', *, *, #2327, .F. ) ;
#2084 = LINE ( 'NONE', #3640, #4046 ) ;
#2085 = ORIENTED_EDGE ( 'NONE', *, *, #718, .F. ) ;
#2086 = CARTESIAN_POINT ( 'NONE',  ( 0.000000000000000000, 0.000000000000000000, 0.2999999999999999889 ) ) ;
#2087 = CARTESIAN_POINT ( 'NONE',  ( 39.74338221018398798, 0.2620762191558760890, -0.3000000000000028755 ) ) ;
#2088 = CARTESIAN_POINT ( 'NONE',  ( 50.62838301885811632, 9.094957425487042002, -0.1402240678247216876 ) ) ;
#2089 = ORIENTED_EDGE ( 'NONE', *, *, #461, .F. ) ;
#2090 = CARTESIAN_POINT ( 'NONE',  ( 29.82365381908464030, 6.716894125291343443, 19.06429233502514720 ) ) ;
#2091 = CARTESIAN_POINT ( 'NONE',  ( 30.05885587995366492, 8.945283828738480381, 21.24794809331386602 ) ) ;
#2092 = VECTOR ( 'NONE', #3076, 100.0000000000000142 ) ;
#2093 = ORIENTED_EDGE ( 'NONE', *, *, #2361, .F. ) ;
#2094 = CARTESIAN_POINT ( 'NONE',  ( 48.85094188680758975, 5.935517926483887763, 0.2184189660978971548 ) ) ;
#2095 = VECTOR ( 'NONE', #1485, 100.0000000000000142 ) ;
#2096 = VECTOR ( 'NONE', #3375, 100.0000000000000142 ) ;
#2097 = DIRECTION ( 'NONE',  ( 0.01657441405230463891, 0.9998626349648349620, -0.000000000000000000 ) ) ;
#2098 = CARTESIAN_POINT ( 'NONE',  ( 29.42163593605011229, -2.373778296781865027, 0.6020567214408903967 ) ) ;
#2099 = DIRECTION ( 'NONE',  ( -0.9998626349648349620, 0.01657441405230466666, 0.000000000000000000 ) ) ;
#2100 = ORIENTED_EDGE ( 'NONE', *, *, #299, .T. ) ;
#2101 = ADVANCED_FACE ( 'NONE', ( #389 ), #636, .F. ) ;
#2102 = LINE ( 'NONE', #3700, #312 ) ;
#2103 = FACE_OUTER_BOUND ( 'NONE', #664, .T. ) ;
#2104 = DIRECTION ( 'NONE',  ( -0.9998626349648349620, 0.01657441405230474646, 0.000000000000000000 ) ) ;
#2105 = EDGE_LOOP ( 'NONE', ( #2705, #315, #418, #3372, #767, #2151, #3837 ) ) ;
#2106 = CARTESIAN_POINT ( 'NONE',  ( 42.74684187739693897, 3.936415200640302814, -0.3000000000000009326 ) ) ;
#2107 = ORIENTED_EDGE ( 'NONE', *, *, #619, .F. ) ;
#2108 = CIRCLE ( 'NONE', #1444, 0.5000000000000004441 ) ;
#2109 = DIRECTION ( 'NONE',  ( -0.9998626349648349620, 0.01657441405230580117, -1.665334536937735304E-16 ) ) ;
#2110 = B_SPLINE_CURVE_WITH_KNOTS ( 'NONE', 3,
 ( #11, #1269, #2846, #3810, #975, #669 ),
 .UNSPECIFIED., .F., .F.,
 ( 4, 2, 4 ),
 ( 0.000000000000000000, 0.001803255833784458712, 0.003606511667568917424 ),
 .UNSPECIFIED. ) ;
#2111 = DIRECTION ( 'NONE',  ( -1.000000000000000000, 0.000000000000000000, -3.469446951953611231E-16 ) ) ;
#2112 = CARTESIAN_POINT ( 'NONE',  ( 29.92093795337407158, 6.671109114624574232, 19.02269229602586265 ) ) ;
#2113 = LINE ( 'NONE', #1541, #3223 ) ;
#2114 = ORIENTED_EDGE ( 'NONE', *, *, #1943, .T. ) ;
#2115 = EDGE_CURVE ( 'NONE', #474, #1814, #3161, .T. ) ;
#2116 = DIRECTION ( 'NONE',  ( 0.01657441405230465278, 0.9998626349648348510, 3.469446951953612648E-18 ) ) ;
#2117 = VERTEX_POINT ( 'NONE', #2234 ) ;
#2118 = FACE_OUTER_BOUND ( 'NONE', #1413, .T. ) ;
#2119 = CARTESIAN_POINT ( 'NONE',  ( 29.67230802960762048, 0.2526119124062043420, 10.47664068296516504 ) ) ;
#2120 = EDGE_LOOP ( 'NONE', ( #3828, #1938, #3489, #248 ) ) ;
#2121 = DIRECTION ( 'NONE',  ( 0.01657441405230464584, 0.9998626349648350731, 1.734723475976807094E-18 ) ) ;
#2122 = CARTESIAN_POINT ( 'NONE',  ( 28.76461302534038467, -10.33379777729916071, -0.5000000000000033307 ) ) ;
#2123 = CARTESIAN_POINT ( 'NONE',  ( 30.08942187719837591, 6.632588030256374445, 18.98891532737465582 ) ) ;
#2124 = AXIS2_PLACEMENT_3D ( 'NONE', #2060, #2746, #2460 ) ;
#2125 = VERTEX_POINT ( 'NONE', #1600 ) ;
#2126 = CARTESIAN_POINT ( 'NONE',  ( 30.01476133813476110, 8.941990332905136896, 21.24926321245993677 ) ) ;
#2127 = ORIENTED_EDGE ( 'NONE', *, *, #316, .T. ) ;
#2128 = CARTESIAN_POINT ( 'NONE',  ( 48.35797966181451812, 6.343744562579289870, 0.2000000000000014821 ) ) ;
#2129 = FACE_OUTER_BOUND ( 'NONE', #3841, .T. ) ;
#2130 = EDGE_CURVE ( 'NONE', #1449, #3321, #2732, .T. ) ;
#2131 = DIRECTION ( 'NONE',  ( -0.01657441405230463891, -0.9998626349648348510, -0.000000000000000000 ) ) ;
#2132 = CARTESIAN_POINT ( 'NONE',  ( 29.02219116712941371, -2.336968499337101157, 1.499999999999998668 ) ) ;
#2133 = VERTEX_POINT ( 'NONE', #55 ) ;
#2134 = CARTESIAN_POINT ( 'NONE',  ( 29.52980122993775680, 4.147221655288381825, 16.29565549853279194 ) ) ;
#2135 = ORIENTED_EDGE ( 'NONE', *, *, #1876, .T. ) ;
#2136 = DIRECTION ( 'NONE',  ( 1.665393298452077782E-16, -1.025709229455379180E-18, -1.000000000000000000 ) ) ;
#2137 = EDGE_CURVE ( 'NONE', #1758, #3741, #3384, .T. ) ;
#2138 = VECTOR ( 'NONE', #652, 100.0000000000000142 ) ;
#2139 = CARTESIAN_POINT ( 'NONE',  ( 41.00912762258545285, 0.8054417275524197173, -0.2984125998603393004 ) ) ;
#2140 = ORIENTED_EDGE ( 'NONE', *, *, #1745, .T. ) ;
#2141 = DIRECTION ( 'NONE',  ( -0.9998626349648349620, 0.01657441405230474646, 0.000000000000000000 ) ) ;
#2142 = CYLINDRICAL_SURFACE ( 'NONE', #2589, 0.5000000000000004441 ) ;
#2143 = CARTESIAN_POINT ( 'NONE',  ( 51.16041098557722222, 9.023694097582353635, 0.1842750661623203390 ) ) ;
#2144 = EDGE_CURVE ( 'NONE', #1243, #242, #3880, .T. ) ;
#2145 = ORIENTED_EDGE ( 'NONE', *, *, #1241, .T. ) ;
#2146 = B_SPLINE_CURVE_WITH_KNOTS ( 'NONE', 3,
 ( #3044, #3670, #1151, #3729, #265, #4041, #1847, #3649, #903, #2450, #3708, #2070, #2773, #580, #841, #3328 ),
 .UNSPECIFIED., .F., .F.,
 ( 4, 2, 2, 2, 2, 2, 2, 4 ),
 ( -0.005911482812663907543, -0.003361166960474802189, -0.0008108511082856968352, 0.0004643068178088556250, 0.001739464743903408953, 0.002377043706950750235, 0.003014622669998089782, 0.004289780596092855613 ),
 .UNSPECIFIED. ) ;
#2147 = AXIS2_PLACEMENT_3D ( 'NONE', #3908, #3244, #2269 ) ;
#2148 = CIRCLE ( 'NONE', #1232, 0.5000000000000004441 ) ;
#2149 = AXIS2_PLACEMENT_3D ( 'NONE', #4029, #3716, #3451 ) ;
#2150 = DIRECTION ( 'NONE',  ( 0.01657441405230464931, 0.9998626349648349620, 3.469446951953613418E-18 ) ) ;
#2151 = ORIENTED_EDGE ( 'NONE', *, *, #3210, .T. ) ;
#2152 = FACE_OUTER_BOUND ( 'NONE', #3136, .T. ) ;
#2153 = EDGE_CURVE ( 'NONE', #2305, #1030, #2347, .T. ) ;
#2154 = CARTESIAN_POINT ( 'NONE',  ( 50.75875416735405565, 9.279760514797066762, 0.1269635675963915467 ) ) ;
#2155 = CARTESIAN_POINT ( 'NONE',  ( 30.07123726506852179, 6.646878242699422401, 19.00215235425143234 ) ) ;
#2156 = CARTESIAN_POINT ( 'NONE',  ( 30.04736538869588358, 6.246921674498820742, 19.29037837007849987 ) ) ;
#2157 = VERTEX_POINT ( 'NONE', #177 ) ;
#2158 = CARTESIAN_POINT ( 'NONE',  ( 29.62102918974302668, 9.654753354620412509, 21.99999999999999289 ) ) ;
#2159 = ORIENTED_EDGE ( 'NONE', *, *, #103, .F. ) ;
#2160 = VECTOR ( 'NONE', #2414, 100.0000000000000142 ) ;
#2161 = PLANE ( 'NONE',  #3949 ) ;
#2162 = CARTESIAN_POINT ( 'NONE',  ( 29.45694249062519887, -0.2438867315317865825, 9.976640682965166818 ) ) ;
#2163 = ORIENTED_EDGE ( 'NONE', *, *, #676, .F. ) ;
#2164 = B_SPLINE_CURVE_WITH_KNOTS ( 'NONE', 3,
 ( #3037, #2126, #1476, #220, #3997, #1534, #3098, #573, #2751, #1805, #3956, #3078, #3392, #1187, #2709, #3723, #895, #3662 ),
 .UNSPECIFIED., .F., .F.,
 ( 4, 2, 2, 2, 2, 2, 2, 2, 4 ),
 ( 0.01274504708797910904, 0.01404316826987253922, 0.01469222886081917971, 0.01534128945176582021, 0.01663941063365926773, 0.01728847122460606608, 0.01761300152007946526, 0.01777526666781615444, 0.01793753181555284015 ),
 .UNSPECIFIED. ) ;
#2165 = EDGE_CURVE ( 'NONE', #3038, #2708, #2633, .T. ) ;
#2166 = FACE_OUTER_BOUND ( 'NONE', #1452, .T. ) ;
#2167 = VECTOR ( 'NONE', #2371, 100.0000000000000142 ) ;
#2168 = CARTESIAN_POINT ( 'NONE',  ( 29.36470365497220314, 6.258535278550102277, -0.5000000000000032196 ) ) ;
#2169 = LINE ( 'NONE', #277, #1901 ) ;
#2170 = AXIS2_PLACEMENT_3D ( 'NONE', #3587, #3567, #736 ) ;
#2171 = LINE ( 'NONE', #1457, #597 ) ;
#2172 = VERTEX_POINT ( 'NONE', #2956 ) ;
#2173 = DIRECTION ( 'NONE',  ( -1.665393298452077782E-16, 1.025709229455379180E-18, 1.000000000000000000 ) ) ;
#2174 = ORIENTED_EDGE ( 'NONE', *, *, #3165, .T. ) ;
#2175 = DIRECTION ( 'NONE',  ( 0.01657441405230464931, 0.9998626349648349620, 3.469446951953613418E-18 ) ) ;
#2176 = CARTESIAN_POINT ( 'NONE',  ( 29.01680430430896962, -2.661934608959339865, 0.2999999999999977685 ) ) ;
#2177 = CARTESIAN_POINT ( 'NONE',  ( 50.74505599753552332, 9.260215583829575436, 0.06455733369422500534 ) ) ;
#2178 = CARTESIAN_POINT ( 'NONE',  ( 29.61166269965485753, 3.486739759383444159, 15.44276616076089859 ) ) ;
#2179 = EDGE_CURVE ( 'NONE', #279, #3674, #3324, .T. ) ;
#2180 = EDGE_CURVE ( 'NONE', #3391, #1352, #333, .T. ) ;
#2181 = CARTESIAN_POINT ( 'NONE',  ( 29.60113989288023006, 8.454918192660825227, 21.16756122134667706 ) ) ;
#2182 = VERTEX_POINT ( 'NONE', #120 ) ;
#2183 = DIRECTION ( 'NONE',  ( -1.665393298452077782E-16, 1.025709229455379565E-18, 1.000000000000000000 ) ) ;
#2184 = CARTESIAN_POINT ( 'NONE',  ( 30.83834896686196103, -1.377156399656861208, -0.2000000000000000111 ) ) ;
#2185 = ORIENTED_EDGE ( 'NONE', *, *, #2974, .T. ) ;
#2186 = LINE ( 'NONE', #1568, #577 ) ;
#2187 = CARTESIAN_POINT ( 'NONE',  ( 46.26952356825763246, 3.273591535754742043, -0.2999999999999999334 ) ) ;
#2188 = CARTESIAN_POINT ( 'NONE',  ( 28.16722510746817321, -2.337843263681918859, 0.000000000000000000 ) ) ;
#2189 = ORIENTED_EDGE ( 'NONE', *, *, #1299, .T. ) ;
#2190 = CARTESIAN_POINT ( 'NONE',  ( 29.97458709050791015, -2.534684636477384956, 0.000000000000000000 ) ) ;
#2191 = ORIENTED_EDGE ( 'NONE', *, *, #3276, .T. ) ;
#2192 = CARTESIAN_POINT ( 'NONE',  ( 49.16389657407458458, 6.356120860384682381, 0.03835532536026008826 ) ) ;
#2193 = EDGE_CURVE ( 'NONE', #2268, #882, #3863, .T. ) ;
#2194 = CARTESIAN_POINT ( 'NONE',  ( 29.02219116712941371, -2.336968499337017668, 0.7774384456261534959 ) ) ;
#2195 = DIRECTION ( 'NONE',  ( -1.000000000000000000, 0.000000000000000000, -1.665680818703646662E-16 ) ) ;
#2196 =( BOUNDED_CURVE ( )  B_SPLINE_CURVE ( 3, ( #3675, #519, #844, #3631 ),
 .UNSPECIFIED., .F., .T. ) 
 B_SPLINE_CURVE_WITH_KNOTS ( ( 4, 4 ),
 ( 3.182862339866111334, 4.712388980384689674 ),
 .UNSPECIFIED. ) 
 CURVE ( )  GEOMETRIC_REPRESENTATION_ITEM ( )  RATIONAL_B_SPLINE_CURVE ( ( 1.000000000000000000, 0.8143641644715886585, 0.8143641644715886585, 1.000000000000000000 ) ) 
 REPRESENTATION_ITEM ( '' )  );
#2197 = CARTESIAN_POINT ( 'NONE',  ( 29.20948204592047048, 8.961479275765617203, 20.85670886413235792 ) ) ;
#2198 = EDGE_CURVE ( 'NONE', #2297, #1352, #1908, .T. ) ;
#2199 = DIRECTION ( 'NONE',  ( -0.01657441405230464238, -0.9998626349648349620, -1.734723475976807480E-18 ) ) ;
#2200 = EDGE_CURVE ( 'NONE', #1030, #477, #3799, .T. ) ;
#2201 =( LENGTH_UNIT ( ) NAMED_UNIT ( * ) SI_UNIT ( .CENTI., .METRE. ) );
#2202 = VERTEX_POINT ( 'NONE', #2364 ) ;
#2203 = CARTESIAN_POINT ( 'NONE',  ( 39.74045872950771496, 0.08571528820440700580, 0.1999999999999970968 ) ) ;
#2204 = DIRECTION ( 'NONE',  ( 0.9998626349648348510, -0.01657441405230463544, -0.000000000000000000 ) ) ;
#2205 = EDGE_LOOP ( 'NONE', ( #1207, #2438, #1735, #3962, #639, #2578, #3895, #939 ) ) ;
#2206 = CARTESIAN_POINT ( 'NONE',  ( 30.82194391006612477, -2.366802444631166846, 0.000000000000000000 ) ) ;
#2207 = CARTESIAN_POINT ( 'NONE',  ( 29.47976164557336531, -2.629127326267432174, 0.2999999999999999889 ) ) ;
#2208 = B_SPLINE_CURVE_WITH_KNOTS ( 'NONE', 3,
 ( #2049, #1070, #2698, #2655 ),
 .UNSPECIFIED., .F., .F.,
 ( 4, 4 ),
 ( -0.005172089277001063953, 0.002000000000000027797 ),
 .UNSPECIFIED. ) ;
#2209 = CARTESIAN_POINT ( 'NONE',  ( 39.96796895001340744, 0.3517089670912022514, -0.2487137891097714326 ) ) ;
#2210 = EDGE_LOOP ( 'NONE', ( #758, #3881, #2073, #1137 ) ) ;
#2211 = FACE_OUTER_BOUND ( 'NONE', #4054, .T. ) ;
#2212 = CYLINDRICAL_SURFACE ( 'NONE', #371, 0.4999999999999985567 ) ;
#2213 = CARTESIAN_POINT ( 'NONE',  ( 45.71383987867091747, 2.799893053401451226, -0.1906944265614645972 ) ) ;
#2214 = B_SPLINE_CURVE_WITH_KNOTS ( 'NONE', 3,
 ( #1554, #343, #2810, #2788 ),
 .UNSPECIFIED., .F., .F.,
 ( 4, 4 ),
 ( 0.000000000000000000, 0.0002065149350831508115 ),
 .UNSPECIFIED. ) ;
#2215 = VECTOR ( 'NONE', #2745, 100.0000000000000000 ) ;
#2216 = CARTESIAN_POINT ( 'NONE',  ( 29.72705207443895148, 8.982435595921844040, 21.25767359049237726 ) ) ;
#2217 = EDGE_CURVE ( 'NONE', #3226, #1616, #3286, .T. ) ;
#2218 = CARTESIAN_POINT ( 'NONE',  ( 30.06460749944760025, 6.246933188713488683, 19.28977609426086559 ) ) ;
#2219 = CARTESIAN_POINT ( 'NONE',  ( 29.02219116712941371, -2.336968499337087390, 1.499999999999996225 ) ) ;
#2220 = EDGE_LOOP ( 'NONE', ( #2943, #3611, #786, #1933, #134, #2320 ) ) ;
#2221 = DIRECTION ( 'NONE',  ( -0.01657441405230579770, -0.9998626349648348510, 0.000000000000000000 ) ) ;
#2222 = CARTESIAN_POINT ( 'NONE',  ( 29.66882074777305078, 6.434116902472081456, 18.79250813444821588 ) ) ;
#2223 = ORIENTED_EDGE ( 'NONE', *, *, #1275, .F. ) ;
#2224 = DIRECTION ( 'NONE',  ( 0.9998626349648348510, -0.01657441405230463891, 0.000000000000000000 ) ) ;
#2225 = FACE_OUTER_BOUND ( 'NONE', #715, .T. ) ;
#2226 = CARTESIAN_POINT ( 'NONE',  ( 29.52058353641119837, 3.255539154184484918, 16.32833631618136039 ) ) ;
#2227 = ORIENTED_EDGE ( 'NONE', *, *, #3483, .T. ) ;
#2228 = EDGE_CURVE ( 'NONE', #1357, #3166, #3876, .T. ) ;
#2229 = VECTOR ( 'NONE', #1569, 100.0000000000000000 ) ;
#2230 = CARTESIAN_POINT ( 'NONE',  ( 28.49859763602018603, -2.376180633314434854, 0.3000000000000000444 ) ) ;
#2231 = CARTESIAN_POINT ( 'NONE',  ( 40.78935794662710634, 0.7043388805884007731, -0.2245746163139903384 ) ) ;
#2232 = VERTEX_POINT ( 'NONE', #3586 ) ;
#2233 = CARTESIAN_POINT ( 'NONE',  ( 45.51941571667673969, 2.641002344095500831, -0.2782927830478812425 ) ) ;
#2234 = CARTESIAN_POINT ( 'NONE',  ( 40.54863543640857415, 0.4723733461345287488, 0.1999999999999977351 ) ) ;
#2235 = CARTESIAN_POINT ( 'NONE',  ( 45.46303412731425908, 2.991266075201659991, 0.2223407802516422505 ) ) ;
#2236 = CARTESIAN_POINT ( 'NONE',  ( 31.03832149385491945, -2.370389269000775290, 0.2999999999999999889 ) ) ;
#2237 = CARTESIAN_POINT ( 'NONE',  ( 31.22188896405205938, -2.373432210252088836, -0.3000000000000064282 ) ) ;
#2238 = ORIENTED_EDGE ( 'NONE', *, *, #805, .T. ) ;
#2239 = DIRECTION ( 'NONE',  ( -0.9998626349648349620, 0.01657441405230580117, -1.665334536937735304E-16 ) ) ;
#2240 = EDGE_CURVE ( 'NONE', #258, #798, #2272, .T. ) ;
#2241 = LINE ( 'NONE', #3858, #703 ) ;
#2242 = ORIENTED_EDGE ( 'NONE', *, *, #3102, .T. ) ;
#2243 = CARTESIAN_POINT ( 'NONE',  ( 30.07100856048479542, 8.947198016850556712, 21.40662491552836499 ) ) ;
#2244 = CARTESIAN_POINT ( 'NONE',  ( 29.87447140952121316, -2.423407437641055040, 0.3000000000000000444 ) ) ;
#2245 = DIRECTION ( 'NONE',  ( -1.000000000000000000, 1.387778780781444492E-15, -3.469446951953611231E-16 ) ) ;
#2246 = EDGE_CURVE ( 'NONE', #623, #2182, #2610, .T. ) ;
#2247 = ORIENTED_EDGE ( 'NONE', *, *, #1255, .F. ) ;
#2248 = B_SPLINE_CURVE_WITH_KNOTS ( 'NONE', 3,
 ( #1112, #3712, #884, #2134 ),
 .UNSPECIFIED., .F., .F.,
 ( 4, 4 ),
 ( 2.574881324168758628E-16, 0.0001301450737330821347 ),
 .UNSPECIFIED. ) ;
#2249 = CARTESIAN_POINT ( 'NONE',  ( 30.08281813544858707, -2.447046698079677007, 0.000000000000000000 ) ) ;
#2250 = DIRECTION ( 'NONE',  ( -0.9998626349648348510, 0.01657441405230465972, 0.000000000000000000 ) ) ;
#2251 = ORIENTED_EDGE ( 'NONE', *, *, #3165, .F. ) ;
#2252 = CARTESIAN_POINT ( 'NONE',  ( 29.43854127791119524, -1.353952219983597605, 1.499999999999998890 ) ) ;
#2253 = CARTESIAN_POINT ( 'NONE',  ( 30.00494723860408541, 0.6367560416007659319, 10.47552833453502252 ) ) ;
#2254 = CARTESIAN_POINT ( 'NONE',  ( 29.67767292695837611, 3.540758688718921743, 15.51699738750563817 ) ) ;
#2255 = B_SPLINE_CURVE_WITH_KNOTS ( 'NONE', 3,
 ( #1715, #2608, #1041, #2934, #2273, #118, #3564, #2630, #1395, #2954, #2970, #3302, #3896, #711, #2664, #157, #3584, #3911, #1965, #2321, #791, #2003, #1697, #3622, #2042, #2384 ),
 .UNSPECIFIED., .F., .F.,
 ( 4, 2, 2, 2, 2, 2, 2, 2, 2, 2, 2, 2, 4 ),
 ( 0.01178074962117950202, 0.01281084561906428720, 0.01332589361800667546, 0.01384094161694906198, 0.01487103761483385411, 0.01590113361271864451, 0.01693122961060343837, 0.01744627760954587520, 0.01796132560848830856, 0.01847637360743074539, 0.01899142160637318222, 0.01950646960531561558, 0.02002151760425805241 ),
 .UNSPECIFIED. ) ;
#2256 = AXIS2_PLACEMENT_3D ( 'NONE', #484, #709, #2951 ) ;
#2257 = CARTESIAN_POINT ( 'NONE',  ( 29.65897402688550244, 8.682200442099425430, 20.75742234956871712 ) ) ;
#2258 = EDGE_CURVE ( 'NONE', #1799, #3053, #1397, .T. ) ;
#2259 = ORIENTED_EDGE ( 'NONE', *, *, #2863, .T. ) ;
#2260 = CARTESIAN_POINT ( 'NONE',  ( 50.77576818653075463, 9.304077780756347948, -0.6999999999999969580 ) ) ;
#2261 = DIRECTION ( 'NONE',  ( -0.9998626349648348510, 0.01657441405230576301, 0.000000000000000000 ) ) ;
#2262 = EDGE_LOOP ( 'NONE', ( #2767, #3656, #3596, #1504, #3010 ) ) ;
#2263 = ORIENTED_EDGE ( 'NONE', *, *, #3606, .T. ) ;
#2264 = ADVANCED_FACE ( 'NONE', ( #3958 ), #1044, .F. ) ;
#2265 = CARTESIAN_POINT ( 'NONE',  ( 30.10935841738883667, 8.946562303118541948, 21.16756122134464846 ) ) ;
#2266 = LINE ( 'NONE', #68, #916 ) ;
#2267 = DIRECTION ( 'NONE',  ( -3.372764553633511840E-16, -2.511834186424162314E-16, 1.000000000000000000 ) ) ;
#2268 = VERTEX_POINT ( 'NONE', #3304 ) ;
#2269 = DIRECTION ( 'NONE',  ( 0.9998626349648348510, -0.01657441405230464584, 0.000000000000000000 ) ) ;
#2270 = CARTESIAN_POINT ( 'NONE',  ( 45.14964117532640842, 3.323196134610093111, -0.2665992371267895678 ) ) ;
#2271 = ORIENTED_EDGE ( 'NONE', *, *, #3644, .F. ) ;
#2272 = CIRCLE ( 'NONE', #438, 0.1749999999999973799 ) ;
#2273 = CARTESIAN_POINT ( 'NONE',  ( 29.80343963233870852, 0.2243075541622294167, 10.80567427740765929 ) ) ;
#2274 = CARTESIAN_POINT ( 'NONE',  ( 29.40945457291341825, 8.958164392955156430, -0.5000000000000032196 ) ) ;
#2275 = LINE ( 'NONE', #1417, #2695 ) ;
#2276 = CARTESIAN_POINT ( 'NONE',  ( 29.88003412002358417, 0.2491685011698782648, 11.40163824770148260 ) ) ;
#2277 = ADVANCED_FACE ( 'NONE', ( #2152, #2489 ), #1828, .F. ) ;
#2278 = VECTOR ( 'NONE', #607, 100.0000000000000142 ) ;
#2279 = VECTOR ( 'NONE', #152, 100.0000000000000142 ) ;
#2280 = AXIS2_PLACEMENT_3D ( 'NONE', #3430, #2457, #565 ) ;
#2281 = ORIENTED_EDGE ( 'NONE', *, *, #211, .T. ) ;
#2282 = DIRECTION ( 'NONE',  ( 0.01657441405230464238, 0.9998626349648350731, 0.000000000000000000 ) ) ;
#2283 = LINE ( 'NONE', #3550, #3541 ) ;
#2284 = ORIENTED_EDGE ( 'NONE', *, *, #126, .T. ) ;
#2285 = B_SPLINE_CURVE_WITH_KNOTS ( 'NONE', 3,
 ( #270, #2497, #4047, #3761 ),
 .UNSPECIFIED., .F., .F.,
 ( 4, 4 ),
 ( 0.000000000000000000, 0.004913971239142210859 ),
 .UNSPECIFIED. ) ;
#2286 = ORIENTED_EDGE ( 'NONE', *, *, #31, .T. ) ;
#2287 = CARTESIAN_POINT ( 'NONE',  ( 29.93155456583245311, 8.949509702643970499, 21.63992675350231210 ) ) ;
#2288 = CARTESIAN_POINT ( 'NONE',  ( 51.93437100625460090, 10.27478996622798668, -0.6999999999999962919 ) ) ;
#2289 = VERTEX_POINT ( 'NONE', #1845 ) ;
#2290 = ADVANCED_FACE ( 'NONE', ( #1478 ), #3348, .F. ) ;
#2291 = DIRECTION ( 'NONE',  ( -0.000000000000000000, -0.000000000000000000, -1.000000000000000000 ) ) ;
#2292 = DIRECTION ( 'NONE',  ( 0.000000000000000000, 0.000000000000000000, 1.000000000000000000 ) ) ;
#2293 = ORIENTED_EDGE ( 'NONE', *, *, #2240, .F. ) ;
#2294 = AXIS2_PLACEMENT_3D ( 'NONE', #2075, #3887, #130 ) ;
#2295 = VECTOR ( 'NONE', #394, 100.0000000000000000 ) ;
#2296 = CARTESIAN_POINT ( 'NONE',  ( 40.57916957966989457, 0.07181223751063596505, -0.2576726353442149731 ) ) ;
#2297 = VERTEX_POINT ( 'NONE', #1787 ) ;
#2298 = CARTESIAN_POINT ( 'NONE',  ( 30.01463735940726352, 3.647404330131696959, 15.95182505783793658 ) ) ;
#2299 = CIRCLE ( 'NONE', #531, 0.5000000000000001110 ) ;
#2300 = VECTOR ( 'NONE', #3919, 100.0000000000000142 ) ;
#2301 = CARTESIAN_POINT ( 'NONE',  ( 45.44182221721893455, 3.550850232215509106, -0.1664278847960660168 ) ) ;
#2302 = VECTOR ( 'NONE', #382, 100.0000000000000000 ) ;
#2303 = CARTESIAN_POINT ( 'NONE',  ( 46.13272011447627818, 3.154181860502712542, -0.2818846958367966504 ) ) ;
#2304 = B_SPLINE_CURVE_WITH_KNOTS ( 'NONE', 2,
 ( #323, #1000, #3259 ),
 .UNSPECIFIED., .F., .F.,
 ( 3, 3 ),
 ( 0.9585772340791320900, 0.9832991604359857529 ),
 .UNSPECIFIED. ) ;
#2305 = VERTEX_POINT ( 'NONE', #2790 ) ;
#2306 = EDGE_CURVE ( 'NONE', #1987, #4057, #4023, .T. ) ;
#2307 = CARTESIAN_POINT ( 'NONE',  ( 29.55638897493903627, 5.755289078257224133, 18.48925470086113876 ) ) ;
#2308 = EDGE_CURVE ( 'NONE', #1638, #1502, #1090, .T. ) ;
#2309 =( BOUNDED_CURVE ( )  B_SPLINE_CURVE ( 3, ( #599, #228, #1791, #1810 ),
 .UNSPECIFIED., .F., .F. ) 
 B_SPLINE_CURVE_WITH_KNOTS ( ( 4, 4 ),
 ( 5.271756004414719143, 6.283185307179586232 ),
 .UNSPECIFIED. ) 
 CURVE ( )  GEOMETRIC_REPRESENTATION_ITEM ( )  RATIONAL_B_SPLINE_CURVE ( ( 1.000000000000000000, 0.9165523315414275674, 0.9165523315414275674, 1.000000000000000000 ) ) 
 REPRESENTATION_ITEM ( '' )  );
#2310 = CARTESIAN_POINT ( 'NONE',  ( 46.24232615879832764, 1.632889579158546933, -0.3000000000000003220 ) ) ;
#2311 = ORIENTED_EDGE ( 'NONE', *, *, #1594, .F. ) ;
#2312 = VERTEX_POINT ( 'NONE', #1807 ) ;
#2313 = CARTESIAN_POINT ( 'NONE',  ( 29.60408451731396084, 8.632554634984130004, 21.29565815796967954 ) ) ;
#2314 = LINE ( 'NONE', #1996, #4082 ) ;
#2315 = CARTESIAN_POINT ( 'NONE',  ( 29.51495293980818602, 3.255632490840013826, 16.35602955787442525 ) ) ;
#2316 = VERTEX_POINT ( 'NONE', #3101 ) ;
#2317 = CARTESIAN_POINT ( 'NONE',  ( 50.78636516275607704, 9.319246612143031072, 0.07580643392931243896 ) ) ;
#2318 = EDGE_CURVE ( 'NONE', #742, #1728, #2345, .T. ) ;
#2319 = CARTESIAN_POINT ( 'NONE',  ( 48.44974321033630815, 6.376234407409764771, -0.2937559360380846973 ) ) ;
#2320 = ORIENTED_EDGE ( 'NONE', *, *, #3361, .F. ) ;
#2321 = CARTESIAN_POINT ( 'NONE',  ( 29.47821409566913786, -0.01782040749445223948, 11.14694623329598500 ) ) ;
#2322 = ORIENTED_EDGE ( 'NONE', *, *, #117, .T. ) ;
#2323 = CARTESIAN_POINT ( 'NONE',  ( 30.00089492680555026, 3.648057929001832012, 15.95239721201883754 ) ) ;
#2324 = EDGE_CURVE ( 'NONE', #2157, #3883, #1598, .T. ) ;
#2325 = PLANE ( 'NONE',  #2170 ) ;
#2326 = ORIENTED_EDGE ( 'NONE', *, *, #2115, .F. ) ;
#2327 = EDGE_CURVE ( 'NONE', #874, #1584, #2072, .T. ) ;
#2328 = CIRCLE ( 'NONE', #2256, 0.1750000000000029310 ) ;
#2329 = CARTESIAN_POINT ( 'NONE',  ( 29.51495293980818602, 3.255632490840013826, 16.35602955787442525 ) ) ;
#2330 = ADVANCED_FACE ( 'NONE', ( #3394 ), #860, .F. ) ;
#2331 = CYLINDRICAL_SURFACE ( 'NONE', #3139, 0.4999999999999999445 ) ;
#2332 = ORIENTED_EDGE ( 'NONE', *, *, #1490, .T. ) ;
#2333 = CLOSED_SHELL ( 'NONE', ( #3764, #2876, #2448, #2101, #846, #3926, #3855, #2629, #3319, #1473, #3666, #1874, #29, #2264, #3846, #1641, #2754, #412, #1428, #649, #2330, #3786, #557, #4077, #991, #1213, #1200, #1875, #1500, #1770, #271, #293, #1394, #1235, #1895, #604, #2794, #509, #911, #3408, #205, #2444, #1148, #1588, #1164, #166, #2290, #1517, #2632, #1219, #223, #388, #3018, #2067, #2669, #94, #621, #1416, #3234, #2958, #2593, #2742, #1888, #901, #362, #3574, #1368, #3438, #2066, #570, #2697, #1409, #3953, #757, #2513, #3975, #3218, #2034, #1086, #2473, #4002, #2277, #1345, #3292, #564, #12, #1717, #381, #493, #3667, #1552, #3839, #587, #1863, #2607, #4035, #4039, #3459, #3073, #2490, #2771, #188 ) ) ;
#2334 =( BOUNDED_CURVE ( )  B_SPLINE_CURVE ( 3, ( #2162, #1836, #2119, #605 ),
 .UNSPECIFIED., .F., .F. ) 
 B_SPLINE_CURVE_WITH_KNOTS ( ( 4, 4 ),
 ( 4.712388980384690562, 6.283185307179586232 ),
 .UNSPECIFIED. ) 
 CURVE ( )  GEOMETRIC_REPRESENTATION_ITEM ( )  RATIONAL_B_SPLINE_CURVE ( ( 1.000000000000000000, 0.8047378541243652705, 0.8047378541243652705, 1.000000000000000000 ) ) 
 REPRESENTATION_ITEM ( '' )  );
#2335 = CARTESIAN_POINT ( 'NONE',  ( 40.60677961334562269, 0.007955120465067992350, -0.04836709425181640043 ) ) ;
#2336 = CYLINDRICAL_SURFACE ( 'NONE', #3204, 19.80215235425126963 ) ;
#2337 = CARTESIAN_POINT ( 'NONE',  ( 49.16619866124035099, 6.116435067341215337, -0.2988020226434938698 ) ) ;
#2338 = ORIENTED_EDGE ( 'NONE', *, *, #1147, .T. ) ;
#2339 = CARTESIAN_POINT ( 'NONE',  ( 50.85593232284338683, 9.419274827063883748, -0.1225882467407798243 ) ) ;
#2340 = CARTESIAN_POINT ( 'NONE',  ( 30.41441299041990476, -2.360046930458391756, 0.000000000000000000 ) ) ;
#2341 = PRESENTATION_STYLE_ASSIGNMENT (( #138 ) ) ;
#2342 = CARTESIAN_POINT ( 'NONE',  ( 40.57569856967446498, -0.3840033648837456459, -0.3000000000000057621 ) ) ;
#2343 = ORIENTED_EDGE ( 'NONE', *, *, #4064, .F. ) ;
#2344 = CARTESIAN_POINT ( 'NONE',  ( 29.99514407620328882, 3.301134012516892202, 15.95239721201883931 ) ) ;
#2345 = CIRCLE ( 'NONE', #572, 21.75764531748080444 ) ;
#2346 = CARTESIAN_POINT ( 'NONE',  ( 45.76852206649756027, 3.814287296739710786, -0.2960921442297329009 ) ) ;
#2347 = B_SPLINE_CURVE_WITH_KNOTS ( 'NONE', 3,
 ( #471, #1681, #811, #3249 ),
 .UNSPECIFIED., .F., .F.,
 ( 4, 4 ),
 ( 3.903127820947815962E-18, 0.002000061713240038237 ),
 .UNSPECIFIED. ) ;
#2348 = EDGE_CURVE ( 'NONE', #687, #85, #1553, .T. ) ;
#2349 = EDGE_LOOP ( 'NONE', ( #1982, #2100, #3068, #2911 ) ) ;
#2350 = CARTESIAN_POINT ( 'NONE',  ( 29.57111797714368961, 6.643826007256484090, 19.75077379782860376 ) ) ;
#2351 = AXIS2_PLACEMENT_3D ( 'NONE', #953, #3432, #2860 ) ;
#2352 = CARTESIAN_POINT ( 'NONE',  ( 47.16079164157005721, 4.968425934758672113, -0.2999999999999992117 ) ) ;
#2353 = AXIS2_PLACEMENT_3D ( 'NONE', #720, #1893, #3823 ) ;
#2354 = ORIENTED_EDGE ( 'NONE', *, *, #1286, .F. ) ;
#2355 = CARTESIAN_POINT ( 'NONE',  ( 41.02335013817022968, -0.1798467623395429982, -0.3000000000000035416 ) ) ;
#2356 = DIRECTION ( 'NONE',  ( 0.01657441405230464584, 0.9998626349648350731, 1.734723475976807094E-18 ) ) ;
#2357 = ORIENTED_EDGE ( 'NONE', *, *, #2779, .F. ) ;
#2358 = LINE ( 'NONE', #1370, #3870 ) ;
#2359 = CARTESIAN_POINT ( 'NONE',  ( 29.81243586272541179, 6.183488279899009399, 19.35769687038437326 ) ) ;
#2360 = LINE ( 'NONE', #2827, #2092 ) ;
#2361 = EDGE_CURVE ( 'NONE', #288, #3788, #2787, .T. ) ;
#2362 = CARTESIAN_POINT ( 'NONE',  ( 30.10935841738882601, 8.946562303118540171, 20.97078005163792724 ) ) ;
#2363 = ORIENTED_EDGE ( 'NONE', *, *, #2115, .T. ) ;
#2364 = CARTESIAN_POINT ( 'NONE',  ( 28.02991439782486083, -2.320519833836566903, 0.000000000000000000 ) ) ;
#2365 = CARTESIAN_POINT ( 'NONE',  ( 29.56254280510919230, 6.126523007230195716, 18.48925470086115652 ) ) ;
#2366 = B_SPLINE_CURVE_WITH_KNOTS ( 'NONE', 3,
 ( #2765, #1781, #1801, #4051 ),
 .UNSPECIFIED., .F., .F.,
 ( 4, 4 ),
 ( 0.000000000000000000, 0.0004834611839196955793 ),
 .UNSPECIFIED. ) ;
#2367 = AXIS2_PLACEMENT_3D ( 'NONE', #1811, #927, #2816 ) ;
#2368 = EDGE_LOOP ( 'NONE', ( #1340, #3036, #375, #154 ) ) ;
#2369 = VECTOR ( 'NONE', #647, 100.0000000000000000 ) ;
#2370 = CARTESIAN_POINT ( 'NONE',  ( 51.15292145991758588, 8.597729658707429223, -0.4999999999999959477 ) ) ;
#2371 = DIRECTION ( 'NONE',  ( -0.01657441405230579770, -0.9998626349648348510, -1.734723475976998532E-18 ) ) ;
#2372 = ORIENTED_EDGE ( 'NONE', *, *, #486, .T. ) ;
#2373 = DIRECTION ( 'NONE',  ( -3.372764553633511840E-16, -2.511834186424162314E-16, 1.000000000000000000 ) ) ;
#2374 = CARTESIAN_POINT ( 'NONE',  ( 29.60571985860492816, 8.731207694243703799, 21.36603401594301133 ) ) ;
#2375 = EDGE_CURVE ( 'NONE', #1850, #1372, #3397, .T. ) ;
#2376 = CARTESIAN_POINT ( 'NONE',  ( 27.23884348098842878, -2.307406495602015717, 0.2999999999999999889 ) ) ;
#2377 = CARTESIAN_POINT ( 'NONE',  ( 45.77088273402486607, 3.386217917502318819, 0.2000000000000000944 ) ) ;
#2378 = ORIENTED_EDGE ( 'NONE', *, *, #3914, .F. ) ;
#2379 = CARTESIAN_POINT ( 'NONE',  ( 50.73176923724148679, 8.379831103244516299, -0.2999999999999972133 ) ) ;
#2380 = CARTESIAN_POINT ( 'NONE',  ( 30.02151402291161020, 3.647290337804917737, 15.66641791636912195 ) ) ;
#2381 = FILL_AREA_STYLE_COLOUR ( '', #1378 ) ;
#2382 = EDGE_CURVE ( 'NONE', #882, #1758, #898, .T. ) ;
#2383 = EDGE_CURVE ( 'NONE', #474, #777, #1066, .T. ) ;
#2384 = CARTESIAN_POINT ( 'NONE',  ( 29.46109986238636935, 0.006909506002091697630, 11.27921898938789802 ) ) ;
#2385 = ORIENTED_EDGE ( 'NONE', *, *, #447, .T. ) ;
#2386 = CARTESIAN_POINT ( 'NONE',  ( 29.99558813191475792, 3.327921970892989467, 15.95239721201883931 ) ) ;
#2387 = CARTESIAN_POINT ( 'NONE',  ( 40.20227415545949157, 0.4483175957579508819, -0.008620159709393154096 ) ) ;
#2388 = CARTESIAN_POINT ( 'NONE',  ( 29.67957056957430595, 8.953686763514619784, 21.48806369297215468 ) ) ;
#2389 = ORIENTED_EDGE ( 'NONE', *, *, #3450, .F. ) ;
#2390 = CARTESIAN_POINT ( 'NONE',  ( 29.63400192506756525, 6.394813750067084079, 19.53916768011665539 ) ) ;
#2391 = CARTESIAN_POINT ( 'NONE',  ( 29.90671832505767824, 9.370546221186799585, 21.29214651219848875 ) ) ;
#2392 = EDGE_LOOP ( 'NONE', ( #40, #1677, #2710, #2748 ) ) ;
#2393 = EDGE_CURVE ( 'NONE', #84, #3001, #2584, .T. ) ;
#2394 = FACE_OUTER_BOUND ( 'NONE', #3248, .T. ) ;
#2395 = LINE ( 'NONE', #2678, #524 ) ;
#2396 = LINE ( 'NONE', #2679, #3540 ) ;
#2397 = CARTESIAN_POINT ( 'NONE',  ( 49.27850982086498277, 6.424017661073290419, -0.4311243161394572310 ) ) ;
#2398 = ORIENTED_EDGE ( 'NONE', *, *, #735, .T. ) ;
#2399 = VECTOR ( 'NONE', #3247, 100.0000000000000142 ) ;
#2400 = CARTESIAN_POINT ( 'NONE',  ( 51.43443968877217287, 10.28307717325414039, -0.2999999999999964362 ) ) ;
#2401 = CARTESIAN_POINT ( 'NONE',  ( 29.51495293980818602, 3.255632490840013826, 16.35602955787442525 ) ) ;
#2402 = ORIENTED_EDGE ( 'NONE', *, *, #2845, .T. ) ;
#2403 = VERTEX_POINT ( 'NONE', #3790 ) ;
#2404 = DIRECTION ( 'NONE',  ( 0.000000000000000000, 0.000000000000000000, 1.000000000000000000 ) ) ;
#2405 = ORIENTED_EDGE ( 'NONE', *, *, #2527, .F. ) ;
#2406 = CARTESIAN_POINT ( 'NONE',  ( 40.22705520871221552, 0.4587169208711968094, 0.05685803330235482400 ) ) ;
#2407 = CARTESIAN_POINT ( 'NONE',  ( 29.43109815211983360, -9.344708511468324375, -0.5000000000000031086 ) ) ;
#2408 = ORIENTED_EDGE ( 'NONE', *, *, #1332, .F. ) ;
#2409 = DIRECTION ( 'NONE',  ( -0.9998626349648349620, 0.01657441405230474646, 0.000000000000000000 ) ) ;
#2410 = EDGE_CURVE ( 'NONE', #3568, #4057, #2621, .T. ) ;
#2411 = CARTESIAN_POINT ( 'NONE',  ( 30.06460749944760025, 6.246933188713488683, 19.28977609426086559 ) ) ;
#2412 = ORIENTED_EDGE ( 'NONE', *, *, #3337, .F. ) ;
#2413 = CARTESIAN_POINT ( 'NONE',  ( 48.85674956211384057, 6.835545300157845894, -0.2999999999999981570 ) ) ;
#2414 = DIRECTION ( 'NONE',  ( -0.01657441405230579770, -0.9998626349648348510, -1.937485524053559049E-31 ) ) ;
#2415 = CYLINDRICAL_SURFACE ( 'NONE', #702, 0.5000000000000004441 ) ;
#2416 = CARTESIAN_POINT ( 'NONE',  ( 49.16974238469735070, 6.289626626853160651, -0.3642605007359112634 ) ) ;
#2417 = ORIENTED_EDGE ( 'NONE', *, *, #2586, .T. ) ;
#2418 = AXIS2_PLACEMENT_3D ( 'NONE', #2579, #420, #1671 ) ;
#2419 = AXIS2_PLACEMENT_3D ( 'NONE', #363, #747, #3518 ) ;
#2420 = CARTESIAN_POINT ( 'NONE',  ( 27.23884348098842878, -1.317488509068562408, 0.2999999999999999889 ) ) ;
#2421 = DIRECTION ( 'NONE',  ( -1.665393298452077782E-16, 1.025709229455379565E-18, 1.000000000000000000 ) ) ;
#2422 = CARTESIAN_POINT ( 'NONE',  ( 30.06460749944760025, 6.246933188713487795, 19.79008107956275353 ) ) ;
#2423 = ORIENTED_EDGE ( 'NONE', *, *, #2551, .F. ) ;
#2424 = CARTESIAN_POINT ( 'NONE',  ( 29.31498041281528799, 3.258947373655597168, -0.5000000000000032196 ) ) ;
#2425 = VERTEX_POINT ( 'NONE', #2546 ) ;
#2426 = CARTESIAN_POINT ( 'NONE',  ( 40.44751567053297947, 0.5527862917339849691, -0.07002183115099260002 ) ) ;
#2427 = CARTESIAN_POINT ( 'NONE',  ( 50.76340500712394999, 9.286402898143400364, 0.1714041667931688606 ) ) ;
#2428 = CARTESIAN_POINT ( 'NONE',  ( 29.79465665537756180, 6.735534227554548892, 19.08134434993627337 ) ) ;
#2429 = CARTESIAN_POINT ( 'NONE',  ( 29.21567331897402298, 9.334971971771397037, 21.25672608094553340 ) ) ;
#2430 = AXIS2_PLACEMENT_3D ( 'NONE', #3766, #2481, #3744 ) ;
#2431 = ORIENTED_EDGE ( 'NONE', *, *, #1241, .F. ) ;
#2432 = LINE ( 'NONE', #2074, #1969 ) ;
#2433 = CIRCLE ( 'NONE', #3016, 0.5000000000000004441 ) ;
#2434 = ORIENTED_EDGE ( 'NONE', *, *, #799, .F. ) ;
#2435 = CARTESIAN_POINT ( 'NONE',  ( 29.31498041281528799, 3.258947373655597168, -0.5000000000000032196 ) ) ;
#2436 = CARTESIAN_POINT ( 'NONE',  ( 29.41827149851798850, -2.576740245568711174, 0.3460637448283818141 ) ) ;
#2437 = CARTESIAN_POINT ( 'NONE',  ( 29.45694249062517045, -0.2438867315338178188, 10.72997687891118801 ) ) ;
#2438 = ORIENTED_EDGE ( 'NONE', *, *, #2720, .T. ) ;
#2439 = DIRECTION ( 'NONE',  ( -0.9998626349648348510, 0.01657441405230463891, -3.341506680459168366E-16 ) ) ;
#2440 = CARTESIAN_POINT ( 'NONE',  ( 29.45896350995591462, -0.1219673860306670909, 11.00635306423342819 ) ) ;
#2441 = LINE ( 'NONE', #3434, #3149 ) ;
#2442 =( BOUNDED_SURFACE ( )  B_SPLINE_SURFACE ( 3, 2, ( 
 ( #231, #3944, #1795 ),
 ( #3026, #2700, #1154 ),
 ( #2737, #3360, #3652 ),
 ( #4025, #1176, #1195 ) ),
 .UNSPECIFIED., .F., .F., .F. ) 
 B_SPLINE_SURFACE_WITH_KNOTS ( ( 4, 4 ),
 ( 3, 3 ),
 ( 0.009263802081522169024, 0.01126184209632871171 ),
 ( 0.000000000000000000, 1.000000000000000000 ),
 .UNSPECIFIED. ) 
 GEOMETRIC_REPRESENTATION_ITEM ( )  RATIONAL_B_SPLINE_SURFACE ( (
 ( 1.000000000000000000, 0.7215462467073686659, 1.000000000000000000),
 ( 1.000000000000000000, 0.7444904074619922429, 1.000000000000000000),
 ( 1.000000000000000000, 0.7656630515156030992, 1.000000000000000000),
 ( 1.000000000000000000, 0.7850893813804797894, 1.000000000000000000) ) ) 
 REPRESENTATION_ITEM ( '' )  SURFACE ( )  );
#2443 = ORIENTED_EDGE ( 'NONE', *, *, #1490, .F. ) ;
#2444 = ADVANCED_FACE ( 'NONE', ( #1637 ), #2212, .T. ) ;
#2445 = CARTESIAN_POINT ( 'NONE',  ( 40.48634198056219446, 0.07335101194750814901, 0.1999999999999972633 ) ) ;
#2446 = ORIENTED_EDGE ( 'NONE', *, *, #2993, .F. ) ;
#2447 = CARTESIAN_POINT ( 'NONE',  ( 40.28350854980008222, 0.4825432534622629555, 0.1228489402102236894 ) ) ;
#2448 = ADVANCED_FACE ( 'NONE', ( #4078 ), #997, .F. ) ;
#2449 = LINE ( 'NONE', #2791, #2605 ) ;
#2450 = CARTESIAN_POINT ( 'NONE',  ( 51.21445618334629302, 9.107253857984803247, -0.02447524070740706228 ) ) ;
#2451 = CARTESIAN_POINT ( 'NONE',  ( 30.05400500914900874, 6.647461227841615639, 19.29037837007849987 ) ) ;
#2452 = ORIENTED_EDGE ( 'NONE', *, *, #3544, .F. ) ;
#2453 = CARTESIAN_POINT ( 'NONE',  ( 50.02560852304163319, 7.346089305902101962, -0.4999999999999990563 ) ) ;
#2454 = ORIENTED_EDGE ( 'NONE', *, *, #263, .F. ) ;
#2455 = EDGE_CURVE ( 'NONE', #2425, #1029, #1330, .T. ) ;
#2456 = CARTESIAN_POINT ( 'NONE',  ( 29.45289206297297468, -0.4882314940259307456, 9.976640682965166818 ) ) ;
#2457 = DIRECTION ( 'NONE',  ( 0.01657441405230463891, 0.9998626349648349620, -0.000000000000000000 ) ) ;
#2458 = VERTEX_POINT ( 'NONE', #1904 ) ;
#2459 = CARTESIAN_POINT ( 'NONE',  ( 29.26525717065837640, 0.2593594687610915606, -0.5000000000000032196 ) ) ;
#2460 = DIRECTION ( 'NONE',  ( 0.01657441405230608913, 0.9998626349648349620, 0.000000000000000000 ) ) ;
#2461 = CARTESIAN_POINT ( 'NONE',  ( 51.34416016075751088, 9.471233543297733704, -0.2576341823518032426 ) ) ;
#2462 = B_SPLINE_CURVE_WITH_KNOTS ( 'NONE', 2,
 ( #2401, #3410, #3658 ),
 .UNSPECIFIED., .F., .F.,
 ( 3, 3 ),
 ( 0.6658633006263694476, 0.6710009487834683872 ),
 .UNSPECIFIED. ) ;
#2463 = CIRCLE ( 'NONE', #3178, 16.46641791636911734 ) ;
#2464 = ORIENTED_EDGE ( 'NONE', *, *, #2647, .F. ) ;
#2465 = EDGE_CURVE ( 'NONE', #3228, #3238, #1462, .T. ) ;
#2466 = DIRECTION ( 'NONE',  ( -1.000000000000000000, 0.000000000000000000, 0.000000000000000000 ) ) ;
#2467 = ORIENTED_EDGE ( 'NONE', *, *, #1105, .F. ) ;
#2468 = DIRECTION ( 'NONE',  ( -0.01657441405230579770, -0.9998626349648348510, 0.000000000000000000 ) ) ;
#2469 = CARTESIAN_POINT ( 'NONE',  ( 50.65997360013937367, 9.139503535619466490, -0.1021688854566774329 ) ) ;
#2470 = CARTESIAN_POINT ( 'NONE',  ( 29.83904598854968526, 6.708075880345766961, 19.05624041460643170 ) ) ;
#2471 = CARTESIAN_POINT ( 'NONE',  ( 29.46828849945848461, 0.4405688548064812804, 9.976640682965170370 ) ) ;
#2472 = VERTEX_POINT ( 'NONE', #2867 ) ;
#2473 = ADVANCED_FACE ( 'NONE', ( #1311 ), #2566, .F. ) ;
#2474 = CARTESIAN_POINT ( 'NONE',  ( 30.05400500914900874, 6.647461227841615639, 19.29037837007849987 ) ) ;
#2475 = ORIENTED_EDGE ( 'NONE', *, *, #135, .F. ) ;
#2476 = PLANE ( 'NONE',  #2823 ) ;
#2477 = AXIS2_PLACEMENT_3D ( 'NONE', #142, #2650, #2044 ) ;
#2478 = CARTESIAN_POINT ( 'NONE',  ( 30.00494723860408541, 0.6367560416007659319, 10.47552833453502252 ) ) ;
#2479 = ORIENTED_EDGE ( 'NONE', *, *, #2137, .T. ) ;
#2480 = DIRECTION ( 'NONE',  ( -0.9998626349648348510, 0.01657441405230465972, -3.341506680459168366E-16 ) ) ;
#2481 = DIRECTION ( 'NONE',  ( 0.01657441405230466319, 0.9998626349648349620, 1.734723475976807094E-18 ) ) ;
#2482 = CARTESIAN_POINT ( 'NONE',  ( 28.56172260802924256, -2.652655291017079531, 0.000000000000000000 ) ) ;
#2483 = ORIENTED_EDGE ( 'NONE', *, *, #1647, .F. ) ;
#2484 = VECTOR ( 'NONE', #2080, 100.0000000000000142 ) ;
#2485 = AXIS2_PLACEMENT_3D ( 'NONE', #1074, #2356, #1708 ) ;
#2486 = AXIS2_PLACEMENT_3D ( 'NONE', #322, #2830, #3176 ) ;
#2487 = DIRECTION ( 'NONE',  ( 1.000000000000000000, 0.000000000000000000, 0.000000000000000000 ) ) ;
#2488 = ORIENTED_EDGE ( 'NONE', *, *, #252, .T. ) ;
#2489 = FACE_BOUND ( 'NONE', #3641, .T. ) ;
#2490 = ADVANCED_FACE ( 'NONE', ( #1079 ), #3299, .F. ) ;
#2491 = CARTESIAN_POINT ( 'NONE',  ( 45.33456488868646517, 2.493326978128878491, -0.3000000000000004330 ) ) ;
#2492 = CARTESIAN_POINT ( 'NONE',  ( 31.22188896405205938, -2.373432210252088836, -0.5000000000000049960 ) ) ;
#2493 = DIRECTION ( 'NONE',  ( -1.000000000000000000, 0.000000000000000000, 0.000000000000000000 ) ) ;
#2494 = DIRECTION ( 'NONE',  ( 0.01657441405230464584, 0.9998626349648348510, 0.000000000000000000 ) ) ;
#2495 = CARTESIAN_POINT ( 'NONE',  ( 29.26525717065837640, 0.2593594687610915606, -0.5000000000000032196 ) ) ;
#2496 = ORIENTED_EDGE ( 'NONE', *, *, #738, .F. ) ;
#2497 = CARTESIAN_POINT ( 'NONE',  ( 29.84232089101801577, -2.514344249847623392, 0.000000000000000000 ) ) ;
#2498 = DIRECTION ( 'NONE',  ( 2.220446049250313081E-16, -2.357666062893808267E-18, -1.000000000000000000 ) ) ;
#2499 = ORIENTED_EDGE ( 'NONE', *, *, #3137, .T. ) ;
#2500 = VECTOR ( 'NONE', #3857, 100.0000000000000000 ) ;
#2501 = EDGE_CURVE ( 'NONE', #3509, #1054, #1100, .T. ) ;
#2502 = CARTESIAN_POINT ( 'NONE',  ( 40.54322638790603150, 0.07212563593627620284, 0.1800354847689976112 ) ) ;
#2503 = VECTOR ( 'NONE', #2673, 100.0000000000000142 ) ;
#2504 = B_SPLINE_CURVE_WITH_KNOTS ( 'NONE', 3,
 ( #1498, #2733, #1149, #264, #3444, #1518, #1209, #839, #2088, #2469, #1191, #3374, #4020, #3690, #925, #1479, #2177, #1172, #2154, #2427, #862, #598 ),
 .UNSPECIFIED., .F., .F.,
 ( 4, 2, 2, 2, 2, 2, 2, 2, 2, 2, 4 ),
 ( -0.005150408549855419425, -0.002488676270892416567, -0.001157810131411010982, 0.0001730560080703946041, 0.001503922147551799322, 0.002169355217292503850, 0.002834788287033206643, 0.003500221356773909435, 0.004165654426514613963, 0.004831087496255316756, 0.005496520565996019549 ),
 .UNSPECIFIED. ) ;
#2505 = CARTESIAN_POINT ( 'NONE',  ( 51.17145771247017194, 9.040730433910336927, -0.2717784378522239419 ) ) ;
#2506 = CIRCLE ( 'NONE', #1777, 0.5000000000000004441 ) ;
#2507 = DIRECTION ( 'NONE',  ( -0.9998626349648348510, 0.01657441405230573525, -1.665334536937734811E-16 ) ) ;
#2508 = ORIENTED_EDGE ( 'NONE', *, *, #2348, .T. ) ;
#2509 = CARTESIAN_POINT ( 'NONE',  ( 29.07191440930249726, 0.6626194065324986227, 10.50000000229203501 ) ) ;
#2510 = ORIENTED_EDGE ( 'NONE', *, *, #236, .F. ) ;
#2511 = EDGE_CURVE ( 'NONE', #302, #3243, #3994, .T. ) ;
#2512 = CARTESIAN_POINT ( 'NONE',  ( 49.17477626318137141, 6.654013666526084947, -0.2681979481604463422 ) ) ;
#2513 = ADVANCED_FACE ( 'NONE', ( #3910 ), #427, .F. ) ;
#2514 = CARTESIAN_POINT ( 'NONE',  ( 29.01932863639811089, -2.509652584013334131, 0.3920132875708307041 ) ) ;
#2515 = DIRECTION ( 'NONE',  ( -0.9998626349648349620, 0.01657441405230466319, 0.000000000000000000 ) ) ;
#2516 = CARTESIAN_POINT ( 'NONE',  ( 40.26215245205458615, 0.4735026994792416732, -0.01072838343545729628 ) ) ;
#2517 = DIRECTION ( 'NONE',  ( 0.9998626349648348510, -0.01657441405230524606, 0.000000000000000000 ) ) ;
#2518 = CARTESIAN_POINT ( 'NONE',  ( 49.10069857807334159, 5.431309095006647603, -0.4999999999999984457 ) ) ;
#2519 = CARTESIAN_POINT ( 'NONE',  ( 29.27188693627929439, 0.6593045227470255565, 10.49999999999996270 ) ) ;
#2520 = CARTESIAN_POINT ( 'NONE',  ( 29.21835844898924961, 9.496954239366395711, 21.37895818625079158 ) ) ;
#2521 = ORIENTED_EDGE ( 'NONE', *, *, #1146, .T. ) ;
#2522 = DIRECTION ( 'NONE',  ( -0.01657441405230464238, -0.9998626349648349620, -1.734723475976807480E-18 ) ) ;
#2523 = CARTESIAN_POINT ( 'NONE',  ( 29.52986991245534298, 4.155508862313488372, 16.45197147569836105 ) ) ;
#2524 = CARTESIAN_POINT ( 'NONE',  ( 0.000000000000000000, 0.000000000000000000, 0.2999999999999999889 ) ) ;
#2525 = ORIENTED_EDGE ( 'NONE', *, *, #74, .T. ) ;
#2526 = CARTESIAN_POINT ( 'NONE',  ( 30.14381619585098804, -2.414532983128359955, -0.000000000000000000 ) ) ;
#2527 = EDGE_CURVE ( 'NONE', #3933, #1502, #1077, .T. ) ;
#2528 = DIRECTION ( 'NONE',  ( 0.01657441405230463891, 0.9998626349648348510, 2.526198420459838063E-16 ) ) ;
#2529 = AXIS2_PLACEMENT_3D ( 'NONE', #280, #1121, #2466 ) ;
#2530 = CARTESIAN_POINT ( 'NONE',  ( 45.84190424054542490, 2.906450311533736119, -0.06899527106055475256 ) ) ;
#2531 = CARTESIAN_POINT ( 'NONE',  ( 29.61478324912962279, 9.277962801432869000, 21.26212039979889568 ) ) ;
#2532 = CARTESIAN_POINT ( 'NONE',  ( 40.24039004699012878, 0.07742808117825474012, 0.1999999999999971800 ) ) ;
#2533 = CARTESIAN_POINT ( 'NONE',  ( 29.96516101513376640, 0.2477573789244780778, 10.72997687891029273 ) ) ;
#2534 = CARTESIAN_POINT ( 'NONE',  ( 36.18662385841152940, -1.261647468968081220, -0.5000000000000014433 ) ) ;
#2535 = VERTEX_POINT ( 'NONE', #2359 ) ;
#2536 = CARTESIAN_POINT ( 'NONE',  ( 51.93437100625460090, 10.27478996622798668, 0.1883807165592959743 ) ) ;
#2537 = EDGE_CURVE ( 'NONE', #3246, #3741, #3499, .T. ) ;
#2538 = DIRECTION ( 'NONE',  ( 0.01657441405230466666, 0.9998626349648349620, 1.734723475976807094E-18 ) ) ;
#2539 = ORIENTED_EDGE ( 'NONE', *, *, #2008, .T. ) ;
#2540 = DIRECTION ( 'NONE',  ( 0.9998626349648348510, -0.01657441405230463544, -0.000000000000000000 ) ) ;
#2541 = AXIS2_PLACEMENT_3D ( 'NONE', #3373, #2175, #2711 ) ;
#2542 = CARTESIAN_POINT ( 'NONE',  ( 29.52980122993775680, 4.147221655287334663, 16.44368426867221089 ) ) ;
#2543 = CARTESIAN_POINT ( 'NONE',  ( 29.52851120340281810, 3.255407739697540492, 16.30150815891657601 ) ) ;
#2544 = ORIENTED_EDGE ( 'NONE', *, *, #2511, .T. ) ;
#2545 = DIRECTION ( 'NONE',  ( 0.000000000000000000, 0.000000000000000000, 1.000000000000000000 ) ) ;
#2546 = CARTESIAN_POINT ( 'NONE',  ( 50.76344319059204224, 9.286457888869106725, 0.2167804176680831474 ) ) ;
#2547 = ORIENTED_EDGE ( 'NONE', *, *, #3519, .T. ) ;
#2548 = CARTESIAN_POINT ( 'NONE',  ( 45.65090532509150023, 2.748098657764530106, -0.2276280649512203991 ) ) ;
#2549 = AXIS2_PLACEMENT_3D ( 'NONE', #3635, #1447, #3614 ) ;
#2550 = CARTESIAN_POINT ( 'NONE',  ( 29.60883672884053652, 8.919234979997803237, 21.49877066614624255 ) ) ;
#2551 = EDGE_CURVE ( 'NONE', #1054, #3679, #681, .T. ) ;
#2552 = CARTESIAN_POINT ( 'NONE',  ( 48.85674956211384057, 6.835545300157845894, -0.2999999999999981570 ) ) ;
#2553 = CARTESIAN_POINT ( 'NONE',  ( 29.91129546953595408, 8.909555203386087641, 20.93944347840981024 ) ) ;
#2554 = FACE_OUTER_BOUND ( 'NONE', #2760, .T. ) ;
#2555 = B_SPLINE_CURVE_WITH_KNOTS ( 'NONE', 3,
 ( #1566, #1545, #1506, #1217, #2799, #2139, #3739, #291 ),
 .UNSPECIFIED., .F., .F.,
 ( 4, 2, 2, 4 ),
 ( 6.333077233861628510E-17, 0.001519005774562504768, 0.002278508661843725927, 0.003038011549124947520 ),
 .UNSPECIFIED. ) ;
#2556 = ORIENTED_EDGE ( 'NONE', *, *, #473, .T. ) ;
#2557 = FACE_OUTER_BOUND ( 'NONE', #1652, .T. ) ;
#2558 = CARTESIAN_POINT ( 'NONE',  ( 29.57424151426886638, 6.242118431410657031, 18.60397523419463894 ) ) ;
#2559 = VERTEX_POINT ( 'NONE', #153 ) ;
#2560 = FACE_OUTER_BOUND ( 'NONE', #2262, .T. ) ;
#2561 = CARTESIAN_POINT ( 'NONE',  ( 29.67098424107615529, -2.514922578261230335, 0.2999999999999999889 ) ) ;
#2562 = CARTESIAN_POINT ( 'NONE',  ( 29.42105666275003273, 9.658068237430541103, 0.1999999999999961808 ) ) ;
#2563 = VERTEX_POINT ( 'NONE', #2340 ) ;
#2564 = AXIS2_PLACEMENT_3D ( 'NONE', #3107, #1300, #3424 ) ;
#2565 = CARTESIAN_POINT ( 'NONE',  ( 29.85782242878651971, -2.705379210599954565, 0.000000000000000000 ) ) ;
#2566 = PLANE ( 'NONE',  #2798 ) ;
#2567 = ORIENTED_EDGE ( 'NONE', *, *, #2551, .T. ) ;
#2568 = CARTESIAN_POINT ( 'NONE',  ( 29.60238493122349723, 3.886185259615468901, 15.96827874171037820 ) ) ;
#2569 = EDGE_CURVE ( 'NONE', #85, #792, #112, .T. ) ;
#2570 = CARTESIAN_POINT ( 'NONE',  ( 29.71804960562681686, 8.714261292711439566, 21.25607221570222549 ) ) ;
#2571 = CARTESIAN_POINT ( 'NONE',  ( 41.03893530837986248, -0.1725196525909055978, -0.3000000000000025424 ) ) ;
#2572 = CARTESIAN_POINT ( 'NONE',  ( 50.73176923724148679, 8.379831103244523405, -0.6999999999999971800 ) ) ;
#2573 = EDGE_CURVE ( 'NONE', #3166, #202, #92, .T. ) ;
#2574 = EDGE_LOOP ( 'NONE', ( #2242, #3191, #733, #3856, #1686, #2508, #830 ) ) ;
#2575 = CARTESIAN_POINT ( 'NONE',  ( 29.60942709990640864, 8.954849510144693880, 20.97078005163792724 ) ) ;
#2576 = CARTESIAN_POINT ( 'NONE',  ( 29.71173430808423532, 6.483801951460208990, 18.84105127675293190 ) ) ;
#2577 = ORIENTED_EDGE ( 'NONE', *, *, #1594, .T. ) ;
#2578 = ORIENTED_EDGE ( 'NONE', *, *, #1113, .F. ) ;
#2579 = CARTESIAN_POINT ( 'NONE',  ( 0.02725460732545272741, 1.644152451444878427, 0.1999999999999840794 ) ) ;
#2580 = LINE ( 'NONE', #2905, #3215 ) ;
#2581 = CARTESIAN_POINT ( 'NONE',  ( 40.27037592089061491, 0.4769859681717049660, -0.7000000000000026201 ) ) ;
#2582 = EDGE_LOOP ( 'NONE', ( #3452, #748, #450, #3974 ) ) ;
#2583 = CARTESIAN_POINT ( 'NONE',  ( 50.92116252624329320, 9.513797165251050458, -0.2099913348460738793 ) ) ;
#2584 = LINE ( 'NONE', #364, #502 ) ;
#2585 = ORIENTED_EDGE ( 'NONE', *, *, #14, .T. ) ;
#2586 = EDGE_CURVE ( 'NONE', #202, #3166, #2328, .T. ) ;
#2587 = CARTESIAN_POINT ( 'NONE',  ( 29.67316346812760131, 0.6018700929380916831, 10.37977191322178072 ) ) ;
#2588 = CARTESIAN_POINT ( 'NONE',  ( 51.61339658574932798, 9.741412406193395768, -0.2982120607039854265 ) ) ;
#2589 = AXIS2_PLACEMENT_3D ( 'NONE', #3638, #2421, #527 ) ;
#2590 = CARTESIAN_POINT ( 'NONE',  ( 29.60435506366942704, 0.2537383477325780290, 11.32239041312272398 ) ) ;
#2591 = VERTEX_POINT ( 'NONE', #751 ) ;
#2592 = CARTESIAN_POINT ( 'NONE',  ( 50.82791525886369755, 9.378903448242926544, 0.2210811001740939086 ) ) ;
#2593 = ADVANCED_FACE ( 'NONE', ( #1961 ), #3396, .F. ) ;
#2594 = CARTESIAN_POINT ( 'NONE',  ( 29.60573825696268813, 6.326580596086745167, 18.68712484683197772 ) ) ;
#2595 = ORIENTED_EDGE ( 'NONE', *, *, #1835, .F. ) ;
#2596 = ORIENTED_EDGE ( 'NONE', *, *, #3034, .F. ) ;
#2597 = CARTESIAN_POINT ( 'NONE',  ( 29.60483088833683141, 8.677579967064815492, 21.32784444606648933 ) ) ;
#2598 = FACE_OUTER_BOUND ( 'NONE', #2105, .T. ) ;
#2599 = CARTESIAN_POINT ( 'NONE',  ( 29.60435130664785319, 3.254150561732292779, 16.15161163223659102 ) ) ;
#2600 = ORIENTED_EDGE ( 'NONE', *, *, #1171, .T. ) ;
#2601 = PLANE ( 'NONE',  #1169 ) ;
#2602 = B_SPLINE_CURVE_WITH_KNOTS ( 'NONE', 3,
 ( #3906, #3989, #3595, #1389 ),
 .UNSPECIFIED., .F., .F.,
 ( 4, 4 ),
 ( 0.000000000000000000, 0.0002934485326545810055 ),
 .UNSPECIFIED. ) ;
#2603 = CARTESIAN_POINT ( 'NONE',  ( 29.40945457291341825, 8.958164392955156430, -0.5000000000000032196 ) ) ;
#2604 = ORIENTED_EDGE ( 'NONE', *, *, #433, .F. ) ;
#2605 = VECTOR ( 'NONE', #902, 100.0000000000000142 ) ;
#2606 = EDGE_CURVE ( 'NONE', #1361, #623, #301, .T. ) ;
#2607 = ADVANCED_FACE ( 'NONE', ( #2001 ), #2645, .F. ) ;
#2608 = CARTESIAN_POINT ( 'NONE',  ( 29.90086241088420493, 0.2459418851198816314, 10.78215562478895606 ) ) ;
#2609 = ORIENTED_EDGE ( 'NONE', *, *, #2308, .F. ) ;
#2610 = LINE ( 'NONE', #3624, #1421 ) ;
#2611 = CARTESIAN_POINT ( 'NONE',  ( 51.64301749531588825, 9.789770348802621314, -0.2999999999999964917 ) ) ;
#2612 = CARTESIAN_POINT ( 'NONE',  ( 46.23000752573734928, 3.238838067812311650, -0.2999999999972212672 ) ) ;
#2613 = CONICAL_SURFACE ( 'NONE', #701, 0.8016513616222679106, 0.01745329251994333364 ) ;
#2614 = AXIS2_PLACEMENT_3D ( 'NONE', #3190, #1586, #2261 ) ;
#2615 = ORIENTED_EDGE ( 'NONE', *, *, #2383, .F. ) ;
#2616 = LINE ( 'NONE', #1358, #2691 ) ;
#2617 = LINE ( 'NONE', #395, #3000 ) ;
#2618 = ORIENTED_EDGE ( 'NONE', *, *, #2786, .T. ) ;
#2619 = EDGE_LOOP ( 'NONE', ( #1702, #2247, #3619, #221, #3072 ) ) ;
#2620 = CARTESIAN_POINT ( 'NONE',  ( 29.51495293980827128, 3.255632490845135507, 3.168799869486304193E-15 ) ) ;
#2621 =( BOUNDED_CURVE ( )  B_SPLINE_CURVE ( 3, ( #32, #72, #1291, #2231 ),
 .UNSPECIFIED., .F., .F. ) 
 B_SPLINE_CURVE_WITH_KNOTS ( ( 4, 4 ),
 ( 3.200949536100731407, 4.155965020274166477 ),
 .UNSPECIFIED. ) 
 CURVE ( )  GEOMETRIC_REPRESENTATION_ITEM ( )  RATIONAL_B_SPLINE_CURVE ( ( 1.000000000000000000, 0.9254286931173283381, 0.9254286931173283381, 1.000000000000000000 ) ) 
 REPRESENTATION_ITEM ( '' )  );
#2622 = DIRECTION ( 'NONE',  ( 0.01657441405230465278, 0.9998626349648350731, 3.469446951953613418E-18 ) ) ;
#2623 = CARTESIAN_POINT ( 'NONE',  ( 27.68661175479890701, -1.824979717385858624, 0.2999999999999999889 ) ) ;
#2624 = ORIENTED_EDGE ( 'NONE', *, *, #3711, .F. ) ;
#2625 = EDGE_CURVE ( 'NONE', #990, #1942, #467, .T. ) ;
#2626 = FACE_OUTER_BOUND ( 'NONE', #653, .T. ) ;
#2627 = DIRECTION ( 'NONE',  ( 0.01657441405230484707, 0.9998626349648348510, 0.000000000000000000 ) ) ;
#2628 = ORIENTED_EDGE ( 'NONE', *, *, #3752, .T. ) ;
#2629 = ADVANCED_FACE ( 'NONE', ( #1410 ), #2663, .F. ) ;
#2630 = CARTESIAN_POINT ( 'NONE',  ( 29.71530131091131466, 0.1879844867195591684, 10.84439474255700375 ) ) ;
#2631 = VERTEX_POINT ( 'NONE', #505 ) ;
#2632 = ADVANCED_FACE ( 'NONE', ( #1451 ), #589, .F. ) ;
#2633 = LINE ( 'NONE', #3566, #959 ) ;
#2634 = CARTESIAN_POINT ( 'NONE',  ( 45.46073405852211380, 3.565841746326716688, -0.1800321286155009415 ) ) ;
#2635 = ORIENTED_EDGE ( 'NONE', *, *, #3336, .F. ) ;
#2636 = LINE ( 'NONE', #2370, #4087 ) ;
#2637 = LINE ( 'NONE', #495, #396 ) ;
#2638 = ORIENTED_EDGE ( 'NONE', *, *, #2929, .F. ) ;
#2639 = DIRECTION ( 'NONE',  ( 0.000000000000000000, 0.000000000000000000, 1.000000000000000000 ) ) ;
#2640 = FACE_OUTER_BOUND ( 'NONE', #3669, .T. ) ;
#2641 = CARTESIAN_POINT ( 'NONE',  ( 48.35134989619359658, 5.943799508593357039, 0.2000000000000014821 ) ) ;
#2642 = VERTEX_POINT ( 'NONE', #1754 ) ;
#2643 = B_SPLINE_CURVE_WITH_KNOTS ( 'NONE', 3,
 ( #1846, #3063, #245, #2755 ),
 .UNSPECIFIED., .F., .F.,
 ( 4, 4 ),
 ( 0.000000000000000000, 0.0001573484037941799490 ),
 .UNSPECIFIED. ) ;
#2644 = CARTESIAN_POINT ( 'NONE',  ( 48.85757165242850419, 6.335462980469822369, 0.2184189660978969882 ) ) ;
#2645 = PLANE ( 'NONE',  #1602 ) ;
#2646 =( LENGTH_UNIT ( ) NAMED_UNIT ( * ) SI_UNIT ( .CENTI., .METRE. ) );
#2647 = EDGE_CURVE ( 'NONE', #3990, #1522, #807, .T. ) ;
#2648 = CARTESIAN_POINT ( 'NONE',  ( 40.71956292775855246, 0.06948498034543840185, 0.1930924754862731463 ) ) ;
#2649 = VERTEX_POINT ( 'NONE', #3368 ) ;
#2650 = DIRECTION ( 'NONE',  ( 0.01657441405230464238, 0.9998626349648350731, 0.000000000000000000 ) ) ;
#2651 = CARTESIAN_POINT ( 'NONE',  ( 30.09444788646813862, 9.161262745353141668, 21.24696930979470721 ) ) ;
#2652 = ORIENTED_EDGE ( 'NONE', *, *, #3815, .T. ) ;
#2653 = VECTOR ( 'NONE', #2404, 100.0000000000000000 ) ;
#2654 = CARTESIAN_POINT ( 'NONE',  ( 42.70962778319242403, 1.691450028915983728, -0.3000000000000014877 ) ) ;
#2655 = CARTESIAN_POINT ( 'NONE',  ( 50.77576818653075463, 9.304077780756347948, -0.4999999999999961142 ) ) ;
#2656 = ORIENTED_EDGE ( 'NONE', *, *, #2130, .F. ) ;
#2657 = EDGE_CURVE ( 'NONE', #3592, #1850, #3720, .T. ) ;
#2658 = CARTESIAN_POINT ( 'NONE',  ( 40.92433530846897582, -0.2007882580353570756, -0.2871020795684889881 ) ) ;
#2659 = CARTESIAN_POINT ( 'NONE',  ( 27.86161175479890773, -1.824979717385858624, 0.2999999999999999889 ) ) ;
#2660 = CARTESIAN_POINT ( 'NONE',  ( 28.59850047294034070, -2.821286399468161399, 6.846696022789178986E-16 ) ) ;
#2661 = ORIENTED_EDGE ( 'NONE', *, *, #1842, .T. ) ;
#2662 = CARTESIAN_POINT ( 'NONE',  ( 45.76511058438249790, 2.985832852271423032, 0.1793710138624887152 ) ) ;
#2663 = PLANE ( 'NONE',  #24 ) ;
#2664 = CARTESIAN_POINT ( 'NONE',  ( 29.52774384389704210, 0.03281327293580341142, 11.03012197607498379 ) ) ;
#2665 = VERTEX_POINT ( 'NONE', #891 ) ;
#2666 = DIRECTION ( 'NONE',  ( 0.9998626349648348510, -0.01657441405230464238, 0.000000000000000000 ) ) ;
#2667 = VECTOR ( 'NONE', #454, 100.0000000000000142 ) ;
#2668 = CARTESIAN_POINT ( 'NONE',  ( 30.09809050827847443, 9.215565631380513878, 21.24688247531407725 ) ) ;
#2669 = ADVANCED_FACE ( 'NONE', ( #3095 ), #196, .F. ) ;
#2670 = ORIENTED_EDGE ( 'NONE', *, *, #155, .T. ) ;
#2671 = CARTESIAN_POINT ( 'NONE',  ( 29.81243586272541179, 6.183488279899009399, 19.35769687038437326 ) ) ;
#2672 = AXIS2_PLACEMENT_3D ( 'NONE', #2459, #3991, #3054 ) ;
#2673 = DIRECTION ( 'NONE',  ( -0.9998626349648348510, 0.01657441405230576301, -3.469446951953555517E-16 ) ) ;
#2674 = AXIS2_PLACEMENT_3D ( 'NONE', #314, #888, #3406 ) ;
#2675 = ORIENTED_EDGE ( 'NONE', *, *, #3829, .F. ) ;
#2676 = CARTESIAN_POINT ( 'NONE',  ( 45.85497315984050459, 2.917401671987019718, -0.08918510117604346032 ) ) ;
#2677 = EDGE_CURVE ( 'NONE', #3607, #3990, #2366, .T. ) ;
#2678 = CARTESIAN_POINT ( 'NONE',  ( 29.45289206297297468, -0.4882314940259160907, 0.2999999999999978795 ) ) ;
#2679 = CARTESIAN_POINT ( 'NONE',  ( 30.10935841738882601, 8.946562303118541948, 20.97078005163847791 ) ) ;
#2680 = CARTESIAN_POINT ( 'NONE',  ( 48.62715771743974358, 6.573989821970307901, -0.2237955846799044857 ) ) ;
#2681 = ORIENTED_EDGE ( 'NONE', *, *, #2144, .T. ) ;
#2682 = LINE ( 'NONE', #1897, #1032 ) ;
#2683 = DIRECTION ( 'NONE',  ( 0.01657441405230466319, 0.9998626349648349620, 1.734723475976807094E-18 ) ) ;
#2684 = VERTEX_POINT ( 'NONE', #2380 ) ;
#2685 = CARTESIAN_POINT ( 'NONE',  ( 29.60113989288023006, 8.454918192660825227, 21.16756122134667706 ) ) ;
#2686 = VERTEX_POINT ( 'NONE', #2081 ) ;
#2687 = CIRCLE ( 'NONE', #1766, 0.1750000000000029310 ) ;
#2688 = DIRECTION ( 'NONE',  ( -1.000000000000000000, 0.000000000000000000, -3.469446951953611231E-16 ) ) ;
#2689 = LINE ( 'NONE', #1246, #2369 ) ;
#2690 = EDGE_CURVE ( 'NONE', #792, #874, #3192, .T. ) ;
#2691 = VECTOR ( 'NONE', #3252, 100.0000000000000142 ) ;
#2692 = VECTOR ( 'NONE', #3570, 100.0000000000000000 ) ;
#2693 = CARTESIAN_POINT ( 'NONE',  ( 42.78164814690678242, 6.036126734066455946, -0.3000000000000003775 ) ) ;
#2694 = ORIENTED_EDGE ( 'NONE', *, *, #1540, .F. ) ;
#2695 = VECTOR ( 'NONE', #2806, 100.0000000000000142 ) ;
#2696 = DIRECTION ( 'NONE',  ( -1.000000000000000000, 0.000000000000000000, -3.382917932875483327E-16 ) ) ;
#2697 = ADVANCED_FACE ( 'NONE', ( #276 ), #342, .T. ) ;
#2698 = CARTESIAN_POINT ( 'NONE',  ( 50.77576818653075463, 9.304077780756356830, -0.2609303574332930697 ) ) ;
#2699 = ORIENTED_EDGE ( 'NONE', *, *, #1647, .T. ) ;
#2700 = CARTESIAN_POINT ( 'NONE',  ( 29.54664177178733198, 3.306831988938288447, 15.97091863270810208 ) ) ;
#2701 = CARTESIAN_POINT ( 'NONE',  ( 27.68661175479890701, -1.824979717385858624, 0.2999999999999999889 ) ) ;
#2702 = PRODUCT ( 'Part12-Split2', 'Part12-Split2', '', ( #659 ) ) ;
#2703 = DIRECTION ( 'NONE',  ( 0.01657441405230466666, 0.9998626349648349620, 1.734723475976807094E-18 ) ) ;
#2704 = DIRECTION ( 'NONE',  ( 0.01657441405230467013, 0.9998626349648350731, 1.734723475976807094E-18 ) ) ;
#2705 = ORIENTED_EDGE ( 'NONE', *, *, #1744, .T. ) ;
#2706 = CARTESIAN_POINT ( 'NONE',  ( 49.16689890726792811, 6.117321876983760731, -0.3666620468018329526 ) ) ;
#2707 = CARTESIAN_POINT ( 'NONE',  ( 30.10935841738882601, 8.946562303118541948, 21.74663514059541924 ) ) ;
#2708 = VERTEX_POINT ( 'NONE', #3009 ) ;
#2709 = CARTESIAN_POINT ( 'NONE',  ( 29.62265452397405241, 8.744941414732329221, 21.36730090364954293 ) ) ;
#2710 = ORIENTED_EDGE ( 'NONE', *, *, #2375, .F. ) ;
#2711 = DIRECTION ( 'NONE',  ( -0.9998626349648349620, 0.01657441405230474646, 0.000000000000000000 ) ) ;
#2712 = EDGE_CURVE ( 'NONE', #3315, #551, #691, .T. ) ;
#2713 = CARTESIAN_POINT ( 'NONE',  ( 28.35700881623143133, -2.421136312885375563, 0.000000000000000000 ) ) ;
#2714 = CARTESIAN_POINT ( 'NONE',  ( 29.60367264355452832, 8.607708074364284201, 21.27784761734723773 ) ) ;
#2715 = ORIENTED_EDGE ( 'NONE', *, *, #3265, .T. ) ;
#2716 = CARTESIAN_POINT ( 'NONE',  ( 29.63083877435397540, 6.924159436321517092, 19.25429755215861505 ) ) ;
#2717 = CARTESIAN_POINT ( 'NONE',  ( 42.67391445556680196, -0.4629803932049720294, 0.1999999999999979572 ) ) ;
#2718 = ORIENTED_EDGE ( 'NONE', *, *, #1092, .F. ) ;
#2719 = CARTESIAN_POINT ( 'NONE',  ( 51.14463425289144283, 8.097798341225010077, -0.4999999999999970579 ) ) ;
#2720 = EDGE_CURVE ( 'NONE', #613, #3509, #3973, .T. ) ;
#2721 = CARTESIAN_POINT ( 'NONE',  ( 29.55638897493903627, 5.755289078257224133, 19.30114233727384843 ) ) ;
#2722 = DIRECTION ( 'NONE',  ( -1.000000000000000000, 0.000000000000000000, -3.382917932875483327E-16 ) ) ;
#2723 = CARTESIAN_POINT ( 'NONE',  ( 29.40945457291341825, 8.958164392955156430, -0.5000000000000032196 ) ) ;
#2724 = EDGE_LOOP ( 'NONE', ( #1905, #1181, #3916, #89, #1515, #1350, #2510, #3079, #1985, #3703 ) ) ;
#2725 = CARTESIAN_POINT ( 'NONE',  ( 29.45289206297297468, -0.4882314940259307456, 3.155808947497007545E-15 ) ) ;
#2726 = CARTESIAN_POINT ( 'NONE',  ( 30.85269975192374048, -0.5114356736991294561, 0.000000000000000000 ) ) ;
#2727 = FACE_OUTER_BOUND ( 'NONE', #50, .T. ) ;
#2728 = ORIENTED_EDGE ( 'NONE', *, *, #3606, .F. ) ;
#2729 = DIRECTION ( 'NONE',  ( -0.01657441405230579770, -0.9998626349648348510, 0.000000000000000000 ) ) ;
#2730 = ORIENTED_EDGE ( 'NONE', *, *, #1293, .T. ) ;
#2731 = CARTESIAN_POINT ( 'NONE',  ( 40.73418796646610929, 0.6793207050490625010, -0.2084472301616905332 ) ) ;
#2732 = CIRCLE ( 'NONE', #3130, 0.1749999999999973799 ) ;
#2733 = CARTESIAN_POINT ( 'NONE',  ( 50.33156779148531967, 8.684208291245965938, -0.2966384881382483352 ) ) ;
#2734 = CARTESIAN_POINT ( 'NONE',  ( 40.23927785135777668, 0.07744651770170646321, 0.2333333333333364457 ) ) ;
#2735 = CARTESIAN_POINT ( 'NONE',  ( 30.05886100643326131, 6.247028446553152925, 19.28997938598704920 ) ) ;
#2736 = EDGE_LOOP ( 'NONE', ( #1994, #2955, #3943, #2475 ) ) ;
#2737 = CARTESIAN_POINT ( 'NONE',  ( 29.98572261849129461, 3.194357200640070893, 15.95271858670786180 ) ) ;
#2738 = ORIENTED_EDGE ( 'NONE', *, *, #1896, .T. ) ;
#2739 = B_SPLINE_CURVE_WITH_KNOTS ( 'NONE', 3,
 ( #2611, #2007, #2588, #1989 ),
 .UNSPECIFIED., .F., .F.,
 ( 4, 4 ),
 ( 2.739960585318190545E-16, 0.0008506279653992426023 ),
 .UNSPECIFIED. ) ;
#2740 = LINE ( 'NONE', #2721, #1573 ) ;
#2741 = CARTESIAN_POINT ( 'NONE',  ( 29.42043098074729812, -2.446468032919796087, 0.4677088575329433895 ) ) ;
#2742 = ADVANCED_FACE ( 'NONE', ( #4032 ), #2142, .F. ) ;
#2743 = LINE ( 'NONE', #1488, #1624 ) ;
#2744 = EDGE_LOOP ( 'NONE', ( #905, #2556, #1163, #2880 ) ) ;
#2745 = DIRECTION ( 'NONE',  ( -0.000000000000000000, -0.000000000000000000, -1.000000000000000000 ) ) ;
#2746 = DIRECTION ( 'NONE',  ( 0.9998626349648349620, -0.01657441405230466319, 3.341506680459168859E-16 ) ) ;
#2747 = LINE ( 'NONE', #4013, #1509 ) ;
#2748 = ORIENTED_EDGE ( 'NONE', *, *, #2657, .F. ) ;
#2749 = EDGE_CURVE ( 'NONE', #1930, #3221, #2462, .T. ) ;
#2750 = B_SPLINE_CURVE_WITH_KNOTS ( 'NONE', 3,
 ( #3629, #3610, #3290, #476, #1723, #2979, #797, #2999, #1441, #2391, #1461, #817, #2071, #3331, #517, #1992 ),
 .UNSPECIFIED., .F., .F.,
 ( 4, 2, 2, 2, 2, 2, 2, 4 ),
 ( 5.003707553108401214E-17, 0.001568947562306523616, 0.002353421343459820118, 0.003137895124613117055, 0.003922368905766413991, 0.004706842686919710493, 0.005491316468073006996, 0.006275790249226304365 ),
 .UNSPECIFIED. ) ;
#2751 = CARTESIAN_POINT ( 'NONE',  ( 29.74496045202024774, 8.829107661073887670, 21.32970197659465939 ) ) ;
#2752 = VERTEX_POINT ( 'NONE', #2122 ) ;
#2753 = DIRECTION ( 'NONE',  ( 0.01657441405230466666, 0.9998626349648349620, 1.734723475976807094E-18 ) ) ;
#2754 = ADVANCED_FACE ( 'NONE', ( #3389 ), #3032, .F. ) ;
#2755 = CARTESIAN_POINT ( 'NONE',  ( 51.16445146266697463, 9.297634698148190324, 0.2000000000000032863 ) ) ;
#2756 = CARTESIAN_POINT ( 'NONE',  ( 29.71870675545978457, 6.799241400883698994, 19.13978516169457222 ) ) ;
#2757 = CARTESIAN_POINT ( 'NONE',  ( 45.76425296840394452, 2.986272863516385545, 0.1999999999999997335 ) ) ;
#2758 = ORIENTED_EDGE ( 'NONE', *, *, #2786, .F. ) ;
#2759 = CARTESIAN_POINT ( 'NONE',  ( 45.96521353288795808, 3.010451304332718792, -0.2024863661889544086 ) ) ;
#2760 = EDGE_LOOP ( 'NONE', ( #3448, #2032, #2789, #1122 ) ) ;
#2761 = CARTESIAN_POINT ( 'NONE',  ( 49.16724287765156021, 6.117757567723009160, -0.4999999999999995559 ) ) ;
#2762 = FACE_OUTER_BOUND ( 'NONE', #2724, .T. ) ;
#2763 = ORIENTED_EDGE ( 'NONE', *, *, #299, .F. ) ;
#2764 = DIRECTION ( 'NONE',  ( 0.01657441405230464238, 0.9998626349648349620, -0.000000000000000000 ) ) ;
#2765 = CARTESIAN_POINT ( 'NONE',  ( 29.96477847480372247, 0.2477637201773665032, 10.77832148343091312 ) ) ;
#2766 = CARTESIAN_POINT ( 'NONE',  ( 45.85400271893195168, 3.884908755138781977, -0.2999999999999999889 ) ) ;
#2767 = ORIENTED_EDGE ( 'NONE', *, *, #2920, .T. ) ;
#2768 = DIRECTION ( 'NONE',  ( -0.000000000000000000, -0.000000000000000000, -1.000000000000000000 ) ) ;
#2769 = ORIENTED_EDGE ( 'NONE', *, *, #2179, .T. ) ;
#2770 = CARTESIAN_POINT ( 'NONE',  ( 40.42338501390457139, 0.5423533828547847380, -0.05250146968175852663 ) ) ;
#2771 = ADVANCED_FACE ( 'NONE', ( #2103 ), #549, .T. ) ;
#2772 = LINE ( 'NONE', #4061, #3195 ) ;
#2773 = CARTESIAN_POINT ( 'NONE',  ( 51.18575050333474508, 9.062803792798668212, 0.04283825198338241103 ) ) ;
#2774 = CARTESIAN_POINT ( 'NONE',  ( 40.54924921979817043, 0.4723631716368709710, 0.1901094530732726773 ) ) ;
#2775 = ORIENTED_EDGE ( 'NONE', *, *, #3470, .F. ) ;
#2776 = FACE_OUTER_BOUND ( 'NONE', #345, .T. ) ;
#2777 = LINE ( 'NONE', #1853, #3070 ) ;
#2778 = EDGE_LOOP ( 'NONE', ( #2191, #907, #1083, #530 ) ) ;
#2779 = EDGE_CURVE ( 'NONE', #560, #3993, #156, .T. ) ;
#2780 = PLANE ( 'NONE',  #2351 ) ;
#2781 = CARTESIAN_POINT ( 'NONE',  ( 50.77576818653075463, 9.304077780756347948, -0.4999999999999990563 ) ) ;
#2782 = CARTESIAN_POINT ( 'NONE',  ( 50.02982021716243821, 7.352254763938423032, -0.2999999999999976574 ) ) ;
#2783 = CARTESIAN_POINT ( 'NONE',  ( 28.09929969314659104, -2.324760390715226333, -0.000000000000000000 ) ) ;
#2784 = AXIS2_PLACEMENT_3D ( 'NONE', #3075, #3681, #853 ) ;
#2785 = ORIENTED_EDGE ( 'NONE', *, *, #861, .T. ) ;
#2786 = EDGE_CURVE ( 'NONE', #777, #1638, #1548, .T. ) ;
#2787 = B_SPLINE_CURVE_WITH_KNOTS ( 'NONE', 3,
 ( #554, #3062, #3979, #243 ),
 .UNSPECIFIED., .F., .F.,
 ( 4, 4 ),
 ( -0.004845767612467857637, 0.004000000000000056462 ),
 .UNSPECIFIED. ) ;
#2788 = CARTESIAN_POINT ( 'NONE',  ( 45.76511058438249790, 2.985832852271423032, 0.1793710138624887152 ) ) ;
#2789 = ORIENTED_EDGE ( 'NONE', *, *, #1876, .F. ) ;
#2790 = CARTESIAN_POINT ( 'NONE',  ( 49.27752137395131626, 6.422796374690702415, -0.2999999999999981570 ) ) ;
#2791 = CARTESIAN_POINT ( 'NONE',  ( 30.99519099743574913, -3.982347382637524191, -0.5000000000000026645 ) ) ;
#2792 = FACE_OUTER_BOUND ( 'NONE', #3647, .T. ) ;
#2793 = CARTESIAN_POINT ( 'NONE',  ( 30.10935841738882601, 8.946562303118540171, 20.97078005163792724 ) ) ;
#2794 = ADVANCED_FACE ( 'NONE', ( #1856 ), #3467, .F. ) ;
#2795 = CARTESIAN_POINT ( 'NONE',  ( 40.31970610058894522, 0.4979165572142641438, -0.4999999999999995559 ) ) ;
#2796 = ORIENTED_EDGE ( 'NONE', *, *, #182, .F. ) ;
#2797 = CARTESIAN_POINT ( 'NONE',  ( 29.57952447209468261, 7.146809560181840659, 3.169066891972249104E-15 ) ) ;
#2798 = AXIS2_PLACEMENT_3D ( 'NONE', #3831, #2812, #2250 ) ;
#2799 = CARTESIAN_POINT ( 'NONE',  ( 40.96306285894846155, 0.7840039576090143125, -0.2920574097778034783 ) ) ;
#2800 = ORIENTED_EDGE ( 'NONE', *, *, #3861, .F. ) ;
#2801 = EDGE_CURVE ( 'NONE', #677, #3685, #1434, .T. ) ;
#2802 = EDGE_CURVE ( 'NONE', #3504, #3513, #3099, .T. ) ;
#2803 = CARTESIAN_POINT ( 'NONE',  ( 31.22188896405206293, -2.373432210252088836, -0.2000000000000000111 ) ) ;
#2804 = DIRECTION ( 'NONE',  ( 0.01657441405230466319, 0.9998626349648349620, 1.734723475976807094E-18 ) ) ;
#2805 = LINE ( 'NONE', #4072, #2229 ) ;
#2806 = DIRECTION ( 'NONE',  ( -0.01657441405230463891, -0.9998626349648348510, -0.000000000000000000 ) ) ;
#2807 = ORIENTED_EDGE ( 'NONE', *, *, #4055, .T. ) ;
#2808 = CIRCLE ( 'NONE', #3871, 21.35764531748080230 ) ;
#2809 = CIRCLE ( 'NONE', #2674, 10.99999999999813660 ) ;
#2810 = CARTESIAN_POINT ( 'NONE',  ( 45.76483155521164292, 2.986121288134864660, 0.1862431371911132671 ) ) ;
#2811 = ORIENTED_EDGE ( 'NONE', *, *, #126, .F. ) ;
#2812 = DIRECTION ( 'NONE',  ( 0.01657441405230466319, 0.9998626349648349620, 1.734723475976807480E-18 ) ) ;
#2813 = CARTESIAN_POINT ( 'NONE',  ( 29.56438207018172903, 3.962473060645457235, 16.06475015412108220 ) ) ;
#2814 = CARTESIAN_POINT ( 'NONE',  ( 41.92834321751641369, -2.120232104899134384, -0.5000000000000014433 ) ) ;
#2815 = CARTESIAN_POINT ( 'NONE',  ( 30.10935841738893259, 8.946562303118540171, 21.19393265259804338 ) ) ;
#2816 = DIRECTION ( 'NONE',  ( -0.9998626349648348510, 0.01657441405230448625, 0.000000000000000000 ) ) ;
#2817 = CARTESIAN_POINT ( 'NONE',  ( 40.48634198056219446, 0.07335101194750814901, 0.1999999999999972633 ) ) ;
#2818 = EDGE_LOOP ( 'NONE', ( #3270, #2145, #1026, #1199, #3722 ) ) ;
#2819 = DIRECTION ( 'NONE',  ( -2.220446049250313081E-16, 2.357666062890061177E-18, 1.000000000000000000 ) ) ;
#2820 = CARTESIAN_POINT ( 'NONE',  ( 30.14404579061175582, -1.868616763265141367, 0.2999999999999999889 ) ) ;
#2821 =( GEOMETRIC_REPRESENTATION_CONTEXT ( 3 ) GLOBAL_UNCERTAINTY_ASSIGNED_CONTEXT ( ( #1794 ) ) GLOBAL_UNIT_ASSIGNED_CONTEXT ( ( #2201, #1278, #268 ) ) REPRESENTATION_CONTEXT ( 'NONE', 'WORKASPACE' ) );
#2822 = ORIENTED_EDGE ( 'NONE', *, *, #316, .F. ) ;
#2823 = AXIS2_PLACEMENT_3D ( 'NONE', #908, #1815, #603 ) ;
#2824 = VECTOR ( 'NONE', #3420, 100.0000000000000000 ) ;
#2825 = CARTESIAN_POINT ( 'NONE',  ( 40.47805477353603010, -0.4265803055350975703, -0.3000000000000028200 ) ) ;
#2826 = AXIS2_PLACEMENT_3D ( 'NONE', #2518, #3778, #330 ) ;
#2827 = CARTESIAN_POINT ( 'NONE',  ( 40.27037592088086626, 0.4769859681718670030, 0.1999999999999975409 ) ) ;
#2828 = DIRECTION ( 'NONE',  ( 0.000000000000000000, 0.000000000000000000, -1.000000000000000000 ) ) ;
#2829 = ORIENTED_EDGE ( 'NONE', *, *, #367, .F. ) ;
#2830 = DIRECTION ( 'NONE',  ( 0.01657441405230463891, 0.9998626349648349620, -0.000000000000000000 ) ) ;
#2831 = CARTESIAN_POINT ( 'NONE',  ( 45.21959333301070671, 3.376985028598742389, -0.2348502238419414856 ) ) ;
#2832 = CARTESIAN_POINT ( 'NONE',  ( 29.93626555570120829, 3.655589209183241817, 15.67551369338056411 ) ) ;
#2833 = B_SPLINE_CURVE_WITH_KNOTS ( 'NONE', 2,
 ( #656, #2853, #2552 ),
 .UNSPECIFIED., .F., .F.,
 ( 3, 3 ),
 ( 0.07644733184617344413, 0.1651289732793841947 ),
 .UNSPECIFIED. ) ;
#2834 = EDGE_CURVE ( 'NONE', #3327, #335, #1380, .T. ) ;
#2835 = CARTESIAN_POINT ( 'NONE',  ( 30.09769085256343146, 9.191456128395019576, 21.24688247531192076 ) ) ;
#2836 = DIRECTION ( 'NONE',  ( -0.01657441405230465972, -0.9998626349648349620, 0.000000000000000000 ) ) ;
#2837 = CARTESIAN_POINT ( 'NONE',  ( 29.59943729444428229, 0.2538198680681320041, 11.21921294995444640 ) ) ;
#2838 = ORIENTED_EDGE ( 'NONE', *, *, #3441, .F. ) ;
#2839 = CARTESIAN_POINT ( 'NONE',  ( 0.01896740029930046867, 1.144221133962461057, 1.985179957108101255E-18 ) ) ;
#2840 = DIRECTION ( 'NONE',  ( 0.000000000000000000, 0.000000000000000000, 1.000000000000000000 ) ) ;
#2841 = ORIENTED_EDGE ( 'NONE', *, *, #3007, .T. ) ;
#2842 = CARTESIAN_POINT ( 'NONE',  ( 48.36626686884066828, 6.843675880061709016, -0.2999999999999983236 ) ) ;
#2843 = CARTESIAN_POINT ( 'NONE',  ( 29.45289206297296758, -0.4882314940259307456, 21.74663514059541924 ) ) ;
#2844 = ORIENTED_EDGE ( 'NONE', *, *, #3276, .F. ) ;
#2845 = EDGE_CURVE ( 'NONE', #866, #3933, #1020, .T. ) ;
#2846 = CARTESIAN_POINT ( 'NONE',  ( 48.77768462631528479, 6.744631604321445373, -0.2935879657261063480 ) ) ;
#2847 = B_SPLINE_CURVE_WITH_KNOTS ( 'NONE', 3,
 ( #1998, #3160, #1313, #2813, #3460, #2568, #444, #1230, #3833, #634, #1883, #366, #3142, #3478, #1692, #1617, #2832, #654, #1599, #1271 ),
 .UNSPECIFIED., .F., .F.,
 ( 4, 2, 2, 2, 2, 2, 2, 2, 2, 4 ),
 ( 0.0001301450737330821347, 0.002679689797876063252, 0.003954462159947537588, 0.005229234522019010623, 0.006504006884090484525, 0.007778779246161958427, 0.008416165427197653745, 0.009053551608233350798, 0.009690937789269047850, 0.01032832397030474490 ),
 .UNSPECIFIED. ) ;
#2848 = CARTESIAN_POINT ( 'NONE',  ( 45.00425805583716254, 3.212623372438181413, -0.3000000000000000444 ) ) ;
#2849 = VECTOR ( 'NONE', #2024, 100.0000000000000142 ) ;
#2850 = VERTEX_POINT ( 'NONE', #3284 ) ;
#2851 = CARTESIAN_POINT ( 'NONE',  ( 29.02021422774617676, -2.456228692467047559, 0.4470313698324010487 ) ) ;
#2852 = CARTESIAN_POINT ( 'NONE',  ( 29.61130169349334196, 9.067935624548129070, 21.60236247968449774 ) ) ;
#2853 = CARTESIAN_POINT ( 'NONE',  ( 49.58913679882203951, 7.680503152493415087, -0.2999999999999976574 ) ) ;
#2854 = CARTESIAN_POINT ( 'NONE',  ( 29.45973082269485133, -0.07567873081193532414, 11.10297482240539146 ) ) ;
#2855 = CARTESIAN_POINT ( 'NONE',  ( 31.03832149385491945, -2.370389269000775290, 0.000000000000000000 ) ) ;
#2856 = ORIENTED_EDGE ( 'NONE', *, *, #2712, .T. ) ;
#2857 = PLANE ( 'NONE',  #1048 ) ;
#2858 = CARTESIAN_POINT ( 'NONE',  ( 45.47016318416308422, 3.391202852591134409, 0.2000000000000000111 ) ) ;
#2859 = VERTEX_POINT ( 'NONE', #2362 ) ;
#2860 = DIRECTION ( 'NONE',  ( -0.01657441405230579770, -0.9998626349648348510, 0.000000000000000000 ) ) ;
#2861 = AXIS2_PLACEMENT_3D ( 'NONE', #1736, #1353, #2666 ) ;
#2862 = CARTESIAN_POINT ( 'NONE',  ( 29.36470365497220314, 6.258535278550102277, -0.5000000000000032196 ) ) ;
#2863 = EDGE_CURVE ( 'NONE', #2591, #423, #3543, .T. ) ;
#2864 = CARTESIAN_POINT ( 'NONE',  ( 29.56106792619825896, 3.254868056960203759, 16.22416781020719512 ) ) ;
#2865 = ORIENTED_EDGE ( 'NONE', *, *, #1019, .F. ) ;
#2866 = CARTESIAN_POINT ( 'NONE',  ( 28.76821542323720493, -2.500196330825058322, 0.3000000000000000444 ) ) ;
#2867 = CARTESIAN_POINT ( 'NONE',  ( 29.22108413575708497, 9.661383120241334055, 21.99999999999999289 ) ) ;
#2868 = ORIENTED_EDGE ( 'NONE', *, *, #2802, .F. ) ;
#2869 = EDGE_CURVE ( 'NONE', #1218, #551, #2255, .T. ) ;
#2870 = AXIS2_PLACEMENT_3D ( 'NONE', #1491, #2121, #483 ) ;
#2871 = DIRECTION ( 'NONE',  ( -0.9998626349648348510, 0.01657441405230468054, -0.000000000000000000 ) ) ;
#2872 = AXIS2_PLACEMENT_3D ( 'NONE', #3840, #1915, #1282 ) ;
#2873 = CARTESIAN_POINT ( 'NONE',  ( 29.60670135011300630, 8.790416827148609613, 21.40802648469431446 ) ) ;
#2874 = CARTESIAN_POINT ( 'NONE',  ( 30.31904579061175298, -1.868616763265141367, 0.2999999999999999889 ) ) ;
#2875 = DIRECTION ( 'NONE',  ( 0.9998626349648348510, -0.01657441405230463891, 0.000000000000000000 ) ) ;
#2876 = ADVANCED_FACE ( 'NONE', ( #1454 ), #1206, .F. ) ;
#2877 = ORIENTED_EDGE ( 'NONE', *, *, #1124, .F. ) ;
#2878 = CYLINDRICAL_SURFACE ( 'NONE', #855, 0.4999999999999985567 ) ;
#2879 = CARTESIAN_POINT ( 'NONE',  ( 29.92817392121608222, 6.615521980958948056, 18.97021083887560522 ) ) ;
#2880 = ORIENTED_EDGE ( 'NONE', *, *, #1377, .T. ) ;
#2881 = AXIS2_PLACEMENT_3D ( 'NONE', #1707, #1690, #3338 ) ;
#2882 = ORIENTED_EDGE ( 'NONE', *, *, #831, .T. ) ;
#2883 = CARTESIAN_POINT ( 'NONE',  ( 29.81092866653050777, 8.951509280916573275, 21.73214197521376789 ) ) ;
#2884 = EDGE_CURVE ( 'NONE', #2316, #777, #2058, .T. ) ;
#2885 = CARTESIAN_POINT ( 'NONE',  ( 29.41674935829490778, -2.668564374580253418, 0.2999999999999978795 ) ) ;
#2886 = DIRECTION ( 'NONE',  ( -3.462121318424173032E-16, 4.706777519503276240E-17, 1.000000000000000000 ) ) ;
#2887 = ORIENTED_EDGE ( 'NONE', *, *, #3337, .T. ) ;
#2888 = VECTOR ( 'NONE', #3503, 100.0000000000000142 ) ;
#2889 = DIRECTION ( 'NONE',  ( -0.9998626349648349620, 0.01657441405230465972, 0.000000000000000000 ) ) ;
#2890 = AXIS2_PLACEMENT_3D ( 'NONE', #88, #27, #686 ) ;
#2891 = CARTESIAN_POINT ( 'NONE',  ( 49.17312605566461059, 6.579923096599503474, -0.2340448032088716934 ) ) ;
#2892 = ORIENTED_EDGE ( 'NONE', *, *, #1533, .F. ) ;
#2893 = B_SPLINE_CURVE_WITH_KNOTS ( 'NONE', 2,
 ( #54, #924, #2491 ),
 .UNSPECIFIED., .F., .F.,
 ( 3, 3 ),
 ( 0.4023990127107522352, 0.6105976012729947833 ),
 .UNSPECIFIED. ) ;
#2894 = CARTESIAN_POINT ( 'NONE',  ( 29.61046423096820490, 9.017415136439199230, 21.56729440821466426 ) ) ;
#2895 = EDGE_CURVE ( 'NONE', #2009, #2642, #832, .T. ) ;
#2896 = CARTESIAN_POINT ( 'NONE',  ( 29.56266460868040724, 3.426674179764624295, 15.36010302741744660 ) ) ;
#2897 = CARTESIAN_POINT ( 'NONE',  ( 29.69112161073494249, 8.734527172172040110, 20.79927766344631479 ) ) ;
#2898 = ORIENTED_EDGE ( 'NONE', *, *, #3535, .T. ) ;
#2899 = B_SPLINE_CURVE_WITH_KNOTS ( 'NONE', 2,
 ( #2509, #612, #3789 ),
 .UNSPECIFIED., .F., .F.,
 ( 3, 3 ),
 ( 0.3935134651481851931, 0.9656990803366459764 ),
 .UNSPECIFIED. ) ;
#2900 = DIRECTION ( 'NONE',  ( 0.9998626349648348510, -0.01657441405230463891, 0.000000000000000000 ) ) ;
#2901 = CARTESIAN_POINT ( 'NONE',  ( 29.03859622392525708, -1.347322454362675392, 1.499999999999998890 ) ) ;
#2902 = EDGE_LOOP ( 'NONE', ( #966, #1923 ) ) ;
#2903 = ORIENTED_EDGE ( 'NONE', *, *, #2198, .T. ) ;
#2904 = CARTESIAN_POINT ( 'NONE',  ( 29.60428381055857372, 8.644577133422112425, 21.30426307650303741 ) ) ;
#2905 = CARTESIAN_POINT ( 'NONE',  ( 29.08956838170394477, -10.33918446186616080, -0.5000000000000029976 ) ) ;
#2906 = LINE ( 'NONE', #2562, #1448 ) ;
#2907 = ORIENTED_EDGE ( 'NONE', *, *, #1678, .F. ) ;
#2908 = EDGE_CURVE ( 'NONE', #397, #2923, #3684, .T. ) ;
#2909 = CARTESIAN_POINT ( 'NONE',  ( 45.84190424054542490, 2.906450311533736119, -0.06899527106055475256 ) ) ;
#2910 = CARTESIAN_POINT ( 'NONE',  ( 30.13722941332537886, 8.946100296020700782, 20.97078005303012915 ) ) ;
#2911 = ORIENTED_EDGE ( 'NONE', *, *, #2573, .F. ) ;
#2912 = CARTESIAN_POINT ( 'NONE',  ( 40.47805477353602299, -0.4265803055350969597, -0.3000000000000027089 ) ) ;
#2913 = ORIENTED_EDGE ( 'NONE', *, *, #2927, .F. ) ;
#2914 = CARTESIAN_POINT ( 'NONE',  ( 49.66717419513400245, 6.109470360696870550, -0.4999999999999995004 ) ) ;
#2915 = CARTESIAN_POINT ( 'NONE',  ( 49.27850982085636389, 6.424017661062631390, -0.4999999999999995559 ) ) ;
#2916 = CIRCLE ( 'NONE', #879, 0.1750000000000029310 ) ;
#2917 = CARTESIAN_POINT ( 'NONE',  ( 49.10898578509949886, 5.931240412489066749, -0.4999999999999970579 ) ) ;
#2918 = EDGE_LOOP ( 'NONE', ( #1177, #400, #1716, #1837, #122 ) ) ;
#2919 = CARTESIAN_POINT ( 'NONE',  ( 29.22108413575708497, 9.661383120241001876, 21.25672608094550142 ) ) ;
#2920 = EDGE_CURVE ( 'NONE', #352, #341, #2164, .T. ) ;
#2921 = CARTESIAN_POINT ( 'NONE',  ( 45.77175446266352310, 3.386629261935739876, 0.1793710138624886319 ) ) ;
#2922 = ORIENTED_EDGE ( 'NONE', *, *, #425, .F. ) ;
#2923 = VERTEX_POINT ( 'NONE', #3977 ) ;
#2924 = CARTESIAN_POINT ( 'NONE',  ( 39.74338221018398798, 0.2620762191558760890, -0.3000000000000028755 ) ) ;
#2925 = DIRECTION ( 'NONE',  ( 0.01657441405230579770, 0.9998626349648348510, 1.734723475976998532E-18 ) ) ;
#2926 = LINE ( 'NONE', #1287, #2302 ) ;
#2927 = EDGE_CURVE ( 'NONE', #4006, #952, #4042, .T. ) ;
#2928 = EDGE_LOOP ( 'NONE', ( #1341, #3713, #728, #3693, #2699 ) ) ;
#2929 = EDGE_CURVE ( 'NONE', #2559, #1357, #2916, .T. ) ;
#2930 = CYLINDRICAL_SURFACE ( 'NONE', #4003, 0.4999999999999985567 ) ;
#2931 = APPLICATION_CONTEXT ( 'automotive_design' ) ;
#2932 = CARTESIAN_POINT ( 'NONE',  ( 29.37133342059312113, 6.658480332536035995, -0.5000000000000032196 ) ) ;
#2933 = ORIENTED_EDGE ( 'NONE', *, *, #845, .F. ) ;
#2934 = CARTESIAN_POINT ( 'NONE',  ( 29.81932708404258037, 0.2290744503742490334, 10.80057168090464081 ) ) ;
#2935 = ORIENTED_EDGE ( 'NONE', *, *, #922, .T. ) ;
#2936 = CARTESIAN_POINT ( 'NONE',  ( 29.60113989288025849, 8.454918192662232101, 20.57462005477973932 ) ) ;
#2937 = CARTESIAN_POINT ( 'NONE',  ( 30.05902501548564487, 8.945986238145477998, 21.24794339029671875 ) ) ;
#2938 = AXIS2_PLACEMENT_3D ( 'NONE', #3825, #588, #665 ) ;
#2939 = ORIENTED_EDGE ( 'NONE', *, *, #31, .F. ) ;
#2940 = CARTESIAN_POINT ( 'NONE',  ( 29.51495293980827128, 3.255632490845135507, 15.15077155702974565 ) ) ;
#2941 = CARTESIAN_POINT ( 'NONE',  ( 30.02151402291161020, 3.647290337804917737, 5.003211117337256119E-15 ) ) ;
#2942 = ORIENTED_EDGE ( 'NONE', *, *, #1328, .T. ) ;
#2943 = ORIENTED_EDGE ( 'NONE', *, *, #897, .T. ) ;
#2944 = CARTESIAN_POINT ( 'NONE',  ( 29.60113989288024072, 8.454918192660812792, 21.16756122134666995 ) ) ;
#2945 = EDGE_CURVE ( 'NONE', #3982, #93, #2084, .T. ) ;
#2946 = CARTESIAN_POINT ( 'NONE',  ( 40.87534422647148347, -0.1925991185343974010, -0.2729061320754769260 ) ) ;
#2947 = CARTESIAN_POINT ( 'NONE',  ( 49.10069857807334159, 5.431309095006647603, -0.2999999999999983791 ) ) ;
#2948 = CARTESIAN_POINT ( 'NONE',  ( 49.17009911566945846, 6.290062040246738206, -0.4999999999999996669 ) ) ;
#2949 = EDGE_LOOP ( 'NONE', ( #331, #3971, #698, #2140 ) ) ;
#2950 = CARTESIAN_POINT ( 'NONE',  ( 41.92834321751641369, -2.120232104899134384, -0.5000000000000000000 ) ) ;
#2951 = DIRECTION ( 'NONE',  ( 1.000000000000000000, 0.000000000000000000, 0.000000000000000000 ) ) ;
#2952 = FILL_AREA_STYLE ('',( #2381 ) ) ;
#2953 = CIRCLE ( 'NONE', #1182, 0.4999999999999985567 ) ;
#2954 = CARTESIAN_POINT ( 'NONE',  ( 29.64015039148675967, 0.1399526050806477739, 10.89652860511196231 ) ) ;
#2955 = ORIENTED_EDGE ( 'NONE', *, *, #1347, .F. ) ;
#2956 = CARTESIAN_POINT ( 'NONE',  ( 51.43443968877217287, 10.28307717325414039, -0.4999999999999986122 ) ) ;
#2957 = CARTESIAN_POINT ( 'NONE',  ( 45.40509928241379356, 3.521826672363885358, -0.1364436563643889599 ) ) ;
#2958 = ADVANCED_FACE ( 'NONE', ( #533 ), #260, .T. ) ;
#2959 = ORIENTED_EDGE ( 'NONE', *, *, #950, .T. ) ;
#2960 = DIRECTION ( 'NONE',  ( 0.01657441405230464931, 0.9998626349648349620, 3.469446951953613418E-18 ) ) ;
#2961 = CARTESIAN_POINT ( 'NONE',  ( 40.55045158031593644, 0.4732239127485872721, 0.1703389830508403868 ) ) ;
#2962 = ORIENTED_EDGE ( 'NONE', *, *, #600, .F. ) ;
#2963 = CARTESIAN_POINT ( 'NONE',  ( 51.93437100625460090, 10.27478996622798668, -0.2999999999999962697 ) ) ;
#2964 = FACE_OUTER_BOUND ( 'NONE', #1527, .T. ) ;
#2965 = CARTESIAN_POINT ( 'NONE',  ( 49.17009911568857916, 6.290062040248651343, -0.4320731968348948682 ) ) ;
#2966 = ORIENTED_EDGE ( 'NONE', *, *, #3735, .F. ) ;
#2967 = CARTESIAN_POINT ( 'NONE',  ( 51.11470380752408715, 9.798528041614362749, -0.2999999999999967137 ) ) ;
#2968 = DIRECTION ( 'NONE',  ( 1.665393298452077782E-16, -1.025709229455379180E-18, -1.000000000000000000 ) ) ;
#2969 = EDGE_CURVE ( 'NONE', #242, #3733, #2463, .T. ) ;
#2970 = CARTESIAN_POINT ( 'NONE',  ( 29.61824528834768699, 0.1224862750643167519, 10.91597164352690541 ) ) ;
#2971 = ORIENTED_EDGE ( 'NONE', *, *, #2569, .T. ) ;
#2972 = DIRECTION ( 'NONE',  ( 0.9998626349648348510, -0.01657441405230573525, 1.665334536937734811E-16 ) ) ;
#2973 = LINE ( 'NONE', #1970, #1644 ) ;
#2974 = EDGE_CURVE ( 'NONE', #101, #2665, #3414, .T. ) ;
#2975 = B_SPLINE_CURVE_WITH_KNOTS ( 'NONE', 2,
 ( #340, #422, #994 ),
 .UNSPECIFIED., .F., .F.,
 ( 3, 3 ),
 ( 0.6170516038548922166, 1.000000000000000000 ),
 .UNSPECIFIED. ) ;
#2976 = ORIENTED_EDGE ( 'NONE', *, *, #1036, .T. ) ;
#2977 = VECTOR ( 'NONE', #3371, 100.0000000000000142 ) ;
#2978 = CARTESIAN_POINT ( 'NONE',  ( 29.57952447209468261, 7.089676136713428001, 19.40512552919476974 ) ) ;
#2979 = CARTESIAN_POINT ( 'NONE',  ( 29.79950063387520842, 9.463714774879688818, 21.36060816474550350 ) ) ;
#2980 = ORIENTED_EDGE ( 'NONE', *, *, #1537, .T. ) ;
#2981 = CARTESIAN_POINT ( 'NONE',  ( 29.96516101513376640, 0.2477573789244779945, 10.72997687891029628 ) ) ;
#2982 = CARTESIAN_POINT ( 'NONE',  ( 51.78990988689319153, 10.02991121725882806, -0.2999999999999963807 ) ) ;
#2983 = FACE_OUTER_BOUND ( 'NONE', #3534, .T. ) ;
#2984 = CARTESIAN_POINT ( 'NONE',  ( 49.16724287765154600, 6.117757567723009160, -0.4999999999999995559 ) ) ;
#2985 = ORIENTED_EDGE ( 'NONE', *, *, #317, .F. ) ;
#2986 = DIRECTION ( 'NONE',  ( 0.9998626349648349620, -0.01657441405230455217, 0.000000000000000000 ) ) ;
#2987 = EDGE_CURVE ( 'NONE', #843, #3812, #3012, .T. ) ;
#2988 = DIRECTION ( 'NONE',  ( -0.9998626349648348510, 0.01657441405230466319, 0.000000000000000000 ) ) ;
#2989 = EDGE_LOOP ( 'NONE', ( #680, #877, #292, #2595, #3884 ) ) ;
#2990 = CARTESIAN_POINT ( 'NONE',  ( 41.03935267508563811, 0.06418392448371573744, -0.1615237027081014298 ) ) ;
#2991 = ORIENTED_EDGE ( 'NONE', *, *, #2228, .T. ) ;
#2992 = CARTESIAN_POINT ( 'NONE',  ( 29.52119275695714862, 0.5298730860995397585, 10.19998983364248346 ) ) ;
#2993 = EDGE_CURVE ( 'NONE', #4016, #1571, #1514, .T. ) ;
#2994 = VECTOR ( 'NONE', #3727, 100.0000000000000000 ) ;
#2995 = LINE ( 'NONE', #472, #399 ) ;
#2996 = ORIENTED_EDGE ( 'NONE', *, *, #2180, .F. ) ;
#2997 = CARTESIAN_POINT ( 'NONE',  ( 51.64301749531588825, 9.789770348802621314, -0.2999999999999964917 ) ) ;
#2998 = AXIS2_PLACEMENT_3D ( 'NONE', #1431, #1780, #3031 ) ;
#2999 = CARTESIAN_POINT ( 'NONE',  ( 29.84893356504456818, 9.414076162385212498, 21.32409704120934890 ) ) ;
#3000 = VECTOR ( 'NONE', #3488, 100.0000000000000000 ) ;
#3001 = VERTEX_POINT ( 'NONE', #4036 ) ;
#3002 = CARTESIAN_POINT ( 'NONE',  ( 45.91520258101323293, 2.968114484056173730, -0.1585216483972790857 ) ) ;
#3003 = CARTESIAN_POINT ( 'NONE',  ( 40.58011081728082559, 0.03465980343043058298, 0.008583998087470888841 ) ) ;
#3004 = CYLINDRICAL_SURFACE ( 'NONE', #179, 0.4999999999999985567 ) ;
#3005 = CARTESIAN_POINT ( 'NONE',  ( 29.76846697070416070, 6.158920898321895265, 19.33545799571709622 ) ) ;
#3006 = ORIENTED_EDGE ( 'NONE', *, *, #1171, .F. ) ;
#3007 = EDGE_CURVE ( 'NONE', #1710, #539, #1288, .T. ) ;
#3008 = CARTESIAN_POINT ( 'NONE',  ( 49.16621105951234227, 6.116450768821839468, -0.2999999999999987121 ) ) ;
#3009 = CARTESIAN_POINT ( 'NONE',  ( 29.52986991245529680, 4.155508862310840712, 16.30592310456528793 ) ) ;
#3010 = ORIENTED_EDGE ( 'NONE', *, *, #3796, .F. ) ;
#3011 =( BOUNDED_CURVE ( )  B_SPLINE_CURVE ( 3, ( #2451, #4022, #1792, #1211 ),
 .UNSPECIFIED., .F., .T. ) 
 B_SPLINE_CURVE_WITH_KNOTS ( ( 4, 4 ),
 ( 0.03448593806025399000, 1.554221153785902532 ),
 .UNSPECIFIED. ) 
 CURVE ( )  GEOMETRIC_REPRESENTATION_ITEM ( )  RATIONAL_B_SPLINE_CURVE ( ( 1.000000000000000000, 0.8166181414471713751, 0.8166181414471713751, 1.000000000000000000 ) ) 
 REPRESENTATION_ITEM ( '' )  );
#3012 = LINE ( 'NONE', #2062, #2977 ) ;
#3013 = EDGE_LOOP ( 'NONE', ( #3494, #1749, #3465 ) ) ;
#3014 = CARTESIAN_POINT ( 'NONE',  ( 40.30276140187343970, 0.4907091856058877211, 0.08068250391335661520 ) ) ;
#3015 = CARTESIAN_POINT ( 'NONE',  ( 28.57518641642680279, -2.685334921433163657, -0.000000000000000000 ) ) ;
#3016 = AXIS2_PLACEMENT_3D ( 'NONE', #3526, #3505, #3148 ) ;
#3017 = VECTOR ( 'NONE', #2131, 100.0000000000000142 ) ;
#3018 = ADVANCED_FACE ( 'NONE', ( #2211 ), #688, .F. ) ;
#3019 = AXIS2_PLACEMENT_3D ( 'NONE', #983, #2199, #2875 ) ;
#3020 = CARTESIAN_POINT ( 'NONE',  ( 29.69411601871939155, 8.953445648097090981, 21.46531002516617193 ) ) ;
#3021 = ORIENTED_EDGE ( 'NONE', *, *, #4079, .T. ) ;
#3022 = VECTOR ( 'NONE', #1611, 100.0000000000000142 ) ;
#3023 = CARTESIAN_POINT ( 'NONE',  ( 29.84869146017683406, -2.350669139397241203, 0.000000000000000000 ) ) ;
#3024 = CARTESIAN_POINT ( 'NONE',  ( 29.03859622392525708, -1.347322454362681610, 3.089195566019497995E-15 ) ) ;
#3025 = ORIENTED_EDGE ( 'NONE', *, *, #1733, .T. ) ;
#3026 = CARTESIAN_POINT ( 'NONE',  ( 29.99447311443614694, 3.260657786212655562, 15.95239721201332195 ) ) ;
#3027 = CARTESIAN_POINT ( 'NONE',  ( 31.23829402084789564, -1.383786165277783420, -0.1999999999999999556 ) ) ;
#3028 = DIRECTION ( 'NONE',  ( -0.9998626349648348510, 0.01657441405230573525, -1.665334536937734811E-16 ) ) ;
#3029 = CARTESIAN_POINT ( 'NONE',  ( 49.27850982085635678, 6.424017661062634943, -0.4999999999999995559 ) ) ;
#3030 = ORIENTED_EDGE ( 'NONE', *, *, #1939, .T. ) ;
#3031 = DIRECTION ( 'NONE',  ( 0.9998626349648349620, -0.01657441405230474646, 0.000000000000000000 ) ) ;
#3032 = CYLINDRICAL_SURFACE ( 'NONE', #2784, 16.16641791636912018 ) ;
#3033 = LINE ( 'NONE', #3581, #948 ) ;
#3034 = EDGE_CURVE ( 'NONE', #1455, #3978, #2899, .T. ) ;
#3035 = EDGE_CURVE ( 'NONE', #3912, #474, #3769, .T. ) ;
#3036 = ORIENTED_EDGE ( 'NONE', *, *, #3450, .T. ) ;
#3037 = CARTESIAN_POINT ( 'NONE',  ( 30.05885587995366492, 8.945283828738480381, 21.24794809331386602 ) ) ;
#3038 = VERTEX_POINT ( 'NONE', #3457 ) ;
#3039 = CARTESIAN_POINT ( 'NONE',  ( 45.46353341854216268, 2.991257798605200691, -0.09289321881345291576 ) ) ;
#3040 = CARTESIAN_POINT ( 'NONE',  ( 31.22188896405205938, -2.373432210252088836, -0.4999999999999986122 ) ) ;
#3041 = LINE ( 'NONE', #1829, #2994 ) ;
#3042 = ORIENTED_EDGE ( 'NONE', *, *, #2393, .F. ) ;
#3043 = EDGE_CURVE ( 'NONE', #2563, #3627, #838, .T. ) ;
#3044 = CARTESIAN_POINT ( 'NONE',  ( 51.59863108044611124, 9.717405461309315484, -0.2946289118163343268 ) ) ;
#3045 = CARTESIAN_POINT ( 'NONE',  ( 29.22108413575707431, 9.661383120241344713, 21.99999999999999289 ) ) ;
#3046 = ORIENTED_EDGE ( 'NONE', *, *, #707, .T. ) ;
#3047 = FACE_OUTER_BOUND ( 'NONE', #53, .T. ) ;
#3048 = VECTOR ( 'NONE', #2968, 100.0000000000000000 ) ;
#3049 = DIRECTION ( 'NONE',  ( -0.01657441405230464584, -0.9998626349648348510, -1.734723475976806902E-18 ) ) ;
#3050 = EDGE_CURVE ( 'NONE', #3321, #1449, #289, .T. ) ;
#3051 = CARTESIAN_POINT ( 'NONE',  ( 29.41862370658292036, -2.555493058021119701, 0.3606263360887172476 ) ) ;
#3052 = CARTESIAN_POINT ( 'NONE',  ( 29.96516101513376640, 0.2477573789244779945, 9.976640682965166818 ) ) ;
#3053 = VERTEX_POINT ( 'NONE', #384 ) ;
#3054 = DIRECTION ( 'NONE',  ( 0.9998626349648349620, -0.01657441405230463891, 0.000000000000000000 ) ) ;
#3055 = CARTESIAN_POINT ( 'NONE',  ( 1.731060659212134094E-16, -2.353388759751703139E-17, -0.5000000000000136557 ) ) ;
#3056 = CARTESIAN_POINT ( 'NONE',  ( 29.03859622392525708, -1.347322454362712918, 0.2999999999999988787 ) ) ;
#3057 = EDGE_CURVE ( 'NONE', #3733, #1625, #2214, .T. ) ;
#3058 = EDGE_CURVE ( 'NONE', #1814, #2305, #3795, .T. ) ;
#3059 = ORIENTED_EDGE ( 'NONE', *, *, #3644, .T. ) ;
#3060 = DIRECTION ( 'NONE',  ( 1.000000000000000000, 0.000000000000000000, 0.000000000000000000 ) ) ;
#3061 = VERTEX_POINT ( 'NONE', #1881 ) ;
#3062 = CARTESIAN_POINT ( 'NONE',  ( 29.80536256539040352, 9.324425887578561500, 21.25614879436782800 ) ) ;
#3063 = CARTESIAN_POINT ( 'NONE',  ( 51.16478839485137087, 9.297711587609137851, 0.1895148277721780405 ) ) ;
#3064 = CARTESIAN_POINT ( 'NONE',  ( 43.11609355556151257, 1.794878659981460567, -0.3000000000000013212 ) ) ;
#3065 = DIRECTION ( 'NONE',  ( -0.01657441405230464584, -0.9998626349648348510, 4.132304650535063784E-17 ) ) ;
#3066 = EDGE_LOOP ( 'NONE', ( #3985, #2063, #4044, #3233, #562 ) ) ;
#3067 = FACE_OUTER_BOUND ( 'NONE', #3897, .T. ) ;
#3068 = ORIENTED_EDGE ( 'NONE', *, *, #1072, .T. ) ;
#3069 = DIRECTION ( 'NONE',  ( -0.9998626349648350731, 0.01657441405230465625, 0.000000000000000000 ) ) ;
#3070 = VECTOR ( 'NONE', #3110, 100.0000000000000142 ) ;
#3071 = CYLINDRICAL_SURFACE ( 'NONE', #2149, 16.46641791636911734 ) ;
#3072 = ORIENTED_EDGE ( 'NONE', *, *, #3645, .F. ) ;
#3073 = ADVANCED_FACE ( 'NONE', ( #957 ), #3140, .F. ) ;
#3074 = CARTESIAN_POINT ( 'NONE',  ( 42.67391445556680196, -0.4629803932049720294, -0.3000000000000020428 ) ) ;
#3075 = CARTESIAN_POINT ( 'NONE',  ( 29.31498041281528799, 3.258947373655597168, -0.5000000000000032196 ) ) ;
#3076 = DIRECTION ( 'NONE',  ( -0.9998626349648348510, 0.01657441405230463891, -3.341506680459168366E-16 ) ) ;
#3077 = ORIENTED_EDGE ( 'NONE', *, *, #3187, .T. ) ;
#3078 = CARTESIAN_POINT ( 'NONE',  ( 29.64920947223035341, 8.763818850288291884, 21.36270902680178452 ) ) ;
#3079 = ORIENTED_EDGE ( 'NONE', *, *, #1474, .F. ) ;
#3080 = CARTESIAN_POINT ( 'NONE',  ( 30.07952447209468261, 7.146809560181840659, 3.252336556894853104E-15 ) ) ;
#3081 = B_SPLINE_CURVE_WITH_KNOTS ( 'NONE', 3,
 ( #224, #4053, #1308, #1326, #1057, #1591, #2599, #2864, #1013, #2543, #2226, #2315 ),
 .UNSPECIFIED., .F., .F.,
 ( 4, 2, 2, 2, 2, 4 ),
 ( 0.000000000000000000, 0.001671007554567791606, 0.003342015109135583213, 0.005013022663703375036, 0.005848526440987193535, 0.006684030218271012035 ),
 .UNSPECIFIED. ) ;
#3082 = CARTESIAN_POINT ( 'NONE',  ( 48.72204735959149247, 5.757841259949413093, -0.4999999999999970579 ) ) ;
#3083 = CARTESIAN_POINT ( 'NONE',  ( 40.27037592089061491, 0.4769859681717054101, -0.4999999999999995559 ) ) ;
#3084 = EDGE_CURVE ( 'NONE', #3912, #3243, #2110, .T. ) ;
#3085 = CARTESIAN_POINT ( 'NONE',  ( 29.41452373806752618, -10.34457114643315911, -0.1750000000000036249 ) ) ;
#3086 = ORIENTED_EDGE ( 'NONE', *, *, #141, .F. ) ;
#3087 = VECTOR ( 'NONE', #1193, 100.0000000000000142 ) ;
#3088 = B_SPLINE_CURVE_WITH_KNOTS ( 'NONE', 2,
 ( #3707, #1234, #1560 ),
 .UNSPECIFIED., .F., .F.,
 ( 3, 3 ),
 ( 0.000000000000000000, 0.3769880855403204278 ),
 .UNSPECIFIED. ) ;
#3089 = VERTEX_POINT ( 'NONE', #1921 ) ;
#3090 = LINE ( 'NONE', #251, #2095 ) ;
#3091 = B_SPLINE_CURVE_WITH_KNOTS ( 'NONE', 3,
 ( #253, #4048, #1180, #2478 ),
 .UNSPECIFIED., .F., .F.,
 ( 4, 4 ),
 ( 0.001999999999999916341, 0.009339821587819083226 ),
 .UNSPECIFIED. ) ;
#3092 = LINE ( 'NONE', #3131, #512 ) ;
#3093 = EDGE_LOOP ( 'NONE', ( #2159, #3378, #1309, #2822, #1629, #2785 ) ) ;
#3094 = CARTESIAN_POINT ( 'NONE',  ( 31.03832149385491945, -2.370389269000775290, 0.2999999999999999889 ) ) ;
#3095 = FACE_OUTER_BOUND ( 'NONE', #2619, .T. ) ;
#3096 = CARTESIAN_POINT ( 'NONE',  ( 30.11054265502996330, 9.646638841111801810, 21.49999999999999645 ) ) ;
#3097 = ORIENTED_EDGE ( 'NONE', *, *, #3632, .T. ) ;
#3098 = CARTESIAN_POINT ( 'NONE',  ( 29.83497876619160394, 8.880429612610878820, 21.29455786281739194 ) ) ;
#3099 = B_SPLINE_CURVE_WITH_KNOTS ( 'NONE', 2,
 ( #96, #1102, #2685 ),
 .UNSPECIFIED., .F., .F.,
 ( 3, 3 ),
 ( 0.8604546941971055185, 0.9458531777683888420 ),
 .UNSPECIFIED. ) ;
#3100 = ORIENTED_EDGE ( 'NONE', *, *, #3616, .T. ) ;
#3101 = CARTESIAN_POINT ( 'NONE',  ( 30.07123726506852179, 6.646878242699422401, 19.28977609426086559 ) ) ;
#3102 = EDGE_CURVE ( 'NONE', #973, #3883, #3872, .T. ) ;
#3103 = CARTESIAN_POINT ( 'NONE',  ( 29.62102918974302668, 9.654753354620412509, 21.99999999999999289 ) ) ;
#3104 = CARTESIAN_POINT ( 'NONE',  ( 29.99848976963260228, 0.2472048984560679119, 10.47552833453502252 ) ) ;
#3105 = EDGE_CURVE ( 'NONE', #542, #2684, #2847, .T. ) ;
#3106 = DIRECTION ( 'NONE',  ( 0.9998626349648349620, -0.01657441405230464931, 0.000000000000000000 ) ) ;
#3107 = CARTESIAN_POINT ( 'NONE',  ( 31.03832149385491945, -2.370389269000775290, 0.2999999999999999889 ) ) ;
#3108 = ORIENTED_EDGE ( 'NONE', *, *, #3171, .T. ) ;
#3109 = CARTESIAN_POINT ( 'NONE',  ( 0.06869064245621443743, 4.143809038856966609, 1.437870077007704431E-17 ) ) ;
#3110 = DIRECTION ( 'NONE',  ( 0.01657441405230466666, 0.9998626349648348510, 1.734723475976806902E-18 ) ) ;
#3111 = ORIENTED_EDGE ( 'NONE', *, *, #3308, .T. ) ;
#3112 = PLANE ( 'NONE',  #835 ) ;
#3113 = CARTESIAN_POINT ( 'NONE',  ( 29.21542369120015437, 9.319913009026784323, 21.24535599544454101 ) ) ;
#3114 = CARTESIAN_POINT ( 'NONE',  ( 28.29716272408828104, -2.386530716670014485, -0.000000000000000000 ) ) ;
#3115 = VECTOR ( 'NONE', #1820, 100.0000000000000142 ) ;
#3116 = VERTEX_POINT ( 'NONE', #35 ) ;
#3117 = AXIS2_PLACEMENT_3D ( 'NONE', #1140, #1101, #1714 ) ;
#3118 = EDGE_CURVE ( 'NONE', #341, #1669, #2304, .T. ) ;
#3119 = CARTESIAN_POINT ( 'NONE',  ( 28.35509472654277729, -2.336199587200201933, 0.2999999999999999889 ) ) ;
#3120 = ORIENTED_EDGE ( 'NONE', *, *, #3829, .T. ) ;
#3121 = CARTESIAN_POINT ( 'NONE',  ( 49.17509905885414412, 6.669616876177923537, -0.2737798606545482349 ) ) ;
#3122 = CARTESIAN_POINT ( 'NONE',  ( 29.02203168464533434, -2.346589387065546095, 0.6752531134521779776 ) ) ;
#3123 = EDGE_CURVE ( 'NONE', #3246, #3193, #3772, .T. ) ;
#3124 = CARTESIAN_POINT ( 'NONE',  ( 29.55638897493902917, 5.755289078257186830, 18.96977553663390736 ) ) ;
#3125 = CARTESIAN_POINT ( 'NONE',  ( 29.63161780898867548, 3.505474656321046822, 15.46850487696339904 ) ) ;
#3126 = CARTESIAN_POINT ( 'NONE',  ( 29.68532074196619419, -1.719726069820837644, 14.45986411484235035 ) ) ;
#3127 = LINE ( 'NONE', #2855, #2888 ) ;
#3128 = ORIENTED_EDGE ( 'NONE', *, *, #1109, .F. ) ;
#3129 = FACE_OUTER_BOUND ( 'NONE', #496, .T. ) ;
#3130 = AXIS2_PLACEMENT_3D ( 'NONE', #981, #1885, #368 ) ;
#3131 = CARTESIAN_POINT ( 'NONE',  ( 31.03832149385491945, -2.370389269000775290, 0.000000000000000000 ) ) ;
#3132 = EDGE_LOOP ( 'NONE', ( #737, #1175, #2259, #947, #376, #1496, #2251, #1489, #3585 ) ) ;
#3133 = PLANE ( 'NONE',  #1364 ) ;
#3134 = CARTESIAN_POINT ( 'NONE',  ( 30.10488221047305046, 9.305168729897584257, 21.24535599544454101 ) ) ;
#3135 = CARTESIAN_POINT ( 'NONE',  ( 28.02991439782486083, -2.320519833836566903, 0.000000000000000000 ) ) ;
#3136 = EDGE_LOOP ( 'NONE', ( #2135, #2841, #360, #2499, #762 ) ) ;
#3137 = EDGE_CURVE ( 'NONE', #170, #3393, #4059, .T. ) ;
#3138 = AXIS2_PLACEMENT_3D ( 'NONE', #1547, #1220, #3471 ) ;
#3139 = AXIS2_PLACEMENT_3D ( 'NONE', #1704, #1401, #1130 ) ;
#3140 = PLANE ( 'NONE',  #2486 ) ;
#3141 = CARTESIAN_POINT ( 'NONE',  ( 45.09581743164524426, 3.282065813327958992, -0.2838170394409936792 ) ) ;
#3142 = CARTESIAN_POINT ( 'NONE',  ( 29.82132385193725455, 3.692342380039515870, 15.72141722554228416 ) ) ;
#3143 = B_SPLINE_CURVE_WITH_KNOTS ( 'NONE', 2,
 ( #869, #2520, #1526 ),
 .UNSPECIFIED., .F., .F.,
 ( 3, 3 ),
 ( 0.9841426872603873388, 1.000000000000000000 ),
 .UNSPECIFIED. ) ;
#3144 = CARTESIAN_POINT ( 'NONE',  ( 30.02980122993776391, 4.147221655287334663, 3.255189098589949502E-15 ) ) ;
#3145 = CARTESIAN_POINT ( 'NONE',  ( 29.79206877473768600, 3.598672886003128291, 15.59690795395389884 ) ) ;
#3146 = CARTESIAN_POINT ( 'NONE',  ( 29.91161431113911817, 0.2486450060965590125, 11.29175020196927903 ) ) ;
#3147 = ORIENTED_EDGE ( 'NONE', *, *, #2306, .T. ) ;
#3148 = DIRECTION ( 'NONE',  ( -1.000000000000000000, -4.996003610813200014E-14, -3.469446951953611231E-16 ) ) ;
#3149 = VECTOR ( 'NONE', #1857, 100.0000000000000000 ) ;
#3150 = CARTESIAN_POINT ( 'NONE',  ( 29.60113989288023006, 8.454918192660825227, 21.16756122134667706 ) ) ;
#3151 = ORIENTED_EDGE ( 'NONE', *, *, #2324, .T. ) ;
#3152 = AXIS2_PLACEMENT_3D ( 'NONE', #1505, #4007, #1525 ) ;
#3153 = DIRECTION ( 'NONE',  ( -0.000000000000000000, -0.000000000000000000, -1.000000000000000000 ) ) ;
#3154 = CARTESIAN_POINT ( 'NONE',  ( 1.731060659212134094E-16, -2.353388759751703139E-17, -0.5000000000000136557 ) ) ;
#3155 = CYLINDRICAL_SURFACE ( 'NONE', #200, 0.4999999999999985567 ) ;
#3156 = ORIENTED_EDGE ( 'NONE', *, *, #683, .T. ) ;
#3157 = CARTESIAN_POINT ( 'NONE',  ( 49.27752137395131626, 6.422796374690702415, -0.2999999999999981570 ) ) ;
#3158 = DIRECTION ( 'NONE',  ( -0.9998626349648349620, 0.01657441405230491993, 0.000000000000000000 ) ) ;
#3159 = ORIENTED_EDGE ( 'NONE', *, *, #3939, .F. ) ;
#3160 = CARTESIAN_POINT ( 'NONE',  ( 29.52980122993764667, 4.093164257000450057, 16.22865433225317844 ) ) ;
#3161 = LINE ( 'NONE', #3183, #1225 ) ;
#3162 = DIRECTION ( 'NONE',  ( -0.9998626349648348510, 0.01657441405230466319, 0.000000000000000000 ) ) ;
#3163 = CARTESIAN_POINT ( 'NONE',  ( 29.93210798342865786, 0.2483052888213048148, 11.18051457789796466 ) ) ;
#3164 = CARTESIAN_POINT ( 'NONE',  ( 40.78935794662710634, 0.7043388805884007731, -0.2245746163139903384 ) ) ;
#3165 = EDGE_CURVE ( 'NONE', #3685, #3710, #2893, .T. ) ;
#3166 = VERTEX_POINT ( 'NONE', #3750 ) ;
#3167 = CARTESIAN_POINT ( 'NONE',  ( 51.15566641419783878, 9.016383975765910108, 0.1883807165592954747 ) ) ;
#3168 =( BOUNDED_CURVE ( )  B_SPLINE_CURVE ( 3, ( #590, #2461, #3721, #3369 ),
 .UNSPECIFIED., .F., .F. ) 
 B_SPLINE_CURVE_WITH_KNOTS ( ( 4, 4 ),
 ( 1.717503273073510472, 3.110137599125331942 ),
 .UNSPECIFIED. ) 
 CURVE ( )  GEOMETRIC_REPRESENTATION_ITEM ( )  RATIONAL_B_SPLINE_CURVE ( ( 1.000000000000000000, 0.8448063625050115100, 0.8448063625050115100, 1.000000000000000000 ) ) 
 REPRESENTATION_ITEM ( '' )  );
#3169 = DIRECTION ( 'NONE',  ( -0.01657441405230464584, -0.9998626349648348510, -2.526198420459838063E-16 ) ) ;
#3170 = ORIENTED_EDGE ( 'NONE', *, *, #2920, .F. ) ;
#3171 = EDGE_CURVE ( 'NONE', #539, #3982, #492, .T. ) ;
#3172 = CARTESIAN_POINT ( 'NONE',  ( 29.20948204592047048, 8.961479275765615427, 20.85670886413235792 ) ) ;
#3173 = FACE_OUTER_BOUND ( 'NONE', #2205, .T. ) ;
#3174 = LINE ( 'NONE', #1937, #2 ) ;
#3175 = EDGE_LOOP ( 'NONE', ( #1143, #2423, #321, #3077, #1790, #2041, #1934, #1873 ) ) ;
#3176 = DIRECTION ( 'NONE',  ( -0.9998626349648348510, 0.01657441405230463544, 0.000000000000000000 ) ) ;
#3177 = CARTESIAN_POINT ( 'NONE',  ( 45.34438670945024086, 3.474089065096825024, -0.1357984407445603225 ) ) ;
#3178 = AXIS2_PLACEMENT_3D ( 'NONE', #2424, #2150, #858 ) ;
#3179 = ORIENTED_EDGE ( 'NONE', *, *, #42, .T. ) ;
#3180 = EDGE_CURVE ( 'NONE', #125, #3710, #827, .T. ) ;
#3181 = CARTESIAN_POINT ( 'NONE',  ( 45.33456488868646517, 2.493326978128878491, -0.3000000000000004330 ) ) ;
#3182 = B_SPLINE_CURVE_WITH_KNOTS ( 'NONE', 2,
 ( #2400, #548, #3657 ),
 .UNSPECIFIED., .F., .F.,
 ( 3, 3 ),
 ( 0.000000000000000000, 0.02157229260134265955 ),
 .UNSPECIFIED. ) ;
#3183 = CARTESIAN_POINT ( 'NONE',  ( 49.16312600763259155, 5.930342946743506261, -0.2999999999999982125 ) ) ;
#3184 = B_SPLINE_CURVE_WITH_KNOTS ( 'NONE', 3,
 ( #2156, #286, #2735, #2411 ),
 .UNSPECIFIED., .F., .F.,
 ( 4, 4 ),
 ( 0.000000000000000000, 0.0001725263028966932631 ),
 .UNSPECIFIED. ) ;
#3185 = CARTESIAN_POINT ( 'NONE',  ( 40.54203898306122511, 0.07242773994132563342, 0.1994629970045604939 ) ) ;
#3186 = CARTESIAN_POINT ( 'NONE',  ( 29.75347520572939075, 8.807498058849439815, 20.85757701295695199 ) ) ;
#3187 = EDGE_CURVE ( 'NONE', #3509, #833, #313, .T. ) ;
#3188 = ORIENTED_EDGE ( 'NONE', *, *, #676, .T. ) ;
#3189 = LINE ( 'NONE', #2260, #2500 ) ;
#3190 = CARTESIAN_POINT ( 'NONE',  ( 51.43443968877217287, 10.28307717325414039, -0.6999999999999964029 ) ) ;
#3191 = ORIENTED_EDGE ( 'NONE', *, *, #4019, .T. ) ;
#3192 = B_SPLINE_CURVE_WITH_KNOTS ( 'NONE', 3,
 ( #1511, #1471, #568, #3992 ),
 .UNSPECIFIED., .F., .F.,
 ( 4, 4 ),
 ( -0.005227664890917788250, 0.002000060167822424913 ),
 .UNSPECIFIED. ) ;
#3193 = VERTEX_POINT ( 'NONE', #3314 ) ;
#3194 = CARTESIAN_POINT ( 'NONE',  ( 40.27037592089061491, 0.4769859681717054101, -0.4999999999999995559 ) ) ;
#3195 = VECTOR ( 'NONE', #4000, 100.0000000000000142 ) ;
#3196 = CARTESIAN_POINT ( 'NONE',  ( 30.49404579061175014, -1.868616763265141367, 0.000000000000000000 ) ) ;
#3197 = DIRECTION ( 'NONE',  ( -0.01657441405230466666, -0.9998626349648348510, -1.734723475976806902E-18 ) ) ;
#3198 = ORIENTED_EDGE ( 'NONE', *, *, #2217, .F. ) ;
#3199 = EDGE_CURVE ( 'NONE', #3679, #613, #546, .T. ) ;
#3200 = DIRECTION ( 'NONE',  ( 1.000000000000000000, 0.000000000000000000, 1.665393298452073591E-16 ) ) ;
#3201 = CARTESIAN_POINT ( 'NONE',  ( 49.17572583159588362, 6.701010150455190661, -0.2832894997996320274 ) ) ;
#3202 = VERTEX_POINT ( 'NONE', #2660 ) ;
#3203 = AXIS2_PLACEMENT_3D ( 'NONE', #1160, #3316, #2141 ) ;
#3204 = AXIS2_PLACEMENT_3D ( 'NONE', #499, #1446, #3594 ) ;
#3205 = CIRCLE ( 'NONE', #2353, 19.80215235425126963 ) ;
#3206 = CARTESIAN_POINT ( 'NONE',  ( 29.76353913287614361, 0.6226574419054984322, 10.43275367096836881 ) ) ;
#3207 = DIRECTION ( 'NONE',  ( 0.01657441405230466666, 0.9998626349648349620, 1.734723475976807094E-18 ) ) ;
#3208 = DIRECTION ( 'NONE',  ( -0.01657441405230524953, -0.9998626349648349620, 0.000000000000000000 ) ) ;
#3209 = ORIENTED_EDGE ( 'NONE', *, *, #116, .F. ) ;
#3210 = EDGE_CURVE ( 'NONE', #1218, #3607, #2602, .T. ) ;
#3211 = FACE_BOUND ( 'NONE', #2902, .T. ) ;
#3212 = EDGE_CURVE ( 'NONE', #789, #28, #1884, .T. ) ;
#3213 = CARTESIAN_POINT ( 'NONE',  ( 29.89118367329324855, 6.602751668802703477, 18.95751597714505010 ) ) ;
#3214 = ORIENTED_EDGE ( 'NONE', *, *, #3506, .F. ) ;
#3215 = VECTOR ( 'NONE', #3844, 100.0000000000000142 ) ;
#3216 = ORIENTED_EDGE ( 'NONE', *, *, #1745, .F. ) ;
#3217 = CARTESIAN_POINT ( 'NONE',  ( 29.60514974657228038, 8.696815303834020128, 21.34156145369476576 ) ) ;
#3218 = ADVANCED_FACE ( 'NONE', ( #3278 ), #2033, .F. ) ;
#3219 = CYLINDRICAL_SURFACE ( 'NONE', #3751, 19.50215235425126181 ) ;
#3220 = DIRECTION ( 'NONE',  ( -0.000000000000000000, -0.000000000000000000, -1.000000000000000000 ) ) ;
#3221 = VERTEX_POINT ( 'NONE', #766 ) ;
#3222 = CIRCLE ( 'NONE', #3955, 0.4999999999999985567 ) ;
#3223 = VECTOR ( 'NONE', #4063, 100.0000000000000142 ) ;
#3224 = CARTESIAN_POINT ( 'NONE',  ( 51.11043873219347233, 9.782862538669716557, -0.4999999999999940048 ) ) ;
#3225 = CARTESIAN_POINT ( 'NONE',  ( 29.99966177666153300, 0.6472404240203502024, 10.49999999999999467 ) ) ;
#3226 = VERTEX_POINT ( 'NONE', #2056 ) ;
#3227 = CARTESIAN_POINT ( 'NONE',  ( 51.56103340720237327, 9.641938410022490302, -0.4999999999999938383 ) ) ;
#3228 = VERTEX_POINT ( 'NONE', #150 ) ;
#3229 = CARTESIAN_POINT ( 'NONE',  ( 29.61301548689286989, 9.171321359820202801, 21.67369887312487720 ) ) ;
#3230 = EDGE_CURVE ( 'NONE', #2182, #3805, #1226, .T. ) ;
#3231 = CARTESIAN_POINT ( 'NONE',  ( 50.75213648583756054, 8.604373347424306928, 0.2167804176680831196 ) ) ;
#3232 = CARTESIAN_POINT ( 'NONE',  ( 29.42617050577512927, -2.100227339302422447, 6.521880668120777713 ) ) ;
#3233 = ORIENTED_EDGE ( 'NONE', *, *, #2677, .F. ) ;
#3234 = ADVANCED_FACE ( 'NONE', ( #169 ), #2018, .F. ) ;
#3235 = DIRECTION ( 'NONE',  ( -0.01657441405249500052, -0.9998626349648319644, 7.858266391543159104E-15 ) ) ;
#3236 = EDGE_CURVE ( 'NONE', #1999, #2535, #937, .T. ) ;
#3237 = DIRECTION ( 'NONE',  ( 0.9998626349648348510, -0.01657441405230467707, 3.469446951953554531E-16 ) ) ;
#3238 = VERTEX_POINT ( 'NONE', #3970 ) ;
#3239 = ORIENTED_EDGE ( 'NONE', *, *, #3535, .F. ) ;
#3240 = FACE_OUTER_BOUND ( 'NONE', #1976, .T. ) ;
#3241 = DIRECTION ( 'NONE',  ( -0.9998626349648349620, 0.01657441405230464584, 0.000000000000000000 ) ) ;
#3242 = CARTESIAN_POINT ( 'NONE',  ( 28.59753272601693297, -2.657490216978323438, 6.846696022789178986E-16 ) ) ;
#3243 = VERTEX_POINT ( 'NONE', #2680 ) ;
#3244 = DIRECTION ( 'NONE',  ( -0.01657441405230464238, -0.9998626349648349620, -1.734723475976807094E-18 ) ) ;
#3245 = CARTESIAN_POINT ( 'NONE',  ( 48.60585049137491609, 6.550022023213641909, -0.2368848200159478223 ) ) ;
#3246 = VERTEX_POINT ( 'NONE', #3947 ) ;
#3247 = DIRECTION ( 'NONE',  ( -0.9998626349648348510, 0.01657441405230573525, -1.665334536937734811E-16 ) ) ;
#3248 = EDGE_LOOP ( 'NONE', ( #1990, #574, #4010, #592 ) ) ;
#3249 = CARTESIAN_POINT ( 'NONE',  ( 49.27850982085636389, 6.424017661062631390, -0.4999999999999995559 ) ) ;
#3250 = CARTESIAN_POINT ( 'NONE',  ( 45.38722668932538085, 3.507746558113029156, -0.1199974673130366903 ) ) ;
#3251 = ORIENTED_EDGE ( 'NONE', *, *, #2137, .F. ) ;
#3252 = DIRECTION ( 'NONE',  ( 0.01657441405230464584, 0.9998626349648348510, -4.132304650535064400E-17 ) ) ;
#3253 = CARTESIAN_POINT ( 'NONE',  ( 50.03028137338834114, 7.352929846049666374, -0.4999999999999948930 ) ) ;
#3254 = ORIENTED_EDGE ( 'NONE', *, *, #999, .T. ) ;
#3255 = ORIENTED_EDGE ( 'NONE', *, *, #1338, .T. ) ;
#3256 = LINE ( 'NONE', #2620, #1689 ) ;
#3257 = CARTESIAN_POINT ( 'NONE',  ( 29.99425810485457689, 3.247687197176706064, 15.95239721201883931 ) ) ;
#3258 = LINE ( 'NONE', #443, #1948 ) ;
#3259 = CARTESIAN_POINT ( 'NONE',  ( 29.61478324912965121, 9.277962801432877882, 21.74663514059545122 ) ) ;
#3260 = VERTEX_POINT ( 'NONE', #192 ) ;
#3261 = AXIS2_PLACEMENT_3D ( 'NONE', #2128, #3442, #3417 ) ;
#3262 = CARTESIAN_POINT ( 'NONE',  ( 31.22188896405205938, -2.373432210252088836, -0.4999999999999986122 ) ) ;
#3263 = DIRECTION ( 'NONE',  ( 0.01657441405230466666, 0.9998626349648349620, 1.734723475976807480E-18 ) ) ;
#3264 = ORIENTED_EDGE ( 'NONE', *, *, #4064, .T. ) ;
#3265 = EDGE_CURVE ( 'NONE', #3993, #1047, #578, .T. ) ;
#3266 = CARTESIAN_POINT ( 'NONE',  ( 40.88587220705733927, 0.06672812279405318514, -0.1790896558599643917 ) ) ;
#3267 = ORIENTED_EDGE ( 'NONE', *, *, #3035, .F. ) ;
#3268 = DIRECTION ( 'NONE',  ( 0.000000000000000000, 0.000000000000000000, 1.000000000000000000 ) ) ;
#3269 = CARTESIAN_POINT ( 'NONE',  ( 29.57952447209467550, 7.146809560181840659, 19.78179387253659982 ) ) ;
#3270 = ORIENTED_EDGE ( 'NONE', *, *, #3212, .T. ) ;
#3271 = CARTESIAN_POINT ( 'NONE',  ( 49.15839109156489428, 6.330476389547355254, 0.2000000000000021760 ) ) ;
#3272 = LINE ( 'NONE', #2941, #4068 ) ;
#3273 = ORIENTED_EDGE ( 'NONE', *, *, #1019, .T. ) ;
#3274 = UNCERTAINTY_MEASURE_WITH_UNIT (LENGTH_MEASURE( 1.000000000000000082E-05 ), #2646, 'distance_accuracy_value', 'NONE');
#3275 = CARTESIAN_POINT ( 'NONE',  ( 40.90757065180569896, -0.1993946421528151325, -0.2828571427024361151 ) ) ;
#3276 = EDGE_CURVE ( 'NONE', #986, #84, #2011, .T. ) ;
#3277 = CARTESIAN_POINT ( 'NONE',  ( 30.49404579061175014, -1.868616763265141367, 0.2999999999999999889 ) ) ;
#3278 = FACE_OUTER_BOUND ( 'NONE', #1844, .T. ) ;
#3279 = ORIENTED_EDGE ( 'NONE', *, *, #3353, .F. ) ;
#3280 = CARTESIAN_POINT ( 'NONE',  ( 50.82904403646190872, 9.380525160532144469, -0.06764553776500464854 ) ) ;
#3281 = DIRECTION ( 'NONE',  ( 0.9998626349648348510, -0.01657441405230467707, 0.000000000000000000 ) ) ;
#3282 = LINE ( 'NONE', #1782, #980 ) ;
#3283 = B_SPLINE_CURVE_WITH_KNOTS ( 'NONE', 2,
 ( #2924, #107, #1935 ),
 .UNSPECIFIED., .F., .F.,
 ( 3, 3 ),
 ( 0.6414313971079785848, 1.000000000000000000 ),
 .UNSPECIFIED. ) ;
#3284 = CARTESIAN_POINT ( 'NONE',  ( 29.41674935829490778, -2.668564374580253418, 0.2999999999999978795 ) ) ;
#3285 = ORIENTED_EDGE ( 'NONE', *, *, #3416, .F. ) ;
#3286 = LINE ( 'NONE', #3898, #38 ) ;
#3287 = CARTESIAN_POINT ( 'NONE',  ( 29.75148828675785495, -10.35015690367184149, -0.5000000000000027756 ) ) ;
#3288 = VERTEX_POINT ( 'NONE', #2377 ) ;
#3289 = CARTESIAN_POINT ( 'NONE',  ( 45.47016318416307712, 3.391202852591134853, 0.08994107310076131234 ) ) ;
#3290 = CARTESIAN_POINT ( 'NONE',  ( 29.72180839614784276, 9.573924233784540050, 21.44160941979151147 ) ) ;
#3291 = VERTEX_POINT ( 'NONE', #1468 ) ;
#3292 = ADVANCED_FACE ( 'NONE', ( #2762 ), #768, .F. ) ;
#3293 = CARTESIAN_POINT ( 'NONE',  ( 40.55123172966080602, 0.06395871603309545572, 0.1027076169743850326 ) ) ;
#3294 = DIRECTION ( 'NONE',  ( -1.665393298452077782E-16, 1.025709229455375713E-18, 1.000000000000000000 ) ) ;
#3295 = CARTESIAN_POINT ( 'NONE',  ( 29.55638897493902917, 5.755289078257186830, 18.96977553663390736 ) ) ;
#3296 = ORIENTED_EDGE ( 'NONE', *, *, #3084, .T. ) ;
#3297 = EDGE_CURVE ( 'NONE', #623, #1758, #3091, .T. ) ;
#3298 = CARTESIAN_POINT ( 'NONE',  ( 50.90368056381646511, 9.488397204401465501, -0.1907914727749270289 ) ) ;
#3299 = PLANE ( 'NONE',  #3323 ) ;
#3300 = PLANE ( 'NONE',  #1411 ) ;
#3301 = EDGE_CURVE ( 'NONE', #397, #3592, #47, .T. ) ;
#3302 = CARTESIAN_POINT ( 'NONE',  ( 29.57820568035380404, 0.08663852292352196283, 10.95797767543399637 ) ) ;
#3303 = ORIENTED_EDGE ( 'NONE', *, *, #2834, .F. ) ;
#3304 = CARTESIAN_POINT ( 'NONE',  ( 40.23927785135777668, 0.07744651770170643545, 0.2333333333333363346 ) ) ;
#3305 = CARTESIAN_POINT ( 'NONE',  ( 29.57959315461226169, 7.155096767207994368, 19.79008107956275353 ) ) ;
#3306 = ORIENTED_EDGE ( 'NONE', *, *, #2677, .T. ) ;
#3307 = DIRECTION ( 'NONE',  ( -1.665393298452077782E-16, 1.025709229455375713E-18, 1.000000000000000000 ) ) ;
#3308 = EDGE_CURVE ( 'NONE', #4057, #677, #2555, .T. ) ;
#3309 = DIRECTION ( 'NONE',  ( -1.665680818703648634E-16, -7.087759561701499957E-19, 1.000000000000000000 ) ) ;
#3310 = ORIENTED_EDGE ( 'NONE', *, *, #1170, .T. ) ;
#3311 = CARTESIAN_POINT ( 'NONE',  ( 49.26849197523844026, 6.411646406265053777, -0.2999999999999981570 ) ) ;
#3312 = CYLINDRICAL_SURFACE ( 'NONE', #2294, 0.4999999999999985567 ) ;
#3313 = FACE_OUTER_BOUND ( 'NONE', #710, .T. ) ;
#3314 = CARTESIAN_POINT ( 'NONE',  ( 29.03859622392525708, -1.347322454362675392, 1.499999999999998890 ) ) ;
#3315 = VERTEX_POINT ( 'NONE', #2437 ) ;
#3316 = DIRECTION ( 'NONE',  ( -0.01657441405230463891, -0.9998626349648349620, 0.000000000000000000 ) ) ;
#3317 = CARTESIAN_POINT ( 'NONE',  ( 29.96516101513376640, 0.2477573789244779945, 4.990817596524285704E-15 ) ) ;
#3318 = B_SPLINE_CURVE_WITH_KNOTS ( 'NONE', 3,
 ( #2123, #3454, #257, #1493 ),
 .UNSPECIFIED., .F., .F.,
 ( 4, 4 ),
 ( -0.005188057493868169709, 0.002000055686290479889 ),
 .UNSPECIFIED. ) ;
#3319 = ADVANCED_FACE ( 'NONE', ( #3385 ), #3071, .T. ) ;
#3320 = DIRECTION ( 'NONE',  ( -0.9998626349648349620, 0.01657441405230580117, -1.665334536937735304E-16 ) ) ;
#3321 = VERTEX_POINT ( 'NONE', #2820 ) ;
#3322 = CARTESIAN_POINT ( 'NONE',  ( 30.00776140279842252, 3.647660295067217007, 15.95211344052140667 ) ) ;
#3323 = AXIS2_PLACEMENT_3D ( 'NONE', #1676, #788, #2627 ) ;
#3324 = B_SPLINE_CURVE_WITH_KNOTS ( 'NONE', 2,
 ( #159, #1988, #2936 ),
 .UNSPECIFIED., .F., .F.,
 ( 3, 3 ),
 ( 0.8717514244349283681, 0.9404827785151192998 ),
 .UNSPECIFIED. ) ;
#3325 = FACE_OUTER_BOUND ( 'NONE', #1268, .T. ) ;
#3326 = CARTESIAN_POINT ( 'NONE',  ( 29.60162221444691610, 8.484014564395815583, 21.18868801966836912 ) ) ;
#3327 = VERTEX_POINT ( 'NONE', #951 ) ;
#3328 = CARTESIAN_POINT ( 'NONE',  ( 51.16041098557722222, 9.023694097582353635, 0.1842750661623203390 ) ) ;
#3329 = VECTOR ( 'NONE', #4050, 100.0000000000000000 ) ;
#3330 = VECTOR ( 'NONE', #3556, 100.0000000000000000 ) ;
#3331 = CARTESIAN_POINT ( 'NONE',  ( 30.04722909322191171, 9.313124980949789133, 21.25064302812241124 ) ) ;
#3332 = CIRCLE ( 'NONE', #3673, 1.292999993180115270 ) ;
#3333 = ORIENTED_EDGE ( 'NONE', *, *, #3429, .F. ) ;
#3334 = CARTESIAN_POINT ( 'NONE',  ( 49.26849197523844026, 6.411646406265053777, -0.4999999999999995559 ) ) ;
#3335 = B_SPLINE_CURVE_WITH_KNOTS ( 'NONE', 3,
 ( #2091, #3358, #3692, #904 ),
 .UNSPECIFIED., .F., .F.,
 ( 4, 4 ),
 ( 0.000000000000000000, 0.0004644184404529534313 ),
 .UNSPECIFIED. ) ;
#3336 = EDGE_CURVE ( 'NONE', #64, #833, #3092, .T. ) ;
#3337 = EDGE_CURVE ( 'NONE', #3288, #3508, #1198, .T. ) ;
#3338 = DIRECTION ( 'NONE',  ( 0.9998626349648349620, -0.01657441405230474646, 0.000000000000000000 ) ) ;
#3339 = DIRECTION ( 'NONE',  ( -0.9998626349648349620, 0.01657441405230335868, 0.000000000000000000 ) ) ;
#3340 = CARTESIAN_POINT ( 'NONE',  ( 40.24039004699013589, 0.07742808117825455971, -0.09289321881345521947 ) ) ;
#3341 = ORIENTED_EDGE ( 'NONE', *, *, #1660, .F. ) ;
#3342 = CARTESIAN_POINT ( 'NONE',  ( 51.16411115068007831, 8.597544170660041729, -0.4999999999999962808 ) ) ;
#3343 = CARTESIAN_POINT ( 'NONE',  ( 51.11043873219347233, 9.782862538669716557, -0.4999999999999987788 ) ) ;
#3344 = CARTESIAN_POINT ( 'NONE',  ( 29.22216369412238279, -2.340283382147479774, -0.5000000000000032196 ) ) ;
#3345 = ORIENTED_EDGE ( 'NONE', *, *, #1678, .T. ) ;
#3346 = CARTESIAN_POINT ( 'NONE',  ( 40.54203898306122511, 0.07242773994132563342, 0.1994629970045604939 ) ) ;
#3347 = ORIENTED_EDGE ( 'NONE', *, *, #1347, .T. ) ;
#3348 = CYLINDRICAL_SURFACE ( 'NONE', #3597, 0.5000000000000004441 ) ;
#3349 = CARTESIAN_POINT ( 'NONE',  ( 40.18618219098620159, 0.4415779212872379955, -0.04041209202143360157 ) ) ;
#3350 = PRODUCT_DEFINITION_FORMATION_WITH_SPECIFIED_SOURCE ( 'ANY', '', #2702, .NOT_KNOWN. ) ;
#3351 = VECTOR ( 'NONE', #3676, 100.0000000000000142 ) ;
#3352 = CIRCLE ( 'NONE', #198, 16.46641791636911734 ) ;
#3353 = EDGE_CURVE ( 'NONE', #3788, #2649, #3143, .T. ) ;
#3354 = CIRCLE ( 'NONE', #596, 0.4999999999999985567 ) ;
#3355 = DIRECTION ( 'NONE',  ( -0.9998626349648348510, 0.01657441405230468054, -0.000000000000000000 ) ) ;
#3356 = ORIENTED_EDGE ( 'NONE', *, *, #1520, .T. ) ;
#3357 = DIRECTION ( 'NONE',  ( 0.01657441405230464584, 0.9998626349648350731, 1.734723475976807094E-18 ) ) ;
#3358 = CARTESIAN_POINT ( 'NONE',  ( 30.07430268115449579, 8.946437576420041893, 21.24748739266551922 ) ) ;
#3359 = VERTEX_POINT ( 'NONE', #909 ) ;
#3360 = CARTESIAN_POINT ( 'NONE',  ( 29.57123747194928853, 3.270756955781146225, 15.96966790772406597 ) ) ;
#3361 = EDGE_CURVE ( 'NONE', #1900, #623, #2809, .T. ) ;
#3362 = EDGE_CURVE ( 'NONE', #3061, #1522, #2334, .T. ) ;
#3363 = CARTESIAN_POINT ( 'NONE',  ( 49.17804298027966325, 6.830219318211856461, -0.2999999999999979905 ) ) ;
#3364 = CARTESIAN_POINT ( 'NONE',  ( 29.42090527368691966, -2.417855993491669242, 0.5099841058567725627 ) ) ;
#3365 = CARTESIAN_POINT ( 'NONE',  ( 49.16724287765172363, 6.117757567733804969, -0.4328205817046322235 ) ) ;
#3366 = ORIENTED_EDGE ( 'NONE', *, *, #619, .T. ) ;
#3367 = LINE ( 'NONE', #503, #2215 ) ;
#3368 = CARTESIAN_POINT ( 'NONE',  ( 29.22108413575708497, 9.661383120240994771, 21.49999999999999645 ) ) ;
#3369 = CARTESIAN_POINT ( 'NONE',  ( 51.16495597621619851, 9.297873703681396762, 0.1842750661623203112 ) ) ;
#3370 = ORIENTED_EDGE ( 'NONE', *, *, #1006, .F. ) ;
#3371 = DIRECTION ( 'NONE',  ( -0.9998626349648348510, 0.01657441405230465972, -3.469446951953554531E-16 ) ) ;
#3372 = ORIENTED_EDGE ( 'NONE', *, *, #1632, .T. ) ;
#3373 = CARTESIAN_POINT ( 'NONE',  ( 30.01488425729068510, 3.247345283818983575, 15.15077155702974565 ) ) ;
#3374 = CARTESIAN_POINT ( 'NONE',  ( 50.68973125791728052, 9.181588112359479581, -0.05947957466495638890 ) ) ;
#3375 = DIRECTION ( 'NONE',  ( 0.01657441405230465278, 0.9998626349648348510, 3.469446951953612648E-18 ) ) ;
#3376 = B_SPLINE_CURVE_WITH_KNOTS ( 'NONE', 3,
 ( #3083, #1519, #2516, #3462 ),
 .UNSPECIFIED., .F., .F.,
 ( 4, 4 ),
 ( 0.002000000000000029966, 0.009339902454676122026 ),
 .UNSPECIFIED. ) ;
#3377 = CARTESIAN_POINT ( 'NONE',  ( 30.09899179283047133, 9.269936225971095567, 21.24688247531408081 ) ) ;
#3378 = ORIENTED_EDGE ( 'NONE', *, *, #2834, .T. ) ;
#3379 = EDGE_CURVE ( 'NONE', #3782, #3291, #2777, .T. ) ;
#3380 = CARTESIAN_POINT ( 'NONE',  ( 50.73176923724147258, 8.379831103244516299, -0.2999999999999971023 ) ) ;
#3381 = VERTEX_POINT ( 'NONE', #4 ) ;
#3382 = VECTOR ( 'NONE', #3562, 100.0000000000000142 ) ;
#3383 = PLANE ( 'NONE',  #1381 ) ;
#3384 = B_SPLINE_CURVE_WITH_KNOTS ( 'NONE', 3,
 ( #2253, #692, #16, #1944, #1272, #3206, #1640, #2587, #1021, #432, #2064, #1436, #2992, #3642, #1699, #1375, #734, #3913 ),
 .UNSPECIFIED., .F., .F.,
 ( 4, 2, 2, 2, 2, 2, 2, 2, 4 ),
 ( 0.000000000000000000, 0.001058531164307596750, 0.002117062328615193501, 0.003175593492922790251, 0.004234124657230387001, 0.005292655821537983751, 0.006351186985845580502, 0.007409718150153177252, 0.008468249314460774002 ),
 .UNSPECIFIED. ) ;
#3385 = FACE_OUTER_BOUND ( 'NONE', #724, .T. ) ;
#3386 = ORIENTED_EDGE ( 'NONE', *, *, #3523, .T. ) ;
#3387 = VECTOR ( 'NONE', #1120, 100.0000000000000142 ) ;
#3388 = FACE_OUTER_BOUND ( 'NONE', #1008, .T. ) ;
#3389 = FACE_OUTER_BOUND ( 'NONE', #1323, .T. ) ;
#3390 = LINE ( 'NONE', #1245, #1701 ) ;
#3391 = VERTEX_POINT ( 'NONE', #4069 ) ;
#3392 = CARTESIAN_POINT ( 'NONE',  ( 29.64037822902492181, 8.757627193285850709, 21.36480152254251408 ) ) ;
#3393 = VERTEX_POINT ( 'NONE', #1242 ) ;
#3394 = FACE_OUTER_BOUND ( 'NONE', #752, .T. ) ;
#3395 = EDGE_CURVE ( 'NONE', #2472, #2649, #2743, .T. ) ;
#3396 = B_SPLINE_SURFACE_WITH_KNOTS ( 'NONE', 2, 1, ( 
 ( #3225, #1371 ),
 ( #407, #3894 ),
 ( #2910, #1060 ) ),
 .UNSPECIFIED., .F., .F., .F.,
 ( 3, 3 ),
 ( 2, 2 ),
 ( 0.3935134650390826883, 0.9656990804076768242 ),
 ( 0.000000000000000000, 1.000000000000000000 ),
 .UNSPECIFIED. ) ;
#3397 = CIRCLE ( 'NONE', #1486, 0.2000000000000027589 ) ;
#3398 = CYLINDRICAL_SURFACE ( 'NONE', #1816, 21.75764531748080799 ) ;
#3399 = CARTESIAN_POINT ( 'NONE',  ( 40.47805477353603010, -0.4265803055350975703, -0.3000000000000028200 ) ) ;
#3400 = CARTESIAN_POINT ( 'NONE',  ( 29.87380251517796026, 9.650563209283822275, 21.99999999999999289 ) ) ;
#3401 = VERTEX_POINT ( 'NONE', #932 ) ;
#3402 = LINE ( 'NONE', #497, #1774 ) ;
#3403 = DIRECTION ( 'NONE',  ( -0.9998626349648349620, 0.01657441405230474646, 0.000000000000000000 ) ) ;
#3404 = VECTOR ( 'NONE', #3961, 100.0000000000000142 ) ;
#3405 = AXIS2_PLACEMENT_3D ( 'NONE', #1607, #2538, #374 ) ;
#3406 = DIRECTION ( 'NONE',  ( 0.9998626349648348510, -0.01657441405230464584, 0.000000000000000000 ) ) ;
#3407 = ORIENTED_EDGE ( 'NONE', *, *, #2801, .T. ) ;
#3408 = ADVANCED_FACE ( 'NONE', ( #1263 ), #626, .F. ) ;
#3409 = DIRECTION ( 'NONE',  ( -0.000000000000000000, -0.000000000000000000, -1.000000000000000000 ) ) ;
#3410 = CARTESIAN_POINT ( 'NONE',  ( 29.51561560321370692, 3.295608104858710696, 16.40407204481112657 ) ) ;
#3411 = CARTESIAN_POINT ( 'NONE',  ( 50.77576818653075463, 9.304077780756347948, -0.4999999999999961142 ) ) ;
#3412 = EDGE_LOOP ( 'NONE', ( #1724, #1524, #2738, #3179, #856 ) ) ;
#3413 = APPLICATION_CONTEXT ( 'automotive_design' ) ;
#3414 = LINE ( 'NONE', #2106, #1407 ) ;
#3415 = VERTEX_POINT ( 'NONE', #1798 ) ;
#3416 = EDGE_CURVE ( 'NONE', #1522, #882, #3604, .T. ) ;
#3417 = DIRECTION ( 'NONE',  ( -0.9998626349648349620, 0.01657441405230335868, 0.000000000000000000 ) ) ;
#3418 = CIRCLE ( 'NONE', #1639, 16.16641791636911663 ) ;
#3419 = LINE ( 'NONE', #579, #511 ) ;
#3420 = DIRECTION ( 'NONE',  ( -3.372764553633511840E-16, -2.511834186424162314E-16, 1.000000000000000000 ) ) ;
#3421 = LINE ( 'NONE', #3730, #3087 ) ;
#3422 = EDGE_LOOP ( 'NONE', ( #2398, #2887, #2338, #2083, #1379, #1319 ) ) ;
#3423 = VECTOR ( 'NONE', #2116, 100.0000000000000142 ) ;
#3424 = DIRECTION ( 'NONE',  ( -0.9998626349648348510, 0.01657441405230463544, 0.000000000000000000 ) ) ;
#3425 = AXIS2_PLACEMENT_3D ( 'NONE', #2623, #3220, #1344 ) ;
#3426 = ORIENTED_EDGE ( 'NONE', *, *, #2324, .F. ) ;
#3427 = B_SPLINE_CURVE_WITH_KNOTS ( 'NONE', 2,
 ( #1530, #2782, #4033 ),
 .UNSPECIFIED., .F., .F.,
 ( 3, 3 ),
 ( 0.8296686185898606292, 0.9200451456492193536 ),
 .UNSPECIFIED. ) ;
#3428 = CARTESIAN_POINT ( 'NONE',  ( 29.22216369412238279, -2.340283382147479330, -0.5000000000000032196 ) ) ;
#3429 = EDGE_CURVE ( 'NONE', #1768, #4034, #2617, .T. ) ;
#3430 = CARTESIAN_POINT ( 'NONE',  ( 29.21387648709622908, -2.840214699629897144, -0.5000000000000032196 ) ) ;
#3431 = VERTEX_POINT ( 'NONE', #3882 ) ;
#3432 = DIRECTION ( 'NONE',  ( -0.9998626349648349620, 0.01657441405230580117, -1.665334536937735304E-16 ) ) ;
#3433 = DIRECTION ( 'NONE',  ( -0.9998626349648348510, 0.01657441405230462850, 0.000000000000000000 ) ) ;
#3434 = CARTESIAN_POINT ( 'NONE',  ( 29.60113989288025849, 8.454918192662278287, 21.25672608094550142 ) ) ;
#3435 = CARTESIAN_POINT ( 'NONE',  ( 40.09143715832348676, 0.4022373987551855490, -0.1616512752623419091 ) ) ;
#3436 = ORIENTED_EDGE ( 'NONE', *, *, #576, .F. ) ;
#3437 = B_SPLINE_CURVE_WITH_KNOTS ( 'NONE', 3,
 ( #1398, #2668, #2651, #3915, #1022, #1719 ),
 .UNSPECIFIED., .F., .F.,
 ( 4, 2, 4 ),
 ( 0.000000000000000000, 0.001631028014459410961, 0.003262056028918821921 ),
 .UNSPECIFIED. ) ;
#3438 = ADVANCED_FACE ( 'NONE', ( #43 ), #334, .T. ) ;
#3439 = CARTESIAN_POINT ( 'NONE',  ( 30.31904579061175298, -1.868616763265141367, 0.2999999999999999889 ) ) ;
#3440 = ORIENTED_EDGE ( 'NONE', *, *, #3616, .F. ) ;
#3441 = EDGE_CURVE ( 'NONE', #990, #843, #3205, .T. ) ;
#3442 = DIRECTION ( 'NONE',  ( -0.01657441405230466319, -0.9998626349648349620, -1.734723475976807094E-18 ) ) ;
#3443 = CARTESIAN_POINT ( 'NONE',  ( 29.01760224056886983, -2.613798569347965284, 0.3185399496996388358 ) ) ;
#3444 = CARTESIAN_POINT ( 'NONE',  ( 50.48502348821857311, 8.894914834151714800, -0.2459603195344988447 ) ) ;
#3445 = CARTESIAN_POINT ( 'NONE',  ( 29.55638897493902917, 5.755289078257186830, 18.96977553663390736 ) ) ;
#3446 = CARTESIAN_POINT ( 'NONE',  ( 40.54863543640857415, 0.4723733461345287488, 0.1999999999999977351 ) ) ;
#3447 = DIRECTION ( 'NONE',  ( 1.000000000000000000, 0.000000000000000000, 0.000000000000000000 ) ) ;
#3448 = ORIENTED_EDGE ( 'NONE', *, *, #3711, .T. ) ;
#3449 = DIRECTION ( 'NONE',  ( 0.01657441405230464931, 0.9998626349648349620, 3.469446951953613804E-18 ) ) ;
#3450 = EDGE_CURVE ( 'NONE', #465, #1372, #1932, .T. ) ;
#3451 = DIRECTION ( 'NONE',  ( -0.9998626349648348510, 0.01657441405230465625, 0.000000000000000000 ) ) ;
#3452 = ORIENTED_EDGE ( 'NONE', *, *, #2348, .F. ) ;
#3453 = LINE ( 'NONE', #2842, #2278 ) ;
#3454 = CARTESIAN_POINT ( 'NONE',  ( 29.85034237596602225, 6.645866025219731910, 18.99773540573879416 ) ) ;
#3455 = CARTESIAN_POINT ( 'NONE',  ( 39.99731563504096954, 0.3636399221112814883, -0.2330098539903322497 ) ) ;
#3456 = ORIENTED_EDGE ( 'NONE', *, *, #2869, .F. ) ;
#3457 = CARTESIAN_POINT ( 'NONE',  ( 29.52986991245534298, 4.155508862313488372, 16.45197147569836105 ) ) ;
#3458 = CARTESIAN_POINT ( 'NONE',  ( 49.15839109156489428, 6.330476389547355254, 0.2000000000000021760 ) ) ;
#3459 = ADVANCED_FACE ( 'NONE', ( #1304 ), #1051, .F. ) ;
#3460 = CARTESIAN_POINT ( 'NONE',  ( 29.57530893931776106, 3.936837601616534510, 16.03239755342022832 ) ) ;
#3461 = CARTESIAN_POINT ( 'NONE',  ( 29.61478324912965121, 9.277962801432867224, 21.74663514059544767 ) ) ;
#3462 = CARTESIAN_POINT ( 'NONE',  ( 40.24572841237873178, 0.4665809341019960255, 0.2333333333333363069 ) ) ;
#3463 = CARTESIAN_POINT ( 'NONE',  ( 29.46112474779782886, 0.008410735125536283538, 11.28239686360279137 ) ) ;
#3464 = PLANE ( 'NONE',  #2564 ) ;
#3465 = ORIENTED_EDGE ( 'NONE', *, *, #1540, .T. ) ;
#3466 = DIRECTION ( 'NONE',  ( 0.01657441405230466666, 0.9998626349648348510, 1.734723475976806902E-18 ) ) ;
#3467 =( BOUNDED_SURFACE ( )  B_SPLINE_SURFACE ( 3, 2, ( 
 ( #295, #3743, #3874 ),
 ( #1679, #2990, #409 ),
 ( #1661, #175, #3601 ),
 ( #773, #3266, #488 ),
 ( #753, #1351, #3932 ),
 ( #469, #732, #2648 ),
 ( #2342, #2296, #1986 ),
 ( #2912, #1734, #139 ) ),
 .UNSPECIFIED., .F., .F., .F. ) 
 B_SPLINE_SURFACE_WITH_KNOTS ( ( 4, 2, 2, 4 ),
 ( 3, 3 ),
 ( 0.003058481706707927034, 0.004807293206620962336, 0.006556104706533997205, 0.01005372770636006781 ),
 ( 0.000000000000000000, 1.000000000000000000 ),
 .UNSPECIFIED. ) 
 GEOMETRIC_REPRESENTATION_ITEM ( )  RATIONAL_B_SPLINE_SURFACE ( (
 ( 1.000000000000000000, 0.8745758084037374980, 1.000000000000000000),
 ( 1.000000000000000000, 0.8620746216452277455, 1.000000000000000000),
 ( 1.000000000000000000, 0.8492105543642654020, 1.000000000000000000),
 ( 1.000000000000000000, 0.8228326277723772009, 1.000000000000000000),
 ( 1.000000000000000000, 0.8093066347208677236, 1.000000000000000000),
 ( 1.000000000000000000, 0.7676134968446326479, 1.000000000000000000),
 ( 1.000000000000000000, 0.7383433362437586966, 1.000000000000000000),
 ( 1.000000000000000000, 0.7071067811864145680, 1.000000000000000000) ) ) 
 REPRESENTATION_ITEM ( '' )  SURFACE ( )  );
#3468 = DIRECTION ( 'NONE',  ( 0.01657441405230464584, 0.9998626349648350731, 1.734723475976807094E-18 ) ) ;
#3469 = ORIENTED_EDGE ( 'NONE', *, *, #3976, .F. ) ;
#3470 = EDGE_CURVE ( 'NONE', #798, #258, #1233, .T. ) ;
#3471 = DIRECTION ( 'NONE',  ( -0.01657441405230579770, -0.9998626349648348510, 0.000000000000000000 ) ) ;
#3472 = DIRECTION ( 'NONE',  ( -0.01657441405230484707, -0.9998626349648348510, 0.000000000000000000 ) ) ;
#3473 = DIRECTION ( 'NONE',  ( -1.000000000000000000, 0.000000000000000000, -0.000000000000000000 ) ) ;
#3474 = ORIENTED_EDGE ( 'NONE', *, *, #1979, .T. ) ;
#3475 = CIRCLE ( 'NONE', #2998, 0.4999999999999985567 ) ;
#3476 = CARTESIAN_POINT ( 'NONE',  ( 30.05632029242145009, 5.747001871231070425, 4.998970796861377959E-15 ) ) ;
#3477 = CARTESIAN_POINT ( 'NONE',  ( 50.75213648583756054, 8.604373347424306928, 0.2167804176680832029 ) ) ;
#3478 = CARTESIAN_POINT ( 'NONE',  ( 29.85727404260630635, 3.677527774318619436, 15.70271518051039905 ) ) ;
#3479 = EDGE_CURVE ( 'NONE', #1228, #105, #180, .T. ) ;
#3480 = CARTESIAN_POINT ( 'NONE',  ( 29.99092392844906030, 8.737267173560205435, 21.24979364385738023 ) ) ;
#3481 = CARTESIAN_POINT ( 'NONE',  ( 30.10107121036267230, 8.446630985636124578, 21.16756122134467333 ) ) ;
#3482 = CARTESIAN_POINT ( 'NONE',  ( 29.03260236254531890, -1.708906158863316538, 14.45986411484235035 ) ) ;
#3483 = EDGE_CURVE ( 'NONE', #3193, #1361, #1956, .T. ) ;
#3484 = APPLICATION_PROTOCOL_DEFINITION ( 'draft international standard', 'automotive_design', 1998, #3413 ) ;
#3485 = ORIENTED_EDGE ( 'NONE', *, *, #3815, .F. ) ;
#3486 = CARTESIAN_POINT ( 'NONE',  ( 46.46169554002519675, 3.095087534996606049, -0.4999999999999989453 ) ) ;
#3487 = PRESENTATION_LAYER_ASSIGNMENT (  '', '', ( #4018 ) ) ;
#3488 = DIRECTION ( 'NONE',  ( -5.390264181402415068E-18, 8.935274433673846651E-20, -1.000000000000000000 ) ) ;
#3489 = ORIENTED_EDGE ( 'NONE', *, *, #424, .T. ) ;
#3490 = EDGE_CURVE ( 'NONE', #2665, #1305, #1339, .T. ) ;
#3491 = LINE ( 'NONE', #3094, #3671 ) ;
#3492 = CARTESIAN_POINT ( 'NONE',  ( 42.74684187739693897, 3.936415200640302370, 0.1999999999999990952 ) ) ;
#3493 = FACE_OUTER_BOUND ( 'NONE', #2349, .T. ) ;
#3494 = ORIENTED_EDGE ( 'NONE', *, *, #772, .F. ) ;
#3495 = DIRECTION ( 'NONE',  ( 0.9998626349648348510, -0.01657441405230465972, 3.341506680459168366E-16 ) ) ;
#3496 = CARTESIAN_POINT ( 'NONE',  ( 45.25264409099632701, 3.402574343210292618, -0.2145493367594416001 ) ) ;
#3497 = ORIENTED_EDGE ( 'NONE', *, *, #3084, .F. ) ;
#3498 = CARTESIAN_POINT ( 'NONE',  ( 29.02168669371645393, -2.367401196045165968, 0.6013836434413604159 ) ) ;
#3499 = B_SPLINE_CURVE_WITH_KNOTS ( 'NONE', 2,
 ( #1119, #3929, #1038 ),
 .UNSPECIFIED., .F., .F.,
 ( 3, 3 ),
 ( 0.000000000000000000, 0.3687395355907483463 ),
 .UNSPECIFIED. ) ;
#3500 = CARTESIAN_POINT ( 'NONE',  ( 29.88731977862833133, 8.571685671872497636, 21.25226835302699158 ) ) ;
#3501 = CARTESIAN_POINT ( 'NONE',  ( 29.53457112863167566, 4.439112878646865212, 17.76458796928097428 ) ) ;
#3502 = DIRECTION ( 'NONE',  ( 0.9998626349648348510, -0.01657441405230463544, -0.000000000000000000 ) ) ;
#3503 = DIRECTION ( 'NONE',  ( 0.9998626349648348510, -0.01657441405230463544, -0.000000000000000000 ) ) ;
#3504 = VERTEX_POINT ( 'NONE', #417 ) ;
#3505 = DIRECTION ( 'NONE',  ( -3.462121318424173032E-16, 4.706777519503276240E-17, 1.000000000000000000 ) ) ;
#3506 = EDGE_CURVE ( 'NONE', #1890, #240, #1025, .T. ) ;
#3507 = DIRECTION ( 'NONE',  ( 0.9998626349648349620, -0.01657441405230465972, 1.387778780781449620E-14 ) ) ;
#3508 = VERTEX_POINT ( 'NONE', #2858 ) ;
#3509 = VERTEX_POINT ( 'NONE', #1975 ) ;
#3510 = CARTESIAN_POINT ( 'NONE',  ( 29.60942709990494848, 8.954849510144720526, 21.16756122134666640 ) ) ;
#3511 = CARTESIAN_POINT ( 'NONE',  ( 29.73679917612285806, -2.480750940080135081, 0.2999999999999999889 ) ) ;
#3512 = FACE_OUTER_BOUND ( 'NONE', #995, .T. ) ;
#3513 = VERTEX_POINT ( 'NONE', #3150 ) ;
#3514 = CARTESIAN_POINT ( 'NONE',  ( 28.89404282804268576, -2.578315570879211371, 0.2999999999999999889 ) ) ;
#3515 = CARTESIAN_POINT ( 'NONE',  ( 49.17603086748459873, 6.716843217374761643, -0.2872441971508482017 ) ) ;
#3516 = VECTOR ( 'NONE', #430, 100.0000000000000000 ) ;
#3517 = ORIENTED_EDGE ( 'NONE', *, *, #3728, .F. ) ;
#3518 = DIRECTION ( 'NONE',  ( -0.9998626349648349620, 0.01657441405230474646, 0.000000000000000000 ) ) ;
#3519 = EDGE_CURVE ( 'NONE', #2312, #3415, #2241, .T. ) ;
#3520 = CARTESIAN_POINT ( 'NONE',  ( 30.09070594755636918, 9.113241643284650806, 21.24706390767095598 ) ) ;
#3521 = DIRECTION ( 'NONE',  ( -0.000000000000000000, -0.000000000000000000, -1.000000000000000000 ) ) ;
#3522 = CARTESIAN_POINT ( 'NONE',  ( 29.57959315461226169, 7.155096767207994368, 19.79008107956275353 ) ) ;
#3523 = EDGE_CURVE ( 'NONE', #2923, #3260, #2283, .T. ) ;
#3524 = ORIENTED_EDGE ( 'NONE', *, *, #3959, .F. ) ;
#3525 = B_SPLINE_CURVE_WITH_KNOTS ( 'NONE', 3,
 ( #745, #1056, #3293, #148, #1073, #3003, #3967, #2335, #3593, #801, #1134, #1114, #1773, #1403, #764, #1725, #1387, #1366, #2946, #3275, #2658, #167, #781, #3922, #2355, #2054 ),
 .UNSPECIFIED., .F., .F.,
 ( 4, 2, 2, 2, 2, 2, 2, 2, 2, 2, 2, 2, 4 ),
 ( 0.008513947148637927495, 0.009536280966218321775, 0.01004744787500851978, 0.01055861478379871779, 0.01158094860137911380, 0.01260328241895950982, 0.01362561623653990583, 0.01413678314533010384, 0.01464795005412030185, 0.01515911696291050159, 0.01567028387170069786, 0.01618145078049089761, 0.01669261768928109735 ),
 .UNSPECIFIED. ) ;
#3526 = CARTESIAN_POINT ( 'NONE',  ( 51.14463425289144283, 8.097798341225010077, -0.4999999999999962808 ) ) ;
#3527 = CARTESIAN_POINT ( 'NONE',  ( 29.82334062359502269, 6.569282217513661593, 18.92459474530033603 ) ) ;
#3528 = ORIENTED_EDGE ( 'NONE', *, *, #2945, .T. ) ;
#3529 = ORIENTED_EDGE ( 'NONE', *, *, #3034, .T. ) ;
#3530 = DIRECTION ( 'NONE',  ( -0.9998626349648348510, 0.01657441405230460074, 3.499736534701019134E-15 ) ) ;
#3531 = VECTOR ( 'NONE', #490, 100.0000000000000000 ) ;
#3532 = DIRECTION ( 'NONE',  ( 0.01657441405230463891, 0.9998626349648348510, 0.000000000000000000 ) ) ;
#3533 = CYLINDRICAL_SURFACE ( 'NONE', #3425, 0.1750000000000029310 ) ;
#3534 = EDGE_LOOP ( 'NONE', ( #218, #1832, #164 ) ) ;
#3535 = EDGE_CURVE ( 'NONE', #3920, #3288, #1761, .T. ) ;
#3536 = DIRECTION ( 'NONE',  ( -0.9998626349648349620, 0.01657441405230464931, 0.000000000000000000 ) ) ;
#3537 = CARTESIAN_POINT ( 'NONE',  ( 29.08956838170394477, -10.33918446186616080, -0.5000000000000032196 ) ) ;
#3538 = ORIENTED_EDGE ( 'NONE', *, *, #60, .F. ) ;
#3539 = VECTOR ( 'NONE', #3409, 100.0000000000000000 ) ;
#3540 = VECTOR ( 'NONE', #1997, 100.0000000000000000 ) ;
#3541 = VECTOR ( 'NONE', #3237, 100.0000000000000142 ) ;
#3542 = EDGE_CURVE ( 'NONE', #1030, #4070, #398, .T. ) ;
#3543 = LINE ( 'NONE', #1373, #3516 ) ;
#3544 = EDGE_CURVE ( 'NONE', #2684, #3391, #3272, .T. ) ;
#3545 = CARTESIAN_POINT ( 'NONE',  ( 29.64811372097335607, 9.224894165998199114, 21.26104410971690939 ) ) ;
#3546 = CARTESIAN_POINT ( 'NONE',  ( 40.27037592089061491, 0.4769859681717054101, -0.4999999999999995559 ) ) ;
#3547 = CARTESIAN_POINT ( 'NONE',  ( 29.45833516795303098, -0.1598725384658135074, 10.91871391825227278 ) ) ;
#3548 = ORIENTED_EDGE ( 'NONE', *, *, #920, .T. ) ;
#3549 = DIRECTION ( 'NONE',  ( -0.9998626349648349620, 0.01657441405230470483, 0.000000000000000000 ) ) ;
#3550 = CARTESIAN_POINT ( 'NONE',  ( 27.23884348098842878, -1.317488509068562408, -0.5000000000000039968 ) ) ;
#3551 = ORIENTED_EDGE ( 'NONE', *, *, #2327, .T. ) ;
#3552 = CIRCLE ( 'NONE', #2881, 0.4999999999999985567 ) ;
#3553 = EDGE_LOOP ( 'NONE', ( #227, #151, #2775, #1067 ) ) ;
#3554 = CARTESIAN_POINT ( 'NONE',  ( 29.71376944031425893, 8.953119859398082525, 21.36036701287592265 ) ) ;
#3555 = CARTESIAN_POINT ( 'NONE',  ( 31.19516352442872176, -3.985662265447985408, 0.2999999999999989897 ) ) ;
#3556 = DIRECTION ( 'NONE',  ( -3.372764553633511840E-16, -2.511834186424162314E-16, 1.000000000000000000 ) ) ;
#3557 = VECTOR ( 'NONE', #2136, 100.0000000000000000 ) ;
#3558 = ORIENTED_EDGE ( 'NONE', *, *, #1109, .T. ) ;
#3559 = AXIS2_PLACEMENT_3D ( 'NONE', #1297, #1317, #3162 ) ;
#3560 = CARTESIAN_POINT ( 'NONE',  ( 45.79491445526254978, 2.955024226761299388, 0.005882041480025025117 ) ) ;
#3561 = CIRCLE ( 'NONE', #3759, 0.4999999999999985567 ) ;
#3562 = DIRECTION ( 'NONE',  ( 0.01657441405230464584, 0.9998626349648348510, 1.734723475976806902E-18 ) ) ;
#3563 = VERTEX_POINT ( 'NONE', #1383 ) ;
#3564 = CARTESIAN_POINT ( 'NONE',  ( 29.75800373814665889, 0.2075222097016777567, 10.82356432765656251 ) ) ;
#3565 = ORIENTED_EDGE ( 'NONE', *, *, #3661, .T. ) ;
#3566 = CARTESIAN_POINT ( 'NONE',  ( 29.52986991245534654, 4.155508862313488372, 3.171922371743062367E-15 ) ) ;
#3567 = DIRECTION ( 'NONE',  ( 3.382917932875483327E-16, 2.470467893844505313E-16, -1.000000000000000000 ) ) ;
#3568 = VERTEX_POINT ( 'NONE', #2961 ) ;
#3569 = CARTESIAN_POINT ( 'NONE',  ( 29.56124350842075188, 6.048142063783374489, 18.78214791967458908 ) ) ;
#3570 = DIRECTION ( 'NONE',  ( -2.220446049250313081E-16, 2.357666062890061177E-18, 1.000000000000000000 ) ) ;
#3571 = ORIENTED_EDGE ( 'NONE', *, *, #6, .F. ) ;
#3572 = ORIENTED_EDGE ( 'NONE', *, *, #79, .T. ) ;
#3573 = CARTESIAN_POINT ( 'NONE',  ( 29.60209641250643386, 8.512620880087643727, 21.20938638710774882 ) ) ;
#3574 = ADVANCED_FACE ( 'NONE', ( #2031 ), #2331, .F. ) ;
#3575 = DIRECTION ( 'NONE',  ( 1.000000000000000000, 0.000000000000000000, 0.000000000000000000 ) ) ;
#3576 = DIRECTION ( 'NONE',  ( -0.9998626349648348510, 0.01657441405230466319, -3.341506680459168366E-16 ) ) ;
#3577 = ORIENTED_EDGE ( 'NONE', *, *, #141, .T. ) ;
#3578 =( BOUNDED_SURFACE ( )  B_SPLINE_SURFACE ( 3, 2, ( 
 ( #2276, #2590, #3463 ),
 ( #3146, #2837, #1910 ),
 ( #3163, #328, #2854 ),
 ( #1621, #1003, #3547 ),
 ( #18, #714, #1277 ),
 ( #2533, #3797, #964 ) ),
 .UNSPECIFIED., .F., .F., .T. ) 
 B_SPLINE_SURFACE_WITH_KNOTS ( ( 4, 2, 4 ),
 ( 3, 3 ),
 ( 0.003469499339603444345, 0.006870148475497309462, 0.01027079761139117371 ),
 ( 0.000000000000000000, 1.000000000000000000 ),
 .UNSPECIFIED. ) 
 GEOMETRIC_REPRESENTATION_ITEM ( )  RATIONAL_B_SPLINE_SURFACE ( (
 ( 1.000000000000000000, 0.8673708135906984529, 1.000000000000000000),
 ( 1.000000000000000000, 0.8431760481748187264, 1.000000000000000000),
 ( 1.000000000000000000, 0.8178868420783338422, 1.000000000000000000),
 ( 1.000000000000000000, 0.7646786984641207319, 1.000000000000000000),
 ( 1.000000000000000000, 0.7367620312928302440, 1.000000000000000000),
 ( 1.000000000000000000, 0.7071067811850979545, 1.000000000000000000) ) ) 
 REPRESENTATION_ITEM ( '' )  SURFACE ( )  );
#3579 = CARTESIAN_POINT ( 'NONE',  ( 50.95736171192407937, 9.566565202541783108, -0.2426856795466394434 ) ) ;
#3580 = DIRECTION ( 'NONE',  ( 0.9998626349648349620, -0.01657441405230486442, 0.000000000000000000 ) ) ;
#3581 = CARTESIAN_POINT ( 'NONE',  ( 31.03832149385491945, -2.370389269000775290, -0.5000000000000026645 ) ) ;
#3582 = B_SPLINE_CURVE_WITH_KNOTS ( 'NONE', 2,
 ( #558, #3064, #246 ),
 .UNSPECIFIED., .F., .F.,
 ( 3, 3 ),
 ( 0.3846235048292700465, 0.5801553313254793620 ),
 .UNSPECIFIED. ) ;
#3583 = AXIS2_PLACEMENT_3D ( 'NONE', #3537, #2040, #3580 ) ;
#3584 = CARTESIAN_POINT ( 'NONE',  ( 29.50643984339520642, 0.008759065822105211938, 11.07065221830878343 ) ) ;
#3585 = ORIENTED_EDGE ( 'NONE', *, *, #2012, .F. ) ;
#3586 = CARTESIAN_POINT ( 'NONE',  ( 29.47185946327227768, 0.6559896399365641173, 11.27921898938787493 ) ) ;
#3587 = CARTESIAN_POINT ( 'NONE',  ( 42.70962778319242403, 1.691450028915983728, -0.3000000000000014877 ) ) ;
#3588 = EDGE_CURVE ( 'NONE', #2202, #1710, #3332, .T. ) ;
#3589 = ORIENTED_EDGE ( 'NONE', *, *, #738, .T. ) ;
#3590 = CARTESIAN_POINT ( 'NONE',  ( 29.07191440928634307, 0.6626194055574862185, 1.985179957108101255E-18 ) ) ;
#3591 = LINE ( 'NONE', #3964, #2503 ) ;
#3592 = VERTEX_POINT ( 'NONE', #437 ) ;
#3593 = CARTESIAN_POINT ( 'NONE',  ( 40.62275818952048922, -0.007851636997399743037, -0.07470344897881935065 ) ) ;
#3594 = DIRECTION ( 'NONE',  ( -0.9998626349648349620, 0.01657441405230465972, 0.000000000000000000 ) ) ;
#3595 = CARTESIAN_POINT ( 'NONE',  ( 29.95501696369500877, 0.2479255337317829155, 10.77892709316996189 ) ) ;
#3596 = ORIENTED_EDGE ( 'NONE', *, *, #979, .T. ) ;
#3597 = AXIS2_PLACEMENT_3D ( 'NONE', #3080, #1208, #535 ) ;
#3598 = CARTESIAN_POINT ( 'NONE',  ( 50.87099110007474678, 9.441028943027955478, -0.1469574428866851634 ) ) ;
#3599 = CARTESIAN_POINT ( 'NONE',  ( 27.23884348098842878, -1.317488509068562408, 0.2999999999999999889 ) ) ;
#3600 =( BOUNDED_CURVE ( )  B_SPLINE_CURVE ( 3, ( #778, #1440, #3289, #1107 ),
 .UNSPECIFIED., .F., .F. ) 
 B_SPLINE_CURVE_WITH_KNOTS ( ( 4, 4 ),
 ( 5.634472209003055454, 6.283185307179586232 ),
 .UNSPECIFIED. ) 
 CURVE ( )  GEOMETRIC_REPRESENTATION_ITEM ( )  RATIONAL_B_SPLINE_CURVE ( ( 1.000000000000000000, 0.9652373265017013537, 0.9652373265017013537, 1.000000000000000000 ) ) 
 REPRESENTATION_ITEM ( '' )  );
#3601 = CARTESIAN_POINT ( 'NONE',  ( 41.06331707074737380, 0.06378667409930842414, 0.1364066599517899381 ) ) ;
#3602 = EDGE_LOOP ( 'NONE', ( #2728, #2085, #2454, #2446, #1804, #494 ) ) ;
#3603 = CARTESIAN_POINT ( 'NONE',  ( 29.99056428855567091, 3.247748428428510525, 15.95254934674219882 ) ) ;
#3604 = CIRCLE ( 'NONE', #1559, 0.4999999999999985567 ) ;
#3605 = CARTESIAN_POINT ( 'NONE',  ( 29.57952447209467550, 7.149569475434996768, 19.45925839232498333 ) ) ;
#3606 = EDGE_CURVE ( 'NONE', #3504, #3851, #2637, .T. ) ;
#3607 = VERTEX_POINT ( 'NONE', #185 ) ;
#3608 = DIRECTION ( 'NONE',  ( 3.382917932875483327E-16, 2.470467893844505313E-16, -1.000000000000000000 ) ) ;
#3609 = EDGE_CURVE ( 'NONE', #2425, #105, #2208, .T. ) ;
#3610 = CARTESIAN_POINT ( 'NONE',  ( 29.70222588454545232, 9.613117378208606567, 21.47034927553347217 ) ) ;
#3611 = ORIENTED_EDGE ( 'NONE', *, *, #857, .T. ) ;
#3612 = CARTESIAN_POINT ( 'NONE',  ( 51.64301749531588825, 9.789770348802621314, -0.2999999999999964917 ) ) ;
#3613 = DIRECTION ( 'NONE',  ( -1.000000000000000000, 0.000000000000000000, -1.665680818703646662E-16 ) ) ;
#3614 = DIRECTION ( 'NONE',  ( 0.9998626349648349620, -0.01657441405230455217, 0.000000000000000000 ) ) ;
#3615 = EDGE_LOOP ( 'NONE', ( #3860, #1683, #2539, #3900, #2600 ) ) ;
#3616 = EDGE_CURVE ( 'NONE', #2157, #3228, #3650, .T. ) ;
#3617 = AXIS2_PLACEMENT_3D ( 'NONE', #1238, #4045, #3447 ) ;
#3618 = CARTESIAN_POINT ( 'NONE',  ( 48.35682992392472102, 6.274385848004486732, -0.2999999999999984901 ) ) ;
#3619 = ORIENTED_EDGE ( 'NONE', *, *, #1818, .F. ) ;
#3620 = VECTOR ( 'NONE', #3065, 100.0000000000000142 ) ;
#3621 = B_SPLINE_CURVE_WITH_KNOTS ( 'NONE', 2,
 ( #3917, #2010, #2329 ),
 .UNSPECIFIED., .F., .F.,
 ( 3, 3 ),
 ( 0.4129444514982799630, 0.6658633006263694476 ),
 .UNSPECIFIED. ) ;
#3622 = CARTESIAN_POINT ( 'NONE',  ( 29.46160554235649087, -0.006863610010248550296, 11.24747188420204047 ) ) ;
#3623 = ORIENTED_EDGE ( 'NONE', *, *, #3362, .T. ) ;
#3624 = CARTESIAN_POINT ( 'NONE',  ( 29.47185946327227768, 0.6559896399365648945, 10.49999999999995737 ) ) ;
#3625 = EDGE_CURVE ( 'NONE', #335, #2172, #3591, .T. ) ;
#3626 = CARTESIAN_POINT ( 'NONE',  ( 45.51932591234947978, 3.612493046654803752, -0.2160942920431963565 ) ) ;
#3627 = VERTEX_POINT ( 'NONE', #3942 ) ;
#3628 = FACE_OUTER_BOUND ( 'NONE', #110, .T. ) ;
#3629 = CARTESIAN_POINT ( 'NONE',  ( 29.68608220240749773, 9.653674990923356347, 21.49999999999999645 ) ) ;
#3630 = EDGE_LOOP ( 'NONE', ( #2089, #889, #611, #1292 ) ) ;
#3631 = CARTESIAN_POINT ( 'NONE',  ( 46.27954025300284968, 3.877854750882866242, -0.2999999999999997669 ) ) ;
#3632 = EDGE_CURVE ( 'NONE', #3805, #687, #1089, .T. ) ;
#3633 = CARTESIAN_POINT ( 'NONE',  ( 30.05885587995366492, 8.945283828738480381, 21.24794809331386602 ) ) ;
#3634 = CARTESIAN_POINT ( 'NONE',  ( 31.02191643705909385, -2.370117327441628063, -0.2000000000000000111 ) ) ;
#3635 = CARTESIAN_POINT ( 'NONE',  ( 29.22216369412238279, -2.340283382147479774, -0.5000000000000032196 ) ) ;
#3636 = ORIENTED_EDGE ( 'NONE', *, *, #1575, .F. ) ;
#3637 = LINE ( 'NONE', #1819, #3736 ) ;
#3638 = CARTESIAN_POINT ( 'NONE',  ( 30.10107121036267941, 8.446630985636124578, -0.5000000000000031086 ) ) ;
#3639 = SURFACE_SIDE_STYLE ('',( #2002 ) ) ;
#3640 = CARTESIAN_POINT ( 'NONE',  ( 29.02219116712941371, -2.336968499337075400, 3.089195566019497995E-15 ) ) ;
#3641 = EDGE_LOOP ( 'NONE', ( #2638, #2763 ) ) ;
#3642 = CARTESIAN_POINT ( 'NONE',  ( 29.49509598476736727, 0.5051926464062589384, 10.13844994567760693 ) ) ;
#3643 = CARTESIAN_POINT ( 'NONE',  ( 39.77674890273918606, 0.2751868439877843131, -0.3000000000000029310 ) ) ;
#3644 = EDGE_CURVE ( 'NONE', #302, #101, #1279, .T. ) ;
#3645 = EDGE_CURVE ( 'NONE', #2631, #288, #2750, .T. ) ;
#3646 = CARTESIAN_POINT ( 'NONE',  ( 29.60301574067830543, 8.568079968145028147, 21.24937095572684242 ) ) ;
#3647 = EDGE_LOOP ( 'NONE', ( #2985, #1783, #3651, #1248, #1861 ) ) ;
#3648 = AXIS2_PLACEMENT_3D ( 'NONE', #3055, #913, #1221 ) ;
#3649 = CARTESIAN_POINT ( 'NONE',  ( 51.25774973630128528, 9.174562662574578198, -0.09481392733288222796 ) ) ;
#3650 = LINE ( 'NONE', #1740, #2300 ) ;
#3651 = ORIENTED_EDGE ( 'NONE', *, *, #283, .F. ) ;
#3652 = CARTESIAN_POINT ( 'NONE',  ( 29.51537242828695540, 3.280938414607126319, 16.38644387279931181 ) ) ;
#3653 = FACE_OUTER_BOUND ( 'NONE', #660, .T. ) ;
#3654 = CARTESIAN_POINT ( 'NONE',  ( 29.42213622111535187, -2.343598264957939659, 0.7774384456261533849 ) ) ;
#3655 = CARTESIAN_POINT ( 'NONE',  ( 29.81243586272541179, 6.183488279899009399, 19.35769687038437326 ) ) ;
#3656 = ORIENTED_EDGE ( 'NONE', *, *, #3752, .F. ) ;
#3657 = CARTESIAN_POINT ( 'NONE',  ( 51.11470380752408715, 9.798528041614362749, -0.2999999999999967137 ) ) ;
#3658 = CARTESIAN_POINT ( 'NONE',  ( 29.51628296686845232, 3.335867264561419798, 16.45197147569837881 ) ) ;
#3659 = CARTESIAN_POINT ( 'NONE',  ( 0.01233763467837854441, 0.7442760799765270052, 0.1999999999999837463 ) ) ;
#3660 = ORIENTED_EDGE ( 'NONE', *, *, #3796, .T. ) ;
#3661 = EDGE_CURVE ( 'NONE', #170, #3193, #1767, .T. ) ;
#3662 = CARTESIAN_POINT ( 'NONE',  ( 29.60571985860492816, 8.731207694243703799, 21.36603401594301133 ) ) ;
#3663 = ORIENTED_EDGE ( 'NONE', *, *, #3817, .T. ) ;
#3664 = CARTESIAN_POINT ( 'NONE',  ( 29.40945457291341825, 8.958164392955156430, -0.5000000000000032196 ) ) ;
#3665 = CARTESIAN_POINT ( 'NONE',  ( 29.04279233449226183, -1.094189272405835522, 6.395706971780762196 ) ) ;
#3666 = ADVANCED_FACE ( 'NONE', ( #741 ), #209, .F. ) ;
#3667 = ADVANCED_FACE ( 'NONE', ( #1685 ), #601, .F. ) ;
#3668 = CARTESIAN_POINT ( 'NONE',  ( 51.14463425289144283, 8.097798341225010077, -0.2999999999999970468 ) ) ;
#3669 = EDGE_LOOP ( 'NONE', ( #2189, #59, #2796, #1076 ) ) ;
#3670 = CARTESIAN_POINT ( 'NONE',  ( 51.55407511300737866, 9.644962789507962597, -0.2882232679308507906 ) ) ;
#3671 = VECTOR ( 'NONE', #2540, 100.0000000000000142 ) ;
#3672 = CARTESIAN_POINT ( 'NONE',  ( 30.07153002903337580, 8.947189372627502024, 20.97078005163793080 ) ) ;
#3673 = AXIS2_PLACEMENT_3D ( 'NONE', #146, #1420, #124 ) ;
#3674 = VERTEX_POINT ( 'NONE', #3755 ) ;
#3675 = CARTESIAN_POINT ( 'NONE',  ( 45.77175446266352310, 3.386629261935739876, 0.1793710138624886319 ) ) ;
#3676 = DIRECTION ( 'NONE',  ( 0.01657441405230466666, 0.9998626349648348510, 1.734723475976806902E-18 ) ) ;
#3677 = CARTESIAN_POINT ( 'NONE',  ( 29.43109815211983360, -9.344708511468324375, -0.1750000000000036249 ) ) ;
#3678 = CARTESIAN_POINT ( 'NONE',  ( 28.46095761166079186, -48.26055042504044934, -0.5000000000000014433 ) ) ;
#3679 = VERTEX_POINT ( 'NONE', #247 ) ;
#3680 = DIRECTION ( 'NONE',  ( -0.9998626349648348510, 0.01657441405230468054, -0.000000000000000000 ) ) ;
#3681 = DIRECTION ( 'NONE',  ( 0.01657441405230464584, 0.9998626349648350731, 1.734723475976807094E-18 ) ) ;
#3682 = DIRECTION ( 'NONE',  ( 0.01657441405230465278, 0.9998626349648350731, 3.469446951953613418E-18 ) ) ;
#3683 = ORIENTED_EDGE ( 'NONE', *, *, #615, .F. ) ;
#3684 = LINE ( 'NONE', #1785, #624 ) ;
#3685 = VERTEX_POINT ( 'NONE', #1831 ) ;
#3686 = DIRECTION ( 'NONE',  ( -0.9998626349648350731, 0.01657441405230465625, 0.000000000000000000 ) ) ;
#3687 = VECTOR ( 'NONE', #3532, 100.0000000000000142 ) ;
#3688 = B_SPLINE_CURVE_WITH_KNOTS ( 'NONE', 3,
 ( #216, #1118, #2502, #3765 ),
 .UNSPECIFIED., .F., .F.,
 ( 4, 4 ),
 ( 8.673617379884035472E-19, 0.0002918993621810752562 ),
 .UNSPECIFIED. ) ;
#3689 = AXIS2_PLACEMENT_3D ( 'NONE', #1892, #2239, #2221 ) ;
#3690 = CARTESIAN_POINT ( 'NONE',  ( 50.71653247717114255, 9.219614731127670382, -0.01048401929090772913 ) ) ;
#3691 = CARTESIAN_POINT ( 'NONE',  ( 29.74200490762863325, 6.776427384315796054, 19.11883666758228983 ) ) ;
#3692 = CARTESIAN_POINT ( 'NONE',  ( 30.08976938335704077, 8.946887024484832196, 21.24700932286717858 ) ) ;
#3693 = ORIENTED_EDGE ( 'NONE', *, *, #2061, .T. ) ;
#3694 = DIRECTION ( 'NONE',  ( 0.01657441405230466666, 0.9998626349648348510, 1.734723475976806902E-18 ) ) ;
#3695 = ORIENTED_EDGE ( 'NONE', *, *, #3395, .F. ) ;
#3696 = LINE ( 'NONE', #2797, #3557 ) ;
#3697 = DIRECTION ( 'NONE',  ( -0.9998626349648348510, 0.01657441405230464584, -3.341506680459168366E-16 ) ) ;
#3698 = ORIENTED_EDGE ( 'NONE', *, *, #2165, .T. ) ;
#3699 = EDGE_CURVE ( 'NONE', #1228, #789, #1501, .T. ) ;
#3700 = CARTESIAN_POINT ( 'NONE',  ( 31.19516352442872176, -3.985662265447985408, -0.2000000000000000111 ) ) ;
#3701 = CARTESIAN_POINT ( 'NONE',  ( 51.43443968877217287, 10.28307717325414039, 0.2042000000000038507 ) ) ;
#3702 = DIRECTION ( 'NONE',  ( -0.000000000000000000, -1.000000000000000000, -0.000000000000000000 ) ) ;
#3703 = ORIENTED_EDGE ( 'NONE', *, *, #3171, .F. ) ;
#3704 = DIRECTION ( 'NONE',  ( 0.000000000000000000, 0.000000000000000000, 1.000000000000000000 ) ) ;
#3705 = ORIENTED_EDGE ( 'NONE', *, *, #2050, .F. ) ;
#3706 = CARTESIAN_POINT ( 'NONE',  ( 40.37801954223973411, 0.5228260298814635387, -0.01406216583142805288 ) ) ;
#3707 = CARTESIAN_POINT ( 'NONE',  ( 31.22188896405205938, -2.373432210252088836, -0.3000000000000064282 ) ) ;
#3708 = CARTESIAN_POINT ( 'NONE',  ( 51.20653660185926270, 9.094975842867656368, -0.008505639379460033442 ) ) ;
#3709 = CARTESIAN_POINT ( 'NONE',  ( 29.22108413575708497, 9.661383120241000100, 20.85670886413235792 ) ) ;
#3710 = VERTEX_POINT ( 'NONE', #863 ) ;
#3711 = EDGE_CURVE ( 'NONE', #405, #2202, #3421, .T. ) ;
#3712 = CARTESIAN_POINT ( 'NONE',  ( 29.52982407167994339, 4.152743486817559670, 16.30249819620316742 ) ) ;
#3713 = ORIENTED_EDGE ( 'NONE', *, *, #236, .T. ) ;
#3714 = AXIS2_PLACEMENT_3D ( 'NONE', #2603, #3263, #2988 ) ;
#3715 = DIRECTION ( 'NONE',  ( 0.9998626349648348510, -0.01657441405230466319, 3.341506680459168366E-16 ) ) ;
#3716 = DIRECTION ( 'NONE',  ( 0.01657441405230464584, 0.9998626349648350731, 1.734723475976807094E-18 ) ) ;
#3717 = ORIENTED_EDGE ( 'NONE', *, *, #2801, .F. ) ;
#3718 = EDGE_CURVE ( 'NONE', #119, #2563, #63, .T. ) ;
#3719 = CARTESIAN_POINT ( 'NONE',  ( 45.76511058438249790, 2.985832852271423032, 0.1793710138624887152 ) ) ;
#3720 = LINE ( 'NONE', #2726, #555 ) ;
#3721 = CARTESIAN_POINT ( 'NONE',  ( 51.17304595696766256, 9.305699847748091003, -0.06867412427071707681 ) ) ;
#3722 = ORIENTED_EDGE ( 'NONE', *, *, #3699, .T. ) ;
#3723 = CARTESIAN_POINT ( 'NONE',  ( 29.61387932948338886, 8.738363095844768225, 21.36754067845335570 ) ) ;
#3724 = EDGE_LOOP ( 'NONE', ( #583, #3572, #2378, #3859 ) ) ;
#3725 = DIRECTION ( 'NONE',  ( -0.9998626349648349620, 0.01657441405230446890, 0.000000000000000000 ) ) ;
#3726 = CIRCLE ( 'NONE', #2006, 0.5000000000000004441 ) ;
#3727 = DIRECTION ( 'NONE',  ( -3.372764553633511840E-16, -2.511834186424162314E-16, 1.000000000000000000 ) ) ;
#3728 = EDGE_CURVE ( 'NONE', #3568, #2117, #933, .T. ) ;
#3729 = CARTESIAN_POINT ( 'NONE',  ( 51.42287291294078955, 9.434523289094373766, -0.2387971414587093943 ) ) ;
#3730 = CARTESIAN_POINT ( 'NONE',  ( 31.03832149385491945, -2.370389269000775290, 0.000000000000000000 ) ) ;
#3731 = ORIENTED_EDGE ( 'NONE', *, *, #922, .F. ) ;
#3732 = DIRECTION ( 'NONE',  ( -0.9998626349648348510, 0.01657441405230464584, 0.000000000000000000 ) ) ;
#3733 = VERTEX_POINT ( 'NONE', #2757 ) ;
#3734 = DIRECTION ( 'NONE',  ( -1.334219373558099851E-16, 2.211694242853291192E-18, 1.000000000000000000 ) ) ;
#3735 = EDGE_CURVE ( 'NONE', #539, #170, #2113, .T. ) ;
#3736 = VECTOR ( 'NONE', #852, 100.0000000000000142 ) ;
#3737 = AXIS2_PLACEMENT_3D ( 'NONE', #2376, #2055, #1467 ) ;
#3738 = VECTOR ( 'NONE', #3169, 100.0000000000000142 ) ;
#3739 = CARTESIAN_POINT ( 'NONE',  ( 41.03226511874291305, 0.8162580470501473728, -0.3000000000000044298 ) ) ;
#3740 = B_SPLINE_CURVE_WITH_KNOTS ( 'NONE', 2,
 ( #1972, #3232, #1665 ),
 .UNSPECIFIED., .F., .F.,
 ( 3, 3 ),
 ( 0.000000000000000000, 0.3874948551636004379 ),
 .UNSPECIFIED. ) ;
#3741 = VERTEX_POINT ( 'NONE', #2471 ) ;
#3742 = CARTESIAN_POINT ( 'NONE',  ( 30.00494723860408541, 0.6367560416007659319, 10.47552833453502252 ) ) ;
#3743 = CARTESIAN_POINT ( 'NONE',  ( 41.09104801521822026, 0.06332698679862429347, -0.1602109181341961341 ) ) ;
#3744 = DIRECTION ( 'NONE',  ( -0.9998626349648349620, 0.01657441405230335868, 0.000000000000000000 ) ) ;
#3745 = CARTESIAN_POINT ( 'NONE',  ( 28.59850047294034070, -2.821286399468161399, 6.846696022789178986E-16 ) ) ;
#3746 = ORIENTED_EDGE ( 'NONE', *, *, #3118, .F. ) ;
#3747 = CARTESIAN_POINT ( 'NONE',  ( 49.24238545482217688, 6.379386265671900702, -0.2999999999999981015 ) ) ;
#3748 = VERTEX_POINT ( 'NONE', #3377 ) ;
#3749 = CARTESIAN_POINT ( 'NONE',  ( 45.25302241304147088, 2.787612140193358901, -0.3000000000000006550 ) ) ;
#3750 = CARTESIAN_POINT ( 'NONE',  ( 27.86161175479890773, -1.824979717385858624, 0.000000000000000000 ) ) ;
#3751 = AXIS2_PLACEMENT_3D ( 'NONE', #2862, #403, #1343 ) ;
#3752 = EDGE_CURVE ( 'NONE', #3513, #341, #974, .T. ) ;
#3753 = CARTESIAN_POINT ( 'NONE',  ( 41.92834321751641369, -2.120232104899134384, -0.06640924268692073584 ) ) ;
#3754 = CARTESIAN_POINT ( 'NONE',  ( 30.10525603427360153, 8.946630307056260278, 21.24651367581768469 ) ) ;
#3755 = CARTESIAN_POINT ( 'NONE',  ( 29.60113989288025849, 8.454918192662232101, 20.57462005477973932 ) ) ;
#3756 = AXIS2_PLACEMENT_3D ( 'NONE', #2874, #3521, #693 ) ;
#3757 = VECTOR ( 'NONE', #3502, 100.0000000000000142 ) ;
#3758 = CARTESIAN_POINT ( 'NONE',  ( 39.74045872950771496, 0.08571528820440692253, 0.1999999999999970968 ) ) ;
#3759 = AXIS2_PLACEMENT_3D ( 'NONE', #181, #1570, #1550 ) ;
#3760 = ORIENTED_EDGE ( 'NONE', *, *, #2008, .F. ) ;
#3761 = CARTESIAN_POINT ( 'NONE',  ( 29.82954176466262197, -2.841692990704773436, 5.753854040569953847E-16 ) ) ;
#3762 = DIRECTION ( 'NONE',  ( -0.01657441405230468054, -0.9998626349648349620, 0.000000000000000000 ) ) ;
#3763 = VERTEX_POINT ( 'NONE', #3085 ) ;
#3764 = ADVANCED_FACE ( 'NONE', ( #4043 ), #266, .F. ) ;
#3765 = CARTESIAN_POINT ( 'NONE',  ( 40.54379318881267835, 0.07155198322723954618, 0.1703389830508404146 ) ) ;
#3766 = CARTESIAN_POINT ( 'NONE',  ( 30.06460749944760025, 6.246933188713487795, 18.48925470086113876 ) ) ;
#3767 = CARTESIAN_POINT ( 'NONE',  ( 39.87417103850862077, 0.3139156150772405285, -0.2839351251839034584 ) ) ;
#3768 = ORIENTED_EDGE ( 'NONE', *, *, #445, .T. ) ;
#3769 = LINE ( 'NONE', #51, #3850 ) ;
#3770 = ORIENTED_EDGE ( 'NONE', *, *, #2779, .T. ) ;
#3771 = CARTESIAN_POINT ( 'NONE',  ( 49.17379771548355905, 6.608625476393170217, -0.2493903459155549507 ) ) ;
#3772 = LINE ( 'NONE', #2252, #244 ) ;
#3773 = CARTESIAN_POINT ( 'NONE',  ( 29.86195285499412222, 8.542347080478300825, 21.25281453203767157 ) ) ;
#3774 = DIRECTION ( 'NONE',  ( 0.000000000000000000, 0.000000000000000000, -1.000000000000000000 ) ) ;
#3775 = EDGE_CURVE ( 'NONE', #706, #2752, #582, .T. ) ;
#3776 = EDGE_CURVE ( 'NONE', #4016, #1264, #3011, .T. ) ;
#3777 = LINE ( 'NONE', #2572, #1839 ) ;
#3778 = DIRECTION ( 'NONE',  ( -3.372764553633511840E-16, -2.511834186424162314E-16, 1.000000000000000000 ) ) ;
#3779 = EDGE_LOOP ( 'NONE', ( #2431, #3705, #814, #2718, #1422, #1513 ) ) ;
#3780 = CARTESIAN_POINT ( 'NONE',  ( 51.93437100625460090, 10.27478996622798668, -0.4999999999999986122 ) ) ;
#3781 = DIRECTION ( 'NONE',  ( -0.9998626349648349620, 0.01657441405230474646, 0.000000000000000000 ) ) ;
#3782 = VERTEX_POINT ( 'NONE', #1868 ) ;
#3783 = CARTESIAN_POINT ( 'NONE',  ( 29.75506721360702755, 8.952435278966646592, 21.75645310500033602 ) ) ;
#3784 = B_SPLINE_CURVE_WITH_KNOTS ( 'NONE', 2,
 ( #3893, #3224, #426 ),
 .UNSPECIFIED., .F., .F.,
 ( 3, 3 ),
 ( 0.000000000000000000, 0.04407246274747603221 ),
 .UNSPECIFIED. ) ;
#3785 = CARTESIAN_POINT ( 'NONE',  ( 29.52982412463445172, 4.152746681333768564, 16.44920891523943141 ) ) ;
#3786 = ADVANCED_FACE ( 'NONE', ( #4086 ), #3996, .T. ) ;
#3787 = CARTESIAN_POINT ( 'NONE',  ( 29.97740058064825064, -1.362884724196846919, 1.499999999999999112 ) ) ;
#3788 = VERTEX_POINT ( 'NONE', #2429 ) ;
#3789 = CARTESIAN_POINT ( 'NONE',  ( 29.20948204592047048, 8.961479275765615427, 20.97078005239324128 ) ) ;
#3790 = CARTESIAN_POINT ( 'NONE',  ( 51.11470380752408715, 9.798528041614362749, -0.2999999999999967137 ) ) ;
#3791 = EDGE_CURVE ( 'NONE', #1571, #990, #3184, .T. ) ;
#3792 = CARTESIAN_POINT ( 'NONE',  ( 45.80972038779954403, 2.879481213000265605, -0.1120818210850993285 ) ) ;
#3793 = DIRECTION ( 'NONE',  ( 0.01657441405230467013, 0.9998626349648350731, 1.734723475976807094E-18 ) ) ;
#3794 = CARTESIAN_POINT ( 'NONE',  ( 29.53957685880124018, 3.384742337029809089, 15.30222464694923268 ) ) ;
#3795 = B_SPLINE_CURVE_WITH_KNOTS ( 'NONE', 3,
 ( #940, #3830, #4075, #996, #3747, #3157 ),
 .UNSPECIFIED., .F., .F.,
 ( 4, 2, 4 ),
 ( 0.000000000000000000, 0.001652415242501406069, 0.003304830485002812138 ),
 .UNSPECIFIED. ) ;
#3796 = EDGE_CURVE ( 'NONE', #352, #742, #3335, .T. ) ;
#3797 = CARTESIAN_POINT ( 'NONE',  ( 29.46522969764930266, 0.2560445859506649824, 10.72997687891114715 ) ) ;
#3798 = EDGE_CURVE ( 'NONE', #2859, #3674, #1126, .T. ) ;
#3799 = CIRCLE ( 'NONE', #1024, 0.5000000000000004441 ) ;
#3800 = CARTESIAN_POINT ( 'NONE',  ( 31.23829402084788498, -1.383786165277783420, 0.2377333333333331022 ) ) ;
#3801 = ORIENTED_EDGE ( 'NONE', *, *, #2884, .T. ) ;
#3802 = FACE_OUTER_BOUND ( 'NONE', #1587, .T. ) ;
#3803 = PRODUCT_DEFINITION_SHAPE ( 'NONE', 'NONE',  #987 ) ;
#3804 = CARTESIAN_POINT ( 'NONE',  ( 30.04801754512478240, 6.634887543639579555, 18.99044280861675560 ) ) ;
#3805 = VERTEX_POINT ( 'NONE', #414 ) ;
#3806 = CARTESIAN_POINT ( 'NONE',  ( 29.60573186658741918, 8.731932083834912817, 21.36654882617801121 ) ) ;
#3807 = CARTESIAN_POINT ( 'NONE',  ( 29.96460567581655354, 6.245439226201423111, 19.29323230848744686 ) ) ;
#3808 = DIRECTION ( 'NONE',  ( -0.9998626349648349620, 0.01657441405230474646, 0.000000000000000000 ) ) ;
#3809 = ORIENTED_EDGE ( 'NONE', *, *, #402, .F. ) ;
#3810 = CARTESIAN_POINT ( 'NONE',  ( 48.70078959783896977, 6.657060067406638026, -0.2683530074426000445 ) ) ;
#3811 = CARTESIAN_POINT ( 'NONE',  ( 45.04123731373856288, 3.240568831782909776, -0.2959175524875965468 ) ) ;
#3812 = VERTEX_POINT ( 'NONE', #2917 ) ;
#3813 = CARTESIAN_POINT ( 'NONE',  ( 45.62941835031327997, 2.730499459259786654, -0.2379884660806770025 ) ) ;
#3814 = DIRECTION ( 'NONE',  ( 1.665680818703648634E-16, 7.087759561701498994E-19, -1.000000000000000000 ) ) ;
#3815 = EDGE_CURVE ( 'NONE', #1616, #3315, #3740, .T. ) ;
#3816 = DIRECTION ( 'NONE',  ( 0.01657441405230464584, 0.9998626349648348510, 1.734723475976806902E-18 ) ) ;
#3817 = EDGE_CURVE ( 'NONE', #4070, #1592, #3777, .T. ) ;
#3818 = DIRECTION ( 'NONE',  ( -3.372764553633511840E-16, -2.511834186424162314E-16, 1.000000000000000000 ) ) ;
#3819 = DIRECTION ( 'NONE',  ( 0.01657441405230464238, 0.9998626349648350731, 0.000000000000000000 ) ) ;
#3820 = ORIENTED_EDGE ( 'NONE', *, *, #3230, .F. ) ;
#3821 = PLANE ( 'NONE',  #3689 ) ;
#3822 = AXIS2_PLACEMENT_3D ( 'NONE', #2422, #3682, #2104 ) ;
#3823 = DIRECTION ( 'NONE',  ( -0.9998626349648349620, 0.01657441405230465972, 0.000000000000000000 ) ) ;
#3824 = ORIENTED_EDGE ( 'NONE', *, *, #1453, .T. ) ;
#3825 = CARTESIAN_POINT ( 'NONE',  ( 40.47805477353604431, -0.4265803055349093875, 0.1999999999999972633 ) ) ;
#3826 = DIRECTION ( 'NONE',  ( -1.000000000000000000, 0.000000000000000000, -3.462121318424173032E-16 ) ) ;
#3827 = DIRECTION ( 'NONE',  ( -0.9998626349648349620, 0.01657441405230470483, 0.000000000000000000 ) ) ;
#3828 = ORIENTED_EDGE ( 'NONE', *, *, #3775, .F. ) ;
#3829 = EDGE_CURVE ( 'NONE', #3851, #279, #638, .T. ) ;
#3830 = CARTESIAN_POINT ( 'NONE',  ( 49.16713670429992078, 6.172290910949315368, -0.2999999999999987121 ) ) ;
#3831 = CARTESIAN_POINT ( 'NONE',  ( 0.1117841189922066381, 6.743451889765537999, 1.100574203218750115E-17 ) ) ;
#3832 = EDGE_LOOP ( 'NONE', ( #3267, #3296, #1567, #2758, #2615 ) ) ;
#3833 = CARTESIAN_POINT ( 'NONE',  ( 29.67760990371649399, 3.790758463259762845, 15.84683878060841344 ) ) ;
#3834 = CARTESIAN_POINT ( 'NONE',  ( 29.69014067292437531, 8.642392052701390881, 21.25607808826008949 ) ) ;
#3835 = CARTESIAN_POINT ( 'NONE',  ( 0.05377366980914018851, 3.243932667388615076, 0.1999999999999844680 ) ) ;
#3836 = FACE_OUTER_BOUND ( 'NONE', #3066, .T. ) ;
#3837 = ORIENTED_EDGE ( 'NONE', *, *, #1613, .F. ) ;
#3838 = FACE_OUTER_BOUND ( 'NONE', #1402, .T. ) ;
#3839 = ADVANCED_FACE ( 'NONE', ( #370 ), #1887, .T. ) ;
#3840 = CARTESIAN_POINT ( 'NONE',  ( 30.31904579061175298, -1.868616763265141367, 0.000000000000000000 ) ) ;
#3841 = EDGE_LOOP ( 'NONE', ( #10, #267, #161, #419, #1331, #1612, #3683, #2093, #2730, #3558, #804, #3660 ) ) ;
#3842 = ORIENTED_EDGE ( 'NONE', *, *, #1818, .T. ) ;
#3843 = DIRECTION ( 'NONE',  ( -0.01657441405230464238, -0.9998626349648349620, 0.000000000000000000 ) ) ;
#3844 = DIRECTION ( 'NONE',  ( 0.9998626349648348510, -0.01657441405230463891, 3.469446951953554531E-16 ) ) ;
#3845 = CARTESIAN_POINT ( 'NONE',  ( 41.04285810721555805, 0.06412581601820729893, 0.1999999999999975409 ) ) ;
#3846 = ADVANCED_FACE ( 'NONE', ( #1335 ), #946, .F. ) ;
#3847 = ORIENTED_EDGE ( 'NONE', *, *, #1043, .F. ) ;
#3848 = CARTESIAN_POINT ( 'NONE',  ( 51.03454521212176331, 9.679713731019996104, -0.2892529913311256973 ) ) ;
#3849 = CARTESIAN_POINT ( 'NONE',  ( 44.96666634055321765, 3.184397306558732321, -0.3000000000000003775 ) ) ;
#3850 = VECTOR ( 'NONE', #3495, 100.0000000000000142 ) ;
#3851 = VERTEX_POINT ( 'NONE', #3522 ) ;
#3852 = CARTESIAN_POINT ( 'NONE',  ( 29.77253767090327230, 8.467011148346156091, 21.25450589916166422 ) ) ;
#3853 = CARTESIAN_POINT ( 'NONE',  ( 51.43443968877217287, 10.28307717325414039, -0.6999999999999964029 ) ) ;
#3854 = CARTESIAN_POINT ( 'NONE',  ( 29.60210931863005968, 8.513399450675256830, 20.62189948940329032 ) ) ;
#3855 = ADVANCED_FACE ( 'NONE', ( #3836 ), #3578, .F. ) ;
#3856 = ORIENTED_EDGE ( 'NONE', *, *, #1190, .T. ) ;
#3857 = DIRECTION ( 'NONE',  ( 3.372764553633511840E-16, 2.511834186424162314E-16, -1.000000000000000000 ) ) ;
#3858 = CARTESIAN_POINT ( 'NONE',  ( 51.43443968877217287, 10.28307717325414039, -0.2999999999999964362 ) ) ;
#3859 = ORIENTED_EDGE ( 'NONE', *, *, #2165, .F. ) ;
#3860 = ORIENTED_EDGE ( 'NONE', *, *, #897, .F. ) ;
#3861 = EDGE_CURVE ( 'NONE', #93, #2472, #3931, .T. ) ;
#3862 = CARTESIAN_POINT ( 'NONE',  ( 30.08022848863823384, 8.947045180949499965, 21.37739024850939629 ) ) ;
#3863 = CIRCLE ( 'NONE', #2861, 10.99999999999813660 ) ;
#3864 = CARTESIAN_POINT ( 'NONE',  ( 29.26525717065837640, 0.2593594687610915606, -0.5000000000000032196 ) ) ;
#3865 = CARTESIAN_POINT ( 'NONE',  ( 48.35134989619359658, 5.943799508593357039, 0.2000000000000014821 ) ) ;
#3866 = ORIENTED_EDGE ( 'NONE', *, *, #3308, .F. ) ;
#3867 = PLANE ( 'NONE',  #1429 ) ;
#3868 = DIRECTION ( 'NONE',  ( -0.9998626349648348510, 0.01657441405230462850, 0.000000000000000000 ) ) ;
#3869 = ORIENTED_EDGE ( 'NONE', *, *, #3361, .T. ) ;
#3870 = VECTOR ( 'NONE', #2291, 100.0000000000000000 ) ;
#3871 = AXIS2_PLACEMENT_3D ( 'NONE', #1367, #2703, #479 ) ;
#3872 = CIRCLE ( 'NONE', #2419, 0.4999999999999985567 ) ;
#3873 = B_SPLINE_CURVE_WITH_KNOTS ( 'NONE', 2,
 ( #3612, #2982, #2963 ),
 .UNSPECIFIED., .F., .F.,
 ( 3, 3 ),
 ( 0.9801402641674787919, 1.000000000000000000 ),
 .UNSPECIFIED. ) ;
#3874 = CARTESIAN_POINT ( 'NONE',  ( 41.17600841706820347, 0.06191862446057105895, 0.1036587221460720659 ) ) ;
#3875 = ORIENTED_EDGE ( 'NONE', *, *, #3976, .T. ) ;
#3876 = LINE ( 'NONE', #2005, #3531 ) ;
#3877 = LINE ( 'NONE', #3853, #1971 ) ;
#3878 = CARTESIAN_POINT ( 'NONE',  ( 46.19085962842896720, 3.204640862146959090, -0.2955135720768261587 ) ) ;
#3879 = EDGE_CURVE ( 'NONE', #119, #3431, #1298, .T. ) ;
#3880 = B_SPLINE_CURVE_WITH_KNOTS ( 'NONE', 3,
 ( #2386, #2344, #1414, #3603 ),
 .UNSPECIFIED., .F., .F.,
 ( 4, 4 ),
 ( 0.000000000000000000, 0.0008036015085760739741 ),
 .UNSPECIFIED. ) ;
#3881 = ORIENTED_EDGE ( 'NONE', *, *, #576, .T. ) ;
#3882 = CARTESIAN_POINT ( 'NONE',  ( 30.72195764656964911, -2.365145003225936460, 0.2999999999999999889 ) ) ;
#3883 = VERTEX_POINT ( 'NONE', #675 ) ;
#3884 = ORIENTED_EDGE ( 'NONE', *, *, #805, .F. ) ;
#3885 = CARTESIAN_POINT ( 'NONE',  ( 29.70895658935150152, 8.953199640542083060, 21.42383096572559964 ) ) ;
#3886 = CIRCLE ( 'NONE', #2430, 0.4999999999999985567 ) ;
#3887 = DIRECTION ( 'NONE',  ( 0.01657441405230467013, 0.9998626349648350731, 1.734723475976807094E-18 ) ) ;
#3888 = CARTESIAN_POINT ( 'NONE',  ( 27.23884348098842878, -1.317488509068562408, 0.000000000000000000 ) ) ;
#3889 = CIRCLE ( 'NONE', #3152, 0.5000000000000004441 ) ;
#3890 = ORIENTED_EDGE ( 'NONE', *, *, #211, .F. ) ;
#3891 = AXIS2_PLACEMENT_3D ( 'NONE', #2654, #3608, #2696 ) ;
#3892 = VECTOR ( 'NONE', #1604, 100.0000000000000142 ) ;
#3893 = CARTESIAN_POINT ( 'NONE',  ( 51.43443968877217287, 10.28307717325414039, -0.4999999999999986122 ) ) ;
#3894 = CARTESIAN_POINT ( 'NONE',  ( 29.11429555650072487, 3.219290512776303625, 16.51027643808249579 ) ) ;
#3895 = ORIENTED_EDGE ( 'NONE', *, *, #3775, .T. ) ;
#3896 = CARTESIAN_POINT ( 'NONE',  ( 29.56000145363901765, 0.06812049235405534531, 10.98063183217166916 ) ) ;
#3897 = EDGE_LOOP ( 'NONE', ( #2163, #2496, #5, #434 ) ) ;
#3898 = CARTESIAN_POINT ( 'NONE',  ( 29.42213622111535187, -2.343598264957997834, 3.155808947497007545E-15 ) ) ;
#3899 = CARTESIAN_POINT ( 'NONE',  ( 45.81106646560999707, 3.849308385946082822, -0.2999999999999119482 ) ) ;
#3900 = ORIENTED_EDGE ( 'NONE', *, *, #1896, .F. ) ;
#3901 = DIRECTION ( 'NONE',  ( 3.330499076652585451E-16, -3.785903644536288979E-18, -1.000000000000000000 ) ) ;
#3902 = CARTESIAN_POINT ( 'NONE',  ( 50.73176923724148679, 8.379831103244523405, -0.4999999999999964473 ) ) ;
#3903 = ORIENTED_EDGE ( 'NONE', *, *, #2200, .T. ) ;
#3904 = CARTESIAN_POINT ( 'NONE',  ( 48.35682992392472102, 6.274385848004486732, -0.2999999999999984901 ) ) ;
#3905 = PLANE ( 'NONE',  #1430 ) ;
#3906 = CARTESIAN_POINT ( 'NONE',  ( 29.93548988415750145, 0.2473930673332052077, 10.78009954068491538 ) ) ;
#3907 = ORIENTED_EDGE ( 'NONE', *, *, #3336, .T. ) ;
#3908 = CARTESIAN_POINT ( 'NONE',  ( 29.27188693627929439, 0.6593045227470255565, -0.5000000000000032196 ) ) ;
#3909 = EDGE_CURVE ( 'NONE', #1305, #125, #4080, .T. ) ;
#3910 = FACE_OUTER_BOUND ( 'NONE', #269, .T. ) ;
#3911 = CARTESIAN_POINT ( 'NONE',  ( 29.49396272367870253, -0.004539536229203244323, 11.09976063231399124 ) ) ;
#3912 = VERTEX_POINT ( 'NONE', #2413 ) ;
#3913 = CARTESIAN_POINT ( 'NONE',  ( 29.46828849945848461, 0.4405688548064812804, 9.976640682965170370 ) ) ;
#3914 = EDGE_CURVE ( 'NONE', #2708, #542, #2248, .T. ) ;
#3915 = CARTESIAN_POINT ( 'NONE',  ( 30.08142430557589364, 9.053676412854912314, 21.24731861227015983 ) ) ;
#3916 = ORIENTED_EDGE ( 'NONE', *, *, #1133, .F. ) ;
#3917 = CARTESIAN_POINT ( 'NONE',  ( 29.46109986238636935, 0.006909506002091697630, 11.27921898938789802 ) ) ;
#3918 = EDGE_CURVE ( 'NONE', #843, #477, #1483, .T. ) ;
#3919 = DIRECTION ( 'NONE',  ( 0.01657441405230464584, 0.9998626349648348510, 2.526198420459838063E-16 ) ) ;
#3920 = VERTEX_POINT ( 'NONE', #1443 ) ;
#3921 = B_SPLINE_CURVE_WITH_KNOTS ( 'NONE', 2,
 ( #756, #455, #3546 ),
 .UNSPECIFIED., .F., .F.,
 ( 3, 3 ),
 ( 0.04407246274747603221, 0.6170516038548922166 ),
 .UNSPECIFIED. ) ;
#3922 = CARTESIAN_POINT ( 'NONE',  ( 41.00749275737235422, -0.1862050267496076494, -0.2992913415181024939 ) ) ;
#3923 = PLANE ( 'NONE',  #3737 ) ;
#3924 = CARTESIAN_POINT ( 'NONE',  ( 29.47185946328843542, 0.6559896409115761884, 10.50000000229203501 ) ) ;
#3925 = ORIENTED_EDGE ( 'NONE', *, *, #662, .T. ) ;
#3926 = ADVANCED_FACE ( 'NONE', ( #2394 ), #2442, .F. ) ;
#3927 = VECTOR ( 'NONE', #958, 100.0000000000000142 ) ;
#3928 = DIRECTION ( 'NONE',  ( -0.9998626349648348510, 0.01657441405230465972, 0.000000000000000000 ) ) ;
#3929 = CARTESIAN_POINT ( 'NONE',  ( 29.44244976831065230, -1.118169917381051315, 6.060133340680012637 ) ) ;
#3930 = DIRECTION ( 'NONE',  ( -0.01657441405229734960, -0.9998626349648350731, -2.628947785575034395E-16 ) ) ;
#3931 = B_SPLINE_CURVE_WITH_KNOTS ( 'NONE', 2,
 ( #2219, #3482, #37 ),
 .UNSPECIFIED., .F., .F.,
 ( 3, 3 ),
 ( 0.000000000000000000, 1.000000000000000000 ),
 .UNSPECIFIED. ) ;
#3932 = CARTESIAN_POINT ( 'NONE',  ( 40.89218152794603611, 0.06662353513027891028, 0.1704019285854498911 ) ) ;
#3933 = VERTEX_POINT ( 'NONE', #1503 ) ;
#3934 = CARTESIAN_POINT ( 'NONE',  ( 30.00089492680555026, 3.648057929001832012, 15.95239721201883754 ) ) ;
#3935 = AXIS2_PLACEMENT_3D ( 'NONE', #1800, #4011, #2059 ) ;
#3936 = VECTOR ( 'NONE', #3028, 100.0000000000000142 ) ;
#3937 = AXIS2_PLACEMENT_3D ( 'NONE', #2184, #3762, #273 ) ;
#3938 = CARTESIAN_POINT ( 'NONE',  ( 29.57959315461226169, 7.155096767207866471, 19.46425231158483626 ) ) ;
#3939 = EDGE_CURVE ( 'NONE', #1799, #2125, #2432, .T. ) ;
#3940 = ORIENTED_EDGE ( 'NONE', *, *, #56, .T. ) ;
#3941 = CARTESIAN_POINT ( 'NONE',  ( 29.76662071887750827, 6.214849364780857144, 19.38459990475739048 ) ) ;
#3942 = CARTESIAN_POINT ( 'NONE',  ( 29.82954176466262197, -2.841692990704773436, 5.753854040569953847E-16 ) ) ;
#3943 = ORIENTED_EDGE ( 'NONE', *, *, #979, .F. ) ;
#3944 = CARTESIAN_POINT ( 'NONE',  ( 29.51628296686843456, 3.335867264561421575, 15.97219194268983067 ) ) ;
#3945 = FACE_OUTER_BOUND ( 'NONE', #1564, .T. ) ;
#3946 = CARTESIAN_POINT ( 'NONE',  ( 29.07190158887170739, 0.6618460054538586324, 10.49818166789216711 ) ) ;
#3947 = CARTESIAN_POINT ( 'NONE',  ( 29.43854127791119524, -1.353952219983597605, 1.499999999999998890 ) ) ;
#3948 = EDGE_LOOP ( 'NONE', ( #1162, #2991, #808, #969 ) ) ;
#3949 = AXIS2_PLACEMENT_3D ( 'NONE', #3109, #3449, #212 ) ;
#3950 = CARTESIAN_POINT ( 'NONE',  ( 28.20650355318428737, -2.323447097718346566, 0.2999999999999999334 ) ) ;
#3951 = CARTESIAN_POINT ( 'NONE',  ( 30.03722196870026195, 3.246974998476841012, 15.65027219720725959 ) ) ;
#3952 = ORIENTED_EDGE ( 'NONE', *, *, #1925, .F. ) ;
#3953 = ADVANCED_FACE ( 'NONE', ( #3047 ), #272, .T. ) ;
#3954 = AXIS2_PLACEMENT_3D ( 'NONE', #2719, #3986, #561 ) ;
#3955 = AXIS2_PLACEMENT_3D ( 'NONE', #390, #3207, #1643 ) ;
#3956 = CARTESIAN_POINT ( 'NONE',  ( 29.67549777030546920, 8.782182196993208123, 21.35546364275462139 ) ) ;
#3957 = ORIENTED_EDGE ( 'NONE', *, *, #1533, .T. ) ;
#3958 = FACE_OUTER_BOUND ( 'NONE', #1477, .T. ) ;
#3959 = EDGE_CURVE ( 'NONE', #3920, #2665, #2196, .T. ) ;
#3960 = CARTESIAN_POINT ( 'NONE',  ( 40.07874329115329459, 0.3970040257888206581, -0.1732901653040287981 ) ) ;
#3961 = DIRECTION ( 'NONE',  ( 0.9998626349648348510, -0.01657441405230465972, 3.341506680459168366E-16 ) ) ;
#3962 = ORIENTED_EDGE ( 'NONE', *, *, #259, .F. ) ;
#3963 = CARTESIAN_POINT ( 'NONE',  ( 30.01621428435086258, 3.327580057535266977, 16.45197147569836105 ) ) ;
#3964 = CARTESIAN_POINT ( 'NONE',  ( 51.43443968877217287, 10.28307717325414039, -0.4999999999999962808 ) ) ;
#3965 = VERTEX_POINT ( 'NONE', #800 ) ;
#3966 = CARTESIAN_POINT ( 'NONE',  ( 45.86910077349585890, 2.929264556616592685, -0.1078352539337426308 ) ) ;
#3967 = CARTESIAN_POINT ( 'NONE',  ( 40.58636119449371193, 0.02836676869512391383, -0.006046997770489962766 ) ) ;
#3968 = EDGE_CURVE ( 'NONE', #941, #1228, #1813, .T. ) ;
#3969 = CARTESIAN_POINT ( 'NONE',  ( 30.00089492680555026, 3.648057929001832012, 15.95239721201883754 ) ) ;
#3970 = CARTESIAN_POINT ( 'NONE',  ( 45.37029156054219214, 3.494441370285926496, -0.1020807115986766683 ) ) ;
#3971 = ORIENTED_EDGE ( 'NONE', *, *, #1113, .T. ) ;
#3972 = DIRECTION ( 'NONE',  ( -0.01657441405230579770, -0.9998626349648348510, 0.000000000000000000 ) ) ;
#3973 = LINE ( 'NONE', #1139, #3115 ) ;
#3974 = ORIENTED_EDGE ( 'NONE', *, *, #2569, .F. ) ;
#3975 = ADVANCED_FACE ( 'NONE', ( #3067 ), #249, .F. ) ;
#3976 = EDGE_CURVE ( 'NONE', #1361, #193, #3402, .T. ) ;
#3977 = CARTESIAN_POINT ( 'NONE',  ( 31.03832149385492656, -1.380471282467322203, -0.5000000000000028866 ) ) ;
#3978 = VERTEX_POINT ( 'NONE', #584 ) ;
#3979 = CARTESIAN_POINT ( 'NONE',  ( 29.51055127908881559, 9.333676829627302496, 21.25943658912875023 ) ) ;
#3980 = CARTESIAN_POINT ( 'NONE',  ( 29.98159669121525539, -1.109751542240013933, 6.395706971780762196 ) ) ;
#3981 = CARTESIAN_POINT ( 'NONE',  ( 29.66157464794497756, 8.953985076348857319, 21.21548816767544565 ) ) ;
#3982 = VERTEX_POINT ( 'NONE', #1423 ) ;
#3983 = DIRECTION ( 'NONE',  ( -0.000000000000000000, -0.000000000000000000, -1.000000000000000000 ) ) ;
#3984 = DIRECTION ( 'NONE',  ( -0.9998626349648349620, 0.01657441405230464238, -3.341506680459168859E-16 ) ) ;
#3985 = ORIENTED_EDGE ( 'NONE', *, *, #2869, .T. ) ;
#3986 = DIRECTION ( 'NONE',  ( -3.372764553633511840E-16, -2.511834186424162314E-16, 1.000000000000000000 ) ) ;
#3987 = FACE_OUTER_BOUND ( 'NONE', #2744, .T. ) ;
#3988 = DIRECTION ( 'NONE',  ( 0.01657441405230467013, 0.9998626349648350731, 1.734723475976807094E-18 ) ) ;
#3989 = CARTESIAN_POINT ( 'NONE',  ( 29.94524577068506233, 0.2478019209879969154, 10.77952026298100208 ) ) ;
#3990 = VERTEX_POINT ( 'NONE', #2981 ) ;
#3991 = DIRECTION ( 'NONE',  ( -0.01657441405230464238, -0.9998626349648349620, -1.734723475976807094E-18 ) ) ;
#3992 = CARTESIAN_POINT ( 'NONE',  ( 29.32161017843620954, 3.658892427641530887, 15.66641791636911663 ) ) ;
#3993 = VERTEX_POINT ( 'NONE', #2094 ) ;
#3994 = B_SPLINE_CURVE_WITH_KNOTS ( 'NONE', 3,
 ( #3618, #1432, #2319, #1984, #1349, #449, #3245, #1731 ),
 .UNSPECIFIED., .F., .F.,
 ( 4, 2, 2, 4 ),
 ( 6.371391242974138197E-13, 0.002054102690081839686, 0.003081154034804189923, 0.004108205379526539726 ),
 .UNSPECIFIED. ) ;
#3995 = EDGE_LOOP ( 'NONE', ( #1646, #3156, #1017, #1912 ) ) ;
#3996 = B_SPLINE_SURFACE_WITH_KNOTS ( 'NONE', 2, 1, ( 
 ( #1174, #2132 ),
 ( #3126, #1481 ),
 ( #3400, #3045 ) ),
 .UNSPECIFIED., .F., .F., .F.,
 ( 3, 3 ),
 ( 2, 2 ),
 ( 0.000000000000000000, 1.000000000000000000 ),
 ( 0.000000000000000000, 1.000000000000000000 ),
 .UNSPECIFIED. ) ;
#3997 = CARTESIAN_POINT ( 'NONE',  ( 29.89237020319393423, 8.906297527494412947, 21.27574256781793949 ) ) ;
#3998 = ORIENTED_EDGE ( 'NONE', *, *, #263, .T. ) ;
#3999 = CARTESIAN_POINT ( 'NONE',  ( 45.46353341854216268, 2.991257798605200691, 0.1999999999999996225 ) ) ;
#4000 = DIRECTION ( 'NONE',  ( 0.01657441405230484707, 0.9998626349648348510, -0.000000000000000000 ) ) ;
#4001 = CARTESIAN_POINT ( 'NONE',  ( 30.07123726506852179, 6.646878242699422401, 19.00215235425143234 ) ) ;
#4002 = ADVANCED_FACE ( 'NONE', ( #165 ), #1214, .F. ) ;
#4003 = AXIS2_PLACEMENT_3D ( 'NONE', #406, #2039, #2889 ) ;
#4004 = CARTESIAN_POINT ( 'NONE',  ( 29.60571985860492816, 8.731207694243703799, 21.36603401594301133 ) ) ;
#4005 = ORIENTED_EDGE ( 'NONE', *, *, #1466, .F. ) ;
#4006 = VERTEX_POINT ( 'NONE', #2817 ) ;
#4007 = DIRECTION ( 'NONE',  ( 1.778887977625542096E-12, -2.948981148630037802E-14, 1.000000000000000000 ) ) ;
#4008 = CARTESIAN_POINT ( 'NONE',  ( 29.41928183511022965, -2.515791013570186863, 0.3924630322443087849 ) ) ;
#4009 = DIRECTION ( 'NONE',  ( 0.01657441405230464238, 0.9998626349648349620, 1.734723475976807094E-18 ) ) ;
#4010 = ORIENTED_EDGE ( 'NONE', *, *, #782, .F. ) ;
#4011 = DIRECTION ( 'NONE',  ( -0.01657441405230464238, -0.9998626349648349620, -1.734723475976807094E-18 ) ) ;
#4012 = CARTESIAN_POINT ( 'NONE',  ( 51.43443968877217287, 10.28307717325414039, -0.4999999999999986122 ) ) ;
#4013 = CARTESIAN_POINT ( 'NONE',  ( 27.23884348098842878, -2.307406495602015717, 0.2999999999999999889 ) ) ;
#4014 = ORIENTED_EDGE ( 'NONE', *, *, #883, .F. ) ;
#4015 = DIRECTION ( 'NONE',  ( 0.01657441405230466319, 0.9998626349648349620, 1.734723475976807094E-18 ) ) ;
#4016 = VERTEX_POINT ( 'NONE', #2474 ) ;
#4017 = DIRECTION ( 'NONE',  ( 0.01657441405230463891, 0.9998626349648349620, -0.000000000000000000 ) ) ;
#4018 = STYLED_ITEM ( 'NONE', ( #2341 ), #34 ) ;
#4019 = EDGE_CURVE ( 'NONE', #3883, #3733, #965, .T. ) ;
#4020 = CARTESIAN_POINT ( 'NONE',  ( 50.69915774671439834, 9.194950559884244257, -0.04375400621462598172 ) ) ;
#4021 = LINE ( 'NONE', #1192, #2096 ) ;
#4022 = CARTESIAN_POINT ( 'NONE',  ( 29.77320150544814226, 6.661811840717650313, 19.30007285814441431 ) ) ;
#4023 = B_SPLINE_CURVE_WITH_KNOTS ( 'NONE', 3,
 ( #262, #1229, #1189, #1516, #2447, #1167, #3014, #203, #575, #595, #3706, #2770, #2426, #1144, #4058, #4038, #2731, #878 ),
 .UNSPECIFIED., .F., .F.,
 ( 4, 2, 2, 2, 2, 2, 2, 2, 4 ),
 ( -0.003760468810287674081, -0.003293628756015012579, -0.002826788701742350644, -0.002359948647469688708, -0.001893108593197027206, -0.0009594284846517046363, -2.574837610638206625E-05, 0.001841611840984264808, 0.003708972058074911683 ),
 .UNSPECIFIED. ) ;
#4024 = ORIENTED_EDGE ( 'NONE', *, *, #2690, .T. ) ;
#4025 = CARTESIAN_POINT ( 'NONE',  ( 29.96923150323160812, 3.130503178430627642, 15.95333407831603623 ) ) ;
#4026 = ORIENTED_EDGE ( 'NONE', *, *, #950, .F. ) ;
#4027 = B_SPLINE_CURVE_WITH_KNOTS ( 'NONE', 3,
 ( #3745, #1223, #320, #3015, #2482, #837, #812, #513, #915, #1437, #2713, #3114, #1879, #938, #2188, #2783, #297, #3135 ),
 .UNSPECIFIED., .F., .F.,
 ( 4, 2, 2, 2, 2, 2, 2, 2, 4 ),
 ( 0.000000000000000000, 0.001034287698354159060, 0.002068575396708318120, 0.003102863095062476963, 0.004137150793416636239, 0.005171438491770795516, 0.006205726190124953925, 0.007240013888479113202, 0.008274301586833272479 ),
 .UNSPECIFIED. ) ;
#4028 = CARTESIAN_POINT ( 'NONE',  ( 29.52980122993775680, 4.147221655288381825, 16.29565549853279194 ) ) ;
#4029 = CARTESIAN_POINT ( 'NONE',  ( 29.31498041281528799, 3.258947373655597168, -0.5000000000000032196 ) ) ;
#4030 = ORIENTED_EDGE ( 'NONE', *, *, #3105, .T. ) ;
#4031 = DIRECTION ( 'NONE',  ( -0.9998626349648349620, 0.01657441405230580117, -1.665334536937735304E-16 ) ) ;
#4032 = FACE_OUTER_BOUND ( 'NONE', #2736, .T. ) ;
#4033 = CARTESIAN_POINT ( 'NONE',  ( 50.73176923724148679, 8.379831103244516299, -0.2999999999999972133 ) ) ;
#4034 = VERTEX_POINT ( 'NONE', #2237 ) ;
#4035 = ADVANCED_FACE ( 'NONE', ( #1259 ), #1582, .F. ) ;
#4036 = CARTESIAN_POINT ( 'NONE',  ( 39.74338221018398798, 0.2620762191558760890, -0.3000000000000028755 ) ) ;
#4037 = ORIENTED_EDGE ( 'NONE', *, *, #1722, .T. ) ;
#4038 = CARTESIAN_POINT ( 'NONE',  ( 40.67992722958987173, 0.6549901381593589145, -0.1895309638916265749 ) ) ;
#4039 = ADVANCED_FACE ( 'NONE', ( #928 ), #537, .T. ) ;
#4040 = CARTESIAN_POINT ( 'NONE',  ( 48.72204735959149247, 5.757841259949413093, -0.06640924268691639210 ) ) ;
#4041 = CARTESIAN_POINT ( 'NONE',  ( 51.31699199957001412, 9.267276183633011755, -0.1607751664005402925 ) ) ;
#4042 = B_SPLINE_CURVE_WITH_KNOTS ( 'NONE', 3,
 ( #2445, #1757, #1142, #3346 ),
 .UNSPECIFIED., .F., .F.,
 ( 4, 4 ),
 ( 0.000000000000000000, 0.0005570724271395249578 ),
 .UNSPECIFIED. ) ;
#4043 = FACE_OUTER_BOUND ( 'NONE', #1111, .T. ) ;
#4044 = ORIENTED_EDGE ( 'NONE', *, *, #447, .F. ) ;
#4045 = DIRECTION ( 'NONE',  ( 0.000000000000000000, 0.000000000000000000, 1.000000000000000000 ) ) ;
#4046 = VECTOR ( 'NONE', #1495, 100.0000000000000000 ) ;
#4047 = CARTESIAN_POINT ( 'NONE',  ( 29.83593788553746862, -2.678018876776802060, 0.000000000000000000 ) ) ;
#4048 = CARTESIAN_POINT ( 'NONE',  ( 29.51651404804490753, 0.6552494146773639727, 10.49999999999813305 ) ) ;
#4049 = ORIENTED_EDGE ( 'NONE', *, *, #116, .T. ) ;
#4050 = DIRECTION ( 'NONE',  ( -1.665393298452077782E-16, 1.025709229455379180E-18, 1.000000000000000000 ) ) ;
#4051 = CARTESIAN_POINT ( 'NONE',  ( 29.96516101513376640, 0.2477573789244779945, 10.72997687891029628 ) ) ;
#4052 = DIRECTION ( 'NONE',  ( -0.01657441405230573872, -0.9998626349648350731, -1.322917018095942894E-18 ) ) ;
#4053 = CARTESIAN_POINT ( 'NONE',  ( 29.93411319667871950, 3.248684200741381645, 15.95486801033037239 ) ) ;
#4054 = EDGE_LOOP ( 'NONE', ( #1166, #2604, #1322, #547, #1494, #3998 ) ) ;
#4055 = EDGE_CURVE ( 'NONE', #2268, #986, #3354, .T. ) ;
#4056 = CARTESIAN_POINT ( 'NONE',  ( 29.92854599810819849, -2.585768443992301879, -0.000000000000000000 ) ) ;
#4057 = VERTEX_POINT ( 'NONE', #3164 ) ;
#4058 = CARTESIAN_POINT ( 'NONE',  ( 40.57389051465727192, 0.6079342566624346134, -0.1443562607626558969 ) ) ;
#4059 = LINE ( 'NONE', #1578, #379 ) ;
#4060 = AXIS2_PLACEMENT_3D ( 'NONE', #921, #2109, #2468 ) ;
#4061 = CARTESIAN_POINT ( 'NONE',  ( 30.99519099743574913, -3.982347382637524191, -0.2000000000000000111 ) ) ;
#4062 = CARTESIAN_POINT ( 'NONE',  ( 49.16413588586898697, 5.930326206303922376, -0.4999999999999968914 ) ) ;
#4063 = DIRECTION ( 'NONE',  ( 0.01657441405230579770, 0.9998626349648348510, 0.000000000000000000 ) ) ;
#4064 = EDGE_CURVE ( 'NONE', #998, #2472, #906, .T. ) ;
#4065 = ORIENTED_EDGE ( 'NONE', *, *, #3187, .F. ) ;
#4066 = DIRECTION ( 'NONE',  ( 1.000000000000000000, 0.000000000000000000, 1.334219373558099851E-16 ) ) ;
#4067 = AXIS2_PLACEMENT_3D ( 'NONE', #1425, #3294, #1726 ) ;
#4068 = VECTOR ( 'NONE', #3309, 100.0000000000000000 ) ;
#4069 = CARTESIAN_POINT ( 'NONE',  ( 30.02151402291161020, 3.647290337804917737, 15.95153242091817170 ) ) ;
#4070 = VERTEX_POINT ( 'NONE', #985 ) ;
#4071 = CARTESIAN_POINT ( 'NONE',  ( 49.16621105951234227, 6.116450768821839468, -0.2999999999999987121 ) ) ;
#4072 = CARTESIAN_POINT ( 'NONE',  ( 29.62102918974302668, 9.654753354620073225, 8.706924070622789853E-15 ) ) ;
#4073 = CARTESIAN_POINT ( 'NONE',  ( 29.03859622392525708, -1.347322454362668509, 1.499999999999998890 ) ) ;
#4074 = ORIENTED_EDGE ( 'NONE', *, *, #2749, .T. ) ;
#4075 = CARTESIAN_POINT ( 'NONE',  ( 49.17713648838513762, 6.226456826755945251, -0.2999999999999981570 ) ) ;
#4076 = ORIENTED_EDGE ( 'NONE', *, *, #2537, .F. ) ;
#4077 = ADVANCED_FACE ( 'NONE', ( #2554 ), #3464, .F. ) ;
#4078 = FACE_OUTER_BOUND ( 'NONE', #3553, .T. ) ;
#4079 = EDGE_CURVE ( 'NONE', #2563, #1850, #3127, .T. ) ;
#4080 = B_SPLINE_CURVE_WITH_KNOTS ( 'NONE', 3,
 ( #1046, #2612, #3878, #2303, #100, #1356, #1132, #819, #2759, #3002, #187, #3966, #2676, #1464 ),
 .UNSPECIFIED., .F., .F.,
 ( 4, 2, 2, 2, 2, 2, 4 ),
 ( 5.775422197907416924E-13, 0.001562745955475068789, 0.002344118932923825935, 0.003125491910372582647, 0.004688237865270101709, 0.005469610842718861457, 0.006250983820167621205 ),
 .UNSPECIFIED. ) ;
#4081 = CARTESIAN_POINT ( 'NONE',  ( 29.02047650760338726, -2.440406484315523539, 0.4669513646373275595 ) ) ;
#4082 = VECTOR ( 'NONE', #108, 100.0000000000000142 ) ;
#4083 = CARTESIAN_POINT ( 'NONE',  ( 29.60569274923967598, 8.729572303617763041, 21.36487166866441356 ) ) ;
#4084 = CARTESIAN_POINT ( 'NONE',  ( 29.85927061501469382, 3.618137026061669204, 15.62424885143780173 ) ) ;
#4085 = AXIS2_PLACEMENT_3D ( 'NONE', #1950, #1871, #1913 ) ;
#4086 = FACE_OUTER_BOUND ( 'NONE', #627, .T. ) ;
#4087 = VECTOR ( 'NONE', #3901, 100.0000000000000000 ) ;
ENDSEC;
END-ISO-10303-21;
