ISO-10303-21;
HEADER;
FILE_DESCRIPTION (( 'STEP AP214' ),
    '1' );
FILE_NAME ('ZD550 Gear mount.STEP',
    '2026-08-23T02:42:38',
    ( '' ),
    ( '' ),
    'SwSTEP 2.0',
    'SolidWorks 2026',
    '' );
FILE_SCHEMA (( 'AUTOMOTIVE_DESIGN' ));
ENDSEC;

DATA;
#1 = DIRECTION ( 'NONE',  ( 1.000000000000000000, 0.000000000000000000, 0.000000000000000000 ) ) ;
#2 = AXIS2_PLACEMENT_3D ( 'NONE', #1867, #1619, #2786 ) ;
#3 = CARTESIAN_POINT ( 'NONE',  ( -0.1205964128640140132, 0.7908757824674259584, 2.064731460329360058 ) ) ;
#4 = DIRECTION ( 'NONE',  ( 1.000000000000000000, 7.121240143874548712E-17, 0.000000000000000000 ) ) ;
#5 = ORIENTED_EDGE ( 'NONE', *, *, #2112, .F. ) ;
#6 = EDGE_LOOP ( 'NONE', ( #2687, #1983, #1767, #1960, #152, #1696, #1408, #184, #2278, #2582 ) ) ;
#7 = VERTEX_POINT ( 'NONE', #243 ) ;
#8 = CARTESIAN_POINT ( 'NONE',  ( -0.5000000087489099299, 0.6244997341983160588, 2.545852118420089738 ) ) ;
#9 = EDGE_CURVE ( 'NONE', #1154, #1557, #633, .T. ) ;
#10 = EDGE_CURVE ( 'NONE', #2463, #2525, #2731, .T. ) ;
#11 = CARTESIAN_POINT ( 'NONE',  ( 0.6466071453778590161, 0.6959893888403100304, 2.617139866371430035 ) ) ;
#12 = CARTESIAN_POINT ( 'NONE',  ( 0.1409497427220189891, -0.7875121858719439372, 2.070231656120260055 ) ) ;
#13 = DIRECTION ( 'NONE',  ( 5.594073269479460078E-16, 1.000000000000000000, 0.000000000000000000 ) ) ;
#14 = CARTESIAN_POINT ( 'NONE',  ( 0.3288083368200710455, -0.8913458310977990795, 1.989181403196459863 ) ) ;
#15 = CARTESIAN_POINT ( 'NONE',  ( -0.2999999999999999889, 1.425000000000000044, 0.8000000000000000444 ) ) ;
#16 = CYLINDRICAL_SURFACE ( 'NONE', #521, 0.1499999999999999667 ) ;
#17 = DIRECTION ( 'NONE',  ( 0.9752335663263921317, 0.000000000000000000, -0.2211775104080580256 ) ) ;
#18 = ORIENTED_EDGE ( 'NONE', *, *, #2763, .T. ) ;
#19 = VECTOR ( 'NONE', #2088, 100.0000000000000000 ) ;
#20 = CARTESIAN_POINT ( 'NONE',  ( 0.000000000000000000, -4.898587196589410610E-17, 0.8000000000000000444 ) ) ;
#21 = CARTESIAN_POINT ( 'NONE',  ( -0.09369756552953190099, 0.7945107062199739945, 2.058830123066150097 ) ) ;
#22 = CARTESIAN_POINT ( 'NONE',  ( 0.09594943701565730731, 0.7942528613525328129, 2.059246877029460077 ) ) ;
#23 = ORIENTED_EDGE ( 'NONE', *, *, #2033, .F. ) ;
#24 = ORIENTED_EDGE ( 'NONE', *, *, #2798, .T. ) ;
#25 = ORIENTED_EDGE ( 'NONE', *, *, #1992, .T. ) ;
#26 = CARTESIAN_POINT ( 'NONE',  ( -0.4846589516281260002, 0.6364829892138189615, 2.426886773558379673 ) ) ;
#27 = CARTESIAN_POINT ( 'NONE',  ( 0.5453765719544130253, 0.7778826657492780017, 2.196236969066999833 ) ) ;
#28 = ORIENTED_EDGE ( 'NONE', *, *, #2993, .T. ) ;
#29 = AXIS2_PLACEMENT_3D ( 'NONE', #1321, #2279, #155 ) ;
#30 = LINE ( 'NONE', #967, #1691 ) ;
#31 = DIRECTION ( 'NONE',  ( 0.07692307692307651101, 0.000000000000000000, -0.9970370305242862718 ) ) ;
#32 = CARTESIAN_POINT ( 'NONE',  ( -0.6378949607520850718, -0.7039828738731219726, 2.674971666532320214 ) ) ;
#33 = CARTESIAN_POINT ( 'NONE',  ( -0.05000000000000000278, 2.000000000000000000, 1.901925930159210187 ) ) ;
#34 = CARTESIAN_POINT ( 'NONE',  ( 0.05000000000000000278, 0.7984359711335660137, 2.444505140932070474E-17 ) ) ;
#35 = EDGE_LOOP ( 'NONE', ( #1921, #2755, #2385, #993, #2399, #1318 ) ) ;
#36 = LINE ( 'NONE', #1726, #105 ) ;
#37 = CARTESIAN_POINT ( 'NONE',  ( -0.07610131969418630626, 0.7963883037824640576, 2.055798926294929885 ) ) ;
#38 = DIRECTION ( 'NONE',  ( 0.000000000000000000, 0.000000000000000000, -1.000000000000000000 ) ) ;
#39 = ORIENTED_EDGE ( 'NONE', *, *, #3071, .F. ) ;
#40 = CARTESIAN_POINT ( 'NONE',  ( -0.4400789573934439369, 0.6680918410040980193, 2.312553992250139689 ) ) ;
#41 = ORIENTED_EDGE ( 'NONE', *, *, #406, .F. ) ;
#42 = CARTESIAN_POINT ( 'NONE',  ( 0.1590756903079480200, 0.9366065733770628787, 1.919735672219950118 ) ) ;
#43 = ORIENTED_EDGE ( 'NONE', *, *, #2214, .F. ) ;
#44 = DIRECTION ( 'NONE',  ( -5.315768094605169810E-17, 1.000000000000000000, 6.123233995736769734E-17 ) ) ;
#45 = CARTESIAN_POINT ( 'NONE',  ( 0.6227931641218129588, -0.7173840894887970610, 2.363702030057459602 ) ) ;
#46 = CARTESIAN_POINT ( 'NONE',  ( -0.6440467957843239999, -0.6983584850930819599, 2.637915295611759969 ) ) ;
#47 = CARTESIAN_POINT ( 'NONE',  ( 0.05000000000000000278, 1.425000000000000044, 0.7000000000000000666 ) ) ;
#48 = CARTESIAN_POINT ( 'NONE',  ( -0.5675857410920510659, 0.7618257544385510505, 2.233088103019599924 ) ) ;
#49 = ORIENTED_EDGE ( 'NONE', *, *, #1052, .T. ) ;
#50 = CLOSED_SHELL ( 'NONE', ( #2062, #2812, #2826, #3050, #564, #1328, #2105, #1761, #2289, #2271, #1168, #2254, #1883, #656, #2718, #2481, #2948, #2026, #1057, #2401, #2283, #747, #2949, #1141, #1525, #1051, #1597, #1392, #1844, #2672, #1748, #2995, #2902, #1332, #2174, #2172, #2292, #1834, #1327, #1936, #938, #1760, #2442, #1053, #2490, #632, #2379, #1613, #1828, #2341, #240, #381, #186, #112, #643, #1102, #2480, #2897, #462, #1654, #2483, #2445, #2024, #423, #2842, #2797, #2261, #750, #2964, #1402, #97, #1944, #2932, #61, #232, #691, #2343, #2611, #1815 ) ) ;
#51 = DIRECTION ( 'NONE',  ( -7.228014483236698281E-17, 1.000000000000000000, 0.000000000000000000 ) ) ;
#52 = EDGE_CURVE ( 'NONE', #2109, #109, #1560, .T. ) ;
#53 = DIRECTION ( 'NONE',  ( 1.000000000000000000, 7.121240143874548712E-17, 0.000000000000000000 ) ) ;
#54 = CARTESIAN_POINT ( 'NONE',  ( 0.3490159715422609388, 0.7198861133904740361, 2.191861504768430002 ) ) ;
#55 = CIRCLE ( 'NONE', #802, 0.6499999999999998002 ) ;
#56 = VERTEX_POINT ( 'NONE', #2219 ) ;
#57 = CARTESIAN_POINT ( 'NONE',  ( -0.4875631653408700750, 0.6342603443425409715, 2.438943635026610046 ) ) ;
#58 = VERTEX_POINT ( 'NONE', #1717 ) ;
#59 = CARTESIAN_POINT ( 'NONE',  ( 0.5075912886102099675, 0.8030564725382469682, 2.143871847927670160 ) ) ;
#60 = CARTESIAN_POINT ( 'NONE',  ( 0.4820961357766219701, -0.6384261548654930341, 2.417239814436419998 ) ) ;
#61 = ADVANCED_FACE ( 'NONE', ( #597 ), #1310, .T. ) ;
#62 = CARTESIAN_POINT ( 'NONE',  ( -0.9499999999999999556, 0.1499999999999998279, 1.700000000000000178 ) ) ;
#63 = CARTESIAN_POINT ( 'NONE',  ( 0.4781467896069409584, -0.8209660420783410073, 2.109484560973859946 ) ) ;
#64 = CARTESIAN_POINT ( 'NONE',  ( 0.2999999999999999889, -1.236841649025260059, 0.7175426480542940189 ) ) ;
#65 = VECTOR ( 'NONE', #353, 100.0000000000000000 ) ;
#66 = ADVANCED_BREP_SHAPE_REPRESENTATION ( 'ZD550 Gear mount', ( #2029, #3022 ), #1038 ) ;
#67 = DIRECTION ( 'NONE',  ( 0.000000000000000000, -0.8660254037844388186, -0.4999999999999998335 ) ) ;
#68 = CARTESIAN_POINT ( 'NONE',  ( -0.04999999999999998890, -1.386841649025259970, 0.4000000000000000222 ) ) ;
#69 = ORIENTED_EDGE ( 'NONE', *, *, #1925, .F. ) ;
#70 = EDGE_CURVE ( 'NONE', #188, #1586, #1485, .T. ) ;
#71 = CARTESIAN_POINT ( 'NONE',  ( -0.05000000000000000278, -2.000000000000000000, 2.052506281446690117 ) ) ;
#72 = CARTESIAN_POINT ( 'NONE',  ( -0.7500000000000000000, -0.1587713240271469983, 1.425000000000000044 ) ) ;
#73 = VERTEX_POINT ( 'NONE', #2925 ) ;
#74 = VECTOR ( 'NONE', #2408, 100.0000000000000000 ) ;
#75 = CARTESIAN_POINT ( 'NONE',  ( -0.4457663207455470067, 0.6643096442274230018, 2.323411202595050185 ) ) ;
#76 = ORIENTED_EDGE ( 'NONE', *, *, #921, .F. ) ;
#77 = CARTESIAN_POINT ( 'NONE',  ( 0.4285647493934749974, 0.8478859484287299964, 2.061181973370880272 ) ) ;
#78 = DIRECTION ( 'NONE',  ( 1.000000000000000000, 6.245152236670769497E-17, 7.043567548384689865E-33 ) ) ;
#79 = CYLINDRICAL_SURFACE ( 'NONE', #2448, 0.1000000000000000056 ) ;
#80 = CARTESIAN_POINT ( 'NONE',  ( -0.05000000000000000278, 1.425000000000000044, 0.8000000000000000444 ) ) ;
#81 = LINE ( 'NONE', #724, #3051 ) ;
#82 = VECTOR ( 'NONE', #1032, 100.0000000000000000 ) ;
#83 = PLANE ( 'NONE',  #327 ) ;
#84 = DIRECTION ( 'NONE',  ( 1.000000000000000000, 0.000000000000000000, 0.000000000000000000 ) ) ;
#85 = CARTESIAN_POINT ( 'NONE',  ( -0.1582900791484480041, 0.9367535190661049338, 1.919516644835940200 ) ) ;
#86 = ORIENTED_EDGE ( 'NONE', *, *, #2713, .T. ) ;
#87 = EDGE_CURVE ( 'NONE', #2635, #2095, #1252, .T. ) ;
#88 = DIRECTION ( 'NONE',  ( 0.000000000000000000, -6.123233995736769734E-17, 1.000000000000000000 ) ) ;
#89 = CARTESIAN_POINT ( 'NONE',  ( 0.6339018181194110424, -0.7075793135648510424, 2.693765381733239650 ) ) ;
#90 = ORIENTED_EDGE ( 'NONE', *, *, #2155, .T. ) ;
#91 = AXIS2_PLACEMENT_3D ( 'NONE', #2310, #904, #1809 ) ;
#92 = ORIENTED_EDGE ( 'NONE', *, *, #1009, .F. ) ;
#93 = CARTESIAN_POINT ( 'NONE',  ( 0.3194554466126600101, 0.8947194302493601814, 1.983841411115340181 ) ) ;
#94 = CARTESIAN_POINT ( 'NONE',  ( -0.6339018194791099514, 0.7075793123467309931, 2.693765375737950052 ) ) ;
#95 = EDGE_LOOP ( 'NONE', ( #2917, #943 ) ) ;
#96 = CARTESIAN_POINT ( 'NONE',  ( -0.5000000000000000000, 0.6244997998398399419, 2.549999999999999822 ) ) ;
#97 = ADVANCED_FACE ( 'NONE', ( #340 ), #1281, .F. ) ;
#98 = CARTESIAN_POINT ( 'NONE',  ( -0.6232418998789890363, -0.7169979767773859702, 2.365104577862739976 ) ) ;
#99 = EDGE_CURVE ( 'NONE', #2067, #1304, #837, .T. ) ;
#100 = DIRECTION ( 'NONE',  ( 6.123233995736766036E-17, 0.000000000000000000, 1.000000000000000000 ) ) ;
#101 = CARTESIAN_POINT ( 'NONE',  ( -0.05000000000000000278, 1.425000000000000044, 8.725608443924890153E-17 ) ) ;
#102 = CARTESIAN_POINT ( 'NONE',  ( -0.2999999999999999889, -1.425000000000000044, 0.8000000000000000444 ) ) ;
#103 = EDGE_CURVE ( 'NONE', #845, #58, #2961, .T. ) ;
#104 = CARTESIAN_POINT ( 'NONE',  ( 0.05000000000000000278, -0.9486832980505119917, 1.901925930159210187 ) ) ;
#105 = VECTOR ( 'NONE', #1507, 100.0000000000000000 ) ;
#106 = AXIS2_PLACEMENT_3D ( 'NONE', #1456, #1875, #1692 ) ;
#107 = AXIS2_PLACEMENT_3D ( 'NONE', #2080, #1, #438 ) ;
#108 = DIRECTION ( 'NONE',  ( 0.000000000000000000, -0.8660254037844388186, -0.4999999999999999445 ) ) ;
#109 = VERTEX_POINT ( 'NONE', #1520 ) ;
#110 = ORIENTED_EDGE ( 'NONE', *, *, #2108, .F. ) ;
#111 = VERTEX_POINT ( 'NONE', #1780 ) ;
#112 = ADVANCED_FACE ( 'NONE', ( #1487 ), #2695, .T. ) ;
#113 = FACE_OUTER_BOUND ( 'NONE', #1010, .T. ) ;
#114 = CARTESIAN_POINT ( 'NONE',  ( -0.5715175650955180986, -0.7588847750851069884, 2.240202564636450067 ) ) ;
#115 = EDGE_CURVE ( 'NONE', #513, #1129, #2823, .T. ) ;
#116 = DIRECTION ( 'NONE',  ( -6.992551510882539886E-17, 1.000000000000000000, 0.000000000000000000 ) ) ;
#117 = CARTESIAN_POINT ( 'NONE',  ( -0.2999999999999999889, 1.425000000000000044, 8.725608443924890153E-17 ) ) ;
#118 = CARTESIAN_POINT ( 'NONE',  ( -1.102801099869201628E-16, -2.000000000000000000, 3.049999999999999822 ) ) ;
#119 = AXIS2_PLACEMENT_3D ( 'NONE', #2976, #1566, #2038 ) ;
#120 = CARTESIAN_POINT ( 'NONE',  ( -0.4237071492338879697, -0.8503103572224539608, 2.056999524001329682 ) ) ;
#121 = CIRCLE ( 'NONE', #1840, 0.1499999999999999944 ) ;
#122 = FACE_OUTER_BOUND ( 'NONE', #1072, .T. ) ;
#123 = DIRECTION ( 'NONE',  ( 0.000000000000000000, -0.8660254037844388186, 0.4999999999999998335 ) ) ;
#124 = ORIENTED_EDGE ( 'NONE', *, *, #198, .T. ) ;
#125 = AXIS2_PLACEMENT_3D ( 'NONE', #2522, #2286, #160 ) ;
#126 = ORIENTED_EDGE ( 'NONE', *, *, #530, .F. ) ;
#127 = FACE_OUTER_BOUND ( 'NONE', #1559, .T. ) ;
#128 = CARTESIAN_POINT ( 'NONE',  ( -0.6429449593655299777, -0.6993740529519310023, 2.454191982371439984 ) ) ;
#129 = SURFACE_STYLE_FILL_AREA ( #2485 ) ;
#130 = LINE ( 'NONE', #1065, #1270 ) ;
#131 = VECTOR ( 'NONE', #2035, 100.0000000000000000 ) ;
#132 = DIRECTION ( 'NONE',  ( 1.000000000000000000, 0.000000000000000000, 0.000000000000000000 ) ) ;
#133 = CARTESIAN_POINT ( 'NONE',  ( -0.3067682493647270192, -0.8993167606642609169, 1.976564926266010103 ) ) ;
#134 = VECTOR ( 'NONE', #929, 100.0000000000000000 ) ;
#135 = CARTESIAN_POINT ( 'NONE',  ( 0.2999999999999999889, -1.511841649025259970, 0.5587713240271470205 ) ) ;
#136 = DIRECTION ( 'NONE',  ( -1.000000000000000000, 0.000000000000000000, 0.000000000000000000 ) ) ;
#137 = ORIENTED_EDGE ( 'NONE', *, *, #1565, .F. ) ;
#138 = ORIENTED_EDGE ( 'NONE', *, *, #972, .F. ) ;
#139 = VERTEX_POINT ( 'NONE', #321 ) ;
#140 = DIRECTION ( 'NONE',  ( -5.782411586589357639E-16, -1.000000000000000000, 0.000000000000000000 ) ) ;
#141 = CARTESIAN_POINT ( 'NONE',  ( -1.408962799656039991E-16, 2.000000000000000000, 2.549999999999999822 ) ) ;
#142 = DIRECTION ( 'NONE',  ( 0.000000000000000000, -1.734723475976807094E-15, 1.000000000000000000 ) ) ;
#143 = AXIS2_PLACEMENT_3D ( 'NONE', #2560, #2324, #1122 ) ;
#144 = CARTESIAN_POINT ( 'NONE',  ( -0.4779775316186069545, -0.6415171838500760559, 2.403070481192850050 ) ) ;
#145 = CARTESIAN_POINT ( 'NONE',  ( -0.1326928574723730270, -0.9407194983377060726, 1.913639588215109821 ) ) ;
#146 = EDGE_CURVE ( 'NONE', #2957, #781, #2250, .T. ) ;
#147 = EDGE_CURVE ( 'NONE', #2994, #2265, #2576, .T. ) ;
#148 = CARTESIAN_POINT ( 'NONE',  ( 0.4630620761622729620, 0.6523719262873050040, 2.361191685186200040 ) ) ;
#149 = CARTESIAN_POINT ( 'NONE',  ( -0.04999999999999998890, 1.086841649025260148, 0.4000000000000000222 ) ) ;
#150 = ORIENTED_EDGE ( 'NONE', *, *, #147, .T. ) ;
#151 = VECTOR ( 'NONE', #3021, 100.0000000000000142 ) ;
#152 = ORIENTED_EDGE ( 'NONE', *, *, #2537, .T. ) ;
#153 = ORIENTED_EDGE ( 'NONE', *, *, #1292, .F. ) ;
#154 = VECTOR ( 'NONE', #554, 100.0000000000000000 ) ;
#155 = DIRECTION ( 'NONE',  ( 6.123233995736769734E-17, -1.000000000000000000, -6.123233995736769734E-17 ) ) ;
#156 = DIRECTION ( 'NONE',  ( 0.000000000000000000, -1.000000000000000000, 0.000000000000000000 ) ) ;
#157 = CARTESIAN_POINT ( 'NONE',  ( 0.2999999999999999889, -1.524999999999999911, 0.8000000000000000444 ) ) ;
#158 = LINE ( 'NONE', #1093, #1167 ) ;
#159 = LINE ( 'NONE', #2722, #506 ) ;
#160 = DIRECTION ( 'NONE',  ( 0.09999999999999997780, 0.000000000000000000, -0.9949874371066200762 ) ) ;
#161 = DIRECTION ( 'NONE',  ( 6.467871029484669398E-17, -1.000000000000000000, 0.000000000000000000 ) ) ;
#162 = VERTEX_POINT ( 'NONE', #1505 ) ;
#163 = ORIENTED_EDGE ( 'NONE', *, *, #2725, .T. ) ;
#164 = ORIENTED_EDGE ( 'NONE', *, *, #2857, .T. ) ;
#165 = ORIENTED_EDGE ( 'NONE', *, *, #2839, .F. ) ;
#166 = AXIS2_PLACEMENT_3D ( 'NONE', #775, #534, #2420 ) ;
#167 = FACE_OUTER_BOUND ( 'NONE', #926, .T. ) ;
#168 = DIRECTION ( 'NONE',  ( 0.000000000000000000, 0.000000000000000000, -1.000000000000000000 ) ) ;
#169 = CARTESIAN_POINT ( 'NONE',  ( -0.04999999997989080375, -0.7984359711348248956, 2.052506281444669956 ) ) ;
#170 = CARTESIAN_POINT ( 'NONE',  ( 0.2000000000000000111, 1.511841649025259970, 0.5587713240271470205 ) ) ;
#171 = DIRECTION ( 'NONE',  ( 1.000000000000000000, 0.000000000000000000, 0.000000000000000000 ) ) ;
#172 = AXIS2_PLACEMENT_3D ( 'NONE', #2102, #435, #1165 ) ;
#173 = DIRECTION ( 'NONE',  ( 0.000000000000000000, -0.4999999999999998335, 0.8660254037844388186 ) ) ;
#174 = ORIENTED_EDGE ( 'NONE', *, *, #2255, .T. ) ;
#175 = ORIENTED_EDGE ( 'NONE', *, *, #1612, .T. ) ;
#176 = DIRECTION ( 'NONE',  ( 1.642146637880645005E-47, -6.123233995736769734E-17, 1.000000000000000000 ) ) ;
#177 = CARTESIAN_POINT ( 'NONE',  ( -0.9499999999999999556, 0.1499999999999998279, 1.700000000000000178 ) ) ;
#178 = CARTESIAN_POINT ( 'NONE',  ( -0.2999999999999999889, -0.9013878188659970592, -8.881784197001250351E-17 ) ) ;
#179 = EDGE_CURVE ( 'NONE', #2463, #2510, #2720, .T. ) ;
#180 = CARTESIAN_POINT ( 'NONE',  ( -0.1300938936804629797, -0.7893718531735258725, 2.067186023388119853 ) ) ;
#181 = EDGE_CURVE ( 'NONE', #818, #440, #2007, .T. ) ;
#182 = CARTESIAN_POINT ( 'NONE',  ( -0.05000000000000000278, 1.524999999999999911, 0.1000000000000000056 ) ) ;
#183 = DIRECTION ( 'NONE',  ( 0.000000000000000000, -0.8660254037844388186, 0.4999999999999999445 ) ) ;
#184 = ORIENTED_EDGE ( 'NONE', *, *, #1181, .T. ) ;
#185 = CARTESIAN_POINT ( 'NONE',  ( -0.6434740024107920009, 0.6988877563526799674, 2.457700467315820259 ) ) ;
#186 = ADVANCED_FACE ( 'NONE', ( #2207 ), #2457, .T. ) ;
#187 = CARTESIAN_POINT ( 'NONE',  ( -0.05000000000000000278, -1.425000000000000044, 0.8000000000000000444 ) ) ;
#188 = VERTEX_POINT ( 'NONE', #2486 ) ;
#189 = VERTEX_POINT ( 'NONE', #351 ) ;
#190 = DIRECTION ( 'NONE',  ( 8.481262007470589262E-17, -1.000000000000000000, 0.000000000000000000 ) ) ;
#191 = AXIS2_PLACEMENT_3D ( 'NONE', #527, #1967, #1477 ) ;
#192 = VECTOR ( 'NONE', #1874, 100.0000000000000000 ) ;
#193 = LINE ( 'NONE', #443, #2879 ) ;
#194 = DIRECTION ( 'NONE',  ( 0.000000000000000000, 1.000000000000000000, 0.000000000000000000 ) ) ;
#195 = AXIS2_PLACEMENT_3D ( 'NONE', #1267, #1298, #1021 ) ;
#196 = EDGE_CURVE ( 'NONE', #2970, #2463, #2238, .T. ) ;
#197 = DIRECTION ( 'NONE',  ( -6.992591586849318935E-17, 0.8660254037844388186, 0.4999999999999999445 ) ) ;
#198 = EDGE_CURVE ( 'NONE', #978, #189, #130, .T. ) ;
#199 = DIRECTION ( 'NONE',  ( 0.000000000000000000, 0.000000000000000000, 1.000000000000000000 ) ) ;
#200 = LINE ( 'NONE', #1135, #1618 ) ;
#201 = VECTOR ( 'NONE', #1575, 100.0000000000000000 ) ;
#202 = ORIENTED_EDGE ( 'NONE', *, *, #2632, .F. ) ;
#203 = PRODUCT_DEFINITION_SHAPE ( 'NONE', 'NONE',  #2796 ) ;
#204 = CARTESIAN_POINT ( 'NONE',  ( -1.102801099869201628E-16, 2.000000000000000000, 3.049999999999999822 ) ) ;
#205 = VECTOR ( 'NONE', #617, 100.0000000000000000 ) ;
#206 = VERTEX_POINT ( 'NONE', #2973 ) ;
#207 = EDGE_LOOP ( 'NONE', ( #1188, #2450 ) ) ;
#208 = ORIENTED_EDGE ( 'NONE', *, *, #1827, .T. ) ;
#209 = DIRECTION ( 'NONE',  ( 1.000000000000000000, 0.000000000000000000, 0.000000000000000000 ) ) ;
#210 = DIRECTION ( 'NONE',  ( 1.000000000000000000, 0.000000000000000000, 0.000000000000000000 ) ) ;
#211 = CARTESIAN_POINT ( 'NONE',  ( -0.5000000000000000000, 0.6244997998398399419, 2.549999999999999822 ) ) ;
#212 = CARTESIAN_POINT ( 'NONE',  ( -0.2999999999999999889, 0.9013878188659970592, 8.881784197001250351E-17 ) ) ;
#213 = DIRECTION ( 'NONE',  ( 1.000000000000000000, -7.105427357601000281E-16, -3.944304526105059793E-32 ) ) ;
#214 = DIRECTION ( 'NONE',  ( 7.228014483236698281E-17, -1.000000000000000000, 0.000000000000000000 ) ) ;
#215 = CIRCLE ( 'NONE', #2750, 0.1499999999999999667 ) ;
#216 = VERTEX_POINT ( 'NONE', #1548 ) ;
#217 = AXIS2_PLACEMENT_3D ( 'NONE', #1235, #2641, #1019 ) ;
#218 = LINE ( 'NONE', #2578, #497 ) ;
#219 = CYLINDRICAL_SURFACE ( 'NONE', #841, 0.1000000000000000056 ) ;
#220 = ORIENTED_EDGE ( 'NONE', *, *, #870, .F. ) ;
#221 = ORIENTED_EDGE ( 'NONE', *, *, #828, .T. ) ;
#222 = VERTEX_POINT ( 'NONE', #2502 ) ;
#223 = CYLINDRICAL_SURFACE ( 'NONE', #1859, 0.6500000000000002442 ) ;
#224 = DIRECTION ( 'NONE',  ( 0.000000000000000000, 0.000000000000000000, -1.000000000000000000 ) ) ;
#225 = VERTEX_POINT ( 'NONE', #376 ) ;
#226 = LINE ( 'NONE', #1164, #1754 ) ;
#227 = CYLINDRICAL_SURFACE ( 'NONE', #910, 0.1499999999999999667 ) ;
#228 = CARTESIAN_POINT ( 'NONE',  ( -0.9499999999999999556, -1.745121688784980249E-16, 1.700000000000000178 ) ) ;
#229 = PRODUCT ( 'ZD550 Gear mount', 'ZD550 Gear mount', '', ( #2664 ) ) ;
#230 = EDGE_LOOP ( 'NONE', ( #717, #2920, #2575, #1850 ) ) ;
#231 = EDGE_CURVE ( 'NONE', #1075, #620, #2070, .T. ) ;
#232 = ADVANCED_FACE ( 'NONE', ( #1821, #1796 ), #1362, .F. ) ;
#233 = CARTESIAN_POINT ( 'NONE',  ( -0.7000000000000000666, 1.425000000000000044, 0.1000000000000000056 ) ) ;
#234 = CARTESIAN_POINT ( 'NONE',  ( -0.2565515617244270019, 0.7577812684414120259, 2.120763888165289934 ) ) ;
#235 = EDGE_CURVE ( 'NONE', #620, #2553, #2223, .T. ) ;
#236 = CARTESIAN_POINT ( 'NONE',  ( -0.9499999999999999556, -1.236841649025260059, 0.4000000000000000222 ) ) ;
#237 = ORIENTED_EDGE ( 'NONE', *, *, #1989, .F. ) ;
#238 = ORIENTED_EDGE ( 'NONE', *, *, #99, .F. ) ;
#239 = ORIENTED_EDGE ( 'NONE', *, *, #1365, .T. ) ;
#240 = ADVANCED_FACE ( 'NONE', ( #1855 ), #666, .F. ) ;
#241 = CARTESIAN_POINT ( 'NONE',  ( -0.4975809862279290119, 0.6264295513982239827, 2.500353451897630030 ) ) ;
#242 = DIRECTION ( 'NONE',  ( 1.000000000000000000, 0.000000000000000000, 0.000000000000000000 ) ) ;
#243 = CARTESIAN_POINT ( 'NONE',  ( -0.5000000000000000000, 0.6244997998398389427, 1.300000000000000044 ) ) ;
#244 = CARTESIAN_POINT ( 'NONE',  ( 0.9216507001444267377, 3.749861841752178716E-16, 1.425000000000000266 ) ) ;
#245 = VECTOR ( 'NONE', #2928, 100.0000000000000000 ) ;
#246 = DIRECTION ( 'NONE',  ( 7.111118529805039229E-17, 1.000000000000000000, 0.000000000000000000 ) ) ;
#247 = CARTESIAN_POINT ( 'NONE',  ( 0.2000000000000000111, 1.511841649025259970, 0.2412286759728530239 ) ) ;
#248 = AXIS2_PLACEMENT_3D ( 'NONE', #1012, #546, #508 ) ;
#249 = FACE_OUTER_BOUND ( 'NONE', #1335, .T. ) ;
#250 = CARTESIAN_POINT ( 'NONE',  ( -0.2545360461843479416, 0.9153147039222918613, 1.951828246958020152 ) ) ;
#251 = ORIENTED_EDGE ( 'NONE', *, *, #835, .T. ) ;
#252 = CARTESIAN_POINT ( 'NONE',  ( -0.2999999999999999889, -1.236841649025260059, 0.4000000000000000222 ) ) ;
#253 = VECTOR ( 'NONE', #2723, 100.0000000000000000 ) ;
#254 = CARTESIAN_POINT ( 'NONE',  ( -0.06737106262827249892, 0.7971741158445830866, 2.054533698769809735 ) ) ;
#255 = CARTESIAN_POINT ( 'NONE',  ( 0.2158513808352280072, 0.7703545434200800290, 2.098944111277809998 ) ) ;
#256 = ORIENTED_EDGE ( 'NONE', *, *, #2521, .T. ) ;
#257 = ORIENTED_EDGE ( 'NONE', *, *, #318, .T. ) ;
#258 = ORIENTED_EDGE ( 'NONE', *, *, #428, .F. ) ;
#259 = CYLINDRICAL_SURFACE ( 'NONE', #2930, 0.1000000000000000056 ) ;
#260 = CARTESIAN_POINT ( 'NONE',  ( 0.4129073045612180470, 0.8556501588826019855, 2.047820286381369925 ) ) ;
#261 = ORIENTED_EDGE ( 'NONE', *, *, #412, .T. ) ;
#262 = DIRECTION ( 'NONE',  ( 7.228014483236698281E-17, -1.000000000000000000, 0.000000000000000000 ) ) ;
#263 = CARTESIAN_POINT ( 'NONE',  ( 0.04999999999998570172, -0.9486832980505139901, 1.901925930159030109 ) ) ;
#264 = DIRECTION ( 'NONE',  ( 7.087690792806899243E-17, -1.000000000000000000, -6.123233995736769734E-17 ) ) ;
#265 = DIRECTION ( 'NONE',  ( 6.467871029484669398E-17, -1.000000000000000000, 0.000000000000000000 ) ) ;
#266 = CARTESIAN_POINT ( 'NONE',  ( -0.05450717886646670729, 0.9484457654544179439, 1.902273657344129898 ) ) ;
#267 = ORIENTED_EDGE ( 'NONE', *, *, #867, .F. ) ;
#268 = AXIS2_PLACEMENT_3D ( 'NONE', #2206, #1958, #2909 ) ;
#269 = B_SPLINE_CURVE_WITH_KNOTS ( 'NONE', 3,
 ( #3042, #2600, #1410, #903, #2364, #1854, #11, #2544, #419, #1837, #665, #512, #2418, #566, #1699, #1430, #1232, #2451, #298, #1261, #737, #1029, #1716, #531, #1665, #720, #332, #2654, #788, #2185, #1497, #27, #2218, #773, #2669, #59, #1952, #2637, #2617, #2167, #2402, #965, #77, #260, #2883, #1462, #491, #998, #1246, #93, #2384, #2903, #2200, #548, #1681, #1446, #1199, #1986, #2147, #42, #1015, #278, #1914, #1479, #2431, #2867, #1217, #314, #1969, #981, #1934 ),
 .UNSPECIFIED., .F., .F.,
 ( 4, 1, 1, 1, 1, 1, 1, 1, 1, 1, 1, 1, 1, 1, 1, 1, 1, 1, 1, 1, 1, 1, 1, 1, 1, 1, 1, 1, 1, 1, 1, 1, 1, 1, 1, 1, 1, 1, 1, 1, 1, 1, 1, 1, 1, 1, 1, 1, 1, 1, 1, 1, 1, 1, 1, 1, 1, 1, 1, 1, 1, 1, 1, 1, 1, 1, 1, 1, 4 ),
 ( 0.000000000000000000, 0.009244101711981391606, 0.01986648890934800127, 0.03385948179916160178, 0.05187003309542700252, 0.06897218268015249676, 0.08317537286896029003, 0.09314844651183640245, 0.1025983936965629978, 0.1115457913515049970, 0.1205254237477639961, 0.1296277956066080039, 0.1388235349278609809, 0.1481736021957559823, 0.1575811380010770091, 0.1730215957599769983, 0.1948088660071790046, 0.2233231042419709933, 0.2466055386530550120, 0.2642774958392139495, 0.2760597081755760129, 0.2879397097275709916, 0.3014580385185539613, 0.3165217814540460251, 0.3390188027693740169, 0.3618734637127640208, 0.3850757915385140118, 0.4062827299460500252, 0.4264227831546600345, 0.4454897483494110189, 0.4601034674695919646, 0.4748796537284500352, 0.4898879587172320083, 0.5049601978168070104, 0.5201419873546950789, 0.5353638581179379630, 0.5505932427510200622, 0.5657900728316729300, 0.5808373328286059456, 0.5957632427788339680, 0.6104763000368319537, 0.6250960989289029435, 0.6441467055913030482, 0.6675864699097959765, 0.6906113737700989574, 0.7087037794399220214, 0.7218714017862289944, 0.7349160008610370332, 0.7489992174481500120, 0.7642447687258049349, 0.7857333404228209472, 0.8068301621133070478, 0.8275408656609740676, 0.8447664428240109213, 0.8603562489341819441, 0.8743067956491439308, 0.8844068397681079663, 0.8942669819145350196, 0.9037286411424170218, 0.9130345326654509819, 0.9247442726021739556, 0.9388506047427429557, 0.9524738687699559891, 0.9630465214078149927, 0.9706504184023450055, 0.9781798182974039690, 0.9855450613489369349, 0.9928202175700630017, 1.000000000000000000 ),
 .UNSPECIFIED. ) ;
#270 = LINE ( 'NONE', #484, #1126 ) ;
#271 = FACE_OUTER_BOUND ( 'NONE', #1911, .T. ) ;
#272 = CARTESIAN_POINT ( 'NONE',  ( 0.2656105630735040024, 0.7546429221102400886, 2.126332326254780192 ) ) ;
#273 = AXIS2_PLACEMENT_3D ( 'NONE', #2675, #1250, #2422 ) ;
#274 = VERTEX_POINT ( 'NONE', #3001 ) ;
#275 = EDGE_LOOP ( 'NONE', ( #2275, #2127, #220, #848 ) ) ;
#276 = DIRECTION ( 'NONE',  ( 1.000000000000000000, 0.000000000000000000, 0.000000000000000000 ) ) ;
#277 = ORIENTED_EDGE ( 'NONE', *, *, #1329, .F. ) ;
#278 = CARTESIAN_POINT ( 'NONE',  ( 0.1347411595707589949, 0.9404339791532640991, 1.914061479240720010 ) ) ;
#279 = ORIENTED_EDGE ( 'NONE', *, *, #1365, .F. ) ;
#280 = AXIS2_PLACEMENT_3D ( 'NONE', #1617, #1880, #1391 ) ;
#281 = DIRECTION ( 'NONE',  ( 1.000000000000000000, 6.245152236670769497E-17, 7.043567548384689865E-33 ) ) ;
#282 = CARTESIAN_POINT ( 'NONE',  ( 0.5483517164256900278, -0.7757916086036589220, 2.200846707174859862 ) ) ;
#283 = LINE ( 'NONE', #2887, #753 ) ;
#284 = EDGE_CURVE ( 'NONE', #2714, #592, #2012, .T. ) ;
#285 = DIRECTION ( 'NONE',  ( 1.000000000000000000, 7.121240143874548712E-17, 0.000000000000000000 ) ) ;
#286 = EDGE_CURVE ( 'NONE', #109, #706, #2941, .T. ) ;
#287 = EDGE_CURVE ( 'NONE', #73, #1388, #2087, .T. ) ;
#288 = CARTESIAN_POINT ( 'NONE',  ( 0.05000000000000000278, -1.425000000000000044, 0.8000000000000000444 ) ) ;
#289 = ORIENTED_EDGE ( 'NONE', *, *, #2060, .T. ) ;
#290 = CARTESIAN_POINT ( 'NONE',  ( 0.000000000000000000, 0.000000000000000000, 0.000000000000000000 ) ) ;
#291 = CARTESIAN_POINT ( 'NONE',  ( -0.3164563611911670460, 0.7347717825112239920, 2.162826278944990133 ) ) ;
#292 = EDGE_CURVE ( 'NONE', #1425, #790, #2517, .T. ) ;
#293 = CARTESIAN_POINT ( 'NONE',  ( 0.1186032585621780017, 0.7911867342302980610, 2.064224316781180235 ) ) ;
#294 = AXIS2_PLACEMENT_3D ( 'NONE', #480, #907, #1591 ) ;
#295 = VERTEX_POINT ( 'NONE', #1119 ) ;
#296 = CARTESIAN_POINT ( 'NONE',  ( 0.2000000000000000111, 0.9618416490252570394, 0.5587713240271460213 ) ) ;
#297 = ORIENTED_EDGE ( 'NONE', *, *, #464, .F. ) ;
#298 = CARTESIAN_POINT ( 'NONE',  ( 0.6409792396598890107, 0.7011857380708980125, 2.440737658061210347 ) ) ;
#299 = CARTESIAN_POINT ( 'NONE',  ( -0.8381491872395109288, 0.5245994318048133875, 1.793181548267137160 ) ) ;
#300 = CARTESIAN_POINT ( 'NONE',  ( -0.2999999999999999889, 1.524999999999999911, 0.7000000000000000666 ) ) ;
#301 = CARTESIAN_POINT ( 'NONE',  ( 0.1860390801012999917, -0.9316567988287930424, 1.927112459417720025 ) ) ;
#302 = FACE_OUTER_BOUND ( 'NONE', #2982, .T. ) ;
#303 = EDGE_CURVE ( 'NONE', #388, #1499, #1350, .T. ) ;
#304 = CARTESIAN_POINT ( 'NONE',  ( -0.9499999999999999556, 1.236841649025260059, 0.4000000000000000222 ) ) ;
#305 = CARTESIAN_POINT ( 'NONE',  ( -0.1853660248150570122, 0.9317740771582698756, 1.926938273454309902 ) ) ;
#306 = ORIENTED_EDGE ( 'NONE', *, *, #1526, .T. ) ;
#307 = VECTOR ( 'NONE', #2844, 100.0000000000000000 ) ;
#308 = DIRECTION ( 'NONE',  ( 3.845925372767130098E-16, 0.8660254037844388186, -0.4999999999999999445 ) ) ;
#309 = APPLICATION_PROTOCOL_DEFINITION ( 'draft international standard', 'automotive_design', 1998, #2468 ) ;
#310 = DIRECTION ( 'NONE',  ( -3.845925372767130098E-16, -0.8660254037844388186, -0.4999999999999999445 ) ) ;
#311 = ORIENTED_EDGE ( 'NONE', *, *, #1269, .T. ) ;
#312 = CARTESIAN_POINT ( 'NONE',  ( -0.4146882273874159530, 0.6841455676867739255, 2.270564886095509660 ) ) ;
#313 = EDGE_LOOP ( 'NONE', ( #164, #1127, #1374, #1672 ) ) ;
#314 = CARTESIAN_POINT ( 'NONE',  ( 0.06666005734084930190, 0.9476708715579120756, 1.903408774007090187 ) ) ;
#315 = CARTESIAN_POINT ( 'NONE',  ( 0.4789856950080389475, -0.6407637224951160393, 2.406420338874790232 ) ) ;
#316 = FACE_OUTER_BOUND ( 'NONE', #857, .T. ) ;
#318 = EDGE_CURVE ( 'NONE', #1176, #347, #1378, .T. ) ;
#317 = CARTESIAN_POINT ( 'NONE',  ( 0.4372294114943130472, -0.8434447995758148631, 2.068929022416980068 ) ) ;
#319 = CARTESIAN_POINT ( 'NONE',  ( 0.7969137807799031581, -0.5499999999999993783, 1.975000000000000533 ) ) ;
#320 = FACE_OUTER_BOUND ( 'NONE', #1263, .T. ) ;
#321 = CARTESIAN_POINT ( 'NONE',  ( -0.04999999999981040444, 0.9486832980505131019, 1.901925930156720179 ) ) ;
#322 = CARTESIAN_POINT ( 'NONE',  ( -0.6082712418874199889, 0.7297425741731760063, 2.320670352272649950 ) ) ;
#323 = ORIENTED_EDGE ( 'NONE', *, *, #641, .T. ) ;
#324 = CARTESIAN_POINT ( 'NONE',  ( -0.8592822404621650589, 0.3175426480542939967, 1.700000000000000178 ) ) ;
#325 = CARTESIAN_POINT ( 'NONE',  ( 0.4820961357766230249, 0.6384261548654930341, 2.417239814436419998 ) ) ;
#326 = EDGE_LOOP ( 'NONE', ( #618, #1159 ) ) ;
#327 = AXIS2_PLACEMENT_3D ( 'NONE', #1020, #1451, #2224 ) ;
#328 = EDGE_CURVE ( 'NONE', #3070, #1555, #863, .T. ) ;
#329 = CARTESIAN_POINT ( 'NONE',  ( -0.3827075599997070143, 0.7025544043478308964, 2.228093484552060133 ) ) ;
#330 = ORIENTED_EDGE ( 'NONE', *, *, #574, .F. ) ;
#331 = EDGE_CURVE ( 'NONE', #1388, #2067, #378, .T. ) ;
#332 = CARTESIAN_POINT ( 'NONE',  ( 0.5960091481569719241, 0.7398171021980129991, 2.290217489351830338 ) ) ;
#333 = CARTESIAN_POINT ( 'NONE',  ( 0.5000000092052580003, -0.6244997532169349608, 2.546255737817950227 ) ) ;
#334 = EDGE_LOOP ( 'NONE', ( #1714, #2566, #2743, #2111 ) ) ;
#335 = CARTESIAN_POINT ( 'NONE',  ( 0.1357328404129289900, -0.9403055013141758955, 1.914250992447779742 ) ) ;
#336 = CARTESIAN_POINT ( 'NONE',  ( -0.6447299140097429992, -0.6977284489021260416, 2.467064108217949858 ) ) ;
#337 = EDGE_CURVE ( 'NONE', #2952, #605, #2804, .T. ) ;
#338 = VECTOR ( 'NONE', #2405, 100.0000000000000000 ) ;
#339 = CARTESIAN_POINT ( 'NONE',  ( 0.2000000000000000111, -1.236841649025260059, 0.7175426480542940189 ) ) ;
#340 = FACE_OUTER_BOUND ( 'NONE', #1444, .T. ) ;
#341 = CARTESIAN_POINT ( 'NONE',  ( -0.4944906700311919590, -0.6288726619780489191, 2.475630586563189794 ) ) ;
#342 = DIRECTION ( 'NONE',  ( 6.336185980303198889E-17, -1.000000000000000000, 0.000000000000000000 ) ) ;
#343 = LINE ( 'NONE', #2025, #253 ) ;
#344 = EDGE_CURVE ( 'NONE', #2095, #3037, #1454, .T. ) ;
#345 = ORIENTED_EDGE ( 'NONE', *, *, #557, .T. ) ;
#346 = VECTOR ( 'NONE', #1532, 100.0000000000000000 ) ;
#347 = VERTEX_POINT ( 'NONE', #1620 ) ;
#348 = ORIENTED_EDGE ( 'NONE', *, *, #511, .T. ) ;
#349 = CARTESIAN_POINT ( 'NONE',  ( -0.5000000000000000000, -0.1500000000000000777, 1.700000000000000178 ) ) ;
#350 = CARTESIAN_POINT ( 'NONE',  ( -0.6181000342025340100, -0.7214345923235629954, 2.348644735632910319 ) ) ;
#351 = CARTESIAN_POINT ( 'NONE',  ( 0.2999999999999999889, 1.236841649025260059, 0.7175426480542940189 ) ) ;
#352 = CARTESIAN_POINT ( 'NONE',  ( -0.7500000000000000000, 0.1587713240271469983, 1.425000000000000044 ) ) ;
#353 = DIRECTION ( 'NONE',  ( 0.000000000000000000, 0.000000000000000000, 1.000000000000000000 ) ) ;
#354 = DIRECTION ( 'NONE',  ( -0.06250000000000001388, -0.9980449639169570730, -6.111262852330190205E-17 ) ) ;
#355 = SHAPE_DEFINITION_REPRESENTATION ( #203, #66 ) ;
#356 = AXIS2_PLACEMENT_3D ( 'NONE', #650, #888, #1375 ) ;
#357 = AXIS2_PLACEMENT_3D ( 'NONE', #20, #3063, #2843 ) ;
#358 = CARTESIAN_POINT ( 'NONE',  ( 0.5000000000000000000, 0.1500000000000000777, 1.700000000000000178 ) ) ;
#359 = ORIENTED_EDGE ( 'NONE', *, *, #2400, .T. ) ;
#360 = VERTEX_POINT ( 'NONE', #1132 ) ;
#361 = CARTESIAN_POINT ( 'NONE',  ( 0.6500142297789760493, -0.6928069737243439663, 2.555666766389199651 ) ) ;
#362 = CARTESIAN_POINT ( 'NONE',  ( -0.5292096347001570278, -0.7889729178255120434, 2.172480186364260213 ) ) ;
#363 = CARTESIAN_POINT ( 'NONE',  ( -0.05000000000000000278, -1.425000000000000044, 0.8000000000000000444 ) ) ;
#364 = DIRECTION ( 'NONE',  ( 7.372960782284320014E-17, 0.000000000000000000, 1.000000000000000000 ) ) ;
#365 = CARTESIAN_POINT ( 'NONE',  ( -0.9499999999999999556, -0.1500000000000001887, 1.700000000000000178 ) ) ;
#366 = VECTOR ( 'NONE', #2388, 100.0000000000000000 ) ;
#367 = CARTESIAN_POINT ( 'NONE',  ( -0.3585084849274710050, -0.8798355547644279850, 2.007649602987410020 ) ) ;
#368 = DIRECTION ( 'NONE',  ( 0.000000000000000000, -0.4999999999999999445, 0.8660254037844388186 ) ) ;
#369 = PRODUCT_DEFINITION_CONTEXT ( 'detailed design', #1997, 'design' ) ;
#370 = CARTESIAN_POINT ( 'NONE',  ( 0.7500000000000000000, 1.377727649040770170E-16, 1.700000000000000178 ) ) ;
#371 = ORIENTED_EDGE ( 'NONE', *, *, #1715, .T. ) ;
#372 = VECTOR ( 'NONE', #725, 100.0000000000000000 ) ;
#373 = EDGE_LOOP ( 'NONE', ( #2527, #1942, #702, #565 ) ) ;
#374 = ORIENTED_EDGE ( 'NONE', *, *, #791, .T. ) ;
#375 = DIRECTION ( 'NONE',  ( 0.000000000000000000, 0.000000000000000000, -1.000000000000000000 ) ) ;
#376 = CARTESIAN_POINT ( 'NONE',  ( -0.7969137807799030471, 0.1587713240271469983, 1.975000000000000089 ) ) ;
#377 = EDGE_CURVE ( 'NONE', #1645, #162, #1853, .T. ) ;
#378 = CIRCLE ( 'NONE', #2794, 0.9499999999999996225 ) ;
#379 = CARTESIAN_POINT ( 'NONE',  ( -0.4986614790016999921, -0.6255694929663080384, 2.512741408263610143 ) ) ;
#380 = LINE ( 'NONE', #2766, #65 ) ;
#381 = ADVANCED_FACE ( 'NONE', ( #1562 ), #2281, .T. ) ;
#382 = DIRECTION ( 'NONE',  ( 1.000000000000000000, 0.000000000000000000, 3.552713678800500140E-16 ) ) ;
#383 = CARTESIAN_POINT ( 'NONE',  ( 0.4719669247248149957, 0.6459524237661820045, 2.384800301150800106 ) ) ;
#384 = DIRECTION ( 'NONE',  ( 0.000000000000000000, -1.000000000000000000, 0.000000000000000000 ) ) ;
#385 = ORIENTED_EDGE ( 'NONE', *, *, #1596, .F. ) ;
#386 = EDGE_LOOP ( 'NONE', ( #150, #1832, #2771, #1609, #1614, #2209, #2662, #2757, #238, #2397 ) ) ;
#387 = ORIENTED_EDGE ( 'NONE', *, *, #1197, .T. ) ;
#388 = VERTEX_POINT ( 'NONE', #1340 ) ;
#389 = FACE_OUTER_BOUND ( 'NONE', #2983, .T. ) ;
#390 = DIRECTION ( 'NONE',  ( 0.000000000000000000, -1.000000000000000000, 0.000000000000000000 ) ) ;
#391 = CARTESIAN_POINT ( 'NONE',  ( 0.000000000000000000, -4.898587196589410610E-17, 0.8000000000000000444 ) ) ;
#392 = AXIS2_PLACEMENT_3D ( 'NONE', #893, #1842, #1823 ) ;
#393 = CARTESIAN_POINT ( 'NONE',  ( -0.4563354161319890245, -0.6570923847374270377, 2.345529746955079542 ) ) ;
#394 = CARTESIAN_POINT ( 'NONE',  ( -0.7500000000000000000, -0.1587713240271469983, 1.425000000000000044 ) ) ;
#395 = CARTESIAN_POINT ( 'NONE',  ( -0.6277954826514949849, 0.7130096587606179481, 2.381310597866590051 ) ) ;
#396 = CIRCLE ( 'NONE', #2121, 0.9499999999999996225 ) ;
#397 = CARTESIAN_POINT ( 'NONE',  ( 0.05000000000000000278, 1.425000000000000044, 1.232228533086295995E-16 ) ) ;
#398 = ORIENTED_EDGE ( 'NONE', *, *, #1526, .F. ) ;
#399 = ORIENTED_EDGE ( 'NONE', *, *, #622, .T. ) ;
#400 = VERTEX_POINT ( 'NONE', #1109 ) ;
#401 = LINE ( 'NONE', #3055, #533 ) ;
#402 = CARTESIAN_POINT ( 'NONE',  ( -0.2999999999999999889, 1.386841649025259970, 0.4000000000000000222 ) ) ;
#403 = CARTESIAN_POINT ( 'NONE',  ( -1.102801099869201628E-16, 2.000000000000000000, 3.049999999999999822 ) ) ;
#404 = VECTOR ( 'NONE', #1884, 100.0000000000000000 ) ;
#405 = CARTESIAN_POINT ( 'NONE',  ( -0.06737106262827249892, -0.7971741158445830866, 2.054533698769809735 ) ) ;
#406 = EDGE_CURVE ( 'NONE', #274, #845, #1873, .T. ) ;
#407 = CARTESIAN_POINT ( 'NONE',  ( -0.3753010146197510166, -0.8727675014513929241, 2.019205448119549828 ) ) ;
#408 = DIRECTION ( 'NONE',  ( 0.1927274845473619935, -0.4906261603043729491, 0.8497894371696049776 ) ) ;
#409 = FACE_OUTER_BOUND ( 'NONE', #2625, .T. ) ;
#410 = EDGE_CURVE ( 'NONE', #2668, #728, #1709, .T. ) ;
#411 = EDGE_CURVE ( 'NONE', #2109, #706, #81, .T. ) ;
#412 = EDGE_CURVE ( 'NONE', #2410, #2168, #536, .T. ) ;
#413 = VERTEX_POINT ( 'NONE', #742 ) ;
#414 = ORIENTED_EDGE ( 'NONE', *, *, #1501, .F. ) ;
#415 = VECTOR ( 'NONE', #983, 100.0000000000000000 ) ;
#416 = EDGE_CURVE ( 'NONE', #697, #7, #2507, .T. ) ;
#417 = DIRECTION ( 'NONE',  ( 1.000000000000000000, 0.000000000000000000, 0.000000000000000000 ) ) ;
#418 = VECTOR ( 'NONE', #67, 100.0000000000000000 ) ;
#419 = CARTESIAN_POINT ( 'NONE',  ( 0.6488942690435069993, 0.6938562494786489898, 2.588446298058650008 ) ) ;
#420 = CARTESIAN_POINT ( 'NONE',  ( 0.000000000000000000, -4.898587196589410610E-17, 0.8000000000000000444 ) ) ;
#421 = CARTESIAN_POINT ( 'NONE',  ( -0.05868260166186999721, -0.7978606196512070259, 2.053429979725509558 ) ) ;
#422 = CARTESIAN_POINT ( 'NONE',  ( 0.000000000000000000, -4.898587196589410610E-17, 0.8000000000000000444 ) ) ;
#423 = ADVANCED_FACE ( 'NONE', ( #302 ), #2856, .F. ) ;
#424 = CARTESIAN_POINT ( 'NONE',  ( -0.6411079889591250192, 0.7010595930047780477, 2.442479398164109750 ) ) ;
#425 = AXIS2_PLACEMENT_3D ( 'NONE', #495, #2387, #31 ) ;
#426 = DIRECTION ( 'NONE',  ( 0.000000000000000000, 0.000000000000000000, 1.000000000000000000 ) ) ;
#427 = EDGE_CURVE ( 'NONE', #2376, #1624, #1939, .T. ) ;
#428 = EDGE_CURVE ( 'NONE', #441, #1453, #516, .T. ) ;
#429 = ORIENTED_EDGE ( 'NONE', *, *, #287, .F. ) ;
#430 = VERTEX_POINT ( 'NONE', #1973 ) ;
#431 = CARTESIAN_POINT ( 'NONE',  ( -0.2999999999999999889, 1.524999999999999911, 0.1000000000000000056 ) ) ;
#432 = DIRECTION ( 'NONE',  ( 0.000000000000000000, -1.000000000000000000, 0.000000000000000000 ) ) ;
#433 = DIRECTION ( 'NONE',  ( 1.000000000000000000, 0.000000000000000000, 0.000000000000000000 ) ) ;
#434 = PLANE ( 'NONE',  #1593 ) ;
#435 = DIRECTION ( 'NONE',  ( 0.000000000000000000, -6.123233995736769734E-17, 1.000000000000000000 ) ) ;
#436 = CYLINDRICAL_SURFACE ( 'NONE', #543, 0.2749999999999999112 ) ;
#437 = ORIENTED_EDGE ( 'NONE', *, *, #1598, .T. ) ;
#438 = DIRECTION ( 'NONE',  ( 0.000000000000000000, 1.000000000000000000, 0.000000000000000000 ) ) ;
#439 = ORIENTED_EDGE ( 'NONE', *, *, #2392, .F. ) ;
#440 = VERTEX_POINT ( 'NONE', #1669 ) ;
#441 = VERTEX_POINT ( 'NONE', #570 ) ;
#442 = PLANE ( 'NONE',  #356 ) ;
#443 = CARTESIAN_POINT ( 'NONE',  ( 0.5000000000000000000, 0.6244997998398399419, 2.549999999999999822 ) ) ;
#444 = DIRECTION ( 'NONE',  ( -0.05263157894736802261, 0.9986139979479092821, 0.000000000000000000 ) ) ;
#445 = VECTOR ( 'NONE', #587, 100.0000000000000000 ) ;
#446 = LINE ( 'NONE', #1380, #2005 ) ;
#447 = CARTESIAN_POINT ( 'NONE',  ( -0.7500000000000000000, 0.1587713240271469983, 1.425000000000000044 ) ) ;
#448 = DIRECTION ( 'NONE',  ( -1.000000000000000000, 0.000000000000000000, 0.000000000000000000 ) ) ;
#449 = AXIS2_PLACEMENT_3D ( 'NONE', #2069, #2556, #945 ) ;
#450 = ORIENTED_EDGE ( 'NONE', *, *, #1468, .T. ) ;
#451 = DIRECTION ( 'NONE',  ( 0.000000000000000000, 1.000000000000000000, 0.000000000000000000 ) ) ;
#452 = CARTESIAN_POINT ( 'NONE',  ( 0.2000000000000000111, 1.386841649025259970, 0.4000000000000000222 ) ) ;
#453 = ORIENTED_EDGE ( 'NONE', *, *, #2619, .F. ) ;
#454 = VERTEX_POINT ( 'NONE', #2190 ) ;
#455 = ORIENTED_EDGE ( 'NONE', *, *, #1989, .T. ) ;
#456 = CARTESIAN_POINT ( 'NONE',  ( -0.04999999997989109518, 0.7984359711348248956, 2.052506281444669956 ) ) ;
#457 = CARTESIAN_POINT ( 'NONE',  ( 0.2999999999999999889, -1.236841649025260059, 0.08245735194570610882 ) ) ;
#458 = CARTESIAN_POINT ( 'NONE',  ( 0.3490159715422609388, -0.7198861133904750353, 2.191861504768430002 ) ) ;
#459 = CARTESIAN_POINT ( 'NONE',  ( -0.09369756552953209527, -0.7945107062199749937, 2.058830123066150097 ) ) ;
#460 = CARTESIAN_POINT ( 'NONE',  ( -0.5000000000000000000, -0.6244997998398399419, 1.300000000000000044 ) ) ;
#461 = FACE_OUTER_BOUND ( 'NONE', #230, .T. ) ;
#462 = ADVANCED_FACE ( 'NONE', ( #552, #1720 ), #1450, .F. ) ;
#463 = AXIS2_PLACEMENT_3D ( 'NONE', #762, #2660, #2191 ) ;
#464 = EDGE_CURVE ( 'NONE', #734, #430, #2436, .T. ) ;
#465 = ORIENTED_EDGE ( 'NONE', *, *, #843, .T. ) ;
#466 = EDGE_CURVE ( 'NONE', #2376, #360, #2406, .T. ) ;
#467 = EDGE_CURVE ( 'NONE', #56, #430, #2205, .T. ) ;
#468 = FACE_OUTER_BOUND ( 'NONE', #334, .T. ) ;
#469 = CARTESIAN_POINT ( 'NONE',  ( -0.2999999999999999889, 1.524999999999999911, 0.7000000000000000666 ) ) ;
#470 = VECTOR ( 'NONE', #2506, 100.0000000000000000 ) ;
#471 = FACE_OUTER_BOUND ( 'NONE', #966, .T. ) ;
#472 = ORIENTED_EDGE ( 'NONE', *, *, #427, .T. ) ;
#473 = VERTEX_POINT ( 'NONE', #15 ) ;
#474 = ORIENTED_EDGE ( 'NONE', *, *, #1197, .F. ) ;
#475 = CARTESIAN_POINT ( 'NONE',  ( 0.04999999999999929501, -2.000000000000000000, 1.901925930159210187 ) ) ;
#476 = LINE ( 'NONE', #2115, #2691 ) ;
#477 = CARTESIAN_POINT ( 'NONE',  ( 0.1519873331042719822, -0.7854563021949669821, 2.073613402931630212 ) ) ;
#478 = CARTESIAN_POINT ( 'NONE',  ( 0.05000000000000000278, -1.425000000000000044, -8.725608443924901246E-17 ) ) ;
#479 = DIRECTION ( 'NONE',  ( 0.000000000000000000, -1.000000000000000000, 0.000000000000000000 ) ) ;
#480 = CARTESIAN_POINT ( 'NONE',  ( -0.7500000000000000000, -0.3175426480542939967, 1.700000000000000178 ) ) ;
#481 = DIRECTION ( 'NONE',  ( -0.000000000000000000, 1.000000000000000000, 0.000000000000000000 ) ) ;
#482 = VECTOR ( 'NONE', #433, 100.0000000000000000 ) ;
#483 = ORIENTED_EDGE ( 'NONE', *, *, #1069, .F. ) ;
#484 = CARTESIAN_POINT ( 'NONE',  ( 0.2999999999999999889, 1.236841649025260059, 0.7175426480542940189 ) ) ;
#485 = FACE_OUTER_BOUND ( 'NONE', #755, .T. ) ;
#486 = CARTESIAN_POINT ( 'NONE',  ( 0.08453069866588609760, 0.7955493185550259749, 2.057151638076870181 ) ) ;
#487 = ORIENTED_EDGE ( 'NONE', *, *, #1198, .T. ) ;
#488 = ORIENTED_EDGE ( 'NONE', *, *, #1729, .F. ) ;
#489 = EDGE_LOOP ( 'NONE', ( #345, #1320 ) ) ;
#490 = CARTESIAN_POINT ( 'NONE',  ( -0.4994332550975400520, 0.6249532896742590049, 2.525143512190799910 ) ) ;
#491 = CARTESIAN_POINT ( 'NONE',  ( 0.3591145314217020212, 0.8795548823069839761, 2.008118879907729859 ) ) ;
#492 = CARTESIAN_POINT ( 'NONE',  ( 0.3624261283792880040, -0.7132686062826110174, 2.205296947146980102 ) ) ;
#493 = LINE ( 'NONE', #1432, #2244 ) ;
#494 = CIRCLE ( 'NONE', #797, 0.2749999999999999112 ) ;
#495 = CARTESIAN_POINT ( 'NONE',  ( -1.408962799656039991E-16, 2.000000000000000000, 2.549999999999999822 ) ) ;
#496 = CARTESIAN_POINT ( 'NONE',  ( -0.05000000000000000278, -2.133282871356239951, 3.149999999999999911 ) ) ;
#497 = VECTOR ( 'NONE', #712, 100.0000000000000000 ) ;
#498 = DIRECTION ( 'NONE',  ( 0.000000000000000000, -1.000000000000000000, 0.000000000000000000 ) ) ;
#499 = CARTESIAN_POINT ( 'NONE',  ( -0.4517352460491220190, 0.8360047646956318967, 2.081873742888430190 ) ) ;
#500 = ORIENTED_EDGE ( 'NONE', *, *, #2073, .T. ) ;
#501 = DIRECTION ( 'NONE',  ( -1.398518317369859596E-16, 0.8660254037844388186, 0.4999999999999998335 ) ) ;
#502 = DIRECTION ( 'NONE',  ( 6.123233995736766036E-17, 0.000000000000000000, 1.000000000000000000 ) ) ;
#503 = PLANE ( 'NONE',  #2536 ) ;
#504 = ORIENTED_EDGE ( 'NONE', *, *, #1296, .F. ) ;
#505 = ORIENTED_EDGE ( 'NONE', *, *, #286, .F. ) ;
#506 = VECTOR ( 'NONE', #1094, 100.0000000000000000 ) ;
#507 = EDGE_CURVE ( 'NONE', #206, #3009, #1221, .T. ) ;
#508 = DIRECTION ( 'NONE',  ( 1.000000000000000000, 0.000000000000000000, 0.000000000000000000 ) ) ;
#509 = EDGE_CURVE ( 'NONE', #941, #1730, #283, .T. ) ;
#510 = CIRCLE ( 'NONE', #2774, 0.1499999999999999667 ) ;
#511 = EDGE_CURVE ( 'NONE', #706, #1304, #2407, .T. ) ;
#512 = CARTESIAN_POINT ( 'NONE',  ( 0.6499945205236430379, 0.6928254668414439710, 2.556596285664870294 ) ) ;
#513 = VERTEX_POINT ( 'NONE', #2519 ) ;
#514 = DIRECTION ( 'NONE',  ( 0.000000000000000000, 0.000000000000000000, -1.000000000000000000 ) ) ;
#515 = CARTESIAN_POINT ( 'NONE',  ( 0.4243400601670369587, -0.8500036358798040981, 2.057522517898189740 ) ) ;
#516 = LINE ( 'NONE', #1685, #3035 ) ;
#517 = DIRECTION ( 'NONE',  ( 0.000000000000000000, -1.000000000000000000, 0.000000000000000000 ) ) ;
#518 = CARTESIAN_POINT ( 'NONE',  ( -0.5242067205212028735, 0.7923066847811018887, 2.165562805269009683 ) ) ;
#519 = EDGE_LOOP ( 'NONE', ( #256, #1676, #671, #2595 ) ) ;
#520 = EDGE_CURVE ( 'NONE', #2180, #962, #380, .T. ) ;
#521 = AXIS2_PLACEMENT_3D ( 'NONE', #1670, #2623, #498 ) ;
#522 = LINE ( 'NONE', #2227, #1579 ) ;
#523 = DIRECTION ( 'NONE',  ( -1.000000000000000000, 0.000000000000000000, 0.000000000000000000 ) ) ;
#524 = CARTESIAN_POINT ( 'NONE',  ( -0.9499999999999999556, -1.745121688784980249E-16, 1.700000000000000178 ) ) ;
#525 = VECTOR ( 'NONE', #168, 100.0000000000000000 ) ;
#526 = ORIENTED_EDGE ( 'NONE', *, *, #2216, .F. ) ;
#527 = CARTESIAN_POINT ( 'NONE',  ( 0.05000000000000000278, 2.133282871356239951, 3.149999999999999911 ) ) ;
#528 = ORIENTED_EDGE ( 'NONE', *, *, #1104, .T. ) ;
#529 = EDGE_CURVE ( 'NONE', #2561, #1615, #2642, .T. ) ;
#530 = EDGE_CURVE ( 'NONE', #687, #592, #2022, .T. ) ;
#531 = CARTESIAN_POINT ( 'NONE',  ( 0.6193484474719930244, 0.7203617675575189061, 2.352534139036939642 ) ) ;
#532 = CARTESIAN_POINT ( 'NONE',  ( 0.2055129161655969983, -0.7731772536089710490, 2.094140540842750031 ) ) ;
#533 = VECTOR ( 'NONE', #3041, 100.0000000000000000 ) ;
#534 = DIRECTION ( 'NONE',  ( 1.000000000000000000, 7.121240143874548712E-17, 0.000000000000000000 ) ) ;
#535 = CARTESIAN_POINT ( 'NONE',  ( 0.2348960095236939660, -0.9205513892534988862, 1.943846454811639868 ) ) ;
#536 = LINE ( 'NONE', #2923, #2098 ) ;
#537 = LINE ( 'NONE', #2249, #2549 ) ;
#538 = CARTESIAN_POINT ( 'NONE',  ( 0.000000000000000000, 0.000000000000000000, 0.000000000000000000 ) ) ;
#539 = VERTEX_POINT ( 'NONE', #170 ) ;
#540 = DIRECTION ( 'NONE',  ( -0.3157894736842101202, 0.9488292830168394421, 5.809903721919252208E-17 ) ) ;
#541 = CARTESIAN_POINT ( 'NONE',  ( -0.5000000000000000000, 0.6244997998398389427, 2.549999999999999822 ) ) ;
#542 = CARTESIAN_POINT ( 'NONE',  ( 0.1298192831311059947, 0.7894236567671719662, 2.067100848715449857 ) ) ;
#543 = AXIS2_PLACEMENT_3D ( 'NONE', #2573, #448, #1367 ) ;
#544 = EDGE_CURVE ( 'NONE', #441, #2992, #2709, .T. ) ;
#545 = ORIENTED_EDGE ( 'NONE', *, *, #829, .T. ) ;
#546 = DIRECTION ( 'NONE',  ( -0.000000000000000000, 1.000000000000000000, 0.000000000000000000 ) ) ;
#547 = ORIENTED_EDGE ( 'NONE', *, *, #2712, .F. ) ;
#548 = CARTESIAN_POINT ( 'NONE',  ( 0.2422704908867069629, 0.9186647833353260850, 1.946711705142069926 ) ) ;
#549 = CARTESIAN_POINT ( 'NONE',  ( 0.4938860962914249919, -0.6293474145632489414, 2.471780977609030039 ) ) ;
#550 = CARTESIAN_POINT ( 'NONE',  ( 0.7969137807799031581, 0.5500000000000002665, 1.975000000000000533 ) ) ;
#551 = CARTESIAN_POINT ( 'NONE',  ( 0.3123334633164249752, -0.8972352436906959605, 1.979873375556640003 ) ) ;
#552 = FACE_BOUND ( 'NONE', #873, .T. ) ;
#553 = DIRECTION ( 'NONE',  ( 7.121240143874548712E-17, -1.000000000000000000, 0.000000000000000000 ) ) ;
#554 = DIRECTION ( 'NONE',  ( -1.000000000000000000, 0.000000000000000000, 0.000000000000000000 ) ) ;
#555 = CARTESIAN_POINT ( 'NONE',  ( -0.1311626090052649962, 0.9409351347600239945, 1.913320852883559908 ) ) ;
#556 = VERTEX_POINT ( 'NONE', #3004 ) ;
#557 = EDGE_CURVE ( 'NONE', #770, #887, #1689, .T. ) ;
#558 = CARTESIAN_POINT ( 'NONE',  ( 0.05000000000000000278, -1.236841649025260059, 0.4000000000000000222 ) ) ;
#559 = CARTESIAN_POINT ( 'NONE',  ( -0.05000000000000000278, -1.236841649025260059, 0.4000000000000000222 ) ) ;
#560 = DIRECTION ( 'NONE',  ( 0.000000000000000000, 0.8660254037844388186, 0.4999999999999999445 ) ) ;
#561 =( GEOMETRIC_REPRESENTATION_CONTEXT ( 3 ) GLOBAL_UNCERTAINTY_ASSIGNED_CONTEXT ( ( #2563 ) ) GLOBAL_UNIT_ASSIGNED_CONTEXT ( ( #2034, #2985, #2747 ) ) REPRESENTATION_CONTEXT ( 'NONE', 'WORKASPACE' ) );
#562 = EDGE_LOOP ( 'NONE', ( #2164, #1149, #165, #2912 ) ) ;
#564 = ADVANCED_FACE ( 'NONE', ( #640 ), #1783, .T. ) ;
#563 = CARTESIAN_POINT ( 'NONE',  ( -0.3609352327308840147, 0.7139878987311120140, 2.203858727330199940 ) ) ;
#565 = ORIENTED_EDGE ( 'NONE', *, *, #2071, .T. ) ;
#566 = CARTESIAN_POINT ( 'NONE',  ( 0.6498663417962039501, 0.6929457193362260625, 2.535439693704649944 ) ) ;
#567 = CARTESIAN_POINT ( 'NONE',  ( 0.4899044806764500937, -0.6324525678906620652, 2.449825408124139958 ) ) ;
#568 = VERTEX_POINT ( 'NONE', #2963 ) ;
#569 = CARTESIAN_POINT ( 'NONE',  ( 0.1526326301312900258, -0.9377101835650849537, 1.918095422663359972 ) ) ;
#570 = CARTESIAN_POINT ( 'NONE',  ( 0.2999999999999999889, -1.524999999999999911, 0.7000000000000000666 ) ) ;
#571 = LINE ( 'NONE', #1519, #1956 ) ;
#572 = DIRECTION ( 'NONE',  ( 1.000000000000000000, 6.245152236670769497E-17, 7.043567548384689865E-33 ) ) ;
#573 = CARTESIAN_POINT ( 'NONE',  ( -0.09054012155905111214, 0.9457082075184858327, 1.906288373053000029 ) ) ;
#574 = EDGE_CURVE ( 'NONE', #216, #1438, #159, .T. ) ;
#575 = EDGE_CURVE ( 'NONE', #2137, #441, #994, .T. ) ;
#576 = CIRCLE ( 'NONE', #2548, 0.1499999999999999667 ) ;
#577 = DIRECTION ( 'NONE',  ( -1.000000000000000000, -4.898587196589410857E-16, -2.249639673992789970E-32 ) ) ;
#578 = PLANE ( 'NONE',  #990 ) ;
#579 = ORIENTED_EDGE ( 'NONE', *, *, #337, .F. ) ;
#580 = ORIENTED_EDGE ( 'NONE', *, *, #292, .F. ) ;
#581 = CARTESIAN_POINT ( 'NONE',  ( 0.2000000000000000111, 1.424248028774909927E-17, 0.000000000000000000 ) ) ;
#582 = ORIENTED_EDGE ( 'NONE', *, *, #1881, .F. ) ;
#583 = CARTESIAN_POINT ( 'NONE',  ( -1.408962799656039991E-16, -2.000000000000000000, 2.549999999999999822 ) ) ;
#584 = CARTESIAN_POINT ( 'NONE',  ( -0.6324299651892670848, -0.7089009443094810292, 2.399599113876529799 ) ) ;
#585 = CIRCLE ( 'NONE', #2306, 0.1499999999999999944 ) ;
#586 = LINE ( 'NONE', #2643, #765 ) ;
#587 = DIRECTION ( 'NONE',  ( 0.000000000000000000, -1.612047407890679772E-16, 1.000000000000000000 ) ) ;
#588 = CARTESIAN_POINT ( 'NONE',  ( -0.4998966531828329951, -0.6245825916721658988, 2.537557998951709859 ) ) ;
#589 = CARTESIAN_POINT ( 'NONE',  ( -0.1192491421781549932, -0.9425187835867271380, 1.910982938546169851 ) ) ;
#590 = CARTESIAN_POINT ( 'NONE',  ( 0.05000000000000000278, -1.524999999999999911, 0.7000000000000000666 ) ) ;
#591 = CARTESIAN_POINT ( 'NONE',  ( 0.5000000000000000000, 0.6244997998398399419, 2.549998846657074658 ) ) ;
#592 = VERTEX_POINT ( 'NONE', #2737 ) ;
#593 = ORIENTED_EDGE ( 'NONE', *, *, #427, .F. ) ;
#594 = CARTESIAN_POINT ( 'NONE',  ( 0.6475268768410649134, -0.6951331543687740977, 2.607354068663670255 ) ) ;
#595 = CARTESIAN_POINT ( 'NONE',  ( -0.6474580208791269609, -0.6951969952815180154, 2.492127388491490070 ) ) ;
#596 = DIRECTION ( 'NONE',  ( 0.000000000000000000, -1.000000000000000000, 0.000000000000000000 ) ) ;
#597 = FACE_OUTER_BOUND ( 'NONE', #2934, .T. ) ;
#598 = CARTESIAN_POINT ( 'NONE',  ( -0.4511869026375069369, -0.6606391043081880632, 2.334406753070469964 ) ) ;
#599 = CARTESIAN_POINT ( 'NONE',  ( -0.4121311760240350397, -0.8559809241112720235, 2.047284236941419699 ) ) ;
#600 = CIRCLE ( 'NONE', #2875, 0.1499999999999999667 ) ;
#601 = CARTESIAN_POINT ( 'NONE',  ( 0.2000000000000000111, -0.9618416490252570394, 0.5587713240271470205 ) ) ;
#602 = LINE ( 'NONE', #187, #3036 ) ;
#603 = ORIENTED_EDGE ( 'NONE', *, *, #2501, .T. ) ;
#604 = VECTOR ( 'NONE', #38, 100.0000000000000000 ) ;
#605 = VERTEX_POINT ( 'NONE', #2270 ) ;
#606 = CARTESIAN_POINT ( 'NONE',  ( -0.05000000000000000278, 1.524999999999999911, 0.1000000000000000056 ) ) ;
#607 = EDGE_CURVE ( 'NONE', #1543, #2176, #2989, .T. ) ;
#608 = DIRECTION ( 'NONE',  ( -1.000000000000000000, 0.000000000000000000, 0.000000000000000000 ) ) ;
#609 = CARTESIAN_POINT ( 'NONE',  ( -0.05000000000000000278, -1.425000000000000044, 0.7000000000000000666 ) ) ;
#610 = LINE ( 'NONE', #365, #2023 ) ;
#611 = VECTOR ( 'NONE', #2313, 100.0000000000000000 ) ;
#612 = CARTESIAN_POINT ( 'NONE',  ( -0.1971384338765569955, -0.9293494922671619030, 1.930570109812369761 ) ) ;
#613 = VECTOR ( 'NONE', #2768, 100.0000000000000000 ) ;
#614 = EDGE_CURVE ( 'NONE', #1144, #2425, #2085, .T. ) ;
#615 = DIRECTION ( 'NONE',  ( 1.000000000000000000, 0.000000000000000000, 0.000000000000000000 ) ) ;
#616 = PLANE ( 'NONE',  #1041 ) ;
#617 = DIRECTION ( 'NONE',  ( 0.1927274845473610776, 0.4906261603043731157, 0.8497894371696051996 ) ) ;
#618 = ORIENTED_EDGE ( 'NONE', *, *, #406, .T. ) ;
#619 = AXIS2_PLACEMENT_3D ( 'NONE', #304, #2942, #2706 ) ;
#620 = VERTEX_POINT ( 'NONE', #669 ) ;
#621 = EDGE_LOOP ( 'NONE', ( #414, #772, #2326, #1885, #289, #1749 ) ) ;
#622 = EDGE_CURVE ( 'NONE', #1163, #2378, #2119, .T. ) ;
#623 = CARTESIAN_POINT ( 'NONE',  ( -0.05000000000000000278, 0.9486832980505139901, 0.8000000000000000444 ) ) ;
#624 = DIRECTION ( 'NONE',  ( 2.133335558941509673E-16, -1.000000000000000000, 0.000000000000000000 ) ) ;
#625 = CARTESIAN_POINT ( 'NONE',  ( -0.8381491865197451263, -0.5245994334439315621, 1.793181551440787835 ) ) ;
#626 = DIRECTION ( 'NONE',  ( 1.000000000000000000, 7.121240143874548712E-17, 0.000000000000000000 ) ) ;
#627 = DIRECTION ( 'NONE',  ( 1.000000000000000000, 6.245152236670769497E-17, 7.043567548384689865E-33 ) ) ;
#628 = VECTOR ( 'NONE', #382, 100.0000000000000000 ) ;
#629 = CARTESIAN_POINT ( 'NONE',  ( 0.2000000000000000111, -1.236841649025260059, 0.7175426480542940189 ) ) ;
#630 = CARTESIAN_POINT ( 'NONE',  ( -0.7500000000000000000, 0.1587713240271469983, 1.975000000000000089 ) ) ;
#631 = EDGE_LOOP ( 'NONE', ( #2542, #1988, #1509, #2496 ) ) ;
#632 = ADVANCED_FACE ( 'NONE', ( #461 ), #2778, .F. ) ;
#633 = B_SPLINE_CURVE_WITH_KNOTS ( 'NONE', 3,
 ( #2884, #1915, #917, #758, #1700, #1648, #2419, #2868, #2601, #12, #477, #1180, #738, #1682, #2586, #532, #721, #946, #1900, #2852, #693, #1463, #1666, #2100, #3057, #1868, #2618, #2818, #458, #492, #2670, #2919, #2186, #1030, #1735, #1953, #2904, #1970, #2689, #315, #60, #789, #1480, #567, #1498, #549, #2432, #1016, #1987, #2452, #2936, #774, #333, #1262 ),
 .UNSPECIFIED., .F., .F.,
 ( 4, 1, 1, 1, 1, 1, 1, 1, 1, 1, 1, 1, 1, 1, 1, 1, 1, 1, 1, 1, 1, 1, 1, 1, 1, 1, 1, 1, 1, 1, 1, 1, 1, 1, 1, 1, 1, 1, 1, 1, 1, 1, 1, 1, 1, 1, 1, 1, 1, 1, 1, 4 ),
 ( 0.000000000000000000, 0.01529378047763399993, 0.03063538910407850174, 0.04599595168943999834, 0.06139419975680699554, 0.07680818495857970329, 0.09223843531268501039, 0.1076820923463210067, 0.1231338511275979902, 0.1385863160903329783, 0.1540437026180949964, 0.1694944793140560069, 0.1849464680298429919, 0.2003987820174920054, 0.2158563609061950050, 0.2313239734464109798, 0.2467969208140889936, 0.2622695523423990149, 0.2777874339968739448, 0.2933470458774569689, 0.3089919961216680000, 0.3246775109056659891, 0.3458008322356589948, 0.3724072529908959983, 0.3991954177995720165, 0.4207563873764579854, 0.4370301868505999665, 0.4533220145080130159, 0.4786331696210780473, 0.5164860933979640301, 0.5705365355365570323, 0.6281323745083650101, 0.6821025161032000517, 0.7197075157562839998, 0.7445841559194790182, 0.7602721526471389879, 0.7758904093833689508, 0.7913038711195989894, 0.8065931464614529700, 0.8216944968015990058, 0.8367375944339959792, 0.8516731886246160510, 0.8665524274096929602, 0.8813971016655610669, 0.8962542117702980704, 0.9111347947028399785, 0.9260063378418330604, 0.9408619584495950816, 0.9556974599707540596, 0.9704896391094459673, 0.9852575665110490100, 1.000000000000000000 ),
 .UNSPECIFIED. ) ;
#634 = ORIENTED_EDGE ( 'NONE', *, *, #657, .T. ) ;
#635 = ORIENTED_EDGE ( 'NONE', *, *, #146, .T. ) ;
#636 = CARTESIAN_POINT ( 'NONE',  ( 0.6403502476547269229, -0.7017511234163279488, 2.661849788516440274 ) ) ;
#637 = LINE ( 'NONE', #862, #201 ) ;
#638 = DIRECTION ( 'NONE',  ( 1.000000000000000000, 7.121240143874548712E-17, 0.000000000000000000 ) ) ;
#639 = LINE ( 'NONE', #2251, #1471 ) ;
#640 = FACE_OUTER_BOUND ( 'NONE', #2882, .T. ) ;
#641 = EDGE_CURVE ( 'NONE', #222, #1912, #2790, .T. ) ;
#642 = LINE ( 'NONE', #2135, #2651 ) ;
#643 = ADVANCED_FACE ( 'NONE', ( #1607, #1152 ), #1637, .F. ) ;
#644 = AXIS2_PLACEMENT_3D ( 'NONE', #2159, #308, #2194 ) ;
#645 = CARTESIAN_POINT ( 'NONE',  ( 0.2000000000000000111, -1.511841649025259970, 0.2412286759728530239 ) ) ;
#646 = EDGE_LOOP ( 'NONE', ( #785, #647, #528, #311 ) ) ;
#647 = ORIENTED_EDGE ( 'NONE', *, *, #557, .F. ) ;
#648 = ORIENTED_EDGE ( 'NONE', *, *, #2577, .T. ) ;
#649 = EDGE_CURVE ( 'NONE', #1116, #1688, #1415, .T. ) ;
#650 = CARTESIAN_POINT ( 'NONE',  ( 0.2999999999999999889, -0.9013878188659970592, 0.8000000000000000444 ) ) ;
#651 = DIRECTION ( 'NONE',  ( 6.245152236670769497E-17, -1.000000000000000000, 0.000000000000000000 ) ) ;
#652 = CARTESIAN_POINT ( 'NONE',  ( 0.2000000000000000111, 0.9618416490252570394, 0.5587713240271470205 ) ) ;
#653 = VECTOR ( 'NONE', #2978, 100.0000000000000000 ) ;
#654 = CARTESIAN_POINT ( 'NONE',  ( -0.3921623220876220284, -0.6973114774519559855, 2.239713823795910219 ) ) ;
#655 = CARTESIAN_POINT ( 'NONE',  ( 0.05000000000000000278, -1.524999999999999911, 0.1000000000000000056 ) ) ;
#656 = ADVANCED_FACE ( 'NONE', ( #1871 ), #2368, .F. ) ;
#657 = EDGE_CURVE ( 'NONE', #2830, #2430, #2821, .T. ) ;
#658 = FACE_OUTER_BOUND ( 'NONE', #2349, .T. ) ;
#659 = DIRECTION ( 'NONE',  ( 5.782411586589357639E-16, -1.000000000000000000, 0.000000000000000000 ) ) ;
#660 = ORIENTED_EDGE ( 'NONE', *, *, #854, .F. ) ;
#661 = EDGE_LOOP ( 'NONE', ( #2596, #2745, #1417, #330, #1879, #900 ) ) ;
#662 = VECTOR ( 'NONE', #514, 100.0000000000000000 ) ;
#663 = LINE ( 'NONE', #1865, #1211 ) ;
#664 = VECTOR ( 'NONE', #1486, 100.0000000000000000 ) ;
#665 = CARTESIAN_POINT ( 'NONE',  ( 0.6498050139550390902, 0.6930032375202530570, 2.567005736564480056 ) ) ;
#666 = CYLINDRICAL_SURFACE ( 'NONE', #1602, 0.1499999999999999667 ) ;
#667 = CARTESIAN_POINT ( 'NONE',  ( -0.3070757927457570258, -0.7387418084385630745, 2.155345258607490155 ) ) ;
#668 = LINE ( 'NONE', #460, #2801 ) ;
#669 = CARTESIAN_POINT ( 'NONE',  ( -0.05000000000000000278, 1.524999999999999911, 0.7000000000000000666 ) ) ;
#670 = VECTOR ( 'NONE', #2776, 100.0000000000000000 ) ;
#671 = ORIENTED_EDGE ( 'NONE', *, *, #507, .F. ) ;
#672 = DIRECTION ( 'NONE',  ( 6.123233995736769734E-17, -1.000000000000000000, -6.123233995736769734E-17 ) ) ;
#673 = AXIS2_PLACEMENT_3D ( 'NONE', #2939, #2704, #861 ) ;
#674 = DIRECTION ( 'NONE',  ( 6.123233995736769734E-17, -1.000000000000000000, -6.123233995736769734E-17 ) ) ;
#675 = ORIENTED_EDGE ( 'NONE', *, *, #377, .F. ) ;
#676 = ORIENTED_EDGE ( 'NONE', *, *, #2154, .T. ) ;
#677 = LINE ( 'NONE', #1117, #134 ) ;
#678 = CYLINDRICAL_SURFACE ( 'NONE', #449, 0.1499999999999999667 ) ;
#679 = CARTESIAN_POINT ( 'NONE',  ( -0.7500000000000000000, 0.3175426480542939967, 1.700000000000000178 ) ) ;
#680 = CARTESIAN_POINT ( 'NONE',  ( -0.05000000000000000278, -0.7984359711335660137, -2.444505140932070474E-17 ) ) ;
#681 = CARTESIAN_POINT ( 'NONE',  ( 0.7500000000000000000, 2.770144402434298813E-16, 1.425000000000000266 ) ) ;
#682 = DIRECTION ( 'NONE',  ( 1.000000000000000000, 0.000000000000000000, 0.000000000000000000 ) ) ;
#683 = VECTOR ( 'NONE', #3002, 100.0000000000000000 ) ;
#684 = ORIENTED_EDGE ( 'NONE', *, *, #520, .T. ) ;
#685 = PLANE ( 'NONE',  #986 ) ;
#686 = ORIENTED_EDGE ( 'NONE', *, *, #1363, .T. ) ;
#687 = VERTEX_POINT ( 'NONE', #2355 ) ;
#688 = EDGE_LOOP ( 'NONE', ( #1103, #1208, #1804, #2276, #2317, #648 ) ) ;
#689 = FACE_OUTER_BOUND ( 'NONE', #661, .T. ) ;
#690 = EDGE_CURVE ( 'NONE', #2590, #1453, #1166, .T. ) ;
#691 = ADVANCED_FACE ( 'NONE', ( #2061 ), #436, .F. ) ;
#692 = DIRECTION ( 'NONE',  ( -1.000000000000000000, 1.421085471520199859E-15, 0.000000000000000000 ) ) ;
#693 = CARTESIAN_POINT ( 'NONE',  ( 0.2559002010826789686, -0.7579911202657549918, 2.120397627284770437 ) ) ;
#694 = CARTESIAN_POINT ( 'NONE',  ( 0.2999999999999999889, -0.9013878188659970592, 0.8000000000000000444 ) ) ;
#695 = PLANE ( 'NONE',  #1806 ) ;
#696 = DIRECTION ( 'NONE',  ( 1.000000000000000000, 0.000000000000000000, -4.440892098500630106E-16 ) ) ;
#697 = VERTEX_POINT ( 'NONE', #2091 ) ;
#698 = DIRECTION ( 'NONE',  ( 6.992591586849318935E-17, -0.8660254037844388186, 0.4999999999999998335 ) ) ;
#699 = CARTESIAN_POINT ( 'NONE',  ( -0.2999999999999999889, -1.425000000000000044, 0.1000000000000000056 ) ) ;
#700 = CARTESIAN_POINT ( 'NONE',  ( 0.04999999988397990647, 0.7984359711408308691, 2.052506281435030111 ) ) ;
#701 = ORIENTED_EDGE ( 'NONE', *, *, #2965, .F. ) ;
#702 = ORIENTED_EDGE ( 'NONE', *, *, #843, .F. ) ;
#703 = EDGE_LOOP ( 'NONE', ( #1515, #2614, #2290, #1218 ) ) ;
#704 = CARTESIAN_POINT ( 'NONE',  ( -0.9499999999999999556, 1.086841649025260148, 0.4000000000000000222 ) ) ;
#705 = CARTESIAN_POINT ( 'NONE',  ( -0.8592822404621650589, -0.3175426480542939967, 1.700000000000000178 ) ) ;
#706 = VERTEX_POINT ( 'NONE', #3028 ) ;
#707 = AXIS2_PLACEMENT_3D ( 'NONE', #2854, #281, #262 ) ;
#708 = DIRECTION ( 'NONE',  ( 1.000000000000000000, 0.000000000000000000, 0.000000000000000000 ) ) ;
#709 = CARTESIAN_POINT ( 'NONE',  ( 0.05000000000000000278, 1.524999999999999911, 0.1000000000000000056 ) ) ;
#710 = CARTESIAN_POINT ( 'NONE',  ( 0.2000000000000000111, -0.9618416490252570394, 0.5587713240271470205 ) ) ;
#711 = EDGE_LOOP ( 'NONE', ( #110, #385 ) ) ;
#712 = DIRECTION ( 'NONE',  ( 0.000000000000000000, 5.594073269479460078E-16, -1.000000000000000000 ) ) ;
#713 = CARTESIAN_POINT ( 'NONE',  ( -0.05868260166187010130, 0.7978606196512070259, 2.053429979725509558 ) ) ;
#714 = CIRCLE ( 'NONE', #1457, 0.8000000000000000444 ) ;
#715 = DIRECTION ( 'NONE',  ( 0.000000000000000000, -1.000000000000000000, 0.000000000000000000 ) ) ;
#716 = EDGE_LOOP ( 'NONE', ( #2145, #582, #387, #1544 ) ) ;
#717 = ORIENTED_EDGE ( 'NONE', *, *, #1014, .T. ) ;
#718 = EDGE_LOOP ( 'NONE', ( #1600, #2016, #1494, #261 ) ) ;
#719 = CARTESIAN_POINT ( 'NONE',  ( -0.4701547559483599814, 0.6472738631027679101, 2.379691398627650223 ) ) ;
#720 = CARTESIAN_POINT ( 'NONE',  ( 0.6056290480941959320, 0.7319563982130680158, 2.313518841064079901 ) ) ;
#721 = CARTESIAN_POINT ( 'NONE',  ( 0.2158513808352300334, -0.7703545434200800290, 2.098944111277809998 ) ) ;
#722 = CARTESIAN_POINT ( 'NONE',  ( -0.04999999997989080375, -0.7984359711348248956, 2.052506281444669956 ) ) ;
#723 = CARTESIAN_POINT ( 'NONE',  ( 0.6131835742540969747, -0.7256180065155100056, 2.334156447950999969 ) ) ;
#724 = CARTESIAN_POINT ( 'NONE',  ( -0.6339018181121549578, 0.7075793135713499549, 2.693765381765239830 ) ) ;
#725 = DIRECTION ( 'NONE',  ( 6.467871029485159971E-17, -1.000000000000000000, 0.000000000000000000 ) ) ;
#726 = AXIS2_PLACEMENT_3D ( 'NONE', #1048, #1035, #2469 ) ;
#727 = CARTESIAN_POINT ( 'NONE',  ( -0.1718361728499590013, 0.9343636239676400557, 1.923072654808550164 ) ) ;
#728 = VERTEX_POINT ( 'NONE', #3016 ) ;
#729 = EDGE_CURVE ( 'NONE', #982, #804, #934, .T. ) ;
#730 = LINE ( 'NONE', #1673, #1284 ) ;
#731 = EDGE_CURVE ( 'NONE', #473, #1075, #1317, .T. ) ;
#732 = CARTESIAN_POINT ( 'NONE',  ( -0.05000000000000000278, -1.524999999999999911, 0.1000000000000000056 ) ) ;
#733 = LINE ( 'NONE', #1711, #604 ) ;
#734 = VERTEX_POINT ( 'NONE', #1888 ) ;
#735 = ORIENTED_EDGE ( 'NONE', *, *, #3071, .T. ) ;
#736 = CARTESIAN_POINT ( 'NONE',  ( -0.4961905103644630444, 0.6275318823385920286, 2.487977921355939870 ) ) ;
#737 = CARTESIAN_POINT ( 'NONE',  ( 0.6314343981319879839, 0.7097890055243499807, 2.395455201621960128 ) ) ;
#738 = CARTESIAN_POINT ( 'NONE',  ( 0.1737476853349829986, -0.7809304077020789991, 2.081112281082379667 ) ) ;
#739 = EDGE_CURVE ( 'NONE', #2347, #568, #200, .T. ) ;
#740 = LINE ( 'NONE', #2885, #662 ) ;
#741 = CARTESIAN_POINT ( 'NONE',  ( 0.2000000000000000111, 0.9618416490252570394, 0.2412286759728530239 ) ) ;
#742 = CARTESIAN_POINT ( 'NONE',  ( 0.2000000000000000111, 1.086841649025260148, 0.4000000000000000222 ) ) ;
#743 = AXIS2_PLACEMENT_3D ( 'NONE', #1170, #2591, #2106 ) ;
#744 = DIRECTION ( 'NONE',  ( 0.000000000000000000, 1.000000000000000000, 0.000000000000000000 ) ) ;
#745 = CARTESIAN_POINT ( 'NONE',  ( -0.4156630758789200408, 0.8546290776517329046, 2.049364181423909859 ) ) ;
#746 = EDGE_LOOP ( 'NONE', ( #1694, #1982, #1357, #752, #684, #1289 ) ) ;
#747 = ADVANCED_FACE ( 'NONE', ( #2605 ), #1382, .F. ) ;
#748 = CARTESIAN_POINT ( 'NONE',  ( -0.2999999999999999889, -1.524999999999999911, 0.8000000000000000444 ) ) ;
#750 = ADVANCED_FACE ( 'NONE', ( #1858 ), #2547, .F. ) ;
#749 = LINE ( 'NONE', #2877, #2981 ) ;
#751 = CARTESIAN_POINT ( 'NONE',  ( -0.05000000000000000278, -1.425000000000000044, -8.725608443924890153E-17 ) ) ;
#752 = ORIENTED_EDGE ( 'NONE', *, *, #3049, .F. ) ;
#753 = VECTOR ( 'NONE', #264, 100.0000000000000000 ) ;
#754 = DIRECTION ( 'NONE',  ( -1.000000000000000000, 0.000000000000000000, 0.000000000000000000 ) ) ;
#755 = EDGE_LOOP ( 'NONE', ( #23, #2078, #1307, #488, #2066, #2143, #28, #3054 ) ) ;
#756 = CIRCLE ( 'NONE', #2494, 0.1499999999999999944 ) ;
#757 = CARTESIAN_POINT ( 'NONE',  ( -0.9499999999999999556, 1.386841649025259970, 0.4000000000000000222 ) ) ;
#758 = CARTESIAN_POINT ( 'NONE',  ( 0.07306122848394429325, -0.7966846530714719599, 2.055321294859929537 ) ) ;
#759 = DIRECTION ( 'NONE',  ( 0.000000000000000000, 6.123233995736769734E-17, -1.000000000000000000 ) ) ;
#760 = CARTESIAN_POINT ( 'NONE',  ( 0.2187909133077379775, -0.9245122317982970017, 1.937848766432189951 ) ) ;
#761 = DIRECTION ( 'NONE',  ( 0.000000000000000000, -0.8660254037844388186, -0.4999999999999998335 ) ) ;
#762 = CARTESIAN_POINT ( 'NONE',  ( 0.000000000000000000, 0.000000000000000000, 0.000000000000000000 ) ) ;
#763 = DIRECTION ( 'NONE',  ( 0.000000000000000000, 0.000000000000000000, -1.000000000000000000 ) ) ;
#764 = ORIENTED_EDGE ( 'NONE', *, *, #1567, .F. ) ;
#765 = VECTOR ( 'NONE', #744, 100.0000000000000000 ) ;
#766 = CARTESIAN_POINT ( 'NONE',  ( 0.6339018181194110424, -0.7075793135648510424, 2.693765381733239650 ) ) ;
#767 = DIRECTION ( 'NONE',  ( -7.228014483236698281E-17, 1.000000000000000000, 0.000000000000000000 ) ) ;
#768 = CARTESIAN_POINT ( 'NONE',  ( 0.2559002010826779694, 0.7579911202657539926, 2.120397627284770437 ) ) ;
#769 = AXIS2_PLACEMENT_3D ( 'NONE', #420, #2557, #444 ) ;
#770 = VERTEX_POINT ( 'NONE', #2226 ) ;
#771 = CARTESIAN_POINT ( 'NONE',  ( -0.2999999999999999889, 1.425000000000000044, 1.301042606982604088E-16 ) ) ;
#772 = ORIENTED_EDGE ( 'NONE', *, *, #1178, .F. ) ;
#773 = CARTESIAN_POINT ( 'NONE',  ( 0.5272703101640120460, 0.7902716097050670463, 2.169771924482549963 ) ) ;
#774 = CARTESIAN_POINT ( 'NONE',  ( 0.4999158028776879981, -0.6245672436269720240, 2.538767666166789727 ) ) ;
#775 = CARTESIAN_POINT ( 'NONE',  ( -0.2999999999999999889, -1.236841649025260059, 0.4000000000000000222 ) ) ;
#776 = CARTESIAN_POINT ( 'NONE',  ( -0.05000000000000000278, 0.9486832980505139901, 0.8000000000000000444 ) ) ;
#777 = DIRECTION ( 'NONE',  ( -1.000000000000000000, 0.000000000000000000, 0.000000000000000000 ) ) ;
#778 = CYLINDRICAL_SURFACE ( 'NONE', #619, 0.1499999999999999667 ) ;
#779 = CARTESIAN_POINT ( 'NONE',  ( 0.000000000000000000, -7.960204194457799175E-17, 1.300000000000000044 ) ) ;
#780 = CARTESIAN_POINT ( 'NONE',  ( -0.5334934333640679593, 0.7860823685550361040, 2.178556660263009981 ) ) ;
#781 = VERTEX_POINT ( 'NONE', #2749 ) ;
#782 = CARTESIAN_POINT ( 'NONE',  ( 0.6339018181189020051, 0.7075793135653070109, 2.693765381735489850 ) ) ;
#783 = CARTESIAN_POINT ( 'NONE',  ( 0.4257534848483739975, 0.6774515985209369484, 2.286801979680559871 ) ) ;
#784 = VECTOR ( 'NONE', #1521, 100.0000000000000000 ) ;
#785 = ORIENTED_EDGE ( 'NONE', *, *, #2724, .F. ) ;
#786 = CARTESIAN_POINT ( 'NONE',  ( -0.5000000000000000000, 0.6244997998398389427, 2.549999999999999822 ) ) ;
#787 = VERTEX_POINT ( 'NONE', #102 ) ;
#788 = CARTESIAN_POINT ( 'NONE',  ( 0.5751520171037030060, 0.7561470374973700004, 2.246900657088910069 ) ) ;
#789 = CARTESIAN_POINT ( 'NONE',  ( 0.4849480629176939339, -0.6362619668135849338, 2.428069390582580311 ) ) ;
#790 = VERTEX_POINT ( 'NONE', #118 ) ;
#791 = EDGE_CURVE ( 'NONE', #974, #1615, #610, .T. ) ;
#792 = CARTESIAN_POINT ( 'NONE',  ( 0.5765411860188610627, -0.7550866336313000193, 2.249559209339969890 ) ) ;
#793 = DIRECTION ( 'NONE',  ( -0.6250000000000000000, -0.7806247497997998996, 0.000000000000000000 ) ) ;
#794 = EDGE_CURVE ( 'NONE', #1154, #781, #2008, .T. ) ;
#795 = LINE ( 'NONE', #2456, #2009 ) ;
#796 = DIRECTION ( 'NONE',  ( 1.000000000000000000, 7.121240143874548712E-17, 0.000000000000000000 ) ) ;
#797 = AXIS2_PLACEMENT_3D ( 'NONE', #1491, #577, #975 ) ;
#798 = CARTESIAN_POINT ( 'NONE',  ( -0.6024174368648129718, 0.7345839709383709115, 2.305706085331140187 ) ) ;
#799 = EDGE_CURVE ( 'NONE', #3009, #2590, #2272, .T. ) ;
#800 = PLANE ( 'NONE',  #644 ) ;
#801 = CARTESIAN_POINT ( 'NONE',  ( 0.4995378641146809851, 0.6248696256996839615, 2.527552501560740073 ) ) ;
#802 = AXIS2_PLACEMENT_3D ( 'NONE', #2719, #390, #2046 ) ;
#803 = ORIENTED_EDGE ( 'NONE', *, *, #1279, .F. ) ;
#804 = VERTEX_POINT ( 'NONE', #2721 ) ;
#805 = LINE ( 'NONE', #751, #2987 ) ;
#806 = ORIENTED_EDGE ( 'NONE', *, *, #865, .T. ) ;
#807 = CARTESIAN_POINT ( 'NONE',  ( 0.6442289047737660423, -0.6981913718361879573, 2.636772771212879896 ) ) ;
#808 = CARTESIAN_POINT ( 'NONE',  ( -0.5198306320615799780, -0.7951851299764439718, 2.159666553503240216 ) ) ;
#809 = PLANE ( 'NONE',  #2899 ) ;
#810 = DIRECTION ( 'NONE',  ( 6.123233995736768501E-17, -1.000000000000000000, 0.000000000000000000 ) ) ;
#811 = DIRECTION ( 'NONE',  ( 0.000000000000000000, -1.000000000000000000, 0.000000000000000000 ) ) ;
#812 = CARTESIAN_POINT ( 'NONE',  ( -0.2095256289787560122, -0.9266348233681911406, 1.934650207237099906 ) ) ;
#813 = VECTOR ( 'NONE', #2404, 100.0000000000000000 ) ;
#814 = LINE ( 'NONE', #1762, #1282 ) ;
#815 = AXIS2_PLACEMENT_3D ( 'NONE', #1091, #596, #608 ) ;
#816 = CARTESIAN_POINT ( 'NONE',  ( 0.4955135746134590180, 0.6280664915132418979, 2.482856987236469859 ) ) ;
#817 = EDGE_LOOP ( 'NONE', ( #2690, #5, #1862, #1777 ) ) ;
#818 = VERTEX_POINT ( 'NONE', #864 ) ;
#819 = ORIENTED_EDGE ( 'NONE', *, *, #1979, .F. ) ;
#820 = CARTESIAN_POINT ( 'NONE',  ( 0.6423592821588899326, -0.6999124552168060065, 2.450292697188980018 ) ) ;
#821 = CARTESIAN_POINT ( 'NONE',  ( -0.5552383160042709820, -0.7708720626558079880, 2.211929651550520237 ) ) ;
#822 = AXIS2_PLACEMENT_3D ( 'NONE', #2785, #176, #1587 ) ;
#823 = SURFACE_STYLE_USAGE ( .BOTH. , #2019 ) ;
#824 = DIRECTION ( 'NONE',  ( 0.000000000000000000, 1.000000000000000000, 0.000000000000000000 ) ) ;
#825 = CARTESIAN_POINT ( 'NONE',  ( 0.05000000000000000278, -1.425000000000000044, 0.7000000000000000666 ) ) ;
#826 = CARTESIAN_POINT ( 'NONE',  ( -0.3356654091050439992, -0.8888838021109459753, 1.993069915866310327 ) ) ;
#827 = CARTESIAN_POINT ( 'NONE',  ( 0.4920158699394129309, 0.6308109877502710017, 2.460770936231570172 ) ) ;
#828 = EDGE_CURVE ( 'NONE', #1732, #901, #2282, .T. ) ;
#829 = EDGE_CURVE ( 'NONE', #1438, #1747, #639, .T. ) ;
#830 = CARTESIAN_POINT ( 'NONE',  ( -0.05000000000000000278, -1.524999999999999911, 0.7000000000000000666 ) ) ;
#831 = ORIENTED_EDGE ( 'NONE', *, *, #1639, .F. ) ;
#832 = ORIENTED_EDGE ( 'NONE', *, *, #1139, .T. ) ;
#833 = CARTESIAN_POINT ( 'NONE',  ( 0.6373097636884060835, -0.7045149475400419581, 2.421906490885230134 ) ) ;
#834 = CARTESIAN_POINT ( 'NONE',  ( -0.6485307179041460701, -0.6941963107830050328, 2.505573379452559646 ) ) ;
#835 = EDGE_CURVE ( 'NONE', #225, #2168, #1049, .T. ) ;
#836 = CARTESIAN_POINT ( 'NONE',  ( 0.2000000000000000111, 1.236841649025260059, 0.4000000000000000222 ) ) ;
#837 = LINE ( 'NONE', #1722, #445 ) ;
#838 = CARTESIAN_POINT ( 'NONE',  ( -0.7969137807799030471, 0.1587713240271469983, 1.975000000000000089 ) ) ;
#839 = CARTESIAN_POINT ( 'NONE',  ( 0.7500000000000000000, 1.377727649040770170E-16, 1.700000000000000178 ) ) ;
#840 = CARTESIAN_POINT ( 'NONE',  ( -0.05000000000000000278, -2.133282871356239951, 3.149999999999999911 ) ) ;
#841 = AXIS2_PLACEMENT_3D ( 'NONE', #2827, #523, #1387 ) ;
#842 = FACE_OUTER_BOUND ( 'NONE', #2044, .T. ) ;
#843 = EDGE_CURVE ( 'NONE', #1216, #982, #1995, .T. ) ;
#844 = CARTESIAN_POINT ( 'NONE',  ( 0.05000000000000000278, 2.000000000000000000, 1.901925930159210187 ) ) ;
#845 = VERTEX_POINT ( 'NONE', #1533 ) ;
#846 = AXIS2_PLACEMENT_3D ( 'NONE', #2863, #4, #2896 ) ;
#847 = ORIENTED_EDGE ( 'NONE', *, *, #3077, .F. ) ;
#848 = ORIENTED_EDGE ( 'NONE', *, *, #2112, .T. ) ;
#849 = CARTESIAN_POINT ( 'NONE',  ( 0.6460353254617040575, -0.6965197534940139601, 2.477886156042899746 ) ) ;
#850 = DIRECTION ( 'NONE',  ( 0.000000000000000000, -1.000000000000000000, 0.000000000000000000 ) ) ;
#851 = DIRECTION ( 'NONE',  ( -0.3157894736842101202, -0.9488292830168394421, 0.000000000000000000 ) ) ;
#852 = CARTESIAN_POINT ( 'NONE',  ( -0.4742071115501800271, -0.6443100747652489302, 2.391323439443299836 ) ) ;
#853 = CARTESIAN_POINT ( 'NONE',  ( -0.05469185476008749797, -0.9484360355197180015, 1.902287903000079883 ) ) ;
#854 = EDGE_CURVE ( 'NONE', #605, #3062, #158, .T. ) ;
#855 = CARTESIAN_POINT ( 'NONE',  ( -0.6398904961638749445, 0.7021706678513059963, 2.664459522193630026 ) ) ;
#856 = DIRECTION ( 'NONE',  ( 8.481262007470579401E-17, -1.000000000000000000, -3.392504802988229788E-16 ) ) ;
#857 = EDGE_LOOP ( 'NONE', ( #1411, #175, #138, #2784, #2092, #1373, #914, #928 ) ) ;
#858 = ORIENTED_EDGE ( 'NONE', *, *, #331, .F. ) ;
#859 = ORIENTED_EDGE ( 'NONE', *, *, #544, .F. ) ;
#860 = ORIENTED_EDGE ( 'NONE', *, *, #1961, .F. ) ;
#861 = DIRECTION ( 'NONE',  ( -1.000000000000000000, 1.224646799147350002E-16, 7.498798913309289408E-33 ) ) ;
#862 = CARTESIAN_POINT ( 'NONE',  ( -0.2999999999999999889, -1.425000000000000044, 0.8000000000000000444 ) ) ;
#863 = LINE ( 'NONE', #211, #131 ) ;
#864 = CARTESIAN_POINT ( 'NONE',  ( 0.2999999999999999889, -0.9618416490252570394, 0.2412286759728530239 ) ) ;
#865 = EDGE_CURVE ( 'NONE', #1453, #1624, #2673, .T. ) ;
#866 = CARTESIAN_POINT ( 'NONE',  ( -0.2773025673031169758, -0.9087892722606851770, 1.961840673797039747 ) ) ;
#867 = EDGE_CURVE ( 'NONE', #2028, #1751, #576, .T. ) ;
#868 = VECTOR ( 'NONE', #2746, 100.0000000000000000 ) ;
#869 = DIRECTION ( 'NONE',  ( -8.481262007470579401E-17, 1.000000000000000000, 0.000000000000000000 ) ) ;
#870 = EDGE_CURVE ( 'NONE', #1044, #2410, #2708, .T. ) ;
#871 = CARTESIAN_POINT ( 'NONE',  ( -1.408962799656039991E-16, -2.000000000000000000, 2.549999999999999822 ) ) ;
#872 = VERTEX_POINT ( 'NONE', #2470 ) ;
#873 = EDGE_LOOP ( 'NONE', ( #39, #847 ) ) ;
#874 = ORIENTED_EDGE ( 'NONE', *, *, #1145, .F. ) ;
#875 = ORIENTED_EDGE ( 'NONE', *, *, #1286, .F. ) ;
#876 = CARTESIAN_POINT ( 'NONE',  ( -0.9499999999999999556, -1.086841649025260148, 0.4000000000000000222 ) ) ;
#877 = CARTESIAN_POINT ( 'NONE',  ( 0.2999999999999999889, -1.511841649025259970, 0.2412286759728530239 ) ) ;
#878 = DIRECTION ( 'NONE',  ( 6.123233995736769734E-17, -1.000000000000000000, -6.123233995736769734E-17 ) ) ;
#879 = EDGE_CURVE ( 'NONE', #1555, #1058, #2308, .T. ) ;
#880 = LINE ( 'NONE', #212, #2140 ) ;
#881 = CARTESIAN_POINT ( 'NONE',  ( 0.2000000000000000111, -1.236841649025260059, 0.08245735194570610882 ) ) ;
#882 = CARTESIAN_POINT ( 'NONE',  ( -0.2999999999999999889, 1.086841649025260148, 0.4000000000000000222 ) ) ;
#883 = AXIS2_PLACEMENT_3D ( 'NONE', #558, #2443, #51 ) ;
#884 = CARTESIAN_POINT ( 'NONE',  ( -0.9216507001444270708, 0.1587713240271469983, 1.425000000000000044 ) ) ;
#885 = VECTOR ( 'NONE', #2128, 100.0000000000000000 ) ;
#886 = EDGE_LOOP ( 'NONE', ( #1677, #1662, #1346, #1389 ) ) ;
#887 = VERTEX_POINT ( 'NONE', #1590 ) ;
#888 = DIRECTION ( 'NONE',  ( 1.000000000000000000, 7.121240143874548712E-17, 0.000000000000000000 ) ) ;
#889 = CYLINDRICAL_SURFACE ( 'NONE', #2825, 0.1499999999999999667 ) ;
#890 = CARTESIAN_POINT ( 'NONE',  ( -0.2999999999999999889, 1.524999999999999911, 0.7000000000000000666 ) ) ;
#891 = CARTESIAN_POINT ( 'NONE',  ( -0.9216507001444270708, 0.1587713240271469983, 1.425000000000000044 ) ) ;
#892 = CARTESIAN_POINT ( 'NONE',  ( -0.05000000000000000971, 1.386841649025259970, 0.4000000000000000222 ) ) ;
#893 = CARTESIAN_POINT ( 'NONE',  ( -0.2999999999999999889, 1.425000000000000044, 0.7000000000000000666 ) ) ;
#894 = VECTOR ( 'NONE', #3060, 100.0000000000000000 ) ;
#895 = ORIENTED_EDGE ( 'NONE', *, *, #287, .T. ) ;
#896 = AXIS2_PLACEMENT_3D ( 'NONE', #1182, #1901, #1667 ) ;
#897 = LINE ( 'NONE', #1846, #2094 ) ;
#898 = PLANE ( 'NONE',  #2233 ) ;
#899 = ORIENTED_EDGE ( 'NONE', *, *, #2798, .F. ) ;
#900 = ORIENTED_EDGE ( 'NONE', *, *, #1744, .F. ) ;
#901 = VERTEX_POINT ( 'NONE', #891 ) ;
#902 = PLANE ( 'NONE',  #822 ) ;
#903 = CARTESIAN_POINT ( 'NONE',  ( 0.6387991062824379673, 0.7031642424527729807, 2.670422905293259763 ) ) ;
#904 = DIRECTION ( 'NONE',  ( 1.000000000000000000, 0.000000000000000000, 0.000000000000000000 ) ) ;
#905 = CARTESIAN_POINT ( 'NONE',  ( 0.2000000000000000111, 1.236841649025260059, 0.08245735194570590065 ) ) ;
#906 = CARTESIAN_POINT ( 'NONE',  ( -0.2999999999999999889, 1.425000000000000044, 0.8000000000000000444 ) ) ;
#907 = DIRECTION ( 'NONE',  ( -3.845925372767130098E-16, -0.8660254037844388186, 0.4999999999999999445 ) ) ;
#908 = AXIS2_PLACEMENT_3D ( 'NONE', #157, #1092, #2532 ) ;
#909 = EDGE_LOOP ( 'NONE', ( #1214, #1424 ) ) ;
#910 = AXIS2_PLACEMENT_3D ( 'NONE', #1381, #615, #2354 ) ;
#911 = DIRECTION ( 'NONE',  ( 1.000000000000000000, 0.000000000000000000, 0.000000000000000000 ) ) ;
#912 = EDGE_CURVE ( 'NONE', #1616, #109, #1635, .T. ) ;
#913 = ORIENTED_EDGE ( 'NONE', *, *, #953, .F. ) ;
#914 = ORIENTED_EDGE ( 'NONE', *, *, #2400, .F. ) ;
#915 = LINE ( 'NONE', #431, #1876 ) ;
#916 = CARTESIAN_POINT ( 'NONE',  ( 0.2999999999999999889, 0.9618416490252570394, 0.5587713240271460213 ) ) ;
#917 = CARTESIAN_POINT ( 'NONE',  ( 0.06155501702109230505, -0.7976562567510929735, 2.053758195847370072 ) ) ;
#918 = CARTESIAN_POINT ( 'NONE',  ( 0.2999999999999999889, 1.511841649025259970, 0.5587713240271470205 ) ) ;
#919 = DIRECTION ( 'NONE',  ( 0.000000000000000000, 1.734723475976807094E-15, 1.000000000000000000 ) ) ;
#920 = DIRECTION ( 'NONE',  ( 0.000000000000000000, 0.4999999999999999445, 0.8660254037844388186 ) ) ;
#921 = EDGE_CURVE ( 'NONE', #556, #189, #1341, .T. ) ;
#922 = VECTOR ( 'NONE', #3075, 100.0000000000000000 ) ;
#923 = ORIENTED_EDGE ( 'NONE', *, *, #181, .F. ) ;
#924 = DIRECTION ( 'NONE',  ( -7.121240143874548712E-17, 1.000000000000000000, 0.000000000000000000 ) ) ;
#925 = CARTESIAN_POINT ( 'NONE',  ( -0.3377732755430409850, 0.7252356360936639268, 2.181223501641909923 ) ) ;
#926 = EDGE_LOOP ( 'NONE', ( #2783, #2514, #675, #2512, #2744, #1275, #69, #1864 ) ) ;
#927 = EDGE_LOOP ( 'NONE', ( #1528, #41, #1558, #1028 ) ) ;
#928 = ORIENTED_EDGE ( 'NONE', *, *, #879, .T. ) ;
#929 = DIRECTION ( 'NONE',  ( 0.000000000000000000, -0.4999999999999998335, -0.8660254037844388186 ) ) ;
#930 = CARTESIAN_POINT ( 'NONE',  ( 0.2999999999999999889, -0.9013878188659970592, -6.362644666726320262E-17 ) ) ;
#931 = VERTEX_POINT ( 'NONE', #2296 ) ;
#932 = CARTESIAN_POINT ( 'NONE',  ( -0.1404343771819580033, -0.7876037270165580084, 2.070081496654979869 ) ) ;
#933 = CARTESIAN_POINT ( 'NONE',  ( 0.05000000000000000278, 1.236841649025260059, 0.4000000000000000222 ) ) ;
#934 = LINE ( 'NONE', #881, #2974 ) ;
#935 = AXIS2_PLACEMENT_3D ( 'NONE', #1309, #2267, #1770 ) ;
#936 = EDGE_LOOP ( 'NONE', ( #2540, #2815 ) ) ;
#937 = CARTESIAN_POINT ( 'NONE',  ( 0.2000000000000000111, -0.9618416490252570394, 0.5587713240271470205 ) ) ;
#938 = ADVANCED_FACE ( 'NONE', ( #3014 ), #434, .F. ) ;
#939 = CARTESIAN_POINT ( 'NONE',  ( -0.2975370697232380124, 0.7426354575675609970, 2.148105298711659561 ) ) ;
#940 = CARTESIAN_POINT ( 'NONE',  ( 0.2460704004486100049, 0.7612393308103200251, 2.114692846991899966 ) ) ;
#941 = VERTEX_POINT ( 'NONE', #680 ) ;
#942 = EDGE_LOOP ( 'NONE', ( #2198, #163 ) ) ;
#943 = ORIENTED_EDGE ( 'NONE', *, *, #1052, .F. ) ;
#944 = CARTESIAN_POINT ( 'NONE',  ( 0.2000000000000000111, -0.9618416490252570394, 0.2412286759728530239 ) ) ;
#945 = DIRECTION ( 'NONE',  ( 0.000000000000000000, -1.000000000000000000, 0.000000000000000000 ) ) ;
#946 = CARTESIAN_POINT ( 'NONE',  ( 0.2260552405125639819, -0.7674218076832539648, 2.103970795082079626 ) ) ;
#947 = VECTOR ( 'NONE', #708, 100.0000000000000000 ) ;
#948 = CARTESIAN_POINT ( 'NONE',  ( 0.5000000000000000000, -0.1499999999999999112, 1.700000000000000178 ) ) ;
#949 = CARTESIAN_POINT ( 'NONE',  ( 0.3826052204195329876, -0.8696070379064739786, 2.024408928355699633 ) ) ;
#950 = CARTESIAN_POINT ( 'NONE',  ( 0.2999999999999999889, -1.425000000000000044, -8.725608443924890153E-17 ) ) ;
#951 = PRODUCT_RELATED_PRODUCT_CATEGORY ( 'part', '', ( #229 ) ) ;
#952 = CARTESIAN_POINT ( 'NONE',  ( -0.6317016464981429769, 0.7095500279482980233, 2.396587455864469973 ) ) ;
#953 = EDGE_CURVE ( 'NONE', #963, #400, #2570, .T. ) ;
#954 = DIRECTION ( 'NONE',  ( 0.000000000000000000, -6.123233995736769734E-17, 1.000000000000000000 ) ) ;
#955 = ORIENTED_EDGE ( 'NONE', *, *, #9, .T. ) ;
#956 = EDGE_CURVE ( 'NONE', #931, #1395, #446, .T. ) ;
#957 = CARTESIAN_POINT ( 'NONE',  ( 0.000000000000000000, -7.960204194457799175E-17, 1.300000000000000044 ) ) ;
#958 = LINE ( 'NONE', #469, #307 ) ;
#959 = EDGE_CURVE ( 'NONE', #687, #2970, #880, .T. ) ;
#960 = VECTOR ( 'NONE', #2820, 100.0000000000000000 ) ;
#961 = CARTESIAN_POINT ( 'NONE',  ( 0.3293247147437269873, 0.7291003218698749455, 2.173692683943880155 ) ) ;
#962 = VERTEX_POINT ( 'NONE', #694 ) ;
#963 = VERTEX_POINT ( 'NONE', #2353 ) ;
#964 = DIRECTION ( 'NONE',  ( 0.000000000000000000, -0.000000000000000000, 1.000000000000000000 ) ) ;
#965 = CARTESIAN_POINT ( 'NONE',  ( 0.4414826774991189584, 0.8412195595417708560, 2.072845496627889972 ) ) ;
#966 = EDGE_LOOP ( 'NONE', ( #483, #2428, #2955, #2330 ) ) ;
#967 = CARTESIAN_POINT ( 'NONE',  ( -0.9499999999999999556, -1.086841649025260148, 0.4000000000000000222 ) ) ;
#968 = CARTESIAN_POINT ( 'NONE',  ( 0.05000000000000000278, -1.524999999999999911, 0.1000000000000000056 ) ) ;
#969 = CARTESIAN_POINT ( 'NONE',  ( -0.6412686813729959745, -0.7009108721758370297, 2.656332638337469909 ) ) ;
#970 = EDGE_CURVE ( 'NONE', #2410, #2730, #226, .T. ) ;
#971 = DIRECTION ( 'NONE',  ( 1.000000000000000000, 0.000000000000000000, 0.000000000000000000 ) ) ;
#972 = EDGE_CURVE ( 'NONE', #2898, #2510, #740, .T. ) ;
#973 = DIRECTION ( 'NONE',  ( -6.992551510882539886E-17, 1.000000000000000000, 0.000000000000000000 ) ) ;
#974 = VERTEX_POINT ( 'NONE', #948 ) ;
#975 = DIRECTION ( 'NONE',  ( 0.000000000000000000, -6.123233995736768501E-17, -1.000000000000000000 ) ) ;
#976 = CARTESIAN_POINT ( 'NONE',  ( -0.05000000000000000278, -1.425000000000000044, 0.8000000000000000444 ) ) ;
#977 = CARTESIAN_POINT ( 'NONE',  ( 0.1737476853349829986, 0.7809304077020799983, 2.081112281082379667 ) ) ;
#978 = VERTEX_POINT ( 'NONE', #2187 ) ;
#979 = CARTESIAN_POINT ( 'NONE',  ( -0.4341239379523879616, 0.6719776051926029670, 2.301833672595949842 ) ) ;
#980 = VERTEX_POINT ( 'NONE', #1683 ) ;
#981 = CARTESIAN_POINT ( 'NONE',  ( 0.05275734663964349452, 0.9485379761576860913, 1.902138661811490161 ) ) ;
#982 = VERTEX_POINT ( 'NONE', #1701 ) ;
#983 = DIRECTION ( 'NONE',  ( -1.398518317369859596E-16, 0.8660254037844388186, -0.4999999999999998335 ) ) ;
#984 = CARTESIAN_POINT ( 'NONE',  ( 0.4935122600299310380, -0.8118184655535560790, 2.126769503555239638 ) ) ;
#985 = CARTESIAN_POINT ( 'NONE',  ( -0.6452009798344440217, -0.6972922113586849102, 2.629006516820179939 ) ) ;
#986 = AXIS2_PLACEMENT_3D ( 'NONE', #1861, #1386, #1625 ) ;
#987 = CARTESIAN_POINT ( 'NONE',  ( -0.9499999999999999556, -1.745121688784980249E-16, 1.700000000000000178 ) ) ;
#988 = CARTESIAN_POINT ( 'NONE',  ( -0.5895838244373320380, 0.7449267668827229683, 2.276179868354649916 ) ) ;
#989 = ORIENTED_EDGE ( 'NONE', *, *, #1922, .F. ) ;
#990 = AXIS2_PLACEMENT_3D ( 'NONE', #2967, #2698, #560 ) ;
#991 = CARTESIAN_POINT ( 'NONE',  ( -0.1738804604485260086, 0.7809978147022410555, 2.080987374897440123 ) ) ;
#992 = CARTESIAN_POINT ( 'NONE',  ( 0.3624261283792870048, 0.7132686062826099072, 2.205296947146980102 ) ) ;
#993 = ORIENTED_EDGE ( 'NONE', *, *, #2762, .T. ) ;
#994 = CIRCLE ( 'NONE', #119, 0.1000000000000000056 ) ;
#995 = DIRECTION ( 'NONE',  ( 0.000000000000000000, -1.734723475976807094E-15, -1.000000000000000000 ) ) ;
#996 = ORIENTED_EDGE ( 'NONE', *, *, #1568, .F. ) ;
#997 = CIRCLE ( 'NONE', #1294, 0.5000000000000001110 ) ;
#998 = CARTESIAN_POINT ( 'NONE',  ( 0.3455005084357790079, 0.8849782008881279527, 1.999365506181050023 ) ) ;
#999 = CARTESIAN_POINT ( 'NONE',  ( -0.9499999999999999556, 3.673940397442020672E-17, 1.299999999999999822 ) ) ;
#1000 = DIRECTION ( 'NONE',  ( 6.123233995736769734E-17, -1.000000000000000000, -6.123233995736769734E-17 ) ) ;
#1001 = CARTESIAN_POINT ( 'NONE',  ( 0.5188506726722639240, -0.7958303188240639647, 2.158344107699759817 ) ) ;
#1002 = CARTESIAN_POINT ( 'NONE',  ( 0.2000000000000000111, -1.511841649025259970, 0.5587713240271470205 ) ) ;
#1003 = DIRECTION ( 'NONE',  ( 0.000000000000000000, -1.000000000000000000, 0.000000000000000000 ) ) ;
#1004 = LINE ( 'NONE', #1687, #2252 ) ;
#1005 = ORIENTED_EDGE ( 'NONE', *, *, #1743, .T. ) ;
#1006 = AXIS2_PLACEMENT_3D ( 'NONE', #3000, #1779, #651 ) ;
#1007 = CARTESIAN_POINT ( 'NONE',  ( -1.408962799656039991E-16, 2.000000000000000000, 2.549999999999999822 ) ) ;
#1008 = DIRECTION ( 'NONE',  ( 0.000000000000000000, 0.4999999999999999445, 0.8660254037844388186 ) ) ;
#1009 = EDGE_CURVE ( 'NONE', #1843, #728, #2202, .T. ) ;
#1010 = EDGE_LOOP ( 'NONE', ( #2371, #399 ) ) ;
#1011 = EDGE_CURVE ( 'NONE', #3062, #2848, #2014, .T. ) ;
#1012 = CARTESIAN_POINT ( 'NONE',  ( -0.2999999999999999889, 1.524999999999999911, 0.8000000000000000444 ) ) ;
#1013 = ORIENTED_EDGE ( 'NONE', *, *, #318, .F. ) ;
#1014 = EDGE_CURVE ( 'NONE', #440, #734, #1017, .T. ) ;
#1015 = CARTESIAN_POINT ( 'NONE',  ( 0.1478066843715480083, 0.9384562071612688738, 1.916990176672310087 ) ) ;
#1016 = CARTESIAN_POINT ( 'NONE',  ( 0.4968948669934209472, -0.6269739576196300401, 2.493986937242570257 ) ) ;
#1017 = LINE ( 'NONE', #1649, #813 ) ;
#1018 = CARTESIAN_POINT ( 'NONE',  ( 0.2972872649305139947, -0.9023332390162249750, 1.971884770468520065 ) ) ;
#1019 = DIRECTION ( 'NONE',  ( 6.123233995736769734E-17, -1.000000000000000000, -6.123233995736769734E-17 ) ) ;
#1020 = CARTESIAN_POINT ( 'NONE',  ( 0.2000000000000000111, 0.9618416490252570394, 0.2412286759728530239 ) ) ;
#1021 = DIRECTION ( 'NONE',  ( -1.084202172485505297E-16, 1.000000000000000000, -2.168404344971010594E-16 ) ) ;
#1022 = CARTESIAN_POINT ( 'NONE',  ( -0.9499999999999999556, 1.163414459189982478E-16, 7.123858967643808584E-33 ) ) ;
#1023 = ORIENTED_EDGE ( 'NONE', *, *, #2214, .T. ) ;
#1024 = CARTESIAN_POINT ( 'NONE',  ( 0.05000000000000000278, 1.236841649025260059, 0.4000000000000000222 ) ) ;
#1025 = CARTESIAN_POINT ( 'NONE',  ( 0.4680517327869299637, 0.6487957298021429509, 2.374011966231809989 ) ) ;
#1026 = ORIENTED_EDGE ( 'NONE', *, *, #690, .F. ) ;
#1027 = B_SPLINE_CURVE_WITH_KNOTS ( 'NONE', 3,
 ( #263, #1917, #1684, #1719, #1203, #1449, #335, #569, #2150, #301, #2621, #760, #535, #2421, #2133, #1482, #1018, #551, #14, #1234, #2922, #949, #2640, #2189, #515, #317, #1971, #2435, #63, #984, #1902, #1001, #1955, #2674, #282, #1433, #1702, #792, #1249, #1220, #2855, #2658, #723, #2170, #45, #1938, #1737, #1668, #833, #1990, #820, #2716, #849, #1561, #2732, #1264, #1794, #2971, #361, #1278, #2017, #2958, #594, #1293, #807, #2235, #636, #2984, #2515, #1807 ),
 .UNSPECIFIED., .F., .F.,
 ( 4, 1, 1, 1, 1, 1, 1, 1, 1, 1, 1, 1, 1, 1, 1, 1, 1, 1, 1, 1, 1, 1, 1, 1, 1, 1, 1, 1, 1, 1, 1, 1, 1, 1, 1, 1, 1, 1, 1, 1, 1, 1, 1, 1, 1, 1, 1, 1, 1, 1, 1, 1, 1, 1, 1, 1, 1, 1, 1, 1, 1, 1, 1, 1, 1, 1, 1, 4 ),
 ( 0.000000000000000000, 0.01494609981649890063, 0.02995400365623070160, 0.04500544984577699997, 0.06012362400410500157, 0.07526854815904750196, 0.09046539056623230379, 0.1056806374929230019, 0.1209160013124440103, 0.1361486175310180069, 0.1513952947058639920, 0.1666534786339219920, 0.1819367296166050085, 0.1972289193788510087, 0.2125552413154160047, 0.2279049358245339996, 0.2432915725371260218, 0.2586933259583990008, 0.2793420868094549925, 0.3000774539925289974, 0.3208940785785150407, 0.3366255520424720205, 0.3524206770858510085, 0.3683106836264650186, 0.3842298883364780315, 0.4002249890025749712, 0.4162660325714589993, 0.4377574409918559839, 0.4592738451177830195, 0.4808041402384010121, 0.4969368055564429842, 0.5130568320392019377, 0.5290714191129759492, 0.5449954118635820244, 0.5607481859836259686, 0.5764235900537869606, 0.5969184889114230730, 0.6171880890901170202, 0.6372331370019919117, 0.6519590897952050046, 0.6664872022489529702, 0.6806906202349289892, 0.6947683575506129472, 0.7085282851627610068, 0.7220979346330249626, 0.7354095127056340386, 0.7486561714328620054, 0.7616365840436190027, 0.7744225009605870680, 0.7868716862405290557, 0.7991925633511659521, 0.8111629942431610729, 0.8229288986068480360, 0.8344016057243970330, 0.8458073851178209424, 0.8569708968477649513, 0.8679578575680390040, 0.8786660611063540349, 0.8892757845918289883, 0.8996740727188430320, 0.9099526655383700646, 0.9234739729788730145, 0.9369370684730620180, 0.9503498416080329303, 0.9603290814738750791, 0.9702906539572869749, 0.9835086367246380634, 1.000000000000000000 ),
 .UNSPECIFIED. ) ;
#1028 = ORIENTED_EDGE ( 'NONE', *, *, #2108, .T. ) ;
#1029 = CARTESIAN_POINT ( 'NONE',  ( 0.6275332106824430545, 0.7132385380203319913, 2.380408527134299845 ) ) ;
#1030 = CARTESIAN_POINT ( 'NONE',  ( 0.4434142041028699688, -0.6659540454246190011, 2.318145907516750093 ) ) ;
#1031 = ORIENTED_EDGE ( 'NONE', *, *, #1889, .T. ) ;
#1032 = DIRECTION ( 'NONE',  ( 0.000000000000000000, 0.000000000000000000, -1.000000000000000000 ) ) ;
#1033 = CARTESIAN_POINT ( 'NONE',  ( -0.6074791025755360563, -0.7304036824780629766, 2.318556465486469875 ) ) ;
#1034 = FACE_OUTER_BOUND ( 'NONE', #373, .T. ) ;
#1035 = DIRECTION ( 'NONE',  ( -1.000000000000000000, 0.000000000000000000, 0.000000000000000000 ) ) ;
#1036 = VECTOR ( 'NONE', #1523, 100.0000000000000000 ) ;
#1037 = DIRECTION ( 'NONE',  ( -1.000000000000000000, 5.174336131182759951E-16, 0.000000000000000000 ) ) ;
#1038 =( GEOMETRIC_REPRESENTATION_CONTEXT ( 3 ) GLOBAL_UNCERTAINTY_ASSIGNED_CONTEXT ( ( #2475 ) ) GLOBAL_UNIT_ASSIGNED_CONTEXT ( ( #2491, #1473, #2257 ) ) REPRESENTATION_CONTEXT ( 'NONE', 'WORKASPACE' ) );
#1039 = CARTESIAN_POINT ( 'NONE',  ( 1.085401199583158505, 0.3030928152989394997, 0.7029782028437894237 ) ) ;
#1040 = LINE ( 'NONE', #1787, #1996 ) ;
#1041 = AXIS2_PLACEMENT_3D ( 'NONE', #1553, #2118, #2367 ) ;
#1042 = ORIENTED_EDGE ( 'NONE', *, *, #466, .F. ) ;
#1043 = ORIENTED_EDGE ( 'NONE', *, *, #1277, .T. ) ;
#1044 = VERTEX_POINT ( 'NONE', #2366 ) ;
#1045 = CARTESIAN_POINT ( 'NONE',  ( 0.6339018181121549578, 2.000000000000000000, 2.693765381765239830 ) ) ;
#1046 = CARTESIAN_POINT ( 'NONE',  ( -0.5001686944492789166, -0.8076994961943050333, 2.134771290097809970 ) ) ;
#1047 = CARTESIAN_POINT ( 'NONE',  ( 0.5000000000000000000, 0.6244997998398399419, 1.300000000000000044 ) ) ;
#1048 = CARTESIAN_POINT ( 'NONE',  ( 0.3500000000000000333, -1.425000000000000044, 0.1000000000000000056 ) ) ;
#1049 = LINE ( 'NONE', #838, #784 ) ;
#1050 = CARTESIAN_POINT ( 'NONE',  ( -0.07802147487478321153, -0.9468250882556228376, 1.904648740214080149 ) ) ;
#1051 = ADVANCED_FACE ( 'NONE', ( #2603 ), #1413, .F. ) ;
#1052 = EDGE_CURVE ( 'NONE', #2425, #1144, #2953, .T. ) ;
#1053 = ADVANCED_FACE ( 'NONE', ( #1219 ), #79, .T. ) ;
#1054 = CARTESIAN_POINT ( 'NONE',  ( 0.2000000000000000111, -1.511841649025259970, 0.5587713240271470205 ) ) ;
#1055 = STYLED_ITEM ( 'NONE', ( #1077 ), #2029 ) ;
#1056 = CARTESIAN_POINT ( 'NONE',  ( 0.4968948669934209472, 0.6269739576196300401, 2.493986937242570257 ) ) ;
#1057 = ADVANCED_FACE ( 'NONE', ( #2620 ), #2169, .T. ) ;
#1058 = VERTEX_POINT ( 'NONE', #722 ) ;
#1059 = VECTOR ( 'NONE', #2569, 100.0000000000000000 ) ;
#1060 = ORIENTED_EDGE ( 'NONE', *, *, #1269, .F. ) ;
#1061 = PLANE ( 'NONE',  #673 ) ;
#1062 = CARTESIAN_POINT ( 'NONE',  ( -0.5809221549613530211, -0.7517215099181410176, 2.258108625903149758 ) ) ;
#1063 = VECTOR ( 'NONE', #2333, 100.0000000000000000 ) ;
#1064 = PLANE ( 'NONE',  #815 ) ;
#1065 = CARTESIAN_POINT ( 'NONE',  ( 0.2000000000000000111, 1.236841649025260059, 0.7175426480542940189 ) ) ;
#1066 = CARTESIAN_POINT ( 'NONE',  ( -0.4961905103644630444, -0.6275318823385920286, 2.487977921355939870 ) ) ;
#1067 = CARTESIAN_POINT ( 'NONE',  ( -0.2357657145424669753, -0.9203182052185199247, 1.944201946170610151 ) ) ;
#1068 = EDGE_CURVE ( 'NONE', #3009, #162, #2656, .T. ) ;
#1069 = EDGE_CURVE ( 'NONE', #1116, #980, #1503, .T. ) ;
#1070 = DIRECTION ( 'NONE',  ( 1.000000000000000000, 0.000000000000000000, 0.000000000000000000 ) ) ;
#1071 = PLANE ( 'NONE',  #1546 ) ;
#1072 = EDGE_LOOP ( 'NONE', ( #1274, #2331, #701, #2849 ) ) ;
#1073 = AXIS2_PLACEMENT_3D ( 'NONE', #422, #1352, #878 ) ;
#1074 = ORIENTED_EDGE ( 'NONE', *, *, #416, .T. ) ;
#1075 = VERTEX_POINT ( 'NONE', #300 ) ;
#1076 = LINE ( 'NONE', #2032, #868 ) ;
#1077 = PRESENTATION_STYLE_ASSIGNMENT (( #823 ) ) ;
#1078 = DIRECTION ( 'NONE',  ( 0.000000000000000000, 6.123233995736769734E-17, -1.000000000000000000 ) ) ;
#1079 = CARTESIAN_POINT ( 'NONE',  ( -0.4701547559483599814, -0.6472738631027690204, 2.379691398627640009 ) ) ;
#1080 = CARTESIAN_POINT ( 'NONE',  ( 0.2999999999999999889, -1.524999999999999911, 0.7000000000000000666 ) ) ;
#1081 = AXIS2_PLACEMENT_3D ( 'NONE', #559, #1964, #767 ) ;
#1082 = CARTESIAN_POINT ( 'NONE',  ( -0.2999999999999999889, -1.425000000000000044, -8.881784197001250351E-17 ) ) ;
#1083 = AXIS2_PLACEMENT_3D ( 'NONE', #2268, #796, #824 ) ;
#1084 = LINE ( 'NONE', #2742, #2782 ) ;
#1085 = ORIENTED_EDGE ( 'NONE', *, *, #2499, .F. ) ;
#1086 = AXIS2_PLACEMENT_3D ( 'NONE', #141, #850, #1322 ) ;
#1087 = ORIENTED_EDGE ( 'NONE', *, *, #739, .T. ) ;
#1088 = ORIENTED_EDGE ( 'NONE', *, *, #2161, .F. ) ;
#1089 = EDGE_CURVE ( 'NONE', #845, #274, #1099, .T. ) ;
#1090 = DIRECTION ( 'NONE',  ( 0.07692307692307651101, 0.000000000000000000, -0.9970370305242862718 ) ) ;
#1091 = CARTESIAN_POINT ( 'NONE',  ( 0.2999999999999999889, -1.524999999999999911, 0.8000000000000000444 ) ) ;
#1092 = DIRECTION ( 'NONE',  ( 0.000000000000000000, -1.000000000000000000, 0.000000000000000000 ) ) ;
#1093 = CARTESIAN_POINT ( 'NONE',  ( 0.2000000000000000111, 0.9618416490252570394, 0.2412286759728530239 ) ) ;
#1094 = DIRECTION ( 'NONE',  ( 8.481262007470579401E-17, -1.000000000000000000, -3.392504802988229788E-16 ) ) ;
#1095 = EDGE_CURVE ( 'NONE', #974, #2305, #1893, .T. ) ;
#1096 = CARTESIAN_POINT ( 'NONE',  ( -0.6339018194791099514, 0.7075793123467309931, 2.693765375737950052 ) ) ;
#1097 = VECTOR ( 'NONE', #44, 100.0000000000000000 ) ;
#1098 = CARTESIAN_POINT ( 'NONE',  ( 0.5000000000000000000, 8.881784197001250351E-17, 1.700000000000000178 ) ) ;
#1099 =( BOUNDED_CURVE ( )  B_SPLINE_CURVE ( 3, ( #2671, #550, #1481, #244 ),
 .UNSPECIFIED., .F., .F. ) 
 B_SPLINE_CURVE_WITH_KNOTS ( ( 4, 4 ),
 ( 0.000000000000000000, 3.141592653589793116 ),
 .UNSPECIFIED. ) 
 CURVE ( )  GEOMETRIC_REPRESENTATION_ITEM ( )  RATIONAL_B_SPLINE_CURVE ( ( 1.000000000000000000, 0.3333333333333333703, 0.3333333333333333703, 1.000000000000000000 ) ) 
 REPRESENTATION_ITEM ( '' )  );
#1100 = ORIENTED_EDGE ( 'NONE', *, *, #1069, .T. ) ;
#1101 = EDGE_CURVE ( 'NONE', #2606, #2848, #493, .T. ) ;
#1102 = ADVANCED_FACE ( 'NONE', ( #316 ), #1248, .F. ) ;
#1103 = ORIENTED_EDGE ( 'NONE', *, *, #1608, .T. ) ;
#1104 = EDGE_CURVE ( 'NONE', #770, #1586, #30, .T. ) ;
#1105 = EDGE_LOOP ( 'NONE', ( #1158, #2915, #1584, #472 ) ) ;
#1106 = ORIENTED_EDGE ( 'NONE', *, *, #286, .T. ) ;
#1107 = DIRECTION ( 'NONE',  ( 0.000000000000000000, -1.000000000000000000, 0.000000000000000000 ) ) ;
#1108 = PLANE ( 'NONE',  #1006 ) ;
#1109 = CARTESIAN_POINT ( 'NONE',  ( -1.010952589933149848E-16, -2.000000000000000000, 3.200000000000000178 ) ) ;
#1110 = CARTESIAN_POINT ( 'NONE',  ( -0.1543822447146599997, -0.7850182487389960606, 2.074333162898439831 ) ) ;
#1111 = CARTESIAN_POINT ( 'NONE',  ( 0.05000000000000000278, -1.236841649025260059, 0.4000000000000000222 ) ) ;
#1112 = VECTOR ( 'NONE', #2806, 100.0000000000000000 ) ;
#1113 = CARTESIAN_POINT ( 'NONE',  ( -0.6500089201013840023, 0.6928119574047421070, 2.543184250533169877 ) ) ;
#1114 = DIRECTION ( 'NONE',  ( 1.000000000000000000, 2.133335558941509673E-16, 1.024206813746359955E-32 ) ) ;
#1115 = ORIENTED_EDGE ( 'NONE', *, *, #739, .F. ) ;
#1116 = VERTEX_POINT ( 'NONE', #2869 ) ;
#1117 = CARTESIAN_POINT ( 'NONE',  ( -0.7500000000000000000, 0.3175426480542939967, 1.700000000000000178 ) ) ;
#1118 = CARTESIAN_POINT ( 'NONE',  ( -0.7500000000000001110, -0.1500000000000001332, 1.700000000000000178 ) ) ;
#1119 = CARTESIAN_POINT ( 'NONE',  ( -0.05000000000000000971, -1.086841649025260148, 0.4000000000000000222 ) ) ;
#1120 = CARTESIAN_POINT ( 'NONE',  ( -0.4146882273874159530, -0.6841455676867739255, 2.270564886095509660 ) ) ;
#1121 = DIRECTION ( 'NONE',  ( -5.594073269479460078E-16, -1.000000000000000000, 0.000000000000000000 ) ) ;
#1122 = DIRECTION ( 'NONE',  ( 0.000000000000000000, 1.000000000000000000, 0.000000000000000000 ) ) ;
#1123 = ORIENTED_EDGE ( 'NONE', *, *, #2381, .T. ) ;
#1124 = CARTESIAN_POINT ( 'NONE',  ( -0.6352177280237670809, 0.7064029214643420262, 2.411869496887260045 ) ) ;
#1125 = DIRECTION ( 'NONE',  ( -1.000000000000000000, 0.000000000000000000, 0.000000000000000000 ) ) ;
#1126 = VECTOR ( 'NONE', #2328, 100.0000000000000000 ) ;
#1127 = ORIENTED_EDGE ( 'NONE', *, *, #10, .F. ) ;
#1128 = ORIENTED_EDGE ( 'NONE', *, *, #1014, .F. ) ;
#1129 = VERTEX_POINT ( 'NONE', #397 ) ;
#1130 = CARTESIAN_POINT ( 'NONE',  ( -0.05000000000000000278, -2.000000000000000000, 2.052506281446690117 ) ) ;
#1131 = CARTESIAN_POINT ( 'NONE',  ( 0.2999999999999999889, 1.425000000000000044, 0.1000000000000000056 ) ) ;
#1132 = CARTESIAN_POINT ( 'NONE',  ( 0.04999999999998570172, -0.9486832980505139901, 1.901925930159030109 ) ) ;
#1133 = CARTESIAN_POINT ( 'NONE',  ( -0.2421578117836410138, -0.7625325411338219617, 2.112421979163490171 ) ) ;
#1134 = PLANE ( 'NONE',  #1656 ) ;
#1135 = CARTESIAN_POINT ( 'NONE',  ( 0.5000000000000000000, 0.6244997998398399419, 2.549999999999999822 ) ) ;
#1136 = AXIS2_PLACEMENT_3D ( 'NONE', #1522, #2240, #2049 ) ;
#1137 = VERTEX_POINT ( 'NONE', #2551 ) ;
#1138 = EDGE_CURVE ( 'NONE', #804, #1390, #1788, .T. ) ;
#1139 = EDGE_CURVE ( 'NONE', #2305, #974, #756, .T. ) ;
#1140 = VECTOR ( 'NONE', #426, 100.0000000000000000 ) ;
#1141 = ADVANCED_FACE ( 'NONE', ( #2260 ), #1071, .F. ) ;
#1142 = CARTESIAN_POINT ( 'NONE',  ( 0.2999999999999999889, -1.511841649025259970, 0.2412286759728530239 ) ) ;
#1143 = ORIENTED_EDGE ( 'NONE', *, *, #2528, .T. ) ;
#1144 = VERTEX_POINT ( 'NONE', #149 ) ;
#1145 = EDGE_CURVE ( 'NONE', #2430, #556, #1594, .T. ) ;
#1146 = CARTESIAN_POINT ( 'NONE',  ( -0.2999999999999999889, -1.524999999999999911, 0.7000000000000000666 ) ) ;
#1147 = VECTOR ( 'NONE', #624, 100.0000000000000000 ) ;
#1148 = CARTESIAN_POINT ( 'NONE',  ( 0.2000000000000000111, -1.511841649025259970, 0.2412286759728530239 ) ) ;
#1149 = ORIENTED_EDGE ( 'NONE', *, *, #828, .F. ) ;
#1150 = CARTESIAN_POINT ( 'NONE',  ( -0.3609352327308850139, -0.7139878987311120140, 2.203858727330199940 ) ) ;
#1151 = DIRECTION ( 'NONE',  ( -1.000000000000000000, -6.245152236670769497E-17, -7.043567548384689865E-33 ) ) ;
#1152 = FACE_OUTER_BOUND ( 'NONE', #1496, .T. ) ;
#1153 = AXIS2_PLACEMENT_3D ( 'NONE', #3043, #2986, #2545 ) ;
#1154 = VERTEX_POINT ( 'NONE', #1540 ) ;
#1155 = EDGE_CURVE ( 'NONE', #931, #111, #2539, .T. ) ;
#1156 = FACE_OUTER_BOUND ( 'NONE', #942, .T. ) ;
#1157 = CARTESIAN_POINT ( 'NONE',  ( 0.05000000000000000278, -1.425000000000000044, -5.817072295949930877E-17 ) ) ;
#1158 = ORIENTED_EDGE ( 'NONE', *, *, #2152, .F. ) ;
#1159 = ORIENTED_EDGE ( 'NONE', *, *, #1089, .T. ) ;
#1160 = ORIENTED_EDGE ( 'NONE', *, *, #690, .T. ) ;
#1161 = FACE_OUTER_BOUND ( 'NONE', #2365, .T. ) ;
#1162 = DIRECTION ( 'NONE',  ( 2.133335558941509673E-16, -1.000000000000000000, 0.000000000000000000 ) ) ;
#1163 = VERTEX_POINT ( 'NONE', #1345 ) ;
#1164 = CARTESIAN_POINT ( 'NONE',  ( -0.7500000000000000000, -0.1587713240271469983, 1.975000000000000089 ) ) ;
#1165 = DIRECTION ( 'NONE',  ( -1.000000000000000000, 1.224646799147350002E-16, 7.498798913309289408E-33 ) ) ;
#1166 = LINE ( 'NONE', #655, #922 ) ;
#1167 = VECTOR ( 'NONE', #1781, 100.0000000000000000 ) ;
#1168 = ADVANCED_FACE ( 'NONE', ( #1814, #409 ), #2968, .T. ) ;
#1169 = EDGE_LOOP ( 'NONE', ( #580, #398, #208, #1895, #2831, #2303, #1306, #1571 ) ) ;
#1170 = CARTESIAN_POINT ( 'NONE',  ( -0.7500000000000000000, -1.377727649040770170E-16, 1.700000000000000178 ) ) ;
#1171 = CARTESIAN_POINT ( 'NONE',  ( -0.1983537004362130041, 0.7751827857836580682, 2.090721410536250158 ) ) ;
#1172 = FACE_OUTER_BOUND ( 'NONE', #631, .T. ) ;
#1173 = AXIS2_PLACEMENT_3D ( 'NONE', #748, #1690, #2663 ) ;
#1174 = ORIENTED_EDGE ( 'NONE', *, *, #2954, .F. ) ;
#1175 = ORIENTED_EDGE ( 'NONE', *, *, #2725, .F. ) ;
#1176 = VERTEX_POINT ( 'NONE', #2287 ) ;
#1177 = DIRECTION ( 'NONE',  ( 0.000000000000000000, 1.421085471520199908E-16, -1.000000000000000000 ) ) ;
#1178 = EDGE_CURVE ( 'NONE', #790, #2835, #997, .T. ) ;
#1179 = CARTESIAN_POINT ( 'NONE',  ( 0.2999999999999999889, 1.524999999999999911, 0.7000000000000000666 ) ) ;
#1180 = CARTESIAN_POINT ( 'NONE',  ( 0.1629220494770060035, -0.7832608648332829437, 2.077241541584500251 ) ) ;
#1181 = EDGE_CURVE ( 'NONE', #222, #2898, #2781, .T. ) ;
#1182 = CARTESIAN_POINT ( 'NONE',  ( 0.5000000000000000000, 8.881784197001250351E-17, 1.700000000000000178 ) ) ;
#1183 = DIRECTION ( 'NONE',  ( -1.000000000000000000, 0.000000000000000000, 0.000000000000000000 ) ) ;
#1184 = CARTESIAN_POINT ( 'NONE',  ( 0.05000000000000000278, -0.9486832980505139901, 0.8000000000000000444 ) ) ;
#1185 = CARTESIAN_POINT ( 'NONE',  ( -0.6497372728379330331, 0.6930667942528430103, 2.570144170258640060 ) ) ;
#1186 = AXIS2_PLACEMENT_3D ( 'NONE', #1774, #2243, #2493 ) ;
#1187 = CARTESIAN_POINT ( 'NONE',  ( -0.3407458633608340115, 0.8870046160813511715, 1.996058736909760212 ) ) ;
#1188 = ORIENTED_EDGE ( 'NONE', *, *, #410, .F. ) ;
#1189 = EDGE_CURVE ( 'NONE', #1543, #1044, #1084, .T. ) ;
#1190 = PLANE ( 'NONE',  #1371 ) ;
#1191 = CARTESIAN_POINT ( 'NONE',  ( -0.1543822447146599997, 0.7850182487389960606, 2.074333162898439831 ) ) ;
#1192 = CARTESIAN_POINT ( 'NONE',  ( 0.2055129161655969983, 0.7731772536089710490, 2.094140540842750031 ) ) ;
#1193 = ORIENTED_EDGE ( 'NONE', *, *, #2370, .F. ) ;
#1194 = EDGE_LOOP ( 'NONE', ( #92, #547, #1399, #1585 ) ) ;
#1195 = ORIENTED_EDGE ( 'NONE', *, *, #2152, .T. ) ;
#1196 = DIRECTION ( 'NONE',  ( 5.594073269479460078E-16, 1.000000000000000000, 0.000000000000000000 ) ) ;
#1197 = EDGE_CURVE ( 'NONE', #1176, #3037, #2065, .T. ) ;
#1198 = EDGE_CURVE ( 'NONE', #2994, #787, #602, .T. ) ;
#1199 = CARTESIAN_POINT ( 'NONE',  ( 0.1926475926686189999, 0.9302937742734220805, 1.929154217958690021 ) ) ;
#1200 = ORIENTED_EDGE ( 'NONE', *, *, #2441, .T. ) ;
#1201 = AXIS2_PLACEMENT_3D ( 'NONE', #1448, #759, #1000 ) ;
#1202 = DIRECTION ( 'NONE',  ( 0.000000000000000000, 6.123233995736769734E-17, -1.000000000000000000 ) ) ;
#1203 = CARTESIAN_POINT ( 'NONE',  ( 0.1016386131619459871, -0.9445996485017659205, 1.907917599769299866 ) ) ;
#1204 = VECTOR ( 'NONE', #869, 100.0000000000000000 ) ;
#1205 = CARTESIAN_POINT ( 'NONE',  ( -0.6339018175682099576, -0.7075793140586569274, 2.693765384163639975 ) ) ;
#1206 = DIRECTION ( 'NONE',  ( -1.000000000000000000, -6.245152236670769497E-17, -7.043567548384689865E-33 ) ) ;
#1207 = CARTESIAN_POINT ( 'NONE',  ( -0.2395206264137789698, 0.9193447798113090208, 1.945681999669830020 ) ) ;
#1208 = ORIENTED_EDGE ( 'NONE', *, *, #1568, .T. ) ;
#1209 = DIRECTION ( 'NONE',  ( 1.000000000000000000, 0.000000000000000000, 0.000000000000000000 ) ) ;
#1210 = CARTESIAN_POINT ( 'NONE',  ( -0.1115679806893380144, 0.7921995974068929414, 2.062577101943079860 ) ) ;
#1211 = VECTOR ( 'NONE', #190, 100.0000000000000000 ) ;
#1212 = PLANE ( 'NONE',  #846 ) ;
#1213 = ORIENTED_EDGE ( 'NONE', *, *, #2073, .F. ) ;
#1214 = ORIENTED_EDGE ( 'NONE', *, *, #2535, .T. ) ;
#1215 = CARTESIAN_POINT ( 'NONE',  ( -0.4658219615950269787, 0.6503998611620850356, 2.368175086554090036 ) ) ;
#1216 = VERTEX_POINT ( 'NONE', #645 ) ;
#1217 = CARTESIAN_POINT ( 'NONE',  ( 0.07513178530715390602, 0.9470372791581509464, 1.904337717492349924 ) ) ;
#1218 = ORIENTED_EDGE ( 'NONE', *, *, #854, .T. ) ;
#1219 = FACE_OUTER_BOUND ( 'NONE', #2042, .T. ) ;
#1220 = CARTESIAN_POINT ( 'NONE',  ( 0.5948159452271198910, -0.7407606563999740157, 2.287670123815409795 ) ) ;
#1221 = LINE ( 'NONE', #950, #1542 ) ;
#1222 = DIRECTION ( 'NONE',  ( 0.000000000000000000, -0.4999999999999999445, 0.8660254037844388186 ) ) ;
#1223 = CARTESIAN_POINT ( 'NONE',  ( -0.5961847039978640517, 0.7396529119703120214, 2.290866543769300101 ) ) ;
#1224 = ORIENTED_EDGE ( 'NONE', *, *, #2511, .T. ) ;
#1225 = AXIS2_PLACEMENT_3D ( 'NONE', #228, #682, #1623 ) ;
#1226 = FACE_OUTER_BOUND ( 'NONE', #3039, .T. ) ;
#1227 = CARTESIAN_POINT ( 'NONE',  ( -1.408962799656039991E-16, 2.000000000000000000, 2.549999999999999822 ) ) ;
#1228 = CARTESIAN_POINT ( 'NONE',  ( 0.3034371905745810172, 0.7402818486012280319, 2.152445481192629906 ) ) ;
#1229 = ORIENTED_EDGE ( 'NONE', *, *, #52, .T. ) ;
#1230 = FACE_OUTER_BOUND ( 'NONE', #2157, .T. ) ;
#1231 = ORIENTED_EDGE ( 'NONE', *, *, #2839, .T. ) ;
#1232 = CARTESIAN_POINT ( 'NONE',  ( 0.6476720090040659628, 0.6949984409726550627, 2.493644660144779923 ) ) ;
#1233 = CARTESIAN_POINT ( 'NONE',  ( -0.9499999999999998446, 0.2742236749811851060, 1.299999999999999600 ) ) ;
#1234 = CARTESIAN_POINT ( 'NONE',  ( 0.3466036680813959769, -0.8845946526277870259, 1.999965809932039873 ) ) ;
#1235 = CARTESIAN_POINT ( 'NONE',  ( 0.000000000000000000, -4.898587196589410610E-17, 0.8000000000000000444 ) ) ;
#1236 = CIRCLE ( 'NONE', #1825, 0.09999999999999992228 ) ;
#1237 = CARTESIAN_POINT ( 'NONE',  ( -0.05000000000000000278, -0.7984359711335660137, 2.052506281446690117 ) ) ;
#1238 = CARTESIAN_POINT ( 'NONE',  ( -0.2260085048925660201, 0.9227593328215349944, 1.940500610886370270 ) ) ;
#1239 = EDGE_LOOP ( 'NONE', ( #1643, #2860, #2756, #153, #2465, #2220, #2131, #2110, #453, #1013 ) ) ;
#1240 = EDGE_CURVE ( 'NONE', #2265, #2880, #2495, .T. ) ;
#1241 = LINE ( 'NONE', #2426, #1930 ) ;
#1242 = CARTESIAN_POINT ( 'NONE',  ( 0.3175374630823910027, 0.7343305778529159999, 2.163643642995060290 ) ) ;
#1243 = ORIENTED_EDGE ( 'NONE', *, *, #411, .F. ) ;
#1244 = CARTESIAN_POINT ( 'NONE',  ( -0.7500000000000000000, -0.1587713240271469983, 1.975000000000000089 ) ) ;
#1245 = ORIENTED_EDGE ( 'NONE', *, *, #1598, .F. ) ;
#1246 = CARTESIAN_POINT ( 'NONE',  ( 0.3329127240958990042, 0.8897929763923009272, 1.991660150880809832 ) ) ;
#1247 = DIRECTION ( 'NONE',  ( 0.000000000000000000, 6.938893903907228378E-15, -1.000000000000000000 ) ) ;
#1248 = CYLINDRICAL_SURFACE ( 'NONE', #2089, 0.8000000000000000444 ) ;
#1249 = CARTESIAN_POINT ( 'NONE',  ( 0.5864337535188980377, -0.7474251065835439967, 2.269361892809219849 ) ) ;
#1250 = DIRECTION ( 'NONE',  ( 1.000000000000000000, 0.000000000000000000, 0.000000000000000000 ) ) ;
#1251 = DIRECTION ( 'NONE',  ( 1.000000000000000000, 0.000000000000000000, 0.000000000000000000 ) ) ;
#1252 = LINE ( 'NONE', #1740, #1933 ) ;
#1253 = CARTESIAN_POINT ( 'NONE',  ( -0.6137418715118589940, 0.7251460674623140257, 2.335742540678329870 ) ) ;
#1254 = ORIENTED_EDGE ( 'NONE', *, *, #303, .F. ) ;
#1255 = MECHANICAL_DESIGN_GEOMETRIC_PRESENTATION_REPRESENTATION (  '', ( #1055 ), #561 ) ;
#1256 = DIRECTION ( 'NONE',  ( 7.228014483236698281E-17, -1.000000000000000000, 0.000000000000000000 ) ) ;
#1257 = FACE_BOUND ( 'NONE', #1878, .T. ) ;
#1258 = EDGE_LOOP ( 'NONE', ( #323, #2396, #1712, #1527, #306, #1860 ) ) ;
#1259 = ORIENTED_EDGE ( 'NONE', *, *, #328, .T. ) ;
#1260 = VECTOR ( 'NONE', #1574, 100.0000000000000000 ) ;
#1261 = CARTESIAN_POINT ( 'NONE',  ( 0.6359371171158989533, 0.7057611288202200184, 2.414851268706689869 ) ) ;
#1262 = CARTESIAN_POINT ( 'NONE',  ( 0.5000000000000000000, -0.6244997998398399419, 2.549999999999999822 ) ) ;
#1263 = EDGE_LOOP ( 'NONE', ( #1213, #2031, #374, #1043 ) ) ;
#1264 = CARTESIAN_POINT ( 'NONE',  ( 0.6492383503353600371, -0.6935342948176700384, 2.517655956319059918 ) ) ;
#1265 = CARTESIAN_POINT ( 'NONE',  ( -0.6384793143666800397, -0.7034543847259869809, 2.427913535353749985 ) ) ;
#1266 = CARTESIAN_POINT ( 'NONE',  ( -1.408962799656039991E-16, 2.000000000000000000, 2.549999999999999822 ) ) ;
#1267 = CARTESIAN_POINT ( 'NONE',  ( 0.05000000000000000278, 1.425000000000000044, 0.1000000000000000056 ) ) ;
#1268 = CARTESIAN_POINT ( 'NONE',  ( -0.4658219615950269787, -0.6503998611620850356, 2.368175086554090036 ) ) ;
#1269 = EDGE_CURVE ( 'NONE', #1586, #188, #1440, .T. ) ;
#1270 = VECTOR ( 'NONE', #2020, 100.0000000000000000 ) ;
#1271 = DIRECTION ( 'NONE',  ( 0.09999999999999997780, 0.000000000000000000, -0.9949874371066200762 ) ) ;
#1272 = CARTESIAN_POINT ( 'NONE',  ( 0.5000000000000000000, 0.6244997998398399419, 2.549998846657074658 ) ) ;
#1273 = EDGE_LOOP ( 'NONE', ( #1459, #1026, #1793, #859 ) ) ;
#1274 = ORIENTED_EDGE ( 'NONE', *, *, #2370, .T. ) ;
#1275 = ORIENTED_EDGE ( 'NONE', *, *, #574, .T. ) ;
#1276 = EDGE_CURVE ( 'NONE', #901, #1499, #1775, .T. ) ;
#1277 = EDGE_CURVE ( 'NONE', #1615, #2561, #121, .T. ) ;
#1278 = CARTESIAN_POINT ( 'NONE',  ( 0.6497916818114709558, -0.6930157541921359021, 2.567885879517419756 ) ) ;
#1279 = EDGE_CURVE ( 'NONE', #1751, #2028, #510, .T. ) ;
#1280 = CARTESIAN_POINT ( 'NONE',  ( -0.6462263477258750610, -0.6963423341085860363, 2.479684320138729969 ) ) ;
#1281 = CYLINDRICAL_SURFACE ( 'NONE', #1627, 0.8000000000000000444 ) ;
#1282 = VECTOR ( 'NONE', #2710, 100.0000000000000000 ) ;
#1283 = CARTESIAN_POINT ( 'NONE',  ( -0.4846589516281260002, -0.6364829892138189615, 2.426886773558379673 ) ) ;
#1284 = VECTOR ( 'NONE', #501, 100.0000000000000000 ) ;
#1285 = CARTESIAN_POINT ( 'NONE',  ( -0.04999999999999260591, -0.9486832980505139901, 1.901925930159120037 ) ) ;
#1286 = EDGE_CURVE ( 'NONE', #3037, #1747, #2041, .T. ) ;
#1287 = PLANE ( 'NONE',  #3073 ) ;
#1288 = PLANE ( 'NONE',  #1186 ) ;
#1289 = ORIENTED_EDGE ( 'NONE', *, *, #2808, .T. ) ;
#1290 = VECTOR ( 'NONE', #2751, 100.0000000000000000 ) ;
#1291 = ORIENTED_EDGE ( 'NONE', *, *, #2302, .T. ) ;
#1292 = EDGE_CURVE ( 'NONE', #1645, #1129, #1801, .T. ) ;
#1293 = CARTESIAN_POINT ( 'NONE',  ( 0.6459748434101589831, -0.6965761591879939818, 2.622774002055869857 ) ) ;
#1294 = AXIS2_PLACEMENT_3D ( 'NONE', #871, #2301, #2053 ) ;
#1295 = CARTESIAN_POINT ( 'NONE',  ( -0.6478752623390480192, -0.6948086228811930498, 2.603471315750089943 ) ) ;
#1296 = EDGE_CURVE ( 'NONE', #1843, #2081, #2628, .T. ) ;
#1297 = FACE_OUTER_BOUND ( 'NONE', #2997, .T. ) ;
#1298 = DIRECTION ( 'NONE',  ( -1.000000000000000000, -6.245152236670769497E-17, -7.043567548384689865E-33 ) ) ;
#1299 = CARTESIAN_POINT ( 'NONE',  ( -0.4924831908565789895, -0.6304465117186880407, 2.463327770213100010 ) ) ;
#1300 = CARTESIAN_POINT ( 'NONE',  ( -0.4465360519021100427, -0.8385462587721558281, 2.077574763985410300 ) ) ;
#1301 = AXIS2_PLACEMENT_3D ( 'NONE', #2793, #1581, #672 ) ;
#1302 = CARTESIAN_POINT ( 'NONE',  ( 0.4999157899645220726, 0.6245672539585649385, 2.538767282974337736 ) ) ;
#1303 = DIRECTION ( 'NONE',  ( 0.000000000000000000, -1.000000000000000000, 0.000000000000000000 ) ) ;
#1304 = VERTEX_POINT ( 'NONE', #2373 ) ;
#1305 = VECTOR ( 'NONE', #1589, 100.0000000000000000 ) ;
#1306 = ORIENTED_EDGE ( 'NONE', *, *, #794, .T. ) ;
#1307 = ORIENTED_EDGE ( 'NONE', *, *, #1178, .T. ) ;
#1308 = DIRECTION ( 'NONE',  ( 0.000000000000000000, -1.000000000000000000, 0.000000000000000000 ) ) ;
#1309 = CARTESIAN_POINT ( 'NONE',  ( -0.2999999999999999889, 1.425000000000000044, 0.1000000000000000056 ) ) ;
#1310 = CYLINDRICAL_SURFACE ( 'NONE', #2184, 0.9499999999999999556 ) ;
#1311 = CARTESIAN_POINT ( 'NONE',  ( -0.4875631653408700750, -0.6342603443425419707, 2.438943635026610046 ) ) ;
#1312 = CARTESIAN_POINT ( 'NONE',  ( -0.2999999999999999889, 0.9013878188659970592, 1.776356839400249824E-16 ) ) ;
#1313 = CARTESIAN_POINT ( 'NONE',  ( 0.05000000000000000278, 1.425000000000000044, 8.725608443924901246E-17 ) ) ;
#1314 = CARTESIAN_POINT ( 'NONE',  ( 0.4434142041028690251, 0.6659540454246190011, 2.318145907516750093 ) ) ;
#1315 = DIRECTION ( 'NONE',  ( 0.000000000000000000, 0.000000000000000000, 1.000000000000000000 ) ) ;
#1316 = ORIENTED_EDGE ( 'NONE', *, *, #1276, .T. ) ;
#1317 = CIRCLE ( 'NONE', #392, 0.1000000000000000056 ) ;
#1318 = ORIENTED_EDGE ( 'NONE', *, *, #3030, .T. ) ;
#1319 = EDGE_LOOP ( 'NONE', ( #2215, #832 ) ) ;
#1320 = ORIENTED_EDGE ( 'NONE', *, *, #1474, .T. ) ;
#1321 = CARTESIAN_POINT ( 'NONE',  ( 0.000000000000000000, -7.960204194457799175E-17, 1.300000000000000044 ) ) ;
#1322 = DIRECTION ( 'NONE',  ( 0.09999999999999997780, 0.000000000000000000, -0.9949874371066200762 ) ) ;
#1323 = DIRECTION ( 'NONE',  ( 1.368455531567199917E-48, -6.123233995736769734E-17, 1.000000000000000000 ) ) ;
#1324 = CARTESIAN_POINT ( 'NONE',  ( 0.05000000000000000278, -0.7984359711336559418, 2.052506281446690117 ) ) ;
#1325 = DIRECTION ( 'NONE',  ( 5.782411586589357639E-16, -1.000000000000000000, 0.000000000000000000 ) ) ;
#1326 = VECTOR ( 'NONE', #342, 100.0000000000000000 ) ;
#1327 = ADVANCED_FACE ( 'NONE', ( #1439 ), #685, .F. ) ;
#1328 = ADVANCED_FACE ( 'NONE', ( #468 ), #1401, .F. ) ;
#1329 = EDGE_CURVE ( 'NONE', #413, #3065, #2077, .T. ) ;
#1330 = CARTESIAN_POINT ( 'NONE',  ( -0.6500131212274129489, 0.6928080142003629760, 2.556512051604540314 ) ) ;
#1331 = DIRECTION ( 'NONE',  ( 6.336185980303198889E-17, -1.000000000000000000, 0.000000000000000000 ) ) ;
#1332 = ADVANCED_FACE ( 'NONE', ( #2357 ), #2607, .T. ) ;
#1333 = ORIENTED_EDGE ( 'NONE', *, *, #3032, .T. ) ;
#1334 = CIRCLE ( 'NONE', #2188, 0.6499999999999998002 ) ;
#1335 = EDGE_LOOP ( 'NONE', ( #267, #2498, #49, #2217 ) ) ;
#1336 = ORIENTED_EDGE ( 'NONE', *, *, #970, .T. ) ;
#1337 = ORIENTED_EDGE ( 'NONE', *, *, #1925, .T. ) ;
#1338 = DIRECTION ( 'NONE',  ( 1.000000000000000000, 6.245152236670769497E-17, 7.043567548384689865E-33 ) ) ;
#1339 = LINE ( 'NONE', #1148, #2382 ) ;
#1340 = CARTESIAN_POINT ( 'NONE',  ( -0.7500000000000000000, 0.3175426480542939967, 1.700000000000000178 ) ) ;
#1341 = LINE ( 'NONE', #918, #2700 ) ;
#1342 = CARTESIAN_POINT ( 'NONE',  ( -0.1590070445258270071, -0.9366292997039480372, 1.919701343844500085 ) ) ;
#1343 = CARTESIAN_POINT ( 'NONE',  ( -0.7500000000000000000, 0.1587713240271469983, 1.425000000000000044 ) ) ;
#1344 = VECTOR ( 'NONE', #2059, 100.0000000000000000 ) ;
#1345 = CARTESIAN_POINT ( 'NONE',  ( 0.6339018181189020051, 0.7075793135653070109, 2.693765381735489850 ) ) ;
#1346 = ORIENTED_EDGE ( 'NONE', *, *, #2255, .F. ) ;
#1347 = ORIENTED_EDGE ( 'NONE', *, *, #1518, .F. ) ;
#1348 = CYLINDRICAL_SURFACE ( 'NONE', #280, 0.2749999999999999112 ) ;
#1349 = DIRECTION ( 'NONE',  ( 0.000000000000000000, -6.123233995736768501E-17, -1.000000000000000000 ) ) ;
#1350 = LINE ( 'NONE', #679, #2657 ) ;
#1351 = DIRECTION ( 'NONE',  ( 0.000000000000000000, -0.8660254037844384856, 0.5000000000000003331 ) ) ;
#1352 = DIRECTION ( 'NONE',  ( 0.000000000000000000, 6.123233995736769734E-17, -1.000000000000000000 ) ) ;
#1353 = CIRCLE ( 'NONE', #2210, 0.6499999999999998002 ) ;
#1354 = EDGE_LOOP ( 'NONE', ( #1851, #1849, #1792, #1805 ) ) ;
#1355 = CARTESIAN_POINT ( 'NONE',  ( -0.6344165779502850544, 0.7071181509041339908, 2.691495679348989700 ) ) ;
#1356 = CARTESIAN_POINT ( 'NONE',  ( -0.05000000000000000278, 2.000000000000000000, 2.052506281446690117 ) ) ;
#1357 = ORIENTED_EDGE ( 'NONE', *, *, #3040, .T. ) ;
#1358 = EDGE_LOOP ( 'NONE', ( #686, #2453, #439, #124 ) ) ;
#1359 = ORIENTED_EDGE ( 'NONE', *, *, #2256, .T. ) ;
#1360 = CARTESIAN_POINT ( 'NONE',  ( -1.408962799656039991E-16, 2.000000000000000000, 2.549999999999999822 ) ) ;
#1361 = DIRECTION ( 'NONE',  ( -1.000000000000000000, -4.898587196589410857E-16, -2.249639673992789970E-32 ) ) ;
#1362 = PLANE ( 'NONE',  #91 ) ;
#1363 = EDGE_CURVE ( 'NONE', #189, #2166, #270, .T. ) ;
#1364 = DIRECTION ( 'NONE',  ( 0.000000000000000000, 0.4999999999999999445, -0.8660254037844388186 ) ) ;
#1365 = EDGE_CURVE ( 'NONE', #1747, #347, #1826, .T. ) ;
#1366 = CARTESIAN_POINT ( 'NONE',  ( 0.2000000000000000111, -0.9618416490252570394, 0.2412286759728530239 ) ) ;
#1367 = DIRECTION ( 'NONE',  ( 0.000000000000000000, -6.123233995736782060E-17, -1.000000000000000000 ) ) ;
#1368 = ORIENTED_EDGE ( 'NONE', *, *, #2155, .F. ) ;
#1369 = EDGE_CURVE ( 'NONE', #2166, #3062, #218, .T. ) ;
#1370 = DIRECTION ( 'NONE',  ( 1.000000000000000000, 0.000000000000000000, 0.000000000000000000 ) ) ;
#1371 = AXIS2_PLACEMENT_3D ( 'NONE', #2630, #2795, #924 ) ;
#1372 = EDGE_LOOP ( 'NONE', ( #1088, #1087, #1935, #1174 ) ) ;
#1373 = ORIENTED_EDGE ( 'NONE', *, *, #416, .F. ) ;
#1374 = ORIENTED_EDGE ( 'NONE', *, *, #196, .F. ) ;
#1375 = DIRECTION ( 'NONE',  ( 7.121240143874548712E-17, -1.000000000000000000, 0.000000000000000000 ) ) ;
#1376 = VECTOR ( 'NONE', #123, 100.0000000000000000 ) ;
#1377 = LINE ( 'NONE', #177, #2779 ) ;
#1378 = LINE ( 'NONE', #2761, #1059 ) ;
#1379 = EDGE_CURVE ( 'NONE', #980, #1116, #600, .T. ) ;
#1380 = CARTESIAN_POINT ( 'NONE',  ( 0.05000000000000000278, 2.000000000000000000, 1.901925930159210187 ) ) ;
#1381 = CARTESIAN_POINT ( 'NONE',  ( -0.9499999999999999556, -1.236841649025260059, 0.4000000000000000222 ) ) ;
#1382 = PLANE ( 'NONE',  #294 ) ;
#1383 = AXIS2_PLACEMENT_3D ( 'NONE', #2103, #2589, #214 ) ;
#1384 = ORIENTED_EDGE ( 'NONE', *, *, #870, .T. ) ;
#1385 = VECTOR ( 'NONE', #1331, 100.0000000000000000 ) ;
#1386 = DIRECTION ( 'NONE',  ( 0.000000000000000000, -1.000000000000000000, 0.000000000000000000 ) ) ;
#1387 = DIRECTION ( 'NONE',  ( 0.000000000000000000, 1.734723475976807094E-15, 1.000000000000000000 ) ) ;
#1388 = VERTEX_POINT ( 'NONE', #1847 ) ;
#1389 = ORIENTED_EDGE ( 'NONE', *, *, #2765, .F. ) ;
#1390 = VERTEX_POINT ( 'NONE', #937 ) ;
#1391 = DIRECTION ( 'NONE',  ( 0.000000000000000000, -6.123233995736782060E-17, -1.000000000000000000 ) ) ;
#1392 = ADVANCED_FACE ( 'NONE', ( #1891, #2138 ), #1190, .T. ) ;
#1393 = VECTOR ( 'NONE', #1469, 100.0000000000000000 ) ;
#1394 = DIRECTION ( 'NONE',  ( 1.000000000000000000, 0.000000000000000000, 0.000000000000000000 ) ) ;
#1395 = VERTEX_POINT ( 'NONE', #2344 ) ;
#1396 = CARTESIAN_POINT ( 'NONE',  ( -1.010952589933149848E-16, 2.000000000000000000, 3.200000000000000178 ) ) ;
#1397 = CARTESIAN_POINT ( 'NONE',  ( -0.05000000000000000278, 1.425000000000000044, 7.349428246475589382E-17 ) ) ;
#1398 = CARTESIAN_POINT ( 'NONE',  ( -0.9499999999999999556, -1.386841649025259970, 0.4000000000000000222 ) ) ;
#1399 = ORIENTED_EDGE ( 'NONE', *, *, #2999, .T. ) ;
#1400 = VECTOR ( 'NONE', #2886, 100.0000000000000000 ) ;
#1401 = CYLINDRICAL_SURFACE ( 'NONE', #107, 0.1499999999999999667 ) ;
#1402 = ADVANCED_FACE ( 'NONE', ( #1156 ), #898, .T. ) ;
#1403 = CARTESIAN_POINT ( 'NONE',  ( -0.2421578117836410138, 0.7625325411338219617, 2.112421979163490171 ) ) ;
#1404 = EDGE_CURVE ( 'NONE', #982, #2082, #2564, .T. ) ;
#1405 = CARTESIAN_POINT ( 'NONE',  ( 0.1950466187868440116, 0.7758840732776649540, 2.089565001548050027 ) ) ;
#1406 = ORIENTED_EDGE ( 'NONE', *, *, #2619, .T. ) ;
#1407 = ORIENTED_EDGE ( 'NONE', *, *, #520, .F. ) ;
#1408 = ORIENTED_EDGE ( 'NONE', *, *, #641, .F. ) ;
#1409 = CARTESIAN_POINT ( 'NONE',  ( -0.4563354161319899682, 0.6570923847374260385, 2.345529746955079542 ) ) ;
#1410 = CARTESIAN_POINT ( 'NONE',  ( 0.6362769578528350012, 0.7054465999683620092, 2.683019365215209895 ) ) ;
#1411 = ORIENTED_EDGE ( 'NONE', *, *, #1923, .T. ) ;
#1412 = EDGE_CURVE ( 'NONE', #539, #978, #1908, .T. ) ;
#1413 = PLANE ( 'NONE',  #1201 ) ;
#1414 = LINE ( 'NONE', #447, #2352 ) ;
#1415 = LINE ( 'NONE', #1398, #1866 ) ;
#1416 = CARTESIAN_POINT ( 'NONE',  ( -0.6421244838706309244, 0.7001278216507559327, 2.651193332197839592 ) ) ;
#1417 = ORIENTED_EDGE ( 'NONE', *, *, #829, .F. ) ;
#1418 = EDGE_CURVE ( 'NONE', #2952, #2166, #1640, .T. ) ;
#1419 = DIRECTION ( 'NONE',  ( -7.087690792806899243E-17, 1.000000000000000000, 6.123233995736769734E-17 ) ) ;
#1420 = CARTESIAN_POINT ( 'NONE',  ( -0.9499999999999999556, -0.1500000000000001887, 1.700000000000000178 ) ) ;
#1421 = EDGE_CURVE ( 'NONE', #2082, #818, #730, .T. ) ;
#1422 = CARTESIAN_POINT ( 'NONE',  ( 0.1073108290453460012, 0.7927975427183540091, 2.061605464138160038 ) ) ;
#1423 = CIRCLE ( 'NONE', #1733, 0.5000000000000001110 ) ;
#1424 = ORIENTED_EDGE ( 'NONE', *, *, #1518, .T. ) ;
#1425 = VERTEX_POINT ( 'NONE', #204 ) ;
#1426 = VERTEX_POINT ( 'NONE', #1142 ) ;
#1427 = CIRCLE ( 'NONE', #1580, 0.1499999999999999667 ) ;
#1428 = VECTOR ( 'NONE', #1419, 100.0000000000000000 ) ;
#1429 = DIRECTION ( 'NONE',  ( 6.123233995736768501E-17, 0.000000000000000000, 1.000000000000000000 ) ) ;
#1430 = CARTESIAN_POINT ( 'NONE',  ( 0.6489146603798749968, 0.6938372551249000209, 2.511533513429029973 ) ) ;
#1431 = ORIENTED_EDGE ( 'NONE', *, *, #1189, .T. ) ;
#1432 = CARTESIAN_POINT ( 'NONE',  ( 0.2000000000000000111, 1.236841649025260059, 0.08245735194570590065 ) ) ;
#1433 = CARTESIAN_POINT ( 'NONE',  ( 0.5573307917481870044, -0.7693642679477500357, 2.215367528421619880 ) ) ;
#1434 = DIRECTION ( 'NONE',  ( -1.000000000000000000, 0.000000000000000000, 0.000000000000000000 ) ) ;
#1435 = CARTESIAN_POINT ( 'NONE',  ( -0.6462459738837239565, 0.6963249057149270005, 2.620482981717660032 ) ) ;
#1436 = CIRCLE ( 'NONE', #1742, 0.1000000000000000056 ) ;
#1437 = PLANE ( 'NONE',  #2204 ) ;
#1438 = VERTEX_POINT ( 'NONE', #2177 ) ;
#1439 = FACE_OUTER_BOUND ( 'NONE', #1724, .T. ) ;
#1440 = CIRCLE ( 'NONE', #2741, 0.1499999999999999667 ) ;
#1441 = LINE ( 'NONE', #2394, #2325 ) ;
#1442 = CARTESIAN_POINT ( 'NONE',  ( 0.07306122848394540348, 0.7966846530714719599, 2.055321294859929537 ) ) ;
#1443 = ORIENTED_EDGE ( 'NONE', *, *, #1596, .T. ) ;
#1444 = EDGE_LOOP ( 'NONE', ( #86, #2638, #2356, #955, #2415, #1175, #1115, #2680 ) ) ;
#1445 = CARTESIAN_POINT ( 'NONE',  ( -1.408962799656039991E-16, 2.000000000000000000, 2.549999999999999822 ) ) ;
#1446 = CARTESIAN_POINT ( 'NONE',  ( 0.2068990558373499933, 0.9272436104328068973, 1.933732258820810124 ) ) ;
#1447 = ORIENTED_EDGE ( 'NONE', *, *, #3030, .F. ) ;
#1448 = CARTESIAN_POINT ( 'NONE',  ( 0.000000000000000000, -4.898587196589410610E-17, 0.8000000000000000444 ) ) ;
#1449 = CARTESIAN_POINT ( 'NONE',  ( 0.1187252043655800116, -0.9426042539244838814, 1.910856370412200134 ) ) ;
#1450 = PLANE ( 'NONE',  #2739 ) ;
#1451 = DIRECTION ( 'NONE',  ( 0.000000000000000000, -0.4999999999999999445, -0.8660254037844388186 ) ) ;
#1452 = CARTESIAN_POINT ( 'NONE',  ( -0.5752765179769470105, 0.7560335067162049505, 2.247272796176960075 ) ) ;
#1453 = VERTEX_POINT ( 'NONE', #590 ) ;
#1454 = CIRCLE ( 'NONE', #2258, 0.09999999999999992228 ) ;
#1455 = DIRECTION ( 'NONE',  ( 0.000000000000000000, -1.000000000000000000, 0.000000000000000000 ) ) ;
#1456 = CARTESIAN_POINT ( 'NONE',  ( 0.000000000000000000, -4.898587196589410610E-17, 0.8000000000000000444 ) ) ;
#1457 = AXIS2_PLACEMENT_3D ( 'NONE', #2772, #2816, #3011 ) ;
#1458 = CARTESIAN_POINT ( 'NONE',  ( 0.2000000000000000111, 1.511841649025259970, 0.5587713240271470205 ) ) ;
#1459 = ORIENTED_EDGE ( 'NONE', *, *, #428, .T. ) ;
#1460 = CARTESIAN_POINT ( 'NONE',  ( -0.4511869026375069369, 0.6606391043081870640, 2.334406753070469964 ) ) ;
#1461 = ORIENTED_EDGE ( 'NONE', *, *, #464, .T. ) ;
#1462 = CARTESIAN_POINT ( 'NONE',  ( 0.3754592258264989879, 0.8727336210106980685, 2.019246867004900192 ) ) ;
#1463 = CARTESIAN_POINT ( 'NONE',  ( 0.2656105630735040024, -0.7546429221102400886, 2.126332326254770422 ) ) ;
#1464 = DIRECTION ( 'NONE',  ( 1.000000000000000000, 0.000000000000000000, 0.000000000000000000 ) ) ;
#1465 = CARTESIAN_POINT ( 'NONE',  ( 0.2000000000000000111, 1.236841649025260059, 0.08245735194570540105 ) ) ;
#1466 = DIRECTION ( 'NONE',  ( 0.000000000000000000, -1.000000000000000000, 0.000000000000000000 ) ) ;
#1467 = CARTESIAN_POINT ( 'NONE',  ( -0.2999999999999999889, -1.524999999999999911, 0.1000000000000000056 ) ) ;
#1468 = EDGE_CURVE ( 'NONE', #1789, #734, #1241, .T. ) ;
#1469 = DIRECTION ( 'NONE',  ( 6.336185980303198889E-17, -1.000000000000000000, 0.000000000000000000 ) ) ;
#1470 = ORIENTED_EDGE ( 'NONE', *, *, #607, .F. ) ;
#1471 = VECTOR ( 'NONE', #2764, 100.0000000000000000 ) ;
#1472 = CARTESIAN_POINT ( 'NONE',  ( 0.000000000000000000, 0.000000000000000000, 0.000000000000000000 ) ) ;
#1473 =( NAMED_UNIT ( * ) PLANE_ANGLE_UNIT ( ) SI_UNIT ( $, .RADIAN. ) );
#1474 = EDGE_CURVE ( 'NONE', #887, #770, #2773, .T. ) ;
#1475 = CARTESIAN_POINT ( 'NONE',  ( 0.4035555774696780174, 0.6909381006175440154, 2.253896334446450211 ) ) ;
#1476 = ORIENTED_EDGE ( 'NONE', *, *, #1296, .T. ) ;
#1477 = DIRECTION ( 'NONE',  ( 6.245152236670769497E-17, -1.000000000000000000, 0.000000000000000000 ) ) ;
#1478 = EDGE_LOOP ( 'NONE', ( #1906, #803, #1291, #2634 ) ) ;
#1479 = CARTESIAN_POINT ( 'NONE',  ( 0.1055301923548099957, 0.9441542581816839697, 1.908573348129430025 ) ) ;
#1480 = CARTESIAN_POINT ( 'NONE',  ( 0.4875503517345540216, -0.6342695812737390026, 2.438932074623260338 ) ) ;
#1481 = CARTESIAN_POINT ( 'NONE',  ( 0.9216507001444267377, 0.5500000000000002665, 1.424999999999999822 ) ) ;
#1482 = CARTESIAN_POINT ( 'NONE',  ( 0.2820077993727210242, -0.9072255298632327936, 1.964279224990090222 ) ) ;
#1483 = CARTESIAN_POINT ( 'NONE',  ( 0.000000000000000000, -7.960204194457799175E-17, 1.300000000000000044 ) ) ;
#1484 = CIRCLE ( 'NONE', #2181, 0.1000000000000000056 ) ;
#1485 = CIRCLE ( 'NONE', #1083, 0.1499999999999999667 ) ;
#1486 = DIRECTION ( 'NONE',  ( 0.000000000000000000, 0.000000000000000000, -1.000000000000000000 ) ) ;
#1487 = FACE_OUTER_BOUND ( 'NONE', #1831, .T. ) ;
#1488 = LINE ( 'NONE', #2696, #1393 ) ;
#1489 = ORIENTED_EDGE ( 'NONE', *, *, #1845, .F. ) ;
#1490 = AXIS2_PLACEMENT_3D ( 'NONE', #72, #310, #1894 ) ;
#1491 = CARTESIAN_POINT ( 'NONE',  ( 0.7500000000000000000, 2.938533337317059938E-16, 1.700000000000000178 ) ) ;
#1492 = CARTESIAN_POINT ( 'NONE',  ( 0.000000000000000000, 0.000000000000000000, 0.000000000000000000 ) ) ;
#1493 = FACE_OUTER_BOUND ( 'NONE', #711, .T. ) ;
#1494 = ORIENTED_EDGE ( 'NONE', *, *, #970, .F. ) ;
#1495 = CARTESIAN_POINT ( 'NONE',  ( -0.3495185981288990162, 0.7196471345844389633, 2.192335179798989842 ) ) ;
#1496 = EDGE_LOOP ( 'NONE', ( #1259, #359, #1200, #1833 ) ) ;
#1497 = CARTESIAN_POINT ( 'NONE',  ( 0.5546953013526599863, 0.7712713309798550076, 2.210995067778370071 ) ) ;
#1498 = CARTESIAN_POINT ( 'NONE',  ( 0.4920158699394129309, -0.6308109877502710017, 2.460770936231570172 ) ) ;
#1499 = VERTEX_POINT ( 'NONE', #324 ) ;
#1501 = EDGE_CURVE ( 'NONE', #2835, #1137, #1963, .T. ) ;
#1500 = DIRECTION ( 'NONE',  ( 0.000000000000000000, -6.448189631561130519E-16, 1.000000000000000000 ) ) ;
#1502 = DIRECTION ( 'NONE',  ( -1.000000000000000000, -6.245152236670769497E-17, -7.043567548384689865E-33 ) ) ;
#1503 = CIRCLE ( 'NONE', #166, 0.1499999999999999667 ) ;
#1504 = FACE_OUTER_BOUND ( 'NONE', #1478, .T. ) ;
#1505 = CARTESIAN_POINT ( 'NONE',  ( 0.05000000000000000278, -0.7984359711335660137, -2.444505140932070474E-17 ) ) ;
#1506 = CARTESIAN_POINT ( 'NONE',  ( -0.1040637718720689997, 0.9443158937615661053, 1.908335470529950006 ) ) ;
#1507 = DIRECTION ( 'NONE',  ( 0.000000000000000000, 0.8660254037844388186, 0.4999999999999998335 ) ) ;
#1508 = FACE_OUTER_BOUND ( 'NONE', #2417, .T. ) ;
#1509 = ORIENTED_EDGE ( 'NONE', *, *, #1412, .F. ) ;
#1510 = EDGE_CURVE ( 'NONE', #1616, #73, #2372, .T. ) ;
#1511 = ORIENTED_EDGE ( 'NONE', *, *, #799, .T. ) ;
#1512 = EDGE_CURVE ( 'NONE', #2730, #225, #814, .T. ) ;
#1513 = AXIS2_PLACEMENT_3D ( 'NONE', #1785, #479, #2074 ) ;
#1514 = DIRECTION ( 'NONE',  ( 1.000000000000000000, 7.121240143874548712E-17, 0.000000000000000000 ) ) ;
#1515 = ORIENTED_EDGE ( 'NONE', *, *, #1011, .T. ) ;
#1516 = CARTESIAN_POINT ( 'NONE',  ( 0.04999999988397990647, 0.7984359711408308691, 2.052506281435030111 ) ) ;
#1517 = CARTESIAN_POINT ( 'NONE',  ( -0.5101446420055069098, -0.8014348190751758860, 2.147090086677359899 ) ) ;
#1518 = EDGE_CURVE ( 'NONE', #2840, #3019, #1984, .T. ) ;
#1519 = CARTESIAN_POINT ( 'NONE',  ( 0.05000000000000000278, 2.000000000000000000, 2.052506281446690117 ) ) ;
#1520 = CARTESIAN_POINT ( 'NONE',  ( -0.9499999999999999556, 3.673940397442020672E-17, 1.299999999999999822 ) ) ;
#1521 = DIRECTION ( 'NONE',  ( 0.000000000000000000, -1.000000000000000000, 0.000000000000000000 ) ) ;
#1522 = CARTESIAN_POINT ( 'NONE',  ( 0.000000000000000000, 0.000000000000000000, 0.000000000000000000 ) ) ;
#1523 = DIRECTION ( 'NONE',  ( -3.686480391142160007E-17, 0.000000000000000000, -1.000000000000000000 ) ) ;
#1524 = CARTESIAN_POINT ( 'NONE',  ( 0.4899044806764500937, 0.6324525678906620652, 2.449825408124139958 ) ) ;
#1525 = ADVANCED_FACE ( 'NONE', ( #2894 ), #800, .F. ) ;
#1526 = EDGE_CURVE ( 'NONE', #1395, #1425, #1423, .T. ) ;
#1527 = ORIENTED_EDGE ( 'NONE', *, *, #956, .T. ) ;
#1528 = ORIENTED_EDGE ( 'NONE', *, *, #103, .F. ) ;
#1529 = DIRECTION ( 'NONE',  ( 0.2211775104080579979, 0.000000000000000000, -0.9752335663263920207 ) ) ;
#1530 = CARTESIAN_POINT ( 'NONE',  ( -0.6282946038539259925, -0.7125724017092069928, 2.383081992741270305 ) ) ;
#1531 = CYLINDRICAL_SURFACE ( 'NONE', #1786, 0.1499999999999999944 ) ;
#1532 = DIRECTION ( 'NONE',  ( 5.315768094605179671E-17, -1.000000000000000000, -6.123233995736769734E-17 ) ) ;
#1533 = CARTESIAN_POINT ( 'NONE',  ( 0.7969137807799033801, 3.749861841752179209E-16, 1.975000000000000089 ) ) ;
#1534 = VECTOR ( 'NONE', #698, 100.0000000000000000 ) ;
#1535 = CARTESIAN_POINT ( 'NONE',  ( -0.4577019962109780682, -0.8325034317929370653, 2.088383603691819523 ) ) ;
#1536 = AXIS2_PLACEMENT_3D ( 'NONE', #2734, #84, #142 ) ;
#1537 = APPLICATION_PROTOCOL_DEFINITION ( 'draft international standard', 'automotive_design', 1998, #1997 ) ;
#1538 = VECTOR ( 'NONE', #2130, 100.0000000000000000 ) ;
#1539 = LINE ( 'NONE', #2951, #653 ) ;
#1540 = CARTESIAN_POINT ( 'NONE',  ( 0.04999999988397880318, -0.7984359711408308691, 2.052506281435030111 ) ) ;
#1541 = ORIENTED_EDGE ( 'NONE', *, *, #511, .F. ) ;
#1542 = VECTOR ( 'NONE', #1434, 100.0000000000000000 ) ;
#1543 = VERTEX_POINT ( 'NONE', #2211 ) ;
#1544 = ORIENTED_EDGE ( 'NONE', *, *, #344, .F. ) ;
#1545 = CARTESIAN_POINT ( 'NONE',  ( -0.05000000000000000278, -1.524999999999999911, 0.7000000000000000666 ) ) ;
#1546 = AXIS2_PLACEMENT_3D ( 'NONE', #630, #3006, #1570 ) ;
#1547 = DIRECTION ( 'NONE',  ( 1.000000000000000000, 7.121240143874548712E-17, 0.000000000000000000 ) ) ;
#1548 = CARTESIAN_POINT ( 'NONE',  ( 0.2999999999999999889, 1.425000000000000044, 8.829725612642469371E-17 ) ) ;
#1549 = CARTESIAN_POINT ( 'NONE',  ( 0.05000000000000000278, -1.425000000000000044, 0.1000000000000000056 ) ) ;
#1550 = CARTESIAN_POINT ( 'NONE',  ( -0.1718872295556589935, -0.9343506998906619954, 1.923092122697559914 ) ) ;
#1551 = FACE_OUTER_BOUND ( 'NONE', #1932, .T. ) ;
#1552 = VECTOR ( 'NONE', #2733, 100.0000000000000000 ) ;
#1553 = CARTESIAN_POINT ( 'NONE',  ( -0.7500000000000000000, 0.1587713240271469983, 1.425000000000000044 ) ) ;
#1554 = DIRECTION ( 'NONE',  ( 0.000000000000000000, -6.123233995736769734E-17, 1.000000000000000000 ) ) ;
#1555 = VERTEX_POINT ( 'NONE', #1924 ) ;
#1556 = VECTOR ( 'NONE', #2622, 100.0000000000000000 ) ;
#1557 = VERTEX_POINT ( 'NONE', #1980 ) ;
#1558 = ORIENTED_EDGE ( 'NONE', *, *, #3061, .T. ) ;
#1559 = EDGE_LOOP ( 'NONE', ( #3067, #2440, #2083, #2581, #174, #1005, #3053, #831, #2230 ) ) ;
#1560 =( BOUNDED_CURVE ( )  B_SPLINE_CURVE ( 3, ( #94, #299, #1233, #999 ),
 .UNSPECIFIED., .F., .F. ) 
 B_SPLINE_CURVE_WITH_KNOTS ( ( 4, 4 ),
 ( 2.301327118098599911, 3.141592653589793116 ),
 .UNSPECIFIED. ) 
 CURVE ( )  GEOMETRIC_REPRESENTATION_ITEM ( )  RATIONAL_B_SPLINE_CURVE ( ( 1.000000000000000000, 0.9420231965524911155, 0.9420231965524911155, 1.000000000000000000 ) ) 
 REPRESENTATION_ITEM ( '' )  );
#1561 = CARTESIAN_POINT ( 'NONE',  ( 0.6473920784265639883, -0.6952585076374030448, 2.491321446535209816 ) ) ;
#1562 = FACE_OUTER_BOUND ( 'NONE', #1273, .T. ) ;
#1563 = EDGE_CURVE ( 'NONE', #2378, #1163, #2828, .T. ) ;
#1564 = CARTESIAN_POINT ( 'NONE',  ( -0.4341239379523870179, -0.6719776051926029670, 2.301833672595949842 ) ) ;
#1565 = EDGE_CURVE ( 'NONE', #1390, #440, #2472, .T. ) ;
#1566 = DIRECTION ( 'NONE',  ( 1.000000000000000000, 7.121240143874548712E-17, 0.000000000000000000 ) ) ;
#1567 = EDGE_CURVE ( 'NONE', #2848, #2430, #36, .T. ) ;
#1568 = EDGE_CURVE ( 'NONE', #2830, #539, #2876, .T. ) ;
#1569 = DIRECTION ( 'NONE',  ( 1.000000000000000000, 0.000000000000000000, 0.000000000000000000 ) ) ;
#1570 = DIRECTION ( 'NONE',  ( 0.000000000000000000, 0.4999999999999999445, -0.8660254037844388186 ) ) ;
#1571 = ORIENTED_EDGE ( 'NONE', *, *, #1790, .T. ) ;
#1572 = VERTEX_POINT ( 'NONE', #2697 ) ;
#1573 = EDGE_LOOP ( 'NONE', ( #806, #593, #1802, #437, #635, #2927, #1359, #1638, #1511, #1160 ) ) ;
#1574 = DIRECTION ( 'NONE',  ( 0.000000000000000000, 0.000000000000000000, 1.000000000000000000 ) ) ;
#1575 = DIRECTION ( 'NONE',  ( -8.481262007470579401E-17, 1.000000000000000000, 0.000000000000000000 ) ) ;
#1576 = CARTESIAN_POINT ( 'NONE',  ( -0.6339018175682099576, -0.7075793140586569274, 2.693765384163639975 ) ) ;
#1577 = CARTESIAN_POINT ( 'NONE',  ( -0.3267197977809219722, -0.7302740370369009693, 2.171422803720729711 ) ) ;
#1578 = CARTESIAN_POINT ( 'NONE',  ( -0.1056445000531820028, -0.9441411418898220109, 1.908592636394410125 ) ) ;
#1579 = VECTOR ( 'NONE', #2412, 100.0000000000000000 ) ;
#1580 = AXIS2_PLACEMENT_3D ( 'NONE', #1727, #2444, #2473 ) ;
#1581 = DIRECTION ( 'NONE',  ( 0.000000000000000000, 6.123233995736769734E-17, -1.000000000000000000 ) ) ;
#1582 = CARTESIAN_POINT ( 'NONE',  ( -0.7500000000000000000, 2.755455298081539847E-16, -4.499279347985569402E-33 ) ) ;
#1583 = CIRCLE ( 'NONE', #2579, 0.2749999999999999112 ) ;
#1584 = ORIENTED_EDGE ( 'NONE', *, *, #3032, .F. ) ;
#1585 = ORIENTED_EDGE ( 'NONE', *, *, #410, .T. ) ;
#1586 = VERTEX_POINT ( 'NONE', #1945 ) ;
#1587 = DIRECTION ( 'NONE',  ( -1.000000000000000000, 1.224646799147350002E-16, 7.498798913309289408E-33 ) ) ;
#1588 = FACE_OUTER_BOUND ( 'NONE', #2703, .T. ) ;
#1589 = DIRECTION ( 'NONE',  ( 0.000000000000000000, -1.000000000000000000, 0.000000000000000000 ) ) ;
#1590 = CARTESIAN_POINT ( 'NONE',  ( 0.05000000000000000971, -1.386841649025259970, 0.4000000000000000222 ) ) ;
#1591 = DIRECTION ( 'NONE',  ( 0.000000000000000000, 0.4999999999999999445, 0.8660254037844388186 ) ) ;
#1592 = CARTESIAN_POINT ( 'NONE',  ( 0.2999999999999999889, 0.9013878188659970592, 0.8000000000000000444 ) ) ;
#1593 = AXIS2_PLACEMENT_3D ( 'NONE', #905, #1364, #197 ) ;
#1594 = LINE ( 'NONE', #2726, #1140 ) ;
#1595 = AXIS2_PLACEMENT_3D ( 'NONE', #987, #1251, #1003 ) ;
#1596 = EDGE_CURVE ( 'NONE', #58, #2497, #494, .T. ) ;
#1597 = ADVANCED_FACE ( 'NONE', ( #2460, #1226 ), #1710, .T. ) ;
#1598 = EDGE_CURVE ( 'NONE', #360, #2957, #1998, .T. ) ;
#1599 = ORIENTED_EDGE ( 'NONE', *, *, #3031, .T. ) ;
#1600 = ORIENTED_EDGE ( 'NONE', *, *, #835, .F. ) ;
#1601 = CARTESIAN_POINT ( 'NONE',  ( 0.2999999999999999889, 1.236841649025260059, 0.08245735194570560922 ) ) ;
#1602 = AXIS2_PLACEMENT_3D ( 'NONE', #3013, #2047, #2748 ) ;
#1603 = FACE_OUTER_BOUND ( 'NONE', #2685, .T. ) ;
#1604 = DIRECTION ( 'NONE',  ( -1.000000000000000000, 4.063690568311630061E-16, 0.000000000000000000 ) ) ;
#1605 = CARTESIAN_POINT ( 'NONE',  ( -0.9499999999999999556, 1.163414459189982478E-16, 7.123858967643825006E-33 ) ) ;
#1606 = FACE_OUTER_BOUND ( 'NONE', #2565, .T. ) ;
#1607 = FACE_BOUND ( 'NONE', #207, .T. ) ;
#1608 = EDGE_CURVE ( 'NONE', #2606, #2830, #522, .T. ) ;
#1609 = ORIENTED_EDGE ( 'NONE', *, *, #509, .F. ) ;
#1610 = CARTESIAN_POINT ( 'NONE',  ( -0.6356178603635930235, 0.7060395403455009822, 2.686063893152660143 ) ) ;
#1611 = CARTESIAN_POINT ( 'NONE',  ( 0.2000000000000000111, 1.236841649025260059, 0.4000000000000000222 ) ) ;
#1612 = EDGE_CURVE ( 'NONE', #941, #2510, #2231, .T. ) ;
#1613 = ADVANCED_FACE ( 'NONE', ( #122 ), #1287, .F. ) ;
#1614 = ORIENTED_EDGE ( 'NONE', *, *, #1923, .F. ) ;
#1615 = VERTEX_POINT ( 'NONE', #2661 ) ;
#1616 = VERTEX_POINT ( 'NONE', #1022 ) ;
#1617 = CARTESIAN_POINT ( 'NONE',  ( 0.9499999999999999556, 3.918250776634939841E-16, 1.700000000000000178 ) ) ;
#1618 = VECTOR ( 'NONE', #2838, 100.0000000000000000 ) ;
#1619 = DIRECTION ( 'NONE',  ( 0.000000000000000000, 1.000000000000000000, 0.000000000000000000 ) ) ;
#1620 = CARTESIAN_POINT ( 'NONE',  ( 0.05000000000000000278, 0.9486832980505139901, 0.8000000000000000444 ) ) ;
#1621 = CARTESIAN_POINT ( 'NONE',  ( -0.2878518524197670181, -0.7464434262406990372, 2.141112730855000201 ) ) ;
#1622 = LINE ( 'NONE', #1870, #960 ) ;
#1623 = DIRECTION ( 'NONE',  ( 0.000000000000000000, -1.000000000000000000, 0.000000000000000000 ) ) ;
#1624 = VERTEX_POINT ( 'NONE', #288 ) ;
#1625 = DIRECTION ( 'NONE',  ( 0.000000000000000000, 0.000000000000000000, -1.000000000000000000 ) ) ;
#1626 = CARTESIAN_POINT ( 'NONE',  ( -0.08486678340501270512, 0.7955021549628799038, 2.057228097225149988 ) ) ;
#1627 = AXIS2_PLACEMENT_3D ( 'NONE', #779, #1078, #810 ) ;
#1628 = ORIENTED_EDGE ( 'NONE', *, *, #1101, .T. ) ;
#1629 = ORIENTED_EDGE ( 'NONE', *, *, #103, .T. ) ;
#1630 = ORIENTED_EDGE ( 'NONE', *, *, #2681, .F. ) ;
#1631 = FACE_OUTER_BOUND ( 'NONE', #621, .T. ) ;
#1632 = VECTOR ( 'NONE', #1734, 100.0000000000000000 ) ;
#1633 = PLANE ( 'NONE',  #2 ) ;
#1634 = ORIENTED_EDGE ( 'NONE', *, *, #1363, .F. ) ;
#1635 = LINE ( 'NONE', #1605, #1344 ) ;
#1636 = CARTESIAN_POINT ( 'NONE',  ( 0.2999999999999999889, 1.511841649025259970, 0.2412286759728530239 ) ) ;
#1637 = PLANE ( 'NONE',  #143 ) ;
#1638 = ORIENTED_EDGE ( 'NONE', *, *, #1068, .F. ) ;
#1639 = EDGE_CURVE ( 'NONE', #687, #1616, #396, .T. ) ;
#1640 = LINE ( 'NONE', #2861, #2729 ) ;
#1641 = CARTESIAN_POINT ( 'NONE',  ( -0.2780110596923129895, 0.7501647317483529642, 2.134359190276279961 ) ) ;
#1642 = CARTESIAN_POINT ( 'NONE',  ( 0.05385336354453609115, 0.7981946816747510498, 2.052893551003939887 ) ) ;
#1643 = ORIENTED_EDGE ( 'NONE', *, *, #1881, .T. ) ;
#1644 = ORIENTED_EDGE ( 'NONE', *, *, #2064, .T. ) ;
#1645 = VERTEX_POINT ( 'NONE', #34 ) ;
#1646 = CARTESIAN_POINT ( 'NONE',  ( -0.7969137807799030471, -0.1587713240271469983, 1.975000000000000089 ) ) ;
#1647 = CARTESIAN_POINT ( 'NONE',  ( 0.2999999999999999889, -1.425000000000000044, 0.8000000000000000444 ) ) ;
#1648 = CARTESIAN_POINT ( 'NONE',  ( 0.09594943701565569749, -0.7942528613525339232, 2.059246877029460077 ) ) ;
#1649 = CARTESIAN_POINT ( 'NONE',  ( 0.2999999999999999889, -0.9618416490252570394, 0.5587713240271470205 ) ) ;
#1650 = DIRECTION ( 'NONE',  ( -6.245152236670769497E-17, 1.000000000000000000, 0.000000000000000000 ) ) ;
#1651 = CARTESIAN_POINT ( 'NONE',  ( -0.05000000000000000278, 2.000000000000000000, 2.052506281446690117 ) ) ;
#1652 = EDGE_CURVE ( 'NONE', #2880, #787, #2929, .T. ) ;
#1653 = EDGE_CURVE ( 'NONE', #2714, #2553, #1004, .T. ) ;
#1654 = ADVANCED_FACE ( 'NONE', ( #1920, #1706 ), #1437, .F. ) ;
#1655 = ORIENTED_EDGE ( 'NONE', *, *, #1379, .F. ) ;
#1656 = AXIS2_PLACEMENT_3D ( 'NONE', #840, #1151, #1650 ) ;
#1657 = CARTESIAN_POINT ( 'NONE',  ( 0.2000000000000000111, -1.236841649025260059, 0.08245735194570599780 ) ) ;
#1658 = CARTESIAN_POINT ( 'NONE',  ( 0.2999999999999999889, 1.425000000000000044, 0.8000000000000000444 ) ) ;
#1659 = DIRECTION ( 'NONE',  ( 6.992591586849318935E-17, -0.8660254037844388186, 0.4999999999999999445 ) ) ;
#1660 = ORIENTED_EDGE ( 'NONE', *, *, #1697, .T. ) ;
#1661 = ORIENTED_EDGE ( 'NONE', *, *, #2199, .F. ) ;
#1662 = ORIENTED_EDGE ( 'NONE', *, *, #3031, .F. ) ;
#1663 = CARTESIAN_POINT ( 'NONE',  ( -0.4944906700311919590, 0.6288726619780489191, 2.475630586563189794 ) ) ;
#1664 = AXIS2_PLACEMENT_3D ( 'NONE', #2295, #1838, #2336 ) ;
#1665 = CARTESIAN_POINT ( 'NONE',  ( 0.6133573762470880819, 0.7254789317309729979, 2.334499272336540088 ) ) ;
#1666 = CARTESIAN_POINT ( 'NONE',  ( 0.2762960579852760112, -0.7508048518330090459, 2.133202196236799963 ) ) ;
#1667 = DIRECTION ( 'NONE',  ( 0.000000000000000000, -1.000000000000000000, 0.000000000000000000 ) ) ;
#1668 = CARTESIAN_POINT ( 'NONE',  ( 0.6342348462245780416, -0.7072853324336629832, 2.407451998726419795 ) ) ;
#1669 = CARTESIAN_POINT ( 'NONE',  ( 0.2999999999999999889, -0.9618416490252570394, 0.5587713240271470205 ) ) ;
#1670 = CARTESIAN_POINT ( 'NONE',  ( -0.9499999999999999556, 1.236841649025260059, 0.4000000000000000222 ) ) ;
#1671 = CARTESIAN_POINT ( 'NONE',  ( -0.2124631804856129680, 0.9259718072471121442, 1.935648407555469852 ) ) ;
#1672 = ORIENTED_EDGE ( 'NONE', *, *, #2050, .F. ) ;
#1673 = CARTESIAN_POINT ( 'NONE',  ( 0.2999999999999999889, -1.236841649025260059, 0.08245735194570599780 ) ) ;
#1674 = CARTESIAN_POINT ( 'NONE',  ( 0.05000000000000000971, 1.086841649025260148, 0.4000000000000000222 ) ) ;
#1675 = CYLINDRICAL_SURFACE ( 'NONE', #2434, 0.1499999999999999944 ) ;
#1676 = ORIENTED_EDGE ( 'NONE', *, *, #799, .F. ) ;
#1677 = ORIENTED_EDGE ( 'NONE', *, *, #1961, .T. ) ;
#1678 = VECTOR ( 'NONE', #276, 100.0000000000000000 ) ;
#1679 = AXIS2_PLACEMENT_3D ( 'NONE', #1611, #2093, #2393 ) ;
#1680 = LINE ( 'NONE', #944, #1678 ) ;
#1681 = CARTESIAN_POINT ( 'NONE',  ( 0.2235153521852439873, 0.9233891457110401380, 1.939545216589690035 ) ) ;
#1682 = CARTESIAN_POINT ( 'NONE',  ( 0.1844569899744319952, -0.7784700044771050154, 2.085221151725010102 ) ) ;
#1683 = CARTESIAN_POINT ( 'NONE',  ( -0.2999999999999999889, -1.086841649025260148, 0.4000000000000000222 ) ) ;
#1684 = CARTESIAN_POINT ( 'NONE',  ( 0.06727834503049559545, -0.9476671394044640095, 1.903413890784070084 ) ) ;
#1685 = CARTESIAN_POINT ( 'NONE',  ( 0.2999999999999999889, -1.524999999999999911, 0.7000000000000000666 ) ) ;
#1686 = FACE_OUTER_BOUND ( 'NONE', #1169, .T. ) ;
#1687 = CARTESIAN_POINT ( 'NONE',  ( -0.05000000000000000278, 0.9486832980505139901, 0.8000000000000000444 ) ) ;
#1688 = VERTEX_POINT ( 'NONE', #68 ) ;
#1689 = CIRCLE ( 'NONE', #2334, 0.1499999999999999667 ) ;
#1690 = DIRECTION ( 'NONE',  ( -1.000000000000000000, -7.121240143874548712E-17, 0.000000000000000000 ) ) ;
#1691 = VECTOR ( 'NONE', #1916, 100.0000000000000000 ) ;
#1692 = DIRECTION ( 'NONE',  ( 0.05263157894736852221, -0.9986139979479091711, 0.000000000000000000 ) ) ;
#1693 = CARTESIAN_POINT ( 'NONE',  ( 0.1519873331042709830, 0.7854563021949669821, 2.073613402931630212 ) ) ;
#1694 = ORIENTED_EDGE ( 'NONE', *, *, #575, .T. ) ;
#1695 = CYLINDRICAL_SURFACE ( 'NONE', #2728, 0.6500000000000002442 ) ;
#1696 = ORIENTED_EDGE ( 'NONE', *, *, #2381, .F. ) ;
#1697 = EDGE_CURVE ( 'NONE', #1304, #1137, #1488, .T. ) ;
#1698 = EDGE_CURVE ( 'NONE', #139, #2109, #2893, .T. ) ;
#1699 = CARTESIAN_POINT ( 'NONE',  ( 0.6495367919074149787, 0.6932546896528650748, 2.524680717066420055 ) ) ;
#1700 = CARTESIAN_POINT ( 'NONE',  ( 0.08453069866588450165, -0.7955493185550270852, 2.057151638076880396 ) ) ;
#1701 = CARTESIAN_POINT ( 'NONE',  ( 0.2000000000000000111, -1.236841649025260059, 0.08245735194570610882 ) ) ;
#1702 = CARTESIAN_POINT ( 'NONE',  ( 0.5667779875808051093, -0.7624378031882630413, 2.231579066584719939 ) ) ;
#1703 = CIRCLE ( 'NONE', #3047, 0.1000000000000000056 ) ;
#1704 = CARTESIAN_POINT ( 'NONE',  ( -0.6396441827312869810, -0.7023938077143470071, 2.665694021035629913 ) ) ;
#1705 = CYLINDRICAL_SURFACE ( 'NONE', #1595, 0.1499999999999999944 ) ;
#1706 = FACE_OUTER_BOUND ( 'NONE', #2000, .T. ) ;
#1707 = ORIENTED_EDGE ( 'NONE', *, *, #2523, .F. ) ;
#1708 = EDGE_CURVE ( 'NONE', #1499, #225, #642, .T. ) ;
#1709 = CIRCLE ( 'NONE', #273, 0.1499999999999999944 ) ;
#1710 = PLANE ( 'NONE',  #1173 ) ;
#1711 = CARTESIAN_POINT ( 'NONE',  ( 0.05000000000000000278, -0.7984359711335660137, 2.052506281446690117 ) ) ;
#1712 = ORIENTED_EDGE ( 'NONE', *, *, #2599, .F. ) ;
#1713 = FACE_OUTER_BOUND ( 'NONE', #718, .T. ) ;
#1714 = ORIENTED_EDGE ( 'NONE', *, *, #1474, .F. ) ;
#1715 = EDGE_CURVE ( 'NONE', #728, #2668, #3003, .T. ) ;
#1716 = CARTESIAN_POINT ( 'NONE',  ( 0.6237593085173689378, 0.7165428759621720323, 2.366991268864089726 ) ) ;
#1717 = CARTESIAN_POINT ( 'NONE',  ( 0.7500000000000000000, 3.749861841752179209E-16, 1.975000000000000089 ) ) ;
#1718 = DIRECTION ( 'NONE',  ( 1.000000000000000000, 0.000000000000000000, 0.000000000000000000 ) ) ;
#1719 = CARTESIAN_POINT ( 'NONE',  ( 0.08448138503669638810, -0.9462885813483130626, 1.905435827587929953 ) ) ;
#1720 = FACE_OUTER_BOUND ( 'NONE', #386, .T. ) ;
#1721 = FACE_OUTER_BOUND ( 'NONE', #2264, .T. ) ;
#1722 = CARTESIAN_POINT ( 'NONE',  ( -0.05000000000000000278, -0.9486832980505139901, 0.8000000000000000444 ) ) ;
#1723 = CARTESIAN_POINT ( 'NONE',  ( -0.5511829703261900137, 0.7737789890997439635, 2.205349918251089836 ) ) ;
#1724 = EDGE_LOOP ( 'NONE', ( #1966, #660, #579, #1818 ) ) ;
#1725 = VECTOR ( 'NONE', #696, 100.0000000000000000 ) ;
#1726 = CARTESIAN_POINT ( 'NONE',  ( 0.2999999999999999889, 1.236841649025260059, 0.08245735194570599780 ) ) ;
#1727 = CARTESIAN_POINT ( 'NONE',  ( -0.05000000000000000278, -1.236841649025260059, 0.4000000000000000222 ) ) ;
#1728 = CARTESIAN_POINT ( 'NONE',  ( 0.4789856950080389475, 0.6407637224951149291, 2.406420338874790232 ) ) ;
#1729 = EDGE_CURVE ( 'NONE', #1058, #2835, #2858, .T. ) ;
#1730 = VERTEX_POINT ( 'NONE', #2079 ) ;
#1731 = CARTESIAN_POINT ( 'NONE',  ( -0.4004646744064050412, 0.6925692130869890439, 2.250536580542419784 ) ) ;
#1732 = VERTEX_POINT ( 'NONE', #1343 ) ;
#1733 = AXIS2_PLACEMENT_3D ( 'NONE', #1007, #1455, #1271 ) ;
#1734 = DIRECTION ( 'NONE',  ( 1.000000000000000000, 0.000000000000000000, 0.000000000000000000 ) ) ;
#1735 = CARTESIAN_POINT ( 'NONE',  ( 0.4556200843783340115, -0.6576116329808220362, 2.343635519675260070 ) ) ;
#1736 = EDGE_LOOP ( 'NONE', ( #2541, #500, #2314, #2613 ) ) ;
#1737 = CARTESIAN_POINT ( 'NONE',  ( 0.6307963611953569805, -0.7103546867483979677, 2.392929897149020046 ) ) ;
#1738 = CARTESIAN_POINT ( 'NONE',  ( 0.9216507001444267377, 3.749861841752178716E-16, 1.425000000000000266 ) ) ;
#1739 = CYLINDRICAL_SURFACE ( 'NONE', #2504, 0.5000000000000001110 ) ;
#1740 = CARTESIAN_POINT ( 'NONE',  ( 0.05000000000000000278, 1.524999999999999911, 0.7000000000000000666 ) ) ;
#1741 = CARTESIAN_POINT ( 'NONE',  ( -0.4798065008374720053, 0.8200846725912570578, 2.111017965476330360 ) ) ;
#1742 = AXIS2_PLACEMENT_3D ( 'NONE', #1131, #2086, #2834 ) ;
#1743 = EDGE_CURVE ( 'NONE', #454, #73, #2780, .T. ) ;
#1744 = EDGE_CURVE ( 'NONE', #2095, #872, #897, .T. ) ;
#1745 = DIRECTION ( 'NONE',  ( 0.000000000000000000, 0.000000000000000000, 1.000000000000000000 ) ) ;
#1746 = CARTESIAN_POINT ( 'NONE',  ( 0.4756138053939759636, 0.6432712100373190189, 2.395615554998280050 ) ) ;
#1747 = VERTEX_POINT ( 'NONE', #1592 ) ;
#1748 = ADVANCED_FACE ( 'NONE', ( #3017 ), #1813, .F. ) ;
#1749 = ORIENTED_EDGE ( 'NONE', *, *, #2681, .T. ) ;
#1750 = PLANE ( 'NONE',  #2129 ) ;
#1751 = VERTEX_POINT ( 'NONE', #882 ) ;
#1752 = CARTESIAN_POINT ( 'NONE',  ( 0.05000000000000000278, 0.9486832980505139901, 0.8000000000000000444 ) ) ;
#1753 = CARTESIAN_POINT ( 'NONE',  ( -0.6408663112285789554, -0.7012798405057099060, 2.441143728794250123 ) ) ;
#1754 = VECTOR ( 'NONE', #13, 100.0000000000000000 ) ;
#1755 = CARTESIAN_POINT ( 'NONE',  ( -0.7499999999999998890, 0.1499999999999998834, 1.700000000000000178 ) ) ;
#1756 = DIRECTION ( 'NONE',  ( 0.000000000000000000, 0.000000000000000000, 1.000000000000000000 ) ) ;
#1757 = CARTESIAN_POINT ( 'NONE',  ( -0.7500000000000000000, -0.3175426480542939967, 1.700000000000000178 ) ) ;
#1758 = CIRCLE ( 'NONE', #125, 0.5000000000000001110 ) ;
#1759 = CARTESIAN_POINT ( 'NONE',  ( -0.06405169885338039826, -0.9478729399516478971, 1.903112481880349982 ) ) ;
#1760 = ADVANCED_FACE ( 'NONE', ( #658 ), #2300, .T. ) ;
#1761 = ADVANCED_FACE ( 'NONE', ( #249 ), #16, .F. ) ;
#1762 = CARTESIAN_POINT ( 'NONE',  ( -0.7500000000000000000, 0.1587713240271469983, 1.975000000000000089 ) ) ;
#1763 = DIRECTION ( 'NONE',  ( 0.000000000000000000, 0.000000000000000000, 1.000000000000000000 ) ) ;
#1764 = CARTESIAN_POINT ( 'NONE',  ( 0.4980270199617630178, 0.6260747826202409660, 2.505154550808870173 ) ) ;
#1765 = ORIENTED_EDGE ( 'NONE', *, *, #52, .F. ) ;
#1766 = VECTOR ( 'NONE', #1778, 100.0000000000000000 ) ;
#1767 = ORIENTED_EDGE ( 'NONE', *, *, #235, .T. ) ;
#1768 = LINE ( 'NONE', #96, #82 ) ;
#1769 = CARTESIAN_POINT ( 'NONE',  ( -0.4794050262612830071, -0.8201959634372429919, 2.110963005014880434 ) ) ;
#1770 = DIRECTION ( 'NONE',  ( 0.000000000000000000, 1.000000000000000000, 2.168404344971010594E-16 ) ) ;
#1771 = DIRECTION ( 'NONE',  ( 1.000000000000000000, 0.000000000000000000, 0.000000000000000000 ) ) ;
#1772 = DIRECTION ( 'NONE',  ( -1.000000000000000000, -6.245152236670769497E-17, -7.043567548384689865E-33 ) ) ;
#1773 = DIRECTION ( 'NONE',  ( 1.000000000000000000, 4.898587196589410857E-16, 2.249639673992789970E-32 ) ) ;
#1774 = CARTESIAN_POINT ( 'NONE',  ( 0.7500000000000000000, 3.673940397442059868E-16, -4.499279347985569402E-33 ) ) ;
#1775 = LINE ( 'NONE', #884, #205 ) ;
#1776 = ORIENTED_EDGE ( 'NONE', *, *, #1698, .F. ) ;
#1777 = ORIENTED_EDGE ( 'NONE', *, *, #607, .T. ) ;
#1778 = DIRECTION ( 'NONE',  ( 0.000000000000000000, 0.000000000000000000, 1.000000000000000000 ) ) ;
#1779 = DIRECTION ( 'NONE',  ( 1.000000000000000000, 6.245152236670769497E-17, 7.043567548384689865E-33 ) ) ;
#1780 = CARTESIAN_POINT ( 'NONE',  ( 0.04999999999999740069, 0.9486832980505131019, 1.901925930159179989 ) ) ;
#1781 = DIRECTION ( 'NONE',  ( 1.000000000000000000, 0.000000000000000000, 0.000000000000000000 ) ) ;
#1782 = AXIS2_PLACEMENT_3D ( 'NONE', #1227, #2648, #502 ) ;
#1783 = CYLINDRICAL_SURFACE ( 'NONE', #1136, 0.9499999999999999556 ) ;
#1784 = AXIS2_PLACEMENT_3D ( 'NONE', #2201, #78, #1247 ) ;
#1785 = CARTESIAN_POINT ( 'NONE',  ( 0.000000000000000000, 2.000000000000000000, 0.000000000000000000 ) ) ;
#1786 = AXIS2_PLACEMENT_3D ( 'NONE', #2516, #2280, #156 ) ;
#1787 = CARTESIAN_POINT ( 'NONE',  ( 0.2000000000000000111, 1.236841649025260059, 0.7175426480542940189 ) ) ;
#1788 = LINE ( 'NONE', #2754, #2338 ) ;
#1789 = VERTEX_POINT ( 'NONE', #629 ) ;
#1790 = EDGE_CURVE ( 'NONE', #781, #790, #1758, .T. ) ;
#1791 = VECTOR ( 'NONE', #2297, 100.0000000000000000 ) ;
#1792 = ORIENTED_EDGE ( 'NONE', *, *, #284, .F. ) ;
#1793 = ORIENTED_EDGE ( 'NONE', *, *, #2521, .F. ) ;
#1794 = CARTESIAN_POINT ( 'NONE',  ( 0.6497513508929119164, -0.6930535810330790136, 2.530564017431509605 ) ) ;
#1795 = FACE_OUTER_BOUND ( 'NONE', #1736, .T. ) ;
#1796 = FACE_OUTER_BOUND ( 'NONE', #1372, .T. ) ;
#1797 = CARTESIAN_POINT ( 'NONE',  ( -0.4400789573934439369, -0.6680918410040990185, 2.312553992250139689 ) ) ;
#1798 = CARTESIAN_POINT ( 'NONE',  ( -0.09188968301388850124, -0.9455794479992920554, 1.906477515993440175 ) ) ;
#1799 = AXIS2_PLACEMENT_3D ( 'NONE', #2390, #2911, #1905 ) ;
#1800 = CARTESIAN_POINT ( 'NONE',  ( -0.05000000000000000278, -0.7984359711336550536, 2.052506281446690117 ) ) ;
#1801 = LINE ( 'NONE', #2811, #1428 ) ;
#1802 = ORIENTED_EDGE ( 'NONE', *, *, #466, .T. ) ;
#1803 = ORIENTED_EDGE ( 'NONE', *, *, #1567, .T. ) ;
#1804 = ORIENTED_EDGE ( 'NONE', *, *, #1412, .T. ) ;
#1805 = ORIENTED_EDGE ( 'NONE', *, *, #1653, .T. ) ;
#1806 = AXIS2_PLACEMENT_3D ( 'NONE', #1366, #3059, #199 ) ;
#1807 = CARTESIAN_POINT ( 'NONE',  ( 0.6339018181194110424, -0.7075793135648510424, 2.693765381733239650 ) ) ;
#1808 = CARTESIAN_POINT ( 'NONE',  ( -0.2999999999999999889, 1.524999999999999911, 0.1000000000000000056 ) ) ;
#1809 = DIRECTION ( 'NONE',  ( 0.000000000000000000, -1.000000000000000000, 0.000000000000000000 ) ) ;
#1810 = CARTESIAN_POINT ( 'NONE',  ( -0.2999999999999999889, 1.236841649025260059, 0.4000000000000000222 ) ) ;
#1811 = CARTESIAN_POINT ( 'NONE',  ( -0.2533651552807740237, -0.9156673868385950543, 1.951285077197510098 ) ) ;
#1812 = AXIS2_PLACEMENT_3D ( 'NONE', #609, #572, #1976 ) ;
#1813 = PLANE ( 'NONE',  #1301 ) ;
#1814 = FACE_BOUND ( 'NONE', #2360, .T. ) ;
#1815 = ADVANCED_FACE ( 'NONE', ( #320 ), #1705, .F. ) ;
#1816 = ORIENTED_EDGE ( 'NONE', *, *, #2501, .F. ) ;
#1817 = ORIENTED_EDGE ( 'NONE', *, *, #1240, .T. ) ;
#1818 = ORIENTED_EDGE ( 'NONE', *, *, #1418, .T. ) ;
#1819 = CARTESIAN_POINT ( 'NONE',  ( 0.04999999999999998890, 1.386841649025259970, 0.4000000000000000222 ) ) ;
#1820 = LINE ( 'NONE', #877, #1552 ) ;
#1821 = FACE_BOUND ( 'NONE', #1319, .T. ) ;
#1822 = CARTESIAN_POINT ( 'NONE',  ( -0.4279067993455299979, -0.6759545826574360206, 2.291260803327050066 ) ) ;
#1823 = DIRECTION ( 'NONE',  ( 0.000000000000000000, 3.469446951953614189E-15, 1.000000000000000000 ) ) ;
#1824 = VECTOR ( 'NONE', #1745, 100.0000000000000000 ) ;
#1825 = AXIS2_PLACEMENT_3D ( 'NONE', #2609, #53, #2358 ) ;
#1826 = CIRCLE ( 'NONE', #357, 0.9499999999999999556 ) ;
#1827 = EDGE_CURVE ( 'NONE', #1395, #2666, #571, .T. ) ;
#1828 = ADVANCED_FACE ( 'NONE', ( #1034 ), #1940, .F. ) ;
#1829 = DIRECTION ( 'NONE',  ( 0.000000000000000000, -1.000000000000000000, 0.000000000000000000 ) ) ;
#1830 = DIRECTION ( 'NONE',  ( 0.000000000000000000, 1.000000000000000000, 0.000000000000000000 ) ) ;
#1831 = EDGE_LOOP ( 'NONE', ( #258, #2476, #1195, #2479 ) ) ;
#1832 = ORIENTED_EDGE ( 'NONE', *, *, #2676, .T. ) ;
#1833 = ORIENTED_EDGE ( 'NONE', *, *, #2629, .F. ) ;
#1834 = ADVANCED_FACE ( 'NONE', ( #1919 ), #809, .F. ) ;
#1835 = DIRECTION ( 'NONE',  ( 1.084202172485505297E-16, -1.000000000000000000, -2.168404344971010594E-16 ) ) ;
#1836 = VECTOR ( 'NONE', #2134, 100.0000000000000000 ) ;
#1837 = CARTESIAN_POINT ( 'NONE',  ( 0.6494452251115531149, 0.6933404795414569444, 2.577541441853269610 ) ) ;
#1838 = DIRECTION ( 'NONE',  ( 1.000000000000000000, 6.245152236670769497E-17, 7.043567548384689865E-33 ) ) ;
#1839 = CARTESIAN_POINT ( 'NONE',  ( -0.1115679806893380144, -0.7921995974068939406, 2.062577101943079860 ) ) ;
#1840 = AXIS2_PLACEMENT_3D ( 'NONE', #370, #2979, #659 ) ;
#1841 = FACE_BOUND ( 'NONE', #95, .T. ) ;
#1842 = DIRECTION ( 'NONE',  ( -1.000000000000000000, -7.121240143874548712E-17, 0.000000000000000000 ) ) ;
#1843 = VERTEX_POINT ( 'NONE', #1755 ) ;
#1844 = ADVANCED_FACE ( 'NONE', ( #1504 ), #778, .F. ) ;
#1845 = EDGE_CURVE ( 'NONE', #1789, #56, #2872, .T. ) ;
#1846 = CARTESIAN_POINT ( 'NONE',  ( 0.2999999999999999889, 1.524999999999999911, 0.7000000000000000666 ) ) ;
#1847 = CARTESIAN_POINT ( 'NONE',  ( -0.2999999999999999889, -0.9013878188659970592, 0.8000000000000000444 ) ) ;
#1848 = AXIS2_PLACEMENT_3D ( 'NONE', #2562, #481, #171 ) ;
#1849 = ORIENTED_EDGE ( 'NONE', *, *, #2762, .F. ) ;
#1850 = ORIENTED_EDGE ( 'NONE', *, *, #1565, .T. ) ;
#1851 = ORIENTED_EDGE ( 'NONE', *, *, #2511, .F. ) ;
#1852 = LINE ( 'NONE', #704, #2411 ) ;
#1853 = CIRCLE ( 'NONE', #1153, 0.7999999999999999334 ) ;
#1854 = CARTESIAN_POINT ( 'NONE',  ( 0.6444026746277080608, 0.6980325825556650265, 2.635910432661369818 ) ) ;
#1855 = FACE_OUTER_BOUND ( 'NONE', #646, .T. ) ;
#1856 = CARTESIAN_POINT ( 'NONE',  ( -0.2975370697232380124, -0.7426354575675619962, 2.148105298711659561 ) ) ;
#1857 = CARTESIAN_POINT ( 'NONE',  ( -0.7000000000000000666, 1.425000000000000044, 0.7000000000000000666 ) ) ;
#1858 = FACE_OUTER_BOUND ( 'NONE', #1105, .T. ) ;
#1859 = AXIS2_PLACEMENT_3D ( 'NONE', #1360, #1107, #2058 ) ;
#1860 = ORIENTED_EDGE ( 'NONE', *, *, #2033, .T. ) ;
#1861 = CARTESIAN_POINT ( 'NONE',  ( 0.2000000000000000111, 0.9618416490252570394, 0.5587713240271470205 ) ) ;
#1862 = ORIENTED_EDGE ( 'NONE', *, *, #1189, .F. ) ;
#1863 = ORIENTED_EDGE ( 'NONE', *, *, #622, .F. ) ;
#1864 = ORIENTED_EDGE ( 'NONE', *, *, #3049, .T. ) ;
#1865 = CARTESIAN_POINT ( 'NONE',  ( 0.2999999999999999889, -0.9013878188659970592, 0.8000000000000000444 ) ) ;
#1866 = VECTOR ( 'NONE', #2075, 100.0000000000000000 ) ;
#1867 = CARTESIAN_POINT ( 'NONE',  ( 0.2000000000000000111, 1.511841649025259970, 0.2412286759728530239 ) ) ;
#1868 = CARTESIAN_POINT ( 'NONE',  ( 0.3175374630823900035, -0.7343305778529159999, 2.163643642995060290 ) ) ;
#1869 = CARTESIAN_POINT ( 'NONE',  ( -0.3495185981288980170, -0.7196471345844389633, 2.192335179798989842 ) ) ;
#1870 = CARTESIAN_POINT ( 'NONE',  ( 0.2999999999999999889, -1.524999999999999911, 0.1000000000000000056 ) ) ;
#1871 = FACE_OUTER_BOUND ( 'NONE', #1194, .T. ) ;
#1872 = ORIENTED_EDGE ( 'NONE', *, *, #2608, .F. ) ;
#1873 =( BOUNDED_CURVE ( )  B_SPLINE_CURVE ( 3, ( #1738, #2908, #319, #2693 ),
 .UNSPECIFIED., .F., .F. ) 
 B_SPLINE_CURVE_WITH_KNOTS ( ( 4, 4 ),
 ( 3.141592653589793116, 6.283185307179586232 ),
 .UNSPECIFIED. ) 
 CURVE ( )  GEOMETRIC_REPRESENTATION_ITEM ( )  RATIONAL_B_SPLINE_CURVE ( ( 1.000000000000000000, 0.3333333333333333703, 0.3333333333333333703, 1.000000000000000000 ) ) 
 REPRESENTATION_ITEM ( '' )  );
#1874 = DIRECTION ( 'NONE',  ( 1.000000000000000000, 0.000000000000000000, 0.000000000000000000 ) ) ;
#1875 = DIRECTION ( 'NONE',  ( 1.368455531567199917E-48, -6.123233995736769734E-17, 1.000000000000000000 ) ) ;
#1876 = VECTOR ( 'NONE', #209, 100.0000000000000000 ) ;
#1877 = ORIENTED_EDGE ( 'NONE', *, *, #1743, .F. ) ;
#1878 = EDGE_LOOP ( 'NONE', ( #2348, #3020 ) ) ;
#1879 = ORIENTED_EDGE ( 'NONE', *, *, #2199, .T. ) ;
#1880 = DIRECTION ( 'NONE',  ( -1.000000000000000000, 0.000000000000000000, 0.000000000000000000 ) ) ;
#1881 = EDGE_CURVE ( 'NONE', #1176, #2635, #1703, .T. ) ;
#1882 = CIRCLE ( 'NONE', #935, 0.09999999999999992228 ) ;
#1883 = ADVANCED_FACE ( 'NONE', ( #1975, #1721 ), #2677, .T. ) ;
#1884 = DIRECTION ( 'NONE',  ( -1.000000000000000000, 8.127381136623279843E-16, 0.000000000000000000 ) ) ;
#1885 = ORIENTED_EDGE ( 'NONE', *, *, #146, .F. ) ;
#1886 = CARTESIAN_POINT ( 'NONE',  ( -0.05288985443947819692, -0.7982550078360060031, 2.052796718957309974 ) ) ;
#1887 = FACE_OUTER_BOUND ( 'NONE', #2043, .T. ) ;
#1888 = CARTESIAN_POINT ( 'NONE',  ( 0.2999999999999999889, -1.236841649025260059, 0.7175426480542940189 ) ) ;
#1889 = EDGE_CURVE ( 'NONE', #2176, #901, #586, .T. ) ;
#1890 = ORIENTED_EDGE ( 'NONE', *, *, #1155, .F. ) ;
#1891 = FACE_BOUND ( 'NONE', #936, .T. ) ;
#1892 = CARTESIAN_POINT ( 'NONE',  ( -0.2227058889534130059, 0.7685032266055350503, 2.102085384716049887 ) ) ;
#1893 = CIRCLE ( 'NONE', #896, 0.1499999999999999944 ) ;
#1894 = DIRECTION ( 'NONE',  ( 0.000000000000000000, -0.4999999999999999445, 0.8660254037844388186 ) ) ;
#1895 = ORIENTED_EDGE ( 'NONE', *, *, #2299, .T. ) ;
#1896 = VERTEX_POINT ( 'NONE', #1467 ) ;
#1897 = ORIENTED_EDGE ( 'NONE', *, *, #2947, .F. ) ;
#1898 = CARTESIAN_POINT ( 'NONE',  ( -0.4779775316186069545, 0.6415171838500760559, 2.403070481192850050 ) ) ;
#1899 = LINE ( 'NONE', #3056, #404 ) ;
#1900 = CARTESIAN_POINT ( 'NONE',  ( 0.2361267955066189972, -0.7643825461444919700, 2.109219937642549780 ) ) ;
#1901 = DIRECTION ( 'NONE',  ( 1.000000000000000000, 2.133335558941509673E-16, 1.024206813746359955E-32 ) ) ;
#1902 = CARTESIAN_POINT ( 'NONE',  ( 0.5070289261277700632, -0.8034279263158661255, 2.143110249510880028 ) ) ;
#1903 = DIRECTION ( 'NONE',  ( 0.000000000000000000, 6.123233995736769734E-17, -1.000000000000000000 ) ) ;
#1904 = CARTESIAN_POINT ( 'NONE',  ( -0.6235023555603980139, 0.7167681691926360843, 2.366074063880990064 ) ) ;
#1905 = DIRECTION ( 'NONE',  ( 0.000000000000000000, -1.000000000000000000, 0.000000000000000000 ) ) ;
#1906 = ORIENTED_EDGE ( 'NONE', *, *, #2571, .F. ) ;
#1907 = AXIS2_PLACEMENT_3D ( 'NONE', #933, #2837, #3027 ) ;
#1908 = LINE ( 'NONE', #2824, #1534 ) ;
#1909 = CYLINDRICAL_SURFACE ( 'NONE', #1782, 0.5000000000000001110 ) ;
#1910 = DIRECTION ( 'NONE',  ( 1.000000000000000000, 0.000000000000000000, 0.000000000000000000 ) ) ;
#1911 = EDGE_LOOP ( 'NONE', ( #2832, #2002, #1224, #2814 ) ) ;
#1912 = VERTEX_POINT ( 'NONE', #33 ) ;
#1913 = CARTESIAN_POINT ( 'NONE',  ( 0.5000000000000000000, -0.6244997998398399419, 2.549999999999999822 ) ) ;
#1914 = CARTESIAN_POINT ( 'NONE',  ( 0.1199692881309920023, 0.9424384079833558747, 1.911101187167460136 ) ) ;
#1915 = CARTESIAN_POINT ( 'NONE',  ( 0.05385336354453659075, -0.7981946816747510498, 2.052893551003939887 ) ) ;
#1916 = DIRECTION ( 'NONE',  ( 1.000000000000000000, 0.000000000000000000, 0.000000000000000000 ) ) ;
#1917 = CARTESIAN_POINT ( 'NONE',  ( 0.05576155441765960619, -0.9483796712779339888, 1.902370433546039852 ) ) ;
#1918 = CARTESIAN_POINT ( 'NONE',  ( -0.6427684202088079779, -0.6995355289891079797, 2.646841083180840215 ) ) ;
#1919 = FACE_OUTER_BOUND ( 'NONE', #1358, .T. ) ;
#1920 = FACE_BOUND ( 'NONE', #2646, .T. ) ;
#1921 = ORIENTED_EDGE ( 'NONE', *, *, #2050, .T. ) ;
#1922 = EDGE_CURVE ( 'NONE', #539, #556, #795, .T. ) ;
#1923 = EDGE_CURVE ( 'NONE', #1058, #941, #2173, .T. ) ;
#1924 = CARTESIAN_POINT ( 'NONE',  ( -0.5000000000000000000, -0.6244997998398399419, 2.549999999999999822 ) ) ;
#1925 = EDGE_CURVE ( 'NONE', #2180, #1438, #2051, .T. ) ;
#1926 = CARTESIAN_POINT ( 'NONE',  ( -0.1025885933044169973, 0.7934120254115288873, 2.060609189866319912 ) ) ;
#1927 = CARTESIAN_POINT ( 'NONE',  ( 0.2260552405125620112, 0.7674218076832549640, 2.103970795082079626 ) ) ;
#1928 = ORIENTED_EDGE ( 'NONE', *, *, #2499, .T. ) ;
#1929 = AXIS2_PLACEMENT_3D ( 'NONE', #1244, #964, #1196 ) ;
#1930 = VECTOR ( 'NONE', #1209, 100.0000000000000000 ) ;
#1931 = CARTESIAN_POINT ( 'NONE',  ( -0.4279067993455299979, 0.6759545826574360206, 2.291260803327050066 ) ) ;
#1932 = EDGE_LOOP ( 'NONE', ( #2769, #137, #2391, #3010 ) ) ;
#1933 = VECTOR ( 'NONE', #1771, 100.0000000000000000 ) ;
#1934 = CARTESIAN_POINT ( 'NONE',  ( 0.04999999999999740069, 0.9486832980505131019, 1.901925930159179989 ) ) ;
#1935 = ORIENTED_EDGE ( 'NONE', *, *, #1974, .T. ) ;
#1936 = ADVANCED_FACE ( 'NONE', ( #2437 ), #83, .F. ) ;
#1937 = CARTESIAN_POINT ( 'NONE',  ( 0.3500000000000000333, -1.425000000000000044, 0.7000000000000000666 ) ) ;
#1938 = CARTESIAN_POINT ( 'NONE',  ( 0.6269824822259980612, -0.7137242995953509972, 2.378333850549100070 ) ) ;
#1939 = LINE ( 'NONE', #1184, #1556 ) ;
#1940 = PLANE ( 'NONE',  #268 ) ;
#1941 = CARTESIAN_POINT ( 'NONE',  ( -0.2907243158123449800, 0.9045024452289829320, 1.968498636488940079 ) ) ;
#1942 = ORIENTED_EDGE ( 'NONE', *, *, #1404, .F. ) ;
#1943 = VECTOR ( 'NONE', #2807, 100.0000000000000000 ) ;
#1944 = ADVANCED_FACE ( 'NONE', ( #1686 ), #1739, .F. ) ;
#1945 = CARTESIAN_POINT ( 'NONE',  ( 0.2000000000000000111, -1.086841649025260148, 0.4000000000000000222 ) ) ;
#1946 = VECTOR ( 'NONE', #1125, 100.0000000000000000 ) ;
#1947 = DIRECTION ( 'NONE',  ( 1.000000000000000000, 0.000000000000000000, 0.000000000000000000 ) ) ;
#1948 = CARTESIAN_POINT ( 'NONE',  ( 0.3812802195307049558, 0.7034397968500000209, 2.225978298684649914 ) ) ;
#1949 = ORIENTED_EDGE ( 'NONE', *, *, #2537, .F. ) ;
#1950 = CARTESIAN_POINT ( 'NONE',  ( 0.2999999999999999889, -1.524999999999999911, 0.1000000000000000056 ) ) ;
#1951 = EDGE_LOOP ( 'NONE', ( #2120, #1897, #2809, #2715 ) ) ;
#1952 = CARTESIAN_POINT ( 'NONE',  ( 0.4972187754040929830, 0.8095211496022290953, 2.131236678826390119 ) ) ;
#1953 = CARTESIAN_POINT ( 'NONE',  ( 0.4630620761622740167, -0.6523719262873050040, 2.361191685186200040 ) ) ;
#1954 = CARTESIAN_POINT ( 'NONE',  ( -0.7000000000000000666, 1.425000000000000044, 0.1000000000000000056 ) ) ;
#1955 = CARTESIAN_POINT ( 'NONE',  ( 0.5291005589210350246, -0.7890509817706519158, 2.172306425137979780 ) ) ;
#1956 = VECTOR ( 'NONE', #265, 100.0000000000000000 ) ;
#1957 = DIRECTION ( 'NONE',  ( -1.000000000000000000, 4.733035820897879563E-16, 0.000000000000000000 ) ) ;
#1958 = DIRECTION ( 'NONE',  ( 0.000000000000000000, -0.4999999999999999445, -0.8660254037844388186 ) ) ;
#1959 = CARTESIAN_POINT ( 'NONE',  ( -0.1989195262403359865, 0.9289752901395850193, 1.931131190347919802 ) ) ;
#1960 = ORIENTED_EDGE ( 'NONE', *, *, #1653, .F. ) ;
#1961 = EDGE_CURVE ( 'NONE', #3008, #1896, #1993, .T. ) ;
#1962 = VECTOR ( 'NONE', #213, 100.0000000000000000 ) ;
#1963 = LINE ( 'NONE', #71, #1036 ) ;
#1964 = DIRECTION ( 'NONE',  ( 1.000000000000000000, 6.245152236670769497E-17, 7.043567548384689865E-33 ) ) ;
#1965 = LINE ( 'NONE', #1981, #2329 ) ;
#1966 = ORIENTED_EDGE ( 'NONE', *, *, #1369, .T. ) ;
#1967 = DIRECTION ( 'NONE',  ( 1.000000000000000000, 6.245152236670769497E-17, 7.043567548384689865E-33 ) ) ;
#1968 = ORIENTED_EDGE ( 'NONE', *, *, #729, .T. ) ;
#1969 = CARTESIAN_POINT ( 'NONE',  ( 0.05830381115564340494, 0.9482213767290319506, 1.902602224433799893 ) ) ;
#1970 = CARTESIAN_POINT ( 'NONE',  ( 0.4719669247248149957, -0.6459524237661820045, 2.384800301150800106 ) ) ;
#1971 = CARTESIAN_POINT ( 'NONE',  ( 0.4498309051048829943, -0.8367908205297339697, 2.080690442284220065 ) ) ;
#1972 = EDGE_CURVE ( 'NONE', #2635, #513, #537, .T. ) ;
#1973 = CARTESIAN_POINT ( 'NONE',  ( 0.2999999999999999889, -1.511841649025259970, 0.5587713240271470205 ) ) ;
#1974 = EDGE_CURVE ( 'NONE', #568, #1572, #3012, .T. ) ;
#1975 = FACE_BOUND ( 'NONE', #3048, .T. ) ;
#1976 = DIRECTION ( 'NONE',  ( 0.000000000000000000, -1.734723475976807094E-15, 1.000000000000000000 ) ) ;
#1977 = DIRECTION ( 'NONE',  ( 0.2211775104080579979, 0.000000000000000000, 0.9752335663263920207 ) ) ;
#1978 = EDGE_LOOP ( 'NONE', ( #2332, #1629, #1443, #3076 ) ) ;
#1979 = EDGE_CURVE ( 'NONE', #1426, #2082, #1820, .T. ) ;
#1980 = CARTESIAN_POINT ( 'NONE',  ( 0.5000000000000000000, -0.6244997998398399419, 2.549999999999999822 ) ) ;
#1981 = CARTESIAN_POINT ( 'NONE',  ( -0.9499999999999999556, 1.086841649025260148, 0.4000000000000000222 ) ) ;
#1982 = ORIENTED_EDGE ( 'NONE', *, *, #544, .T. ) ;
#1983 = ORIENTED_EDGE ( 'NONE', *, *, #2632, .T. ) ;
#1984 = CIRCLE ( 'NONE', #2626, 0.1499999999999999667 ) ;
#1985 = VECTOR ( 'NONE', #1947, 100.0000000000000000 ) ;
#1986 = CARTESIAN_POINT ( 'NONE',  ( 0.1803467435885370007, 0.9327465543718559404, 1.925485826439570003 ) ) ;
#1987 = CARTESIAN_POINT ( 'NONE',  ( 0.4980270199617620186, -0.6260747826202409660, 2.505154550808859959 ) ) ;
#1988 = ORIENTED_EDGE ( 'NONE', *, *, #198, .F. ) ;
#1989 = EDGE_CURVE ( 'NONE', #3065, #413, #215, .T. ) ;
#1990 = CARTESIAN_POINT ( 'NONE',  ( 0.6400102365093129908, -0.7020617930369079662, 2.436175258215869999 ) ) ;
#1991 = CARTESIAN_POINT ( 'NONE',  ( -0.5910434762213651050, -0.7437916592526090387, 2.279123454337679711 ) ) ;
#1992 = EDGE_CURVE ( 'NONE', #2994, #2067, #2294, .T. ) ;
#1993 = LINE ( 'NONE', #2153, #74 ) ;
#1994 = CARTESIAN_POINT ( 'NONE',  ( 0.000000000000000000, 0.000000000000000000, 0.000000000000000000 ) ) ;
#1995 = LINE ( 'NONE', #2036, #2921 ) ;
#1996 = VECTOR ( 'NONE', #1999, 100.0000000000000000 ) ;
#1997 = APPLICATION_CONTEXT ( 'automotive_design' ) ;
#1998 = LINE ( 'NONE', #104, #1326 ) ;
#1999 = DIRECTION ( 'NONE',  ( 6.992591586849318935E-17, -0.8660254037844388186, -0.4999999999999998335 ) ) ;
#2000 = EDGE_LOOP ( 'NONE', ( #1243, #1229, #1106 ) ) ;
#2001 = ORIENTED_EDGE ( 'NONE', *, *, #231, .T. ) ;
#2002 = ORIENTED_EDGE ( 'NONE', *, *, #731, .F. ) ;
#2003 = LINE ( 'NONE', #1752, #1766 ) ;
#2004 = CARTESIAN_POINT ( 'NONE',  ( -0.4899141186545490356, -0.8139614081884759544, 2.122720896124450363 ) ) ;
#2005 = VECTOR ( 'NONE', #2819, 100.0000000000000000 ) ;
#2006 = DIRECTION ( 'NONE',  ( 0.000000000000000000, -1.000000000000000000, 0.000000000000000000 ) ) ;
#2007 = LINE ( 'NONE', #2438, #3015 ) ;
#2008 = LINE ( 'NONE', #1324, #683 ) ;
#2009 = VECTOR ( 'NONE', #971, 100.0000000000000000 ) ;
#2010 = DIRECTION ( 'NONE',  ( -7.228014483236698281E-17, 1.000000000000000000, 0.000000000000000000 ) ) ;
#2011 = DIRECTION ( 'NONE',  ( 6.842277657836019335E-49, 6.123233995736769734E-17, -1.000000000000000000 ) ) ;
#2012 = CIRCLE ( 'NONE', #769, 0.9499999999999996225 ) ;
#2013 = CARTESIAN_POINT ( 'NONE',  ( 0.4849480629176939339, 0.6362619668135860440, 2.428069390582580311 ) ) ;
#2014 = LINE ( 'NONE', #2639, #415 ) ;
#2015 = ORIENTED_EDGE ( 'NONE', *, *, #284, .T. ) ;
#2016 = ORIENTED_EDGE ( 'NONE', *, *, #1512, .F. ) ;
#2017 = CARTESIAN_POINT ( 'NONE',  ( 0.6493472208620599817, -0.6934323129944899300, 2.579928732550019976 ) ) ;
#2018 = CARTESIAN_POINT ( 'NONE',  ( -0.5469365022253810382, -0.7767859913882959599, 2.198655593206439995 ) ) ;
#2019 = SURFACE_SIDE_STYLE ('',( #129 ) ) ;
#2020 = DIRECTION ( 'NONE',  ( 1.000000000000000000, 0.000000000000000000, 0.000000000000000000 ) ) ;
#2021 = CARTESIAN_POINT ( 'NONE',  ( -0.4814624078317109590, -0.6389051415990809613, 2.414926130365339763 ) ) ;
#2022 = LINE ( 'NONE', #1312, #1791 ) ;
#2023 = VECTOR ( 'NONE', #132, 100.0000000000000000 ) ;
#2024 = ADVANCED_FACE ( 'NONE', ( #2960, #2775 ), #1108, .F. ) ;
#2025 = CARTESIAN_POINT ( 'NONE',  ( -0.05000000000000000278, 2.000000000000000000, 1.901925930159210187 ) ) ;
#2026 = ADVANCED_FACE ( 'NONE', ( #1297 ), #1064, .T. ) ;
#2027 = CARTESIAN_POINT ( 'NONE',  ( 0.2000000000000000111, -1.236841649025260059, 0.4000000000000000222 ) ) ;
#2028 = VERTEX_POINT ( 'NONE', #402 ) ;
#2029 = MANIFOLD_SOLID_BREP ( 'Imported1', #50 ) ;
#2030 = VERTEX_POINT ( 'NONE', #1808 ) ;
#2031 = ORIENTED_EDGE ( 'NONE', *, *, #1095, .F. ) ;
#2032 = CARTESIAN_POINT ( 'NONE',  ( 0.05000000000000000278, 0.7984359711335660137, 2.052506281446690117 ) ) ;
#2033 = EDGE_CURVE ( 'NONE', #1425, #222, #2285, .T. ) ;
#2034 =( LENGTH_UNIT ( ) NAMED_UNIT ( * ) SI_UNIT ( .CENTI., .METRE. ) );
#2035 = DIRECTION ( 'NONE',  ( 0.000000000000000000, -1.000000000000000000, 0.000000000000000000 ) ) ;
#2036 = CARTESIAN_POINT ( 'NONE',  ( 0.2000000000000000111, -1.511841649025259970, 0.2412286759728530239 ) ) ;
#2037 = B_SPLINE_CURVE_WITH_KNOTS ( 'NONE', 3,
 ( #786, #8, #2916, #490, #2667, #241, #736, #1663, #2850, #2197, #57, #26, #2429, #1898, #2636, #719, #1215, #2165, #1409, #1460, #75, #40, #979, #1931, #2416, #312, #2598, #1731, #2449, #329, #2686, #563, #1495, #925, #2374, #291, #2160, #939, #2178, #1641, #2862, #234, #1403, #1892, #1171, #991, #1191, #2346, #2123, #3, #1210, #1926, #21, #1626, #37, #254, #713, #2593, #2139 ),
 .UNSPECIFIED., .F., .F.,
 ( 4, 1, 1, 1, 1, 1, 1, 1, 1, 1, 1, 1, 1, 1, 1, 1, 1, 1, 1, 1, 1, 1, 1, 1, 1, 1, 1, 1, 1, 1, 1, 1, 1, 1, 1, 1, 1, 1, 1, 1, 1, 1, 1, 1, 1, 1, 1, 1, 1, 1, 1, 1, 1, 1, 1, 1, 4 ),
 ( 0.000000000000000000, 0.01630318548813029789, 0.03264123397495150014, 0.04900811349009859957, 0.06544193571926239239, 0.08193318935940570313, 0.09849030919241180682, 0.1150809053839919882, 0.1316927781817729959, 0.1482968690201079964, 0.1649078745044269823, 0.1815305489535410099, 0.1981734590582230060, 0.2148242033330019785, 0.2315087817317919849, 0.2482207002698139930, 0.2649723665096520020, 0.2817385979367459936, 0.2985571341077469798, 0.3154132383947320095, 0.3323315179317610224, 0.3492697511836310165, 0.3662705506614809536, 0.3833038623761340080, 0.4003911424440059763, 0.4174893171283470261, 0.4346152312639560145, 0.4517513492717080137, 0.4745810607647499846, 0.4973584644215010009, 0.5201007763691900543, 0.5427310932686449929, 0.5652672833925019846, 0.5877171519905799446, 0.6044239372172939273, 0.6210955572348230147, 0.6376762032917860923, 0.6542027562935259777, 0.6706593920502620376, 0.6870953688300730500, 0.7050749820269989199, 0.7246148747282100677, 0.7554752636479480365, 0.7952679195504080978, 0.8340314024081910693, 0.8620087772926580127, 0.8781944720631430501, 0.8925519292411979722, 0.9050202503824059663, 0.9174226892085020069, 0.9296175394617449683, 0.9416773759858300119, 0.9535303974228229729, 0.9653087312191169778, 0.9769482082762160902, 0.9885175045840640662, 1.000000000000000000 ),
 .UNSPECIFIED. ) ;
#2038 = DIRECTION ( 'NONE',  ( 0.000000000000000000, 0.000000000000000000, 1.000000000000000000 ) ) ;
#2039 = AXIS2_PLACEMENT_3D ( 'NONE', #236, #1910, #2633 ) ;
#2040 = CARTESIAN_POINT ( 'NONE',  ( -0.6470441075457810109, 0.6955826002977709699, 2.487500873715749794 ) ) ;
#2041 = LINE ( 'NONE', #2991, #3023 ) ;
#2042 = EDGE_LOOP ( 'NONE', ( #603, #1661, #1707, #2552 ) ) ;
#2043 = EDGE_LOOP ( 'NONE', ( #2792, #1655, #18, #735 ) ) ;
#2044 = EDGE_LOOP ( 'NONE', ( #2901, #1470, #2163, #221 ) ) ;
#2045 = PLANE ( 'NONE',  #29 ) ;
#2046 = DIRECTION ( 'NONE',  ( 0.07692307692307651101, 0.000000000000000000, -0.9970370305242862718 ) ) ;
#2047 = DIRECTION ( 'NONE',  ( 1.000000000000000000, 0.000000000000000000, 0.000000000000000000 ) ) ;
#2048 = DIRECTION ( 'NONE',  ( 0.000000000000000000, 0.4999999999999998335, 0.8660254037844388186 ) ) ;
#2049 = DIRECTION ( 'NONE',  ( -1.000000000000000000, 1.224646799147350002E-16, 7.498798913309289408E-33 ) ) ;
#2050 = EDGE_CURVE ( 'NONE', #2030, #2970, #1882, .T. ) ;
#2051 = CIRCLE ( 'NONE', #463, 0.9499999999999999556 ) ;
#2052 = CARTESIAN_POINT ( 'NONE',  ( -0.6442846567382359835, 0.6981403150421510162, 2.636454494558419626 ) ) ;
#2053 = DIRECTION ( 'NONE',  ( 0.09999999999999997780, 0.000000000000000000, -0.9949874371066200762 ) ) ;
#2054 = ORIENTED_EDGE ( 'NONE', *, *, #2383, .T. ) ;
#2055 = ORIENTED_EDGE ( 'NONE', *, *, #2216, .T. ) ;
#2056 = ORIENTED_EDGE ( 'NONE', *, *, #912, .F. ) ;
#2057 = VECTOR ( 'NONE', #2833, 100.0000000000000000 ) ;
#2058 = DIRECTION ( 'NONE',  ( 6.123233995736768501E-17, 0.000000000000000000, 1.000000000000000000 ) ) ;
#2059 = DIRECTION ( 'NONE',  ( 0.000000000000000000, -6.123233995736769734E-17, 1.000000000000000000 ) ) ;
#2060 = EDGE_CURVE ( 'NONE', #2957, #400, #55, .T. ) ;
#2061 = FACE_OUTER_BOUND ( 'NONE', #927, .T. ) ;
#2062 = ADVANCED_FACE ( 'NONE', ( #1795 ), #1531, .F. ) ;
#2063 = CARTESIAN_POINT ( 'NONE',  ( -0.6376082072638940001, 0.7042433710945559255, 2.676482201012920115 ) ) ;
#2064 = EDGE_CURVE ( 'NONE', #787, #1388, #637, .T. ) ;
#2065 = LINE ( 'NONE', #2316, #613 ) ;
#2066 = ORIENTED_EDGE ( 'NONE', *, *, #879, .F. ) ;
#2067 = VERTEX_POINT ( 'NONE', #2531 ) ;
#2068 = LINE ( 'NONE', #876, #1063 ) ;
#2069 = CARTESIAN_POINT ( 'NONE',  ( -0.9499999999999999556, 1.236841649025260059, 0.4000000000000000222 ) ) ;
#2070 = LINE ( 'NONE', #890, #482 ) ;
#2071 = EDGE_CURVE ( 'NONE', #1216, #1426, #1339, .T. ) ;
#2072 = CARTESIAN_POINT ( 'NONE',  ( -0.1738804604485250094, -0.7809978147022410555, 2.080987374897440123 ) ) ;
#2073 = EDGE_CURVE ( 'NONE', #2305, #2561, #1377, .T. ) ;
#2074 = DIRECTION ( 'NONE',  ( 6.123233995736769734E-17, 0.000000000000000000, 1.000000000000000000 ) ) ;
#2075 = DIRECTION ( 'NONE',  ( 1.000000000000000000, 0.000000000000000000, 0.000000000000000000 ) ) ;
#2076 = CIRCLE ( 'NONE', #1081, 0.1499999999999999667 ) ;
#2077 = CIRCLE ( 'NONE', #1679, 0.1499999999999999667 ) ;
#2078 = ORIENTED_EDGE ( 'NONE', *, *, #292, .T. ) ;
#2079 = CARTESIAN_POINT ( 'NONE',  ( -0.05000000000000000278, -1.425000000000000044, -2.908536147974959892E-17 ) ) ;
#2080 = CARTESIAN_POINT ( 'NONE',  ( -0.9499999999999999556, -1.236841649025260059, 0.4000000000000000222 ) ) ;
#2081 = VERTEX_POINT ( 'NONE', #1118 ) ;
#2082 = VERTEX_POINT ( 'NONE', #457 ) ;
#2083 = ORIENTED_EDGE ( 'NONE', *, *, #1612, .F. ) ;
#2084 = CARTESIAN_POINT ( 'NONE',  ( -0.7500000000000000000, 0.1587713240271469983, 1.975000000000000089 ) ) ;
#2085 = CIRCLE ( 'NONE', #1383, 0.1499999999999999667 ) ;
#2086 = DIRECTION ( 'NONE',  ( 1.000000000000000000, 7.121240143874548712E-17, 0.000000000000000000 ) ) ;
#2087 = LINE ( 'NONE', #178, #670 ) ;
#2088 = DIRECTION ( 'NONE',  ( 0.000000000000000000, -1.000000000000000000, 0.000000000000000000 ) ) ;
#2089 = AXIS2_PLACEMENT_3D ( 'NONE', #2386, #1202, #2149 ) ;
#2090 = CARTESIAN_POINT ( 'NONE',  ( -0.05000000000000000278, 0.7984359711335660137, 2.444505140932070474E-17 ) ) ;
#2091 = CARTESIAN_POINT ( 'NONE',  ( -0.5000000000000000000, -0.6244997998398399419, 1.300000000000000044 ) ) ;
#2092 = ORIENTED_EDGE ( 'NONE', *, *, #2629, .T. ) ;
#2093 = DIRECTION ( 'NONE',  ( 1.000000000000000000, 7.121240143874548712E-17, 0.000000000000000000 ) ) ;
#2094 = VECTOR ( 'NONE', #2990, 100.0000000000000000 ) ;
#2095 = VERTEX_POINT ( 'NONE', #1179 ) ;
#2096 = EDGE_LOOP ( 'NONE', ( #2699, #1100 ) ) ;
#2097 = DIRECTION ( 'NONE',  ( 0.000000000000000000, -1.000000000000000000, 0.000000000000000000 ) ) ;
#2098 = VECTOR ( 'NONE', #1957, 100.0000000000000000 ) ;
#2099 = CARTESIAN_POINT ( 'NONE',  ( -0.6339018194791099514, 0.7075793123467309931, 2.693765375737950052 ) ) ;
#2100 = CARTESIAN_POINT ( 'NONE',  ( 0.2889582741094560148, -0.7460428833663900194, 2.141829628158659737 ) ) ;
#2101 = DIRECTION ( 'NONE',  ( -8.481262007470579401E-17, 1.000000000000000000, 1.696252401494119578E-16 ) ) ;
#2102 = CARTESIAN_POINT ( 'NONE',  ( 0.000000000000000000, 0.000000000000000000, 0.000000000000000000 ) ) ;
#2103 = CARTESIAN_POINT ( 'NONE',  ( -0.05000000000000000278, 1.236841649025260059, 0.4000000000000000222 ) ) ;
#2104 = ORIENTED_EDGE ( 'NONE', *, *, #2712, .T. ) ;
#2105 = ADVANCED_FACE ( 'NONE', ( #1603 ), #678, .F. ) ;
#2106 = DIRECTION ( 'NONE',  ( -5.782411586589357639E-16, -1.000000000000000000, 0.000000000000000000 ) ) ;
#2107 = DIRECTION ( 'NONE',  ( 0.000000000000000000, -1.734723475976807094E-15, -1.000000000000000000 ) ) ;
#2108 = EDGE_CURVE ( 'NONE', #2497, #58, #1583, .T. ) ;
#2109 = VERTEX_POINT ( 'NONE', #2099 ) ;
#2110 = ORIENTED_EDGE ( 'NONE', *, *, #1155, .T. ) ;
#2111 = ORIENTED_EDGE ( 'NONE', *, *, #1104, .F. ) ;
#2112 = EDGE_CURVE ( 'NONE', #1044, #2362, #1899, .T. ) ;
#2113 = PLANE ( 'NONE',  #248 ) ;
#2114 = AXIS2_PLACEMENT_3D ( 'NONE', #1549, #2975, #2488 ) ;
#2115 = CARTESIAN_POINT ( 'NONE',  ( 0.2999999999999999889, -1.425000000000000044, 0.8000000000000000444 ) ) ;
#2116 = ORIENTED_EDGE ( 'NONE', *, *, #1009, .T. ) ;
#2117 = CARTESIAN_POINT ( 'NONE',  ( -0.4076986178621480050, -0.6883346658939070162, 2.260462222733170101 ) ) ;
#2118 = DIRECTION ( 'NONE',  ( -0.000000000000000000, 0.000000000000000000, -1.000000000000000000 ) ) ;
#2119 = LINE ( 'NONE', #2340, #1943 ) ;
#2120 = ORIENTED_EDGE ( 'NONE', *, *, #1421, .T. ) ;
#2121 = AXIS2_PLACEMENT_3D ( 'NONE', #538, #954, #2175 ) ;
#2122 = DIRECTION ( 'NONE',  ( 1.000000000000000000, 7.121240143874548712E-17, 0.000000000000000000 ) ) ;
#2123 = CARTESIAN_POINT ( 'NONE',  ( -0.1300938936804629797, 0.7893718531735258725, 2.067186023388119853 ) ) ;
#2124 = CARTESIAN_POINT ( 'NONE',  ( 0.2762960579852760112, 0.7508048518330080467, 2.133202196236799963 ) ) ;
#2125 = ORIENTED_EDGE ( 'NONE', *, *, #2213, .T. ) ;
#2126 = ORIENTED_EDGE ( 'NONE', *, *, #2845, .T. ) ;
#2127 = ORIENTED_EDGE ( 'NONE', *, *, #412, .F. ) ;
#2128 = DIRECTION ( 'NONE',  ( 0.000000000000000000, 0.000000000000000000, -1.000000000000000000 ) ) ;
#2129 = AXIS2_PLACEMENT_3D ( 'NONE', #581, #1514, #2935 ) ;
#2130 = DIRECTION ( 'NONE',  ( -0.1927274845473610776, 0.4906261603043731157, -0.8497894371696051996 ) ) ;
#2131 = ORIENTED_EDGE ( 'NONE', *, *, #956, .F. ) ;
#2132 = DIRECTION ( 'NONE',  ( 0.000000000000000000, -1.734723475976807094E-15, 1.000000000000000000 ) ) ;
#2133 = CARTESIAN_POINT ( 'NONE',  ( 0.2665129474149059985, -0.9118985171651929900, 1.957067997782510282 ) ) ;
#2134 = DIRECTION ( 'NONE',  ( 1.000000000000000000, 0.000000000000000000, 0.000000000000000000 ) ) ;
#2135 = CARTESIAN_POINT ( 'NONE',  ( -0.8592822404621650589, 0.3175426480542939967, 1.700000000000000178 ) ) ;
#2136 = CARTESIAN_POINT ( 'NONE',  ( -0.07702365546256501050, 0.9469047010514159979, 1.904531975361610119 ) ) ;
#2137 = VERTEX_POINT ( 'NONE', #1647 ) ;
#2138 = FACE_OUTER_BOUND ( 'NONE', #35, .T. ) ;
#2139 = CARTESIAN_POINT ( 'NONE',  ( -0.04999999997989109518, 0.7984359711348248956, 2.052506281444669956 ) ) ;
#2140 = VECTOR ( 'NONE', #2101, 100.0000000000000000 ) ;
#2141 = PLANE ( 'NONE',  #1490 ) ;
#2142 = ORIENTED_EDGE ( 'NONE', *, *, #1652, .T. ) ;
#2143 = ORIENTED_EDGE ( 'NONE', *, *, #328, .F. ) ;
#2144 = AXIS2_PLACEMENT_3D ( 'NONE', #2423, #285, #553 ) ;
#2145 = ORIENTED_EDGE ( 'NONE', *, *, #87, .F. ) ;
#2146 = FACE_OUTER_BOUND ( 'NONE', #1573, .T. ) ;
#2147 = CARTESIAN_POINT ( 'NONE',  ( 0.1695995162932480149, 0.9347592498639260006, 1.922483976864060029 ) ) ;
#2148 = ORIENTED_EDGE ( 'NONE', *, *, #331, .T. ) ;
#2149 = DIRECTION ( 'NONE',  ( 6.123233995736768501E-17, -1.000000000000000000, 0.000000000000000000 ) ) ;
#2150 = CARTESIAN_POINT ( 'NONE',  ( 0.1694114359604710074, -0.9348239818272849888, 1.922385791640950137 ) ) ;
#2151 = CARTESIAN_POINT ( 'NONE',  ( -0.6360181079227630319, -0.7056793794285799448, 2.684210196866910092 ) ) ;
#2152 = EDGE_CURVE ( 'NONE', #2137, #1624, #476, .T. ) ;
#2153 = CARTESIAN_POINT ( 'NONE',  ( -0.05000000000000000278, -1.524999999999999911, 0.1000000000000000056 ) ) ;
#2154 = EDGE_CURVE ( 'NONE', #963, #1912, #1334, .T. ) ;
#2155 = EDGE_CURVE ( 'NONE', #2880, #1896, #2803, .T. ) ;
#2156 = CARTESIAN_POINT ( 'NONE',  ( -0.4997812176421529973, 0.8079845268326819596, 2.134146965567500054 ) ) ;
#2157 = EDGE_LOOP ( 'NONE', ( #913, #676, #1123, #2800, #2996, #348, #1660, #1630 ) ) ;
#2158 = AXIS2_PLACEMENT_3D ( 'NONE', #2307, #1338, #1835 ) ;
#2159 = CARTESIAN_POINT ( 'NONE',  ( -0.7500000000000000000, 0.3175426480542939967, 1.700000000000000178 ) ) ;
#2160 = CARTESIAN_POINT ( 'NONE',  ( -0.3070757927457570258, 0.7387418084385630745, 2.155345258607490155 ) ) ;
#2161 = EDGE_CURVE ( 'NONE', #2347, #1557, #193, .T. ) ;
#2162 = CARTESIAN_POINT ( 'NONE',  ( 0.1629220494770050043, 0.7832608648332829437, 2.077241541584500251 ) ) ;
#2163 = ORIENTED_EDGE ( 'NONE', *, *, #2528, .F. ) ;
#2164 = ORIENTED_EDGE ( 'NONE', *, *, #1276, .F. ) ;
#2165 = CARTESIAN_POINT ( 'NONE',  ( -0.4612146937647620404, 0.6536759416353888907, 2.356787082812049849 ) ) ;
#2166 = VERTEX_POINT ( 'NONE', #916 ) ;
#2167 = CARTESIAN_POINT ( 'NONE',  ( 0.4643820427936949935, 0.8287973779724150392, 2.095097831368029961 ) ) ;
#2168 = VERTEX_POINT ( 'NONE', #2817 ) ;
#2169 = CYLINDRICAL_SURFACE ( 'NONE', #2841, 0.1000000000000000056 ) ;
#2170 = CARTESIAN_POINT ( 'NONE',  ( 0.6181923905502398897, -0.7213539445355329205, 2.348955852527649935 ) ) ;
#2171 = CARTESIAN_POINT ( 'NONE',  ( -0.6346369853491390378, -0.7069206898312380138, 2.690523867661480217 ) ) ;
#2172 = ADVANCED_FACE ( 'NONE', ( #3024 ), #1633, .F. ) ;
#2173 = LINE ( 'NONE', #1237, #664 ) ;
#2174 = ADVANCED_FACE ( 'NONE', ( #1588 ), #889, .F. ) ;
#2175 = DIRECTION ( 'NONE',  ( -0.3157894736842101202, 0.9488292830168394421, 5.809903721919252208E-17 ) ) ;
#2176 = VERTEX_POINT ( 'NONE', #2309 ) ;
#2177 = CARTESIAN_POINT ( 'NONE',  ( 0.2999999999999999889, 0.9013878188659970592, 2.038641669905319953E-16 ) ) ;
#2178 = CARTESIAN_POINT ( 'NONE',  ( -0.2878518524197670181, 0.7464434262406990372, 2.141112730855000201 ) ) ;
#2179 = CYLINDRICAL_SURFACE ( 'NONE', #2039, 0.1499999999999999667 ) ;
#2180 = VERTEX_POINT ( 'NONE', #930 ) ;
#2181 = AXIS2_PLACEMENT_3D ( 'NONE', #699, #2631, #2107 ) ;
#2182 = FACE_BOUND ( 'NONE', #489, .T. ) ;
#2183 = ORIENTED_EDGE ( 'NONE', *, *, #1608, .F. ) ;
#2184 = AXIS2_PLACEMENT_3D ( 'NONE', #1994, #2910, #2943 ) ;
#2185 = CARTESIAN_POINT ( 'NONE',  ( 0.5646077564361139389, 0.7640520681338689446, 2.227712960729229863 ) ) ;
#2186 = CARTESIAN_POINT ( 'NONE',  ( 0.4257534848483739975, -0.6774515985209379476, 2.286801979680559871 ) ) ;
#2187 = CARTESIAN_POINT ( 'NONE',  ( 0.2000000000000000111, 1.236841649025260059, 0.7175426480542940189 ) ) ;
#2188 = AXIS2_PLACEMENT_3D ( 'NONE', #2851, #432, #2335 ) ;
#2189 = CARTESIAN_POINT ( 'NONE',  ( 0.4111823986110449969, -0.8564470460284399067, 2.046485114826759766 ) ) ;
#2190 = CARTESIAN_POINT ( 'NONE',  ( -0.2999999999999999889, -1.425000000000000044, -5.869130880308720486E-17 ) ) ;
#2191 = DIRECTION ( 'NONE',  ( 0.3157894736842110084, -0.9488292830168391090, -5.809903721919249743E-17 ) ) ;
#2192 = CARTESIAN_POINT ( 'NONE',  ( -0.5135996326918839117, 0.7992345143781690586, 2.151465179221010438 ) ) ;
#2193 = ORIENTED_EDGE ( 'NONE', *, *, #1708, .F. ) ;
#2194 = DIRECTION ( 'NONE',  ( 0.000000000000000000, -0.4999999999999999445, -0.8660254037844388186 ) ) ;
#2195 = DIRECTION ( 'NONE',  ( 1.000000000000000000, 0.000000000000000000, 0.000000000000000000 ) ) ;
#2196 = ORIENTED_EDGE ( 'NONE', *, *, #1652, .F. ) ;
#2197 = CARTESIAN_POINT ( 'NONE',  ( -0.4901727051690760173, 0.6322451618287480146, 2.451094458721589930 ) ) ;
#2198 = ORIENTED_EDGE ( 'NONE', *, *, #1974, .F. ) ;
#2199 = EDGE_CURVE ( 'NONE', #216, #872, #1436, .T. ) ;
#2200 = CARTESIAN_POINT ( 'NONE',  ( 0.2626018279742710071, 0.9130746577539081699, 1.955254348575759860 ) ) ;
#2201 = CARTESIAN_POINT ( 'NONE',  ( -0.05000000000000000278, 1.425000000000000044, 0.1000000000000000056 ) ) ;
#2202 = LINE ( 'NONE', #62, #947 ) ;
#2203 = CARTESIAN_POINT ( 'NONE',  ( 0.7499999999999998890, 0.1500000000000001332, 1.700000000000000178 ) ) ;
#2204 = AXIS2_PLACEMENT_3D ( 'NONE', #2208, #17, #1977 ) ;
#2205 = LINE ( 'NONE', #1002, #1836 ) ;
#2206 = CARTESIAN_POINT ( 'NONE',  ( 0.2000000000000000111, -1.511841649025259970, 0.2412286759728530239 ) ) ;
#2207 = FACE_OUTER_BOUND ( 'NONE', #519, .T. ) ;
#2208 = CARTESIAN_POINT ( 'NONE',  ( -0.9499999999999999556, 2.000000000000000000, 1.300000000000000044 ) ) ;
#2209 = ORIENTED_EDGE ( 'NONE', *, *, #1729, .T. ) ;
#2210 = AXIS2_PLACEMENT_3D ( 'NONE', #583, #1308, #1090 ) ;
#2211 = CARTESIAN_POINT ( 'NONE',  ( -0.7500000000000000000, -0.1587713240271469983, 1.425000000000000044 ) ) ;
#2212 = DIRECTION ( 'NONE',  ( 0.000000000000000000, 0.000000000000000000, -1.000000000000000000 ) ) ;
#2213 = EDGE_CURVE ( 'NONE', #2362, #2176, #2568, .T. ) ;
#2214 = EDGE_CURVE ( 'NONE', #1163, #111, #269, .T. ) ;
#2215 = ORIENTED_EDGE ( 'NONE', *, *, #1095, .T. ) ;
#2216 = EDGE_CURVE ( 'NONE', #2840, #3065, #2918, .T. ) ;
#2217 = ORIENTED_EDGE ( 'NONE', *, *, #2302, .F. ) ;
#2218 = CARTESIAN_POINT ( 'NONE',  ( 0.5365267940987170636, 0.7840147879021359678, 2.182951124938230070 ) ) ;
#2219 = CARTESIAN_POINT ( 'NONE',  ( 0.2000000000000000111, -1.511841649025259970, 0.5587713240271470205 ) ) ;
#2220 = ORIENTED_EDGE ( 'NONE', *, *, #1827, .F. ) ;
#2221 = DIRECTION ( 'NONE',  ( -0.9752335663263921317, 0.000000000000000000, -0.2211775104080580256 ) ) ;
#2222 = CARTESIAN_POINT ( 'NONE',  ( -0.6357852685328190256, -0.7058909335358229953, 2.414575570861980047 ) ) ;
#2223 = CIRCLE ( 'NONE', #1664, 0.09999999999999992228 ) ;
#2224 = DIRECTION ( 'NONE',  ( -6.992591586849318935E-17, 0.8660254037844388186, -0.4999999999999999445 ) ) ;
#2225 = CARTESIAN_POINT ( 'NONE',  ( 0.05000000000000000278, -2.000000000000000000, 1.901925930159210187 ) ) ;
#2226 = CARTESIAN_POINT ( 'NONE',  ( 0.04999999999999998890, -1.086841649025260148, 0.4000000000000000222 ) ) ;
#2227 = CARTESIAN_POINT ( 'NONE',  ( 0.2000000000000000111, 1.236841649025260059, 0.08245735194570590065 ) ) ;
#2228 = CARTESIAN_POINT ( 'NONE',  ( 0.05000000000000000278, -0.9486832980505139901, 0.8000000000000000444 ) ) ;
#2229 = ORIENTED_EDGE ( 'NONE', *, *, #912, .T. ) ;
#2230 = ORIENTED_EDGE ( 'NONE', *, *, #959, .T. ) ;
#2231 = CIRCLE ( 'NONE', #2683, 0.7999999999999999334 ) ;
#2232 = VECTOR ( 'NONE', #1177, 100.0000000000000000 ) ;
#2233 = AXIS2_PLACEMENT_3D ( 'NONE', #957, #3052, #674 ) ;
#2234 = ORIENTED_EDGE ( 'NONE', *, *, #2965, .T. ) ;
#2235 = CARTESIAN_POINT ( 'NONE',  ( 0.6423919710585649367, -0.6998817220343149792, 2.649377886841599583 ) ) ;
#2236 = CARTESIAN_POINT ( 'NONE',  ( -0.6002773124165430296, -0.7363470098931900187, 2.300336283482709909 ) ) ;
#2237 = FILL_AREA_STYLE_COLOUR ( '', #2592 ) ;
#2238 = LINE ( 'NONE', #117, #2610 ) ;
#2239 = CARTESIAN_POINT ( 'NONE',  ( -0.4612146937647620404, -0.6536759416353900010, 2.356787082812049849 ) ) ;
#2240 = DIRECTION ( 'NONE',  ( 0.000000000000000000, -6.123233995736769734E-17, 1.000000000000000000 ) ) ;
#2241 = DIRECTION ( 'NONE',  ( 0.000000000000000000, -1.000000000000000000, 0.000000000000000000 ) ) ;
#2242 = VECTOR ( 'NONE', #761, 100.0000000000000000 ) ;
#2243 = DIRECTION ( 'NONE',  ( -1.000000000000000000, -0.000000000000000000, 0.000000000000000000 ) ) ;
#2244 = VECTOR ( 'NONE', #1718, 100.0000000000000000 ) ;
#2245 = ORIENTED_EDGE ( 'NONE', *, *, #1845, .T. ) ;
#2246 = ORIENTED_EDGE ( 'NONE', *, *, #2999, .F. ) ;
#2247 = CARTESIAN_POINT ( 'NONE',  ( 0.05000000000000000278, 1.524999999999999911, 0.7000000000000000666 ) ) ;
#2248 = CARTESIAN_POINT ( 'NONE',  ( -0.6491410947843380130, -0.6936256350484850675, 2.585309739849670052 ) ) ;
#2249 = CARTESIAN_POINT ( 'NONE',  ( 0.05000000000000000278, 1.524999999999999911, 0.7000000000000000666 ) ) ;
#2250 = LINE ( 'NONE', #2225, #2327 ) ;
#2251 = CARTESIAN_POINT ( 'NONE',  ( 0.2999999999999999889, 0.9013878188659970592, 0.000000000000000000 ) ) ;
#2252 = VECTOR ( 'NONE', #973, 100.0000000000000000 ) ;
#2253 = CARTESIAN_POINT ( 'NONE',  ( -0.1459386349587510068, -0.9387550092382859201, 1.916547054866080124 ) ) ;
#2254 = ADVANCED_FACE ( 'NONE', ( #2688, #2702 ), #1750, .T. ) ;
#2255 = EDGE_CURVE ( 'NONE', #1730, #454, #805, .T. ) ;
#2256 = EDGE_CURVE ( 'NONE', #1154, #162, #733, .T. ) ;
#2257 =( NAMED_UNIT ( * ) SI_UNIT ( $, .STERADIAN. ) SOLID_ANGLE_UNIT ( ) );
#2258 = AXIS2_PLACEMENT_3D ( 'NONE', #3025, #638, #194 ) ;
#2259 = CARTESIAN_POINT ( 'NONE',  ( 0.4989082008109749777, 0.6253726204728929927, 2.516345718895530492 ) ) ;
#2260 = FACE_OUTER_BOUND ( 'NONE', #2770, .T. ) ;
#2261 = ADVANCED_FACE ( 'NONE', ( #2594, #2665 ), #1212, .T. ) ;
#2262 = EDGE_LOOP ( 'NONE', ( #504, #2116, #371, #2246 ) ) ;
#2263 = VECTOR ( 'NONE', #1500, 100.0000000000000000 ) ;
#2264 = EDGE_LOOP ( 'NONE', ( #1968, #2813, #2054, #2245, #2234, #465 ) ) ;
#2265 = VERTEX_POINT ( 'NONE', #2846 ) ;
#2266 = DIRECTION ( 'NONE',  ( 1.000000000000000000, -3.673940397442059868E-16, -2.249639673992789970E-32 ) ) ;
#2267 = DIRECTION ( 'NONE',  ( -1.000000000000000000, -7.121240143874548712E-17, 0.000000000000000000 ) ) ;
#2268 = CARTESIAN_POINT ( 'NONE',  ( 0.2000000000000000111, -1.236841649025260059, 0.4000000000000000222 ) ) ;
#2269 = CARTESIAN_POINT ( 'NONE',  ( -0.5000000087489099299, -0.6244997341983169470, 2.545852118420089738 ) ) ;
#2270 = CARTESIAN_POINT ( 'NONE',  ( 0.2000000000000000111, 0.9618416490252570394, 0.2412286759728530239 ) ) ;
#2271 = ADVANCED_FACE ( 'NONE', ( #2612 ), #1675, .F. ) ;
#2272 = CIRCLE ( 'NONE', #2114, 0.1000000000000000056 ) ;
#2273 = CARTESIAN_POINT ( 'NONE',  ( 0.4556200843783340115, 0.6576116329808220362, 2.343635519675260070 ) ) ;
#2274 = DIRECTION ( 'NONE',  ( 1.000000000000000000, 7.121240143874548712E-17, 0.000000000000000000 ) ) ;
#2275 = ORIENTED_EDGE ( 'NONE', *, *, #2845, .F. ) ;
#2276 = ORIENTED_EDGE ( 'NONE', *, *, #2392, .T. ) ;
#2277 = ORIENTED_EDGE ( 'NONE', *, *, #1639, .T. ) ;
#2278 = ORIENTED_EDGE ( 'NONE', *, *, #972, .T. ) ;
#2279 = DIRECTION ( 'NONE',  ( 0.000000000000000000, 6.123233995736769734E-17, -1.000000000000000000 ) ) ;
#2280 = DIRECTION ( 'NONE',  ( 1.000000000000000000, 0.000000000000000000, 0.000000000000000000 ) ) ;
#2281 = PLANE ( 'NONE',  #908 ) ;
#2282 = LINE ( 'NONE', #352, #2520 ) ;
#2283 = ADVANCED_FACE ( 'NONE', ( #2359 ), #2141, .F. ) ;
#2284 = CARTESIAN_POINT ( 'NONE',  ( -0.1846009167261410122, -0.9319214942827171999, 1.926718166400460008 ) ) ;
#2285 = CIRCLE ( 'NONE', #1086, 0.5000000000000001110 ) ;
#2286 = DIRECTION ( 'NONE',  ( 0.000000000000000000, -1.000000000000000000, 0.000000000000000000 ) ) ;
#2287 = CARTESIAN_POINT ( 'NONE',  ( 0.05000000000000000278, 1.425000000000000044, 0.8000000000000000444 ) ) ;
#2288 = ORIENTED_EDGE ( 'NONE', *, *, #467, .F. ) ;
#2289 = ADVANCED_FACE ( 'NONE', ( #471 ), #2179, .F. ) ;
#2290 = ORIENTED_EDGE ( 'NONE', *, *, #2577, .F. ) ;
#2291 = ORIENTED_EDGE ( 'NONE', *, *, #2064, .F. ) ;
#2292 = ADVANCED_FACE ( 'NONE', ( #1172 ), #503, .F. ) ;
#2293 = PLANE ( 'NONE',  #2627 ) ;
#2294 = LINE ( 'NONE', #363, #2345 ) ;
#2295 = CARTESIAN_POINT ( 'NONE',  ( -0.05000000000000000278, 1.425000000000000044, 0.7000000000000000666 ) ) ;
#2296 = CARTESIAN_POINT ( 'NONE',  ( 0.04999999999999929501, 2.000000000000000000, 1.901925930159210187 ) ) ;
#2297 = DIRECTION ( 'NONE',  ( 0.000000000000000000, 0.000000000000000000, 1.000000000000000000 ) ) ;
#2298 = VECTOR ( 'NONE', #2048, 100.0000000000000000 ) ;
#2299 = EDGE_CURVE ( 'NONE', #2666, #2347, #2946, .T. ) ;
#2300 = PLANE ( 'NONE',  #1848 ) ;
#2301 = DIRECTION ( 'NONE',  ( 0.000000000000000000, -1.000000000000000000, 0.000000000000000000 ) ) ;
#2302 = EDGE_CURVE ( 'NONE', #1751, #1144, #1965, .T. ) ;
#2303 = ORIENTED_EDGE ( 'NONE', *, *, #9, .F. ) ;
#2304 = EDGE_LOOP ( 'NONE', ( #764, #2377, #2701, #1634, #76, #874 ) ) ;
#2305 = VERTEX_POINT ( 'NONE', #358 ) ;
#2306 = AXIS2_PLACEMENT_3D ( 'NONE', #2466, #2266, #140 ) ;
#2307 = CARTESIAN_POINT ( 'NONE',  ( -0.05000000000000000278, -1.425000000000000044, 0.1000000000000000056 ) ) ;
#2308 = B_SPLINE_CURVE_WITH_KNOTS ( 'NONE', 3,
 ( #2736, #2269, #588, #2503, #379, #2458, #1066, #341, #1299, #2518, #1311, #1283, #2021, #144, #852, #1079, #1268, #2239, #393, #598, #2988, #1797, #1564, #1822, #3072, #1120, #2117, #2337, #654, #2805, #2558, #1150, #1869, #3044, #1577, #2836, #667, #1856, #1621, #2322, #3058, #3026, #1133, #2777, #2311, #2072, #1110, #932, #180, #2546, #1839, #2587, #459, #2788, #2533, #405, #421, #1886, #169 ),
 .UNSPECIFIED., .F., .F.,
 ( 4, 1, 1, 1, 1, 1, 1, 1, 1, 1, 1, 1, 1, 1, 1, 1, 1, 1, 1, 1, 1, 1, 1, 1, 1, 1, 1, 1, 1, 1, 1, 1, 1, 1, 1, 1, 1, 1, 1, 1, 1, 1, 1, 1, 1, 1, 1, 1, 1, 1, 1, 1, 1, 1, 1, 1, 4 ),
 ( 0.000000000000000000, 0.01630318548812999951, 0.03264123397494989726, 0.04900811349009609463, 0.06544193571926058828, 0.08193318935940449577, 0.09849030919241161253, 0.1150809053839909890, 0.1316927781817739951, 0.1482968690201089956, 0.1649078745044280092, 0.1815305489535420091, 0.1981734590582250044, 0.2148242033330019785, 0.2315087817317939833, 0.2482207002698149922, 0.2649723665096530012, 0.2817385979367469928, 0.2985571341077489782, 0.3154132383947330087, 0.3323315179317620216, 0.3492697511836310165, 0.3662705506614819528, 0.3833038623761340080, 0.4003911424440049771, 0.4174893171283470261, 0.4346152312639570137, 0.4517513492717080137, 0.4745810607647509838, 0.4973584644215000017, 0.5201007763691900543, 0.5427310932686439937, 0.5652672833925009854, 0.5877171519905789454, 0.6044239372172929281, 0.6210955572348230147, 0.6376762032917860923, 0.6542027562935269769, 0.6706593920502640360, 0.6870953688300750484, 0.7050749820269999191, 0.7246148747282110669, 0.7554752636479500350, 0.7952679195504080978, 0.8340314024081910693, 0.8620087772926580127, 0.8781944720631430501, 0.8925519292411979722, 0.9050202503824059663, 0.9174226892085020069, 0.9296175394617449683, 0.9416773759858300119, 0.9535303974228229729, 0.9653087312191179770, 0.9769482082762160902, 0.9885175045840640662, 1.000000000000000000 ),
 .UNSPECIFIED. ) ;
#2309 = CARTESIAN_POINT ( 'NONE',  ( -0.9216507001444270708, -0.1587713240271469983, 1.425000000000000044 ) ) ;
#2310 = CARTESIAN_POINT ( 'NONE',  ( 0.5000000000000000000, 0.6244997998398399419, 3.149999999999999911 ) ) ;
#2311 = CARTESIAN_POINT ( 'NONE',  ( -0.1983537004362120049, -0.7751827857836580682, 2.090721410536250158 ) ) ;
#2312 = LINE ( 'NONE', #3045, #470 ) ;
#2313 = DIRECTION ( 'NONE',  ( 0.000000000000000000, 0.000000000000000000, -1.000000000000000000 ) ) ;
#2314 = ORIENTED_EDGE ( 'NONE', *, *, #529, .T. ) ;
#2315 = CARTESIAN_POINT ( 'NONE',  ( -0.6188161859497190997, 0.7208191842888830303, 2.350874203452439914 ) ) ;
#2316 = CARTESIAN_POINT ( 'NONE',  ( 0.05000000000000000278, 1.425000000000000044, 0.8000000000000000444 ) ) ;
#2317 = ORIENTED_EDGE ( 'NONE', *, *, #337, .T. ) ;
#2318 = ORIENTED_EDGE ( 'NONE', *, *, #147, .F. ) ;
#2319 = FACE_OUTER_BOUND ( 'NONE', #1978, .T. ) ;
#2320 = CARTESIAN_POINT ( 'NONE',  ( -0.2999999999999999889, -1.524999999999999911, 0.7000000000000000666 ) ) ;
#2321 = CARTESIAN_POINT ( 'NONE',  ( -0.9499999999999999556, 3.673940397442020672E-17, 1.299999999999999822 ) ) ;
#2322 = CARTESIAN_POINT ( 'NONE',  ( -0.2780110596923129895, -0.7501647317483539634, 2.134359190276279961 ) ) ;
#2323 = PLANE ( 'NONE',  #1513 ) ;
#2324 = DIRECTION ( 'NONE',  ( -1.000000000000000000, 0.000000000000000000, 0.000000000000000000 ) ) ;
#2325 = VECTOR ( 'NONE', #2413, 100.0000000000000000 ) ;
#2326 = ORIENTED_EDGE ( 'NONE', *, *, #1790, .F. ) ;
#2327 = VECTOR ( 'NONE', #364, 100.0000000000000000 ) ;
#2328 = DIRECTION ( 'NONE',  ( 1.398518317369859596E-16, -0.8660254037844388186, -0.4999999999999998335 ) ) ;
#2329 = VECTOR ( 'NONE', #1070, 100.0000000000000000 ) ;
#2330 = ORIENTED_EDGE ( 'NONE', *, *, #2763, .F. ) ;
#2331 = ORIENTED_EDGE ( 'NONE', *, *, #2071, .F. ) ;
#2332 = ORIENTED_EDGE ( 'NONE', *, *, #1089, .F. ) ;
#2333 = DIRECTION ( 'NONE',  ( 1.000000000000000000, 0.000000000000000000, 0.000000000000000000 ) ) ;
#2334 = AXIS2_PLACEMENT_3D ( 'NONE', #1111, #627, #2010 ) ;
#2335 = DIRECTION ( 'NONE',  ( 0.07692307692307651101, 0.000000000000000000, -0.9970370305242862718 ) ) ;
#2336 = DIRECTION ( 'NONE',  ( -1.084202172485505297E-16, 1.000000000000000000, 0.000000000000000000 ) ) ;
#2337 = CARTESIAN_POINT ( 'NONE',  ( -0.4004646744064050412, -0.6925692130869890439, 2.250536580542419784 ) ) ;
#2338 = VECTOR ( 'NONE', #1315, 100.0000000000000000 ) ;
#2339 = CYLINDRICAL_SURFACE ( 'NONE', #2602, 0.1000000000000000056 ) ;
#2340 = CARTESIAN_POINT ( 'NONE',  ( 0.6339018181121549578, 0.7075793135713519533, 2.693765381765239830 ) ) ;
#2341 = ADVANCED_FACE ( 'NONE', ( #2914 ), #578, .F. ) ;
#2342 = ORIENTED_EDGE ( 'NONE', *, *, #87, .T. ) ;
#2343 = ADVANCED_FACE ( 'NONE', ( #1257, #1493 ), #1288, .F. ) ;
#2344 = CARTESIAN_POINT ( 'NONE',  ( 0.05000000000000000278, 2.000000000000000000, 2.052506281446690117 ) ) ;
#2345 = VECTOR ( 'NONE', #116, 100.0000000000000000 ) ;
#2346 = CARTESIAN_POINT ( 'NONE',  ( -0.1404343771819580033, 0.7876037270165580084, 2.070081496654979869 ) ) ;
#2347 = VERTEX_POINT ( 'NONE', #591 ) ;
#2348 = ORIENTED_EDGE ( 'NONE', *, *, #1277, .F. ) ;
#2349 = EDGE_LOOP ( 'NONE', ( #2342, #2615, #1816, #2937 ) ) ;
#2350 = CARTESIAN_POINT ( 'NONE',  ( 0.000000000000000000, -2.000000000000000000, 0.000000000000000000 ) ) ;
#2351 = DIRECTION ( 'NONE',  ( 0.000000000000000000, -1.000000000000000000, 0.000000000000000000 ) ) ;
#2352 = VECTOR ( 'NONE', #1121, 100.0000000000000000 ) ;
#2353 = CARTESIAN_POINT ( 'NONE',  ( -1.010952589933149848E-16, 2.000000000000000000, 3.200000000000000178 ) ) ;
#2354 = DIRECTION ( 'NONE',  ( 0.000000000000000000, 1.000000000000000000, 0.000000000000000000 ) ) ;
#2355 = CARTESIAN_POINT ( 'NONE',  ( -0.2999999999999999889, 0.9013878188659970592, 8.093181214732400164E-17 ) ) ;
#2356 = ORIENTED_EDGE ( 'NONE', *, *, #2256, .F. ) ;
#2357 = FACE_OUTER_BOUND ( 'NONE', #313, .T. ) ;
#2358 = DIRECTION ( 'NONE',  ( 0.000000000000000000, -1.000000000000000000, 0.000000000000000000 ) ) ;
#2359 = FACE_OUTER_BOUND ( 'NONE', #817, .T. ) ;
#2360 = EDGE_LOOP ( 'NONE', ( #2104, #1476 ) ) ;
#2361 = ORIENTED_EDGE ( 'NONE', *, *, #1512, .T. ) ;
#2362 = VERTEX_POINT ( 'NONE', #2446 ) ;
#2363 = LINE ( 'NONE', #1913, #2232 ) ;
#2364 = CARTESIAN_POINT ( 'NONE',  ( 0.6416390217013859809, 0.7005746880296409573, 2.654457848598359870 ) ) ;
#2365 = EDGE_LOOP ( 'NONE', ( #2865, #1447, #2001, #202 ) ) ;
#2366 = CARTESIAN_POINT ( 'NONE',  ( -0.7500000000000000000, -0.3175426480542939967, 1.700000000000000178 ) ) ;
#2367 = DIRECTION ( 'NONE',  ( -5.594073269479460078E-16, -1.000000000000000000, 0.000000000000000000 ) ) ;
#2368 = CYLINDRICAL_SURFACE ( 'NONE', #1225, 0.1499999999999999944 ) ;
#2369 = CARTESIAN_POINT ( 'NONE',  ( -0.5000000000000000000, -8.881784197001250351E-17, 1.700000000000000178 ) ) ;
#2370 = EDGE_CURVE ( 'NONE', #430, #1426, #2931, .T. ) ;
#2371 = ORIENTED_EDGE ( 'NONE', *, *, #1563, .T. ) ;
#2372 = CIRCLE ( 'NONE', #2530, 0.9499999999999996225 ) ;
#2373 = CARTESIAN_POINT ( 'NONE',  ( -0.04999999999999260591, -0.9486832980505139901, 1.901925930159120037 ) ) ;
#2374 = CARTESIAN_POINT ( 'NONE',  ( -0.3267197977809219722, 0.7302740370369019685, 2.171422803720729711 ) ) ;
#2375 = CARTESIAN_POINT ( 'NONE',  ( 0.1844569899744309960, 0.7784700044771050154, 2.085221151725010102 ) ) ;
#2376 = VERTEX_POINT ( 'NONE', #2228 ) ;
#2377 = ORIENTED_EDGE ( 'NONE', *, *, #1011, .F. ) ;
#2378 = VERTEX_POINT ( 'NONE', #89 ) ;
#2379 = ADVANCED_FACE ( 'NONE', ( #1508 ), #2740, .F. ) ;
#2380 = FACE_OUTER_BOUND ( 'NONE', #886, .T. ) ;
#2381 = EDGE_CURVE ( 'NONE', #1912, #139, #343, .T. ) ;
#2382 = VECTOR ( 'NONE', #242, 100.0000000000000000 ) ;
#2383 = EDGE_CURVE ( 'NONE', #1390, #1789, #2508, .T. ) ;
#2384 = CARTESIAN_POINT ( 'NONE',  ( 0.3030358569134509739, 0.9004388467882790126, 1.974840541013209938 ) ) ;
#2385 = ORIENTED_EDGE ( 'NONE', *, *, #530, .T. ) ;
#2386 = CARTESIAN_POINT ( 'NONE',  ( 0.000000000000000000, -7.960204194457799175E-17, 1.300000000000000044 ) ) ;
#2387 = DIRECTION ( 'NONE',  ( 0.000000000000000000, -1.000000000000000000, 0.000000000000000000 ) ) ;
#2388 = DIRECTION ( 'NONE',  ( 0.000000000000000000, 0.000000000000000000, 1.000000000000000000 ) ) ;
#2389 = CARTESIAN_POINT ( 'NONE',  ( -0.6490907293183280080, 0.6936725879181080412, 2.585676974123860106 ) ) ;
#2390 = CARTESIAN_POINT ( 'NONE',  ( -0.2999999999999999889, -1.425000000000000044, 0.7000000000000000666 ) ) ;
#2391 = ORIENTED_EDGE ( 'NONE', *, *, #1138, .F. ) ;
#2392 = EDGE_CURVE ( 'NONE', #978, #2952, #1040, .T. ) ;
#2393 = DIRECTION ( 'NONE',  ( 0.000000000000000000, -1.000000000000000000, 0.000000000000000000 ) ) ;
#2394 = CARTESIAN_POINT ( 'NONE',  ( 0.9499999999999999556, 3.749861841752178716E-16, 1.425000000000000266 ) ) ;
#2395 = CARTESIAN_POINT ( 'NONE',  ( 0.2361267955066179980, 0.7643825461444929692, 2.109219937642549780 ) ) ;
#2396 = ORIENTED_EDGE ( 'NONE', *, *, #2154, .F. ) ;
#2397 = ORIENTED_EDGE ( 'NONE', *, *, #1992, .F. ) ;
#2398 = CARTESIAN_POINT ( 'NONE',  ( 0.2000000000000000111, -1.511841649025259970, 0.5587713240271470205 ) ) ;
#2399 = ORIENTED_EDGE ( 'NONE', *, *, #731, .T. ) ;
#2400 = EDGE_CURVE ( 'NONE', #1555, #697, #1539, .T. ) ;
#2401 = ADVANCED_FACE ( 'NONE', ( #842 ), #616, .F. ) ;
#2402 = CARTESIAN_POINT ( 'NONE',  ( 0.4530203411964550120, 0.8350623434314480287, 2.083783866873920143 ) ) ;
#2403 = ORIENTED_EDGE ( 'NONE', *, *, #1329, .T. ) ;
#2404 = DIRECTION ( 'NONE',  ( 1.398518317369859596E-16, -0.8660254037844388186, 0.4999999999999998335 ) ) ;
#2405 = DIRECTION ( 'NONE',  ( 1.000000000000000000, 0.000000000000000000, 0.000000000000000000 ) ) ;
#2406 = LINE ( 'NONE', #2455, #366 ) ;
#2407 = B_SPLINE_CURVE_WITH_KNOTS ( 'NONE', 3,
 ( #1205, #2171, #2151, #32, #1704, #969, #1918, #46, #985, #2659, #1295, #2248, #2972, #2959, #2467, #2717, #834, #595, #1280, #336, #128, #1753, #1265, #2222, #584, #1530, #98, #350, #2705, #1033, #2236, #1991, #1062, #114, #2484, #821, #2018, #2940, #362, #808, #1517, #1046, #2004, #1769, #2534, #1535, #1300, #2505, #120, #599, #2489, #2471, #407, #367, #826, #133, #866, #1811, #1067, #2945, #812, #612, #2284, #1550, #1342, #2253, #145, #589, #1578, #1798, #1050, #1759, #853, #1285 ),
 .UNSPECIFIED., .F., .F.,
 ( 4, 1, 1, 1, 1, 1, 1, 1, 1, 1, 1, 1, 1, 1, 1, 1, 1, 1, 1, 1, 1, 1, 1, 1, 1, 1, 1, 1, 1, 1, 1, 1, 1, 1, 1, 1, 1, 1, 1, 1, 1, 1, 1, 1, 1, 1, 1, 1, 1, 1, 1, 1, 1, 1, 1, 1, 1, 1, 1, 1, 1, 1, 1, 1, 1, 1, 1, 1, 1, 1, 1, 4 ),
 ( 4.340724163161345543E-09, 0.008799941531816934601, 0.01708797008976091492, 0.02486638084825168113, 0.03365081844005195916, 0.04204658319706885972, 0.05005995078806904641, 0.05725078542064571813, 0.06552474252102954977, 0.07853875461075052189, 0.09572338160112230099, 0.1128719762977680729, 0.1263194843744031570, 0.1389901173094184594, 0.1521289291334364802, 0.1657314455861547131, 0.1764392788225139508, 0.1872377776621826639, 0.1983269974074484132, 0.2096266130918369164, 0.2212413273142375958, 0.2329773327180358899, 0.2449712999089033449, 0.2571155798854604102, 0.2735641634529896171, 0.2901754516781785975, 0.3069358518628493293, 0.3197877435396327961, 0.3327259674955195812, 0.3504235481532172458, 0.3729166492935619415, 0.3957893511106247986, 0.4143745243725976968, 0.4286196602301354797, 0.4429436625538419880, 0.4574508670265321486, 0.4720560755716859958, 0.4867843293212597566, 0.5015380594584707419, 0.5163027555874392105, 0.5310530225499384693, 0.5457663062511991514, 0.5604595524456158495, 0.5750560298566994577, 0.5895773976596031529, 0.6039749521805555244, 0.6183261621333198121, 0.6324780992898362264, 0.6464783616610270123, 0.6602193253967971742, 0.6738536284894534045, 0.6886136890135720057, 0.7046047779772092179, 0.7298626046499059328, 0.7627668205843718408, 0.7950967945884683807, 0.8188126937755600965, 0.8329680684016226300, 0.8457911459505310647, 0.8572911015180019190, 0.8688009108560980076, 0.8803696877169001622, 0.8919893839653462164, 0.9037029806801637477, 0.9154613006046631307, 0.9273425128664041228, 0.9392973600041554239, 0.9513614949135553722, 0.9634602693561769016, 0.9756163662128957137, 0.9877987906556641162, 1.000000000000000000 ),
 .UNSPECIFIED. ) ;
#2408 = DIRECTION ( 'NONE',  ( -1.000000000000000000, 0.000000000000000000, 0.000000000000000000 ) ) ;
#2409 = CARTESIAN_POINT ( 'NONE',  ( -0.5424905285744189287, 0.7798992099527229938, 2.191824013583380193 ) ) ;
#2410 = VERTEX_POINT ( 'NONE', #2789 ) ;
#2411 = VECTOR ( 'NONE', #417, 100.0000000000000000 ) ;
#2412 = DIRECTION ( 'NONE',  ( -6.992591586849318935E-17, 0.8660254037844388186, 0.4999999999999998335 ) ) ;
#2413 = DIRECTION ( 'NONE',  ( -1.000000000000000000, 0.000000000000000000, 0.000000000000000000 ) ) ;
#2414 = CARTESIAN_POINT ( 'NONE',  ( 0.3389514338940210481, 0.7246667603893650611, 2.182362348313939826 ) ) ;
#2415 = ORIENTED_EDGE ( 'NONE', *, *, #2954, .T. ) ;
#2416 = CARTESIAN_POINT ( 'NONE',  ( -0.4214253460284769770, 0.6800153235439119204, 2.280832848589040118 ) ) ;
#2417 = EDGE_LOOP ( 'NONE', ( #1461, #2288, #1489, #450 ) ) ;
#2418 = CARTESIAN_POINT ( 'NONE',  ( 0.6500168935452930175, 0.6928044728232120031, 2.546088327470459767 ) ) ;
#2419 = CARTESIAN_POINT ( 'NONE',  ( 0.1073108290453450020, -0.7927975427183540091, 2.061605464138160038 ) ) ;
#2420 = DIRECTION ( 'NONE',  ( 0.000000000000000000, 1.000000000000000000, 0.000000000000000000 ) ) ;
#2421 = CARTESIAN_POINT ( 'NONE',  ( 0.2508049458313210134, -0.9163440531813570322, 1.950254432910579760 ) ) ;
#2422 = DIRECTION ( 'NONE',  ( 0.000000000000000000, -1.000000000000000000, 0.000000000000000000 ) ) ;
#2423 = CARTESIAN_POINT ( 'NONE',  ( 0.2000000000000000111, 1.424248028774909927E-17, 0.000000000000000000 ) ) ;
#2424 = CARTESIAN_POINT ( 'NONE',  ( -0.04999999999981040444, 0.9486832980505131019, 1.901925930156720179 ) ) ;
#2425 = VERTEX_POINT ( 'NONE', #892 ) ;
#2426 = CARTESIAN_POINT ( 'NONE',  ( 0.2000000000000000111, -1.236841649025260059, 0.7175426480542950181 ) ) ;
#2427 = CARTESIAN_POINT ( 'NONE',  ( 0.06155501702109230505, 0.7976562567510921964, 2.053758195847370072 ) ) ;
#2428 = ORIENTED_EDGE ( 'NONE', *, *, #649, .T. ) ;
#2429 = CARTESIAN_POINT ( 'NONE',  ( -0.4814624078317109590, 0.6389051415990799621, 2.414926130365339763 ) ) ;
#2430 = VERTEX_POINT ( 'NONE', #1636 ) ;
#2431 = CARTESIAN_POINT ( 'NONE',  ( 0.09348168307790090392, 0.9454086747615769726, 1.906728707667189937 ) ) ;
#2432 = CARTESIAN_POINT ( 'NONE',  ( 0.4955135746134590180, -0.6280664915132418979, 2.482856987236469859 ) ) ;
#2433 = DIRECTION ( 'NONE',  ( 0.000000000000000000, 1.734723475976807094E-15, -1.000000000000000000 ) ) ;
#2434 = AXIS2_PLACEMENT_3D ( 'NONE', #524, #2195, #715 ) ;
#2435 = CARTESIAN_POINT ( 'NONE',  ( 0.4635250386649639731, -0.8292969784182679938, 2.094169444259199597 ) ) ;
#2436 = LINE ( 'NONE', #64, #2242 ) ;
#2437 = FACE_OUTER_BOUND ( 'NONE', #703, .T. ) ;
#2438 = CARTESIAN_POINT ( 'NONE',  ( 0.2999999999999999889, -0.9618416490252570394, 0.2412286759728530239 ) ) ;
#2439 = CARTESIAN_POINT ( 'NONE',  ( -0.2714773726019369948, 0.9104536038745379978, 1.959288760330630152 ) ) ;
#2440 = ORIENTED_EDGE ( 'NONE', *, *, #179, .T. ) ;
#2441 = EDGE_CURVE ( 'NONE', #697, #7, #668, .T. ) ;
#2442 = ADVANCED_FACE ( 'NONE', ( #2604 ), #2339, .T. ) ;
#2443 = DIRECTION ( 'NONE',  ( 1.000000000000000000, 6.245152236670769497E-17, 7.043567548384689865E-33 ) ) ;
#2444 = DIRECTION ( 'NONE',  ( 1.000000000000000000, 6.245152236670769497E-17, 7.043567548384689865E-33 ) ) ;
#2445 = ADVANCED_FACE ( 'NONE', ( #1841, #2738 ), #1134, .F. ) ;
#2446 = CARTESIAN_POINT ( 'NONE',  ( -0.8592822404621650589, -0.3175426480542939967, 1.700000000000000178 ) ) ;
#2447 = EDGE_LOOP ( 'NONE', ( #2653, #25, #858, #2291 ) ) ;
#2448 = AXIS2_PLACEMENT_3D ( 'NONE', #1954, #1464, #2433 ) ;
#2449 = CARTESIAN_POINT ( 'NONE',  ( -0.3921623220876229721, 0.6973114774519549863, 2.239713823795910219 ) ) ;
#2450 = ORIENTED_EDGE ( 'NONE', *, *, #1715, .F. ) ;
#2451 = CARTESIAN_POINT ( 'NONE',  ( 0.6450940943536350725, 0.6973957845685000434, 2.468551362035860119 ) ) ;
#2452 = CARTESIAN_POINT ( 'NONE',  ( 0.4989082008109759769, -0.6253726204728941029, 2.516345718895530492 ) ) ;
#2453 = ORIENTED_EDGE ( 'NONE', *, *, #1418, .F. ) ;
#2454 = CARTESIAN_POINT ( 'NONE',  ( -0.9499999999999999556, 1.386841649025259970, 0.4000000000000000222 ) ) ;
#2455 = CARTESIAN_POINT ( 'NONE',  ( 0.05000000000000000278, -0.9486832980505139901, 0.8000000000000000444 ) ) ;
#2456 = CARTESIAN_POINT ( 'NONE',  ( 0.2000000000000000111, 1.511841649025259970, 0.5587713240271470205 ) ) ;
#2457 = CYLINDRICAL_SURFACE ( 'NONE', #726, 0.1000000000000000056 ) ;
#2458 = CARTESIAN_POINT ( 'NONE',  ( -0.4975809862279290119, -0.6264295513982239827, 2.500353451897640245 ) ) ;
#2459 = CIRCLE ( 'NONE', #2158, 0.09999999999999992228 ) ;
#2460 = FACE_BOUND ( 'NONE', #2096, .T. ) ;
#2461 = DIRECTION ( 'NONE',  ( 1.000000000000000000, 0.000000000000000000, 0.000000000000000000 ) ) ;
#2462 = CARTESIAN_POINT ( 'NONE',  ( 0.2000000000000000111, -1.236841649025260059, 0.7175426480542940189 ) ) ;
#2463 = VERTEX_POINT ( 'NONE', #1397 ) ;
#2464 = ORIENTED_EDGE ( 'NONE', *, *, #1563, .F. ) ;
#2465 = ORIENTED_EDGE ( 'NONE', *, *, #2713, .F. ) ;
#2466 = CARTESIAN_POINT ( 'NONE',  ( -0.7500000000000000000, -1.377727649040770170E-16, 1.700000000000000178 ) ) ;
#2467 = CARTESIAN_POINT ( 'NONE',  ( -0.6498868706608200707, -0.6929264851047260976, 2.535126830530989750 ) ) ;
#2468 = APPLICATION_CONTEXT ( 'automotive_design' ) ;
#2469 = DIRECTION ( 'NONE',  ( 0.000000000000000000, -1.734723475976807094E-15, -1.000000000000000000 ) ) ;
#2470 = CARTESIAN_POINT ( 'NONE',  ( 0.2999999999999999889, 1.524999999999999911, 0.1000000000000000056 ) ) ;
#2471 = CARTESIAN_POINT ( 'NONE',  ( -0.3883323801934950303, -0.8670405376049419299, 2.028677203850760336 ) ) ;
#2472 = LINE ( 'NONE', #2950, #245 ) ;
#2473 = DIRECTION ( 'NONE',  ( -7.228014483236698281E-17, 1.000000000000000000, 0.000000000000000000 ) ) ;
#2474 = CARTESIAN_POINT ( 'NONE',  ( 0.5000000005662817992, 0.6244997601409739696, 2.546254969633766851 ) ) ;
#2475 = UNCERTAINTY_MEASURE_WITH_UNIT (LENGTH_MEASURE( 1.000000000000000082E-05 ), #2491, 'distance_accuracy_value', 'NONE');
#2476 = ORIENTED_EDGE ( 'NONE', *, *, #575, .F. ) ;
#2477 = PRODUCT_DEFINITION_FORMATION_WITH_SPECIFIED_SOURCE ( 'ANY', '', #229, .NOT_KNOWN. ) ;
#2478 = AXIS2_PLACEMENT_3D ( 'NONE', #233, #911, #3034 ) ;
#2479 = ORIENTED_EDGE ( 'NONE', *, *, #865, .F. ) ;
#2480 = ADVANCED_FACE ( 'NONE', ( #2977 ), #2323, .F. ) ;
#2481 = ADVANCED_FACE ( 'NONE', ( #1887 ), #227, .F. ) ;
#2482 = LINE ( 'NONE', #606, #1260 ) ;
#2483 = ADVANCED_FACE ( 'NONE', ( #1606 ), #2559, .T. ) ;
#2484 = CARTESIAN_POINT ( 'NONE',  ( -0.5631688520728199698, -0.7650958242199069614, 2.225314207922080012 ) ) ;
#2485 = FILL_AREA_STYLE ('',( #2237 ) ) ;
#2486 = CARTESIAN_POINT ( 'NONE',  ( 0.2000000000000000111, -1.386841649025259970, 0.4000000000000000222 ) ) ;
#2487 = VECTOR ( 'NONE', #224, 100.0000000000000000 ) ;
#2488 = DIRECTION ( 'NONE',  ( 0.000000000000000000, -6.938893903907228378E-15, -1.000000000000000000 ) ) ;
#2489 = CARTESIAN_POINT ( 'NONE',  ( -0.4004582063492980182, -0.8615037620292559373, 2.037938699915580187 ) ) ;
#2490 = ADVANCED_FACE ( 'NONE', ( #1551 ), #695, .F. ) ;
#2491 =( LENGTH_UNIT ( ) NAMED_UNIT ( * ) SI_UNIT ( .CENTI., .METRE. ) );
#2492 = AXIS2_PLACEMENT_3D ( 'NONE', #839, #1773, #1325 ) ;
#2493 = DIRECTION ( 'NONE',  ( 0.000000000000000000, -6.123233995736769734E-17, -1.000000000000000000 ) ) ;
#2494 = AXIS2_PLACEMENT_3D ( 'NONE', #1098, #1114, #1303 ) ;
#2495 = LINE ( 'NONE', #830, #1946 ) ;
#2496 = ORIENTED_EDGE ( 'NONE', *, *, #1922, .T. ) ;
#2497 = VERTEX_POINT ( 'NONE', #681 ) ;
#2498 = ORIENTED_EDGE ( 'NONE', *, *, #2571, .T. ) ;
#2499 = EDGE_CURVE ( 'NONE', #2730, #388, #2312, .T. ) ;
#2500 = PLANE ( 'NONE',  #2966 ) ;
#2501 = EDGE_CURVE ( 'NONE', #513, #872, #2572, .T. ) ;
#2502 = CARTESIAN_POINT ( 'NONE',  ( -0.05000000000000000278, 2.000000000000000000, 2.052506281446690117 ) ) ;
#2503 = CARTESIAN_POINT ( 'NONE',  ( -0.4994332550975389973, -0.6249532896742601151, 2.525143512190799910 ) ) ;
#2504 = AXIS2_PLACEMENT_3D ( 'NONE', #1266, #517, #100 ) ;
#2505 = CARTESIAN_POINT ( 'NONE',  ( -0.4351986641141509238, -0.8444863783491100007, 2.067111782590690172 ) ) ;
#2506 = DIRECTION ( 'NONE',  ( 0.000000000000000000, 0.4999999999999998335, -0.8660254037844388186 ) ) ;
#2507 = CIRCLE ( 'NONE', #2906, 0.8000000000000000444 ) ;
#2508 = LINE ( 'NONE', #601, #1376 ) ;
#2509 = CARTESIAN_POINT ( 'NONE',  ( -0.2999999999999999889, 1.236841649025260059, 0.4000000000000000222 ) ) ;
#2510 = VERTEX_POINT ( 'NONE', #2090 ) ;
#2511 = EDGE_CURVE ( 'NONE', #473, #2553, #2588, .T. ) ;
#2512 = ORIENTED_EDGE ( 'NONE', *, *, #1292, .T. ) ;
#2513 = ORIENTED_EDGE ( 'NONE', *, *, #2676, .F. ) ;
#2514 = ORIENTED_EDGE ( 'NONE', *, *, #1068, .T. ) ;
#2515 = CARTESIAN_POINT ( 'NONE',  ( 0.6352800974948330515, -0.7063444738339080820, 2.687688564313540418 ) ) ;
#2516 = CARTESIAN_POINT ( 'NONE',  ( -0.9499999999999999556, -1.745121688784980249E-16, 1.700000000000000178 ) ) ;
#2517 = LINE ( 'NONE', #403, #1305 ) ;
#2518 = CARTESIAN_POINT ( 'NONE',  ( -0.4901727051690760173, -0.6322451618287480146, 2.451094458721580160 ) ) ;
#2519 = CARTESIAN_POINT ( 'NONE',  ( 0.05000000000000000278, 1.524999999999999911, 0.1000000000000000056 ) ) ;
#2520 = VECTOR ( 'NONE', #1037, 100.0000000000000000 ) ;
#2521 = EDGE_CURVE ( 'NONE', #2992, #2590, #1622, .T. ) ;
#2522 = CARTESIAN_POINT ( 'NONE',  ( -1.408962799656039991E-16, -2.000000000000000000, 2.549999999999999822 ) ) ;
#2523 = EDGE_CURVE ( 'NONE', #1129, #216, #3074, .T. ) ;
#2524 = DIRECTION ( 'NONE',  ( -1.000000000000000000, 0.000000000000000000, 0.000000000000000000 ) ) ;
#2525 = VERTEX_POINT ( 'NONE', #182 ) ;
#2526 = ORIENTED_EDGE ( 'NONE', *, *, #99, .T. ) ;
#2527 = ORIENTED_EDGE ( 'NONE', *, *, #1979, .T. ) ;
#2528 = EDGE_CURVE ( 'NONE', #1732, #1543, #1414, .T. ) ;
#2529 = LINE ( 'NONE', #1545, #2853 ) ;
#2530 = AXIS2_PLACEMENT_3D ( 'NONE', #1472, #88, #540 ) ;
#2531 = CARTESIAN_POINT ( 'NONE',  ( -0.05000000000000000278, -0.9486832980505139901, 0.8000000000000000444 ) ) ;
#2532 = DIRECTION ( 'NONE',  ( -1.000000000000000000, 0.000000000000000000, 0.000000000000000000 ) ) ;
#2533 = CARTESIAN_POINT ( 'NONE',  ( -0.07610131969418609810, -0.7963883037824640576, 2.055798926294929885 ) ) ;
#2534 = CARTESIAN_POINT ( 'NONE',  ( -0.4686566913309970772, -0.8263853983656069824, 2.099508385746549965 ) ) ;
#2535 = EDGE_CURVE ( 'NONE', #3019, #2840, #2753, .T. ) ;
#2536 = AXIS2_PLACEMENT_3D ( 'NONE', #1458, #1008, #1659 ) ;
#2537 = EDGE_CURVE ( 'NONE', #2714, #139, #2692, .T. ) ;
#2538 = CARTESIAN_POINT ( 'NONE',  ( -0.6482757429965249063, 0.6944344797365390454, 2.501964733530880114 ) ) ;
#2539 = LINE ( 'NONE', #844, #1385 ) ;
#2540 = ORIENTED_EDGE ( 'NONE', *, *, #1279, .T. ) ;
#2541 = ORIENTED_EDGE ( 'NONE', *, *, #1139, .F. ) ;
#2542 = ORIENTED_EDGE ( 'NONE', *, *, #921, .T. ) ;
#2543 = LINE ( 'NONE', #1646, #151 ) ;
#2544 = CARTESIAN_POINT ( 'NONE',  ( 0.6480191403134999417, 0.6946739378387709607, 2.601348158724030135 ) ) ;
#2545 = DIRECTION ( 'NONE',  ( 0.06250000000000001388, 0.9980449639169570730, 6.111262852330190205E-17 ) ) ;
#2546 = CARTESIAN_POINT ( 'NONE',  ( -0.1205964128640140132, -0.7908757824674259584, 2.064731460329360058 ) ) ;
#2547 = PLANE ( 'NONE',  #1073 ) ;
#2548 = AXIS2_PLACEMENT_3D ( 'NONE', #1810, #626, #811 ) ;
#2549 = VECTOR ( 'NONE', #2760, 100.0000000000000000 ) ;
#2550 = CARTESIAN_POINT ( 'NONE',  ( -0.6497329803939080328, 0.6930708143825879963, 2.529802724219450294 ) ) ;
#2551 = CARTESIAN_POINT ( 'NONE',  ( -0.05000000000000000278, -2.000000000000000000, 1.901925930159210187 ) ) ;
#2552 = ORIENTED_EDGE ( 'NONE', *, *, #115, .F. ) ;
#2553 = VERTEX_POINT ( 'NONE', #80 ) ;
#2554 = CIRCLE ( 'NONE', #425, 0.6499999999999998002 ) ;
#2555 = FACE_OUTER_BOUND ( 'NONE', #2650, .T. ) ;
#2556 = DIRECTION ( 'NONE',  ( 1.000000000000000000, 0.000000000000000000, 0.000000000000000000 ) ) ;
#2557 = DIRECTION ( 'NONE',  ( 1.368455531567199917E-48, -6.123233995736769734E-17, 1.000000000000000000 ) ) ;
#2558 = CARTESIAN_POINT ( 'NONE',  ( -0.3720037615464049652, -0.7082821882892960108, 2.215781917071570017 ) ) ;
#2559 = CYLINDRICAL_SURFACE ( 'NONE', #172, 0.9499999999999999556 ) ;
#2560 = CARTESIAN_POINT ( 'NONE',  ( -0.5000000000000000000, -0.6244997998398399419, 3.149999999999999911 ) ) ;
#2561 = VERTEX_POINT ( 'NONE', #2203 ) ;
#2562 = CARTESIAN_POINT ( 'NONE',  ( -0.2999999999999999889, 1.524999999999999911, 0.8000000000000000444 ) ) ;
#2563 = UNCERTAINTY_MEASURE_WITH_UNIT (LENGTH_MEASURE( 1.000000000000000082E-05 ), #2034, 'distance_accuracy_value', 'NONE');
#2564 = LINE ( 'NONE', #1657, #192 ) ;
#2565 = EDGE_LOOP ( 'NONE', ( #2056, #2892, #895, #2148, #2526, #1541, #505 ) ) ;
#2566 = ORIENTED_EDGE ( 'NONE', *, *, #2724, .T. ) ;
#2567 = FACE_BOUND ( 'NONE', #2304, .T. ) ;
#2568 = LINE ( 'NONE', #705, #1538 ) ;
#2569 = DIRECTION ( 'NONE',  ( 6.992551510882539886E-17, -1.000000000000000000, 0.000000000000000000 ) ) ;
#2570 = LINE ( 'NONE', #1396, #19 ) ;
#2571 = EDGE_CURVE ( 'NONE', #2028, #2425, #2870, .T. ) ;
#2572 = LINE ( 'NONE', #709, #628 ) ;
#2573 = CARTESIAN_POINT ( 'NONE',  ( 0.9499999999999999556, 3.918250776634939841E-16, 1.700000000000000178 ) ) ;
#2574 = CIRCLE ( 'NONE', #106, 0.9499999999999997335 ) ;
#2575 = ORIENTED_EDGE ( 'NONE', *, *, #2383, .F. ) ;
#2576 = CIRCLE ( 'NONE', #1812, 0.1000000000000000056 ) ;
#2577 = EDGE_CURVE ( 'NONE', #605, #2606, #2907, .T. ) ;
#2578 = CARTESIAN_POINT ( 'NONE',  ( 0.2999999999999999889, 0.9618416490252570394, 0.5587713240271470205 ) ) ;
#2579 = AXIS2_PLACEMENT_3D ( 'NONE', #3069, #1361, #1349 ) ;
#2580 = CARTESIAN_POINT ( 'NONE',  ( 0.2999999999999999889, 0.9618416490252570394, 0.2412286759728530239 ) ) ;
#2581 = ORIENTED_EDGE ( 'NONE', *, *, #509, .T. ) ;
#2582 = ORIENTED_EDGE ( 'NONE', *, *, #179, .F. ) ;
#2583 = EDGE_LOOP ( 'NONE', ( #1803, #2933, #2183, #1628 ) ) ;
#2584 = DIRECTION ( 'NONE',  ( 6.123233995736769734E-17, 0.000000000000000000, 1.000000000000000000 ) ) ;
#2585 = CARTESIAN_POINT ( 'NONE',  ( -0.9499999999999999556, 1.236841649025260059, 0.4000000000000000222 ) ) ;
#2586 = CARTESIAN_POINT ( 'NONE',  ( 0.1950466187868450108, -0.7758840732776659532, 2.089565001548059797 ) ) ;
#2587 = CARTESIAN_POINT ( 'NONE',  ( -0.1025885933044169973, -0.7934120254115278881, 2.060609189866319912 ) ) ;
#2588 = LINE ( 'NONE', #906, #1112 ) ;
#2589 = DIRECTION ( 'NONE',  ( 1.000000000000000000, 6.245152236670769497E-17, 7.043567548384689865E-33 ) ) ;
#2590 = VERTEX_POINT ( 'NONE', #968 ) ;
#2591 = DIRECTION ( 'NONE',  ( 1.000000000000000000, -3.673940397442059868E-16, -2.249639673992789970E-32 ) ) ;
#2592 = COLOUR_RGB ( '',0.7921568627450980005, 0.8196078431372548767, 0.9333333333333333481 ) ;
#2593 = CARTESIAN_POINT ( 'NONE',  ( -0.05288985443947799570, 0.7982550078360051149, 2.052796718957309974 ) ) ;
#2594 = FACE_BOUND ( 'NONE', #2864, .T. ) ;
#2595 = ORIENTED_EDGE ( 'NONE', *, *, #3040, .F. ) ;
#2596 = ORIENTED_EDGE ( 'NONE', *, *, #344, .T. ) ;
#2597 = ORIENTED_EDGE ( 'NONE', *, *, #953, .T. ) ;
#2598 = CARTESIAN_POINT ( 'NONE',  ( -0.4076986178621480050, 0.6883346658939070162, 2.260462222733170101 ) ) ;
#2599 = EDGE_CURVE ( 'NONE', #931, #963, #2554, .T. ) ;
#2600 = CARTESIAN_POINT ( 'NONE',  ( 0.6346739519154250830, 0.7068875688579890904, 2.690361010359719973 ) ) ;
#2601 = CARTESIAN_POINT ( 'NONE',  ( 0.1298192831311049955, -0.7894236567671729654, 2.067100848715449857 ) ) ;
#2602 = AXIS2_PLACEMENT_3D ( 'NONE', #1857, #1183, #919 ) ;
#2603 = FACE_OUTER_BOUND ( 'NONE', #2447, .T. ) ;
#2604 = FACE_OUTER_BOUND ( 'NONE', #716, .T. ) ;
#2605 = FACE_OUTER_BOUND ( 'NONE', #275, .T. ) ;
#2606 = VERTEX_POINT ( 'NONE', #1465 ) ;
#2607 = CYLINDRICAL_SURFACE ( 'NONE', #2478, 0.1000000000000000056 ) ;
#2608 = EDGE_CURVE ( 'NONE', #360, #2378, #1027, .T. ) ;
#2609 = CARTESIAN_POINT ( 'NONE',  ( 0.2999999999999999889, -1.425000000000000044, 0.1000000000000000056 ) ) ;
#2610 = VECTOR ( 'NONE', #2707, 100.0000000000000000 ) ;
#2611 = ADVANCED_FACE ( 'NONE', ( #2759, #113 ), #2500, .F. ) ;
#2612 = FACE_OUTER_BOUND ( 'NONE', #2262, .T. ) ;
#2613 = ORIENTED_EDGE ( 'NONE', *, *, #791, .F. ) ;
#2614 = ORIENTED_EDGE ( 'NONE', *, *, #1101, .F. ) ;
#2615 = ORIENTED_EDGE ( 'NONE', *, *, #1744, .T. ) ;
#2616 = PLANE ( 'NONE',  #191 ) ;
#2617 = CARTESIAN_POINT ( 'NONE',  ( 0.4755700381170290258, 0.8224279936721760054, 2.106805627062379838 ) ) ;
#2618 = CARTESIAN_POINT ( 'NONE',  ( 0.3293247147437259881, -0.7291003218698749455, 2.173692683943880155 ) ) ;
#2619 = EDGE_CURVE ( 'NONE', #347, #111, #2003, .T. ) ;
#2620 = FACE_OUTER_BOUND ( 'NONE', #3007, .T. ) ;
#2621 = CARTESIAN_POINT ( 'NONE',  ( 0.2025042719063840091, -0.9282163849066129568, 1.932269474528020003 ) ) ;
#2622 = DIRECTION ( 'NONE',  ( 6.992551510882549747E-17, -1.000000000000000000, 0.000000000000000000 ) ) ;
#2623 = DIRECTION ( 'NONE',  ( 1.000000000000000000, 0.000000000000000000, 0.000000000000000000 ) ) ;
#2624 = CARTESIAN_POINT ( 'NONE',  ( -0.3764027815142749755, 0.8726131600072489780, 2.019324353975989972 ) ) ;
#2625 = EDGE_LOOP ( 'NONE', ( #1231, #1143, #1431, #1384, #1336, #1928 ) ) ;
#2626 = AXIS2_PLACEMENT_3D ( 'NONE', #1024, #2647, #1256 ) ;
#2627 = AXIS2_PLACEMENT_3D ( 'NONE', #2350, #2097, #2584 ) ;
#2628 = CIRCLE ( 'NONE', #743, 0.1499999999999999944 ) ;
#2629 = EDGE_CURVE ( 'NONE', #3070, #7, #1768, .T. ) ;
#2630 = CARTESIAN_POINT ( 'NONE',  ( -0.2999999999999999889, -1.524999999999999911, 0.8000000000000000444 ) ) ;
#2632 = EDGE_CURVE ( 'NONE', #2525, #620, #2482, .T. ) ;
#2631 = DIRECTION ( 'NONE',  ( -1.000000000000000000, -7.121240143874548712E-17, 0.000000000000000000 ) ) ;
#2633 = DIRECTION ( 'NONE',  ( 0.000000000000000000, 1.000000000000000000, 0.000000000000000000 ) ) ;
#2634 = ORIENTED_EDGE ( 'NONE', *, *, #614, .T. ) ;
#2635 = VERTEX_POINT ( 'NONE', #2247 ) ;
#2636 = CARTESIAN_POINT ( 'NONE',  ( -0.4742071115501800271, 0.6443100747652489302, 2.391323439443299836 ) ) ;
#2637 = CARTESIAN_POINT ( 'NONE',  ( 0.4865287229321400564, 0.8159919944266239566, 2.118863242555369730 ) ) ;
#2638 = ORIENTED_EDGE ( 'NONE', *, *, #377, .T. ) ;
#2639 = CARTESIAN_POINT ( 'NONE',  ( 0.2999999999999999889, 0.9618416490252570394, 0.2412286759728530239 ) ) ;
#2640 = CARTESIAN_POINT ( 'NONE',  ( 0.3977615298280900435, -0.8627629252471138432, 2.035817702692690023 ) ) ;
#2641 = DIRECTION ( 'NONE',  ( 0.000000000000000000, 6.123233995736769734E-17, -1.000000000000000000 ) ) ;
#2642 = CIRCLE ( 'NONE', #2492, 0.1499999999999999944 ) ;
#2643 = CARTESIAN_POINT ( 'NONE',  ( -0.9216507001444270708, -0.1587713240271469983, 1.425000000000000044 ) ) ;
#2644 = AXIS2_PLACEMENT_3D ( 'NONE', #1582, #136, #1554 ) ;
#2645 = CARTESIAN_POINT ( 'NONE',  ( -0.1176095074374540056, 0.9427248291700200955, 1.910679096593630222 ) ) ;
#2646 = EDGE_LOOP ( 'NONE', ( #1316, #2758, #251, #2126, #2125, #1031 ) ) ;
#2647 = DIRECTION ( 'NONE',  ( 1.000000000000000000, 6.245152236670769497E-17, 7.043567548384689865E-33 ) ) ;
#2648 = DIRECTION ( 'NONE',  ( 0.000000000000000000, -1.000000000000000000, 0.000000000000000000 ) ) ;
#2649 = CARTESIAN_POINT ( 'NONE',  ( 0.2889582741094560148, 0.7460428833663910186, 2.141829628158659737 ) ) ;
#2650 = EDGE_LOOP ( 'NONE', ( #2847, #2597, #2980, #1245, #2799, #1863, #1023, #1890 ) ) ;
#2651 = VECTOR ( 'NONE', #408, 100.0000000000000000 ) ;
#2652 = PLANE ( 'NONE',  #1929 ) ;
#2653 = ORIENTED_EDGE ( 'NONE', *, *, #1198, .F. ) ;
#2654 = CARTESIAN_POINT ( 'NONE',  ( 0.5857446720274449570, 0.7479728255818459681, 2.267865274980970014 ) ) ;
#2655 = EDGE_LOOP ( 'NONE', ( #277, #237 ) ) ;
#2656 = LINE ( 'NONE', #478, #1097 ) ;
#2657 = VECTOR ( 'NONE', #1604, 100.0000000000000000 ) ;
#2658 = CARTESIAN_POINT ( 'NONE',  ( 0.6077405513915089541, -0.7301845169758389709, 2.319270779393929782 ) ) ;
#2659 = CARTESIAN_POINT ( 'NONE',  ( -0.6464549097847569481, -0.6961301365351210135, 2.618167608395320034 ) ) ;
#2660 = DIRECTION ( 'NONE',  ( 0.000000000000000000, -6.123233995736769734E-17, 1.000000000000000000 ) ) ;
#2661 = CARTESIAN_POINT ( 'NONE',  ( 0.7500000000000001110, -0.1499999999999998834, 1.700000000000000178 ) ) ;
#2662 = ORIENTED_EDGE ( 'NONE', *, *, #1501, .T. ) ;
#2663 = DIRECTION ( 'NONE',  ( -7.121240143874548712E-17, 1.000000000000000000, 0.000000000000000000 ) ) ;
#2664 = PRODUCT_CONTEXT ( 'NONE', #2468, 'mechanical' ) ;
#2665 = FACE_OUTER_BOUND ( 'NONE', #746, .T. ) ;
#2666 = VERTEX_POINT ( 'NONE', #1516 ) ;
#2667 = CARTESIAN_POINT ( 'NONE',  ( -0.4986614790016999921, 0.6255694929663069281, 2.512741408263610143 ) ) ;
#2668 = VERTEX_POINT ( 'NONE', #349 ) ;
#2669 = CARTESIAN_POINT ( 'NONE',  ( 0.5176123655766899923, 0.7966325098563931117, 2.156724449694309875 ) ) ;
#2670 = CARTESIAN_POINT ( 'NONE',  ( 0.3812802195307049558, -0.7034397968500000209, 2.225978298684649914 ) ) ;
#2671 = CARTESIAN_POINT ( 'NONE',  ( 0.7969137807799033801, 3.749861841752179209E-16, 1.975000000000000089 ) ) ;
#2672 = ADVANCED_FACE ( 'NONE', ( #127 ), #1061, .F. ) ;
#2673 = CIRCLE ( 'NONE', #2810, 0.09999999999999992228 ) ;
#2674 = CARTESIAN_POINT ( 'NONE',  ( 0.5389445594610459134, -0.7823582040759051726, 2.186492556138039944 ) ) ;
#2675 = CARTESIAN_POINT ( 'NONE',  ( -0.5000000000000000000, -8.881784197001250351E-17, 1.700000000000000178 ) ) ;
#2676 = EDGE_CURVE ( 'NONE', #2265, #3008, #2529, .T. ) ;
#2677 = PLANE ( 'NONE',  #2144 ) ;
#2678 = CARTESIAN_POINT ( 'NONE',  ( 0.9499999999999999556, 3.749861841752179209E-16, 1.975000000000000089 ) ) ;
#2679 = CARTESIAN_POINT ( 'NONE',  ( -0.5826111075183509902, 0.7503943325164981193, 2.261640766097920086 ) ) ;
#2680 = ORIENTED_EDGE ( 'NONE', *, *, #2299, .F. ) ;
#2681 = EDGE_CURVE ( 'NONE', #400, #1137, #1353, .T. ) ;
#2682 = CARTESIAN_POINT ( 'NONE',  ( 0.2000000000000000111, 1.511841649025259970, 0.2412286759728530239 ) ) ;
#2683 = AXIS2_PLACEMENT_3D ( 'NONE', #290, #2011, #354 ) ;
#2684 = CARTESIAN_POINT ( 'NONE',  ( 0.4938860962914240482, 0.6293474145632479422, 2.471780977609030039 ) ) ;
#2685 = EDGE_LOOP ( 'NONE', ( #1347, #2055, #455, #899 ) ) ;
#2686 = CARTESIAN_POINT ( 'NONE',  ( -0.3720037615464060199, 0.7082821882892950116, 2.215781917071570017 ) ) ;
#2687 = ORIENTED_EDGE ( 'NONE', *, *, #10, .T. ) ;
#2688 = FACE_BOUND ( 'NONE', #2655, .T. ) ;
#2689 = CARTESIAN_POINT ( 'NONE',  ( 0.4756138053939759636, -0.6432712100373199071, 2.395615554998280050 ) ) ;
#2690 = ORIENTED_EDGE ( 'NONE', *, *, #2213, .F. ) ;
#2691 = VECTOR ( 'NONE', #692, 100.0000000000000000 ) ;
#2692 = LINE ( 'NONE', #776, #2263 ) ;
#2693 = CARTESIAN_POINT ( 'NONE',  ( 0.7969137807799033801, 3.749861841752179209E-16, 1.975000000000000089 ) ) ;
#2694 = DIRECTION ( 'NONE',  ( 0.000000000000000000, 1.734723475976807094E-15, 1.000000000000000000 ) ) ;
#2695 = CYLINDRICAL_SURFACE ( 'NONE', #1536, 0.1000000000000000056 ) ;
#2696 = CARTESIAN_POINT ( 'NONE',  ( -0.05000000000000000278, -0.9486832980505131019, 1.901925930159210187 ) ) ;
#2697 = CARTESIAN_POINT ( 'NONE',  ( 0.5000000000000000000, -0.6244997998398399419, 1.300000000000000044 ) ) ;
#2698 = DIRECTION ( 'NONE',  ( 0.000000000000000000, 0.4999999999999999445, -0.8660254037844388186 ) ) ;
#2699 = ORIENTED_EDGE ( 'NONE', *, *, #1379, .T. ) ;
#2700 = VECTOR ( 'NONE', #1351, 100.0000000000000000 ) ;
#2701 = ORIENTED_EDGE ( 'NONE', *, *, #1369, .F. ) ;
#2702 = FACE_OUTER_BOUND ( 'NONE', #688, .T. ) ;
#2703 = EDGE_LOOP ( 'NONE', ( #526, #3038, #24, #2403 ) ) ;
#2704 = DIRECTION ( 'NONE',  ( 1.642146637880645005E-47, -6.123233995736769734E-17, 1.000000000000000000 ) ) ;
#2705 = CARTESIAN_POINT ( 'NONE',  ( -0.6130042254035050764, -0.7257677545070030378, 2.333679783710839839 ) ) ;
#2706 = DIRECTION ( 'NONE',  ( 0.000000000000000000, -1.000000000000000000, 0.000000000000000000 ) ) ;
#2707 = DIRECTION ( 'NONE',  ( 1.000000000000000000, 0.000000000000000000, 0.000000000000000000 ) ) ;
#2708 = LINE ( 'NONE', #1757, #2298 ) ;
#2709 = LINE ( 'NONE', #1080, #1290 ) ;
#2710 = DIRECTION ( 'NONE',  ( -1.000000000000000000, 4.733035820897869703E-16, 0.000000000000000000 ) ) ;
#2711 = CARTESIAN_POINT ( 'NONE',  ( 0.4875503517345540216, 0.6342695812737390026, 2.438932074623260338 ) ) ;
#2712 = EDGE_CURVE ( 'NONE', #2081, #1843, #585, .T. ) ;
#2713 = EDGE_CURVE ( 'NONE', #2666, #1645, #1076, .T. ) ;
#2714 = VERTEX_POINT ( 'NONE', #623 ) ;
#2715 = ORIENTED_EDGE ( 'NONE', *, *, #1404, .T. ) ;
#2716 = CARTESIAN_POINT ( 'NONE',  ( 0.6443604826915269035, -0.6980699397149380259, 2.464184504337890047 ) ) ;
#2717 = CARTESIAN_POINT ( 'NONE',  ( -0.6493665527380729774, -0.6934142907035309999, 2.519957219589860298 ) ) ;
#2718 = ADVANCED_FACE ( 'NONE', ( #389 ), #2045, .T. ) ;
#2719 = CARTESIAN_POINT ( 'NONE',  ( -1.408962799656039991E-16, -2.000000000000000000, 2.549999999999999822 ) ) ;
#2720 = LINE ( 'NONE', #101, #346 ) ;
#2721 = CARTESIAN_POINT ( 'NONE',  ( 0.2000000000000000111, -0.9618416490252570394, 0.2412286759728530239 ) ) ;
#2722 = CARTESIAN_POINT ( 'NONE',  ( 0.2999999999999999889, 1.425000000000000044, 1.776356839400249824E-16 ) ) ;
#2723 = DIRECTION ( 'NONE',  ( 6.336185980500088710E-17, -1.000000000000000000, 0.000000000000000000 ) ) ;
#2724 = EDGE_CURVE ( 'NONE', #887, #188, #2998, .T. ) ;
#2725 = EDGE_CURVE ( 'NONE', #568, #1572, #714, .T. ) ;
#2726 = CARTESIAN_POINT ( 'NONE',  ( 0.2999999999999999889, 1.511841649025259970, 0.2412286759728530239 ) ) ;
#2727 = ORIENTED_EDGE ( 'NONE', *, *, #1145, .T. ) ;
#2728 = AXIS2_PLACEMENT_3D ( 'NONE', #1445, #2900, #1429 ) ;
#2729 = VECTOR ( 'NONE', #1370, 100.0000000000000000 ) ;
#2730 = VERTEX_POINT ( 'NONE', #2084 ) ;
#2731 = CIRCLE ( 'NONE', #1784, 0.1000000000000000056 ) ;
#2732 = CARTESIAN_POINT ( 'NONE',  ( 0.6484563244728179798, -0.6942657397660000340, 2.504586389661749735 ) ) ;
#2733 = DIRECTION ( 'NONE',  ( 0.000000000000000000, 0.8660254037844388186, -0.4999999999999998335 ) ) ;
#2734 = CARTESIAN_POINT ( 'NONE',  ( 0.3500000000000000333, -1.425000000000000044, 0.7000000000000000666 ) ) ;
#2735 = VECTOR ( 'NONE', #2212, 100.0000000000000000 ) ;
#2736 = CARTESIAN_POINT ( 'NONE',  ( -0.5000000000000000000, -0.6244997998398399419, 2.549999999999999822 ) ) ;
#2737 = CARTESIAN_POINT ( 'NONE',  ( -0.2999999999999999889, 0.9013878188659970592, 0.8000000000000000444 ) ) ;
#2738 = FACE_OUTER_BOUND ( 'NONE', #6, .T. ) ;
#2739 = AXIS2_PLACEMENT_3D ( 'NONE', #496, #1502, #2871 ) ;
#2740 = PLANE ( 'NONE',  #2938 ) ;
#2741 = AXIS2_PLACEMENT_3D ( 'NONE', #2027, #3018, #1830 ) ;
#2742 = CARTESIAN_POINT ( 'NONE',  ( -0.7500000000000000000, -0.1587713240271469983, 1.425000000000000044 ) ) ;
#2743 = ORIENTED_EDGE ( 'NONE', *, *, #70, .T. ) ;
#2744 = ORIENTED_EDGE ( 'NONE', *, *, #2523, .T. ) ;
#2745 = ORIENTED_EDGE ( 'NONE', *, *, #1286, .T. ) ;
#2746 = DIRECTION ( 'NONE',  ( 0.000000000000000000, 0.000000000000000000, -1.000000000000000000 ) ) ;
#2747 =( NAMED_UNIT ( * ) SI_UNIT ( $, .STERADIAN. ) SOLID_ANGLE_UNIT ( ) );
#2748 = DIRECTION ( 'NONE',  ( 0.000000000000000000, 1.000000000000000000, 0.000000000000000000 ) ) ;
#2749 = CARTESIAN_POINT ( 'NONE',  ( 0.05000000000000000278, -2.000000000000000000, 2.052506281446690117 ) ) ;
#2750 = AXIS2_PLACEMENT_3D ( 'NONE', #836, #1547, #2006 ) ;
#2751 = DIRECTION ( 'NONE',  ( 0.000000000000000000, 0.000000000000000000, -1.000000000000000000 ) ) ;
#2752 = CARTESIAN_POINT ( 'NONE',  ( -0.6479524904688629405, 0.6947366027343889749, 2.602633805236719944 ) ) ;
#2753 = CIRCLE ( 'NONE', #1907, 0.1499999999999999667 ) ;
#2754 = CARTESIAN_POINT ( 'NONE',  ( 0.2000000000000000111, -0.9618416490252570394, 0.2412286759728530239 ) ) ;
#2755 = ORIENTED_EDGE ( 'NONE', *, *, #959, .F. ) ;
#2756 = ORIENTED_EDGE ( 'NONE', *, *, #115, .T. ) ;
#2757 = ORIENTED_EDGE ( 'NONE', *, *, #1697, .F. ) ;
#2758 = ORIENTED_EDGE ( 'NONE', *, *, #1708, .T. ) ;
#2759 = FACE_BOUND ( 'NONE', #326, .T. ) ;
#2760 = DIRECTION ( 'NONE',  ( 0.000000000000000000, 0.000000000000000000, -1.000000000000000000 ) ) ;
#2761 = CARTESIAN_POINT ( 'NONE',  ( 0.05000000000000000278, 1.425000000000000044, 0.8000000000000000444 ) ) ;
#2762 = EDGE_CURVE ( 'NONE', #592, #473, #401, .T. ) ;
#2763 = EDGE_CURVE ( 'NONE', #980, #295, #2068, .T. ) ;
#2764 = DIRECTION ( 'NONE',  ( 0.000000000000000000, 2.220446049250309876E-16, 1.000000000000000000 ) ) ;
#2765 = EDGE_CURVE ( 'NONE', #3008, #1730, #2459, .T. ) ;
#2766 = CARTESIAN_POINT ( 'NONE',  ( 0.2999999999999999889, -0.9013878188659970592, -8.881784197001250351E-17 ) ) ;
#2767 = CARTESIAN_POINT ( 'NONE',  ( -0.6491653576945640713, 0.6936026643096729893, 2.516102591145850109 ) ) ;
#2768 = DIRECTION ( 'NONE',  ( 1.000000000000000000, 0.000000000000000000, 0.000000000000000000 ) ) ;
#2769 = ORIENTED_EDGE ( 'NONE', *, *, #181, .T. ) ;
#2770 = EDGE_LOOP ( 'NONE', ( #2193, #1254, #1085, #2361 ) ) ;
#2771 = ORIENTED_EDGE ( 'NONE', *, *, #2765, .T. ) ;
#2772 = CARTESIAN_POINT ( 'NONE',  ( 0.000000000000000000, -7.960204194457799175E-17, 1.300000000000000044 ) ) ;
#2773 = CIRCLE ( 'NONE', #883, 0.1499999999999999667 ) ;
#2774 = AXIS2_PLACEMENT_3D ( 'NONE', #2509, #2274, #384 ) ;
#2775 = FACE_OUTER_BOUND ( 'NONE', #1239, .T. ) ;
#2776 = DIRECTION ( 'NONE',  ( 0.000000000000000000, 0.000000000000000000, 1.000000000000000000 ) ) ;
#2777 = CARTESIAN_POINT ( 'NONE',  ( -0.2227058889534120067, -0.7685032266055360495, 2.102085384716049887 ) ) ;
#2778 = PLANE ( 'NONE',  #2888 ) ;
#2779 = VECTOR ( 'NONE', #210, 100.0000000000000000 ) ;
#2780 = LINE ( 'NONE', #1082, #1204 ) ;
#2781 = LINE ( 'NONE', #1356, #2890 ) ;
#2782 = VECTOR ( 'NONE', #173, 100.0000000000000000 ) ;
#2783 = ORIENTED_EDGE ( 'NONE', *, *, #507, .T. ) ;
#2784 = ORIENTED_EDGE ( 'NONE', *, *, #2993, .F. ) ;
#2785 = CARTESIAN_POINT ( 'NONE',  ( 0.000000000000000000, 0.000000000000000000, 0.000000000000000000 ) ) ;
#2786 = DIRECTION ( 'NONE',  ( 0.000000000000000000, 0.000000000000000000, 1.000000000000000000 ) ) ;
#2787 = CARTESIAN_POINT ( 'NONE',  ( -0.9500000000000001776, -0.2742236759169501825, 1.299999999999999600 ) ) ;
#2788 = CARTESIAN_POINT ( 'NONE',  ( -0.08486678340501280227, -0.7955021549628799038, 2.057228097225139773 ) ) ;
#2789 = CARTESIAN_POINT ( 'NONE',  ( -0.7500000000000000000, -0.1587713240271469983, 1.975000000000000089 ) ) ;
#2790 = LINE ( 'NONE', #1651, #611 ) ;
#2791 = PRESENTATION_LAYER_ASSIGNMENT (  '', '', ( #1055 ) ) ;
#2792 = ORIENTED_EDGE ( 'NONE', *, *, #649, .F. ) ;
#2793 = CARTESIAN_POINT ( 'NONE',  ( 0.000000000000000000, -4.898587196589410610E-17, 0.8000000000000000444 ) ) ;
#2794 = AXIS2_PLACEMENT_3D ( 'NONE', #391, #1323, #851 ) ;
#2795 = DIRECTION ( 'NONE',  ( -1.000000000000000000, -7.121240143874548712E-17, 0.000000000000000000 ) ) ;
#2796 = PRODUCT_DEFINITION ( 'UNKNOWN', '', #2477, #369 ) ;
#2797 = ADVANCED_FACE ( 'NONE', ( #167 ), #902, .F. ) ;
#2798 = EDGE_CURVE ( 'NONE', #3019, #413, #1852, .T. ) ;
#2799 = ORIENTED_EDGE ( 'NONE', *, *, #2608, .T. ) ;
#2800 = ORIENTED_EDGE ( 'NONE', *, *, #1698, .T. ) ;
#2801 = VECTOR ( 'NONE', #246, 100.0000000000000000 ) ;
#2802 = CARTESIAN_POINT ( 'NONE',  ( -0.9499999999999999556, -1.386841649025259970, 0.4000000000000000222 ) ) ;
#2803 = LINE ( 'NONE', #2320, #2487 ) ;
#2804 = LINE ( 'NONE', #652, #525 ) ;
#2805 = CARTESIAN_POINT ( 'NONE',  ( -0.3827075599997080135, -0.7025544043478300082, 2.228093484552060133 ) ) ;
#2806 = DIRECTION ( 'NONE',  ( 1.000000000000000000, -7.105427357601000281E-16, 0.000000000000000000 ) ) ;
#2807 = DIRECTION ( 'NONE',  ( 0.000000000000000000, -1.000000000000000000, 0.000000000000000000 ) ) ;
#2808 = EDGE_CURVE ( 'NONE', #962, #2137, #663, .T. ) ;
#2809 = ORIENTED_EDGE ( 'NONE', *, *, #729, .F. ) ;
#2810 = AXIS2_PLACEMENT_3D ( 'NONE', #825, #1772, #2944 ) ;
#2811 = CARTESIAN_POINT ( 'NONE',  ( 0.05000000000000000278, 0.7984359711335650145, 4.889010281864150192E-17 ) ) ;
#2812 = ADVANCED_FACE ( 'NONE', ( #2319 ), #1348, .F. ) ;
#2813 = ORIENTED_EDGE ( 'NONE', *, *, #1138, .T. ) ;
#2814 = ORIENTED_EDGE ( 'NONE', *, *, #235, .F. ) ;
#2815 = ORIENTED_EDGE ( 'NONE', *, *, #867, .T. ) ;
#2816 = DIRECTION ( 'NONE',  ( 0.000000000000000000, 6.123233995736769734E-17, -1.000000000000000000 ) ) ;
#2817 = CARTESIAN_POINT ( 'NONE',  ( -0.7969137807799030471, -0.1587713240271469983, 1.975000000000000089 ) ) ;
#2818 = CARTESIAN_POINT ( 'NONE',  ( 0.3389514338940200489, -0.7246667603893659493, 2.182362348313939826 ) ) ;
#2819 = DIRECTION ( 'NONE',  ( 3.686480391142160007E-17, 0.000000000000000000, 1.000000000000000000 ) ) ;
#2820 = DIRECTION ( 'NONE',  ( -1.000000000000000000, 0.000000000000000000, 0.000000000000000000 ) ) ;
#2821 = LINE ( 'NONE', #247, #1725 ) ;
#2822 = ORIENTED_EDGE ( 'NONE', *, *, #2441, .F. ) ;
#2823 = CIRCLE ( 'NONE', #195, 0.09999999999999992228 ) ;
#2824 = CARTESIAN_POINT ( 'NONE',  ( 0.2000000000000000111, 1.511841649025259970, 0.5587713240271470205 ) ) ;
#2825 = AXIS2_PLACEMENT_3D ( 'NONE', #2585, #1394, #2351 ) ;
#2826 = ADVANCED_FACE ( 'NONE', ( #2555 ), #223, .T. ) ;
#2827 = CARTESIAN_POINT ( 'NONE',  ( -0.7000000000000000666, 1.425000000000000044, 0.7000000000000000666 ) ) ;
#2828 =( BOUNDED_CURVE ( )  B_SPLINE_CURVE ( 3, ( #766, #2913, #1039, #782 ),
 .UNSPECIFIED., .F., .F. ) 
 B_SPLINE_CURVE_WITH_KNOTS ( ( 4, 4 ),
 ( 2.301327116176979715, 3.981858191003329939 ),
 .UNSPECIFIED. ) 
 CURVE ( )  GEOMETRIC_REPRESENTATION_ITEM ( )  RATIONAL_B_SPLINE_CURVE ( ( 1.000000000000000000, 0.7781767144695832528, 0.7781767144695832528, 1.000000000000000000 ) ) 
 REPRESENTATION_ITEM ( '' )  );
#2829 = DIRECTION ( 'NONE',  ( -1.000000000000000000, 0.000000000000000000, 0.000000000000000000 ) ) ;
#2830 = VERTEX_POINT ( 'NONE', #3068 ) ;
#2831 = ORIENTED_EDGE ( 'NONE', *, *, #2161, .T. ) ;
#2832 = ORIENTED_EDGE ( 'NONE', *, *, #231, .F. ) ;
#2833 = DIRECTION ( 'NONE',  ( 1.000000000000000000, 0.000000000000000000, 0.000000000000000000 ) ) ;
#2834 = DIRECTION ( 'NONE',  ( 0.000000000000000000, 1.734723475976807094E-15, -1.000000000000000000 ) ) ;
#2835 = VERTEX_POINT ( 'NONE', #1130 ) ;
#2836 = CARTESIAN_POINT ( 'NONE',  ( -0.3164563611911670460, -0.7347717825112239920, 2.162826278944990133 ) ) ;
#2837 = DIRECTION ( 'NONE',  ( 1.000000000000000000, 6.245152236670769497E-17, 7.043567548384689865E-33 ) ) ;
#2838 = DIRECTION ( 'NONE',  ( 0.000000000000000000, 7.105427357600999541E-17, -1.000000000000000000 ) ) ;
#2839 = EDGE_CURVE ( 'NONE', #388, #1732, #677, .T. ) ;
#2840 = VERTEX_POINT ( 'NONE', #1819 ) ;
#2841 = AXIS2_PLACEMENT_3D ( 'NONE', #1937, #2905, #2132 ) ;
#2842 = ADVANCED_FACE ( 'NONE', ( #2567, #689 ), #442, .T. ) ;
#2843 = DIRECTION ( 'NONE',  ( 0.3157894736842110084, 0.9488292830168391090, 0.000000000000000000 ) ) ;
#2844 = DIRECTION ( 'NONE',  ( 0.000000000000000000, 0.000000000000000000, -1.000000000000000000 ) ) ;
#2845 = EDGE_CURVE ( 'NONE', #2168, #2362, #2543, .T. ) ;
#2846 = CARTESIAN_POINT ( 'NONE',  ( -0.05000000000000000278, -1.524999999999999911, 0.7000000000000000666 ) ) ;
#2847 = ORIENTED_EDGE ( 'NONE', *, *, #2599, .T. ) ;
#2848 = VERTEX_POINT ( 'NONE', #1601 ) ;
#2849 = ORIENTED_EDGE ( 'NONE', *, *, #467, .T. ) ;
#2850 = CARTESIAN_POINT ( 'NONE',  ( -0.4924831908565789895, 0.6304465117186880407, 2.463327770213100010 ) ) ;
#2851 = CARTESIAN_POINT ( 'NONE',  ( -1.408962799656039991E-16, 2.000000000000000000, 2.549999999999999822 ) ) ;
#2852 = CARTESIAN_POINT ( 'NONE',  ( 0.2460704004486110041, -0.7612393308103200251, 2.114692846991899966 ) ) ;
#2853 = VECTOR ( 'NONE', #375, 100.0000000000000000 ) ;
#2854 = CARTESIAN_POINT ( 'NONE',  ( -0.05000000000000000278, 1.236841649025260059, 0.4000000000000000222 ) ) ;
#2855 = CARTESIAN_POINT ( 'NONE',  ( 0.6018687510897869908, -0.7350338370000889521, 2.304355953960889991 ) ) ;
#2856 = PLANE ( 'NONE',  #217 ) ;
#2857 = EDGE_CURVE ( 'NONE', #2030, #2525, #915, .T. ) ;
#2858 = LINE ( 'NONE', #1800, #372 ) ;
#2859 = CARTESIAN_POINT ( 'NONE',  ( -0.1447362764564960047, 0.9389431731808599579, 1.916268177657289629 ) ) ;
#2860 = ORIENTED_EDGE ( 'NONE', *, *, #1972, .T. ) ;
#2861 = CARTESIAN_POINT ( 'NONE',  ( 0.2000000000000000111, 0.9618416490252570394, 0.5587713240271470205 ) ) ;
#2862 = CARTESIAN_POINT ( 'NONE',  ( -0.2676948223290070428, 0.7539107214186270278, 2.127635610453189940 ) ) ;
#2863 = CARTESIAN_POINT ( 'NONE',  ( 0.2999999999999999889, -0.9013878188659970592, 0.8000000000000000444 ) ) ;
#2864 = EDGE_LOOP ( 'NONE', ( #2874, #819, #1193, #297, #1128, #923 ) ) ;
#2865 = ORIENTED_EDGE ( 'NONE', *, *, #2857, .F. ) ;
#2866 = LINE ( 'NONE', #2398, #885 ) ;
#2867 = CARTESIAN_POINT ( 'NONE',  ( 0.08370841984017510229, 0.9463181237021859316, 1.905392975777700171 ) ) ;
#2868 = CARTESIAN_POINT ( 'NONE',  ( 0.1186032585621770163, -0.7911867342302980610, 2.064224316781180235 ) ) ;
#2869 = CARTESIAN_POINT ( 'NONE',  ( -0.2999999999999999889, -1.386841649025259970, 0.4000000000000000222 ) ) ;
#2870 = LINE ( 'NONE', #2454, #338 ) ;
#2871 = DIRECTION ( 'NONE',  ( -6.245152236670769497E-17, 1.000000000000000000, 0.000000000000000000 ) ) ;
#2872 = LINE ( 'NONE', #339, #418 ) ;
#2873 = CARTESIAN_POINT ( 'NONE',  ( -0.06352269636343159387, 0.9479060371833760712, 1.903064010370149939 ) ) ;
#2874 = ORIENTED_EDGE ( 'NONE', *, *, #1421, .F. ) ;
#2875 = AXIS2_PLACEMENT_3D ( 'NONE', #252, #2122, #451 ) ;
#2876 = LINE ( 'NONE', #2682, #1824 ) ;
#2877 = CARTESIAN_POINT ( 'NONE',  ( 0.2999999999999999889, -0.9013878188659970592, -8.881784197001250351E-17 ) ) ;
#2878 = CARTESIAN_POINT ( 'NONE',  ( 0.1409497427220199883, 0.7875121858719439372, 2.070231656120260055 ) ) ;
#2879 = VECTOR ( 'NONE', #1162, 100.0000000000000000 ) ;
#2880 = VERTEX_POINT ( 'NONE', #1146 ) ;
#2881 = CARTESIAN_POINT ( 'NONE',  ( 0.3500000000000000333, -1.425000000000000044, 0.1000000000000000056 ) ) ;
#2882 = EDGE_LOOP ( 'NONE', ( #2277, #2229, #1765, #1776, #1949, #2015, #126 ) ) ;
#2883 = CARTESIAN_POINT ( 'NONE',  ( 0.3943593149743719328, 0.8643743460921970989, 2.033092734166349835 ) ) ;
#2884 = CARTESIAN_POINT ( 'NONE',  ( 0.04999999988397880318, -0.7984359711408308691, 2.052506281435030111 ) ) ;
#2885 = CARTESIAN_POINT ( 'NONE',  ( -0.05000000000000000278, 0.7984359711335660137, 2.052506281446690117 ) ) ;
#2886 = DIRECTION ( 'NONE',  ( -6.992591586849318935E-17, 0.8660254037844388186, -0.4999999999999998335 ) ) ;
#2887 = CARTESIAN_POINT ( 'NONE',  ( -0.05000000000000000278, -0.7984359711335650145, -4.889010281864150192E-17 ) ) ;
#2888 = AXIS2_PLACEMENT_3D ( 'NONE', #710, #920, #183 ) ;
#2889 = CARTESIAN_POINT ( 'NONE',  ( 0.2000000000000000111, 1.236841649025260059, 0.7175426480542940189 ) ) ;
#2890 = VECTOR ( 'NONE', #161, 100.0000000000000000 ) ;
#2891 = CARTESIAN_POINT ( 'NONE',  ( -0.3127414707497909729, 0.8971607953924061185, 1.979974215053999842 ) ) ;
#2892 = ORIENTED_EDGE ( 'NONE', *, *, #1510, .T. ) ;
#2893 = B_SPLINE_CURVE_WITH_KNOTS ( 'NONE', 3,
 ( #2424, #266, #2873, #2136, #573, #1506, #2645, #555, #2859, #85, #727, #305, #1959, #1671, #1238, #1207, #250, #2439, #1941, #2891, #1187, #2624, #745, #499, #1741, #2156, #2192, #518, #780, #2409, #1723, #2926, #48, #1452, #2679, #988, #1223, #798, #322, #1253, #2315, #1904, #395, #952, #1124, #3033, #424, #185, #3005, #2040, #2538, #2767, #2550, #1113, #1330, #1185, #2389, #2752, #1435, #2052, #1416, #855, #2063, #1610, #1355, #1096 ),
 .UNSPECIFIED., .F., .F.,
 ( 4, 1, 1, 1, 1, 1, 1, 1, 1, 1, 1, 1, 1, 1, 1, 1, 1, 1, 1, 1, 1, 1, 1, 1, 1, 1, 1, 1, 1, 1, 1, 1, 1, 1, 1, 1, 1, 1, 1, 1, 1, 1, 1, 1, 1, 1, 1, 1, 1, 1, 1, 1, 1, 1, 1, 1, 1, 1, 1, 1, 1, 1, 1, 4 ),
 ( 0.000000000000000000, 0.01171794551240889874, 0.02347944993903830144, 0.03529810540552560244, 0.04721045165059260112, 0.05916260128436879456, 0.07122998447314060622, 0.08337095089466589615, 0.09560709097069979012, 0.1078700657255920042, 0.1202595479995700045, 0.1327470584471780179, 0.1453998905251499829, 0.1581176649668390166, 0.1709976624064249995, 0.1839759679422690031, 0.2014900204269710060, 0.2206547285882859977, 0.2414628698512449878, 0.2686837135436480062, 0.3084986691582560225, 0.3580332276559460292, 0.4051428033279709795, 0.4434094449764499624, 0.4708733551709630150, 0.4904631936405200454, 0.5052501667885249681, 0.5200802350325149925, 0.5349627778966249414, 0.5498506050638910514, 0.5647330032077769735, 0.5795989899400609824, 0.5944308939940889935, 0.6092349442570590412, 0.6239639198285620303, 0.6386362193547300281, 0.6532246485485959653, 0.6677686862061759099, 0.6821868367389499754, 0.6965071812832329678, 0.7106805320178850582, 0.7247889942998929635, 0.7387457017861870368, 0.7525975767669900174, 0.7663199176597960127, 0.7800003684342770027, 0.7934472517162600713, 0.8066853582494190045, 0.8195555663654819911, 0.8322504096843530430, 0.8444739013011529627, 0.8563847181283390508, 0.8678685031634109093, 0.8792246860987340540, 0.8909843538132879992, 0.9032711985865250481, 0.9196098007403190611, 0.9351745460243010566, 0.9499756588125329859, 0.9616267660045049182, 0.9741725695734800849, 0.9852878806051870164, 0.9938394578207959684, 1.000000000000000000 ),
 .UNSPECIFIED. ) ;
#2894 = FACE_OUTER_BOUND ( 'NONE', #562, .T. ) ;
#2895 = LINE ( 'NONE', #1420, #1985 ) ;
#2896 = DIRECTION ( 'NONE',  ( 7.121240143874548712E-17, -1.000000000000000000, 0.000000000000000000 ) ) ;
#2897 = ADVANCED_FACE ( 'NONE', ( #1631 ), #2293, .T. ) ;
#2898 = VERTEX_POINT ( 'NONE', #456 ) ;
#2899 = AXIS2_PLACEMENT_3D ( 'NONE', #2889, #1222, #2924 ) ;
#2900 = DIRECTION ( 'NONE',  ( 0.000000000000000000, -1.000000000000000000, 0.000000000000000000 ) ) ;
#2901 = ORIENTED_EDGE ( 'NONE', *, *, #1889, .F. ) ;
#2902 = ADVANCED_FACE ( 'NONE', ( #1161 ), #2113, .T. ) ;
#2903 = CARTESIAN_POINT ( 'NONE',  ( 0.2839590360547880055, 0.9066606971578800023, 1.965145818981490100 ) ) ;
#2904 = CARTESIAN_POINT ( 'NONE',  ( 0.4680517327869310185, -0.6487957298021429509, 2.374011966231809989 ) ) ;
#2905 = DIRECTION ( 'NONE',  ( 1.000000000000000000, 0.000000000000000000, 0.000000000000000000 ) ) ;
#2906 = AXIS2_PLACEMENT_3D ( 'NONE', #1483, #1903, #793 ) ;
#2907 = LINE ( 'NONE', #741, #1400 ) ;
#2908 = CARTESIAN_POINT ( 'NONE',  ( 0.9216507001444267377, -0.5499999999999993783, 1.424999999999999822 ) ) ;
#2909 = DIRECTION ( 'NONE',  ( 0.000000000000000000, 0.8660254037844388186, -0.4999999999999999445 ) ) ;
#2910 = DIRECTION ( 'NONE',  ( 0.000000000000000000, -6.123233995736769734E-17, 1.000000000000000000 ) ) ;
#2911 = DIRECTION ( 'NONE',  ( -1.000000000000000000, -7.121240143874548712E-17, 0.000000000000000000 ) ) ;
#2912 = ORIENTED_EDGE ( 'NONE', *, *, #303, .T. ) ;
#2913 = CARTESIAN_POINT ( 'NONE',  ( 1.085401199583377663, -0.3030928152981545165, 0.7029782028428223084 ) ) ;
#2914 = FACE_OUTER_BOUND ( 'NONE', #1951, .T. ) ;
#2915 = ORIENTED_EDGE ( 'NONE', *, *, #2808, .F. ) ;
#2916 = CARTESIAN_POINT ( 'NONE',  ( -0.4998966531828329951, 0.6245825916721658988, 2.537557998951709859 ) ) ;
#2917 = ORIENTED_EDGE ( 'NONE', *, *, #614, .F. ) ;
#2918 = LINE ( 'NONE', #757, #1632 ) ;
#2919 = CARTESIAN_POINT ( 'NONE',  ( 0.4035555774696780174, -0.6909381006175440154, 2.253896334446450211 ) ) ;
#2920 = ORIENTED_EDGE ( 'NONE', *, *, #1468, .F. ) ;
#2921 = VECTOR ( 'NONE', #2962, 100.0000000000000000 ) ;
#2922 = CARTESIAN_POINT ( 'NONE',  ( 0.3655923582768750291, -0.8769151026133379379, 2.012399806389649992 ) ) ;
#2923 = CARTESIAN_POINT ( 'NONE',  ( -0.7500000000000000000, -0.1587713240271469983, 1.975000000000000089 ) ) ;
#2924 = DIRECTION ( 'NONE',  ( 6.992591586849318935E-17, -0.8660254037844388186, -0.4999999999999999445 ) ) ;
#2925 = CARTESIAN_POINT ( 'NONE',  ( -0.2999999999999999889, -0.9013878188659970592, -6.408903959419039884E-17 ) ) ;
#2926 = CARTESIAN_POINT ( 'NONE',  ( -0.5595519721972009863, 0.7677473201483140386, 2.219110010253769971 ) ) ;
#2927 = ORIENTED_EDGE ( 'NONE', *, *, #794, .F. ) ;
#2928 = DIRECTION ( 'NONE',  ( 1.000000000000000000, 0.000000000000000000, 0.000000000000000000 ) ) ;
#2929 = CIRCLE ( 'NONE', #1799, 0.09999999999999992228 ) ;
#2930 = AXIS2_PLACEMENT_3D ( 'NONE', #2881, #754, #995 ) ;
#2931 = LINE ( 'NONE', #135, #2735 ) ;
#2932 = ADVANCED_FACE ( 'NONE', ( #1230 ), #1695, .T. ) ;
#2933 = ORIENTED_EDGE ( 'NONE', *, *, #657, .F. ) ;
#2934 = EDGE_LOOP ( 'NONE', ( #1042, #1333, #1407, #1337, #545, #239, #1406, #43, #2464, #1872 ) ) ;
#2935 = DIRECTION ( 'NONE',  ( 7.121240143874548712E-17, -1.000000000000000000, 0.000000000000000000 ) ) ;
#2936 = CARTESIAN_POINT ( 'NONE',  ( 0.4995378641146809851, -0.6248696256996849607, 2.527552501560740073 ) ) ;
#2937 = ORIENTED_EDGE ( 'NONE', *, *, #1972, .F. ) ;
#2938 = AXIS2_PLACEMENT_3D ( 'NONE', #2462, #368, #108 ) ;
#2939 = CARTESIAN_POINT ( 'NONE',  ( 0.000000000000000000, 0.000000000000000000, 0.000000000000000000 ) ) ;
#2940 = CARTESIAN_POINT ( 'NONE',  ( -0.5382507801276280590, -0.7828312230184230058, 2.185487284063440061 ) ) ;
#2941 =( BOUNDED_CURVE ( )  B_SPLINE_CURVE ( 3, ( #2321, #2787, #625, #1576 ),
 .UNSPECIFIED., .F., .F. ) 
 B_SPLINE_CURVE_WITH_KNOTS ( ( 4, 4 ),
 ( 3.141592653589793116, 3.981858191781605161 ),
 .UNSPECIFIED. ) 
 CURVE ( )  GEOMETRIC_REPRESENTATION_ITEM ( )  RATIONAL_B_SPLINE_CURVE ( ( 1.000000000000000000, 0.9420231961853133829, 0.9420231961853133829, 1.000000000000000000 ) ) 
 REPRESENTATION_ITEM ( '' )  );
#2942 = DIRECTION ( 'NONE',  ( 1.000000000000000000, 0.000000000000000000, 0.000000000000000000 ) ) ;
#2943 = DIRECTION ( 'NONE',  ( -1.000000000000000000, 1.224646799147350002E-16, 7.498798913309289408E-33 ) ) ;
#2944 = DIRECTION ( 'NONE',  ( 1.084202172485505297E-16, -1.000000000000000000, 0.000000000000000000 ) ) ;
#2945 = CARTESIAN_POINT ( 'NONE',  ( -0.2222455575841049691, -0.9236696163049670227, 1.939123861493809775 ) ) ;
#2946 = B_SPLINE_CURVE_WITH_KNOTS ( 'NONE', 3,
 ( #700, #1642, #2427, #1442, #486, #22, #1422, #293, #542, #2878, #1693, #2162, #977, #2375, #1405, #1192, #255, #1927, #2395, #940, #768, #272, #2124, #2649, #1228, #1242, #961, #2414, #54, #992, #1948, #1475, #783, #1314, #2273, #148, #1025, #383, #1746, #1728, #325, #2013, #2711, #1524, #827, #2684, #816, #1056, #1764, #2259, #801, #1302, #2474, #1272 ),
 .UNSPECIFIED., .F., .F.,
 ( 4, 1, 1, 1, 1, 1, 1, 1, 1, 1, 1, 1, 1, 1, 1, 1, 1, 1, 1, 1, 1, 1, 1, 1, 1, 1, 1, 1, 1, 1, 1, 1, 1, 1, 1, 1, 1, 1, 1, 1, 1, 1, 1, 1, 1, 1, 1, 1, 1, 1, 1, 4 ),
 ( 0.000000000000000000, 0.01529378047763420116, 0.03063538910408020177, 0.04599595168944289880, 0.06139419975680879965, 0.07680818495858060535, 0.09223843531268610674, 0.1076820923463220059, 0.1231338511275979902, 0.1385863160903309799, 0.1540437026180929980, 0.1694944793140540085, 0.1849464680298409935, 0.2003987820174890078, 0.2158563609061920074, 0.2313239734464079822, 0.2467969208140859960, 0.2622695523423970165, 0.2777874339968709472, 0.2933470458774549705, 0.3089919961216670008, 0.3246775109056659891, 0.3458008322356589948, 0.3724072529908969975, 0.3991954177995730157, 0.4207563873764599838, 0.4370301868505999665, 0.4533220145080130159, 0.4786331696210760489, 0.5164860933979640301, 0.5705365355365580315, 0.6281323745083640109, 0.6821025161031980533, 0.7197075157562810022, 0.7445841559194770198, 0.7602721526471389879, 0.7758904093833689508, 0.7913038711195979902, 0.8065931464614529700, 0.8216944968016000050, 0.8367375944339979776, 0.8516731886246170502, 0.8665524274096939594, 0.8813971016655630653, 0.8962542117702990696, 0.9111347947028409777, 0.9260063378418350588, 0.9408619584495970800, 0.9556974599707550588, 0.9704896391094469665, 0.9852575665110500092, 0.9999984862996179613 ),
 .UNSPECIFIED. ) ;
#2947 = EDGE_CURVE ( 'NONE', #804, #818, #1680, .T. ) ;
#2948 = ADVANCED_FACE ( 'NONE', ( #2380 ), #259, .T. ) ;
#2949 = ADVANCED_FACE ( 'NONE', ( #1713 ), #2652, .F. ) ;
#2950 = CARTESIAN_POINT ( 'NONE',  ( 0.2000000000000000111, -0.9618416490252570394, 0.5587713240271470205 ) ) ;
#2951 = CARTESIAN_POINT ( 'NONE',  ( -0.5000000000000000000, -0.6244997998398399419, 2.549999999999999822 ) ) ;
#2952 = VERTEX_POINT ( 'NONE', #296 ) ;
#2953 = CIRCLE ( 'NONE', #707, 0.1499999999999999667 ) ;
#2954 = EDGE_CURVE ( 'NONE', #1557, #1572, #2363, .T. ) ;
#2955 = ORIENTED_EDGE ( 'NONE', *, *, #3077, .T. ) ;
#2956 = AXIS2_PLACEMENT_3D ( 'NONE', #2369, #1569, #1829 ) ;
#2957 = VERTEX_POINT ( 'NONE', #475 ) ;
#2958 = CARTESIAN_POINT ( 'NONE',  ( 0.6486201671013520631, -0.6941126328736489937, 2.593071469464690360 ) ) ;
#2959 = CARTESIAN_POINT ( 'NONE',  ( -0.6500584041905129729, -0.6927655159792159845, 2.550252326583409612 ) ) ;
#2960 = FACE_BOUND ( 'NONE', #909, .T. ) ;
#2961 = LINE ( 'NONE', #2678, #154 ) ;
#2962 = DIRECTION ( 'NONE',  ( 0.000000000000000000, 0.8660254037844388186, -0.4999999999999998335 ) ) ;
#2963 = CARTESIAN_POINT ( 'NONE',  ( 0.5000000000000000000, 0.6244997998398399419, 1.300000000000000044 ) ) ;
#2964 = ADVANCED_FACE ( 'NONE', ( #2182, #2146 ), #2616, .F. ) ;
#2965 = EDGE_CURVE ( 'NONE', #56, #1216, #2866, .T. ) ;
#2966 = AXIS2_PLACEMENT_3D ( 'NONE', #1045, #2221, #1529 ) ;
#2967 = CARTESIAN_POINT ( 'NONE',  ( 0.2000000000000000111, -1.236841649025260059, 0.08245735194570610882 ) ) ;
#2968 = PLANE ( 'NONE',  #2644 ) ;
#2969 = EDGE_LOOP ( 'NONE', ( #2727, #989, #996, #634 ) ) ;
#2970 = VERTEX_POINT ( 'NONE', #771 ) ;
#2971 = CARTESIAN_POINT ( 'NONE',  ( 0.6500049390867359556, -0.6928156921433979987, 2.543218923605170101 ) ) ;
#2972 = CARTESIAN_POINT ( 'NONE',  ( -0.6498602437404670251, -0.6929514711025420715, 2.566923013599830217 ) ) ;
#2973 = CARTESIAN_POINT ( 'NONE',  ( 0.2999999999999999889, -1.425000000000000044, 6.360821546043130513E-18 ) ) ;
#2974 = VECTOR ( 'NONE', #3046, 100.0000000000000000 ) ;
#2975 = DIRECTION ( 'NONE',  ( -1.000000000000000000, -6.245152236670769497E-17, -7.043567548384689865E-33 ) ) ;
#2976 = CARTESIAN_POINT ( 'NONE',  ( 0.2999999999999999889, -1.425000000000000044, 0.7000000000000000666 ) ) ;
#2977 = FACE_OUTER_BOUND ( 'NONE', #1258, .T. ) ;
#2978 = DIRECTION ( 'NONE',  ( 0.000000000000000000, 7.105427357600999541E-17, -1.000000000000000000 ) ) ;
#2979 = DIRECTION ( 'NONE',  ( 1.000000000000000000, 4.898587196589410857E-16, 2.249639673992789970E-32 ) ) ;
#2980 = ORIENTED_EDGE ( 'NONE', *, *, #2060, .F. ) ;
#2981 = VECTOR ( 'NONE', #3064, 100.0000000000000000 ) ;
#2982 = EDGE_LOOP ( 'NONE', ( #474, #257, #279, #875 ) ) ;
#2983 = EDGE_LOOP ( 'NONE', ( #2822, #1074 ) ) ;
#2984 = CARTESIAN_POINT ( 'NONE',  ( 0.6376111105162529658, -0.7042432354303909126, 2.676679924536060184 ) ) ;
#2985 =( NAMED_UNIT ( * ) PLANE_ANGLE_UNIT ( ) SI_UNIT ( $, .RADIAN. ) );
#2986 = DIRECTION ( 'NONE',  ( 6.842277657836019335E-49, 6.123233995736769734E-17, -1.000000000000000000 ) ) ;
#2987 = VECTOR ( 'NONE', #2829, 100.0000000000000000 ) ;
#2988 = CARTESIAN_POINT ( 'NONE',  ( -0.4457663207455470067, -0.6643096442274240010, 2.323411202595050185 ) ) ;
#2989 = LINE ( 'NONE', #394, #894 ) ;
#2990 = DIRECTION ( 'NONE',  ( 0.000000000000000000, 0.000000000000000000, -1.000000000000000000 ) ) ;
#2991 = CARTESIAN_POINT ( 'NONE',  ( 0.2999999999999999889, 1.425000000000000044, 0.8000000000000000444 ) ) ;
#2992 = VERTEX_POINT ( 'NONE', #1950 ) ;
#2993 = EDGE_CURVE ( 'NONE', #3070, #2898, #2037, .T. ) ;
#2994 = VERTEX_POINT ( 'NONE', #976 ) ;
#2995 = ADVANCED_FACE ( 'NONE', ( #271 ), #219, .T. ) ;
#2996 = ORIENTED_EDGE ( 'NONE', *, *, #411, .T. ) ;
#2997 = EDGE_LOOP ( 'NONE', ( #1817, #90, #860, #2513 ) ) ;
#2998 = LINE ( 'NONE', #2802, #2057 ) ;
#2999 = EDGE_CURVE ( 'NONE', #2081, #2668, #2895, .T. ) ;
#3000 = CARTESIAN_POINT ( 'NONE',  ( 0.05000000000000000278, 2.133282871356239951, 3.149999999999999911 ) ) ;
#3001 = CARTESIAN_POINT ( 'NONE',  ( 0.9216507001444267377, 3.749861841752178716E-16, 1.425000000000000266 ) ) ;
#3002 = DIRECTION ( 'NONE',  ( 6.467871029485159971E-17, -1.000000000000000000, 0.000000000000000000 ) ) ;
#3003 = CIRCLE ( 'NONE', #2956, 0.1499999999999999944 ) ;
#3004 = CARTESIAN_POINT ( 'NONE',  ( 0.2999999999999999889, 1.511841649025259970, 0.5587713240271470205 ) ) ;
#3005 = CARTESIAN_POINT ( 'NONE',  ( -0.6454461906831699958, 0.6970661118969349035, 2.472706751967280514 ) ) ;
#3006 = DIRECTION ( 'NONE',  ( 2.884444029575339562E-16, 0.8660254037844388186, 0.4999999999999999445 ) ) ;
#3007 = EDGE_LOOP ( 'NONE', ( #3029, #2318, #487, #2196 ) ) ;
#3008 = VERTEX_POINT ( 'NONE', #732 ) ;
#3009 = VERTEX_POINT ( 'NONE', #1157 ) ;
#3010 = ORIENTED_EDGE ( 'NONE', *, *, #2947, .T. ) ;
#3011 = DIRECTION ( 'NONE',  ( 0.6250000000000000000, 0.7806247497997998996, 0.000000000000000000 ) ) ;
#3012 = LINE ( 'NONE', #1047, #1147 ) ;
#3013 = CARTESIAN_POINT ( 'NONE',  ( -0.9499999999999999556, -1.236841649025260059, 0.4000000000000000222 ) ) ;
#3014 = FACE_OUTER_BOUND ( 'NONE', #2583, .T. ) ;
#3015 = VECTOR ( 'NONE', #1756, 100.0000000000000000 ) ;
#3016 = CARTESIAN_POINT ( 'NONE',  ( -0.5000000000000000000, 0.1499999999999999389, 1.700000000000000178 ) ) ;
#3017 = FACE_OUTER_BOUND ( 'NONE', #1354, .T. ) ;
#3018 = DIRECTION ( 'NONE',  ( 1.000000000000000000, 7.121240143874548712E-17, 0.000000000000000000 ) ) ;
#3019 = VERTEX_POINT ( 'NONE', #1674 ) ;
#3020 = ORIENTED_EDGE ( 'NONE', *, *, #529, .F. ) ;
#3021 = DIRECTION ( 'NONE',  ( -0.1927274845473619380, -0.4906261603043718389, -0.8497894371696056437 ) ) ;
#3022 = AXIS2_PLACEMENT_3D ( 'NONE', #1492, #1763, #2461 ) ;
#3023 = VECTOR ( 'NONE', #856, 100.0000000000000000 ) ;
#3024 = FACE_OUTER_BOUND ( 'NONE', #2969, .T. ) ;
#3025 = CARTESIAN_POINT ( 'NONE',  ( 0.2999999999999999889, 1.425000000000000044, 0.7000000000000000666 ) ) ;
#3026 = CARTESIAN_POINT ( 'NONE',  ( -0.2565515617244270019, -0.7577812684414129141, 2.120763888165289934 ) ) ;
#3027 = DIRECTION ( 'NONE',  ( 7.228014483236698281E-17, -1.000000000000000000, 0.000000000000000000 ) ) ;
#3028 = CARTESIAN_POINT ( 'NONE',  ( -0.6339018175682099576, -0.7075793140586569274, 2.693765384163639975 ) ) ;
#3029 = ORIENTED_EDGE ( 'NONE', *, *, #1240, .F. ) ;
#3030 = EDGE_CURVE ( 'NONE', #1075, #2030, #958, .T. ) ;
#3031 = EDGE_CURVE ( 'NONE', #454, #1896, #1484, .T. ) ;
#3032 = EDGE_CURVE ( 'NONE', #2376, #962, #2574, .T. ) ;
#3033 = CARTESIAN_POINT ( 'NONE',  ( -0.6383556728077000031, 0.7035675576811180054, 2.427186206668680235 ) ) ;
#3034 = DIRECTION ( 'NONE',  ( 0.000000000000000000, 1.734723475976807094E-15, -1.000000000000000000 ) ) ;
#3035 = VECTOR ( 'NONE', #777, 100.0000000000000000 ) ;
#3036 = VECTOR ( 'NONE', #2524, 100.0000000000000000 ) ;
#3037 = VERTEX_POINT ( 'NONE', #1658 ) ;
#3038 = ORIENTED_EDGE ( 'NONE', *, *, #2535, .F. ) ;
#3039 = EDGE_LOOP ( 'NONE', ( #2142, #1644, #429, #1877, #1599, #1368 ) ) ;
#3040 = EDGE_CURVE ( 'NONE', #2992, #206, #1236, .T. ) ;
#3041 = DIRECTION ( 'NONE',  ( -8.481262007470579401E-17, 1.000000000000000000, 3.392504802988229788E-16 ) ) ;
#3042 = CARTESIAN_POINT ( 'NONE',  ( 0.6339018181189020051, 0.7075793135653070109, 2.693765381735489850 ) ) ;
#3043 = CARTESIAN_POINT ( 'NONE',  ( 0.000000000000000000, 0.000000000000000000, 0.000000000000000000 ) ) ;
#3044 = CARTESIAN_POINT ( 'NONE',  ( -0.3377732755430419842, -0.7252356360936650370, 2.181223501641909923 ) ) ;
#3045 = CARTESIAN_POINT ( 'NONE',  ( -0.7500000000000000000, 0.1587713240271469983, 1.975000000000000089 ) ) ;
#3046 = DIRECTION ( 'NONE',  ( 0.000000000000000000, 0.8660254037844388186, 0.4999999999999998335 ) ) ;
#3047 = AXIS2_PLACEMENT_3D ( 'NONE', #47, #1206, #2694 ) ;
#3048 = EDGE_LOOP ( 'NONE', ( #1060, #3066 ) ) ;
#3049 = EDGE_CURVE ( 'NONE', #2180, #206, #749, .T. ) ;
#3050 = ADVANCED_FACE ( 'NONE', ( #485 ), #1909, .F. ) ;
#3051 = VECTOR ( 'NONE', #1466, 100.0000000000000000 ) ;
#3052 = DIRECTION ( 'NONE',  ( 0.000000000000000000, 6.123233995736769734E-17, -1.000000000000000000 ) ) ;
#3053 = ORIENTED_EDGE ( 'NONE', *, *, #1510, .F. ) ;
#3054 = ORIENTED_EDGE ( 'NONE', *, *, #1181, .F. ) ;
#3055 = CARTESIAN_POINT ( 'NONE',  ( -0.2999999999999999889, 0.9013878188659970592, 0.8000000000000000444 ) ) ;
#3056 = CARTESIAN_POINT ( 'NONE',  ( -0.7500000000000000000, -0.3175426480542939967, 1.700000000000000178 ) ) ;
#3057 = CARTESIAN_POINT ( 'NONE',  ( 0.3034371905745800180, -0.7402818486012289201, 2.152445481192629906 ) ) ;
#3058 = CARTESIAN_POINT ( 'NONE',  ( -0.2676948223290070428, -0.7539107214186270278, 2.127635610453189940 ) ) ;
#3059 = DIRECTION ( 'NONE',  ( 0.000000000000000000, 1.000000000000000000, 0.000000000000000000 ) ) ;
#3060 = DIRECTION ( 'NONE',  ( -1.000000000000000000, 2.587168065591389836E-16, 0.000000000000000000 ) ) ;
#3061 = EDGE_CURVE ( 'NONE', #274, #2497, #1441, .T. ) ;
#3062 = VERTEX_POINT ( 'NONE', #2580 ) ;
#3063 = DIRECTION ( 'NONE',  ( 1.368455531567199917E-48, -6.123233995736769734E-17, 1.000000000000000000 ) ) ;
#3064 = DIRECTION ( 'NONE',  ( 8.481262007470579401E-17, -1.000000000000000000, 0.000000000000000000 ) ) ;
#3065 = VERTEX_POINT ( 'NONE', #452 ) ;
#3066 = ORIENTED_EDGE ( 'NONE', *, *, #70, .F. ) ;
#3067 = ORIENTED_EDGE ( 'NONE', *, *, #196, .T. ) ;
#3068 = CARTESIAN_POINT ( 'NONE',  ( 0.2000000000000000111, 1.511841649025259970, 0.2412286759728530239 ) ) ;
#3069 = CARTESIAN_POINT ( 'NONE',  ( 0.7500000000000000000, 2.938533337317059938E-16, 1.700000000000000178 ) ) ;
#3070 = VERTEX_POINT ( 'NONE', #541 ) ;
#3071 = EDGE_CURVE ( 'NONE', #295, #1688, #2076, .T. ) ;
#3072 = CARTESIAN_POINT ( 'NONE',  ( -0.4214253460284769770, -0.6800153235439119204, 2.280832848589040118 ) ) ;
#3073 = AXIS2_PLACEMENT_3D ( 'NONE', #1054, #2241, #763 ) ;
#3074 = LINE ( 'NONE', #1313, #1962 ) ;
#3075 = DIRECTION ( 'NONE',  ( 0.000000000000000000, 0.000000000000000000, 1.000000000000000000 ) ) ;
#3076 = ORIENTED_EDGE ( 'NONE', *, *, #3061, .F. ) ;
#3077 = EDGE_CURVE ( 'NONE', #1688, #295, #1427, .T. ) ;
ENDSEC;
END-ISO-10303-21;
