ISO-10303-21;
HEADER;
FILE_DESCRIPTION (( 'STEP AP203' ),
    '1' );
FILE_NAME ('ZD550 Top board.STEP',
    '2026-06-08T00:26:31',
    ( '' ),
    ( '' ),
    'SwSTEP 2.0',
    'SolidWorks 2026',
    '' );
FILE_SCHEMA (( 'CONFIG_CONTROL_DESIGN' ));
ENDSEC;

DATA;
#1 = ORIENTED_EDGE ( 'NONE', *, *, #3909, .T. ) ;
#2 = ORIENTED_EDGE ( 'NONE', *, *, #948, .T. ) ;
#3 = FACE_OUTER_BOUND ( 'NONE', #1788, .T. ) ;
#4 = CARTESIAN_POINT ( 'NONE',  ( 70.14213562373043942, 0.6999999999999999556, 54.14213562373164024 ) ) ;
#5 = CARTESIAN_POINT ( 'NONE',  ( 0.000000000000000000, 0.6999999999999999556, 0.000000000000000000 ) ) ;
#6 = CARTESIAN_POINT ( 'NONE',  ( -19.09188309203669931, 0.6999999999999999556, -17.49188309203682934 ) ) ;
#7 = ADVANCED_FACE ( 'NONE', ( #8017 ), #379, .F. ) ;
#8 = ORIENTED_EDGE ( 'NONE', *, *, #7434, .T. ) ;
#9 = DIRECTION ( 'NONE',  ( 0.000000000000000000, 1.000000000000000000, -0.000000000000000000 ) ) ;
#10 = EDGE_LOOP ( 'NONE', ( #2175, #6048, #7423, #3332 ) ) ;
#11 = ORIENTED_EDGE ( 'NONE', *, *, #3288, .F. ) ;
#12 = AXIS2_PLACEMENT_3D ( 'NONE', #5863, #7193, #373 ) ;
#13 = CYLINDRICAL_SURFACE ( 'NONE', #6360, 1.600000000000018074 ) ;
#14 = ORIENTED_EDGE ( 'NONE', *, *, #7141, .T. ) ;
#15 = EDGE_CURVE ( 'NONE', #4871, #172, #6785, .T. ) ;
#16 = EDGE_CURVE ( 'NONE', #7360, #7146, #1791, .T. ) ;
#17 = DIRECTION ( 'NONE',  ( 0.000000000000000000, 0.000000000000000000, 1.000000000000000000 ) ) ;
#18 = VECTOR ( 'NONE', #7754, 1000.000000000000000 ) ;
#19 = ORIENTED_EDGE ( 'NONE', *, *, #121, .F. ) ;
#20 = EDGE_LOOP ( 'NONE', ( #880, #3662, #4506, #1295 ) ) ;
#21 = VECTOR ( 'NONE', #5232, 1000.000000000000000 ) ;
#22 = ORIENTED_EDGE ( 'NONE', *, *, #6350, .T. ) ;
#23 = FACE_OUTER_BOUND ( 'NONE', #5617, .T. ) ;
#24 = FACE_OUTER_BOUND ( 'NONE', #3646, .T. ) ;
#25 = FACE_OUTER_BOUND ( 'NONE', #7370, .T. ) ;
#26 = VERTEX_POINT ( 'NONE', #458 ) ;
#27 = DIRECTION ( 'NONE',  ( 0.000000000000000000, 1.000000000000000000, -0.000000000000000000 ) ) ;
#28 = EDGE_CURVE ( 'NONE', #3245, #7379, #3507, .T. ) ;
#29 = FACE_BOUND ( 'NONE', #3463, .T. ) ;
#30 = VERTEX_POINT ( 'NONE', #3041 ) ;
#31 = CARTESIAN_POINT ( 'NONE',  ( 65.00000000000000000, 2.100000000000000089, -65.00000000000000000 ) ) ;
#32 = ORIENTED_EDGE ( 'NONE', *, *, #5101, .T. ) ;
#33 = AXIS2_PLACEMENT_3D ( 'NONE', #5537, #1798, #7944 ) ;
#34 = CIRCLE ( 'NONE', #7942, 1.600000000000035394 ) ;
#35 = CIRCLE ( 'NONE', #678, 1.600000000000004086 ) ;
#36 = EDGE_CURVE ( 'NONE', #4714, #7345, #2385, .T. ) ;
#37 = VECTOR ( 'NONE', #5323, 1000.000000000000000 ) ;
#38 = LINE ( 'NONE', #5674, #5285 ) ;
#39 = ORIENTED_EDGE ( 'NONE', *, *, #7561, .T. ) ;
#40 = CC_DESIGN_APPROVAL ( #1775, ( #2486 ) ) ;
#41 = CARTESIAN_POINT ( 'NONE',  ( 6.499940658237091107, 0.6999999999999999556, -9.583940337943474219 ) ) ;
#42 = LINE ( 'NONE', #2535, #2905 ) ;
#43 = CARTESIAN_POINT ( 'NONE',  ( 32.11953467482550195, 2.100000000000000089, -44.32613639262380900 ) ) ;
#44 = CARTESIAN_POINT ( 'NONE',  ( -28.93755415948609766, 0.6999999999999999556, 27.33755415948608203 ) ) ;
#45 = ORIENTED_EDGE ( 'NONE', *, *, #5789, .F. ) ;
#46 = ADVANCED_FACE ( 'NONE', ( #2424 ), #1709, .F. ) ;
#47 = ADVANCED_FACE ( 'NONE', ( #2920, #7399, #4317, #2876, #6117, #6827, #7362, #4194, #5450, #7978, #6866, #5405, #1626, #2962, #4859, #3491, #4237, #1099, #6699, #6158, #3000, #7935, #495, #531, #3653, #5528, #8057, #4902, #2258, #4940, #7478, #6032, #4779, #7319, #1018, #3533, #6073, #129, #728, #2623, #7567, #7681, #613, #4359, #5143, #1994, #4520, #1952, #5106, #5648, #652, #7643, #1257, #1292, #4481, #1176, #2460, #4982, #7604, #88, #7026, #1913, #1336, #7519 ), #5690, .F. ) ;
#48 = CARTESIAN_POINT ( 'NONE',  ( 1.131370849898005293, 2.100000000000000089, -1.131370849897981312 ) ) ;
#49 = CARTESIAN_POINT ( 'NONE',  ( 31.00000000000000000, 2.100000000000000089, 56.50000000000000000 ) ) ;
#50 = CARTESIAN_POINT ( 'NONE',  ( -30.06892500938459989, 0.6999999999999999556, 27.80618330958764517 ) ) ;
#51 = CARTESIAN_POINT ( 'NONE',  ( 11.50000000000000000, 0.6999999999999999556, 0.8660254037844367092 ) ) ;
#52 = EDGE_LOOP ( 'NONE', ( #4922, #7569, #1379, #1884, #298, #5037, #5670 ) ) ;
#53 = FACE_OUTER_BOUND ( 'NONE', #3411, .T. ) ;
#54 = ORIENTED_EDGE ( 'NONE', *, *, #2799, .T. ) ;
#55 = VERTEX_POINT ( 'NONE', #3818 ) ;
#56 = AXIS2_PLACEMENT_3D ( 'NONE', #3656, #6870, #6119 ) ;
#57 = EDGE_CURVE ( 'NONE', #3367, #2468, #4445, .T. ) ;
#58 = CARTESIAN_POINT ( 'NONE',  ( -55.50000000000000000, 2.100000000000000089, 55.50000000000000000 ) ) ;
#59 = VERTEX_POINT ( 'NONE', #1829 ) ;
#60 = LINE ( 'NONE', #622, #4150 ) ;
#61 = EDGE_LOOP ( 'NONE', ( #7464, #6141, #6125, #2807 ) ) ;
#62 = EDGE_CURVE ( 'NONE', #993, #6652, #6315, .T. ) ;
#63 = ORIENTED_EDGE ( 'NONE', *, *, #1151, .F. ) ;
#64 = VECTOR ( 'NONE', #970, 1000.000000000000000 ) ;
#65 = DIRECTION ( 'NONE',  ( 0.000000000000000000, 0.000000000000000000, 1.000000000000000000 ) ) ;
#66 = CARTESIAN_POINT ( 'NONE',  ( -70.14213562373100785, 2.100000000000000089, 54.14213562373100785 ) ) ;
#67 = ORIENTED_EDGE ( 'NONE', *, *, #1207, .T. ) ;
#68 = DIRECTION ( 'NONE',  ( 0.8660254037844387076, 0.000000000000000000, 0.4999999999999999445 ) ) ;
#69 = CARTESIAN_POINT ( 'NONE',  ( 54.14213562373090127, 2.100000000000000089, -68.54213562373099933 ) ) ;
#70 = EDGE_LOOP ( 'NONE', ( #895, #7338, #6262, #2875 ) ) ;
#71 = DIRECTION ( 'NONE',  ( 0.000000000000000000, 0.000000000000000000, 1.000000000000000000 ) ) ;
#72 = EDGE_LOOP ( 'NONE', ( #5514, #5221, #4773, #5362 ) ) ;
#73 = CARTESIAN_POINT ( 'NONE',  ( -52.46446609406718409, 0.6999999999999999556, -38.06446609406751236 ) ) ;
#74 = CIRCLE ( 'NONE', #5476, 1.600000000000000755 ) ;
#75 = VECTOR ( 'NONE', #3385, 1000.000000000000114 ) ;
#76 = EDGE_CURVE ( 'NONE', #4112, #7437, #4399, .T. ) ;
#77 = DIRECTION ( 'NONE',  ( 0.000000000000000000, 1.000000000000000000, -0.000000000000000000 ) ) ;
#78 = VERTEX_POINT ( 'NONE', #50 ) ;
#79 = DIRECTION ( 'NONE',  ( 0.000000000000000000, 0.000000000000000000, -1.000000000000000000 ) ) ;
#80 = FACE_OUTER_BOUND ( 'NONE', #3399, .T. ) ;
#81 = DIRECTION ( 'NONE',  ( 0.000000000000000000, 0.000000000000000000, -1.000000000000000000 ) ) ;
#82 = CYLINDRICAL_SURFACE ( 'NONE', #7600, 1.600000000000000755 ) ;
#83 = AXIS2_PLACEMENT_3D ( 'NONE', #1487, #886, #5180 ) ;
#84 = CYLINDRICAL_SURFACE ( 'NONE', #936, 1.599999999999997202 ) ;
#85 = ORIENTED_EDGE ( 'NONE', *, *, #6917, .T. ) ;
#86 = CARTESIAN_POINT ( 'NONE',  ( 38.55420638362294738, 0.6999999999999999556, 38.55420638362329555 ) ) ;
#87 = DIRECTION ( 'NONE',  ( 0.000000000000000000, 1.000000000000000000, -0.000000000000000000 ) ) ;
#88 = FACE_BOUND ( 'NONE', #6234, .T. ) ;
#89 = FACE_OUTER_BOUND ( 'NONE', #6586, .T. ) ;
#90 = ORIENTED_EDGE ( 'NONE', *, *, #624, .F. ) ;
#91 = CARTESIAN_POINT ( 'NONE',  ( -1.131370849898249764, 0.6999999999999999556, 1.131370849898236886 ) ) ;
#92 = EDGE_CURVE ( 'NONE', #3370, #901, #6988, .T. ) ;
#93 = VECTOR ( 'NONE', #5375, 1000.000000000000000 ) ;
#94 = EDGE_CURVE ( 'NONE', #6750, #1865, #5729, .T. ) ;
#95 = ORIENTED_EDGE ( 'NONE', *, *, #4578, .T. ) ;
#96 = AXIS2_PLACEMENT_3D ( 'NONE', #4816, #2298, #1542 ) ;
#97 = ORIENTED_EDGE ( 'NONE', *, *, #1052, .T. ) ;
#98 = AXIS2_PLACEMENT_3D ( 'NONE', #2798, #4198, #6744 ) ;
#99 = FACE_OUTER_BOUND ( 'NONE', #820, .T. ) ;
#100 = ORIENTED_EDGE ( 'NONE', *, *, #2809, .F. ) ;
#101 = AXIS2_PLACEMENT_3D ( 'NONE', #2032, #7108, #1410 ) ;
#102 = DIRECTION ( 'NONE',  ( 0.000000000000000000, 0.000000000000000000, -1.000000000000000000 ) ) ;
#103 = VECTOR ( 'NONE', #233, 1000.000000000000000 ) ;
#104 = EDGE_CURVE ( 'NONE', #908, #1112, #8011, .T. ) ;
#105 = EDGE_LOOP ( 'NONE', ( #5358, #7114, #3685, #2338 ) ) ;
#106 = CYLINDRICAL_SURFACE ( 'NONE', #7022, 1.600000000000004086 ) ;
#107 = DIRECTION ( 'NONE',  ( 0.000000000000000000, 1.000000000000000000, -0.000000000000000000 ) ) ;
#108 = DIRECTION ( 'NONE',  ( 0.000000000000000000, 0.000000000000000000, 1.000000000000000000 ) ) ;
#109 = CARTESIAN_POINT ( 'NONE',  ( -12.00000000000000000, 2.100000000000000089, 1.497325865122354073E-15 ) ) ;
#110 = CARTESIAN_POINT ( 'NONE',  ( 1.540743955509788682E-30, 0.6999999999999999556, 33.90000000000001990 ) ) ;
#111 = ORIENTED_EDGE ( 'NONE', *, *, #3078, .F. ) ;
#112 = DIRECTION ( 'NONE',  ( 0.000000000000000000, 0.000000000000000000, 1.000000000000000000 ) ) ;
#113 = ADVANCED_FACE ( 'NONE', ( #8142 ), #6911, .F. ) ;
#114 = CARTESIAN_POINT ( 'NONE',  ( 31.00000000000000000, 0.6999999999999999556, -65.50000000000000000 ) ) ;
#115 = ORIENTED_EDGE ( 'NONE', *, *, #4143, .T. ) ;
#116 = CYLINDRICAL_SURFACE ( 'NONE', #4860, 1.600000000000000755 ) ;
#117 = CARTESIAN_POINT ( 'NONE',  ( 4.999999999999994671, 2.100000000000000089, 23.75000000000000000 ) ) ;
#118 = LINE ( 'NONE', #1985, #2566 ) ;
#119 = ORIENTED_EDGE ( 'NONE', *, *, #2995, .T. ) ;
#120 = FACE_OUTER_BOUND ( 'NONE', #2926, .T. ) ;
#121 = EDGE_CURVE ( 'NONE', #5485, #1173, #6276, .T. ) ;
#122 = ADVANCED_FACE ( 'NONE', ( #3778 ), #3161, .F. ) ;
#123 = DIRECTION ( 'NONE',  ( 0.000000000000000000, 0.000000000000000000, -1.000000000000000000 ) ) ;
#124 = ORIENTED_EDGE ( 'NONE', *, *, #7435, .F. ) ;
#125 = AXIS2_PLACEMENT_3D ( 'NONE', #3857, #6865, #1790 ) ;
#126 = DIRECTION ( 'NONE',  ( -0.000000000000000000, -1.000000000000000000, -0.000000000000000000 ) ) ;
#127 = CYLINDRICAL_SURFACE ( 'NONE', #1670, 1.600000000000035394 ) ;
#128 = ORIENTED_EDGE ( 'NONE', *, *, #3606, .F. ) ;
#129 = FACE_BOUND ( 'NONE', #5050, .T. ) ;
#130 = DIRECTION ( 'NONE',  ( 0.000000000000000000, 0.000000000000000000, -1.000000000000000000 ) ) ;
#131 = ORIENTED_EDGE ( 'NONE', *, *, #3089, .T. ) ;
#132 = LINE ( 'NONE', #7684, #1478 ) ;
#133 = ORIENTED_EDGE ( 'NONE', *, *, #4386, .F. ) ;
#134 = VERTEX_POINT ( 'NONE', #6478 ) ;
#135 = VECTOR ( 'NONE', #5305, 1000.000000000000000 ) ;
#136 = EDGE_CURVE ( 'NONE', #3901, #7971, #3937, .T. ) ;
#137 = DIRECTION ( 'NONE',  ( 0.000000000000000000, 1.000000000000000000, -0.000000000000000000 ) ) ;
#138 = VERTEX_POINT ( 'NONE', #815 ) ;
#139 = LINE ( 'NONE', #4576, #3885 ) ;
#140 = EDGE_CURVE ( 'NONE', #146, #3473, #7921, .T. ) ;
#141 = CARTESIAN_POINT ( 'NONE',  ( -14.19448966059528594, 2.100000000000000089, 18.80936831356895311 ) ) ;
#142 = PLANE ( 'NONE',  #5944 ) ;
#143 = AXIS2_PLACEMENT_3D ( 'NONE', #5493, #6159, #6074 ) ;
#144 = FACE_OUTER_BOUND ( 'NONE', #105, .T. ) ;
#145 = DIRECTION ( 'NONE',  ( 1.000000000000000000, 0.000000000000000000, 0.000000000000000000 ) ) ;
#146 = VERTEX_POINT ( 'NONE', #5860 ) ;
#147 = DIRECTION ( 'NONE',  ( 0.000000000000000000, 1.000000000000000000, -0.000000000000000000 ) ) ;
#148 = ORIENTED_EDGE ( 'NONE', *, *, #6311, .T. ) ;
#149 = FACE_OUTER_BOUND ( 'NONE', #510, .T. ) ;
#150 = CIRCLE ( 'NONE', #5814, 1.600000000000000755 ) ;
#151 = ORIENTED_EDGE ( 'NONE', *, *, #5477, .T. ) ;
#152 = EDGE_CURVE ( 'NONE', #4485, #3827, #1495, .T. ) ;
#153 = DIRECTION ( 'NONE',  ( 0.000000000000000000, 1.000000000000000000, -0.000000000000000000 ) ) ;
#154 = DIRECTION ( 'NONE',  ( -0.000000000000000000, -1.000000000000000000, -0.000000000000000000 ) ) ;
#155 = ORIENTED_EDGE ( 'NONE', *, *, #4811, .T. ) ;
#156 = DIRECTION ( 'NONE',  ( -0.000000000000000000, -1.000000000000000000, -0.000000000000000000 ) ) ;
#157 = DIRECTION ( 'NONE',  ( 0.000000000000000000, 1.000000000000000000, -0.000000000000000000 ) ) ;
#158 = FACE_OUTER_BOUND ( 'NONE', #6920, .T. ) ;
#159 = VERTEX_POINT ( 'NONE', #3324 ) ;
#160 = VECTOR ( 'NONE', #5818, 1000.000000000000114 ) ;
#161 = DIRECTION ( 'NONE',  ( 0.7071067811865456854, -0.000000000000000000, 0.7071067811865493491 ) ) ;
#162 = CARTESIAN_POINT ( 'NONE',  ( 47.03948775786169989, 0.6999999999999999556, -44.77674605806474517 ) ) ;
#163 = CARTESIAN_POINT ( 'NONE',  ( -12.50000000000000000, 2.100000000000000089, -28.50000000000001066 ) ) ;
#164 = CIRCLE ( 'NONE', #7420, 2.000000000000011990 ) ;
#165 = EDGE_CURVE ( 'NONE', #2021, #59, #6739, .T. ) ;
#166 = VECTOR ( 'NONE', #4130, 1000.000000000000000 ) ;
#167 = LINE ( 'NONE', #7679, #367 ) ;
#168 = DIRECTION ( 'NONE',  ( 0.000000000000000000, 1.000000000000000000, -0.000000000000000000 ) ) ;
#169 = VERTEX_POINT ( 'NONE', #5231 ) ;
#170 = DIRECTION ( 'NONE',  ( -1.000000000000000000, 0.000000000000000000, 0.000000000000000000 ) ) ;
#171 = CARTESIAN_POINT ( 'NONE',  ( 16.48560856174882971, 2.100000000000000089, -15.34825612741715339 ) ) ;
#172 = VERTEX_POINT ( 'NONE', #2668 ) ;
#173 = DIRECTION ( 'NONE',  ( -0.000000000000000000, -1.000000000000000000, -0.000000000000000000 ) ) ;
#174 = CIRCLE ( 'NONE', #7030, 9.000000000000001776 ) ;
#175 = CIRCLE ( 'NONE', #3831, 1.000000000000000888 ) ;
#176 = VERTEX_POINT ( 'NONE', #2827 ) ;
#177 = EDGE_LOOP ( 'NONE', ( #347, #6072 ) ) ;
#178 = ADVANCED_FACE ( 'NONE', ( #4063 ), #6600, .F. ) ;
#179 = LINE ( 'NONE', #2676, #430 ) ;
#180 = VERTEX_POINT ( 'NONE', #2080 ) ;
#181 = AXIS2_PLACEMENT_3D ( 'NONE', #1571, #2702, #7755 ) ;
#182 = DIRECTION ( 'NONE',  ( 0.000000000000000000, 0.000000000000000000, 1.000000000000000000 ) ) ;
#183 = DIRECTION ( 'NONE',  ( 0.000000000000000000, 1.000000000000000000, -0.000000000000000000 ) ) ;
#184 = CYLINDRICAL_SURFACE ( 'NONE', #5008, 1.599999999999997202 ) ;
#185 = LINE ( 'NONE', #5083, #7920 ) ;
#186 = DIRECTION ( 'NONE',  ( -0.000000000000000000, -1.000000000000000000, -0.000000000000000000 ) ) ;
#187 = ORIENTED_EDGE ( 'NONE', *, *, #6469, .F. ) ;
#188 = CARTESIAN_POINT ( 'NONE',  ( 50.50000000000000000, 2.100000000000000089, -25.50000000000000000 ) ) ;
#189 = ORIENTED_EDGE ( 'NONE', *, *, #3625, .T. ) ;
#190 = DIRECTION ( 'NONE',  ( 0.000000000000000000, 1.000000000000000000, -0.000000000000000000 ) ) ;
#191 = ADVANCED_FACE ( 'NONE', ( #1536 ), #5980, .F. ) ;
#192 = EDGE_CURVE ( 'NONE', #5646, #2552, #782, .T. ) ;
#193 = VERTEX_POINT ( 'NONE', #3360 ) ;
#194 = CARTESIAN_POINT ( 'NONE',  ( 36.46446609406768147, 2.100000000000000089, -50.86446609406706898 ) ) ;
#195 = EDGE_LOOP ( 'NONE', ( #875, #1375, #6826, #8110 ) ) ;
#196 = CARTESIAN_POINT ( 'NONE',  ( 65.00000000000000000, 2.100000000000000089, 65.00000000000000000 ) ) ;
#197 = PLANE ( 'NONE',  #7172 ) ;
#198 = CARTESIAN_POINT ( 'NONE',  ( -30.98816382492704946, 0.6999999999999999556, -41.59476554272524140 ) ) ;
#199 = ORIENTED_EDGE ( 'NONE', *, *, #2297, .F. ) ;
#200 = DIRECTION ( 'NONE',  ( 0.000000000000000000, 1.000000000000000000, -0.000000000000000000 ) ) ;
#201 = VECTOR ( 'NONE', #4869, 1000.000000000000000 ) ;
#202 = DIRECTION ( 'NONE',  ( 0.000000000000000000, 0.000000000000000000, 1.000000000000000000 ) ) ;
#203 = EDGE_CURVE ( 'NONE', #2399, #774, #4024, .T. ) ;
#204 = LINE ( 'NONE', #2705, #5496 ) ;
#205 = DIRECTION ( 'NONE',  ( 0.000000000000000000, 0.000000000000000000, 1.000000000000000000 ) ) ;
#206 = DIRECTION ( 'NONE',  ( 0.7982148603926224606, 0.000000000000000000, 0.6023728385712507905 ) ) ;
#207 = VERTEX_POINT ( 'NONE', #5817 ) ;
#208 = CARTESIAN_POINT ( 'NONE',  ( -4.999999999999999112, 0.6999999999999999556, -10.44999999999999929 ) ) ;
#209 = CARTESIAN_POINT ( 'NONE',  ( 1.131370849898491571, 0.6999999999999999556, 1.131370849898491127 ) ) ;
#210 = EDGE_CURVE ( 'NONE', #3060, #1455, #1137, .T. ) ;
#211 = EDGE_LOOP ( 'NONE', ( #3242, #775, #4604, #6622 ) ) ;
#212 = AXIS2_PLACEMENT_3D ( 'NONE', #3102, #2528, #5005 ) ;
#213 = ORIENTED_EDGE ( 'NONE', *, *, #4454, .T. ) ;
#214 = CARTESIAN_POINT ( 'NONE',  ( 31.00000000000000000, 0.6999999999999999556, -56.50000000000000000 ) ) ;
#215 = DIRECTION ( 'NONE',  ( -1.000000000000000000, 0.000000000000000000, 0.000000000000000000 ) ) ;
#216 = VERTEX_POINT ( 'NONE', #7230 ) ;
#217 = EDGE_LOOP ( 'NONE', ( #7815, #1234, #4170, #3584 ) ) ;
#218 = VECTOR ( 'NONE', #5915, 1000.000000000000000 ) ;
#219 = VECTOR ( 'NONE', #3632, 1000.000000000000000 ) ;
#220 = DIRECTION ( 'NONE',  ( 0.000000000000000000, 0.000000000000000000, 1.000000000000000000 ) ) ;
#221 = EDGE_CURVE ( 'NONE', #3973, #410, #5938, .T. ) ;
#222 = EDGE_CURVE ( 'NONE', #3854, #5500, #8055, .T. ) ;
#223 = ORIENTED_EDGE ( 'NONE', *, *, #8067, .F. ) ;
#224 = DIRECTION ( 'NONE',  ( -0.7071067811865477948, 0.000000000000000000, 0.7071067811865473507 ) ) ;
#225 = DIRECTION ( 'NONE',  ( -0.000000000000000000, -1.000000000000000000, -0.000000000000000000 ) ) ;
#226 = DIRECTION ( 'NONE',  ( -0.000000000000000000, -1.000000000000000000, -0.000000000000000000 ) ) ;
#227 = AXIS2_PLACEMENT_3D ( 'NONE', #4651, #6019, #2825 ) ;
#228 = AXIS2_PLACEMENT_3D ( 'NONE', #3222, #7045, #5838 ) ;
#229 = PLANE ( 'NONE',  #4557 ) ;
#230 = VERTEX_POINT ( 'NONE', #6563 ) ;
#231 = DIRECTION ( 'NONE',  ( 0.000000000000000000, 1.000000000000000000, -0.000000000000000000 ) ) ;
#232 = ORIENTED_EDGE ( 'NONE', *, *, #6134, .F. ) ;
#233 = DIRECTION ( 'NONE',  ( -1.000000000000000000, 0.000000000000000000, 0.000000000000000000 ) ) ;
#234 = CIRCLE ( 'NONE', #1651, 1.000000000000005995 ) ;
#235 = ORIENTED_EDGE ( 'NONE', *, *, #1245, .T. ) ;
#236 = LINE ( 'NONE', #6427, #3477 ) ;
#237 = ORIENTED_EDGE ( 'NONE', *, *, #4877, .F. ) ;
#238 = EDGE_CURVE ( 'NONE', #7521, #1853, #4566, .T. ) ;
#239 = PLANE ( 'NONE',  #773 ) ;
#240 = LINE ( 'NONE', #1446, #2531 ) ;
#241 = DIRECTION ( 'NONE',  ( 1.000000000000000000, 0.000000000000000000, -0.000000000000000000 ) ) ;
#242 = EDGE_LOOP ( 'NONE', ( #97, #6112, #2519, #385 ) ) ;
#243 = LINE ( 'NONE', #5891, #4225 ) ;
#244 = DIRECTION ( 'NONE',  ( 0.000000000000000000, 1.000000000000000000, -0.000000000000000000 ) ) ;
#245 = CARTESIAN_POINT ( 'NONE',  ( 1.540743955509788682E-30, 2.100000000000000089, 33.90000000000001990 ) ) ;
#246 = EDGE_CURVE ( 'NONE', #4647, #5923, #7268, .T. ) ;
#247 = FACE_OUTER_BOUND ( 'NONE', #4926, .T. ) ;
#248 = DIRECTION ( 'NONE',  ( 0.000000000000000000, 1.000000000000000000, -0.000000000000000000 ) ) ;
#249 = DIRECTION ( 'NONE',  ( 0.000000000000000000, 0.000000000000000000, -1.000000000000000000 ) ) ;
#250 = DIRECTION ( 'NONE',  ( -0.7071067811865473507, 0.000000000000000000, 0.7071067811865477948 ) ) ;
#251 = AXIS2_PLACEMENT_3D ( 'NONE', #3322, #7229, #5313 ) ;
#252 = EDGE_LOOP ( 'NONE', ( #2510, #3842, #6796, #5663 ) ) ;
#253 = ORIENTED_EDGE ( 'NONE', *, *, #7019, .F. ) ;
#254 = DIRECTION ( 'NONE',  ( -0.000000000000000000, -1.000000000000000000, -0.000000000000000000 ) ) ;
#255 = EDGE_CURVE ( 'NONE', #410, #3973, #7525, .T. ) ;
#256 = LINE ( 'NONE', #2755, #7549 ) ;
#257 = ORIENTED_EDGE ( 'NONE', *, *, #7260, .T. ) ;
#258 = ORIENTED_EDGE ( 'NONE', *, *, #1802, .T. ) ;
#259 = DIRECTION ( 'NONE',  ( -0.000000000000000000, -1.000000000000000000, 0.000000000000000000 ) ) ;
#260 = CIRCLE ( 'NONE', #7904, 1.600000000000018074 ) ;
#261 = EDGE_CURVE ( 'NONE', #7531, #1601, #6461, .T. ) ;
#262 = DIRECTION ( 'NONE',  ( -0.7071067811865473507, 0.000000000000000000, 0.7071067811865477948 ) ) ;
#263 = EDGE_CURVE ( 'NONE', #8123, #7764, #3680, .T. ) ;
#264 = DIRECTION ( 'NONE',  ( 0.000000000000000000, 1.000000000000000000, -0.000000000000000000 ) ) ;
#265 = VERTEX_POINT ( 'NONE', #3327 ) ;
#266 = DIRECTION ( 'NONE',  ( 0.6023728385712507905, 0.000000000000000000, -0.7982148603926225716 ) ) ;
#267 = VERTEX_POINT ( 'NONE', #6023 ) ;
#268 = FACE_OUTER_BOUND ( 'NONE', #3206, .T. ) ;
#269 = ORIENTED_EDGE ( 'NONE', *, *, #5101, .F. ) ;
#270 = ORIENTED_EDGE ( 'NONE', *, *, #6959, .T. ) ;
#271 = EDGE_CURVE ( 'NONE', #2929, #5072, #7887, .T. ) ;
#272 = LINE ( 'NONE', #7134, #4933 ) ;
#273 = ORIENTED_EDGE ( 'NONE', *, *, #4969, .T. ) ;
#274 = LINE ( 'NONE', #5849, #4594 ) ;
#275 = FACE_OUTER_BOUND ( 'NONE', #4966, .T. ) ;
#276 = CYLINDRICAL_SURFACE ( 'NONE', #5225, 1.600000000000000755 ) ;
#277 = ORIENTED_EDGE ( 'NONE', *, *, #4209, .F. ) ;
#278 = DIRECTION ( 'NONE',  ( 0.000000000000000000, 1.000000000000000000, -0.000000000000000000 ) ) ;
#279 = CARTESIAN_POINT ( 'NONE',  ( -40.95836943965729660, 2.100000000000000089, 39.35836943965738755 ) ) ;
#280 = AXIS2_PLACEMENT_3D ( 'NONE', #2937, #471, #5509 ) ;
#281 = AXIS2_PLACEMENT_3D ( 'NONE', #3268, #5798, #6460 ) ;
#282 = CARTESIAN_POINT ( 'NONE',  ( 56.50000000000000000, 2.100000000000000089, 31.00000000000000000 ) ) ;
#283 = LINE ( 'NONE', #4767, #6692 ) ;
#284 = CARTESIAN_POINT ( 'NONE',  ( 1.131370849898445385, 0.6999999999999999556, 1.131370849898443831 ) ) ;
#285 = ORIENTED_EDGE ( 'NONE', *, *, #5371, .F. ) ;
#286 = DIRECTION ( 'NONE',  ( 0.000000000000000000, 1.000000000000000000, -0.000000000000000000 ) ) ;
#287 = CARTESIAN_POINT ( 'NONE',  ( -39.82699858975890095, 2.100000000000000089, 42.08974028955584856 ) ) ;
#288 = DIRECTION ( 'NONE',  ( 0.7071067811865473507, 0.000000000000000000, -0.7071067811865477948 ) ) ;
#289 = CIRCLE ( 'NONE', #2511, 1.599999999999997202 ) ;
#290 = ORIENTED_EDGE ( 'NONE', *, *, #6339, .F. ) ;
#291 = EDGE_CURVE ( 'NONE', #1476, #5397, #3026, .T. ) ;
#292 = EDGE_CURVE ( 'NONE', #169, #4834, #4078, .T. ) ;
#293 = AXIS2_PLACEMENT_3D ( 'NONE', #2401, #6673, #996 ) ;
#294 = ORIENTED_EDGE ( 'NONE', *, *, #4247, .T. ) ;
#295 = DIRECTION ( 'NONE',  ( 0.000000000000000000, 1.000000000000000000, -0.000000000000000000 ) ) ;
#296 = DIRECTION ( 'NONE',  ( 0.000000000000000000, 0.000000000000000000, 1.000000000000000000 ) ) ;
#297 = ORIENTED_EDGE ( 'NONE', *, *, #2674, .T. ) ;
#298 = ORIENTED_EDGE ( 'NONE', *, *, #1172, .T. ) ;
#299 = AXIS2_PLACEMENT_3D ( 'NONE', #2334, #4226, #4851 ) ;
#300 = CC_DESIGN_SECURITY_CLASSIFICATION ( #6493, ( #6629 ) ) ;
#301 = CARTESIAN_POINT ( 'NONE',  ( -5.999999999999996447, 2.100000000000000089, 10.44999999999999929 ) ) ;
#302 = EDGE_CURVE ( 'NONE', #1689, #6656, #3543, .T. ) ;
#303 = AXIS2_PLACEMENT_3D ( 'NONE', #6445, #4528, #5823 ) ;
#304 = VECTOR ( 'NONE', #2782, 1000.000000000000000 ) ;
#305 = PLANE ( 'NONE',  #5019 ) ;
#306 = APPROVAL_ROLE ( '' ) ;
#307 = CARTESIAN_POINT ( 'NONE',  ( -31.00000000000000000, 0.6999999999999999556, -65.50000000000000000 ) ) ;
#308 = ORIENTED_EDGE ( 'NONE', *, *, #6046, .T. ) ;
#309 = PLANE ( 'NONE',  #4145 ) ;
#310 = AXIS2_PLACEMENT_3D ( 'NONE', #318, #962, #6637 ) ;
#311 = VERTEX_POINT ( 'NONE', #7804 ) ;
#312 = DIRECTION ( 'NONE',  ( 0.000000000000000000, 1.000000000000000000, -0.000000000000000000 ) ) ;
#313 = EDGE_CURVE ( 'NONE', #1395, #5935, #4608, .T. ) ;
#314 = VERTEX_POINT ( 'NONE', #208 ) ;
#315 = CARTESIAN_POINT ( 'NONE',  ( 47.03948775786169989, 2.100000000000000089, 44.77674605806473807 ) ) ;
#316 = ORIENTED_EDGE ( 'NONE', *, *, #4508, .F. ) ;
#317 = LINE ( 'NONE', #2196, #1953 ) ;
#318 = CARTESIAN_POINT ( 'NONE',  ( 22.62741699796950101, 2.100000000000000089, -22.62741699796950101 ) ) ;
#319 = LINE ( 'NONE', #4842, #2038 ) ;
#320 = ORIENTED_EDGE ( 'NONE', *, *, #3751, .F. ) ;
#321 = DIRECTION ( 'NONE',  ( -0.000000000000000000, -1.000000000000000000, 0.000000000000000000 ) ) ;
#322 = DIRECTION ( 'NONE',  ( 0.000000000000000000, 0.000000000000000000, -1.000000000000000000 ) ) ;
#323 = EDGE_CURVE ( 'NONE', #7764, #7035, #2040, .T. ) ;
#324 = AXIS2_PLACEMENT_3D ( 'NONE', #2452, #1862, #6347 ) ;
#325 = CARTESIAN_POINT ( 'NONE',  ( -55.50000000000000000, 2.100000000000000089, -46.50000000000000000 ) ) ;
#326 = DIRECTION ( 'NONE',  ( 0.000000000000000000, 0.000000000000000000, -1.000000000000000000 ) ) ;
#327 = CARTESIAN_POINT ( 'NONE',  ( 54.14213562373090127, 2.100000000000000089, -70.14213562373100785 ) ) ;
#328 = DIRECTION ( 'NONE',  ( 0.000000000000000000, 1.000000000000000000, -0.000000000000000000 ) ) ;
#329 = ORIENTED_EDGE ( 'NONE', *, *, #8041, .T. ) ;
#330 = DIRECTION ( 'NONE',  ( 0.000000000000000000, 0.000000000000000000, 1.000000000000000000 ) ) ;
#331 = EDGE_LOOP ( 'NONE', ( #7786, #3455, #5657, #7774 ) ) ;
#332 = ORIENTED_EDGE ( 'NONE', *, *, #5951, .F. ) ;
#333 = AXIS2_PLACEMENT_3D ( 'NONE', #5968, #6584, #796 ) ;
#334 = LINE ( 'NONE', #5364, #5748 ) ;
#335 = LINE ( 'NONE', #7813, #947 ) ;
#336 = VERTEX_POINT ( 'NONE', #2128 ) ;
#337 = EDGE_CURVE ( 'NONE', #6278, #993, #1828, .T. ) ;
#338 = CARTESIAN_POINT ( 'NONE',  ( 74.50000000000000000, 0.6999999999999999556, 0.000000000000000000 ) ) ;
#339 = EDGE_CURVE ( 'NONE', #6715, #5765, #6340, .T. ) ;
#340 = DIRECTION ( 'NONE',  ( 0.000000000000000000, 1.000000000000000000, -0.000000000000000000 ) ) ;
#341 = CIRCLE ( 'NONE', #3744, 1.599999999999990319 ) ;
#342 = CIRCLE ( 'NONE', #3748, 1.599999999999997202 ) ;
#343 = CARTESIAN_POINT ( 'NONE',  ( -55.50000000000000000, 0.6999999999999999556, -55.50000000000000000 ) ) ;
#344 = CALENDAR_DATE ( 2026, 7, 6 ) ;
#345 = CARTESIAN_POINT ( 'NONE',  ( -52.46446609406731909, 2.100000000000000089, 36.46446609406731909 ) ) ;
#346 = EDGE_CURVE ( 'NONE', #374, #3901, #5414, .T. ) ;
#347 = ORIENTED_EDGE ( 'NONE', *, *, #3415, .T. ) ;
#348 = CARTESIAN_POINT ( 'NONE',  ( 30.98816382492699972, 0.6999999999999999556, 41.59476554272523430 ) ) ;
#349 = CARTESIAN_POINT ( 'NONE',  ( 6.499940658237091107, 2.100000000000000089, 9.583940337943474219 ) ) ;
#350 = VERTEX_POINT ( 'NONE', #388 ) ;
#351 = CARTESIAN_POINT ( 'NONE',  ( 6.695712039061133325, 0.6999999999999999556, -24.46832079094607693 ) ) ;
#352 = AXIS2_PLACEMENT_3D ( 'NONE', #5827, #2722, #5241 ) ;
#353 = EDGE_LOOP ( 'NONE', ( #7576, #1810, #1841, #7639 ) ) ;
#354 = ORIENTED_EDGE ( 'NONE', *, *, #5931, .T. ) ;
#355 = VECTOR ( 'NONE', #2835, 1000.000000000000000 ) ;
#356 = LINE ( 'NONE', #7416, #5200 ) ;
#357 = AXIS2_PLACEMENT_3D ( 'NONE', #6658, #7241, #946 ) ;
#358 = ORIENTED_EDGE ( 'NONE', *, *, #7806, .T. ) ;
#359 = EDGE_CURVE ( 'NONE', #8033, #7485, #7986, .T. ) ;
#360 = CARTESIAN_POINT ( 'NONE',  ( 55.50000000000000000, 2.100000000000000089, -55.50000000000000000 ) ) ;
#361 = CYLINDRICAL_SURFACE ( 'NONE', #310, 1.600000000000000755 ) ;
#362 = DIRECTION ( 'NONE',  ( 0.000000000000000000, 1.000000000000000000, -0.000000000000000000 ) ) ;
#363 = EDGE_LOOP ( 'NONE', ( #2132, #5265 ) ) ;
#364 = DIRECTION ( 'NONE',  ( 0.000000000000000000, 0.000000000000000000, 1.000000000000000000 ) ) ;
#365 = ORIENTED_EDGE ( 'NONE', *, *, #2863, .F. ) ;
#366 = DIRECTION ( 'NONE',  ( 0.000000000000000000, 0.000000000000000000, 1.000000000000000000 ) ) ;
#367 = VECTOR ( 'NONE', #5104, 1000.000000000000000 ) ;
#368 = LINE ( 'NONE', #1615, #4163 ) ;
#369 = EDGE_CURVE ( 'NONE', #7223, #527, #2029, .T. ) ;
#370 = DIRECTION ( 'NONE',  ( 0.000000000000000000, 1.000000000000000000, -0.000000000000000000 ) ) ;
#371 = EDGE_CURVE ( 'NONE', #4240, #683, #7372, .T. ) ;
#372 = DIRECTION ( 'NONE',  ( 0.000000000000000000, 1.000000000000000000, -0.000000000000000000 ) ) ;
#373 = DIRECTION ( 'NONE',  ( 0.000000000000000000, 0.000000000000000000, 1.000000000000000000 ) ) ;
#374 = VERTEX_POINT ( 'NONE', #349 ) ;
#375 = ORIENTED_EDGE ( 'NONE', *, *, #6525, .F. ) ;
#376 = FACE_OUTER_BOUND ( 'NONE', #5886, .T. ) ;
#377 = CARTESIAN_POINT ( 'NONE',  ( 65.50000000000000000, 2.100000000000000089, 0.000000000000000000 ) ) ;
#378 = VERTEX_POINT ( 'NONE', #1558 ) ;
#379 = CYLINDRICAL_SURFACE ( 'NONE', #5097, 3.500000000000000000 ) ;
#380 = DIRECTION ( 'NONE',  ( 0.000000000000000000, 0.000000000000000000, -1.000000000000000000 ) ) ;
#381 = LINE ( 'NONE', #4077, #1510 ) ;
#382 = ADVANCED_FACE ( 'NONE', ( #2701 ), #4166, .F. ) ;
#383 = AXIS2_PLACEMENT_3D ( 'NONE', #5721, #599, #685 ) ;
#384 = LINE ( 'NONE', #4828, #5820 ) ;
#385 = ORIENTED_EDGE ( 'NONE', *, *, #7032, .T. ) ;
#386 = FACE_OUTER_BOUND ( 'NONE', #5985, .T. ) ;
#387 = DIRECTION ( 'NONE',  ( 0.000000000000000000, 0.000000000000000000, 1.000000000000000000 ) ) ;
#388 = CARTESIAN_POINT ( 'NONE',  ( -31.00000000000000000, 0.6999999999999999556, 56.50000000000000000 ) ) ;
#389 = ORIENTED_EDGE ( 'NONE', *, *, #7957, .T. ) ;
#390 = CYLINDRICAL_SURFACE ( 'NONE', #6028, 1.600000000000004086 ) ;
#391 = CIRCLE ( 'NONE', #4067, 1.599999999999990319 ) ;
#392 = EDGE_LOOP ( 'NONE', ( #3910, #7528, #5494, #7387, #2812, #1999, #5578 ) ) ;
#393 = EDGE_CURVE ( 'NONE', #1437, #6099, #2762, .T. ) ;
#394 = EDGE_CURVE ( 'NONE', #1965, #561, #764, .T. ) ;
#395 = EDGE_LOOP ( 'NONE', ( #1923, #2944 ) ) ;
#396 = LINE ( 'NONE', #470, #219 ) ;
#397 = ORIENTED_EDGE ( 'NONE', *, *, #3625, .F. ) ;
#398 = DIRECTION ( 'NONE',  ( 1.000000000000000000, 0.000000000000000000, 4.163336342344337027E-16 ) ) ;
#399 = DIRECTION ( 'NONE',  ( 0.000000000000000000, 0.000000000000000000, -1.000000000000000000 ) ) ;
#400 = DIRECTION ( 'NONE',  ( -1.000000000000000000, 0.000000000000000000, 0.000000000000000000 ) ) ;
#401 = VERTEX_POINT ( 'NONE', #162 ) ;
#402 = CARTESIAN_POINT ( 'NONE',  ( -18.50385078242113579, 2.100000000000000089, 3.755000000000001670 ) ) ;
#403 = LINE ( 'NONE', #6016, #2557 ) ;
#404 = AXIS2_PLACEMENT_3D ( 'NONE', #1350, #6418, #7277 ) ;
#405 = EDGE_CURVE ( 'NONE', #6649, #2150, #2660, .T. ) ;
#406 = VECTOR ( 'NONE', #1413, 1000.000000000000000 ) ;
#407 = DIRECTION ( 'NONE',  ( 0.000000000000000000, 1.000000000000000000, -0.000000000000000000 ) ) ;
#408 = LINE ( 'NONE', #6814, #1938 ) ;
#409 = CARTESIAN_POINT ( 'NONE',  ( -15.98566790351172884, 0.6999999999999999556, 16.21431578947368024 ) ) ;
#410 = VERTEX_POINT ( 'NONE', #5854 ) ;
#411 = EDGE_CURVE ( 'NONE', #5032, #3648, #7378, .T. ) ;
#412 = AXIS2_PLACEMENT_3D ( 'NONE', #7568, #4482, #2461 ) ;
#413 = EDGE_LOOP ( 'NONE', ( #2227, #397, #5279, #7212 ) ) ;
#414 = CIRCLE ( 'NONE', #4487, 1.000000000000000888 ) ;
#415 = LINE ( 'NONE', #7931, #7611 ) ;
#416 = CARTESIAN_POINT ( 'NONE',  ( 19.09188309203689471, 2.100000000000000089, -19.09188309203663181 ) ) ;
#417 = VERTEX_POINT ( 'NONE', #3016 ) ;
#418 = DIRECTION ( 'NONE',  ( 1.000000000000000000, -0.000000000000000000, 0.000000000000000000 ) ) ;
#419 = CARTESIAN_POINT ( 'NONE',  ( 0.000000000000000000, 0.6999999999999999556, 47.30000000000000426 ) ) ;
#420 = DIRECTION ( 'NONE',  ( 0.000000000000000000, 0.000000000000000000, 1.000000000000000000 ) ) ;
#421 = VECTOR ( 'NONE', #6817, 1000.000000000000000 ) ;
#422 = CARTESIAN_POINT ( 'NONE',  ( 14.19448966059533213, 2.100000000000000089, -18.80936831356887495 ) ) ;
#423 = EDGE_CURVE ( 'NONE', #7210, #3608, #1114, .T. ) ;
#424 = DIRECTION ( 'NONE',  ( 0.000000000000000000, 0.000000000000000000, -1.000000000000000000 ) ) ;
#425 = CARTESIAN_POINT ( 'NONE',  ( 0.000000000000000000, 0.000000000000000000, 0.000000000000000000 ) ) ;
#426 = ORIENTED_EDGE ( 'NONE', *, *, #1125, .F. ) ;
#427 = CARTESIAN_POINT ( 'NONE',  ( -50.50000000000000000, 2.100000000000000089, 0.000000000000000000 ) ) ;
#428 = DIRECTION ( 'NONE',  ( -0.000000000000000000, -1.000000000000000000, -0.000000000000000000 ) ) ;
#429 = FACE_OUTER_BOUND ( 'NONE', #1423, .T. ) ;
#430 = VECTOR ( 'NONE', #5869, 1000.000000000000000 ) ;
#431 = ORIENTED_EDGE ( 'NONE', *, *, #1226, .T. ) ;
#432 = ORIENTED_EDGE ( 'NONE', *, *, #7592, .F. ) ;
#433 = CARTESIAN_POINT ( 'NONE',  ( 31.00000000000000000, 2.100000000000000089, 65.50000000000000000 ) ) ;
#434 = DIRECTION ( 'NONE',  ( 0.000000000000000000, 0.000000000000000000, -1.000000000000000000 ) ) ;
#435 = ORIENTED_EDGE ( 'NONE', *, *, #4793, .F. ) ;
#436 = DIRECTION ( 'NONE',  ( -0.000000000000000000, -1.000000000000000000, -0.000000000000000000 ) ) ;
#437 = CARTESIAN_POINT ( 'NONE',  ( -40.95836943965740318, 2.100000000000000089, -40.95836943965729660 ) ) ;
#438 = ORIENTED_EDGE ( 'NONE', *, *, #2422, .T. ) ;
#439 = FACE_BOUND ( 'NONE', #1033, .T. ) ;
#440 = EDGE_LOOP ( 'NONE', ( #5111, #6546, #8030, #4708, #567 ) ) ;
#441 = EDGE_CURVE ( 'NONE', #7255, #401, #548, .T. ) ;
#442 = FACE_OUTER_BOUND ( 'NONE', #5243, .T. ) ;
#443 = EDGE_LOOP ( 'NONE', ( #891, #1, #3596, #2164 ) ) ;
#444 = EDGE_CURVE ( 'NONE', #7437, #4232, #6928, .T. ) ;
#445 = DIRECTION ( 'NONE',  ( -0.000000000000000000, -1.000000000000000000, -0.000000000000000000 ) ) ;
#446 = VECTOR ( 'NONE', #1688, 1000.000000000000000 ) ;
#447 = FACE_OUTER_BOUND ( 'NONE', #3985, .T. ) ;
#448 = LINE ( 'NONE', #1741, #1514 ) ;
#449 = CARTESIAN_POINT ( 'NONE',  ( -42.72613639262370100, 2.100000000000000089, 32.11953467482550195 ) ) ;
#450 = DIRECTION ( 'NONE',  ( 0.000000000000000000, 0.000000000000000000, 1.000000000000000000 ) ) ;
#451 = EDGE_CURVE ( 'NONE', #3630, #5859, #4376, .T. ) ;
#452 = ORIENTED_EDGE ( 'NONE', *, *, #3873, .F. ) ;
#453 = ORIENTED_EDGE ( 'NONE', *, *, #6965, .T. ) ;
#454 = VECTOR ( 'NONE', #7646, 1000.000000000000000 ) ;
#455 = LINE ( 'NONE', #5400, #6957 ) ;
#456 = CARTESIAN_POINT ( 'NONE',  ( 1.540743955509788682E-30, 0.6999999999999999556, -35.50000000000001421 ) ) ;
#457 = ORIENTED_EDGE ( 'NONE', *, *, #1397, .T. ) ;
#458 = CARTESIAN_POINT ( 'NONE',  ( 22.62741699796950101, 2.100000000000000089, 24.22741699796949888 ) ) ;
#459 = CARTESIAN_POINT ( 'NONE',  ( -35.01867247769040858, 0.6999999999999999556, -32.75593077789339702 ) ) ;
#460 = EDGE_CURVE ( 'NONE', #843, #311, #6210, .T. ) ;
#461 = CARTESIAN_POINT ( 'NONE',  ( -52.46446609406731909, 2.100000000000000089, 36.46446609406731909 ) ) ;
#462 = AXIS2_PLACEMENT_3D ( 'NONE', #3112, #6942, #1248 ) ;
#463 = ORIENTED_EDGE ( 'NONE', *, *, #3091, .T. ) ;
#464 = CARTESIAN_POINT ( 'NONE',  ( -54.14213562373090127, 0.6999999999999999556, 70.14213562373100785 ) ) ;
#465 = VERTEX_POINT ( 'NONE', #4961 ) ;
#466 = EDGE_CURVE ( 'NONE', #2880, #1069, #5280, .T. ) ;
#467 = DIRECTION ( 'NONE',  ( -0.000000000000000000, -1.000000000000000000, -0.000000000000000000 ) ) ;
#468 = VERTEX_POINT ( 'NONE', #509 ) ;
#469 = ORIENTED_EDGE ( 'NONE', *, *, #5931, .F. ) ;
#470 = CARTESIAN_POINT ( 'NONE',  ( -41.59476554272529114, 2.100000000000000089, -30.98816382492704946 ) ) ;
#471 = DIRECTION ( 'NONE',  ( 0.000000000000000000, 1.000000000000000000, -0.000000000000000000 ) ) ;
#472 = ORIENTED_EDGE ( 'NONE', *, *, #2673, .F. ) ;
#473 = DIRECTION ( 'NONE',  ( -0.000000000000000000, -1.000000000000000000, -0.000000000000000000 ) ) ;
#474 = VERTEX_POINT ( 'NONE', #8076 ) ;
#475 = DIRECTION ( 'NONE',  ( -0.000000000000000000, -1.000000000000000000, -0.000000000000000000 ) ) ;
#476 = ORIENTED_EDGE ( 'NONE', *, *, #4658, .T. ) ;
#477 = CIRCLE ( 'NONE', #5743, 1.000000000000000888 ) ;
#478 = CARTESIAN_POINT ( 'NONE',  ( -50.50000000000000000, 0.6999999999999999556, -0.000000000000000000 ) ) ;
#479 = ORIENTED_EDGE ( 'NONE', *, *, #3294, .T. ) ;
#480 = AXIS2_PLACEMENT_3D ( 'NONE', #2214, #6114, #2958 ) ;
#481 = AXIS2_PLACEMENT_3D ( 'NONE', #5949, #7365, #6075 ) ;
#482 = ADVANCED_FACE ( 'NONE', ( #7539 ), #1079, .F. ) ;
#483 = CYLINDRICAL_SURFACE ( 'NONE', #2259, 1.600000000000000755 ) ;
#484 = DIRECTION ( 'NONE',  ( 0.000000000000000000, 0.000000000000000000, 1.000000000000000000 ) ) ;
#485 = CARTESIAN_POINT ( 'NONE',  ( 47.30000000000000426, 2.100000000000000089, 25.50000000000000000 ) ) ;
#486 = DIRECTION ( 'NONE',  ( 0.000000000000000000, 1.000000000000000000, -0.000000000000000000 ) ) ;
#487 = AXIS2_PLACEMENT_3D ( 'NONE', #6453, #5007, #7547 ) ;
#488 = ORIENTED_EDGE ( 'NONE', *, *, #866, .F. ) ;
#489 = EDGE_LOOP ( 'NONE', ( #1415, #1253, #989, #2604, #3681, #4192, #5253 ) ) ;
#490 = AXIS2_PLACEMENT_3D ( 'NONE', #3147, #6457, #2015 ) ;
#491 = ADVANCED_FACE ( 'NONE', ( #6089 ), #1807, .F. ) ;
#492 = DIRECTION ( 'NONE',  ( 0.000000000000000000, 1.000000000000000000, -0.000000000000000000 ) ) ;
#493 = DIRECTION ( 'NONE',  ( 0.000000000000000000, 0.000000000000000000, 1.000000000000000000 ) ) ;
#494 = VERTEX_POINT ( 'NONE', #3059 ) ;
#495 = FACE_BOUND ( 'NONE', #2887, .T. ) ;
#496 = CARTESIAN_POINT ( 'NONE',  ( -18.50385078242113579, 0.6999999999999999556, 3.755000000000001670 ) ) ;
#497 = ORIENTED_EDGE ( 'NONE', *, *, #7881, .F. ) ;
#498 = DIRECTION ( 'NONE',  ( -0.7071067811865475727, 0.000000000000000000, 0.7071067811865475727 ) ) ;
#499 = ADVANCED_FACE ( 'NONE', ( #6132 ), #4295, .F. ) ;
#500 = CARTESIAN_POINT ( 'NONE',  ( 12.00000000000000000, 2.100000000000000089, 0.000000000000000000 ) ) ;
#501 = ORIENTED_EDGE ( 'NONE', *, *, #3511, .F. ) ;
#502 = DIRECTION ( 'NONE',  ( -0.000000000000000000, -1.000000000000000000, -0.000000000000000000 ) ) ;
#503 = AXIS2_PLACEMENT_3D ( 'NONE', #5141, #4519, #1372 ) ;
#504 = ORIENTED_EDGE ( 'NONE', *, *, #7881, .T. ) ;
#505 = EDGE_CURVE ( 'NONE', #230, #6765, #8032, .T. ) ;
#506 = ORIENTED_EDGE ( 'NONE', *, *, #4083, .F. ) ;
#507 = EDGE_CURVE ( 'NONE', #6713, #3770, #3817, .T. ) ;
#508 = CARTESIAN_POINT ( 'NONE',  ( -36.46446609406732620, 2.100000000000000089, 50.86446609406731056 ) ) ;
#509 = CARTESIAN_POINT ( 'NONE',  ( 18.00385078242113579, 0.6999999999999999556, 4.621025403784438268 ) ) ;
#510 = EDGE_LOOP ( 'NONE', ( #3676, #3540, #1026, #7195 ) ) ;
#511 = DIRECTION ( 'NONE',  ( -0.000000000000000000, -1.000000000000000000, -0.000000000000000000 ) ) ;
#512 = ORIENTED_EDGE ( 'NONE', *, *, #4385, .F. ) ;
#513 = FACE_BOUND ( 'NONE', #5457, .T. ) ;
#514 = ORIENTED_EDGE ( 'NONE', *, *, #3699, .T. ) ;
#515 = CIRCLE ( 'NONE', #2609, 1.600000000000004086 ) ;
#516 = DIRECTION ( 'NONE',  ( 0.000000000000000000, 0.000000000000000000, -1.000000000000000000 ) ) ;
#517 = ORIENTED_EDGE ( 'NONE', *, *, #5908, .T. ) ;
#518 = ADVANCED_FACE ( 'NONE', ( #2359 ), #5465, .F. ) ;
#519 = VECTOR ( 'NONE', #398, 1000.000000000000000 ) ;
#520 = CARTESIAN_POINT ( 'NONE',  ( 12.50000000000000000, 2.100000000000000089, 26.50000000000000000 ) ) ;
#521 = ORIENTED_EDGE ( 'NONE', *, *, #4669, .T. ) ;
#522 = CARTESIAN_POINT ( 'NONE',  ( -52.46446609406731909, 2.100000000000000089, 34.86446609406731767 ) ) ;
#523 = CARTESIAN_POINT ( 'NONE',  ( 24.00000000000000000, 2.100000000000000089, -15.50000000000000000 ) ) ;
#524 = CARTESIAN_POINT ( 'NONE',  ( 56.50000000000000000, 0.6999999999999999556, -31.00000000000000000 ) ) ;
#525 = LINE ( 'NONE', #5565, #2646 ) ;
#526 = AXIS2_PLACEMENT_3D ( 'NONE', #1732, #2440, #550 ) ;
#527 = VERTEX_POINT ( 'NONE', #3669 ) ;
#528 = VERTEX_POINT ( 'NONE', #1197 ) ;
#529 = CARTESIAN_POINT ( 'NONE',  ( 1.540743955509788682E-30, 2.100000000000000089, -35.50000000000001421 ) ) ;
#530 = VERTEX_POINT ( 'NONE', #7993 ) ;
#531 = FACE_BOUND ( 'NONE', #2999, .T. ) ;
#532 = DIRECTION ( 'NONE',  ( 3.469446951953612611E-15, 0.000000000000000000, 1.000000000000000000 ) ) ;
#533 = ORIENTED_EDGE ( 'NONE', *, *, #766, .F. ) ;
#534 = LINE ( 'NONE', #2427, #6370 ) ;
#535 = EDGE_CURVE ( 'NONE', #5738, #5947, #6799, .T. ) ;
#536 = EDGE_CURVE ( 'NONE', #59, #2021, #3548, .T. ) ;
#537 = VECTOR ( 'NONE', #1554, 1000.000000000000000 ) ;
#538 = LINE ( 'NONE', #2267, #5030 ) ;
#539 = ORIENTED_EDGE ( 'NONE', *, *, #3012, .T. ) ;
#540 = AXIS2_PLACEMENT_3D ( 'NONE', #5107, #6237, #5027 ) ;
#541 = CARTESIAN_POINT ( 'NONE',  ( 65.50000000000000000, 2.100000000000000089, 31.00000000000000000 ) ) ;
#542 = EDGE_CURVE ( 'NONE', #2853, #5624, #7125, .T. ) ;
#543 = CIRCLE ( 'NONE', #4355, 1.599999999999997202 ) ;
#544 = ORIENTED_EDGE ( 'NONE', *, *, #2410, .T. ) ;
#545 = CIRCLE ( 'NONE', #7554, 1.600000000000035394 ) ;
#546 = VERTEX_POINT ( 'NONE', #3914 ) ;
#547 = CARTESIAN_POINT ( 'NONE',  ( 19.09188309203689471, 0.6999999999999999556, -17.49188309203663039 ) ) ;
#548 = LINE ( 'NONE', #3712, #7530 ) ;
#549 = ORIENTED_EDGE ( 'NONE', *, *, #2863, .T. ) ;
#550 = DIRECTION ( 'NONE',  ( 0.7071067811865474617, 0.000000000000000000, -0.7071067811865474617 ) ) ;
#551 = CARTESIAN_POINT ( 'NONE',  ( 36.46446609406677197, 2.100000000000000089, 52.46446609406770278 ) ) ;
#552 = AXIS2_PLACEMENT_3D ( 'NONE', #1961, #577, #5073 ) ;
#553 = ORIENTED_EDGE ( 'NONE', *, *, #2743, .F. ) ;
#554 = FACE_BOUND ( 'NONE', #6289, .T. ) ;
#555 = EDGE_LOOP ( 'NONE', ( #354, #8019, #2892, #6678 ) ) ;
#556 = VECTOR ( 'NONE', #2371, 1000.000000000000000 ) ;
#557 = DIRECTION ( 'NONE',  ( 0.000000000000000000, 0.000000000000000000, 1.000000000000000000 ) ) ;
#558 = EDGE_LOOP ( 'NONE', ( #4978, #517 ) ) ;
#559 = ADVANCED_FACE ( 'NONE', ( #7658 ), #6377, .F. ) ;
#560 = CARTESIAN_POINT ( 'NONE',  ( 54.14213562373100785, 2.100000000000000089, 70.14213562373100785 ) ) ;
#561 = VERTEX_POINT ( 'NONE', #4582 ) ;
#562 = CARTESIAN_POINT ( 'NONE',  ( -48.89999999999999858, 2.100000000000000089, 25.50000000000000000 ) ) ;
#563 = CARTESIAN_POINT ( 'NONE',  ( -32.11953467482550195, 2.100000000000000089, -42.72613639262370100 ) ) ;
#564 = CARTESIAN_POINT ( 'NONE',  ( 54.14213562373100785, 2.100000000000000089, 70.14213562373100785 ) ) ;
#565 = EDGE_CURVE ( 'NONE', #6006, #3973, #6331, .T. ) ;
#566 = EDGE_CURVE ( 'NONE', #2327, #378, #1183, .T. ) ;
#567 = ORIENTED_EDGE ( 'NONE', *, *, #4401, .F. ) ;
#568 = ORIENTED_EDGE ( 'NONE', *, *, #3978, .T. ) ;
#569 = DIRECTION ( 'NONE',  ( 0.000000000000000000, 0.000000000000000000, 1.000000000000000000 ) ) ;
#570 = DIRECTION ( 'NONE',  ( -0.000000000000000000, -1.000000000000000000, -0.000000000000000000 ) ) ;
#571 = DIRECTION ( 'NONE',  ( 0.4999999999999999445, 0.000000000000000000, -0.8660254037844387076 ) ) ;
#572 = ORIENTED_EDGE ( 'NONE', *, *, #4434, .F. ) ;
#573 = CARTESIAN_POINT ( 'NONE',  ( 25.50000000000000000, 2.100000000000000089, 47.30000000000000426 ) ) ;
#574 = ORIENTED_EDGE ( 'NONE', *, *, #3479, .F. ) ;
#575 = EDGE_CURVE ( 'NONE', #1080, #1517, #707, .T. ) ;
#576 = EDGE_CURVE ( 'NONE', #5720, #7971, #6968, .T. ) ;
#577 = DIRECTION ( 'NONE',  ( -0.000000000000000000, -1.000000000000000000, -0.000000000000000000 ) ) ;
#578 = ORIENTED_EDGE ( 'NONE', *, *, #2995, .F. ) ;
#579 = AXIS2_PLACEMENT_3D ( 'NONE', #8026, #7410, #1721 ) ;
#580 = CARTESIAN_POINT ( 'NONE',  ( -74.50000000000000000, 2.100000000000000089, 0.000000000000000000 ) ) ;
#581 = ORIENTED_EDGE ( 'NONE', *, *, #505, .F. ) ;
#582 = EDGE_LOOP ( 'NONE', ( #297, #4755, #7563, #7219 ) ) ;
#583 = EDGE_CURVE ( 'NONE', #3905, #1332, #4084, .T. ) ;
#584 = CARTESIAN_POINT ( 'NONE',  ( 36.46446609406677197, 2.100000000000000089, 50.86446609406770136 ) ) ;
#585 = DIRECTION ( 'NONE',  ( -0.000000000000000000, -1.000000000000000000, -0.000000000000000000 ) ) ;
#586 = EDGE_LOOP ( 'NONE', ( #7585, #1012, #6583, #3544 ) ) ;
#587 = LINE ( 'NONE', #5000, #7654 ) ;
#588 = ORIENTED_EDGE ( 'NONE', *, *, #624, .T. ) ;
#589 = FACE_BOUND ( 'NONE', #672, .T. ) ;
#590 = ORIENTED_EDGE ( 'NONE', *, *, #1697, .T. ) ;
#591 = CARTESIAN_POINT ( 'NONE',  ( 18.50385078242113579, 2.100000000000000089, -3.755000000000001226 ) ) ;
#592 = ORIENTED_EDGE ( 'NONE', *, *, #3450, .F. ) ;
#593 = VECTOR ( 'NONE', #7753, 1000.000000000000000 ) ;
#594 = ADVANCED_FACE ( 'NONE', ( #7697 ), #5710, .F. ) ;
#595 = DIRECTION ( 'NONE',  ( 0.000000000000000000, 0.000000000000000000, -1.000000000000000000 ) ) ;
#596 = AXIS2_PLACEMENT_3D ( 'NONE', #3585, #467, #3422 ) ;
#597 = VERTEX_POINT ( 'NONE', #5788 ) ;
#598 = CARTESIAN_POINT ( 'NONE',  ( -15.98566790351172884, 2.100000000000000089, 16.21431578947368024 ) ) ;
#599 = DIRECTION ( 'NONE',  ( 0.000000000000000000, 1.000000000000000000, -0.000000000000000000 ) ) ;
#600 = PLANE ( 'NONE',  #6219 ) ;
#601 = DIRECTION ( 'NONE',  ( -0.000000000000000000, -1.000000000000000000, -0.000000000000000000 ) ) ;
#602 = CARTESIAN_POINT ( 'NONE',  ( -45.90811690796319766, 2.100000000000000089, 45.90811690796319766 ) ) ;
#603 = AXIS2_PLACEMENT_3D ( 'NONE', #5281, #6329, #2088 ) ;
#604 = AXIS2_PLACEMENT_3D ( 'NONE', #4800, #6590, #7876 ) ;
#605 = AXIS2_PLACEMENT_3D ( 'NONE', #5704, #4412, #7409 ) ;
#606 = EDGE_LOOP ( 'NONE', ( #5209, #4752, #6420, #4013, #3316 ) ) ;
#607 = EDGE_LOOP ( 'NONE', ( #7862, #4149, #6206, #1297 ) ) ;
#608 = ADVANCED_FACE ( 'NONE', ( #25 ), #142, .F. ) ;
#609 = ADVANCED_FACE ( 'NONE', ( #7736 ), #184, .F. ) ;
#610 = DIRECTION ( 'NONE',  ( 0.000000000000000000, 0.000000000000000000, -1.000000000000000000 ) ) ;
#611 = DIRECTION ( 'NONE',  ( 0.000000000000000000, 0.000000000000000000, -1.000000000000000000 ) ) ;
#612 = VECTOR ( 'NONE', #1796, 1000.000000000000000 ) ;
#613 = FACE_BOUND ( 'NONE', #7748, .T. ) ;
#614 = FACE_OUTER_BOUND ( 'NONE', #1036, .T. ) ;
#615 = VERTEX_POINT ( 'NONE', #3754 ) ;
#616 = CARTESIAN_POINT ( 'NONE',  ( -74.50000000000000000, 2.100000000000000089, 55.50000000000000000 ) ) ;
#617 = VECTOR ( 'NONE', #7602, 1000.000000000000000 ) ;
#618 = ORIENTED_EDGE ( 'NONE', *, *, #1399, .F. ) ;
#619 = VECTOR ( 'NONE', #7626, 1000.000000000000000 ) ;
#620 = LINE ( 'NONE', #6368, #3567 ) ;
#621 = ORIENTED_EDGE ( 'NONE', *, *, #657, .F. ) ;
#622 = CARTESIAN_POINT ( 'NONE',  ( 31.00000000000000000, 2.100000000000000089, 0.000000000000000000 ) ) ;
#623 = LINE ( 'NONE', #4413, #6518 ) ;
#624 = EDGE_CURVE ( 'NONE', #1016, #597, #4750, .T. ) ;
#625 = ORIENTED_EDGE ( 'NONE', *, *, #3415, .F. ) ;
#626 = ORIENTED_EDGE ( 'NONE', *, *, #3822, .T. ) ;
#627 = DIRECTION ( 'NONE',  ( 0.000000000000000000, 0.000000000000000000, -1.000000000000000000 ) ) ;
#628 = FACE_OUTER_BOUND ( 'NONE', #6536, .T. ) ;
#629 = DIRECTION ( 'NONE',  ( 0.000000000000000000, 1.000000000000000000, -0.000000000000000000 ) ) ;
#630 = ORIENTED_EDGE ( 'NONE', *, *, #3812, .T. ) ;
#631 = LINE ( 'NONE', #6888, #6595 ) ;
#632 = CARTESIAN_POINT ( 'NONE',  ( 42.72613639262370100, 2.100000000000000089, -32.11953467482550195 ) ) ;
#633 = FACE_BOUND ( 'NONE', #943, .T. ) ;
#634 = ORIENTED_EDGE ( 'NONE', *, *, #2471, .T. ) ;
#635 = DIRECTION ( 'NONE',  ( -0.000000000000000000, -1.000000000000000000, -0.000000000000000000 ) ) ;
#636 = ORIENTED_EDGE ( 'NONE', *, *, #4018, .F. ) ;
#637 = DIRECTION ( 'NONE',  ( -0.8660596620565251813, 0.000000000000000000, -0.4999406582370924390 ) ) ;
#638 = EDGE_CURVE ( 'NONE', #4756, #6292, #2377, .T. ) ;
#639 = EDGE_CURVE ( 'NONE', #265, #6953, #5875, .T. ) ;
#640 = CARTESIAN_POINT ( 'NONE',  ( -22.62741699796950101, 0.6999999999999999556, -22.62741699796950101 ) ) ;
#641 = AXIS2_PLACEMENT_3D ( 'NONE', #449, #370, #7923 ) ;
#642 = EDGE_LOOP ( 'NONE', ( #934, #4865, #6342, #923, #7695 ) ) ;
#643 = DIRECTION ( 'NONE',  ( 0.000000000000000000, 0.000000000000000000, 1.000000000000000000 ) ) ;
#644 = FACE_OUTER_BOUND ( 'NONE', #2628, .T. ) ;
#645 = ORIENTED_EDGE ( 'NONE', *, *, #3053, .T. ) ;
#646 = DIRECTION ( 'NONE',  ( 0.000000000000000000, 0.000000000000000000, -1.000000000000000000 ) ) ;
#647 = EDGE_CURVE ( 'NONE', #4232, #530, #7900, .T. ) ;
#648 = VECTOR ( 'NONE', #961, 1000.000000000000000 ) ;
#649 = ORIENTED_EDGE ( 'NONE', *, *, #3043, .T. ) ;
#650 = EDGE_LOOP ( 'NONE', ( #5560, #5638, #5506, #4135 ) ) ;
#651 = CARTESIAN_POINT ( 'NONE',  ( -12.50000000000000000, 2.100000000000000089, 26.50000000000000000 ) ) ;
#652 = FACE_BOUND ( 'NONE', #3065, .T. ) ;
#653 = VECTOR ( 'NONE', #7419, 1000.000000000000000 ) ;
#654 = DIRECTION ( 'NONE',  ( -0.000000000000000000, -1.000000000000000000, -0.000000000000000000 ) ) ;
#655 = ORIENTED_EDGE ( 'NONE', *, *, #4156, .F. ) ;
#656 = DIRECTION ( 'NONE',  ( -0.7071067811865435759, 0.000000000000000000, -0.7071067811865515695 ) ) ;
#657 = EDGE_CURVE ( 'NONE', #3907, #884, #1513, .T. ) ;
#658 = ORIENTED_EDGE ( 'NONE', *, *, #1235, .F. ) ;
#659 = ORIENTED_EDGE ( 'NONE', *, *, #313, .F. ) ;
#660 = DIRECTION ( 'NONE',  ( 0.000000000000000000, 0.000000000000000000, 1.000000000000000000 ) ) ;
#661 = ORIENTED_EDGE ( 'NONE', *, *, #1207, .F. ) ;
#662 = VECTOR ( 'NONE', #6786, 1000.000000000000000 ) ;
#663 = CARTESIAN_POINT ( 'NONE',  ( -27.80618330958759898, 2.100000000000000089, -30.06892500938459989 ) ) ;
#664 = EDGE_CURVE ( 'NONE', #1195, #6667, #150, .T. ) ;
#665 = VECTOR ( 'NONE', #8116, 1000.000000000000000 ) ;
#666 = AXIS2_PLACEMENT_3D ( 'NONE', #714, #4432, #1282 ) ;
#667 = ORIENTED_EDGE ( 'NONE', *, *, #2872, .T. ) ;
#668 = CIRCLE ( 'NONE', #7408, 1.600000000000004086 ) ;
#670 = AXIS2_PLACEMENT_3D ( 'NONE', #5374, #7246, #3726 ) ;
#669 = PLANE ( 'NONE',  #5741 ) ;
#671 = FACE_OUTER_BOUND ( 'NONE', #6215, .T. ) ;
#672 = EDGE_LOOP ( 'NONE', ( #5283, #1955, #2473, #3019 ) ) ;
#673 = DIRECTION ( 'NONE',  ( 0.000000000000000000, 1.000000000000000000, -0.000000000000000000 ) ) ;
#674 = CARTESIAN_POINT ( 'NONE',  ( 25.60000000000000142, 0.6999999999999999556, 15.50000000000000000 ) ) ;
#675 = EDGE_LOOP ( 'NONE', ( #4257, #5216, #5166, #4618 ) ) ;
#676 = CARTESIAN_POINT ( 'NONE',  ( 55.50000000000000000, 2.100000000000000089, 55.50000000000000000 ) ) ;
#677 = ORIENTED_EDGE ( 'NONE', *, *, #2663, .T. ) ;
#678 = AXIS2_PLACEMENT_3D ( 'NONE', #5585, #8115, #2522 ) ;
#679 = VECTOR ( 'NONE', #3252, 1000.000000000000000 ) ;
#680 = DIRECTION ( 'NONE',  ( 0.000000000000000000, 1.000000000000000000, -0.000000000000000000 ) ) ;
#681 = CIRCLE ( 'NONE', #2121, 1.600000000000004086 ) ;
#682 = EDGE_CURVE ( 'NONE', #26, #138, #6884, .T. ) ;
#683 = VERTEX_POINT ( 'NONE', #3337 ) ;
#684 = ADVANCED_FACE ( 'NONE', ( #7779 ), #7286, .F. ) ;
#685 = DIRECTION ( 'NONE',  ( 0.000000000000000000, 0.000000000000000000, 1.000000000000000000 ) ) ;
#686 = LINE ( 'NONE', #5219, #8085 ) ;
#687 = CARTESIAN_POINT ( 'NONE',  ( 19.09188309203689471, 2.100000000000000089, -20.69188309203663323 ) ) ;
#688 = DIRECTION ( 'NONE',  ( 0.000000000000000000, 0.000000000000000000, -1.000000000000000000 ) ) ;
#689 = ORIENTED_EDGE ( 'NONE', *, *, #1882, .F. ) ;
#690 = DIRECTION ( 'NONE',  ( 0.7982148603926244590, 0.000000000000000000, -0.6023728385712482369 ) ) ;
#691 = ADVANCED_FACE ( 'NONE', ( #4082 ), #5330, .F. ) ;
#692 = CYLINDRICAL_SURFACE ( 'NONE', #3131, 9.000000000000001776 ) ;
#693 = VERTEX_POINT ( 'NONE', #4628 ) ;
#694 = DIRECTION ( 'NONE',  ( -0.000000000000000000, -1.000000000000000000, -0.000000000000000000 ) ) ;
#695 = LINE ( 'NONE', #1337, #6079 ) ;
#696 = ORIENTED_EDGE ( 'NONE', *, *, #1620, .T. ) ;
#697 = DIRECTION ( 'NONE',  ( -0.000000000000000000, -1.000000000000000000, -0.000000000000000000 ) ) ;
#698 = EDGE_LOOP ( 'NONE', ( #4290, #5336, #8132, #636 ) ) ;
#699 = ORIENTED_EDGE ( 'NONE', *, *, #3599, .T. ) ;
#700 = EDGE_CURVE ( 'NONE', #6845, #2987, #4123, .T. ) ;
#701 = DIRECTION ( 'NONE',  ( 0.7071067811865480168, -0.000000000000000000, 0.7071067811865470176 ) ) ;
#702 = ORIENTED_EDGE ( 'NONE', *, *, #1539, .T. ) ;
#703 = LINE ( 'NONE', #5740, #4699 ) ;
#704 = CARTESIAN_POINT ( 'NONE',  ( -19.09188309203669931, 2.100000000000000089, -17.49188309203682934 ) ) ;
#705 = EDGE_CURVE ( 'NONE', #1656, #2502, #3296, .T. ) ;
#706 = DIRECTION ( 'NONE',  ( 0.7071067811865515695, 0.000000000000000000, 0.7071067811865435759 ) ) ;
#707 = LINE ( 'NONE', #3259, #2499 ) ;
#708 = FACE_OUTER_BOUND ( 'NONE', #1559, .T. ) ;
#709 = CARTESIAN_POINT ( 'NONE',  ( 6.695712039061135989, 0.6999999999999999556, 24.46832079094607337 ) ) ;
#710 = ORIENTED_EDGE ( 'NONE', *, *, #4867, .F. ) ;
#711 = CARTESIAN_POINT ( 'NONE',  ( 32.75593077789339702, 2.100000000000000089, -35.01867247769040858 ) ) ;
#712 = ORIENTED_EDGE ( 'NONE', *, *, #7427, .T. ) ;
#713 = DIRECTION ( 'NONE',  ( -1.000000000000000000, 0.000000000000000000, 0.000000000000000000 ) ) ;
#714 = CARTESIAN_POINT ( 'NONE',  ( 15.98566790351172884, 2.100000000000000089, -16.21431578947368024 ) ) ;
#715 = ORIENTED_EDGE ( 'NONE', *, *, #1533, .T. ) ;
#716 = CARTESIAN_POINT ( 'NONE',  ( -25.50000000000000000, 0.6999999999999999556, -48.89999999999999858 ) ) ;
#717 = DIRECTION ( 'NONE',  ( 0.000000000000000000, 1.000000000000000000, -0.000000000000000000 ) ) ;
#718 = CARTESIAN_POINT ( 'NONE',  ( -50.50000000000000000, 2.100000000000000089, 25.50000000000000000 ) ) ;
#719 = DIRECTION ( 'NONE',  ( 0.000000000000000000, 0.000000000000000000, -1.000000000000000000 ) ) ;
#720 = ORIENTED_EDGE ( 'NONE', *, *, #3163, .T. ) ;
#721 = LINE ( 'NONE', #3234, #6616 ) ;
#722 = DIRECTION ( 'NONE',  ( 0.000000000000000000, 0.000000000000000000, 1.000000000000000000 ) ) ;
#723 = ORIENTED_EDGE ( 'NONE', *, *, #7830, .T. ) ;
#724 = ADVANCED_FACE ( 'NONE', ( #386 ), #6040, .F. ) ;
#725 = CIRCLE ( 'NONE', #2574, 1.000000000000000444 ) ;
#726 = DIRECTION ( 'NONE',  ( 0.000000000000000000, 0.000000000000000000, 1.000000000000000000 ) ) ;
#727 = DIRECTION ( 'NONE',  ( -0.000000000000000000, -1.000000000000000000, -0.000000000000000000 ) ) ;
#728 = FACE_BOUND ( 'NONE', #3936, .T. ) ;
#729 = CIRCLE ( 'NONE', #5349, 1.600000000000018074 ) ;
#730 = DIRECTION ( 'NONE',  ( 0.000000000000000000, 0.000000000000000000, -1.000000000000000000 ) ) ;
#731 = VERTEX_POINT ( 'NONE', #1430 ) ;
#732 = DIRECTION ( 'NONE',  ( 0.000000000000000000, 0.000000000000000000, 1.000000000000000000 ) ) ;
#733 = CIRCLE ( 'NONE', #352, 1.599999999999990319 ) ;
#734 = ORIENTED_EDGE ( 'NONE', *, *, #1104, .T. ) ;
#735 = ORIENTED_EDGE ( 'NONE', *, *, #5801, .F. ) ;
#736 = EDGE_CURVE ( 'NONE', #1225, #267, #6621, .T. ) ;
#737 = AXIS2_PLACEMENT_3D ( 'NONE', #2133, #6608, #6570 ) ;
#738 = ORIENTED_EDGE ( 'NONE', *, *, #6398, .T. ) ;
#739 = AXIS2_PLACEMENT_3D ( 'NONE', #5714, #2684, #7699 ) ;
#740 = CARTESIAN_POINT ( 'NONE',  ( -22.62741699796950101, 2.100000000000000089, -21.02741699796949959 ) ) ;
#741 = VERTEX_POINT ( 'NONE', #7209 ) ;
#742 = LINE ( 'NONE', #5156, #1907 ) ;
#743 = EDGE_CURVE ( 'NONE', #6006, #3070, #6615, .T. ) ;
#744 = VERTEX_POINT ( 'NONE', #2761 ) ;
#745 = ORIENTED_EDGE ( 'NONE', *, *, #948, .F. ) ;
#746 = DIRECTION ( 'NONE',  ( -0.7982148603926244590, 0.000000000000000000, -0.6023728385712481259 ) ) ;
#747 = DIRECTION ( 'NONE',  ( -0.7071067811865470176, 0.000000000000000000, 0.7071067811865480168 ) ) ;
#748 = DIRECTION ( 'NONE',  ( -0.000000000000000000, -1.000000000000000000, -0.000000000000000000 ) ) ;
#749 = DIRECTION ( 'NONE',  ( 0.000000000000000000, 0.000000000000000000, 1.000000000000000000 ) ) ;
#750 = ORIENTED_EDGE ( 'NONE', *, *, #1369, .F. ) ;
#751 = CARTESIAN_POINT ( 'NONE',  ( -32.00000000000000000, 0.6999999999999999556, 1.600000000000013411 ) ) ;
#752 = VERTEX_POINT ( 'NONE', #7861 ) ;
#753 = PLANE ( 'NONE',  #5099 ) ;
#754 = EDGE_CURVE ( 'NONE', #2265, #4924, #6752, .T. ) ;
#755 = CARTESIAN_POINT ( 'NONE',  ( 16.48560856174855260, 2.100000000000000089, -17.08037545153036518 ) ) ;
#756 = DIRECTION ( 'NONE',  ( 0.7071067811865477948, 0.000000000000000000, 0.7071067811865473507 ) ) ;
#757 = EDGE_LOOP ( 'NONE', ( #2507, #5150, #6913, #5672, #3635 ) ) ;
#758 = DIRECTION ( 'NONE',  ( 1.956455048094143408E-16, 0.000000000000000000, -1.000000000000000000 ) ) ;
#759 = CARTESIAN_POINT ( 'NONE',  ( 0.000000000000000000, 2.100000000000000089, 26.50000000000000000 ) ) ;
#760 = CYLINDRICAL_SURFACE ( 'NONE', #4275, 1.600000000000000755 ) ;
#761 = VERTEX_POINT ( 'NONE', #3419 ) ;
#762 = CIRCLE ( 'NONE', #125, 1.600000000000000755 ) ;
#763 = LINE ( 'NONE', #5806, #6272 ) ;
#764 = LINE ( 'NONE', #4206, #5545 ) ;
#765 = DIRECTION ( 'NONE',  ( 0.000000000000000000, 1.000000000000000000, -0.000000000000000000 ) ) ;
#766 = EDGE_CURVE ( 'NONE', #997, #5338, #829, .T. ) ;
#767 = CARTESIAN_POINT ( 'NONE',  ( 6.695712039061135989, 2.100000000000000089, 24.46832079094607337 ) ) ;
#768 = CARTESIAN_POINT ( 'NONE',  ( -55.50000000000000711, 0.6999999999999999556, -74.50000000000000000 ) ) ;
#769 = ORIENTED_EDGE ( 'NONE', *, *, #7160, .T. ) ;
#770 = CARTESIAN_POINT ( 'NONE',  ( 15.98566790351172884, 2.100000000000000089, -16.21431578947368024 ) ) ;
#771 = DIRECTION ( 'NONE',  ( -0.000000000000000000, -1.000000000000000000, -0.000000000000000000 ) ) ;
#772 = CARTESIAN_POINT ( 'NONE',  ( -32.00000000000000000, 2.100000000000000089, 1.175660927181459947E-14 ) ) ;
#773 = AXIS2_PLACEMENT_3D ( 'NONE', #2067, #5260, #758 ) ;
#774 = VERTEX_POINT ( 'NONE', #307 ) ;
#775 = ORIENTED_EDGE ( 'NONE', *, *, #3072, .F. ) ;
#776 = AXIS2_PLACEMENT_3D ( 'NONE', #1432, #3492, #4500 ) ;
#777 = CARTESIAN_POINT ( 'NONE',  ( -19.09188309203669931, 0.6999999999999999556, -19.09188309203683076 ) ) ;
#778 = ORIENTED_EDGE ( 'NONE', *, *, #6371, .F. ) ;
#779 = EDGE_CURVE ( 'NONE', #3473, #7223, #5950, .T. ) ;
#780 = EDGE_CURVE ( 'NONE', #1016, #6156, #2185, .T. ) ;
#781 = DIRECTION ( 'NONE',  ( -0.000000000000000000, -1.000000000000000000, -0.000000000000000000 ) ) ;
#782 = CIRCLE ( 'NONE', #1302, 1.000000000000004441 ) ;
#783 = EDGE_LOOP ( 'NONE', ( #6483, #3962, #1040, #3262 ) ) ;
#784 = DIRECTION ( 'NONE',  ( 6.521516826980478438E-17, 0.000000000000000000, -1.000000000000000000 ) ) ;
#785 = CARTESIAN_POINT ( 'NONE',  ( 54.14213562373090127, 2.100000000000000089, -70.14213562373100785 ) ) ;
#786 = EDGE_CURVE ( 'NONE', #3608, #4169, #7800, .T. ) ;
#787 = CARTESIAN_POINT ( 'NONE',  ( -24.00000000000000000, 0.6999999999999999556, 15.50000000000000000 ) ) ;
#788 = CARTESIAN_POINT ( 'NONE',  ( 40.95836943965740318, 2.100000000000000089, 40.95836943965740318 ) ) ;
#789 = ORIENTED_EDGE ( 'NONE', *, *, #2337, .F. ) ;
#790 = CARTESIAN_POINT ( 'NONE',  ( 36.46446609406677197, 2.100000000000000089, 52.46446609406770278 ) ) ;
#791 = ORIENTED_EDGE ( 'NONE', *, *, #346, .F. ) ;
#792 = DIRECTION ( 'NONE',  ( -4.163336342344337520E-16, 0.000000000000000000, -1.000000000000000000 ) ) ;
#793 = AXIS2_PLACEMENT_3D ( 'NONE', #3534, #2922, #7320 ) ;
#794 = VECTOR ( 'NONE', #3460, 1000.000000000000000 ) ;
#795 = ORIENTED_EDGE ( 'NONE', *, *, #1539, .F. ) ;
#796 = DIRECTION ( 'NONE',  ( 0.000000000000000000, 0.000000000000000000, 1.000000000000000000 ) ) ;
#797 = ORIENTED_EDGE ( 'NONE', *, *, #2163, .T. ) ;
#798 = LINE ( 'NONE', #2576, #4634 ) ;
#799 = EDGE_CURVE ( 'NONE', #2526, #3798, #414, .T. ) ;
#800 = DIRECTION ( 'NONE',  ( 1.000000000000000000, -0.000000000000000000, 0.000000000000000000 ) ) ;
#801 = DIRECTION ( 'NONE',  ( 0.000000000000000000, 0.000000000000000000, 1.000000000000000000 ) ) ;
#802 = VECTOR ( 'NONE', #3376, 1000.000000000000000 ) ;
#803 = LINE ( 'NONE', #5133, #1893 ) ;
#804 = VERTEX_POINT ( 'NONE', #5014 ) ;
#805 = AXIS2_PLACEMENT_3D ( 'NONE', #3244, #4521, #130 ) ;
#806 = CARTESIAN_POINT ( 'NONE',  ( -25.50000000000000000, 2.100000000000000089, -48.89999999999999858 ) ) ;
#807 = CARTESIAN_POINT ( 'NONE',  ( 32.00000000000000000, 2.100000000000000089, -7.837739514543060526E-15 ) ) ;
#808 = CARTESIAN_POINT ( 'NONE',  ( 33.25090552472404681, 2.100000000000000089, -43.85750724252224586 ) ) ;
#809 = CIRCLE ( 'NONE', #5426, 9.000000000000001776 ) ;
#810 = CYLINDRICAL_SURFACE ( 'NONE', #1383, 1.599999999999997202 ) ;
#811 = EDGE_CURVE ( 'NONE', #1825, #1377, #5288, .T. ) ;
#812 = DIRECTION ( 'NONE',  ( -0.000000000000000000, -1.000000000000000000, -0.000000000000000000 ) ) ;
#813 = ADVANCED_FACE ( 'NONE', ( #6266 ), #600, .F. ) ;
#814 = ORIENTED_EDGE ( 'NONE', *, *, #1491, .F. ) ;
#815 = CARTESIAN_POINT ( 'NONE',  ( 22.62741699796950101, 2.100000000000000089, 21.02741699796949959 ) ) ;
#816 = CARTESIAN_POINT ( 'NONE',  ( 28.93755415948609766, 2.100000000000000089, -28.93755415948609766 ) ) ;
#817 = ORIENTED_EDGE ( 'NONE', *, *, #1281, .T. ) ;
#818 = DIRECTION ( 'NONE',  ( -0.000000000000000000, -1.000000000000000000, -0.000000000000000000 ) ) ;
#819 = EDGE_LOOP ( 'NONE', ( #6820, #3642, #8128, #4326 ) ) ;
#820 = EDGE_LOOP ( 'NONE', ( #4897, #1259, #7276, #689 ) ) ;
#821 = CARTESIAN_POINT ( 'NONE',  ( -6.000000000000000000, 2.100000000000000089, -24.75000000000000000 ) ) ;
#822 = ORIENTED_EDGE ( 'NONE', *, *, #779, .T. ) ;
#823 = CIRCLE ( 'NONE', #2530, 1.600000000000032063 ) ;
#824 = CARTESIAN_POINT ( 'NONE',  ( 30.98816382492699972, 2.100000000000000089, 41.59476554272523430 ) ) ;
#825 = EDGE_CURVE ( 'NONE', #2106, #5792, #931, .T. ) ;
#826 = EDGE_CURVE ( 'NONE', #4661, #1819, #3037, .T. ) ;
#827 = LINE ( 'NONE', #2724, #2388 ) ;
#828 = CARTESIAN_POINT ( 'NONE',  ( -5.000000000000000000, 0.6999999999999999556, -3.260758413490238603E-16 ) ) ;
#829 = LINE ( 'NONE', #5957, #5149 ) ;
#830 = DIRECTION ( 'NONE',  ( -1.000000000000000000, 0.000000000000000000, 0.000000000000000000 ) ) ;
#831 = DIRECTION ( 'NONE',  ( -0.000000000000000000, -1.000000000000000000, 0.000000000000000000 ) ) ;
#832 = VERTEX_POINT ( 'NONE', #7977 ) ;
#833 = DIRECTION ( 'NONE',  ( 0.000000000000000000, 0.000000000000000000, -1.000000000000000000 ) ) ;
#834 = ORIENTED_EDGE ( 'NONE', *, *, #3201, .T. ) ;
#835 = CARTESIAN_POINT ( 'NONE',  ( 5.999999999999998224, 2.100000000000000089, 10.44999999999999929 ) ) ;
#836 = EDGE_CURVE ( 'NONE', #5645, #4835, #2638, .T. ) ;
#837 = VERTEX_POINT ( 'NONE', #4975 ) ;
#838 = DIRECTION ( 'NONE',  ( -0.7071067811865580088, 0.000000000000000000, 0.7071067811865370256 ) ) ;
#839 = EDGE_LOOP ( 'NONE', ( #7173, #3386, #285, #5642 ) ) ;
#840 = LINE ( 'NONE', #1325, #3011 ) ;
#841 = CARTESIAN_POINT ( 'NONE',  ( 40.95836943965740318, 0.6999999999999999556, 40.95836943965740318 ) ) ;
#842 = CARTESIAN_POINT ( 'NONE',  ( 70.14213562373043942, 2.100000000000000089, 55.74213562373164166 ) ) ;
#843 = VERTEX_POINT ( 'NONE', #1903 ) ;
#844 = DIRECTION ( 'NONE',  ( 0.7071067811865456854, 0.000000000000000000, 0.7071067811865493491 ) ) ;
#845 = FACE_OUTER_BOUND ( 'NONE', #2636, .T. ) ;
#846 = EDGE_CURVE ( 'NONE', #3960, #4818, #42, .T. ) ;
#847 = CARTESIAN_POINT ( 'NONE',  ( 36.46446609406768147, 0.6999999999999999556, -54.06446609406706472 ) ) ;
#848 = AXIS2_PLACEMENT_3D ( 'NONE', #6509, #1481, #1524 ) ;
#849 = DIRECTION ( 'NONE',  ( 0.000000000000000000, 0.000000000000000000, -1.000000000000000000 ) ) ;
#850 = CARTESIAN_POINT ( 'NONE',  ( -32.11953467482550195, 2.100000000000000089, -42.72613639262370100 ) ) ;
#851 = DIRECTION ( 'NONE',  ( 0.000000000000000000, 1.000000000000000000, -0.000000000000000000 ) ) ;
#852 = CARTESIAN_POINT ( 'NONE',  ( 1.540743955509788682E-30, 2.100000000000000089, -33.90000000000001990 ) ) ;
#853 = CARTESIAN_POINT ( 'NONE',  ( -36.46446609406713435, 2.100000000000000089, -50.86446609406744557 ) ) ;
#854 = ORIENTED_EDGE ( 'NONE', *, *, #6205, .F. ) ;
#855 = VECTOR ( 'NONE', #7628, 1000.000000000000000 ) ;
#856 = EDGE_CURVE ( 'NONE', #2853, #5314, #7536, .T. ) ;
#857 = ADVANCED_FACE ( 'NONE', ( #7361 ), #1017, .F. ) ;
#858 = CIRCLE ( 'NONE', #6407, 1.600000000000018074 ) ;
#859 = VERTEX_POINT ( 'NONE', #3575 ) ;
#860 = CARTESIAN_POINT ( 'NONE',  ( 65.00000000000000000, 0.6999999999999999556, -65.00000000000000000 ) ) ;
#861 = VERTEX_POINT ( 'NONE', #6698 ) ;
#862 = VECTOR ( 'NONE', #4911, 1000.000000000000000 ) ;
#863 = ORIENTED_EDGE ( 'NONE', *, *, #5890, .F. ) ;
#864 = CIRCLE ( 'NONE', #1899, 1.000000000000000888 ) ;
#865 = DIRECTION ( 'NONE',  ( 0.000000000000000000, 1.000000000000000000, -0.000000000000000000 ) ) ;
#866 = EDGE_CURVE ( 'NONE', #1252, #6422, #3532, .T. ) ;
#867 = AXIS2_PLACEMENT_3D ( 'NONE', #8108, #502, #6325 ) ;
#868 = VERTEX_POINT ( 'NONE', #2919 ) ;
#869 = CARTESIAN_POINT ( 'NONE',  ( -1.103284130721249943E-14, 2.100000000000000089, -26.50000000000001776 ) ) ;
#870 = LINE ( 'NONE', #828, #4625 ) ;
#871 = DIRECTION ( 'NONE',  ( -0.000000000000000000, -1.000000000000000000, -0.000000000000000000 ) ) ;
#872 = AXIS2_PLACEMENT_3D ( 'NONE', #5687, #3934, #3897 ) ;
#873 = EDGE_LOOP ( 'NONE', ( #4429, #1507 ) ) ;
#874 = LINE ( 'NONE', #5879, #218 ) ;
#875 = ORIENTED_EDGE ( 'NONE', *, *, #6304, .T. ) ;
#876 = FACE_OUTER_BOUND ( 'NONE', #1419, .T. ) ;
#877 = ADVANCED_FACE ( 'NONE', ( #4348 ), #7137, .F. ) ;
#878 = ORIENTED_EDGE ( 'NONE', *, *, #4691, .F. ) ;
#879 = CARTESIAN_POINT ( 'NONE',  ( 38.55420638362329555, 0.6999999999999999556, -38.55420638362294738 ) ) ;
#880 = ORIENTED_EDGE ( 'NONE', *, *, #4936, .F. ) ;
#881 = DIRECTION ( 'NONE',  ( -0.7982148603926244590, 0.000000000000000000, -0.6023728385712481259 ) ) ;
#882 = DIRECTION ( 'NONE',  ( -0.000000000000000000, -1.000000000000000000, -0.000000000000000000 ) ) ;
#883 = FACE_OUTER_BOUND ( 'NONE', #3743, .T. ) ;
#884 = VERTEX_POINT ( 'NONE', #5850 ) ;
#885 = EDGE_CURVE ( 'NONE', #1274, #731, #7635, .T. ) ;
#886 = DIRECTION ( 'NONE',  ( 0.000000000000000000, 1.000000000000000000, -0.000000000000000000 ) ) ;
#887 = EDGE_CURVE ( 'NONE', #6459, #465, #240, .T. ) ;
#888 = CARTESIAN_POINT ( 'NONE',  ( 74.50000000000000000, 2.100000000000000089, -55.50000000000000000 ) ) ;
#889 = CARTESIAN_POINT ( 'NONE',  ( -19.09188309203669931, 2.100000000000000089, -19.09188309203683076 ) ) ;
#890 = CARTESIAN_POINT ( 'NONE',  ( 4.999999999999994671, 0.6999999999999999556, -23.75000000000000000 ) ) ;
#891 = ORIENTED_EDGE ( 'NONE', *, *, #1347, .F. ) ;
#892 = DIRECTION ( 'NONE',  ( 0.000000000000000000, 0.000000000000000000, -1.000000000000000000 ) ) ;
#893 = DIRECTION ( 'NONE',  ( 0.000000000000000000, 0.000000000000000000, 1.000000000000000000 ) ) ;
#894 = ADVANCED_FACE ( 'NONE', ( #7013 ), #3927, .T. ) ;
#895 = ORIENTED_EDGE ( 'NONE', *, *, #6544, .F. ) ;
#896 = VERTEX_POINT ( 'NONE', #1326 ) ;
#897 = ORIENTED_EDGE ( 'NONE', *, *, #4168, .F. ) ;
#898 = CYLINDRICAL_SURFACE ( 'NONE', #737, 1.600000000000000755 ) ;
#899 = CARTESIAN_POINT ( 'NONE',  ( -5.999999999999992895, 0.6999999999999999556, 23.75000000000000000 ) ) ;
#900 = ORIENTED_EDGE ( 'NONE', *, *, #780, .F. ) ;
#901 = VERTEX_POINT ( 'NONE', #2737 ) ;
#902 = VECTOR ( 'NONE', #4852, 1000.000000000000000 ) ;
#903 = ADVANCED_FACE ( 'NONE', ( #2656 ), #197, .F. ) ;
#904 = DIRECTION ( 'NONE',  ( -0.7982148603926242370, 0.000000000000000000, 0.6023728385712484590 ) ) ;
#905 = CARTESIAN_POINT ( 'NONE',  ( -4.999999999999995559, 0.6999999999999999556, 10.44999999999999929 ) ) ;
#906 = DIRECTION ( 'NONE',  ( 0.000000000000000000, 1.000000000000000000, -0.000000000000000000 ) ) ;
#907 = EDGE_CURVE ( 'NONE', #5839, #6835, #7041, .T. ) ;
#908 = VERTEX_POINT ( 'NONE', #5261 ) ;
#909 = VECTOR ( 'NONE', #1155, 1000.000000000000000 ) ;
#910 = CARTESIAN_POINT ( 'NONE',  ( 36.46446609406768147, 2.100000000000000089, -54.06446609406706472 ) ) ;
#911 = EDGE_LOOP ( 'NONE', ( #3008, #6568, #3099, #3093 ) ) ;
#912 = DIRECTION ( 'NONE',  ( -0.000000000000000000, -1.000000000000000000, -0.000000000000000000 ) ) ;
#913 = ORIENTED_EDGE ( 'NONE', *, *, #6001, .T. ) ;
#914 = ORIENTED_EDGE ( 'NONE', *, *, #2055, .T. ) ;
#915 = AXIS2_PLACEMENT_3D ( 'NONE', #2602, #979, #2562 ) ;
#916 = CARTESIAN_POINT ( 'NONE',  ( 1.131370849898491127, 2.100000000000000089, -1.131370849898491571 ) ) ;
#917 = ORIENTED_EDGE ( 'NONE', *, *, #1338, .F. ) ;
#918 = DIRECTION ( 'NONE',  ( -0.000000000000000000, -1.000000000000000000, 0.000000000000000000 ) ) ;
#919 = DIRECTION ( 'NONE',  ( 0.000000000000000000, 0.000000000000000000, -1.000000000000000000 ) ) ;
#920 = DIRECTION ( 'NONE',  ( 0.000000000000000000, 0.000000000000000000, -1.000000000000000000 ) ) ;
#921 = ORIENTED_EDGE ( 'NONE', *, *, #1245, .F. ) ;
#922 = PLANE ( 'NONE',  #7551 ) ;
#923 = ORIENTED_EDGE ( 'NONE', *, *, #1031, .T. ) ;
#924 = CARTESIAN_POINT ( 'NONE',  ( -52.46446609406718409, 2.100000000000000089, -36.46446609406750383 ) ) ;
#925 = AXIS2_PLACEMENT_3D ( 'NONE', #3042, #4196, #2260 ) ;
#926 = ADVANCED_FACE ( 'NONE', ( #7791 ), #5763, .F. ) ;
#927 = EDGE_CURVE ( 'NONE', #1728, #4617, #8095, .T. ) ;
#928 = CIRCLE ( 'NONE', #3949, 1.600000000000014522 ) ;
#929 = DIRECTION ( 'NONE',  ( -0.000000000000000000, -1.000000000000000000, -0.000000000000000000 ) ) ;
#930 = LINE ( 'NONE', #5934, #3392 ) ;
#931 = CIRCLE ( 'NONE', #1188, 1.600000000000004086 ) ;
#932 = CARTESIAN_POINT ( 'NONE',  ( -65.00000000000000000, 0.6999999999999999556, -65.00000000000000000 ) ) ;
#933 = DIRECTION ( 'NONE',  ( 0.000000000000000000, 0.000000000000000000, -1.000000000000000000 ) ) ;
#934 = ORIENTED_EDGE ( 'NONE', *, *, #6660, .F. ) ;
#935 = CARTESIAN_POINT ( 'NONE',  ( -19.09188309203676326, 0.6999999999999999556, 20.69188309203676468 ) ) ;
#936 = AXIS2_PLACEMENT_3D ( 'NONE', #6860, #2538, #6943 ) ;
#937 = ORIENTED_EDGE ( 'NONE', *, *, #1010, .F. ) ;
#938 = ORIENTED_EDGE ( 'NONE', *, *, #7434, .F. ) ;
#939 = EDGE_CURVE ( 'NONE', #993, #6278, #6362, .T. ) ;
#940 = ORIENTED_EDGE ( 'NONE', *, *, #271, .F. ) ;
#941 = CARTESIAN_POINT ( 'NONE',  ( -6.000000000000000000, 2.100000000000000089, -23.75000000000000000 ) ) ;
#942 = DIRECTION ( 'NONE',  ( 0.000000000000000000, 0.000000000000000000, -1.000000000000000000 ) ) ;
#943 = EDGE_LOOP ( 'NONE', ( #5919, #6213 ) ) ;
#944 = VERTEX_POINT ( 'NONE', #2068 ) ;
#945 = CC_DESIGN_APPROVAL ( #7756, ( #6629 ) ) ;
#946 = DIRECTION ( 'NONE',  ( 0.000000000000000000, 0.000000000000000000, 1.000000000000000000 ) ) ;
#947 = VECTOR ( 'NONE', #6485, 1000.000000000000000 ) ;
#948 = EDGE_CURVE ( 'NONE', #1225, #8033, #686, .T. ) ;
#949 = CARTESIAN_POINT ( 'NONE',  ( 16.48560856174882616, 2.100000000000000089, 17.08037545153020886 ) ) ;
#950 = MECHANICAL_CONTEXT ( 'NONE', #2264, 'mechanical' ) ;
#951 = DIRECTION ( 'NONE',  ( 0.000000000000000000, 0.000000000000000000, 1.000000000000000000 ) ) ;
#952 = EDGE_LOOP ( 'NONE', ( #5916, #1148, #6761, #954 ) ) ;
#953 = CYLINDRICAL_SURFACE ( 'NONE', #4028, 1.600000000000000755 ) ;
#954 = ORIENTED_EDGE ( 'NONE', *, *, #5117, .T. ) ;
#955 = DIRECTION ( 'NONE',  ( 0.000000000000000000, -0.000000000000000000, 1.000000000000000000 ) ) ;
#956 = EDGE_CURVE ( 'NONE', #5844, #1624, #7750, .T. ) ;
#957 = VERTEX_POINT ( 'NONE', #718 ) ;
#958 = CIRCLE ( 'NONE', #5580, 1.600000000000000755 ) ;
#959 = DIRECTION ( 'NONE',  ( -0.000000000000000000, -1.000000000000000000, 0.000000000000000000 ) ) ;
#960 = ORIENTED_EDGE ( 'NONE', *, *, #5567, .F. ) ;
#961 = DIRECTION ( 'NONE',  ( -0.000000000000000000, -1.000000000000000000, -0.000000000000000000 ) ) ;
#962 = DIRECTION ( 'NONE',  ( -0.000000000000000000, -1.000000000000000000, -0.000000000000000000 ) ) ;
#963 = CARTESIAN_POINT ( 'NONE',  ( 52.46446609406756068, 0.6999999999999999556, -36.46446609406696382 ) ) ;
#964 = VERTEX_POINT ( 'NONE', #3231 ) ;
#965 = DIRECTION ( 'NONE',  ( 0.000000000000000000, 0.000000000000000000, 1.000000000000000000 ) ) ;
#966 = CARTESIAN_POINT ( 'NONE',  ( 25.50000000000000000, 0.6999999999999999556, 48.89999999999999858 ) ) ;
#967 = VECTOR ( 'NONE', #4734, 1000.000000000000000 ) ;
#968 = DIRECTION ( 'NONE',  ( 0.000000000000000000, 0.000000000000000000, -1.000000000000000000 ) ) ;
#969 = CARTESIAN_POINT ( 'NONE',  ( 42.72613639262380048, 0.6999999999999999556, 32.11953467482550195 ) ) ;
#970 = DIRECTION ( 'NONE',  ( -0.000000000000000000, -1.000000000000000000, -0.000000000000000000 ) ) ;
#971 = EDGE_CURVE ( 'NONE', #5754, #6715, #5832, .T. ) ;
#972 = ORIENTED_EDGE ( 'NONE', *, *, #682, .T. ) ;
#973 = ORIENTED_EDGE ( 'NONE', *, *, #4455, .F. ) ;
#974 = VECTOR ( 'NONE', #6173, 1000.000000000000000 ) ;
#975 = DIRECTION ( 'NONE',  ( 0.000000000000000000, 1.000000000000000000, -0.000000000000000000 ) ) ;
#976 = LINE ( 'NONE', #529, #2917 ) ;
#977 = EDGE_LOOP ( 'NONE', ( #568, #5621 ) ) ;
#978 = ORIENTED_EDGE ( 'NONE', *, *, #6398, .F. ) ;
#979 = DIRECTION ( 'NONE',  ( 0.000000000000000000, 1.000000000000000000, -0.000000000000000000 ) ) ;
#980 = CARTESIAN_POINT ( 'NONE',  ( -30.06892500938459989, 2.100000000000000089, -27.80618330958759898 ) ) ;
#981 = AXIS2_PLACEMENT_3D ( 'NONE', #7916, #2236, #1612 ) ;
#982 = EDGE_CURVE ( 'NONE', #1891, #4737, #5177, .T. ) ;
#983 = CIRCLE ( 'NONE', #8127, 1.600000000000000755 ) ;
#984 = CYLINDRICAL_SURFACE ( 'NONE', #1065, 1.600000000000004086 ) ;
#985 = DATE_TIME_ROLE ( 'creation_date' ) ;
#986 = VERTEX_POINT ( 'NONE', #5722 ) ;
#987 = CARTESIAN_POINT ( 'NONE',  ( 54.14213562373090127, 2.100000000000000089, -70.14213562373100785 ) ) ;
#988 = CYLINDRICAL_SURFACE ( 'NONE', #4020, 1.600000000000000755 ) ;
#989 = ORIENTED_EDGE ( 'NONE', *, *, #5034, .F. ) ;
#990 = FACE_OUTER_BOUND ( 'NONE', #1343, .T. ) ;
#991 = EDGE_CURVE ( 'NONE', #6787, #7457, #5436, .T. ) ;
#992 = ORIENTED_EDGE ( 'NONE', *, *, #2288, .T. ) ;
#993 = VERTEX_POINT ( 'NONE', #7671 ) ;
#994 = AXIS2_PLACEMENT_3D ( 'NONE', #3452, #6273, #5608 ) ;
#995 = VECTOR ( 'NONE', #6095, 1000.000000000000000 ) ;
#996 = DIRECTION ( 'NONE',  ( 0.000000000000000000, 0.000000000000000000, 1.000000000000000000 ) ) ;
#997 = VERTEX_POINT ( 'NONE', #1984 ) ;
#998 = CYLINDRICAL_SURFACE ( 'NONE', #1813, 9.000000000000001776 ) ;
#999 = CARTESIAN_POINT ( 'NONE',  ( 22.39999999999999858, 2.100000000000000089, 0.000000000000000000 ) ) ;
#1000 = DIRECTION ( 'NONE',  ( 0.000000000000000000, 0.000000000000000000, 1.000000000000000000 ) ) ;
#1001 = ORIENTED_EDGE ( 'NONE', *, *, #3374, .T. ) ;
#1002 = CARTESIAN_POINT ( 'NONE',  ( 0.000000000000000000, 2.100000000000000089, -50.50000000000000000 ) ) ;
#1003 = ADVANCED_FACE ( 'NONE', ( #1362 ), #7057, .F. ) ;
#1004 = CYLINDRICAL_SURFACE ( 'NONE', #3346, 1.599999999999997202 ) ;
#1005 = CIRCLE ( 'NONE', #5226, 2.000000000000001776 ) ;
#1006 = CIRCLE ( 'NONE', #1919, 1.000000000000000888 ) ;
#1007 = DIRECTION ( 'NONE',  ( -0.000000000000000000, -1.000000000000000000, -0.000000000000000000 ) ) ;
#1008 = FACE_OUTER_BOUND ( 'NONE', #1167, .T. ) ;
#1009 = DIRECTION ( 'NONE',  ( 0.000000000000000000, 1.000000000000000000, -0.000000000000000000 ) ) ;
#1010 = EDGE_CURVE ( 'NONE', #5045, #832, #5468, .T. ) ;
#1011 = DIRECTION ( 'NONE',  ( -0.000000000000000000, -1.000000000000000000, -0.000000000000000000 ) ) ;
#1012 = ORIENTED_EDGE ( 'NONE', *, *, #743, .T. ) ;
#1013 = VERTEX_POINT ( 'NONE', #7996 ) ;
#1014 = CARTESIAN_POINT ( 'NONE',  ( -15.98566790351172884, 0.6999999999999999556, -16.21431578947368024 ) ) ;
#1015 = DIRECTION ( 'NONE',  ( 0.000000000000000000, 0.000000000000000000, -1.000000000000000000 ) ) ;
#1016 = VERTEX_POINT ( 'NONE', #7875 ) ;
#1017 = PLANE ( 'NONE',  #4891 ) ;
#1018 = FACE_BOUND ( 'NONE', #6907, .T. ) ;
#1019 = CARTESIAN_POINT ( 'NONE',  ( 24.00000000000000000, 0.6999999999999999556, -15.50000000000000000 ) ) ;
#1020 = AXIS2_PLACEMENT_3D ( 'NONE', #1869, #4479, #5025 ) ;
#1021 = CARTESIAN_POINT ( 'NONE',  ( 74.50000000000000000, 0.6999999999999999556, -55.50000000000000000 ) ) ;
#1022 = ADVANCED_FACE ( 'NONE', ( #275 ), #6676, .F. ) ;
#1023 = EDGE_CURVE ( 'NONE', #3617, #1825, #3189, .T. ) ;
#1024 = DIRECTION ( 'NONE',  ( 0.000000000000000000, 0.000000000000000000, 1.000000000000000000 ) ) ;
#1025 = PERSON_AND_ORGANIZATION_ROLE ( 'creator' ) ;
#1026 = ORIENTED_EDGE ( 'NONE', *, *, #359, .T. ) ;
#1027 = CARTESIAN_POINT ( 'NONE',  ( 18.50385078242113579, 0.6999999999999999556, 3.754999999999999005 ) ) ;
#1028 = PLANE ( 'NONE',  #1652 ) ;
#1029 = ORIENTED_EDGE ( 'NONE', *, *, #3024, .F. ) ;
#1030 = VERTEX_POINT ( 'NONE', #1645 ) ;
#1031 = EDGE_CURVE ( 'NONE', #3063, #3666, #4174, .T. ) ;
#1032 = CARTESIAN_POINT ( 'NONE',  ( -19.50385078242113934, 2.100000000000000089, 3.755000000000001670 ) ) ;
#1033 = EDGE_LOOP ( 'NONE', ( #5778, #2900, #5445, #6792, #2672, #5527, #3092 ) ) ;
#1034 = CARTESIAN_POINT ( 'NONE',  ( -40.95836943965729660, 2.100000000000000089, 39.35836943965738755 ) ) ;
#1035 = DIRECTION ( 'NONE',  ( 0.000000000000000000, 0.000000000000000000, 1.000000000000000000 ) ) ;
#1036 = EDGE_LOOP ( 'NONE', ( #2397, #649, #7590, #4660 ) ) ;
#1037 = FACE_OUTER_BOUND ( 'NONE', #2675, .T. ) ;
#1038 = EDGE_LOOP ( 'NONE', ( #914, #4302 ) ) ;
#1039 = DIRECTION ( 'NONE',  ( 0.000000000000000000, 0.000000000000000000, 1.000000000000000000 ) ) ;
#1040 = ORIENTED_EDGE ( 'NONE', *, *, #2809, .T. ) ;
#1041 = CARTESIAN_POINT ( 'NONE',  ( 55.50000000000000000, 0.6999999999999999556, -64.50000000000000000 ) ) ;
#1042 = AXIS2_PLACEMENT_3D ( 'NONE', #7725, #7765, #5901 ) ;
#1043 = ADVANCED_FACE ( 'NONE', ( #7381 ), #361, .F. ) ;
#1044 = CARTESIAN_POINT ( 'NONE',  ( -28.93755415948609766, 2.100000000000000089, 27.33755415948608203 ) ) ;
#1045 = CARTESIAN_POINT ( 'NONE',  ( 28.93755415948609766, 2.100000000000000089, 27.33755415948606426 ) ) ;
#1046 = VECTOR ( 'NONE', #8058, 1000.000000000000000 ) ;
#1047 = CARTESIAN_POINT ( 'NONE',  ( 2.500000000000001332, 2.100000000000000089, 4.330127018922195425 ) ) ;
#1048 = VECTOR ( 'NONE', #4997, 1000.000000000000000 ) ;
#1049 = ORIENTED_EDGE ( 'NONE', *, *, #575, .F. ) ;
#1050 = AXIS2_PLACEMENT_3D ( 'NONE', #6277, #5649, #1258 ) ;
#1051 = ORIENTED_EDGE ( 'NONE', *, *, #337, .F. ) ;
#1052 = EDGE_CURVE ( 'NONE', #6787, #527, #5425, .T. ) ;
#1053 = EDGE_CURVE ( 'NONE', #7708, #1364, #6092, .T. ) ;
#1054 = CARTESIAN_POINT ( 'NONE',  ( -22.62741699796950101, 0.6999999999999999556, 22.62741699796950101 ) ) ;
#1055 = CARTESIAN_POINT ( 'NONE',  ( 32.00000000000000000, 2.100000000000000089, -7.837739514543060526E-15 ) ) ;
#1056 = VERTEX_POINT ( 'NONE', #1527 ) ;
#1057 = CARTESIAN_POINT ( 'NONE',  ( 5.999999999999998224, 2.100000000000000089, 9.449999999999997513 ) ) ;
#1058 = CARTESIAN_POINT ( 'NONE',  ( -4.999999999999995559, 2.100000000000000089, 10.44999999999999929 ) ) ;
#1059 = DIRECTION ( 'NONE',  ( -0.000000000000000000, -1.000000000000000000, -0.000000000000000000 ) ) ;
#1060 = AXIS2_PLACEMENT_3D ( 'NONE', #5577, #8023, #6791 ) ;
#1061 = AXIS2_PLACEMENT_3D ( 'NONE', #4266, #3483, #5441 ) ;
#1062 = FACE_OUTER_BOUND ( 'NONE', #4074, .T. ) ;
#1063 = AXIS2_PLACEMENT_3D ( 'NONE', #1152, #585, #6927 ) ;
#1064 = AXIS2_PLACEMENT_3D ( 'NONE', #4436, #1665, #4778 ) ;
#1065 = AXIS2_PLACEMENT_3D ( 'NONE', #3622, #7487, #6123 ) ;
#1066 = CIRCLE ( 'NONE', #3176, 1.000000000000000888 ) ;
#1067 = DIRECTION ( 'NONE',  ( -0.000000000000000000, -1.000000000000000000, -0.000000000000000000 ) ) ;
#1068 = DATE_AND_TIME ( #5456, #1592 ) ;
#1069 = VERTEX_POINT ( 'NONE', #3471 ) ;
#1070 = CYLINDRICAL_SURFACE ( 'NONE', #596, 1.600000000000004086 ) ;
#1071 = FACE_OUTER_BOUND ( 'NONE', #2295, .T. ) ;
#1072 = AXIS2_PLACEMENT_3D ( 'NONE', #2255, #4900, #5526 ) ;
#1073 = CIRCLE ( 'NONE', #281, 1.000000000000004441 ) ;
#1074 = ADVANCED_FACE ( 'NONE', ( #3552 ), #5343, .F. ) ;
#1075 = ORIENTED_EDGE ( 'NONE', *, *, #4306, .F. ) ;
#1076 = VECTOR ( 'NONE', #3976, 1000.000000000000000 ) ;
#1077 = ORIENTED_EDGE ( 'NONE', *, *, #6700, .F. ) ;
#1078 = DIRECTION ( 'NONE',  ( 0.000000000000000000, 0.000000000000000000, 1.000000000000000000 ) ) ;
#1079 = CYLINDRICAL_SURFACE ( 'NONE', #3159, 1.600000000000004086 ) ;
#1080 = VERTEX_POINT ( 'NONE', #6009 ) ;
#1081 = CARTESIAN_POINT ( 'NONE',  ( 32.00000000000000000, 2.100000000000000089, -1.600000000000006084 ) ) ;
#1082 = FACE_OUTER_BOUND ( 'NONE', #7612, .T. ) ;
#1083 = ORIENTED_EDGE ( 'NONE', *, *, #6121, .T. ) ;
#1084 = FACE_BOUND ( 'NONE', #3097, .T. ) ;
#1085 = ORIENTED_EDGE ( 'NONE', *, *, #4056, .T. ) ;
#1086 = FACE_OUTER_BOUND ( 'NONE', #242, .T. ) ;
#1087 = ORIENTED_EDGE ( 'NONE', *, *, #7415, .F. ) ;
#1088 = DIRECTION ( 'NONE',  ( 0.000000000000000000, 0.000000000000000000, -1.000000000000000000 ) ) ;
#1089 = ADVANCED_FACE ( 'NONE', ( #2153 ), #7221, .F. ) ;
#1090 = LINE ( 'NONE', #1044, #4495 ) ;
#1091 = DIRECTION ( 'NONE',  ( 0.7071067811865493491, 0.000000000000000000, -0.7071067811865456854 ) ) ;
#1092 = CYLINDRICAL_SURFACE ( 'NONE', #2114, 1.600000000000000755 ) ;
#1093 = ADVANCED_FACE ( 'NONE', ( #7257 ), #3513, .F. ) ;
#1094 = ORIENTED_EDGE ( 'NONE', *, *, #15, .F. ) ;
#1095 = ORIENTED_EDGE ( 'NONE', *, *, #6396, .T. ) ;
#1096 = DIRECTION ( 'NONE',  ( 0.000000000000000000, 1.000000000000000000, -0.000000000000000000 ) ) ;
#1097 = CARTESIAN_POINT ( 'NONE',  ( -32.11953467482550195, 2.100000000000000089, 42.72613639262380048 ) ) ;
#1098 = ORIENTED_EDGE ( 'NONE', *, *, #542, .F. ) ;
#1099 = FACE_BOUND ( 'NONE', #7034, .T. ) ;
#1100 = LINE ( 'NONE', #3001, #1046 ) ;
#1101 = ORIENTED_EDGE ( 'NONE', *, *, #7005, .F. ) ;
#1102 = DIRECTION ( 'NONE',  ( -0.000000000000000000, -1.000000000000000000, -0.000000000000000000 ) ) ;
#1103 = EDGE_CURVE ( 'NONE', #265, #1080, #5446, .T. ) ;
#1104 = EDGE_CURVE ( 'NONE', #3749, #2792, #2932, .T. ) ;
#1105 = ORIENTED_EDGE ( 'NONE', *, *, #4466, .F. ) ;
#1106 = DIRECTION ( 'NONE',  ( 0.000000000000000000, 0.000000000000000000, -1.000000000000000000 ) ) ;
#1107 = ORIENTED_EDGE ( 'NONE', *, *, #210, .F. ) ;
#1108 = AXIS2_PLACEMENT_3D ( 'NONE', #1002, #4728, #8000 ) ;
#1109 = DIRECTION ( 'NONE',  ( 0.7071067811865442421, 0.000000000000000000, 0.7071067811865507924 ) ) ;
#1110 = ORIENTED_EDGE ( 'NONE', *, *, #2393, .F. ) ;
#1111 = VECTOR ( 'NONE', #3301, 1000.000000000000000 ) ;
#1112 = VERTEX_POINT ( 'NONE', #2775 ) ;
#1113 = DIRECTION ( 'NONE',  ( 0.000000000000000000, 0.000000000000000000, 1.000000000000000000 ) ) ;
#1114 = LINE ( 'NONE', #5627, #3687 ) ;
#1115 = EDGE_LOOP ( 'NONE', ( #2715, #1607, #8009, #699 ) ) ;
#1116 = CYLINDRICAL_SURFACE ( 'NONE', #2484, 1.600000000000032063 ) ;
#1117 = ORIENTED_EDGE ( 'NONE', *, *, #6190, .F. ) ;
#1118 = FACE_BOUND ( 'NONE', #2113, .T. ) ;
#1119 = ORIENTED_EDGE ( 'NONE', *, *, #3802, .T. ) ;
#1120 = AXIS2_PLACEMENT_3D ( 'NONE', #5871, #1306, #182 ) ;
#1121 = PLANE ( 'NONE',  #7460 ) ;
#1122 = ORIENTED_EDGE ( 'NONE', *, *, #3980, .T. ) ;
#1123 = VECTOR ( 'NONE', #7618, 1000.000000000000000 ) ;
#1124 = CARTESIAN_POINT ( 'NONE',  ( -47.30000000000000426, 2.100000000000000089, 0.000000000000000000 ) ) ;
#1125 = EDGE_CURVE ( 'NONE', #5469, #3617, #2816, .T. ) ;
#1126 = VERTEX_POINT ( 'NONE', #4095 ) ;
#1127 = ADVANCED_FACE ( 'NONE', ( #4684 ), #2197, .F. ) ;
#1128 = CYLINDRICAL_SURFACE ( 'NONE', #7647, 1.599999999999997202 ) ;
#1129 = LINE ( 'NONE', #2536, #7444 ) ;
#1130 = LINE ( 'NONE', #2246, #6222 ) ;
#1131 = VERTEX_POINT ( 'NONE', #4725 ) ;
#1132 = ORIENTED_EDGE ( 'NONE', *, *, #4827, .F. ) ;
#1133 = CARTESIAN_POINT ( 'NONE',  ( 15.98566790351172884, 0.6999999999999999556, -16.21431578947368024 ) ) ;
#1134 = EDGE_CURVE ( 'NONE', #1849, #530, #1567, .T. ) ;
#1135 = DIRECTION ( 'NONE',  ( -0.000000000000000000, -1.000000000000000000, -0.000000000000000000 ) ) ;
#1136 = ORIENTED_EDGE ( 'NONE', *, *, #192, .T. ) ;
#1137 = LINE ( 'NONE', #2165, #1823 ) ;
#1138 = CARTESIAN_POINT ( 'NONE',  ( 55.50000000000000000, 2.100000000000000089, 46.50000000000000000 ) ) ;
#1139 = ORIENTED_EDGE ( 'NONE', *, *, #104, .T. ) ;
#1140 = CARTESIAN_POINT ( 'NONE',  ( 22.62741699796950101, 0.6999999999999999556, 24.22741699796949888 ) ) ;
#1141 = PLANE ( 'NONE',  #1461 ) ;
#1142 = ADVANCED_FACE ( 'NONE', ( #5550 ), #6802, .F. ) ;
#1143 = CARTESIAN_POINT ( 'NONE',  ( -5.999999999999992895, 2.100000000000000089, 23.75000000000000000 ) ) ;
#1144 = VERTEX_POINT ( 'NONE', #3673 ) ;
#1145 = AXIS2_PLACEMENT_3D ( 'NONE', #3039, #5570, #4358 ) ;
#1146 = CARTESIAN_POINT ( 'NONE',  ( 52.46446609406756068, 0.6999999999999999556, -38.06446609406695814 ) ) ;
#1147 = VECTOR ( 'NONE', #7799, 1000.000000000000114 ) ;
#1148 = ORIENTED_EDGE ( 'NONE', *, *, #5913, .F. ) ;
#1149 = ORIENTED_EDGE ( 'NONE', *, *, #5505, .T. ) ;
#1150 = EDGE_CURVE ( 'NONE', #2733, #3630, #8035, .T. ) ;
#1151 = EDGE_CURVE ( 'NONE', #1274, #2435, #4912, .T. ) ;
#1152 = CARTESIAN_POINT ( 'NONE',  ( -24.00000000000000000, 2.100000000000000089, -15.50000000000000000 ) ) ;
#1153 = CARTESIAN_POINT ( 'NONE',  ( 16.48560856174882616, 2.100000000000000089, 17.08037545153020886 ) ) ;
#1154 = EDGE_LOOP ( 'NONE', ( #4342, #6191, #1083, #4329 ) ) ;
#1155 = DIRECTION ( 'NONE',  ( -0.7071067811865456854, 0.000000000000000000, -0.7071067811865493491 ) ) ;
#1156 = ORIENTED_EDGE ( 'NONE', *, *, #3163, .F. ) ;
#1157 = FACE_BOUND ( 'NONE', #5018, .T. ) ;
#1158 = ORIENTED_EDGE ( 'NONE', *, *, #291, .T. ) ;
#1159 = VECTOR ( 'NONE', #2414, 1000.000000000000000 ) ;
#1160 = CARTESIAN_POINT ( 'NONE',  ( 30.06892500938459989, 2.100000000000000089, 27.80618330958759898 ) ) ;
#1161 = ORIENTED_EDGE ( 'NONE', *, *, #1417, .T. ) ;
#1162 = AXIS2_PLACEMENT_3D ( 'NONE', #3725, #6226, #5598 ) ;
#1163 = VERTEX_POINT ( 'NONE', #3715 ) ;
#1164 = CARTESIAN_POINT ( 'NONE',  ( -6.695712039061111120, 2.100000000000000089, 24.46832079094609469 ) ) ;
#1165 = DIRECTION ( 'NONE',  ( -0.000000000000000000, -1.000000000000000000, -0.000000000000000000 ) ) ;
#1166 = CARTESIAN_POINT ( 'NONE',  ( 0.000000000000000000, 2.100000000000000089, 74.50000000000000000 ) ) ;
#1167 = EDGE_LOOP ( 'NONE', ( #95, #3709, #7356, #3056 ) ) ;
#1168 = CARTESIAN_POINT ( 'NONE',  ( -36.46446609406732620, 2.100000000000000089, 52.46446609406731199 ) ) ;
#1169 = VECTOR ( 'NONE', #1769, 1000.000000000000000 ) ;
#1170 = ORIENTED_EDGE ( 'NONE', *, *, #5331, .T. ) ;
#1171 = EDGE_CURVE ( 'NONE', #7096, #7908, #6299, .T. ) ;
#1172 = EDGE_CURVE ( 'NONE', #5960, #4595, #8158, .T. ) ;
#1173 = VERTEX_POINT ( 'NONE', #2982 ) ;
#1174 = DIRECTION ( 'NONE',  ( -1.956455048094143162E-16, 0.000000000000000000, 1.000000000000000000 ) ) ;
#1175 = CARTESIAN_POINT ( 'NONE',  ( 18.50385078242113579, 2.100000000000000089, -3.755000000000001226 ) ) ;
#1176 = FACE_BOUND ( 'NONE', #8012, .T. ) ;
#1177 = DIRECTION ( 'NONE',  ( 0.000000000000000000, 0.000000000000000000, -1.000000000000000000 ) ) ;
#1178 = ORIENTED_EDGE ( 'NONE', *, *, #1605, .T. ) ;
#1179 = LINE ( 'NONE', #7522, #6646 ) ;
#1180 = CARTESIAN_POINT ( 'NONE',  ( 28.93755415948609766, 2.100000000000000089, 28.93755415948609766 ) ) ;
#1181 = VERTEX_POINT ( 'NONE', #7542 ) ;
#1182 = EDGE_CURVE ( 'NONE', #4631, #193, #958, .T. ) ;
#1183 = CIRCLE ( 'NONE', #7667, 1.599999999999990319 ) ;
#1184 = DIRECTION ( 'NONE',  ( 0.7071067811865470176, 0.000000000000000000, -0.7071067811865480168 ) ) ;
#1185 = AXIS2_PLACEMENT_3D ( 'NONE', #7982, #4866, #1024 ) ;
#1186 = EDGE_LOOP ( 'NONE', ( #1269, #6933 ) ) ;
#1187 = AXIS2_PLACEMENT_3D ( 'NONE', #3443, #1374, #249 ) ;
#1188 = AXIS2_PLACEMENT_3D ( 'NONE', #1861, #3768, #1285 ) ;
#1189 = FACE_OUTER_BOUND ( 'NONE', #1387, .T. ) ;
#1190 = ADVANCED_FACE ( 'NONE', ( #1082 ), #6136, .F. ) ;
#1191 = AXIS2_PLACEMENT_3D ( 'NONE', #6410, #137, #3867 ) ;
#1192 = VECTOR ( 'NONE', #3771, 1000.000000000000000 ) ;
#1193 = EDGE_LOOP ( 'NONE', ( #1170, #7769, #7317, #1714 ) ) ;
#1194 = AXIS2_PLACEMENT_3D ( 'NONE', #1886, #3793, #4420 ) ;
#1195 = VERTEX_POINT ( 'NONE', #1140 ) ;
#1196 = CARTESIAN_POINT ( 'NONE',  ( 16.48560856174882971, 2.100000000000000089, -15.34825612741715339 ) ) ;
#1197 = CARTESIAN_POINT ( 'NONE',  ( -70.14213562373100785, 2.100000000000000089, 52.54213562373099933 ) ) ;
#1198 = ORIENTED_EDGE ( 'NONE', *, *, #4065, .F. ) ;
#1199 = LINE ( 'NONE', #1809, #1169 ) ;
#1200 = AXIS2_PLACEMENT_3D ( 'NONE', #1097, #4817, #7932 ) ;
#1201 = ORIENTED_EDGE ( 'NONE', *, *, #2004, .T. ) ;
#1202 = FACE_OUTER_BOUND ( 'NONE', #2237, .T. ) ;
#1203 = EDGE_LOOP ( 'NONE', ( #3028, #618, #375, #6697 ) ) ;
#1204 = CARTESIAN_POINT ( 'NONE',  ( -36.46446609406713435, 2.100000000000000089, -54.06446609406742709 ) ) ;
#1205 = ORIENTED_EDGE ( 'NONE', *, *, #6574, .T. ) ;
#1206 = EDGE_CURVE ( 'NONE', #6887, #5589, #5712, .T. ) ;
#1207 = EDGE_CURVE ( 'NONE', #6099, #1437, #7174, .T. ) ;
#1208 = DIRECTION ( 'NONE',  ( 0.000000000000000000, 0.000000000000000000, -1.000000000000000000 ) ) ;
#1209 = ORIENTED_EDGE ( 'NONE', *, *, #6650, .T. ) ;
#1210 = VECTOR ( 'NONE', #7841, 1000.000000000000000 ) ;
#1211 = DIRECTION ( 'NONE',  ( 0.000000000000000000, 1.000000000000000000, -0.000000000000000000 ) ) ;
#1212 = CARTESIAN_POINT ( 'NONE',  ( 12.50000000000000000, 0.6999999999999999556, 30.50000000000002842 ) ) ;
#1213 = DIRECTION ( 'NONE',  ( -0.000000000000000000, -1.000000000000000000, -0.000000000000000000 ) ) ;
#1214 = DIRECTION ( 'NONE',  ( 0.000000000000000000, 0.000000000000000000, 1.000000000000000000 ) ) ;
#1215 = EDGE_LOOP ( 'NONE', ( #7016, #5852, #5256, #4574 ) ) ;
#1216 = ORIENTED_EDGE ( 'NONE', *, *, #7167, .T. ) ;
#1217 = DIRECTION ( 'NONE',  ( -0.000000000000000000, -1.000000000000000000, -0.000000000000000000 ) ) ;
#1218 = DIRECTION ( 'NONE',  ( -0.000000000000000000, -1.000000000000000000, -0.000000000000000000 ) ) ;
#1219 = CYLINDRICAL_SURFACE ( 'NONE', #7007, 1.599999999999997202 ) ;
#1220 = ADVANCED_FACE ( 'NONE', ( #5532 ), #4944, .F. ) ;
#1221 = ORIENTED_EDGE ( 'NONE', *, *, #1452, .F. ) ;
#1222 = CARTESIAN_POINT ( 'NONE',  ( 30.98816382492704946, 2.100000000000000089, -41.59476554272529114 ) ) ;
#1223 = EDGE_LOOP ( 'NONE', ( #3406, #6271 ) ) ;
#1224 = DIRECTION ( 'NONE',  ( 0.000000000000000000, 0.000000000000000000, 1.000000000000000000 ) ) ;
#1225 = VERTEX_POINT ( 'NONE', #4823 ) ;
#1226 = EDGE_CURVE ( 'NONE', #7552, #6565, #1179, .T. ) ;
#1227 = AXIS2_PLACEMENT_3D ( 'NONE', #1459, #4610, #7149 ) ;
#1228 = ADVANCED_FACE ( 'NONE', ( #6703 ), #1669, .F. ) ;
#1229 = CARTESIAN_POINT ( 'NONE',  ( 33.25090552472404681, 0.6999999999999999556, -43.85750724252224586 ) ) ;
#1230 = VERTEX_POINT ( 'NONE', #1997 ) ;
#1231 = VERTEX_POINT ( 'NONE', #7070 ) ;
#1232 = CARTESIAN_POINT ( 'NONE',  ( 5.999999999999996447, 2.100000000000000089, -23.75000000000000000 ) ) ;
#1233 = CARTESIAN_POINT ( 'NONE',  ( 27.80618330958759898, 2.100000000000000089, 30.06892500938459989 ) ) ;
#1234 = ORIENTED_EDGE ( 'NONE', *, *, #1989, .T. ) ;
#1235 = EDGE_CURVE ( 'NONE', #6510, #693, #5029, .T. ) ;
#1236 = LINE ( 'NONE', #5667, #3282 ) ;
#1237 = FACE_BOUND ( 'NONE', #4858, .T. ) ;
#1238 = ORIENTED_EDGE ( 'NONE', *, *, #1802, .F. ) ;
#1239 = CARTESIAN_POINT ( 'NONE',  ( -36.46446609406732620, 2.100000000000000089, 54.06446609406730630 ) ) ;
#1240 = EDGE_LOOP ( 'NONE', ( #7844, #5779, #8137, #4919, #8107 ) ) ;
#1241 = CIRCLE ( 'NONE', #83, 1.600000000000004086 ) ;
#1242 = CARTESIAN_POINT ( 'NONE',  ( -19.09188309203676326, 0.6999999999999999556, 19.09188309203676326 ) ) ;
#1243 = VECTOR ( 'NONE', #6504, 1000.000000000000000 ) ;
#1244 = ORIENTED_EDGE ( 'NONE', *, *, #8042, .T. ) ;
#1245 = EDGE_CURVE ( 'NONE', #2839, #5765, #5693, .T. ) ;
#1246 = LINE ( 'NONE', #7790, #6867 ) ;
#1247 = DIRECTION ( 'NONE',  ( -1.000000000000000000, 0.000000000000000000, 1.956455048094143408E-16 ) ) ;
#1248 = DIRECTION ( 'NONE',  ( 0.000000000000000000, 0.000000000000000000, 1.000000000000000000 ) ) ;
#1249 = DIRECTION ( 'NONE',  ( 0.000000000000000000, 0.000000000000000000, -1.000000000000000000 ) ) ;
#1250 = AXIS2_PLACEMENT_3D ( 'NONE', #6153, #492, #2382 ) ;
#1251 = VECTOR ( 'NONE', #1109, 1000.000000000000114 ) ;
#1252 = VERTEX_POINT ( 'NONE', #5068 ) ;
#1253 = ORIENTED_EDGE ( 'NONE', *, *, #7633, .F. ) ;
#1254 = DIRECTION ( 'NONE',  ( 0.000000000000000000, 0.000000000000000000, 1.000000000000000000 ) ) ;
#1255 = ADVANCED_FACE ( 'NONE', ( #53 ), #4524, .F. ) ;
#1256 = DIRECTION ( 'NONE',  ( 0.000000000000000000, 0.000000000000000000, -1.000000000000000000 ) ) ;
#1257 = FACE_BOUND ( 'NONE', #1038, .T. ) ;
#1258 = DIRECTION ( 'NONE',  ( 0.000000000000000000, 0.000000000000000000, -1.000000000000000000 ) ) ;
#1259 = ORIENTED_EDGE ( 'NONE', *, *, #7819, .T. ) ;
#1260 = CARTESIAN_POINT ( 'NONE',  ( 50.50000000000000000, 0.6999999999999999556, 25.50000000000000000 ) ) ;
#1261 = VECTOR ( 'NONE', #6401, 1000.000000000000000 ) ;
#1262 = ORIENTED_EDGE ( 'NONE', *, *, #5458, .F. ) ;
#1263 = AXIS2_PLACEMENT_3D ( 'NONE', #4005, #3382, #3843 ) ;
#1264 = ORIENTED_EDGE ( 'NONE', *, *, #846, .F. ) ;
#1265 = CARTESIAN_POINT ( 'NONE',  ( -4.999999999999998224, 0.6999999999999999556, -23.75000000000000000 ) ) ;
#1266 = ORIENTED_EDGE ( 'NONE', *, *, #5022, .T. ) ;
#1267 = LINE ( 'NONE', #6961, #1251 ) ;
#1268 = EDGE_CURVE ( 'NONE', #6759, #3186, #7570, .T. ) ;
#1269 = ORIENTED_EDGE ( 'NONE', *, *, #2634, .T. ) ;
#1270 = ORIENTED_EDGE ( 'NONE', *, *, #4289, .F. ) ;
#1271 = CARTESIAN_POINT ( 'NONE',  ( 33.88730162779190636, 2.100000000000000089, -33.88730162779190636 ) ) ;
#1272 = DIRECTION ( 'NONE',  ( 0.000000000000000000, 1.000000000000000000, -0.000000000000000000 ) ) ;
#1273 = DIRECTION ( 'NONE',  ( -0.000000000000000000, -1.000000000000000000, -0.000000000000000000 ) ) ;
#1274 = VERTEX_POINT ( 'NONE', #2671 ) ;
#1275 = CARTESIAN_POINT ( 'NONE',  ( 36.29146468382625557, 2.100000000000000089, -36.29146468382606372 ) ) ;
#1276 = LINE ( 'NONE', #3299, #3104 ) ;
#1277 = EDGE_LOOP ( 'NONE', ( #6875, #1908, #7826, #1201 ) ) ;
#1278 = DIRECTION ( 'NONE',  ( 0.000000000000000000, 1.000000000000000000, -0.000000000000000000 ) ) ;
#1279 = ORIENTED_EDGE ( 'NONE', *, *, #6396, .F. ) ;
#1280 = CIRCLE ( 'NONE', #503, 1.599999999999997202 ) ;
#1281 = EDGE_CURVE ( 'NONE', #2687, #3469, #1873, .T. ) ;
#1282 = DIRECTION ( 'NONE',  ( 0.000000000000000000, 0.000000000000000000, -1.000000000000000000 ) ) ;
#1283 = ORIENTED_EDGE ( 'NONE', *, *, #5023, .T. ) ;
#1284 = FACE_OUTER_BOUND ( 'NONE', #2756, .T. ) ;
#1285 = DIRECTION ( 'NONE',  ( 0.000000000000000000, 0.000000000000000000, 1.000000000000000000 ) ) ;
#1286 = DIRECTION ( 'NONE',  ( -0.000000000000000000, -1.000000000000000000, 0.000000000000000000 ) ) ;
#1287 = CARTESIAN_POINT ( 'NONE',  ( -54.14213562373090127, 0.6999999999999999556, 68.54213562373099933 ) ) ;
#1288 = ORIENTED_EDGE ( 'NONE', *, *, #5913, .T. ) ;
#1289 = EDGE_CURVE ( 'NONE', #6055, #3245, #4250, .T. ) ;
#1290 = DIRECTION ( 'NONE',  ( 0.000000000000000000, 0.000000000000000000, -1.000000000000000000 ) ) ;
#1291 = CARTESIAN_POINT ( 'NONE',  ( 52.46446609406692829, 0.6999999999999999556, 34.86446609406787189 ) ) ;
#1292 = FACE_BOUND ( 'NONE', #8164, .T. ) ;
#1293 = VECTOR ( 'NONE', #473, 1000.000000000000000 ) ;
#1294 = DIRECTION ( 'NONE',  ( 1.734723475976808278E-15, 0.000000000000000000, 1.000000000000000000 ) ) ;
#1295 = ORIENTED_EDGE ( 'NONE', *, *, #3969, .T. ) ;
#1296 = CARTESIAN_POINT ( 'NONE',  ( 0.000000000000000000, 2.100000000000000089, 47.30000000000000426 ) ) ;
#1297 = ORIENTED_EDGE ( 'NONE', *, *, #3247, .T. ) ;
#1298 = ORIENTED_EDGE ( 'NONE', *, *, #7965, .F. ) ;
#1299 = ADVANCED_FACE ( 'NONE', ( #2626 ), #5191, .F. ) ;
#1300 = EDGE_CURVE ( 'NONE', #1437, #2327, #6318, .T. ) ;
#1301 = ORIENTED_EDGE ( 'NONE', *, *, #5089, .T. ) ;
#1302 = AXIS2_PLACEMENT_3D ( 'NONE', #770, #3281, #7845 ) ;
#1303 = DIRECTION ( 'NONE',  ( -0.000000000000000000, -1.000000000000000000, -0.000000000000000000 ) ) ;
#1304 = ORIENTED_EDGE ( 'NONE', *, *, #1833, .F. ) ;
#1305 = VECTOR ( 'NONE', #6828, 1000.000000000000000 ) ;
#1306 = DIRECTION ( 'NONE',  ( 0.000000000000000000, 1.000000000000000000, -0.000000000000000000 ) ) ;
#1307 = ORIENTED_EDGE ( 'NONE', *, *, #6682, .T. ) ;
#1308 = CIRCLE ( 'NONE', #7280, 1.600000000000000755 ) ;
#1310 = VECTOR ( 'NONE', #1599, 1000.000000000000000 ) ;
#1309 = CARTESIAN_POINT ( 'NONE',  ( 45.90811690796319766, 0.6999999999999999556, -45.90811690796319766 ) ) ;
#1311 = LINE ( 'NONE', #1765, #4765 ) ;
#1312 = LINE ( 'NONE', #338, #3811 ) ;
#1313 = DIRECTION ( 'NONE',  ( 0.000000000000000000, 0.000000000000000000, -1.000000000000000000 ) ) ;
#1314 = ORIENTED_EDGE ( 'NONE', *, *, #36, .T. ) ;
#1315 = CARTESIAN_POINT ( 'NONE',  ( -47.03948775786169989, 2.100000000000000089, -44.77674605806473807 ) ) ;
#1316 = ORIENTED_EDGE ( 'NONE', *, *, #222, .T. ) ;
#1317 = DIRECTION ( 'NONE',  ( 0.000000000000000000, 0.000000000000000000, -1.000000000000000000 ) ) ;
#1318 = EDGE_CURVE ( 'NONE', #6133, #731, #7050, .T. ) ;
#1319 = CIRCLE ( 'NONE', #3305, 1.000000000000004441 ) ;
#1320 = ORIENTED_EDGE ( 'NONE', *, *, #5202, .F. ) ;
#1321 = AXIS2_PLACEMENT_3D ( 'NONE', #4457, #7493, #65 ) ;
#1322 = VECTOR ( 'NONE', #2174, 1000.000000000000000 ) ;
#1323 = DIRECTION ( 'NONE',  ( -0.000000000000000000, -1.000000000000000000, -0.000000000000000000 ) ) ;
#1324 = ORIENTED_EDGE ( 'NONE', *, *, #779, .F. ) ;
#1325 = CARTESIAN_POINT ( 'NONE',  ( 55.50000000000000711, 2.100000000000000089, -74.50000000000000000 ) ) ;
#1326 = CARTESIAN_POINT ( 'NONE',  ( -6.695712039061111120, 0.6999999999999999556, 24.46832079094609469 ) ) ;
#1327 = PLANE ( 'NONE',  #5062 ) ;
#1328 = EDGE_LOOP ( 'NONE', ( #6862, #14, #4097, #3138 ) ) ;
#1329 = DIRECTION ( 'NONE',  ( -0.000000000000000000, -1.000000000000000000, -0.000000000000000000 ) ) ;
#1330 = EDGE_CURVE ( 'NONE', #4992, #1819, #6914, .T. ) ;
#1331 = CARTESIAN_POINT ( 'NONE',  ( -32.00000000000000000, 0.6999999999999999556, 1.175660927181459947E-14 ) ) ;
#1332 = VERTEX_POINT ( 'NONE', #4403 ) ;
#1333 = CIRCLE ( 'NONE', #7302, 1.600000000000001643 ) ;
#1334 = CYLINDRICAL_SURFACE ( 'NONE', #7484, 1.000000000000000888 ) ;
#1335 = CARTESIAN_POINT ( 'NONE',  ( 22.62741699796950101, 2.100000000000000089, 22.62741699796950101 ) ) ;
#1336 = FACE_BOUND ( 'NONE', #7761, .T. ) ;
#1337 = CARTESIAN_POINT ( 'NONE',  ( 70.14213562373100785, 2.100000000000000089, -55.74213562373099506 ) ) ;
#1338 = EDGE_CURVE ( 'NONE', #861, #5589, #6279, .T. ) ;
#1339 = EDGE_LOOP ( 'NONE', ( #3858, #2193, #5880, #2516 ) ) ;
#1340 = DIRECTION ( 'NONE',  ( 0.000000000000000000, 0.000000000000000000, 1.000000000000000000 ) ) ;
#1341 = AXIS2_PLACEMENT_3D ( 'NONE', #6344, #3971, #4470 ) ;
#1342 = ORIENTED_EDGE ( 'NONE', *, *, #3374, .F. ) ;
#1343 = EDGE_LOOP ( 'NONE', ( #4370, #2368, #2256, #2084 ) ) ;
#1344 = CARTESIAN_POINT ( 'NONE',  ( 4.999999999999994671, 2.100000000000000089, -23.75000000000000000 ) ) ;
#1345 = EDGE_LOOP ( 'NONE', ( #5301, #1831 ) ) ;
#1346 = EDGE_CURVE ( 'NONE', #7702, #5947, #1748, .T. ) ;
#1347 = EDGE_CURVE ( 'NONE', #2474, #8119, #5060, .T. ) ;
#1348 = DIRECTION ( 'NONE',  ( -0.000000000000000000, -1.000000000000000000, -0.000000000000000000 ) ) ;
#1349 = DIRECTION ( 'NONE',  ( 0.000000000000000000, 0.000000000000000000, 1.000000000000000000 ) ) ;
#1350 = CARTESIAN_POINT ( 'NONE',  ( 1.131370849898781561, 2.100000000000000089, -1.131370849898804654 ) ) ;
#1351 = EDGE_CURVE ( 'NONE', #528, #4328, #4448, .T. ) ;
#1352 = CARTESIAN_POINT ( 'NONE',  ( 14.19448966059528594, 2.100000000000000089, 18.80936831356894956 ) ) ;
#1353 = ORIENTED_EDGE ( 'NONE', *, *, #92, .F. ) ;
#1354 = DIRECTION ( 'NONE',  ( 0.000000000000000000, 1.000000000000000000, -0.000000000000000000 ) ) ;
#1355 = ORIENTED_EDGE ( 'NONE', *, *, #1053, .F. ) ;
#1356 = CARTESIAN_POINT ( 'NONE',  ( 4.286263797015736595E-16, 2.100000000000000089, 3.500000000000000000 ) ) ;
#1357 = AXIS2_PLACEMENT_3D ( 'NONE', #2065, #2813, #5339 ) ;
#1358 = CARTESIAN_POINT ( 'NONE',  ( -54.14213562373100785, 2.100000000000000089, -70.14213562373090838 ) ) ;
#1359 = CARTESIAN_POINT ( 'NONE',  ( -48.89999999999999858, 2.100000000000000089, -25.50000000000000000 ) ) ;
#1360 = VERTEX_POINT ( 'NONE', #3246 ) ;
#1361 = CARTESIAN_POINT ( 'NONE',  ( -40.95836943965729660, 0.6999999999999999556, 40.95836943965740318 ) ) ;
#1362 = FACE_OUTER_BOUND ( 'NONE', #4361, .T. ) ;
#1363 = CARTESIAN_POINT ( 'NONE',  ( -56.50000000000000000, 0.6999999999999999556, 31.00000000000000000 ) ) ;
#1364 = VERTEX_POINT ( 'NONE', #1260 ) ;
#1365 = AXIS2_PLACEMENT_3D ( 'NONE', #4881, #7962, #1039 ) ;
#1366 = CARTESIAN_POINT ( 'NONE',  ( -55.50000000000000711, 2.100000000000000089, -74.50000000000000000 ) ) ;
#1367 = CARTESIAN_POINT ( 'NONE',  ( 25.50000000000000000, 0.6999999999999999556, 47.30000000000000426 ) ) ;
#1368 = VECTOR ( 'NONE', #4551, 1000.000000000000000 ) ;
#1369 = EDGE_CURVE ( 'NONE', #1231, #7251, #6991, .T. ) ;
#1370 = EDGE_CURVE ( 'NONE', #2150, #468, #2591, .T. ) ;
#1371 = CARTESIAN_POINT ( 'NONE',  ( 12.50000000000000000, 2.100000000000000089, -28.50000000000002132 ) ) ;
#1372 = DIRECTION ( 'NONE',  ( 0.000000000000000000, 0.000000000000000000, 1.000000000000000000 ) ) ;
#1373 = CARTESIAN_POINT ( 'NONE',  ( -52.46446609406731909, 2.100000000000000089, 36.46446609406731909 ) ) ;
#1374 = DIRECTION ( 'NONE',  ( -0.000000000000000000, -1.000000000000000000, -0.000000000000000000 ) ) ;
#1375 = ORIENTED_EDGE ( 'NONE', *, *, #6757, .T. ) ;
#1376 = DIRECTION ( 'NONE',  ( -0.000000000000000000, -1.000000000000000000, -0.000000000000000000 ) ) ;
#1377 = VERTEX_POINT ( 'NONE', #5776 ) ;
#1378 = VECTOR ( 'NONE', #3487, 1000.000000000000114 ) ;
#1379 = ORIENTED_EDGE ( 'NONE', *, *, #6449, .F. ) ;
#1380 = EDGE_CURVE ( 'NONE', #1731, #2064, #132, .T. ) ;
#1381 = CARTESIAN_POINT ( 'NONE',  ( -19.09188309203669931, 2.100000000000000089, -20.69188309203683218 ) ) ;
#1382 = ORIENTED_EDGE ( 'NONE', *, *, #2410, .F. ) ;
#1383 = AXIS2_PLACEMENT_3D ( 'NONE', #7024, #6986, #1290 ) ;
#1384 = CARTESIAN_POINT ( 'NONE',  ( 12.00000000000000000, 2.100000000000000089, 0.000000000000000000 ) ) ;
#1385 = AXIS2_PLACEMENT_3D ( 'NONE', #3265, #7703, #3963 ) ;
#1386 = EDGE_CURVE ( 'NONE', #4647, #4313, #3746, .T. ) ;
#1387 = EDGE_LOOP ( 'NONE', ( #7412, #6259, #5058, #426 ) ) ;
#1388 = VECTOR ( 'NONE', #6236, 1000.000000000000000 ) ;
#1389 = DIRECTION ( 'NONE',  ( -0.000000000000000000, -1.000000000000000000, -0.000000000000000000 ) ) ;
#1390 = CARTESIAN_POINT ( 'NONE',  ( -45.90811690796319766, 0.6999999999999999556, 45.90811690796319766 ) ) ;
#1391 = CARTESIAN_POINT ( 'NONE',  ( 0.000000000000000000, 0.6999999999999999556, -74.50000000000000000 ) ) ;
#1392 = DIRECTION ( 'NONE',  ( 0.000000000000000000, 0.000000000000000000, -1.000000000000000000 ) ) ;
#1393 = EDGE_LOOP ( 'NONE', ( #2537, #2658, #5198, #3466 ) ) ;
#1394 = LINE ( 'NONE', #3961, #1243 ) ;
#1395 = VERTEX_POINT ( 'NONE', #8109 ) ;
#1396 = DIRECTION ( 'NONE',  ( -0.000000000000000000, -1.000000000000000000, -0.000000000000000000 ) ) ;
#1397 = EDGE_CURVE ( 'NONE', #4232, #3649, #623, .T. ) ;
#1398 = EDGE_LOOP ( 'NONE', ( #6693, #2276, #5444, #1569 ) ) ;
#1399 = EDGE_CURVE ( 'NONE', #3868, #4422, #7446, .T. ) ;
#1400 = PLANE ( 'NONE',  #7162 ) ;
#1401 = CARTESIAN_POINT ( 'NONE',  ( 50.50000000000000000, 0.6999999999999999556, -25.50000000000000000 ) ) ;
#1402 = VERTEX_POINT ( 'NONE', #4288 ) ;
#1403 = CARTESIAN_POINT ( 'NONE',  ( 55.50000000000000000, 0.6999999999999999556, -46.50000000000000000 ) ) ;
#1404 = DIRECTION ( 'NONE',  ( -0.7071067811865442421, 0.000000000000000000, -0.7071067811865507924 ) ) ;
#1405 = DIRECTION ( 'NONE',  ( -1.000000000000000000, 0.000000000000000000, 4.163336342344337520E-16 ) ) ;
#1406 = ORIENTED_EDGE ( 'NONE', *, *, #5866, .F. ) ;
#1407 = AXIS2_PLACEMENT_3D ( 'NONE', #3734, #727, #1256 ) ;
#1408 = DIRECTION ( 'NONE',  ( 0.000000000000000000, 0.000000000000000000, 1.000000000000000000 ) ) ;
#1409 = PLANE ( 'NONE',  #2266 ) ;
#1410 = DIRECTION ( 'NONE',  ( 0.000000000000000000, 0.000000000000000000, 1.000000000000000000 ) ) ;
#1411 = DIRECTION ( 'NONE',  ( -0.000000000000000000, -1.000000000000000000, -0.000000000000000000 ) ) ;
#1412 = EDGE_LOOP ( 'NONE', ( #3946, #3444, #4406, #4140 ) ) ;
#1413 = DIRECTION ( 'NONE',  ( 1.000000000000000000, -0.000000000000000000, 0.000000000000000000 ) ) ;
#1414 = CARTESIAN_POINT ( 'NONE',  ( 56.50000000000000000, 2.100000000000000089, 0.000000000000000000 ) ) ;
#1415 = ORIENTED_EDGE ( 'NONE', *, *, #766, .T. ) ;
#1416 = ADVANCED_FACE ( 'NONE', ( #6840 ), #6962, .F. ) ;
#1417 = EDGE_CURVE ( 'NONE', #7498, #4240, #6393, .T. ) ;
#1418 = ORIENTED_EDGE ( 'NONE', *, *, #3397, .T. ) ;
#1419 = EDGE_LOOP ( 'NONE', ( #7259, #1845, #7694, #2487 ) ) ;
#1420 = AXIS2_PLACEMENT_3D ( 'NONE', #8079, #5588, #5549 ) ;
#1421 = CARTESIAN_POINT ( 'NONE',  ( 55.50000000000000000, 2.100000000000000089, 55.50000000000000000 ) ) ;
#1422 = VERTEX_POINT ( 'NONE', #4029 ) ;
#1423 = EDGE_LOOP ( 'NONE', ( #7120, #1877, #7028, #1119 ) ) ;
#1424 = CARTESIAN_POINT ( 'NONE',  ( 5.999999999999998224, 0.6999999999999999556, 10.44999999999999929 ) ) ;
#1425 = ADVANCED_FACE ( 'NONE', ( #2248 ), #6566, .T. ) ;
#1426 = CIRCLE ( 'NONE', #3413, 1.600000000000000755 ) ;
#1427 = ORIENTED_EDGE ( 'NONE', *, *, #6945, .F. ) ;
#1428 = DIRECTION ( 'NONE',  ( 0.000000000000000000, 0.000000000000000000, 1.000000000000000000 ) ) ;
#1429 = FACE_OUTER_BOUND ( 'NONE', #6993, .T. ) ;
#1430 = CARTESIAN_POINT ( 'NONE',  ( 36.46446609406677197, 0.6999999999999999556, 54.06446609406769710 ) ) ;
#1431 = AXIS2_PLACEMENT_3D ( 'NONE', #496, #7979, #532 ) ;
#1432 = CARTESIAN_POINT ( 'NONE',  ( -1.131370849898491127, 2.100000000000000089, 1.131370849898491571 ) ) ;
#1433 = AXIS2_PLACEMENT_3D ( 'NONE', #66, #1273, #7043 ) ;
#1434 = CARTESIAN_POINT ( 'NONE',  ( 39.82699858975890095, 0.6999999999999999556, -42.08974028955584856 ) ) ;
#1435 = ORIENTED_EDGE ( 'NONE', *, *, #2055, .F. ) ;
#1436 = CARTESIAN_POINT ( 'NONE',  ( 32.11953467482550195, 2.100000000000000089, -42.72613639262380048 ) ) ;
#1437 = VERTEX_POINT ( 'NONE', #853 ) ;
#1438 = LINE ( 'NONE', #7094, #4164 ) ;
#1439 = EDGE_CURVE ( 'NONE', #1601, #4661, #5396, .T. ) ;
#1440 = VECTOR ( 'NONE', #6341, 1000.000000000000000 ) ;
#1441 = AXIS2_PLACEMENT_3D ( 'NONE', #4673, #2884, #3500 ) ;
#1442 = ORIENTED_EDGE ( 'NONE', *, *, #1715, .F. ) ;
#1443 = DIRECTION ( 'NONE',  ( 0.7071067811865546782, 0.000000000000000000, 0.7071067811865403563 ) ) ;
#1444 = ORIENTED_EDGE ( 'NONE', *, *, #5556, .T. ) ;
#1445 = DIRECTION ( 'NONE',  ( -0.000000000000000000, -1.000000000000000000, 0.000000000000000000 ) ) ;
#1446 = CARTESIAN_POINT ( 'NONE',  ( -36.29146468382606372, 2.100000000000000089, -36.29146468382625557 ) ) ;
#1447 = FACE_OUTER_BOUND ( 'NONE', #2356, .T. ) ;
#1448 = ORIENTED_EDGE ( 'NONE', *, *, #1833, .T. ) ;
#1449 = CARTESIAN_POINT ( 'NONE',  ( 52.46446609406756068, 2.100000000000000089, -38.06446609406695814 ) ) ;
#1450 = EDGE_CURVE ( 'NONE', #3617, #5345, #4109, .T. ) ;
#1451 = VECTOR ( 'NONE', #3058, 1000.000000000000000 ) ;
#1452 = EDGE_CURVE ( 'NONE', #3756, #1360, #4791, .T. ) ;
#1453 = DIRECTION ( 'NONE',  ( -0.000000000000000000, -1.000000000000000000, -0.000000000000000000 ) ) ;
#1454 = CARTESIAN_POINT ( 'NONE',  ( 5.999999999999996447, 2.100000000000000089, 23.75000000000000000 ) ) ;
#1455 = VERTEX_POINT ( 'NONE', #5902 ) ;
#1456 = DIRECTION ( 'NONE',  ( 0.000000000000000000, 1.000000000000000000, -0.000000000000000000 ) ) ;
#1457 = DIRECTION ( 'NONE',  ( -0.000000000000000000, -1.000000000000000000, -0.000000000000000000 ) ) ;
#1458 = AXIS2_PLACEMENT_3D ( 'NONE', #4706, #2836, #942 ) ;
#1459 = CARTESIAN_POINT ( 'NONE',  ( -22.39999999999999858, 2.100000000000000089, 0.000000000000000000 ) ) ;
#1460 = VERTEX_POINT ( 'NONE', #4068 ) ;
#1461 = AXIS2_PLACEMENT_3D ( 'NONE', #5102, #498, #5767 ) ;
#1462 = VERTEX_POINT ( 'NONE', #7888 ) ;
#1463 = EDGE_CURVE ( 'NONE', #1395, #1332, #7926, .T. ) ;
#1464 = LINE ( 'NONE', #821, #37 ) ;
#1465 = ORIENTED_EDGE ( 'NONE', *, *, #2337, .T. ) ;
#1466 = ORIENTED_EDGE ( 'NONE', *, *, #3448, .F. ) ;
#1467 = CARTESIAN_POINT ( 'NONE',  ( -12.50000000000000000, 2.100000000000000089, 26.50000000000000000 ) ) ;
#1468 = AXIS2_PLACEMENT_3D ( 'NONE', #4052, #3432, #5972 ) ;
#1469 = EDGE_CURVE ( 'NONE', #5263, #8123, #2750, .T. ) ;
#1470 = EDGE_CURVE ( 'NONE', #207, #4328, #7061, .T. ) ;
#1471 = CARTESIAN_POINT ( 'NONE',  ( -70.14213562373100785, 2.100000000000000089, -55.74213562373090269 ) ) ;
#1472 = DIRECTION ( 'NONE',  ( 0.000000000000000000, 1.000000000000000000, -0.000000000000000000 ) ) ;
#1473 = CARTESIAN_POINT ( 'NONE',  ( -25.50000000000000000, 2.100000000000000089, 48.89999999999999858 ) ) ;
#1474 = ORIENTED_EDGE ( 'NONE', *, *, #2709, .F. ) ;
#1475 = CYLINDRICAL_SURFACE ( 'NONE', #7609, 1.599999999999997202 ) ;
#1476 = VERTEX_POINT ( 'NONE', #2712 ) ;
#1477 = CARTESIAN_POINT ( 'NONE',  ( -47.03948775786170700, 2.100000000000000089, 44.77674605806470254 ) ) ;
#1478 = VECTOR ( 'NONE', #5146, 1000.000000000000000 ) ;
#1479 = EDGE_LOOP ( 'NONE', ( #5581, #1075, #6505, #6625 ) ) ;
#1480 = ADVANCED_FACE ( 'NONE', ( #5234 ), #7805, .F. ) ;
#1481 = DIRECTION ( 'NONE',  ( 1.000000000000000000, 0.000000000000000000, -3.260758413490239096E-16 ) ) ;
#1482 = ORIENTED_EDGE ( 'NONE', *, *, #7847, .T. ) ;
#1483 = CARTESIAN_POINT ( 'NONE',  ( -33.25090552472399708, 2.100000000000000089, -43.85750724252219612 ) ) ;
#1484 = DIRECTION ( 'NONE',  ( -0.000000000000000000, -1.000000000000000000, 0.000000000000000000 ) ) ;
#1485 = DIRECTION ( 'NONE',  ( -0.7071067811865474617, 0.000000000000000000, -0.7071067811865474617 ) ) ;
#1486 = ORIENTED_EDGE ( 'NONE', *, *, #7517, .T. ) ;
#1487 = CARTESIAN_POINT ( 'NONE',  ( -70.14213562373100785, 2.100000000000000089, 54.14213562373100785 ) ) ;
#1488 = AXIS2_PLACEMENT_3D ( 'NONE', #5804, #2738, #241 ) ;
#1489 = VERTEX_POINT ( 'NONE', #7766 ) ;
#1490 = CARTESIAN_POINT ( 'NONE',  ( 0.000000000000000000, 0.6999999999999999556, 65.50000000000000000 ) ) ;
#1491 = EDGE_CURVE ( 'NONE', #2987, #1364, #2790, .T. ) ;
#1492 = CARTESIAN_POINT ( 'NONE',  ( -42.72613639262370100, 0.6999999999999999556, 30.51953467482549698 ) ) ;
#1493 = CARTESIAN_POINT ( 'NONE',  ( 54.14213562373090127, 2.100000000000000089, -71.74213562373101638 ) ) ;
#1494 = ORIENTED_EDGE ( 'NONE', *, *, #1882, .T. ) ;
#1495 = LINE ( 'NONE', #932, #5273 ) ;
#1496 = CYLINDRICAL_SURFACE ( 'NONE', #1187, 1.600000000000035394 ) ;
#1497 = CARTESIAN_POINT ( 'NONE',  ( 1.540743955509788682E-30, 2.100000000000000089, 33.90000000000001990 ) ) ;
#1498 = DIRECTION ( 'NONE',  ( -0.7071067811865477948, 0.000000000000000000, -0.7071067811865473507 ) ) ;
#1499 = VERTEX_POINT ( 'NONE', #2083 ) ;
#1500 = AXIS2_PLACEMENT_3D ( 'NONE', #5671, #4428, #1776 ) ;
#1501 = ORIENTED_EDGE ( 'NONE', *, *, #1450, .F. ) ;
#1502 = ADVANCED_FACE ( 'NONE', ( #6522 ), #1538, .F. ) ;
#1503 = AXIS2_PLACEMENT_3D ( 'NONE', #1309, #7771, #2475 ) ;
#1504 = DIRECTION ( 'NONE',  ( -1.000000000000000000, 0.000000000000000000, -0.000000000000000000 ) ) ;
#1505 = CYLINDRICAL_SURFACE ( 'NONE', #6491, 1.600000000000004086 ) ;
#1506 = ORIENTED_EDGE ( 'NONE', *, *, #5245, .T. ) ;
#1507 = ORIENTED_EDGE ( 'NONE', *, *, #6145, .F. ) ;
#1508 = CARTESIAN_POINT ( 'NONE',  ( 70.14213562373043942, 0.6999999999999999556, 54.14213562373164024 ) ) ;
#1509 = CIRCLE ( 'NONE', #96, 1.600000000000000755 ) ;
#1510 = VECTOR ( 'NONE', #3456, 1000.000000000000000 ) ;
#1511 = CARTESIAN_POINT ( 'NONE',  ( 1.131370849898491127, 2.100000000000000089, 1.131370849898491571 ) ) ;
#1512 = CARTESIAN_POINT ( 'NONE',  ( 5.999999999999996447, 2.100000000000000089, -24.75000000000000000 ) ) ;
#1513 = LINE ( 'NONE', #5294, #2633 ) ;
#1514 = VECTOR ( 'NONE', #5639, 1000.000000000000000 ) ;
#1515 = EDGE_LOOP ( 'NONE', ( #6446, #6338 ) ) ;
#1516 = DIRECTION ( 'NONE',  ( -0.000000000000000000, -1.000000000000000000, -0.000000000000000000 ) ) ;
#1517 = VERTEX_POINT ( 'NONE', #935 ) ;
#1518 = PLANE ( 'NONE',  #2172 ) ;
#1519 = EDGE_CURVE ( 'NONE', #3186, #1126, #5865, .T. ) ;
#1520 = EDGE_CURVE ( 'NONE', #4570, #134, #2831, .T. ) ;
#1521 = ORIENTED_EDGE ( 'NONE', *, *, #4488, .F. ) ;
#1522 = CIRCLE ( 'NONE', #4281, 1.600000000000038947 ) ;
#1523 = ORIENTED_EDGE ( 'NONE', *, *, #5964, .F. ) ;
#1524 = DIRECTION ( 'NONE',  ( -3.260758413490239096E-16, 0.000000000000000000, -1.000000000000000000 ) ) ;
#1525 = ORIENTED_EDGE ( 'NONE', *, *, #7065, .T. ) ;
#1526 = CARTESIAN_POINT ( 'NONE',  ( -18.50385078242113579, 0.6999999999999999556, -3.754999999999999005 ) ) ;
#1527 = CARTESIAN_POINT ( 'NONE',  ( -24.00000000000000000, 0.6999999999999999556, -17.10000000000000142 ) ) ;
#1528 = FACE_BOUND ( 'NONE', #392, .T. ) ;
#1529 = EDGE_LOOP ( 'NONE', ( #3942, #5308, #621, #8074, #710 ) ) ;
#1530 = DIRECTION ( 'NONE',  ( 0.7071067811865473507, 0.000000000000000000, 0.7071067811865477948 ) ) ;
#1531 = ORIENTED_EDGE ( 'NONE', *, *, #2551, .F. ) ;
#1532 = LINE ( 'NONE', #6516, #1076 ) ;
#1533 = EDGE_CURVE ( 'NONE', #693, #1947, #7269, .T. ) ;
#1534 = DIRECTION ( 'NONE',  ( 0.000000000000000000, 0.000000000000000000, 1.000000000000000000 ) ) ;
#1535 = DIRECTION ( 'NONE',  ( 3.260758413490238603E-16, 0.000000000000000000, 1.000000000000000000 ) ) ;
#1536 = FACE_OUTER_BOUND ( 'NONE', #8149, .T. ) ;
#1537 = DIRECTION ( 'NONE',  ( 0.000000000000000000, 0.000000000000000000, 1.000000000000000000 ) ) ;
#1538 = PLANE ( 'NONE',  #1227 ) ;
#1539 = EDGE_CURVE ( 'NONE', #2012, #4090, #2147, .T. ) ;
#1540 = VERTEX_POINT ( 'NONE', #5521 ) ;
#1541 = EDGE_LOOP ( 'NONE', ( #8001, #463 ) ) ;
#1542 = DIRECTION ( 'NONE',  ( 0.000000000000000000, 0.000000000000000000, 1.000000000000000000 ) ) ;
#1543 = PLANE ( 'NONE',  #6627 ) ;
#1544 = ORIENTED_EDGE ( 'NONE', *, *, #1620, .F. ) ;
#1545 = ORIENTED_EDGE ( 'NONE', *, *, #4559, .F. ) ;
#1546 = AXIS2_PLACEMENT_3D ( 'NONE', #523, #5056, #3644 ) ;
#1547 = CARTESIAN_POINT ( 'NONE',  ( 31.00000000000000000, 2.100000000000000089, -56.50000000000000000 ) ) ;
#1548 = ADVANCED_FACE ( 'NONE', ( #5599 ), #4349, .F. ) ;
#1549 = ADVANCED_FACE ( 'NONE', ( #4308 ), #7467, .F. ) ;
#1550 = PRODUCT ( 'ZD550 Top board', 'ZD550 Top board', '', ( #950 ) ) ;
#1551 = ORIENTED_EDGE ( 'NONE', *, *, #5442, .F. ) ;
#1552 = CARTESIAN_POINT ( 'NONE',  ( 0.000000000000000000, 2.100000000000000089, 50.50000000000000000 ) ) ;
#1553 = COORDINATED_UNIVERSAL_TIME_OFFSET ( 5, 0, .BEHIND. ) ;
#1554 = DIRECTION ( 'NONE',  ( -0.000000000000000000, -1.000000000000000000, -0.000000000000000000 ) ) ;
#1555 = VERTEX_POINT ( 'NONE', #8047 ) ;
#1556 = CIRCLE ( 'NONE', #5127, 1.599999999999997202 ) ;
#1557 = CARTESIAN_POINT ( 'NONE',  ( -24.00000000000000000, 0.6999999999999999556, -15.50000000000000000 ) ) ;
#1558 = CARTESIAN_POINT ( 'NONE',  ( -36.46446609406713435, 0.6999999999999999556, -54.06446609406742709 ) ) ;
#1559 = EDGE_LOOP ( 'NONE', ( #4381, #4711, #5197, #5304 ) ) ;
#1560 = PLANE ( 'NONE',  #3116 ) ;
#1561 = VERTEX_POINT ( 'NONE', #4892 ) ;
#1562 = ORIENTED_EDGE ( 'NONE', *, *, #2620, .T. ) ;
#1563 = LINE ( 'NONE', #2978, #7051 ) ;
#1564 = VERTEX_POINT ( 'NONE', #6815 ) ;
#1565 = EDGE_CURVE ( 'NONE', #2435, #1274, #2287, .T. ) ;
#1566 = CARTESIAN_POINT ( 'NONE',  ( -18.50385078242113579, 2.100000000000000089, -4.755000000000000782 ) ) ;
#1567 = LINE ( 'NONE', #4921, #7574 ) ;
#1568 = CARTESIAN_POINT ( 'NONE',  ( -35.01867247769035174, 2.100000000000000089, 32.75593077789344676 ) ) ;
#1569 = ORIENTED_EDGE ( 'NONE', *, *, #7471, .F. ) ;
#1570 = DIRECTION ( 'NONE',  ( 0.000000000000000000, 1.000000000000000000, -0.000000000000000000 ) ) ;
#1571 = CARTESIAN_POINT ( 'NONE',  ( -19.09188309203669931, 2.100000000000000089, -19.09188309203683076 ) ) ;
#1572 = VECTOR ( 'NONE', #7400, 1000.000000000000000 ) ;
#1573 = AXIS2_PLACEMENT_3D ( 'NONE', #4212, #4837, #3590 ) ;
#1574 = VECTOR ( 'NONE', #7823, 1000.000000000000000 ) ;
#1575 = AXIS2_PLACEMENT_3D ( 'NONE', #2748, #3401, #893 ) ;
#1576 = CARTESIAN_POINT ( 'NONE',  ( -12.50000000000000000, 2.100000000000000089, -26.50000000000001421 ) ) ;
#1577 = EDGE_CURVE ( 'NONE', #5041, #3783, #3334, .T. ) ;
#1578 = CARTESIAN_POINT ( 'NONE',  ( -47.30000000000000426, 2.100000000000000089, 0.000000000000000000 ) ) ;
#1579 = CARTESIAN_POINT ( 'NONE',  ( 4.999999999999997335, 0.6999999999999999556, 10.44999999999999929 ) ) ;
#1580 = DIRECTION ( 'NONE',  ( 0.000000000000000000, 1.000000000000000000, -0.000000000000000000 ) ) ;
#1581 = CARTESIAN_POINT ( 'NONE',  ( 25.60000000000000142, 2.100000000000000089, 15.50000000000000000 ) ) ;
#1582 = ORIENTED_EDGE ( 'NONE', *, *, #647, .F. ) ;
#1583 = AXIS2_PLACEMENT_3D ( 'NONE', #4874, #4092, #1729 ) ;
#1584 = VERTEX_POINT ( 'NONE', #6904 ) ;
#1585 = DIRECTION ( 'NONE',  ( 0.000000000000000000, 0.000000000000000000, -1.000000000000000000 ) ) ;
#1586 = EDGE_CURVE ( 'NONE', #1462, #1891, #1129, .T. ) ;
#1587 = CARTESIAN_POINT ( 'NONE',  ( -55.50000000000000000, 0.6999999999999999556, -64.50000000000000000 ) ) ;
#1588 = ORIENTED_EDGE ( 'NONE', *, *, #3345, .F. ) ;
#1589 = ORIENTED_EDGE ( 'NONE', *, *, #7323, .T. ) ;
#1590 = CIRCLE ( 'NONE', #2653, 1.600000000000018074 ) ;
#1591 = DIRECTION ( 'NONE',  ( -0.000000000000000000, -1.000000000000000000, -0.000000000000000000 ) ) ;
#1592 = LOCAL_TIME ( 20, 26, 31.00000000000000000, #4747 ) ;
#1593 = DIRECTION ( 'NONE',  ( 0.000000000000000000, 0.000000000000000000, -1.000000000000000000 ) ) ;
#1594 = EDGE_LOOP ( 'NONE', ( #3013, #4426, #1812, #4686 ) ) ;
#1595 = VECTOR ( 'NONE', #4729, 1000.000000000000000 ) ;
#1596 = EDGE_CURVE ( 'NONE', #1959, #3287, #6227, .T. ) ;
#1597 = CARTESIAN_POINT ( 'NONE',  ( 1.959434878635779035E-16, 2.100000000000000089, 35.50000000000001421 ) ) ;
#1598 = DATE_AND_TIME ( #2310, #5437 ) ;
#1599 = DIRECTION ( 'NONE',  ( -0.000000000000000000, -1.000000000000000000, -0.000000000000000000 ) ) ;
#1600 = DIRECTION ( 'NONE',  ( 0.000000000000000000, 0.000000000000000000, -1.000000000000000000 ) ) ;
#1601 = VERTEX_POINT ( 'NONE', #43 ) ;
#1602 = CYLINDRICAL_SURFACE ( 'NONE', #1784, 1.000000000000004441 ) ;
#1603 = ORIENTED_EDGE ( 'NONE', *, *, #6880, .F. ) ;
#1604 = EDGE_LOOP ( 'NONE', ( #2127, #4418 ) ) ;
#1605 = EDGE_CURVE ( 'NONE', #4338, #176, #5641, .T. ) ;
#1606 = CARTESIAN_POINT ( 'NONE',  ( -28.93755415948609766, 2.100000000000000089, 28.93755415948609766 ) ) ;
#1607 = ORIENTED_EDGE ( 'NONE', *, *, #7806, .F. ) ;
#1608 = CYLINDRICAL_SURFACE ( 'NONE', #2877, 1.600000000000018074 ) ;
#1609 = CARTESIAN_POINT ( 'NONE',  ( -5.999999999999996447, 0.6999999999999999556, 10.44999999999999929 ) ) ;
#1610 = DIRECTION ( 'NONE',  ( 0.000000000000000000, 0.000000000000000000, -1.000000000000000000 ) ) ;
#1611 = ORIENTED_EDGE ( 'NONE', *, *, #8136, .T. ) ;
#1612 = DIRECTION ( 'NONE',  ( 0.000000000000000000, 0.000000000000000000, 1.000000000000000000 ) ) ;
#1613 = ORIENTED_EDGE ( 'NONE', *, *, #3866, .F. ) ;
#1614 = DIRECTION ( 'NONE',  ( 0.000000000000000000, 0.000000000000000000, 1.000000000000000000 ) ) ;
#1615 = CARTESIAN_POINT ( 'NONE',  ( -43.85750724252224586, 2.100000000000000089, -33.25090552472404681 ) ) ;
#1616 = CARTESIAN_POINT ( 'NONE',  ( 5.999999999999996447, 2.100000000000000089, -23.75000000000000000 ) ) ;
#1617 = CARTESIAN_POINT ( 'NONE',  ( 55.50000000000000000, 2.100000000000000089, -55.50000000000000000 ) ) ;
#1618 = ORIENTED_EDGE ( 'NONE', *, *, #4735, .F. ) ;
#1619 = EDGE_CURVE ( 'NONE', #1900, #6165, #2950, .T. ) ;
#1620 = EDGE_CURVE ( 'NONE', #6383, #3868, #3998, .T. ) ;
#1621 = ORIENTED_EDGE ( 'NONE', *, *, #7267, .T. ) ;
#1622 = DIRECTION ( 'NONE',  ( 0.000000000000000000, 0.000000000000000000, 1.000000000000000000 ) ) ;
#1623 = DIRECTION ( 'NONE',  ( 0.000000000000000000, 0.000000000000000000, 1.000000000000000000 ) ) ;
#1624 = VERTEX_POINT ( 'NONE', #524 ) ;
#1625 = CARTESIAN_POINT ( 'NONE',  ( 1.131370849898443831, 2.100000000000000089, 1.131370849898445385 ) ) ;
#1626 = FACE_BOUND ( 'NONE', #8052, .T. ) ;
#1627 = CARTESIAN_POINT ( 'NONE',  ( -70.14213562373100785, 2.100000000000000089, -52.54213562373089985 ) ) ;
#1628 = CYLINDRICAL_SURFACE ( 'NONE', #6548, 9.000000000000001776 ) ;
#1629 = AXIS2_PLACEMENT_3D ( 'NONE', #4099, #6680, #7878 ) ;
#1630 = EDGE_CURVE ( 'NONE', #5500, #6011, #8171, .T. ) ;
#1631 = CYLINDRICAL_SURFACE ( 'NONE', #5694, 1.599999999999997202 ) ;
#1632 = ORIENTED_EDGE ( 'NONE', *, *, #1399, .T. ) ;
#1633 = AXIS2_PLACEMENT_3D ( 'NONE', #6248, #2559, #627 ) ;
#1634 = CARTESIAN_POINT ( 'NONE',  ( -25.50000000000000000, 2.100000000000000089, -47.30000000000000426 ) ) ;
#1635 = CARTESIAN_POINT ( 'NONE',  ( 27.80618330958759898, 2.100000000000000089, 30.06892500938459989 ) ) ;
#1636 = DIRECTION ( 'NONE',  ( 0.000000000000000000, 0.000000000000000000, 1.000000000000000000 ) ) ;
#1637 = CIRCLE ( 'NONE', #4282, 1.599999999999997202 ) ;
#1638 = ADVANCED_FACE ( 'NONE', ( #5563 ), #8131, .F. ) ;
#1639 = ORIENTED_EDGE ( 'NONE', *, *, #5644, .F. ) ;
#1640 = EDGE_LOOP ( 'NONE', ( #8050, #2907, #8062, #2533 ) ) ;
#1641 = CIRCLE ( 'NONE', #7347, 1.600000000000011191 ) ;
#1642 = CARTESIAN_POINT ( 'NONE',  ( 47.30000000000000426, 0.6999999999999999556, -25.50000000000000000 ) ) ;
#1643 = ORIENTED_EDGE ( 'NONE', *, *, #7353, .T. ) ;
#1644 = CARTESIAN_POINT ( 'NONE',  ( -32.00000000000000000, 2.100000000000000089, 1.600000000000013411 ) ) ;
#1645 = CARTESIAN_POINT ( 'NONE',  ( -54.14213562373100785, 2.100000000000000089, -71.74213562373091690 ) ) ;
#1646 = ORIENTED_EDGE ( 'NONE', *, *, #7776, .F. ) ;
#1647 = CARTESIAN_POINT ( 'NONE',  ( 0.000000000000000000, 2.100000000000000089, 0.000000000000000000 ) ) ;
#1648 = ORIENTED_EDGE ( 'NONE', *, *, #2872, .F. ) ;
#1649 = LINE ( 'NONE', #6806, #2306 ) ;
#1650 = DIRECTION ( 'NONE',  ( 1.000000000000000000, 0.000000000000000000, -0.000000000000000000 ) ) ;
#1651 = AXIS2_PLACEMENT_3D ( 'NONE', #4602, #7144, #7228 ) ;
#1652 = AXIS2_PLACEMENT_3D ( 'NONE', #2766, #955, #4089 ) ;
#1653 = EDGE_CURVE ( 'NONE', #843, #1731, #7718, .T. ) ;
#1654 = ADVANCED_FACE ( 'NONE', ( #644 ), #1327, .F. ) ;
#1655 = LINE ( 'NONE', #520, #1850 ) ;
#1656 = VERTEX_POINT ( 'NONE', #3850 ) ;
#1657 = CYLINDRICAL_SURFACE ( 'NONE', #4561, 1.600000000000000755 ) ;
#1658 = CYLINDRICAL_SURFACE ( 'NONE', #4060, 1.600000000000004086 ) ;
#1659 = DIRECTION ( 'NONE',  ( 0.000000000000000000, 0.000000000000000000, 1.000000000000000000 ) ) ;
#1660 = VERTEX_POINT ( 'NONE', #6390 ) ;
#1661 = ORIENTED_EDGE ( 'NONE', *, *, #7107, .T. ) ;
#1662 = CARTESIAN_POINT ( 'NONE',  ( 65.50000000000000000, 0.6999999999999999556, 31.00000000000000000 ) ) ;
#1663 = CARTESIAN_POINT ( 'NONE',  ( 55.50000000000000000, 2.100000000000000089, -64.50000000000000000 ) ) ;
#1664 = ORIENTED_EDGE ( 'NONE', *, *, #5117, .F. ) ;
#1665 = DIRECTION ( 'NONE',  ( 0.000000000000000000, 1.000000000000000000, -0.000000000000000000 ) ) ;
#1666 = DIRECTION ( 'NONE',  ( -0.000000000000000000, -1.000000000000000000, -0.000000000000000000 ) ) ;
#1667 = LINE ( 'NONE', #2343, #1572 ) ;
#1668 = ADVANCED_FACE ( 'NONE', ( #7711 ), #2695, .F. ) ;
#1669 = CYLINDRICAL_SURFACE ( 'NONE', #5718, 1.600000000000018074 ) ;
#1670 = AXIS2_PLACEMENT_3D ( 'NONE', #7760, #4694, #2078 ) ;
#1671 = FACE_OUTER_BOUND ( 'NONE', #3674, .T. ) ;
#1672 = VERTEX_POINT ( 'NONE', #6466 ) ;
#1673 = AXIS2_PLACEMENT_3D ( 'NONE', #4469, #2577, #6343 ) ;
#1674 = FACE_OUTER_BOUND ( 'NONE', #6735, .T. ) ;
#1675 = CALENDAR_DATE ( 2026, 7, 6 ) ;
#1676 = ORIENTED_EDGE ( 'NONE', *, *, #700, .F. ) ;
#1677 = EDGE_CURVE ( 'NONE', #4525, #2987, #7196, .T. ) ;
#1678 = LINE ( 'NONE', #1634, #2031 ) ;
#1679 = CARTESIAN_POINT ( 'NONE',  ( -36.46446609406713435, 2.100000000000000089, -52.46446609406743278 ) ) ;
#1680 = DIRECTION ( 'NONE',  ( -0.000000000000000000, -1.000000000000000000, -0.000000000000000000 ) ) ;
#1681 = VECTOR ( 'NONE', #7749, 1000.000000000000000 ) ;
#1682 = EDGE_LOOP ( 'NONE', ( #4408, #6044 ) ) ;
#1683 = CARTESIAN_POINT ( 'NONE',  ( 27.80618330958759898, 2.100000000000000089, -30.06892500938459989 ) ) ;
#1684 = DIRECTION ( 'NONE',  ( 0.7071067811865442421, -0.000000000000000000, 0.7071067811865507924 ) ) ;
#1685 = ORIENTED_EDGE ( 'NONE', *, *, #7177, .T. ) ;
#1686 = ADVANCED_FACE ( 'NONE', ( #158 ), #2579, .F. ) ;
#1687 = CARTESIAN_POINT ( 'NONE',  ( 33.88730162779190636, 2.100000000000000089, 33.88730162779190636 ) ) ;
#1688 = DIRECTION ( 'NONE',  ( -0.000000000000000000, -1.000000000000000000, -0.000000000000000000 ) ) ;
#1689 = VERTEX_POINT ( 'NONE', #4643 ) ;
#1690 = CARTESIAN_POINT ( 'NONE',  ( 4.999999999999994671, 2.100000000000000089, 23.75000000000000000 ) ) ;
#1691 = EDGE_LOOP ( 'NONE', ( #7076, #897 ) ) ;
#1692 = LINE ( 'NONE', #478, #6144 ) ;
#1693 = VERTEX_POINT ( 'NONE', #5178 ) ;
#1694 = DIRECTION ( 'NONE',  ( -0.000000000000000000, -1.000000000000000000, -0.000000000000000000 ) ) ;
#1695 = DIRECTION ( 'NONE',  ( 0.000000000000000000, 0.000000000000000000, 1.000000000000000000 ) ) ;
#1696 = DIRECTION ( 'NONE',  ( -0.000000000000000000, -1.000000000000000000, -0.000000000000000000 ) ) ;
#1697 = EDGE_CURVE ( 'NONE', #3943, #7908, #74, .T. ) ;
#1698 = CARTESIAN_POINT ( 'NONE',  ( 36.29146468382603530, 2.100000000000000089, 36.29146468382622714 ) ) ;
#1699 = ADVANCED_FACE ( 'NONE', ( #1447 ), #3232, .F. ) ;
#1700 = CARTESIAN_POINT ( 'NONE',  ( -16.48560856174882971, 0.6999999999999999556, -15.34825612741715162 ) ) ;
#1701 = ORIENTED_EDGE ( 'NONE', *, *, #6290, .F. ) ;
#1702 = CIRCLE ( 'NONE', #5699, 1.600000000000004086 ) ;
#1703 = VECTOR ( 'NONE', #2708, 1000.000000000000000 ) ;
#1704 = ORIENTED_EDGE ( 'NONE', *, *, #4915, .T. ) ;
#1705 = CARTESIAN_POINT ( 'NONE',  ( -54.14213562373090127, 2.100000000000000089, 70.14213562373100785 ) ) ;
#1706 = EDGE_CURVE ( 'NONE', #5960, #159, #803, .T. ) ;
#1707 = FACE_OUTER_BOUND ( 'NONE', #2148, .T. ) ;
#1708 = ORIENTED_EDGE ( 'NONE', *, *, #2939, .F. ) ;
#1709 = CYLINDRICAL_SURFACE ( 'NONE', #6166, 1.599999999999997202 ) ;
#1710 = DIRECTION ( 'NONE',  ( 0.000000000000000000, 1.000000000000000000, -0.000000000000000000 ) ) ;
#1711 = ORIENTED_EDGE ( 'NONE', *, *, #536, .T. ) ;
#1712 = CARTESIAN_POINT ( 'NONE',  ( 19.09188309203689471, 2.100000000000000089, -19.09188309203663181 ) ) ;
#1713 = CIRCLE ( 'NONE', #7283, 1.599999999999997202 ) ;
#1714 = ORIENTED_EDGE ( 'NONE', *, *, #5245, .F. ) ;
#1715 = EDGE_CURVE ( 'NONE', #615, #8051, #5262, .T. ) ;
#1716 = VECTOR ( 'NONE', #3785, 1000.000000000000000 ) ;
#1717 = AXIS2_PLACEMENT_3D ( 'NONE', #4597, #5132, #81 ) ;
#1718 = DIRECTION ( 'NONE',  ( 0.7071067811865493491, 0.000000000000000000, -0.7071067811865456854 ) ) ;
#1719 = ORIENTED_EDGE ( 'NONE', *, *, #6424, .T. ) ;
#1720 = DIRECTION ( 'NONE',  ( 0.000000000000000000, 0.000000000000000000, 1.000000000000000000 ) ) ;
#1721 = DIRECTION ( 'NONE',  ( -0.7071067811865515695, 0.000000000000000000, -0.7071067811865434649 ) ) ;
#1722 = VECTOR ( 'NONE', #7316, 1000.000000000000000 ) ;
#1723 = CIRCLE ( 'NONE', #3823, 1.600000000000000755 ) ;
#1724 = ORIENTED_EDGE ( 'NONE', *, *, #2151, .F. ) ;
#1725 = ADVANCED_FACE ( 'NONE', ( #2112 ), #2025, .F. ) ;
#1726 = VECTOR ( 'NONE', #4321, 1000.000000000000000 ) ;
#1727 = EDGE_CURVE ( 'NONE', #2468, #2399, #6552, .T. ) ;
#1728 = VERTEX_POINT ( 'NONE', #5764 ) ;
#1729 = DIRECTION ( 'NONE',  ( 0.000000000000000000, 0.000000000000000000, 1.000000000000000000 ) ) ;
#1730 = CARTESIAN_POINT ( 'NONE',  ( -36.46446609406732620, 2.100000000000000089, 52.46446609406731199 ) ) ;
#1731 = VERTEX_POINT ( 'NONE', #842 ) ;
#1732 = CARTESIAN_POINT ( 'NONE',  ( -65.00000000000000000, 2.100000000000000089, -65.00000000000000000 ) ) ;
#1733 = VERTEX_POINT ( 'NONE', #198 ) ;
#1734 = FACE_BOUND ( 'NONE', #3591, .T. ) ;
#1735 = ORIENTED_EDGE ( 'NONE', *, *, #4915, .F. ) ;
#1736 = DIRECTION ( 'NONE',  ( 0.000000000000000000, 0.000000000000000000, 1.000000000000000000 ) ) ;
#1737 = EDGE_LOOP ( 'NONE', ( #4591, #3101, #1915, #7455, #6842 ) ) ;
#1738 = VECTOR ( 'NONE', #3593, 1000.000000000000114 ) ;
#1739 = EDGE_CURVE ( 'NONE', #6482, #1332, #1942, .T. ) ;
#1740 = CARTESIAN_POINT ( 'NONE',  ( 33.88730162779190636, 0.6999999999999999556, -35.48730162779194330 ) ) ;
#1741 = CARTESIAN_POINT ( 'NONE',  ( 40.95836943965740318, 2.100000000000000089, 39.35836943965741597 ) ) ;
#1742 = LINE ( 'NONE', #2335, #902 ) ;
#1743 = DIRECTION ( 'NONE',  ( 0.000000000000000000, 0.000000000000000000, 1.000000000000000000 ) ) ;
#1744 = AXIS2_PLACEMENT_3D ( 'NONE', #3781, #3902, #1340 ) ;
#1745 = ORIENTED_EDGE ( 'NONE', *, *, #5139, .T. ) ;
#1746 = ADVANCED_FACE ( 'NONE', ( #5723 ), #82, .F. ) ;
#1747 = ORIENTED_EDGE ( 'NONE', *, *, #2119, .T. ) ;
#1748 = CIRCLE ( 'NONE', #3864, 1.600000000000018074 ) ;
#1749 = CARTESIAN_POINT ( 'NONE',  ( 42.08974028955585567, 2.100000000000000089, 39.82699858975895069 ) ) ;
#1750 = ORIENTED_EDGE ( 'NONE', *, *, #3153, .F. ) ;
#1751 = DIRECTION ( 'NONE',  ( 0.000000000000000000, 0.000000000000000000, -1.000000000000000000 ) ) ;
#1752 = DIRECTION ( 'NONE',  ( -0.000000000000000000, -1.000000000000000000, -0.000000000000000000 ) ) ;
#1753 = EDGE_LOOP ( 'NONE', ( #5028, #2130, #878, #5862 ) ) ;
#1754 = CARTESIAN_POINT ( 'NONE',  ( -39.82699858975890095, 2.100000000000000089, 42.08974028955584856 ) ) ;
#1755 = VECTOR ( 'NONE', #1213, 1000.000000000000000 ) ;
#1756 = AXIS2_PLACEMENT_3D ( 'NONE', #2019, #5885, #7833 ) ;
#1757 = EDGE_CURVE ( 'NONE', #5593, #7379, #118, .T. ) ;
#1758 = CARTESIAN_POINT ( 'NONE',  ( -25.50000000000000000, 0.6999999999999999556, -50.50000000000000000 ) ) ;
#1759 = EDGE_LOOP ( 'NONE', ( #2412, #2710, #1205, #5821 ) ) ;
#1760 = VECTOR ( 'NONE', #6433, 1000.000000000000000 ) ;
#1761 = LINE ( 'NONE', #4954, #3490 ) ;
#1762 = ORIENTED_EDGE ( 'NONE', *, *, #1596, .T. ) ;
#1763 = AXIS2_PLACEMENT_3D ( 'NONE', #3879, #3224, #7211 ) ;
#1764 = ORIENTED_EDGE ( 'NONE', *, *, #1463, .T. ) ;
#1765 = CARTESIAN_POINT ( 'NONE',  ( -42.72613639262370100, 2.100000000000000089, 30.51953467482549698 ) ) ;
#1766 = DIRECTION ( 'NONE',  ( 1.000000000000000000, -0.000000000000000000, 0.000000000000000000 ) ) ;
#1767 = ORIENTED_EDGE ( 'NONE', *, *, #5833, .F. ) ;
#1768 = VECTOR ( 'NONE', #3514, 1000.000000000000000 ) ;
#1769 = DIRECTION ( 'NONE',  ( -0.7071067811865473507, 0.000000000000000000, 0.7071067811865477948 ) ) ;
#1770 = CARTESIAN_POINT ( 'NONE',  ( -1.131370849898634567, 2.100000000000000089, -1.131370849898622577 ) ) ;
#1771 = ORIENTED_EDGE ( 'NONE', *, *, #15, .T. ) ;
#1772 = FACE_BOUND ( 'NONE', #52, .T. ) ;
#1773 = VERTEX_POINT ( 'NONE', #1363 ) ;
#1774 = AXIS2_PLACEMENT_3D ( 'NONE', #7775, #2092, #4453 ) ;
#1775 = APPROVAL ( #7245, 'UNSPECIFIED' ) ;
#1776 = DIRECTION ( 'NONE',  ( 0.000000000000000000, 0.000000000000000000, -1.000000000000000000 ) ) ;
#1777 = ORIENTED_EDGE ( 'NONE', *, *, #4065, .T. ) ;
#1778 = ADVANCED_FACE ( 'NONE', ( #6431 ), #760, .F. ) ;
#1779 = LINE ( 'NONE', #6105, #5962 ) ;
#1780 = EDGE_LOOP ( 'NONE', ( #2052, #2047, #6042, #3190 ) ) ;
#1781 = PLANE ( 'NONE',  #1162 ) ;
#1782 = CARTESIAN_POINT ( 'NONE',  ( 36.46446609406677197, 2.100000000000000089, 52.46446609406770278 ) ) ;
#1783 = CARTESIAN_POINT ( 'NONE',  ( 15.98566790351172884, 2.100000000000000089, 16.21431578947368024 ) ) ;
#1784 = AXIS2_PLACEMENT_3D ( 'NONE', #6668, #2190, #6626 ) ;
#1785 = ADVANCED_FACE ( 'NONE', ( #883 ), #7299, .F. ) ;
#1786 = ORIENTED_EDGE ( 'NONE', *, *, #743, .F. ) ;
#1787 = VECTOR ( 'NONE', #3576, 1000.000000000000000 ) ;
#1788 = EDGE_LOOP ( 'NONE', ( #3002, #6348, #5816, #3713 ) ) ;
#1789 = CARTESIAN_POINT ( 'NONE',  ( 5.999999999999998224, 0.6999999999999999556, 10.44999999999999929 ) ) ;
#1790 = DIRECTION ( 'NONE',  ( 0.000000000000000000, 0.000000000000000000, 1.000000000000000000 ) ) ;
#1791 = LINE ( 'NONE', #1057, #3249 ) ;
#1792 = FACE_OUTER_BOUND ( 'NONE', #7156, .T. ) ;
#1793 = EDGE_CURVE ( 'NONE', #861, #7082, #4949, .T. ) ;
#1794 = EDGE_LOOP ( 'NONE', ( #2274, #6207, #7401, #4830, #124 ) ) ;
#1795 = DIRECTION ( 'NONE',  ( 0.7071067811865456854, 0.000000000000000000, 0.7071067811865493491 ) ) ;
#1796 = DIRECTION ( 'NONE',  ( -0.000000000000000000, -1.000000000000000000, -0.000000000000000000 ) ) ;
#1797 = VERTEX_POINT ( 'NONE', #2817 ) ;
#1798 = DIRECTION ( 'NONE',  ( 0.000000000000000000, 1.000000000000000000, -0.000000000000000000 ) ) ;
#1799 = ORIENTED_EDGE ( 'NONE', *, *, #3830, .T. ) ;
#1800 = AXIS2_PLACEMENT_3D ( 'NONE', #3120, #6314, #7566 ) ;
#1801 = EDGE_CURVE ( 'NONE', #1933, #5884, #4096, .T. ) ;
#1802 = EDGE_CURVE ( 'NONE', #1858, #3905, #2899, .T. ) ;
#1803 = DIRECTION ( 'NONE',  ( 0.000000000000000000, 0.000000000000000000, -1.000000000000000000 ) ) ;
#1804 = EDGE_LOOP ( 'NONE', ( #3903, #2168 ) ) ;
#1805 = ORIENTED_EDGE ( 'NONE', *, *, #313, .T. ) ;
#1806 = DIRECTION ( 'NONE',  ( -0.000000000000000000, -1.000000000000000000, -0.000000000000000000 ) ) ;
#1807 = PLANE ( 'NONE',  #3420 ) ;
#1808 = EDGE_LOOP ( 'NONE', ( #6439, #7153 ) ) ;
#1809 = CARTESIAN_POINT ( 'NONE',  ( 1.131370849898491571, 2.100000000000000089, 1.131370849898491127 ) ) ;
#1810 = ORIENTED_EDGE ( 'NONE', *, *, #7107, .F. ) ;
#1811 = FACE_BOUND ( 'NONE', #2850, .T. ) ;
#1812 = ORIENTED_EDGE ( 'NONE', *, *, #8027, .F. ) ;
#1813 = AXIS2_PLACEMENT_3D ( 'NONE', #360, #7297, #3470 ) ;
#1814 = CARTESIAN_POINT ( 'NONE',  ( 0.000000000000000000, 2.100000000000000089, 31.00000000000000000 ) ) ;
#1815 = EDGE_LOOP ( 'NONE', ( #4352, #432, #3550, #1708 ) ) ;
#1816 = VECTOR ( 'NONE', #2403, 1000.000000000000000 ) ;
#1817 = EDGE_CURVE ( 'NONE', #6510, #6553, #319, .T. ) ;
#1818 = FACE_OUTER_BOUND ( 'NONE', #7103, .T. ) ;
#1819 = VERTEX_POINT ( 'NONE', #6638 ) ;
#1820 = DIRECTION ( 'NONE',  ( 0.000000000000000000, 0.000000000000000000, 1.000000000000000000 ) ) ;
#1821 = DIRECTION ( 'NONE',  ( 0.000000000000000000, 1.000000000000000000, -0.000000000000000000 ) ) ;
#1822 = LINE ( 'NONE', #4976, #3828 ) ;
#1823 = VECTOR ( 'NONE', #170, 1000.000000000000000 ) ;
#1824 = EDGE_LOOP ( 'NONE', ( #4248, #822, #7326, #45 ) ) ;
#1825 = VERTEX_POINT ( 'NONE', #3554 ) ;
#1826 = EDGE_CURVE ( 'NONE', #1499, #6958, #2439, .T. ) ;
#1827 = DIRECTION ( 'NONE',  ( 0.000000000000000000, 0.000000000000000000, -1.000000000000000000 ) ) ;
#1828 = CIRCLE ( 'NONE', #4873, 1.599999999999997202 ) ;
#1829 = CARTESIAN_POINT ( 'NONE',  ( 54.14213562373090127, 2.100000000000000089, -71.74213562373101638 ) ) ;
#1830 = CYLINDRICAL_SURFACE ( 'NONE', #805, 1.000000000000000888 ) ;
#1831 = ORIENTED_EDGE ( 'NONE', *, *, #8041, .F. ) ;
#1832 = DIRECTION ( 'NONE',  ( 0.000000000000000000, 1.000000000000000000, -0.000000000000000000 ) ) ;
#1833 = EDGE_CURVE ( 'NONE', #5500, #3854, #8134, .T. ) ;
#1834 = CARTESIAN_POINT ( 'NONE',  ( 12.50000000000000000, 0.6999999999999999556, 28.50000000000000000 ) ) ;
#1835 = EDGE_LOOP ( 'NONE', ( #2060, #5735, #2378, #5492 ) ) ;
#1836 = AXIS2_PLACEMENT_3D ( 'NONE', #5981, #5356, #2789 ) ;
#1837 = CARTESIAN_POINT ( 'NONE',  ( 48.89999999999999858, 2.100000000000000089, -27.09999999999999787 ) ) ;
#1838 = CIRCLE ( 'NONE', #6488, 1.600000000000004086 ) ;
#1839 = ORIENTED_EDGE ( 'NONE', *, *, #1182, .T. ) ;
#1840 = ADVANCED_FACE ( 'NONE', ( #5427 ), #276, .F. ) ;
#1841 = ORIENTED_EDGE ( 'NONE', *, *, #1397, .F. ) ;
#1842 = DIRECTION ( 'NONE',  ( 0.000000000000000000, 0.000000000000000000, 1.000000000000000000 ) ) ;
#1843 = PLANE ( 'NONE',  #2781 ) ;
#1844 = DIRECTION ( 'NONE',  ( 0.000000000000000000, 0.000000000000000000, -1.000000000000000000 ) ) ;
#1845 = ORIENTED_EDGE ( 'NONE', *, *, #3247, .F. ) ;
#1846 = LINE ( 'NONE', #3796, #3670 ) ;
#1847 = VECTOR ( 'NONE', #1623, 1000.000000000000000 ) ;
#1848 = PLANE ( 'NONE',  #8008 ) ;
#1849 = VERTEX_POINT ( 'NONE', #7960 ) ;
#1850 = VECTOR ( 'NONE', #6727, 1000.000000000000000 ) ;
#1851 = DIRECTION ( 'NONE',  ( -1.000000000000000000, 0.000000000000000000, -0.000000000000000000 ) ) ;
#1852 = AXIS2_PLACEMENT_3D ( 'NONE', #4798, #4840, #2941 ) ;
#1853 = VERTEX_POINT ( 'NONE', #7258 ) ;
#1854 = CARTESIAN_POINT ( 'NONE',  ( 70.14213562373043942, 0.6999999999999999556, 55.74213562373164166 ) ) ;
#1855 = AXIS2_PLACEMENT_3D ( 'NONE', #1712, #5533, #8061 ) ;
#1856 = ADVANCED_FACE ( 'NONE', ( #7383 ), #2859, .F. ) ;
#1857 = CARTESIAN_POINT ( 'NONE',  ( 12.50000000000000000, 2.100000000000000089, -30.50000000000002842 ) ) ;
#1858 = VERTEX_POINT ( 'NONE', #1568 ) ;
#1859 = FACE_OUTER_BOUND ( 'NONE', #2419, .T. ) ;
#1860 = CARTESIAN_POINT ( 'NONE',  ( 4.999999999999994671, 0.6999999999999999556, 23.75000000000000000 ) ) ;
#1861 = CARTESIAN_POINT ( 'NONE',  ( -52.46446609406718409, 0.6999999999999999556, -36.46446609406750383 ) ) ;
#1862 = DIRECTION ( 'NONE',  ( -0.000000000000000000, -1.000000000000000000, -0.000000000000000000 ) ) ;
#1863 = DIRECTION ( 'NONE',  ( 0.000000000000000000, 0.000000000000000000, 1.000000000000000000 ) ) ;
#1864 = AXIS2_PLACEMENT_3D ( 'NONE', #4011, #5926, #919 ) ;
#1865 = VERTEX_POINT ( 'NONE', #3433 ) ;
#1866 = ORIENTED_EDGE ( 'NONE', *, *, #2297, .T. ) ;
#1867 = VECTOR ( 'NONE', #1376, 1000.000000000000000 ) ;
#1868 = CARTESIAN_POINT ( 'NONE',  ( -70.14213562373100785, 2.100000000000000089, -54.14213562373090127 ) ) ;
#1869 = CARTESIAN_POINT ( 'NONE',  ( 55.50000000000000000, 0.6999999999999999556, -55.50000000000000000 ) ) ;
#1870 = CARTESIAN_POINT ( 'NONE',  ( -55.50000000000000000, 2.100000000000000089, -55.50000000000000000 ) ) ;
#1871 = DIRECTION ( 'NONE',  ( 0.000000000000000000, 1.000000000000000000, -0.000000000000000000 ) ) ;
#1872 = ORIENTED_EDGE ( 'NONE', *, *, #3904, .T. ) ;
#1873 = LINE ( 'NONE', #616, #3588 ) ;
#1874 = CC_DESIGN_PERSON_AND_ORGANIZATION_ASSIGNMENT ( #2882, #1025, ( #6629 ) ) ;
#1875 = EDGE_CURVE ( 'NONE', #417, #3130, #3472, .T. ) ;
#1876 = ORIENTED_EDGE ( 'NONE', *, *, #1031, .F. ) ;
#1877 = ORIENTED_EDGE ( 'NONE', *, *, #6220, .F. ) ;
#1878 = DIRECTION ( 'NONE',  ( 0.000000000000000000, 0.000000000000000000, 1.000000000000000000 ) ) ;
#1879 = ORIENTED_EDGE ( 'NONE', *, *, #6110, .T. ) ;
#1880 = DIRECTION ( 'NONE',  ( -0.000000000000000000, -1.000000000000000000, -0.000000000000000000 ) ) ;
#1881 = CARTESIAN_POINT ( 'NONE',  ( 1.131370849898781561, 0.6999999999999999556, -1.131370849898804654 ) ) ;
#1882 = EDGE_CURVE ( 'NONE', #146, #2696, #4134, .T. ) ;
#1883 = ORIENTED_EDGE ( 'NONE', *, *, #3428, .F. ) ;
#1884 = ORIENTED_EDGE ( 'NONE', *, *, #4330, .F. ) ;
#1885 = LINE ( 'NONE', #4419, #7737 ) ;
#1886 = CARTESIAN_POINT ( 'NONE',  ( 52.46446609406692829, 0.6999999999999999556, 36.46446609406787331 ) ) ;
#1887 = DIRECTION ( 'NONE',  ( 0.000000000000000000, 1.000000000000000000, -0.000000000000000000 ) ) ;
#1888 = ORIENTED_EDGE ( 'NONE', *, *, #1052, .F. ) ;
#1889 = DIRECTION ( 'NONE',  ( -0.000000000000000000, -1.000000000000000000, -0.000000000000000000 ) ) ;
#1890 = FACE_BOUND ( 'NONE', #7970, .T. ) ;
#1891 = VERTEX_POINT ( 'NONE', #1690 ) ;
#1892 = DIRECTION ( 'NONE',  ( -0.7071067811865474617, 0.000000000000000000, -0.7071067811865474617 ) ) ;
#1893 = VECTOR ( 'NONE', #3315, 1000.000000000000000 ) ;
#1894 = ORIENTED_EDGE ( 'NONE', *, *, #2446, .T. ) ;
#1895 = EDGE_CURVE ( 'NONE', #1462, #5841, #2233, .T. ) ;
#1896 = CIRCLE ( 'NONE', #7203, 2.000000000000005329 ) ;
#1897 = AXIS2_PLACEMENT_3D ( 'NONE', #7373, #1680, #4207 ) ;
#1898 = DIRECTION ( 'NONE',  ( 0.000000000000000000, 0.000000000000000000, 1.000000000000000000 ) ) ;
#1899 = AXIS2_PLACEMENT_3D ( 'NONE', #2885, #2312, #8025 ) ;
#1900 = VERTEX_POINT ( 'NONE', #6051 ) ;
#1901 = CYLINDRICAL_SURFACE ( 'NONE', #6097, 1.600000000000000755 ) ;
#1902 = LINE ( 'NONE', #6265, #2218 ) ;
#1903 = CARTESIAN_POINT ( 'NONE',  ( 70.14213562373043942, 2.100000000000000089, 52.54213562373163171 ) ) ;
#1904 = DIRECTION ( 'NONE',  ( 0.7071067811865434649, 0.000000000000000000, 0.7071067811865515695 ) ) ;
#1905 = ADVANCED_FACE ( 'NONE', ( #1037 ), #6677, .F. ) ;
#1906 = ADVANCED_FACE ( 'NONE', ( #6720, #439, #4217, #2777, #1528, #4053, #5307, #4685, #6932, #6804, #2525, #8037, #1118, #1202, #7587, #3100, #633, #1734, #1772, #3141, #2984, #4923, #5513, #4299, #6300, #554, #3064, #6849, #5669, #6891, #2405, #4965, #8082, #1157, #7543, #3636, #6176, #3675, #3717, #513, #29, #5631, #3020, #6764, #5552, #7456, #7499, #4380, #2365, #4880, #7422, #5049, #5590, #6214, #8120, #2442, #1237, #6256, #1811, #4339, #589, #3758, #1890, #1084 ), #1848, .T. ) ;
#1907 = VECTOR ( 'NONE', #5407, 1000.000000000000000 ) ;
#1908 = ORIENTED_EDGE ( 'NONE', *, *, #323, .F. ) ;
#1909 = VECTOR ( 'NONE', #690, 1000.000000000000114 ) ;
#1910 = VECTOR ( 'NONE', #2283, 1000.000000000000000 ) ;
#1911 = LINE ( 'NONE', #5063, #3114 ) ;
#1912 = CARTESIAN_POINT ( 'NONE',  ( 54.14213562373090127, 2.100000000000000089, -68.54213562373099933 ) ) ;
#1913 = FACE_BOUND ( 'NONE', #6251, .T. ) ;
#1914 = CARTESIAN_POINT ( 'NONE',  ( 2.500000000000000000, 2.100000000000000089, -4.330127018922194537 ) ) ;
#1915 = ORIENTED_EDGE ( 'NONE', *, *, #1104, .F. ) ;
#1916 = CARTESIAN_POINT ( 'NONE',  ( -6.000000000000000000, 2.100000000000000089, -23.75000000000000000 ) ) ;
#1917 = AXIS2_PLACEMENT_3D ( 'NONE', #1870, #1218, #3735 ) ;
#1918 = ORIENTED_EDGE ( 'NONE', *, *, #3294, .F. ) ;
#1919 = AXIS2_PLACEMENT_3D ( 'NONE', #5842, #190, #5795 ) ;
#1920 = ORIENTED_EDGE ( 'NONE', *, *, #4658, .F. ) ;
#1921 = EDGE_CURVE ( 'NONE', #7082, #6887, #6138, .T. ) ;
#1922 = CARTESIAN_POINT ( 'NONE',  ( 0.000000000000000000, 0.6999999999999999556, -31.00000000000000000 ) ) ;
#1923 = ORIENTED_EDGE ( 'NONE', *, *, #6321, .T. ) ;
#1924 = DIRECTION ( 'NONE',  ( -0.000000000000000000, -1.000000000000000000, -0.000000000000000000 ) ) ;
#1925 = ADVANCED_FACE ( 'NONE', ( #4258 ), #4425, .F. ) ;
#1926 = CARTESIAN_POINT ( 'NONE',  ( 36.46446609406768147, 2.100000000000000089, -52.46446609406707040 ) ) ;
#1927 = CARTESIAN_POINT ( 'NONE',  ( 30.06892500938459989, 2.100000000000000089, -27.80618330958759898 ) ) ;
#1928 = DIRECTION ( 'NONE',  ( -0.000000000000000000, -1.000000000000000000, -0.000000000000000000 ) ) ;
#1929 = FACE_OUTER_BOUND ( 'NONE', #6301, .T. ) ;
#1930 = CARTESIAN_POINT ( 'NONE',  ( -12.00000000000000000, 2.100000000000000089, 1.497325865122354073E-15 ) ) ;
#1931 = ORIENTED_EDGE ( 'NONE', *, *, #6702, .T. ) ;
#1932 = CARTESIAN_POINT ( 'NONE',  ( -55.50000000000000000, 2.100000000000000089, -55.50000000000000000 ) ) ;
#1933 = VERTEX_POINT ( 'NONE', #3839 ) ;
#1934 = CARTESIAN_POINT ( 'NONE',  ( -1.103284130721249943E-14, 2.100000000000000089, -26.50000000000001776 ) ) ;
#1935 = CIRCLE ( 'NONE', #6312, 1.599999999999998312 ) ;
#1936 = EDGE_CURVE ( 'NONE', #3666, #3210, #7089, .T. ) ;
#1937 = CARTESIAN_POINT ( 'NONE',  ( -54.14213562373090127, 2.100000000000000089, 70.14213562373100785 ) ) ;
#1938 = VECTOR ( 'NONE', #7429, 1000.000000000000000 ) ;
#1939 = EDGE_LOOP ( 'NONE', ( #5039, #316, #1613, #3489 ) ) ;
#1940 = FACE_OUTER_BOUND ( 'NONE', #5004, .T. ) ;
#1941 = DIRECTION ( 'NONE',  ( 0.000000000000000000, 1.000000000000000000, -0.000000000000000000 ) ) ;
#1942 = LINE ( 'NONE', #4471, #6532 ) ;
#1943 = ORIENTED_EDGE ( 'NONE', *, *, #4443, .T. ) ;
#1944 = CYLINDRICAL_SURFACE ( 'NONE', #5953, 1.599999999999997202 ) ;
#1945 = CYLINDRICAL_SURFACE ( 'NONE', #3628, 1.600000000000018074 ) ;
#1946 = AXIS2_PLACEMENT_3D ( 'NONE', #6762, #2815, #3551 ) ;
#1947 = VERTEX_POINT ( 'NONE', #674 ) ;
#1948 = EDGE_CURVE ( 'NONE', #401, #4090, #5877, .T. ) ;
#1949 = ADVANCED_FACE ( 'NONE', ( #7000 ), #229, .F. ) ;
#1950 = LINE ( 'NONE', #2586, #3239 ) ;
#1951 = FACE_OUTER_BOUND ( 'NONE', #7069, .T. ) ;
#1952 = FACE_BOUND ( 'NONE', #2438, .T. ) ;
#1953 = VECTOR ( 'NONE', #4724, 1000.000000000000000 ) ;
#1954 = CARTESIAN_POINT ( 'NONE',  ( 27.80618330958759898, 0.6999999999999999556, -30.06892500938459989 ) ) ;
#1955 = ORIENTED_EDGE ( 'NONE', *, *, #3570, .F. ) ;
#1956 = DIRECTION ( 'NONE',  ( 0.000000000000000000, 0.000000000000000000, 1.000000000000000000 ) ) ;
#1957 = ORIENTED_EDGE ( 'NONE', *, *, #7891, .T. ) ;
#1958 = ORIENTED_EDGE ( 'NONE', *, *, #836, .F. ) ;
#1959 = VERTEX_POINT ( 'NONE', #6419 ) ;
#1960 = EDGE_CURVE ( 'NONE', #5781, #5263, #3627, .T. ) ;
#1961 = CARTESIAN_POINT ( 'NONE',  ( 42.72613639262380048, 2.100000000000000089, 32.11953467482550195 ) ) ;
#1962 = ORIENTED_EDGE ( 'NONE', *, *, #4486, .F. ) ;
#1963 = DIRECTION ( 'NONE',  ( 0.7071067811865507924, 0.000000000000000000, -0.7071067811865442421 ) ) ;
#1964 = VECTOR ( 'NONE', #3837, 1000.000000000000000 ) ;
#1965 = VERTEX_POINT ( 'NONE', #3339 ) ;
#1966 = CIRCLE ( 'NONE', #3035, 9.000000000000001776 ) ;
#1967 = CIRCLE ( 'NONE', #4222, 1.599999999999997202 ) ;
#1968 = DIRECTION ( 'NONE',  ( 0.000000000000000000, 0.000000000000000000, -1.000000000000000000 ) ) ;
#1969 = DIRECTION ( 'NONE',  ( 0.000000000000000000, 0.000000000000000000, -1.000000000000000000 ) ) ;
#1970 = CARTESIAN_POINT ( 'NONE',  ( -1.269817584415023582E-14, 2.100000000000000089, -30.50000000000002132 ) ) ;
#1971 = DIRECTION ( 'NONE',  ( 0.000000000000000000, 1.000000000000000000, -0.000000000000000000 ) ) ;
#1972 = ORIENTED_EDGE ( 'NONE', *, *, #5352, .T. ) ;
#1973 = CARTESIAN_POINT ( 'NONE',  ( 36.46446609406677197, 0.6999999999999999556, 52.46446609406770278 ) ) ;
#1974 = VERTEX_POINT ( 'NONE', #6335 ) ;
#1975 = LINE ( 'NONE', #1356, #2051 ) ;
#1976 = CIRCLE ( 'NONE', #1060, 1.600000000000004086 ) ;
#1977 = AXIS2_PLACEMENT_3D ( 'NONE', #602, #6229, #688 ) ;
#1978 = ADVANCED_FACE ( 'NONE', ( #5164 ), #5250, .T. ) ;
#1979 = EDGE_CURVE ( 'NONE', #986, #5628, #6823, .T. ) ;
#1980 = AXIS2_PLACEMENT_3D ( 'NONE', #3084, #701, #1184 ) ;
#1981 = DIRECTION ( 'NONE',  ( -0.000000000000000000, -1.000000000000000000, -0.000000000000000000 ) ) ;
#1982 = VERTEX_POINT ( 'NONE', #709 ) ;
#1983 = LINE ( 'NONE', #7012, #6450 ) ;
#1984 = CARTESIAN_POINT ( 'NONE',  ( -11.50000000000000000, 0.6999999999999999556, -0.8660254037844367092 ) ) ;
#1985 = CARTESIAN_POINT ( 'NONE',  ( -1.131370849898491571, 0.6999999999999999556, -1.131370849898491127 ) ) ;
#1986 = ORIENTED_EDGE ( 'NONE', *, *, #2689, .T. ) ;
#1987 = DIRECTION ( 'NONE',  ( -0.000000000000000000, -1.000000000000000000, -0.000000000000000000 ) ) ;
#1988 = FACE_OUTER_BOUND ( 'NONE', #7532, .T. ) ;
#1989 = EDGE_CURVE ( 'NONE', #7500, #6835, #5750, .T. ) ;
#1990 = CIRCLE ( 'NONE', #6633, 1.600000000000004086 ) ;
#1991 = CIRCLE ( 'NONE', #8089, 1.600000000000001643 ) ;
#1992 = FACE_OUTER_BOUND ( 'NONE', #7003, .T. ) ;
#1993 = FACE_OUTER_BOUND ( 'NONE', #6113, .T. ) ;
#1994 = FACE_BOUND ( 'NONE', #7093, .T. ) ;
#1995 = DIRECTION ( 'NONE',  ( 0.000000000000000000, 0.000000000000000000, 1.000000000000000000 ) ) ;
#1996 = ORIENTED_EDGE ( 'NONE', *, *, #1300, .T. ) ;
#1997 = CARTESIAN_POINT ( 'NONE',  ( 1.959434878635780514E-16, 0.6999999999999999556, 35.50000000000001421 ) ) ;
#1998 = EDGE_CURVE ( 'NONE', #5884, #3993, #1276, .T. ) ;
#1999 = ORIENTED_EDGE ( 'NONE', *, *, #4984, .T. ) ;
#2000 = ORIENTED_EDGE ( 'NONE', *, *, #6350, .F. ) ;
#2001 = CARTESIAN_POINT ( 'NONE',  ( -33.88730162779190636, 2.100000000000000089, -33.88730162779190636 ) ) ;
#2002 = EDGE_LOOP ( 'NONE', ( #5702, #1747, #4254, #4023, #7949, #4162, #4929 ) ) ;
#2003 = CARTESIAN_POINT ( 'NONE',  ( -19.50385078242113934, 0.6999999999999999556, 3.755000000000001670 ) ) ;
#2004 = EDGE_CURVE ( 'NONE', #8123, #804, #3877, .T. ) ;
#2005 = EDGE_CURVE ( 'NONE', #4328, #207, #4287, .T. ) ;
#2006 = ORIENTED_EDGE ( 'NONE', *, *, #1289, .T. ) ;
#2007 = DIRECTION ( 'NONE',  ( 0.000000000000000000, 1.000000000000000000, -0.000000000000000000 ) ) ;
#2008 = CARTESIAN_POINT ( 'NONE',  ( -52.46446609406731909, 2.100000000000000089, 38.06446609406731341 ) ) ;
#2009 = VECTOR ( 'NONE', #445, 1000.000000000000000 ) ;
#2010 = FACE_OUTER_BOUND ( 'NONE', #5940, .T. ) ;
#2011 = DIRECTION ( 'NONE',  ( 0.000000000000000000, 0.000000000000000000, 1.000000000000000000 ) ) ;
#2012 = VERTEX_POINT ( 'NONE', #1434 ) ;
#2013 = DIRECTION ( 'NONE',  ( 0.000000000000000000, 0.000000000000000000, -1.000000000000000000 ) ) ;
#2014 = ORIENTED_EDGE ( 'NONE', *, *, #907, .T. ) ;
#2015 = DIRECTION ( 'NONE',  ( 0.000000000000000000, 0.000000000000000000, 1.000000000000000000 ) ) ;
#2016 = VECTOR ( 'NONE', #8031, 1000.000000000000000 ) ;
#2017 = ORIENTED_EDGE ( 'NONE', *, *, #2238, .F. ) ;
#2018 = CARTESIAN_POINT ( 'NONE',  ( -1.269817584415023582E-14, 0.6999999999999999556, -30.50000000000002132 ) ) ;
#2019 = CARTESIAN_POINT ( 'NONE',  ( -25.50000000000000000, 2.100000000000000089, -48.89999999999999858 ) ) ;
#2020 = EDGE_CURVE ( 'NONE', #4177, #216, #4826, .T. ) ;
#2021 = VERTEX_POINT ( 'NONE', #69 ) ;
#2022 = EDGE_CURVE ( 'NONE', #7627, #1126, #7780, .T. ) ;
#2023 = DIRECTION ( 'NONE',  ( 0.000000000000000000, 0.000000000000000000, 1.000000000000000000 ) ) ;
#2024 = DIRECTION ( 'NONE',  ( 0.000000000000000000, 0.000000000000000000, 1.000000000000000000 ) ) ;
#2025 = PLANE ( 'NONE',  #4942 ) ;
#2026 = ORIENTED_EDGE ( 'NONE', *, *, #6838, .T. ) ;
#2027 = CIRCLE ( 'NONE', #212, 1.600000000000000755 ) ;
#2028 = CARTESIAN_POINT ( 'NONE',  ( -52.46446609406718409, 2.100000000000000089, -36.46446609406750383 ) ) ;
#2029 = LINE ( 'NONE', #2886, #18 ) ;
#2030 = CARTESIAN_POINT ( 'NONE',  ( -27.80618330958759898, 2.100000000000000089, 30.06892500938459989 ) ) ;
#2031 = VECTOR ( 'NONE', #4831, 1000.000000000000000 ) ;
#2032 = CARTESIAN_POINT ( 'NONE',  ( 48.89999999999999858, 2.100000000000000089, -25.50000000000000000 ) ) ;
#2033 = ADVANCED_FACE ( 'NONE', ( #2603 ), #7127, .F. ) ;
#2034 = DIRECTION ( 'NONE',  ( 0.000000000000000000, 0.000000000000000000, 1.000000000000000000 ) ) ;
#2035 = DIRECTION ( 'NONE',  ( 0.000000000000000000, 0.000000000000000000, 1.000000000000000000 ) ) ;
#2036 = AXIS2_PLACEMENT_3D ( 'NONE', #6996, #3792, #4615 ) ;
#2037 = FACE_OUTER_BOUND ( 'NONE', #7648, .T. ) ;
#2038 = VECTOR ( 'NONE', #2198, 1000.000000000000000 ) ;
#2039 = ORIENTED_EDGE ( 'NONE', *, *, #2045, .F. ) ;
#2040 = LINE ( 'NONE', #3986, #5668 ) ;
#2041 = VECTOR ( 'NONE', #6839, 1000.000000000000000 ) ;
#2042 = EDGE_LOOP ( 'NONE', ( #5497, #128, #1724, #7516 ) ) ;
#2043 = CIRCLE ( 'NONE', #6686, 1.600000000000004086 ) ;
#2044 = ORIENTED_EDGE ( 'NONE', *, *, #5398, .T. ) ;
#2045 = EDGE_CURVE ( 'NONE', #7437, #1849, #5121, .T. ) ;
#2046 = CARTESIAN_POINT ( 'NONE',  ( -35.01867247769035174, 0.6999999999999999556, 32.75593077789344676 ) ) ;
#2047 = ORIENTED_EDGE ( 'NONE', *, *, #3904, .F. ) ;
#2048 = ORIENTED_EDGE ( 'NONE', *, *, #4611, .F. ) ;
#2049 = VECTOR ( 'NONE', #7798, 1000.000000000000000 ) ;
#2050 = LINE ( 'NONE', #3994, #1123 ) ;
#2051 = VECTOR ( 'NONE', #1396, 1000.000000000000000 ) ;
#2052 = ORIENTED_EDGE ( 'NONE', *, *, #7435, .T. ) ;
#2053 = EDGE_CURVE ( 'NONE', #1959, #5377, #5363, .T. ) ;
#2054 = LINE ( 'NONE', #5911, #4885 ) ;
#2055 = EDGE_CURVE ( 'NONE', #7473, #3806, #2187, .T. ) ;
#2056 = LINE ( 'NONE', #141, #7152 ) ;
#2057 = CARTESIAN_POINT ( 'NONE',  ( -48.89999999999999858, 2.100000000000000089, -27.09999999999999787 ) ) ;
#2058 = DIRECTION ( 'NONE',  ( 0.000000000000000000, 0.000000000000000000, -1.000000000000000000 ) ) ;
#2059 = CARTESIAN_POINT ( 'NONE',  ( -18.50385078242113579, 2.100000000000000089, -3.754999999999999005 ) ) ;
#2060 = ORIENTED_EDGE ( 'NONE', *, *, #6037, .T. ) ;
#2061 = DIRECTION ( 'NONE',  ( -0.000000000000000000, -1.000000000000000000, -0.000000000000000000 ) ) ;
#2062 = EDGE_LOOP ( 'NONE', ( #2856, #11, #6850, #453 ) ) ;
#2063 = CARTESIAN_POINT ( 'NONE',  ( -36.46446609406732620, 0.6999999999999999556, 50.86446609406731056 ) ) ;
#2064 = VERTEX_POINT ( 'NONE', #1854 ) ;
#2065 = CARTESIAN_POINT ( 'NONE',  ( 74.50000000000000000, 2.100000000000000089, 0.000000000000000000 ) ) ;
#2066 = EDGE_LOOP ( 'NONE', ( #5696, #4367, #1264, #8060 ) ) ;
#2067 = CARTESIAN_POINT ( 'NONE',  ( 4.999999999999999112, 2.100000000000000089, 9.782275240470715808E-16 ) ) ;
#2068 = CARTESIAN_POINT ( 'NONE',  ( -16.48560856174882616, 0.6999999999999999556, 17.08037545153021242 ) ) ;
#2069 = CARTESIAN_POINT ( 'NONE',  ( -24.00000000000000000, 2.100000000000000089, -15.50000000000000000 ) ) ;
#2070 = ORIENTED_EDGE ( 'NONE', *, *, #7974, .F. ) ;
#2071 = CIRCLE ( 'NONE', #7503, 1.600000000000000755 ) ;
#2072 = CARTESIAN_POINT ( 'NONE',  ( -36.29146468382625557, 0.6999999999999999556, 36.29146468382606372 ) ) ;
#2073 = DIRECTION ( 'NONE',  ( 0.8660596620565250703, 0.000000000000000000, 0.4999406582370924945 ) ) ;
#2074 = CARTESIAN_POINT ( 'NONE',  ( 27.80618330958759898, 0.6999999999999999556, 30.06892500938459989 ) ) ;
#2075 = EDGE_CURVE ( 'NONE', #6956, #5864, #4384, .T. ) ;
#2076 = CIRCLE ( 'NONE', #2742, 1.000000000000000888 ) ;
#2077 = DIRECTION ( 'NONE',  ( -0.000000000000000000, -1.000000000000000000, -0.000000000000000000 ) ) ;
#2078 = DIRECTION ( 'NONE',  ( 0.000000000000000000, 0.000000000000000000, -1.000000000000000000 ) ) ;
#2079 = ORIENTED_EDGE ( 'NONE', *, *, #4330, .T. ) ;
#2080 = CARTESIAN_POINT ( 'NONE',  ( -32.11953467482550195, 2.100000000000000089, -44.32613639262370242 ) ) ;
#2081 = CARTESIAN_POINT ( 'NONE',  ( 55.50000000000000000, 2.100000000000000089, 55.50000000000000000 ) ) ;
#2082 = AXIS2_PLACEMENT_3D ( 'NONE', #5424, #6675, #7912 ) ;
#2083 = CARTESIAN_POINT ( 'NONE',  ( 52.46446609406756068, 0.6999999999999999556, -34.86446609406696950 ) ) ;
#2084 = ORIENTED_EDGE ( 'NONE', *, *, #7965, .T. ) ;
#2085 = EDGE_CURVE ( 'NONE', #4388, #4721, #7620, .T. ) ;
#2086 = ADVANCED_FACE ( 'NONE', ( #876 ), #4632, .F. ) ;
#2087 = ORIENTED_EDGE ( 'NONE', *, *, #5053, .T. ) ;
#2088 = DIRECTION ( 'NONE',  ( 0.000000000000000000, 0.000000000000000000, 1.000000000000000000 ) ) ;
#2089 = CARTESIAN_POINT ( 'NONE',  ( 42.08974028955584856, 2.100000000000000089, -39.82699858975890095 ) ) ;
#2090 = ORIENTED_EDGE ( 'NONE', *, *, #1619, .T. ) ;
#2091 = ORIENTED_EDGE ( 'NONE', *, *, #136, .F. ) ;
#2092 = DIRECTION ( 'NONE',  ( -0.000000000000000000, -1.000000000000000000, -0.000000000000000000 ) ) ;
#2093 = EDGE_CURVE ( 'NONE', #5796, #859, #1006, .T. ) ;
#2094 = AXIS2_PLACEMENT_3D ( 'NONE', #3400, #851, #2707 ) ;
#2095 = ORIENTED_EDGE ( 'NONE', *, *, #5892, .F. ) ;
#2096 = DIRECTION ( 'NONE',  ( -0.000000000000000000, -1.000000000000000000, -0.000000000000000000 ) ) ;
#2097 = DIRECTION ( 'NONE',  ( -0.000000000000000000, -1.000000000000000000, -0.000000000000000000 ) ) ;
#2098 = AXIS2_PLACEMENT_3D ( 'NONE', #3615, #3654, #420 ) ;
#2099 = VECTOR ( 'NONE', #2073, 1000.000000000000114 ) ;
#2100 = ORIENTED_EDGE ( 'NONE', *, *, #7374, .T. ) ;
#2101 = DIRECTION ( 'NONE',  ( -0.7982148603926225716, 0.000000000000000000, -0.6023728385712507905 ) ) ;
#2102 = ORIENTED_EDGE ( 'NONE', *, *, #7132, .F. ) ;
#2103 = FACE_OUTER_BOUND ( 'NONE', #5769, .T. ) ;
#2104 = ADVANCED_FACE ( 'NONE', ( #5881 ), #6423, .F. ) ;
#2105 = AXIS2_PLACEMENT_3D ( 'NONE', #2669, #4064, #3939 ) ;
#2106 = VERTEX_POINT ( 'NONE', #73 ) ;
#2107 = CARTESIAN_POINT ( 'NONE',  ( -32.00000000000000000, 2.100000000000000089, 1.175660927181459947E-14 ) ) ;
#2108 = EDGE_LOOP ( 'NONE', ( #2677, #6861, #8081, #3307 ) ) ;
#2109 = CARTESIAN_POINT ( 'NONE',  ( -54.14213562373090127, 2.100000000000000089, 71.74213562373101638 ) ) ;
#2110 = DIRECTION ( 'NONE',  ( -0.7071067811865493491, 0.000000000000000000, 0.7071067811865456854 ) ) ;
#2111 = AXIS2_PLACEMENT_3D ( 'NONE', #4121, #6661, #3416 ) ;
#2112 = FACE_OUTER_BOUND ( 'NONE', #7809, .T. ) ;
#2113 = EDGE_LOOP ( 'NONE', ( #3150, #6807, #2143, #3155 ) ) ;
#2114 = AXIS2_PLACEMENT_3D ( 'NONE', #4108, #4229, #4142 ) ;
#2115 = CARTESIAN_POINT ( 'NONE',  ( 18.50385078242113579, 0.6999999999999999556, -3.755000000000001226 ) ) ;
#2116 = EDGE_LOOP ( 'NONE', ( #1244, #4896, #4882, #7354 ) ) ;
#2117 = CIRCLE ( 'NONE', #6758, 1.600000000000011191 ) ;
#2118 = CARTESIAN_POINT ( 'NONE',  ( -12.50000000000000000, 2.100000000000000089, 30.50000000000001776 ) ) ;
#2119 = EDGE_CURVE ( 'NONE', #1462, #7360, #3896, .T. ) ;
#2120 = CIRCLE ( 'NONE', #1191, 1.600000000000000755 ) ;
#2121 = AXIS2_PLACEMENT_3D ( 'NONE', #716, #4640, #5423 ) ;
#2122 = DIRECTION ( 'NONE',  ( 0.000000000000000000, 1.000000000000000000, -0.000000000000000000 ) ) ;
#2123 = CARTESIAN_POINT ( 'NONE',  ( -4.999999999999999112, 2.100000000000000089, 1.630379206745119104E-15 ) ) ;
#2124 = ORIENTED_EDGE ( 'NONE', *, *, #3387, .F. ) ;
#2125 = CARTESIAN_POINT ( 'NONE',  ( 32.11953467482550195, 2.100000000000000089, -42.72613639262380048 ) ) ;
#2126 = CARTESIAN_POINT ( 'NONE',  ( 6.499940658237091107, 0.6999999999999999556, 9.583940337943474219 ) ) ;
#2127 = ORIENTED_EDGE ( 'NONE', *, *, #1318, .T. ) ;
#2128 = CARTESIAN_POINT ( 'NONE',  ( -30.06892500938459989, 0.6999999999999999556, -27.80618330958759898 ) ) ;
#2129 = CIRCLE ( 'NONE', #2767, 1.600000000000004086 ) ;
#2130 = ORIENTED_EDGE ( 'NONE', *, *, #4113, .T. ) ;
#2131 = AXIS2_PLACEMENT_3D ( 'NONE', #6726, #6681, #1650 ) ;
#2132 = ORIENTED_EDGE ( 'NONE', *, *, #825, .F. ) ;
#2133 = CARTESIAN_POINT ( 'NONE',  ( 22.62741699796950101, 2.100000000000000089, -22.62741699796950101 ) ) ;
#2134 = LINE ( 'NONE', #2089, #1322 ) ;
#2135 = ORIENTED_EDGE ( 'NONE', *, *, #411, .F. ) ;
#2136 = ORIENTED_EDGE ( 'NONE', *, *, #1979, .F. ) ;
#2137 = ADVANCED_FACE ( 'NONE', ( #2103 ), #753, .T. ) ;
#2138 = EDGE_CURVE ( 'NONE', #5314, #5242, #5167, .T. ) ;
#2139 = LINE ( 'NONE', #4667, #4955 ) ;
#2140 = CARTESIAN_POINT ( 'NONE',  ( -1.131370849898491571, 2.100000000000000089, -1.131370849898491127 ) ) ;
#2141 = DIRECTION ( 'NONE',  ( 0.000000000000000000, 0.000000000000000000, -1.000000000000000000 ) ) ;
#2142 = EDGE_CURVE ( 'NONE', #4571, #4541, #1438, .T. ) ;
#2143 = ORIENTED_EDGE ( 'NONE', *, *, #1998, .T. ) ;
#2144 = PLANE ( 'NONE',  #4690 ) ;
#2145 = ORIENTED_EDGE ( 'NONE', *, *, #2854, .F. ) ;
#2146 = CARTESIAN_POINT ( 'NONE',  ( 47.30000000000000426, 2.100000000000000089, 0.000000000000000000 ) ) ;
#2147 = CIRCLE ( 'NONE', #3209, 1.599999999999997202 ) ;
#2148 = EDGE_LOOP ( 'NONE', ( #148, #6333, #4069, #3571 ) ) ;
#2149 = CARTESIAN_POINT ( 'NONE',  ( -12.50000000000000000, 2.100000000000000089, 28.50000000000000000 ) ) ;
#2150 = VERTEX_POINT ( 'NONE', #7665 ) ;
#2151 = EDGE_CURVE ( 'NONE', #7157, #7037, #7743, .T. ) ;
#2152 = CARTESIAN_POINT ( 'NONE',  ( 11.50000000000000000, 2.100000000000000089, 0.8660254037844367092 ) ) ;
#2153 = FACE_OUTER_BOUND ( 'NONE', #4985, .T. ) ;
#2154 = DIRECTION ( 'NONE',  ( 0.000000000000000000, 0.000000000000000000, 1.000000000000000000 ) ) ;
#2155 = VERTEX_POINT ( 'NONE', #2063 ) ;
#2156 = CARTESIAN_POINT ( 'NONE',  ( 45.90811690796319766, 0.6999999999999999556, -47.50811690796319908 ) ) ;
#2157 = CARTESIAN_POINT ( 'NONE',  ( -45.90811690796319766, 2.100000000000000089, -47.50811690796319908 ) ) ;
#2158 = AXIS2_PLACEMENT_3D ( 'NONE', #2149, #154, #4008 ) ;
#2159 = AXIS2_PLACEMENT_3D ( 'NONE', #402, #7261, #7386 ) ;
#2160 = PLANE ( 'NONE',  #3501 ) ;
#2161 = EDGE_CURVE ( 'NONE', #4631, #5074, #2645, .T. ) ;
#2162 = LINE ( 'NONE', #4022, #1147 ) ;
#2163 = EDGE_CURVE ( 'NONE', #1402, #3210, #7131, .T. ) ;
#2164 = ORIENTED_EDGE ( 'NONE', *, *, #5100, .F. ) ;
#2165 = CARTESIAN_POINT ( 'NONE',  ( 0.000000000000000000, 0.6999999999999999556, 50.50000000000000000 ) ) ;
#2166 = CARTESIAN_POINT ( 'NONE',  ( -14.19448966059528949, 2.100000000000000089, -18.80936831356894245 ) ) ;
#2167 = CARTESIAN_POINT ( 'NONE',  ( -70.14213562373100785, 0.6999999999999999556, 54.14213562373100785 ) ) ;
#2168 = ORIENTED_EDGE ( 'NONE', *, *, #5734, .T. ) ;
#2169 = VECTOR ( 'NONE', #2605, 1000.000000000000000 ) ;
#2170 = VECTOR ( 'NONE', #6131, 1000.000000000000000 ) ;
#2171 = ORIENTED_EDGE ( 'NONE', *, *, #4267, .T. ) ;
#2172 = AXIS2_PLACEMENT_3D ( 'NONE', #4047, #2808, #6581 ) ;
#2173 = FACE_OUTER_BOUND ( 'NONE', #3609, .T. ) ;
#2174 = DIRECTION ( 'NONE',  ( -0.000000000000000000, -1.000000000000000000, -0.000000000000000000 ) ) ;
#2175 = ORIENTED_EDGE ( 'NONE', *, *, #6083, .F. ) ;
#2176 = VECTOR ( 'NONE', #1924, 1000.000000000000000 ) ;
#2177 = ORIENTED_EDGE ( 'NONE', *, *, #3776, .F. ) ;
#2178 = LINE ( 'NONE', #6035, #7872 ) ;
#2179 = VECTOR ( 'NONE', #1585, 1000.000000000000000 ) ;
#2180 = VECTOR ( 'NONE', #6380, 1000.000000000000000 ) ;
#2181 = AXIS2_PLACEMENT_3D ( 'NONE', #6198, #4517, #2617 ) ;
#2182 = ADVANCED_FACE ( 'NONE', ( #149 ), #6384, .F. ) ;
#2183 = DIRECTION ( 'NONE',  ( -0.000000000000000000, -1.000000000000000000, -0.000000000000000000 ) ) ;
#2184 = PERSON_AND_ORGANIZATION ( #3834, #5159 ) ;
#2185 = LINE ( 'NONE', #2848, #8068 ) ;
#2186 = CIRCLE ( 'NONE', #872, 1.599999999999997202 ) ;
#2187 = CIRCLE ( 'NONE', #487, 1.600000000000004086 ) ;
#2188 = CARTESIAN_POINT ( 'NONE',  ( 12.50000000000000000, 2.100000000000000089, -30.50000000000002842 ) ) ;
#2189 = ORIENTED_EDGE ( 'NONE', *, *, #6068, .F. ) ;
#2190 = DIRECTION ( 'NONE',  ( -0.000000000000000000, -1.000000000000000000, -0.000000000000000000 ) ) ;
#2191 = ORIENTED_EDGE ( 'NONE', *, *, #982, .T. ) ;
#2192 = EDGE_CURVE ( 'NONE', #3648, #6165, #7784, .T. ) ;
#2193 = ORIENTED_EDGE ( 'NONE', *, *, #2022, .T. ) ;
#2194 = CARTESIAN_POINT ( 'NONE',  ( -19.09188309203669931, 0.6999999999999999556, -19.09188309203683076 ) ) ;
#2195 = ORIENTED_EDGE ( 'NONE', *, *, #1630, .F. ) ;
#2196 = CARTESIAN_POINT ( 'NONE',  ( 65.50000000000000000, 2.100000000000000089, -31.00000000000000000 ) ) ;
#2197 = PLANE ( 'NONE',  #1468 ) ;
#2198 = DIRECTION ( 'NONE',  ( -0.000000000000000000, -1.000000000000000000, -0.000000000000000000 ) ) ;
#2199 = EDGE_LOOP ( 'NONE', ( #5170, #5130, #1279, #8 ) ) ;
#2200 = CARTESIAN_POINT ( 'NONE',  ( 5.999999999999998224, 2.100000000000000089, -10.44999999999999929 ) ) ;
#2201 = ORIENTED_EDGE ( 'NONE', *, *, #5675, .F. ) ;
#2202 = CARTESIAN_POINT ( 'NONE',  ( 24.00000000000000000, 0.6999999999999999556, -17.10000000000000142 ) ) ;
#2203 = EDGE_CURVE ( 'NONE', #7702, #4756, #7171, .T. ) ;
#2204 = DIRECTION ( 'NONE',  ( -0.000000000000000000, -1.000000000000000000, -0.000000000000000000 ) ) ;
#2205 = DIRECTION ( 'NONE',  ( 0.000000000000000000, 1.000000000000000000, -0.000000000000000000 ) ) ;
#2206 = DIRECTION ( 'NONE',  ( 0.000000000000000000, 0.000000000000000000, -1.000000000000000000 ) ) ;
#2207 = LINE ( 'NONE', #1414, #2242 ) ;
#2208 = ORIENTED_EDGE ( 'NONE', *, *, #394, .T. ) ;
#2209 = CARTESIAN_POINT ( 'NONE',  ( -24.00000000000000000, 2.100000000000000089, -15.50000000000000000 ) ) ;
#2210 = CARTESIAN_POINT ( 'NONE',  ( -6.000000000000000000, 2.100000000000000089, -10.44999999999999929 ) ) ;
#2211 = ORIENTED_EDGE ( 'NONE', *, *, #6037, .F. ) ;
#2212 = EDGE_CURVE ( 'NONE', #5628, #986, #6559, .T. ) ;
#2213 = ORIENTED_EDGE ( 'NONE', *, *, #3216, .T. ) ;
#2214 = CARTESIAN_POINT ( 'NONE',  ( -28.93755415948609766, 0.6999999999999999556, 28.93755415948609766 ) ) ;
#2215 = CARTESIAN_POINT ( 'NONE',  ( -32.00000000000000000, 2.100000000000000089, 1.600000000000013411 ) ) ;
#2216 = ORIENTED_EDGE ( 'NONE', *, *, #6937, .F. ) ;
#2217 = ORIENTED_EDGE ( 'NONE', *, *, #2597, .T. ) ;
#2218 = VECTOR ( 'NONE', #4307, 1000.000000000000000 ) ;
#2219 = DIRECTION ( 'NONE',  ( -0.000000000000000000, -1.000000000000000000, -0.000000000000000000 ) ) ;
#2220 = LINE ( 'NONE', #980, #5752 ) ;
#2221 = EDGE_CURVE ( 'NONE', #683, #2765, #5227, .T. ) ;
#2222 = CARTESIAN_POINT ( 'NONE',  ( -65.50000000000000000, 2.100000000000000089, 0.000000000000000000 ) ) ;
#2223 = DIRECTION ( 'NONE',  ( 0.000000000000000000, 0.000000000000000000, -1.000000000000000000 ) ) ;
#2224 = LINE ( 'NONE', #2353, #3882 ) ;
#2225 = ORIENTED_EDGE ( 'NONE', *, *, #1300, .F. ) ;
#2226 = DIRECTION ( 'NONE',  ( 0.000000000000000000, 0.000000000000000000, 1.000000000000000000 ) ) ;
#2227 = ORIENTED_EDGE ( 'NONE', *, *, #7304, .T. ) ;
#2228 = ORIENTED_EDGE ( 'NONE', *, *, #6837, .T. ) ;
#2229 = CARTESIAN_POINT ( 'NONE',  ( -42.72613639262370100, 0.6999999999999999556, 32.11953467482550195 ) ) ;
#2230 = ORIENTED_EDGE ( 'NONE', *, *, #7731, .T. ) ;
#2231 = CARTESIAN_POINT ( 'NONE',  ( 5.999999999999996447, 0.6999999999999999556, -24.75000000000000000 ) ) ;
#2232 = CARTESIAN_POINT ( 'NONE',  ( 36.29146468382603530, 0.6999999999999999556, 36.29146468382622714 ) ) ;
#2233 = LINE ( 'NONE', #4762, #1910 ) ;
#2234 = ORIENTED_EDGE ( 'NONE', *, *, #4304, .F. ) ;
#2235 = EDGE_CURVE ( 'NONE', #7793, #7864, #4040, .T. ) ;
#2236 = DIRECTION ( 'NONE',  ( 0.000000000000000000, 1.000000000000000000, -0.000000000000000000 ) ) ;
#2237 = EDGE_LOOP ( 'NONE', ( #1095, #7655, #3671, #7742, #2026, #1178, #4464, #6755 ) ) ;
#2238 = EDGE_CURVE ( 'NONE', #3854, #6045, #1975, .T. ) ;
#2239 = CARTESIAN_POINT ( 'NONE',  ( 40.95836943965740318, 2.100000000000000089, -40.95836943965740318 ) ) ;
#2240 = CIRCLE ( 'NONE', #925, 1.600000000000004086 ) ;
#2241 = VECTOR ( 'NONE', #2600, 1000.000000000000000 ) ;
#2242 = VECTOR ( 'NONE', #7111, 1000.000000000000000 ) ;
#2243 = ORIENTED_EDGE ( 'NONE', *, *, #6985, .T. ) ;
#2244 = CARTESIAN_POINT ( 'NONE',  ( -1.131370849898491127, 0.6999999999999999556, 1.131370849898491571 ) ) ;
#2245 = CYLINDRICAL_SURFACE ( 'NONE', #6722, 1.600000000000004086 ) ;
#2246 = CARTESIAN_POINT ( 'NONE',  ( 4.999999999999999112, 0.6999999999999999556, -9.782275240470715808E-16 ) ) ;
#2247 = ADVANCED_FACE ( 'NONE', ( #990 ), #6043, .T. ) ;
#2248 = FACE_OUTER_BOUND ( 'NONE', #3825, .T. ) ;
#2249 = CIRCLE ( 'NONE', #3175, 1.600000000000035394 ) ;
#2250 = CIRCLE ( 'NONE', #4624, 1.600000000000004086 ) ;
#2251 = ORIENTED_EDGE ( 'NONE', *, *, #2376, .F. ) ;
#2252 = CIRCLE ( 'NONE', #7413, 1.600000000000000755 ) ;
#2253 = ORIENTED_EDGE ( 'NONE', *, *, #1533, .F. ) ;
#2254 = CARTESIAN_POINT ( 'NONE',  ( -35.01867247769040858, 2.100000000000000089, -32.75593077789339702 ) ) ;
#2255 = CARTESIAN_POINT ( 'NONE',  ( 36.46446609406677197, 2.100000000000000089, 52.46446609406770278 ) ) ;
#2256 = ORIENTED_EDGE ( 'NONE', *, *, #3546, .T. ) ;
#2257 = CARTESIAN_POINT ( 'NONE',  ( 32.11953467482550195, 0.6999999999999999556, -42.72613639262380048 ) ) ;
#2258 = FACE_BOUND ( 'NONE', #7443, .T. ) ;
#2259 = AXIS2_PLACEMENT_3D ( 'NONE', #4344, #2989, #1208 ) ;
#2260 = DIRECTION ( 'NONE',  ( 0.000000000000000000, 0.000000000000000000, 1.000000000000000000 ) ) ;
#2261 = AXIS2_PLACEMENT_3D ( 'NONE', #1609, #2324, #4133 ) ;
#2262 = ADVANCED_FACE ( 'NONE', ( #4753 ), #3506, .F. ) ;
#2263 = DIRECTION ( 'NONE',  ( 0.000000000000000000, 0.000000000000000000, 1.000000000000000000 ) ) ;
#2264 = APPLICATION_CONTEXT ( 'configuration controlled 3d designs of mechanical parts and assemblies' ) ;
#2265 = VERTEX_POINT ( 'NONE', #351 ) ;
#2266 = AXIS2_PLACEMENT_3D ( 'NONE', #3932, #4017, #5310 ) ;
#2267 = CARTESIAN_POINT ( 'NONE',  ( -65.50000000000000000, 2.100000000000000089, 31.00000000000000000 ) ) ;
#2268 = PERSON_AND_ORGANIZATION ( #3834, #5159 ) ;
#2269 = ORIENTED_EDGE ( 'NONE', *, *, #2620, .F. ) ;
#2270 = DIRECTION ( 'NONE',  ( 0.000000000000000000, 0.000000000000000000, 1.000000000000000000 ) ) ;
#2271 = ADVANCED_FACE ( 'NONE', ( #5416 ), #1028, .F. ) ;
#2272 = EDGE_CURVE ( 'NONE', #7201, #7251, #6964, .T. ) ;
#2273 = DIRECTION ( 'NONE',  ( -0.000000000000000000, -1.000000000000000000, -0.000000000000000000 ) ) ;
#2274 = ORIENTED_EDGE ( 'NONE', *, *, #638, .T. ) ;
#2275 = DIRECTION ( 'NONE',  ( 0.000000000000000000, 0.000000000000000000, -1.000000000000000000 ) ) ;
#2276 = ORIENTED_EDGE ( 'NONE', *, *, #1439, .T. ) ;
#2277 = ORIENTED_EDGE ( 'NONE', *, *, #339, .T. ) ;
#2278 = CARTESIAN_POINT ( 'NONE',  ( 28.93755415948609766, 0.6999999999999999556, 28.93755415948609766 ) ) ;
#2279 = LINE ( 'NONE', #508, #2704 ) ;
#2280 = ORIENTED_EDGE ( 'NONE', *, *, #2541, .F. ) ;
#2281 = DIRECTION ( 'NONE',  ( 0.000000000000000000, 0.000000000000000000, 1.000000000000000000 ) ) ;
#2282 = DIRECTION ( 'NONE',  ( 0.000000000000000000, 1.000000000000000000, -0.000000000000000000 ) ) ;
#2283 = DIRECTION ( 'NONE',  ( -0.000000000000000000, -1.000000000000000000, -0.000000000000000000 ) ) ;
#2284 = ORIENTED_EDGE ( 'NONE', *, *, #4759, .T. ) ;
#2285 = CARTESIAN_POINT ( 'NONE',  ( -44.77674605806474517, 0.6999999999999999556, 47.03948775786169989 ) ) ;
#2286 = CARTESIAN_POINT ( 'NONE',  ( -6.499940658237089330, 2.100000000000000089, 9.583940337943474219 ) ) ;
#2287 = CIRCLE ( 'NONE', #6925, 1.599999999999997202 ) ;
#2288 = EDGE_CURVE ( 'NONE', #6078, #1455, #7291, .T. ) ;
#2289 = ADVANCED_FACE ( 'NONE', ( #429 ), #1602, .F. ) ;
#2290 = LINE ( 'NONE', #4224, #7685 ) ;
#2291 = ORIENTED_EDGE ( 'NONE', *, *, #6937, .T. ) ;
#2292 = DIRECTION ( 'NONE',  ( -0.7071067811865477948, 0.000000000000000000, -0.7071067811865473507 ) ) ;
#2293 = CARTESIAN_POINT ( 'NONE',  ( -19.50385078242113934, 0.6999999999999999556, 0.000000000000000000 ) ) ;
#2294 = CARTESIAN_POINT ( 'NONE',  ( 31.00000000000000000, 2.100000000000000089, -56.50000000000000000 ) ) ;
#2295 = EDGE_LOOP ( 'NONE', ( #2567, #2797, #7331, #358 ) ) ;
#2296 = ORIENTED_EDGE ( 'NONE', *, *, #6669, .T. ) ;
#2297 = EDGE_CURVE ( 'NONE', #2896, #3832, #3373, .T. ) ;
#2298 = DIRECTION ( 'NONE',  ( 0.000000000000000000, 1.000000000000000000, -0.000000000000000000 ) ) ;
#2299 = CARTESIAN_POINT ( 'NONE',  ( -55.50000000000000000, 2.100000000000000089, 46.50000000000000000 ) ) ;
#2300 = ORIENTED_EDGE ( 'NONE', *, *, #5757, .T. ) ;
#2301 = DIRECTION ( 'NONE',  ( 0.000000000000000000, 0.000000000000000000, 1.000000000000000000 ) ) ;
#2302 = CARTESIAN_POINT ( 'NONE',  ( -1.131370849898249764, 2.100000000000000089, 1.131370849898236886 ) ) ;
#2303 = DIRECTION ( 'NONE',  ( 0.000000000000000000, 0.000000000000000000, -1.000000000000000000 ) ) ;
#2304 = DIRECTION ( 'NONE',  ( 0.7071067811865477948, 0.000000000000000000, -0.7071067811865473507 ) ) ;
#2305 = DIRECTION ( 'NONE',  ( -0.000000000000000000, -1.000000000000000000, -0.000000000000000000 ) ) ;
#2306 = VECTOR ( 'NONE', #5347, 1000.000000000000000 ) ;
#2307 = ADVANCED_FACE ( 'NONE', ( #7250 ), #390, .F. ) ;
#2308 = CIRCLE ( 'NONE', #5739, 1.600000000000011191 ) ;
#2309 = DIRECTION ( 'NONE',  ( 0.000000000000000000, 1.000000000000000000, -0.000000000000000000 ) ) ;
#2310 = CALENDAR_DATE ( 2026, 7, 6 ) ;
#2311 = ORIENTED_EDGE ( 'NONE', *, *, #3227, .T. ) ;
#2312 = DIRECTION ( 'NONE',  ( -0.000000000000000000, -1.000000000000000000, 0.000000000000000000 ) ) ;
#2313 = CARTESIAN_POINT ( 'NONE',  ( 52.46446609406692829, 2.100000000000000089, 38.06446609406786763 ) ) ;
#2314 = AXIS2_PLACEMENT_3D ( 'NONE', #8069, #6921, #6203 ) ;
#2315 = ORIENTED_EDGE ( 'NONE', *, *, #4488, .T. ) ;
#2316 = ADVANCED_FACE ( 'NONE', ( #2888 ), #1560, .F. ) ;
#2317 = VERTEX_POINT ( 'NONE', #2313 ) ;
#2318 = EDGE_CURVE ( 'NONE', #4525, #7096, #3464, .T. ) ;
#2319 = AXIS2_PLACEMENT_3D ( 'NONE', #7222, #7837, #920 ) ;
#2320 = CARTESIAN_POINT ( 'NONE',  ( 52.46446609406692829, 2.100000000000000089, 36.46446609406787331 ) ) ;
#2321 = DIRECTION ( 'NONE',  ( -0.000000000000000000, -1.000000000000000000, -0.000000000000000000 ) ) ;
#2322 = ORIENTED_EDGE ( 'NONE', *, *, #5202, .T. ) ;
#2323 = FACE_OUTER_BOUND ( 'NONE', #8086, .T. ) ;
#2324 = DIRECTION ( 'NONE',  ( 0.000000000000000000, 1.000000000000000000, -0.000000000000000000 ) ) ;
#2325 = VERTEX_POINT ( 'NONE', #4789 ) ;
#2326 = CARTESIAN_POINT ( 'NONE',  ( -35.01867247769035174, 2.100000000000000089, 32.75593077789344676 ) ) ;
#2327 = VERTEX_POINT ( 'NONE', #7330 ) ;
#2328 = LINE ( 'NONE', #6640, #2698 ) ;
#2329 = EDGE_LOOP ( 'NONE', ( #6721, #5510, #6499, #1288 ) ) ;
#2330 = FACE_OUTER_BOUND ( 'NONE', #3113, .T. ) ;
#2331 = AXIS2_PLACEMENT_3D ( 'NONE', #4677, #6710, #6000 ) ;
#2332 = EDGE_CURVE ( 'NONE', #1377, #7724, #4167, .T. ) ;
#2333 = LINE ( 'NONE', #1124, #6361 ) ;
#2334 = CARTESIAN_POINT ( 'NONE',  ( -2.499999999999999112, 2.100000000000000089, -4.330127018922192761 ) ) ;
#2335 = CARTESIAN_POINT ( 'NONE',  ( 48.89999999999999858, 2.100000000000000089, -27.09999999999999787 ) ) ;
#2336 = CARTESIAN_POINT ( 'NONE',  ( -47.03948775786169989, 2.100000000000000089, -44.77674605806473807 ) ) ;
#2337 = EDGE_CURVE ( 'NONE', #4666, #5624, #7745, .T. ) ;
#2338 = ORIENTED_EDGE ( 'NONE', *, *, #7505, .T. ) ;
#2339 = ORIENTED_EDGE ( 'NONE', *, *, #3078, .T. ) ;
#2340 = LINE ( 'NONE', #7359, #1722 ) ;
#2341 = ORIENTED_EDGE ( 'NONE', *, *, #6068, .T. ) ;
#2342 = DIRECTION ( 'NONE',  ( -0.000000000000000000, -1.000000000000000000, -0.000000000000000000 ) ) ;
#2343 = CARTESIAN_POINT ( 'NONE',  ( -18.00385078242113934, 2.100000000000000089, -4.621025403784440932 ) ) ;
#2344 = EDGE_LOOP ( 'NONE', ( #7306, #3379 ) ) ;
#2345 = VECTOR ( 'NONE', #1535, 1000.000000000000000 ) ;
#2346 = LINE ( 'NONE', #5495, #1726 ) ;
#2347 = ADVANCED_FACE ( 'NONE', ( #1071 ), #4832, .F. ) ;
#2348 = ADVANCED_FACE ( 'NONE', ( #268 ), #1518, .T. ) ;
#2349 = VECTOR ( 'NONE', #6108, 1000.000000000000000 ) ;
#2350 = CYLINDRICAL_SURFACE ( 'NONE', #2776, 0.9999999999999993339 ) ;
#2351 = DIRECTION ( 'NONE',  ( 1.000000000000000000, 0.000000000000000000, 0.000000000000000000 ) ) ;
#2352 = EDGE_LOOP ( 'NONE', ( #3312, #1216, #7130, #2870, #2000, #5990, #1544 ) ) ;
#2353 = CARTESIAN_POINT ( 'NONE',  ( -16.48560856174882616, 2.100000000000000089, 17.08037545153021242 ) ) ;
#2354 = EDGE_CURVE ( 'NONE', #4570, #8033, #3096, .T. ) ;
#2355 = VECTOR ( 'NONE', #156, 1000.000000000000000 ) ;
#2356 = EDGE_LOOP ( 'NONE', ( #7480, #2380, #4492, #6094 ) ) ;
#2357 = EDGE_LOOP ( 'NONE', ( #4585, #199 ) ) ;
#2358 = DIRECTION ( 'NONE',  ( 0.000000000000000000, 1.000000000000000000, -0.000000000000000000 ) ) ;
#2359 = FACE_OUTER_BOUND ( 'NONE', #7384, .T. ) ;
#2360 = VECTOR ( 'NONE', #5511, 1000.000000000000000 ) ;
#2361 = ORIENTED_EDGE ( 'NONE', *, *, #8059, .T. ) ;
#2362 = CARTESIAN_POINT ( 'NONE',  ( 42.72613639262380048, 2.100000000000000089, 32.11953467482550195 ) ) ;
#2363 = CARTESIAN_POINT ( 'NONE',  ( 1.131370849898491127, 2.100000000000000089, 1.131370849898491571 ) ) ;
#2364 = ORIENTED_EDGE ( 'NONE', *, *, #2556, .F. ) ;
#2365 = FACE_BOUND ( 'NONE', #1682, .T. ) ;
#2366 = ORIENTED_EDGE ( 'NONE', *, *, #754, .F. ) ;
#2367 = CYLINDRICAL_SURFACE ( 'NONE', #2159, 1.000000000000000444 ) ;
#2368 = ORIENTED_EDGE ( 'NONE', *, *, #6746, .F. ) ;
#2369 = ADVANCED_FACE ( 'NONE', ( #3094 ), #5042, .F. ) ;
#2370 = AXIS2_PLACEMENT_3D ( 'NONE', #3899, #6520, #6437 ) ;
#2371 = DIRECTION ( 'NONE',  ( -0.000000000000000000, -1.000000000000000000, -0.000000000000000000 ) ) ;
#2372 = FACE_OUTER_BOUND ( 'NONE', #4994, .T. ) ;
#2373 = DIRECTION ( 'NONE',  ( 0.000000000000000000, 1.000000000000000000, -0.000000000000000000 ) ) ;
#2374 = DIRECTION ( 'NONE',  ( 0.000000000000000000, 1.000000000000000000, -0.000000000000000000 ) ) ;
#2375 = LINE ( 'NONE', #3566, #2779 ) ;
#2376 = EDGE_CURVE ( 'NONE', #1517, #6953, #4414, .T. ) ;
#2377 = CIRCLE ( 'NONE', #8063, 1.600000000000018074 ) ;
#2378 = ORIENTED_EDGE ( 'NONE', *, *, #4663, .F. ) ;
#2379 = AXIS2_PLACEMENT_3D ( 'NONE', #640, #153, #2532 ) ;
#2380 = ORIENTED_EDGE ( 'NONE', *, *, #736, .F. ) ;
#2381 = AXIS2_PLACEMENT_3D ( 'NONE', #6741, #4391, #7556 ) ;
#2382 = DIRECTION ( 'NONE',  ( 0.000000000000000000, 0.000000000000000000, 1.000000000000000000 ) ) ;
#2383 = CARTESIAN_POINT ( 'NONE',  ( -47.30000000000000426, 2.100000000000000089, -25.50000000000000000 ) ) ;
#2384 = VERTEX_POINT ( 'NONE', #704 ) ;
#2385 = LINE ( 'NONE', #419, #1787 ) ;
#2386 = CARTESIAN_POINT ( 'NONE',  ( 48.89999999999999858, 2.100000000000000089, 25.50000000000000000 ) ) ;
#2387 = ORIENTED_EDGE ( 'NONE', *, *, #7560, .T. ) ;
#2388 = VECTOR ( 'NONE', #2096, 1000.000000000000000 ) ;
#2389 = AXIS2_PLACEMENT_3D ( 'NONE', #4894, #7352, #1659 ) ;
#2390 = LINE ( 'NONE', #1754, #3449 ) ;
#2391 = AXIS2_PLACEMENT_3D ( 'NONE', #3836, #2476, #6376 ) ;
#2392 = VECTOR ( 'NONE', #5481, 1000.000000000000000 ) ;
#2393 = EDGE_CURVE ( 'NONE', #3421, #2729, #5484, .T. ) ;
#2394 = DIRECTION ( 'NONE',  ( 0.000000000000000000, 0.000000000000000000, 1.000000000000000000 ) ) ;
#2395 = ORIENTED_EDGE ( 'NONE', *, *, #5660, .F. ) ;
#2396 = CARTESIAN_POINT ( 'NONE',  ( 50.50000000000000000, 2.100000000000000089, -25.50000000000000000 ) ) ;
#2397 = ORIENTED_EDGE ( 'NONE', *, *, #2020, .T. ) ;
#2398 = VECTOR ( 'NONE', #4650, 1000.000000000000000 ) ;
#2399 = VERTEX_POINT ( 'NONE', #6966 ) ;
#2400 = ADVANCED_FACE ( 'NONE', ( #7535 ), #669, .F. ) ;
#2401 = CARTESIAN_POINT ( 'NONE',  ( -36.46446609406713435, 0.6999999999999999556, -52.46446609406743278 ) ) ;
#2402 = ORIENTED_EDGE ( 'NONE', *, *, #2161, .F. ) ;
#2403 = DIRECTION ( 'NONE',  ( -0.000000000000000000, -1.000000000000000000, -0.000000000000000000 ) ) ;
#2404 = ORIENTED_EDGE ( 'NONE', *, *, #5932, .F. ) ;
#2405 = FACE_BOUND ( 'NONE', #1240, .T. ) ;
#2406 = ORIENTED_EDGE ( 'NONE', *, *, #393, .F. ) ;
#2407 = CYLINDRICAL_SURFACE ( 'NONE', #1500, 1.000000000000000888 ) ;
#2408 = ORIENTED_EDGE ( 'NONE', *, *, #3330, .F. ) ;
#2409 = AXIS2_PLACEMENT_3D ( 'NONE', #6050, #882, #399 ) ;
#2410 = EDGE_CURVE ( 'NONE', #6085, #1422, #1522, .T. ) ;
#2411 = PLANE ( 'NONE',  #6231 ) ;
#2412 = ORIENTED_EDGE ( 'NONE', *, *, #3344, .F. ) ;
#2413 = DIRECTION ( 'NONE',  ( 0.000000000000000000, 1.000000000000000000, -0.000000000000000000 ) ) ;
#2414 = DIRECTION ( 'NONE',  ( -0.000000000000000000, -1.000000000000000000, -0.000000000000000000 ) ) ;
#2415 = CARTESIAN_POINT ( 'NONE',  ( 42.72613639262370100, 2.100000000000000089, -32.11953467482550195 ) ) ;
#2416 = ORIENTED_EDGE ( 'NONE', *, *, #2332, .F. ) ;
#2417 = DIRECTION ( 'NONE',  ( 0.000000000000000000, 0.000000000000000000, 1.000000000000000000 ) ) ;
#2418 = ORIENTED_EDGE ( 'NONE', *, *, #1596, .F. ) ;
#2419 = EDGE_LOOP ( 'NONE', ( #6816, #4319, #2735, #3786 ) ) ;
#2420 = VECTOR ( 'NONE', #5732, 1000.000000000000000 ) ;
#2421 = EDGE_CURVE ( 'NONE', #1858, #6482, #6167, .T. ) ;
#2422 = EDGE_CURVE ( 'NONE', #6707, #3598, #729, .T. ) ;
#2423 = CARTESIAN_POINT ( 'NONE',  ( -24.00000000000000000, 2.100000000000000089, -17.10000000000000142 ) ) ;
#2424 = FACE_OUTER_BOUND ( 'NONE', #586, .T. ) ;
#2425 = CARTESIAN_POINT ( 'NONE',  ( 18.00385078242113934, 2.100000000000000089, -4.621025403784440932 ) ) ;
#2426 = EDGE_LOOP ( 'NONE', ( #7588, #1238, #3134, #5087 ) ) ;
#2427 = CARTESIAN_POINT ( 'NONE',  ( 27.80618330958759898, 2.100000000000000089, -30.06892500938459989 ) ) ;
#2428 = DIRECTION ( 'NONE',  ( 0.7071067811865439090, 0.000000000000000000, -0.7071067811865512365 ) ) ;
#2429 = VERTEX_POINT ( 'NONE', #5745 ) ;
#2430 = AXIS2_PLACEMENT_3D ( 'NONE', #7060, #4600, #3393 ) ;
#2431 = DIRECTION ( 'NONE',  ( -0.000000000000000000, -1.000000000000000000, -0.000000000000000000 ) ) ;
#2432 = ADVANCED_FACE ( 'NONE', ( #5707 ), #7812, .F. ) ;
#2433 = VERTEX_POINT ( 'NONE', #4331 ) ;
#2434 = CIRCLE ( 'NONE', #6412, 1.599999999999997202 ) ;
#2435 = VERTEX_POINT ( 'NONE', #584 ) ;
#2436 = DIRECTION ( 'NONE',  ( 0.000000000000000000, 0.000000000000000000, 1.000000000000000000 ) ) ;
#2437 = CARTESIAN_POINT ( 'NONE',  ( 0.000000000000000000, 2.100000000000000089, -31.00000000000000000 ) ) ;
#2438 = EDGE_LOOP ( 'NONE', ( #151, #1894, #1198, #702, #2547 ) ) ;
#2439 = CIRCLE ( 'NONE', #7079, 1.599999999999997202 ) ;
#2440 = DIRECTION ( 'NONE',  ( 0.7071067811865475727, -0.000000000000000000, 0.7071067811865475727 ) ) ;
#2441 = ORIENTED_EDGE ( 'NONE', *, *, #7084, .T. ) ;
#2442 = FACE_BOUND ( 'NONE', #2964, .T. ) ;
#2443 = VERTEX_POINT ( 'NONE', #5625 ) ;
#2444 = DIRECTION ( 'NONE',  ( 0.000000000000000000, 0.000000000000000000, -1.000000000000000000 ) ) ;
#2445 = ORIENTED_EDGE ( 'NONE', *, *, #2138, .T. ) ;
#2446 = EDGE_CURVE ( 'NONE', #6156, #4703, #2572, .T. ) ;
#2447 = VECTOR ( 'NONE', #1174, 1000.000000000000000 ) ;
#2448 = ORIENTED_EDGE ( 'NONE', *, *, #2318, .F. ) ;
#2449 = CARTESIAN_POINT ( 'NONE',  ( 22.39999999999999858, 2.100000000000000089, 15.50000000000000000 ) ) ;
#2450 = CARTESIAN_POINT ( 'NONE',  ( -47.03948775786170700, 0.6999999999999999556, 44.77674605806470254 ) ) ;
#2451 = DIRECTION ( 'NONE',  ( 1.956455048094143408E-16, 0.000000000000000000, 1.000000000000000000 ) ) ;
#2452 = CARTESIAN_POINT ( 'NONE',  ( -6.000000000000000000, 2.100000000000000089, -23.75000000000000000 ) ) ;
#2453 = CIRCLE ( 'NONE', #4702, 1.600000000000004086 ) ;
#2454 = DIRECTION ( 'NONE',  ( -0.000000000000000000, -1.000000000000000000, -0.000000000000000000 ) ) ;
#2455 = ADVANCED_FACE ( 'NONE', ( #23 ), #4995, .F. ) ;
#2456 = EDGE_LOOP ( 'NONE', ( #5987, #2171 ) ) ;
#2457 = AXIS2_PLACEMENT_3D ( 'NONE', #7438, #4273, #8101 ) ;
#2458 = VERTEX_POINT ( 'NONE', #3752 ) ;
#2459 = LINE ( 'NONE', #1912, #8166 ) ;
#2460 = FACE_BOUND ( 'NONE', #1223, .T. ) ;
#2461 = DIRECTION ( 'NONE',  ( 0.000000000000000000, 0.000000000000000000, -1.000000000000000000 ) ) ;
#2462 = EDGE_LOOP ( 'NONE', ( #6137, #7629, #7099, #7046 ) ) ;
#2463 = DIRECTION ( 'NONE',  ( 0.000000000000000000, 0.000000000000000000, 1.000000000000000000 ) ) ;
#2464 = FACE_OUTER_BOUND ( 'NONE', #4679, .T. ) ;
#2465 = ORIENTED_EDGE ( 'NONE', *, *, #7967, .T. ) ;
#2466 = ADVANCED_FACE ( 'NONE', ( #2717 ), #7582, .F. ) ;
#2467 = CARTESIAN_POINT ( 'NONE',  ( 16.48560856174882971, 2.100000000000000089, 15.34825612741715339 ) ) ;
#2468 = VERTEX_POINT ( 'NONE', #214 ) ;
#2469 = CIRCLE ( 'NONE', #2739, 1.600000000000000755 ) ;
#2470 = LINE ( 'NONE', #5539, #7733 ) ;
#2471 = EDGE_CURVE ( 'NONE', #6174, #7895, #1885, .T. ) ;
#2472 = ORIENTED_EDGE ( 'NONE', *, *, #6922, .T. ) ;
#2473 = ORIENTED_EDGE ( 'NONE', *, *, #7427, .F. ) ;
#2474 = VERTEX_POINT ( 'NONE', #6375 ) ;
#2475 = DIRECTION ( 'NONE',  ( 0.000000000000000000, 0.000000000000000000, 1.000000000000000000 ) ) ;
#2476 = DIRECTION ( 'NONE',  ( -0.000000000000000000, -1.000000000000000000, 0.000000000000000000 ) ) ;
#2477 = ORIENTED_EDGE ( 'NONE', *, *, #2977, .T. ) ;
#2478 = CYLINDRICAL_SURFACE ( 'NONE', #3536, 1.600000000000004086 ) ;
#2479 = CARTESIAN_POINT ( 'NONE',  ( 47.30000000000000426, 2.100000000000000089, -25.50000000000000000 ) ) ;
#2480 = DIRECTION ( 'NONE',  ( 0.000000000000000000, 0.000000000000000000, 1.000000000000000000 ) ) ;
#2481 = ORIENTED_EDGE ( 'NONE', *, *, #3721, .T. ) ;
#2482 = LINE ( 'NONE', #1204, #4270 ) ;
#2483 = ORIENTED_EDGE ( 'NONE', *, *, #4247, .F. ) ;
#2484 = AXIS2_PLACEMENT_3D ( 'NONE', #2362, #4336, #6970 ) ;
#2485 = CARTESIAN_POINT ( 'NONE',  ( -54.14213562373100785, 2.100000000000000089, -68.54213562373089985 ) ) ;
#2486 = PRODUCT_DEFINITION ( 'UNKNOWN', '', #6629, #6267 ) ;
#2487 = ORIENTED_EDGE ( 'NONE', *, *, #3606, .T. ) ;
#2488 = LINE ( 'NONE', #6900, #3568 ) ;
#2489 = EDGE_CURVE ( 'NONE', #6405, #1163, #2971, .T. ) ;
#2490 = FACE_OUTER_BOUND ( 'NONE', #3791, .T. ) ;
#2491 = PLANE ( 'NONE',  #5020 ) ;
#2492 = CIRCLE ( 'NONE', #915, 1.600000000000018074 ) ;
#2493 = AXIS2_PLACEMENT_3D ( 'NONE', #2868, #6647, #2749 ) ;
#2494 = ORIENTED_EDGE ( 'NONE', *, *, #2142, .F. ) ;
#2495 = ORIENTED_EDGE ( 'NONE', *, *, #441, .F. ) ;
#2496 = DIRECTION ( 'NONE',  ( -0.000000000000000000, -1.000000000000000000, 0.000000000000000000 ) ) ;
#2497 = EDGE_CURVE ( 'NONE', #5781, #997, #455, .T. ) ;
#2498 = CARTESIAN_POINT ( 'NONE',  ( -36.46446609406732620, 2.100000000000000089, 52.46446609406731199 ) ) ;
#2499 = VECTOR ( 'NONE', #3794, 1000.000000000000000 ) ;
#2500 = CARTESIAN_POINT ( 'NONE',  ( 31.00000000000000000, 0.6999999999999999556, -0.000000000000000000 ) ) ;
#2501 = CARTESIAN_POINT ( 'NONE',  ( -42.72613639262380048, 0.6999999999999999556, -32.11953467482550195 ) ) ;
#2502 = VERTEX_POINT ( 'NONE', #2254 ) ;
#2503 = DIRECTION ( 'NONE',  ( 0.000000000000000000, 0.000000000000000000, -1.000000000000000000 ) ) ;
#2504 = VECTOR ( 'NONE', #3845, 1000.000000000000000 ) ;
#2505 = CIRCLE ( 'NONE', #5681, 0.9999999999999993339 ) ;
#2506 = ORIENTED_EDGE ( 'NONE', *, *, #6067, .F. ) ;
#2507 = ORIENTED_EDGE ( 'NONE', *, *, #5380, .T. ) ;
#2508 = ADVANCED_FACE ( 'NONE', ( #376 ), #898, .F. ) ;
#2509 = PLANE ( 'NONE',  #1980 ) ;
#2510 = ORIENTED_EDGE ( 'NONE', *, *, #6660, .T. ) ;
#2511 = AXIS2_PLACEMENT_3D ( 'NONE', #1168, #3810, #1214 ) ;
#2512 = CIRCLE ( 'NONE', #3306, 9.000000000000001776 ) ;
#2513 = CARTESIAN_POINT ( 'NONE',  ( -48.89999999999999858, 2.100000000000000089, -25.50000000000000000 ) ) ;
#2514 = VECTOR ( 'NONE', #7118, 1000.000000000000114 ) ;
#2515 = AXIS2_PLACEMENT_3D ( 'NONE', #7348, #3641, #1695 ) ;
#2516 = ORIENTED_EDGE ( 'NONE', *, *, #1268, .F. ) ;
#2517 = LOCAL_TIME ( 20, 26, 31.00000000000000000, #3583 ) ;
#2518 = ORIENTED_EDGE ( 'NONE', *, *, #5184, .F. ) ;
#2519 = ORIENTED_EDGE ( 'NONE', *, *, #4648, .F. ) ;
#2520 = EDGE_CURVE ( 'NONE', #1858, #4834, #334, .T. ) ;
#2521 = DIRECTION ( 'NONE',  ( 0.000000000000000000, 0.000000000000000000, -1.000000000000000000 ) ) ;
#2522 = DIRECTION ( 'NONE',  ( 0.000000000000000000, 0.000000000000000000, 1.000000000000000000 ) ) ;
#2523 = EDGE_LOOP ( 'NONE', ( #5443, #6130, #2395, #2216 ) ) ;
#2524 = FACE_OUTER_BOUND ( 'NONE', #4404, .T. ) ;
#2525 = FACE_BOUND ( 'NONE', #5067, .T. ) ;
#2526 = VERTEX_POINT ( 'NONE', #7358 ) ;
#2527 = VECTOR ( 'NONE', #2680, 1000.000000000000000 ) ;
#2528 = DIRECTION ( 'NONE',  ( 0.000000000000000000, 1.000000000000000000, -0.000000000000000000 ) ) ;
#2529 = ORIENTED_EDGE ( 'NONE', *, *, #583, .T. ) ;
#2530 = AXIS2_PLACEMENT_3D ( 'NONE', #5182, #765, #202 ) ;
#2531 = VECTOR ( 'NONE', #2110, 1000.000000000000000 ) ;
#2532 = DIRECTION ( 'NONE',  ( 0.000000000000000000, 0.000000000000000000, 1.000000000000000000 ) ) ;
#2533 = ORIENTED_EDGE ( 'NONE', *, *, #1727, .F. ) ;
#2534 = FACE_OUTER_BOUND ( 'NONE', #252, .T. ) ;
#2535 = CARTESIAN_POINT ( 'NONE',  ( -38.55420638362294738, 2.100000000000000089, -38.55420638362329555 ) ) ;
#2536 = CARTESIAN_POINT ( 'NONE',  ( 4.999999999999999112, 2.100000000000000089, 9.782275240470715808E-16 ) ) ;
#2537 = ORIENTED_EDGE ( 'NONE', *, *, #5215, .F. ) ;
#2538 = DIRECTION ( 'NONE',  ( -0.000000000000000000, -1.000000000000000000, -0.000000000000000000 ) ) ;
#2539 = VECTOR ( 'NONE', #5001, 1000.000000000000000 ) ;
#2540 = ORIENTED_EDGE ( 'NONE', *, *, #5341, .T. ) ;
#2541 = EDGE_CURVE ( 'NONE', #1561, #2474, #3495, .T. ) ;
#2542 = LINE ( 'NONE', #6059, #3050 ) ;
#2543 = DIRECTION ( 'NONE',  ( 0.7071067811865400232, 0.000000000000000000, 0.7071067811865550112 ) ) ;
#2544 = DIRECTION ( 'NONE',  ( 0.000000000000000000, 1.000000000000000000, -0.000000000000000000 ) ) ;
#2545 = DIRECTION ( 'NONE',  ( -0.000000000000000000, -1.000000000000000000, -0.000000000000000000 ) ) ;
#2546 = DIRECTION ( 'NONE',  ( -0.000000000000000000, -1.000000000000000000, 0.000000000000000000 ) ) ;
#2547 = ORIENTED_EDGE ( 'NONE', *, *, #1948, .F. ) ;
#2548 = CARTESIAN_POINT ( 'NONE',  ( 52.46446609406756068, 2.100000000000000089, -36.46446609406696382 ) ) ;
#2549 = VERTEX_POINT ( 'NONE', #1662 ) ;
#2550 = AXIS2_PLACEMENT_3D ( 'NONE', #2167, #6025, #5274 ) ;
#2551 = EDGE_CURVE ( 'NONE', #8159, #2433, #8138, .T. ) ;
#2552 = VERTEX_POINT ( 'NONE', #4738 ) ;
#2553 = DIRECTION ( 'NONE',  ( 0.000000000000000000, 1.000000000000000000, -0.000000000000000000 ) ) ;
#2554 = ORIENTED_EDGE ( 'NONE', *, *, #6632, .T. ) ;
#2555 = CARTESIAN_POINT ( 'NONE',  ( -32.11953467482550195, 2.100000000000000089, -42.72613639262370100 ) ) ;
#2556 = EDGE_CURVE ( 'NONE', #4066, #7908, #4114, .T. ) ;
#2557 = VECTOR ( 'NONE', #2862, 1000.000000000000000 ) ;
#2558 = ORIENTED_EDGE ( 'NONE', *, *, #4143, .F. ) ;
#2559 = DIRECTION ( 'NONE',  ( -0.000000000000000000, -1.000000000000000000, -0.000000000000000000 ) ) ;
#2560 = DIRECTION ( 'NONE',  ( 0.000000000000000000, 0.000000000000000000, -1.000000000000000000 ) ) ;
#2561 = DIRECTION ( 'NONE',  ( 0.8660596620565250703, 0.000000000000000000, 0.4999406582370924945 ) ) ;
#2562 = DIRECTION ( 'NONE',  ( 0.000000000000000000, 0.000000000000000000, 1.000000000000000000 ) ) ;
#2563 = DIRECTION ( 'NONE',  ( -0.000000000000000000, -1.000000000000000000, -0.000000000000000000 ) ) ;
#2564 = ORIENTED_EDGE ( 'NONE', *, *, #3803, .T. ) ;
#2565 = CARTESIAN_POINT ( 'NONE',  ( -22.62741699796950101, 0.6999999999999999556, 24.22741699796949888 ) ) ;
#2566 = VECTOR ( 'NONE', #7058, 1000.000000000000000 ) ;
#2567 = ORIENTED_EDGE ( 'NONE', *, *, #5576, .F. ) ;
#2568 = CARTESIAN_POINT ( 'NONE',  ( 0.000000000000000000, 2.100000000000000089, -56.50000000000000000 ) ) ;
#2569 = CIRCLE ( 'NONE', #2824, 9.000000000000001776 ) ;
#2570 = EDGE_CURVE ( 'NONE', #1163, #6405, #7869, .T. ) ;
#2571 = ADVANCED_FACE ( 'NONE', ( #3572 ), #4190, .F. ) ;
#2572 = CIRCLE ( 'NONE', #1503, 1.600000000000004086 ) ;
#2573 = DIRECTION ( 'NONE',  ( 1.000000000000000000, 0.000000000000000000, -4.163336342344337027E-16 ) ) ;
#2574 = AXIS2_PLACEMENT_3D ( 'NONE', #1027, #5459, #5333 ) ;
#2575 = EDGE_LOOP ( 'NONE', ( #7133, #6635, #2918, #6246, #5969 ) ) ;
#2576 = CARTESIAN_POINT ( 'NONE',  ( -22.62741699796950101, 2.100000000000000089, -24.22741699796949888 ) ) ;
#2577 = DIRECTION ( 'NONE',  ( 0.000000000000000000, 0.000000000000000000, -1.000000000000000000 ) ) ;
#2578 = CARTESIAN_POINT ( 'NONE',  ( -38.55420638362294738, 2.100000000000000089, -38.55420638362329555 ) ) ;
#2579 = PLANE ( 'NONE',  #6397 ) ;
#2580 = DIRECTION ( 'NONE',  ( 0.000000000000000000, 1.000000000000000000, -0.000000000000000000 ) ) ;
#2581 = AXIS2_PLACEMENT_3D ( 'NONE', #6949, #6782, #3611 ) ;
#2582 = EDGE_CURVE ( 'NONE', #146, #3750, #5988, .T. ) ;
#2583 = ORIENTED_EDGE ( 'NONE', *, *, #7656, .T. ) ;
#2584 = VECTOR ( 'NONE', #3109, 1000.000000000000000 ) ;
#2585 = VECTOR ( 'NONE', #912, 1000.000000000000000 ) ;
#2586 = CARTESIAN_POINT ( 'NONE',  ( -35.01867247769040858, 2.100000000000000089, -32.75593077789339702 ) ) ;
#2587 = LINE ( 'NONE', #2423, #3519 ) ;
#2588 = CARTESIAN_POINT ( 'NONE',  ( 31.00000000000000000, 0.6999999999999999556, -0.000000000000000000 ) ) ;
#2589 = CARTESIAN_POINT ( 'NONE',  ( -25.50000000000000000, 2.100000000000000089, 47.30000000000000426 ) ) ;
#2590 = EDGE_LOOP ( 'NONE', ( #4790, #3917, #6672, #4639 ) ) ;
#2591 = LINE ( 'NONE', #5109, #454 ) ;
#2592 = EDGE_LOOP ( 'NONE', ( #2234, #3475, #2627, #6467 ) ) ;
#2593 = ORIENTED_EDGE ( 'NONE', *, *, #6143, .F. ) ;
#2594 = DIRECTION ( 'NONE',  ( -0.000000000000000000, -1.000000000000000000, -0.000000000000000000 ) ) ;
#2595 = ORIENTED_EDGE ( 'NONE', *, *, #6567, .T. ) ;
#2596 = EDGE_CURVE ( 'NONE', #5935, #78, #4285, .T. ) ;
#2597 = EDGE_CURVE ( 'NONE', #6881, #4661, #1641, .T. ) ;
#2598 = LINE ( 'NONE', #4494, #6024 ) ;
#2599 = CYLINDRICAL_SURFACE ( 'NONE', #4493, 1.600000000000004086 ) ;
#2600 = DIRECTION ( 'NONE',  ( -0.000000000000000000, -1.000000000000000000, -0.000000000000000000 ) ) ;
#2601 = ADVANCED_FACE ( 'NONE', ( #2173 ), #4147, .F. ) ;
#2602 = CARTESIAN_POINT ( 'NONE',  ( 32.11953467482550195, 2.100000000000000089, 42.72613639262370100 ) ) ;
#2603 = FACE_OUTER_BOUND ( 'NONE', #4340, .T. ) ;
#2604 = ORIENTED_EDGE ( 'NONE', *, *, #4592, .T. ) ;
#2605 = DIRECTION ( 'NONE',  ( -0.7071067811865480168, 0.000000000000000000, 0.7071067811865470176 ) ) ;
#2606 = ORIENTED_EDGE ( 'NONE', *, *, #5507, .F. ) ;
#2607 = DIRECTION ( 'NONE',  ( 0.000000000000000000, 0.000000000000000000, 1.000000000000000000 ) ) ;
#2608 = CARTESIAN_POINT ( 'NONE',  ( 25.50000000000000000, 2.100000000000000089, -48.89999999999999858 ) ) ;
#2609 = AXIS2_PLACEMENT_3D ( 'NONE', #7595, #3683, #7466 ) ;
#2610 = ORIENTED_EDGE ( 'NONE', *, *, #7122, .F. ) ;
#2611 = EDGE_CURVE ( 'NONE', #3749, #6387, #6029, .T. ) ;
#2612 = DIRECTION ( 'NONE',  ( -0.7071067811865493491, 0.000000000000000000, 0.7071067811865456854 ) ) ;
#2613 = CARTESIAN_POINT ( 'NONE',  ( 32.11953467482550195, 0.6999999999999999556, 42.72613639262370100 ) ) ;
#2614 = CARTESIAN_POINT ( 'NONE',  ( 33.88730162779190636, 2.100000000000000089, 33.88730162779190636 ) ) ;
#2615 = ORIENTED_EDGE ( 'NONE', *, *, #7785, .F. ) ;
#2616 = LINE ( 'NONE', #6515, #3086 ) ;
#2617 = DIRECTION ( 'NONE',  ( 0.000000000000000000, 0.000000000000000000, -1.000000000000000000 ) ) ;
#2618 = CIRCLE ( 'NONE', #1946, 9.000000000000001776 ) ;
#2619 = LINE ( 'NONE', #86, #3631 ) ;
#2620 = EDGE_CURVE ( 'NONE', #6707, #5523, #415, .T. ) ;
#2621 = DIRECTION ( 'NONE',  ( -0.000000000000000000, -1.000000000000000000, -0.000000000000000000 ) ) ;
#2622 = EDGE_CURVE ( 'NONE', #5864, #744, #5355, .T. ) ;
#2623 = FACE_BOUND ( 'NONE', #1186, .T. ) ;
#2624 = DIRECTION ( 'NONE',  ( 0.000000000000000000, 0.000000000000000000, 1.000000000000000000 ) ) ;
#2625 = VERTEX_POINT ( 'NONE', #7973 ) ;
#2626 = FACE_OUTER_BOUND ( 'NONE', #6403, .T. ) ;
#2627 = ORIENTED_EDGE ( 'NONE', *, *, #6984, .T. ) ;
#2628 = EDGE_LOOP ( 'NONE', ( #8088, #7956, #6503, #308 ) ) ;
#2629 = DIRECTION ( 'NONE',  ( 0.000000000000000000, 1.000000000000000000, -0.000000000000000000 ) ) ;
#2630 = ORIENTED_EDGE ( 'NONE', *, *, #6880, .T. ) ;
#2631 = CIRCLE ( 'NONE', #2098, 9.000000000000001776 ) ;
#2632 = FACE_OUTER_BOUND ( 'NONE', #6946, .T. ) ;
#2633 = VECTOR ( 'NONE', #5249, 1000.000000000000114 ) ;
#2634 = EDGE_CURVE ( 'NONE', #5589, #6887, #1509, .T. ) ;
#2635 = AXIS2_PLACEMENT_3D ( 'NONE', #2140, #7899, #262 ) ;
#2636 = EDGE_LOOP ( 'NONE', ( #797, #7440, #1876, #5965 ) ) ;
#2637 = VECTOR ( 'NONE', #6564, 1000.000000000000000 ) ;
#2638 = CIRCLE ( 'NONE', #6476, 1.600000000000000755 ) ;
#2639 = CYLINDRICAL_SURFACE ( 'NONE', #3964, 1.600000000000004086 ) ;
#2640 = CYLINDRICAL_SURFACE ( 'NONE', #5137, 1.600000000000004086 ) ;
#2641 = DIRECTION ( 'NONE',  ( 1.734723475976808278E-15, 0.000000000000000000, 1.000000000000000000 ) ) ;
#2642 = VERTEX_POINT ( 'NONE', #4072 ) ;
#2643 = CARTESIAN_POINT ( 'NONE',  ( 11.50000000000000000, 2.100000000000000089, 0.8660254037844367092 ) ) ;
#2644 = ORIENTED_EDGE ( 'NONE', *, *, #4592, .F. ) ;
#2645 = LINE ( 'NONE', #4588, #3502 ) ;
#2646 = VECTOR ( 'NONE', #7266, 1000.000000000000000 ) ;
#2647 = VECTOR ( 'NONE', #7622, 1000.000000000000000 ) ;
#2648 = VECTOR ( 'NONE', #418, 1000.000000000000000 ) ;
#2649 = EDGE_CURVE ( 'NONE', #4617, #1728, #4953, .T. ) ;
#2650 = VERTEX_POINT ( 'NONE', #6864 ) ;
#2651 = DIRECTION ( 'NONE',  ( 0.000000000000000000, 0.000000000000000000, 1.000000000000000000 ) ) ;
#2652 = DIRECTION ( 'NONE',  ( 0.000000000000000000, 0.000000000000000000, -1.000000000000000000 ) ) ;
#2653 = AXIS2_PLACEMENT_3D ( 'NONE', #3027, #6897, #5558 ) ;
#2654 = ORIENTED_EDGE ( 'NONE', *, *, #7288, .T. ) ;
#2655 = CARTESIAN_POINT ( 'NONE',  ( 2.525040043307525295, 2.100000000000000089, 4.374189797439959726 ) ) ;
#2656 = FACE_OUTER_BOUND ( 'NONE', #2062, .T. ) ;
#2657 = CARTESIAN_POINT ( 'NONE',  ( 48.89999999999999858, 2.100000000000000089, 25.50000000000000000 ) ) ;
#2658 = ORIENTED_EDGE ( 'NONE', *, *, #6143, .T. ) ;
#2659 = PLANE ( 'NONE',  #3353 ) ;
#2660 = LINE ( 'NONE', #3318, #7008 ) ;
#2661 = CARTESIAN_POINT ( 'NONE',  ( -54.14213562373100785, 0.6999999999999999556, -71.74213562373091690 ) ) ;
#2662 = AXIS2_PLACEMENT_3D ( 'NONE', #3888, #6430, #5803 ) ;
#2663 = EDGE_CURVE ( 'NONE', #5841, #7146, #8003, .T. ) ;
#2664 = AXIS2_PLACEMENT_3D ( 'NONE', #163, #244, #7796 ) ;
#2665 = DIRECTION ( 'NONE',  ( 0.000000000000000000, 0.000000000000000000, 1.000000000000000000 ) ) ;
#2666 = LINE ( 'NONE', #3935, #5652 ) ;
#2667 = ORIENTED_EDGE ( 'NONE', *, *, #57, .T. ) ;
#2668 = CARTESIAN_POINT ( 'NONE',  ( 39.82699858975890095, 2.100000000000000089, 42.08974028955584856 ) ) ;
#2669 = CARTESIAN_POINT ( 'NONE',  ( -55.50000000000000000, 0.6999999999999999556, -55.50000000000000000 ) ) ;
#2670 = ORIENTED_EDGE ( 'NONE', *, *, #5726, .F. ) ;
#2671 = CARTESIAN_POINT ( 'NONE',  ( 36.46446609406677197, 2.100000000000000089, 54.06446609406769710 ) ) ;
#2672 = ORIENTED_EDGE ( 'NONE', *, *, #5756, .F. ) ;
#2673 = EDGE_CURVE ( 'NONE', #5841, #4737, #6824, .T. ) ;
#2674 = EDGE_CURVE ( 'NONE', #4723, #2325, #4556, .T. ) ;
#2675 = EDGE_LOOP ( 'NONE', ( #4529, #3553, #6593, #913 ) ) ;
#2676 = CARTESIAN_POINT ( 'NONE',  ( 55.50000000000000000, 2.100000000000000089, 74.50000000000000000 ) ) ;
#2677 = ORIENTED_EDGE ( 'NONE', *, *, #7560, .F. ) ;
#2678 = CARTESIAN_POINT ( 'NONE',  ( 16.48560856174855260, 0.6999999999999999556, -17.08037545153036518 ) ) ;
#2679 = AXIS2_PLACEMENT_3D ( 'NONE', #5983, #3987, #330 ) ;
#2680 = DIRECTION ( 'NONE',  ( -0.000000000000000000, -1.000000000000000000, -0.000000000000000000 ) ) ;
#2681 =( NAMED_UNIT ( * ) SI_UNIT ( $, .STERADIAN. ) SOLID_ANGLE_UNIT ( ) );
#2682 = DIRECTION ( 'NONE',  ( 0.000000000000000000, 0.000000000000000000, 1.000000000000000000 ) ) ;
#2683 = PLANE ( 'NONE',  #776 ) ;
#2684 = DIRECTION ( 'NONE',  ( 0.000000000000000000, 1.000000000000000000, -0.000000000000000000 ) ) ;
#2685 = ORIENTED_EDGE ( 'NONE', *, *, #1948, .T. ) ;
#2686 = DIRECTION ( 'NONE',  ( 0.000000000000000000, 0.000000000000000000, 1.000000000000000000 ) ) ;
#2687 = VERTEX_POINT ( 'NONE', #4314 ) ;
#2688 = CARTESIAN_POINT ( 'NONE',  ( 40.95836943965740318, 2.100000000000000089, 40.95836943965740318 ) ) ;
#2689 = EDGE_CURVE ( 'NONE', #3167, #7059, #7087, .T. ) ;
#2690 = ORIENTED_EDGE ( 'NONE', *, *, #2354, .F. ) ;
#2691 = DIRECTION ( 'NONE',  ( -1.000000000000000000, 0.000000000000000000, 0.000000000000000000 ) ) ;
#2692 = EDGE_LOOP ( 'NONE', ( #5666, #6152, #3034, #7902 ) ) ;
#2693 = LINE ( 'NONE', #5218, #5922 ) ;
#2694 = DIRECTION ( 'NONE',  ( 0.000000000000000000, 0.000000000000000000, 1.000000000000000000 ) ) ;
#2695 = PLANE ( 'NONE',  #1488 ) ;
#2696 = VERTEX_POINT ( 'NONE', #8139 ) ;
#2697 = ADVANCED_FACE ( 'NONE', ( #3 ), #5024, .F. ) ;
#2698 = VECTOR ( 'NONE', #3556, 1000.000000000000114 ) ;
#2699 = DIRECTION ( 'NONE',  ( 0.7071067811865493491, 0.000000000000000000, -0.7071067811865456854 ) ) ;
#2700 = EDGE_CURVE ( 'NONE', #3485, #5516, #2043, .T. ) ;
#2701 = FACE_OUTER_BOUND ( 'NONE', #5569, .T. ) ;
#2702 = DIRECTION ( 'NONE',  ( -0.000000000000000000, -1.000000000000000000, -0.000000000000000000 ) ) ;
#2703 = CIRCLE ( 'NONE', #6012, 1.599999999999983435 ) ;
#2704 = VECTOR ( 'NONE', #6760, 1000.000000000000000 ) ;
#2705 = CARTESIAN_POINT ( 'NONE',  ( -18.50385078242113579, 2.100000000000000089, -4.755000000000000782 ) ) ;
#2706 = LINE ( 'NONE', #284, #4979 ) ;
#2707 = DIRECTION ( 'NONE',  ( 0.000000000000000000, 0.000000000000000000, 1.000000000000000000 ) ) ;
#2708 = DIRECTION ( 'NONE',  ( -0.000000000000000000, -1.000000000000000000, -0.000000000000000000 ) ) ;
#2709 = EDGE_CURVE ( 'NONE', #7398, #3210, #3755, .T. ) ;
#2710 = ORIENTED_EDGE ( 'NONE', *, *, #6700, .T. ) ;
#2711 = AXIS2_PLACEMENT_3D ( 'NONE', #1384, #7121, #3254 ) ;
#2712 = CARTESIAN_POINT ( 'NONE',  ( -22.39999999999999858, 2.100000000000000089, -15.50000000000000000 ) ) ;
#2713 = ORIENTED_EDGE ( 'NONE', *, *, #5992, .T. ) ;
#2714 = AXIS2_PLACEMENT_3D ( 'NONE', #1789, #2496, #2997 ) ;
#2715 = ORIENTED_EDGE ( 'NONE', *, *, #4867, .T. ) ;
#2716 = CIRCLE ( 'NONE', #6157, 1.600000000000004086 ) ;
#2717 = FACE_OUTER_BOUND ( 'NONE', #1339, .T. ) ;
#2718 = CARTESIAN_POINT ( 'NONE',  ( -42.08974028955584856, 2.100000000000000089, 39.82699858975885832 ) ) ;
#2719 = EDGE_LOOP ( 'NONE', ( #4216, #6869, #3861, #5471 ) ) ;
#2720 = EDGE_LOOP ( 'NONE', ( #5110, #667, #7020, #5548 ) ) ;
#2721 = EDGE_CURVE ( 'NONE', #7890, #1656, #7217, .T. ) ;
#2722 = DIRECTION ( 'NONE',  ( 0.000000000000000000, 1.000000000000000000, -0.000000000000000000 ) ) ;
#2723 = ORIENTED_EDGE ( 'NONE', *, *, #5507, .T. ) ;
#2724 = CARTESIAN_POINT ( 'NONE',  ( -39.82699858975895069, 2.100000000000000089, -42.08974028955580593 ) ) ;
#2725 = CARTESIAN_POINT ( 'NONE',  ( -4.999999999999998224, 2.100000000000000089, -23.75000000000000000 ) ) ;
#2726 = DIRECTION ( 'NONE',  ( 0.000000000000000000, 1.000000000000000000, -0.000000000000000000 ) ) ;
#2727 = ADVANCED_FACE ( 'NONE', ( #4898 ), #1334, .F. ) ;
#2728 = CARTESIAN_POINT ( 'NONE',  ( 1.131370849898443831, 0.6999999999999999556, 1.131370849898445385 ) ) ;
#2729 = VERTEX_POINT ( 'NONE', #3977 ) ;
#2730 = LINE ( 'NONE', #4540, #2169 ) ;
#2731 = ORIENTED_EDGE ( 'NONE', *, *, #2075, .F. ) ;
#2732 = CARTESIAN_POINT ( 'NONE',  ( -50.50000000000000000, 2.100000000000000089, -25.50000000000000000 ) ) ;
#2733 = VERTEX_POINT ( 'NONE', #767 ) ;
#2734 = DIRECTION ( 'NONE',  ( 0.7071067811865370256, 0.000000000000000000, 0.7071067811865580088 ) ) ;
#2735 = ORIENTED_EDGE ( 'NONE', *, *, #4120, .T. ) ;
#2736 = CARTESIAN_POINT ( 'NONE',  ( 44.77674605806469543, 2.100000000000000089, 47.03948775786169989 ) ) ;
#2737 = CARTESIAN_POINT ( 'NONE',  ( 31.00000000000000000, 0.6999999999999999556, 65.50000000000000000 ) ) ;
#2738 = DIRECTION ( 'NONE',  ( 0.000000000000000000, -0.000000000000000000, 1.000000000000000000 ) ) ;
#2739 = AXIS2_PLACEMENT_3D ( 'NONE', #3693, #4444, #3241 ) ;
#2740 = DIRECTION ( 'NONE',  ( -0.000000000000000000, -1.000000000000000000, -0.000000000000000000 ) ) ;
#2741 = CARTESIAN_POINT ( 'NONE',  ( -1.131370849898468478, 0.6999999999999999556, -1.131370849898470032 ) ) ;
#2742 = AXIS2_PLACEMENT_3D ( 'NONE', #1616, #2205, #5482 ) ;
#2743 = EDGE_CURVE ( 'NONE', #1360, #3707, #3321, .T. ) ;
#2744 = FACE_OUTER_BOUND ( 'NONE', #5996, .T. ) ;
#2745 = DIRECTION ( 'NONE',  ( 0.7982148603926244590, 0.000000000000000000, 0.6023728385712481259 ) ) ;
#2746 = EDGE_LOOP ( 'NONE', ( #720, #1920, #2090, #6712 ) ) ;
#2747 = DIRECTION ( 'NONE',  ( 0.000000000000000000, 0.000000000000000000, 1.000000000000000000 ) ) ;
#2748 = CARTESIAN_POINT ( 'NONE',  ( 45.90811690796319766, 2.100000000000000089, -45.90811690796319766 ) ) ;
#2749 = DIRECTION ( 'NONE',  ( 0.000000000000000000, 0.000000000000000000, 1.000000000000000000 ) ) ;
#2750 = LINE ( 'NONE', #4659, #6260 ) ;
#2751 = ORIENTED_EDGE ( 'NONE', *, *, #3957, .F. ) ;
#2752 = EDGE_LOOP ( 'NONE', ( #6031, #6872, #4727, #5418 ) ) ;
#2753 = EDGE_CURVE ( 'NONE', #6523, #2642, #5758, .T. ) ;
#2754 = CARTESIAN_POINT ( 'NONE',  ( 12.50000000000000000, 2.100000000000000089, -28.50000000000002132 ) ) ;
#2755 = CARTESIAN_POINT ( 'NONE',  ( 12.50000000000000000, 2.100000000000000089, 30.50000000000002842 ) ) ;
#2756 = EDGE_LOOP ( 'NONE', ( #2322, #5488, #4801, #2832 ) ) ;
#2757 = EDGE_LOOP ( 'NONE', ( #4913, #938, #1087, #4070 ) ) ;
#2758 = DIRECTION ( 'NONE',  ( 0.7982148603926224606, 0.000000000000000000, 0.6023728385712507905 ) ) ;
#2759 = EDGE_CURVE ( 'NONE', #3085, #2155, #2186, .T. ) ;
#2760 = DIRECTION ( 'NONE',  ( 0.8660596620565250703, 0.000000000000000000, -0.4999406582370924945 ) ) ;
#2761 = CARTESIAN_POINT ( 'NONE',  ( -16.48560856174882616, 0.6999999999999999556, -17.08037545153020176 ) ) ;
#2762 = CIRCLE ( 'NONE', #6745, 1.599999999999990319 ) ;
#2763 = ORIENTED_EDGE ( 'NONE', *, *, #2700, .T. ) ;
#2764 = DIRECTION ( 'NONE',  ( 0.000000000000000000, 0.000000000000000000, 1.000000000000000000 ) ) ;
#2765 = VERTEX_POINT ( 'NONE', #7064 ) ;
#2766 = CARTESIAN_POINT ( 'NONE',  ( 0.000000000000000000, 2.100000000000000089, -56.50000000000000000 ) ) ;
#2767 = AXIS2_PLACEMENT_3D ( 'NONE', #1358, #3923, #3765 ) ;
#2768 = CIRCLE ( 'NONE', #6613, 1.599999999999997202 ) ;
#2769 = EDGE_CURVE ( 'NONE', #5947, #6292, #1911, .T. ) ;
#2770 = ORIENTED_EDGE ( 'NONE', *, *, #4083, .T. ) ;
#2771 = EDGE_CURVE ( 'NONE', #546, #7559, #5186, .T. ) ;
#2772 = CYLINDRICAL_SURFACE ( 'NONE', #1756, 1.600000000000004086 ) ;
#2773 = EDGE_LOOP ( 'NONE', ( #1342, #2300, #2087, #2102 ) ) ;
#2774 = LINE ( 'NONE', #7100, #3403 ) ;
#2775 = CARTESIAN_POINT ( 'NONE',  ( -27.80618330958759898, 2.100000000000000089, -30.06892500938459989 ) ) ;
#2776 = AXIS2_PLACEMENT_3D ( 'NONE', #500, #4201, #1106 ) ;
#2777 = FACE_BOUND ( 'NONE', #3886, .T. ) ;
#2778 = ORIENTED_EDGE ( 'NONE', *, *, #7006, .T. ) ;
#2779 = VECTOR ( 'NONE', #5483, 1000.000000000000000 ) ;
#2780 = CARTESIAN_POINT ( 'NONE',  ( 25.50000000000000000, 0.6999999999999999556, -50.50000000000000000 ) ) ;
#2781 = AXIS2_PLACEMENT_3D ( 'NONE', #6295, #5709, #4960 ) ;
#2782 = DIRECTION ( 'NONE',  ( -1.000000000000000000, 0.000000000000000000, 0.000000000000000000 ) ) ;
#2783 = VECTOR ( 'NONE', #3029, 1000.000000000000000 ) ;
#2784 = AXIS2_PLACEMENT_3D ( 'NONE', #4642, #1484, #2694 ) ;
#2785 = FACE_OUTER_BOUND ( 'NONE', #195, .T. ) ;
#2786 = DIRECTION ( 'NONE',  ( 0.000000000000000000, 1.000000000000000000, -0.000000000000000000 ) ) ;
#2787 = ORIENTED_EDGE ( 'NONE', *, *, #6122, .T. ) ;
#2788 = CARTESIAN_POINT ( 'NONE',  ( -18.50385078242113579, 2.100000000000000089, 3.755000000000001670 ) ) ;
#2789 = DIRECTION ( 'NONE',  ( 0.000000000000000000, 0.000000000000000000, 1.000000000000000000 ) ) ;
#2790 = LINE ( 'NONE', #4700, #4668 ) ;
#2791 = EDGE_CURVE ( 'NONE', #1693, #2792, #6435, .T. ) ;
#2792 = VERTEX_POINT ( 'NONE', #5140 ) ;
#2793 = VERTEX_POINT ( 'NONE', #5727 ) ;
#2794 = CARTESIAN_POINT ( 'NONE',  ( 47.30000000000000426, 0.6999999999999999556, 0.000000000000000000 ) ) ;
#2795 = DIRECTION ( 'NONE',  ( -0.000000000000000000, -1.000000000000000000, -0.000000000000000000 ) ) ;
#2796 = ORIENTED_EDGE ( 'NONE', *, *, #7666, .T. ) ;
#2797 = ORIENTED_EDGE ( 'NONE', *, *, #2994, .F. ) ;
#2798 = CARTESIAN_POINT ( 'NONE',  ( 0.000000000000000000, 2.100000000000000089, 56.50000000000000000 ) ) ;
#2799 = EDGE_CURVE ( 'NONE', #2696, #7457, #2619, .T. ) ;
#2800 = VERTEX_POINT ( 'NONE', #5228 ) ;
#2801 = DIRECTION ( 'NONE',  ( -0.7071067811865456854, 0.000000000000000000, -0.7071067811865493491 ) ) ;
#2802 = PERSON_AND_ORGANIZATION ( #3834, #5159 ) ;
#2803 = DIRECTION ( 'NONE',  ( 0.000000000000000000, 0.000000000000000000, 1.000000000000000000 ) ) ;
#2804 = VECTOR ( 'NONE', #3738, 1000.000000000000000 ) ;
#2805 = ORIENTED_EDGE ( 'NONE', *, *, #7236, .T. ) ;
#2806 = CARTESIAN_POINT ( 'NONE',  ( 1.131370849898005293, 2.100000000000000089, -1.131370849897981312 ) ) ;
#2807 = ORIENTED_EDGE ( 'NONE', *, *, #3201, .F. ) ;
#2808 = DIRECTION ( 'NONE',  ( -1.000000000000000000, 0.000000000000000000, -6.521516826980478438E-17 ) ) ;
#2809 = EDGE_CURVE ( 'NONE', #2502, #5462, #1950, .T. ) ;
#2810 = ORIENTED_EDGE ( 'NONE', *, *, #887, .T. ) ;
#2811 = AXIS2_PLACEMENT_3D ( 'NONE', #4246, #6204, #3363 ) ;
#2812 = ORIENTED_EDGE ( 'NONE', *, *, #3523, .F. ) ;
#2813 = DIRECTION ( 'NONE',  ( -1.000000000000000000, 0.000000000000000000, 0.000000000000000000 ) ) ;
#2814 = ORIENTED_EDGE ( 'NONE', *, *, #811, .T. ) ;
#2815 = DIRECTION ( 'NONE',  ( 0.000000000000000000, 1.000000000000000000, -0.000000000000000000 ) ) ;
#2816 = LINE ( 'NONE', #6589, #5317 ) ;
#2817 = CARTESIAN_POINT ( 'NONE',  ( -55.50000000000000000, 2.100000000000000089, 46.50000000000000000 ) ) ;
#2818 = ORIENTED_EDGE ( 'NONE', *, *, #2649, .F. ) ;
#2819 = DIRECTION ( 'NONE',  ( -0.7071067811865493491, 0.000000000000000000, 0.7071067811865456854 ) ) ;
#2820 = EDGE_CURVE ( 'NONE', #3993, #4236, #167, .T. ) ;
#2821 = EDGE_CURVE ( 'NONE', #5624, #5242, #7355, .T. ) ;
#2822 = DIRECTION ( 'NONE',  ( 0.000000000000000000, 1.000000000000000000, -0.000000000000000000 ) ) ;
#2823 = AXIS2_PLACEMENT_3D ( 'NONE', #2194, #3924, #4722 ) ;
#2824 = AXIS2_PLACEMENT_3D ( 'NONE', #676, #6258, #557 ) ;
#2825 = DIRECTION ( 'NONE',  ( 0.000000000000000000, 0.000000000000000000, -1.000000000000000000 ) ) ;
#2826 = FACE_OUTER_BOUND ( 'NONE', #2692, .T. ) ;
#2827 = CARTESIAN_POINT ( 'NONE',  ( 55.50000000000000000, 2.100000000000000089, 74.50000000000000000 ) ) ;
#2828 = CARTESIAN_POINT ( 'NONE',  ( 25.50000000000000000, 2.100000000000000089, -47.30000000000000426 ) ) ;
#2829 = ORIENTED_EDGE ( 'NONE', *, *, #3729, .T. ) ;
#2830 = ADVANCED_FACE ( 'NONE', ( #1992 ), #810, .F. ) ;
#2831 = LINE ( 'NONE', #5359, #967 ) ;
#2832 = ORIENTED_EDGE ( 'NONE', *, *, #3599, .F. ) ;
#2833 = CIRCLE ( 'NONE', #4543, 1.599999999999997202 ) ;
#2834 = ORIENTED_EDGE ( 'NONE', *, *, #8162, .T. ) ;
#2835 = DIRECTION ( 'NONE',  ( -0.7071067811865370256, 0.000000000000000000, -0.7071067811865580088 ) ) ;
#2836 = DIRECTION ( 'NONE',  ( -0.000000000000000000, -1.000000000000000000, -0.000000000000000000 ) ) ;
#2837 = EDGE_LOOP ( 'NONE', ( #7382, #3251, #4175, #2100 ) ) ;
#2838 = AXIS2_PLACEMENT_3D ( 'NONE', #7653, #865, #3214 ) ;
#2839 = VERTEX_POINT ( 'NONE', #4518 ) ;
#2840 = CARTESIAN_POINT ( 'NONE',  ( 48.89999999999999858, 2.100000000000000089, -25.50000000000000000 ) ) ;
#2841 = CARTESIAN_POINT ( 'NONE',  ( 1.959434878635780514E-16, 2.100000000000000089, -32.30000000000002558 ) ) ;
#2842 = AXIS2_PLACEMENT_3D ( 'NONE', #5973, #7342, #4176 ) ;
#2843 = VECTOR ( 'NONE', #2305, 1000.000000000000000 ) ;
#2844 = EDGE_CURVE ( 'NONE', #1982, #5859, #6399, .T. ) ;
#2845 = EDGE_CURVE ( 'NONE', #6750, #3342, #1005, .T. ) ;
#2846 = CARTESIAN_POINT ( 'NONE',  ( -39.82699858975895069, 0.6999999999999999556, -42.08974028955580593 ) ) ;
#2847 = SECURITY_CLASSIFICATION_LEVEL ( 'unclassified' ) ;
#2848 = CARTESIAN_POINT ( 'NONE',  ( 45.90811690796319766, 2.100000000000000089, -47.50811690796319908 ) ) ;
#2849 = DIRECTION ( 'NONE',  ( -0.000000000000000000, -1.000000000000000000, -0.000000000000000000 ) ) ;
#2850 = EDGE_LOOP ( 'NONE', ( #4932, #7705 ) ) ;
#2851 = CARTESIAN_POINT ( 'NONE',  ( -25.50000000000000000, 2.100000000000000089, 50.50000000000000000 ) ) ;
#2852 = ORIENTED_EDGE ( 'NONE', *, *, #8059, .F. ) ;
#2853 = VERTEX_POINT ( 'NONE', #7719 ) ;
#2854 = EDGE_CURVE ( 'NONE', #6845, #6830, #5361, .T. ) ;
#2855 = CARTESIAN_POINT ( 'NONE',  ( -22.39999999999999858, 2.100000000000000089, 15.50000000000000000 ) ) ;
#2856 = ORIENTED_EDGE ( 'NONE', *, *, #505, .T. ) ;
#2857 = CARTESIAN_POINT ( 'NONE',  ( -2.500000000000001776, 2.100000000000000089, 4.330127018922195425 ) ) ;
#2858 = DIRECTION ( 'NONE',  ( 0.000000000000000000, 0.000000000000000000, 1.000000000000000000 ) ) ;
#2859 = CYLINDRICAL_SURFACE ( 'NONE', #2319, 1.599999999999998312 ) ;
#2860 = ORIENTED_EDGE ( 'NONE', *, *, #2634, .F. ) ;
#2861 = CARTESIAN_POINT ( 'NONE',  ( -74.50000000000000000, 2.100000000000000089, -55.50000000000000711 ) ) ;
#2862 = DIRECTION ( 'NONE',  ( 0.000000000000000000, 0.000000000000000000, -1.000000000000000000 ) ) ;
#2863 = EDGE_CURVE ( 'NONE', #5041, #7474, #204, .T. ) ;
#2864 = VECTOR ( 'NONE', #3359, 1000.000000000000000 ) ;
#2865 = DIRECTION ( 'NONE',  ( -0.000000000000000000, -1.000000000000000000, -0.000000000000000000 ) ) ;
#2866 = CARTESIAN_POINT ( 'NONE',  ( -32.00000000000000000, 0.6999999999999999556, -1.599999999999989875 ) ) ;
#2867 = CARTESIAN_POINT ( 'NONE',  ( 56.50000000000000000, 2.100000000000000089, -31.00000000000000000 ) ) ;
#2868 = CARTESIAN_POINT ( 'NONE',  ( -28.93755415948609766, 2.100000000000000089, 28.93755415948609766 ) ) ;
#2869 = ORIENTED_EDGE ( 'NONE', *, *, #7353, .F. ) ;
#2870 = ORIENTED_EDGE ( 'NONE', *, *, #3546, .F. ) ;
#2871 = EDGE_CURVE ( 'NONE', #3707, #4291, #234, .T. ) ;
#2872 = EDGE_CURVE ( 'NONE', #1731, #843, #2453, .T. ) ;
#2873 = CARTESIAN_POINT ( 'NONE',  ( -1.131370849899175468, 2.100000000000000089, 1.131370849899141717 ) ) ;
#2874 = FACE_OUTER_BOUND ( 'NONE', #4980, .T. ) ;
#2875 = ORIENTED_EDGE ( 'NONE', *, *, #825, .T. ) ;
#2876 = FACE_BOUND ( 'NONE', #3108, .T. ) ;
#2877 = AXIS2_PLACEMENT_3D ( 'NONE', #7874, #7958, #6008 ) ;
#2878 = CARTESIAN_POINT ( 'NONE',  ( 0.000000000000000000, 2.100000000000000089, -3.500000000000000000 ) ) ;
#2879 = LINE ( 'NONE', #422, #2973 ) ;
#2880 = VERTEX_POINT ( 'NONE', #1492 ) ;
#2881 = CARTESIAN_POINT ( 'NONE',  ( -70.14213562373100785, 2.100000000000000089, -52.54213562373089985 ) ) ;
#2882 = PERSON_AND_ORGANIZATION ( #3834, #5159 ) ;
#2883 = ORIENTED_EDGE ( 'NONE', *, *, #2611, .F. ) ;
#2884 = DIRECTION ( 'NONE',  ( 0.000000000000000000, 1.000000000000000000, -0.000000000000000000 ) ) ;
#2885 = CARTESIAN_POINT ( 'NONE',  ( 5.999999999999996447, 0.6999999999999999556, 23.75000000000000000 ) ) ;
#2886 = CARTESIAN_POINT ( 'NONE',  ( 41.59476554272528404, 2.100000000000000089, 30.98816382492699972 ) ) ;
#2887 = EDGE_LOOP ( 'NONE', ( #5158, #3633 ) ) ;
#2888 = FACE_OUTER_BOUND ( 'NONE', #7234, .T. ) ;
#2889 = ADVANCED_FACE ( 'NONE', ( #7349 ), #6597, .F. ) ;
#2890 = ADVANCED_FACE ( 'NONE', ( #2785 ), #5896, .F. ) ;
#2891 = ORIENTED_EDGE ( 'NONE', *, *, #7447, .F. ) ;
#2892 = ORIENTED_EDGE ( 'NONE', *, *, #6829, .F. ) ;
#2894 = VECTOR ( 'NONE', #747, 1000.000000000000000 ) ;
#2893 = DIRECTION ( 'NONE',  ( 0.000000000000000000, 0.000000000000000000, -1.000000000000000000 ) ) ;
#2895 = DIRECTION ( 'NONE',  ( 0.000000000000000000, 0.000000000000000000, -1.000000000000000000 ) ) ;
#2896 = VERTEX_POINT ( 'NONE', #3481 ) ;
#2897 = DIRECTION ( 'NONE',  ( 0.000000000000000000, 0.000000000000000000, -1.000000000000000000 ) ) ;
#2898 = CARTESIAN_POINT ( 'NONE',  ( -19.09188309203676326, 2.100000000000000089, 19.09188309203676326 ) ) ;
#2899 = LINE ( 'NONE', #2326, #1768 ) ;
#2900 = ORIENTED_EDGE ( 'NONE', *, *, #1452, .T. ) ;
#2901 = DIRECTION ( 'NONE',  ( 0.000000000000000000, 1.000000000000000000, -0.000000000000000000 ) ) ;
#2902 = LINE ( 'NONE', #8002, #6916 ) ;
#2903 = AXIS2_PLACEMENT_3D ( 'NONE', #6989, #7520, #3695 ) ;
#2904 = EDGE_CURVE ( 'NONE', #3890, #884, #6832, .T. ) ;
#2905 = VECTOR ( 'NONE', #7934, 1000.000000000000114 ) ;
#2906 = CIRCLE ( 'NONE', #3169, 1.600000000000000755 ) ;
#2907 = ORIENTED_EDGE ( 'NONE', *, *, #7906, .F. ) ;
#2908 = CARTESIAN_POINT ( 'NONE',  ( -32.11953467482550195, 0.6999999999999999556, -42.72613639262370100 ) ) ;
#2909 = DIRECTION ( 'NONE',  ( -0.000000000000000000, -1.000000000000000000, -0.000000000000000000 ) ) ;
#2910 = CARTESIAN_POINT ( 'NONE',  ( -52.46446609406718409, 0.6999999999999999556, -34.86446609406750241 ) ) ;
#2911 = ADVANCED_FACE ( 'NONE', ( #5351 ), #6684, .F. ) ;
#2912 = VECTOR ( 'NONE', #6479, 1000.000000000000114 ) ;
#2913 = ORIENTED_EDGE ( 'NONE', *, *, #5660, .T. ) ;
#2914 = ORIENTED_EDGE ( 'NONE', *, *, #5089, .F. ) ;
#2915 = CARTESIAN_POINT ( 'NONE',  ( 0.000000000000000000, 2.100000000000000089, 47.30000000000000426 ) ) ;
#2916 = LINE ( 'NONE', #2960, #3184 ) ;
#2917 = VECTOR ( 'NONE', #3488, 1000.000000000000000 ) ;
#2918 = ORIENTED_EDGE ( 'NONE', *, *, #3127, .F. ) ;
#2919 = CARTESIAN_POINT ( 'NONE',  ( -55.50000000000000000, 0.6999999999999999556, 46.50000000000000000 ) ) ;
#2920 = FACE_BOUND ( 'NONE', #2456, .T. ) ;
#2921 = VECTOR ( 'NONE', #1323, 1000.000000000000000 ) ;
#2922 = DIRECTION ( 'NONE',  ( 0.000000000000000000, 1.000000000000000000, -0.000000000000000000 ) ) ;
#2923 = VECTOR ( 'NONE', #7836, 1000.000000000000000 ) ;
#2924 = DIRECTION ( 'NONE',  ( -0.000000000000000000, -1.000000000000000000, -0.000000000000000000 ) ) ;
#2925 = ADVANCED_FACE ( 'NONE', ( #2744 ), #7264, .F. ) ;
#2926 = EDGE_LOOP ( 'NONE', ( #5731, #3454, #1466, #3328 ) ) ;
#2927 = DIRECTION ( 'NONE',  ( 0.000000000000000000, 0.000000000000000000, -1.000000000000000000 ) ) ;
#2928 = DIRECTION ( 'NONE',  ( 0.000000000000000000, 0.000000000000000000, 1.000000000000000000 ) ) ;
#2929 = VERTEX_POINT ( 'NONE', #325 ) ;
#2930 = CARTESIAN_POINT ( 'NONE',  ( 12.50000000000000000, 0.6999999999999999556, 26.50000000000000000 ) ) ;
#2931 = DIRECTION ( 'NONE',  ( 0.000000000000000000, 0.000000000000000000, -1.000000000000000000 ) ) ;
#2932 = CIRCLE ( 'NONE', #8098, 1.600000000000018074 ) ;
#2933 = CARTESIAN_POINT ( 'NONE',  ( 2.525040043307525295, 0.6999999999999999556, 4.374189797439959726 ) ) ;
#2934 = ORIENTED_EDGE ( 'NONE', *, *, #6425, .F. ) ;
#2935 = ORIENTED_EDGE ( 'NONE', *, *, #6274, .F. ) ;
#2936 = CARTESIAN_POINT ( 'NONE',  ( -32.00000000000000000, 2.100000000000000089, 1.175660927181459947E-14 ) ) ;
#2937 = CARTESIAN_POINT ( 'NONE',  ( 70.14213562373100785, 0.6999999999999999556, -54.14213562373100785 ) ) ;
#2938 = ORIENTED_EDGE ( 'NONE', *, *, #6134, .T. ) ;
#2939 = EDGE_CURVE ( 'NONE', #530, #1773, #7307, .T. ) ;
#2940 = DIRECTION ( 'NONE',  ( -0.000000000000000000, -1.000000000000000000, 0.000000000000000000 ) ) ;
#2941 = DIRECTION ( 'NONE',  ( 0.000000000000000000, 0.000000000000000000, -1.000000000000000000 ) ) ;
#2942 = EDGE_LOOP ( 'NONE', ( #2970, #4305, #5595, #592 ) ) ;
#2943 = DIRECTION ( 'NONE',  ( -0.000000000000000000, -1.000000000000000000, -0.000000000000000000 ) ) ;
#2944 = ORIENTED_EDGE ( 'NONE', *, *, #664, .T. ) ;
#2945 = FACE_OUTER_BOUND ( 'NONE', #1215, .T. ) ;
#2946 = VERTEX_POINT ( 'NONE', #5393 ) ;
#2947 = DIRECTION ( 'NONE',  ( -0.000000000000000000, -1.000000000000000000, -0.000000000000000000 ) ) ;
#2948 = DIRECTION ( 'NONE',  ( 0.7071067811865442421, 0.000000000000000000, 0.7071067811865507924 ) ) ;
#2949 = ADVANCED_FACE ( 'NONE', ( #5312 ), #2160, .F. ) ;
#2950 = CIRCLE ( 'NONE', #5596, 1.600000000000004086 ) ;
#2951 = PLANE ( 'NONE',  #299 ) ;
#2952 = ADVANCED_FACE ( 'NONE', ( #7922 ), #5439, .F. ) ;
#2953 = CARTESIAN_POINT ( 'NONE',  ( -5.000000000000000000, 2.100000000000000089, -3.260758413490238603E-16 ) ) ;
#2954 = PLANE ( 'NONE',  #1061 ) ;
#2955 = ORIENTED_EDGE ( 'NONE', *, *, #423, .F. ) ;
#2956 = ORIENTED_EDGE ( 'NONE', *, *, #2799, .F. ) ;
#2957 = AXIS2_PLACEMENT_3D ( 'NONE', #3269, #838, #2734 ) ;
#2958 = DIRECTION ( 'NONE',  ( 0.000000000000000000, 0.000000000000000000, 1.000000000000000000 ) ) ;
#2959 = EDGE_CURVE ( 'NONE', #336, #5462, #6729, .T. ) ;
#2960 = CARTESIAN_POINT ( 'NONE',  ( -38.55420638362329555, 0.6999999999999999556, 38.55420638362294738 ) ) ;
#2961 = ORIENTED_EDGE ( 'NONE', *, *, #7278, .F. ) ;
#2962 = FACE_OUTER_BOUND ( 'NONE', #6740, .T. ) ;
#2963 = DIRECTION ( 'NONE',  ( -0.000000000000000000, -1.000000000000000000, -0.000000000000000000 ) ) ;
#2964 = EDGE_LOOP ( 'NONE', ( #3391, #2713 ) ) ;
#2965 = DIRECTION ( 'NONE',  ( 0.000000000000000000, 0.000000000000000000, -1.000000000000000000 ) ) ;
#2966 = CIRCLE ( 'NONE', #2430, 1.600000000000000755 ) ;
#2967 = VERTEX_POINT ( 'NONE', #1576 ) ;
#2968 = ADVANCED_FACE ( 'NONE', ( #4693 ), #1657, .F. ) ;
#2969 = CYLINDRICAL_SURFACE ( 'NONE', #5684, 1.000000000000000888 ) ;
#2970 = ORIENTED_EDGE ( 'NONE', *, *, #3812, .F. ) ;
#2971 = CIRCLE ( 'NONE', #4815, 1.600000000000000755 ) ;
#2972 = CARTESIAN_POINT ( 'NONE',  ( -42.08974028955589830, 0.6999999999999999556, -39.82699858975880147 ) ) ;
#2973 = VECTOR ( 'NONE', #2758, 1000.000000000000114 ) ;
#2974 = ORIENTED_EDGE ( 'NONE', *, *, #62, .T. ) ;
#2975 = ORIENTED_EDGE ( 'NONE', *, *, #3127, .T. ) ;
#2976 = CIRCLE ( 'NONE', #4033, 1.600000000000014522 ) ;
#2977 = EDGE_CURVE ( 'NONE', #8159, #1499, #283, .T. ) ;
#2978 = CARTESIAN_POINT ( 'NONE',  ( 42.72613639262380048, 2.100000000000000089, 30.51953467482546856 ) ) ;
#2979 = CARTESIAN_POINT ( 'NONE',  ( 70.14213562373043942, 2.100000000000000089, 52.54213562373163171 ) ) ;
#2980 = ORIENTED_EDGE ( 'NONE', *, *, #3705, .T. ) ;
#2981 = FACE_OUTER_BOUND ( 'NONE', #7816, .T. ) ;
#2982 = CARTESIAN_POINT ( 'NONE',  ( 74.50000000000000000, 0.6999999999999999556, 55.50000000000000711 ) ) ;
#2983 = ORIENTED_EDGE ( 'NONE', *, *, #6036, .T. ) ;
#2984 = FACE_BOUND ( 'NONE', #3569, .T. ) ;
#2985 = ORIENTED_EDGE ( 'NONE', *, *, #4538, .T. ) ;
#2986 = DIRECTION ( 'NONE',  ( 0.000000000000000000, 0.000000000000000000, -1.000000000000000000 ) ) ;
#2987 = VERTEX_POINT ( 'NONE', #6643 ) ;
#2988 = AXIS2_PLACEMENT_3D ( 'NONE', #7630, #3226, #2607 ) ;
#2989 = DIRECTION ( 'NONE',  ( -0.000000000000000000, -1.000000000000000000, -0.000000000000000000 ) ) ;
#2990 = CARTESIAN_POINT ( 'NONE',  ( -22.39999999999999858, 0.6999999999999999556, 0.000000000000000000 ) ) ;
#2991 = DIRECTION ( 'NONE',  ( -0.000000000000000000, -1.000000000000000000, -0.000000000000000000 ) ) ;
#2992 = LINE ( 'NONE', #1047, #5290 ) ;
#2993 = ORIENTED_EDGE ( 'NONE', *, *, #4354, .F. ) ;
#2994 = EDGE_CURVE ( 'NONE', #3960, #3907, #368, .T. ) ;
#2995 = EDGE_CURVE ( 'NONE', #5415, #4231, #3520, .T. ) ;
#2996 = ORIENTED_EDGE ( 'NONE', *, *, #3751, .T. ) ;
#2997 = DIRECTION ( 'NONE',  ( 0.000000000000000000, 0.000000000000000000, 1.000000000000000000 ) ) ;
#2998 = CARTESIAN_POINT ( 'NONE',  ( -50.50000000000000000, 2.100000000000000089, 0.000000000000000000 ) ) ;
#2999 = EDGE_LOOP ( 'NONE', ( #8072, #3208 ) ) ;
#3000 = FACE_BOUND ( 'NONE', #558, .T. ) ;
#3001 = CARTESIAN_POINT ( 'NONE',  ( -41.59476554272524140, 2.100000000000000089, 30.98816382492704946 ) ) ;
#3002 = ORIENTED_EDGE ( 'NONE', *, *, #6757, .F. ) ;
#3003 = CIRCLE ( 'NONE', #4183, 1.000000000000000888 ) ;
#3004 = FACE_OUTER_BOUND ( 'NONE', #607, .T. ) ;
#3005 = ADVANCED_FACE ( 'NONE', ( #7428 ), #3724, .F. ) ;
#3006 = AXIS2_PLACEMENT_3D ( 'NONE', #3195, #5640, #643 ) ;
#3007 = DIRECTION ( 'NONE',  ( -0.000000000000000000, -1.000000000000000000, -0.000000000000000000 ) ) ;
#3008 = ORIENTED_EDGE ( 'NONE', *, *, #1565, .T. ) ;
#3009 = CYLINDRICAL_SURFACE ( 'NONE', #867, 1.000000000000000888 ) ;
#3010 = CARTESIAN_POINT ( 'NONE',  ( 4.999999999999994671, 2.100000000000000089, -23.75000000000000000 ) ) ;
#3011 = VECTOR ( 'NONE', #3926, 1000.000000000000000 ) ;
#3012 = EDGE_CURVE ( 'NONE', #3720, #8056, #4430, .T. ) ;
#3013 = ORIENTED_EDGE ( 'NONE', *, *, #1757, .T. ) ;
#3014 = EDGE_LOOP ( 'NONE', ( #1448, #6580, #7673, #2195 ) ) ;
#3015 = LINE ( 'NONE', #4211, #2170 ) ;
#3016 = CARTESIAN_POINT ( 'NONE',  ( 55.50000000000000000, 2.100000000000000089, 64.50000000000000000 ) ) ;
#3017 = EDGE_LOOP ( 'NONE', ( #2805, #2253, #658, #4272 ) ) ;
#3018 = CYLINDRICAL_SURFACE ( 'NONE', #1420, 3.500000000000000000 ) ;
#3019 = ORIENTED_EDGE ( 'NONE', *, *, #5300, .T. ) ;
#3020 = FACE_BOUND ( 'NONE', #606, .T. ) ;
#3021 = ORIENTED_EDGE ( 'NONE', *, *, #5371, .T. ) ;
#3022 = CYLINDRICAL_SURFACE ( 'NONE', #5883, 1.000000000000000888 ) ;
#3023 = EDGE_LOOP ( 'NONE', ( #7294, #4946, #2860, #917 ) ) ;
#3024 = EDGE_CURVE ( 'NONE', #3960, #465, #2976, .T. ) ;
#3025 = CIRCLE ( 'NONE', #143, 1.600000000000000755 ) ;
#3026 = CIRCLE ( 'NONE', #6071, 1.600000000000000755 ) ;
#3027 = CARTESIAN_POINT ( 'NONE',  ( 45.90811690796319766, 0.6999999999999999556, 45.90811690796319766 ) ) ;
#3028 = ORIENTED_EDGE ( 'NONE', *, *, #5867, .T. ) ;
#3029 = DIRECTION ( 'NONE',  ( -0.000000000000000000, -1.000000000000000000, -0.000000000000000000 ) ) ;
#3030 = CARTESIAN_POINT ( 'NONE',  ( -25.50000000000000000, 0.6999999999999999556, 47.30000000000000426 ) ) ;
#3031 = CARTESIAN_POINT ( 'NONE',  ( 0.000000000000000000, 2.100000000000000089, -3.500000000000000000 ) ) ;
#3032 = DIRECTION ( 'NONE',  ( 0.000000000000000000, 0.000000000000000000, 1.000000000000000000 ) ) ;
#3033 = VECTOR ( 'NONE', #7716, 1000.000000000000000 ) ;
#3034 = ORIENTED_EDGE ( 'NONE', *, *, #3276, .F. ) ;
#3035 = AXIS2_PLACEMENT_3D ( 'NONE', #343, #183, #5372 ) ;
#3036 = ORIENTED_EDGE ( 'NONE', *, *, #5398, .F. ) ;
#3037 = CIRCLE ( 'NONE', #7930, 1.600000000000011191 ) ;
#3038 = CARTESIAN_POINT ( 'NONE',  ( 4.999999999999999112, 0.6999999999999999556, 9.782275240470715808E-16 ) ) ;
#3039 = CARTESIAN_POINT ( 'NONE',  ( -1.131370849898468478, 2.100000000000000089, -1.131370849898470032 ) ) ;
#3040 = ORIENTED_EDGE ( 'NONE', *, *, #1826, .F. ) ;
#3041 = CARTESIAN_POINT ( 'NONE',  ( 39.82699858975890095, 2.100000000000000089, -42.08974028955584856 ) ) ;
#3042 = CARTESIAN_POINT ( 'NONE',  ( 45.90811690796319766, 0.6999999999999999556, -45.90811690796319766 ) ) ;
#3043 = EDGE_CURVE ( 'NONE', #216, #6715, #448, .T. ) ;
#3044 = ORIENTED_EDGE ( 'NONE', *, *, #1491, .T. ) ;
#3045 = VECTOR ( 'NONE', #2760, 1000.000000000000114 ) ;
#3046 = CIRCLE ( 'NONE', #3697, 1.600000000000032063 ) ;
#3047 = PLANE ( 'NONE',  #6106 ) ;
#3048 = CIRCLE ( 'NONE', #4889, 2.000000000000001776 ) ;
#3049 = AXIS2_PLACEMENT_3D ( 'NONE', #4664, #4573, #7772 ) ;
#3050 = VECTOR ( 'NONE', #7758, 1000.000000000000000 ) ;
#3051 = APPROVAL_PERSON_ORGANIZATION ( #5373, #5069, #4202 ) ;
#3052 = CARTESIAN_POINT ( 'NONE',  ( 55.50000000000000711, 2.100000000000000089, -74.50000000000000000 ) ) ;
#3053 = EDGE_CURVE ( 'NONE', #2317, #2625, #7390, .T. ) ;
#3054 = CARTESIAN_POINT ( 'NONE',  ( 22.62741699796950101, 0.6999999999999999556, -21.02741699796949959 ) ) ;
#3055 = ORIENTED_EDGE ( 'NONE', *, *, #7505, .F. ) ;
#3056 = ORIENTED_EDGE ( 'NONE', *, *, #5432, .F. ) ;
#3057 = CYLINDRICAL_SURFACE ( 'NONE', #7014, 1.600000000000000755 ) ;
#3058 = DIRECTION ( 'NONE',  ( 0.7071067811865473507, 0.000000000000000000, -0.7071067811865477948 ) ) ;
#3059 = CARTESIAN_POINT ( 'NONE',  ( -12.50000000000000000, 0.6999999999999999556, 30.50000000000001776 ) ) ;
#3060 = VERTEX_POINT ( 'NONE', #8129 ) ;
#3061 = ADVANCED_FACE ( 'NONE', ( #1859 ), #6263, .F. ) ;
#3062 = DIRECTION ( 'NONE',  ( -0.000000000000000000, -1.000000000000000000, -0.000000000000000000 ) ) ;
#3063 = VERTEX_POINT ( 'NONE', #2449 ) ;
#3064 = FACE_BOUND ( 'NONE', #3723, .T. ) ;
#3065 = EDGE_LOOP ( 'NONE', ( #3766, #2465 ) ) ;
#3066 = FACE_OUTER_BOUND ( 'NONE', #7394, .T. ) ;
#3067 = ORIENTED_EDGE ( 'NONE', *, *, #2673, .T. ) ;
#3068 = AXIS2_PLACEMENT_3D ( 'NONE', #2898, #3389, #7959 ) ;
#3069 = DIRECTION ( 'NONE',  ( -0.7071067811865507924, 0.000000000000000000, 0.7071067811865442421 ) ) ;
#3070 = VERTEX_POINT ( 'NONE', #522 ) ;
#3071 = DIRECTION ( 'NONE',  ( 0.000000000000000000, 0.000000000000000000, -1.000000000000000000 ) ) ;
#3072 = EDGE_CURVE ( 'NONE', #5796, #896, #4346, .T. ) ;
#3073 = DIRECTION ( 'NONE',  ( -0.000000000000000000, -1.000000000000000000, -0.000000000000000000 ) ) ;
#3074 = DIRECTION ( 'NONE',  ( 0.000000000000000000, 0.000000000000000000, 1.000000000000000000 ) ) ;
#3075 = LINE ( 'NONE', #3115, #1192 ) ;
#3076 = ORIENTED_EDGE ( 'NONE', *, *, #5964, .T. ) ;
#3077 = ORIENTED_EDGE ( 'NONE', *, *, #1706, .F. ) ;
#3078 = EDGE_CURVE ( 'NONE', #6565, #1584, #3967, .T. ) ;
#3079 = CARTESIAN_POINT ( 'NONE',  ( -55.50000000000000711, 2.100000000000000089, 74.50000000000000000 ) ) ;
#3080 = CARTESIAN_POINT ( 'NONE',  ( -28.93755415948609766, 2.100000000000000089, -28.93755415948609766 ) ) ;
#3081 = DIRECTION ( 'NONE',  ( -0.000000000000000000, -1.000000000000000000, -0.000000000000000000 ) ) ;
#3082 = VERTEX_POINT ( 'NONE', #4930 ) ;
#3083 = DIRECTION ( 'NONE',  ( 0.000000000000000000, 1.000000000000000000, -0.000000000000000000 ) ) ;
#3084 = CARTESIAN_POINT ( 'NONE',  ( 1.131370849898445385, 2.100000000000000089, 1.131370849898443831 ) ) ;
#3085 = VERTEX_POINT ( 'NONE', #8169 ) ;
#3086 = VECTOR ( 'NONE', #4057, 1000.000000000000000 ) ;
#3087 = LINE ( 'NONE', #5038, #862 ) ;
#3088 = EDGE_LOOP ( 'NONE', ( #223, #1406 ) ) ;
#3089 = EDGE_CURVE ( 'NONE', #4871, #2839, #2488, .T. ) ;
#3090 = AXIS2_PLACEMENT_3D ( 'NONE', #4967, #7501, #2013 ) ;
#3091 = EDGE_CURVE ( 'NONE', #6247, #5974, #5695, .T. ) ;
#3092 = ORIENTED_EDGE ( 'NONE', *, *, #1347, .T. ) ;
#3093 = ORIENTED_EDGE ( 'NONE', *, *, #6915, .F. ) ;
#3094 = FACE_OUTER_BOUND ( 'NONE', #217, .T. ) ;
#3095 = CARTESIAN_POINT ( 'NONE',  ( 16.48560856174882971, 0.6999999999999999556, 15.34825612741715339 ) ) ;
#3096 = CIRCLE ( 'NONE', #4710, 1.600000000000035394 ) ;
#3097 = EDGE_LOOP ( 'NONE', ( #4050, #4503 ) ) ;
#3098 = DIRECTION ( 'NONE',  ( 0.8660254037844385966, 0.000000000000000000, -0.5000000000000001110 ) ) ;
#3099 = ORIENTED_EDGE ( 'NONE', *, *, #1318, .F. ) ;
#3100 = FACE_BOUND ( 'NONE', #873, .T. ) ;
#3101 = ORIENTED_EDGE ( 'NONE', *, *, #2791, .T. ) ;
#3102 = CARTESIAN_POINT ( 'NONE',  ( 19.09188309203689471, 0.6999999999999999556, -19.09188309203663181 ) ) ;
#3103 = ORIENTED_EDGE ( 'NONE', *, *, #5238, .T. ) ;
#3104 = VECTOR ( 'NONE', #1392, 1000.000000000000000 ) ;
#3105 = EDGE_CURVE ( 'NONE', #169, #5935, #1090, .T. ) ;
#3106 = AXIS2_PLACEMENT_3D ( 'NONE', #4709, #5453, #1593 ) ;
#3107 = FACE_OUTER_BOUND ( 'NONE', #20, .T. ) ;
#3108 = EDGE_LOOP ( 'NONE', ( #3629, #7506, #581, #7726 ) ) ;
#3109 = DIRECTION ( 'NONE',  ( -0.000000000000000000, -1.000000000000000000, -0.000000000000000000 ) ) ;
#3110 = LINE ( 'NONE', #3807, #4987 ) ;
#3111 = DIRECTION ( 'NONE',  ( -0.000000000000000000, -1.000000000000000000, 0.000000000000000000 ) ) ;
#3112 = CARTESIAN_POINT ( 'NONE',  ( 70.14213562373043942, 2.100000000000000089, 54.14213562373164024 ) ) ;
#3113 = EDGE_LOOP ( 'NONE', ( #2230, #8040, #3423, #5976 ) ) ;
#3114 = VECTOR ( 'NONE', #6474, 1000.000000000000000 ) ;
#3115 = CARTESIAN_POINT ( 'NONE',  ( 6.499940658237091107, 2.100000000000000089, 9.583940337943474219 ) ) ;
#3116 = AXIS2_PLACEMENT_3D ( 'NONE', #2146, #7950, #1636 ) ;
#3117 = ORIENTED_EDGE ( 'NONE', *, *, #4691, .T. ) ;
#3118 = EDGE_CURVE ( 'NONE', #8103, #7911, #6224, .T. ) ;
#3119 = VERTEX_POINT ( 'NONE', #5519 ) ;
#3120 = CARTESIAN_POINT ( 'NONE',  ( -36.46446609406713435, 2.100000000000000089, -52.46446609406743278 ) ) ;
#3121 = CARTESIAN_POINT ( 'NONE',  ( 74.50000000000000000, 2.100000000000000089, 55.50000000000000711 ) ) ;
#3122 = CARTESIAN_POINT ( 'NONE',  ( 22.62741699796950101, 0.6999999999999999556, -24.22741699796949888 ) ) ;
#3123 = ORIENTED_EDGE ( 'NONE', *, *, #5706, .T. ) ;
#3124 = DIRECTION ( 'NONE',  ( 0.000000000000000000, 0.000000000000000000, -1.000000000000000000 ) ) ;
#3125 = ORIENTED_EDGE ( 'NONE', *, *, #6190, .T. ) ;
#3126 = ORIENTED_EDGE ( 'NONE', *, *, #991, .T. ) ;
#3127 = EDGE_CURVE ( 'NONE', #957, #7700, #7031, .T. ) ;
#3128 = EDGE_CURVE ( 'NONE', #5792, #2106, #5829, .T. ) ;
#3129 = LINE ( 'NONE', #5656, #7941 ) ;
#3130 = VERTEX_POINT ( 'NONE', #5012 ) ;
#3131 = AXIS2_PLACEMENT_3D ( 'NONE', #3203, #4981, #1827 ) ;
#3132 = DIRECTION ( 'NONE',  ( -0.000000000000000000, -1.000000000000000000, -0.000000000000000000 ) ) ;
#3133 = ORIENTED_EDGE ( 'NONE', *, *, #5267, .T. ) ;
#3134 = ORIENTED_EDGE ( 'NONE', *, *, #2421, .T. ) ;
#3135 = DIRECTION ( 'NONE',  ( 0.000000000000000000, 0.000000000000000000, 1.000000000000000000 ) ) ;
#3136 = CARTESIAN_POINT ( 'NONE',  ( 19.09188309203656075, 0.6999999999999999556, 17.49188309203696079 ) ) ;
#3137 = DIRECTION ( 'NONE',  ( 0.000000000000000000, 0.000000000000000000, 1.000000000000000000 ) ) ;
#3138 = ORIENTED_EDGE ( 'NONE', *, *, #811, .F. ) ;
#3139 = CARTESIAN_POINT ( 'NONE',  ( -4.999999999999998224, 2.100000000000000089, -23.75000000000000000 ) ) ;
#3140 = DIRECTION ( 'NONE',  ( 0.000000000000000000, 1.000000000000000000, -0.000000000000000000 ) ) ;
#3141 = FACE_BOUND ( 'NONE', #5213, .T. ) ;
#3142 = EDGE_LOOP ( 'NONE', ( #4674, #3238 ) ) ;
#3143 = VECTOR ( 'NONE', #4931, 1000.000000000000000 ) ;
#3144 = ADVANCED_FACE ( 'NONE', ( #4389 ), #2951, .F. ) ;
#3145 = DIRECTION ( 'NONE',  ( -0.000000000000000000, -1.000000000000000000, -0.000000000000000000 ) ) ;
#3146 = EDGE_LOOP ( 'NONE', ( #5715, #4740, #7953, #3732 ) ) ;
#3147 = CARTESIAN_POINT ( 'NONE',  ( 5.999999999999998224, 0.6999999999999999556, -10.44999999999999929 ) ) ;
#3148 = ADVANCED_FACE ( 'NONE', ( #2372 ), #1901, .F. ) ;
#3149 = FACE_OUTER_BOUND ( 'NONE', #4438, .T. ) ;
#3150 = ORIENTED_EDGE ( 'NONE', *, *, #7787, .T. ) ;
#3151 = CARTESIAN_POINT ( 'NONE',  ( 44.77674605806474517, 0.6999999999999999556, -47.03948775786169989 ) ) ;
#3152 = DIRECTION ( 'NONE',  ( 0.000000000000000000, 1.000000000000000000, -0.000000000000000000 ) ) ;
#3153 = EDGE_CURVE ( 'NONE', #986, #5645, #798, .T. ) ;
#3154 = VECTOR ( 'NONE', #3958, 999.9999999999998863 ) ;
#3155 = ORIENTED_EDGE ( 'NONE', *, *, #2820, .T. ) ;
#3156 = EDGE_LOOP ( 'NONE', ( #1482, #8065 ) ) ;
#3157 = VECTOR ( 'NONE', #6196, 1000.000000000000000 ) ;
#3158 = CYLINDRICAL_SURFACE ( 'NONE', #1800, 1.599999999999990319 ) ;
#3159 = AXIS2_PLACEMENT_3D ( 'NONE', #5586, #4918, #1844 ) ;
#3160 = ORIENTED_EDGE ( 'NONE', *, *, #6598, .T. ) ;
#3161 = CYLINDRICAL_SURFACE ( 'NONE', #6725, 9.000000000000001776 ) ;
#3162 = CARTESIAN_POINT ( 'NONE',  ( -33.88730162779190636, 2.100000000000000089, 33.88730162779190636 ) ) ;
#3163 = EDGE_CURVE ( 'NONE', #3648, #3824, #681, .T. ) ;
#3164 = ORIENTED_EDGE ( 'NONE', *, *, #2085, .F. ) ;
#3165 = CARTESIAN_POINT ( 'NONE',  ( -45.90811690796319766, 2.100000000000000089, 45.90811690796319766 ) ) ;
#3166 = EDGE_LOOP ( 'NONE', ( #2869, #1786 ) ) ;
#3167 = VERTEX_POINT ( 'NONE', #5924 ) ;
#3168 = DIRECTION ( 'NONE',  ( -0.000000000000000000, -1.000000000000000000, -0.000000000000000000 ) ) ;
#3169 = AXIS2_PLACEMENT_3D ( 'NONE', #7406, #2309, #7368 ) ;
#3170 = AXIS2_PLACEMENT_3D ( 'NONE', #8172, #3152, #1863 ) ;
#3171 = EDGE_CURVE ( 'NONE', #3813, #1865, #5970, .T. ) ;
#3172 = CIRCLE ( 'NONE', #7810, 1.600000000000000755 ) ;
#3173 = EDGE_CURVE ( 'NONE', #1656, #5923, #2542, .T. ) ;
#3174 = DIRECTION ( 'NONE',  ( 0.000000000000000000, 0.000000000000000000, -1.000000000000000000 ) ) ;
#3175 = AXIS2_PLACEMENT_3D ( 'NONE', #5780, #2629, #660 ) ;
#3176 = AXIS2_PLACEMENT_3D ( 'NONE', #7462, #6221, #3561 ) ;
#3177 = ORIENTED_EDGE ( 'NONE', *, *, #1369, .T. ) ;
#3178 = DIRECTION ( 'NONE',  ( 0.000000000000000000, 1.000000000000000000, -0.000000000000000000 ) ) ;
#3179 = CARTESIAN_POINT ( 'NONE',  ( -25.60000000000000142, 0.6999999999999999556, -15.50000000000000000 ) ) ;
#3180 = DIRECTION ( 'NONE',  ( 0.000000000000000000, 1.000000000000000000, -0.000000000000000000 ) ) ;
#3181 = VERTEX_POINT ( 'NONE', #282 ) ;
#3182 = CARTESIAN_POINT ( 'NONE',  ( -55.50000000000000000, 0.6999999999999999556, -46.50000000000000000 ) ) ;
#3183 = EDGE_CURVE ( 'NONE', #1561, #1144, #6596, .T. ) ;
#3184 = VECTOR ( 'NONE', #4739, 1000.000000000000114 ) ;
#3185 = CARTESIAN_POINT ( 'NONE',  ( -18.00385078242113579, 2.100000000000000089, 4.621025403784440044 ) ) ;
#3186 = VERTEX_POINT ( 'NONE', #847 ) ;
#3187 = AXIS2_PLACEMENT_3D ( 'NONE', #2222, #7207, #7734 ) ;
#3188 = CARTESIAN_POINT ( 'NONE',  ( 55.50000000000000000, 0.6999999999999999556, 74.50000000000000000 ) ) ;
#3189 = CIRCLE ( 'NONE', #2261, 1.000000000000000888 ) ;
#3190 = ORIENTED_EDGE ( 'NONE', *, *, #2203, .T. ) ;
#3191 = CIRCLE ( 'NONE', #7822, 3.500000000000000000 ) ;
#3192 = EDGE_CURVE ( 'NONE', #5923, #5462, #4895, .T. ) ;
#3193 = CARTESIAN_POINT ( 'NONE',  ( -11.50000000000000000, 2.100000000000000089, 0.8660254037844393737 ) ) ;
#3194 = ORIENTED_EDGE ( 'NONE', *, *, #6244, .F. ) ;
#3195 = CARTESIAN_POINT ( 'NONE',  ( 54.14213562373100785, 0.6999999999999999556, 70.14213562373100785 ) ) ;
#3196 = DIRECTION ( 'NONE',  ( 0.000000000000000000, 0.000000000000000000, 1.000000000000000000 ) ) ;
#3197 = DIRECTION ( 'NONE',  ( -0.000000000000000000, -1.000000000000000000, -0.000000000000000000 ) ) ;
#3198 = ORIENTED_EDGE ( 'NONE', *, *, #2093, .F. ) ;
#3199 = CARTESIAN_POINT ( 'NONE',  ( 25.50000000000000000, 2.100000000000000089, -50.50000000000000000 ) ) ;
#3200 = EDGE_LOOP ( 'NONE', ( #7495, #4533, #2540, #4300 ) ) ;
#3201 = EDGE_CURVE ( 'NONE', #4116, #7523, #2290, .T. ) ;
#3202 = ADVANCED_FACE ( 'NONE', ( #4303 ), #4886, .F. ) ;
#3203 = CARTESIAN_POINT ( 'NONE',  ( 55.50000000000000000, 2.100000000000000089, -55.50000000000000000 ) ) ;
#3204 = CARTESIAN_POINT ( 'NONE',  ( -65.50000000000000000, 2.100000000000000089, 0.000000000000000000 ) ) ;
#3205 = PLANE ( 'NONE',  #5544 ) ;
#3206 = EDGE_LOOP ( 'NONE', ( #5366, #269, #4544, #7112 ) ) ;
#3207 = DIRECTION ( 'NONE',  ( 0.000000000000000000, 0.000000000000000000, 1.000000000000000000 ) ) ;
#3208 = ORIENTED_EDGE ( 'NONE', *, *, #8091, .T. ) ;
#3209 = AXIS2_PLACEMENT_3D ( 'NONE', #3484, #2374, #3074 ) ;
#3210 = VERTEX_POINT ( 'NONE', #6142 ) ;
#3211 = EDGE_CURVE ( 'NONE', #5469, #4575, #1066, .T. ) ;
#3212 = LINE ( 'NONE', #7615, #1716 ) ;
#3213 = ORIENTED_EDGE ( 'NONE', *, *, #6922, .F. ) ;
#3214 = DIRECTION ( 'NONE',  ( 0.000000000000000000, 0.000000000000000000, 1.000000000000000000 ) ) ;
#3215 = CIRCLE ( 'NONE', #2823, 1.600000000000000755 ) ;
#3216 = EDGE_CURVE ( 'NONE', #2733, #1982, #4182, .T. ) ;
#3217 = VECTOR ( 'NONE', #6302, 1000.000000000000000 ) ;
#3218 = ORIENTED_EDGE ( 'NONE', *, *, #6756, .F. ) ;
#3219 = CARTESIAN_POINT ( 'NONE',  ( -33.88730162779190636, 2.100000000000000089, 33.88730162779190636 ) ) ;
#3220 = CARTESIAN_POINT ( 'NONE',  ( 2.500000000000001332, 2.100000000000000089, 4.330127018922195425 ) ) ;
#3221 = CARTESIAN_POINT ( 'NONE',  ( 2.500000000000000000, 0.6999999999999999556, -4.330127018922194537 ) ) ;
#3222 = CARTESIAN_POINT ( 'NONE',  ( -22.62741699796950101, 2.100000000000000089, -22.62741699796950101 ) ) ;
#3223 = EDGE_LOOP ( 'NONE', ( #5295, #6852, #3940, #2615 ) ) ;
#3224 = DIRECTION ( 'NONE',  ( 0.000000000000000000, 1.000000000000000000, -0.000000000000000000 ) ) ;
#3225 = ORIENTED_EDGE ( 'NONE', *, *, #6189, .T. ) ;
#3226 = DIRECTION ( 'NONE',  ( 0.000000000000000000, 1.000000000000000000, -0.000000000000000000 ) ) ;
#3227 = EDGE_CURVE ( 'NONE', #2839, #7781, #1590, .T. ) ;
#3228 = LINE ( 'NONE', #8167, #2504 ) ;
#3229 = ORIENTED_EDGE ( 'NONE', *, *, #3171, .F. ) ;
#3230 = PLANE ( 'NONE',  #5392 ) ;
#3231 = CARTESIAN_POINT ( 'NONE',  ( -55.50000000000000000, 0.6999999999999999556, 64.50000000000000000 ) ) ;
#3232 = CYLINDRICAL_SURFACE ( 'NONE', #7204, 1.600000000000038947 ) ;
#3233 = ORIENTED_EDGE ( 'NONE', *, *, #4056, .F. ) ;
#3234 = CARTESIAN_POINT ( 'NONE',  ( 22.39999999999999858, 2.100000000000000089, 15.50000000000000000 ) ) ;
#3235 = LINE ( 'NONE', #3853, #6689 ) ;
#3236 = AXIS2_PLACEMENT_3D ( 'NONE', #4705, #295, #7892 ) ;
#3237 = CIRCLE ( 'NONE', #7613, 1.000000000000000888 ) ;
#3238 = ORIENTED_EDGE ( 'NONE', *, *, #6205, .T. ) ;
#3239 = VECTOR ( 'NONE', #126, 1000.000000000000000 ) ;
#3240 = CARTESIAN_POINT ( 'NONE',  ( 5.999999999999998224, 2.100000000000000089, -10.44999999999999929 ) ) ;
#3241 = DIRECTION ( 'NONE',  ( 0.000000000000000000, 0.000000000000000000, 1.000000000000000000 ) ) ;
#3242 = ORIENTED_EDGE ( 'NONE', *, *, #4006, .F. ) ;
#3243 = CARTESIAN_POINT ( 'NONE',  ( 1.540743955509788682E-30, 2.100000000000000089, 32.30000000000002558 ) ) ;
#3244 = CARTESIAN_POINT ( 'NONE',  ( 5.999999999999996447, 2.100000000000000089, -23.75000000000000000 ) ) ;
#3245 = VERTEX_POINT ( 'NONE', #1740 ) ;
#3246 = CARTESIAN_POINT ( 'NONE',  ( -6.499940658237092883, 2.100000000000000089, -9.583940337943477772 ) ) ;
#3247 = EDGE_CURVE ( 'NONE', #7521, #774, #1779, .T. ) ;
#3248 = ADVANCED_FACE ( 'NONE', ( #447 ), #2411, .F. ) ;
#3249 = VECTOR ( 'NONE', #2342, 1000.000000000000000 ) ;
#3250 = ORIENTED_EDGE ( 'NONE', *, *, #565, .T. ) ;
#3251 = ORIENTED_EDGE ( 'NONE', *, *, #2769, .F. ) ;
#3252 = DIRECTION ( 'NONE',  ( -0.000000000000000000, -1.000000000000000000, -0.000000000000000000 ) ) ;
#3253 = ORIENTED_EDGE ( 'NONE', *, *, #2570, .T. ) ;
#3254 = DIRECTION ( 'NONE',  ( 0.000000000000000000, 0.000000000000000000, 1.000000000000000000 ) ) ;
#3255 = ADVANCED_FACE ( 'NONE', ( #5478 ), #483, .F. ) ;
#3256 = CIRCLE ( 'NONE', #6853, 1.599999999999997202 ) ;
#3257 = ORIENTED_EDGE ( 'NONE', *, *, #7260, .F. ) ;
#3258 = CARTESIAN_POINT ( 'NONE',  ( 70.14213562373043942, 2.100000000000000089, 54.14213562373164024 ) ) ;
#3259 = CARTESIAN_POINT ( 'NONE',  ( -19.09188309203676326, 2.100000000000000089, 20.69188309203676468 ) ) ;
#3260 = CYLINDRICAL_SURFACE ( 'NONE', #6601, 1.600000000000004086 ) ;
#3261 = DIRECTION ( 'NONE',  ( 0.000000000000000000, 1.000000000000000000, -0.000000000000000000 ) ) ;
#3262 = ORIENTED_EDGE ( 'NONE', *, *, #3192, .F. ) ;
#3263 = CARTESIAN_POINT ( 'NONE',  ( -16.48560856174882616, 2.100000000000000089, 15.34825612741715517 ) ) ;
#3264 = ORIENTED_EDGE ( 'NONE', *, *, #3397, .F. ) ;
#3265 = CARTESIAN_POINT ( 'NONE',  ( 28.93755415948609766, 2.100000000000000089, 28.93755415948609766 ) ) ;
#3266 = ADVANCED_FACE ( 'NONE', ( #1818 ), #6773, .F. ) ;
#3267 = CIRCLE ( 'NONE', #3006, 1.600000000000004086 ) ;
#3268 = CARTESIAN_POINT ( 'NONE',  ( 15.98566790351172884, 2.100000000000000089, 16.21431578947368024 ) ) ;
#3269 = CARTESIAN_POINT ( 'NONE',  ( -1.131370849899175468, 2.100000000000000089, 1.131370849899141717 ) ) ;
#3270 = ORIENTED_EDGE ( 'NONE', *, *, #7981, .T. ) ;
#3271 = DIRECTION ( 'NONE',  ( 0.000000000000000000, 1.000000000000000000, -0.000000000000000000 ) ) ;
#3272 = CARTESIAN_POINT ( 'NONE',  ( -70.14213562373100785, 0.6999999999999999556, -54.14213562373090127 ) ) ;
#3273 = DIRECTION ( 'NONE',  ( -0.000000000000000000, -1.000000000000000000, -0.000000000000000000 ) ) ;
#3274 = CARTESIAN_POINT ( 'NONE',  ( -36.29146468382606372, 2.100000000000000089, -36.29146468382625557 ) ) ;
#3275 = ADVANCED_FACE ( 'NONE', ( #6261 ), #6810, .F. ) ;
#3276 = EDGE_CURVE ( 'NONE', #4172, #7700, #2333, .T. ) ;
#3277 = DIRECTION ( 'NONE',  ( 0.000000000000000000, 0.000000000000000000, -1.000000000000000000 ) ) ;
#3278 = DIRECTION ( 'NONE',  ( 0.000000000000000000, 1.000000000000000000, -0.000000000000000000 ) ) ;
#3279 = CARTESIAN_POINT ( 'NONE',  ( 52.46446609406756068, 0.6999999999999999556, -36.46446609406696382 ) ) ;
#3280 = ORIENTED_EDGE ( 'NONE', *, *, #6917, .F. ) ;
#3281 = DIRECTION ( 'NONE',  ( 0.000000000000000000, 1.000000000000000000, -0.000000000000000000 ) ) ;
#3282 = VECTOR ( 'NONE', #3757, 1000.000000000000000 ) ;
#3283 = LINE ( 'NONE', #7722, #2912 ) ;
#3284 = ORIENTED_EDGE ( 'NONE', *, *, #1519, .T. ) ;
#3285 = CARTESIAN_POINT ( 'NONE',  ( 25.60000000000000142, 2.100000000000000089, 0.000000000000000000 ) ) ;
#3286 = EDGE_LOOP ( 'NONE', ( #2834, #6139, #735, #1685, #6569, #2731, #2070 ) ) ;
#3287 = VERTEX_POINT ( 'NONE', #7964 ) ;
#3288 = EDGE_CURVE ( 'NONE', #683, #6765, #1655, .T. ) ;
#3289 = FACE_OUTER_BOUND ( 'NONE', #1398, .T. ) ;
#3290 = ORIENTED_EDGE ( 'NONE', *, *, #1417, .F. ) ;
#3291 = CARTESIAN_POINT ( 'NONE',  ( 70.14213562373100785, 2.100000000000000089, -55.74213562373099506 ) ) ;
#3292 = VECTOR ( 'NONE', #2561, 1000.000000000000114 ) ;
#3293 = VECTOR ( 'NONE', #6201, 1000.000000000000000 ) ;
#3294 = EDGE_CURVE ( 'NONE', #4924, #4422, #175, .T. ) ;
#3295 = FACE_OUTER_BOUND ( 'NONE', #1594, .T. ) ;
#3296 = CIRCLE ( 'NONE', #1441, 1.599999999999997202 ) ;
#3297 = CARTESIAN_POINT ( 'NONE',  ( 36.46446609406768147, 2.100000000000000089, -52.46446609406707040 ) ) ;
#3298 = CARTESIAN_POINT ( 'NONE',  ( -50.50000000000000000, 0.6999999999999999556, -25.50000000000000000 ) ) ;
#3299 = CARTESIAN_POINT ( 'NONE',  ( -31.00000000000000000, 2.100000000000000089, 0.000000000000000000 ) ) ;
#3300 = ORIENTED_EDGE ( 'NONE', *, *, #7957, .F. ) ;
#3301 = DIRECTION ( 'NONE',  ( -0.000000000000000000, -1.000000000000000000, -0.000000000000000000 ) ) ;
#3302 = ORIENTED_EDGE ( 'NONE', *, *, #7666, .F. ) ;
#3303 = DIRECTION ( 'NONE',  ( 0.000000000000000000, 0.000000000000000000, 1.000000000000000000 ) ) ;
#3304 = VECTOR ( 'NONE', #3007, 1000.000000000000000 ) ;
#3305 = AXIS2_PLACEMENT_3D ( 'NONE', #409, #486, #5522 ) ;
#3306 = AXIS2_PLACEMENT_3D ( 'NONE', #5043, #7538, #5665 ) ;
#3307 = ORIENTED_EDGE ( 'NONE', *, *, #4559, .T. ) ;
#3308 = EDGE_CURVE ( 'NONE', #6879, #2549, #7009, .T. ) ;
#3309 = AXIS2_PLACEMENT_3D ( 'NONE', #416, #7975, #1015 ) ;
#3310 = CARTESIAN_POINT ( 'NONE',  ( 0.000000000000000000, 0.6999999999999999556, 31.00000000000000000 ) ) ;
#3311 = VECTOR ( 'NONE', #7550, 1000.000000000000000 ) ;
#3312 = ORIENTED_EDGE ( 'NONE', *, *, #4538, .F. ) ;
#3313 = CARTESIAN_POINT ( 'NONE',  ( -40.95836943965729660, 2.100000000000000089, 40.95836943965740318 ) ) ;
#3314 = CARTESIAN_POINT ( 'NONE',  ( 36.46446609406677197, 2.100000000000000089, 54.06446609406769710 ) ) ;
#3315 = DIRECTION ( 'NONE',  ( -0.000000000000000000, -1.000000000000000000, -0.000000000000000000 ) ) ;
#3316 = ORIENTED_EDGE ( 'NONE', *, *, #6598, .F. ) ;
#3317 = LINE ( 'NONE', #3354, #6671 ) ;
#3318 = CARTESIAN_POINT ( 'NONE',  ( 2.500000000000000000, 2.100000000000000089, -4.330127018922194537 ) ) ;
#3319 = FACE_OUTER_BOUND ( 'NONE', #2752, .T. ) ;
#3320 = EDGE_CURVE ( 'NONE', #7700, #6923, #5719, .T. ) ;
#3321 = LINE ( 'NONE', #7759, #3762 ) ;
#3322 = CARTESIAN_POINT ( 'NONE',  ( -28.93755415948609766, 0.6999999999999999556, -28.93755415948609766 ) ) ;
#3323 = ORIENTED_EDGE ( 'NONE', *, *, #7526, .T. ) ;
#3324 = CARTESIAN_POINT ( 'NONE',  ( 19.50385078242113934, 0.6999999999999999556, -3.755000000000001226 ) ) ;
#3325 = CARTESIAN_POINT ( 'NONE',  ( 1.131370849898491127, 0.6999999999999999556, -1.131370849898491571 ) ) ;
#3326 = EDGE_LOOP ( 'NONE', ( #2630, #3103, #2296, #4653, #2787, #6197, #2914 ) ) ;
#3327 = CARTESIAN_POINT ( 'NONE',  ( -19.09188309203676326, 2.100000000000000089, 17.49188309203676184 ) ) ;
#3328 = ORIENTED_EDGE ( 'NONE', *, *, #136, .T. ) ;
#3329 = EDGE_LOOP ( 'NONE', ( #7448, #19, #4716, #6899 ) ) ;
#3330 = EDGE_CURVE ( 'NONE', #957, #5904, #6426, .T. ) ;
#3331 = LINE ( 'NONE', #1381, #4637 ) ;
#3332 = ORIENTED_EDGE ( 'NONE', *, *, #1010, .T. ) ;
#3333 = CARTESIAN_POINT ( 'NONE',  ( -55.50000000000000000, 2.100000000000000089, -55.50000000000000000 ) ) ;
#3334 = CIRCLE ( 'NONE', #7972, 1.000000000000001332 ) ;
#3335 = LINE ( 'NONE', #5246, #3045 ) ;
#3336 = CARTESIAN_POINT ( 'NONE',  ( 55.50000000000000000, 2.100000000000000089, -55.50000000000000000 ) ) ;
#3337 = CARTESIAN_POINT ( 'NONE',  ( 12.50000000000000000, 2.100000000000000089, 26.50000000000000000 ) ) ;
#3338 = LINE ( 'NONE', #3876, #3154 ) ;
#3339 = CARTESIAN_POINT ( 'NONE',  ( -19.50385078242113934, 2.100000000000000089, -3.754999999999999005 ) ) ;
#3340 = ORIENTED_EDGE ( 'NONE', *, *, #3559, .F. ) ;
#3341 = CARTESIAN_POINT ( 'NONE',  ( 1.540743955509788682E-30, 0.6999999999999999556, 33.90000000000001990 ) ) ;
#3342 = VERTEX_POINT ( 'NONE', #1857 ) ;
#3343 = DIRECTION ( 'NONE',  ( -0.000000000000000000, -1.000000000000000000, -0.000000000000000000 ) ) ;
#3344 = EDGE_CURVE ( 'NONE', #1422, #3245, #3228, .T. ) ;
#3345 = EDGE_CURVE ( 'NONE', #5263, #1131, #6386, .T. ) ;
#3346 = AXIS2_PLACEMENT_3D ( 'NONE', #2239, #7346, #3557 ) ;
#3347 = ORIENTED_EDGE ( 'NONE', *, *, #5442, .T. ) ;
#3348 = FACE_OUTER_BOUND ( 'NONE', #2757, .T. ) ;
#3349 = ORIENTED_EDGE ( 'NONE', *, *, #6379, .T. ) ;
#3350 = DIRECTION ( 'NONE',  ( 0.000000000000000000, 0.000000000000000000, -1.000000000000000000 ) ) ;
#3351 = DIRECTION ( 'NONE',  ( -1.000000000000000000, 0.000000000000000000, -0.000000000000000000 ) ) ;
#3352 = DIRECTION ( 'NONE',  ( 0.000000000000000000, 0.000000000000000000, -1.000000000000000000 ) ) ;
#3353 = AXIS2_PLACEMENT_3D ( 'NONE', #4688, #7224, #1530 ) ;
#3354 = CARTESIAN_POINT ( 'NONE',  ( -43.85750724252219612, 2.100000000000000089, 33.25090552472399708 ) ) ;
#3355 = LINE ( 'NONE', #4059, #4772 ) ;
#3356 = EDGE_CURVE ( 'NONE', #5045, #5270, #7821, .T. ) ;
#3357 = CIRCLE ( 'NONE', #7077, 1.600000000000000755 ) ;
#3358 = DIRECTION ( 'NONE',  ( 0.000000000000000000, 0.000000000000000000, 1.000000000000000000 ) ) ;
#3359 = DIRECTION ( 'NONE',  ( -0.7071067811865477948, 0.000000000000000000, 0.7071067811865473507 ) ) ;
#3360 = CARTESIAN_POINT ( 'NONE',  ( 43.85750724252219612, 2.100000000000000089, -33.25090552472399708 ) ) ;
#3361 = AXIS2_PLACEMENT_3D ( 'NONE', #1133, #3692, #4234 ) ;
#3362 = LINE ( 'NONE', #2828, #1703 ) ;
#3363 = DIRECTION ( 'NONE',  ( 0.000000000000000000, 0.000000000000000000, 1.000000000000000000 ) ) ;
#3364 = EDGE_CURVE ( 'NONE', #2429, #4876, #5760, .T. ) ;
#3365 = ORIENTED_EDGE ( 'NONE', *, *, #2489, .F. ) ;
#3366 = VECTOR ( 'NONE', #6107, 1000.000000000000000 ) ;
#3367 = VERTEX_POINT ( 'NONE', #114 ) ;
#3368 = CARTESIAN_POINT ( 'NONE',  ( -40.95836943965740318, 0.6999999999999999556, -40.95836943965729660 ) ) ;
#3369 = CARTESIAN_POINT ( 'NONE',  ( -25.60000000000000142, 2.100000000000000089, 0.000000000000000000 ) ) ;
#3370 = VERTEX_POINT ( 'NONE', #5054 ) ;
#3371 = ORIENTED_EDGE ( 'NONE', *, *, #6321, .F. ) ;
#3372 = CARTESIAN_POINT ( 'NONE',  ( 42.08974028955585567, 2.100000000000000089, 39.82699858975895069 ) ) ;
#3373 = CIRCLE ( 'NONE', #6694, 1.600000000000000755 ) ;
#3374 = EDGE_CURVE ( 'NONE', #837, #3806, #7593, .T. ) ;
#3375 = ADVANCED_FACE ( 'NONE', ( #3149 ), #6305, .F. ) ;
#3376 = DIRECTION ( 'NONE',  ( 1.000000000000000000, 0.000000000000000000, -4.163336342344337027E-16 ) ) ;
#3377 = DIRECTION ( 'NONE',  ( 0.000000000000000000, 0.000000000000000000, -1.000000000000000000 ) ) ;
#3378 = DIRECTION ( 'NONE',  ( 1.000000000000000000, 0.000000000000000000, 0.000000000000000000 ) ) ;
#3379 = ORIENTED_EDGE ( 'NONE', *, *, #682, .F. ) ;
#3380 = CARTESIAN_POINT ( 'NONE',  ( 56.50000000000000000, 0.6999999999999999556, 31.00000000000000000 ) ) ;
#3381 = ORIENTED_EDGE ( 'NONE', *, *, #3479, .T. ) ;
#3382 = DIRECTION ( 'NONE',  ( 0.000000000000000000, 1.000000000000000000, -0.000000000000000000 ) ) ;
#3383 = ORIENTED_EDGE ( 'NONE', *, *, #246, .T. ) ;
#3384 = ORIENTED_EDGE ( 'NONE', *, *, #5567, .T. ) ;
#3385 = DIRECTION ( 'NONE',  ( 0.7071067811865442421, 0.000000000000000000, 0.7071067811865507924 ) ) ;
#3386 = ORIENTED_EDGE ( 'NONE', *, *, #4611, .T. ) ;
#3387 = EDGE_CURVE ( 'NONE', #7498, #2765, #38, .T. ) ;
#3388 = CARTESIAN_POINT ( 'NONE',  ( -19.09188309203669931, 2.100000000000000089, -17.49188309203682934 ) ) ;
#3389 = DIRECTION ( 'NONE',  ( 0.000000000000000000, 1.000000000000000000, -0.000000000000000000 ) ) ;
#3390 = DIRECTION ( 'NONE',  ( 0.000000000000000000, 1.000000000000000000, -0.000000000000000000 ) ) ;
#3391 = ORIENTED_EDGE ( 'NONE', *, *, #4306, .T. ) ;
#3392 = VECTOR ( 'NONE', #2621, 1000.000000000000000 ) ;
#3393 = DIRECTION ( 'NONE',  ( 0.000000000000000000, 0.000000000000000000, 1.000000000000000000 ) ) ;
#3394 = CARTESIAN_POINT ( 'NONE',  ( 33.25090552472399708, 0.6999999999999999556, 43.85750724252219612 ) ) ;
#3395 = CIRCLE ( 'NONE', #641, 1.599999999999997202 ) ;
#3396 = DIRECTION ( 'NONE',  ( -0.000000000000000000, -1.000000000000000000, -0.000000000000000000 ) ) ;
#3397 = EDGE_CURVE ( 'NONE', #2325, #4723, #1702, .T. ) ;
#3398 = DIRECTION ( 'NONE',  ( 0.000000000000000000, 0.000000000000000000, 1.000000000000000000 ) ) ;
#3399 = EDGE_LOOP ( 'NONE', ( #5235, #4396, #1872, #7907 ) ) ;
#3400 = CARTESIAN_POINT ( 'NONE',  ( 42.72613639262380048, 2.100000000000000089, 32.11953467482550195 ) ) ;
#3401 = DIRECTION ( 'NONE',  ( 0.000000000000000000, 1.000000000000000000, -0.000000000000000000 ) ) ;
#3402 = VERTEX_POINT ( 'NONE', #4545 ) ;
#3403 = VECTOR ( 'NONE', #881, 1000.000000000000114 ) ;
#3404 = DIRECTION ( 'NONE',  ( 1.000000000000000000, 0.000000000000000000, 0.000000000000000000 ) ) ;
#3405 = ORIENTED_EDGE ( 'NONE', *, *, #3545, .F. ) ;
#3406 = ORIENTED_EDGE ( 'NONE', *, *, #4486, .T. ) ;
#3407 = DIRECTION ( 'NONE',  ( 0.000000000000000000, 0.000000000000000000, 1.000000000000000000 ) ) ;
#3408 = EDGE_CURVE ( 'NONE', #3485, #1728, #4387, .T. ) ;
#3409 = DIRECTION ( 'NONE',  ( 0.000000000000000000, 1.000000000000000000, -0.000000000000000000 ) ) ;
#3410 = ORIENTED_EDGE ( 'NONE', *, *, #4279, .T. ) ;
#3411 = EDGE_LOOP ( 'NONE', ( #6477, #5582, #5114, #4968 ) ) ;
#3412 = PLANE ( 'NONE',  #98 ) ;
#3413 = AXIS2_PLACEMENT_3D ( 'NONE', #5876, #5790, #108 ) ;
#3414 = AXIS2_PLACEMENT_3D ( 'NONE', #327, #3442, #2747 ) ;
#3415 = EDGE_CURVE ( 'NONE', #6953, #1517, #1723, .T. ) ;
#3416 = DIRECTION ( 'NONE',  ( 0.000000000000000000, 0.000000000000000000, 1.000000000000000000 ) ) ;
#3417 = EDGE_CURVE ( 'NONE', #1030, #837, #2129, .T. ) ;
#3418 = APPLICATION_PROTOCOL_DEFINITION ( 'international standard', 'config_control_design', 1994, #2264 ) ;
#3419 = CARTESIAN_POINT ( 'NONE',  ( -12.50000000000000000, 2.100000000000000089, -30.50000000000001776 ) ) ;
#3420 = AXIS2_PLACEMENT_3D ( 'NONE', #4333, #7452, #434 ) ;
#3421 = VERTEX_POINT ( 'NONE', #7097 ) ;
#3422 = DIRECTION ( 'NONE',  ( 0.000000000000000000, 0.000000000000000000, -1.000000000000000000 ) ) ;
#3423 = ORIENTED_EDGE ( 'NONE', *, *, #6409, .F. ) ;
#3424 = CARTESIAN_POINT ( 'NONE',  ( 28.93755415948609766, 2.100000000000000089, 28.93755415948609766 ) ) ;
#3425 = CIRCLE ( 'NONE', #5147, 1.600000000000035394 ) ;
#3426 = VECTOR ( 'NONE', #654, 1000.000000000000000 ) ;
#3427 = ORIENTED_EDGE ( 'NONE', *, *, #6469, .T. ) ;
#3428 = EDGE_CURVE ( 'NONE', #2552, #7059, #3883, .T. ) ;
#3429 = LINE ( 'NONE', #916, #6531 ) ;
#3430 = ORIENTED_EDGE ( 'NONE', *, *, #7981, .F. ) ;
#3431 = DIRECTION ( 'NONE',  ( 0.000000000000000000, 0.000000000000000000, 1.000000000000000000 ) ) ;
#3432 = DIRECTION ( 'NONE',  ( -1.000000000000000000, 0.000000000000000000, 0.000000000000000000 ) ) ;
#3433 = CARTESIAN_POINT ( 'NONE',  ( 12.50000000000000000, 0.6999999999999999556, -26.50000000000002487 ) ) ;
#3434 = ORIENTED_EDGE ( 'NONE', *, *, #4522, .T. ) ;
#3435 = LINE ( 'NONE', #5975, #6533 ) ;
#3436 = ORIENTED_EDGE ( 'NONE', *, *, #5734, .F. ) ;
#3437 = AXIS2_PLACEMENT_3D ( 'NONE', #3336, #4627, #7165 ) ;
#3438 = DIRECTION ( 'NONE',  ( -0.000000000000000000, -1.000000000000000000, -0.000000000000000000 ) ) ;
#3439 = AXIS2_PLACEMENT_3D ( 'NONE', #4973, #7507, #8045 ) ;
#3440 = DIRECTION ( 'NONE',  ( 0.000000000000000000, 0.000000000000000000, -1.000000000000000000 ) ) ;
#3441 = DIRECTION ( 'NONE',  ( -0.000000000000000000, -1.000000000000000000, -0.000000000000000000 ) ) ;
#3442 = DIRECTION ( 'NONE',  ( 0.000000000000000000, 1.000000000000000000, -0.000000000000000000 ) ) ;
#3443 = CARTESIAN_POINT ( 'NONE',  ( -28.93755415948609766, 2.100000000000000089, -28.93755415948609766 ) ) ;
#3444 = ORIENTED_EDGE ( 'NONE', *, *, #5215, .T. ) ;
#3445 = AXIS2_PLACEMENT_3D ( 'NONE', #2998, #6654, #5490 ) ;
#3446 = VECTOR ( 'NONE', #6389, 1000.000000000000000 ) ;
#3447 = DIRECTION ( 'NONE',  ( -0.000000000000000000, -1.000000000000000000, 0.000000000000000000 ) ) ;
#3448 = EDGE_CURVE ( 'NONE', #3901, #3630, #1073, .T. ) ;
#3449 = VECTOR ( 'NONE', #6434, 1000.000000000000000 ) ;
#3450 = EDGE_CURVE ( 'NONE', #4835, #5645, #4883, .T. ) ;
#3451 = ORIENTED_EDGE ( 'NONE', *, *, #4409, .F. ) ;
#3452 = CARTESIAN_POINT ( 'NONE',  ( -70.14213562373100785, 0.6999999999999999556, -54.14213562373090127 ) ) ;
#3453 = CARTESIAN_POINT ( 'NONE',  ( -31.00000000000000000, 2.100000000000000089, 56.50000000000000000 ) ) ;
#3454 = ORIENTED_EDGE ( 'NONE', *, *, #451, .F. ) ;
#3455 = ORIENTED_EDGE ( 'NONE', *, *, #3216, .F. ) ;
#3456 = DIRECTION ( 'NONE',  ( 0.000000000000000000, 0.000000000000000000, 1.000000000000000000 ) ) ;
#3457 = ADVANCED_FACE ( 'NONE', ( #3107 ), #1400, .T. ) ;
#3458 = LINE ( 'NONE', #5993, #4238 ) ;
#3459 = PERSON_AND_ORGANIZATION_ROLE ( 'design_supplier' ) ;
#3460 = DIRECTION ( 'NONE',  ( 0.000000000000000000, 0.000000000000000000, 1.000000000000000000 ) ) ;
#3461 = ORIENTED_EDGE ( 'NONE', *, *, #8078, .F. ) ;
#3462 = DIRECTION ( 'NONE',  ( 0.000000000000000000, 0.000000000000000000, 1.000000000000000000 ) ) ;
#3463 = EDGE_LOOP ( 'NONE', ( #2136, #6111 ) ) ;
#3464 = LINE ( 'NONE', #6754, #4293 ) ;
#3465 = ADVANCED_FACE ( 'NONE', ( #3667 ), #3057, .F. ) ;
#3466 = ORIENTED_EDGE ( 'NONE', *, *, #1470, .F. ) ;
#3467 = ORIENTED_EDGE ( 'NONE', *, *, #6458, .T. ) ;
#3468 = CARTESIAN_POINT ( 'NONE',  ( 0.000000000000000000, 0.6999999999999999556, -65.50000000000000000 ) ) ;
#3469 = VERTEX_POINT ( 'NONE', #5420 ) ;
#3470 = DIRECTION ( 'NONE',  ( 0.000000000000000000, 0.000000000000000000, -1.000000000000000000 ) ) ;
#3471 = CARTESIAN_POINT ( 'NONE',  ( -43.85750724252219612, 0.6999999999999999556, 33.25090552472399708 ) ) ;
#3472 = LINE ( 'NONE', #5470, #995 ) ;
#3473 = VERTEX_POINT ( 'NONE', #7954 ) ;
#3474 = CARTESIAN_POINT ( 'NONE',  ( -55.50000000000000000, 2.100000000000000089, -64.50000000000000000 ) ) ;
#3475 = ORIENTED_EDGE ( 'NONE', *, *, #4401, .T. ) ;
#3476 = LINE ( 'NONE', #5474, #2009 ) ;
#3477 = VECTOR ( 'NONE', #4681, 1000.000000000000000 ) ;
#3478 = EDGE_CURVE ( 'NONE', #474, #134, #3425, .T. ) ;
#3479 = EDGE_CURVE ( 'NONE', #5072, #4088, #1966, .T. ) ;
#3480 = CIRCLE ( 'NONE', #8124, 1.000000000000000888 ) ;
#3481 = CARTESIAN_POINT ( 'NONE',  ( -22.62741699796950101, 2.100000000000000089, 24.22741699796949888 ) ) ;
#3482 = DIRECTION ( 'NONE',  ( 0.000000000000000000, 0.000000000000000000, 1.000000000000000000 ) ) ;
#3483 = DIRECTION ( 'NONE',  ( -0.5000000000000001110, 0.000000000000000000, 0.8660254037844385966 ) ) ;
#3484 = CARTESIAN_POINT ( 'NONE',  ( 40.95836943965740318, 0.6999999999999999556, -40.95836943965740318 ) ) ;
#3485 = VERTEX_POINT ( 'NONE', #1471 ) ;
#3486 = ORIENTED_EDGE ( 'NONE', *, *, #165, .T. ) ;
#3487 = DIRECTION ( 'NONE',  ( -0.7071067811865507924, 0.000000000000000000, 0.7071067811865442421 ) ) ;
#3488 = DIRECTION ( 'NONE',  ( -0.000000000000000000, -1.000000000000000000, -0.000000000000000000 ) ) ;
#3489 = ORIENTED_EDGE ( 'NONE', *, *, #7083, .F. ) ;
#3490 = VECTOR ( 'NONE', #8150, 1000.000000000000000 ) ;
#3491 = FACE_BOUND ( 'NONE', #1804, .T. ) ;
#3492 = DIRECTION ( 'NONE',  ( -0.7071067811865473507, 0.000000000000000000, 0.7071067811865477948 ) ) ;
#3493 = EDGE_CURVE ( 'NONE', #4834, #78, #6534, .T. ) ;
#3494 = DIRECTION ( 'NONE',  ( -0.000000000000000000, -1.000000000000000000, -0.000000000000000000 ) ) ;
#3495 = CIRCLE ( 'NONE', #6416, 1.000000000000000888 ) ;
#3496 = VECTOR ( 'NONE', #475, 1000.000000000000000 ) ;
#3497 = CARTESIAN_POINT ( 'NONE',  ( 22.39999999999999858, 2.100000000000000089, -15.50000000000000000 ) ) ;
#3498 = DATE_TIME_ROLE ( 'classification_date' ) ;
#3499 = EDGE_LOOP ( 'NONE', ( #533, #7459, #1283, #2044 ) ) ;
#3500 = DIRECTION ( 'NONE',  ( 0.000000000000000000, 0.000000000000000000, 1.000000000000000000 ) ) ;
#3501 = AXIS2_PLACEMENT_3D ( 'NONE', #7842, #7882, #4021 ) ;
#3502 = VECTOR ( 'NONE', #3920, 1000.000000000000000 ) ;
#3503 = ADVANCED_FACE ( 'NONE', ( #3295 ), #5834, .F. ) ;
#3504 = LINE ( 'NONE', #6666, #5614 ) ;
#3505 = ORIENTED_EDGE ( 'NONE', *, *, #7055, .F. ) ;
#3506 = CYLINDRICAL_SURFACE ( 'NONE', #5759, 1.600000000000018074 ) ;
#3507 = CIRCLE ( 'NONE', #2457, 1.600000000000038947 ) ;
#3508 = ORIENTED_EDGE ( 'NONE', *, *, #4304, .T. ) ;
#3509 = CARTESIAN_POINT ( 'NONE',  ( -25.60000000000000142, 2.100000000000000089, 15.50000000000000000 ) ) ;
#3510 = ORIENTED_EDGE ( 'NONE', *, *, #6838, .F. ) ;
#3511 = EDGE_CURVE ( 'NONE', #4066, #1364, #6104, .T. ) ;
#3512 = FACE_OUTER_BOUND ( 'NONE', #4810, .T. ) ;
#3513 = CYLINDRICAL_SURFACE ( 'NONE', #2409, 1.600000000000000755 ) ;
#3514 = DIRECTION ( 'NONE',  ( -0.000000000000000000, -1.000000000000000000, -0.000000000000000000 ) ) ;
#3515 = ORIENTED_EDGE ( 'NONE', *, *, #3493, .T. ) ;
#3516 = CARTESIAN_POINT ( 'NONE',  ( -16.48560856174882616, 2.100000000000000089, -17.08037545153020176 ) ) ;
#3517 = ORIENTED_EDGE ( 'NONE', *, *, #6669, .F. ) ;
#3518 = DIRECTION ( 'NONE',  ( 0.000000000000000000, 0.000000000000000000, -1.000000000000000000 ) ) ;
#3519 = VECTOR ( 'NONE', #5105, 1000.000000000000000 ) ;
#3520 = LINE ( 'NONE', #6061, #3366 ) ;
#3521 = EDGE_CURVE ( 'NONE', #6278, #1230, #4746, .T. ) ;
#3522 = CARTESIAN_POINT ( 'NONE',  ( -42.72613639262370100, 2.100000000000000089, 32.11953467482550195 ) ) ;
#3523 = EDGE_CURVE ( 'NONE', #1965, #7764, #5204, .T. ) ;
#3524 = DIRECTION ( 'NONE',  ( -1.956455048094143162E-16, 0.000000000000000000, -1.000000000000000000 ) ) ;
#3525 = APPLICATION_CONTEXT ( 'configuration controlled 3d designs of mechanical parts and assemblies' ) ;
#3526 = AXIS2_PLACEMENT_3D ( 'NONE', #3522, #2991, #4890 ) ;
#3527 = ORIENTED_EDGE ( 'NONE', *, *, #16, .T. ) ;
#3528 = ORIENTED_EDGE ( 'NONE', *, *, #7323, .F. ) ;
#3529 = CARTESIAN_POINT ( 'NONE',  ( -22.62741699796950101, 0.6999999999999999556, 22.62741699796950101 ) ) ;
#3530 = LINE ( 'NONE', #2299, #3657 ) ;
#3531 = ORIENTED_EDGE ( 'NONE', *, *, #5866, .T. ) ;
#3532 = LINE ( 'NONE', #7510, #2648 ) ;
#3533 = FACE_BOUND ( 'NONE', #757, .T. ) ;
#3534 = CARTESIAN_POINT ( 'NONE',  ( 40.95836943965740318, 2.100000000000000089, -40.95836943965740318 ) ) ;
#3535 = CARTESIAN_POINT ( 'NONE',  ( 25.50000000000000000, 2.100000000000000089, 50.50000000000000000 ) ) ;
#3536 = AXIS2_PLACEMENT_3D ( 'NONE', #4920, #6212, #5713 ) ;
#3537 = ADVANCED_FACE ( 'NONE', ( #5873 ), #7284, .F. ) ;
#3538 = DIRECTION ( 'NONE',  ( 0.000000000000000000, 0.000000000000000000, 1.000000000000000000 ) ) ;
#3539 = COORDINATED_UNIVERSAL_TIME_OFFSET ( 5, 0, .BEHIND. ) ;
#3540 = ORIENTED_EDGE ( 'NONE', *, *, #2354, .T. ) ;
#3541 = CARTESIAN_POINT ( 'NONE',  ( 40.95836943965740318, 0.6999999999999999556, 39.35836943965741597 ) ) ;
#3542 = DIRECTION ( 'NONE',  ( -0.000000000000000000, -1.000000000000000000, -0.000000000000000000 ) ) ;
#3543 = CIRCLE ( 'NONE', #12, 1.600000000000004086 ) ;
#3544 = ORIENTED_EDGE ( 'NONE', *, *, #221, .F. ) ;
#3545 = EDGE_CURVE ( 'NONE', #5074, #1819, #3458, .T. ) ;
#3546 = EDGE_CURVE ( 'NONE', #7877, #5646, #3335, .T. ) ;
#3547 = ORIENTED_EDGE ( 'NONE', *, *, #7617, .F. ) ;
#3548 = CIRCLE ( 'NONE', #3944, 1.600000000000004086 ) ;
#3549 = CARTESIAN_POINT ( 'NONE',  ( 12.50000000000000000, 2.100000000000000089, 28.50000000000000000 ) ) ;
#3550 = ORIENTED_EDGE ( 'NONE', *, *, #4522, .F. ) ;
#3551 = DIRECTION ( 'NONE',  ( 0.000000000000000000, 0.000000000000000000, 1.000000000000000000 ) ) ;
#3552 = FACE_OUTER_BOUND ( 'NONE', #582, .T. ) ;
#3553 = ORIENTED_EDGE ( 'NONE', *, *, #5688, .F. ) ;
#3554 = CARTESIAN_POINT ( 'NONE',  ( -5.999999999999996447, 0.6999999999999999556, 9.449999999999997513 ) ) ;
#3555 = EDGE_LOOP ( 'NONE', ( #2558, #960, #514, #992 ) ) ;
#3556 = DIRECTION ( 'NONE',  ( 0.7071067811865474617, 0.000000000000000000, -0.7071067811865474617 ) ) ;
#3557 = DIRECTION ( 'NONE',  ( 0.000000000000000000, 0.000000000000000000, -1.000000000000000000 ) ) ;
#3558 = CIRCLE ( 'NONE', #1575, 1.600000000000004086 ) ;
#3559 = EDGE_CURVE ( 'NONE', #6085, #7946, #4672, .T. ) ;
#3560 = CIRCLE ( 'NONE', #33, 3.500000000000000000 ) ;
#3561 = DIRECTION ( 'NONE',  ( 0.000000000000000000, 0.000000000000000000, 1.000000000000000000 ) ) ;
#3562 = AXIS2_PLACEMENT_3D ( 'NONE', #1783, #2454, #1249 ) ;
#3563 = CARTESIAN_POINT ( 'NONE',  ( 52.46446609406692829, 2.100000000000000089, 38.06446609406786763 ) ) ;
#3564 = CIRCLE ( 'NONE', #5291, 1.600000000000000755 ) ;
#3565 = CARTESIAN_POINT ( 'NONE',  ( 0.000000000000000000, 0.6999999999999999556, 31.00000000000000000 ) ) ;
#3566 = CARTESIAN_POINT ( 'NONE',  ( 4.999999999999997335, 2.100000000000000089, -10.44999999999999929 ) ) ;
#3567 = VECTOR ( 'NONE', #1303, 1000.000000000000000 ) ;
#3568 = VECTOR ( 'NONE', #7553, 1000.000000000000000 ) ;
#3569 = EDGE_LOOP ( 'NONE', ( #2211, #5705 ) ) ;
#3570 = EDGE_CURVE ( 'NONE', #2967, #6750, #3999, .T. ) ;
#3571 = ORIENTED_EDGE ( 'NONE', *, *, #3330, .T. ) ;
#3572 = FACE_OUTER_BOUND ( 'NONE', #650, .T. ) ;
#3573 = DIRECTION ( 'NONE',  ( 0.000000000000000000, 1.000000000000000000, -0.000000000000000000 ) ) ;
#3574 = EDGE_LOOP ( 'NONE', ( #5683, #549, #5108, #3036 ) ) ;
#3575 = CARTESIAN_POINT ( 'NONE',  ( -4.999999999999991118, 2.100000000000000089, 23.75000000000000000 ) ) ;
#3576 = DIRECTION ( 'NONE',  ( 1.000000000000000000, -0.000000000000000000, 0.000000000000000000 ) ) ;
#3577 = VECTOR ( 'NONE', #1428, 1000.000000000000000 ) ;
#3578 = CARTESIAN_POINT ( 'NONE',  ( 32.00000000000000000, 2.100000000000000089, -7.837739514543060526E-15 ) ) ;
#3579 = CYLINDRICAL_SURFACE ( 'NONE', #3894, 1.000000000000001776 ) ;
#3580 = EDGE_CURVE ( 'NONE', #4364, #2384, #4491, .T. ) ;
#3581 = AXIS2_PLACEMENT_3D ( 'NONE', #6465, #6512, #2024 ) ;
#3582 = DIRECTION ( 'NONE',  ( -0.000000000000000000, -1.000000000000000000, 0.000000000000000000 ) ) ;
#3583 = COORDINATED_UNIVERSAL_TIME_OFFSET ( 5, 0, .BEHIND. ) ;
#3584 = ORIENTED_EDGE ( 'NONE', *, *, #4622, .F. ) ;
#3585 = CARTESIAN_POINT ( 'NONE',  ( 19.09188309203656075, 2.100000000000000089, 19.09188309203696576 ) ) ;
#3586 = ORIENTED_EDGE ( 'NONE', *, *, #826, .F. ) ;
#3587 = ORIENTED_EDGE ( 'NONE', *, *, #566, .T. ) ;
#3588 = VECTOR ( 'NONE', #7608, 1000.000000000000000 ) ;
#3589 = CARTESIAN_POINT ( 'NONE',  ( -25.60000000000000142, 2.100000000000000089, 15.50000000000000000 ) ) ;
#3590 = DIRECTION ( 'NONE',  ( 0.000000000000000000, 0.000000000000000000, 1.000000000000000000 ) ) ;
#3591 = EDGE_LOOP ( 'NONE', ( #1304, #4269 ) ) ;
#3592 = CYLINDRICAL_SURFACE ( 'NONE', #5529, 1.599999999999997202 ) ;
#3593 = DIRECTION ( 'NONE',  ( 0.7982148603926244590, 0.000000000000000000, -0.6023728385712482369 ) ) ;
#3594 = EDGE_LOOP ( 'NONE', ( #940, #3467, #2291, #574 ) ) ;
#3595 = DIRECTION ( 'NONE',  ( 0.000000000000000000, 1.000000000000000000, -0.000000000000000000 ) ) ;
#3596 = ORIENTED_EDGE ( 'NONE', *, *, #799, .T. ) ;
#3597 = CARTESIAN_POINT ( 'NONE',  ( 52.46446609406692829, 0.6999999999999999556, 36.46446609406787331 ) ) ;
#3598 = VERTEX_POINT ( 'NONE', #2846 ) ;
#3599 = EDGE_CURVE ( 'NONE', #6459, #1733, #2054, .T. ) ;
#3600 = VECTOR ( 'NONE', #6605, 1000.000000000000000 ) ;
#3601 = DIRECTION ( 'NONE',  ( -0.000000000000000000, -1.000000000000000000, -0.000000000000000000 ) ) ;
#3602 = AXIS2_PLACEMENT_3D ( 'NONE', #2657, #7180, #7138 ) ;
#3603 = DIRECTION ( 'NONE',  ( -0.000000000000000000, -1.000000000000000000, -0.000000000000000000 ) ) ;
#3604 = LINE ( 'NONE', #1698, #6582 ) ;
#3605 = CARTESIAN_POINT ( 'NONE',  ( -6.695712039061111120, 2.100000000000000089, 24.46832079094609469 ) ) ;
#3606 = EDGE_CURVE ( 'NONE', #7037, #2399, #7123, .T. ) ;
#3607 = PRODUCT_DEFINITION_SHAPE ( 'NONE', 'NONE',  #2486 ) ;
#3608 = VERTEX_POINT ( 'NONE', #4042 ) ;
#3609 = EDGE_LOOP ( 'NONE', ( #1314, #1545, #750, #3384 ) ) ;
#3610 = VECTOR ( 'NONE', #635, 1000.000000000000000 ) ;
#3611 = DIRECTION ( 'NONE',  ( 0.000000000000000000, 0.000000000000000000, 1.000000000000000000 ) ) ;
#3612 = DIRECTION ( 'NONE',  ( 0.000000000000000000, 0.000000000000000000, 1.000000000000000000 ) ) ;
#3613 = ORIENTED_EDGE ( 'NONE', *, *, #1289, .F. ) ;
#3614 = DIRECTION ( 'NONE',  ( -0.000000000000000000, -1.000000000000000000, -0.000000000000000000 ) ) ;
#3615 = CARTESIAN_POINT ( 'NONE',  ( -55.50000000000000000, 2.100000000000000089, 55.50000000000000000 ) ) ;
#3616 = EDGE_CURVE ( 'NONE', #6523, #8056, #6576, .T. ) ;
#3617 = VERTEX_POINT ( 'NONE', #905 ) ;
#3618 = CARTESIAN_POINT ( 'NONE',  ( 22.62741699796950101, 0.6999999999999999556, -22.62741699796950101 ) ) ;
#3619 = FACE_OUTER_BOUND ( 'NONE', #4452, .T. ) ;
#3620 = CIRCLE ( 'NONE', #7856, 9.000000000000001776 ) ;
#3621 = VECTOR ( 'NONE', #7901, 1000.000000000000000 ) ;
#3622 = CARTESIAN_POINT ( 'NONE',  ( -54.14213562373090127, 2.100000000000000089, 70.14213562373100785 ) ) ;
#3623 = ORIENTED_EDGE ( 'NONE', *, *, #7787, .F. ) ;
#3624 = ADVANCED_FACE ( 'NONE', ( #6497 ), #305, .F. ) ;
#3625 = EDGE_CURVE ( 'NONE', #2792, #3598, #827, .T. ) ;
#3626 = DIRECTION ( 'NONE',  ( 0.000000000000000000, 0.000000000000000000, 1.000000000000000000 ) ) ;
#3627 = CIRCLE ( 'NONE', #3763, 0.9999999999999993339 ) ;
#3628 = AXIS2_PLACEMENT_3D ( 'NONE', #5613, #4905, #123 ) ;
#3629 = ORIENTED_EDGE ( 'NONE', *, *, #4936, .T. ) ;
#3630 = VERTEX_POINT ( 'NONE', #949 ) ;
#3631 = VECTOR ( 'NONE', #4442, 1000.000000000000114 ) ;
#3632 = DIRECTION ( 'NONE',  ( -0.000000000000000000, -1.000000000000000000, -0.000000000000000000 ) ) ;
#3633 = ORIENTED_EDGE ( 'NONE', *, *, #1470, .T. ) ;
#3634 = LINE ( 'NONE', #3672, #7910 ) ;
#3635 = ORIENTED_EDGE ( 'NONE', *, *, #7236, .F. ) ;
#3636 = FACE_BOUND ( 'NONE', #642, .T. ) ;
#3637 = ORIENTED_EDGE ( 'NONE', *, *, #3105, .T. ) ;
#3638 = DIRECTION ( 'NONE',  ( -0.000000000000000000, -1.000000000000000000, 0.000000000000000000 ) ) ;
#3639 = EDGE_LOOP ( 'NONE', ( #3801, #5021 ) ) ;
#3640 = EDGE_CURVE ( 'NONE', #6223, #3827, #7164, .T. ) ;
#3641 = DIRECTION ( 'NONE',  ( 0.000000000000000000, 1.000000000000000000, -0.000000000000000000 ) ) ;
#3642 = ORIENTED_EDGE ( 'NONE', *, *, #7305, .F. ) ;
#3643 = CARTESIAN_POINT ( 'NONE',  ( -32.11953467482550195, 2.100000000000000089, 42.72613639262380048 ) ) ;
#3644 = DIRECTION ( 'NONE',  ( 0.000000000000000000, 0.000000000000000000, -1.000000000000000000 ) ) ;
#3645 = DIRECTION ( 'NONE',  ( -1.956455048094143162E-16, 0.000000000000000000, 1.000000000000000000 ) ) ;
#3646 = EDGE_LOOP ( 'NONE', ( #3759, #2091, #791, #2983 ) ) ;
#3647 = LINE ( 'NONE', #6021, #7678 ) ;
#3648 = VERTEX_POINT ( 'NONE', #1758 ) ;
#3649 = VERTEX_POINT ( 'NONE', #7442 ) ;
#3650 = EDGE_CURVE ( 'NONE', #1693, #7500, #8070, .T. ) ;
#3651 = FACE_OUTER_BOUND ( 'NONE', #911, .T. ) ;
#3652 = ORIENTED_EDGE ( 'NONE', *, *, #4129, .F. ) ;
#3653 = FACE_BOUND ( 'NONE', #4276, .T. ) ;
#3654 = DIRECTION ( 'NONE',  ( 0.000000000000000000, 1.000000000000000000, -0.000000000000000000 ) ) ;
#3655 = VERTEX_POINT ( 'NONE', #3052 ) ;
#3656 = CARTESIAN_POINT ( 'NONE',  ( -36.46446609406713435, 2.100000000000000089, -52.46446609406743278 ) ) ;
#3657 = VECTOR ( 'NONE', #4191, 1000.000000000000000 ) ;
#3658 = CARTESIAN_POINT ( 'NONE',  ( -16.48560856174882616, 2.100000000000000089, 15.34825612741715517 ) ) ;
#3659 = EDGE_CURVE ( 'NONE', #3905, #78, #384, .T. ) ;
#3660 = AXIS2_PLACEMENT_3D ( 'NONE', #7634, #3073, #5678 ) ;
#3661 = CARTESIAN_POINT ( 'NONE',  ( -4.999999999999999112, 2.100000000000000089, -10.44999999999999929 ) ) ;
#3662 = ORIENTED_EDGE ( 'NONE', *, *, #5856, .F. ) ;
#3663 = LINE ( 'NONE', #580, #7614 ) ;
#3664 = ORIENTED_EDGE ( 'NONE', *, *, #5171, .F. ) ;
#3665 = EDGE_CURVE ( 'NONE', #1126, #3186, #543, .T. ) ;
#3666 = VERTEX_POINT ( 'NONE', #3497 ) ;
#3667 = FACE_OUTER_BOUND ( 'NONE', #4845, .T. ) ;
#3668 = LINE ( 'NONE', #6209, #1451 ) ;
#3669 = CARTESIAN_POINT ( 'NONE',  ( 41.59476554272528404, 0.6999999999999999556, 30.98816382492699972 ) ) ;
#3670 = VECTOR ( 'NONE', #6930, 1000.000000000000000 ) ;
#3671 = ORIENTED_EDGE ( 'NONE', *, *, #5783, .T. ) ;
#3672 = CARTESIAN_POINT ( 'NONE',  ( -70.14213562373100785, 2.100000000000000089, 55.74213562373100928 ) ) ;
#3673 = CARTESIAN_POINT ( 'NONE',  ( -6.695712039061153753, 0.6999999999999999556, -24.46832079094605916 ) ) ;
#3674 = EDGE_LOOP ( 'NONE', ( #2938, #4788, #6789, #3688 ) ) ;
#3675 = FACE_BOUND ( 'NONE', #4085, .T. ) ;
#3676 = ORIENTED_EDGE ( 'NONE', *, *, #1520, .F. ) ;
#3677 = FACE_OUTER_BOUND ( 'NONE', #819, .T. ) ;
#3678 = ORIENTED_EDGE ( 'NONE', *, *, #7776, .T. ) ;
#3679 = EDGE_CURVE ( 'NONE', #5974, #6247, #5557, .T. ) ;
#3680 = CIRCLE ( 'NONE', #5002, 1.000000000000000444 ) ;
#3681 = ORIENTED_EDGE ( 'NONE', *, *, #5430, .F. ) ;
#3682 = DIRECTION ( 'NONE',  ( 0.000000000000000000, 1.000000000000000000, -0.000000000000000000 ) ) ;
#3683 = DIRECTION ( 'NONE',  ( 0.000000000000000000, 1.000000000000000000, -0.000000000000000000 ) ) ;
#3684 = DIRECTION ( 'NONE',  ( 1.000000000000000000, -0.000000000000000000, 0.000000000000000000 ) ) ;
#3685 = ORIENTED_EDGE ( 'NONE', *, *, #7676, .F. ) ;
#3686 = FACE_OUTER_BOUND ( 'NONE', #7071, .T. ) ;
#3687 = VECTOR ( 'NONE', #6886, 1000.000000000000000 ) ;
#3688 = ORIENTED_EDGE ( 'NONE', *, *, #7278, .T. ) ;
#3689 = CIRCLE ( 'NONE', #1836, 1.000000000000000888 ) ;
#3690 = ORIENTED_EDGE ( 'NONE', *, *, #6771, .F. ) ;
#3691 = AXIS2_PLACEMENT_3D ( 'NONE', #3956, #4748, #2803 ) ;
#3692 = DIRECTION ( 'NONE',  ( 0.000000000000000000, 1.000000000000000000, -0.000000000000000000 ) ) ;
#3693 = CARTESIAN_POINT ( 'NONE',  ( 24.00000000000000000, 2.100000000000000089, -15.50000000000000000 ) ) ;
#3694 = DIRECTION ( 'NONE',  ( 0.000000000000000000, 0.000000000000000000, 1.000000000000000000 ) ) ;
#3695 = DIRECTION ( 'NONE',  ( 0.000000000000000000, 0.000000000000000000, -1.000000000000000000 ) ) ;
#3696 = ORIENTED_EDGE ( 'NONE', *, *, #1757, .F. ) ;
#3697 = AXIS2_PLACEMENT_3D ( 'NONE', #969, #6733, #450 ) ;
#3698 = DIRECTION ( 'NONE',  ( 0.000000000000000000, 1.000000000000000000, -0.000000000000000000 ) ) ;
#3699 = EDGE_CURVE ( 'NONE', #1231, #6078, #1976, .T. ) ;
#3700 = ADVANCED_FACE ( 'NONE', ( #8106 ), #2969, .F. ) ;
#3701 = VECTOR ( 'NONE', #7955, 1000.000000000000000 ) ;
#3702 = CARTESIAN_POINT ( 'NONE',  ( -12.50000000000000000, 0.6999999999999999556, -26.50000000000001421 ) ) ;
#3703 = ORIENTED_EDGE ( 'NONE', *, *, #5677, .F. ) ;
#3704 = CARTESIAN_POINT ( 'NONE',  ( 36.46446609406677197, 2.100000000000000089, 50.86446609406770136 ) ) ;
#3705 = EDGE_CURVE ( 'NONE', #5904, #6923, #2906, .T. ) ;
#3706 = VECTOR ( 'NONE', #2858, 1000.000000000000000 ) ;
#3707 = VERTEX_POINT ( 'NONE', #4283 ) ;
#3708 = VECTOR ( 'NONE', #7263, 1000.000000000000000 ) ;
#3709 = ORIENTED_EDGE ( 'NONE', *, *, #7927, .T. ) ;
#3710 = DIRECTION ( 'NONE',  ( 0.000000000000000000, 0.000000000000000000, 1.000000000000000000 ) ) ;
#3711 = LINE ( 'NONE', #6330, #5826 ) ;
#3712 = CARTESIAN_POINT ( 'NONE',  ( 47.03948775786169989, 2.100000000000000089, -44.77674605806474517 ) ) ;
#3713 = ORIENTED_EDGE ( 'NONE', *, *, #507, .F. ) ;
#3714 = DIRECTION ( 'NONE',  ( 0.000000000000000000, 0.000000000000000000, 1.000000000000000000 ) ) ;
#3715 = CARTESIAN_POINT ( 'NONE',  ( -22.62741699796950101, 0.6999999999999999556, 21.02741699796949959 ) ) ;
#3716 = ORIENTED_EDGE ( 'NONE', *, *, #536, .F. ) ;
#3717 = FACE_BOUND ( 'NONE', #2575, .T. ) ;
#3718 = ORIENTED_EDGE ( 'NONE', *, *, #5009, .F. ) ;
#3719 = DIRECTION ( 'NONE',  ( 0.7071067811865480168, 0.000000000000000000, -0.7071067811865470176 ) ) ;
#3720 = VERTEX_POINT ( 'NONE', #5409 ) ;
#3721 = EDGE_CURVE ( 'NONE', #6045, #6011, #3560, .T. ) ;
#3722 = DIRECTION ( 'NONE',  ( 0.000000000000000000, 0.000000000000000000, -1.000000000000000000 ) ) ;
#3723 = EDGE_LOOP ( 'NONE', ( #4707, #7163, #435, #7853, #5630 ) ) ;
#3724 = PLANE ( 'NONE',  #8006 ) ;
#3725 = CARTESIAN_POINT ( 'NONE',  ( 2.525040043307524851, 2.100000000000000089, -4.374189797439962391 ) ) ;
#3726 = DIRECTION ( 'NONE',  ( 0.000000000000000000, 0.000000000000000000, 1.000000000000000000 ) ) ;
#3727 = DIRECTION ( 'NONE',  ( -0.000000000000000000, -1.000000000000000000, -0.000000000000000000 ) ) ;
#3728 = CYLINDRICAL_SURFACE ( 'NONE', #1977, 1.600000000000018074 ) ;
#3729 = EDGE_CURVE ( 'NONE', #4054, #350, #4242, .T. ) ;
#3730 = ADVANCED_FACE ( 'NONE', ( #1674 ), #4161, .F. ) ;
#3731 = ORIENTED_EDGE ( 'NONE', *, *, #1463, .F. ) ;
#3732 = ORIENTED_EDGE ( 'NONE', *, *, #6508, .F. ) ;
#3733 = VECTOR ( 'NONE', #6359, 1000.000000000000000 ) ;
#3734 = CARTESIAN_POINT ( 'NONE',  ( 18.50385078242113579, 2.100000000000000089, -3.755000000000001226 ) ) ;
#3735 = DIRECTION ( 'NONE',  ( 0.000000000000000000, 0.000000000000000000, -1.000000000000000000 ) ) ;
#3736 = DIRECTION ( 'NONE',  ( -0.8660254037844387076, 0.000000000000000000, -0.4999999999999999445 ) ) ;
#3737 = ORIENTED_EDGE ( 'NONE', *, *, #1697, .F. ) ;
#3738 = DIRECTION ( 'NONE',  ( -0.000000000000000000, -1.000000000000000000, -0.000000000000000000 ) ) ;
#3739 = ORIENTED_EDGE ( 'NONE', *, *, #7404, .T. ) ;
#3740 = ADVANCED_FACE ( 'NONE', ( #5455 ), #2350, .F. ) ;
#3741 = ADVANCED_FACE ( 'NONE', ( #8064 ), #984, .F. ) ;
#3742 = CARTESIAN_POINT ( 'NONE',  ( -74.50000000000000000, 0.6999999999999999556, -55.50000000000000711 ) ) ;
#3743 = EDGE_LOOP ( 'NONE', ( #1049, #2284, #7933, #2251 ) ) ;
#3744 = AXIS2_PLACEMENT_3D ( 'NONE', #5472, #2901, #6013 ) ;
#3745 = FACE_OUTER_BOUND ( 'NONE', #6456, .T. ) ;
#3746 = LINE ( 'NONE', #1881, #7322 ) ;
#3747 = ORIENTED_EDGE ( 'NONE', *, *, #3659, .F. ) ;
#3748 = AXIS2_PLACEMENT_3D ( 'NONE', #1973, #231, #2686 ) ;
#3749 = VERTEX_POINT ( 'NONE', #6747 ) ;
#3750 = VERTEX_POINT ( 'NONE', #4325 ) ;
#3751 = EDGE_CURVE ( 'NONE', #5516, #4617, #6164, .T. ) ;
#3752 = CARTESIAN_POINT ( 'NONE',  ( 55.50000000000000000, 2.100000000000000089, 46.50000000000000000 ) ) ;
#3753 = DIRECTION ( 'NONE',  ( -0.000000000000000000, -1.000000000000000000, -0.000000000000000000 ) ) ;
#3754 = CARTESIAN_POINT ( 'NONE',  ( 35.01867247769040858, 2.100000000000000089, 32.75593077789339702 ) ) ;
#3755 = CIRCLE ( 'NONE', #2581, 1.600000000000000755 ) ;
#3756 = VERTEX_POINT ( 'NONE', #3661 ) ;
#3757 = DIRECTION ( 'NONE',  ( -0.000000000000000000, -1.000000000000000000, -0.000000000000000000 ) ) ;
#3758 = FACE_BOUND ( 'NONE', #4449, .T. ) ;
#3759 = ORIENTED_EDGE ( 'NONE', *, *, #576, .T. ) ;
#3760 = LINE ( 'NONE', #1239, #3217 ) ;
#3761 = EDGE_LOOP ( 'NONE', ( #4964, #6177, #5240, #5324 ) ) ;
#3762 = VECTOR ( 'NONE', #4563, 1000.000000000000114 ) ;
#3763 = AXIS2_PLACEMENT_3D ( 'NONE', #109, #831, #2641 ) ;
#3764 = EDGE_CURVE ( 'NONE', #4112, #4345, #538, .T. ) ;
#3765 = DIRECTION ( 'NONE',  ( 0.000000000000000000, 0.000000000000000000, 1.000000000000000000 ) ) ;
#3766 = ORIENTED_EDGE ( 'NONE', *, *, #302, .T. ) ;
#3767 = DIRECTION ( 'NONE',  ( -0.000000000000000000, -1.000000000000000000, -0.000000000000000000 ) ) ;
#3768 = DIRECTION ( 'NONE',  ( -0.000000000000000000, -1.000000000000000000, 0.000000000000000000 ) ) ;
#3769 = DIRECTION ( 'NONE',  ( 0.000000000000000000, 1.000000000000000000, -0.000000000000000000 ) ) ;
#3770 = VERTEX_POINT ( 'NONE', #4783 ) ;
#3771 = DIRECTION ( 'NONE',  ( -0.000000000000000000, -1.000000000000000000, -0.000000000000000000 ) ) ;
#3772 = AXIS2_PLACEMENT_3D ( 'NONE', #5461, #312, #5335 ) ;
#3773 = ORIENTED_EDGE ( 'NONE', *, *, #5943, .T. ) ;
#3774 = ORIENTED_EDGE ( 'NONE', *, *, #6517, .F. ) ;
#3775 = ADVANCED_FACE ( 'NONE', ( #7324 ), #1631, .F. ) ;
#3776 = EDGE_CURVE ( 'NONE', #1797, #1564, #174, .T. ) ;
#3777 = CARTESIAN_POINT ( 'NONE',  ( 30.98816382492699972, 2.100000000000000089, 41.59476554272523430 ) ) ;
#3778 = FACE_OUTER_BOUND ( 'NONE', #4468, .T. ) ;
#3779 = CARTESIAN_POINT ( 'NONE',  ( -48.89999999999999858, 0.6999999999999999556, -27.09999999999999787 ) ) ;
#3780 = ORIENTED_EDGE ( 'NONE', *, *, #3105, .F. ) ;
#3781 = CARTESIAN_POINT ( 'NONE',  ( 33.88730162779190636, 0.6999999999999999556, -33.88730162779190636 ) ) ;
#3782 = ORIENTED_EDGE ( 'NONE', *, *, #238, .T. ) ;
#3783 = VERTEX_POINT ( 'NONE', #7527 ) ;
#3784 = ADVANCED_FACE ( 'NONE', ( #4366 ), #2509, .F. ) ;
#3785 = DIRECTION ( 'NONE',  ( -0.000000000000000000, -1.000000000000000000, -0.000000000000000000 ) ) ;
#3786 = ORIENTED_EDGE ( 'NONE', *, *, #4827, .T. ) ;
#3787 = CIRCLE ( 'NONE', #251, 1.600000000000035394 ) ;
#3788 = DIRECTION ( 'NONE',  ( 0.000000000000000000, 0.000000000000000000, -1.000000000000000000 ) ) ;
#3789 = ADVANCED_FACE ( 'NONE', ( #99 ), #4988, .F. ) ;
#3790 = VECTOR ( 'NONE', #6731, 1000.000000000000000 ) ;
#3791 = EDGE_LOOP ( 'NONE', ( #7119, #7414, #553, #4644 ) ) ;
#3792 = DIRECTION ( 'NONE',  ( 0.000000000000000000, 1.000000000000000000, -0.000000000000000000 ) ) ;
#3793 = DIRECTION ( 'NONE',  ( -0.000000000000000000, -1.000000000000000000, 0.000000000000000000 ) ) ;
#3794 = DIRECTION ( 'NONE',  ( -0.000000000000000000, -1.000000000000000000, -0.000000000000000000 ) ) ;
#3795 = ORIENTED_EDGE ( 'NONE', *, *, #5783, .F. ) ;
#3796 = CARTESIAN_POINT ( 'NONE',  ( -31.00000000000000000, 2.100000000000000089, 65.50000000000000000 ) ) ;
#3797 = DIRECTION ( 'NONE',  ( 0.000000000000000000, 0.000000000000000000, -1.000000000000000000 ) ) ;
#3798 = VERTEX_POINT ( 'NONE', #1265 ) ;
#3799 = AXIS2_PLACEMENT_3D ( 'NONE', #1361, #5131, #2023 ) ;
#3800 = CARTESIAN_POINT ( 'NONE',  ( 1.540743955509788682E-30, 2.100000000000000089, -35.50000000000001421 ) ) ;
#3801 = ORIENTED_EDGE ( 'NONE', *, *, #7040, .F. ) ;
#3802 = EDGE_CURVE ( 'NONE', #3707, #5864, #3212, .T. ) ;
#3803 = EDGE_CURVE ( 'NONE', #6765, #4763, #164, .T. ) ;
#3804 = CIRCLE ( 'NONE', #8049, 1.600000000000000755 ) ;
#3805 = DIRECTION ( 'NONE',  ( -0.000000000000000000, -1.000000000000000000, -0.000000000000000000 ) ) ;
#3806 = VERTEX_POINT ( 'NONE', #7651 ) ;
#3807 = CARTESIAN_POINT ( 'NONE',  ( 54.14213562373100785, 2.100000000000000089, 71.74213562373101638 ) ) ;
#3808 = CARTESIAN_POINT ( 'NONE',  ( -22.62741699796950101, 0.6999999999999999556, -22.62741699796950101 ) ) ;
#3809 = CARTESIAN_POINT ( 'NONE',  ( 25.50000000000000000, 0.6999999999999999556, -48.89999999999999858 ) ) ;
#3810 = DIRECTION ( 'NONE',  ( -0.000000000000000000, -1.000000000000000000, 0.000000000000000000 ) ) ;
#3811 = VECTOR ( 'NONE', #2058, 1000.000000000000000 ) ;
#3812 = EDGE_CURVE ( 'NONE', #5628, #4835, #6324, .T. ) ;
#3813 = VERTEX_POINT ( 'NONE', #3702 ) ;
#3814 = AXIS2_PLACEMENT_3D ( 'NONE', #2386, #4861, #2303 ) ;
#3815 = CARTESIAN_POINT ( 'NONE',  ( 14.19448966059528594, 0.6999999999999999556, 18.80936831356894956 ) ) ;
#3816 = DIRECTION ( 'NONE',  ( 0.000000000000000000, 0.000000000000000000, 1.000000000000000000 ) ) ;
#3817 = CIRCLE ( 'NONE', #280, 1.599999999999990319 ) ;
#3818 = CARTESIAN_POINT ( 'NONE',  ( 32.00000000000000000, 2.100000000000000089, -1.600000000000006084 ) ) ;
#3819 = CARTESIAN_POINT ( 'NONE',  ( 32.00000000000000000, 0.6999999999999999556, -7.837739514543060526E-15 ) ) ;
#3820 = ORIENTED_EDGE ( 'NONE', *, *, #4157, .T. ) ;
#3821 = CARTESIAN_POINT ( 'NONE',  ( -70.14213562373100785, 2.100000000000000089, 52.54213562373099933 ) ) ;
#3822 = EDGE_CURVE ( 'NONE', #7082, #861, #2120, .T. ) ;
#3823 = AXIS2_PLACEMENT_3D ( 'NONE', #1242, #4509, #7052 ) ;
#3824 = VERTEX_POINT ( 'NONE', #5036 ) ;
#3825 = EDGE_LOOP ( 'NONE', ( #2644, #4402, #6918, #6171 ) ) ;
#3826 = CARTESIAN_POINT ( 'NONE',  ( 1.540743955509788682E-30, 0.6999999999999999556, -33.90000000000001990 ) ) ;
#3827 = VERTEX_POINT ( 'NONE', #3742 ) ;
#3828 = VECTOR ( 'NONE', #4393, 1000.000000000000000 ) ;
#3829 = DIRECTION ( 'NONE',  ( 0.000000000000000000, 0.000000000000000000, 1.000000000000000000 ) ) ;
#3830 = EDGE_CURVE ( 'NONE', #134, #7485, #2249, .T. ) ;
#3831 = AXIS2_PLACEMENT_3D ( 'NONE', #4849, #680, #1898 ) ;
#3832 = VERTEX_POINT ( 'NONE', #6994 ) ;
#3833 = APPROVAL_PERSON_ORGANIZATION ( #2184, #1775, #306 ) ;
#3834 = PERSON ( 'UNSPECIFIED', 'UNSPECIFIED', 'UNSPECIFIED', ('UNSPECIFIED'), ('UNSPECIFIED'), ('UNSPECIFIED') ) ;
#3835 = DIRECTION ( 'NONE',  ( -0.7071067811865442421, 0.000000000000000000, -0.7071067811865507924 ) ) ;
#3836 = CARTESIAN_POINT ( 'NONE',  ( -6.000000000000000000, 0.6999999999999999556, -10.44999999999999929 ) ) ;
#3837 = DIRECTION ( 'NONE',  ( -0.000000000000000000, -1.000000000000000000, -0.000000000000000000 ) ) ;
#3838 = LINE ( 'NONE', #6378, #5809 ) ;
#3839 = CARTESIAN_POINT ( 'NONE',  ( 31.00000000000000000, 2.100000000000000089, 65.50000000000000000 ) ) ;
#3840 = EDGE_LOOP ( 'NONE', ( #1957, #3587 ) ) ;
#3841 = CARTESIAN_POINT ( 'NONE',  ( -52.46446609406718409, 2.100000000000000089, -34.86446609406750241 ) ) ;
#3842 = ORIENTED_EDGE ( 'NONE', *, *, #5217, .T. ) ;
#3843 = DIRECTION ( 'NONE',  ( 0.000000000000000000, 0.000000000000000000, 1.000000000000000000 ) ) ;
#3844 = AXIS2_PLACEMENT_3D ( 'NONE', #1180, #3698, #7441 ) ;
#3845 = DIRECTION ( 'NONE',  ( -0.000000000000000000, -1.000000000000000000, -0.000000000000000000 ) ) ;
#3846 = ORIENTED_EDGE ( 'NONE', *, *, #36, .F. ) ;
#3847 = EDGE_CURVE ( 'NONE', #4723, #5974, #3129, .T. ) ;
#3848 = CARTESIAN_POINT ( 'NONE',  ( -22.62741699796950101, 2.100000000000000089, -22.62741699796950101 ) ) ;
#3849 = CARTESIAN_POINT ( 'NONE',  ( 56.50000000000000000, 2.100000000000000089, -31.00000000000000000 ) ) ;
#3850 = CARTESIAN_POINT ( 'NONE',  ( -33.88730162779190636, 2.100000000000000089, -35.48730162779190067 ) ) ;
#3851 = ORIENTED_EDGE ( 'NONE', *, *, #3227, .F. ) ;
#3852 = CARTESIAN_POINT ( 'NONE',  ( 24.00000000000000000, 2.100000000000000089, -17.10000000000000142 ) ) ;
#3853 = CARTESIAN_POINT ( 'NONE',  ( -31.00000000000000000, 2.100000000000000089, 56.50000000000000000 ) ) ;
#3854 = VERTEX_POINT ( 'NONE', #6283 ) ;
#3855 = CARTESIAN_POINT ( 'NONE',  ( 54.14213562373100785, 2.100000000000000089, 68.54213562373099933 ) ) ;
#3856 = ADVANCED_FACE ( 'NONE', ( #7690 ), #13, .F. ) ;
#3857 = CARTESIAN_POINT ( 'NONE',  ( -19.09188309203669931, 2.100000000000000089, -19.09188309203683076 ) ) ;
#3858 = ORIENTED_EDGE ( 'NONE', *, *, #5635, .F. ) ;
#3859 = DIRECTION ( 'NONE',  ( 0.000000000000000000, 1.000000000000000000, -0.000000000000000000 ) ) ;
#3860 = DIRECTION ( 'NONE',  ( 0.000000000000000000, 0.000000000000000000, 1.000000000000000000 ) ) ;
#3861 = ORIENTED_EDGE ( 'NONE', *, *, #3478, .F. ) ;
#3862 = DIRECTION ( 'NONE',  ( -0.000000000000000000, -1.000000000000000000, -0.000000000000000000 ) ) ;
#3863 = ORIENTED_EDGE ( 'NONE', *, *, #4454, .F. ) ;
#3864 = AXIS2_PLACEMENT_3D ( 'NONE', #3165, #9, #732 ) ;
#3865 = ORIENTED_EDGE ( 'NONE', *, *, #3580, .F. ) ;
#3866 = EDGE_CURVE ( 'NONE', #1624, #5340, #6242, .T. ) ;
#3867 = DIRECTION ( 'NONE',  ( 0.000000000000000000, 0.000000000000000000, 1.000000000000000000 ) ) ;
#3868 = VERTEX_POINT ( 'NONE', #1344 ) ;
#3869 = DIRECTION ( 'NONE',  ( -0.000000000000000000, -1.000000000000000000, -0.000000000000000000 ) ) ;
#3870 = CIRCLE ( 'NONE', #7332, 1.000000000000000888 ) ;
#3871 = EDGE_LOOP ( 'NONE', ( #6800, #63 ) ) ;
#3872 = ADVANCED_FACE ( 'NONE', ( #4490 ), #5616, .F. ) ;
#3873 = EDGE_CURVE ( 'NONE', #30, #2012, #620, .T. ) ;
#3874 = DIRECTION ( 'NONE',  ( 0.000000000000000000, 1.000000000000000000, -0.000000000000000000 ) ) ;
#3875 = CARTESIAN_POINT ( 'NONE',  ( -36.46446609406713435, 0.6999999999999999556, -52.46446609406743278 ) ) ;
#3876 = CARTESIAN_POINT ( 'NONE',  ( -2.499999999999999112, 0.6999999999999999556, -4.330127018922192761 ) ) ;
#3877 = LINE ( 'NONE', #3185, #7476 ) ;
#3878 = ORIENTED_EDGE ( 'NONE', *, *, #3183, .F. ) ;
#3879 = CARTESIAN_POINT ( 'NONE',  ( 54.14213562373100785, 2.100000000000000089, 70.14213562373100785 ) ) ;
#3880 = ORIENTED_EDGE ( 'NONE', *, *, #3659, .T. ) ;
#3881 = CARTESIAN_POINT ( 'NONE',  ( 22.39999999999999858, 0.6999999999999999556, 0.000000000000000000 ) ) ;
#3882 = VECTOR ( 'NONE', #2273, 1000.000000000000000 ) ;
#3883 = LINE ( 'NONE', #755, #7407 ) ;
#3884 = DIRECTION ( 'NONE',  ( 0.000000000000000000, 0.000000000000000000, 1.000000000000000000 ) ) ;
#3885 = VECTOR ( 'NONE', #7161, 1000.000000000000000 ) ;
#3886 = EDGE_LOOP ( 'NONE', ( #2124, #1161, #6939, #4510 ) ) ;
#3887 = DIRECTION ( 'NONE',  ( -0.000000000000000000, -1.000000000000000000, -0.000000000000000000 ) ) ;
#3888 = CARTESIAN_POINT ( 'NONE',  ( 0.000000000000000000, 2.100000000000000089, 31.00000000000000000 ) ) ;
#3889 = DIRECTION ( 'NONE',  ( 1.000000000000000000, 0.000000000000000000, 0.000000000000000000 ) ) ;
#3890 = VERTEX_POINT ( 'NONE', #5113 ) ;
#3891 = CARTESIAN_POINT ( 'NONE',  ( -33.25090552472404681, 2.100000000000000089, 43.85750724252224586 ) ) ;
#3892 = DIRECTION ( 'NONE',  ( -0.000000000000000000, -1.000000000000000000, -0.000000000000000000 ) ) ;
#3893 = AXIS2_PLACEMENT_3D ( 'NONE', #4662, #5322, #7315 ) ;
#3894 = AXIS2_PLACEMENT_3D ( 'NONE', #6120, #5287, #7818 ) ;
#3895 = EDGE_CURVE ( 'NONE', #4169, #3608, #4230, .T. ) ;
#3896 = CIRCLE ( 'NONE', #8013, 1.000000000000000888 ) ;
#3897 = DIRECTION ( 'NONE',  ( 0.000000000000000000, 0.000000000000000000, 1.000000000000000000 ) ) ;
#3898 = DIRECTION ( 'NONE',  ( 0.000000000000000000, 1.000000000000000000, -0.000000000000000000 ) ) ;
#3899 = CARTESIAN_POINT ( 'NONE',  ( -48.89999999999999858, 2.100000000000000089, 25.50000000000000000 ) ) ;
#3900 = DIRECTION ( 'NONE',  ( 0.000000000000000000, 0.000000000000000000, 1.000000000000000000 ) ) ;
#3901 = VERTEX_POINT ( 'NONE', #2467 ) ;
#3902 = DIRECTION ( 'NONE',  ( 0.000000000000000000, 1.000000000000000000, -0.000000000000000000 ) ) ;
#3903 = ORIENTED_EDGE ( 'NONE', *, *, #6371, .T. ) ;
#3904 = EDGE_CURVE ( 'NONE', #741, #1974, #5905, .T. ) ;
#3905 = VERTEX_POINT ( 'NONE', #2046 ) ;
#3906 = CYLINDRICAL_SURFACE ( 'NONE', #1458, 1.000000000000000888 ) ;
#3907 = VERTEX_POINT ( 'NONE', #3945 ) ;
#3908 = CARTESIAN_POINT ( 'NONE',  ( -19.09188309203669931, 0.6999999999999999556, -20.69188309203683218 ) ) ;
#3909 = EDGE_CURVE ( 'NONE', #2474, #2526, #1464, .T. ) ;
#3910 = ORIENTED_EDGE ( 'NONE', *, *, #5023, .F. ) ;
#3911 = CIRCLE ( 'NONE', #7897, 1.000000000000000444 ) ;
#3912 = ORIENTED_EDGE ( 'NONE', *, *, #4157, .F. ) ;
#3913 = DIRECTION ( 'NONE',  ( 0.000000000000000000, 0.000000000000000000, 1.000000000000000000 ) ) ;
#3914 = CARTESIAN_POINT ( 'NONE',  ( 54.14213562373100785, 2.100000000000000089, 68.54213562373099933 ) ) ;
#3915 = DIRECTION ( 'NONE',  ( -0.000000000000000000, -1.000000000000000000, -0.000000000000000000 ) ) ;
#3916 = DIRECTION ( 'NONE',  ( -0.000000000000000000, -1.000000000000000000, -0.000000000000000000 ) ) ;
#3917 = ORIENTED_EDGE ( 'NONE', *, *, #3948, .T. ) ;
#3918 = DIRECTION ( 'NONE',  ( -0.000000000000000000, -1.000000000000000000, 0.000000000000000000 ) ) ;
#3919 = ORIENTED_EDGE ( 'NONE', *, *, #28, .T. ) ;
#3920 = DIRECTION ( 'NONE',  ( -0.000000000000000000, -1.000000000000000000, -0.000000000000000000 ) ) ;
#3921 = EDGE_CURVE ( 'NONE', #6116, #4090, #2134, .T. ) ;
#3922 = ORIENTED_EDGE ( 'NONE', *, *, #5341, .F. ) ;
#3923 = DIRECTION ( 'NONE',  ( 0.000000000000000000, 1.000000000000000000, -0.000000000000000000 ) ) ;
#3924 = DIRECTION ( 'NONE',  ( 0.000000000000000000, 1.000000000000000000, -0.000000000000000000 ) ) ;
#3925 = ORIENTED_EDGE ( 'NONE', *, *, #3511, .T. ) ;
#3926 = DIRECTION ( 'NONE',  ( -0.000000000000000000, -1.000000000000000000, -0.000000000000000000 ) ) ;
#3927 = PLANE ( 'NONE',  #1341 ) ;
#3928 = DIRECTION ( 'NONE',  ( 0.000000000000000000, 0.000000000000000000, -1.000000000000000000 ) ) ;
#3929 = ORIENTED_EDGE ( 'NONE', *, *, #5932, .T. ) ;
#3930 = DIRECTION ( 'NONE',  ( -0.000000000000000000, -1.000000000000000000, -0.000000000000000000 ) ) ;
#3931 = DIRECTION ( 'NONE',  ( 0.000000000000000000, 0.000000000000000000, 1.000000000000000000 ) ) ;
#3932 = CARTESIAN_POINT ( 'NONE',  ( 22.39999999999999858, 2.100000000000000089, 0.000000000000000000 ) ) ;
#3933 = EDGE_CURVE ( 'NONE', #7197, #752, #5989, .T. ) ;
#3934 = DIRECTION ( 'NONE',  ( -0.000000000000000000, -1.000000000000000000, 0.000000000000000000 ) ) ;
#3935 = CARTESIAN_POINT ( 'NONE',  ( -55.50000000000000000, 2.100000000000000089, 64.50000000000000000 ) ) ;
#3936 = EDGE_LOOP ( 'NONE', ( #1465, #5846, #3968, #2980, #3218 ) ) ;
#3937 = LINE ( 'NONE', #5188, #4589 ) ;
#3938 = AXIS2_PLACEMENT_3D ( 'NONE', #787, #7044, #5837 ) ;
#3939 = DIRECTION ( 'NONE',  ( 0.000000000000000000, 0.000000000000000000, 1.000000000000000000 ) ) ;
#3940 = ORIENTED_EDGE ( 'NONE', *, *, #2759, .T. ) ;
#3941 = AXIS2_PLACEMENT_3D ( 'NONE', #2125, #286, #4654 ) ;
#3942 = ORIENTED_EDGE ( 'NONE', *, *, #6163, .T. ) ;
#3943 = VERTEX_POINT ( 'NONE', #7239 ) ;
#3944 = AXIS2_PLACEMENT_3D ( 'NONE', #785, #107, #7623 ) ;
#3945 = CARTESIAN_POINT ( 'NONE',  ( -43.85750724252224586, 0.6999999999999999556, -33.25090552472404681 ) ) ;
#3946 = ORIENTED_EDGE ( 'NONE', *, *, #4156, .T. ) ;
#3947 = ADVANCED_FACE ( 'NONE', ( #5239 ), #1543, .F. ) ;
#3948 = EDGE_CURVE ( 'NONE', #7500, #6387, #8080, .T. ) ;
#3949 = AXIS2_PLACEMENT_3D ( 'NONE', #2501, #1871, #2624 ) ;
#3950 = LINE ( 'NONE', #824, #2176 ) ;
#3951 = AXIS2_PLACEMENT_3D ( 'NONE', #987, #2097, #2141 ) ;
#3952 = EDGE_LOOP ( 'NONE', ( #1805, #4993, #3747, #2529, #3731 ) ) ;
#3953 = CIRCLE ( 'NONE', #5685, 9.000000000000001776 ) ;
#3954 = CARTESIAN_POINT ( 'NONE',  ( 19.09188309203656075, 2.100000000000000089, 17.49188309203696079 ) ) ;
#3955 = DIRECTION ( 'NONE',  ( -0.000000000000000000, -1.000000000000000000, -0.000000000000000000 ) ) ;
#3956 = CARTESIAN_POINT ( 'NONE',  ( 42.72613639262380048, 2.100000000000000089, 32.11953467482550195 ) ) ;
#3957 = EDGE_CURVE ( 'NONE', #2458, #417, #809, .T. ) ;
#3958 = DIRECTION ( 'NONE',  ( -0.8660254037844387076, 0.000000000000000000, 0.4999999999999999445 ) ) ;
#3959 = DIRECTION ( 'NONE',  ( -0.6023728385712483480, 0.000000000000000000, -0.7982148603926244590 ) ) ;
#3960 = VERTEX_POINT ( 'NONE', #6527 ) ;
#3961 = CARTESIAN_POINT ( 'NONE',  ( -25.60000000000000142, 0.6999999999999999556, -0.000000000000000000 ) ) ;
#3962 = ORIENTED_EDGE ( 'NONE', *, *, #705, .T. ) ;
#3963 = DIRECTION ( 'NONE',  ( 0.000000000000000000, 0.000000000000000000, -1.000000000000000000 ) ) ;
#3964 = AXIS2_PLACEMENT_3D ( 'NONE', #3258, #225, #4000 ) ;
#3965 = ORIENTED_EDGE ( 'NONE', *, *, #1386, .F. ) ;
#3966 = CARTESIAN_POINT ( 'NONE',  ( 42.72613639262380048, 0.6999999999999999556, 30.51953467482546856 ) ) ;
#3967 = CIRCLE ( 'NONE', #6766, 1.000000000000004441 ) ;
#3968 = ORIENTED_EDGE ( 'NONE', *, *, #6311, .F. ) ;
#3969 = EDGE_CURVE ( 'NONE', #2765, #4763, #256, .T. ) ;
#3970 = DIRECTION ( 'NONE',  ( 6.938893903907197612E-15, 0.000000000000000000, 1.000000000000000000 ) ) ;
#3971 = DIRECTION ( 'NONE',  ( 0.6023728385712484590, -0.000000000000000000, 0.7982148603926242370 ) ) ;
#3972 = CARTESIAN_POINT ( 'NONE',  ( 35.01867247769040858, 2.100000000000000089, 32.75593077789339702 ) ) ;
#3973 = VERTEX_POINT ( 'NONE', #7075 ) ;
#3974 = DIRECTION ( 'NONE',  ( -0.000000000000000000, -1.000000000000000000, -0.000000000000000000 ) ) ;
#3975 = AXIS2_PLACEMENT_3D ( 'NONE', #7018, #8104, #4474 ) ;
#3976 = DIRECTION ( 'NONE',  ( -0.000000000000000000, -1.000000000000000000, -0.000000000000000000 ) ) ;
#3977 = CARTESIAN_POINT ( 'NONE',  ( 32.00000000000000000, 0.6999999999999999556, -1.600000000000006084 ) ) ;
#3978 = EDGE_CURVE ( 'NONE', #6977, #5531, #6486, .T. ) ;
#3979 = DIRECTION ( 'NONE',  ( -0.000000000000000000, -1.000000000000000000, 0.000000000000000000 ) ) ;
#3980 = EDGE_CURVE ( 'NONE', #6406, #474, #335, .T. ) ;
#3981 = ORIENTED_EDGE ( 'NONE', *, *, #1739, .F. ) ;
#3982 = DIRECTION ( 'NONE',  ( 0.000000000000000000, 0.000000000000000000, 1.000000000000000000 ) ) ;
#3983 = DIRECTION ( 'NONE',  ( 0.000000000000000000, 0.000000000000000000, -1.000000000000000000 ) ) ;
#3984 = AXIS2_PLACEMENT_3D ( 'NONE', #1770, #6889, #6847 ) ;
#3985 = EDGE_LOOP ( 'NONE', ( #5367, #6186, #7728, #2441 ) ) ;
#3986 = CARTESIAN_POINT ( 'NONE',  ( -19.50385078242113934, 2.100000000000000089, 3.755000000000001670 ) ) ;
#3987 = DIRECTION ( 'NONE',  ( -0.000000000000000000, -1.000000000000000000, 0.000000000000000000 ) ) ;
#3988 = ORIENTED_EDGE ( 'NONE', *, *, #4120, .F. ) ;
#3989 = EDGE_LOOP ( 'NONE', ( #2654, #3739, #7247, #6549 ) ) ;
#3990 = CARTESIAN_POINT ( 'NONE',  ( 25.60000000000000142, 2.100000000000000089, 0.000000000000000000 ) ) ;
#3991 = DIRECTION ( 'NONE',  ( 0.000000000000000000, 0.000000000000000000, 1.000000000000000000 ) ) ;
#3992 = EDGE_LOOP ( 'NONE', ( #3123, #5078, #745, #7181 ) ) ;
#3993 = VERTEX_POINT ( 'NONE', #3453 ) ;
#3994 = CARTESIAN_POINT ( 'NONE',  ( -25.60000000000000142, 2.100000000000000089, 0.000000000000000000 ) ) ;
#3995 = AXIS2_PLACEMENT_3D ( 'NONE', #2210, #3447, #6648 ) ;
#3996 = ADVANCED_FACE ( 'NONE', ( #7199 ), #1505, .F. ) ;
#3997 = ORIENTED_EDGE ( 'NONE', *, *, #6544, .T. ) ;
#3998 = CIRCLE ( 'NONE', #4670, 1.000000000000000888 ) ;
#3999 = LINE ( 'NONE', #869, #802 ) ;
#4000 = DIRECTION ( 'NONE',  ( 0.000000000000000000, 0.000000000000000000, -1.000000000000000000 ) ) ;
#4001 = DIRECTION ( 'NONE',  ( 0.000000000000000000, 0.000000000000000000, 1.000000000000000000 ) ) ;
#4002 = ORIENTED_EDGE ( 'NONE', *, *, #7617, .T. ) ;
#4003 = DIRECTION ( 'NONE',  ( -0.000000000000000000, -1.000000000000000000, -0.000000000000000000 ) ) ;
#4004 = VERTEX_POINT ( 'NONE', #6571 ) ;
#4005 = CARTESIAN_POINT ( 'NONE',  ( -22.62741699796950101, 2.100000000000000089, -22.62741699796950101 ) ) ;
#4006 = EDGE_CURVE ( 'NONE', #896, #5345, #7820, .T. ) ;
#4007 = ORIENTED_EDGE ( 'NONE', *, *, #1706, .T. ) ;
#4008 = DIRECTION ( 'NONE',  ( 0.000000000000000000, 0.000000000000000000, -1.000000000000000000 ) ) ;
#4009 = EDGE_LOOP ( 'NONE', ( #854, #3997, #5761, #332 ) ) ;
#4010 = DIRECTION ( 'NONE',  ( 0.4999406582370927721, -0.000000000000000000, 0.8660596620565250703 ) ) ;
#4011 = CARTESIAN_POINT ( 'NONE',  ( -54.14213562373090127, 2.100000000000000089, 70.14213562373100785 ) ) ;
#4012 = DIRECTION ( 'NONE',  ( -0.000000000000000000, -1.000000000000000000, -0.000000000000000000 ) ) ;
#4013 = ORIENTED_EDGE ( 'NONE', *, *, #5192, .T. ) ;
#4014 = CIRCLE ( 'NONE', #7989, 1.600000000000018074 ) ;
#4015 = CARTESIAN_POINT ( 'NONE',  ( 36.46446609406677197, 0.6999999999999999556, 50.86446609406770136 ) ) ;
#4016 = ORIENTED_EDGE ( 'NONE', *, *, #3729, .F. ) ;
#4017 = DIRECTION ( 'NONE',  ( -1.000000000000000000, 0.000000000000000000, 0.000000000000000000 ) ) ;
#4018 = EDGE_CURVE ( 'NONE', #4364, #6977, #3331, .T. ) ;
#4019 = AXIS2_PLACEMENT_3D ( 'NONE', #6794, #1880, #3788 ) ;
#4020 = AXIS2_PLACEMENT_3D ( 'NONE', #4868, #7948, #1600 ) ;
#4021 = DIRECTION ( 'NONE',  ( 0.000000000000000000, 0.000000000000000000, -1.000000000000000000 ) ) ;
#4022 = CARTESIAN_POINT ( 'NONE',  ( -65.00000000000000000, 0.6999999999999999556, 65.00000000000000000 ) ) ;
#4023 = ORIENTED_EDGE ( 'NONE', *, *, #346, .T. ) ;
#4024 = LINE ( 'NONE', #4605, #5402 ) ;
#4025 = CARTESIAN_POINT ( 'NONE',  ( -22.62741699796950101, 0.6999999999999999556, -24.22741699796949888 ) ) ;
#4026 = ORIENTED_EDGE ( 'NONE', *, *, #3308, .F. ) ;
#4027 = CIRCLE ( 'NONE', #481, 1.600000000000001643 ) ;
#4028 = AXIS2_PLACEMENT_3D ( 'NONE', #6623, #2849, #1803 ) ;
#4029 = CARTESIAN_POINT ( 'NONE',  ( 33.88730162779190636, 2.100000000000000089, -35.48730162779194330 ) ) ;
#4030 = ORIENTED_EDGE ( 'NONE', *, *, #210, .T. ) ;
#4031 = ADVANCED_FACE ( 'NONE', ( #6610 ), #3906, .F. ) ;
#4032 = ADVANCED_FACE ( 'NONE', ( #3289 ), #7893, .F. ) ;
#4033 = AXIS2_PLACEMENT_3D ( 'NONE', #4264, #3682, #1820 ) ;
#4034 = ORIENTED_EDGE ( 'NONE', *, *, #7471, .T. ) ;
#4035 = DIRECTION ( 'NONE',  ( -0.000000000000000000, -1.000000000000000000, 0.000000000000000000 ) ) ;
#4036 = DIRECTION ( 'NONE',  ( -0.000000000000000000, -1.000000000000000000, -0.000000000000000000 ) ) ;
#4037 = ORIENTED_EDGE ( 'NONE', *, *, #3721, .F. ) ;
#4038 = ORIENTED_EDGE ( 'NONE', *, *, #4443, .F. ) ;
#4039 = DIRECTION ( 'NONE',  ( 0.000000000000000000, 1.000000000000000000, -0.000000000000000000 ) ) ;
#4040 = CIRCLE ( 'NONE', #2988, 1.600000000000000755 ) ;
#4041 = EDGE_CURVE ( 'NONE', #176, #6422, #179, .T. ) ;
#4042 = CARTESIAN_POINT ( 'NONE',  ( 1.959434878635780514E-16, 0.6999999999999999556, -32.30000000000002558 ) ) ;
#4043 = CARTESIAN_POINT ( 'NONE',  ( 50.50000000000000000, 2.100000000000000089, 0.000000000000000000 ) ) ;
#4044 = EDGE_LOOP ( 'NONE', ( #1764, #3981, #2518, #3678 ) ) ;
#4045 = LINE ( 'NONE', #427, #6679 ) ;
#4046 = EDGE_LOOP ( 'NONE', ( #2095, #7984, #2339, #7594 ) ) ;
#4047 = CARTESIAN_POINT ( 'NONE',  ( -5.000000000000000000, 2.100000000000000089, -3.260758413490238603E-16 ) ) ;
#4048 = ORIENTED_EDGE ( 'NONE', *, *, #4386, .T. ) ;
#4049 = DIRECTION ( 'NONE',  ( -0.000000000000000000, -1.000000000000000000, -0.000000000000000000 ) ) ;
#4050 = ORIENTED_EDGE ( 'NONE', *, *, #939, .T. ) ;
#4051 = CARTESIAN_POINT ( 'NONE',  ( 54.14213562373100785, 0.6999999999999999556, 71.74213562373101638 ) ) ;
#4052 = CARTESIAN_POINT ( 'NONE',  ( 56.50000000000000000, 2.100000000000000089, 0.000000000000000000 ) ) ;
#4053 = FACE_BOUND ( 'NONE', #3156, .T. ) ;
#4054 = VERTEX_POINT ( 'NONE', #5196 ) ;
#4055 = CIRCLE ( 'NONE', #6575, 1.000000000000000888 ) ;
#4056 = EDGE_CURVE ( 'NONE', #1489, #6879, #8054, .T. ) ;
#4057 = DIRECTION ( 'NONE',  ( -0.000000000000000000, -1.000000000000000000, -0.000000000000000000 ) ) ;
#4058 = ADVANCED_FACE ( 'NONE', ( #1707 ), #6070, .F. ) ;
#4059 = CARTESIAN_POINT ( 'NONE',  ( 22.62741699796950101, 2.100000000000000089, 21.02741699796949959 ) ) ;
#4060 = AXIS2_PLACEMENT_3D ( 'NONE', #6644, #7265, #968 ) ;
#4061 = DIRECTION ( 'NONE',  ( -0.000000000000000000, -1.000000000000000000, -0.000000000000000000 ) ) ;
#4062 = FACE_OUTER_BOUND ( 'NONE', #2719, .T. ) ;
#4063 = FACE_OUTER_BOUND ( 'NONE', #5555, .T. ) ;
#4064 = DIRECTION ( 'NONE',  ( 0.000000000000000000, 1.000000000000000000, -0.000000000000000000 ) ) ;
#4065 = EDGE_CURVE ( 'NONE', #2012, #4703, #4857, .T. ) ;
#4066 = VERTEX_POINT ( 'NONE', #4115 ) ;
#4067 = AXIS2_PLACEMENT_3D ( 'NONE', #4511, #717, #5176 ) ;
#4068 = CARTESIAN_POINT ( 'NONE',  ( -52.46446609406718409, 2.100000000000000089, -34.86446609406750241 ) ) ;
#4069 = ORIENTED_EDGE ( 'NONE', *, *, #6716, .F. ) ;
#4070 = ORIENTED_EDGE ( 'NONE', *, *, #121, .T. ) ;
#4071 = VECTOR ( 'NONE', #4255, 1000.000000000000000 ) ;
#4072 = CARTESIAN_POINT ( 'NONE',  ( 19.09188309203656075, 2.100000000000000089, 20.69188309203697074 ) ) ;
#4073 = DIRECTION ( 'NONE',  ( -0.000000000000000000, -1.000000000000000000, -0.000000000000000000 ) ) ;
#4074 = EDGE_LOOP ( 'NONE', ( #365, #4220, #2208, #5433 ) ) ;
#4075 = VERTEX_POINT ( 'NONE', #7397 ) ;
#4076 = ADVANCED_FACE ( 'NONE', ( #2874 ), #6738, .F. ) ;
#4077 = CARTESIAN_POINT ( 'NONE',  ( -22.39999999999999858, 2.100000000000000089, 0.000000000000000000 ) ) ;
#4078 = CIRCLE ( 'NONE', #2493, 1.600000000000018074 ) ;
#4079 = ORIENTED_EDGE ( 'NONE', *, *, #507, .T. ) ;
#4080 = DIRECTION ( 'NONE',  ( 0.000000000000000000, 0.000000000000000000, 1.000000000000000000 ) ) ;
#4081 = COORDINATED_UNIVERSAL_TIME_OFFSET ( 5, 0, .BEHIND. ) ;
#4082 = FACE_OUTER_BOUND ( 'NONE', #4489, .T. ) ;
#4083 = EDGE_CURVE ( 'NONE', #908, #2502, #2340, .T. ) ;
#4084 = CIRCLE ( 'NONE', #6208, 1.599999999999997202 ) ;
#4085 = EDGE_LOOP ( 'NONE', ( #2891, #4127 ) ) ;
#4086 = EDGE_CURVE ( 'NONE', #6369, #4169, #976, .T. ) ;
#4087 = FACE_OUTER_BOUND ( 'NONE', #2329, .T. ) ;
#4088 = VERTEX_POINT ( 'NONE', #1587 ) ;
#4089 = DIRECTION ( 'NONE',  ( 1.000000000000000000, 0.000000000000000000, -0.000000000000000000 ) ) ;
#4090 = VERTEX_POINT ( 'NONE', #8014 ) ;
#4091 = ORIENTED_EDGE ( 'NONE', *, *, #3764, .T. ) ;
#4092 = DIRECTION ( 'NONE',  ( -0.000000000000000000, -1.000000000000000000, 0.000000000000000000 ) ) ;
#4093 = ORIENTED_EDGE ( 'NONE', *, *, #3344, .T. ) ;
#4094 = CARTESIAN_POINT ( 'NONE',  ( 25.50000000000000000, 2.100000000000000089, -47.30000000000000426 ) ) ;
#4095 = CARTESIAN_POINT ( 'NONE',  ( 36.46446609406768147, 0.6999999999999999556, -50.86446609406706898 ) ) ;
#4096 = LINE ( 'NONE', #7998, #6017 ) ;
#4097 = ORIENTED_EDGE ( 'NONE', *, *, #7490, .T. ) ;
#4098 = AXIS2_PLACEMENT_3D ( 'NONE', #7598, #2580, #7469 ) ;
#4099 = CARTESIAN_POINT ( 'NONE',  ( 1.540743955509788682E-30, 2.100000000000000089, 33.90000000000001990 ) ) ;
#4100 = AXIS2_PLACEMENT_3D ( 'NONE', #2578, #1404, #5095 ) ;
#4101 = CIRCLE ( 'NONE', #293, 1.599999999999990319 ) ;
#4102 = CYLINDRICAL_SURFACE ( 'NONE', #4371, 1.600000000000018074 ) ;
#4103 = AXIS2_PLACEMENT_3D ( 'NONE', #8126, #4971, #4804 ) ;
#4104 = CC_DESIGN_DATE_AND_TIME_ASSIGNMENT ( #6662, #3498, ( #6493 ) ) ;
#4105 = ADVANCED_FACE ( 'NONE', ( #3651 ), #5448, .F. ) ;
#4106 = DIRECTION ( 'NONE',  ( -0.000000000000000000, -1.000000000000000000, -0.000000000000000000 ) ) ;
#4107 = CARTESIAN_POINT ( 'NONE',  ( 11.50000000000000000, 2.100000000000000089, -0.8660254037844375974 ) ) ;
#4108 = CARTESIAN_POINT ( 'NONE',  ( -22.62741699796950101, 2.100000000000000089, 22.62741699796950101 ) ) ;
#4109 = LINE ( 'NONE', #5318, #3600 ) ;
#4110 = ORIENTED_EDGE ( 'NONE', *, *, #444, .F. ) ;
#4111 = AXIS2_PLACEMENT_3D ( 'NONE', #461, #7482, #6240 ) ;
#4112 = VERTEX_POINT ( 'NONE', #6696 ) ;
#4113 = EDGE_CURVE ( 'NONE', #2642, #3720, #5401, .T. ) ;
#4114 = LINE ( 'NONE', #2794, #2179 ) ;
#4115 = CARTESIAN_POINT ( 'NONE',  ( 47.30000000000000426, 0.6999999999999999556, 25.50000000000000000 ) ) ;
#4116 = VERTEX_POINT ( 'NONE', #1663 ) ;
#4117 = ORIENTED_EDGE ( 'NONE', *, *, #6944, .F. ) ;
#4118 = CARTESIAN_POINT ( 'NONE',  ( 19.09188309203656075, 2.100000000000000089, 19.09188309203696576 ) ) ;
#4119 = DIRECTION ( 'NONE',  ( -1.000000000000000000, 0.000000000000000000, 0.000000000000000000 ) ) ;
#4120 = EDGE_CURVE ( 'NONE', #6174, #1660, #5828, .T. ) ;
#4121 = CARTESIAN_POINT ( 'NONE',  ( -19.09188309203669931, 2.100000000000000089, -19.09188309203683076 ) ) ;
#4122 = APPROVAL_DATE_TIME ( #1068, #1775 ) ;
#4123 = LINE ( 'NONE', #4043, #794 ) ;
#4124 = FACE_OUTER_BOUND ( 'NONE', #1154, .T. ) ;
#4125 = EDGE_LOOP ( 'NONE', ( #3716, #4259 ) ) ;
#4126 = DIRECTION ( 'NONE',  ( 0.000000000000000000, 1.000000000000000000, -0.000000000000000000 ) ) ;
#4127 = ORIENTED_EDGE ( 'NONE', *, *, #7770, .F. ) ;
#4128 = ORIENTED_EDGE ( 'NONE', *, *, #7715, .T. ) ;
#4129 = EDGE_CURVE ( 'NONE', #1540, #1069, #2916, .T. ) ;
#4130 = DIRECTION ( 'NONE',  ( 0.000000000000000000, 0.000000000000000000, -1.000000000000000000 ) ) ;
#4131 = ORIENTED_EDGE ( 'NONE', *, *, #1023, .T. ) ;
#4132 = DIRECTION ( 'NONE',  ( -0.000000000000000000, -1.000000000000000000, -0.000000000000000000 ) ) ;
#4133 = DIRECTION ( 'NONE',  ( 0.000000000000000000, 0.000000000000000000, 1.000000000000000000 ) ) ;
#4134 = LINE ( 'NONE', #5386, #5357 ) ;
#4135 = ORIENTED_EDGE ( 'NONE', *, *, #7757, .T. ) ;
#4136 = CARTESIAN_POINT ( 'NONE',  ( 36.29146468382603530, 2.100000000000000089, 36.29146468382622714 ) ) ;
#4137 = ORIENTED_EDGE ( 'NONE', *, *, #5391, .T. ) ;
#4138 = FACE_OUTER_BOUND ( 'NONE', #7988, .T. ) ;
#4139 = VECTOR ( 'NONE', #844, 1000.000000000000000 ) ;
#4140 = ORIENTED_EDGE ( 'NONE', *, *, #1351, .F. ) ;
#4141 = CARTESIAN_POINT ( 'NONE',  ( 18.50385078242113579, 0.6999999999999999556, -3.755000000000001226 ) ) ;
#4142 = DIRECTION ( 'NONE',  ( 0.000000000000000000, 0.000000000000000000, -1.000000000000000000 ) ) ;
#4143 = EDGE_CURVE ( 'NONE', #4714, #1455, #6366, .T. ) ;
#4144 = ORIENTED_EDGE ( 'NONE', *, *, #2221, .F. ) ;
#4145 = AXIS2_PLACEMENT_3D ( 'NONE', #2806, #4715, #7248 ) ;
#4146 = ORIENTED_EDGE ( 'NONE', *, *, #5217, .F. ) ;
#4147 = PLANE ( 'NONE',  #6285 ) ;
#4148 = DIRECTION ( 'NONE',  ( 0.000000000000000000, 1.000000000000000000, -0.000000000000000000 ) ) ;
#4149 = ORIENTED_EDGE ( 'NONE', *, *, #5022, .F. ) ;
#4150 = VECTOR ( 'NONE', #17, 1000.000000000000000 ) ;
#4151 = DIRECTION ( 'NONE',  ( 0.7071067811865470176, -0.000000000000000000, 0.7071067811865480168 ) ) ;
#4152 = CARTESIAN_POINT ( 'NONE',  ( -52.46446609406731909, 2.100000000000000089, 36.46446609406731909 ) ) ;
#4153 = CYLINDRICAL_SURFACE ( 'NONE', #3814, 1.600000000000000755 ) ;
#4154 = DIRECTION ( 'NONE',  ( 0.7071067811865473507, -0.000000000000000000, 0.7071067811865477948 ) ) ;
#4155 = CARTESIAN_POINT ( 'NONE',  ( -14.19448966059528949, 0.6999999999999999556, -18.80936831356894245 ) ) ;
#4156 = EDGE_CURVE ( 'NONE', #528, #6778, #1990, .T. ) ;
#4157 = EDGE_CURVE ( 'NONE', #1797, #868, #3530, .T. ) ;
#4158 = AXIS2_PLACEMENT_3D ( 'NONE', #3529, #6736, #5945 ) ;
#4159 = AXIS2_PLACEMENT_3D ( 'NONE', #2059, #2563, #7740 ) ;
#4160 = VECTOR ( 'NONE', #781, 1000.000000000000000 ) ;
#4161 = PLANE ( 'NONE',  #7279 ) ;
#4162 = ORIENTED_EDGE ( 'NONE', *, *, #1150, .F. ) ;
#4163 = VECTOR ( 'NONE', #1007, 1000.000000000000000 ) ;
#4164 = VECTOR ( 'NONE', #7004, 1000.000000000000000 ) ;
#4165 = DIRECTION ( 'NONE',  ( 0.000000000000000000, 1.000000000000000000, -0.000000000000000000 ) ) ;
#4166 = CYLINDRICAL_SURFACE ( 'NONE', #5142, 1.599999999999998312 ) ;
#4167 = LINE ( 'NONE', #2933, #6294 ) ;
#4168 = EDGE_CURVE ( 'NONE', #4075, #55, #1935, .T. ) ;
#4169 = VERTEX_POINT ( 'NONE', #456 ) ;
#4170 = ORIENTED_EDGE ( 'NONE', *, *, #907, .F. ) ;
#4171 = CARTESIAN_POINT ( 'NONE',  ( 6.499940658237091107, 2.100000000000000089, -9.583940337943474219 ) ) ;
#4172 = VERTEX_POINT ( 'NONE', #2383 ) ;
#4173 = CARTESIAN_POINT ( 'NONE',  ( -1.269817584415023582E-14, 0.6999999999999999556, 30.50000000000002132 ) ) ;
#4174 = LINE ( 'NONE', #999, #2923 ) ;
#4175 = ORIENTED_EDGE ( 'NONE', *, *, #535, .F. ) ;
#4176 = DIRECTION ( 'NONE',  ( 0.000000000000000000, 0.000000000000000000, -1.000000000000000000 ) ) ;
#4177 = VERTEX_POINT ( 'NONE', #1749 ) ;
#4178 = CARTESIAN_POINT ( 'NONE',  ( 6.695712039061133325, 2.100000000000000089, -24.46832079094607693 ) ) ;
#4179 = ORIENTED_EDGE ( 'NONE', *, *, #3957, .T. ) ;
#4180 = EDGE_CURVE ( 'NONE', #4937, #6630, #6825, .T. ) ;
#4181 = DIRECTION ( 'NONE',  ( 1.000000000000000000, -0.000000000000000000, 0.000000000000000000 ) ) ;
#4182 = LINE ( 'NONE', #7504, #556 ) ;
#4183 = AXIS2_PLACEMENT_3D ( 'NONE', #1454, #3979, #2034 ) ;
#4184 = CARTESIAN_POINT ( 'NONE',  ( 70.14213562373043942, 2.100000000000000089, 54.14213562373164024 ) ) ;
#4185 = LINE ( 'NONE', #5353, #3790 ) ;
#4186 = DIRECTION ( 'NONE',  ( -0.000000000000000000, -1.000000000000000000, 0.000000000000000000 ) ) ;
#4187 = ADVANCED_FACE ( 'NONE', ( #7274 ), #6192, .F. ) ;
#4188 = ORIENTED_EDGE ( 'NONE', *, *, #3288, .T. ) ;
#4189 = EDGE_LOOP ( 'NONE', ( #3253, #6211 ) ) ;
#4190 = PLANE ( 'NONE',  #3893 ) ;
#4191 = DIRECTION ( 'NONE',  ( -0.000000000000000000, -1.000000000000000000, -0.000000000000000000 ) ) ;
#4192 = ORIENTED_EDGE ( 'NONE', *, *, #5267, .F. ) ;
#4193 = DIRECTION ( 'NONE',  ( 0.7071067811865480168, 0.000000000000000000, -0.7071067811865470176 ) ) ;
#4194 = FACE_BOUND ( 'NONE', #363, .T. ) ;
#4195 = VECTOR ( 'NONE', #5925, 1000.000000000000114 ) ;
#4196 = DIRECTION ( 'NONE',  ( 0.000000000000000000, 1.000000000000000000, -0.000000000000000000 ) ) ;
#4197 = CARTESIAN_POINT ( 'NONE',  ( 32.11953467482550195, 2.100000000000000089, 42.72613639262370100 ) ) ;
#4198 = DIRECTION ( 'NONE',  ( 0.000000000000000000, 0.000000000000000000, -1.000000000000000000 ) ) ;
#4199 = PRODUCT_RELATED_PRODUCT_CATEGORY ( 'detail', '', ( #1550 ) ) ;
#4200 = ADVANCED_FACE ( 'NONE', ( #4398 ), #8140, .F. ) ;
#4201 = DIRECTION ( 'NONE',  ( -0.000000000000000000, -1.000000000000000000, -0.000000000000000000 ) ) ;
#4202 = APPROVAL_ROLE ( '' ) ;
#4203 = VERTEX_POINT ( 'NONE', #3777 ) ;
#4204 = VECTOR ( 'NONE', #6998, 1000.000000000000000 ) ;
#4205 = FACE_OUTER_BOUND ( 'NONE', #7329, .T. ) ;
#4206 = CARTESIAN_POINT ( 'NONE',  ( -19.50385078242113934, 2.100000000000000089, -3.754999999999999005 ) ) ;
#4207 = DIRECTION ( 'NONE',  ( 0.000000000000000000, 0.000000000000000000, -1.000000000000000000 ) ) ;
#4208 = ORIENTED_EDGE ( 'NONE', *, *, #7517, .F. ) ;
#4209 = EDGE_CURVE ( 'NONE', #4863, #7523, #4720, .T. ) ;
#4210 = VECTOR ( 'NONE', #2321, 1000.000000000000000 ) ;
#4211 = CARTESIAN_POINT ( 'NONE',  ( 31.00000000000000000, 2.100000000000000089, 0.000000000000000000 ) ) ;
#4212 = CARTESIAN_POINT ( 'NONE',  ( -42.72613639262370100, 0.6999999999999999556, 32.11953467482550195 ) ) ;
#4213 = EDGE_LOOP ( 'NONE', ( #235, #7773, #1094, #131 ) ) ;
#4214 = CARTESIAN_POINT ( 'NONE',  ( 31.00000000000000000, 2.100000000000000089, -65.50000000000000000 ) ) ;
#4215 = DIRECTION ( 'NONE',  ( 0.000000000000000000, 0.000000000000000000, 1.000000000000000000 ) ) ;
#4216 = ORIENTED_EDGE ( 'NONE', *, *, #7333, .T. ) ;
#4217 = FACE_BOUND ( 'NONE', #2002, .T. ) ;
#4218 = EDGE_LOOP ( 'NONE', ( #3117, #539 ) ) ;
#4219 = DIRECTION ( 'NONE',  ( -0.000000000000000000, -1.000000000000000000, -0.000000000000000000 ) ) ;
#4220 = ORIENTED_EDGE ( 'NONE', *, *, #4984, .F. ) ;
#4221 = FACE_OUTER_BOUND ( 'NONE', #7168, .T. ) ;
#4222 = AXIS2_PLACEMENT_3D ( 'NONE', #4446, #2546, #5066 ) ;
#4223 = ADVANCED_FACE ( 'NONE', ( #7603 ), #3158, .F. ) ;
#4224 = CARTESIAN_POINT ( 'NONE',  ( 55.50000000000000000, 2.100000000000000089, -64.50000000000000000 ) ) ;
#4225 = VECTOR ( 'NONE', #2740, 1000.000000000000000 ) ;
#4226 = DIRECTION ( 'NONE',  ( 0.4999999999999999445, -0.000000000000000000, 0.8660254037844387076 ) ) ;
#4227 = AXIS2_PLACEMENT_3D ( 'NONE', #3549, #7909, #2895 ) ;
#4228 = LINE ( 'NONE', #2953, #5918 ) ;
#4229 = DIRECTION ( 'NONE',  ( -0.000000000000000000, -1.000000000000000000, -0.000000000000000000 ) ) ;
#4230 = CIRCLE ( 'NONE', #6093, 1.599999999999997202 ) ;
#4231 = VERTEX_POINT ( 'NONE', #1291 ) ;
#4232 = VERTEX_POINT ( 'NONE', #6950 ) ;
#4233 = EDGE_CURVE ( 'NONE', #6004, #3666, #2469, .T. ) ;
#4234 = DIRECTION ( 'NONE',  ( 0.000000000000000000, 0.000000000000000000, 1.000000000000000000 ) ) ;
#4235 = CARTESIAN_POINT ( 'NONE',  ( -25.50000000000000000, 0.6999999999999999556, 48.89999999999999858 ) ) ;
#4236 = VERTEX_POINT ( 'NONE', #49 ) ;
#4237 = FACE_BOUND ( 'NONE', #4218, .T. ) ;
#4238 = VECTOR ( 'NONE', #2801, 1000.000000000000000 ) ;
#4239 = CARTESIAN_POINT ( 'NONE',  ( 52.46446609406692829, 2.100000000000000089, 34.86446609406787189 ) ) ;
#4240 = VERTEX_POINT ( 'NONE', #651 ) ;
#4241 = CARTESIAN_POINT ( 'NONE',  ( 54.14213562373100785, 2.100000000000000089, 71.74213562373101638 ) ) ;
#4242 = LINE ( 'NONE', #4951, #7807 ) ;
#4243 = PERSON_AND_ORGANIZATION ( #3834, #5159 ) ;
#4244 = EDGE_LOOP ( 'NONE', ( #2913, #3381 ) ) ;
#4245 = CARTESIAN_POINT ( 'NONE',  ( -19.09188309203676326, 0.6999999999999999556, 17.49188309203676184 ) ) ;
#4246 = CARTESIAN_POINT ( 'NONE',  ( -12.50000000000000000, 2.100000000000000089, 28.50000000000000000 ) ) ;
#4247 = EDGE_CURVE ( 'NONE', #2021, #6656, #2459, .T. ) ;
#4248 = ORIENTED_EDGE ( 'NONE', *, *, #7819, .F. ) ;
#4249 = EDGE_LOOP ( 'NONE', ( #2595, #4284, #7275, #4356 ) ) ;
#4250 = CIRCLE ( 'NONE', #1744, 1.600000000000038947 ) ;
#4251 = DIRECTION ( 'NONE',  ( -1.000000000000000000, 0.000000000000000000, -4.163336342344337520E-16 ) ) ;
#4252 = DIRECTION ( 'NONE',  ( 0.000000000000000000, 1.000000000000000000, -0.000000000000000000 ) ) ;
#4253 = CARTESIAN_POINT ( 'NONE',  ( 0.000000000000000000, 0.6999999999999999556, 26.50000000000000000 ) ) ;
#4254 = ORIENTED_EDGE ( 'NONE', *, *, #5742, .T. ) ;
#4255 = DIRECTION ( 'NONE',  ( -0.000000000000000000, -1.000000000000000000, -0.000000000000000000 ) ) ;
#4256 = DIRECTION ( 'NONE',  ( 1.000000000000000000, -0.000000000000000000, 0.000000000000000000 ) ) ;
#4257 = ORIENTED_EDGE ( 'NONE', *, *, #4669, .F. ) ;
#4258 = FACE_OUTER_BOUND ( 'NONE', #3574, .T. ) ;
#4259 = ORIENTED_EDGE ( 'NONE', *, *, #165, .F. ) ;
#4260 = DIRECTION ( 'NONE',  ( 0.000000000000000000, 1.000000000000000000, -0.000000000000000000 ) ) ;
#4261 = ORIENTED_EDGE ( 'NONE', *, *, #7870, .T. ) ;
#4262 = AXIS2_PLACEMENT_3D ( 'NONE', #2415, #7511, #7430 ) ;
#4263 = EDGE_CURVE ( 'NONE', #159, #3402, #5689, .T. ) ;
#4264 = CARTESIAN_POINT ( 'NONE',  ( -42.72613639262380048, 2.100000000000000089, -32.11953467482550195 ) ) ;
#4265 = CARTESIAN_POINT ( 'NONE',  ( -70.14213562373100785, 0.6999999999999999556, -52.54213562373089985 ) ) ;
#4266 = CARTESIAN_POINT ( 'NONE',  ( -2.500000000000001776, 2.100000000000000089, 4.330127018922195425 ) ) ;
#4267 = EDGE_CURVE ( 'NONE', #2064, #311, #6442, .T. ) ;
#4268 = ORIENTED_EDGE ( 'NONE', *, *, #3933, .F. ) ;
#4269 = ORIENTED_EDGE ( 'NONE', *, *, #222, .F. ) ;
#4270 = VECTOR ( 'NONE', #3145, 1000.000000000000000 ) ;
#4271 = CARTESIAN_POINT ( 'NONE',  ( -1.131370849898445385, 0.6999999999999999556, -1.131370849898443831 ) ) ;
#4272 = ORIENTED_EDGE ( 'NONE', *, *, #1817, .T. ) ;
#4273 = DIRECTION ( 'NONE',  ( 0.000000000000000000, 1.000000000000000000, -0.000000000000000000 ) ) ;
#4274 = CARTESIAN_POINT ( 'NONE',  ( 33.25090552472399708, 2.100000000000000089, 43.85750724252219612 ) ) ;
#4275 = AXIS2_PLACEMENT_3D ( 'NONE', #7102, #3273, #3928 ) ;
#4276 = EDGE_LOOP ( 'NONE', ( #115, #1107, #2387, #3846 ) ) ;
#4277 = DIRECTION ( 'NONE',  ( 0.000000000000000000, 1.000000000000000000, -0.000000000000000000 ) ) ;
#4278 = LINE ( 'NONE', #5574, #612 ) ;
#4279 = EDGE_CURVE ( 'NONE', #2150, #4595, #3911, .T. ) ;
#4280 = ADVANCED_FACE ( 'NONE', ( #5728 ), #692, .F. ) ;
#4281 = AXIS2_PLACEMENT_3D ( 'NONE', #1271, #6526, #5237 ) ;
#4282 = AXIS2_PLACEMENT_3D ( 'NONE', #2555, #4286, #1720 ) ;
#4283 = CARTESIAN_POINT ( 'NONE',  ( -16.48560856174882971, 2.100000000000000089, -15.34825612741715162 ) ) ;
#4284 = ORIENTED_EDGE ( 'NONE', *, *, #6984, .F. ) ;
#4285 = CIRCLE ( 'NONE', #480, 1.600000000000018074 ) ;
#4286 = DIRECTION ( 'NONE',  ( 0.000000000000000000, 1.000000000000000000, -0.000000000000000000 ) ) ;
#4287 = CIRCLE ( 'NONE', #739, 1.600000000000004086 ) ;
#4288 = CARTESIAN_POINT ( 'NONE',  ( 22.39999999999999858, 0.6999999999999999556, 15.50000000000000000 ) ) ;
#4289 = EDGE_CURVE ( 'NONE', #3119, #7895, #3256, .T. ) ;
#4290 = ORIENTED_EDGE ( 'NONE', *, *, #3580, .T. ) ;
#4291 = VERTEX_POINT ( 'NONE', #6910 ) ;
#4292 = VECTOR ( 'NONE', #2292, 1000.000000000000000 ) ;
#4293 = VECTOR ( 'NONE', #2275, 1000.000000000000000 ) ;
#4294 = FACE_OUTER_BOUND ( 'NONE', #2592, .T. ) ;
#4295 = CYLINDRICAL_SURFACE ( 'NONE', #6473, 1.599999999999997202 ) ;
#4296 = ORIENTED_EDGE ( 'NONE', *, *, #2556, .T. ) ;
#4297 = LINE ( 'NONE', #1275, #909 ) ;
#4298 = ORIENTED_EDGE ( 'NONE', *, *, #6220, .T. ) ;
#4299 = FACE_BOUND ( 'NONE', #7001, .T. ) ;
#4300 = ORIENTED_EDGE ( 'NONE', *, *, #5458, .T. ) ;
#4301 = CARTESIAN_POINT ( 'NONE',  ( 18.50385078242113579, 2.100000000000000089, -3.755000000000001226 ) ) ;
#4302 = ORIENTED_EDGE ( 'NONE', *, *, #7132, .T. ) ;
#4303 = FACE_OUTER_BOUND ( 'NONE', #4044, .T. ) ;
#4304 = EDGE_CURVE ( 'NONE', #5397, #1056, #2587, .T. ) ;
#4305 = ORIENTED_EDGE ( 'NONE', *, *, #2212, .T. ) ;
#4306 = EDGE_CURVE ( 'NONE', #4879, #7746, #6181, .T. ) ;
#4307 = DIRECTION ( 'NONE',  ( -1.000000000000000000, 0.000000000000000000, 0.000000000000000000 ) ) ;
#4308 = FACE_OUTER_BOUND ( 'NONE', #4565, .T. ) ;
#4309 = EDGE_LOOP ( 'NONE', ( #2416, #7117, #431, #1621 ) ) ;
#4310 = CARTESIAN_POINT ( 'NONE',  ( 4.286263797015736595E-16, 0.6999999999999999556, 3.500000000000000000 ) ) ;
#4311 = ORIENTED_EDGE ( 'NONE', *, *, #7847, .F. ) ;
#4312 = VECTOR ( 'NONE', #1135, 1000.000000000000000 ) ;
#4313 = VERTEX_POINT ( 'NONE', #7477 ) ;
#4314 = CARTESIAN_POINT ( 'NONE',  ( -74.50000000000000000, 2.100000000000000089, 55.50000000000000000 ) ) ;
#4315 = ADVANCED_FACE ( 'NONE', ( #1951 ), #7025, .F. ) ;
#4316 = DIRECTION ( 'NONE',  ( 0.000000000000000000, 0.000000000000000000, 1.000000000000000000 ) ) ;
#4317 = FACE_BOUND ( 'NONE', #8015, .T. ) ;
#4318 = PLANE ( 'NONE',  #6882 ) ;
#4319 = ORIENTED_EDGE ( 'NONE', *, *, #7084, .F. ) ;
#4320 = VECTOR ( 'NONE', #3482, 1000.000000000000000 ) ;
#4321 = DIRECTION ( 'NONE',  ( 0.7071067811865400232, 0.000000000000000000, 0.7071067811865550112 ) ) ;
#4322 = ORIENTED_EDGE ( 'NONE', *, *, #1519, .F. ) ;
#4323 = AXIS2_PLACEMENT_3D ( 'NONE', #7136, #1445, #3970 ) ;
#4324 = EDGE_CURVE ( 'NONE', #2384, #4364, #762, .T. ) ;
#4325 = CARTESIAN_POINT ( 'NONE',  ( 33.25090552472399708, 2.100000000000000089, 43.85750724252219612 ) ) ;
#4326 = ORIENTED_EDGE ( 'NONE', *, *, #4735, .T. ) ;
#4327 = FACE_OUTER_BOUND ( 'NONE', #7580, .T. ) ;
#4328 = VERTEX_POINT ( 'NONE', #6400 ) ;
#4329 = ORIENTED_EDGE ( 'NONE', *, *, #466, .F. ) ;
#4330 = EDGE_CURVE ( 'NONE', #5960, #1181, #4055, .T. ) ;
#4331 = CARTESIAN_POINT ( 'NONE',  ( 52.46446609406756068, 2.100000000000000089, -38.06446609406695814 ) ) ;
#4332 = DIRECTION ( 'NONE',  ( 0.000000000000000000, 0.000000000000000000, 1.000000000000000000 ) ) ;
#4333 = CARTESIAN_POINT ( 'NONE',  ( -74.50000000000000000, 2.100000000000000089, 0.000000000000000000 ) ) ;
#4334 = VECTOR ( 'NONE', #1889, 1000.000000000000000 ) ;
#4335 = ORIENTED_EDGE ( 'NONE', *, *, #2161, .T. ) ;
#4336 = DIRECTION ( 'NONE',  ( -0.000000000000000000, -1.000000000000000000, -0.000000000000000000 ) ) ;
#4337 = AXIS2_PLACEMENT_3D ( 'NONE', #1373, #5315, #7762 ) ;
#4338 = VERTEX_POINT ( 'NONE', #3079 ) ;
#4339 = FACE_BOUND ( 'NONE', #2352, .T. ) ;
#4340 = EDGE_LOOP ( 'NONE', ( #8117, #1588, #4785, #5587 ) ) ;
#4341 = DIRECTION ( 'NONE',  ( 0.000000000000000000, 0.000000000000000000, 1.000000000000000000 ) ) ;
#4342 = ORIENTED_EDGE ( 'NONE', *, *, #7927, .F. ) ;
#4343 = AXIS2_PLACEMENT_3D ( 'NONE', #7825, #2726, #951 ) ;
#4344 = CARTESIAN_POINT ( 'NONE',  ( -22.62741699796950101, 2.100000000000000089, -22.62741699796950101 ) ) ;
#4345 = VERTEX_POINT ( 'NONE', #5609 ) ;
#4346 = LINE ( 'NONE', #1164, #2783 ) ;
#4347 = CARTESIAN_POINT ( 'NONE',  ( -47.30000000000000426, 0.6999999999999999556, -25.50000000000000000 ) ) ;
#4348 = FACE_OUTER_BOUND ( 'NONE', #2066, .T. ) ;
#4349 = CYLINDRICAL_SURFACE ( 'NONE', #324, 1.000000000000000888 ) ;
#4350 = CIRCLE ( 'NONE', #793, 1.599999999999997202 ) ;
#4351 = DIRECTION ( 'NONE',  ( -0.000000000000000000, -1.000000000000000000, -0.000000000000000000 ) ) ;
#4352 = ORIENTED_EDGE ( 'NONE', *, *, #1134, .F. ) ;
#4353 = CC_DESIGN_PERSON_AND_ORGANIZATION_ASSIGNMENT ( #5329, #7983, ( #2486 ) ) ;
#4354 = EDGE_CURVE ( 'NONE', #2733, #1891, #3003, .T. ) ;
#4355 = AXIS2_PLACEMENT_3D ( 'NONE', #6038, #3582, #2394 ) ;
#4356 = ORIENTED_EDGE ( 'NONE', *, *, #7739, .T. ) ;
#4357 = AXIS2_PLACEMENT_3D ( 'NONE', #6537, #6500, #2270 ) ;
#4358 = DIRECTION ( 'NONE',  ( -0.7071067811865480168, 0.000000000000000000, 0.7071067811865470176 ) ) ;
#4359 = FACE_BOUND ( 'NONE', #8135, .T. ) ;
#4360 = CYLINDRICAL_SURFACE ( 'NONE', #1050, 1.000000000000000888 ) ;
#4361 = EDGE_LOOP ( 'NONE', ( #3434, #6319, #3213, #1661 ) ) ;
#4362 = DIRECTION ( 'NONE',  ( 0.000000000000000000, 0.000000000000000000, 1.000000000000000000 ) ) ;
#4363 = CIRCLE ( 'NONE', #6618, 1.599999999999997202 ) ;
#4364 = VERTEX_POINT ( 'NONE', #7066 ) ;
#4365 = ADVANCED_FACE ( 'NONE', ( #247 ), #7843, .F. ) ;
#4366 = FACE_OUTER_BOUND ( 'NONE', #2837, .T. ) ;
#4367 = ORIENTED_EDGE ( 'NONE', *, *, #7508, .F. ) ;
#4368 = CYLINDRICAL_SURFACE ( 'NONE', #2314, 1.000000000000000888 ) ;
#4369 = ADVANCED_FACE ( 'NONE', ( #1993 ), #5269, .F. ) ;
#4370 = ORIENTED_EDGE ( 'NONE', *, *, #6708, .F. ) ;
#4371 = AXIS2_PLACEMENT_3D ( 'NONE', #7963, #1694, #3518 ) ;
#4372 = EDGE_LOOP ( 'NONE', ( #7540, #6160, #3652, #5772, #4736 ) ) ;
#4373 = ORIENTED_EDGE ( 'NONE', *, *, #6965, .F. ) ;
#4374 = DIRECTION ( 'NONE',  ( 1.000000000000000000, 0.000000000000000000, 0.000000000000000000 ) ) ;
#4375 = DIRECTION ( 'NONE',  ( 0.000000000000000000, 0.000000000000000000, 1.000000000000000000 ) ) ;
#4376 = LINE ( 'NONE', #1153, #1048 ) ;
#4377 = ORIENTED_EDGE ( 'NONE', *, *, #6199, .T. ) ;
#4378 = AXIS2_PLACEMENT_3D ( 'NONE', #7913, #5385, #4761 ) ;
#4379 = FACE_OUTER_BOUND ( 'NONE', #8096, .T. ) ;
#4380 = FACE_BOUND ( 'NONE', #5542, .T. ) ;
#4381 = ORIENTED_EDGE ( 'NONE', *, *, #4671, .F. ) ;
#4382 = FACE_OUTER_BOUND ( 'NONE', #5751, .T. ) ;
#4383 = ORIENTED_EDGE ( 'NONE', *, *, #5128, .T. ) ;
#4384 = LINE ( 'NONE', #6936, #7357 ) ;
#4385 = EDGE_CURVE ( 'NONE', #6055, #7669, #6475, .T. ) ;
#4386 = EDGE_CURVE ( 'NONE', #3469, #1252, #2162, .T. ) ;
#4387 = LINE ( 'NONE', #7668, #6345 ) ;
#4388 = VERTEX_POINT ( 'NONE', #7188 ) ;
#4389 = FACE_OUTER_BOUND ( 'NONE', #4523, .T. ) ;
#4390 = DIRECTION ( 'NONE',  ( 0.000000000000000000, 0.000000000000000000, 1.000000000000000000 ) ) ;
#4391 = DIRECTION ( 'NONE',  ( 0.000000000000000000, 1.000000000000000000, -0.000000000000000000 ) ) ;
#4392 = DIRECTION ( 'NONE',  ( 0.000000000000000000, 0.000000000000000000, -1.000000000000000000 ) ) ;
#4393 = DIRECTION ( 'NONE',  ( 0.7071067811865515695, 0.000000000000000000, 0.7071067811865435759 ) ) ;
#4394 = VECTOR ( 'NONE', #3684, 1000.000000000000000 ) ;
#4395 = ORIENTED_EDGE ( 'NONE', *, *, #1206, .F. ) ;
#4396 = ORIENTED_EDGE ( 'NONE', *, *, #4793, .T. ) ;
#4397 = DIRECTION ( 'NONE',  ( 0.000000000000000000, 0.000000000000000000, 1.000000000000000000 ) ) ;
#4398 = FACE_OUTER_BOUND ( 'NONE', #8097, .T. ) ;
#4399 = LINE ( 'NONE', #3204, #1388 ) ;
#4400 = FACE_OUTER_BOUND ( 'NONE', #2426, .T. ) ;
#4401 = EDGE_CURVE ( 'NONE', #5397, #1013, #2071, .T. ) ;
#4402 = ORIENTED_EDGE ( 'NONE', *, *, #394, .F. ) ;
#4403 = CARTESIAN_POINT ( 'NONE',  ( -32.75593077789339702, 0.6999999999999999556, 35.01867247769040858 ) ) ;
#4404 = EDGE_LOOP ( 'NONE', ( #5794, #7645, #3795, #3125 ) ) ;
#4405 = AXIS2_PLACEMENT_3D ( 'NONE', #2107, #4049, #2652 ) ;
#4406 = ORIENTED_EDGE ( 'NONE', *, *, #2005, .F. ) ;
#4407 = DIRECTION ( 'NONE',  ( 0.000000000000000000, 0.000000000000000000, -1.000000000000000000 ) ) ;
#4408 = ORIENTED_EDGE ( 'NONE', *, *, #6304, .F. ) ;
#4409 = EDGE_CURVE ( 'NONE', #5469, #859, #7145, .T. ) ;
#4410 = AXIS2_PLACEMENT_3D ( 'NONE', #2028, #3638, #364 ) ;
#4411 = EDGE_CURVE ( 'NONE', #4417, #6292, #2706, .T. ) ;
#4412 = DIRECTION ( 'NONE',  ( 0.000000000000000000, 1.000000000000000000, -0.000000000000000000 ) ) ;
#4413 = CARTESIAN_POINT ( 'NONE',  ( -56.50000000000000000, 2.100000000000000089, 0.000000000000000000 ) ) ;
#4414 = CIRCLE ( 'NONE', #603, 1.600000000000000755 ) ;
#4415 = ORIENTED_EDGE ( 'NONE', *, *, #3921, .T. ) ;
#4416 = AXIS2_PLACEMENT_3D ( 'NONE', #7289, #4165, #3462 ) ;
#4417 = VERTEX_POINT ( 'NONE', #5230 ) ;
#4418 = ORIENTED_EDGE ( 'NONE', *, *, #6508, .T. ) ;
#4419 = CARTESIAN_POINT ( 'NONE',  ( -38.55420638362329555, 2.100000000000000089, 38.55420638362294738 ) ) ;
#4420 = DIRECTION ( 'NONE',  ( 0.000000000000000000, 0.000000000000000000, 1.000000000000000000 ) ) ;
#4421 = AXIS2_PLACEMENT_3D ( 'NONE', #1705, #1096, #1254 ) ;
#4422 = VERTEX_POINT ( 'NONE', #890 ) ;
#4423 = ADVANCED_FACE ( 'NONE', ( #4062 ), #127, .F. ) ;
#4424 = LINE ( 'NONE', #6298, #6064 ) ;
#4425 = CYLINDRICAL_SURFACE ( 'NONE', #4159, 1.000000000000001776 ) ;
#4426 = ORIENTED_EDGE ( 'NONE', *, *, #6574, .F. ) ;
#4427 = CIRCLE ( 'NONE', #605, 0.9999999999999993339 ) ;
#4428 = DIRECTION ( 'NONE',  ( -0.000000000000000000, -1.000000000000000000, -0.000000000000000000 ) ) ;
#4429 = ORIENTED_EDGE ( 'NONE', *, *, #2053, .F. ) ;
#4430 = CIRCLE ( 'NONE', #6557, 1.600000000000004086 ) ;
#4431 = VECTOR ( 'NONE', #186, 1000.000000000000000 ) ;
#4432 = DIRECTION ( 'NONE',  ( -0.000000000000000000, -1.000000000000000000, -0.000000000000000000 ) ) ;
#4433 = ORIENTED_EDGE ( 'NONE', *, *, #3417, .T. ) ;
#4434 = EDGE_CURVE ( 'NONE', #868, #964, #6711, .T. ) ;
#4435 = DIRECTION ( 'NONE',  ( -0.000000000000000000, -1.000000000000000000, -0.000000000000000000 ) ) ;
#4436 = CARTESIAN_POINT ( 'NONE',  ( -48.89999999999999858, 2.100000000000000089, -25.50000000000000000 ) ) ;
#4437 = CARTESIAN_POINT ( 'NONE',  ( 5.999999999999996447, 2.100000000000000089, -23.75000000000000000 ) ) ;
#4438 = EDGE_LOOP ( 'NONE', ( #7170, #1298, #1136, #5676 ) ) ;
#4439 = AXIS2_PLACEMENT_3D ( 'NONE', #3080, #6951, #5610 ) ;
#4440 = FACE_OUTER_BOUND ( 'NONE', #4213, .T. ) ;
#4441 = ORIENTED_EDGE ( 'NONE', *, *, #7167, .F. ) ;
#4442 = DIRECTION ( 'NONE',  ( -0.7071067811865507924, 0.000000000000000000, 0.7071067811865442421 ) ) ;
#4443 = EDGE_CURVE ( 'NONE', #336, #4313, #3787, .T. ) ;
#4444 = DIRECTION ( 'NONE',  ( 0.000000000000000000, 1.000000000000000000, -0.000000000000000000 ) ) ;
#4445 = LINE ( 'NONE', #2500, #7488 ) ;
#4446 = CARTESIAN_POINT ( 'NONE',  ( 36.46446609406768147, 2.100000000000000089, -52.46446609406707040 ) ) ;
#4447 = ORIENTED_EDGE ( 'NONE', *, *, #5452, .F. ) ;
#4448 = LINE ( 'NONE', #3821, #3733 ) ;
#4449 = EDGE_LOOP ( 'NONE', ( #5697, #7270, #3198, #5800, #111, #5692, #5805 ) ) ;
#4450 = EDGE_LOOP ( 'NONE', ( #4476, #6281, #6066, #2495 ) ) ;
#4451 = CARTESIAN_POINT ( 'NONE',  ( 22.62741699796950101, 2.100000000000000089, 22.62741699796950101 ) ) ;
#4452 = EDGE_LOOP ( 'NONE', ( #3517, #5236, #3410, #257 ) ) ;
#4453 = DIRECTION ( 'NONE',  ( 0.000000000000000000, 0.000000000000000000, -1.000000000000000000 ) ) ;
#4454 = EDGE_CURVE ( 'NONE', #59, #1689, #4652, .T. ) ;
#4455 = EDGE_CURVE ( 'NONE', #5377, #7915, #930, .T. ) ;
#4456 = DIRECTION ( 'NONE',  ( -0.000000000000000000, -1.000000000000000000, -0.000000000000000000 ) ) ;
#4457 = CARTESIAN_POINT ( 'NONE',  ( 54.14213562373090127, 0.6999999999999999556, -70.14213562373100785 ) ) ;
#4458 = DIRECTION ( 'NONE',  ( 0.000000000000000000, 0.000000000000000000, 1.000000000000000000 ) ) ;
#4459 = DIRECTION ( 'NONE',  ( -0.000000000000000000, -1.000000000000000000, -0.000000000000000000 ) ) ;
#4460 = DIRECTION ( 'NONE',  ( -0.000000000000000000, -1.000000000000000000, -0.000000000000000000 ) ) ;
#4461 = EDGE_LOOP ( 'NONE', ( #67, #1996, #7128, #187 ) ) ;
#4462 = CIRCLE ( 'NONE', #4323, 1.000000000000004441 ) ;
#4463 = CARTESIAN_POINT ( 'NONE',  ( -30.98816382492704946, 2.100000000000000089, -41.59476554272524140 ) ) ;
#4464 = ORIENTED_EDGE ( 'NONE', *, *, #4848, .T. ) ;
#4465 = DIRECTION ( 'NONE',  ( -0.000000000000000000, -1.000000000000000000, 0.000000000000000000 ) ) ;
#4466 = EDGE_CURVE ( 'NONE', #2155, #3085, #1280, .T. ) ;
#4467 = DIRECTION ( 'NONE',  ( 0.000000000000000000, 1.000000000000000000, -0.000000000000000000 ) ) ;
#4468 = EDGE_LOOP ( 'NONE', ( #4179, #5920, #2852, #5399 ) ) ;
#4469 = CARTESIAN_POINT ( 'NONE',  ( 0.000000000000000000, 2.100000000000000089, -31.00000000000000000 ) ) ;
#4470 = DIRECTION ( 'NONE',  ( 0.7982148603926242370, 0.000000000000000000, -0.6023728385712484590 ) ) ;
#4471 = CARTESIAN_POINT ( 'NONE',  ( -32.75593077789339702, 2.100000000000000089, 35.01867247769040858 ) ) ;
#4472 = EDGE_LOOP ( 'NONE', ( #8161, #1866, #1506, #3365 ) ) ;
#4473 = CARTESIAN_POINT ( 'NONE',  ( -52.46446609406731909, 2.100000000000000089, 38.06446609406731341 ) ) ;
#4474 = DIRECTION ( 'NONE',  ( 0.000000000000000000, 0.000000000000000000, 1.000000000000000000 ) ) ;
#4475 = AXIS2_PLACEMENT_3D ( 'NONE', #5271, #248, #7801 ) ;
#4476 = ORIENTED_EDGE ( 'NONE', *, *, #5653, .T. ) ;
#4477 = EDGE_CURVE ( 'NONE', #2433, #8159, #5910, .T. ) ;
#4478 = DIRECTION ( 'NONE',  ( -0.000000000000000000, -1.000000000000000000, -0.000000000000000000 ) ) ;
#4479 = DIRECTION ( 'NONE',  ( 0.000000000000000000, 1.000000000000000000, -0.000000000000000000 ) ) ;
#4480 = AXIS2_PLACEMENT_3D ( 'NONE', #5206, #5836, #1969 ) ;
#4481 = FACE_BOUND ( 'NONE', #1808, .T. ) ;
#4482 = DIRECTION ( 'NONE',  ( -0.000000000000000000, -1.000000000000000000, -0.000000000000000000 ) ) ;
#4483 = ORIENTED_EDGE ( 'NONE', *, *, #5391, .F. ) ;
#4484 = CARTESIAN_POINT ( 'NONE',  ( 36.46446609406677197, 0.6999999999999999556, 52.46446609406770278 ) ) ;
#4485 = VERTEX_POINT ( 'NONE', #768 ) ;
#4486 = EDGE_CURVE ( 'NONE', #6958, #1499, #6983, .T. ) ;
#4487 = AXIS2_PLACEMENT_3D ( 'NONE', #8016, #3111, #2301 ) ;
#4488 = EDGE_CURVE ( 'NONE', #1564, #964, #2666, .T. ) ;
#4489 = EDGE_LOOP ( 'NONE', ( #2483, #3486, #213, #5999 ) ) ;
#4490 = FACE_OUTER_BOUND ( 'NONE', #7190, .T. ) ;
#4491 = CIRCLE ( 'NONE', #2111, 1.600000000000000755 ) ;
#4492 = ORIENTED_EDGE ( 'NONE', *, *, #5009, .T. ) ;
#4493 = AXIS2_PLACEMENT_3D ( 'NONE', #7657, #3955, #3377 ) ;
#4494 = CARTESIAN_POINT ( 'NONE',  ( -33.25090552472404681, 2.100000000000000089, 43.85750724252224586 ) ) ;
#4495 = VECTOR ( 'NONE', #1696, 1000.000000000000000 ) ;
#4496 = EDGE_LOOP ( 'NONE', ( #5360, #4814 ) ) ;
#4497 = AXIS2_PLACEMENT_3D ( 'NONE', #3272, #1941, #801 ) ;
#4498 = EDGE_LOOP ( 'NONE', ( #8153, #4026, #3233, #6060 ) ) ;
#4499 = CARTESIAN_POINT ( 'NONE',  ( 52.46446609406756068, 2.100000000000000089, -34.86446609406696950 ) ) ;
#4500 = DIRECTION ( 'NONE',  ( 0.7071067811865477948, 0.000000000000000000, 0.7071067811865473507 ) ) ;
#4501 = AXIS2_PLACEMENT_3D ( 'NONE', #899, #3409, #296 ) ;
#4502 = CARTESIAN_POINT ( 'NONE',  ( -65.50000000000000000, 2.100000000000000089, -31.00000000000000000 ) ) ;
#4503 = ORIENTED_EDGE ( 'NONE', *, *, #337, .T. ) ;
#4504 = CARTESIAN_POINT ( 'NONE',  ( 54.14213562373090127, 0.6999999999999999556, -68.54213562373099933 ) ) ;
#4505 = AXIS2_PLACEMENT_3D ( 'NONE', #841, #7101, #3196 ) ;
#4506 = ORIENTED_EDGE ( 'NONE', *, *, #3387, .T. ) ;
#4507 = DIRECTION ( 'NONE',  ( -1.000000000000000000, 0.000000000000000000, 4.163336342344337520E-16 ) ) ;
#4508 = EDGE_CURVE ( 'NONE', #5340, #2549, #5187, .T. ) ;
#4509 = DIRECTION ( 'NONE',  ( 0.000000000000000000, 1.000000000000000000, -0.000000000000000000 ) ) ;
#4510 = ORIENTED_EDGE ( 'NONE', *, *, #2221, .T. ) ;
#4511 = CARTESIAN_POINT ( 'NONE',  ( 70.14213562373100785, 0.6999999999999999556, -54.14213562373100785 ) ) ;
#4512 = DIRECTION ( 'NONE',  ( -0.000000000000000000, -1.000000000000000000, -0.000000000000000000 ) ) ;
#4513 = DIRECTION ( 'NONE',  ( 0.000000000000000000, 1.000000000000000000, -0.000000000000000000 ) ) ;
#4514 = ORIENTED_EDGE ( 'NONE', *, *, #16, .F. ) ;
#4515 = LINE ( 'NONE', #1366, #1760 ) ;
#4516 = ADVANCED_FACE ( 'NONE', ( #1008 ), #5440, .F. ) ;
#4517 = DIRECTION ( 'NONE',  ( -0.000000000000000000, -1.000000000000000000, -0.000000000000000000 ) ) ;
#4518 = CARTESIAN_POINT ( 'NONE',  ( 44.77674605806469543, 0.6999999999999999556, 47.03948775786169989 ) ) ;
#4519 = DIRECTION ( 'NONE',  ( -0.000000000000000000, -1.000000000000000000, 0.000000000000000000 ) ) ;
#4520 = FACE_BOUND ( 'NONE', #2746, .T. ) ;
#4521 = DIRECTION ( 'NONE',  ( -0.000000000000000000, -1.000000000000000000, -0.000000000000000000 ) ) ;
#4522 = EDGE_CURVE ( 'NONE', #1773, #4345, #6062, .T. ) ;
#4523 = EDGE_LOOP ( 'NONE', ( #3133, #6935, #6969, #7054 ) ) ;
#4524 = CYLINDRICAL_SURFACE ( 'NONE', #5185, 1.600000000000001643 ) ;
#4525 = VERTEX_POINT ( 'NONE', #485 ) ;
#4526 = VECTOR ( 'NONE', #1011, 1000.000000000000000 ) ;
#4527 = ORIENTED_EDGE ( 'NONE', *, *, #4899, .T. ) ;
#4528 = DIRECTION ( 'NONE',  ( -0.000000000000000000, -1.000000000000000000, -0.000000000000000000 ) ) ;
#4529 = ORIENTED_EDGE ( 'NONE', *, *, #1619, .F. ) ;
#4530 = ADVANCED_FACE ( 'NONE', ( #2826 ), #5520, .F. ) ;
#4531 = CYLINDRICAL_SURFACE ( 'NONE', #1774, 1.600000000000000755 ) ;
#4532 = VECTOR ( 'NONE', #2691, 1000.000000000000000 ) ;
#4533 = ORIENTED_EDGE ( 'NONE', *, *, #7032, .F. ) ;
#4534 = CIRCLE ( 'NONE', #981, 1.600000000000038947 ) ;
#4535 =( LENGTH_UNIT ( ) NAMED_UNIT ( * ) SI_UNIT ( .MILLI., .METRE. ) );
#4536 = DIRECTION ( 'NONE',  ( 0.000000000000000000, 0.000000000000000000, -1.000000000000000000 ) ) ;
#4537 = FACE_OUTER_BOUND ( 'NONE', #1753, .T. ) ;
#4538 = EDGE_CURVE ( 'NONE', #6358, #6383, #2076, .T. ) ;
#4539 = CARTESIAN_POINT ( 'NONE',  ( 22.39999999999999858, 2.100000000000000089, -15.50000000000000000 ) ) ;
#4540 = CARTESIAN_POINT ( 'NONE',  ( 1.131370849898443831, 2.100000000000000089, 1.131370849898445385 ) ) ;
#4541 = VERTEX_POINT ( 'NONE', #2866 ) ;
#4542 = DIRECTION ( 'NONE',  ( -0.000000000000000000, -1.000000000000000000, -0.000000000000000000 ) ) ;
#4543 = AXIS2_PLACEMENT_3D ( 'NONE', #3341, #6455, #7663 ) ;
#4544 = ORIENTED_EDGE ( 'NONE', *, *, #4560, .T. ) ;
#4545 = CARTESIAN_POINT ( 'NONE',  ( 19.50385078242113934, 0.6999999999999999556, 3.754999999999999005 ) ) ;
#4546 = DIRECTION ( 'NONE',  ( 0.000000000000000000, 1.000000000000000000, -0.000000000000000000 ) ) ;
#4547 = ORIENTED_EDGE ( 'NONE', *, *, #6517, .T. ) ;
#4548 = CARTESIAN_POINT ( 'NONE',  ( -19.09188309203676326, 2.100000000000000089, 19.09188309203676326 ) ) ;
#4549 = CARTESIAN_POINT ( 'NONE',  ( -30.06892500938459989, 2.100000000000000089, 27.80618330958764517 ) ) ;
#4550 = DIRECTION ( 'NONE',  ( -0.7071067811865473507, 0.000000000000000000, -0.7071067811865477948 ) ) ;
#4551 = DIRECTION ( 'NONE',  ( -1.000000000000000000, 0.000000000000000000, 0.000000000000000000 ) ) ;
#4552 = ORIENTED_EDGE ( 'NONE', *, *, #4590, .F. ) ;
#4553 = CARTESIAN_POINT ( 'NONE',  ( -36.46446609406713435, 2.100000000000000089, -54.06446609406742709 ) ) ;
#4554 = DIRECTION ( 'NONE',  ( 0.000000000000000000, 1.000000000000000000, -0.000000000000000000 ) ) ;
#4555 = LINE ( 'NONE', #279, #1595 ) ;
#4556 = CIRCLE ( 'NONE', #4421, 1.600000000000004086 ) ;
#4557 = AXIS2_PLACEMENT_3D ( 'NONE', #6502, #145, #3797 ) ;
#4558 = CIRCLE ( 'NONE', #357, 1.600000000000004086 ) ;
#4559 = EDGE_CURVE ( 'NONE', #7251, #7345, #408, .T. ) ;
#4560 = EDGE_CURVE ( 'NONE', #3756, #8119, #4228, .T. ) ;
#4561 = AXIS2_PLACEMENT_3D ( 'NONE', #889, #3396, #5933 ) ;
#4562 = VECTOR ( 'NONE', #4542, 1000.000000000000000 ) ;
#4563 = DIRECTION ( 'NONE',  ( -0.8660596620565251813, 0.000000000000000000, -0.4999406582370924390 ) ) ;
#4564 = DIRECTION ( 'NONE',  ( 0.000000000000000000, 0.000000000000000000, 1.000000000000000000 ) ) ;
#4565 = EDGE_LOOP ( 'NONE', ( #3664, #2402, #1839, #2341 ) ) ;
#4566 = LINE ( 'NONE', #5936, #406 ) ;
#4567 = DIRECTION ( 'NONE',  ( 0.000000000000000000, 1.000000000000000000, -0.000000000000000000 ) ) ;
#4568 = ORIENTED_EDGE ( 'NONE', *, *, #700, .T. ) ;
#4569 = DIRECTION ( 'NONE',  ( -0.000000000000000000, -1.000000000000000000, -0.000000000000000000 ) ) ;
#4570 = VERTEX_POINT ( 'NONE', #1045 ) ;
#4571 = VERTEX_POINT ( 'NONE', #4808 ) ;
#4572 = EDGE_CURVE ( 'NONE', #3082, #7183, #5786, .T. ) ;
#4573 = DIRECTION ( 'NONE',  ( 0.000000000000000000, 1.000000000000000000, -0.000000000000000000 ) ) ;
#4574 = ORIENTED_EDGE ( 'NONE', *, *, #411, .T. ) ;
#4575 = VERTEX_POINT ( 'NONE', #4732 ) ;
#4576 = CARTESIAN_POINT ( 'NONE',  ( -25.60000000000000142, 2.100000000000000089, -15.50000000000000000 ) ) ;
#4577 = EDGE_LOOP ( 'NONE', ( #273, #4771 ) ) ;
#4578 = EDGE_CURVE ( 'NONE', #4004, #3119, #3395, .T. ) ;
#4579 = AXIS2_PLACEMENT_3D ( 'NONE', #4, #2544, #5064 ) ;
#4580 = DIRECTION ( 'NONE',  ( -0.000000000000000000, -1.000000000000000000, -0.000000000000000000 ) ) ;
#4581 = DIRECTION ( 'NONE',  ( -0.000000000000000000, -1.000000000000000000, -0.000000000000000000 ) ) ;
#4582 = CARTESIAN_POINT ( 'NONE',  ( -19.50385078242113934, 0.6999999999999999556, -3.754999999999999005 ) ) ;
#4583 = LINE ( 'NONE', #1391, #5797 ) ;
#4584 = DIRECTION ( 'NONE',  ( -0.000000000000000000, -1.000000000000000000, -0.000000000000000000 ) ) ;
#4585 = ORIENTED_EDGE ( 'NONE', *, *, #5331, .F. ) ;
#4586 = LINE ( 'NONE', #3841, #4812 ) ;
#4587 = EDGE_LOOP ( 'NONE', ( #497, #6169, #712, #4377 ) ) ;
#4588 = CARTESIAN_POINT ( 'NONE',  ( 41.59476554272524140, 2.100000000000000089, -30.98816382492704946 ) ) ;
#4589 = VECTOR ( 'NONE', #7067, 1000.000000000000000 ) ;
#4590 = EDGE_CURVE ( 'NONE', #6631, #2443, #7968, .T. ) ;
#4591 = ORIENTED_EDGE ( 'NONE', *, *, #3650, .F. ) ;
#4592 = EDGE_CURVE ( 'NONE', #561, #7035, #7350, .T. ) ;
#4593 = PLANE ( 'NONE',  #848 ) ;
#4594 = VECTOR ( 'NONE', #3887, 1000.000000000000000 ) ;
#4595 = VERTEX_POINT ( 'NONE', #6776 ) ;
#4596 = DIRECTION ( 'NONE',  ( -0.000000000000000000, -1.000000000000000000, -0.000000000000000000 ) ) ;
#4597 = CARTESIAN_POINT ( 'NONE',  ( -36.46446609406713435, 2.100000000000000089, -52.46446609406743278 ) ) ;
#4598 = DIRECTION ( 'NONE',  ( 0.000000000000000000, 0.000000000000000000, 1.000000000000000000 ) ) ;
#4599 = ORIENTED_EDGE ( 'NONE', *, *, #3776, .T. ) ;
#4600 = DIRECTION ( 'NONE',  ( 0.000000000000000000, 1.000000000000000000, -0.000000000000000000 ) ) ;
#4601 = CARTESIAN_POINT ( 'NONE',  ( -6.499940658237089330, 2.100000000000000089, 9.583940337943474219 ) ) ;
#4602 = CARTESIAN_POINT ( 'NONE',  ( -15.98566790351172884, 2.100000000000000089, -16.21431578947368024 ) ) ;
#4603 = DIRECTION ( 'NONE',  ( -0.6023728385712482369, 0.000000000000000000, 0.7982148603926245700 ) ) ;
#4604 = ORIENTED_EDGE ( 'NONE', *, *, #2093, .T. ) ;
#4605 = CARTESIAN_POINT ( 'NONE',  ( -31.00000000000000000, 0.6999999999999999556, -0.000000000000000000 ) ) ;
#4606 = DIRECTION ( 'NONE',  ( -0.7071067811865473507, 0.000000000000000000, -0.7071067811865477948 ) ) ;
#4607 = CARTESIAN_POINT ( 'NONE',  ( -55.50000000000000000, 2.100000000000000089, -46.50000000000000000 ) ) ;
#4608 = CIRCLE ( 'NONE', #1042, 1.600000000000018074 ) ;
#4609 = ADVANCED_FACE ( 'NONE', ( #8005 ), #1658, .F. ) ;
#4610 = DIRECTION ( 'NONE',  ( 1.000000000000000000, 0.000000000000000000, 0.000000000000000000 ) ) ;
#4611 = EDGE_CURVE ( 'NONE', #6830, #3943, #1742, .T. ) ;
#4612 = VERTEX_POINT ( 'NONE', #8046 ) ;
#4613 = ORIENTED_EDGE ( 'NONE', *, *, #1268, .T. ) ;
#4614 = AXIS2_PLACEMENT_3D ( 'NONE', #6624, #7328, #6470 ) ;
#4615 = DIRECTION ( 'NONE',  ( 0.000000000000000000, 0.000000000000000000, 1.000000000000000000 ) ) ;
#4616 = DIRECTION ( 'NONE',  ( 0.000000000000000000, 0.000000000000000000, 1.000000000000000000 ) ) ;
#4617 = VERTEX_POINT ( 'NONE', #4265 ) ;
#4618 = ORIENTED_EDGE ( 'NONE', *, *, #6732, .T. ) ;
#4619 = AXIS2_PLACEMENT_3D ( 'NONE', #2608, #77, #2651 ) ;
#4620 = AXIS2_PLACEMENT_3D ( 'NONE', #7148, #1457, #3983 ) ;
#4621 = LINE ( 'NONE', #6448, #4950 ) ;
#4622 = EDGE_CURVE ( 'NONE', #1693, #5839, #4185, .T. ) ;
#4623 = AXIS2_PLACEMENT_3D ( 'NONE', #345, #906, #4001 ) ;
#4624 = AXIS2_PLACEMENT_3D ( 'NONE', #7309, #1009, #3032 ) ;
#4625 = VECTOR ( 'NONE', #784, 1000.000000000000000 ) ;
#4626 = DIRECTION ( 'NONE',  ( 0.000000000000000000, 1.000000000000000000, -0.000000000000000000 ) ) ;
#4627 = DIRECTION ( 'NONE',  ( 0.000000000000000000, 1.000000000000000000, -0.000000000000000000 ) ) ;
#4628 = CARTESIAN_POINT ( 'NONE',  ( 25.60000000000000142, 2.100000000000000089, 15.50000000000000000 ) ) ;
#4629 = ORIENTED_EDGE ( 'NONE', *, *, #705, .F. ) ;
#4630 = CARTESIAN_POINT ( 'NONE',  ( 25.60000000000000142, 2.100000000000000089, -15.50000000000000000 ) ) ;
#4631 = VERTEX_POINT ( 'NONE', #7391 ) ;
#4632 = PLANE ( 'NONE',  #7226 ) ;
#4633 = ADVANCED_FACE ( 'NONE', ( #6020 ), #2245, .F. ) ;
#4634 = VECTOR ( 'NONE', #7011, 1000.000000000000000 ) ;
#4635 = ADVANCED_BREP_SHAPE_REPRESENTATION ( 'ZD550 Top board', ( #6320, #7426 ), #7033 ) ;
#4636 = ORIENTED_EDGE ( 'NONE', *, *, #2769, .T. ) ;
#4637 = VECTOR ( 'NONE', #2795, 1000.000000000000000 ) ;
#4638 = FACE_OUTER_BOUND ( 'NONE', #6228, .T. ) ;
#4639 = ORIENTED_EDGE ( 'NONE', *, *, #6959, .F. ) ;
#4640 = DIRECTION ( 'NONE',  ( 0.000000000000000000, 1.000000000000000000, -0.000000000000000000 ) ) ;
#4641 = FACE_OUTER_BOUND ( 'NONE', #4309, .T. ) ;
#4642 = CARTESIAN_POINT ( 'NONE',  ( 1.540743955509788682E-30, 2.100000000000000089, 33.90000000000001990 ) ) ;
#4643 = CARTESIAN_POINT ( 'NONE',  ( 54.14213562373090127, 0.6999999999999999556, -71.74213562373101638 ) ) ;
#4644 = ORIENTED_EDGE ( 'NONE', *, *, #7055, .T. ) ;
#4645 = CARTESIAN_POINT ( 'NONE',  ( -25.50000000000000000, 2.100000000000000089, 50.50000000000000000 ) ) ;
#4646 = VECTOR ( 'NONE', #1453, 1000.000000000000000 ) ;
#4647 = VERTEX_POINT ( 'NONE', #4769 ) ;
#4648 = EDGE_CURVE ( 'NONE', #4203, #7223, #3604, .T. ) ;
#4649 = ADVANCED_FACE ( 'NONE', ( #1940 ), #6307, .F. ) ;
#4650 = DIRECTION ( 'NONE',  ( 0.7071067811865480168, 0.000000000000000000, -0.7071067811865470176 ) ) ;
#4651 = CARTESIAN_POINT ( 'NONE',  ( 70.14213562373100785, 2.100000000000000089, -54.14213562373100785 ) ) ;
#4652 = LINE ( 'NONE', #1493, #4850 ) ;
#4653 = ORIENTED_EDGE ( 'NONE', *, *, #4263, .F. ) ;
#4654 = DIRECTION ( 'NONE',  ( 0.000000000000000000, 0.000000000000000000, 1.000000000000000000 ) ) ;
#4655 = CARTESIAN_POINT ( 'NONE',  ( 19.09188309203689471, 0.6999999999999999556, -19.09188309203663181 ) ) ;
#4656 = AXIS2_PLACEMENT_3D ( 'NONE', #4986, #7481, #1795 ) ;
#4657 = ORIENTED_EDGE ( 'NONE', *, *, #3559, .T. ) ;
#4658 = EDGE_CURVE ( 'NONE', #1900, #3824, #1902, .T. ) ;
#4659 = CARTESIAN_POINT ( 'NONE',  ( -2.499999999999999112, 2.100000000000000089, -4.330127018922192761 ) ) ;
#4660 = ORIENTED_EDGE ( 'NONE', *, *, #6985, .F. ) ;
#4661 = VERTEX_POINT ( 'NONE', #8130 ) ;
#4662 = CARTESIAN_POINT ( 'NONE',  ( 0.000000000000000000, 2.100000000000000089, 65.50000000000000000 ) ) ;
#4663 = EDGE_CURVE ( 'NONE', #7559, #4956, #3267, .T. ) ;
#4664 = CARTESIAN_POINT ( 'NONE',  ( -45.90811690796319766, 2.100000000000000089, -45.90811690796319766 ) ) ;
#4665 = EDGE_LOOP ( 'NONE', ( #7599, #4943, #6310, #4335 ) ) ;
#4666 = VERTEX_POINT ( 'NONE', #4347 ) ;
#4667 = CARTESIAN_POINT ( 'NONE',  ( 25.60000000000000142, 0.6999999999999999556, -0.000000000000000000 ) ) ;
#4668 = VECTOR ( 'NONE', #7233, 1000.000000000000000 ) ;
#4669 = EDGE_CURVE ( 'NONE', #1865, #4876, #7385, .T. ) ;
#4670 = AXIS2_PLACEMENT_3D ( 'NONE', #4437, #6308, #6185 ) ;
#4671 = EDGE_CURVE ( 'NONE', #7312, #4956, #3110, .T. ) ;
#4672 = LINE ( 'NONE', #1511, #7937 ) ;
#4673 = CARTESIAN_POINT ( 'NONE',  ( -33.88730162779190636, 2.100000000000000089, -33.88730162779190636 ) ) ;
#4674 = ORIENTED_EDGE ( 'NONE', *, *, #5575, .T. ) ;
#4675 = CARTESIAN_POINT ( 'NONE',  ( -47.30000000000000426, 2.100000000000000089, -25.50000000000000000 ) ) ;
#4676 = ORIENTED_EDGE ( 'NONE', *, *, #4180, .T. ) ;
#4677 = CARTESIAN_POINT ( 'NONE',  ( -2.525040043307524851, 2.100000000000000089, -4.374189797439959726 ) ) ;
#4678 = CIRCLE ( 'NONE', #5337, 1.599999999999997202 ) ;
#4679 = EDGE_LOOP ( 'NONE', ( #973, #5055, #1762, #3436 ) ) ;
#4680 = ADVANCED_FACE ( 'NONE', ( #1284 ), #1128, .F. ) ;
#4681 = DIRECTION ( 'NONE',  ( -0.000000000000000000, -1.000000000000000000, -0.000000000000000000 ) ) ;
#4682 = EDGE_LOOP ( 'NONE', ( #7090, #7712 ) ) ;
#4683 = LINE ( 'NONE', #2857, #2360 ) ;
#4684 = FACE_OUTER_BOUND ( 'NONE', #6303, .T. ) ;
#4685 = FACE_BOUND ( 'NONE', #3142, .T. ) ;
#4686 = ORIENTED_EDGE ( 'NONE', *, *, #7305, .T. ) ;
#4687 = CIRCLE ( 'NONE', #1763, 1.600000000000004086 ) ;
#4688 = CARTESIAN_POINT ( 'NONE',  ( -1.131370849898491571, 2.100000000000000089, 1.131370849898491127 ) ) ;
#4689 = LINE ( 'NONE', #7140, #4646 ) ;
#4690 = AXIS2_PLACEMENT_3D ( 'NONE', #7047, #266, #2101 ) ;
#4691 = EDGE_CURVE ( 'NONE', #8056, #3720, #515, .T. ) ;
#4692 = CARTESIAN_POINT ( 'NONE',  ( -6.695712039061153753, 2.100000000000000089, -24.46832079094605916 ) ) ;
#4693 = FACE_OUTER_BOUND ( 'NONE', #698, .T. ) ;
#4694 = DIRECTION ( 'NONE',  ( -0.000000000000000000, -1.000000000000000000, -0.000000000000000000 ) ) ;
#4695 = EDGE_LOOP ( 'NONE', ( #2955, #5172, #6428, #4701 ) ) ;
#4696 = DIRECTION ( 'NONE',  ( 0.000000000000000000, 1.000000000000000000, -0.000000000000000000 ) ) ;
#4697 = CARTESIAN_POINT ( 'NONE',  ( 55.50000000000000000, 2.100000000000000089, -46.50000000000000000 ) ) ;
#4698 = ORIENTED_EDGE ( 'NONE', *, *, #2904, .F. ) ;
#4699 = VECTOR ( 'NONE', #102, 1000.000000000000000 ) ;
#4700 = CARTESIAN_POINT ( 'NONE',  ( 50.50000000000000000, 2.100000000000000089, 25.50000000000000000 ) ) ;
#4701 = ORIENTED_EDGE ( 'NONE', *, *, #786, .F. ) ;
#4702 = AXIS2_PLACEMENT_3D ( 'NONE', #4184, #2122, #3358 ) ;
#4703 = VERTEX_POINT ( 'NONE', #3151 ) ;
#4704 = VECTOR ( 'NONE', #5254, 1000.000000000000000 ) ;
#4705 = CARTESIAN_POINT ( 'NONE',  ( 52.46446609406756068, 2.100000000000000089, -36.46446609406696382 ) ) ;
#4706 = CARTESIAN_POINT ( 'NONE',  ( -5.999999999999996447, 2.100000000000000089, 10.44999999999999929 ) ) ;
#4707 = ORIENTED_EDGE ( 'NONE', *, *, #1346, .F. ) ;
#4708 = ORIENTED_EDGE ( 'NONE', *, *, #7074, .T. ) ;
#4709 = CARTESIAN_POINT ( 'NONE',  ( -12.50000000000000000, 2.100000000000000089, -28.50000000000001066 ) ) ;
#4710 = AXIS2_PLACEMENT_3D ( 'NONE', #3424, #7865, #1842 ) ;
#4711 = ORIENTED_EDGE ( 'NONE', *, *, #6617, .T. ) ;
#4712 = CARTESIAN_POINT ( 'NONE',  ( 48.89999999999999858, 0.6999999999999999556, 25.50000000000000000 ) ) ;
#4713 = DIRECTION ( 'NONE',  ( -0.000000000000000000, -1.000000000000000000, -0.000000000000000000 ) ) ;
#4714 = VERTEX_POINT ( 'NONE', #3030 ) ;
#4715 = DIRECTION ( 'NONE',  ( 0.7071067811865550112, 0.000000000000000000, -0.7071067811865400232 ) ) ;
#4716 = ORIENTED_EDGE ( 'NONE', *, *, #4848, .F. ) ;
#4717 = CARTESIAN_POINT ( 'NONE',  ( -22.62741699796950101, 2.100000000000000089, 22.62741699796950101 ) ) ;
#4718 = ADVANCED_FACE ( 'NONE', ( #2534 ), #6979, .F. ) ;
#4719 = ADVANCED_FACE ( 'NONE', ( #80 ), #5094, .F. ) ;
#4720 = CIRCLE ( 'NONE', #1020, 9.000000000000001776 ) ;
#4721 = VERTEX_POINT ( 'NONE', #41 ) ;
#4722 = DIRECTION ( 'NONE',  ( 0.000000000000000000, 0.000000000000000000, 1.000000000000000000 ) ) ;
#4723 = VERTEX_POINT ( 'NONE', #5562 ) ;
#4724 = DIRECTION ( 'NONE',  ( -0.000000000000000000, -1.000000000000000000, -0.000000000000000000 ) ) ;
#4725 = CARTESIAN_POINT ( 'NONE',  ( -11.50000000000000000, 0.6999999999999999556, 0.8660254037844393737 ) ) ;
#4726 = CARTESIAN_POINT ( 'NONE',  ( -22.62741699796950101, 2.100000000000000089, 22.62741699796950101 ) ) ;
#4727 = ORIENTED_EDGE ( 'NONE', *, *, #4018, .T. ) ;
#4728 = DIRECTION ( 'NONE',  ( 0.000000000000000000, 0.000000000000000000, -1.000000000000000000 ) ) ;
#4729 = DIRECTION ( 'NONE',  ( -0.000000000000000000, -1.000000000000000000, -0.000000000000000000 ) ) ;
#4730 = ADVANCED_FACE ( 'NONE', ( #5013 ), #6184, .F. ) ;
#4731 = CARTESIAN_POINT ( 'NONE',  ( -56.50000000000000000, 0.6999999999999999556, 0.000000000000000000 ) ) ;
#4732 = CARTESIAN_POINT ( 'NONE',  ( -5.999999999999996447, 2.100000000000000089, 9.449999999999997513 ) ) ;
#4733 = DIRECTION ( 'NONE',  ( 0.000000000000000000, 0.000000000000000000, 1.000000000000000000 ) ) ;
#4734 = DIRECTION ( 'NONE',  ( -0.000000000000000000, -1.000000000000000000, -0.000000000000000000 ) ) ;
#4735 = EDGE_CURVE ( 'NONE', #7946, #7669, #8092, .T. ) ;
#4736 = ORIENTED_EDGE ( 'NONE', *, *, #6110, .F. ) ;
#4737 = VERTEX_POINT ( 'NONE', #1860 ) ;
#4738 = CARTESIAN_POINT ( 'NONE',  ( 16.48560856174855260, 2.100000000000000089, -17.08037545153036518 ) ) ;
#4739 = DIRECTION ( 'NONE',  ( -0.7071067811865442421, 0.000000000000000000, -0.7071067811865507924 ) ) ;
#4740 = ORIENTED_EDGE ( 'NONE', *, *, #1151, .T. ) ;
#4741 = EDGE_LOOP ( 'NONE', ( #2201, #3531, #834, #277 ) ) ;
#4742 = CARTESIAN_POINT ( 'NONE',  ( -18.00385078242113934, 0.6999999999999999556, -4.621025403784440932 ) ) ;
#4743 = DIRECTION ( 'NONE',  ( 0.000000000000000000, 0.000000000000000000, -1.000000000000000000 ) ) ;
#4744 = EDGE_CURVE ( 'NONE', #2896, #6405, #6902, .T. ) ;
#4745 = ADVANCED_FACE ( 'NONE', ( #2490 ), #1781, .F. ) ;
#4746 = LINE ( 'NONE', #1597, #2527 ) ;
#4747 = COORDINATED_UNIVERSAL_TIME_OFFSET ( 5, 0, .BEHIND. ) ;
#4748 = DIRECTION ( 'NONE',  ( 0.000000000000000000, 1.000000000000000000, -0.000000000000000000 ) ) ;
#4749 = AXIS2_PLACEMENT_3D ( 'NONE', #1019, #1710, #8018 ) ;
#4750 = CIRCLE ( 'NONE', #6076, 1.600000000000004086 ) ;
#4751 = CARTESIAN_POINT ( 'NONE',  ( -2.525040043307524851, 0.6999999999999999556, -4.374189797439959726 ) ) ;
#4752 = ORIENTED_EDGE ( 'NONE', *, *, #6863, .T. ) ;
#4753 = FACE_OUTER_BOUND ( 'NONE', #6795, .T. ) ;
#4754 = AXIS2_PLACEMENT_3D ( 'NONE', #7231, #4567, #1537 ) ;
#4755 = ORIENTED_EDGE ( 'NONE', *, *, #4877, .T. ) ;
#4756 = VERTEX_POINT ( 'NONE', #2450 ) ;
#4757 = DIRECTION ( 'NONE',  ( 0.000000000000000000, 1.000000000000000000, -0.000000000000000000 ) ) ;
#4758 = ORIENTED_EDGE ( 'NONE', *, *, #4006, .T. ) ;
#4759 = EDGE_CURVE ( 'NONE', #1080, #265, #7514, .T. ) ;
#4760 = CARTESIAN_POINT ( 'NONE',  ( 65.00000000000000000, 2.100000000000000089, 65.00000000000000000 ) ) ;
#4761 = DIRECTION ( 'NONE',  ( 0.000000000000000000, 0.000000000000000000, 1.000000000000000000 ) ) ;
#4762 = CARTESIAN_POINT ( 'NONE',  ( 4.999999999999997335, 2.100000000000000089, 10.44999999999999929 ) ) ;
#4763 = VERTEX_POINT ( 'NONE', #1212 ) ;
#4764 = DIRECTION ( 'NONE',  ( 0.7071067811865456854, 0.000000000000000000, 0.7071067811865493491 ) ) ;
#4765 = VECTOR ( 'NONE', #3753, 1000.000000000000000 ) ;
#4766 = FACE_OUTER_BOUND ( 'NONE', #4046, .T. ) ;
#4767 = CARTESIAN_POINT ( 'NONE',  ( 52.46446609406756068, 2.100000000000000089, -34.86446609406696950 ) ) ;
#4768 = EDGE_CURVE ( 'NONE', #4338, #1252, #1246, .T. ) ;
#4769 = CARTESIAN_POINT ( 'NONE',  ( -32.75593077789344676, 0.6999999999999999556, -35.01867247769034464 ) ) ;
#4770 = FACE_OUTER_BOUND ( 'NONE', #4472, .T. ) ;
#4771 = ORIENTED_EDGE ( 'NONE', *, *, #4209, .T. ) ;
#4772 = VECTOR ( 'NONE', #2947, 1000.000000000000000 ) ;
#4773 = ORIENTED_EDGE ( 'NONE', *, *, #1605, .F. ) ;
#4774 = DIRECTION ( 'NONE',  ( 0.7071067811865439090, 0.000000000000000000, -0.7071067811865512365 ) ) ;
#4775 = EDGE_CURVE ( 'NONE', #5032, #5270, #1983, .T. ) ;
#4776 = DIRECTION ( 'NONE',  ( 0.7071067811865470176, 0.000000000000000000, -0.7071067811865480168 ) ) ;
#4777 = ORIENTED_EDGE ( 'NONE', *, *, #8042, .F. ) ;
#4778 = DIRECTION ( 'NONE',  ( 0.000000000000000000, 0.000000000000000000, 1.000000000000000000 ) ) ;
#4779 = FACE_BOUND ( 'NONE', #4189, .T. ) ;
#4780 = CARTESIAN_POINT ( 'NONE',  ( 74.50000000000000000, 2.100000000000000089, 55.50000000000000711 ) ) ;
#4781 = CARTESIAN_POINT ( 'NONE',  ( 18.00385078242113934, 0.6999999999999999556, -4.621025403784440932 ) ) ;
#4782 = EDGE_CURVE ( 'NONE', #6170, #1974, #7650, .T. ) ;
#4783 = CARTESIAN_POINT ( 'NONE',  ( 70.14213562373100785, 0.6999999999999999556, -55.74213562373099506 ) ) ;
#4784 = DATE_AND_TIME ( #1675, #6363 ) ;
#4785 = ORIENTED_EDGE ( 'NONE', *, *, #1960, .F. ) ;
#4786 = DIRECTION ( 'NONE',  ( -0.8660254037844385966, 0.000000000000000000, -0.5000000000000001110 ) ) ;
#4787 = CARTESIAN_POINT ( 'NONE',  ( -47.30000000000000426, 0.6999999999999999556, 0.000000000000000000 ) ) ;
#4788 = ORIENTED_EDGE ( 'NONE', *, *, #7065, .F. ) ;
#4789 = CARTESIAN_POINT ( 'NONE',  ( -54.14213562373090127, 2.100000000000000089, 71.74213562373101638 ) ) ;
#4790 = ORIENTED_EDGE ( 'NONE', *, *, #1989, .F. ) ;
#4791 = CIRCLE ( 'NONE', #3995, 1.000000000000000888 ) ;
#4792 = ORIENTED_EDGE ( 'NONE', *, *, #5742, .F. ) ;
#4793 = EDGE_CURVE ( 'NONE', #4952, #741, #260, .T. ) ;
#4794 = DIRECTION ( 'NONE',  ( 0.000000000000000000, 1.000000000000000000, -0.000000000000000000 ) ) ;
#4795 = DIRECTION ( 'NONE',  ( 0.000000000000000000, 0.000000000000000000, 1.000000000000000000 ) ) ;
#4796 = ORIENTED_EDGE ( 'NONE', *, *, #8147, .T. ) ;
#4797 = LINE ( 'NONE', #4214, #1293 ) ;
#4798 = CARTESIAN_POINT ( 'NONE',  ( 54.14213562373090127, 2.100000000000000089, -70.14213562373100785 ) ) ;
#4799 = ORIENTED_EDGE ( 'NONE', *, *, #104, .F. ) ;
#4800 = CARTESIAN_POINT ( 'NONE',  ( 22.62741699796950101, 2.100000000000000089, -22.62741699796950101 ) ) ;
#4801 = ORIENTED_EDGE ( 'NONE', *, *, #6163, .F. ) ;
#4802 = CARTESIAN_POINT ( 'NONE',  ( -40.95836943965729660, 0.6999999999999999556, 40.95836943965740318 ) ) ;
#4803 = DIRECTION ( 'NONE',  ( 0.000000000000000000, 1.000000000000000000, -0.000000000000000000 ) ) ;
#4804 = DIRECTION ( 'NONE',  ( 0.7071067811865473507, 0.000000000000000000, -0.7071067811865477948 ) ) ;
#4805 = CIRCLE ( 'NONE', #5479, 9.000000000000001776 ) ;
#4806 = ORIENTED_EDGE ( 'NONE', *, *, #1998, .F. ) ;
#4807 = DIRECTION ( 'NONE',  ( 0.000000000000000000, 0.000000000000000000, -1.000000000000000000 ) ) ;
#4808 = CARTESIAN_POINT ( 'NONE',  ( -32.00000000000000000, 2.100000000000000089, -1.599999999999989875 ) ) ;
#4809 = DIRECTION ( 'NONE',  ( -0.000000000000000000, -1.000000000000000000, -0.000000000000000000 ) ) ;
#4810 = EDGE_LOOP ( 'NONE', ( #7433, #645, #6297, #578 ) ) ;
#4811 = EDGE_CURVE ( 'NONE', #3655, #752, #840, .T. ) ;
#4812 = VECTOR ( 'NONE', #4003, 1000.000000000000000 ) ;
#4813 = EDGE_CURVE ( 'NONE', #7971, #5859, #4462, .T. ) ;
#4814 = ORIENTED_EDGE ( 'NONE', *, *, #3450, .T. ) ;
#4815 = AXIS2_PLACEMENT_3D ( 'NONE', #1054, #6695, #7273 ) ;
#4816 = CARTESIAN_POINT ( 'NONE',  ( 22.62741699796950101, 0.6999999999999999556, -22.62741699796950101 ) ) ;
#4817 = DIRECTION ( 'NONE',  ( 0.000000000000000000, 1.000000000000000000, -0.000000000000000000 ) ) ;
#4818 = VERTEX_POINT ( 'NONE', #1483 ) ;
#4819 = VECTOR ( 'NONE', #3132, 1000.000000000000000 ) ;
#4820 = DIRECTION ( 'NONE',  ( 0.000000000000000000, 0.000000000000000000, 1.000000000000000000 ) ) ;
#4821 = DIRECTION ( 'NONE',  ( 0.000000000000000000, 0.000000000000000000, -1.000000000000000000 ) ) ;
#4822 = CARTESIAN_POINT ( 'NONE',  ( -24.00000000000000000, 2.100000000000000089, -17.10000000000000142 ) ) ;
#4823 = CARTESIAN_POINT ( 'NONE',  ( 32.75593077789339702, 2.100000000000000089, 35.01867247769040858 ) ) ;
#4824 = CARTESIAN_POINT ( 'NONE',  ( 41.59476554272528404, 2.100000000000000089, 30.98816382492699972 ) ) ;
#4825 = AXIS2_PLACEMENT_3D ( 'NONE', #2908, #407, #1534 ) ;
#4826 = CIRCLE ( 'NONE', #6417, 1.599999999999983435 ) ;
#4827 = EDGE_CURVE ( 'NONE', #1660, #6641, #274, .T. ) ;
#4828 = CARTESIAN_POINT ( 'NONE',  ( -1.131370849898634567, 0.6999999999999999556, -1.131370849898622577 ) ) ;
#4829 = PERSON_AND_ORGANIZATION_ROLE ( 'design_owner' ) ;
#4830 = ORIENTED_EDGE ( 'NONE', *, *, #4782, .T. ) ;
#4831 = DIRECTION ( 'NONE',  ( -0.000000000000000000, -1.000000000000000000, -0.000000000000000000 ) ) ;
#4832 = CYLINDRICAL_SURFACE ( 'NONE', #1897, 1.600000000000011191 ) ;
#4833 = ADVANCED_FACE ( 'NONE', ( #6511 ), #116, .F. ) ;
#4834 = VERTEX_POINT ( 'NONE', #4549 ) ;
#4835 = VERTEX_POINT ( 'NONE', #5887 ) ;
#4836 = CARTESIAN_POINT ( 'NONE',  ( -43.85750724252219612, 2.100000000000000089, 33.25090552472399708 ) ) ;
#4837 = DIRECTION ( 'NONE',  ( 0.000000000000000000, 1.000000000000000000, -0.000000000000000000 ) ) ;
#4838 = EDGE_LOOP ( 'NONE', ( #5600, #7689, #3988, #634, #1270 ) ) ;
#4839 = CARTESIAN_POINT ( 'NONE',  ( -4.999999999999991118, 2.100000000000000089, 23.75000000000000000 ) ) ;
#4840 = DIRECTION ( 'NONE',  ( -0.000000000000000000, -1.000000000000000000, -0.000000000000000000 ) ) ;
#4841 = EDGE_LOOP ( 'NONE', ( #4870, #1701, #4613, #3284 ) ) ;
#4842 = CARTESIAN_POINT ( 'NONE',  ( 25.60000000000000142, 2.100000000000000089, -15.50000000000000000 ) ) ;
#4843 = ORIENTED_EDGE ( 'NONE', *, *, #6702, .F. ) ;
#4844 = LINE ( 'NONE', #6723, #5605 ) ;
#4845 = EDGE_LOOP ( 'NONE', ( #4146, #7216, #6096, #1474 ) ) ;
#4846 = CYLINDRICAL_SURFACE ( 'NONE', #5475, 1.000000000000002665 ) ;
#4847 = ADVANCED_FACE ( 'NONE', ( #6464 ), #239, .T. ) ;
#4848 = EDGE_CURVE ( 'NONE', #176, #5485, #5802, .T. ) ;
#4849 = CARTESIAN_POINT ( 'NONE',  ( 5.999999999999996447, 0.6999999999999999556, -23.75000000000000000 ) ) ;
#4850 = VECTOR ( 'NONE', #1411, 1000.000000000000000 ) ;
#4851 = DIRECTION ( 'NONE',  ( 0.8660254037844387076, 0.000000000000000000, -0.4999999999999999445 ) ) ;
#4852 = DIRECTION ( 'NONE',  ( -0.000000000000000000, -1.000000000000000000, -0.000000000000000000 ) ) ;
#4853 = LINE ( 'NONE', #2336, #6084 ) ;
#4854 = AXIS2_PLACEMENT_3D ( 'NONE', #1578, #7883, #7308 ) ;
#4855 = ORIENTED_EDGE ( 'NONE', *, *, #2663, .F. ) ;
#4856 = ORIENTED_EDGE ( 'NONE', *, *, #3478, .T. ) ;
#4857 = LINE ( 'NONE', #4271, #5035 ) ;
#4858 = EDGE_LOOP ( 'NONE', ( #6328, #1531 ) ) ;
#4859 = FACE_BOUND ( 'NONE', #977, .T. ) ;
#4860 = AXIS2_PLACEMENT_3D ( 'NONE', #3848, #6429, #3350 ) ;
#4861 = DIRECTION ( 'NONE',  ( -0.000000000000000000, -1.000000000000000000, -0.000000000000000000 ) ) ;
#4862 = EDGE_CURVE ( 'NONE', #896, #944, #2774, .T. ) ;
#4863 = VERTEX_POINT ( 'NONE', #1403 ) ;
#4864 = DIRECTION ( 'NONE',  ( -1.000000000000000000, 0.000000000000000000, -0.000000000000000000 ) ) ;
#4865 = ORIENTED_EDGE ( 'NONE', *, *, #1235, .T. ) ;
#4866 = DIRECTION ( 'NONE',  ( 0.000000000000000000, 1.000000000000000000, -0.000000000000000000 ) ) ;
#4867 = EDGE_CURVE ( 'NONE', #1733, #4612, #2693, .T. ) ;
#4868 = CARTESIAN_POINT ( 'NONE',  ( -42.72613639262370100, 2.100000000000000089, 32.11953467482550195 ) ) ;
#4869 = DIRECTION ( 'NONE',  ( -0.000000000000000000, -1.000000000000000000, -0.000000000000000000 ) ) ;
#4870 = ORIENTED_EDGE ( 'NONE', *, *, #2022, .F. ) ;
#4871 = VERTEX_POINT ( 'NONE', #2736 ) ;
#4872 = CIRCLE ( 'NONE', #1431, 1.000000000000000444 ) ;
#4873 = AXIS2_PLACEMENT_3D ( 'NONE', #1497, #5223, #5181 ) ;
#4874 = CARTESIAN_POINT ( 'NONE',  ( 52.46446609406692829, 2.100000000000000089, 36.46446609406787331 ) ) ;
#4875 = DIRECTION ( 'NONE',  ( 0.000000000000000000, 0.000000000000000000, -1.000000000000000000 ) ) ;
#4876 = VERTEX_POINT ( 'NONE', #6388 ) ;
#4877 = EDGE_CURVE ( 'NONE', #2325, #6247, #7178, .T. ) ;
#4878 = LINE ( 'NONE', #8157, #4071 ) ;
#4879 = VERTEX_POINT ( 'NONE', #7056 ) ;
#4880 = FACE_BOUND ( 'NONE', #3088, .T. ) ;
#4881 = CARTESIAN_POINT ( 'NONE',  ( 22.62741699796950101, 0.6999999999999999556, 22.62741699796950101 ) ) ;
#4882 = ORIENTED_EDGE ( 'NONE', *, *, #3895, .F. ) ;
#4883 = CIRCLE ( 'NONE', #2379, 1.600000000000000755 ) ;
#4884 = AXIS2_PLACEMENT_3D ( 'NONE', #5995, #3378, #2223 ) ;
#4885 = VECTOR ( 'NONE', #4580, 1000.000000000000000 ) ;
#4886 = PLANE ( 'NONE',  #4103 ) ;
#4887 = DIRECTION ( 'NONE',  ( -0.7071067811865480168, 0.000000000000000000, -0.7071067811865470176 ) ) ;
#4888 = ADVANCED_FACE ( 'NONE', ( #4641 ), #3230, .T. ) ;
#4889 = AXIS2_PLACEMENT_3D ( 'NONE', #7337, #4757, #1078 ) ;
#4890 = DIRECTION ( 'NONE',  ( 0.000000000000000000, 0.000000000000000000, -1.000000000000000000 ) ) ;
#4891 = AXIS2_PLACEMENT_3D ( 'NONE', #1625, #4151, #4193 ) ;
#4892 = CARTESIAN_POINT ( 'NONE',  ( -6.695712039061153753, 2.100000000000000089, -24.46832079094605916 ) ) ;
#4893 = EDGE_CURVE ( 'NONE', #2384, #5531, #6550, .T. ) ;
#4894 = CARTESIAN_POINT ( 'NONE',  ( 54.14213562373100785, 0.6999999999999999556, 70.14213562373100785 ) ) ;
#4895 = CIRCLE ( 'NONE', #2515, 1.599999999999997202 ) ;
#4896 = ORIENTED_EDGE ( 'NONE', *, *, #423, .T. ) ;
#4897 = ORIENTED_EDGE ( 'NONE', *, *, #140, .T. ) ;
#4898 = FACE_OUTER_BOUND ( 'NONE', #6947, .T. ) ;
#4899 = EDGE_CURVE ( 'NONE', #6649, #5612, #7835, .T. ) ;
#4900 = DIRECTION ( 'NONE',  ( -0.000000000000000000, -1.000000000000000000, -0.000000000000000000 ) ) ;
#4901 = ORIENTED_EDGE ( 'NONE', *, *, #2085, .T. ) ;
#4902 = FACE_BOUND ( 'NONE', #5733, .T. ) ;
#4903 = LINE ( 'NONE', #6868, #662 ) ;
#4904 = ORIENTED_EDGE ( 'NONE', *, *, #5040, .F. ) ;
#4905 = DIRECTION ( 'NONE',  ( -0.000000000000000000, -1.000000000000000000, -0.000000000000000000 ) ) ;
#4906 = AXIS2_PLACEMENT_3D ( 'NONE', #924, #3438, #3277 ) ;
#4907 = ORIENTED_EDGE ( 'NONE', *, *, #5768, .F. ) ;
#4908 = VECTOR ( 'NONE', #7179, 1000.000000000000000 ) ;
#4909 = CARTESIAN_POINT ( 'NONE',  ( -74.50000000000000000, 2.100000000000000089, -55.50000000000000711 ) ) ;
#4910 = EDGE_LOOP ( 'NONE', ( #3300, #6894 ) ) ;
#4911 = DIRECTION ( 'NONE',  ( -1.000000000000000000, 0.000000000000000000, 0.000000000000000000 ) ) ;
#4912 = CIRCLE ( 'NONE', #6781, 1.599999999999997202 ) ;
#4913 = ORIENTED_EDGE ( 'NONE', *, *, #5326, .T. ) ;
#4914 = EDGE_CURVE ( 'NONE', #3770, #6713, #391, .T. ) ;
#4915 = EDGE_CURVE ( 'NONE', #55, #2729, #7709, .T. ) ;
#4916 = ORIENTED_EDGE ( 'NONE', *, *, #6122, .F. ) ;
#4917 = CARTESIAN_POINT ( 'NONE',  ( 45.90811690796319766, 2.100000000000000089, -45.90811690796319766 ) ) ;
#4918 = DIRECTION ( 'NONE',  ( -0.000000000000000000, -1.000000000000000000, -0.000000000000000000 ) ) ;
#4919 = ORIENTED_EDGE ( 'NONE', *, *, #2520, .T. ) ;
#4920 = CARTESIAN_POINT ( 'NONE',  ( -70.14213562373100785, 2.100000000000000089, -54.14213562373090127 ) ) ;
#4921 = CARTESIAN_POINT ( 'NONE',  ( 0.000000000000000000, 0.6999999999999999556, -31.00000000000000000 ) ) ;
#4922 = ORIENTED_EDGE ( 'NONE', *, *, #7006, .F. ) ;
#4923 = FACE_BOUND ( 'NONE', #7048, .T. ) ;
#4924 = VERTEX_POINT ( 'NONE', #2231 ) ;
#4925 = DIRECTION ( 'NONE',  ( 0.000000000000000000, 1.000000000000000000, -0.000000000000000000 ) ) ;
#4926 = EDGE_LOOP ( 'NONE', ( #7691, #7515, #3461, #7252 ) ) ;
#4927 = VECTOR ( 'NONE', #3727, 1000.000000000000000 ) ;
#4928 = EDGE_CURVE ( 'NONE', #859, #5345, #5971, .T. ) ;
#4929 = ORIENTED_EDGE ( 'NONE', *, *, #4354, .T. ) ;
#4930 = CARTESIAN_POINT ( 'NONE',  ( 18.50385078242113579, 0.6999999999999999556, -4.755000000000002558 ) ) ;
#4931 = DIRECTION ( 'NONE',  ( -0.000000000000000000, -1.000000000000000000, -0.000000000000000000 ) ) ;
#4932 = ORIENTED_EDGE ( 'NONE', *, *, #1103, .F. ) ;
#4933 = VECTOR ( 'NONE', #1443, 1000.000000000000114 ) ;
#4934 = CARTESIAN_POINT ( 'NONE',  ( 19.50385078242113934, 2.100000000000000089, -3.755000000000001226 ) ) ;
#4935 = ORIENTED_EDGE ( 'NONE', *, *, #4590, .T. ) ;
#4936 = EDGE_CURVE ( 'NONE', #494, #4763, #6135, .T. ) ;
#4937 = VERTEX_POINT ( 'NONE', #1644 ) ;
#4938 = AXIS2_PLACEMENT_3D ( 'NONE', #6054, #8039, #1736 ) ;
#4939 = DIRECTION ( 'NONE',  ( 0.000000000000000000, 0.000000000000000000, 1.000000000000000000 ) ) ;
#4940 = FACE_BOUND ( 'NONE', #4372, .T. ) ;
#4941 = CARTESIAN_POINT ( 'NONE',  ( -41.59476554272524140, 0.6999999999999999556, 30.98816382492704946 ) ) ;
#4942 = AXIS2_PLACEMENT_3D ( 'NONE', #7636, #3889, #3352 ) ;
#4943 = ORIENTED_EDGE ( 'NONE', *, *, #1330, .F. ) ;
#4944 = PLANE ( 'NONE',  #4656 ) ;
#4945 = LINE ( 'NONE', #3658, #5619 ) ;
#4946 = ORIENTED_EDGE ( 'NONE', *, *, #1921, .T. ) ;
#4947 = ADVANCED_FACE ( 'NONE', ( #3512 ), #3592, .F. ) ;
#4948 = ADVANCED_FACE ( 'NONE', ( #5467 ), #7380, .F. ) ;
#4949 = CIRCLE ( 'NONE', #604, 1.600000000000000755 ) ;
#4950 = VECTOR ( 'NONE', #5076, 1000.000000000000000 ) ;
#4951 = CARTESIAN_POINT ( 'NONE',  ( -31.00000000000000000, 0.6999999999999999556, -0.000000000000000000 ) ) ;
#4952 = VERTEX_POINT ( 'NONE', #1034 ) ;
#4953 = CIRCLE ( 'NONE', #994, 1.600000000000004086 ) ;
#4954 = CARTESIAN_POINT ( 'NONE',  ( -55.50000000000000000, 2.100000000000000089, -64.50000000000000000 ) ) ;
#4955 = VECTOR ( 'NONE', #7202, 1000.000000000000000 ) ;
#4956 = VERTEX_POINT ( 'NONE', #4051 ) ;
#4957 = ORIENTED_EDGE ( 'NONE', *, *, #2045, .T. ) ;
#4958 = AXIS2_PLACEMENT_3D ( 'NONE', #6353, #7640, #5770 ) ;
#4959 = AXIS2_PLACEMENT_3D ( 'NONE', #2688, #5212, #5126 ) ;
#4960 = DIRECTION ( 'NONE',  ( -0.8660596620565251813, 0.000000000000000000, -0.4999406582370924945 ) ) ;
#4961 = CARTESIAN_POINT ( 'NONE',  ( -41.59476554272529114, 2.100000000000000089, -30.98816382492704946 ) ) ;
#4962 = ORIENTED_EDGE ( 'NONE', *, *, #7578, .T. ) ;
#4963 = LINE ( 'NONE', #6253, #6200 ) ;
#4964 = ORIENTED_EDGE ( 'NONE', *, *, #1653, .T. ) ;
#4965 = FACE_BOUND ( 'NONE', #2344, .T. ) ;
#4966 = EDGE_LOOP ( 'NONE', ( #1711, #294, #5381, #3863 ) ) ;
#4967 = CARTESIAN_POINT ( 'NONE',  ( 28.93755415948609766, 2.100000000000000089, -28.93755415948609766 ) ) ;
#4968 = ORIENTED_EDGE ( 'NONE', *, *, #7205, .F. ) ;
#4969 = EDGE_CURVE ( 'NONE', #7523, #4863, #2618, .T. ) ;
#4970 = VECTOR ( 'NONE', #694, 1000.000000000000000 ) ;
#4971 = DIRECTION ( 'NONE',  ( 0.7071067811865477948, -0.000000000000000000, 0.7071067811865473507 ) ) ;
#4972 = ORIENTED_EDGE ( 'NONE', *, *, #3408, .F. ) ;
#4973 = CARTESIAN_POINT ( 'NONE',  ( -52.46446609406718409, 0.6999999999999999556, -36.46446609406750383 ) ) ;
#4974 = DIRECTION ( 'NONE',  ( 0.000000000000000000, 0.000000000000000000, -1.000000000000000000 ) ) ;
#4975 = CARTESIAN_POINT ( 'NONE',  ( -54.14213562373100785, 2.100000000000000089, -68.54213562373089985 ) ) ;
#4976 = CARTESIAN_POINT ( 'NONE',  ( 1.131370849898212461, 0.6999999999999999556, -1.131370849898225117 ) ) ;
#4977 = ADVANCED_FACE ( 'NONE', ( #5342 ), #998, .F. ) ;
#4978 = ORIENTED_EDGE ( 'NONE', *, *, #4663, .T. ) ;
#4979 = VECTOR ( 'NONE', #6561, 1000.000000000000000 ) ;
#4980 = EDGE_LOOP ( 'NONE', ( #5512, #7828, #778, #2418 ) ) ;
#4981 = DIRECTION ( 'NONE',  ( -0.000000000000000000, -1.000000000000000000, -0.000000000000000000 ) ) ;
#4982 = FACE_BOUND ( 'NONE', #6202, .T. ) ;
#4983 = CYLINDRICAL_SURFACE ( 'NONE', #2903, 1.000000000000000888 ) ;
#4984 = EDGE_CURVE ( 'NONE', #1965, #5041, #6585, .T. ) ;
#4985 = EDGE_LOOP ( 'NONE', ( #2829, #2961, #4806, #1745 ) ) ;
#4986 = CARTESIAN_POINT ( 'NONE',  ( 36.29146468382625557, 2.100000000000000089, -36.29146468382606372 ) ) ;
#4987 = VECTOR ( 'NONE', #4435, 1000.000000000000000 ) ;
#4988 = CYLINDRICAL_SURFACE ( 'NONE', #552, 1.600000000000032063 ) ;
#4989 = ADVANCED_FACE ( 'NONE', ( #2981 ), #6588, .F. ) ;
#4990 = ADVANCED_FACE ( 'NONE', ( #2323 ), #1608, .F. ) ;
#4991 = CARTESIAN_POINT ( 'NONE',  ( -1.131370849898445385, 2.100000000000000089, -1.131370849898443831 ) ) ;
#4992 = VERTEX_POINT ( 'NONE', #7995 ) ;
#4993 = ORIENTED_EDGE ( 'NONE', *, *, #2596, .T. ) ;
#4994 = EDGE_LOOP ( 'NONE', ( #5251, #7999, #625, #6014 ) ) ;
#4995 = CYLINDRICAL_SURFACE ( 'NONE', #6822, 1.000000000000000888 ) ;
#4996 = CARTESIAN_POINT ( 'NONE',  ( 35.01867247769040858, 0.6999999999999999556, 32.75593077789339702 ) ) ;
#4997 = DIRECTION ( 'NONE',  ( -0.000000000000000000, -1.000000000000000000, -0.000000000000000000 ) ) ;
#4998 = VECTOR ( 'NONE', #4459, 1000.000000000000000 ) ;
#4999 = EDGE_LOOP ( 'NONE', ( #6990, #4002, #3718, #2, #2690 ) ) ;
#5000 = CARTESIAN_POINT ( 'NONE',  ( 2.500000000000001332, 0.6999999999999999556, 4.330127018922195425 ) ) ;
#5001 = DIRECTION ( 'NONE',  ( 0.000000000000000000, 0.000000000000000000, 1.000000000000000000 ) ) ;
#5002 = AXIS2_PLACEMENT_3D ( 'NONE', #2788, #6480, #6604 ) ;
#5003 = CARTESIAN_POINT ( 'NONE',  ( 22.62741699796950101, 2.100000000000000089, -21.02741699796949959 ) ) ;
#5004 = EDGE_LOOP ( 'NONE', ( #5564, #4904, #6257, #7334 ) ) ;
#5005 = DIRECTION ( 'NONE',  ( 0.000000000000000000, 0.000000000000000000, 1.000000000000000000 ) ) ;
#5006 = ORIENTED_EDGE ( 'NONE', *, *, #6425, .T. ) ;
#5007 = DIRECTION ( 'NONE',  ( 0.000000000000000000, 1.000000000000000000, -0.000000000000000000 ) ) ;
#5008 = AXIS2_PLACEMENT_3D ( 'NONE', #3297, #1928, #4536 ) ;
#5009 = EDGE_CURVE ( 'NONE', #1225, #615, #7254, .T. ) ;
#5010 = DIRECTION ( 'NONE',  ( 4.163336342344337520E-16, 0.000000000000000000, -1.000000000000000000 ) ) ;
#5011 = ORIENTED_EDGE ( 'NONE', *, *, #566, .F. ) ;
#5012 = CARTESIAN_POINT ( 'NONE',  ( 55.50000000000000000, 0.6999999999999999556, 64.50000000000000000 ) ) ;
#5013 = FACE_OUTER_BOUND ( 'NONE', #70, .T. ) ;
#5014 = CARTESIAN_POINT ( 'NONE',  ( -18.00385078242113579, 0.6999999999999999556, 4.621025403784440044 ) ) ;
#5015 = CARTESIAN_POINT ( 'NONE',  ( -18.50385078242113579, 2.100000000000000089, -3.754999999999999005 ) ) ;
#5016 = ORIENTED_EDGE ( 'NONE', *, *, #4324, .F. ) ;
#5017 = DIRECTION ( 'NONE',  ( -0.7071067811865515695, 0.000000000000000000, 0.7071067811865434649 ) ) ;
#5018 = EDGE_LOOP ( 'NONE', ( #2145, #4568, #7311, #5383, #7290 ) ) ;
#5019 = AXIS2_PLACEMENT_3D ( 'NONE', #1552, #7777, #6619 ) ;
#5020 = AXIS2_PLACEMENT_3D ( 'NONE', #6981, #5017, #1904 ) ;
#5021 = ORIENTED_EDGE ( 'NONE', *, *, #6458, .F. ) ;
#5022 = EDGE_CURVE ( 'NONE', #1853, #3367, #4797, .T. ) ;
#5023 = EDGE_CURVE ( 'NONE', #5781, #3783, #4683, .T. ) ;
#5024 = CYLINDRICAL_SURFACE ( 'NONE', #7351, 1.599999999999990319 ) ;
#5025 = DIRECTION ( 'NONE',  ( 0.000000000000000000, 0.000000000000000000, 1.000000000000000000 ) ) ;
#5026 = DIRECTION ( 'NONE',  ( -0.000000000000000000, -1.000000000000000000, -0.000000000000000000 ) ) ;
#5027 = DIRECTION ( 'NONE',  ( 1.000000000000000000, 0.000000000000000000, -0.000000000000000000 ) ) ;
#5028 = ORIENTED_EDGE ( 'NONE', *, *, #2753, .T. ) ;
#5029 = LINE ( 'NONE', #3285, #5454 ) ;
#5030 = VECTOR ( 'NONE', #1067, 1000.000000000000000 ) ;
#5031 = AXIS2_PLACEMENT_3D ( 'NONE', #5956, #5161, #1968 ) ;
#5032 = VERTEX_POINT ( 'NONE', #8034 ) ;
#5033 = ORIENTED_EDGE ( 'NONE', *, *, #826, .T. ) ;
#5034 = EDGE_CURVE ( 'NONE', #561, #7474, #5930, .T. ) ;
#5035 = VECTOR ( 'NONE', #4776, 1000.000000000000000 ) ;
#5036 = CARTESIAN_POINT ( 'NONE',  ( -25.50000000000000000, 0.6999999999999999556, -47.30000000000000426 ) ) ;
#5037 = ORIENTED_EDGE ( 'NONE', *, *, #4279, .F. ) ;
#5038 = CARTESIAN_POINT ( 'NONE',  ( 0.000000000000000000, 2.100000000000000089, 31.00000000000000000 ) ) ;
#5039 = ORIENTED_EDGE ( 'NONE', *, *, #7731, .F. ) ;
#5040 = EDGE_CURVE ( 'NONE', #1489, #5340, #317, .T. ) ;
#5041 = VERTEX_POINT ( 'NONE', #1566 ) ;
#5042 = CYLINDRICAL_SURFACE ( 'NONE', #1633, 1.600000000000004086 ) ;
#5043 = CARTESIAN_POINT ( 'NONE',  ( 55.50000000000000000, 0.6999999999999999556, 55.50000000000000000 ) ) ;
#5044 = CARTESIAN_POINT ( 'NONE',  ( 50.50000000000000000, 2.100000000000000089, 0.000000000000000000 ) ) ;
#5045 = VERTEX_POINT ( 'NONE', #4094 ) ;
#5046 = AXIS2_PLACEMENT_3D ( 'NONE', #2363, #4154, #2304 ) ;
#5047 = FACE_OUTER_BOUND ( 'NONE', #5259, .T. ) ;
#5048 = DIRECTION ( 'NONE',  ( 0.000000000000000000, 0.000000000000000000, 1.000000000000000000 ) ) ;
#5049 = FACE_BOUND ( 'NONE', #3639, .T. ) ;
#5050 = EDGE_LOOP ( 'NONE', ( #1589, #8093 ) ) ;
#5051 = CARTESIAN_POINT ( 'NONE',  ( 35.01867247769040858, 2.100000000000000089, -32.75593077789339702 ) ) ;
#5052 = ORIENTED_EDGE ( 'NONE', *, *, #1677, .T. ) ;
#5053 = EDGE_CURVE ( 'NONE', #1030, #7473, #6636, .T. ) ;
#5054 = CARTESIAN_POINT ( 'NONE',  ( 31.00000000000000000, 0.6999999999999999556, 56.50000000000000000 ) ) ;
#5055 = ORIENTED_EDGE ( 'NONE', *, *, #6145, .T. ) ;
#5056 = DIRECTION ( 'NONE',  ( -0.000000000000000000, -1.000000000000000000, -0.000000000000000000 ) ) ;
#5057 = DIRECTION ( 'NONE',  ( 0.000000000000000000, 1.000000000000000000, -0.000000000000000000 ) ) ;
#5058 = ORIENTED_EDGE ( 'NONE', *, *, #1023, .F. ) ;
#5059 = CARTESIAN_POINT ( 'NONE',  ( -44.77674605806474517, 2.100000000000000089, 47.03948775786169989 ) ) ;
#5060 = CIRCLE ( 'NONE', #7185, 1.000000000000000888 ) ;
#5061 = ORIENTED_EDGE ( 'NONE', *, *, #5801, .T. ) ;
#5062 = AXIS2_PLACEMENT_3D ( 'NONE', #6513, #5096, #1405 ) ;
#5063 = CARTESIAN_POINT ( 'NONE',  ( -44.77674605806474517, 2.100000000000000089, 47.03948775786169989 ) ) ;
#5064 = DIRECTION ( 'NONE',  ( 0.000000000000000000, 0.000000000000000000, 1.000000000000000000 ) ) ;
#5065 = CARTESIAN_POINT ( 'NONE',  ( 55.50000000000000000, 2.100000000000000089, 55.50000000000000000 ) ) ;
#5066 = DIRECTION ( 'NONE',  ( 0.000000000000000000, 0.000000000000000000, 1.000000000000000000 ) ) ;
#5067 = EDGE_LOOP ( 'NONE', ( #8024, #457, #2472, #8156 ) ) ;
#5068 = CARTESIAN_POINT ( 'NONE',  ( -55.50000000000000711, 0.6999999999999999556, 74.50000000000000000 ) ) ;
#5069 = APPROVAL ( #6039, 'UNSPECIFIED' ) ;
#5070 = ADVANCED_FACE ( 'NONE', ( #4379 ), #3018, .F. ) ;
#5071 = ORIENTED_EDGE ( 'NONE', *, *, #5900, .F. ) ;
#5072 = VERTEX_POINT ( 'NONE', #3182 ) ;
#5073 = DIRECTION ( 'NONE',  ( 0.000000000000000000, 0.000000000000000000, -1.000000000000000000 ) ) ;
#5074 = VERTEX_POINT ( 'NONE', #5629 ) ;
#5075 = CIRCLE ( 'NONE', #7206, 1.000000000000000888 ) ;
#5076 = DIRECTION ( 'NONE',  ( -0.000000000000000000, -1.000000000000000000, -0.000000000000000000 ) ) ;
#5077 = ADVANCED_FACE ( 'NONE', ( #8118 ), #1116, .F. ) ;
#5078 = ORIENTED_EDGE ( 'NONE', *, *, #359, .F. ) ;
#5079 = DIRECTION ( 'NONE',  ( -0.000000000000000000, -1.000000000000000000, -0.000000000000000000 ) ) ;
#5080 = DIRECTION ( 'NONE',  ( 0.000000000000000000, 1.000000000000000000, -0.000000000000000000 ) ) ;
#5081 = DIRECTION ( 'NONE',  ( 0.000000000000000000, 0.000000000000000000, -1.000000000000000000 ) ) ;
#5082 = AXIS2_PLACEMENT_3D ( 'NONE', #1014, #6069, #5447 ) ;
#5083 = CARTESIAN_POINT ( 'NONE',  ( -22.62741699796950101, 2.100000000000000089, 21.02741699796949959 ) ) ;
#5084 = CARTESIAN_POINT ( 'NONE',  ( 36.46446609406768147, 2.100000000000000089, -50.86446609406706898 ) ) ;
#5085 = ORIENTED_EDGE ( 'NONE', *, *, #754, .T. ) ;
#5086 = LINE ( 'NONE', #31, #6948 ) ;
#5087 = ORIENTED_EDGE ( 'NONE', *, *, #1739, .T. ) ;
#5088 = DIRECTION ( 'NONE',  ( -0.000000000000000000, -1.000000000000000000, 0.000000000000000000 ) ) ;
#5089 = EDGE_CURVE ( 'NONE', #2443, #7183, #587, .T. ) ;
#5090 = VECTOR ( 'NONE', #2543, 1000.000000000000000 ) ;
#5091 = VECTOR ( 'NONE', #3916, 1000.000000000000000 ) ;
#5092 = DIRECTION ( 'NONE',  ( 1.000000000000000000, 0.000000000000000000, 4.163336342344337027E-16 ) ) ;
#5093 = EDGE_LOOP ( 'NONE', ( #4038, #7854, #1139, #2228 ) ) ;
#5094 = CYLINDRICAL_SURFACE ( 'NONE', #3660, 1.600000000000018074 ) ;
#5095 = DIRECTION ( 'NONE',  ( -0.7071067811865507924, 0.000000000000000000, 0.7071067811865442421 ) ) ;
#5096 = DIRECTION ( 'NONE',  ( -4.163336342344337520E-16, 0.000000000000000000, -1.000000000000000000 ) ) ;
#5097 = AXIS2_PLACEMENT_3D ( 'NONE', #6742, #1666, #1751 ) ;
#5098 = DIRECTION ( 'NONE',  ( 0.000000000000000000, 1.000000000000000000, -0.000000000000000000 ) ) ;
#5099 = AXIS2_PLACEMENT_3D ( 'NONE', #1934, #792, #4507 ) ;
#5100 = EDGE_CURVE ( 'NONE', #8119, #3798, #7541, .T. ) ;
#5101 = EDGE_CURVE ( 'NONE', #3756, #314, #631, .T. ) ;
#5102 = CARTESIAN_POINT ( 'NONE',  ( 65.00000000000000000, 2.100000000000000089, -65.00000000000000000 ) ) ;
#5103 = EDGE_LOOP ( 'NONE', ( #7271, #5870 ) ) ;
#5104 = DIRECTION ( 'NONE',  ( 1.000000000000000000, -0.000000000000000000, 0.000000000000000000 ) ) ;
#5105 = DIRECTION ( 'NONE',  ( -0.000000000000000000, -1.000000000000000000, -0.000000000000000000 ) ) ;
#5106 = FACE_BOUND ( 'NONE', #5958, .T. ) ;
#5107 = CARTESIAN_POINT ( 'NONE',  ( 0.000000000000000000, 2.100000000000000089, -74.50000000000000000 ) ) ;
#5108 = ORIENTED_EDGE ( 'NONE', *, *, #7633, .T. ) ;
#5109 = CARTESIAN_POINT ( 'NONE',  ( 18.00385078242113579, 2.100000000000000089, 4.621025403784438268 ) ) ;
#5110 = ORIENTED_EDGE ( 'NONE', *, *, #1380, .F. ) ;
#5111 = ORIENTED_EDGE ( 'NONE', *, *, #291, .F. ) ;
#5112 = ADVANCED_FACE ( 'NONE', ( #5047 ), #2478, .F. ) ;
#5113 = CARTESIAN_POINT ( 'NONE',  ( -32.11953467482550195, 0.6999999999999999556, -44.32613639262370242 ) ) ;
#5114 = ORIENTED_EDGE ( 'NONE', *, *, #2142, .T. ) ;
#5115 = AXIS2_PLACEMENT_3D ( 'NONE', #6436, #3898, #7109 ) ;
#5116 = LINE ( 'NONE', #1467, #6282 ) ;
#5117 = EDGE_CURVE ( 'NONE', #1476, #8103, #4424, .T. ) ;
#5118 = CARTESIAN_POINT ( 'NONE',  ( -55.50000000000000000, 0.6999999999999999556, 55.50000000000000000 ) ) ;
#5119 = CARTESIAN_POINT ( 'NONE',  ( -33.88730162779190636, 0.6999999999999999556, 33.88730162779190636 ) ) ;
#5120 = CARTESIAN_POINT ( 'NONE',  ( -4.999999999999991118, 0.6999999999999999556, 23.75000000000000000 ) ) ;
#5121 = LINE ( 'NONE', #4502, #5091 ) ;
#5122 = ORIENTED_EDGE ( 'NONE', *, *, #7083, .T. ) ;
#5123 = AXIS2_PLACEMENT_3D ( 'NONE', #6091, #2940, #2281 ) ;
#5124 = CARTESIAN_POINT ( 'NONE',  ( -30.98816382492704946, 0.6999999999999999556, 41.59476554272529114 ) ) ;
#5125 = ORIENTED_EDGE ( 'NONE', *, *, #1586, .T. ) ;
#5126 = DIRECTION ( 'NONE',  ( 0.000000000000000000, 0.000000000000000000, -1.000000000000000000 ) ) ;
#5127 = AXIS2_PLACEMENT_3D ( 'NONE', #6801, #673, #3714 ) ;
#5128 = EDGE_CURVE ( 'NONE', #4525, #4066, #4878, .T. ) ;
#5129 = DIRECTION ( 'NONE',  ( -0.000000000000000000, -1.000000000000000000, -0.000000000000000000 ) ) ;
#5130 = ORIENTED_EDGE ( 'NONE', *, *, #4811, .F. ) ;
#5131 = DIRECTION ( 'NONE',  ( 0.000000000000000000, 1.000000000000000000, -0.000000000000000000 ) ) ;
#5132 = DIRECTION ( 'NONE',  ( -0.000000000000000000, -1.000000000000000000, -0.000000000000000000 ) ) ;
#5133 = CARTESIAN_POINT ( 'NONE',  ( 19.50385078242113934, 2.100000000000000089, -3.755000000000001226 ) ) ;
#5134 = ORIENTED_EDGE ( 'NONE', *, *, #2649, .T. ) ;
#5135 = DIRECTION ( 'NONE',  ( 0.000000000000000000, 0.000000000000000000, 1.000000000000000000 ) ) ;
#5136 = CYLINDRICAL_SURFACE ( 'NONE', #7564, 1.000000000000000888 ) ;
#5137 = AXIS2_PLACEMENT_3D ( 'NONE', #5163, #2963, #1177 ) ;
#5138 = AXIS2_PLACEMENT_3D ( 'NONE', #7721, #4696, #2035 ) ;
#5139 = EDGE_CURVE ( 'NONE', #5884, #4054, #1846, .T. ) ;
#5140 = CARTESIAN_POINT ( 'NONE',  ( -39.82699858975895069, 2.100000000000000089, -42.08974028955580593 ) ) ;
#5141 = CARTESIAN_POINT ( 'NONE',  ( -36.46446609406732620, 0.6999999999999999556, 52.46446609406731199 ) ) ;
#5142 = AXIS2_PLACEMENT_3D ( 'NONE', #807, #428, #2931 ) ;
#5143 = FACE_BOUND ( 'NONE', #1529, .T. ) ;
#5144 = FACE_OUTER_BOUND ( 'NONE', #2462, .T. ) ;
#5145 = ORIENTED_EDGE ( 'NONE', *, *, #664, .F. ) ;
#5146 = DIRECTION ( 'NONE',  ( -0.000000000000000000, -1.000000000000000000, -0.000000000000000000 ) ) ;
#5147 = AXIS2_PLACEMENT_3D ( 'NONE', #2278, #4794, #5328 ) ;
#5148 = ORIENTED_EDGE ( 'NONE', *, *, #3171, .T. ) ;
#5149 = VECTOR ( 'NONE', #4786, 1000.000000000000000 ) ;
#5150 = ORIENTED_EDGE ( 'NONE', *, *, #2709, .T. ) ;
#5151 = EDGE_CURVE ( 'NONE', #3181, #6541, #6175, .T. ) ;
#5152 = DIRECTION ( 'NONE',  ( 0.000000000000000000, 0.000000000000000000, -1.000000000000000000 ) ) ;
#5153 = ORIENTED_EDGE ( 'NONE', *, *, #3873, .T. ) ;
#5154 = AXIS2_PLACEMENT_3D ( 'NONE', #6687, #4186, #5395 ) ;
#5155 = AXIS2_PLACEMENT_3D ( 'NONE', #2320, #959, #6088 ) ;
#5156 = CARTESIAN_POINT ( 'NONE',  ( -56.50000000000000000, 2.100000000000000089, 31.00000000000000000 ) ) ;
#5157 = VECTOR ( 'NONE', #5350, 1000.000000000000000 ) ;
#5158 = ORIENTED_EDGE ( 'NONE', *, *, #2005, .T. ) ;
#5159 = ORGANIZATION ( 'UNSPECIFIED', 'UNSPECIFIED', '' ) ;
#5160 = ORIENTED_EDGE ( 'NONE', *, *, #6771, .T. ) ;
#5161 = DIRECTION ( 'NONE',  ( -0.000000000000000000, -1.000000000000000000, -0.000000000000000000 ) ) ;
#5162 = DIRECTION ( 'NONE',  ( 1.000000000000000000, 0.000000000000000000, 0.000000000000000000 ) ) ;
#5163 = CARTESIAN_POINT ( 'NONE',  ( 54.14213562373100785, 2.100000000000000089, 70.14213562373100785 ) ) ;
#5164 = FACE_OUTER_BOUND ( 'NONE', #331, .T. ) ;
#5165 = DIRECTION ( 'NONE',  ( -0.000000000000000000, -1.000000000000000000, -0.000000000000000000 ) ) ;
#5166 = ORIENTED_EDGE ( 'NONE', *, *, #2845, .T. ) ;
#5167 = LINE ( 'NONE', #2732, #6833 ) ;
#5168 = EDGE_CURVE ( 'NONE', #4075, #3421, #1236, .T. ) ;
#5169 = CIRCLE ( 'NONE', #3844, 1.600000000000035394 ) ;
#5170 = ORIENTED_EDGE ( 'NONE', *, *, #3933, .T. ) ;
#5171 = EDGE_CURVE ( 'NONE', #5074, #6443, #3804, .T. ) ;
#5172 = ORIENTED_EDGE ( 'NONE', *, *, #5726, .T. ) ;
#5173 = CARTESIAN_POINT ( 'NONE',  ( -47.30000000000000426, 2.100000000000000089, 25.50000000000000000 ) ) ;
#5174 = PLANE ( 'NONE',  #1357 ) ;
#5175 = ORIENTED_EDGE ( 'NONE', *, *, #1134, .T. ) ;
#5176 = DIRECTION ( 'NONE',  ( 0.000000000000000000, 0.000000000000000000, 1.000000000000000000 ) ) ;
#5177 = LINE ( 'NONE', #117, #6908 ) ;
#5178 = CARTESIAN_POINT ( 'NONE',  ( -44.77674605806473807, 2.100000000000000089, -47.03948775786169989 ) ) ;
#5179 = ORIENTED_EDGE ( 'NONE', *, *, #441, .T. ) ;
#5180 = DIRECTION ( 'NONE',  ( 0.000000000000000000, 0.000000000000000000, 1.000000000000000000 ) ) ;
#5181 = DIRECTION ( 'NONE',  ( 0.000000000000000000, 0.000000000000000000, 1.000000000000000000 ) ) ;
#5182 = CARTESIAN_POINT ( 'NONE',  ( 42.72613639262380048, 0.6999999999999999556, 32.11953467482550195 ) ) ;
#5183 = AXIS2_PLACEMENT_3D ( 'NONE', #3618, #4277, #2463 ) ;
#5184 = EDGE_CURVE ( 'NONE', #7453, #6482, #1199, .T. ) ;
#5185 = AXIS2_PLACEMENT_3D ( 'NONE', #772, #173, #2503 ) ;
#5186 = LINE ( 'NONE', #3855, #617 ) ;
#5187 = LINE ( 'NONE', #7720, #6447 ) ;
#5188 = CARTESIAN_POINT ( 'NONE',  ( 16.48560856174882971, 2.100000000000000089, 15.34825612741715339 ) ) ;
#5189 = CYLINDRICAL_SURFACE ( 'NONE', #5417, 9.000000000000001776 ) ;
#5190 = ORIENTED_EDGE ( 'NONE', *, *, #1439, .F. ) ;
#5191 = CYLINDRICAL_SURFACE ( 'NONE', #6385, 1.599999999999997202 ) ;
#5192 = EDGE_CURVE ( 'NONE', #4631, #4992, #4297, .T. ) ;
#5193 = ORIENTED_EDGE ( 'NONE', *, *, #6424, .F. ) ;
#5194 = VECTOR ( 'NONE', #5651, 1000.000000000000000 ) ;
#5195 = ORIENTED_EDGE ( 'NONE', *, *, #5653, .F. ) ;
#5196 = CARTESIAN_POINT ( 'NONE',  ( -31.00000000000000000, 0.6999999999999999556, 65.50000000000000000 ) ) ;
#5197 = ORIENTED_EDGE ( 'NONE', *, *, #2771, .T. ) ;
#5198 = ORIENTED_EDGE ( 'NONE', *, *, #1351, .T. ) ;
#5199 = PLANE ( 'NONE',  #7472 ) ;
#5200 = VECTOR ( 'NONE', #6714, 1000.000000000000000 ) ;
#5201 = ADVANCED_FACE ( 'NONE', ( #2524 ), #6334, .F. ) ;
#5202 = EDGE_CURVE ( 'NONE', #6459, #180, #1556, .T. ) ;
#5203 = CIRCLE ( 'NONE', #6809, 1.599999999999997202 ) ;
#5204 = LINE ( 'NONE', #5955, #3577 ) ;
#5205 = DIRECTION ( 'NONE',  ( 0.000000000000000000, 0.000000000000000000, 1.000000000000000000 ) ) ;
#5206 = CARTESIAN_POINT ( 'NONE',  ( 25.50000000000000000, 2.100000000000000089, 48.89999999999999858 ) ) ;
#5207 = PLANE ( 'NONE',  #404 ) ;
#5208 = DIRECTION ( 'NONE',  ( -0.7982148603926243480, 0.000000000000000000, 0.6023728385712482369 ) ) ;
#5209 = ORIENTED_EDGE ( 'NONE', *, *, #261, .F. ) ;
#5210 = CARTESIAN_POINT ( 'NONE',  ( 24.00000000000000000, 2.100000000000000089, -15.50000000000000000 ) ) ;
#5211 = EDGE_LOOP ( 'NONE', ( #476, #3690, #937, #7176 ) ) ;
#5212 = DIRECTION ( 'NONE',  ( -0.000000000000000000, -1.000000000000000000, -0.000000000000000000 ) ) ;
#5213 = EDGE_LOOP ( 'NONE', ( #2751, #978 ) ) ;
#5214 = CYLINDRICAL_SURFACE ( 'NONE', #2158, 2.000000000000005329 ) ;
#5215 = EDGE_CURVE ( 'NONE', #6778, #207, #3634, .T. ) ;
#5216 = ORIENTED_EDGE ( 'NONE', *, *, #94, .F. ) ;
#5217 = EDGE_CURVE ( 'NONE', #6004, #7398, #4963, .T. ) ;
#5218 = CARTESIAN_POINT ( 'NONE',  ( -36.29146468382606372, 0.6999999999999999556, -36.29146468382625557 ) ) ;
#5219 = CARTESIAN_POINT ( 'NONE',  ( -1.131370849898491571, 2.100000000000000089, 1.131370849898491127 ) ) ;
#5220 = DIRECTION ( 'NONE',  ( -0.000000000000000000, -1.000000000000000000, -0.000000000000000000 ) ) ;
#5221 = ORIENTED_EDGE ( 'NONE', *, *, #4041, .F. ) ;
#5222 = CARTESIAN_POINT ( 'NONE',  ( 0.000000000000000000, 0.6999999999999999556, 56.50000000000000000 ) ) ;
#5223 = DIRECTION ( 'NONE',  ( -0.000000000000000000, -1.000000000000000000, 0.000000000000000000 ) ) ;
#5224 = CARTESIAN_POINT ( 'NONE',  ( -32.00000000000000000, 2.100000000000000089, 1.175660927181459947E-14 ) ) ;
#5225 = AXIS2_PLACEMENT_3D ( 'NONE', #4726, #2943, #1610 ) ;
#5226 = AXIS2_PLACEMENT_3D ( 'NONE', #1371, #3278, #2665 ) ;
#5227 = CIRCLE ( 'NONE', #6162, 2.000000000000011990 ) ;
#5228 = CARTESIAN_POINT ( 'NONE',  ( 70.14213562373100785, 2.100000000000000089, -52.54213562373101354 ) ) ;
#5229 = EDGE_CURVE ( 'NONE', #752, #4485, #4583, .T. ) ;
#5230 = CARTESIAN_POINT ( 'NONE',  ( -39.82699858975890095, 0.6999999999999999556, 42.08974028955584856 ) ) ;
#5231 = CARTESIAN_POINT ( 'NONE',  ( -28.93755415948609766, 2.100000000000000089, 27.33755415948608203 ) ) ;
#5232 = DIRECTION ( 'NONE',  ( -0.000000000000000000, -1.000000000000000000, -0.000000000000000000 ) ) ;
#5233 = DIRECTION ( 'NONE',  ( 0.000000000000000000, 0.000000000000000000, 1.000000000000000000 ) ) ;
#5234 = FACE_OUTER_BOUND ( 'NONE', #6974, .T. ) ;
#5235 = ORIENTED_EDGE ( 'NONE', *, *, #7404, .F. ) ;
#5236 = ORIENTED_EDGE ( 'NONE', *, *, #1370, .F. ) ;
#5237 = DIRECTION ( 'NONE',  ( 0.000000000000000000, 0.000000000000000000, 1.000000000000000000 ) ) ;
#5238 = EDGE_CURVE ( 'NONE', #5612, #468, #7896, .T. ) ;
#5239 = FACE_OUTER_BOUND ( 'NONE', #4249, .T. ) ;
#5240 = ORIENTED_EDGE ( 'NONE', *, *, #7242, .F. ) ;
#5241 = DIRECTION ( 'NONE',  ( 0.000000000000000000, 0.000000000000000000, 1.000000000000000000 ) ) ;
#5242 = VERTEX_POINT ( 'NONE', #3298 ) ;
#5243 = EDGE_LOOP ( 'NONE', ( #5473, #7491, #2974, #2554 ) ) ;
#5244 = AXIS2_PLACEMENT_3D ( 'NONE', #2498, #7518, #7642 ) ;
#5245 = EDGE_CURVE ( 'NONE', #3832, #1163, #185, .T. ) ;
#5246 = CARTESIAN_POINT ( 'NONE',  ( -2.525040043307524851, 2.100000000000000089, -4.374189797439959726 ) ) ;
#5247 = ADVANCED_FACE ( 'NONE', ( #1929 ), #7698, .F. ) ;
#5248 = CARTESIAN_POINT ( 'NONE',  ( -24.00000000000000000, 0.6999999999999999556, -15.50000000000000000 ) ) ;
#5249 = DIRECTION ( 'NONE',  ( 0.7071067811865507924, 0.000000000000000000, -0.7071067811865442421 ) ) ;
#5250 = PLANE ( 'NONE',  #6688 ) ;
#5251 = ORIENTED_EDGE ( 'NONE', *, *, #1103, .T. ) ;
#5252 = CARTESIAN_POINT ( 'NONE',  ( 19.09188309203656075, 2.100000000000000089, 17.49188309203696079 ) ) ;
#5253 = ORIENTED_EDGE ( 'NONE', *, *, #5606, .F. ) ;
#5254 = DIRECTION ( 'NONE',  ( 1.000000000000000000, -0.000000000000000000, 0.000000000000000000 ) ) ;
#5255 = VECTOR ( 'NONE', #2909, 1000.000000000000000 ) ;
#5256 = ORIENTED_EDGE ( 'NONE', *, *, #4775, .F. ) ;
#5257 = ADVANCED_FACE ( 'NONE', ( #2010 ), #2683, .F. ) ;
#5258 = FACE_OUTER_BOUND ( 'NONE', #6848, .T. ) ;
#5259 = EDGE_LOOP ( 'NONE', ( #320, #329, #5568, #2818 ) ) ;
#5260 = DIRECTION ( 'NONE',  ( 1.000000000000000000, -0.000000000000000000, 1.956455048094143408E-16 ) ) ;
#5261 = CARTESIAN_POINT ( 'NONE',  ( -30.06892500938459989, 2.100000000000000089, -27.80618330958759898 ) ) ;
#5262 = LINE ( 'NONE', #3972, #5736 ) ;
#5263 = VERTEX_POINT ( 'NONE', #5749 ) ;
#5264 = FACE_OUTER_BOUND ( 'NONE', #1115, .T. ) ;
#5265 = ORIENTED_EDGE ( 'NONE', *, *, #3128, .F. ) ;
#5266 = LINE ( 'NONE', #4601, #1210 ) ;
#5267 = EDGE_CURVE ( 'NONE', #1131, #804, #3338, .T. ) ;
#5268 = CARTESIAN_POINT ( 'NONE',  ( 32.11953467482550195, 2.100000000000000089, -42.72613639262380048 ) ) ;
#5269 = CYLINDRICAL_SURFACE ( 'NONE', #7243, 1.599999999999997202 ) ;
#5270 = VERTEX_POINT ( 'NONE', #7659 ) ;
#5271 = CARTESIAN_POINT ( 'NONE',  ( -52.46446609406731909, 0.6999999999999999556, 36.46446609406731909 ) ) ;
#5272 = LINE ( 'NONE', #5861, #7143 ) ;
#5273 = VECTOR ( 'NONE', #7884, 1000.000000000000114 ) ;
#5274 = DIRECTION ( 'NONE',  ( 0.000000000000000000, 0.000000000000000000, 1.000000000000000000 ) ) ;
#5275 = ORIENTED_EDGE ( 'NONE', *, *, #2119, .F. ) ;
#5276 = ADVANCED_FACE ( 'NONE', ( #4537 ), #3260, .F. ) ;
#5277 = EDGE_CURVE ( 'NONE', #1555, #7911, #7524, .T. ) ;
#5278 = AXIS2_PLACEMENT_3D ( 'NONE', #3578, #5406, #7936 ) ;
#5279 = ORIENTED_EDGE ( 'NONE', *, *, #2791, .F. ) ;
#5280 = CIRCLE ( 'NONE', #1573, 1.599999999999997202 ) ;
#5281 = CARTESIAN_POINT ( 'NONE',  ( -19.09188309203676326, 0.6999999999999999556, 19.09188309203676326 ) ) ;
#5282 = DIRECTION ( 'NONE',  ( 0.000000000000000000, 1.000000000000000000, -0.000000000000000000 ) ) ;
#5283 = ORIENTED_EDGE ( 'NONE', *, *, #2845, .F. ) ;
#5284 = EDGE_LOOP ( 'NONE', ( #7237, #5906, #6812, #3055 ) ) ;
#5285 = VECTOR ( 'NONE', #5092, 1000.000000000000000 ) ;
#5286 = CIRCLE ( 'NONE', #2105, 9.000000000000001776 ) ;
#5287 = DIRECTION ( 'NONE',  ( -0.000000000000000000, -1.000000000000000000, -0.000000000000000000 ) ) ;
#5288 = CIRCLE ( 'NONE', #2381, 1.000000000000000888 ) ;
#5289 = ADVANCED_FACE ( 'NONE', ( #144 ), #5207, .F. ) ;
#5290 = VECTOR ( 'NONE', #6777, 1000.000000000000000 ) ;
#5291 = AXIS2_PLACEMENT_3D ( 'NONE', #6498, #2007, #3913 ) ;
#5292 = CARTESIAN_POINT ( 'NONE',  ( -30.06892500938459989, 2.100000000000000089, 27.80618330958764517 ) ) ;
#5293 = CARTESIAN_POINT ( 'NONE',  ( -22.39999999999999858, 0.6999999999999999556, -15.50000000000000000 ) ) ;
#5294 = CARTESIAN_POINT ( 'NONE',  ( -38.55420638362294738, 0.6999999999999999556, -38.55420638362329555 ) ) ;
#5295 = ORIENTED_EDGE ( 'NONE', *, *, #5992, .F. ) ;
#5296 = FACE_OUTER_BOUND ( 'NONE', #3146, .T. ) ;
#5297 = ORIENTED_EDGE ( 'NONE', *, *, #6944, .T. ) ;
#5298 = DIRECTION ( 'NONE',  ( 0.000000000000000000, 1.000000000000000000, -0.000000000000000000 ) ) ;
#5299 = AXIS2_PLACEMENT_3D ( 'NONE', #560, #5518, #595 ) ;
#5300 = EDGE_CURVE ( 'NONE', #761, #3342, #7088, .T. ) ;
#5301 = ORIENTED_EDGE ( 'NONE', *, *, #2700, .F. ) ;
#5302 = EDGE_LOOP ( 'NONE', ( #2985, #1611, #2366, #8114 ) ) ;
#5303 = CARTESIAN_POINT ( 'NONE',  ( 47.03948775786169989, 2.100000000000000089, 44.77674605806473807 ) ) ;
#5304 = ORIENTED_EDGE ( 'NONE', *, *, #5908, .F. ) ;
#5305 = DIRECTION ( 'NONE',  ( -0.000000000000000000, -1.000000000000000000, -0.000000000000000000 ) ) ;
#5306 = CARTESIAN_POINT ( 'NONE',  ( 0.000000000000000000, 2.100000000000000089, -47.30000000000000426 ) ) ;
#5307 = FACE_BOUND ( 'NONE', #3871, .T. ) ;
#5308 = ORIENTED_EDGE ( 'NONE', *, *, #2904, .T. ) ;
#5309 = CARTESIAN_POINT ( 'NONE',  ( -40.95836943965729660, 0.6999999999999999556, 39.35836943965738755 ) ) ;
#5310 = DIRECTION ( 'NONE',  ( 0.000000000000000000, 0.000000000000000000, 1.000000000000000000 ) ) ;
#5311 = EDGE_CURVE ( 'NONE', #1181, #3082, #7738, .T. ) ;
#5312 = FACE_OUTER_BOUND ( 'NONE', #353, .T. ) ;
#5313 = DIRECTION ( 'NONE',  ( 0.000000000000000000, 0.000000000000000000, 1.000000000000000000 ) ) ;
#5314 = VERTEX_POINT ( 'NONE', #7126 ) ;
#5315 = DIRECTION ( 'NONE',  ( -0.000000000000000000, -1.000000000000000000, -0.000000000000000000 ) ) ;
#5316 = CARTESIAN_POINT ( 'NONE',  ( 42.08974028955585567, 0.6999999999999999556, 39.82699858975895069 ) ) ;
#5317 = VECTOR ( 'NONE', #6718, 1000.000000000000000 ) ;
#5318 = CARTESIAN_POINT ( 'NONE',  ( -4.999999999999999112, 0.6999999999999999556, 1.630379206745119104E-15 ) ) ;
#5319 = ORIENTED_EDGE ( 'NONE', *, *, #4648, .T. ) ;
#5320 = ORIENTED_EDGE ( 'NONE', *, *, #2288, .F. ) ;
#5321 = VECTOR ( 'NONE', #656, 1000.000000000000000 ) ;
#5322 = DIRECTION ( 'NONE',  ( 0.000000000000000000, -0.000000000000000000, 1.000000000000000000 ) ) ;
#5323 = DIRECTION ( 'NONE',  ( -0.000000000000000000, -1.000000000000000000, -0.000000000000000000 ) ) ;
#5324 = ORIENTED_EDGE ( 'NONE', *, *, #460, .F. ) ;
#5325 = ORIENTED_EDGE ( 'NONE', *, *, #6449, .T. ) ;
#5326 = EDGE_CURVE ( 'NONE', #1173, #7197, #1312, .T. ) ;
#5327 = CARTESIAN_POINT ( 'NONE',  ( 5.999999999999998224, 0.6999999999999999556, 9.449999999999997513 ) ) ;
#5328 = DIRECTION ( 'NONE',  ( 0.000000000000000000, 0.000000000000000000, 1.000000000000000000 ) ) ;
#5329 = PERSON_AND_ORGANIZATION ( #3834, #5159 ) ;
#5330 = CYLINDRICAL_SURFACE ( 'NONE', #3951, 1.600000000000004086 ) ;
#5331 = EDGE_CURVE ( 'NONE', #3832, #2896, #1426, .T. ) ;
#5332 = EDGE_LOOP ( 'NONE', ( #4599, #2315, #572, #3912 ) ) ;
#5333 = DIRECTION ( 'NONE',  ( 0.000000000000000000, 0.000000000000000000, 1.000000000000000000 ) ) ;
#5334 = ORIENTED_EDGE ( 'NONE', *, *, #5812, .T. ) ;
#5335 = DIRECTION ( 'NONE',  ( 0.000000000000000000, 0.000000000000000000, 1.000000000000000000 ) ) ;
#5336 = ORIENTED_EDGE ( 'NONE', *, *, #4893, .T. ) ;
#5337 = AXIS2_PLACEMENT_3D ( 'NONE', #3597, #321, #6140 ) ;
#5338 = VERTEX_POINT ( 'NONE', #4742 ) ;
#5339 = DIRECTION ( 'NONE',  ( 0.000000000000000000, 0.000000000000000000, 1.000000000000000000 ) ) ;
#5340 = VERTEX_POINT ( 'NONE', #6657 ) ;
#5341 = EDGE_CURVE ( 'NONE', #4203, #3750, #2492, .T. ) ;
#5342 = FACE_OUTER_BOUND ( 'NONE', #61, .T. ) ;
#5343 = CYLINDRICAL_SURFACE ( 'NONE', #1864, 1.600000000000004086 ) ;
#5344 = CARTESIAN_POINT ( 'NONE',  ( -19.09188309203676326, 2.100000000000000089, 19.09188309203676326 ) ) ;
#5345 = VERTEX_POINT ( 'NONE', #5120 ) ;
#5346 = VECTOR ( 'NONE', #6709, 1000.000000000000114 ) ;
#5347 = DIRECTION ( 'NONE',  ( -1.000000000000000000, 0.000000000000000000, 0.000000000000000000 ) ) ;
#5348 = LINE ( 'NONE', #808, #3708 ) ;
#5349 = AXIS2_PLACEMENT_3D ( 'NONE', #3368, #5664, #3710 ) ;
#5350 = DIRECTION ( 'NONE',  ( -0.000000000000000000, -1.000000000000000000, -0.000000000000000000 ) ) ;
#5351 = FACE_OUTER_BOUND ( 'NONE', #6188, .T. ) ;
#5352 = EDGE_CURVE ( 'NONE', #172, #5765, #3838, .T. ) ;
#5353 = CARTESIAN_POINT ( 'NONE',  ( -44.77674605806473807, 2.100000000000000089, -47.03948775786169989 ) ) ;
#5354 = ADVANCED_FACE ( 'NONE', ( #708 ), #2640, .F. ) ;
#5355 = CIRCLE ( 'NONE', #5082, 1.000000000000005995 ) ;
#5356 = DIRECTION ( 'NONE',  ( -0.000000000000000000, -1.000000000000000000, 0.000000000000000000 ) ) ;
#5357 = VECTOR ( 'NONE', #7914, 1000.000000000000000 ) ;
#5358 = ORIENTED_EDGE ( 'NONE', *, *, #1386, .T. ) ;
#5359 = CARTESIAN_POINT ( 'NONE',  ( 28.93755415948609766, 2.100000000000000089, 27.33755415948606426 ) ) ;
#5360 = ORIENTED_EDGE ( 'NONE', *, *, #836, .T. ) ;
#5361 = CIRCLE ( 'NONE', #101, 1.600000000000000755 ) ;
#5362 = ORIENTED_EDGE ( 'NONE', *, *, #4768, .T. ) ;
#5363 = CIRCLE ( 'NONE', #7486, 1.600000000000000755 ) ;
#5364 = CARTESIAN_POINT ( 'NONE',  ( -1.131370849898634567, 2.100000000000000089, -1.131370849898622577 ) ) ;
#5365 = DIRECTION ( 'NONE',  ( 0.000000000000000000, 0.000000000000000000, -1.000000000000000000 ) ) ;
#5366 = ORIENTED_EDGE ( 'NONE', *, *, #8162, .F. ) ;
#5367 = ORIENTED_EDGE ( 'NONE', *, *, #4129, .T. ) ;
#5368 = DIRECTION ( 'NONE',  ( -0.000000000000000000, -1.000000000000000000, -0.000000000000000000 ) ) ;
#5369 = CLOSED_SHELL ( 'NONE', ( #2911, #482, #7314, #1925, #4947, #4105, #7405, #926, #2968, #4076, #5276, #7, #122, #3275, #1074, #594, #7189, #3872, #1840, #382, #7606, #1043, #4833, #2890, #4977, #1022, #6818, #5708, #8125, #178, #2952, #2830, #2466, #3148, #5984, #5566, #6494, #5535, #3856, #3789, #4423, #4516, #7537, #7039, #4718, #1746, #1778, #1638, #4032, #3775, #4680, #2369, #2307, #5607, #6896, #4031, #7616, #3700, #4365, #7591, #2432, #2137, #7116, #2455, #6545, #3375, #2247, #2727, #8010, #857, #7572, #7688, #6264, #1905, #3996, #6790, #4990, #4369, #6102, #2347, #8111, #5289, #5636, #2925, #6975, #1549, #2889, #1190, #6496, #6854, #4530, #191, #8021, #1502, #6808, #3465, #2400, #1093, #5247, #608, #5408, #7262, #3202, #5534, #6730, #3730, #3061, #2182, #1480, #1699, #5077, #518, #1228, #6015, #4187, #4719, #2104, #1416, #2262, #684, #2601, #559, #3740, #7991, #4200, #1725, #7287, #7335, #5583, #5201, #491, #1686, #6484, #4948, #5498, #2571, #1089, #7534, #1127, #4649, #4989, #2949, #1003, #724, #2271, #2086, #5815, #2033, #3144, #6291, #1425, #3457, #7641, #903, #4847, #6873, #7939, #6022, #1978, #2348, #5620, #4745, #2289, #894, #8113, #4888, #1654, #813, #1785, #609, #1299, #499, #46, #5112, #4633, #113, #691, #4280, #2697, #3005, #1668, #7624, #877, #5257, #1220, #3503, #3255, #2508, #4058, #1255, #3947, #7461, #1856, #2316, #5882, #4315, #1142, #3248, #6172, #6218, #3784, #5966, #3624, #3266, #4609, #3741, #5354, #5700, #5540, #5070, #6779, #7367, #7483, #7687, #7227, #1949, #3537, #7366, #4223, #4730, #6609, #6058, #7235, #7840, #6441, #1548, #8099, #6238, #1906, #47 ) ) ;
#5370 = CARTESIAN_POINT ( 'NONE',  ( 18.00385078242113934, 2.100000000000000089, -4.621025403784440932 ) ) ;
#5371 = EDGE_CURVE ( 'NONE', #7708, #3943, #3025, .T. ) ;
#5372 = DIRECTION ( 'NONE',  ( 0.000000000000000000, 0.000000000000000000, 1.000000000000000000 ) ) ;
#5373 = PERSON_AND_ORGANIZATION ( #3834, #5159 ) ;
#5374 = CARTESIAN_POINT ( 'NONE',  ( 1.540743955509788682E-30, 0.6999999999999999556, -33.90000000000001990 ) ) ;
#5375 = DIRECTION ( 'NONE',  ( -0.000000000000000000, -1.000000000000000000, -0.000000000000000000 ) ) ;
#5376 = CARTESIAN_POINT ( 'NONE',  ( 0.000000000000000000, 2.100000000000000089, 26.50000000000000000 ) ) ;
#5377 = VERTEX_POINT ( 'NONE', #5530 ) ;
#5378 = CARTESIAN_POINT ( 'NONE',  ( 45.90811690796319766, 2.100000000000000089, -45.90811690796319766 ) ) ;
#5379 = ORIENTED_EDGE ( 'NONE', *, *, #140, .F. ) ;
#5380 = EDGE_CURVE ( 'NONE', #6553, #7398, #6876, .T. ) ;
#5381 = ORIENTED_EDGE ( 'NONE', *, *, #302, .F. ) ;
#5382 = DIRECTION ( 'NONE',  ( 0.000000000000000000, 1.000000000000000000, -0.000000000000000000 ) ) ;
#5383 = ORIENTED_EDGE ( 'NONE', *, *, #2318, .T. ) ;
#5384 = CARTESIAN_POINT ( 'NONE',  ( -54.14213562373100785, 2.100000000000000089, -71.74213562373091690 ) ) ;
#5385 = DIRECTION ( 'NONE',  ( -1.000000000000000000, 0.000000000000000000, 0.000000000000000000 ) ) ;
#5386 = CARTESIAN_POINT ( 'NONE',  ( 43.85750724252224586, 2.100000000000000089, 33.25090552472404681 ) ) ;
#5387 = ORIENTED_EDGE ( 'NONE', *, *, #3320, .T. ) ;
#5388 = CARTESIAN_POINT ( 'NONE',  ( 1.959434878635780514E-16, 2.100000000000000089, 35.50000000000001421 ) ) ;
#5389 = ORIENTED_EDGE ( 'NONE', *, *, #76, .F. ) ;
#5390 = FACE_OUTER_BOUND ( 'NONE', #5650, .T. ) ;
#5391 = EDGE_CURVE ( 'NONE', #26, #1195, #4903, .T. ) ;
#5392 = AXIS2_PLACEMENT_3D ( 'NONE', #2655, #4010, #7670 ) ;
#5393 = CARTESIAN_POINT ( 'NONE',  ( -52.46446609406718409, 2.100000000000000089, -38.06446609406751236 ) ) ;
#5394 = DIRECTION ( 'NONE',  ( 6.521516826980478438E-17, 0.000000000000000000, -1.000000000000000000 ) ) ;
#5395 = DIRECTION ( 'NONE',  ( 0.000000000000000000, 0.000000000000000000, 1.000000000000000000 ) ) ;
#5396 = LINE ( 'NONE', #5939, #4526 ) ;
#5397 = VERTEX_POINT ( 'NONE', #4822 ) ;
#5398 = EDGE_CURVE ( 'NONE', #3783, #5338, #1667, .T. ) ;
#5399 = ORIENTED_EDGE ( 'NONE', *, *, #5487, .F. ) ;
#5400 = CARTESIAN_POINT ( 'NONE',  ( -11.50000000000000000, 2.100000000000000089, -0.8660254037844367092 ) ) ;
#5401 = LINE ( 'NONE', #7436, #5698 ) ;
#5402 = VECTOR ( 'NONE', #892, 1000.000000000000000 ) ;
#5403 = ORIENTED_EDGE ( 'NONE', *, *, #3665, .F. ) ;
#5404 = DIRECTION ( 'NONE',  ( 0.000000000000000000, 1.000000000000000000, -0.000000000000000000 ) ) ;
#5405 = FACE_BOUND ( 'NONE', #1939, .T. ) ;
#5406 = DIRECTION ( 'NONE',  ( 0.000000000000000000, 1.000000000000000000, -0.000000000000000000 ) ) ;
#5407 = DIRECTION ( 'NONE',  ( -0.000000000000000000, -1.000000000000000000, -0.000000000000000000 ) ) ;
#5408 = ADVANCED_FACE ( 'NONE', ( #5572 ), #4153, .F. ) ;
#5409 = CARTESIAN_POINT ( 'NONE',  ( 19.09188309203656075, 0.6999999999999999556, 20.69188309203697074 ) ) ;
#5410 = DATE_AND_TIME ( #6706, #2517 ) ;
#5411 = EDGE_LOOP ( 'NONE', ( #6327, #1117, #290, #155 ) ) ;
#5412 = DIRECTION ( 'NONE',  ( 0.000000000000000000, 0.000000000000000000, -1.000000000000000000 ) ) ;
#5413 = DIRECTION ( 'NONE',  ( 0.000000000000000000, 0.000000000000000000, -1.000000000000000000 ) ) ;
#5414 = LINE ( 'NONE', #5998, #2099 ) ;
#5415 = VERTEX_POINT ( 'NONE', #4239 ) ;
#5416 = FACE_OUTER_BOUND ( 'NONE', #2042, .T. ) ;
#5417 = AXIS2_PLACEMENT_3D ( 'NONE', #2081, #771, #933 ) ;
#5418 = ORIENTED_EDGE ( 'NONE', *, *, #7704, .F. ) ;
#5419 = ORIENTED_EDGE ( 'NONE', *, *, #856, .T. ) ;
#5420 = CARTESIAN_POINT ( 'NONE',  ( -74.50000000000000000, 0.6999999999999999556, 55.50000000000000000 ) ) ;
#5421 = CARTESIAN_POINT ( 'NONE',  ( -31.00000000000000000, 2.100000000000000089, 0.000000000000000000 ) ) ;
#5422 = ORIENTED_EDGE ( 'NONE', *, *, #2446, .F. ) ;
#5423 = DIRECTION ( 'NONE',  ( 0.000000000000000000, 0.000000000000000000, 1.000000000000000000 ) ) ;
#5424 = CARTESIAN_POINT ( 'NONE',  ( 0.000000000000000000, 2.100000000000000089, -31.00000000000000000 ) ) ;
#5425 = LINE ( 'NONE', #2232, #6367 ) ;
#5426 = AXIS2_PLACEMENT_3D ( 'NONE', #1421, #7154, #3991 ) ;
#5427 = FACE_OUTER_BOUND ( 'NONE', #1193, .T. ) ;
#5428 = ORIENTED_EDGE ( 'NONE', *, *, #4113, .F. ) ;
#5429 = AXIS2_PLACEMENT_3D ( 'NONE', #564, #5098, #8133 ) ;
#5430 = EDGE_CURVE ( 'NONE', #804, #7035, #4872, .T. ) ;
#5431 = CARTESIAN_POINT ( 'NONE',  ( -54.14213562373090127, 0.6999999999999999556, 71.74213562373101638 ) ) ;
#5432 = EDGE_CURVE ( 'NONE', #4004, #5491, #1100, .T. ) ;
#5433 = ORIENTED_EDGE ( 'NONE', *, *, #5034, .T. ) ;
#5434 = CIRCLE ( 'NONE', #1321, 1.600000000000004086 ) ;
#5435 = PLANE ( 'NONE',  #2131 ) ;
#5436 = CIRCLE ( 'NONE', #6233, 1.600000000000018074 ) ;
#5437 = LOCAL_TIME ( 20, 26, 31.00000000000000000, #1553 ) ;
#5438 = CARTESIAN_POINT ( 'NONE',  ( -38.55420638362329555, 2.100000000000000089, 38.55420638362294738 ) ) ;
#5439 = CYLINDRICAL_SURFACE ( 'NONE', #8146, 1.599999999999997202 ) ;
#5440 = CYLINDRICAL_SURFACE ( 'NONE', #3526, 1.600000000000000755 ) ;
#5441 = DIRECTION ( 'NONE',  ( 0.8660254037844385966, 0.000000000000000000, 0.5000000000000001110 ) ) ;
#5442 = EDGE_CURVE ( 'NONE', #1564, #1797, #2631, .T. ) ;
#5443 = ORIENTED_EDGE ( 'NONE', *, *, #7040, .T. ) ;
#5444 = ORIENTED_EDGE ( 'NONE', *, *, #2597, .F. ) ;
#5445 = ORIENTED_EDGE ( 'NONE', *, *, #2743, .T. ) ;
#5446 = CIRCLE ( 'NONE', #3068, 1.600000000000000755 ) ;
#5447 = DIRECTION ( 'NONE',  ( 3.469446951953593284E-15, 0.000000000000000000, 1.000000000000000000 ) ) ;
#5448 = CYLINDRICAL_SURFACE ( 'NONE', #1072, 1.599999999999997202 ) ;
#5449 = ORIENTED_EDGE ( 'NONE', *, *, #4813, .F. ) ;
#5450 = FACE_BOUND ( 'NONE', #3840, .T. ) ;
#5451 = CARTESIAN_POINT ( 'NONE',  ( -42.08974028955589830, 2.100000000000000089, -39.82699858975880147 ) ) ;
#5452 = EDGE_CURVE ( 'NONE', #180, #3890, #7479, .T. ) ;
#5453 = DIRECTION ( 'NONE',  ( -0.000000000000000000, -1.000000000000000000, -0.000000000000000000 ) ) ;
#5454 = VECTOR ( 'NONE', #1956, 1000.000000000000000 ) ;
#5455 = FACE_OUTER_BOUND ( 'NONE', #5634, .T. ) ;
#5456 = CALENDAR_DATE ( 2026, 7, 6 ) ;
#5457 = EDGE_LOOP ( 'NONE', ( #6391, #6027 ) ) ;
#5458 = EDGE_CURVE ( 'NONE', #3750, #7457, #8102, .T. ) ;
#5459 = DIRECTION ( 'NONE',  ( 0.000000000000000000, 1.000000000000000000, -0.000000000000000000 ) ) ;
#5460 = DIRECTION ( 'NONE',  ( 1.000000000000000000, -0.000000000000000000, 0.000000000000000000 ) ) ;
#5461 = CARTESIAN_POINT ( 'NONE',  ( -48.89999999999999858, 0.6999999999999999556, -25.50000000000000000 ) ) ;
#5462 = VERTEX_POINT ( 'NONE', #459 ) ;
#5463 = ORIENTED_EDGE ( 'NONE', *, *, #3969, .F. ) ;
#5464 = CARTESIAN_POINT ( 'NONE',  ( 47.03948775786169989, 0.6999999999999999556, 44.77674605806473807 ) ) ;
#5465 = PLANE ( 'NONE',  #5673 ) ;
#5466 = VERTEX_POINT ( 'NONE', #2425 ) ;
#5467 = FACE_OUTER_BOUND ( 'NONE', #3329, .T. ) ;
#5468 = LINE ( 'NONE', #5306, #7292 ) ;
#5469 = VERTEX_POINT ( 'NONE', #1058 ) ;
#5470 = CARTESIAN_POINT ( 'NONE',  ( 55.50000000000000000, 2.100000000000000089, 64.50000000000000000 ) ) ;
#5471 = ORIENTED_EDGE ( 'NONE', *, *, #3980, .F. ) ;
#5472 = CARTESIAN_POINT ( 'NONE',  ( 70.14213562373100785, 2.100000000000000089, -54.14213562373100785 ) ) ;
#5473 = ORIENTED_EDGE ( 'NONE', *, *, #3521, .F. ) ;
#5474 = CARTESIAN_POINT ( 'NONE',  ( 6.695712039061133325, 2.100000000000000089, -24.46832079094607693 ) ) ;
#5475 = AXIS2_PLACEMENT_3D ( 'NONE', #6056, #7389, #1088 ) ;
#5476 = AXIS2_PLACEMENT_3D ( 'NONE', #7751, #4513, #4598 ) ;
#5477 = EDGE_CURVE ( 'NONE', #401, #6156, #2240, .T. ) ;
#5478 = FACE_OUTER_BOUND ( 'NONE', #2942, .T. ) ;
#5479 = AXIS2_PLACEMENT_3D ( 'NONE', #6934, #6973, #8084 ) ;
#5480 = ORIENTED_EDGE ( 'NONE', *, *, #3705, .F. ) ;
#5481 = DIRECTION ( 'NONE',  ( 0.000000000000000000, 0.000000000000000000, 1.000000000000000000 ) ) ;
#5482 = DIRECTION ( 'NONE',  ( 0.000000000000000000, 0.000000000000000000, 1.000000000000000000 ) ) ;
#5483 = DIRECTION ( 'NONE',  ( -0.000000000000000000, -1.000000000000000000, -0.000000000000000000 ) ) ;
#5484 = CIRCLE ( 'NONE', #2036, 1.599999999999998312 ) ;
#5485 = VERTEX_POINT ( 'NONE', #4780 ) ;
#5486 = EDGE_LOOP ( 'NONE', ( #6463, #3878, #6373, #4298 ) ) ;
#5487 = EDGE_CURVE ( 'NONE', #2458, #2793, #6743, .T. ) ;
#5488 = ORIENTED_EDGE ( 'NONE', *, *, #5452, .T. ) ;
#5489 = DIRECTION ( 'NONE',  ( 0.000000000000000000, 0.000000000000000000, -1.000000000000000000 ) ) ;
#5490 = DIRECTION ( 'NONE',  ( 0.000000000000000000, 0.000000000000000000, 1.000000000000000000 ) ) ;
#5491 = VERTEX_POINT ( 'NONE', #4941 ) ;
#5492 = ORIENTED_EDGE ( 'NONE', *, *, #2771, .F. ) ;
#5493 = CARTESIAN_POINT ( 'NONE',  ( 48.89999999999999858, 0.6999999999999999556, -25.50000000000000000 ) ) ;
#5494 = ORIENTED_EDGE ( 'NONE', *, *, #1469, .T. ) ;
#5495 = CARTESIAN_POINT ( 'NONE',  ( 1.131370849898005293, 0.6999999999999999556, -1.131370849897981312 ) ) ;
#5496 = VECTOR ( 'NONE', #2077, 1000.000000000000000 ) ;
#5497 = ORIENTED_EDGE ( 'NONE', *, *, #1727, .T. ) ;
#5498 = ADVANCED_FACE ( 'NONE', ( #1792 ), #4318, .F. ) ;
#5499 = DIRECTION ( 'NONE',  ( -0.7071067811865456854, 0.000000000000000000, -0.7071067811865493491 ) ) ;
#5500 = VERTEX_POINT ( 'NONE', #2878 ) ;
#5501 = VECTOR ( 'NONE', #5026, 1000.000000000000000 ) ;
#5502 = VECTOR ( 'NONE', #1317, 1000.000000000000000 ) ;
#5503 = CARTESIAN_POINT ( 'NONE',  ( 22.62741699796950101, 0.6999999999999999556, 21.02741699796949959 ) ) ;
#5504 = EDGE_LOOP ( 'NONE', ( #2361, #5006 ) ) ;
#5505 = EDGE_CURVE ( 'NONE', #55, #4075, #7797, .T. ) ;
#5506 = ORIENTED_EDGE ( 'NONE', *, *, #1801, .F. ) ;
#5507 = EDGE_CURVE ( 'NONE', #30, #6116, #4350, .T. ) ;
#5508 = CYLINDRICAL_SURFACE ( 'NONE', #4227, 2.000000000000011990 ) ;
#5509 = DIRECTION ( 'NONE',  ( 0.000000000000000000, 0.000000000000000000, 1.000000000000000000 ) ) ;
#5510 = ORIENTED_EDGE ( 'NONE', *, *, #7739, .F. ) ;
#5511 = DIRECTION ( 'NONE',  ( -0.8660254037844385966, 0.000000000000000000, -0.5000000000000001110 ) ) ;
#5512 = ORIENTED_EDGE ( 'NONE', *, *, #2053, .T. ) ;
#5513 = FACE_BOUND ( 'NONE', #6374, .T. ) ;
#5514 = ORIENTED_EDGE ( 'NONE', *, *, #866, .T. ) ;
#5515 = PLANE ( 'NONE',  #1108 ) ;
#5516 = VERTEX_POINT ( 'NONE', #1627 ) ;
#5517 = EDGE_CURVE ( 'NONE', #3749, #6707, #6701, .T. ) ;
#5518 = DIRECTION ( 'NONE',  ( -0.000000000000000000, -1.000000000000000000, -0.000000000000000000 ) ) ;
#5519 = CARTESIAN_POINT ( 'NONE',  ( -42.72613639262370100, 2.100000000000000089, 30.51953467482549698 ) ) ;
#5520 = PLANE ( 'NONE',  #4854 ) ;
#5521 = CARTESIAN_POINT ( 'NONE',  ( -33.25090552472404681, 0.6999999999999999556, 43.85750724252224586 ) ) ;
#5522 = DIRECTION ( 'NONE',  ( 0.000000000000000000, 0.000000000000000000, 1.000000000000000000 ) ) ;
#5523 = VERTEX_POINT ( 'NONE', #6912 ) ;
#5524 = ORIENTED_EDGE ( 'NONE', *, *, #2151, .T. ) ;
#5525 = CARTESIAN_POINT ( 'NONE',  ( 70.14213562373100785, 2.100000000000000089, -54.14213562373100785 ) ) ;
#5526 = DIRECTION ( 'NONE',  ( 0.000000000000000000, 0.000000000000000000, -1.000000000000000000 ) ) ;
#5527 = ORIENTED_EDGE ( 'NONE', *, *, #2541, .T. ) ;
#5528 = FACE_BOUND ( 'NONE', #6909, .T. ) ;
#5529 = AXIS2_PLACEMENT_3D ( 'NONE', #7220, #436, #2897 ) ;
#5530 = CARTESIAN_POINT ( 'NONE',  ( 19.09188309203689471, 2.100000000000000089, -17.49188309203663039 ) ) ;
#5531 = VERTEX_POINT ( 'NONE', #6 ) ;
#5532 = FACE_OUTER_BOUND ( 'NONE', #4665, .T. ) ;
#5533 = DIRECTION ( 'NONE',  ( -0.000000000000000000, -1.000000000000000000, -0.000000000000000000 ) ) ;
#5534 = ADVANCED_FACE ( 'NONE', ( #4400 ), #1219, .F. ) ;
#5535 = ADVANCED_FACE ( 'NONE', ( #614 ), #8143, .F. ) ;
#5536 = ORIENTED_EDGE ( 'NONE', *, *, #2977, .F. ) ;
#5537 = CARTESIAN_POINT ( 'NONE',  ( 0.000000000000000000, 0.6999999999999999556, 0.000000000000000000 ) ) ;
#5538 = EDGE_LOOP ( 'NONE', ( #3021, #590, #2364, #3925, #1355 ) ) ;
#5539 = CARTESIAN_POINT ( 'NONE',  ( -65.00000000000000000, 2.100000000000000089, 65.00000000000000000 ) ) ;
#5540 = ADVANCED_FACE ( 'NONE', ( #5144 ), #3205, .T. ) ;
#5541 = VECTOR ( 'NONE', #818, 1000.000000000000000 ) ;
#5542 = EDGE_LOOP ( 'NONE', ( #5195, #4547, #2606, #6612, #90 ) ) ;
#5543 = EDGE_LOOP ( 'NONE', ( #7929, #630, #1958, #1750 ) ) ;
#5544 = AXIS2_PLACEMENT_3D ( 'NONE', #1914, #571, #3736 ) ;
#5545 = VECTOR ( 'NONE', #5807, 1000.000000000000000 ) ;
#5546 = LINE ( 'NONE', #5421, #166 ) ;
#5547 = DIRECTION ( 'NONE',  ( -0.000000000000000000, -1.000000000000000000, -0.000000000000000000 ) ) ;
#5548 = ORIENTED_EDGE ( 'NONE', *, *, #4267, .F. ) ;
#5549 = DIRECTION ( 'NONE',  ( 0.000000000000000000, 0.000000000000000000, -1.000000000000000000 ) ) ;
#5550 = FACE_OUTER_BOUND ( 'NONE', #7581, .T. ) ;
#5551 = EDGE_LOOP ( 'NONE', ( #6784, #1883, #4441, #4962 ) ) ;
#5552 = FACE_BOUND ( 'NONE', #6734, .T. ) ;
#5553 = EDGE_LOOP ( 'NONE', ( #1156, #2135, #6538, #5160 ) ) ;
#5554 = LINE ( 'NONE', #1814, #855 ) ;
#5555 = EDGE_LOOP ( 'NONE', ( #1643, #3250, #7632, #8151 ) ) ;
#5556 = EDGE_CURVE ( 'NONE', #2729, #3421, #6481, .T. ) ;
#5557 = CIRCLE ( 'NONE', #7548, 1.600000000000004086 ) ;
#5558 = DIRECTION ( 'NONE',  ( 0.000000000000000000, 0.000000000000000000, 1.000000000000000000 ) ) ;
#5559 = VECTOR ( 'NONE', #4351, 1000.000000000000000 ) ;
#5560 = ORIENTED_EDGE ( 'NONE', *, *, #7388, .T. ) ;
#5561 = CARTESIAN_POINT ( 'NONE',  ( -1.131370849898445385, 2.100000000000000089, -1.131370849898443831 ) ) ;
#5562 = CARTESIAN_POINT ( 'NONE',  ( -54.14213562373090127, 2.100000000000000089, 68.54213562373099933 ) ) ;
#5563 = FACE_OUTER_BOUND ( 'NONE', #6313, .T. ) ;
#5564 = ORIENTED_EDGE ( 'NONE', *, *, #3866, .T. ) ;
#5565 = CARTESIAN_POINT ( 'NONE',  ( -74.50000000000000000, 0.6999999999999999556, 0.000000000000000000 ) ) ;
#5566 = ADVANCED_FACE ( 'NONE', ( #89 ), #4983, .F. ) ;
#5567 = EDGE_CURVE ( 'NONE', #1231, #4714, #6952, .T. ) ;
#5568 = ORIENTED_EDGE ( 'NONE', *, *, #3408, .T. ) ;
#5569 = EDGE_LOOP ( 'NONE', ( #1149, #5824, #6890, #1735 ) ) ;
#5570 = DIRECTION ( 'NONE',  ( -0.7071067811865470176, 0.000000000000000000, -0.7071067811865480168 ) ) ;
#5571 = DIRECTION ( 'NONE',  ( -0.7071067811865435759, 0.000000000000000000, -0.7071067811865515695 ) ) ;
#5572 = FACE_OUTER_BOUND ( 'NONE', #6821, .T. ) ;
#5573 = ORIENTED_EDGE ( 'NONE', *, *, #6409, .T. ) ;
#5574 = CARTESIAN_POINT ( 'NONE',  ( 19.50385078242113934, 2.100000000000000089, 3.754999999999999005 ) ) ;
#5575 = EDGE_CURVE ( 'NONE', #2946, #1460, #668, .T. ) ;
#5576 = EDGE_CURVE ( 'NONE', #3907, #4612, #928, .T. ) ;
#5577 = CARTESIAN_POINT ( 'NONE',  ( -25.50000000000000000, 2.100000000000000089, 48.89999999999999858 ) ) ;
#5578 = ORIENTED_EDGE ( 'NONE', *, *, #1577, .T. ) ;
#5579 = CYLINDRICAL_SURFACE ( 'NONE', #4019, 9.000000000000001776 ) ;
#5580 = AXIS2_PLACEMENT_3D ( 'NONE', #632, #3140, #4215 ) ;
#5581 = ORIENTED_EDGE ( 'NONE', *, *, #6414, .F. ) ;
#5582 = ORIENTED_EDGE ( 'NONE', *, *, #7770, .T. ) ;
#5583 = ADVANCED_FACE ( 'NONE', ( #5691 ), #6356, .F. ) ;
#5584 = DIRECTION ( 'NONE',  ( -0.000000000000000000, -1.000000000000000000, -0.000000000000000000 ) ) ;
#5585 = CARTESIAN_POINT ( 'NONE',  ( -70.14213562373100785, 2.100000000000000089, -54.14213562373090127 ) ) ;
#5586 = CARTESIAN_POINT ( 'NONE',  ( 70.14213562373043942, 2.100000000000000089, 54.14213562373164024 ) ) ;
#5587 = ORIENTED_EDGE ( 'NONE', *, *, #2497, .T. ) ;
#5588 = DIRECTION ( 'NONE',  ( -0.000000000000000000, -1.000000000000000000, -0.000000000000000000 ) ) ;
#5589 = VERTEX_POINT ( 'NONE', #3122 ) ;
#5590 = FACE_BOUND ( 'NONE', #1515, .T. ) ;
#5591 = EDGE_LOOP ( 'NONE', ( #1158, #3508, #7425, #1664 ) ) ;
#5592 = CARTESIAN_POINT ( 'NONE',  ( -32.75593077789339702, 2.100000000000000089, 35.01867247769040858 ) ) ;
#5593 = VERTEX_POINT ( 'NONE', #1954 ) ;
#5594 = EDGE_CURVE ( 'NONE', #6963, #3770, #695, .T. ) ;
#5595 = ORIENTED_EDGE ( 'NONE', *, *, #3153, .T. ) ;
#5596 = AXIS2_PLACEMENT_3D ( 'NONE', #3809, #5057, #7596 ) ;
#5597 = CARTESIAN_POINT ( 'NONE',  ( 19.09188309203656075, 0.6999999999999999556, 19.09188309203696576 ) ) ;
#5598 = DIRECTION ( 'NONE',  ( 0.8660596620565251813, 0.000000000000000000, 0.4999406582370923835 ) ) ;
#5599 = FACE_OUTER_BOUND ( 'NONE', #7952, .T. ) ;
#5600 = ORIENTED_EDGE ( 'NONE', *, *, #4578, .F. ) ;
#5601 = CIRCLE ( 'NONE', #6665, 1.600000000000001643 ) ;
#5602 = CARTESIAN_POINT ( 'NONE',  ( 55.50000000000000000, 2.100000000000000089, -46.50000000000000000 ) ) ;
#5603 = ORIENTED_EDGE ( 'NONE', *, *, #5517, .T. ) ;
#5604 = ORIENTED_EDGE ( 'NONE', *, *, #1338, .T. ) ;
#5605 = VECTOR ( 'NONE', #4764, 1000.000000000000000 ) ;
#5606 = EDGE_CURVE ( 'NONE', #997, #1131, #2505, .T. ) ;
#5607 = ADVANCED_FACE ( 'NONE', ( #7027 ), #1830, .F. ) ;
#5608 = DIRECTION ( 'NONE',  ( 0.000000000000000000, 0.000000000000000000, 1.000000000000000000 ) ) ;
#5609 = CARTESIAN_POINT ( 'NONE',  ( -65.50000000000000000, 0.6999999999999999556, 31.00000000000000000 ) ) ;
#5610 = DIRECTION ( 'NONE',  ( 0.000000000000000000, 0.000000000000000000, 1.000000000000000000 ) ) ;
#5611 = DIRECTION ( 'NONE',  ( -0.000000000000000000, -1.000000000000000000, 0.000000000000000000 ) ) ;
#5612 = VERTEX_POINT ( 'NONE', #51 ) ;
#5613 = CARTESIAN_POINT ( 'NONE',  ( -28.93755415948609766, 2.100000000000000089, 28.93755415948609766 ) ) ;
#5614 = VECTOR ( 'NONE', #6753, 1000.000000000000000 ) ;
#5615 = CIRCLE ( 'NONE', #6819, 9.000000000000001776 ) ;
#5616 = CYLINDRICAL_SURFACE ( 'NONE', #7155, 1.600000000000000755 ) ;
#5617 = EDGE_LOOP ( 'NONE', ( #8168, #696, #1632, #1918 ) ) ;
#5618 = DIRECTION ( 'NONE',  ( 0.7071067811865474617, 0.000000000000000000, 0.7071067811865474617 ) ) ;
#5619 = VECTOR ( 'NONE', #8145, 1000.000000000000000 ) ;
#5620 = ADVANCED_FACE ( 'NONE', ( #7682 ), #4360, .F. ) ;
#5621 = ORIENTED_EDGE ( 'NONE', *, *, #7704, .T. ) ;
#5622 = ORIENTED_EDGE ( 'NONE', *, *, #94, .T. ) ;
#5623 = AXIS2_PLACEMENT_3D ( 'NONE', #7829, #4126, #2226 ) ;
#5624 = VERTEX_POINT ( 'NONE', #3779 ) ;
#5625 = CARTESIAN_POINT ( 'NONE',  ( 11.50000000000000000, 0.6999999999999999556, -0.8660254037844375974 ) ) ;
#5626 = DIRECTION ( 'NONE',  ( 0.000000000000000000, 1.000000000000000000, -0.000000000000000000 ) ) ;
#5627 = CARTESIAN_POINT ( 'NONE',  ( 1.959434878635779035E-16, 2.100000000000000089, -32.30000000000002558 ) ) ;
#5628 = VERTEX_POINT ( 'NONE', #6316 ) ;
#5629 = CARTESIAN_POINT ( 'NONE',  ( 41.59476554272524140, 0.6999999999999999556, -30.98816382492704946 ) ) ;
#5630 = ORIENTED_EDGE ( 'NONE', *, *, #535, .T. ) ;
#5631 = FACE_BOUND ( 'NONE', #5868, .T. ) ;
#5632 = ORIENTED_EDGE ( 'NONE', *, *, #5311, .T. ) ;
#5633 = CARTESIAN_POINT ( 'NONE',  ( -12.50000000000000000, 0.6999999999999999556, 28.50000000000000000 ) ) ;
#5634 = EDGE_LOOP ( 'NONE', ( #1603, #4552, #2778, #4527 ) ) ;
#5635 = EDGE_CURVE ( 'NONE', #7627, #6759, #1967, .T. ) ;
#5636 = ADVANCED_FACE ( 'NONE', ( #7605 ), #1496, .F. ) ;
#5637 = CARTESIAN_POINT ( 'NONE',  ( -1.269817584415023582E-14, 2.100000000000000089, 30.50000000000002132 ) ) ;
#5638 = ORIENTED_EDGE ( 'NONE', *, *, #5139, .F. ) ;
#5639 = DIRECTION ( 'NONE',  ( -0.000000000000000000, -1.000000000000000000, -0.000000000000000000 ) ) ;
#5640 = DIRECTION ( 'NONE',  ( 0.000000000000000000, 1.000000000000000000, -0.000000000000000000 ) ) ;
#5641 = LINE ( 'NONE', #1166, #4394 ) ;
#5642 = ORIENTED_EDGE ( 'NONE', *, *, #6650, .F. ) ;
#5643 = LINE ( 'NONE', #5766, #7150 ) ;
#5644 = EDGE_CURVE ( 'NONE', #2265, #7059, #5272, .T. ) ;
#5645 = VERTEX_POINT ( 'NONE', #4025 ) ;
#5646 = VERTEX_POINT ( 'NONE', #171 ) ;
#5647 = DIRECTION ( 'NONE',  ( -0.000000000000000000, -1.000000000000000000, -0.000000000000000000 ) ) ;
#5648 = FACE_BOUND ( 'NONE', #4577, .T. ) ;
#5649 = DIRECTION ( 'NONE',  ( -0.000000000000000000, -1.000000000000000000, -0.000000000000000000 ) ) ;
#5650 = EDGE_LOOP ( 'NONE', ( #6606, #4676, #3528, #2494 ) ) ;
#5651 = DIRECTION ( 'NONE',  ( -0.000000000000000000, -1.000000000000000000, -0.000000000000000000 ) ) ;
#5652 = VECTOR ( 'NONE', #5858, 1000.000000000000000 ) ;
#5653 = EDGE_CURVE ( 'NONE', #7255, #1016, #3558, .T. ) ;
#5654 = ORIENTED_EDGE ( 'NONE', *, *, #6199, .F. ) ;
#5655 = VECTOR ( 'NONE', #4132, 1000.000000000000000 ) ;
#5656 = CARTESIAN_POINT ( 'NONE',  ( -54.14213562373090127, 2.100000000000000089, 68.54213562373099933 ) ) ;
#5657 = ORIENTED_EDGE ( 'NONE', *, *, #1150, .T. ) ;
#5658 = DIRECTION ( 'NONE',  ( -0.000000000000000000, -1.000000000000000000, -0.000000000000000000 ) ) ;
#5659 = DIRECTION ( 'NONE',  ( 0.7071067811865546782, 0.000000000000000000, 0.7071067811865403563 ) ) ;
#5660 = EDGE_CURVE ( 'NONE', #4088, #5072, #5286, .T. ) ;
#5661 = VECTOR ( 'NONE', #68, 999.9999999999998863 ) ;
#5662 = EDGE_LOOP ( 'NONE', ( #7502, #7449, #3451, #6411 ) ) ;
#5663 = ORIENTED_EDGE ( 'NONE', *, *, #1817, .F. ) ;
#5664 = DIRECTION ( 'NONE',  ( 0.000000000000000000, 1.000000000000000000, -0.000000000000000000 ) ) ;
#5665 = DIRECTION ( 'NONE',  ( 0.000000000000000000, 0.000000000000000000, 1.000000000000000000 ) ) ;
#5666 = ORIENTED_EDGE ( 'NONE', *, *, #6756, .T. ) ;
#5667 = CARTESIAN_POINT ( 'NONE',  ( 32.00000000000000000, 2.100000000000000089, 1.599999999999990541 ) ) ;
#5668 = VECTOR ( 'NONE', #4569, 1000.000000000000000 ) ;
#5669 = FACE_BOUND ( 'NONE', #4999, .T. ) ;
#5670 = ORIENTED_EDGE ( 'NONE', *, *, #405, .F. ) ;
#5671 = CARTESIAN_POINT ( 'NONE',  ( 5.999999999999996447, 2.100000000000000089, 23.75000000000000000 ) ) ;
#5672 = ORIENTED_EDGE ( 'NONE', *, *, #7019, .T. ) ;
#5673 = AXIS2_PLACEMENT_3D ( 'NONE', #7417, #1684, #7494 ) ;
#5674 = CARTESIAN_POINT ( 'NONE',  ( -1.269817584415023582E-14, 2.100000000000000089, 30.50000000000002132 ) ) ;
#5675 = EDGE_CURVE ( 'NONE', #5942, #4863, #6602, .T. ) ;
#5676 = ORIENTED_EDGE ( 'NONE', *, *, #3428, .T. ) ;
#5677 = EDGE_CURVE ( 'NONE', #474, #8051, #7192, .T. ) ;
#5678 = DIRECTION ( 'NONE',  ( 0.000000000000000000, 0.000000000000000000, -1.000000000000000000 ) ) ;
#5679 = VECTOR ( 'NONE', #2573, 1000.000000000000000 ) ;
#5680 = ORIENTED_EDGE ( 'NONE', *, *, #2596, .F. ) ;
#5681 = AXIS2_PLACEMENT_3D ( 'NONE', #5730, #5611, #1294 ) ;
#5682 = DIRECTION ( 'NONE',  ( -0.000000000000000000, -1.000000000000000000, -0.000000000000000000 ) ) ;
#5683 = ORIENTED_EDGE ( 'NONE', *, *, #1577, .F. ) ;
#5684 = AXIS2_PLACEMENT_3D ( 'NONE', #1143, #6077, #424 ) ;
#5685 = AXIS2_PLACEMENT_3D ( 'NONE', #1617, #372, #2417 ) ;
#5686 = CIRCLE ( 'NONE', #1194, 1.599999999999997202 ) ;
#5687 = CARTESIAN_POINT ( 'NONE',  ( -36.46446609406732620, 0.6999999999999999556, 52.46446609406731199 ) ) ;
#5688 = EDGE_CURVE ( 'NONE', #5045, #1900, #3362, .T. ) ;
#5689 = LINE ( 'NONE', #8100, #7113 ) ;
#5690 = PLANE ( 'NONE',  #7619 ) ;
#5691 = FACE_OUTER_BOUND ( 'NONE', #5411, .T. ) ;
#5692 = ORIENTED_EDGE ( 'NONE', *, *, #1226, .F. ) ;
#5693 = LINE ( 'NONE', #91, #5321 ) ;
#5694 = AXIS2_PLACEMENT_3D ( 'NONE', #2001, #2594, #5152 ) ;
#5695 = CIRCLE ( 'NONE', #7817, 1.600000000000004086 ) ;
#5696 = ORIENTED_EDGE ( 'NONE', *, *, #657, .T. ) ;
#5697 = ORIENTED_EDGE ( 'NONE', *, *, #3211, .F. ) ;
#5698 = VECTOR ( 'NONE', #6030, 1000.000000000000000 ) ;
#5699 = AXIS2_PLACEMENT_3D ( 'NONE', #1937, #4467, #6976 ) ;
#5700 = ADVANCED_FACE ( 'NONE', ( #7763 ), #5189, .F. ) ;
#5701 = DIRECTION ( 'NONE',  ( -0.000000000000000000, -1.000000000000000000, -0.000000000000000000 ) ) ;
#5702 = ORIENTED_EDGE ( 'NONE', *, *, #1586, .F. ) ;
#5703 = VECTOR ( 'NONE', #7106, 1000.000000000000000 ) ;
#5704 = CARTESIAN_POINT ( 'NONE',  ( 12.00000000000000000, 0.6999999999999999556, 0.000000000000000000 ) ) ;
#5705 = ORIENTED_EDGE ( 'NONE', *, *, #6617, .F. ) ;
#5706 = EDGE_CURVE ( 'NONE', #267, #7485, #7802, .T. ) ;
#5707 = FACE_OUTER_BOUND ( 'NONE', #675, .T. ) ;
#5708 = ADVANCED_FACE ( 'NONE', ( #2037 ), #5899, .F. ) ;
#5709 = DIRECTION ( 'NONE',  ( 0.4999406582370924945, 0.000000000000000000, -0.8660596620565251813 ) ) ;
#5710 = CYLINDRICAL_SURFACE ( 'NONE', #1433, 1.600000000000004086 ) ;
#5711 = ORIENTED_EDGE ( 'NONE', *, *, #6567, .F. ) ;
#5712 = CIRCLE ( 'NONE', #5183, 1.600000000000000755 ) ;
#5713 = DIRECTION ( 'NONE',  ( 0.000000000000000000, 0.000000000000000000, -1.000000000000000000 ) ) ;
#5714 = CARTESIAN_POINT ( 'NONE',  ( -70.14213562373100785, 0.6999999999999999556, 54.14213562373100785 ) ) ;
#5715 = ORIENTED_EDGE ( 'NONE', *, *, #885, .F. ) ;
#5716 = DIRECTION ( 'NONE',  ( 0.000000000000000000, 0.000000000000000000, 1.000000000000000000 ) ) ;
#5717 = ORIENTED_EDGE ( 'NONE', *, *, #62, .F. ) ;
#5718 = AXIS2_PLACEMENT_3D ( 'NONE', #4197, #1059, #6440 ) ;
#5719 = LINE ( 'NONE', #5173, #6492 ) ;
#5720 = VERTEX_POINT ( 'NONE', #2126 ) ;
#5721 = CARTESIAN_POINT ( 'NONE',  ( 12.50000000000000000, 0.6999999999999999556, -28.50000000000002132 ) ) ;
#5722 = CARTESIAN_POINT ( 'NONE',  ( -22.62741699796950101, 2.100000000000000089, -24.22741699796949888 ) ) ;
#5723 = FACE_OUTER_BOUND ( 'NONE', #5591, .T. ) ;
#5724 = CYLINDRICAL_SURFACE ( 'NONE', #3562, 1.000000000000004441 ) ;
#5725 = ORIENTED_EDGE ( 'NONE', *, *, #4168, .T. ) ;
#5726 = EDGE_CURVE ( 'NONE', #7210, #6369, #2768, .T. ) ;
#5727 = CARTESIAN_POINT ( 'NONE',  ( 55.50000000000000000, 0.6999999999999999556, 46.50000000000000000 ) ) ;
#5728 = FACE_OUTER_BOUND ( 'NONE', #4741, .T. ) ;
#5729 = LINE ( 'NONE', #5773, #6034 ) ;
#5730 = CARTESIAN_POINT ( 'NONE',  ( -12.00000000000000000, 0.6999999999999999556, 1.497325865122354073E-15 ) ) ;
#5731 = ORIENTED_EDGE ( 'NONE', *, *, #4813, .T. ) ;
#5732 = DIRECTION ( 'NONE',  ( 1.000000000000000000, -0.000000000000000000, 0.000000000000000000 ) ) ;
#5733 = EDGE_LOOP ( 'NONE', ( #6803, #7343, #1888, #3126, #2956 ) ) ;
#5734 = EDGE_CURVE ( 'NONE', #7915, #3287, #1308, .T. ) ;
#5735 = ORIENTED_EDGE ( 'NONE', *, *, #4671, .T. ) ;
#5736 = VECTOR ( 'NONE', #5220, 1000.000000000000000 ) ;
#5737 = DIRECTION ( 'NONE',  ( 1.000000000000000000, -0.000000000000000000, 0.000000000000000000 ) ) ;
#5738 = VERTEX_POINT ( 'NONE', #287 ) ;
#5739 = AXIS2_PLACEMENT_3D ( 'NONE', #1436, #7169, #6421 ) ;
#5740 = CARTESIAN_POINT ( 'NONE',  ( 56.50000000000000000, 0.6999999999999999556, 0.000000000000000000 ) ) ;
#5741 = AXIS2_PLACEMENT_3D ( 'NONE', #3990, #4374, #6926 ) ;
#5742 = EDGE_CURVE ( 'NONE', #7360, #374, #3689, .T. ) ;
#5743 = AXIS2_PLACEMENT_3D ( 'NONE', #1424, #259, #3829 ) ;
#5744 = ORIENTED_EDGE ( 'NONE', *, *, #846, .T. ) ;
#5745 = CARTESIAN_POINT ( 'NONE',  ( -12.50000000000000000, 0.6999999999999999556, -30.50000000000001776 ) ) ;
#5746 = DIRECTION ( 'NONE',  ( -0.5000000000000001110, 0.000000000000000000, -0.8660254037844385966 ) ) ;
#5747 = CARTESIAN_POINT ( 'NONE',  ( -2.525040043307524851, 0.6999999999999999556, 4.374189797439959726 ) ) ;
#5748 = VECTOR ( 'NONE', #4774, 999.9999999999998863 ) ;
#5749 = CARTESIAN_POINT ( 'NONE',  ( -11.50000000000000000, 2.100000000000000089, 0.8660254037844393737 ) ) ;
#5750 = LINE ( 'NONE', #7661, #4431 ) ;
#5751 = EDGE_LOOP ( 'NONE', ( #2079, #5632, #4916, #3077 ) ) ;
#5752 = VECTOR ( 'NONE', #3494, 1000.000000000000000 ) ;
#5753 = CARTESIAN_POINT ( 'NONE',  ( 11.50000000000000000, 2.100000000000000089, -0.8660254037844375974 ) ) ;
#5754 = VERTEX_POINT ( 'NONE', #5316 ) ;
#5755 = DIRECTION ( 'NONE',  ( 0.000000000000000000, 0.000000000000000000, 1.000000000000000000 ) ) ;
#5756 = EDGE_CURVE ( 'NONE', #1561, #4291, #7846, .T. ) ;
#5757 = EDGE_CURVE ( 'NONE', #837, #1030, #6751, .T. ) ;
#5758 = CIRCLE ( 'NONE', #5894, 1.600000000000004086 ) ;
#5759 = AXIS2_PLACEMENT_3D ( 'NONE', #7213, #5917, #7903 ) ;
#5760 = LINE ( 'NONE', #2018, #5679 ) ;
#5761 = ORIENTED_EDGE ( 'NONE', *, *, #3128, .T. ) ;
#5762 = DIRECTION ( 'NONE',  ( 0.000000000000000000, 0.000000000000000000, 1.000000000000000000 ) ) ;
#5763 = CYLINDRICAL_SURFACE ( 'NONE', #1717, 1.599999999999990319 ) ;
#5764 = CARTESIAN_POINT ( 'NONE',  ( -70.14213562373100785, 0.6999999999999999556, -55.74213562373090269 ) ) ;
#5765 = VERTEX_POINT ( 'NONE', #7885 ) ;
#5766 = CARTESIAN_POINT ( 'NONE',  ( -52.46446609406718409, 2.100000000000000089, -38.06446609406751236 ) ) ;
#5767 = DIRECTION ( 'NONE',  ( 0.7071067811865474617, 0.000000000000000000, 0.7071067811865474617 ) ) ;
#5768 = EDGE_CURVE ( 'NONE', #3181, #5844, #2207, .T. ) ;
#5769 = EDGE_LOOP ( 'NONE', ( #3229, #5654, #5775, #5622 ) ) ;
#5770 = DIRECTION ( 'NONE',  ( 0.000000000000000000, 0.000000000000000000, 1.000000000000000000 ) ) ;
#5771 = CARTESIAN_POINT ( 'NONE',  ( -14.19448966059528594, 2.100000000000000089, 18.80936831356895311 ) ) ;
#5772 = ORIENTED_EDGE ( 'NONE', *, *, #8165, .T. ) ;
#5773 = CARTESIAN_POINT ( 'NONE',  ( 12.50000000000000000, 2.100000000000000089, -26.50000000000002487 ) ) ;
#5774 = DIRECTION ( 'NONE',  ( 0.000000000000000000, 1.000000000000000000, -0.000000000000000000 ) ) ;
#5775 = ORIENTED_EDGE ( 'NONE', *, *, #3570, .T. ) ;
#5776 = CARTESIAN_POINT ( 'NONE',  ( -6.499940658237089330, 0.6999999999999999556, 9.583940337943474219 ) ) ;
#5777 = AXIS2_PLACEMENT_3D ( 'NONE', #5771, #4603, #2745 ) ;
#5778 = ORIENTED_EDGE ( 'NONE', *, *, #4560, .F. ) ;
#5779 = ORIENTED_EDGE ( 'NONE', *, *, #5184, .T. ) ;
#5780 = CARTESIAN_POINT ( 'NONE',  ( 28.93755415948609766, 0.6999999999999999556, 28.93755415948609766 ) ) ;
#5781 = VERTEX_POINT ( 'NONE', #6438 ) ;
#5782 = AXIS2_PLACEMENT_3D ( 'NONE', #6858, #1165, #7555 ) ;
#5783 = EDGE_CURVE ( 'NONE', #1672, #6223, #3283, .T. ) ;
#5784 = EDGE_CURVE ( 'NONE', #7894, #7946, #34, .T. ) ;
#5785 = CARTESIAN_POINT ( 'NONE',  ( -31.00000000000000000, 2.100000000000000089, -56.50000000000000000 ) ) ;
#5786 = CIRCLE ( 'NONE', #6053, 1.000000000000000888 ) ;
#5787 = CARTESIAN_POINT ( 'NONE',  ( 1.540743955509788682E-30, 2.100000000000000089, -33.90000000000001990 ) ) ;
#5788 = CARTESIAN_POINT ( 'NONE',  ( 44.77674605806474517, 2.100000000000000089, -47.03948775786169989 ) ) ;
#5789 = EDGE_CURVE ( 'NONE', #7686, #527, #3046, .T. ) ;
#5790 = DIRECTION ( 'NONE',  ( 0.000000000000000000, 1.000000000000000000, -0.000000000000000000 ) ) ;
#5791 = CARTESIAN_POINT ( 'NONE',  ( 19.09188309203689471, 2.100000000000000089, -19.09188309203663181 ) ) ;
#5792 = VERTEX_POINT ( 'NONE', #2910 ) ;
#5793 = DIRECTION ( 'NONE',  ( 0.000000000000000000, 0.000000000000000000, 1.000000000000000000 ) ) ;
#5794 = ORIENTED_EDGE ( 'NONE', *, *, #152, .T. ) ;
#5795 = DIRECTION ( 'NONE',  ( 0.000000000000000000, 0.000000000000000000, 1.000000000000000000 ) ) ;
#5796 = VERTEX_POINT ( 'NONE', #3605 ) ;
#5797 = VECTOR ( 'NONE', #830, 1000.000000000000000 ) ;
#5798 = DIRECTION ( 'NONE',  ( -0.000000000000000000, -1.000000000000000000, 0.000000000000000000 ) ) ;
#5799 = CYLINDRICAL_SURFACE ( 'NONE', #4405, 1.600000000000001643 ) ;
#5800 = ORIENTED_EDGE ( 'NONE', *, *, #8078, .T. ) ;
#5801 = EDGE_CURVE ( 'NONE', #1144, #2526, #6898, .T. ) ;
#5802 = LINE ( 'NONE', #196, #4195 ) ;
#5803 = DIRECTION ( 'NONE',  ( 1.000000000000000000, 0.000000000000000000, -0.000000000000000000 ) ) ;
#5804 = CARTESIAN_POINT ( 'NONE',  ( 0.000000000000000000, 2.100000000000000089, -47.30000000000000426 ) ) ;
#5805 = ORIENTED_EDGE ( 'NONE', *, *, #7141, .F. ) ;
#5806 = CARTESIAN_POINT ( 'NONE',  ( -12.50000000000000000, 2.100000000000000089, -26.50000000000001421 ) ) ;
#5807 = DIRECTION ( 'NONE',  ( -0.000000000000000000, -1.000000000000000000, -0.000000000000000000 ) ) ;
#5808 = LINE ( 'NONE', #888, #5703 ) ;
#5809 = VECTOR ( 'NONE', #748, 1000.000000000000000 ) ;
#5810 = VECTOR ( 'NONE', #1752, 1000.000000000000000 ) ;
#5811 = CARTESIAN_POINT ( 'NONE',  ( 19.09188309203656075, 2.100000000000000089, 19.09188309203696576 ) ) ;
#5812 = EDGE_CURVE ( 'NONE', #2642, #6523, #2250, .T. ) ;
#5813 = CARTESIAN_POINT ( 'NONE',  ( -55.50000000000000000, 0.6999999999999999556, 55.50000000000000000 ) ) ;
#5814 = AXIS2_PLACEMENT_3D ( 'NONE', #7166, #264, #6577 ) ;
#5815 = ADVANCED_FACE ( 'NONE', ( #8094 ), #2954, .T. ) ;
#5816 = ORIENTED_EDGE ( 'NONE', *, *, #5594, .T. ) ;
#5817 = CARTESIAN_POINT ( 'NONE',  ( -70.14213562373100785, 0.6999999999999999556, 55.74213562373100928 ) ) ;
#5818 = DIRECTION ( 'NONE',  ( -0.7982148603926242370, 0.000000000000000000, 0.6023728385712484590 ) ) ;
#5819 = CARTESIAN_POINT ( 'NONE',  ( 36.46446609406768147, 2.100000000000000089, -54.06446609406706472 ) ) ;
#5820 = VECTOR ( 'NONE', #2428, 999.9999999999998863 ) ;
#5821 = ORIENTED_EDGE ( 'NONE', *, *, #28, .F. ) ;
#5822 = EDGE_LOOP ( 'NONE', ( #85, #5524, #4261, #3782 ) ) ;
#5823 = DIRECTION ( 'NONE',  ( 0.000000000000000000, 0.000000000000000000, -1.000000000000000000 ) ) ;
#5824 = ORIENTED_EDGE ( 'NONE', *, *, #5168, .T. ) ;
#5825 = CIRCLE ( 'NONE', #5429, 1.600000000000004086 ) ;
#5826 = VECTOR ( 'NONE', #706, 1000.000000000000000 ) ;
#5827 = CARTESIAN_POINT ( 'NONE',  ( 70.14213562373100785, 2.100000000000000089, -54.14213562373100785 ) ) ;
#5828 = CIRCLE ( 'NONE', #1200, 1.600000000000011191 ) ;
#5829 = CIRCLE ( 'NONE', #3439, 1.600000000000004086 ) ;
#5830 = ORIENTED_EDGE ( 'NONE', *, *, #7115, .F. ) ;
#5831 = CC_DESIGN_PERSON_AND_ORGANIZATION_ASSIGNMENT ( #2802, #4829, ( #1550 ) ) ;
#5832 = CIRCLE ( 'NONE', #4505, 1.599999999999983435 ) ;
#5833 = EDGE_CURVE ( 'NONE', #6387, #5523, #4853, .T. ) ;
#5834 = PLANE ( 'NONE',  #2635 ) ;
#5835 =( NAMED_UNIT ( * ) PLANE_ANGLE_UNIT ( ) SI_UNIT ( $, .RADIAN. ) );
#5836 = DIRECTION ( 'NONE',  ( -0.000000000000000000, -1.000000000000000000, -0.000000000000000000 ) ) ;
#5837 = DIRECTION ( 'NONE',  ( 0.000000000000000000, 0.000000000000000000, 1.000000000000000000 ) ) ;
#5838 = DIRECTION ( 'NONE',  ( 0.000000000000000000, 0.000000000000000000, 1.000000000000000000 ) ) ;
#5839 = VERTEX_POINT ( 'NONE', #6147 ) ;
#5840 = LINE ( 'NONE', #188, #6955 ) ;
#5841 = VERTEX_POINT ( 'NONE', #1579 ) ;
#5842 = CARTESIAN_POINT ( 'NONE',  ( -5.999999999999992895, 2.100000000000000089, 23.75000000000000000 ) ) ;
#5843 = VECTOR ( 'NONE', #322, 1000.000000000000000 ) ;
#5844 = VERTEX_POINT ( 'NONE', #2867 ) ;
#5845 = EDGE_CURVE ( 'NONE', #6179, #4388, #2375, .T. ) ;
#5846 = ORIENTED_EDGE ( 'NONE', *, *, #2821, .T. ) ;
#5847 = CARTESIAN_POINT ( 'NONE',  ( 30.06892500938459989, 0.6999999999999999556, -27.80618330958759898 ) ) ;
#5848 = ORIENTED_EDGE ( 'NONE', *, *, #5311, .F. ) ;
#5849 = CARTESIAN_POINT ( 'NONE',  ( -30.98816382492704946, 2.100000000000000089, 41.59476554272529114 ) ) ;
#5850 = CARTESIAN_POINT ( 'NONE',  ( -33.25090552472399708, 0.6999999999999999556, -43.85750724252219612 ) ) ;
#5851 = CARTESIAN_POINT ( 'NONE',  ( 0.000000000000000000, 0.6999999999999999556, -56.50000000000000000 ) ) ;
#5852 = ORIENTED_EDGE ( 'NONE', *, *, #6001, .F. ) ;
#5853 = CARTESIAN_POINT ( 'NONE',  ( 35.01867247769040858, 2.100000000000000089, -32.75593077789339702 ) ) ;
#5854 = CARTESIAN_POINT ( 'NONE',  ( -52.46446609406731909, 0.6999999999999999556, 34.86446609406731767 ) ) ;
#5855 = LINE ( 'NONE', #1490, #304 ) ;
#5856 = EDGE_CURVE ( 'NONE', #7498, #494, #3647, .T. ) ;
#5857 = DIRECTION ( 'NONE',  ( 0.000000000000000000, 1.000000000000000000, -0.000000000000000000 ) ) ;
#5858 = DIRECTION ( 'NONE',  ( -0.000000000000000000, -1.000000000000000000, -0.000000000000000000 ) ) ;
#5859 = VERTEX_POINT ( 'NONE', #8007 ) ;
#5860 = CARTESIAN_POINT ( 'NONE',  ( 43.85750724252224586, 2.100000000000000089, 33.25090552472404681 ) ) ;
#5861 = CARTESIAN_POINT ( 'NONE',  ( 14.19448966059533213, 0.6999999999999999556, -18.80936831356887495 ) ) ;
#5862 = ORIENTED_EDGE ( 'NONE', *, *, #3616, .F. ) ;
#5863 = CARTESIAN_POINT ( 'NONE',  ( 54.14213562373090127, 0.6999999999999999556, -70.14213562373100785 ) ) ;
#5864 = VERTEX_POINT ( 'NONE', #1700 ) ;
#5865 = CIRCLE ( 'NONE', #2679, 1.599999999999997202 ) ;
#5866 = EDGE_CURVE ( 'NONE', #5942, #4116, #3953, .T. ) ;
#5867 = EDGE_CURVE ( 'NONE', #4388, #4422, #1130, .T. ) ;
#5868 = EDGE_LOOP ( 'NONE', ( #1382, #4657, #7546, #6555, #1077 ) ) ;
#5869 = DIRECTION ( 'NONE',  ( -0.000000000000000000, -1.000000000000000000, -0.000000000000000000 ) ) ;
#5870 = ORIENTED_EDGE ( 'NONE', *, *, #6651, .F. ) ;
#5871 = CARTESIAN_POINT ( 'NONE',  ( 24.00000000000000000, 0.6999999999999999556, 15.50000000000000000 ) ) ;
#5872 = VECTOR ( 'NONE', #3974, 1000.000000000000000 ) ;
#5873 = FACE_OUTER_BOUND ( 'NONE', #6090, .T. ) ;
#5874 = DIRECTION ( 'NONE',  ( 0.000000000000000000, 1.000000000000000000, -0.000000000000000000 ) ) ;
#5875 = LINE ( 'NONE', #7947, #6607 ) ;
#5876 = CARTESIAN_POINT ( 'NONE',  ( -22.62741699796950101, 2.100000000000000089, 22.62741699796950101 ) ) ;
#5877 = LINE ( 'NONE', #2728, #6287 ) ;
#5878 = ORIENTED_EDGE ( 'NONE', *, *, #5171, .T. ) ;
#5879 = CARTESIAN_POINT ( 'NONE',  ( 4.999999999999999112, 2.100000000000000089, -9.782275240470715808E-16 ) ) ;
#5880 = ORIENTED_EDGE ( 'NONE', *, *, #3665, .T. ) ;
#5881 = FACE_OUTER_BOUND ( 'NONE', #6270, .T. ) ;
#5882 = ADVANCED_FACE ( 'NONE', ( #4770 ), #1092, .F. ) ;
#5883 = AXIS2_PLACEMENT_3D ( 'NONE', #4301, #6851, #2444 ) ;
#5884 = VERTEX_POINT ( 'NONE', #6063 ) ;
#5885 = DIRECTION ( 'NONE',  ( -0.000000000000000000, -1.000000000000000000, -0.000000000000000000 ) ) ;
#5886 = EDGE_LOOP ( 'NONE', ( #6591, #626, #5604, #4395 ) ) ;
#5887 = CARTESIAN_POINT ( 'NONE',  ( -22.62741699796950101, 0.6999999999999999556, -21.02741699796949959 ) ) ;
#5888 = DIRECTION ( 'NONE',  ( 0.000000000000000000, 0.000000000000000000, -1.000000000000000000 ) ) ;
#5889 = CARTESIAN_POINT ( 'NONE',  ( -65.00000000000000000, 2.100000000000000089, 65.00000000000000000 ) ) ;
#5890 = EDGE_CURVE ( 'NONE', #6631, #5466, #2992, .T. ) ;
#5891 = CARTESIAN_POINT ( 'NONE',  ( 43.85750724252219612, 2.100000000000000089, -33.25090552472399708 ) ) ;
#5892 = EDGE_CURVE ( 'NONE', #7724, #944, #1319, .T. ) ;
#5893 = CYLINDRICAL_SURFACE ( 'NONE', #4906, 1.600000000000004086 ) ;
#5894 = AXIS2_PLACEMENT_3D ( 'NONE', #5811, #5857, #726 ) ;
#5895 = AXIS2_PLACEMENT_3D ( 'NONE', #1930, #4460, #1313 ) ;
#5896 = CYLINDRICAL_SURFACE ( 'NONE', #227, 1.599999999999990319 ) ;
#5897 = DIRECTION ( 'NONE',  ( 0.000000000000000000, 1.000000000000000000, -0.000000000000000000 ) ) ;
#5898 = CARTESIAN_POINT ( 'NONE',  ( -33.88730162779190636, 0.6999999999999999556, -33.88730162779190636 ) ) ;
#5899 = CYLINDRICAL_SURFACE ( 'NONE', #4620, 1.600000000000004086 ) ;
#5900 = EDGE_CURVE ( 'NONE', #7157, #2468, #7969, .T. ) ;
#5901 = DIRECTION ( 'NONE',  ( 0.000000000000000000, 0.000000000000000000, 1.000000000000000000 ) ) ;
#5902 = CARTESIAN_POINT ( 'NONE',  ( -25.50000000000000000, 0.6999999999999999556, 50.50000000000000000 ) ) ;
#5903 = ORIENTED_EDGE ( 'NONE', *, *, #5128, .F. ) ;
#5904 = VERTEX_POINT ( 'NONE', #8048 ) ;
#5905 = LINE ( 'NONE', #2718, #6230 ) ;
#5906 = ORIENTED_EDGE ( 'NONE', *, *, #3173, .T. ) ;
#5907 = EDGE_LOOP ( 'NONE', ( #6528, #3177, #6980, #7664 ) ) ;
#5908 = EDGE_CURVE ( 'NONE', #4956, #7559, #7021, .T. ) ;
#5909 = DIRECTION ( 'NONE',  ( -0.000000000000000000, -1.000000000000000000, -0.000000000000000000 ) ) ;
#5910 = CIRCLE ( 'NONE', #5115, 1.599999999999997202 ) ;
#5911 = CARTESIAN_POINT ( 'NONE',  ( -30.98816382492704946, 2.100000000000000089, -41.59476554272524140 ) ) ;
#5912 = CARTESIAN_POINT ( 'NONE',  ( 32.75593077789339702, 2.100000000000000089, 35.01867247769040858 ) ) ;
#5913 = EDGE_CURVE ( 'NONE', #7864, #7911, #6109, .T. ) ;
#5914 = ORIENTED_EDGE ( 'NONE', *, *, #3183, .T. ) ;
#5915 = DIRECTION ( 'NONE',  ( -1.956455048094143162E-16, 0.000000000000000000, -1.000000000000000000 ) ) ;
#5916 = ORIENTED_EDGE ( 'NONE', *, *, #3118, .T. ) ;
#5917 = DIRECTION ( 'NONE',  ( -0.000000000000000000, -1.000000000000000000, -0.000000000000000000 ) ) ;
#5918 = VECTOR ( 'NONE', #5394, 1000.000000000000000 ) ;
#5919 = ORIENTED_EDGE ( 'NONE', *, *, #2753, .F. ) ;
#5920 = ORIENTED_EDGE ( 'NONE', *, *, #1875, .T. ) ;
#5921 = DIRECTION ( 'NONE',  ( -0.000000000000000000, -1.000000000000000000, -0.000000000000000000 ) ) ;
#5922 = VECTOR ( 'NONE', #2612, 1000.000000000000000 ) ;
#5923 = VERTEX_POINT ( 'NONE', #6187 ) ;
#5924 = CARTESIAN_POINT ( 'NONE',  ( 16.48560856174882971, 0.6999999999999999556, -15.34825612741715339 ) ) ;
#5925 = DIRECTION ( 'NONE',  ( 0.7071067811865474617, 0.000000000000000000, -0.7071067811865474617 ) ) ;
#5926 = DIRECTION ( 'NONE',  ( -0.000000000000000000, -1.000000000000000000, -0.000000000000000000 ) ) ;
#5927 = DIRECTION ( 'NONE',  ( -0.000000000000000000, -1.000000000000000000, -0.000000000000000000 ) ) ;
#5928 = DIRECTION ( 'NONE',  ( 0.000000000000000000, 1.000000000000000000, -0.000000000000000000 ) ) ;
#5929 = LINE ( 'NONE', #7880, #5843 ) ;
#5930 = CIRCLE ( 'NONE', #6326, 1.000000000000001332 ) ;
#5931 = EDGE_CURVE ( 'NONE', #3827, #3469, #525, .T. ) ;
#5932 = EDGE_CURVE ( 'NONE', #4871, #7683, #7411, .T. ) ;
#5933 = DIRECTION ( 'NONE',  ( 0.000000000000000000, 0.000000000000000000, -1.000000000000000000 ) ) ;
#5934 = CARTESIAN_POINT ( 'NONE',  ( 19.09188309203689471, 2.100000000000000089, -17.49188309203663039 ) ) ;
#5935 = VERTEX_POINT ( 'NONE', #44 ) ;
#5936 = CARTESIAN_POINT ( 'NONE',  ( 0.000000000000000000, 2.100000000000000089, -65.50000000000000000 ) ) ;
#5937 = DIRECTION ( 'NONE',  ( 0.000000000000000000, 1.000000000000000000, -0.000000000000000000 ) ) ;
#5938 = CIRCLE ( 'NONE', #6999, 1.599999999999997202 ) ;
#5939 = CARTESIAN_POINT ( 'NONE',  ( 32.11953467482550195, 2.100000000000000089, -44.32613639262380900 ) ) ;
#5940 = EDGE_LOOP ( 'NONE', ( #6364, #100, #506, #769 ) ) ;
#5941 = VECTOR ( 'NONE', #6118, 1000.000000000000000 ) ;
#5942 = VERTEX_POINT ( 'NONE', #5602 ) ;
#5943 = EDGE_CURVE ( 'NONE', #6830, #7096, #7282, .T. ) ;
#5944 = AXIS2_PLACEMENT_3D ( 'NONE', #5044, #5162, #5081 ) ;
#5945 = DIRECTION ( 'NONE',  ( 0.000000000000000000, 0.000000000000000000, 1.000000000000000000 ) ) ;
#5946 = CARTESIAN_POINT ( 'NONE',  ( -45.90811690796319766, 2.100000000000000089, -45.90811690796319766 ) ) ;
#5947 = VERTEX_POINT ( 'NONE', #5059 ) ;
#5948 = ORIENTED_EDGE ( 'NONE', *, *, #2721, .F. ) ;
#5949 = CARTESIAN_POINT ( 'NONE',  ( -32.00000000000000000, 0.6999999999999999556, 1.175660927181459947E-14 ) ) ;
#5950 = CIRCLE ( 'NONE', #3691, 1.600000000000032063 ) ;
#5951 = EDGE_CURVE ( 'NONE', #2946, #2106, #5643, .T. ) ;
#5952 = VECTOR ( 'NONE', #7244, 1000.000000000000000 ) ;
#5953 = AXIS2_PLACEMENT_3D ( 'NONE', #7558, #1329, #646 ) ;
#5954 = CIRCLE ( 'NONE', #2391, 1.000000000000000888 ) ;
#5955 = CARTESIAN_POINT ( 'NONE',  ( -19.50385078242113934, 2.100000000000000089, 0.000000000000000000 ) ) ;
#5956 = CARTESIAN_POINT ( 'NONE',  ( -33.88730162779190636, 2.100000000000000089, -33.88730162779190636 ) ) ;
#5957 = CARTESIAN_POINT ( 'NONE',  ( -2.500000000000001776, 0.6999999999999999556, 4.330127018922195425 ) ) ;
#5958 = EDGE_LOOP ( 'NONE', ( #7649, #4079 ) ) ;
#5959 = FACE_OUTER_BOUND ( 'NONE', #413, .T. ) ;
#5960 = VERTEX_POINT ( 'NONE', #4934 ) ;
#5961 = DIRECTION ( 'NONE',  ( 0.000000000000000000, 0.000000000000000000, -1.000000000000000000 ) ) ;
#5962 = VECTOR ( 'NONE', #8087, 1000.000000000000000 ) ;
#5963 = EDGE_LOOP ( 'NONE', ( #661, #2406 ) ) ;
#5964 = EDGE_CURVE ( 'NONE', #5754, #7781, #1822, .T. ) ;
#5965 = ORIENTED_EDGE ( 'NONE', *, *, #6067, .T. ) ;
#5966 = ADVANCED_FACE ( 'NONE', ( #4440 ), #2491, .F. ) ;
#5967 = AXIS2_PLACEMENT_3D ( 'NONE', #4235, #6783, #3612 ) ;
#5968 = CARTESIAN_POINT ( 'NONE',  ( -18.50385078242113579, 0.6999999999999999556, -3.754999999999999005 ) ) ;
#5969 = ORIENTED_EDGE ( 'NONE', *, *, #856, .F. ) ;
#5970 = LINE ( 'NONE', #6007, #6628 ) ;
#5971 = LINE ( 'NONE', #4839, #5655 ) ;
#5972 = DIRECTION ( 'NONE',  ( 0.000000000000000000, 0.000000000000000000, 1.000000000000000000 ) ) ;
#5973 = CARTESIAN_POINT ( 'NONE',  ( 25.50000000000000000, 2.100000000000000089, -48.89999999999999858 ) ) ;
#5974 = VERTEX_POINT ( 'NONE', #1287 ) ;
#5975 = CARTESIAN_POINT ( 'NONE',  ( 25.50000000000000000, 2.100000000000000089, 50.50000000000000000 ) ) ;
#5976 = ORIENTED_EDGE ( 'NONE', *, *, #3308, .T. ) ;
#5977 = FACE_OUTER_BOUND ( 'NONE', #4009, .T. ) ;
#5978 = DIRECTION ( 'NONE',  ( 0.000000000000000000, 0.000000000000000000, -1.000000000000000000 ) ) ;
#5979 = DIRECTION ( 'NONE',  ( 0.000000000000000000, 0.000000000000000000, 1.000000000000000000 ) ) ;
#5980 = CYLINDRICAL_SURFACE ( 'NONE', #2370, 1.600000000000000755 ) ;
#5981 = CARTESIAN_POINT ( 'NONE',  ( 5.999999999999998224, 2.100000000000000089, 10.44999999999999929 ) ) ;
#5982 = ORIENTED_EDGE ( 'NONE', *, *, #2844, .T. ) ;
#5983 = CARTESIAN_POINT ( 'NONE',  ( 36.46446609406768147, 0.6999999999999999556, -52.46446609406707040 ) ) ;
#5984 = ADVANCED_FACE ( 'NONE', ( #7637 ), #84, .F. ) ;
#5985 = EDGE_LOOP ( 'NONE', ( #2667, #5071, #3280, #1266 ) ) ;
#5986 = ORIENTED_EDGE ( 'NONE', *, *, #5229, .F. ) ;
#5987 = ORIENTED_EDGE ( 'NONE', *, *, #7242, .T. ) ;
#5988 = LINE ( 'NONE', #6653, #1378 ) ;
#5989 = LINE ( 'NONE', #860, #2514 ) ;
#5990 = ORIENTED_EDGE ( 'NONE', *, *, #6525, .T. ) ;
#5991 = FACE_OUTER_BOUND ( 'NONE', #5332, .T. ) ;
#5992 = EDGE_CURVE ( 'NONE', #7746, #4879, #289, .T. ) ;
#5993 = CARTESIAN_POINT ( 'NONE',  ( 36.29146468382625557, 0.6999999999999999556, -36.29146468382606372 ) ) ;
#5994 = PERSON_AND_ORGANIZATION_ROLE ( 'classification_officer' ) ;
#5995 = CARTESIAN_POINT ( 'NONE',  ( 31.00000000000000000, 2.100000000000000089, 0.000000000000000000 ) ) ;
#5996 = EDGE_LOOP ( 'NONE', ( #5190, #3160, #7662, #3586 ) ) ;
#5997 = CARTESIAN_POINT ( 'NONE',  ( 70.14213562373100785, 0.6999999999999999556, -52.54213562373101354 ) ) ;
#5998 = CARTESIAN_POINT ( 'NONE',  ( -2.525040043307524851, 2.100000000000000089, 4.374189797439959726 ) ) ;
#5999 = ORIENTED_EDGE ( 'NONE', *, *, #7967, .F. ) ;
#6000 = DIRECTION ( 'NONE',  ( -0.8660596620565251813, 0.000000000000000000, 0.4999406582370924945 ) ) ;
#6001 = EDGE_CURVE ( 'NONE', #5270, #6165, #7017, .T. ) ;
#6002 = ORIENTED_EDGE ( 'NONE', *, *, #3012, .F. ) ;
#6003 = CIRCLE ( 'NONE', #1365, 1.600000000000000755 ) ;
#6004 = VERTEX_POINT ( 'NONE', #3852 ) ;
#6005 = CARTESIAN_POINT ( 'NONE',  ( 32.75593077789339702, 2.100000000000000089, -35.01867247769040858 ) ) ;
#6006 = VERTEX_POINT ( 'NONE', #4473 ) ;
#6007 = CARTESIAN_POINT ( 'NONE',  ( -1.103284130721249943E-14, 0.6999999999999999556, -26.50000000000001776 ) ) ;
#6008 = DIRECTION ( 'NONE',  ( 0.000000000000000000, 0.000000000000000000, -1.000000000000000000 ) ) ;
#6009 = CARTESIAN_POINT ( 'NONE',  ( -19.09188309203676326, 2.100000000000000089, 20.69188309203676468 ) ) ;
#6010 = DIRECTION ( 'NONE',  ( 0.000000000000000000, 0.000000000000000000, -1.000000000000000000 ) ) ;
#6011 = VERTEX_POINT ( 'NONE', #6392 ) ;
#6012 = AXIS2_PLACEMENT_3D ( 'NONE', #7129, #147, #2764 ) ;
#6013 = DIRECTION ( 'NONE',  ( 0.000000000000000000, 0.000000000000000000, 1.000000000000000000 ) ) ;
#6014 = ORIENTED_EDGE ( 'NONE', *, *, #639, .F. ) ;
#6015 = ADVANCED_FACE ( 'NONE', ( #3686 ), #3728, .F. ) ;
#6016 = CARTESIAN_POINT ( 'NONE',  ( -65.50000000000000000, 0.6999999999999999556, -0.000000000000000000 ) ) ;
#6017 = VECTOR ( 'NONE', #400, 1000.000000000000000 ) ;
#6018 = VECTOR ( 'NONE', #2431, 1000.000000000000000 ) ;
#6019 = DIRECTION ( 'NONE',  ( -0.000000000000000000, -1.000000000000000000, -0.000000000000000000 ) ) ;
#6020 = FACE_OUTER_BOUND ( 'NONE', #2773, .T. ) ;
#6021 = CARTESIAN_POINT ( 'NONE',  ( -12.50000000000000000, 2.100000000000000089, 30.50000000000001776 ) ) ;
#6022 = ADVANCED_FACE ( 'NONE', ( #120 ), #5724, .F. ) ;
#6023 = CARTESIAN_POINT ( 'NONE',  ( 32.75593077789339702, 0.6999999999999999556, 35.01867247769040858 ) ) ;
#6024 = VECTOR ( 'NONE', #3869, 1000.000000000000000 ) ;
#6025 = DIRECTION ( 'NONE',  ( 0.000000000000000000, 1.000000000000000000, -0.000000000000000000 ) ) ;
#6026 = ORIENTED_EDGE ( 'NONE', *, *, #6587, .F. ) ;
#6027 = ORIENTED_EDGE ( 'NONE', *, *, #3822, .F. ) ;
#6028 = AXIS2_PLACEMENT_3D ( 'NONE', #5378, #3542, #5961 ) ;
#6029 = LINE ( 'NONE', #2873, #355 ) ;
#6030 = DIRECTION ( 'NONE',  ( -0.000000000000000000, -1.000000000000000000, -0.000000000000000000 ) ) ;
#6031 = ORIENTED_EDGE ( 'NONE', *, *, #4893, .F. ) ;
#6032 = FACE_BOUND ( 'NONE', #395, .T. ) ;
#6033 = DIRECTION ( 'NONE',  ( 1.000000000000000000, 0.000000000000000000, 0.000000000000000000 ) ) ;
#6034 = VECTOR ( 'NONE', #570, 1000.000000000000000 ) ;
#6035 = CARTESIAN_POINT ( 'NONE',  ( 44.77674605806474517, 2.100000000000000089, -47.03948775786169989 ) ) ;
#6036 = EDGE_CURVE ( 'NONE', #374, #5720, #3075, .T. ) ;
#6037 = EDGE_CURVE ( 'NONE', #546, #7312, #5825, .T. ) ;
#6038 = CARTESIAN_POINT ( 'NONE',  ( 36.46446609406768147, 0.6999999999999999556, -52.46446609406707040 ) ) ;
#6039 = APPROVAL_STATUS ( 'not_yet_approved' ) ;
#6040 = PLANE ( 'NONE',  #4884 ) ;
#6041 = CARTESIAN_POINT ( 'NONE',  ( 70.14213562373100785, 2.100000000000000089, -52.54213562373101354 ) ) ;
#6042 = ORIENTED_EDGE ( 'NONE', *, *, #6471, .F. ) ;
#6043 = PLANE ( 'NONE',  #2331 ) ;
#6044 = ORIENTED_EDGE ( 'NONE', *, *, #7053, .F. ) ;
#6045 = VERTEX_POINT ( 'NONE', #4310 ) ;
#6046 = EDGE_CURVE ( 'NONE', #761, #2429, #7513, .T. ) ;
#6047 = LINE ( 'NONE', #433, #974 ) ;
#6048 = ORIENTED_EDGE ( 'NONE', *, *, #4775, .T. ) ;
#6049 = DIRECTION ( 'NONE',  ( 0.000000000000000000, 1.000000000000000000, -0.000000000000000000 ) ) ;
#6050 = CARTESIAN_POINT ( 'NONE',  ( 24.00000000000000000, 2.100000000000000089, 15.50000000000000000 ) ) ;
#6051 = CARTESIAN_POINT ( 'NONE',  ( 25.50000000000000000, 0.6999999999999999556, -47.30000000000000426 ) ) ;
#6052 = ORIENTED_EDGE ( 'NONE', *, *, #92, .T. ) ;
#6053 = AXIS2_PLACEMENT_3D ( 'NONE', #4141, #2373, #5979 ) ;
#6054 = CARTESIAN_POINT ( 'NONE',  ( 36.46446609406768147, 2.100000000000000089, -52.46446609406707040 ) ) ;
#6055 = VERTEX_POINT ( 'NONE', #6905 ) ;
#6056 = CARTESIAN_POINT ( 'NONE',  ( -15.98566790351172884, 2.100000000000000089, 16.21431578947368024 ) ) ;
#6057 = AXIS2_PLACEMENT_3D ( 'NONE', #1687, #6049, #7339 ) ;
#6058 = ADVANCED_FACE ( 'NONE', ( #6269 ), #1944, .F. ) ;
#6059 = CARTESIAN_POINT ( 'NONE',  ( -33.88730162779190636, 2.100000000000000089, -35.48730162779190067 ) ) ;
#6060 = ORIENTED_EDGE ( 'NONE', *, *, #5040, .T. ) ;
#6061 = CARTESIAN_POINT ( 'NONE',  ( 52.46446609406692829, 2.100000000000000089, 34.86446609406787189 ) ) ;
#6062 = LINE ( 'NONE', #3565, #2349 ) ;
#6063 = CARTESIAN_POINT ( 'NONE',  ( -31.00000000000000000, 2.100000000000000089, 65.50000000000000000 ) ) ;
#6064 = VECTOR ( 'NONE', #7586, 1000.000000000000000 ) ;
#6065 = ORIENTED_EDGE ( 'NONE', *, *, #3118, .F. ) ;
#6066 = ORIENTED_EDGE ( 'NONE', *, *, #5477, .F. ) ;
#6067 = EDGE_CURVE ( 'NONE', #3063, #1402, #721, .T. ) ;
#6068 = EDGE_CURVE ( 'NONE', #193, #6443, #243, .T. ) ;
#6069 = DIRECTION ( 'NONE',  ( -0.000000000000000000, -1.000000000000000000, 0.000000000000000000 ) ) ;
#6070 = PLANE ( 'NONE',  #3445 ) ;
#6071 = AXIS2_PLACEMENT_3D ( 'NONE', #2209, #1580, #5233 ) ;
#6072 = ORIENTED_EDGE ( 'NONE', *, *, #2376, .T. ) ;
#6073 = FACE_BOUND ( 'NONE', #7889, .T. ) ;
#6074 = DIRECTION ( 'NONE',  ( 0.000000000000000000, 0.000000000000000000, 1.000000000000000000 ) ) ;
#6075 = DIRECTION ( 'NONE',  ( 0.000000000000000000, 0.000000000000000000, 1.000000000000000000 ) ) ;
#6076 = AXIS2_PLACEMENT_3D ( 'NONE', #7086, #629, #3137 ) ;
#6077 = DIRECTION ( 'NONE',  ( -0.000000000000000000, -1.000000000000000000, -0.000000000000000000 ) ) ;
#6078 = VERTEX_POINT ( 'NONE', #4645 ) ;
#6079 = VECTOR ( 'NONE', #3081, 1000.000000000000000 ) ;
#6080 = DIRECTION ( 'NONE',  ( 0.000000000000000000, 1.000000000000000000, -0.000000000000000000 ) ) ;
#6081 = DIRECTION ( 'NONE',  ( -0.8660596620565250703, 0.000000000000000000, 0.4999406582370927166 ) ) ;
#6082 = CC_DESIGN_DATE_AND_TIME_ASSIGNMENT ( #5410, #985, ( #2486 ) ) ;
#6083 = EDGE_CURVE ( 'NONE', #5032, #832, #1838, .T. ) ;
#6084 = VECTOR ( 'NONE', #7392, 1000.000000000000000 ) ;
#6085 = VERTEX_POINT ( 'NONE', #5853 ) ;
#6086 = CIRCLE ( 'NONE', #5155, 1.599999999999997202 ) ;
#6087 = EDGE_LOOP ( 'NONE', ( #253, #2506, #8105, #715 ) ) ;
#6088 = DIRECTION ( 'NONE',  ( 0.000000000000000000, 0.000000000000000000, 1.000000000000000000 ) ) ;
#6089 = FACE_OUTER_BOUND ( 'NONE', #555, .T. ) ;
#6090 = EDGE_LOOP ( 'NONE', ( #6454, #2039, #5389, #4091 ) ) ;
#6091 = CARTESIAN_POINT ( 'NONE',  ( -18.50385078242113579, 2.100000000000000089, -3.754999999999999005 ) ) ;
#6092 = LINE ( 'NONE', #6551, #3706 ) ;
#6093 = AXIS2_PLACEMENT_3D ( 'NONE', #3826, #8148, #7036 ) ;
#6094 = ORIENTED_EDGE ( 'NONE', *, *, #1715, .T. ) ;
#6095 = DIRECTION ( 'NONE',  ( -0.000000000000000000, -1.000000000000000000, -0.000000000000000000 ) ) ;
#6096 = ORIENTED_EDGE ( 'NONE', *, *, #1936, .T. ) ;
#6097 = AXIS2_PLACEMENT_3D ( 'NONE', #4548, #6978, #79 ) ;
#6098 = FACE_OUTER_BOUND ( 'NONE', #1277, .T. ) ;
#6099 = VERTEX_POINT ( 'NONE', #4553 ) ;
#6100 = AXIS2_PLACEMENT_3D ( 'NONE', #5787, #4581, #7824 ) ;
#6101 = CARTESIAN_POINT ( 'NONE',  ( -31.00000000000000000, 2.100000000000000089, -65.50000000000000000 ) ) ;
#6102 = ADVANCED_FACE ( 'NONE', ( #5264 ), #922, .F. ) ;
#6103 = AXIS2_PLACEMENT_3D ( 'NONE', #777, #5282, #7852 ) ;
#6104 = CIRCLE ( 'NONE', #6772, 1.600000000000000755 ) ;
#6105 = CARTESIAN_POINT ( 'NONE',  ( -31.00000000000000000, 2.100000000000000089, -65.50000000000000000 ) ) ;
#6106 = AXIS2_PLACEMENT_3D ( 'NONE', #8020, #2965, #4864 ) ;
#6107 = DIRECTION ( 'NONE',  ( -0.000000000000000000, -1.000000000000000000, -0.000000000000000000 ) ) ;
#6108 = DIRECTION ( 'NONE',  ( -1.000000000000000000, 0.000000000000000000, 0.000000000000000000 ) ) ;
#6109 = LINE ( 'NONE', #7431, #421 ) ;
#6110 = EDGE_CURVE ( 'NONE', #5491, #6641, #7794, .T. ) ;
#6111 = ORIENTED_EDGE ( 'NONE', *, *, #2212, .F. ) ;
#6112 = ORIENTED_EDGE ( 'NONE', *, *, #369, .F. ) ;
#6113 = EDGE_LOOP ( 'NONE', ( #4447, #5297, #7832, #4698 ) ) ;
#6114 = DIRECTION ( 'NONE',  ( 0.000000000000000000, 1.000000000000000000, -0.000000000000000000 ) ) ;
#6115 = DIRECTION ( 'NONE',  ( 0.000000000000000000, 0.000000000000000000, 1.000000000000000000 ) ) ;
#6116 = VERTEX_POINT ( 'NONE', #7182 ) ;
#6117 = FACE_BOUND ( 'NONE', #489, .T. ) ;
#6118 = DIRECTION ( 'NONE',  ( -0.000000000000000000, -1.000000000000000000, -0.000000000000000000 ) ) ;
#6119 = DIRECTION ( 'NONE',  ( 0.000000000000000000, 0.000000000000000000, 1.000000000000000000 ) ) ;
#6120 = CARTESIAN_POINT ( 'NONE',  ( -18.50385078242113579, 2.100000000000000089, -3.754999999999999005 ) ) ;
#6121 = EDGE_CURVE ( 'NONE', #7895, #1069, #3317, .T. ) ;
#6122 = EDGE_CURVE ( 'NONE', #159, #3082, #3870, .T. ) ;
#6123 = DIRECTION ( 'NONE',  ( 0.000000000000000000, 0.000000000000000000, -1.000000000000000000 ) ) ;
#6124 = PERSON_AND_ORGANIZATION ( #3834, #5159 ) ;
#6125 = ORIENTED_EDGE ( 'NONE', *, *, #4969, .F. ) ;
#6126 = AXIS2_PLACEMENT_3D ( 'NONE', #7194, #288, #1498 ) ;
#6127 = LINE ( 'NONE', #2188, #6151 ) ;
#6128 = EDGE_CURVE ( 'NONE', #4575, #1825, #2616, .T. ) ;
#6129 = ORIENTED_EDGE ( 'NONE', *, *, #3364, .F. ) ;
#6130 = ORIENTED_EDGE ( 'NONE', *, *, #271, .T. ) ;
#6131 = DIRECTION ( 'NONE',  ( 0.000000000000000000, 0.000000000000000000, 1.000000000000000000 ) ) ;
#6132 = FACE_OUTER_BOUND ( 'NONE', #1479, .T. ) ;
#6133 = VERTEX_POINT ( 'NONE', #4015 ) ;
#6134 = EDGE_CURVE ( 'NONE', #350, #3370, #7674, .T. ) ;
#6135 = LINE ( 'NONE', #4173, #519 ) ;
#6136 = PLANE ( 'NONE',  #5046 ) ;
#6137 = ORIENTED_EDGE ( 'NONE', *, *, #5238, .F. ) ;
#6138 = LINE ( 'NONE', #5003, #3496 ) ;
#6139 = ORIENTED_EDGE ( 'NONE', *, *, #799, .F. ) ;
#6140 = DIRECTION ( 'NONE',  ( 0.000000000000000000, 0.000000000000000000, 1.000000000000000000 ) ) ;
#6141 = ORIENTED_EDGE ( 'NONE', *, *, #5675, .T. ) ;
#6142 = CARTESIAN_POINT ( 'NONE',  ( 22.39999999999999858, 0.6999999999999999556, -15.50000000000000000 ) ) ;
#6143 = EDGE_CURVE ( 'NONE', #6778, #528, #1241, .T. ) ;
#6144 = VECTOR ( 'NONE', #2986, 1000.000000000000000 ) ;
#6145 = EDGE_CURVE ( 'NONE', #5377, #1959, #2966, .T. ) ;
#6146 = CARTESIAN_POINT ( 'NONE',  ( -54.14213562373100785, 2.100000000000000089, -70.14213562373090838 ) ) ;
#6147 = CARTESIAN_POINT ( 'NONE',  ( -44.77674605806473807, 0.6999999999999999556, -47.03948775786169989 ) ) ;
#6148 = AXIS2_PLACEMENT_3D ( 'NONE', #2754, #254, #6883 ) ;
#6149 = VECTOR ( 'NONE', #1348, 1000.000000000000000 ) ;
#6150 = ORIENTED_EDGE ( 'NONE', *, *, #7757, .F. ) ;
#6151 = VECTOR ( 'NONE', #1516, 1000.000000000000000 ) ;
#6152 = ORIENTED_EDGE ( 'NONE', *, *, #3320, .F. ) ;
#6153 = CARTESIAN_POINT ( 'NONE',  ( -33.88730162779190636, 2.100000000000000089, -33.88730162779190636 ) ) ;
#6154 = EDGE_CURVE ( 'NONE', #2433, #6958, #7139, .T. ) ;
#6155 = CARTESIAN_POINT ( 'NONE',  ( -70.14213562373100785, 2.100000000000000089, 54.14213562373100785 ) ) ;
#6156 = VERTEX_POINT ( 'NONE', #2156 ) ;
#6157 = AXIS2_PLACEMENT_3D ( 'NONE', #1508, #4039, #6573 ) ;
#6158 = FACE_BOUND ( 'NONE', #5504, .T. ) ;
#6159 = DIRECTION ( 'NONE',  ( 0.000000000000000000, 1.000000000000000000, -0.000000000000000000 ) ) ;
#6160 = ORIENTED_EDGE ( 'NONE', *, *, #466, .T. ) ;
#6161 = DIRECTION ( 'NONE',  ( 0.000000000000000000, 0.000000000000000000, -1.000000000000000000 ) ) ;
#6162 = AXIS2_PLACEMENT_3D ( 'NONE', #7049, #5088, #112 ) ;
#6163 = EDGE_CURVE ( 'NONE', #1733, #3890, #5203, .T. ) ;
#6164 = LINE ( 'NONE', #2881, #3304 ) ;
#6165 = VERTEX_POINT ( 'NONE', #2780 ) ;
#6166 = AXIS2_PLACEMENT_3D ( 'NONE', #4152, #3614, #4821 ) ;
#6167 = CIRCLE ( 'NONE', #6539, 1.599999999999997202 ) ;
#6168 = LINE ( 'NONE', #663, #4819 ) ;
#6169 = ORIENTED_EDGE ( 'NONE', *, *, #6046, .F. ) ;
#6170 = VERTEX_POINT ( 'NONE', #5309 ) ;
#6171 = ORIENTED_EDGE ( 'NONE', *, *, #323, .T. ) ;
#6172 = ADVANCED_FACE ( 'NONE', ( #7839 ), #2659, .F. ) ;
#6173 = DIRECTION ( 'NONE',  ( -0.000000000000000000, -1.000000000000000000, -0.000000000000000000 ) ) ;
#6174 = VERTEX_POINT ( 'NONE', #3891 ) ;
#6175 = LINE ( 'NONE', #6846, #653 ) ;
#6176 = FACE_BOUND ( 'NONE', #440, .T. ) ;
#6177 = ORIENTED_EDGE ( 'NONE', *, *, #1380, .T. ) ;
#6178 = CARTESIAN_POINT ( 'NONE',  ( 0.000000000000000000, 2.100000000000000089, 74.50000000000000000 ) ) ;
#6179 = VERTEX_POINT ( 'NONE', #6592 ) ;
#6180 = DIRECTION ( 'NONE',  ( 0.000000000000000000, 0.000000000000000000, 1.000000000000000000 ) ) ;
#6181 = CIRCLE ( 'NONE', #5244, 1.599999999999997202 ) ;
#6182 = ORIENTED_EDGE ( 'NONE', *, *, #6357, .T. ) ;
#6183 = DIRECTION ( 'NONE',  ( 0.000000000000000000, 0.000000000000000000, 1.000000000000000000 ) ) ;
#6184 = CYLINDRICAL_SURFACE ( 'NONE', #5782, 1.600000000000004086 ) ;
#6185 = DIRECTION ( 'NONE',  ( 0.000000000000000000, 0.000000000000000000, 1.000000000000000000 ) ) ;
#6186 = ORIENTED_EDGE ( 'NONE', *, *, #6121, .F. ) ;
#6187 = CARTESIAN_POINT ( 'NONE',  ( -33.88730162779190636, 0.6999999999999999556, -35.48730162779190067 ) ) ;
#6188 = EDGE_LOOP ( 'NONE', ( #1051, #8038, #6395, #5717 ) ) ;
#6189 = EDGE_CURVE ( 'NONE', #7201, #3060, #3435, .T. ) ;
#6190 = EDGE_CURVE ( 'NONE', #1672, #4485, #4515, .T. ) ;
#6191 = ORIENTED_EDGE ( 'NONE', *, *, #4289, .T. ) ;
#6192 = PLANE ( 'NONE',  #1145 ) ;
#6193 = ORIENTED_EDGE ( 'NONE', *, *, #7005, .T. ) ;
#6194 = EDGE_LOOP ( 'NONE', ( #2564, #5463, #4144, #4188 ) ) ;
#6195 = AXIS2_PLACEMENT_3D ( 'NONE', #7509, #1821, #4390 ) ;
#6196 = DIRECTION ( 'NONE',  ( -0.000000000000000000, -1.000000000000000000, -0.000000000000000000 ) ) ;
#6197 = ORIENTED_EDGE ( 'NONE', *, *, #4572, .T. ) ;
#6198 = CARTESIAN_POINT ( 'NONE',  ( 18.50385078242113579, 2.100000000000000089, 3.754999999999999005 ) ) ;
#6199 = EDGE_CURVE ( 'NONE', #2967, #3813, #763, .T. ) ;
#6200 = VECTOR ( 'NONE', #1591, 1000.000000000000000 ) ;
#6201 = DIRECTION ( 'NONE',  ( -0.000000000000000000, -1.000000000000000000, -0.000000000000000000 ) ) ;
#6202 = EDGE_LOOP ( 'NONE', ( #4322, #5403 ) ) ;
#6203 = DIRECTION ( 'NONE',  ( 0.000000000000000000, 0.000000000000000000, -1.000000000000000000 ) ) ;
#6204 = DIRECTION ( 'NONE',  ( -0.000000000000000000, -1.000000000000000000, 0.000000000000000000 ) ) ;
#6205 = EDGE_CURVE ( 'NONE', #1460, #2946, #7072, .T. ) ;
#6206 = ORIENTED_EDGE ( 'NONE', *, *, #238, .F. ) ;
#6207 = ORIENTED_EDGE ( 'NONE', *, *, #4411, .F. ) ;
#6208 = AXIS2_PLACEMENT_3D ( 'NONE', #5119, #6296, #7584 ) ;
#6209 = CARTESIAN_POINT ( 'NONE',  ( -1.131370849898491571, 2.100000000000000089, -1.131370849898491127 ) ) ;
#6210 = LINE ( 'NONE', #2979, #4210 ) ;
#6211 = ORIENTED_EDGE ( 'NONE', *, *, #2489, .T. ) ;
#6212 = DIRECTION ( 'NONE',  ( -0.000000000000000000, -1.000000000000000000, -0.000000000000000000 ) ) ;
#6213 = ORIENTED_EDGE ( 'NONE', *, *, #5812, .F. ) ;
#6214 = FACE_BOUND ( 'NONE', #1345, .T. ) ;
#6215 = EDGE_LOOP ( 'NONE', ( #1301, #6611, #863, #4935 ) ) ;
#6216 = LINE ( 'NONE', #5051, #3610 ) ;
#6217 = ORIENTED_EDGE ( 'NONE', *, *, #2551, .T. ) ;
#6218 = ADVANCED_FACE ( 'NONE', ( #1086 ), #1121, .F. ) ;
#6219 = AXIS2_PLACEMENT_3D ( 'NONE', #7318, #1247, #2451 ) ;
#6220 = EDGE_CURVE ( 'NONE', #4291, #744, #7301, .T. ) ;
#6221 = DIRECTION ( 'NONE',  ( 0.000000000000000000, 1.000000000000000000, -0.000000000000000000 ) ) ;
#6222 = VECTOR ( 'NONE', #3524, 1000.000000000000000 ) ;
#6223 = VERTEX_POINT ( 'NONE', #2861 ) ;
#6224 = LINE ( 'NONE', #2990, #2392 ) ;
#6225 = CIRCLE ( 'NONE', #1583, 1.599999999999997202 ) ;
#6226 = DIRECTION ( 'NONE',  ( -0.4999406582370924390, 0.000000000000000000, 0.8660596620565252923 ) ) ;
#6227 = LINE ( 'NONE', #687, #4927 ) ;
#6228 = EDGE_LOOP ( 'NONE', ( #1562, #1767, #2883, #5603 ) ) ;
#6229 = DIRECTION ( 'NONE',  ( -0.000000000000000000, -1.000000000000000000, -0.000000000000000000 ) ) ;
#6230 = VECTOR ( 'NONE', #7729, 1000.000000000000000 ) ;
#6231 = AXIS2_PLACEMENT_3D ( 'NONE', #5438, #3069, #2948 ) ;
#6232 = ORIENTED_EDGE ( 'NONE', *, *, #2332, .T. ) ;
#6233 = AXIS2_PLACEMENT_3D ( 'NONE', #2613, #157, #7710 ) ;
#6234 = EDGE_LOOP ( 'NONE', ( #5085, #479, #7396, #4901, #6691, #1986, #1639 ) ) ;
#6235 = DIRECTION ( 'NONE',  ( 0.000000000000000000, 1.000000000000000000, -0.000000000000000000 ) ) ;
#6236 = DIRECTION ( 'NONE',  ( 0.000000000000000000, 0.000000000000000000, -1.000000000000000000 ) ) ;
#6237 = DIRECTION ( 'NONE',  ( 0.000000000000000000, -0.000000000000000000, 1.000000000000000000 ) ) ;
#6238 = ADVANCED_FACE ( 'NONE', ( #442 ), #6767, .F. ) ;
#6239 = ORIENTED_EDGE ( 'NONE', *, *, #7304, .F. ) ;
#6240 = DIRECTION ( 'NONE',  ( 0.000000000000000000, 0.000000000000000000, 1.000000000000000000 ) ) ;
#6241 = CIRCLE ( 'NONE', #2664, 2.000000000000001776 ) ;
#6242 = LINE ( 'NONE', #1922, #7814 ) ;
#6243 = ORIENTED_EDGE ( 'NONE', *, *, #5432, .T. ) ;
#6244 = EDGE_CURVE ( 'NONE', #4004, #1660, #4844, .T. ) ;
#6245 = LINE ( 'NONE', #3704, #6018 ) ;
#6246 = ORIENTED_EDGE ( 'NONE', *, *, #6716, .T. ) ;
#6247 = VERTEX_POINT ( 'NONE', #5431 ) ;
#6248 = CARTESIAN_POINT ( 'NONE',  ( -45.90811690796319766, 2.100000000000000089, -45.90811690796319766 ) ) ;
#6249 = PLANE ( 'NONE',  #6901 ) ;
#6250 = CARTESIAN_POINT ( 'NONE',  ( -25.50000000000000000, 2.100000000000000089, -50.50000000000000000 ) ) ;
#6251 = EDGE_LOOP ( 'NONE', ( #4131, #2814, #6232, #6381, #7783, #4758, #1501 ) ) ;
#6252 = EDGE_CURVE ( 'NONE', #2625, #4231, #4678, .T. ) ;
#6253 = CARTESIAN_POINT ( 'NONE',  ( 24.00000000000000000, 2.100000000000000089, -17.10000000000000142 ) ) ;
#6254 = CARTESIAN_POINT ( 'NONE',  ( 19.50385078242113934, 2.100000000000000089, 0.000000000000000000 ) ) ;
#6255 = ORIENTED_EDGE ( 'NONE', *, *, #339, .F. ) ;
#6256 = FACE_BOUND ( 'NONE', #4682, .T. ) ;
#6257 = ORIENTED_EDGE ( 'NONE', *, *, #7526, .F. ) ;
#6258 = DIRECTION ( 'NONE',  ( 0.000000000000000000, 1.000000000000000000, -0.000000000000000000 ) ) ;
#6259 = ORIENTED_EDGE ( 'NONE', *, *, #6128, .T. ) ;
#6260 = VECTOR ( 'NONE', #7848, 999.9999999999998863 ) ;
#6261 = FACE_OUTER_BOUND ( 'NONE', #1835, .T. ) ;
#6262 = ORIENTED_EDGE ( 'NONE', *, *, #5951, .T. ) ;
#6263 = CYLINDRICAL_SURFACE ( 'NONE', #8083, 1.600000000000011191 ) ;
#6264 = ADVANCED_FACE ( 'NONE', ( #2945 ), #5515, .F. ) ;
#6265 = CARTESIAN_POINT ( 'NONE',  ( 0.000000000000000000, 0.6999999999999999556, -47.30000000000000426 ) ) ;
#6266 = FACE_OUTER_BOUND ( 'NONE', #1203, .T. ) ;
#6267 = DESIGN_CONTEXT ( 'detailed design', #3525, 'design' ) ;
#6268 = CARTESIAN_POINT ( 'NONE',  ( 33.88730162779190636, 2.100000000000000089, -33.88730162779190636 ) ) ;
#6269 = FACE_OUTER_BOUND ( 'NONE', #7293, .T. ) ;
#6270 = EDGE_LOOP ( 'NONE', ( #6603, #6805, #1972, #6255 ) ) ;
#6271 = ORIENTED_EDGE ( 'NONE', *, *, #1826, .T. ) ;
#6272 = VECTOR ( 'NONE', #7713, 1000.000000000000000 ) ;
#6273 = DIRECTION ( 'NONE',  ( 0.000000000000000000, 1.000000000000000000, -0.000000000000000000 ) ) ;
#6274 = EDGE_CURVE ( 'NONE', #6422, #1173, #2328, .T. ) ;
#6275 = CARTESIAN_POINT ( 'NONE',  ( -42.72613639262370100, 2.100000000000000089, 32.11953467482550195 ) ) ;
#6276 = LINE ( 'NONE', #3121, #5501 ) ;
#6277 = CARTESIAN_POINT ( 'NONE',  ( -6.000000000000000000, 2.100000000000000089, -10.44999999999999929 ) ) ;
#6278 = VERTEX_POINT ( 'NONE', #5388 ) ;
#6279 = LINE ( 'NONE', #7029, #5194 ) ;
#6280 = VECTOR ( 'NONE', #3719, 1000.000000000000000 ) ;
#6281 = ORIENTED_EDGE ( 'NONE', *, *, #780, .T. ) ;
#6282 = VECTOR ( 'NONE', #5909, 1000.000000000000000 ) ;
#6283 = CARTESIAN_POINT ( 'NONE',  ( 4.286263797015736595E-16, 2.100000000000000089, 3.500000000000000000 ) ) ;
#6284 = ORIENTED_EDGE ( 'NONE', *, *, #3847, .T. ) ;
#6285 = AXIS2_PLACEMENT_3D ( 'NONE', #2915, #5489, #1504 ) ;
#6286 = CARTESIAN_POINT ( 'NONE',  ( -45.90811690796319766, 0.6999999999999999556, -47.50811690796319908 ) ) ;
#6287 = VECTOR ( 'NONE', #6971, 1000.000000000000000 ) ;
#6288 = CIRCLE ( 'NONE', #3975, 1.600000000000018074 ) ;
#6289 = EDGE_LOOP ( 'NONE', ( #7789, #3270, #2404, #1771, #6026 ) ) ;
#6290 = EDGE_CURVE ( 'NONE', #6759, #7627, #7727, .T. ) ;
#6291 = ADVANCED_FACE ( 'NONE', ( #6098 ), #2367, .F. ) ;
#6292 = VERTEX_POINT ( 'NONE', #2285 ) ;
#6293 = AXIS2_PLACEMENT_3D ( 'NONE', #6560, #2865, #5978 ) ;
#6294 = VECTOR ( 'NONE', #6081, 1000.000000000000000 ) ;
#6295 = CARTESIAN_POINT ( 'NONE',  ( -2.525040043307524851, 2.100000000000000089, 4.374189797439959726 ) ) ;
#6296 = DIRECTION ( 'NONE',  ( 0.000000000000000000, 1.000000000000000000, -0.000000000000000000 ) ) ;
#6297 = ORIENTED_EDGE ( 'NONE', *, *, #6252, .T. ) ;
#6298 = CARTESIAN_POINT ( 'NONE',  ( -22.39999999999999858, 2.100000000000000089, -15.50000000000000000 ) ) ;
#6299 = LINE ( 'NONE', #2479, #446 ) ;
#6300 = FACE_BOUND ( 'NONE', #5907, .T. ) ;
#6301 = EDGE_LOOP ( 'NONE', ( #2048, #3773, #7418, #3737 ) ) ;
#6302 = DIRECTION ( 'NONE',  ( -0.000000000000000000, -1.000000000000000000, -0.000000000000000000 ) ) ;
#6303 = EDGE_LOOP ( 'NONE', ( #5122, #7850, #4907, #7976 ) ) ;
#6304 = EDGE_CURVE ( 'NONE', #6963, #2800, #341, .T. ) ;
#6305 = CYLINDRICAL_SURFACE ( 'NONE', #666, 1.000000000000004441 ) ;
#6306 = ORIENTED_EDGE ( 'NONE', *, *, #5706, .F. ) ;
#6307 = PLANE ( 'NONE',  #1673 ) ;
#6308 = DIRECTION ( 'NONE',  ( 0.000000000000000000, 1.000000000000000000, -0.000000000000000000 ) ) ;
#6309 = CARTESIAN_POINT ( 'NONE',  ( -12.50000000000000000, 2.100000000000000089, -30.50000000000001776 ) ) ;
#6310 = ORIENTED_EDGE ( 'NONE', *, *, #5192, .F. ) ;
#6311 = EDGE_CURVE ( 'NONE', #5904, #5242, #1692, .T. ) ;
#6312 = AXIS2_PLACEMENT_3D ( 'NONE', #1055, #3573, #6115 ) ;
#6313 = EDGE_LOOP ( 'NONE', ( #544, #4093, #3613, #5193 ) ) ;
#6314 = DIRECTION ( 'NONE',  ( -0.000000000000000000, -1.000000000000000000, -0.000000000000000000 ) ) ;
#6315 = LINE ( 'NONE', #3243, #4970 ) ;
#6316 = CARTESIAN_POINT ( 'NONE',  ( -22.62741699796950101, 2.100000000000000089, -21.02741699796949959 ) ) ;
#6317 = ORIENTED_EDGE ( 'NONE', *, *, #971, .T. ) ;
#6318 = LINE ( 'NONE', #6404, #2804 ) ;
#6319 = ORIENTED_EDGE ( 'NONE', *, *, #3764, .F. ) ;
#6320 = MANIFOLD_SOLID_BREP ( 'Boss-Extrude1', #5369 ) ;
#6321 = EDGE_CURVE ( 'NONE', #6667, #1195, #6003, .T. ) ;
#6322 = EDGE_CURVE ( 'NONE', #4417, #6170, #4014, .T. ) ;
#6323 = ORIENTED_EDGE ( 'NONE', *, *, #7676, .T. ) ;
#6324 = LINE ( 'NONE', #740, #679 ) ;
#6325 = DIRECTION ( 'NONE',  ( 0.000000000000000000, 0.000000000000000000, -1.000000000000000000 ) ) ;
#6326 = AXIS2_PLACEMENT_3D ( 'NONE', #1526, #918, #3431 ) ;
#6327 = ORIENTED_EDGE ( 'NONE', *, *, #5229, .T. ) ;
#6328 = ORIENTED_EDGE ( 'NONE', *, *, #4477, .F. ) ;
#6329 = DIRECTION ( 'NONE',  ( 0.000000000000000000, 1.000000000000000000, -0.000000000000000000 ) ) ;
#6330 = CARTESIAN_POINT ( 'NONE',  ( 1.131370849898212461, 2.100000000000000089, -1.131370849898225117 ) ) ;
#6331 = LINE ( 'NONE', #2008, #2241 ) ;
#6332 = AXIS2_PLACEMENT_3D ( 'NONE', #2840, #5368, #7625 ) ;
#6333 = ORIENTED_EDGE ( 'NONE', *, *, #2138, .F. ) ;
#6334 = PLANE ( 'NONE',  #526 ) ;
#6335 = CARTESIAN_POINT ( 'NONE',  ( -42.08974028955584856, 0.6999999999999999556, 39.82699858975885832 ) ) ;
#6336 = ORIENTED_EDGE ( 'NONE', *, *, #3493, .F. ) ;
#6337 = CARTESIAN_POINT ( 'NONE',  ( 5.999999999999996447, 2.100000000000000089, -24.75000000000000000 ) ) ;
#6338 = ORIENTED_EDGE ( 'NONE', *, *, #5757, .F. ) ;
#6339 = EDGE_CURVE ( 'NONE', #3655, #1672, #1649, .T. ) ;
#6340 = CIRCLE ( 'NONE', #4614, 1.599999999999983435 ) ;
#6341 = DIRECTION ( 'NONE',  ( -0.000000000000000000, -1.000000000000000000, -0.000000000000000000 ) ) ;
#6342 = ORIENTED_EDGE ( 'NONE', *, *, #7919, .F. ) ;
#6343 = DIRECTION ( 'NONE',  ( -1.000000000000000000, 0.000000000000000000, -0.000000000000000000 ) ) ;
#6344 = CARTESIAN_POINT ( 'NONE',  ( -14.19448966059528949, 2.100000000000000089, -18.80936831356894245 ) ) ;
#6345 = VECTOR ( 'NONE', #5129, 1000.000000000000000 ) ;
#6346 = UNCERTAINTY_MEASURE_WITH_UNIT (LENGTH_MEASURE( 1.000000000000000082E-05 ), #4535, 'distance_accuracy_value', 'NONE');
#6347 = DIRECTION ( 'NONE',  ( 0.000000000000000000, 0.000000000000000000, -1.000000000000000000 ) ) ;
#6348 = ORIENTED_EDGE ( 'NONE', *, *, #7053, .T. ) ;
#6349 = DIRECTION ( 'NONE',  ( -0.000000000000000000, -1.000000000000000000, -0.000000000000000000 ) ) ;
#6350 = EDGE_CURVE ( 'NONE', #6179, #7877, #3480, .T. ) ;
#6351 = VERTEX_POINT ( 'NONE', #3474 ) ;
#6352 = CIRCLE ( 'NONE', #3437, 9.000000000000001776 ) ;
#6353 = CARTESIAN_POINT ( 'NONE',  ( -48.89999999999999858, 0.6999999999999999556, -25.50000000000000000 ) ) ;
#6354 = CARTESIAN_POINT ( 'NONE',  ( 18.50385078242113579, 2.100000000000000089, 3.754999999999999005 ) ) ;
#6355 = DIRECTION ( 'NONE',  ( 0.000000000000000000, 0.000000000000000000, 1.000000000000000000 ) ) ;
#6356 = PLANE ( 'NONE',  #540 ) ;
#6357 = EDGE_CURVE ( 'NONE', #267, #8051, #4534, .T. ) ;
#6358 = VERTEX_POINT ( 'NONE', #4178 ) ;
#6359 = DIRECTION ( 'NONE',  ( -0.000000000000000000, -1.000000000000000000, -0.000000000000000000 ) ) ;
#6360 = AXIS2_PLACEMENT_3D ( 'NONE', #7575, #6874, #4407 ) ;
#6361 = VECTOR ( 'NONE', #6180, 1000.000000000000000 ) ;
#6362 = CIRCLE ( 'NONE', #2784, 1.599999999999997202 ) ;
#6363 = LOCAL_TIME ( 20, 26, 31.00000000000000000, #3539 ) ;
#6364 = ORIENTED_EDGE ( 'NONE', *, *, #2959, .T. ) ;
#6365 = ORIENTED_EDGE ( 'NONE', *, *, #1053, .T. ) ;
#6366 = CIRCLE ( 'NONE', #5967, 1.600000000000004086 ) ;
#6367 = VECTOR ( 'NONE', #7340, 1000.000000000000114 ) ;
#6368 = CARTESIAN_POINT ( 'NONE',  ( 39.82699858975890095, 2.100000000000000089, -42.08974028955584856 ) ) ;
#6369 = VERTEX_POINT ( 'NONE', #3800 ) ;
#6370 = VECTOR ( 'NONE', #3892, 1000.000000000000000 ) ;
#6371 = EDGE_CURVE ( 'NONE', #3287, #7915, #2027, .T. ) ;
#6372 = CARTESIAN_POINT ( 'NONE',  ( 22.62741699796950101, 2.100000000000000089, -21.02741699796949959 ) ) ;
#6373 = ORIENTED_EDGE ( 'NONE', *, *, #5756, .T. ) ;
#6374 = EDGE_LOOP ( 'NONE', ( #655, #2593 ) ) ;
#6375 = CARTESIAN_POINT ( 'NONE',  ( -6.000000000000000000, 2.100000000000000089, -24.75000000000000000 ) ) ;
#6376 = DIRECTION ( 'NONE',  ( 0.000000000000000000, 0.000000000000000000, 1.000000000000000000 ) ) ;
#6377 = CYLINDRICAL_SURFACE ( 'NONE', #4480, 1.600000000000004086 ) ;
#6378 = CARTESIAN_POINT ( 'NONE',  ( 39.82699858975890095, 2.100000000000000089, 42.08974028955584856 ) ) ;
#6379 = EDGE_CURVE ( 'NONE', #494, #230, #1896, .T. ) ;
#6380 = DIRECTION ( 'NONE',  ( -0.000000000000000000, -1.000000000000000000, -0.000000000000000000 ) ) ;
#6381 = ORIENTED_EDGE ( 'NONE', *, *, #5892, .T. ) ;
#6382 = CARTESIAN_POINT ( 'NONE',  ( 25.60000000000000142, 0.6999999999999999556, -15.50000000000000000 ) ) ;
#6383 = VERTEX_POINT ( 'NONE', #6337 ) ;
#6384 = CYLINDRICAL_SURFACE ( 'NONE', #1385, 1.600000000000035394 ) ;
#6385 = AXIS2_PLACEMENT_3D ( 'NONE', #2548, #3862, #3124 ) ;
#6386 = LINE ( 'NONE', #3193, #1440 ) ;
#6387 = VERTEX_POINT ( 'NONE', #1315 ) ;
#6388 = CARTESIAN_POINT ( 'NONE',  ( 12.50000000000000000, 0.6999999999999999556, -30.50000000000002842 ) ) ;
#6389 = DIRECTION ( 'NONE',  ( -0.000000000000000000, -1.000000000000000000, -0.000000000000000000 ) ) ;
#6390 = CARTESIAN_POINT ( 'NONE',  ( -30.98816382492704946, 2.100000000000000089, 41.59476554272529114 ) ) ;
#6391 = ORIENTED_EDGE ( 'NONE', *, *, #1793, .F. ) ;
#6392 = CARTESIAN_POINT ( 'NONE',  ( 0.000000000000000000, 0.6999999999999999556, -3.500000000000000000 ) ) ;
#6393 = CIRCLE ( 'NONE', #2811, 2.000000000000005329 ) ;
#6394 = FACE_OUTER_BOUND ( 'NONE', #2199, .T. ) ;
#6395 = ORIENTED_EDGE ( 'NONE', *, *, #6651, .T. ) ;
#6396 = EDGE_CURVE ( 'NONE', #2650, #3655, #5086, .T. ) ;
#6397 = AXIS2_PLACEMENT_3D ( 'NONE', #5889, #7792, #1485 ) ;
#6398 = EDGE_CURVE ( 'NONE', #417, #2458, #2569, .T. ) ;
#6399 = LINE ( 'NONE', #3815, #1909 ) ;
#6400 = CARTESIAN_POINT ( 'NONE',  ( -70.14213562373100785, 0.6999999999999999556, 52.54213562373099933 ) ) ;
#6401 = DIRECTION ( 'NONE',  ( 0.000000000000000000, 0.000000000000000000, 1.000000000000000000 ) ) ;
#6402 = DIRECTION ( 'NONE',  ( -0.000000000000000000, -1.000000000000000000, -0.000000000000000000 ) ) ;
#6403 = EDGE_LOOP ( 'NONE', ( #5536, #6217, #7917, #3040 ) ) ;
#6404 = CARTESIAN_POINT ( 'NONE',  ( -36.46446609406713435, 2.100000000000000089, -50.86446609406744557 ) ) ;
#6405 = VERTEX_POINT ( 'NONE', #2565 ) ;
#6406 = VERTEX_POINT ( 'NONE', #1160 ) ;
#6407 = AXIS2_PLACEMENT_3D ( 'NONE', #1606, #5382, #4795 ) ;
#6408 = ORIENTED_EDGE ( 'NONE', *, *, #1346, .T. ) ;
#6409 = EDGE_CURVE ( 'NONE', #6879, #3181, #5554, .T. ) ;
#6410 = CARTESIAN_POINT ( 'NONE',  ( 22.62741699796950101, 2.100000000000000089, -22.62741699796950101 ) ) ;
#6411 = ORIENTED_EDGE ( 'NONE', *, *, #1125, .T. ) ;
#6412 = AXIS2_PLACEMENT_3D ( 'NONE', #110, #3918, #5793 ) ;
#6413 = CARTESIAN_POINT ( 'NONE',  ( 47.30000000000000426, 2.100000000000000089, -25.50000000000000000 ) ) ;
#6414 = EDGE_CURVE ( 'NONE', #7746, #3085, #3760, .T. ) ;
#6415 = CARTESIAN_POINT ( 'NONE',  ( 1.131370849898445385, 2.100000000000000089, 1.131370849898443831 ) ) ;
#6416 = AXIS2_PLACEMENT_3D ( 'NONE', #941, #4035, #3407 ) ;
#6417 = AXIS2_PLACEMENT_3D ( 'NONE', #788, #3261, #749 ) ;
#6418 = DIRECTION ( 'NONE',  ( 0.7071067811865403563, 0.000000000000000000, -0.7071067811865546782 ) ) ;
#6419 = CARTESIAN_POINT ( 'NONE',  ( 19.09188309203689471, 2.100000000000000089, -20.69188309203663323 ) ) ;
#6420 = ORIENTED_EDGE ( 'NONE', *, *, #1182, .F. ) ;
#6421 = DIRECTION ( 'NONE',  ( 0.000000000000000000, 0.000000000000000000, 1.000000000000000000 ) ) ;
#6422 = VERTEX_POINT ( 'NONE', #3188 ) ;
#6423 = CYLINDRICAL_SURFACE ( 'NONE', #4959, 1.599999999999983435 ) ;
#6424 = EDGE_CURVE ( 'NONE', #6085, #6055, #6216, .T. ) ;
#6425 = EDGE_CURVE ( 'NONE', #3130, #2793, #4805, .T. ) ;
#6426 = LINE ( 'NONE', #7631, #2921 ) ;
#6427 = CARTESIAN_POINT ( 'NONE',  ( -52.46446609406731909, 2.100000000000000089, 34.86446609406731767 ) ) ;
#6428 = ORIENTED_EDGE ( 'NONE', *, *, #4086, .T. ) ;
#6429 = DIRECTION ( 'NONE',  ( -0.000000000000000000, -1.000000000000000000, -0.000000000000000000 ) ) ;
#6430 = DIRECTION ( 'NONE',  ( 0.000000000000000000, -0.000000000000000000, 1.000000000000000000 ) ) ;
#6431 = FACE_OUTER_BOUND ( 'NONE', #8121, .T. ) ;
#6432 = ORIENTED_EDGE ( 'NONE', *, *, #982, .F. ) ;
#6433 = DIRECTION ( 'NONE',  ( -0.000000000000000000, -1.000000000000000000, -0.000000000000000000 ) ) ;
#6434 = DIRECTION ( 'NONE',  ( -0.000000000000000000, -1.000000000000000000, -0.000000000000000000 ) ) ;
#6435 = LINE ( 'NONE', #48, #5090 ) ;
#6436 = CARTESIAN_POINT ( 'NONE',  ( 52.46446609406756068, 2.100000000000000089, -36.46446609406696382 ) ) ;
#6437 = DIRECTION ( 'NONE',  ( 0.000000000000000000, 0.000000000000000000, -1.000000000000000000 ) ) ;
#6438 = CARTESIAN_POINT ( 'NONE',  ( -11.50000000000000000, 2.100000000000000089, -0.8660254037844367092 ) ) ;
#6439 = ORIENTED_EDGE ( 'NONE', *, *, #255, .T. ) ;
#6440 = DIRECTION ( 'NONE',  ( 0.000000000000000000, 0.000000000000000000, -1.000000000000000000 ) ) ;
#6441 = ADVANCED_FACE ( 'NONE', ( #3066 ), #2407, .F. ) ;
#6442 = CIRCLE ( 'NONE', #4579, 1.600000000000004086 ) ;
#6443 = VERTEX_POINT ( 'NONE', #7002 ) ;
#6444 = ORIENTED_EDGE ( 'NONE', *, *, #5517, .F. ) ;
#6445 = CARTESIAN_POINT ( 'NONE',  ( 32.11953467482550195, 2.100000000000000089, -42.72613639262380048 ) ) ;
#6446 = ORIENTED_EDGE ( 'NONE', *, *, #3417, .F. ) ;
#6447 = VECTOR ( 'NONE', #6685, 1000.000000000000000 ) ;
#6448 = CARTESIAN_POINT ( 'NONE',  ( -6.499940658237092883, 2.100000000000000089, -9.583940337943477772 ) ) ;
#6449 = EDGE_CURVE ( 'NONE', #1181, #5466, #5075, .T. ) ;
#6450 = VECTOR ( 'NONE', #800, 1000.000000000000000 ) ;
#6451 = FACE_OUTER_BOUND ( 'NONE', #783, .T. ) ;
#6452 = DIRECTION ( 'NONE',  ( 0.000000000000000000, 0.000000000000000000, -1.000000000000000000 ) ) ;
#6453 = CARTESIAN_POINT ( 'NONE',  ( -54.14213562373100785, 0.6999999999999999556, -70.14213562373090838 ) ) ;
#6454 = ORIENTED_EDGE ( 'NONE', *, *, #7592, .T. ) ;
#6455 = DIRECTION ( 'NONE',  ( -0.000000000000000000, -1.000000000000000000, 0.000000000000000000 ) ) ;
#6456 = EDGE_LOOP ( 'NONE', ( #4514, #5275, #6507, #677 ) ) ;
#6457 = DIRECTION ( 'NONE',  ( 0.000000000000000000, 1.000000000000000000, -0.000000000000000000 ) ) ;
#6458 = EDGE_CURVE ( 'NONE', #2929, #6351, #3620, .T. ) ;
#6459 = VERTEX_POINT ( 'NONE', #4463 ) ;
#6461 = CIRCLE ( 'NONE', #3941, 1.600000000000011191 ) ;
#6460 = DIRECTION ( 'NONE',  ( 6.938893903907197612E-15, 0.000000000000000000, 1.000000000000000000 ) ) ;
#6462 = CARTESIAN_POINT ( 'NONE',  ( -16.48560856174882616, 0.6999999999999999556, 15.34825612741715517 ) ) ;
#6463 = ORIENTED_EDGE ( 'NONE', *, *, #7177, .F. ) ;
#6464 = FACE_OUTER_BOUND ( 'NONE', #7492, .T. ) ;
#6465 = CARTESIAN_POINT ( 'NONE',  ( -45.90811690796319766, 0.6999999999999999556, -45.90811690796319766 ) ) ;
#6466 = CARTESIAN_POINT ( 'NONE',  ( -55.50000000000000711, 2.100000000000000089, -74.50000000000000000 ) ) ;
#6467 = ORIENTED_EDGE ( 'NONE', *, *, #6682, .F. ) ;
#6468 = DIRECTION ( 'NONE',  ( -0.000000000000000000, -1.000000000000000000, -0.000000000000000000 ) ) ;
#6469 = EDGE_CURVE ( 'NONE', #6099, #378, #2482, .T. ) ;
#6470 = DIRECTION ( 'NONE',  ( 0.000000000000000000, 0.000000000000000000, 1.000000000000000000 ) ) ;
#6471 = EDGE_CURVE ( 'NONE', #7702, #741, #7545, .T. ) ;
#6472 = DIRECTION ( 'NONE',  ( 0.000000000000000000, 0.000000000000000000, 1.000000000000000000 ) ) ;
#6473 = AXIS2_PLACEMENT_3D ( 'NONE', #1730, #6844, #4875 ) ;
#6474 = DIRECTION ( 'NONE',  ( -0.000000000000000000, -1.000000000000000000, -0.000000000000000000 ) ) ;
#6475 = LINE ( 'NONE', #6599, #2864 ) ;
#6476 = AXIS2_PLACEMENT_3D ( 'NONE', #3808, #5404, #6941 ) ;
#6477 = ORIENTED_EDGE ( 'NONE', *, *, #4180, .F. ) ;
#6478 = CARTESIAN_POINT ( 'NONE',  ( 28.93755415948609766, 0.6999999999999999556, 27.33755415948606426 ) ) ;
#6479 = DIRECTION ( 'NONE',  ( -0.7071067811865474617, 0.000000000000000000, 0.7071067811865474617 ) ) ;
#6480 = DIRECTION ( 'NONE',  ( -0.000000000000000000, -1.000000000000000000, 0.000000000000000000 ) ) ;
#6481 = CIRCLE ( 'NONE', #6895, 1.599999999999998312 ) ;
#6482 = VERTEX_POINT ( 'NONE', #5592 ) ;
#6483 = ORIENTED_EDGE ( 'NONE', *, *, #3173, .F. ) ;
#6484 = ADVANCED_FACE ( 'NONE', ( #7589 ), #6893, .F. ) ;
#6485 = DIRECTION ( 'NONE',  ( -0.000000000000000000, -1.000000000000000000, -0.000000000000000000 ) ) ;
#6486 = CIRCLE ( 'NONE', #6103, 1.600000000000000755 ) ;
#6487 = ORIENTED_EDGE ( 'NONE', *, *, #3091, .F. ) ;
#6488 = AXIS2_PLACEMENT_3D ( 'NONE', #806, #200, #1408 ) ;
#6489 = AXIS2_PLACEMENT_3D ( 'NONE', #5118, #1472, #5205 ) ;
#6490 = LINE ( 'NONE', #3372, #6149 ) ;
#6491 = AXIS2_PLACEMENT_3D ( 'NONE', #5946, #4036, #5365 ) ;
#6492 = VECTOR ( 'NONE', #7706, 1000.000000000000000 ) ;
#6493 = SECURITY_CLASSIFICATION ( '', '', #2847 ) ;
#6494 = ADVANCED_FACE ( 'NONE', ( #4382 ), #3022, .F. ) ;
#6495 = CIRCLE ( 'NONE', #6774, 1.600000000000004086 ) ;
#6496 = ADVANCED_FACE ( 'NONE', ( #3677 ), #8122, .F. ) ;
#6497 = FACE_OUTER_BOUND ( 'NONE', #7838, .T. ) ;
#6498 = CARTESIAN_POINT ( 'NONE',  ( 22.62741699796950101, 2.100000000000000089, 22.62741699796950101 ) ) ;
#6499 = ORIENTED_EDGE ( 'NONE', *, *, #2235, .T. ) ;
#6500 = DIRECTION ( 'NONE',  ( 0.000000000000000000, 1.000000000000000000, -0.000000000000000000 ) ) ;
#6501 = CARTESIAN_POINT ( 'NONE',  ( 18.50385078242113579, 2.100000000000000089, -4.755000000000002558 ) ) ;
#6502 = CARTESIAN_POINT ( 'NONE',  ( 65.50000000000000000, 2.100000000000000089, 0.000000000000000000 ) ) ;
#6503 = ORIENTED_EDGE ( 'NONE', *, *, #5300, .F. ) ;
#6504 = DIRECTION ( 'NONE',  ( 0.000000000000000000, 0.000000000000000000, -1.000000000000000000 ) ) ;
#6505 = ORIENTED_EDGE ( 'NONE', *, *, #7785, .T. ) ;
#6506 = CARTESIAN_POINT ( 'NONE',  ( 0.000000000000000000, 0.6999999999999999556, -50.50000000000000000 ) ) ;
#6507 = ORIENTED_EDGE ( 'NONE', *, *, #1895, .T. ) ;
#6508 = EDGE_CURVE ( 'NONE', #731, #6133, #342, .T. ) ;
#6509 = CARTESIAN_POINT ( 'NONE',  ( -4.999999999999999112, 2.100000000000000089, 1.630379206745119104E-15 ) ) ;
#6510 = VERTEX_POINT ( 'NONE', #4630 ) ;
#6511 = FACE_OUTER_BOUND ( 'NONE', #5543, .T. ) ;
#6512 = DIRECTION ( 'NONE',  ( 0.000000000000000000, 1.000000000000000000, -0.000000000000000000 ) ) ;
#6513 = CARTESIAN_POINT ( 'NONE',  ( -1.269817584415023582E-14, 2.100000000000000089, -30.50000000000002132 ) ) ;
#6514 = ORIENTED_EDGE ( 'NONE', *, *, #6746, .T. ) ;
#6515 = CARTESIAN_POINT ( 'NONE',  ( -5.999999999999996447, 2.100000000000000089, 9.449999999999997513 ) ) ;
#6516 = CARTESIAN_POINT ( 'NONE',  ( -33.25090552472399708, 2.100000000000000089, -43.85750724252219612 ) ) ;
#6517 = EDGE_CURVE ( 'NONE', #7255, #6116, #2730, .T. ) ;
#6518 = VECTOR ( 'NONE', #6878, 1000.000000000000000 ) ;
#6519 = DIRECTION ( 'NONE',  ( 0.000000000000000000, 0.000000000000000000, -1.000000000000000000 ) ) ;
#6520 = DIRECTION ( 'NONE',  ( -0.000000000000000000, -1.000000000000000000, -0.000000000000000000 ) ) ;
#6521 = CARTESIAN_POINT ( 'NONE',  ( -1.131370849898491571, 0.6999999999999999556, 1.131370849898491127 ) ) ;
#6522 = FACE_OUTER_BOUND ( 'NONE', #952, .T. ) ;
#6523 = VERTEX_POINT ( 'NONE', #5252 ) ;
#6524 = ORIENTED_EDGE ( 'NONE', *, *, #3616, .T. ) ;
#6525 = EDGE_CURVE ( 'NONE', #6179, #3868, #874, .T. ) ;
#6526 = DIRECTION ( 'NONE',  ( 0.000000000000000000, 1.000000000000000000, -0.000000000000000000 ) ) ;
#6527 = CARTESIAN_POINT ( 'NONE',  ( -43.85750724252224586, 2.100000000000000089, -33.25090552472404681 ) ) ;
#6528 = ORIENTED_EDGE ( 'NONE', *, *, #3699, .F. ) ;
#6529 = ORIENTED_EDGE ( 'NONE', *, *, #5845, .F. ) ;
#6530 = LINE ( 'NONE', #7693, #4160 ) ;
#6531 = VECTOR ( 'NONE', #756, 1000.000000000000000 ) ;
#6532 = VECTOR ( 'NONE', #3197, 1000.000000000000000 ) ;
#6533 = VECTOR ( 'NONE', #1987, 1000.000000000000000 ) ;
#6534 = LINE ( 'NONE', #5292, #1574 ) ;
#6535 = CARTESIAN_POINT ( 'NONE',  ( -18.00385078242113579, 2.100000000000000089, 4.621025403784440044 ) ) ;
#6536 = EDGE_LOOP ( 'NONE', ( #900, #588, #6972, #5422 ) ) ;
#6537 = CARTESIAN_POINT ( 'NONE',  ( 5.999999999999996447, 0.6999999999999999556, -23.75000000000000000 ) ) ;
#6538 = ORIENTED_EDGE ( 'NONE', *, *, #6083, .T. ) ;
#6539 = AXIS2_PLACEMENT_3D ( 'NONE', #3219, #3178, #3135 ) ;
#6540 = LINE ( 'NONE', #711, #1111 ) ;
#6541 = VERTEX_POINT ( 'NONE', #3380 ) ;
#6542 = CARTESIAN_POINT ( 'NONE',  ( -31.00000000000000000, 2.100000000000000089, 0.000000000000000000 ) ) ;
#6543 = CIRCLE ( 'NONE', #2838, 1.600000000000004086 ) ;
#6544 = EDGE_CURVE ( 'NONE', #1460, #5792, #4586, .T. ) ;
#6545 = ADVANCED_FACE ( 'NONE', ( #7782 ), #2144, .F. ) ;
#6546 = ORIENTED_EDGE ( 'NONE', *, *, #7187, .T. ) ;
#6547 = LINE ( 'NONE', #879, #75 ) ;
#6548 = AXIS2_PLACEMENT_3D ( 'NONE', #6704, #2924, #4743 ) ;
#6549 = ORIENTED_EDGE ( 'NONE', *, *, #7374, .F. ) ;
#6550 = LINE ( 'NONE', #3388, #135 ) ;
#6551 = CARTESIAN_POINT ( 'NONE',  ( 50.50000000000000000, 0.6999999999999999556, -0.000000000000000000 ) ) ;
#6552 = LINE ( 'NONE', #5851, #1368 ) ;
#6553 = VERTEX_POINT ( 'NONE', #6382 ) ;
#6554 = CARTESIAN_POINT ( 'NONE',  ( -32.11953467482550195, 0.6999999999999999556, -42.72613639262370100 ) ) ;
#6555 = ORIENTED_EDGE ( 'NONE', *, *, #8027, .T. ) ;
#6556 = LINE ( 'NONE', #2741, #2398 ) ;
#6557 = AXIS2_PLACEMENT_3D ( 'NONE', #5597, #8090, #6183 ) ;
#6558 = EDGE_CURVE ( 'NONE', #4172, #4666, #7092, .T. ) ;
#6559 = CIRCLE ( 'NONE', #1263, 1.600000000000000755 ) ;
#6560 = CARTESIAN_POINT ( 'NONE',  ( 33.88730162779190636, 2.100000000000000089, -33.88730162779190636 ) ) ;
#6561 = DIRECTION ( 'NONE',  ( -0.7071067811865470176, 0.000000000000000000, 0.7071067811865480168 ) ) ;
#6562 = EDGE_LOOP ( 'NONE', ( #2006, #3919, #3696, #6763, #512 ) ) ;
#6563 = CARTESIAN_POINT ( 'NONE',  ( -12.50000000000000000, 0.6999999999999999556, 26.50000000000000000 ) ) ;
#6564 = DIRECTION ( 'NONE',  ( 0.7071067811865477948, 0.000000000000000000, 0.7071067811865473507 ) ) ;
#6565 = VERTEX_POINT ( 'NONE', #3263 ) ;
#6566 = PLANE ( 'NONE',  #6793 ) ;
#6567 = EDGE_CURVE ( 'NONE', #1555, #7997, #1394, .T. ) ;
#6568 = ORIENTED_EDGE ( 'NONE', *, *, #885, .T. ) ;
#6569 = ORIENTED_EDGE ( 'NONE', *, *, #2622, .F. ) ;
#6570 = DIRECTION ( 'NONE',  ( 0.000000000000000000, 0.000000000000000000, -1.000000000000000000 ) ) ;
#6571 = CARTESIAN_POINT ( 'NONE',  ( -41.59476554272524140, 2.100000000000000089, 30.98816382492704946 ) ) ;
#6572 = ORIENTED_EDGE ( 'NONE', *, *, #3192, .T. ) ;
#6573 = DIRECTION ( 'NONE',  ( 0.000000000000000000, 0.000000000000000000, 1.000000000000000000 ) ) ;
#6574 = EDGE_CURVE ( 'NONE', #7849, #7379, #6540, .T. ) ;
#6575 = AXIS2_PLACEMENT_3D ( 'NONE', #1175, #6235, #569 ) ;
#6576 = LINE ( 'NONE', #3954, #7677 ) ;
#6577 = DIRECTION ( 'NONE',  ( 0.000000000000000000, 0.000000000000000000, 1.000000000000000000 ) ) ;
#6578 = ORIENTED_EDGE ( 'NONE', *, *, #5168, .F. ) ;
#6579 = CARTESIAN_POINT ( 'NONE',  ( 12.50000000000000000, 2.100000000000000089, -26.50000000000002487 ) ) ;
#6580 = ORIENTED_EDGE ( 'NONE', *, *, #2238, .T. ) ;
#6581 = DIRECTION ( 'NONE',  ( -6.521516826980478438E-17, 0.000000000000000000, 1.000000000000000000 ) ) ;
#6582 = VECTOR ( 'NONE', #1091, 1000.000000000000114 ) ;
#6583 = ORIENTED_EDGE ( 'NONE', *, *, #7723, .T. ) ;
#6584 = DIRECTION ( 'NONE',  ( -0.000000000000000000, -1.000000000000000000, 0.000000000000000000 ) ) ;
#6585 = CIRCLE ( 'NONE', #5123, 1.000000000000001332 ) ;
#6586 = EDGE_LOOP ( 'NONE', ( #4792, #3527, #6193, #7961 ) ) ;
#6587 = EDGE_CURVE ( 'NONE', #216, #172, #2703, .T. ) ;
#6588 = PLANE ( 'NONE',  #2082 ) ;
#6589 = CARTESIAN_POINT ( 'NONE',  ( -4.999999999999995559, 2.100000000000000089, 10.44999999999999929 ) ) ;
#6590 = DIRECTION ( 'NONE',  ( 0.000000000000000000, 1.000000000000000000, -0.000000000000000000 ) ) ;
#6591 = ORIENTED_EDGE ( 'NONE', *, *, #1921, .F. ) ;
#6592 = CARTESIAN_POINT ( 'NONE',  ( 4.999999999999997335, 2.100000000000000089, -10.44999999999999929 ) ) ;
#6593 = ORIENTED_EDGE ( 'NONE', *, *, #3356, .T. ) ;
#6594 = CARTESIAN_POINT ( 'NONE',  ( 32.75593077789339702, 0.6999999999999999556, -35.01867247769040858 ) ) ;
#6595 = VECTOR ( 'NONE', #511, 1000.000000000000000 ) ;
#6596 = LINE ( 'NONE', #4692, #5157 ) ;
#6597 = CYLINDRICAL_SURFACE ( 'NONE', #6293, 1.600000000000038947 ) ;
#6598 = EDGE_CURVE ( 'NONE', #1601, #4992, #2308, .T. ) ;
#6599 = CARTESIAN_POINT ( 'NONE',  ( 1.131370849898491127, 0.6999999999999999556, 1.131370849898491571 ) ) ;
#6600 = CYLINDRICAL_SURFACE ( 'NONE', #4337, 1.599999999999997202 ) ;
#6601 = AXIS2_PLACEMENT_3D ( 'NONE', #4118, #2219, #6452 ) ;
#6602 = LINE ( 'NONE', #4697, #21 ) ;
#6603 = ORIENTED_EDGE ( 'NONE', *, *, #3043, .F. ) ;
#6604 = DIRECTION ( 'NONE',  ( 3.469446951953612611E-15, 0.000000000000000000, 1.000000000000000000 ) ) ;
#6605 = DIRECTION ( 'NONE',  ( 3.260758413490238603E-16, 0.000000000000000000, 1.000000000000000000 ) ) ;
#6606 = ORIENTED_EDGE ( 'NONE', *, *, #7447, .T. ) ;
#6607 = VECTOR ( 'NONE', #226, 1000.000000000000000 ) ;
#6608 = DIRECTION ( 'NONE',  ( -0.000000000000000000, -1.000000000000000000, -0.000000000000000000 ) ) ;
#6609 = ADVANCED_FACE ( 'NONE', ( #5296 ), #1475, .F. ) ;
#6610 = FACE_OUTER_BOUND ( 'NONE', #1328, .T. ) ;
#6611 = ORIENTED_EDGE ( 'NONE', *, *, #7215, .F. ) ;
#6612 = ORIENTED_EDGE ( 'NONE', *, *, #6945, .T. ) ;
#6613 = AXIS2_PLACEMENT_3D ( 'NONE', #852, #328, #4733 ) ;
#6614 = LINE ( 'NONE', #7898, #8141 ) ;
#6615 = CIRCLE ( 'NONE', #4623, 1.599999999999997202 ) ;
#6616 = VECTOR ( 'NONE', #6468, 1000.000000000000000 ) ;
#6617 = EDGE_CURVE ( 'NONE', #7312, #546, #4687, .T. ) ;
#6618 = AXIS2_PLACEMENT_3D ( 'NONE', #2229, #4252, #1113 ) ;
#6619 = DIRECTION ( 'NONE',  ( 1.000000000000000000, 0.000000000000000000, -0.000000000000000000 ) ) ;
#6620 = APPROVAL_STATUS ( 'not_yet_approved' ) ;
#6621 = LINE ( 'NONE', #5912, #1310 ) ;
#6622 = ORIENTED_EDGE ( 'NONE', *, *, #4928, .T. ) ;
#6623 = CARTESIAN_POINT ( 'NONE',  ( -24.00000000000000000, 2.100000000000000089, 15.50000000000000000 ) ) ;
#6624 = CARTESIAN_POINT ( 'NONE',  ( 40.95836943965740318, 0.6999999999999999556, 40.95836943965740318 ) ) ;
#6625 = ORIENTED_EDGE ( 'NONE', *, *, #4466, .T. ) ;
#6626 = DIRECTION ( 'NONE',  ( 0.000000000000000000, 0.000000000000000000, -1.000000000000000000 ) ) ;
#6627 = AXIS2_PLACEMENT_3D ( 'NONE', #3369, #215, #4616 ) ;
#6628 = VECTOR ( 'NONE', #7023, 1000.000000000000000 ) ;
#6629 = PRODUCT_DEFINITION_FORMATION_WITH_SPECIFIED_SOURCE ( 'ANY', '', #1550, .NOT_KNOWN. ) ;
#6630 = VERTEX_POINT ( 'NONE', #751 ) ;
#6631 = VERTEX_POINT ( 'NONE', #5753 ) ;
#6632 = EDGE_CURVE ( 'NONE', #6652, #1230, #2434, .T. ) ;
#6633 = AXIS2_PLACEMENT_3D ( 'NONE', #6155, #4148, #493 ) ;
#6634 = FACE_OUTER_BOUND ( 'NONE', #6194, .T. ) ;
#6635 = ORIENTED_EDGE ( 'NONE', *, *, #3276, .T. ) ;
#6636 = LINE ( 'NONE', #5384, #4334 ) ;
#6637 = DIRECTION ( 'NONE',  ( 0.000000000000000000, 0.000000000000000000, -1.000000000000000000 ) ) ;
#6638 = CARTESIAN_POINT ( 'NONE',  ( 30.98816382492704946, 0.6999999999999999556, -41.59476554272529114 ) ) ;
#6639 = ORIENTED_EDGE ( 'NONE', *, *, #152, .F. ) ;
#6640 = CARTESIAN_POINT ( 'NONE',  ( 65.00000000000000000, 0.6999999999999999556, 65.00000000000000000 ) ) ;
#6641 = VERTEX_POINT ( 'NONE', #5124 ) ;
#6642 = CARTESIAN_POINT ( 'NONE',  ( 54.14213562373100785, 0.6999999999999999556, 68.54213562373099933 ) ) ;
#6643 = CARTESIAN_POINT ( 'NONE',  ( 50.50000000000000000, 2.100000000000000089, 25.50000000000000000 ) ) ;
#6644 = CARTESIAN_POINT ( 'NONE',  ( -70.14213562373100785, 2.100000000000000089, 54.14213562373100785 ) ) ;
#6645 = DIRECTION ( 'NONE',  ( 0.000000000000000000, 1.000000000000000000, -0.000000000000000000 ) ) ;
#6646 = VECTOR ( 'NONE', #7364, 1000.000000000000000 ) ;
#6647 = DIRECTION ( 'NONE',  ( 0.000000000000000000, 1.000000000000000000, -0.000000000000000000 ) ) ;
#6648 = DIRECTION ( 'NONE',  ( 0.000000000000000000, 0.000000000000000000, 1.000000000000000000 ) ) ;
#6649 = VERTEX_POINT ( 'NONE', #2643 ) ;
#6650 = EDGE_CURVE ( 'NONE', #6845, #7708, #5840, .T. ) ;
#6651 = EDGE_CURVE ( 'NONE', #1230, #6652, #2833, .T. ) ;
#6652 = VERTEX_POINT ( 'NONE', #7701 ) ;
#6653 = CARTESIAN_POINT ( 'NONE',  ( 38.55420638362294738, 2.100000000000000089, 38.55420638362329555 ) ) ;
#6654 = DIRECTION ( 'NONE',  ( -1.000000000000000000, 0.000000000000000000, 0.000000000000000000 ) ) ;
#6655 = ORIENTED_EDGE ( 'NONE', *, *, #542, .T. ) ;
#6656 = VERTEX_POINT ( 'NONE', #4504 ) ;
#6657 = CARTESIAN_POINT ( 'NONE',  ( 65.50000000000000000, 0.6999999999999999556, -31.00000000000000000 ) ) ;
#6658 = CARTESIAN_POINT ( 'NONE',  ( -54.14213562373100785, 0.6999999999999999556, -70.14213562373090838 ) ) ;
#6659 = VECTOR ( 'NONE', #697, 1000.000000000000000 ) ;
#6660 = EDGE_CURVE ( 'NONE', #6510, #6004, #3357, .T. ) ;
#6661 = DIRECTION ( 'NONE',  ( 0.000000000000000000, 1.000000000000000000, -0.000000000000000000 ) ) ;
#6662 = DATE_AND_TIME ( #344, #6769 ) ;
#6663 = ORIENTED_EDGE ( 'NONE', *, *, #1171, .F. ) ;
#6664 = CARTESIAN_POINT ( 'NONE',  ( -56.50000000000000000, 2.100000000000000089, -31.00000000000000000 ) ) ;
#6665 = AXIS2_PLACEMENT_3D ( 'NONE', #2936, #2358, #7295 ) ;
#6666 = CARTESIAN_POINT ( 'NONE',  ( 6.499940658237091107, 2.100000000000000089, -9.583940337943474219 ) ) ;
#6667 = VERTEX_POINT ( 'NONE', #5503 ) ;
#6668 = CARTESIAN_POINT ( 'NONE',  ( -15.98566790351172884, 2.100000000000000089, -16.21431578947368024 ) ) ;
#6669 = EDGE_CURVE ( 'NONE', #468, #3402, #725, .T. ) ;
#6670 = ORIENTED_EDGE ( 'NONE', *, *, #5277, .T. ) ;
#6671 = VECTOR ( 'NONE', #3930, 1000.000000000000000 ) ;
#6672 = ORIENTED_EDGE ( 'NONE', *, *, #5833, .T. ) ;
#6673 = DIRECTION ( 'NONE',  ( 0.000000000000000000, 1.000000000000000000, -0.000000000000000000 ) ) ;
#6674 = ORIENTED_EDGE ( 'NONE', *, *, #393, .T. ) ;
#6675 = DIRECTION ( 'NONE',  ( 0.000000000000000000, 0.000000000000000000, -1.000000000000000000 ) ) ;
#6676 = CYLINDRICAL_SURFACE ( 'NONE', #1852, 1.600000000000004086 ) ;
#6677 = CYLINDRICAL_SURFACE ( 'NONE', #2842, 1.600000000000004086 ) ;
#6678 = ORIENTED_EDGE ( 'NONE', *, *, #3640, .T. ) ;
#6679 = VECTOR ( 'NONE', #5413, 1000.000000000000000 ) ;
#6680 = DIRECTION ( 'NONE',  ( -0.000000000000000000, -1.000000000000000000, -0.000000000000000000 ) ) ;
#6681 = DIRECTION ( 'NONE',  ( 0.000000000000000000, -0.000000000000000000, 1.000000000000000000 ) ) ;
#6682 = EDGE_CURVE ( 'NONE', #1056, #7997, #983, .T. ) ;
#6683 = AXIS2_PLACEMENT_3D ( 'NONE', #1647, #3390, #2154 ) ;
#6684 = CYLINDRICAL_SURFACE ( 'NONE', #7095, 1.599999999999997202 ) ;
#6685 = DIRECTION ( 'NONE',  ( 0.000000000000000000, 0.000000000000000000, 1.000000000000000000 ) ) ;
#6686 = AXIS2_PLACEMENT_3D ( 'NONE', #1868, #7565, #4397 ) ;
#6687 = CARTESIAN_POINT ( 'NONE',  ( -6.000000000000000000, 0.6999999999999999556, -23.75000000000000000 ) ) ;
#6688 = AXIS2_PLACEMENT_3D ( 'NONE', #1352, #3959, #5208 ) ;
#6689 = VECTOR ( 'NONE', #6831, 1000.000000000000000 ) ;
#6690 = DIRECTION ( 'NONE',  ( 0.000000000000000000, 0.000000000000000000, -1.000000000000000000 ) ) ;
#6691 = ORIENTED_EDGE ( 'NONE', *, *, #6708, .T. ) ;
#6692 = VECTOR ( 'NONE', #4106, 1000.000000000000000 ) ;
#6693 = ORIENTED_EDGE ( 'NONE', *, *, #261, .T. ) ;
#6694 = AXIS2_PLACEMENT_3D ( 'NONE', #4717, #5298, #7987 ) ;
#6695 = DIRECTION ( 'NONE',  ( 0.000000000000000000, 1.000000000000000000, -0.000000000000000000 ) ) ;
#6696 = CARTESIAN_POINT ( 'NONE',  ( -65.50000000000000000, 2.100000000000000089, 31.00000000000000000 ) ) ;
#6697 = ORIENTED_EDGE ( 'NONE', *, *, #5845, .T. ) ;
#6698 = CARTESIAN_POINT ( 'NONE',  ( 22.62741699796950101, 2.100000000000000089, -24.22741699796949888 ) ) ;
#6699 = FACE_BOUND ( 'NONE', #3326, .T. ) ;
#6700 = EDGE_CURVE ( 'NONE', #1422, #7849, #7463, .T. ) ;
#6701 = LINE ( 'NONE', #5451, #5941 ) ;
#6702 = EDGE_CURVE ( 'NONE', #1982, #4737, #864, .T. ) ;
#6703 = FACE_OUTER_BOUND ( 'NONE', #3200, .T. ) ;
#6704 = CARTESIAN_POINT ( 'NONE',  ( -55.50000000000000000, 2.100000000000000089, 55.50000000000000000 ) ) ;
#6705 = CARTESIAN_POINT ( 'NONE',  ( -36.29146468382625557, 2.100000000000000089, 36.29146468382606372 ) ) ;
#6706 = CALENDAR_DATE ( 2026, 7, 6 ) ;
#6707 = VERTEX_POINT ( 'NONE', #2972 ) ;
#6708 = EDGE_CURVE ( 'NONE', #4721, #3167, #7863, .T. ) ;
#6709 = DIRECTION ( 'NONE',  ( 0.8660596620565250703, 0.000000000000000000, -0.4999406582370924945 ) ) ;
#6710 = DIRECTION ( 'NONE',  ( -0.4999406582370924945, 0.000000000000000000, -0.8660596620565251813 ) ) ;
#6711 = CIRCLE ( 'NONE', #7375, 9.000000000000001776 ) ;
#6712 = ORIENTED_EDGE ( 'NONE', *, *, #2192, .F. ) ;
#6713 = VERTEX_POINT ( 'NONE', #5997 ) ;
#6714 = DIRECTION ( 'NONE',  ( -0.000000000000000000, -1.000000000000000000, -0.000000000000000000 ) ) ;
#6715 = VERTEX_POINT ( 'NONE', #3541 ) ;
#6716 = EDGE_CURVE ( 'NONE', #957, #5314, #4045, .T. ) ;
#6717 = DIRECTION ( 'NONE',  ( -0.7071067811865474617, 0.000000000000000000, 0.7071067811865474617 ) ) ;
#6718 = DIRECTION ( 'NONE',  ( -0.000000000000000000, -1.000000000000000000, -0.000000000000000000 ) ) ;
#6719 = ORIENTED_EDGE ( 'NONE', *, *, #1630, .T. ) ;
#6720 = FACE_BOUND ( 'NONE', #7768, .T. ) ;
#6721 = ORIENTED_EDGE ( 'NONE', *, *, #5277, .F. ) ;
#6722 = AXIS2_PLACEMENT_3D ( 'NONE', #6146, #3441, #326 ) ;
#6723 = CARTESIAN_POINT ( 'NONE',  ( -36.29146468382625557, 2.100000000000000089, 36.29146468382606372 ) ) ;
#6724 = ORIENTED_EDGE ( 'NONE', *, *, #6558, .F. ) ;
#6725 = AXIS2_PLACEMENT_3D ( 'NONE', #5065, #2545, #2206 ) ;
#6726 = CARTESIAN_POINT ( 'NONE',  ( 0.000000000000000000, 2.100000000000000089, 31.00000000000000000 ) ) ;
#6727 = DIRECTION ( 'NONE',  ( -0.000000000000000000, -1.000000000000000000, -0.000000000000000000 ) ) ;
#6728 = ORIENTED_EDGE ( 'NONE', *, *, #3921, .F. ) ;
#6729 = LINE ( 'NONE', #2244, #4292 ) ;
#6730 = ADVANCED_FACE ( 'NONE', ( #4124 ), #988, .F. ) ;
#6731 = DIRECTION ( 'NONE',  ( -0.000000000000000000, -1.000000000000000000, -0.000000000000000000 ) ) ;
#6732 = EDGE_CURVE ( 'NONE', #3342, #4876, #6127, .T. ) ;
#6733 = DIRECTION ( 'NONE',  ( 0.000000000000000000, 1.000000000000000000, -0.000000000000000000 ) ) ;
#6734 = EDGE_LOOP ( 'NONE', ( #1320, #2810, #1029, #5744, #4117 ) ) ;
#6735 = EDGE_LOOP ( 'NONE', ( #1879, #1132, #3194, #6243 ) ) ;
#6736 = DIRECTION ( 'NONE',  ( 0.000000000000000000, 1.000000000000000000, -0.000000000000000000 ) ) ;
#6737 = EDGE_CURVE ( 'NONE', #1584, #944, #2224, .T. ) ;
#6738 = CYLINDRICAL_SURFACE ( 'NONE', #3309, 1.600000000000000755 ) ;
#6739 = CIRCLE ( 'NONE', #3414, 1.600000000000004086 ) ;
#6740 = EDGE_LOOP ( 'NONE', ( #4268, #7249, #2935, #488, #133, #469, #6639, #5986 ) ) ;
#6741 = CARTESIAN_POINT ( 'NONE',  ( -5.999999999999996447, 0.6999999999999999556, 10.44999999999999929 ) ) ;
#6742 = CARTESIAN_POINT ( 'NONE',  ( 0.000000000000000000, 2.100000000000000089, 0.000000000000000000 ) ) ;
#6743 = LINE ( 'NONE', #1138, #3157 ) ;
#6744 = DIRECTION ( 'NONE',  ( -1.000000000000000000, 0.000000000000000000, -0.000000000000000000 ) ) ;
#6745 = AXIS2_PLACEMENT_3D ( 'NONE', #1679, #4554, #3931 ) ;
#6746 = EDGE_CURVE ( 'NONE', #7877, #4721, #3504, .T. ) ;
#6747 = CARTESIAN_POINT ( 'NONE',  ( -42.08974028955589830, 2.100000000000000089, -39.82699858975880147 ) ) ;
#6748 = VECTOR ( 'NONE', #1981, 1000.000000000000000 ) ;
#6749 = APPROVAL_DATE_TIME ( #4784, #5069 ) ;
#6750 = VERTEX_POINT ( 'NONE', #6579 ) ;
#6751 = CIRCLE ( 'NONE', #4754, 1.600000000000004086 ) ;
#6752 = CIRCLE ( 'NONE', #4357, 1.000000000000000888 ) ;
#6753 = DIRECTION ( 'NONE',  ( -0.000000000000000000, -1.000000000000000000, -0.000000000000000000 ) ) ;
#6754 = CARTESIAN_POINT ( 'NONE',  ( 47.30000000000000426, 2.100000000000000089, 0.000000000000000000 ) ) ;
#6755 = ORIENTED_EDGE ( 'NONE', *, *, #7415, .T. ) ;
#6756 = EDGE_CURVE ( 'NONE', #4666, #6923, #7985, .T. ) ;
#6757 = EDGE_CURVE ( 'NONE', #2800, #6713, #7327, .T. ) ;
#6758 = AXIS2_PLACEMENT_3D ( 'NONE', #7042, #5874, #1349 ) ;
#6759 = VERTEX_POINT ( 'NONE', #910 ) ;
#6760 = DIRECTION ( 'NONE',  ( -0.000000000000000000, -1.000000000000000000, -0.000000000000000000 ) ) ;
#6761 = ORIENTED_EDGE ( 'NONE', *, *, #7187, .F. ) ;
#6762 = CARTESIAN_POINT ( 'NONE',  ( 55.50000000000000000, 0.6999999999999999556, -55.50000000000000000 ) ) ;
#6763 = ORIENTED_EDGE ( 'NONE', *, *, #7940, .T. ) ;
#6764 = FACE_BOUND ( 'NONE', #7376, .T. ) ;
#6765 = VERTEX_POINT ( 'NONE', #2930 ) ;
#6766 = AXIS2_PLACEMENT_3D ( 'NONE', #598, #2413, #484 ) ;
#6767 = CYLINDRICAL_SURFACE ( 'NONE', #1629, 1.599999999999997202 ) ;
#6768 = ORIENTED_EDGE ( 'NONE', *, *, #5053, .F. ) ;
#6769 = LOCAL_TIME ( 20, 26, 31.00000000000000000, #4081 ) ;
#6770 = CARTESIAN_POINT ( 'NONE',  ( 0.000000000000000000, 0.6999999999999999556, 0.000000000000000000 ) ) ;
#6771 = EDGE_CURVE ( 'NONE', #832, #3824, #1678, .T. ) ;
#6772 = AXIS2_PLACEMENT_3D ( 'NONE', #4712, #4626, #4080 ) ;
#6773 = CYLINDRICAL_SURFACE ( 'NONE', #6906, 9.000000000000001776 ) ;
#6774 = AXIS2_PLACEMENT_3D ( 'NONE', #966, #7303, #366 ) ;
#6775 = DIRECTION ( 'NONE',  ( 0.000000000000000000, 1.000000000000000000, -0.000000000000000000 ) ) ;
#6776 = CARTESIAN_POINT ( 'NONE',  ( 19.50385078242113934, 2.100000000000000089, 3.754999999999999005 ) ) ;
#6777 = DIRECTION ( 'NONE',  ( 0.8660254037844385966, 0.000000000000000000, -0.5000000000000001110 ) ) ;
#6778 = VERTEX_POINT ( 'NONE', #7371 ) ;
#6779 = ADVANCED_FACE ( 'NONE', ( #4205 ), #1070, .F. ) ;
#6780 = EDGE_LOOP ( 'NONE', ( #5379, #7834, #3922, #5319, #1324 ) ) ;
#6781 = AXIS2_PLACEMENT_3D ( 'NONE', #551, #7497, #5048 ) ;
#6782 = DIRECTION ( 'NONE',  ( 0.000000000000000000, 1.000000000000000000, -0.000000000000000000 ) ) ;
#6783 = DIRECTION ( 'NONE',  ( 0.000000000000000000, 1.000000000000000000, -0.000000000000000000 ) ) ;
#6784 = ORIENTED_EDGE ( 'NONE', *, *, #5644, .T. ) ;
#6785 = LINE ( 'NONE', #2302, #6836 ) ;
#6786 = DIRECTION ( 'NONE',  ( -0.000000000000000000, -1.000000000000000000, -0.000000000000000000 ) ) ;
#6787 = VERTEX_POINT ( 'NONE', #348 ) ;
#6788 = FACE_OUTER_BOUND ( 'NONE', #443, .T. ) ;
#6789 = ORIENTED_EDGE ( 'NONE', *, *, #2820, .F. ) ;
#6790 = ADVANCED_FACE ( 'NONE', ( #5959 ), #309, .F. ) ;
#6791 = DIRECTION ( 'NONE',  ( 0.000000000000000000, 0.000000000000000000, 1.000000000000000000 ) ) ;
#6792 = ORIENTED_EDGE ( 'NONE', *, *, #2871, .T. ) ;
#6793 = AXIS2_PLACEMENT_3D ( 'NONE', #7310, #3404, #6690 ) ;
#6794 = CARTESIAN_POINT ( 'NONE',  ( -55.50000000000000000, 2.100000000000000089, -55.50000000000000000 ) ) ;
#6795 = EDGE_LOOP ( 'NONE', ( #3851, #7795, #3929, #2796 ) ) ;
#6796 = ORIENTED_EDGE ( 'NONE', *, *, #5380, .F. ) ;
#6797 = VECTOR ( 'NONE', #5921, 1000.000000000000000 ) ;
#6798 = LINE ( 'NONE', #3589, #2016 ) ;
#6799 = LINE ( 'NONE', #6415, #2894 ) ;
#6800 = ORIENTED_EDGE ( 'NONE', *, *, #1565, .F. ) ;
#6801 = CARTESIAN_POINT ( 'NONE',  ( -32.11953467482550195, 2.100000000000000089, -42.72613639262370100 ) ) ;
#6802 = PLANE ( 'NONE',  #3984 ) ;
#6803 = ORIENTED_EDGE ( 'NONE', *, *, #7393, .T. ) ;
#6804 = FACE_BOUND ( 'NONE', #5822, .T. ) ;
#6805 = ORIENTED_EDGE ( 'NONE', *, *, #6587, .T. ) ;
#6806 = CARTESIAN_POINT ( 'NONE',  ( 0.000000000000000000, 2.100000000000000089, -74.50000000000000000 ) ) ;
#6807 = ORIENTED_EDGE ( 'NONE', *, *, #1801, .T. ) ;
#6808 = ADVANCED_FACE ( 'NONE', ( #4087 ), #953, .F. ) ;
#6809 = AXIS2_PLACEMENT_3D ( 'NONE', #6554, #5928, #7104 ) ;
#6810 = CYLINDRICAL_SURFACE ( 'NONE', #5299, 1.600000000000004086 ) ;
#6811 = AXIS2_PLACEMENT_3D ( 'NONE', #6178, #516, #1851 ) ;
#6812 = ORIENTED_EDGE ( 'NONE', *, *, #246, .F. ) ;
#6813 = DIRECTION ( 'NONE',  ( -0.7071067811865470176, 0.000000000000000000, 0.7071067811865480168 ) ) ;
#6814 = CARTESIAN_POINT ( 'NONE',  ( 25.50000000000000000, 2.100000000000000089, 47.30000000000000426 ) ) ;
#6815 = CARTESIAN_POINT ( 'NONE',  ( -55.50000000000000000, 2.100000000000000089, 64.50000000000000000 ) ) ;
#6816 = ORIENTED_EDGE ( 'NONE', *, *, #8165, .F. ) ;
#6817 = DIRECTION ( 'NONE',  ( -0.000000000000000000, -1.000000000000000000, -0.000000000000000000 ) ) ;
#6818 = ADVANCED_FACE ( 'NONE', ( #7529 ), #5579, .F. ) ;
#6819 = AXIS2_PLACEMENT_3D ( 'NONE', #3333, #7078, #220 ) ;
#6820 = ORIENTED_EDGE ( 'NONE', *, *, #7940, .F. ) ;
#6821 = EDGE_LOOP ( 'NONE', ( #501, #5903, #5052, #3044 ) ) ;
#6822 = AXIS2_PLACEMENT_3D ( 'NONE', #1232, #5079, #7621 ) ;
#6823 = CIRCLE ( 'NONE', #228, 1.600000000000000755 ) ;
#6824 = LINE ( 'NONE', #3038, #2447 ) ;
#6825 = LINE ( 'NONE', #2215, #4312 ) ;
#6826 = ORIENTED_EDGE ( 'NONE', *, *, #4914, .F. ) ;
#6827 = FACE_BOUND ( 'NONE', #4910, .T. ) ;
#6828 = DIRECTION ( 'NONE',  ( -0.000000000000000000, -1.000000000000000000, -0.000000000000000000 ) ) ;
#6829 = EDGE_CURVE ( 'NONE', #6223, #2687, #3663, .T. ) ;
#6830 = VERTEX_POINT ( 'NONE', #1837 ) ;
#6831 = DIRECTION ( 'NONE',  ( -0.000000000000000000, -1.000000000000000000, -0.000000000000000000 ) ) ;
#6832 = CIRCLE ( 'NONE', #4825, 1.599999999999997202 ) ;
#6833 = VECTOR ( 'NONE', #3343, 1000.000000000000000 ) ;
#6834 = DIRECTION ( 'NONE',  ( 0.000000000000000000, 1.000000000000000000, -0.000000000000000000 ) ) ;
#6835 = VERTEX_POINT ( 'NONE', #6286 ) ;
#6836 = VECTOR ( 'NONE', #5571, 1000.000000000000000 ) ;
#6837 = EDGE_CURVE ( 'NONE', #1112, #4313, #6168, .T. ) ;
#6838 = EDGE_CURVE ( 'NONE', #2687, #4338, #2470, .T. ) ;
#6839 = DIRECTION ( 'NONE',  ( 0.7071067811865470176, 0.000000000000000000, -0.7071067811865480168 ) ) ;
#6840 = FACE_OUTER_BOUND ( 'NONE', #6929, .T. ) ;
#6841 = ORIENTED_EDGE ( 'NONE', *, *, #927, .F. ) ;
#6842 = ORIENTED_EDGE ( 'NONE', *, *, #3948, .F. ) ;
#6843 = CYLINDRICAL_SURFACE ( 'NONE', #1063, 1.600000000000000755 ) ;
#6844 = DIRECTION ( 'NONE',  ( -0.000000000000000000, -1.000000000000000000, -0.000000000000000000 ) ) ;
#6845 = VERTEX_POINT ( 'NONE', #2396 ) ;
#6846 = CARTESIAN_POINT ( 'NONE',  ( 56.50000000000000000, 2.100000000000000089, 31.00000000000000000 ) ) ;
#6847 = DIRECTION ( 'NONE',  ( -0.7071067811865439090, 0.000000000000000000, 0.7071067811865512365 ) ) ;
#6848 = EDGE_LOOP ( 'NONE', ( #3349, #4373, #3290, #7432 ) ) ;
#6849 = FACE_BOUND ( 'NONE', #6780, .T. ) ;
#6850 = ORIENTED_EDGE ( 'NONE', *, *, #371, .F. ) ;
#6851 = DIRECTION ( 'NONE',  ( -0.000000000000000000, -1.000000000000000000, -0.000000000000000000 ) ) ;
#6852 = ORIENTED_EDGE ( 'NONE', *, *, #6414, .T. ) ;
#6853 = AXIS2_PLACEMENT_3D ( 'NONE', #6275, #87, #4316 ) ;
#6854 = ADVANCED_FACE ( 'NONE', ( #4327 ), #6877, .F. ) ;
#6855 = DIRECTION ( 'NONE',  ( -0.000000000000000000, -1.000000000000000000, -0.000000000000000000 ) ) ;
#6856 = ORIENTED_EDGE ( 'NONE', *, *, #4385, .T. ) ;
#6857 = DIRECTION ( 'NONE',  ( 0.000000000000000000, 0.000000000000000000, 1.000000000000000000 ) ) ;
#6858 = CARTESIAN_POINT ( 'NONE',  ( -52.46446609406718409, 2.100000000000000089, -36.46446609406750383 ) ) ;
#6859 = DIRECTION ( 'NONE',  ( 0.000000000000000000, 0.000000000000000000, 1.000000000000000000 ) ) ;
#6860 = CARTESIAN_POINT ( 'NONE',  ( 1.540743955509788682E-30, 2.100000000000000089, -33.90000000000001990 ) ) ;
#6861 = ORIENTED_EDGE ( 'NONE', *, *, #6189, .F. ) ;
#6862 = ORIENTED_EDGE ( 'NONE', *, *, #6128, .F. ) ;
#6863 = EDGE_CURVE ( 'NONE', #7531, #193, #1267, .T. ) ;
#6864 = CARTESIAN_POINT ( 'NONE',  ( 74.50000000000000000, 2.100000000000000089, -55.50000000000000000 ) ) ;
#6865 = DIRECTION ( 'NONE',  ( 0.000000000000000000, 1.000000000000000000, -0.000000000000000000 ) ) ;
#6866 = FACE_BOUND ( 'NONE', #1815, .T. ) ;
#6867 = VECTOR ( 'NONE', #4596, 1000.000000000000000 ) ;
#6868 = CARTESIAN_POINT ( 'NONE',  ( 22.62741699796950101, 2.100000000000000089, 24.22741699796949888 ) ) ;
#6869 = ORIENTED_EDGE ( 'NONE', *, *, #1520, .T. ) ;
#6870 = DIRECTION ( 'NONE',  ( 0.000000000000000000, 1.000000000000000000, -0.000000000000000000 ) ) ;
#6871 = CARTESIAN_POINT ( 'NONE',  ( 47.03948775786169989, 2.100000000000000089, -44.77674605806474517 ) ) ;
#6872 = ORIENTED_EDGE ( 'NONE', *, *, #4324, .T. ) ;
#6873 = ADVANCED_FACE ( 'NONE', ( #3745 ), #4368, .F. ) ;
#6874 = DIRECTION ( 'NONE',  ( -0.000000000000000000, -1.000000000000000000, -0.000000000000000000 ) ) ;
#6875 = ORIENTED_EDGE ( 'NONE', *, *, #5430, .T. ) ;
#6876 = CIRCLE ( 'NONE', #4749, 1.600000000000000755 ) ;
#6877 = CYLINDRICAL_SURFACE ( 'NONE', #7080, 1.600000000000000755 ) ;
#6878 = DIRECTION ( 'NONE',  ( 0.000000000000000000, 0.000000000000000000, 1.000000000000000000 ) ) ;
#6879 = VERTEX_POINT ( 'NONE', #541 ) ;
#6880 = EDGE_CURVE ( 'NONE', #2443, #5612, #4427, .T. ) ;
#6881 = VERTEX_POINT ( 'NONE', #1229 ) ;
#6882 = AXIS2_PLACEMENT_3D ( 'NONE', #7363, #6033, #380 ) ;
#6884 = CIRCLE ( 'NONE', #4343, 1.600000000000000755 ) ;
#6883 = DIRECTION ( 'NONE',  ( 0.000000000000000000, 0.000000000000000000, -1.000000000000000000 ) ) ;
#6885 = DIRECTION ( 'NONE',  ( -0.8660254037844385966, 0.000000000000000000, 0.5000000000000001110 ) ) ;
#6886 = DIRECTION ( 'NONE',  ( -0.000000000000000000, -1.000000000000000000, -0.000000000000000000 ) ) ;
#6887 = VERTEX_POINT ( 'NONE', #3054 ) ;
#6888 = CARTESIAN_POINT ( 'NONE',  ( -4.999999999999999112, 2.100000000000000089, -10.44999999999999929 ) ) ;
#6889 = DIRECTION ( 'NONE',  ( -0.7071067811865512365, 0.000000000000000000, -0.7071067811865439090 ) ) ;
#6890 = ORIENTED_EDGE ( 'NONE', *, *, #5556, .F. ) ;
#6891 = FACE_BOUND ( 'NONE', #4838, .T. ) ;
#6892 = ORIENTED_EDGE ( 'NONE', *, *, #8173, .T. ) ;
#6893 = PLANE ( 'NONE',  #6811 ) ;
#6894 = ORIENTED_EDGE ( 'NONE', *, *, #6252, .F. ) ;
#6895 = AXIS2_PLACEMENT_3D ( 'NONE', #3819, #5774, #3860 ) ;
#6896 = ADVANCED_FACE ( 'NONE', ( #1189 ), #3009, .F. ) ;
#6897 = DIRECTION ( 'NONE',  ( 0.000000000000000000, 1.000000000000000000, -0.000000000000000000 ) ) ;
#6898 = CIRCLE ( 'NONE', #5154, 1.000000000000000888 ) ;
#6899 = ORIENTED_EDGE ( 'NONE', *, *, #4041, .T. ) ;
#6900 = CARTESIAN_POINT ( 'NONE',  ( 44.77674605806469543, 2.100000000000000089, 47.03948775786169989 ) ) ;
#6901 = AXIS2_PLACEMENT_3D ( 'NONE', #3220, #5746, #6885 ) ;
#6902 = LINE ( 'NONE', #8170, #3143 ) ;
#6903 = DIRECTION ( 'NONE',  ( 0.000000000000000000, 1.000000000000000000, -0.000000000000000000 ) ) ;
#6904 = CARTESIAN_POINT ( 'NONE',  ( -16.48560856174882616, 2.100000000000000089, 17.08037545153021242 ) ) ;
#6905 = CARTESIAN_POINT ( 'NONE',  ( 35.01867247769040858, 0.6999999999999999556, -32.75593077789339702 ) ) ;
#6906 = AXIS2_PLACEMENT_3D ( 'NONE', #8044, #6855, #3722 ) ;
#6907 = EDGE_LOOP ( 'NONE', ( #1444, #7512 ) ) ;
#6908 = VECTOR ( 'NONE', #4512, 1000.000000000000000 ) ;
#6909 = EDGE_LOOP ( 'NONE', ( #6317, #2277, #921, #2311, #1523 ) ) ;
#6910 = CARTESIAN_POINT ( 'NONE',  ( -16.48560856174882616, 2.100000000000000089, -17.08037545153020176 ) ) ;
#6911 = CYLINDRICAL_SURFACE ( 'NONE', #1917, 9.000000000000001776 ) ;
#6912 = CARTESIAN_POINT ( 'NONE',  ( -47.03948775786169989, 0.6999999999999999556, -44.77674605806473807 ) ) ;
#6913 = ORIENTED_EDGE ( 'NONE', *, *, #2163, .F. ) ;
#6914 = LINE ( 'NONE', #1222, #6659 ) ;
#6915 = EDGE_CURVE ( 'NONE', #2435, #6133, #6245, .T. ) ;
#6916 = VECTOR ( 'NONE', #4181, 1000.000000000000000 ) ;
#6917 = EDGE_CURVE ( 'NONE', #1853, #7157, #60, .T. ) ;
#6918 = ORIENTED_EDGE ( 'NONE', *, *, #3523, .T. ) ;
#6919 = DIRECTION ( 'NONE',  ( -0.000000000000000000, -1.000000000000000000, 0.000000000000000000 ) ) ;
#6920 = EDGE_LOOP ( 'NONE', ( #4048, #7571, #3510, #817 ) ) ;
#6921 = DIRECTION ( 'NONE',  ( -0.000000000000000000, -1.000000000000000000, -0.000000000000000000 ) ) ;
#6922 = EDGE_CURVE ( 'NONE', #3649, #4112, #3087, .T. ) ;
#6923 = VERTEX_POINT ( 'NONE', #7445 ) ;
#6924 = ORIENTED_EDGE ( 'NONE', *, *, #8091, .F. ) ;
#6925 = AXIS2_PLACEMENT_3D ( 'NONE', #1782, #3769, #6859 ) ;
#6926 = DIRECTION ( 'NONE',  ( 0.000000000000000000, 0.000000000000000000, -1.000000000000000000 ) ) ;
#6927 = DIRECTION ( 'NONE',  ( 0.000000000000000000, 0.000000000000000000, -1.000000000000000000 ) ) ;
#6928 = LINE ( 'NONE', #2437, #7403 ) ;
#6929 = EDGE_LOOP ( 'NONE', ( #3076, #3302, #3430, #2243 ) ) ;
#6930 = DIRECTION ( 'NONE',  ( -0.000000000000000000, -1.000000000000000000, -0.000000000000000000 ) ) ;
#6931 = CARTESIAN_POINT ( 'NONE',  ( 14.19448966059528594, 2.100000000000000089, 18.80936831356894956 ) ) ;
#6932 = FACE_BOUND ( 'NONE', #5963, .T. ) ;
#6933 = ORIENTED_EDGE ( 'NONE', *, *, #1206, .T. ) ;
#6934 = CARTESIAN_POINT ( 'NONE',  ( 55.50000000000000000, 0.6999999999999999556, 55.50000000000000000 ) ) ;
#6935 = ORIENTED_EDGE ( 'NONE', *, *, #2004, .F. ) ;
#6936 = CARTESIAN_POINT ( 'NONE',  ( 2.525040043307524851, 0.6999999999999999556, -4.374189797439962391 ) ) ;
#6937 = EDGE_CURVE ( 'NONE', #6351, #4088, #1761, .T. ) ;
#6938 = CARTESIAN_POINT ( 'NONE',  ( 65.50000000000000000, 2.100000000000000089, 31.00000000000000000 ) ) ;
#6939 = ORIENTED_EDGE ( 'NONE', *, *, #371, .T. ) ;
#6940 = CARTESIAN_POINT ( 'NONE',  ( 30.06892500938459989, 2.100000000000000089, -27.80618330958759898 ) ) ;
#6941 = DIRECTION ( 'NONE',  ( 0.000000000000000000, 0.000000000000000000, 1.000000000000000000 ) ) ;
#6942 = DIRECTION ( 'NONE',  ( 0.000000000000000000, 1.000000000000000000, -0.000000000000000000 ) ) ;
#6943 = DIRECTION ( 'NONE',  ( 0.000000000000000000, 0.000000000000000000, -1.000000000000000000 ) ) ;
#6944 = EDGE_CURVE ( 'NONE', #180, #4818, #1637, .T. ) ;
#6945 = EDGE_CURVE ( 'NONE', #30, #597, #7577, .T. ) ;
#6946 = EDGE_LOOP ( 'NONE', ( #2583, #2189, #8029, #4034 ) ) ;
#6947 = EDGE_LOOP ( 'NONE', ( #3164, #6529, #22, #6514 ) ) ;
#6948 = VECTOR ( 'NONE', #1892, 1000.000000000000114 ) ;
#6949 = CARTESIAN_POINT ( 'NONE',  ( 24.00000000000000000, 0.6999999999999999556, -15.50000000000000000 ) ) ;
#6950 = CARTESIAN_POINT ( 'NONE',  ( -56.50000000000000000, 2.100000000000000089, -31.00000000000000000 ) ) ;
#6951 = DIRECTION ( 'NONE',  ( 0.000000000000000000, 1.000000000000000000, -0.000000000000000000 ) ) ;
#6952 = LINE ( 'NONE', #2589, #3426 ) ;
#6953 = VERTEX_POINT ( 'NONE', #4245 ) ;
#6954 = DIRECTION ( 'NONE',  ( -0.000000000000000000, -1.000000000000000000, 0.000000000000000000 ) ) ;
#6955 = VECTOR ( 'NONE', #5165, 1000.000000000000000 ) ;
#6956 = VERTEX_POINT ( 'NONE', #7489 ) ;
#6957 = VECTOR ( 'NONE', #7851, 1000.000000000000000 ) ;
#6958 = VERTEX_POINT ( 'NONE', #1146 ) ;
#6959 = EDGE_CURVE ( 'NONE', #6835, #5523, #6543, .T. ) ;
#6960 = DIRECTION ( 'NONE',  ( 0.000000000000000000, 0.000000000000000000, -1.000000000000000000 ) ) ;
#6961 = CARTESIAN_POINT ( 'NONE',  ( 38.55420638362329555, 2.100000000000000089, -38.55420638362294738 ) ) ;
#6962 = PLANE ( 'NONE',  #579 ) ;
#6963 = VERTEX_POINT ( 'NONE', #3291 ) ;
#6964 = CIRCLE ( 'NONE', #5623, 1.600000000000004086 ) ;
#6965 = EDGE_CURVE ( 'NONE', #4240, #230, #5116, .T. ) ;
#6966 = CARTESIAN_POINT ( 'NONE',  ( -31.00000000000000000, 0.6999999999999999556, -56.50000000000000000 ) ) ;
#6967 = CARTESIAN_POINT ( 'NONE',  ( 28.93755415948609766, 0.6999999999999999556, -28.93755415948609766 ) ) ;
#6968 = LINE ( 'NONE', #5747, #3292 ) ;
#6969 = ORIENTED_EDGE ( 'NONE', *, *, #1469, .F. ) ;
#6970 = DIRECTION ( 'NONE',  ( 0.000000000000000000, 0.000000000000000000, -1.000000000000000000 ) ) ;
#6971 = DIRECTION ( 'NONE',  ( -0.7071067811865480168, 0.000000000000000000, 0.7071067811865470176 ) ) ;
#6972 = ORIENTED_EDGE ( 'NONE', *, *, #7115, .T. ) ;
#6973 = DIRECTION ( 'NONE',  ( 0.000000000000000000, 1.000000000000000000, -0.000000000000000000 ) ) ;
#6974 = EDGE_LOOP ( 'NONE', ( #7151, #1442, #3547, #1122 ) ) ;
#6975 = ADVANCED_FACE ( 'NONE', ( #2632 ), #5199, .F. ) ;
#6976 = DIRECTION ( 'NONE',  ( 0.000000000000000000, 0.000000000000000000, 1.000000000000000000 ) ) ;
#6977 = VERTEX_POINT ( 'NONE', #3908 ) ;
#6978 = DIRECTION ( 'NONE',  ( -0.000000000000000000, -1.000000000000000000, -0.000000000000000000 ) ) ;
#6979 = CYLINDRICAL_SURFACE ( 'NONE', #1546, 1.600000000000000755 ) ;
#6980 = ORIENTED_EDGE ( 'NONE', *, *, #2272, .F. ) ;
#6981 = CARTESIAN_POINT ( 'NONE',  ( -1.131370849898249764, 2.100000000000000089, 1.131370849898236886 ) ) ;
#6982 = ORIENTED_EDGE ( 'NONE', *, *, #4477, .T. ) ;
#6983 = CIRCLE ( 'NONE', #8028, 1.599999999999997202 ) ;
#6984 = EDGE_CURVE ( 'NONE', #1013, #7997, #139, .T. ) ;
#6985 = EDGE_CURVE ( 'NONE', #4177, #5754, #6490, .T. ) ;
#6986 = DIRECTION ( 'NONE',  ( -0.000000000000000000, -1.000000000000000000, -0.000000000000000000 ) ) ;
#6987 = DIRECTION ( 'NONE',  ( 0.000000000000000000, 1.000000000000000000, -0.000000000000000000 ) ) ;
#6988 = LINE ( 'NONE', #2588, #1261 ) ;
#6989 = CARTESIAN_POINT ( 'NONE',  ( 5.999999999999998224, 2.100000000000000089, 10.44999999999999929 ) ) ;
#6990 = ORIENTED_EDGE ( 'NONE', *, *, #7333, .F. ) ;
#6991 = LINE ( 'NONE', #1296, #2420 ) ;
#6992 = ORIENTED_EDGE ( 'NONE', *, *, #6154, .F. ) ;
#6993 = EDGE_LOOP ( 'NONE', ( #2763, #2996, #6841, #4972 ) ) ;
#6994 = CARTESIAN_POINT ( 'NONE',  ( -22.62741699796950101, 2.100000000000000089, 21.02741699796949959 ) ) ;
#6995 = FACE_OUTER_BOUND ( 'NONE', #839, .T. ) ;
#6996 = CARTESIAN_POINT ( 'NONE',  ( 32.00000000000000000, 0.6999999999999999556, -7.837739514543060526E-15 ) ) ;
#6997 = CARTESIAN_POINT ( 'NONE',  ( 24.00000000000000000, 2.100000000000000089, 15.50000000000000000 ) ) ;
#6998 = DIRECTION ( 'NONE',  ( 1.000000000000000000, 0.000000000000000000, -4.163336342344337027E-16 ) ) ;
#6999 = AXIS2_PLACEMENT_3D ( 'NONE', #7191, #7110, #7147 ) ;
#7000 = FACE_OUTER_BOUND ( 'NONE', #4498, .T. ) ;
#7001 = EDGE_LOOP ( 'NONE', ( #2177, #1551 ) ) ;
#7002 = CARTESIAN_POINT ( 'NONE',  ( 43.85750724252219612, 0.6999999999999999556, -33.25090552472399708 ) ) ;
#7003 = EDGE_LOOP ( 'NONE', ( #6982, #2477, #1962, #6992 ) ) ;
#7004 = DIRECTION ( 'NONE',  ( -0.000000000000000000, -1.000000000000000000, -0.000000000000000000 ) ) ;
#7005 = EDGE_CURVE ( 'NONE', #7146, #5720, #477, .T. ) ;
#7006 = EDGE_CURVE ( 'NONE', #6631, #6649, #7214, .T. ) ;
#7007 = AXIS2_PLACEMENT_3D ( 'NONE', #3162, #6402, #730 ) ;
#7008 = VECTOR ( 'NONE', #7105, 999.9999999999998863 ) ;
#7009 = LINE ( 'NONE', #6938, #3311 ) ;
#7010 = EDGE_LOOP ( 'NONE', ( #1777, #5830, #1427, #5153 ) ) ;
#7011 = DIRECTION ( 'NONE',  ( -0.000000000000000000, -1.000000000000000000, -0.000000000000000000 ) ) ;
#7012 = CARTESIAN_POINT ( 'NONE',  ( 0.000000000000000000, 2.100000000000000089, -50.50000000000000000 ) ) ;
#7013 = FACE_OUTER_BOUND ( 'NONE', #5486, .T. ) ;
#7014 = AXIS2_PLACEMENT_3D ( 'NONE', #7336, #5584, #2893 ) ;
#7015 = DIRECTION ( 'NONE',  ( 0.000000000000000000, 0.000000000000000000, -1.000000000000000000 ) ) ;
#7016 = ORIENTED_EDGE ( 'NONE', *, *, #2192, .T. ) ;
#7017 = LINE ( 'NONE', #3199, #7808 ) ;
#7018 = CARTESIAN_POINT ( 'NONE',  ( -40.95836943965729660, 2.100000000000000089, 40.95836943965740318 ) ) ;
#7019 = EDGE_CURVE ( 'NONE', #1402, #1947, #7866, .T. ) ;
#7020 = ORIENTED_EDGE ( 'NONE', *, *, #460, .T. ) ;
#7021 = CIRCLE ( 'NONE', #2389, 1.600000000000004086 ) ;
#7022 = AXIS2_PLACEMENT_3D ( 'NONE', #4917, #1806, #2560 ) ;
#7023 = DIRECTION ( 'NONE',  ( 1.000000000000000000, 0.000000000000000000, -4.163336342344337027E-16 ) ) ;
#7024 = CARTESIAN_POINT ( 'NONE',  ( 52.46446609406756068, 2.100000000000000089, -36.46446609406696382 ) ) ;
#7025 = CYLINDRICAL_SURFACE ( 'NONE', #7767, 1.600000000000000755 ) ;
#7026 = FACE_BOUND ( 'NONE', #7652, .T. ) ;
#7027 = FACE_OUTER_BOUND ( 'NONE', #5302, .T. ) ;
#7028 = ORIENTED_EDGE ( 'NONE', *, *, #2871, .F. ) ;
#7029 = CARTESIAN_POINT ( 'NONE',  ( 22.62741699796950101, 2.100000000000000089, -24.22741699796949888 ) ) ;
#7030 = AXIS2_PLACEMENT_3D ( 'NONE', #58, #2553, #1224 ) ;
#7031 = CIRCLE ( 'NONE', #7158, 1.600000000000000755 ) ;
#7032 = EDGE_CURVE ( 'NONE', #4203, #6787, #3950, .T. ) ;
#7033 =( GEOMETRIC_REPRESENTATION_CONTEXT ( 3 ) GLOBAL_UNCERTAINTY_ASSIGNED_CONTEXT ( ( #6346 ) ) GLOBAL_UNIT_ASSIGNED_CONTEXT ( ( #4535, #5835, #2681 ) ) REPRESENTATION_CONTEXT ( 'NONE', 'WORKASPACE' ) );
#7034 = EDGE_LOOP ( 'NONE', ( #39, #2481 ) ) ;
#7035 = VERTEX_POINT ( 'NONE', #2003 ) ;
#7036 = DIRECTION ( 'NONE',  ( 0.000000000000000000, 0.000000000000000000, 1.000000000000000000 ) ) ;
#7037 = VERTEX_POINT ( 'NONE', #5785 ) ;
#7038 = DIRECTION ( 'NONE',  ( -0.7071067811865442421, 0.000000000000000000, -0.7071067811865507924 ) ) ;
#7039 = ADVANCED_FACE ( 'NONE', ( #6995 ), #4531, .F. ) ;
#7040 = EDGE_CURVE ( 'NONE', #6351, #2929, #5615, .T. ) ;
#7041 = CIRCLE ( 'NONE', #3581, 1.600000000000004086 ) ;
#7042 = CARTESIAN_POINT ( 'NONE',  ( -32.11953467482550195, 0.6999999999999999556, 42.72613639262380048 ) ) ;
#7043 = DIRECTION ( 'NONE',  ( 0.000000000000000000, 0.000000000000000000, -1.000000000000000000 ) ) ;
#7044 = DIRECTION ( 'NONE',  ( 0.000000000000000000, 1.000000000000000000, -0.000000000000000000 ) ) ;
#7045 = DIRECTION ( 'NONE',  ( 0.000000000000000000, 1.000000000000000000, -0.000000000000000000 ) ) ;
#7046 = ORIENTED_EDGE ( 'NONE', *, *, #1370, .T. ) ;
#7047 = CARTESIAN_POINT ( 'NONE',  ( 14.19448966059533213, 2.100000000000000089, -18.80936831356887495 ) ) ;
#7048 = EDGE_LOOP ( 'NONE', ( #7607, #3264 ) ) ;
#7049 = CARTESIAN_POINT ( 'NONE',  ( 12.50000000000000000, 2.100000000000000089, 28.50000000000000000 ) ) ;
#7050 = CIRCLE ( 'NONE', #7313, 1.599999999999997202 ) ;
#7051 = VECTOR ( 'NONE', #7992, 1000.000000000000000 ) ;
#7052 = DIRECTION ( 'NONE',  ( 0.000000000000000000, 0.000000000000000000, 1.000000000000000000 ) ) ;
#7053 = EDGE_CURVE ( 'NONE', #2800, #6963, #733, .T. ) ;
#7054 = ORIENTED_EDGE ( 'NONE', *, *, #3345, .T. ) ;
#7055 = EDGE_CURVE ( 'NONE', #1360, #6956, #4621, .T. ) ;
#7056 = CARTESIAN_POINT ( 'NONE',  ( -36.46446609406732620, 2.100000000000000089, 50.86446609406731056 ) ) ;
#7057 = PLANE ( 'NONE',  #2662 ) ;
#7058 = DIRECTION ( 'NONE',  ( 0.7071067811865473507, 0.000000000000000000, -0.7071067811865477948 ) ) ;
#7059 = VERTEX_POINT ( 'NONE', #2678 ) ;
#7060 = CARTESIAN_POINT ( 'NONE',  ( 19.09188309203689471, 2.100000000000000089, -19.09188309203663181 ) ) ;
#7061 = CIRCLE ( 'NONE', #2550, 1.600000000000004086 ) ;
#7062 = CARTESIAN_POINT ( 'NONE',  ( -6.000000000000000000, 2.100000000000000089, -23.75000000000000000 ) ) ;
#7063 = AXIS2_PLACEMENT_3D ( 'NONE', #1359, #4546, #3884 ) ;
#7064 = CARTESIAN_POINT ( 'NONE',  ( 12.50000000000000000, 2.100000000000000089, 30.50000000000002842 ) ) ;
#7065 = EDGE_CURVE ( 'NONE', #4236, #3370, #6530, .T. ) ;
#7066 = CARTESIAN_POINT ( 'NONE',  ( -19.09188309203669931, 2.100000000000000089, -20.69188309203683218 ) ) ;
#7067 = DIRECTION ( 'NONE',  ( -0.000000000000000000, -1.000000000000000000, -0.000000000000000000 ) ) ;
#7068 = CARTESIAN_POINT ( 'NONE',  ( -52.46446609406718409, 2.100000000000000089, -36.46446609406750383 ) ) ;
#7069 = EDGE_LOOP ( 'NONE', ( #4483, #972, #1486, #5145 ) ) ;
#7070 = CARTESIAN_POINT ( 'NONE',  ( -25.50000000000000000, 2.100000000000000089, 47.30000000000000426 ) ) ;
#7071 = EDGE_LOOP ( 'NONE', ( #8022, #8077, #6408, #4636 ) ) ;
#7072 = CIRCLE ( 'NONE', #4410, 1.600000000000004086 ) ;
#7073 = EDGE_LOOP ( 'NONE', ( #8152, #738, #7240, #2934 ) ) ;
#7074 = EDGE_CURVE ( 'NONE', #7793, #1013, #2050, .T. ) ;
#7075 = CARTESIAN_POINT ( 'NONE',  ( -52.46446609406731909, 0.6999999999999999556, 38.06446609406731341 ) ) ;
#7076 = ORIENTED_EDGE ( 'NONE', *, *, #5505, .F. ) ;
#7077 = AXIS2_PLACEMENT_3D ( 'NONE', #5210, #1354, #7741 ) ;
#7078 = DIRECTION ( 'NONE',  ( 0.000000000000000000, 1.000000000000000000, -0.000000000000000000 ) ) ;
#7079 = AXIS2_PLACEMENT_3D ( 'NONE', #963, #362, #1000 ) ;
#7080 = AXIS2_PLACEMENT_3D ( 'NONE', #2513, #5658, #3174 ) ;
#7081 = ORIENTED_EDGE ( 'NONE', *, *, #7974, .T. ) ;
#7082 = VERTEX_POINT ( 'NONE', #6372 ) ;
#7083 = EDGE_CURVE ( 'NONE', #6541, #1624, #703, .T. ) ;
#7084 = EDGE_CURVE ( 'NONE', #6174, #1540, #2598, .T. ) ;
#7085 = FACE_OUTER_BOUND ( 'NONE', #4695, .T. ) ;
#7086 = CARTESIAN_POINT ( 'NONE',  ( 45.90811690796319766, 2.100000000000000089, -45.90811690796319766 ) ) ;
#7087 = CIRCLE ( 'NONE', #3361, 1.000000000000004441 ) ;
#7088 = LINE ( 'NONE', #1970, #4204 ) ;
#7089 = LINE ( 'NONE', #4539, #2180 ) ;
#7090 = ORIENTED_EDGE ( 'NONE', *, *, #6290, .T. ) ;
#7091 = VECTOR ( 'NONE', #904, 1000.000000000000114 ) ;
#7092 = LINE ( 'NONE', #4675, #7858 ) ;
#7093 = EDGE_LOOP ( 'NONE', ( #2014, #270, #2269, #438, #6239 ) ) ;
#7094 = CARTESIAN_POINT ( 'NONE',  ( -32.00000000000000000, 2.100000000000000089, -1.599999999999989875 ) ) ;
#7095 = AXIS2_PLACEMENT_3D ( 'NONE', #245, #929, #3440 ) ;
#7096 = VERTEX_POINT ( 'NONE', #6413 ) ;
#7097 = CARTESIAN_POINT ( 'NONE',  ( 32.00000000000000000, 0.6999999999999999556, 1.599999999999990541 ) ) ;
#7098 = LINE ( 'NONE', #5303, #6797 ) ;
#7099 = ORIENTED_EDGE ( 'NONE', *, *, #405, .T. ) ;
#7100 = CARTESIAN_POINT ( 'NONE',  ( -14.19448966059528594, 0.6999999999999999556, 18.80936831356895311 ) ) ;
#7101 = DIRECTION ( 'NONE',  ( 0.000000000000000000, 1.000000000000000000, -0.000000000000000000 ) ) ;
#7102 = CARTESIAN_POINT ( 'NONE',  ( -48.89999999999999858, 2.100000000000000089, -25.50000000000000000 ) ) ;
#7103 = EDGE_LOOP ( 'NONE', ( #1521, #3347, #3820, #6924 ) ) ;
#7104 = DIRECTION ( 'NONE',  ( 0.000000000000000000, 0.000000000000000000, 1.000000000000000000 ) ) ;
#7105 = DIRECTION ( 'NONE',  ( 0.8660254037844387076, 0.000000000000000000, 0.4999999999999999445 ) ) ;
#7106 = DIRECTION ( 'NONE',  ( -0.000000000000000000, -1.000000000000000000, -0.000000000000000000 ) ) ;
#7107 = EDGE_CURVE ( 'NONE', #3649, #1773, #742, .T. ) ;
#7108 = DIRECTION ( 'NONE',  ( 0.000000000000000000, 1.000000000000000000, -0.000000000000000000 ) ) ;
#7109 = DIRECTION ( 'NONE',  ( 0.000000000000000000, 0.000000000000000000, 1.000000000000000000 ) ) ;
#7110 = DIRECTION ( 'NONE',  ( 0.000000000000000000, 1.000000000000000000, -0.000000000000000000 ) ) ;
#7111 = DIRECTION ( 'NONE',  ( 0.000000000000000000, 0.000000000000000000, -1.000000000000000000 ) ) ;
#7112 = ORIENTED_EDGE ( 'NONE', *, *, #5100, .T. ) ;
#7113 = VECTOR ( 'NONE', #4939, 1000.000000000000000 ) ;
#7114 = ORIENTED_EDGE ( 'NONE', *, *, #6837, .F. ) ;
#7115 = EDGE_CURVE ( 'NONE', #597, #4703, #2178, .T. ) ;
#7116 = ADVANCED_FACE ( 'NONE', ( #7281 ), #7938, .F. ) ;
#7117 = ORIENTED_EDGE ( 'NONE', *, *, #7490, .F. ) ;
#7118 = DIRECTION ( 'NONE',  ( -0.7071067811865474617, 0.000000000000000000, -0.7071067811865474617 ) ) ;
#7119 = ORIENTED_EDGE ( 'NONE', *, *, #2075, .T. ) ;
#7120 = ORIENTED_EDGE ( 'NONE', *, *, #2622, .T. ) ;
#7121 = DIRECTION ( 'NONE',  ( 0.000000000000000000, 1.000000000000000000, -0.000000000000000000 ) ) ;
#7122 = EDGE_CURVE ( 'NONE', #7201, #6078, #6614, .T. ) ;
#7123 = LINE ( 'NONE', #7860, #5952 ) ;
#7124 = CYLINDRICAL_SURFACE ( 'NONE', #6100, 1.599999999999997202 ) ;
#7125 = LINE ( 'NONE', #2057, #1964 ) ;
#7126 = CARTESIAN_POINT ( 'NONE',  ( -50.50000000000000000, 2.100000000000000089, -25.50000000000000000 ) ) ;
#7127 = CYLINDRICAL_SURFACE ( 'NONE', #5895, 0.9999999999999993339 ) ;
#7128 = ORIENTED_EDGE ( 'NONE', *, *, #7891, .F. ) ;
#7129 = CARTESIAN_POINT ( 'NONE',  ( 40.95836943965740318, 2.100000000000000089, 40.95836943965740318 ) ) ;
#7130 = ORIENTED_EDGE ( 'NONE', *, *, #192, .F. ) ;
#7131 = LINE ( 'NONE', #3881, #5502 ) ;
#7132 = EDGE_CURVE ( 'NONE', #3806, #7473, #4558, .T. ) ;
#7133 = ORIENTED_EDGE ( 'NONE', *, *, #7715, .F. ) ;
#7134 = CARTESIAN_POINT ( 'NONE',  ( 1.131370849898781561, 2.100000000000000089, -1.131370849898804654 ) ) ;
#7135 = ORIENTED_EDGE ( 'NONE', *, *, #2582, .F. ) ;
#7136 = CARTESIAN_POINT ( 'NONE',  ( 15.98566790351172884, 0.6999999999999999556, 16.21431578947368024 ) ) ;
#7137 = PLANE ( 'NONE',  #4100 ) ;
#7138 = DIRECTION ( 'NONE',  ( 0.000000000000000000, 0.000000000000000000, 1.000000000000000000 ) ) ;
#7139 = LINE ( 'NONE', #1449, #5872 ) ;
#7140 = CARTESIAN_POINT ( 'NONE',  ( -32.75593077789344676, 2.100000000000000089, -35.01867247769034464 ) ) ;
#7141 = EDGE_CURVE ( 'NONE', #4575, #7552, #3237, .T. ) ;
#7142 = VECTOR ( 'NONE', #5547, 1000.000000000000000 ) ;
#7143 = VECTOR ( 'NONE', #206, 1000.000000000000114 ) ;
#7144 = DIRECTION ( 'NONE',  ( -0.000000000000000000, -1.000000000000000000, 0.000000000000000000 ) ) ;
#7145 = LINE ( 'NONE', #2123, #2345 ) ;
#7146 = VERTEX_POINT ( 'NONE', #5327 ) ;
#7147 = DIRECTION ( 'NONE',  ( 0.000000000000000000, 0.000000000000000000, 1.000000000000000000 ) ) ;
#7148 = CARTESIAN_POINT ( 'NONE',  ( -54.14213562373100785, 2.100000000000000089, -70.14213562373090838 ) ) ;
#7149 = DIRECTION ( 'NONE',  ( 0.000000000000000000, 0.000000000000000000, -1.000000000000000000 ) ) ;
#7150 = VECTOR ( 'NONE', #5682, 1000.000000000000000 ) ;
#7151 = ORIENTED_EDGE ( 'NONE', *, *, #5677, .T. ) ;
#7152 = VECTOR ( 'NONE', #746, 1000.000000000000114 ) ;
#7153 = ORIENTED_EDGE ( 'NONE', *, *, #221, .T. ) ;
#7154 = DIRECTION ( 'NONE',  ( 0.000000000000000000, 1.000000000000000000, -0.000000000000000000 ) ) ;
#7155 = AXIS2_PLACEMENT_3D ( 'NONE', #4451, #5701, #6960 ) ;
#7156 = EDGE_LOOP ( 'NONE', ( #6052, #6150, #3623, #1525 ) ) ;
#7157 = VERTEX_POINT ( 'NONE', #1547 ) ;
#7158 = AXIS2_PLACEMENT_3D ( 'NONE', #562, #1211, #6857 ) ;
#7159 = CC_DESIGN_PERSON_AND_ORGANIZATION_ASSIGNMENT ( #4243, #3459, ( #6629 ) ) ;
#7160 = EDGE_CURVE ( 'NONE', #908, #336, #2220, .T. ) ;
#7161 = DIRECTION ( 'NONE',  ( -0.000000000000000000, -1.000000000000000000, -0.000000000000000000 ) ) ;
#7162 = AXIS2_PLACEMENT_3D ( 'NONE', #5637, #5010, #4251 ) ;
#7163 = ORIENTED_EDGE ( 'NONE', *, *, #6471, .T. ) ;
#7164 = LINE ( 'NONE', #4909, #3293 ) ;
#7165 = DIRECTION ( 'NONE',  ( 0.000000000000000000, 0.000000000000000000, 1.000000000000000000 ) ) ;
#7166 = CARTESIAN_POINT ( 'NONE',  ( 22.62741699796950101, 0.6999999999999999556, 22.62741699796950101 ) ) ;
#7167 = EDGE_CURVE ( 'NONE', #6358, #2552, #2879, .T. ) ;
#7168 = EDGE_LOOP ( 'NONE', ( #723, #3637, #659, #1646 ) ) ;
#7169 = DIRECTION ( 'NONE',  ( 0.000000000000000000, 1.000000000000000000, -0.000000000000000000 ) ) ;
#7170 = ORIENTED_EDGE ( 'NONE', *, *, #2689, .F. ) ;
#7171 = LINE ( 'NONE', #1477, #4562 ) ;
#7172 = AXIS2_PLACEMENT_3D ( 'NONE', #759, #5888, #3351 ) ;
#7173 = ORIENTED_EDGE ( 'NONE', *, *, #2854, .T. ) ;
#7174 = CIRCLE ( 'NONE', #56, 1.599999999999990319 ) ;
#7175 = PLANE ( 'NONE',  #2957 ) ;
#7176 = ORIENTED_EDGE ( 'NONE', *, *, #5688, .T. ) ;
#7177 = EDGE_CURVE ( 'NONE', #1144, #744, #7855, .T. ) ;
#7178 = LINE ( 'NONE', #2109, #1681 ) ;
#7179 = DIRECTION ( 'NONE',  ( -0.000000000000000000, -1.000000000000000000, -0.000000000000000000 ) ) ;
#7180 = DIRECTION ( 'NONE',  ( 0.000000000000000000, 1.000000000000000000, -0.000000000000000000 ) ) ;
#7181 = ORIENTED_EDGE ( 'NONE', *, *, #736, .T. ) ;
#7182 = CARTESIAN_POINT ( 'NONE',  ( 42.08974028955584856, 2.100000000000000089, -39.82699858975890095 ) ) ;
#7183 = VERTEX_POINT ( 'NONE', #4781 ) ;
#7184 = CARTESIAN_POINT ( 'NONE',  ( -65.50000000000000000, 2.100000000000000089, -31.00000000000000000 ) ) ;
#7185 = AXIS2_PLACEMENT_3D ( 'NONE', #1916, #6954, #3207 ) ;
#7186 = DIRECTION ( 'NONE',  ( 0.000000000000000000, 0.000000000000000000, -1.000000000000000000 ) ) ;
#7187 = EDGE_CURVE ( 'NONE', #1476, #7864, #381, .T. ) ;
#7188 = CARTESIAN_POINT ( 'NONE',  ( 4.999999999999997335, 0.6999999999999999556, -10.44999999999999929 ) ) ;
#7189 = ADVANCED_FACE ( 'NONE', ( #5991 ), #1628, .F. ) ;
#7190 = EDGE_LOOP ( 'NONE', ( #4796, #4137, #3371, #4208 ) ) ;
#7191 = CARTESIAN_POINT ( 'NONE',  ( -52.46446609406731909, 0.6999999999999999556, 36.46446609406731909 ) ) ;
#7192 = LINE ( 'NONE', #3325, #2637 ) ;
#7193 = DIRECTION ( 'NONE',  ( 0.000000000000000000, 1.000000000000000000, -0.000000000000000000 ) ) ;
#7194 = CARTESIAN_POINT ( 'NONE',  ( 1.131370849898491127, 2.100000000000000089, -1.131370849898491571 ) ) ;
#7195 = ORIENTED_EDGE ( 'NONE', *, *, #3830, .F. ) ;
#7196 = CIRCLE ( 'NONE', #3602, 1.600000000000000755 ) ;
#7197 = VERTEX_POINT ( 'NONE', #1021 ) ;
#7198 = CARTESIAN_POINT ( 'NONE',  ( 32.11953467482550195, 0.6999999999999999556, -42.72613639262380048 ) ) ;
#7199 = FACE_OUTER_BOUND ( 'NONE', #2590, .T. ) ;
#7200 = ORIENTED_EDGE ( 'NONE', *, *, #7656, .F. ) ;
#7201 = VERTEX_POINT ( 'NONE', #3535 ) ;
#7202 = DIRECTION ( 'NONE',  ( 0.000000000000000000, 0.000000000000000000, 1.000000000000000000 ) ) ;
#7203 = AXIS2_PLACEMENT_3D ( 'NONE', #5633, #8163, #71 ) ;
#7204 = AXIS2_PLACEMENT_3D ( 'NONE', #2614, #4012, #719 ) ;
#7205 = EDGE_CURVE ( 'NONE', #6630, #4541, #4027, .T. ) ;
#7206 = AXIS2_PLACEMENT_3D ( 'NONE', #591, #1278, #5716 ) ;
#7207 = DIRECTION ( 'NONE',  ( -1.000000000000000000, 0.000000000000000000, 0.000000000000000000 ) ) ;
#7208 = FACE_OUTER_BOUND ( 'NONE', #2720, .T. ) ;
#7209 = CARTESIAN_POINT ( 'NONE',  ( -42.08974028955584856, 2.100000000000000089, 39.82699858975885832 ) ) ;
#7210 = VERTEX_POINT ( 'NONE', #2841 ) ;
#7211 = DIRECTION ( 'NONE',  ( 0.000000000000000000, 0.000000000000000000, 1.000000000000000000 ) ) ;
#7212 = ORIENTED_EDGE ( 'NONE', *, *, #4622, .T. ) ;
#7213 = CARTESIAN_POINT ( 'NONE',  ( 45.90811690796319766, 2.100000000000000089, 45.90811690796319766 ) ) ;
#7214 = CIRCLE ( 'NONE', #2711, 0.9999999999999993339 ) ;
#7215 = EDGE_CURVE ( 'NONE', #5466, #7183, #7980, .T. ) ;
#7216 = ORIENTED_EDGE ( 'NONE', *, *, #4233, .T. ) ;
#7217 = CIRCLE ( 'NONE', #1250, 1.599999999999997202 ) ;
#7218 = LINE ( 'NONE', #3310, #4532 ) ;
#7219 = ORIENTED_EDGE ( 'NONE', *, *, #3847, .F. ) ;
#7220 = CARTESIAN_POINT ( 'NONE',  ( 52.46446609406692829, 2.100000000000000089, 36.46446609406787331 ) ) ;
#7221 = PLANE ( 'NONE',  #4378 ) ;
#7222 = CARTESIAN_POINT ( 'NONE',  ( 32.00000000000000000, 2.100000000000000089, -7.837739514543060526E-15 ) ) ;
#7223 = VERTEX_POINT ( 'NONE', #4824 ) ;
#7224 = DIRECTION ( 'NONE',  ( -0.7071067811865477948, 0.000000000000000000, 0.7071067811865473507 ) ) ;
#7225 = CYLINDRICAL_SURFACE ( 'NONE', #181, 1.600000000000000755 ) ;
#7226 = AXIS2_PLACEMENT_3D ( 'NONE', #6542, #713, #5755 ) ;
#7227 = ADVANCED_FACE ( 'NONE', ( #1671 ), #3412, .F. ) ;
#7228 = DIRECTION ( 'NONE',  ( 3.469446951953593284E-15, 0.000000000000000000, 1.000000000000000000 ) ) ;
#7229 = DIRECTION ( 'NONE',  ( 0.000000000000000000, 1.000000000000000000, -0.000000000000000000 ) ) ;
#7230 = CARTESIAN_POINT ( 'NONE',  ( 40.95836943965740318, 2.100000000000000089, 39.35836943965741597 ) ) ;
#7231 = CARTESIAN_POINT ( 'NONE',  ( -54.14213562373100785, 2.100000000000000089, -70.14213562373090838 ) ) ;
#7232 = ORIENTED_EDGE ( 'NONE', *, *, #2759, .F. ) ;
#7233 = DIRECTION ( 'NONE',  ( -0.000000000000000000, -1.000000000000000000, -0.000000000000000000 ) ) ;
#7234 = EDGE_LOOP ( 'NONE', ( #4296, #6663, #2448, #4383 ) ) ;
#7235 = ADVANCED_FACE ( 'NONE', ( #1062 ), #3579, .F. ) ;
#7236 = EDGE_CURVE ( 'NONE', #6553, #1947, #2139, .T. ) ;
#7237 = ORIENTED_EDGE ( 'NONE', *, *, #2721, .T. ) ;
#7238 = DIRECTION ( 'NONE',  ( -0.7071067811865370256, 0.000000000000000000, -0.7071067811865580088 ) ) ;
#7239 = CARTESIAN_POINT ( 'NONE',  ( 48.89999999999999858, 0.6999999999999999556, -27.09999999999999787 ) ) ;
#7240 = ORIENTED_EDGE ( 'NONE', *, *, #5487, .T. ) ;
#7241 = DIRECTION ( 'NONE',  ( 0.000000000000000000, 1.000000000000000000, -0.000000000000000000 ) ) ;
#7242 = EDGE_CURVE ( 'NONE', #311, #2064, #2716, .T. ) ;
#7243 = AXIS2_PLACEMENT_3D ( 'NONE', #850, #812, #6519 ) ;
#7244 = DIRECTION ( 'NONE',  ( -0.000000000000000000, -1.000000000000000000, -0.000000000000000000 ) ) ;
#7245 = APPROVAL_STATUS ( 'not_yet_approved' ) ;
#7246 = DIRECTION ( 'NONE',  ( 0.000000000000000000, 1.000000000000000000, -0.000000000000000000 ) ) ;
#7247 = ORIENTED_EDGE ( 'NONE', *, *, #6322, .F. ) ;
#7248 = DIRECTION ( 'NONE',  ( -0.7071067811865400232, 0.000000000000000000, -0.7071067811865550112 ) ) ;
#7249 = ORIENTED_EDGE ( 'NONE', *, *, #5326, .F. ) ;
#7250 = FACE_OUTER_BOUND ( 'NONE', #4450, .T. ) ;
#7251 = VERTEX_POINT ( 'NONE', #573 ) ;
#7252 = ORIENTED_EDGE ( 'NONE', *, *, #3072, .T. ) ;
#7253 = LINE ( 'NONE', #3468, #3701 ) ;
#7254 = CIRCLE ( 'NONE', #6057, 1.600000000000038947 ) ;
#7255 = VERTEX_POINT ( 'NONE', #6871 ) ;
#7256 = DIRECTION ( 'NONE',  ( -0.7071067811865475727, 0.000000000000000000, -0.7071067811865475727 ) ) ;
#7257 = FACE_OUTER_BOUND ( 'NONE', #6087, .T. ) ;
#7258 = CARTESIAN_POINT ( 'NONE',  ( 31.00000000000000000, 2.100000000000000089, -65.50000000000000000 ) ) ;
#7259 = ORIENTED_EDGE ( 'NONE', *, *, #203, .T. ) ;
#7260 = EDGE_CURVE ( 'NONE', #4595, #3402, #4278, .T. ) ;
#7261 = DIRECTION ( 'NONE',  ( -0.000000000000000000, -1.000000000000000000, -0.000000000000000000 ) ) ;
#7262 = ADVANCED_FACE ( 'NONE', ( #1988 ), #1945, .F. ) ;
#7263 = DIRECTION ( 'NONE',  ( -0.000000000000000000, -1.000000000000000000, -0.000000000000000000 ) ) ;
#7264 = CYLINDRICAL_SURFACE ( 'NONE', #7744, 1.600000000000011191 ) ;
#7265 = DIRECTION ( 'NONE',  ( -0.000000000000000000, -1.000000000000000000, -0.000000000000000000 ) ) ;
#7266 = DIRECTION ( 'NONE',  ( 0.000000000000000000, 0.000000000000000000, 1.000000000000000000 ) ) ;
#7267 = EDGE_CURVE ( 'NONE', #6565, #7724, #4945, .T. ) ;
#7268 = CIRCLE ( 'NONE', #7660, 1.599999999999997202 ) ;
#7269 = LINE ( 'NONE', #1581, #64 ) ;
#7270 = ORIENTED_EDGE ( 'NONE', *, *, #4409, .T. ) ;
#7271 = ORIENTED_EDGE ( 'NONE', *, *, #6632, .F. ) ;
#7272 = VECTOR ( 'NONE', #5460, 1000.000000000000000 ) ;
#7273 = DIRECTION ( 'NONE',  ( 0.000000000000000000, 0.000000000000000000, 1.000000000000000000 ) ) ;
#7274 = FACE_OUTER_BOUND ( 'NONE', #1780, .T. ) ;
#7275 = ORIENTED_EDGE ( 'NONE', *, *, #7074, .F. ) ;
#7276 = ORIENTED_EDGE ( 'NONE', *, *, #7393, .F. ) ;
#7277 = DIRECTION ( 'NONE',  ( -0.7071067811865546782, 0.000000000000000000, -0.7071067811865403563 ) ) ;
#7278 = EDGE_CURVE ( 'NONE', #3993, #350, #3235, .T. ) ;
#7279 = AXIS2_PLACEMENT_3D ( 'NONE', #6705, #1718, #5499 ) ;
#7280 = AXIS2_PLACEMENT_3D ( 'NONE', #4655, #5937, #3900 ) ;
#7281 = FACE_OUTER_BOUND ( 'NONE', #4587, .T. ) ;
#7282 = CIRCLE ( 'NONE', #3170, 1.600000000000000755 ) ;
#7283 = AXIS2_PLACEMENT_3D ( 'NONE', #7583, #5626, #2436 ) ;
#7284 = PLANE ( 'NONE',  #3187 ) ;
#7285 = APPROVAL_ROLE ( '' ) ;
#7286 = CYLINDRICAL_SURFACE ( 'NONE', #7925, 1.600000000000004086 ) ;
#7287 = ADVANCED_FACE ( 'NONE', ( #3619 ), #7675, .F. ) ;
#7288 = EDGE_CURVE ( 'NONE', #5738, #4952, #6288, .T. ) ;
#7289 = CARTESIAN_POINT ( 'NONE',  ( 33.88730162779190636, 2.100000000000000089, -33.88730162779190636 ) ) ;
#7290 = ORIENTED_EDGE ( 'NONE', *, *, #5943, .F. ) ;
#7291 = LINE ( 'NONE', #2851, #2585 ) ;
#7292 = VECTOR ( 'NONE', #7298, 1000.000000000000000 ) ;
#7293 = EDGE_LOOP ( 'NONE', ( #7994, #4311, #119, #389 ) ) ;
#7294 = ORIENTED_EDGE ( 'NONE', *, *, #1793, .T. ) ;
#7295 = DIRECTION ( 'NONE',  ( 0.000000000000000000, 0.000000000000000000, 1.000000000000000000 ) ) ;
#7296 = ORIENTED_EDGE ( 'NONE', *, *, #2520, .F. ) ;
#7297 = DIRECTION ( 'NONE',  ( -0.000000000000000000, -1.000000000000000000, -0.000000000000000000 ) ) ;
#7298 = DIRECTION ( 'NONE',  ( -1.000000000000000000, 0.000000000000000000, 0.000000000000000000 ) ) ;
#7299 = CYLINDRICAL_SURFACE ( 'NONE', #7470, 1.600000000000000755 ) ;
#7300 = ORIENTED_EDGE ( 'NONE', *, *, #3895, .T. ) ;
#7301 = LINE ( 'NONE', #3516, #7601 ) ;
#7302 = AXIS2_PLACEMENT_3D ( 'NONE', #5224, #2822, #6472 ) ;
#7303 = DIRECTION ( 'NONE',  ( 0.000000000000000000, 1.000000000000000000, -0.000000000000000000 ) ) ;
#7304 = EDGE_CURVE ( 'NONE', #5839, #3598, #2346, .T. ) ;
#7305 = EDGE_CURVE ( 'NONE', #7894, #5593, #534, .T. ) ;
#7306 = ORIENTED_EDGE ( 'NONE', *, *, #8147, .F. ) ;
#7307 = LINE ( 'NONE', #4731, #2049 ) ;
#7308 = DIRECTION ( 'NONE',  ( 0.000000000000000000, 0.000000000000000000, -1.000000000000000000 ) ) ;
#7309 = CARTESIAN_POINT ( 'NONE',  ( 19.09188309203656075, 2.100000000000000089, 19.09188309203696576 ) ) ;
#7310 = CARTESIAN_POINT ( 'NONE',  ( -19.50385078242113934, 2.100000000000000089, 0.000000000000000000 ) ) ;
#7311 = ORIENTED_EDGE ( 'NONE', *, *, #1677, .F. ) ;
#7312 = VERTEX_POINT ( 'NONE', #4241 ) ;
#7313 = AXIS2_PLACEMENT_3D ( 'NONE', #4484, #1832, #4362 ) ;
#7314 = ADVANCED_FACE ( 'NONE', ( #6788 ), #5136, .F. ) ;
#7315 = DIRECTION ( 'NONE',  ( 1.000000000000000000, 0.000000000000000000, -0.000000000000000000 ) ) ;
#7316 = DIRECTION ( 'NONE',  ( -0.7071067811865477948, 0.000000000000000000, -0.7071067811865473507 ) ) ;
#7317 = ORIENTED_EDGE ( 'NONE', *, *, #2570, .F. ) ;
#7318 = CARTESIAN_POINT ( 'NONE',  ( 4.999999999999999112, 2.100000000000000089, -9.782275240470715808E-16 ) ) ;
#7319 = FACE_BOUND ( 'NONE', #5538, .T. ) ;
#7320 = DIRECTION ( 'NONE',  ( 0.000000000000000000, 0.000000000000000000, 1.000000000000000000 ) ) ;
#7321 = DIRECTION ( 'NONE',  ( -0.000000000000000000, -1.000000000000000000, -0.000000000000000000 ) ) ;
#7322 = VECTOR ( 'NONE', #5659, 1000.000000000000114 ) ;
#7323 = EDGE_CURVE ( 'NONE', #4541, #6630, #1991, .T. ) ;
#7324 = FACE_OUTER_BOUND ( 'NONE', #5284, .T. ) ;
#7325 = SHAPE_DEFINITION_REPRESENTATION ( #3607, #4635 ) ;
#7326 = ORIENTED_EDGE ( 'NONE', *, *, #369, .T. ) ;
#7327 = LINE ( 'NONE', #6041, #93 ) ;
#7328 = DIRECTION ( 'NONE',  ( 0.000000000000000000, 1.000000000000000000, -0.000000000000000000 ) ) ;
#7329 = EDGE_LOOP ( 'NONE', ( #5428, #5334, #6524, #6002 ) ) ;
#7330 = CARTESIAN_POINT ( 'NONE',  ( -36.46446609406713435, 0.6999999999999999556, -50.86446609406744557 ) ) ;
#7331 = ORIENTED_EDGE ( 'NONE', *, *, #3024, .T. ) ;
#7332 = AXIS2_PLACEMENT_3D ( 'NONE', #2115, #278, #5135 ) ;
#7333 = EDGE_CURVE ( 'NONE', #6406, #4570, #5169, .T. ) ;
#7334 = ORIENTED_EDGE ( 'NONE', *, *, #956, .T. ) ;
#7335 = ADVANCED_FACE ( 'NONE', ( #6394 ), #1141, .F. ) ;
#7336 = CARTESIAN_POINT ( 'NONE',  ( 24.00000000000000000, 2.100000000000000089, -15.50000000000000000 ) ) ;
#7337 = CARTESIAN_POINT ( 'NONE',  ( -12.50000000000000000, 0.6999999999999999556, -28.50000000000001066 ) ) ;
#7338 = ORIENTED_EDGE ( 'NONE', *, *, #5575, .F. ) ;
#7339 = DIRECTION ( 'NONE',  ( 0.000000000000000000, 0.000000000000000000, 1.000000000000000000 ) ) ;
#7340 = DIRECTION ( 'NONE',  ( 0.7071067811865493491, 0.000000000000000000, -0.7071067811865456854 ) ) ;
#7341 = EDGE_LOOP ( 'NONE', ( #2225, #6674, #3427, #5011 ) ) ;
#7342 = DIRECTION ( 'NONE',  ( -0.000000000000000000, -1.000000000000000000, -0.000000000000000000 ) ) ;
#7343 = ORIENTED_EDGE ( 'NONE', *, *, #5789, .T. ) ;
#7344 = DIRECTION ( 'NONE',  ( 0.000000000000000000, 0.000000000000000000, 1.000000000000000000 ) ) ;
#7345 = VERTEX_POINT ( 'NONE', #1367 ) ;
#7346 = DIRECTION ( 'NONE',  ( -0.000000000000000000, -1.000000000000000000, -0.000000000000000000 ) ) ;
#7347 = AXIS2_PLACEMENT_3D ( 'NONE', #7198, #975, #1622 ) ;
#7348 = CARTESIAN_POINT ( 'NONE',  ( -33.88730162779190636, 0.6999999999999999556, -33.88730162779190636 ) ) ;
#7349 = FACE_OUTER_BOUND ( 'NONE', #1759, .T. ) ;
#7350 = LINE ( 'NONE', #2293, #4320 ) ;
#7351 = AXIS2_PLACEMENT_3D ( 'NONE', #5525, #8053, #610 ) ;
#7352 = DIRECTION ( 'NONE',  ( 0.000000000000000000, 1.000000000000000000, -0.000000000000000000 ) ) ;
#7353 = EDGE_CURVE ( 'NONE', #3070, #6006, #7692, .T. ) ;
#7354 = ORIENTED_EDGE ( 'NONE', *, *, #4086, .F. ) ;
#7355 = CIRCLE ( 'NONE', #4958, 1.600000000000000755 ) ;
#7356 = ORIENTED_EDGE ( 'NONE', *, *, #7859, .F. ) ;
#7357 = VECTOR ( 'NONE', #637, 1000.000000000000114 ) ;
#7358 = CARTESIAN_POINT ( 'NONE',  ( -6.000000000000000000, 0.6999999999999999556, -24.75000000000000000 ) ) ;
#7359 = CARTESIAN_POINT ( 'NONE',  ( -1.131370849898491127, 2.100000000000000089, 1.131370849898491571 ) ) ;
#7360 = VERTEX_POINT ( 'NONE', #7638 ) ;
#7361 = FACE_OUTER_BOUND ( 'NONE', #7421, .T. ) ;
#7362 = FACE_BOUND ( 'NONE', #1604, .T. ) ;
#7363 = CARTESIAN_POINT ( 'NONE',  ( 31.00000000000000000, 2.100000000000000089, 0.000000000000000000 ) ) ;
#7364 = DIRECTION ( 'NONE',  ( -0.8660596620565250703, 0.000000000000000000, 0.4999406582370927166 ) ) ;
#7365 = DIRECTION ( 'NONE',  ( 0.000000000000000000, 1.000000000000000000, -0.000000000000000000 ) ) ;
#7366 = ADVANCED_FACE ( 'NONE', ( #3004 ), #3047, .F. ) ;
#7367 = ADVANCED_FACE ( 'NONE', ( #2464 ), #7402, .F. ) ;
#7368 = DIRECTION ( 'NONE',  ( 0.000000000000000000, 0.000000000000000000, 1.000000000000000000 ) ) ;
#7369 = APPLICATION_PROTOCOL_DEFINITION ( 'international standard', 'config_control_design', 1994, #3525 ) ;
#7370 = EDGE_LOOP ( 'NONE', ( #6365, #814, #1676, #1209 ) ) ;
#7371 = CARTESIAN_POINT ( 'NONE',  ( -70.14213562373100785, 2.100000000000000089, 55.74213562373100928 ) ) ;
#7372 = LINE ( 'NONE', #5376, #7272 ) ;
#7373 = CARTESIAN_POINT ( 'NONE',  ( -42.72613639262380048, 2.100000000000000089, -32.11953467482550195 ) ) ;
#7374 = EDGE_CURVE ( 'NONE', #5738, #4417, #2390, .T. ) ;
#7375 = AXIS2_PLACEMENT_3D ( 'NONE', #5813, #2786, #3398 ) ;
#7376 = EDGE_LOOP ( 'NONE', ( #5948, #6323, #4799, #2770, #4629 ) ) ;
#7377 = CARTESIAN_POINT ( 'NONE',  ( -36.46446609406732620, 2.100000000000000089, 54.06446609406730630 ) ) ;
#7378 = LINE ( 'NONE', #6250, #7142 ) ;
#7379 = VERTEX_POINT ( 'NONE', #6594 ) ;
#7380 = PLANE ( 'NONE',  #8043 ) ;
#7381 = FACE_OUTER_BOUND ( 'NONE', #3023, .T. ) ;
#7382 = ORIENTED_EDGE ( 'NONE', *, *, #4411, .T. ) ;
#7383 = FACE_OUTER_BOUND ( 'NONE', #7867, .T. ) ;
#7384 = EDGE_LOOP ( 'NONE', ( #54, #1262, #7135, #1494 ) ) ;
#7385 = CIRCLE ( 'NONE', #383, 2.000000000000001776 ) ;
#7386 = DIRECTION ( 'NONE',  ( 0.000000000000000000, 0.000000000000000000, -1.000000000000000000 ) ) ;
#7387 = ORIENTED_EDGE ( 'NONE', *, *, #263, .T. ) ;
#7388 = EDGE_CURVE ( 'NONE', #901, #4054, #5855, .T. ) ;
#7389 = DIRECTION ( 'NONE',  ( -0.000000000000000000, -1.000000000000000000, -0.000000000000000000 ) ) ;
#7390 = LINE ( 'NONE', #3563, #2584 ) ;
#7391 = CARTESIAN_POINT ( 'NONE',  ( 41.59476554272524140, 2.100000000000000089, -30.98816382492704946 ) ) ;
#7392 = DIRECTION ( 'NONE',  ( -0.000000000000000000, -1.000000000000000000, -0.000000000000000000 ) ) ;
#7393 = EDGE_CURVE ( 'NONE', #2696, #7686, #823, .T. ) ;
#7394 = EDGE_LOOP ( 'NONE', ( #1931, #6432, #2993, #2213 ) ) ;
#7395 = ORIENTED_EDGE ( 'NONE', *, *, #292, .T. ) ;
#7396 = ORIENTED_EDGE ( 'NONE', *, *, #5867, .F. ) ;
#7397 = CARTESIAN_POINT ( 'NONE',  ( 32.00000000000000000, 2.100000000000000089, 1.599999999999990541 ) ) ;
#7398 = VERTEX_POINT ( 'NONE', #2202 ) ;
#7399 = FACE_BOUND ( 'NONE', #3286, .T. ) ;
#7400 = DIRECTION ( 'NONE',  ( -0.000000000000000000, -1.000000000000000000, -0.000000000000000000 ) ) ;
#7401 = ORIENTED_EDGE ( 'NONE', *, *, #6322, .T. ) ;
#7402 = CYLINDRICAL_SURFACE ( 'NONE', #1855, 1.600000000000000755 ) ;
#7403 = VECTOR ( 'NONE', #1766, 1000.000000000000000 ) ;
#7404 = EDGE_CURVE ( 'NONE', #4952, #6170, #4555, .T. ) ;
#7405 = ADVANCED_FACE ( 'NONE', ( #5977 ), #5893, .F. ) ;
#7406 = CARTESIAN_POINT ( 'NONE',  ( -48.89999999999999858, 0.6999999999999999556, 25.50000000000000000 ) ) ;
#7407 = VECTOR ( 'NONE', #3805, 1000.000000000000000 ) ;
#7408 = AXIS2_PLACEMENT_3D ( 'NONE', #7068, #7644, #1995 ) ;
#7409 = DIRECTION ( 'NONE',  ( 0.000000000000000000, 0.000000000000000000, 1.000000000000000000 ) ) ;
#7410 = DIRECTION ( 'NONE',  ( 0.7071067811865434649, 0.000000000000000000, -0.7071067811865515695 ) ) ;
#7411 = CIRCLE ( 'NONE', #4098, 1.600000000000018074 ) ;
#7412 = ORIENTED_EDGE ( 'NONE', *, *, #3211, .T. ) ;
#7413 = AXIS2_PLACEMENT_3D ( 'NONE', #6997, #5080, #4332 ) ;
#7414 = ORIENTED_EDGE ( 'NONE', *, *, #3802, .F. ) ;
#7415 = EDGE_CURVE ( 'NONE', #5485, #2650, #5929, .T. ) ;
#7416 = CARTESIAN_POINT ( 'NONE',  ( -27.80618330958759898, 2.100000000000000089, 30.06892500938459989 ) ) ;
#7417 = CARTESIAN_POINT ( 'NONE',  ( 38.55420638362294738, 2.100000000000000089, 38.55420638362329555 ) ) ;
#7418 = ORIENTED_EDGE ( 'NONE', *, *, #1171, .T. ) ;
#7419 = DIRECTION ( 'NONE',  ( -0.000000000000000000, -1.000000000000000000, -0.000000000000000000 ) ) ;
#7420 = AXIS2_PLACEMENT_3D ( 'NONE', #1834, #6919, #1878 ) ;
#7421 = EDGE_LOOP ( 'NONE', ( #2685, #6728, #3774, #5179 ) ) ;
#7422 = FACE_BOUND ( 'NONE', #4125, .T. ) ;
#7423 = ORIENTED_EDGE ( 'NONE', *, *, #3356, .F. ) ;
#7424 = DIRECTION ( 'NONE',  ( -0.7071067811865456854, 0.000000000000000000, -0.7071067811865493491 ) ) ;
#7425 = ORIENTED_EDGE ( 'NONE', *, *, #8173, .F. ) ;
#7426 = AXIS2_PLACEMENT_3D ( 'NONE', #425, #2928, #2351 ) ;
#7427 = EDGE_CURVE ( 'NONE', #761, #2967, #6241, .T. ) ;
#7428 = FACE_OUTER_BOUND ( 'NONE', #7010, .T. ) ;
#7429 = DIRECTION ( 'NONE',  ( -0.000000000000000000, -1.000000000000000000, -0.000000000000000000 ) ) ;
#7430 = DIRECTION ( 'NONE',  ( 0.000000000000000000, 0.000000000000000000, -1.000000000000000000 ) ) ;
#7431 = CARTESIAN_POINT ( 'NONE',  ( -22.39999999999999858, 2.100000000000000089, 15.50000000000000000 ) ) ;
#7432 = ORIENTED_EDGE ( 'NONE', *, *, #5856, .T. ) ;
#7433 = ORIENTED_EDGE ( 'NONE', *, *, #7857, .F. ) ;
#7434 = EDGE_CURVE ( 'NONE', #2650, #7197, #5808, .T. ) ;
#7435 = EDGE_CURVE ( 'NONE', #4756, #1974, #6556, .T. ) ;
#7436 = CARTESIAN_POINT ( 'NONE',  ( 19.09188309203656075, 2.100000000000000089, 20.69188309203697074 ) ) ;
#7437 = VERTEX_POINT ( 'NONE', #7184 ) ;
#7438 = CARTESIAN_POINT ( 'NONE',  ( 33.88730162779190636, 0.6999999999999999556, -33.88730162779190636 ) ) ;
#7439 = CARTESIAN_POINT ( 'NONE',  ( -32.11953467482550195, 2.100000000000000089, -44.32613639262370242 ) ) ;
#7440 = ORIENTED_EDGE ( 'NONE', *, *, #1936, .F. ) ;
#7441 = DIRECTION ( 'NONE',  ( 0.000000000000000000, 0.000000000000000000, 1.000000000000000000 ) ) ;
#7442 = CARTESIAN_POINT ( 'NONE',  ( -56.50000000000000000, 2.100000000000000089, 31.00000000000000000 ) ) ;
#7443 = EDGE_LOOP ( 'NONE', ( #4856, #1799, #6306, #6182, #3703 ) ) ;
#7444 = VECTOR ( 'NONE', #3645, 1000.000000000000000 ) ;
#7445 = CARTESIAN_POINT ( 'NONE',  ( -47.30000000000000426, 0.6999999999999999556, 25.50000000000000000 ) ) ;
#7446 = LINE ( 'NONE', #3010, #201 ) ;
#7447 = EDGE_CURVE ( 'NONE', #4571, #4937, #1333, .T. ) ;
#7448 = ORIENTED_EDGE ( 'NONE', *, *, #6274, .T. ) ;
#7449 = ORIENTED_EDGE ( 'NONE', *, *, #4928, .F. ) ;
#7450 = CIRCLE ( 'NONE', #7063, 1.600000000000000755 ) ;
#7451 = CARTESIAN_POINT ( 'NONE',  ( -22.39999999999999858, 0.6999999999999999556, 15.50000000000000000 ) ) ;
#7452 = DIRECTION ( 'NONE',  ( 1.000000000000000000, 0.000000000000000000, 0.000000000000000000 ) ) ;
#7453 = VERTEX_POINT ( 'NONE', #2030 ) ;
#7454 = DIRECTION ( 'NONE',  ( 0.000000000000000000, 0.000000000000000000, 1.000000000000000000 ) ) ;
#7455 = ORIENTED_EDGE ( 'NONE', *, *, #2611, .T. ) ;
#7456 = FACE_BOUND ( 'NONE', #1737, .T. ) ;
#7457 = VERTEX_POINT ( 'NONE', #3394 ) ;
#7458 = CARTESIAN_POINT ( 'NONE',  ( -1.131370849898468478, 2.100000000000000089, -1.131370849898470032 ) ) ;
#7459 = ORIENTED_EDGE ( 'NONE', *, *, #2497, .F. ) ;
#7460 = AXIS2_PLACEMENT_3D ( 'NONE', #4136, #7424, #2819 ) ;
#7461 = ADVANCED_FACE ( 'NONE', ( #845 ), #1409, .F. ) ;
#7462 = CARTESIAN_POINT ( 'NONE',  ( -5.999999999999996447, 2.100000000000000089, 10.44999999999999929 ) ) ;
#7463 = CIRCLE ( 'NONE', #4416, 1.600000000000038947 ) ;
#7464 = ORIENTED_EDGE ( 'NONE', *, *, #8067, .T. ) ;
#7465 = DIRECTION ( 'NONE',  ( 0.000000000000000000, 0.000000000000000000, 1.000000000000000000 ) ) ;
#7466 = DIRECTION ( 'NONE',  ( 0.000000000000000000, 0.000000000000000000, 1.000000000000000000 ) ) ;
#7467 = CYLINDRICAL_SURFACE ( 'NONE', #4262, 1.599999999999997202 ) ;
#7468 = ORIENTED_EDGE ( 'NONE', *, *, #1172, .F. ) ;
#7469 = DIRECTION ( 'NONE',  ( 0.000000000000000000, 0.000000000000000000, 1.000000000000000000 ) ) ;
#7470 = AXIS2_PLACEMENT_3D ( 'NONE', #5344, #5927, #6010 ) ;
#7471 = EDGE_CURVE ( 'NONE', #7531, #6881, #5348, .T. ) ;
#7472 = AXIS2_PLACEMENT_3D ( 'NONE', #7732, #1963, #7038 ) ;
#7473 = VERTEX_POINT ( 'NONE', #2661 ) ;
#7474 = VERTEX_POINT ( 'NONE', #7717 ) ;
#7475 = AXIS2_PLACEMENT_3D ( 'NONE', #1926, #4456, #2521 ) ;
#7476 = VECTOR ( 'NONE', #4584, 1000.000000000000000 ) ;
#7477 = CARTESIAN_POINT ( 'NONE',  ( -27.80618330958759898, 0.6999999999999999556, -30.06892500938459989 ) ) ;
#7478 = FACE_BOUND ( 'NONE', #3952, .T. ) ;
#7479 = LINE ( 'NONE', #7439, #5810 ) ;
#7480 = ORIENTED_EDGE ( 'NONE', *, *, #6357, .F. ) ;
#7481 = DIRECTION ( 'NONE',  ( -0.7071067811865493491, 0.000000000000000000, 0.7071067811865456854 ) ) ;
#7482 = DIRECTION ( 'NONE',  ( 0.000000000000000000, 1.000000000000000000, -0.000000000000000000 ) ) ;
#7483 = ADVANCED_FACE ( 'NONE', ( #3319 ), #7225, .F. ) ;
#7484 = AXIS2_PLACEMENT_3D ( 'NONE', #3240, #4478, #849 ) ;
#7485 = VERTEX_POINT ( 'NONE', #2074 ) ;
#7486 = AXIS2_PLACEMENT_3D ( 'NONE', #5791, #1971, #2011 ) ;
#7487 = DIRECTION ( 'NONE',  ( -0.000000000000000000, -1.000000000000000000, -0.000000000000000000 ) ) ;
#7488 = VECTOR ( 'NONE', #6355, 1000.000000000000000 ) ;
#7489 = CARTESIAN_POINT ( 'NONE',  ( -6.499940658237092883, 0.6999999999999999556, -9.583940337943477772 ) ) ;
#7490 = EDGE_CURVE ( 'NONE', #7552, #1377, #5266, .T. ) ;
#7491 = ORIENTED_EDGE ( 'NONE', *, *, #939, .F. ) ;
#7492 = EDGE_LOOP ( 'NONE', ( #472, #7573, #5125, #2191 ) ) ;
#7493 = DIRECTION ( 'NONE',  ( 0.000000000000000000, 1.000000000000000000, -0.000000000000000000 ) ) ;
#7494 = DIRECTION ( 'NONE',  ( 0.7071067811865507924, 0.000000000000000000, -0.7071067811865442421 ) ) ;
#7495 = ORIENTED_EDGE ( 'NONE', *, *, #991, .F. ) ;
#7496 = CARTESIAN_POINT ( 'NONE',  ( 42.72613639262370100, 0.6999999999999999556, -32.11953467482550195 ) ) ;
#7497 = DIRECTION ( 'NONE',  ( 0.000000000000000000, 1.000000000000000000, -0.000000000000000000 ) ) ;
#7498 = VERTEX_POINT ( 'NONE', #2118 ) ;
#7499 = FACE_BOUND ( 'NONE', #10, .T. ) ;
#7500 = VERTEX_POINT ( 'NONE', #2157 ) ;
#7501 = DIRECTION ( 'NONE',  ( -0.000000000000000000, -1.000000000000000000, -0.000000000000000000 ) ) ;
#7502 = ORIENTED_EDGE ( 'NONE', *, *, #1450, .T. ) ;
#7503 = AXIS2_PLACEMENT_3D ( 'NONE', #7680, #5897, #4564 ) ;
#7504 = CARTESIAN_POINT ( 'NONE',  ( 6.695712039061135989, 2.100000000000000089, 24.46832079094607337 ) ) ;
#7505 = EDGE_CURVE ( 'NONE', #7890, #4647, #4689, .T. ) ;
#7506 = ORIENTED_EDGE ( 'NONE', *, *, #3803, .F. ) ;
#7507 = DIRECTION ( 'NONE',  ( -0.000000000000000000, -1.000000000000000000, 0.000000000000000000 ) ) ;
#7508 = EDGE_CURVE ( 'NONE', #4818, #884, #1532, .T. ) ;
#7509 = CARTESIAN_POINT ( 'NONE',  ( -19.09188309203676326, 2.100000000000000089, 19.09188309203676326 ) ) ;
#7510 = CARTESIAN_POINT ( 'NONE',  ( 0.000000000000000000, 0.6999999999999999556, 74.50000000000000000 ) ) ;
#7511 = DIRECTION ( 'NONE',  ( -0.000000000000000000, -1.000000000000000000, -0.000000000000000000 ) ) ;
#7512 = ORIENTED_EDGE ( 'NONE', *, *, #2393, .T. ) ;
#7513 = LINE ( 'NONE', #6309, #5559 ) ;
#7514 = CIRCLE ( 'NONE', #6195, 1.600000000000000755 ) ;
#7515 = ORIENTED_EDGE ( 'NONE', *, *, #6737, .F. ) ;
#7516 = ORIENTED_EDGE ( 'NONE', *, *, #5900, .T. ) ;
#7517 = EDGE_CURVE ( 'NONE', #138, #6667, #3355, .T. ) ;
#7518 = DIRECTION ( 'NONE',  ( -0.000000000000000000, -1.000000000000000000, 0.000000000000000000 ) ) ;
#7519 = FACE_BOUND ( 'NONE', #5103, .T. ) ;
#7520 = DIRECTION ( 'NONE',  ( -0.000000000000000000, -1.000000000000000000, -0.000000000000000000 ) ) ;
#7521 = VERTEX_POINT ( 'NONE', #6101 ) ;
#7522 = CARTESIAN_POINT ( 'NONE',  ( 2.525040043307525295, 2.100000000000000089, 4.374189797439959726 ) ) ;
#7523 = VERTEX_POINT ( 'NONE', #1041 ) ;
#7524 = CIRCLE ( 'NONE', #3938, 1.600000000000000755 ) ;
#7525 = CIRCLE ( 'NONE', #4475, 1.599999999999997202 ) ;
#7526 = EDGE_CURVE ( 'NONE', #5844, #1489, #2902, .T. ) ;
#7527 = CARTESIAN_POINT ( 'NONE',  ( -18.00385078242113934, 2.100000000000000089, -4.621025403784440932 ) ) ;
#7528 = ORIENTED_EDGE ( 'NONE', *, *, #1960, .T. ) ;
#7529 = FACE_OUTER_BOUND ( 'NONE', #2523, .T. ) ;
#7530 = VECTOR ( 'NONE', #8155, 1000.000000000000000 ) ;
#7531 = VERTEX_POINT ( 'NONE', #7918 ) ;
#7532 = EDGE_LOOP ( 'NONE', ( #3780, #7395, #3515, #5680 ) ) ;
#7533 = ORIENTED_EDGE ( 'NONE', *, *, #786, .T. ) ;
#7534 = ADVANCED_FACE ( 'NONE', ( #2330 ), #5435, .F. ) ;
#7536 = CIRCLE ( 'NONE', #1064, 1.600000000000000755 ) ;
#7535 = FACE_OUTER_BOUND ( 'NONE', #3017, .T. ) ;
#7537 = ADVANCED_FACE ( 'NONE', ( #4221 ), #4102, .F. ) ;
#7538 = DIRECTION ( 'NONE',  ( 0.000000000000000000, 1.000000000000000000, -0.000000000000000000 ) ) ;
#7539 = FACE_OUTER_BOUND ( 'NONE', #3761, .T. ) ;
#7540 = ORIENTED_EDGE ( 'NONE', *, *, #7859, .T. ) ;
#7541 = LINE ( 'NONE', #3139, #1816 ) ;
#7542 = CARTESIAN_POINT ( 'NONE',  ( 18.50385078242113579, 2.100000000000000089, -4.755000000000002558 ) ) ;
#7543 = FACE_BOUND ( 'NONE', #1691, .T. ) ;
#7544 = ORIENTED_EDGE ( 'NONE', *, *, #1653, .F. ) ;
#7545 = LINE ( 'NONE', #7458, #6280 ) ;
#7546 = ORIENTED_EDGE ( 'NONE', *, *, #5784, .F. ) ;
#7547 = DIRECTION ( 'NONE',  ( 0.000000000000000000, 0.000000000000000000, 1.000000000000000000 ) ) ;
#7548 = AXIS2_PLACEMENT_3D ( 'NONE', #464, #6834, #3538 ) ;
#7549 = VECTOR ( 'NONE', #4073, 1000.000000000000000 ) ;
#7550 = DIRECTION ( 'NONE',  ( -0.000000000000000000, -1.000000000000000000, -0.000000000000000000 ) ) ;
#7551 = AXIS2_PLACEMENT_3D ( 'NONE', #3274, #161, #2699 ) ;
#7552 = VERTEX_POINT ( 'NONE', #2286 ) ;
#7553 = DIRECTION ( 'NONE',  ( -0.000000000000000000, -1.000000000000000000, -0.000000000000000000 ) ) ;
#7554 = AXIS2_PLACEMENT_3D ( 'NONE', #6967, #1272, #4375 ) ;
#7555 = DIRECTION ( 'NONE',  ( 0.000000000000000000, 0.000000000000000000, -1.000000000000000000 ) ) ;
#7556 = DIRECTION ( 'NONE',  ( 0.000000000000000000, 0.000000000000000000, 1.000000000000000000 ) ) ;
#7557 = DIRECTION ( 'NONE',  ( 0.000000000000000000, 0.000000000000000000, 1.000000000000000000 ) ) ;
#7558 = CARTESIAN_POINT ( 'NONE',  ( 52.46446609406692829, 2.100000000000000089, 36.46446609406787331 ) ) ;
#7559 = VERTEX_POINT ( 'NONE', #6642 ) ;
#7560 = EDGE_CURVE ( 'NONE', #3060, #7345, #6495, .T. ) ;
#7561 = EDGE_CURVE ( 'NONE', #6011, #6045, #3191, .T. ) ;
#7562 = APPROVAL_PERSON_ORGANIZATION ( #6124, #7756, #7285 ) ;
#7563 = ORIENTED_EDGE ( 'NONE', *, *, #3679, .F. ) ;
#7564 = AXIS2_PLACEMENT_3D ( 'NONE', #7062, #1102, #6161 ) ;
#7565 = DIRECTION ( 'NONE',  ( 0.000000000000000000, 1.000000000000000000, -0.000000000000000000 ) ) ;
#7566 = DIRECTION ( 'NONE',  ( 0.000000000000000000, 0.000000000000000000, -1.000000000000000000 ) ) ;
#7567 = FACE_BOUND ( 'NONE', #4496, .T. ) ;
#7568 = CARTESIAN_POINT ( 'NONE',  ( 40.95836943965740318, 2.100000000000000089, 40.95836943965740318 ) ) ;
#7569 = ORIENTED_EDGE ( 'NONE', *, *, #5890, .T. ) ;
#7570 = LINE ( 'NONE', #5819, #1867 ) ;
#7571 = ORIENTED_EDGE ( 'NONE', *, *, #4768, .F. ) ;
#7572 = ADVANCED_FACE ( 'NONE', ( #4138 ), #1004, .F. ) ;
#7573 = ORIENTED_EDGE ( 'NONE', *, *, #1895, .F. ) ;
#7574 = VECTOR ( 'NONE', #4256, 1000.000000000000000 ) ;
#7575 = CARTESIAN_POINT ( 'NONE',  ( -40.95836943965729660, 2.100000000000000089, 40.95836943965740318 ) ) ;
#7576 = ORIENTED_EDGE ( 'NONE', *, *, #2939, .T. ) ;
#7577 = LINE ( 'NONE', #4991, #2041 ) ;
#7578 = EDGE_CURVE ( 'NONE', #6358, #2265, #3476, .T. ) ;
#7579 = ORIENTED_EDGE ( 'NONE', *, *, #7388, .F. ) ;
#7580 = EDGE_LOOP ( 'NONE', ( #1098, #5419, #2445, #7990 ) ) ;
#7581 = EDGE_LOOP ( 'NONE', ( #3880, #6336, #7296, #258 ) ) ;
#7582 = CYLINDRICAL_SURFACE ( 'NONE', #7475, 1.599999999999997202 ) ;
#7583 = CARTESIAN_POINT ( 'NONE',  ( 1.540743955509788682E-30, 2.100000000000000089, -33.90000000000001990 ) ) ;
#7584 = DIRECTION ( 'NONE',  ( 0.000000000000000000, 0.000000000000000000, 1.000000000000000000 ) ) ;
#7585 = ORIENTED_EDGE ( 'NONE', *, *, #565, .F. ) ;
#7586 = DIRECTION ( 'NONE',  ( -0.000000000000000000, -1.000000000000000000, -0.000000000000000000 ) ) ;
#7587 = FACE_BOUND ( 'NONE', #7730, .T. ) ;
#7588 = ORIENTED_EDGE ( 'NONE', *, *, #583, .F. ) ;
#7589 = FACE_OUTER_BOUND ( 'NONE', #72, .T. ) ;
#7590 = ORIENTED_EDGE ( 'NONE', *, *, #971, .F. ) ;
#7591 = ADVANCED_FACE ( 'NONE', ( #4766 ), #4846, .F. ) ;
#7592 = EDGE_CURVE ( 'NONE', #4345, #1849, #403, .T. ) ;
#7593 = LINE ( 'NONE', #2485, #6748 ) ;
#7594 = ORIENTED_EDGE ( 'NONE', *, *, #6737, .T. ) ;
#7595 = CARTESIAN_POINT ( 'NONE',  ( 19.09188309203656075, 0.6999999999999999556, 19.09188309203696576 ) ) ;
#7596 = DIRECTION ( 'NONE',  ( 0.000000000000000000, 0.000000000000000000, 1.000000000000000000 ) ) ;
#7597 = CIRCLE ( 'NONE', #333, 1.000000000000001332 ) ;
#7598 = CARTESIAN_POINT ( 'NONE',  ( 45.90811690796319766, 2.100000000000000089, 45.90811690796319766 ) ) ;
#7599 = ORIENTED_EDGE ( 'NONE', *, *, #3545, .T. ) ;
#7600 = AXIS2_PLACEMENT_3D ( 'NONE', #2069, #7672, #7015 ) ;
#7601 = VECTOR ( 'NONE', #4219, 1000.000000000000000 ) ;
#7602 = DIRECTION ( 'NONE',  ( -0.000000000000000000, -1.000000000000000000, -0.000000000000000000 ) ) ;
#7603 = FACE_OUTER_BOUND ( 'NONE', #7341, .T. ) ;
#7604 = FACE_BOUND ( 'NONE', #177, .T. ) ;
#7605 = FACE_OUTER_BOUND ( 'NONE', #5093, .T. ) ;
#7606 = ADVANCED_FACE ( 'NONE', ( #5390 ), #5799, .F. ) ;
#7607 = ORIENTED_EDGE ( 'NONE', *, *, #2674, .F. ) ;
#7608 = DIRECTION ( 'NONE',  ( -0.000000000000000000, -1.000000000000000000, -0.000000000000000000 ) ) ;
#7609 = AXIS2_PLACEMENT_3D ( 'NONE', #790, #7827, #833 ) ;
#7610 = ORIENTED_EDGE ( 'NONE', *, *, #3909, .F. ) ;
#7611 = VECTOR ( 'NONE', #7238, 1000.000000000000000 ) ;
#7612 = EDGE_LOOP ( 'NONE', ( #6856, #1618, #3340, #1719 ) ) ;
#7613 = AXIS2_PLACEMENT_3D ( 'NONE', #301, #340, #2263 ) ;
#7614 = VECTOR ( 'NONE', #3626, 1000.000000000000000 ) ;
#7615 = CARTESIAN_POINT ( 'NONE',  ( -16.48560856174882971, 2.100000000000000089, -15.34825612741715162 ) ) ;
#7616 = ADVANCED_FACE ( 'NONE', ( #7788 ), #4593, .F. ) ;
#7617 = EDGE_CURVE ( 'NONE', #6406, #615, #3429, .T. ) ;
#7618 = DIRECTION ( 'NONE',  ( 0.000000000000000000, 0.000000000000000000, -1.000000000000000000 ) ) ;
#7619 = AXIS2_PLACEMENT_3D ( 'NONE', #5, #3859, #3694 ) ;
#7620 = CIRCLE ( 'NONE', #490, 1.000000000000000888 ) ;
#7621 = DIRECTION ( 'NONE',  ( 0.000000000000000000, 0.000000000000000000, -1.000000000000000000 ) ) ;
#7622 = DIRECTION ( 'NONE',  ( -0.000000000000000000, -1.000000000000000000, -0.000000000000000000 ) ) ;
#7623 = DIRECTION ( 'NONE',  ( 0.000000000000000000, 0.000000000000000000, 1.000000000000000000 ) ) ;
#7624 = ADVANCED_FACE ( 'NONE', ( #4638 ), #7175, .F. ) ;
#7625 = DIRECTION ( 'NONE',  ( 0.000000000000000000, 0.000000000000000000, -1.000000000000000000 ) ) ;
#7626 = DIRECTION ( 'NONE',  ( -0.000000000000000000, -1.000000000000000000, -0.000000000000000000 ) ) ;
#7627 = VERTEX_POINT ( 'NONE', #194 ) ;
#7628 = DIRECTION ( 'NONE',  ( -1.000000000000000000, 0.000000000000000000, 0.000000000000000000 ) ) ;
#7629 = ORIENTED_EDGE ( 'NONE', *, *, #4899, .F. ) ;
#7630 = CARTESIAN_POINT ( 'NONE',  ( -24.00000000000000000, 2.100000000000000089, 15.50000000000000000 ) ) ;
#7631 = CARTESIAN_POINT ( 'NONE',  ( -50.50000000000000000, 2.100000000000000089, 25.50000000000000000 ) ) ;
#7632 = ORIENTED_EDGE ( 'NONE', *, *, #255, .F. ) ;
#7633 = EDGE_CURVE ( 'NONE', #7474, #5338, #7597, .T. ) ;
#7634 = CARTESIAN_POINT ( 'NONE',  ( -40.95836943965729660, 2.100000000000000089, 40.95836943965740318 ) ) ;
#7635 = LINE ( 'NONE', #3314, #4908 ) ;
#7636 = CARTESIAN_POINT ( 'NONE',  ( 19.50385078242113934, 2.100000000000000089, 0.000000000000000000 ) ) ;
#7637 = FACE_OUTER_BOUND ( 'NONE', #2116, .T. ) ;
#7638 = CARTESIAN_POINT ( 'NONE',  ( 5.999999999999998224, 2.100000000000000089, 9.449999999999997513 ) ) ;
#7639 = ORIENTED_EDGE ( 'NONE', *, *, #647, .T. ) ;
#7640 = DIRECTION ( 'NONE',  ( 0.000000000000000000, 1.000000000000000000, -0.000000000000000000 ) ) ;
#7641 = ADVANCED_FACE ( 'NONE', ( #5258 ), #5214, .F. ) ;
#7642 = DIRECTION ( 'NONE',  ( 0.000000000000000000, 0.000000000000000000, 1.000000000000000000 ) ) ;
#7643 = FACE_BOUND ( 'NONE', #4244, .T. ) ;
#7644 = DIRECTION ( 'NONE',  ( -0.000000000000000000, -1.000000000000000000, 0.000000000000000000 ) ) ;
#7645 = ORIENTED_EDGE ( 'NONE', *, *, #3640, .F. ) ;
#7646 = DIRECTION ( 'NONE',  ( -0.000000000000000000, -1.000000000000000000, -0.000000000000000000 ) ) ;
#7647 = AXIS2_PLACEMENT_3D ( 'NONE', #563, #3767, #4974 ) ;
#7648 = EDGE_LOOP ( 'NONE', ( #4433, #1001, #1435, #6768 ) ) ;
#7649 = ORIENTED_EDGE ( 'NONE', *, *, #4914, .T. ) ;
#7650 = CIRCLE ( 'NONE', #3799, 1.600000000000018074 ) ;
#7651 = CARTESIAN_POINT ( 'NONE',  ( -54.14213562373100785, 0.6999999999999999556, -68.54213562373089985 ) ) ;
#7652 = EDGE_LOOP ( 'NONE', ( #521, #6129, #504, #5148 ) ) ;
#7653 = CARTESIAN_POINT ( 'NONE',  ( -45.90811690796319766, 0.6999999999999999556, -45.90811690796319766 ) ) ;
#7654 = VECTOR ( 'NONE', #3098, 1000.000000000000000 ) ;
#7655 = ORIENTED_EDGE ( 'NONE', *, *, #6339, .T. ) ;
#7656 = EDGE_CURVE ( 'NONE', #6881, #6443, #6547, .T. ) ;
#7657 = CARTESIAN_POINT ( 'NONE',  ( -70.14213562373100785, 2.100000000000000089, -54.14213562373090127 ) ) ;
#7658 = FACE_OUTER_BOUND ( 'NONE', #2108, .T. ) ;
#7659 = CARTESIAN_POINT ( 'NONE',  ( 25.50000000000000000, 2.100000000000000089, -50.50000000000000000 ) ) ;
#7660 = AXIS2_PLACEMENT_3D ( 'NONE', #5898, #1456, #3982 ) ;
#7661 = CARTESIAN_POINT ( 'NONE',  ( -45.90811690796319766, 2.100000000000000089, -47.50811690796319908 ) ) ;
#7662 = ORIENTED_EDGE ( 'NONE', *, *, #1330, .T. ) ;
#7663 = DIRECTION ( 'NONE',  ( 0.000000000000000000, 0.000000000000000000, 1.000000000000000000 ) ) ;
#7664 = ORIENTED_EDGE ( 'NONE', *, *, #7122, .T. ) ;
#7665 = CARTESIAN_POINT ( 'NONE',  ( 18.00385078242113579, 2.100000000000000089, 4.621025403784438268 ) ) ;
#7666 = EDGE_CURVE ( 'NONE', #7683, #7781, #7098, .T. ) ;
#7667 = AXIS2_PLACEMENT_3D ( 'NONE', #3875, #3180, #2682 ) ;
#7668 = CARTESIAN_POINT ( 'NONE',  ( -70.14213562373100785, 2.100000000000000089, -55.74213562373090269 ) ) ;
#7669 = VERTEX_POINT ( 'NONE', #5847 ) ;
#7670 = DIRECTION ( 'NONE',  ( 0.8660596620565250703, 0.000000000000000000, -0.4999406582370927721 ) ) ;
#7671 = CARTESIAN_POINT ( 'NONE',  ( 1.540743955509788682E-30, 2.100000000000000089, 32.30000000000002558 ) ) ;
#7672 = DIRECTION ( 'NONE',  ( -0.000000000000000000, -1.000000000000000000, -0.000000000000000000 ) ) ;
#7673 = ORIENTED_EDGE ( 'NONE', *, *, #7561, .F. ) ;
#7674 = LINE ( 'NONE', #5222, #593 ) ;
#7675 = CYLINDRICAL_SURFACE ( 'NONE', #2181, 1.000000000000000444 ) ;
#7676 = EDGE_CURVE ( 'NONE', #7890, #1112, #272, .T. ) ;
#7677 = VECTOR ( 'NONE', #2183, 1000.000000000000000 ) ;
#7678 = VECTOR ( 'NONE', #7924, 1000.000000000000000 ) ;
#7679 = CARTESIAN_POINT ( 'NONE',  ( 0.000000000000000000, 2.100000000000000089, 56.50000000000000000 ) ) ;
#7680 = CARTESIAN_POINT ( 'NONE',  ( -24.00000000000000000, 2.100000000000000089, -15.50000000000000000 ) ) ;
#7681 = FACE_BOUND ( 'NONE', #6562, .T. ) ;
#7682 = FACE_OUTER_BOUND ( 'NONE', #8036, .T. ) ;
#7683 = VERTEX_POINT ( 'NONE', #315 ) ;
#7684 = CARTESIAN_POINT ( 'NONE',  ( 70.14213562373043942, 2.100000000000000089, 55.74213562373164166 ) ) ;
#7685 = VECTOR ( 'NONE', #3601, 1000.000000000000000 ) ;
#7686 = VERTEX_POINT ( 'NONE', #3966 ) ;
#7687 = ADVANCED_FACE ( 'NONE', ( #3348 ), #5174, .F. ) ;
#7688 = ADVANCED_FACE ( 'NONE', ( #7707 ), #2772, .F. ) ;
#7689 = ORIENTED_EDGE ( 'NONE', *, *, #6244, .T. ) ;
#7690 = FACE_OUTER_BOUND ( 'NONE', #3989, .T. ) ;
#7691 = ORIENTED_EDGE ( 'NONE', *, *, #4862, .T. ) ;
#7692 = CIRCLE ( 'NONE', #4111, 1.599999999999997202 ) ;
#7693 = CARTESIAN_POINT ( 'NONE',  ( 31.00000000000000000, 2.100000000000000089, 56.50000000000000000 ) ) ;
#7694 = ORIENTED_EDGE ( 'NONE', *, *, #7870, .F. ) ;
#7695 = ORIENTED_EDGE ( 'NONE', *, *, #4233, .F. ) ;
#7696 = LINE ( 'NONE', #1512, #8073 ) ;
#7697 = FACE_OUTER_BOUND ( 'NONE', #1412, .T. ) ;
#7698 = CYLINDRICAL_SURFACE ( 'NONE', #6332, 1.600000000000000755 ) ;
#7699 = DIRECTION ( 'NONE',  ( 0.000000000000000000, 0.000000000000000000, 1.000000000000000000 ) ) ;
#7700 = VERTEX_POINT ( 'NONE', #7871 ) ;
#7701 = CARTESIAN_POINT ( 'NONE',  ( 1.540743955509788682E-30, 0.6999999999999999556, 32.30000000000002558 ) ) ;
#7702 = VERTEX_POINT ( 'NONE', #7747 ) ;
#7703 = DIRECTION ( 'NONE',  ( -0.000000000000000000, -1.000000000000000000, -0.000000000000000000 ) ) ;
#7704 = EDGE_CURVE ( 'NONE', #5531, #6977, #3215, .T. ) ;
#7705 = ORIENTED_EDGE ( 'NONE', *, *, #4759, .F. ) ;
#7706 = DIRECTION ( 'NONE',  ( -0.000000000000000000, -1.000000000000000000, -0.000000000000000000 ) ) ;
#7707 = FACE_OUTER_BOUND ( 'NONE', #5553, .T. ) ;
#7708 = VERTEX_POINT ( 'NONE', #1401 ) ;
#7709 = LINE ( 'NONE', #1081, #648 ) ;
#7710 = DIRECTION ( 'NONE',  ( 0.000000000000000000, 0.000000000000000000, 1.000000000000000000 ) ) ;
#7711 = FACE_OUTER_BOUND ( 'NONE', #5211, .T. ) ;
#7712 = ORIENTED_EDGE ( 'NONE', *, *, #5635, .T. ) ;
#7713 = DIRECTION ( 'NONE',  ( -0.000000000000000000, -1.000000000000000000, -0.000000000000000000 ) ) ;
#7714 = VECTOR ( 'NONE', #250, 1000.000000000000000 ) ;
#7715 = EDGE_CURVE ( 'NONE', #4172, #2853, #7450, .T. ) ;
#7716 = DIRECTION ( 'NONE',  ( -0.000000000000000000, -1.000000000000000000, -0.000000000000000000 ) ) ;
#7717 = CARTESIAN_POINT ( 'NONE',  ( -18.50385078242113579, 0.6999999999999999556, -4.755000000000000782 ) ) ;
#7718 = CIRCLE ( 'NONE', #462, 1.600000000000004086 ) ;
#7719 = CARTESIAN_POINT ( 'NONE',  ( -48.89999999999999858, 2.100000000000000089, -27.09999999999999787 ) ) ;
#7720 = CARTESIAN_POINT ( 'NONE',  ( 65.50000000000000000, 0.6999999999999999556, -0.000000000000000000 ) ) ;
#7721 = CARTESIAN_POINT ( 'NONE',  ( 0.000000000000000000, 2.100000000000000089, 0.000000000000000000 ) ) ;
#7722 = CARTESIAN_POINT ( 'NONE',  ( -65.00000000000000000, 2.100000000000000089, -65.00000000000000000 ) ) ;
#7723 = EDGE_CURVE ( 'NONE', #3070, #410, #236, .T. ) ;
#7724 = VERTEX_POINT ( 'NONE', #6462 ) ;
#7725 = CARTESIAN_POINT ( 'NONE',  ( -28.93755415948609766, 0.6999999999999999556, 28.93755415948609766 ) ) ;
#7726 = ORIENTED_EDGE ( 'NONE', *, *, #6379, .F. ) ;
#7727 = CIRCLE ( 'NONE', #4938, 1.599999999999997202 ) ;
#7728 = ORIENTED_EDGE ( 'NONE', *, *, #2471, .F. ) ;
#7729 = DIRECTION ( 'NONE',  ( -0.000000000000000000, -1.000000000000000000, -0.000000000000000000 ) ) ;
#7730 = EDGE_LOOP ( 'NONE', ( #3865, #5016 ) ) ;
#7731 = EDGE_CURVE ( 'NONE', #2549, #6541, #7218, .T. ) ;
#7732 = CARTESIAN_POINT ( 'NONE',  ( 38.55420638362329555, 2.100000000000000089, -38.55420638362294738 ) ) ;
#7733 = VECTOR ( 'NONE', #5618, 1000.000000000000114 ) ;
#7734 = DIRECTION ( 'NONE',  ( 0.000000000000000000, 0.000000000000000000, 1.000000000000000000 ) ) ;
#7735 = CYLINDRICAL_SURFACE ( 'NONE', #5031, 1.599999999999997202 ) ;
#7736 = FACE_OUTER_BOUND ( 'NONE', #4841, .T. ) ;
#7737 = VECTOR ( 'NONE', #3835, 1000.000000000000114 ) ;
#7738 = LINE ( 'NONE', #6501, #4998 ) ;
#7739 = EDGE_CURVE ( 'NONE', #7793, #1555, #6798, .T. ) ;
#7740 = DIRECTION ( 'NONE',  ( 0.000000000000000000, 0.000000000000000000, -1.000000000000000000 ) ) ;
#7741 = DIRECTION ( 'NONE',  ( 0.000000000000000000, 0.000000000000000000, 1.000000000000000000 ) ) ;
#7742 = ORIENTED_EDGE ( 'NONE', *, *, #6829, .T. ) ;
#7743 = LINE ( 'NONE', #2568, #103 ) ;
#7744 = AXIS2_PLACEMENT_3D ( 'NONE', #5268, #4061, #4807 ) ;
#7745 = CIRCLE ( 'NONE', #3772, 1.600000000000000755 ) ;
#7746 = VERTEX_POINT ( 'NONE', #7377 ) ;
#7747 = CARTESIAN_POINT ( 'NONE',  ( -47.03948775786170700, 2.100000000000000089, 44.77674605806470254 ) ) ;
#7748 = EDGE_LOOP ( 'NONE', ( #2217, #5033, #3405, #5878, #7200 ) ) ;
#7749 = DIRECTION ( 'NONE',  ( -0.000000000000000000, -1.000000000000000000, -0.000000000000000000 ) ) ;
#7750 = LINE ( 'NONE', #3849, #3446 ) ;
#7751 = CARTESIAN_POINT ( 'NONE',  ( 48.89999999999999858, 0.6999999999999999556, -25.50000000000000000 ) ) ;
#7752 = ORIENTED_EDGE ( 'NONE', *, *, #927, .T. ) ;
#7753 = DIRECTION ( 'NONE',  ( 1.000000000000000000, -0.000000000000000000, 0.000000000000000000 ) ) ;
#7754 = DIRECTION ( 'NONE',  ( -0.000000000000000000, -1.000000000000000000, -0.000000000000000000 ) ) ;
#7755 = DIRECTION ( 'NONE',  ( 0.000000000000000000, 0.000000000000000000, -1.000000000000000000 ) ) ;
#7756 = APPROVAL ( #6620, 'UNSPECIFIED' ) ;
#7757 = EDGE_CURVE ( 'NONE', #1933, #901, #6047, .T. ) ;
#7758 = DIRECTION ( 'NONE',  ( -0.000000000000000000, -1.000000000000000000, -0.000000000000000000 ) ) ;
#7759 = CARTESIAN_POINT ( 'NONE',  ( 2.525040043307524851, 2.100000000000000089, -4.374189797439962391 ) ) ;
#7760 = CARTESIAN_POINT ( 'NONE',  ( 28.93755415948609766, 2.100000000000000089, 28.93755415948609766 ) ) ;
#7761 = EDGE_LOOP ( 'NONE', ( #7300, #7533 ) ) ;
#7762 = DIRECTION ( 'NONE',  ( 0.000000000000000000, 0.000000000000000000, -1.000000000000000000 ) ) ;
#7763 = FACE_OUTER_BOUND ( 'NONE', #7073, .T. ) ;
#7764 = VERTEX_POINT ( 'NONE', #1032 ) ;
#7765 = DIRECTION ( 'NONE',  ( 0.000000000000000000, 1.000000000000000000, -0.000000000000000000 ) ) ;
#7766 = CARTESIAN_POINT ( 'NONE',  ( 65.50000000000000000, 2.100000000000000089, -31.00000000000000000 ) ) ;
#7767 = AXIS2_PLACEMENT_3D ( 'NONE', #1335, #1217, #611 ) ;
#7768 = EDGE_LOOP ( 'NONE', ( #7544, #1648 ) ) ;
#7769 = ORIENTED_EDGE ( 'NONE', *, *, #4744, .T. ) ;
#7770 = EDGE_CURVE ( 'NONE', #4937, #4571, #5601, .T. ) ;
#7771 = DIRECTION ( 'NONE',  ( 0.000000000000000000, 1.000000000000000000, -0.000000000000000000 ) ) ;
#7772 = DIRECTION ( 'NONE',  ( 0.000000000000000000, 0.000000000000000000, 1.000000000000000000 ) ) ;
#7773 = ORIENTED_EDGE ( 'NONE', *, *, #5352, .F. ) ;
#7774 = ORIENTED_EDGE ( 'NONE', *, *, #451, .T. ) ;
#7775 = CARTESIAN_POINT ( 'NONE',  ( 48.89999999999999858, 2.100000000000000089, -25.50000000000000000 ) ) ;
#7776 = EDGE_CURVE ( 'NONE', #7453, #1395, #356, .T. ) ;
#7777 = DIRECTION ( 'NONE',  ( 0.000000000000000000, -0.000000000000000000, 1.000000000000000000 ) ) ;
#7778 = DIRECTION ( 'NONE',  ( 0.000000000000000000, 0.000000000000000000, 1.000000000000000000 ) ) ;
#7779 = FACE_OUTER_BOUND ( 'NONE', #3555, .T. ) ;
#7780 = LINE ( 'NONE', #5084, #619 ) ;
#7781 = VERTEX_POINT ( 'NONE', #5464 ) ;
#7782 = FACE_OUTER_BOUND ( 'NONE', #5551, .T. ) ;
#7783 = ORIENTED_EDGE ( 'NONE', *, *, #4862, .F. ) ;
#7784 = LINE ( 'NONE', #6506, #4704 ) ;
#7785 = EDGE_CURVE ( 'NONE', #4879, #2155, #2279, .T. ) ;
#7786 = ORIENTED_EDGE ( 'NONE', *, *, #2844, .F. ) ;
#7787 = EDGE_CURVE ( 'NONE', #4236, #1933, #3015, .T. ) ;
#7788 = FACE_OUTER_BOUND ( 'NONE', #5662, .T. ) ;
#7789 = ORIENTED_EDGE ( 'NONE', *, *, #2020, .F. ) ;
#7790 = CARTESIAN_POINT ( 'NONE',  ( -55.50000000000000711, 2.100000000000000089, 74.50000000000000000 ) ) ;
#7791 = FACE_OUTER_BOUND ( 'NONE', #4461, .T. ) ;
#7792 = DIRECTION ( 'NONE',  ( 0.7071067811865475727, 0.000000000000000000, -0.7071067811865475727 ) ) ;
#7793 = VERTEX_POINT ( 'NONE', #3509 ) ;
#7794 = LINE ( 'NONE', #2072, #4139 ) ;
#7795 = ORIENTED_EDGE ( 'NONE', *, *, #3089, .F. ) ;
#7796 = DIRECTION ( 'NONE',  ( 0.000000000000000000, 0.000000000000000000, 1.000000000000000000 ) ) ;
#7797 = CIRCLE ( 'NONE', #5278, 1.599999999999998312 ) ;
#7798 = DIRECTION ( 'NONE',  ( 0.000000000000000000, 0.000000000000000000, 1.000000000000000000 ) ) ;
#7799 = DIRECTION ( 'NONE',  ( 0.7071067811865474617, 0.000000000000000000, 0.7071067811865474617 ) ) ;
#7800 = CIRCLE ( 'NONE', #670, 1.599999999999997202 ) ;
#7801 = DIRECTION ( 'NONE',  ( 0.000000000000000000, 0.000000000000000000, 1.000000000000000000 ) ) ;
#7802 = LINE ( 'NONE', #6521, #8066 ) ;
#7803 = ORIENTED_EDGE ( 'NONE', *, *, #4572, .F. ) ;
#7804 = CARTESIAN_POINT ( 'NONE',  ( 70.14213562373043942, 0.6999999999999999556, 52.54213562373163171 ) ) ;
#7805 = PLANE ( 'NONE',  #6126 ) ;
#7806 = EDGE_CURVE ( 'NONE', #465, #4612, #396, .T. ) ;
#7807 = VECTOR ( 'NONE', #2927, 1000.000000000000000 ) ;
#7808 = VECTOR ( 'NONE', #6349, 1000.000000000000000 ) ;
#7809 = EDGE_LOOP ( 'NONE', ( #7811, #3257, #7468, #4007 ) ) ;
#7810 = AXIS2_PLACEMENT_3D ( 'NONE', #5248, #3874, #7778 ) ;
#7811 = ORIENTED_EDGE ( 'NONE', *, *, #4263, .T. ) ;
#7812 = CYLINDRICAL_SURFACE ( 'NONE', #6148, 2.000000000000001776 ) ;
#7813 = CARTESIAN_POINT ( 'NONE',  ( 30.06892500938459989, 2.100000000000000089, 27.80618330958759898 ) ) ;
#7814 = VECTOR ( 'NONE', #5737, 1000.000000000000000 ) ;
#7815 = ORIENTED_EDGE ( 'NONE', *, *, #3650, .T. ) ;
#7816 = EDGE_LOOP ( 'NONE', ( #5175, #1582, #4110, #4957 ) ) ;
#7817 = AXIS2_PLACEMENT_3D ( 'NONE', #8004, #6775, #7465 ) ;
#7818 = DIRECTION ( 'NONE',  ( 0.000000000000000000, 0.000000000000000000, -1.000000000000000000 ) ) ;
#7819 = EDGE_CURVE ( 'NONE', #3473, #7686, #1563, .T. ) ;
#7820 = CIRCLE ( 'NONE', #4501, 1.000000000000000888 ) ;
#7821 = CIRCLE ( 'NONE', #4619, 1.600000000000004086 ) ;
#7822 = AXIS2_PLACEMENT_3D ( 'NONE', #6770, #4803, #1614 ) ;
#7823 = DIRECTION ( 'NONE',  ( -0.000000000000000000, -1.000000000000000000, -0.000000000000000000 ) ) ;
#7824 = DIRECTION ( 'NONE',  ( 0.000000000000000000, 0.000000000000000000, -1.000000000000000000 ) ) ;
#7825 = CARTESIAN_POINT ( 'NONE',  ( 22.62741699796950101, 2.100000000000000089, 22.62741699796950101 ) ) ;
#7826 = ORIENTED_EDGE ( 'NONE', *, *, #263, .F. ) ;
#7827 = DIRECTION ( 'NONE',  ( -0.000000000000000000, -1.000000000000000000, -0.000000000000000000 ) ) ;
#7828 = ORIENTED_EDGE ( 'NONE', *, *, #4455, .T. ) ;
#7829 = CARTESIAN_POINT ( 'NONE',  ( 25.50000000000000000, 2.100000000000000089, 48.89999999999999858 ) ) ;
#7830 = EDGE_CURVE ( 'NONE', #7453, #169, #858, .T. ) ;
#7831 = ORIENTED_EDGE ( 'NONE', *, *, #7215, .T. ) ;
#7832 = ORIENTED_EDGE ( 'NONE', *, *, #7508, .T. ) ;
#7833 = DIRECTION ( 'NONE',  ( 0.000000000000000000, 0.000000000000000000, -1.000000000000000000 ) ) ;
#7834 = ORIENTED_EDGE ( 'NONE', *, *, #2582, .T. ) ;
#7835 = LINE ( 'NONE', #2152, #2355 ) ;
#7836 = DIRECTION ( 'NONE',  ( 0.000000000000000000, 0.000000000000000000, -1.000000000000000000 ) ) ;
#7837 = DIRECTION ( 'NONE',  ( -0.000000000000000000, -1.000000000000000000, -0.000000000000000000 ) ) ;
#7838 = EDGE_LOOP ( 'NONE', ( #4030, #5320, #2610, #3225 ) ) ;
#7839 = FACE_OUTER_BOUND ( 'NONE', #3992, .T. ) ;
#7840 = ADVANCED_FACE ( 'NONE', ( #6634 ), #5508, .F. ) ;
#7841 = DIRECTION ( 'NONE',  ( -0.000000000000000000, -1.000000000000000000, -0.000000000000000000 ) ) ;
#7842 = CARTESIAN_POINT ( 'NONE',  ( -56.50000000000000000, 2.100000000000000089, 0.000000000000000000 ) ) ;
#7843 = PLANE ( 'NONE',  #5777 ) ;
#7844 = ORIENTED_EDGE ( 'NONE', *, *, #7830, .F. ) ;
#7845 = DIRECTION ( 'NONE',  ( 0.000000000000000000, 0.000000000000000000, 1.000000000000000000 ) ) ;
#7846 = LINE ( 'NONE', #2166, #160 ) ;
#7847 = EDGE_CURVE ( 'NONE', #5415, #2317, #6225, .T. ) ;
#7848 = DIRECTION ( 'NONE',  ( -0.8660254037844387076, 0.000000000000000000, 0.4999999999999999445 ) ) ;
#7849 = VERTEX_POINT ( 'NONE', #6005 ) ;
#7850 = ORIENTED_EDGE ( 'NONE', *, *, #956, .F. ) ;
#7851 = DIRECTION ( 'NONE',  ( -0.000000000000000000, -1.000000000000000000, -0.000000000000000000 ) ) ;
#7852 = DIRECTION ( 'NONE',  ( 0.000000000000000000, 0.000000000000000000, 1.000000000000000000 ) ) ;
#7853 = ORIENTED_EDGE ( 'NONE', *, *, #7288, .F. ) ;
#7854 = ORIENTED_EDGE ( 'NONE', *, *, #7160, .F. ) ;
#7855 = LINE ( 'NONE', #4155, #7091 ) ;
#7856 = AXIS2_PLACEMENT_3D ( 'NONE', #1932, #4925, #4341 ) ;
#7857 = EDGE_CURVE ( 'NONE', #2317, #5415, #6086, .T. ) ;
#7858 = VECTOR ( 'NONE', #2061, 1000.000000000000000 ) ;
#7859 = EDGE_CURVE ( 'NONE', #5491, #2880, #4363, .T. ) ;
#7860 = CARTESIAN_POINT ( 'NONE',  ( -31.00000000000000000, 2.100000000000000089, -56.50000000000000000 ) ) ;
#7861 = CARTESIAN_POINT ( 'NONE',  ( 55.50000000000000711, 0.6999999999999999556, -74.50000000000000000 ) ) ;
#7862 = ORIENTED_EDGE ( 'NONE', *, *, #7906, .T. ) ;
#7863 = LINE ( 'NONE', #4751, #5346 ) ;
#7864 = VERTEX_POINT ( 'NONE', #2855 ) ;
#7865 = DIRECTION ( 'NONE',  ( 0.000000000000000000, 1.000000000000000000, -0.000000000000000000 ) ) ;
#7866 = CIRCLE ( 'NONE', #1120, 1.600000000000000755 ) ;
#7867 = EDGE_LOOP ( 'NONE', ( #6578, #5725, #1704, #1110 ) ) ;
#7868 = ORIENTED_EDGE ( 'NONE', *, *, #5768, .T. ) ;
#7869 = CIRCLE ( 'NONE', #4158, 1.600000000000000755 ) ;
#7870 = EDGE_CURVE ( 'NONE', #7037, #7521, #5546, .T. ) ;
#7871 = CARTESIAN_POINT ( 'NONE',  ( -47.30000000000000426, 2.100000000000000089, 25.50000000000000000 ) ) ;
#7872 = VECTOR ( 'NONE', #7321, 1000.000000000000000 ) ;
#7873 = ORIENTED_EDGE ( 'NONE', *, *, #576, .F. ) ;
#7874 = CARTESIAN_POINT ( 'NONE',  ( -40.95836943965740318, 2.100000000000000089, -40.95836943965729660 ) ) ;
#7875 = CARTESIAN_POINT ( 'NONE',  ( 45.90811690796319766, 2.100000000000000089, -47.50811690796319908 ) ) ;
#7876 = DIRECTION ( 'NONE',  ( 0.000000000000000000, 0.000000000000000000, 1.000000000000000000 ) ) ;
#7877 = VERTEX_POINT ( 'NONE', #4171 ) ;
#7878 = DIRECTION ( 'NONE',  ( 0.000000000000000000, 0.000000000000000000, -1.000000000000000000 ) ) ;
#7879 = EDGE_LOOP ( 'NONE', ( #237, #1418, #6284, #6487 ) ) ;
#7880 = CARTESIAN_POINT ( 'NONE',  ( 74.50000000000000000, 2.100000000000000089, 0.000000000000000000 ) ) ;
#7881 = EDGE_CURVE ( 'NONE', #2429, #3813, #3048, .T. ) ;
#7882 = DIRECTION ( 'NONE',  ( 1.000000000000000000, 0.000000000000000000, 0.000000000000000000 ) ) ;
#7883 = DIRECTION ( 'NONE',  ( 1.000000000000000000, 0.000000000000000000, 0.000000000000000000 ) ) ;
#7884 = DIRECTION ( 'NONE',  ( -0.7071067811865474617, 0.000000000000000000, 0.7071067811865474617 ) ) ;
#7885 = CARTESIAN_POINT ( 'NONE',  ( 39.82699858975890095, 0.6999999999999999556, 42.08974028955584856 ) ) ;
#7886 = ORIENTED_EDGE ( 'NONE', *, *, #2422, .F. ) ;
#7887 = LINE ( 'NONE', #4607, #5541 ) ;
#7888 = CARTESIAN_POINT ( 'NONE',  ( 4.999999999999997335, 2.100000000000000089, 10.44999999999999929 ) ) ;
#7889 = EDGE_LOOP ( 'NONE', ( #6892, #1307, #5711, #6670, #6065 ) ) ;
#7890 = VERTEX_POINT ( 'NONE', #8075 ) ;
#7891 = EDGE_CURVE ( 'NONE', #378, #2327, #4101, .T. ) ;
#7892 = DIRECTION ( 'NONE',  ( 0.000000000000000000, 0.000000000000000000, 1.000000000000000000 ) ) ;
#7893 = CYLINDRICAL_SURFACE ( 'NONE', #303, 1.600000000000011191 ) ;
#7894 = VERTEX_POINT ( 'NONE', #1683 ) ;
#7895 = VERTEX_POINT ( 'NONE', #4836 ) ;
#7896 = LINE ( 'NONE', #3221, #5661 ) ;
#7897 = AXIS2_PLACEMENT_3D ( 'NONE', #6354, #6987, #3816 ) ;
#7898 = CARTESIAN_POINT ( 'NONE',  ( 0.000000000000000000, 2.100000000000000089, 50.50000000000000000 ) ) ;
#7899 = DIRECTION ( 'NONE',  ( -0.7071067811865477948, 0.000000000000000000, -0.7071067811865473507 ) ) ;
#7900 = LINE ( 'NONE', #6664, #537 ) ;
#7901 = DIRECTION ( 'NONE',  ( 0.000000000000000000, 0.000000000000000000, 1.000000000000000000 ) ) ;
#7902 = ORIENTED_EDGE ( 'NONE', *, *, #6558, .T. ) ;
#7903 = DIRECTION ( 'NONE',  ( 0.000000000000000000, 0.000000000000000000, -1.000000000000000000 ) ) ;
#7904 = AXIS2_PLACEMENT_3D ( 'NONE', #3313, #3271, #5762 ) ;
#7905 = CC_DESIGN_PERSON_AND_ORGANIZATION_ASSIGNMENT ( #2268, #5994, ( #6493 ) ) ;
#7906 = EDGE_CURVE ( 'NONE', #774, #3367, #7253, .T. ) ;
#7907 = ORIENTED_EDGE ( 'NONE', *, *, #4782, .F. ) ;
#7908 = VERTEX_POINT ( 'NONE', #1642 ) ;
#7909 = DIRECTION ( 'NONE',  ( -0.000000000000000000, -1.000000000000000000, -0.000000000000000000 ) ) ;
#7910 = VECTOR ( 'NONE', #3062, 1000.000000000000000 ) ;
#7911 = VERTEX_POINT ( 'NONE', #7451 ) ;
#7912 = DIRECTION ( 'NONE',  ( -1.000000000000000000, 0.000000000000000000, -0.000000000000000000 ) ) ;
#7913 = CARTESIAN_POINT ( 'NONE',  ( -31.00000000000000000, 2.100000000000000089, 0.000000000000000000 ) ) ;
#7914 = DIRECTION ( 'NONE',  ( -0.000000000000000000, -1.000000000000000000, -0.000000000000000000 ) ) ;
#7915 = VERTEX_POINT ( 'NONE', #547 ) ;
#7916 = CARTESIAN_POINT ( 'NONE',  ( 33.88730162779190636, 0.6999999999999999556, 33.88730162779190636 ) ) ;
#7917 = ORIENTED_EDGE ( 'NONE', *, *, #6154, .T. ) ;
#7918 = CARTESIAN_POINT ( 'NONE',  ( 33.25090552472404681, 2.100000000000000089, -43.85750724252224586 ) ) ;
#7919 = EDGE_CURVE ( 'NONE', #3063, #693, #2252, .T. ) ;
#7920 = VECTOR ( 'NONE', #3915, 1000.000000000000000 ) ;
#7921 = CIRCLE ( 'NONE', #2094, 1.600000000000032063 ) ;
#7922 = FACE_OUTER_BOUND ( 'NONE', #3223, .T. ) ;
#7923 = DIRECTION ( 'NONE',  ( 0.000000000000000000, 0.000000000000000000, 1.000000000000000000 ) ) ;
#7924 = DIRECTION ( 'NONE',  ( -0.000000000000000000, -1.000000000000000000, -0.000000000000000000 ) ) ;
#7925 = AXIS2_PLACEMENT_3D ( 'NONE', #1473, #871, #5412 ) ;
#7926 = LINE ( 'NONE', #209, #7714 ) ;
#7927 = EDGE_CURVE ( 'NONE', #3119, #2880, #1311, .T. ) ;
#7928 = EDGE_LOOP ( 'NONE', ( #5573, #7868, #3323, #1085 ) ) ;
#7929 = ORIENTED_EDGE ( 'NONE', *, *, #1979, .T. ) ;
#7930 = AXIS2_PLACEMENT_3D ( 'NONE', #2257, #6903, #4820 ) ;
#7931 = CARTESIAN_POINT ( 'NONE',  ( -1.131370849899175468, 0.6999999999999999556, 1.131370849899141717 ) ) ;
#7932 = DIRECTION ( 'NONE',  ( 0.000000000000000000, 0.000000000000000000, 1.000000000000000000 ) ) ;
#7933 = ORIENTED_EDGE ( 'NONE', *, *, #639, .T. ) ;
#7934 = DIRECTION ( 'NONE',  ( 0.7071067811865507924, 0.000000000000000000, -0.7071067811865442421 ) ) ;
#7935 = FACE_BOUND ( 'NONE', #1541, .T. ) ;
#7936 = DIRECTION ( 'NONE',  ( 0.000000000000000000, 0.000000000000000000, 1.000000000000000000 ) ) ;
#7937 = VECTOR ( 'NONE', #224, 1000.000000000000000 ) ;
#7938 = CYLINDRICAL_SURFACE ( 'NONE', #3106, 2.000000000000001776 ) ;
#7939 = ADVANCED_FACE ( 'NONE', ( #24 ), #1843, .F. ) ;
#7940 = EDGE_CURVE ( 'NONE', #5593, #7669, #545, .T. ) ;
#7941 = VECTOR ( 'NONE', #3168, 1000.000000000000000 ) ;
#7942 = AXIS2_PLACEMENT_3D ( 'NONE', #816, #6645, #1743 ) ;
#7943 = CIRCLE ( 'NONE', #6489, 9.000000000000001776 ) ;
#7944 = DIRECTION ( 'NONE',  ( 0.000000000000000000, 0.000000000000000000, 1.000000000000000000 ) ) ;
#7945 = APPROVAL_DATE_TIME ( #1598, #7756 ) ;
#7946 = VERTEX_POINT ( 'NONE', #1927 ) ;
#7947 = CARTESIAN_POINT ( 'NONE',  ( -19.09188309203676326, 2.100000000000000089, 17.49188309203676184 ) ) ;
#7948 = DIRECTION ( 'NONE',  ( -0.000000000000000000, -1.000000000000000000, -0.000000000000000000 ) ) ;
#7949 = ORIENTED_EDGE ( 'NONE', *, *, #3448, .T. ) ;
#7950 = DIRECTION ( 'NONE',  ( -1.000000000000000000, 0.000000000000000000, 0.000000000000000000 ) ) ;
#7951 = CC_DESIGN_APPROVAL ( #5069, ( #6493 ) ) ;
#7952 = EDGE_LOOP ( 'NONE', ( #7610, #2280, #5914, #5061 ) ) ;
#7953 = ORIENTED_EDGE ( 'NONE', *, *, #6915, .T. ) ;
#7954 = CARTESIAN_POINT ( 'NONE',  ( 42.72613639262380048, 2.100000000000000089, 30.51953467482546856 ) ) ;
#7955 = DIRECTION ( 'NONE',  ( 1.000000000000000000, -0.000000000000000000, 0.000000000000000000 ) ) ;
#7956 = ORIENTED_EDGE ( 'NONE', *, *, #6732, .F. ) ;
#7957 = EDGE_CURVE ( 'NONE', #4231, #2625, #5686, .T. ) ;
#7958 = DIRECTION ( 'NONE',  ( -0.000000000000000000, -1.000000000000000000, -0.000000000000000000 ) ) ;
#7959 = DIRECTION ( 'NONE',  ( 0.000000000000000000, 0.000000000000000000, 1.000000000000000000 ) ) ;
#7960 = CARTESIAN_POINT ( 'NONE',  ( -65.50000000000000000, 0.6999999999999999556, -31.00000000000000000 ) ) ;
#7961 = ORIENTED_EDGE ( 'NONE', *, *, #6036, .F. ) ;
#7962 = DIRECTION ( 'NONE',  ( 0.000000000000000000, 1.000000000000000000, -0.000000000000000000 ) ) ;
#7963 = CARTESIAN_POINT ( 'NONE',  ( -28.93755415948609766, 2.100000000000000089, 28.93755415948609766 ) ) ;
#7964 = CARTESIAN_POINT ( 'NONE',  ( 19.09188309203689471, 0.6999999999999999556, -20.69188309203663323 ) ) ;
#7965 = EDGE_CURVE ( 'NONE', #5646, #3167, #8154, .T. ) ;
#7966 = CARTESIAN_POINT ( 'NONE',  ( -36.46446609406732620, 2.100000000000000089, 52.46446609406731199 ) ) ;
#7967 = EDGE_CURVE ( 'NONE', #6656, #1689, #5434, .T. ) ;
#7968 = LINE ( 'NONE', #4107, #5255 ) ;
#7969 = LINE ( 'NONE', #2294, #8071 ) ;
#7970 = EDGE_LOOP ( 'NONE', ( #4777, #2670 ) ) ;
#7971 = VERTEX_POINT ( 'NONE', #3095 ) ;
#7972 = AXIS2_PLACEMENT_3D ( 'NONE', #5015, #1286, #7557 ) ;
#7973 = CARTESIAN_POINT ( 'NONE',  ( 52.46446609406692829, 0.6999999999999999556, 38.06446609406786763 ) ) ;
#7974 = EDGE_CURVE ( 'NONE', #314, #6956, #5954, .T. ) ;
#7975 = DIRECTION ( 'NONE',  ( -0.000000000000000000, -1.000000000000000000, -0.000000000000000000 ) ) ;
#7976 = ORIENTED_EDGE ( 'NONE', *, *, #5151, .T. ) ;
#7977 = CARTESIAN_POINT ( 'NONE',  ( -25.50000000000000000, 2.100000000000000089, -47.30000000000000426 ) ) ;
#7978 = FACE_BOUND ( 'NONE', #1640, .T. ) ;
#7979 = DIRECTION ( 'NONE',  ( -0.000000000000000000, -1.000000000000000000, 0.000000000000000000 ) ) ;
#7980 = LINE ( 'NONE', #5370, #2843 ) ;
#7981 = EDGE_CURVE ( 'NONE', #4177, #7683, #3711, .T. ) ;
#7982 = CARTESIAN_POINT ( 'NONE',  ( -45.90811690796319766, 2.100000000000000089, -45.90811690796319766 ) ) ;
#7983 = PERSON_AND_ORGANIZATION_ROLE ( 'creator' ) ;
#7984 = ORIENTED_EDGE ( 'NONE', *, *, #7267, .F. ) ;
#7985 = LINE ( 'NONE', #4787, #3621 ) ;
#7986 = LINE ( 'NONE', #1635, #3033 ) ;
#7987 = DIRECTION ( 'NONE',  ( 0.000000000000000000, 0.000000000000000000, 1.000000000000000000 ) ) ;
#7988 = EDGE_LOOP ( 'NONE', ( #795, #452, #2723, #4415 ) ) ;
#7989 = AXIS2_PLACEMENT_3D ( 'NONE', #4802, #4260, #7344 ) ;
#7990 = ORIENTED_EDGE ( 'NONE', *, *, #2821, .F. ) ;
#7991 = ADVANCED_FACE ( 'NONE', ( #671 ), #6249, .F. ) ;
#7992 = DIRECTION ( 'NONE',  ( -0.000000000000000000, -1.000000000000000000, -0.000000000000000000 ) ) ;
#7993 = CARTESIAN_POINT ( 'NONE',  ( -56.50000000000000000, 0.6999999999999999556, -31.00000000000000000 ) ) ;
#7994 = ORIENTED_EDGE ( 'NONE', *, *, #3053, .F. ) ;
#7995 = CARTESIAN_POINT ( 'NONE',  ( 30.98816382492704946, 2.100000000000000089, -41.59476554272529114 ) ) ;
#7996 = CARTESIAN_POINT ( 'NONE',  ( -25.60000000000000142, 2.100000000000000089, -15.50000000000000000 ) ) ;
#7997 = VERTEX_POINT ( 'NONE', #3179 ) ;
#7998 = CARTESIAN_POINT ( 'NONE',  ( 0.000000000000000000, 2.100000000000000089, 65.50000000000000000 ) ) ;
#7999 = ORIENTED_EDGE ( 'NONE', *, *, #575, .T. ) ;
#8000 = DIRECTION ( 'NONE',  ( -1.000000000000000000, 0.000000000000000000, -0.000000000000000000 ) ) ;
#8001 = ORIENTED_EDGE ( 'NONE', *, *, #3679, .T. ) ;
#8002 = CARTESIAN_POINT ( 'NONE',  ( 0.000000000000000000, 2.100000000000000089, -31.00000000000000000 ) ) ;
#8003 = CIRCLE ( 'NONE', #2714, 1.000000000000000888 ) ;
#8004 = CARTESIAN_POINT ( 'NONE',  ( -54.14213562373090127, 0.6999999999999999556, 70.14213562373100785 ) ) ;
#8005 = FACE_OUTER_BOUND ( 'NONE', #1393, .T. ) ;
#8006 = AXIS2_PLACEMENT_3D ( 'NONE', #5561, #4887, #6813 ) ;
#8007 = CARTESIAN_POINT ( 'NONE',  ( 16.48560856174882616, 0.6999999999999999556, 17.08037545153020886 ) ) ;
#8008 = AXIS2_PLACEMENT_3D ( 'NONE', #8160, #3595, #2480 ) ;
#8009 = ORIENTED_EDGE ( 'NONE', *, *, #887, .F. ) ;
#8010 = ADVANCED_FACE ( 'NONE', ( #628 ), #106, .F. ) ;
#8011 = CIRCLE ( 'NONE', #4439, 1.600000000000035394 ) ;
#8012 = EDGE_LOOP ( 'NONE', ( #1105, #7232 ) ) ;
#8013 = AXIS2_PLACEMENT_3D ( 'NONE', #835, #4465, #3303 ) ;
#8014 = CARTESIAN_POINT ( 'NONE',  ( 42.08974028955584856, 0.6999999999999999556, -39.82699858975890095 ) ) ;
#8015 = EDGE_LOOP ( 'NONE', ( #3067, #4843, #5982, #5449, #7873, #1101, #4855 ) ) ;
#8016 = CARTESIAN_POINT ( 'NONE',  ( -6.000000000000000000, 0.6999999999999999556, -23.75000000000000000 ) ) ;
#8017 = FACE_OUTER_BOUND ( 'NONE', #3014, .T. ) ;
#8018 = DIRECTION ( 'NONE',  ( 0.000000000000000000, 0.000000000000000000, 1.000000000000000000 ) ) ;
#8019 = ORIENTED_EDGE ( 'NONE', *, *, #1281, .F. ) ;
#8020 = CARTESIAN_POINT ( 'NONE',  ( 0.000000000000000000, 2.100000000000000089, -65.50000000000000000 ) ) ;
#8021 = ADVANCED_FACE ( 'NONE', ( #4294 ), #6843, .F. ) ;
#8022 = ORIENTED_EDGE ( 'NONE', *, *, #638, .F. ) ;
#8023 = DIRECTION ( 'NONE',  ( 0.000000000000000000, 1.000000000000000000, -0.000000000000000000 ) ) ;
#8024 = ORIENTED_EDGE ( 'NONE', *, *, #444, .T. ) ;
#8025 = DIRECTION ( 'NONE',  ( 0.000000000000000000, 0.000000000000000000, 1.000000000000000000 ) ) ;
#8026 = CARTESIAN_POINT ( 'NONE',  ( 1.131370849898212461, 2.100000000000000089, -1.131370849898225117 ) ) ;
#8027 = EDGE_CURVE ( 'NONE', #7894, #7849, #3668, .T. ) ;
#8028 = AXIS2_PLACEMENT_3D ( 'NONE', #3279, #168, #205 ) ;
#8029 = ORIENTED_EDGE ( 'NONE', *, *, #6863, .F. ) ;
#8030 = ORIENTED_EDGE ( 'NONE', *, *, #2235, .F. ) ;
#8031 = DIRECTION ( 'NONE',  ( -0.000000000000000000, -1.000000000000000000, -0.000000000000000000 ) ) ;
#8032 = LINE ( 'NONE', #4253, #665 ) ;
#8033 = VERTEX_POINT ( 'NONE', #1233 ) ;
#8034 = CARTESIAN_POINT ( 'NONE',  ( -25.50000000000000000, 2.100000000000000089, -50.50000000000000000 ) ) ;
#8035 = LINE ( 'NONE', #6931, #1738 ) ;
#8036 = EDGE_LOOP ( 'NONE', ( #7081, #3505, #1221, #32 ) ) ;
#8037 = FACE_BOUND ( 'NONE', #7928, .T. ) ;
#8038 = ORIENTED_EDGE ( 'NONE', *, *, #3521, .T. ) ;
#8039 = DIRECTION ( 'NONE',  ( -0.000000000000000000, -1.000000000000000000, 0.000000000000000000 ) ) ;
#8040 = ORIENTED_EDGE ( 'NONE', *, *, #5151, .F. ) ;
#8041 = EDGE_CURVE ( 'NONE', #5516, #3485, #35, .T. ) ;
#8042 = EDGE_CURVE ( 'NONE', #6369, #7210, #1713, .T. ) ;
#8043 = AXIS2_PLACEMENT_3D ( 'NONE', #4760, #7256, #6717 ) ;
#8044 = CARTESIAN_POINT ( 'NONE',  ( -55.50000000000000000, 2.100000000000000089, 55.50000000000000000 ) ) ;
#8045 = DIRECTION ( 'NONE',  ( 0.000000000000000000, 0.000000000000000000, 1.000000000000000000 ) ) ;
#8046 = CARTESIAN_POINT ( 'NONE',  ( -41.59476554272529114, 0.6999999999999999556, -30.98816382492704946 ) ) ;
#8047 = CARTESIAN_POINT ( 'NONE',  ( -25.60000000000000142, 0.6999999999999999556, 15.50000000000000000 ) ) ;
#8048 = CARTESIAN_POINT ( 'NONE',  ( -50.50000000000000000, 0.6999999999999999556, 25.50000000000000000 ) ) ;
#8049 = AXIS2_PLACEMENT_3D ( 'NONE', #7496, #27, #7454 ) ;
#8050 = ORIENTED_EDGE ( 'NONE', *, *, #57, .F. ) ;
#8051 = VERTEX_POINT ( 'NONE', #4996 ) ;
#8052 = EDGE_LOOP ( 'NONE', ( #1353, #232, #4016, #7579 ) ) ;
#8053 = DIRECTION ( 'NONE',  ( -0.000000000000000000, -1.000000000000000000, -0.000000000000000000 ) ) ;
#8054 = LINE ( 'NONE', #377, #1847 ) ;
#8055 = CIRCLE ( 'NONE', #5138, 3.500000000000000000 ) ;
#8056 = VERTEX_POINT ( 'NONE', #3136 ) ;
#8057 = FACE_BOUND ( 'NONE', #1794, .T. ) ;
#8058 = DIRECTION ( 'NONE',  ( -0.000000000000000000, -1.000000000000000000, -0.000000000000000000 ) ) ;
#8059 = EDGE_CURVE ( 'NONE', #2793, #3130, #2512, .T. ) ;
#8060 = ORIENTED_EDGE ( 'NONE', *, *, #2994, .T. ) ;
#8061 = DIRECTION ( 'NONE',  ( 0.000000000000000000, 0.000000000000000000, -1.000000000000000000 ) ) ;
#8062 = ORIENTED_EDGE ( 'NONE', *, *, #203, .F. ) ;
#8063 = AXIS2_PLACEMENT_3D ( 'NONE', #1390, #1887, #4458 ) ;
#8064 = FACE_OUTER_BOUND ( 'NONE', #7879, .T. ) ;
#8065 = ORIENTED_EDGE ( 'NONE', *, *, #7857, .T. ) ;
#8066 = VECTOR ( 'NONE', #4606, 1000.000000000000000 ) ;
#8067 = EDGE_CURVE ( 'NONE', #4116, #5942, #6352, .T. ) ;
#8068 = VECTOR ( 'NONE', #4713, 1000.000000000000000 ) ;
#8069 = CARTESIAN_POINT ( 'NONE',  ( 5.999999999999998224, 2.100000000000000089, 10.44999999999999929 ) ) ;
#8070 = CIRCLE ( 'NONE', #1185, 1.600000000000004086 ) ;
#8071 = VECTOR ( 'NONE', #4809, 1000.000000000000000 ) ;
#8072 = ORIENTED_EDGE ( 'NONE', *, *, #4434, .T. ) ;
#8073 = VECTOR ( 'NONE', #1389, 1000.000000000000000 ) ;
#8074 = ORIENTED_EDGE ( 'NONE', *, *, #5576, .T. ) ;
#8075 = CARTESIAN_POINT ( 'NONE',  ( -32.75593077789344676, 2.100000000000000089, -35.01867247769034464 ) ) ;
#8076 = CARTESIAN_POINT ( 'NONE',  ( 30.06892500938459989, 0.6999999999999999556, 27.80618330958759898 ) ) ;
#8077 = ORIENTED_EDGE ( 'NONE', *, *, #2203, .F. ) ;
#8078 = EDGE_CURVE ( 'NONE', #5796, #1584, #2056, .T. ) ;
#8079 = CARTESIAN_POINT ( 'NONE',  ( 0.000000000000000000, 2.100000000000000089, 0.000000000000000000 ) ) ;
#8080 = CIRCLE ( 'NONE', #3049, 1.600000000000004086 ) ;
#8081 = ORIENTED_EDGE ( 'NONE', *, *, #2272, .T. ) ;
#8082 = FACE_BOUND ( 'NONE', #2357, .T. ) ;
#8083 = AXIS2_PLACEMENT_3D ( 'NONE', #3643, #3603, #3071 ) ;
#8084 = DIRECTION ( 'NONE',  ( 0.000000000000000000, 0.000000000000000000, 1.000000000000000000 ) ) ;
#8085 = VECTOR ( 'NONE', #4550, 1000.000000000000000 ) ;
#8086 = EDGE_LOOP ( 'NONE', ( #7886, #6444, #734, #189 ) ) ;
#8087 = DIRECTION ( 'NONE',  ( -0.000000000000000000, -1.000000000000000000, -0.000000000000000000 ) ) ;
#8088 = ORIENTED_EDGE ( 'NONE', *, *, #3364, .T. ) ;
#8089 = AXIS2_PLACEMENT_3D ( 'NONE', #1331, #3083, #722 ) ;
#8090 = DIRECTION ( 'NONE',  ( 0.000000000000000000, 1.000000000000000000, -0.000000000000000000 ) ) ;
#8091 = EDGE_CURVE ( 'NONE', #964, #868, #7943, .T. ) ;
#8092 = LINE ( 'NONE', #6940, #1159 ) ;
#8093 = ORIENTED_EDGE ( 'NONE', *, *, #7205, .T. ) ;
#8094 = FACE_OUTER_BOUND ( 'NONE', #3499, .T. ) ;
#8095 = CIRCLE ( 'NONE', #4497, 1.600000000000004086 ) ;
#8096 = EDGE_LOOP ( 'NONE', ( #2017, #1316, #6719, #4037 ) ) ;
#8097 = EDGE_LOOP ( 'NONE', ( #5848, #5325, #7831, #7803 ) ) ;
#8098 = AXIS2_PLACEMENT_3D ( 'NONE', #437, #2282, #1035 ) ;
#8099 = ADVANCED_FACE ( 'NONE', ( #7208 ), #2639, .F. ) ;
#8100 = CARTESIAN_POINT ( 'NONE',  ( 19.50385078242113934, 0.6999999999999999556, -0.000000000000000000 ) ) ;
#8101 = DIRECTION ( 'NONE',  ( 0.000000000000000000, 0.000000000000000000, 1.000000000000000000 ) ) ;
#8102 = LINE ( 'NONE', #4274, #1305 ) ;
#8103 = VERTEX_POINT ( 'NONE', #5293 ) ;
#8104 = DIRECTION ( 'NONE',  ( 0.000000000000000000, 1.000000000000000000, -0.000000000000000000 ) ) ;
#8105 = ORIENTED_EDGE ( 'NONE', *, *, #7919, .T. ) ;
#8106 = FACE_OUTER_BOUND ( 'NONE', #211, .T. ) ;
#8107 = ORIENTED_EDGE ( 'NONE', *, *, #292, .F. ) ;
#8108 = CARTESIAN_POINT ( 'NONE',  ( -5.999999999999996447, 2.100000000000000089, 10.44999999999999929 ) ) ;
#8109 = CARTESIAN_POINT ( 'NONE',  ( -27.80618330958759898, 0.6999999999999999556, 30.06892500938459989 ) ) ;
#8110 = ORIENTED_EDGE ( 'NONE', *, *, #5594, .F. ) ;
#8111 = ADVANCED_FACE ( 'NONE', ( #6451 ), #7735, .F. ) ;
#8112 = AXIS2_PLACEMENT_3D ( 'NONE', #6268, #601, #4392 ) ;
#8113 = ADVANCED_FACE ( 'NONE', ( #7085 ), #7124, .F. ) ;
#8114 = ORIENTED_EDGE ( 'NONE', *, *, #7578, .F. ) ;
#8115 = DIRECTION ( 'NONE',  ( 0.000000000000000000, 1.000000000000000000, -0.000000000000000000 ) ) ;
#8116 = DIRECTION ( 'NONE',  ( 1.000000000000000000, -0.000000000000000000, 0.000000000000000000 ) ) ;
#8117 = ORIENTED_EDGE ( 'NONE', *, *, #5606, .T. ) ;
#8118 = FACE_OUTER_BOUND ( 'NONE', #1824, .T. ) ;
#8119 = VERTEX_POINT ( 'NONE', #2725 ) ;
#8120 = FACE_BOUND ( 'NONE', #3166, .T. ) ;
#8121 = EDGE_LOOP ( 'NONE', ( #4128, #6655, #789, #6724 ) ) ;
#8122 = CYLINDRICAL_SURFACE ( 'NONE', #3090, 1.600000000000035394 ) ;
#8123 = VERTEX_POINT ( 'NONE', #6535 ) ;
#8124 = AXIS2_PLACEMENT_3D ( 'NONE', #2200, #1570, #965 ) ;
#8125 = ADVANCED_FACE ( 'NONE', ( #1429 ), #2599, .F. ) ;
#8126 = CARTESIAN_POINT ( 'NONE',  ( 1.131370849898491571, 2.100000000000000089, 1.131370849898491127 ) ) ;
#8127 = AXIS2_PLACEMENT_3D ( 'NONE', #1557, #6080, #387 ) ;
#8128 = ORIENTED_EDGE ( 'NONE', *, *, #5784, .T. ) ;
#8129 = CARTESIAN_POINT ( 'NONE',  ( 25.50000000000000000, 0.6999999999999999556, 50.50000000000000000 ) ) ;
#8130 = CARTESIAN_POINT ( 'NONE',  ( 32.11953467482550195, 0.6999999999999999556, -44.32613639262380900 ) ) ;
#8131 = CYLINDRICAL_SURFACE ( 'NONE', #8112, 1.600000000000038947 ) ;
#8132 = ORIENTED_EDGE ( 'NONE', *, *, #3978, .F. ) ;
#8133 = DIRECTION ( 'NONE',  ( 0.000000000000000000, 0.000000000000000000, 1.000000000000000000 ) ) ;
#8134 = CIRCLE ( 'NONE', #6683, 3.500000000000000000 ) ;
#8135 = EDGE_LOOP ( 'NONE', ( #3383, #6572, #8144, #1943, #3965 ) ) ;
#8136 = EDGE_CURVE ( 'NONE', #6383, #4924, #7696, .T. ) ;
#8137 = ORIENTED_EDGE ( 'NONE', *, *, #2421, .F. ) ;
#8138 = CIRCLE ( 'NONE', #3236, 1.599999999999997202 ) ;
#8139 = CARTESIAN_POINT ( 'NONE',  ( 43.85750724252224586, 0.6999999999999999556, 33.25090552472404681 ) ) ;
#8140 = CYLINDRICAL_SURFACE ( 'NONE', #1407, 1.000000000000000888 ) ;
#8141 = VECTOR ( 'NONE', #4119, 1000.000000000000000 ) ;
#8142 = FACE_OUTER_BOUND ( 'NONE', #3594, .T. ) ;
#8143 = CYLINDRICAL_SURFACE ( 'NONE', #412, 1.599999999999983435 ) ;
#8144 = ORIENTED_EDGE ( 'NONE', *, *, #2959, .F. ) ;
#8145 = DIRECTION ( 'NONE',  ( -0.000000000000000000, -1.000000000000000000, -0.000000000000000000 ) ) ;
#8146 = AXIS2_PLACEMENT_3D ( 'NONE', #7966, #2204, #7186 ) ;
#8147 = EDGE_CURVE ( 'NONE', #138, #26, #3564, .T. ) ;
#8148 = DIRECTION ( 'NONE',  ( 0.000000000000000000, 1.000000000000000000, -0.000000000000000000 ) ) ;
#8149 = EDGE_LOOP ( 'NONE', ( #5480, #2408, #2975, #5387 ) ) ;
#8150 = DIRECTION ( 'NONE',  ( -0.000000000000000000, -1.000000000000000000, -0.000000000000000000 ) ) ;
#8151 = ORIENTED_EDGE ( 'NONE', *, *, #7723, .F. ) ;
#8152 = ORIENTED_EDGE ( 'NONE', *, *, #1875, .F. ) ;
#8153 = ORIENTED_EDGE ( 'NONE', *, *, #4508, .T. ) ;
#8154 = LINE ( 'NONE', #1196, #2647 ) ;
#8155 = DIRECTION ( 'NONE',  ( -0.000000000000000000, -1.000000000000000000, -0.000000000000000000 ) ) ;
#8156 = ORIENTED_EDGE ( 'NONE', *, *, #76, .T. ) ;
#8157 = CARTESIAN_POINT ( 'NONE',  ( 47.30000000000000426, 2.100000000000000089, 25.50000000000000000 ) ) ;
#8158 = LINE ( 'NONE', #6254, #2539 ) ;
#8159 = VERTEX_POINT ( 'NONE', #4499 ) ;
#8160 = CARTESIAN_POINT ( 'NONE',  ( 0.000000000000000000, 2.100000000000000089, 0.000000000000000000 ) ) ;
#8161 = ORIENTED_EDGE ( 'NONE', *, *, #4744, .F. ) ;
#8162 = EDGE_CURVE ( 'NONE', #314, #3798, #870, .T. ) ;
#8163 = DIRECTION ( 'NONE',  ( -0.000000000000000000, -1.000000000000000000, 0.000000000000000000 ) ) ;
#8164 = EDGE_LOOP ( 'NONE', ( #7752, #5134 ) ) ;
#8165 = EDGE_CURVE ( 'NONE', #1540, #6641, #2117, .T. ) ;
#8166 = VECTOR ( 'NONE', #5647, 1000.000000000000000 ) ;
#8167 = CARTESIAN_POINT ( 'NONE',  ( 33.88730162779190636, 2.100000000000000089, -35.48730162779194330 ) ) ;
#8168 = ORIENTED_EDGE ( 'NONE', *, *, #8136, .F. ) ;
#8169 = CARTESIAN_POINT ( 'NONE',  ( -36.46446609406732620, 0.6999999999999999556, 54.06446609406730630 ) ) ;
#8170 = CARTESIAN_POINT ( 'NONE',  ( -22.62741699796950101, 2.100000000000000089, 24.22741699796949888 ) ) ;
#8171 = LINE ( 'NONE', #3031, #1755 ) ;
#8172 = CARTESIAN_POINT ( 'NONE',  ( 48.89999999999999858, 2.100000000000000089, -25.50000000000000000 ) ) ;
#8173 = EDGE_CURVE ( 'NONE', #8103, #1056, #3172, .T. ) ;
ENDSEC;
END-ISO-10303-21;
